crash_date,crash_time,latitude,longitude,on_street_name,zip_code,precinct,collision_type,roadway_type,geocode_dist_feet,time_is_known,borough,location,source,injury,fatality,injured_pedestrian,injured_cyclist,injured_ebike_rider,injured_motorcyclist,injured_moped_rider,injured_car_occupant,injured_suv_occupant,number_of_persons_injured,number_of_persons_killed,contributing_factor_vehicle_1,collision_id,cross_street_name,off_street_name,vehicle_type_code1
2026-07-17,00:00,40.68362,-73.9157032,DECATUR ST,11233,73,UNKNOWN,Street,46.97066111418695,False,BROOKLYN,"(40.68362, -73.9157032)",trafficstat,False,False,False,False,False,False,False,False,False,,,,,,,
2026-07-16,00:00,40.6565461,-73.9054499,OSBORN ST,11212,73,UNKNOWN,Street,0.05295133080840296,False,BROOKLYN,"(40.6565461, -73.9054499)",trafficstat,True,False,False,False,False,False,False,False,False,,,,,,,
2026-07-16,00:00,40.6622626,-73.919194,TAPSCOTT ST,11212,73,UNKNOWN,Street,113.9104871304377,False,BROOKLYN,"(40.6622626, -73.919194)",trafficstat,True,False,False,False,False,False,False,False,True,,,,,,,
2026-07-15,00:00,40.6670962,-73.9227518,RALPH AVE,11212,73,UNKNOWN,Street,0.074213356796841,False,BROOKLYN,"(40.6670962, -73.9227518)",trafficstat,True,False,False,True,False,False,False,False,False,,,,,,,
2026-07-15,00:00,40.6682866,-73.9192844,GRAFTON ST,11212,73,UNKNOWN,Street,38.549332919713144,False,BROOKLYN,"(40.6682866, -73.9192844)",trafficstat,False,False,False,False,False,False,False,False,False,,,,,,,
2026-07-15,00:00,40.6652137,-73.9224817,SUTTER AVE,11212,73,UNKNOWN,Street,43.022716038121885,False,BROOKLYN,"(40.6652137, -73.9224817)",trafficstat,False,False,False,False,False,False,False,False,False,,,,,,,
2026-07-15,00:00,40.6832885,-73.9162158,DECATUR ST,11233,73,UNKNOWN,Street,51.43913168567026,False,BROOKLYN,"(40.6832885, -73.9162158)",trafficstat,False,False,False,False,False,False,False,False,False,,,,,,,
2026-07-14,00:00,40.6755444,-73.9110037,ROCKAWAY AVE,11233,73,UNKNOWN,Street,0.19258595016199,False,BROOKLYN,"(40.6755444, -73.9110037)",trafficstat,True,False,False,True,False,False,False,False,False,,,,,,,
2026-07-14,00:00,40.6707997,-73.9212304,STERLING PL,11233,73,OTHER,Street,56.28757800422704,False,BROOKLYN,"(40.6707997, -73.9212304)",trafficstat,True,False,True,False,False,False,False,False,False,,,,,,,
2026-07-14,00:00,40.662277,-73.910774,BRISTOL ST,11212,73,UNKNOWN,Street,0.006197758796160846,False,BROOKLYN,"(40.662277, -73.910774)",trafficstat,False,False,False,False,False,False,False,False,False,,,,,,,
2026-07-13,00:00,40.6682382,-73.9171079,SARATOGA AVE,11212,73,UNKNOWN,Street,20.72259138220707,False,BROOKLYN,"(40.6682382, -73.9171079)",trafficstat,False,False,False,False,False,False,False,False,False,,,,,,,
2026-07-13,00:00,40.6721019,-73.9116214,PROSPECT PL,11233,73,UNKNOWN,Street,42.839270439444526,False,BROOKLYN,"(40.6721019, -73.9116214)",trafficstat,False,False,False,False,False,False,False,False,False,,,,,,,
2026-07-13,00:00,40.6799303,-73.911324,ROCKAWAY AVE,11233,73,UNKNOWN,Street,43.93974502234514,False,BROOKLYN,"(40.6799303, -73.911324)",trafficstat,False,False,False,False,False,False,False,False,False,,,,,,,
2026-07-13,00:00,40.6803237,-73.9156121,SUMPTER ST,11233,73,UNKNOWN,Street,64.67016800651814,False,BROOKLYN,"(40.6803237, -73.9156121)",trafficstat,False,False,False,False,False,False,False,False,False,,,,,,,
2026-07-12,00:00,40.6805059,-73.9062812,BROADWAY,11207,73,UNKNOWN,Street,2.1255177863030523,False,BROOKLYN,"(40.6805059, -73.9062812)",trafficstat,False,False,False,False,False,False,False,False,False,,,,,,,
2026-07-12,00:00,40.6706587,-73.9042006,POWELL ST,11212,73,OTHER,Street,0.2061473046684479,False,BROOKLYN,"(40.6706587, -73.9042006)",trafficstat,True,False,True,False,False,False,False,False,False,,,,,,,
2026-06-18,00:00,40.6706587,-73.9042006,POWELL ST,11212,73,UNKNOWN,Street,0.2061473046684479,False,BROOKLYN,"(40.6706587, -73.9042006)",trafficstat,False,False,False,False,False,False,False,False,False,,,,,,,
2026-07-12,00:00,40.6739213,-73.9081033,BERGEN ST,11233,73,UNKNOWN,Street,38.6021042086762,False,BROOKLYN,"(40.6739213, -73.9081033)",trafficstat,False,False,False,False,False,False,False,False,False,,,,,,,
2026-07-12,00:00,40.6736699,-73.9038805,JUNIUS ST,11212,73,UNKNOWN,Street,33.82629587531379,False,BROOKLYN,"(40.6736699, -73.9038805)",trafficstat,False,False,False,False,False,False,False,False,False,,,,,,,
2026-07-11,00:00,40.6683762,-73.9201152,PITKIN AVE,11233,73,UNKNOWN,Street,2.5668451787611537,False,BROOKLYN,"(40.6683762, -73.9201152)",trafficstat,False,False,False,False,False,False,False,False,False,,,,,,,
2026-07-11,00:00,40.6594769,-73.9081309,ROCKAWAY AVE,11212,73,OTHER,Street,0.5751156257748452,False,BROOKLYN,"(40.6594769, -73.9081309)",trafficstat,True,False,False,False,False,False,False,True,False,,,,,,,
2026-06-15,00:00,40.6594769,-73.9081309,ROCKAWAY AVE,11212,73,UNKNOWN,Street,0.5751156257748452,False,BROOKLYN,"(40.6594769, -73.9081309)",trafficstat,False,False,False,False,False,False,False,False,False,,,,,,,
2026-07-10,00:00,40.6610143,-73.9085253,ROCKAWAY AVE,11212,73,OTHER,Street,0.7084033170326732,False,BROOKLYN,"(40.6610143, -73.9085253)",trafficstat,False,False,False,False,False,False,False,False,False,,,,,,,
2026-06-21,00:00,40.6610143,-73.9085253,ROCKAWAY AVE,11212,73,UNKNOWN,Street,0.7084033170326732,False,BROOKLYN,"(40.6610143, -73.9085253)",trafficstat,True,False,False,False,False,False,False,False,False,,,,,,,
2026-07-10,00:00,40.6541788,-73.9107115,E  98 ST,11236,73,UNKNOWN,Street,0.5299163578281327,False,BROOKLYN,"(40.6541788, -73.9107115)",trafficstat,False,False,False,False,False,False,False,False,False,,,,,,,
2026-06-29,00:00,40.6541788,-73.9107115,E  98 ST,11236,73,UNKNOWN,Street,0.5299163578281327,False,BROOKLYN,"(40.6541788, -73.9107115)",trafficstat,False,False,False,False,False,False,False,False,False,,,,,,,
2026-06-22,00:00,40.6541788,-73.9107115,E  98 ST,11236,73,UNKNOWN,Street,0.5299163578281327,False,BROOKLYN,"(40.6541788, -73.9107115)",trafficstat,True,False,False,False,False,False,False,False,False,,,,,,,
2026-07-10,00:00,40.6699598,-73.9088843,OSBORN ST,11212,73,UNKNOWN,Street,0.5236418845820281,False,BROOKLYN,"(40.6699598, -73.9088843)",trafficstat,True,False,False,False,False,False,False,False,False,,,,,,,
2026-07-09,00:00,40.6678919,-73.9059226,SUTTER AVE,11212,73,UNKNOWN,Street,39.31037510662057,False,BROOKLYN,"(40.6678919, -73.9059226)",trafficstat,True,False,True,False,False,False,False,False,False,,,,,,,
2026-07-08,00:00,40.6627173,-73.9110527,BRISTOL ST,11212,73,UNKNOWN,Street,45.3606004416214,False,BROOKLYN,"(40.6627173, -73.9110527)",trafficstat,False,False,False,False,False,False,False,False,False,,,,,,,
2026-07-08,00:00,40.6814512,-73.91283,MARION ST,11233,73,UNKNOWN,Street,42.962637943362935,False,BROOKLYN,"(40.6814512, -73.91283)",trafficstat,True,False,False,False,False,False,False,True,False,,,,,,,
2026-07-07,00:00,40.6664675,-73.9147863,HERZL ST,11212,73,UNKNOWN,Street,0.4764315681398132,False,BROOKLYN,"(40.6664675, -73.9147863)",trafficstat,True,False,True,False,False,False,False,False,False,,,,,,,
2026-07-06,00:00,40.6653475,-73.9223213,RALPH AVE,11212,73,UNKNOWN,Street,0.46911332808398254,False,BROOKLYN,"(40.6653475, -73.9223213)",trafficstat,True,False,False,False,False,False,False,True,False,,,,,,,
2026-07-06,00:00,40.6726054,-73.9103744,E  NEW YORK AVE,11212,73,OTHER,Street,36.2346138991321,False,BROOKLYN,"(40.6726054, -73.9103744)",trafficstat,True,False,True,False,False,False,False,False,False,,,,,,,
2026-07-06,00:00,40.675207,-73.9043888,JUNIUS ST,11212,73,UNKNOWN,Street,0.43410671822170044,False,BROOKLYN,"(40.675207, -73.9043888)",trafficstat,False,False,False,False,False,False,False,False,False,,,,,,,
2026-06-26,00:00,40.675207,-73.9043888,JUNIUS ST,11212,73,UNKNOWN,Street,0.43410671822170044,False,BROOKLYN,"(40.675207, -73.9043888)",trafficstat,False,False,False,False,False,False,False,False,False,,,,,,,
2026-07-05,00:00,40.6730317,-73.9063981,LIBERTY AVE,11212,73,OTHER,Street,32.5886329428601,False,BROOKLYN,"(40.6730317, -73.9063981)",trafficstat,True,False,False,True,False,False,False,False,False,,,,,,,
2026-07-05,00:00,40.6697492,-73.920455,ST JOHNS PL,11233,73,UNKNOWN,Street,97.16204377739759,False,BROOKLYN,"(40.6697492, -73.920455)",trafficstat,False,False,False,False,False,False,False,False,False,,,,,,,
2026-07-05,00:00,40.6761903,-73.9194422,HOWARD AVE,11233,73,UNKNOWN,Street,40.30761935584008,False,BROOKLYN,"(40.6761903, -73.9194422)",trafficstat,False,False,False,False,False,False,False,False,False,,,,,,,
2026-07-05,00:00,40.6772559,-73.9060154,SACKMAN ST,11233,73,UNKNOWN,Street,0.8432105814115984,False,BROOKLYN,"(40.6772559, -73.9060154)",trafficstat,False,False,False,False,False,False,False,False,False,,,,,,,
2026-07-05,00:00,40.659414,-73.9095092,NEWPORT ST,11212,73,UNKNOWN,Street,47.31560921172896,False,BROOKLYN,"(40.659414, -73.9095092)",trafficstat,False,False,False,False,False,False,False,False,False,,,,,,,
2026-07-05,00:00,40.6536055,-73.908695,BRISTOL ST,11236,73,UNKNOWN,Street,39.59413221639672,False,BROOKLYN,"(40.6536055, -73.908695)",trafficstat,False,False,False,False,False,False,False,False,False,,,,,,,
2026-07-04,00:00,40.6557024,-73.9110842,AMBOY ST,11212,73,UNKNOWN,Street,0.48126950283623016,False,BROOKLYN,"(40.6557024, -73.9110842)",trafficstat,True,False,False,True,False,False,False,False,False,,,,,,,
2026-07-04,00:00,40.667902,-73.9110546,CHESTER ST,11212,73,UNKNOWN,Street,50.82724395990815,False,BROOKLYN,"(40.667902, -73.9110546)",trafficstat,True,False,True,False,False,False,False,False,False,,,,,,,
2026-07-04,00:00,40.6683724,-73.9226314,RALPH AVE,11233,73,UNKNOWN,Street,0.7834412224521503,False,BROOKLYN,"(40.6683724, -73.9226314)",trafficstat,False,False,False,False,False,False,False,False,False,,,,,,,
2026-07-03,00:00,40.666,-73.9021791,JUNIUS ST,11212,73,UNKNOWN,Street,37.51021195696211,False,BROOKLYN,"(40.666, -73.9021791)",trafficstat,False,False,False,False,False,False,False,False,False,,,,,,,
2026-07-03,00:00,40.6557202,-73.9069904,ROCKAWAY AVE,11212,73,UNKNOWN,Street,48.889079124826935,False,BROOKLYN,"(40.6557202, -73.9069904)",trafficstat,False,False,False,False,False,False,False,False,False,,,,,,,
2026-07-02,00:00,40.662295,-73.9099033,CHESTER ST,11212,73,UNKNOWN,Street,21.18181462694692,False,BROOKLYN,"(40.662295, -73.9099033)",trafficstat,False,False,False,False,False,False,False,False,False,,,,,,,
2026-07-02,00:00,40.6614321,-73.9164327,LEGION ST,11212,73,OTHER,Street,0.27130186157521646,False,BROOKLYN,"(40.6614321, -73.9164327)",trafficstat,False,False,False,False,False,False,False,False,False,,,,,,,
2026-07-02,00:00,40.6708442,-73.9137374,E  NEW YORK AVE,11212,73,UNKNOWN,Street,60.8053761554477,False,BROOKLYN,"(40.6708442, -73.9137374)",trafficstat,False,False,False,False,False,False,False,False,False,,,,,,,
2026-07-02,00:00,40.671877,-73.9141305,THOMAS S BOYLAND ST,11233,73,UNKNOWN,Street,0.5196777731382262,False,BROOKLYN,"(40.671877, -73.9141305)",trafficstat,True,False,False,False,False,True,False,False,False,,,,,,,
2026-07-01,00:00,40.670241,-73.9069986,MOTHER GASTON BLVD,11212,73,UNKNOWN,Street,0.2849603049700861,False,BROOKLYN,"(40.670241, -73.9069986)",trafficstat,True,False,False,False,False,False,False,False,False,,,,,,,
2026-06-27,00:00,40.670241,-73.9069986,MOTHER GASTON BLVD,11212,73,UNKNOWN,Street,0.2849603049700861,False,BROOKLYN,"(40.670241, -73.9069986)",trafficstat,True,False,False,False,False,False,False,False,False,,,,,,,
2026-06-30,00:00,40.6747375,-73.9054751,E  NEW YORK AVE,11212,73,OTHER,Street,33.55548746571128,False,BROOKLYN,"(40.6747375, -73.9054751)",trafficstat,True,False,False,False,False,False,False,False,True,,,,,,,
2026-06-30,00:00,40.6524887,-73.9088882,E  98 ST,11236,73,UNKNOWN,Street,19.268742810949533,False,BROOKLYN,"(40.6524887, -73.9088882)",trafficstat,False,False,False,False,False,False,False,False,False,,,,,,,
2026-06-29,00:00,40.66074,-73.91038,BRISTOL ST,11212,73,OTHER,Street,0.42463238052893587,False,BROOKLYN,"(40.66074, -73.91038)",trafficstat,True,False,True,False,False,False,False,False,False,,,,,,,
2026-06-29,00:00,40.672718,-73.903641,JUNIUS ST,11212,73,UNKNOWN,Street,33.34774853126187,False,BROOKLYN,"(40.672718, -73.903641)",trafficstat,True,False,False,False,False,False,False,True,False,,,,,,,
2026-06-29,00:00,40.6814096,-73.9141759,THOMAS S BOYLAND ST,11233,73,UNKNOWN,Street,0.419660359879511,False,BROOKLYN,"(40.6814096, -73.9141759)",trafficstat,True,False,False,True,False,False,False,False,False,,,,,,,
2026-06-28,00:00,40.6578018,-73.9008244,POWELL ST,11212,73,UNKNOWN,Street,20.727481573325697,False,BROOKLYN,"(40.6578018, -73.9008244)",trafficstat,False,False,False,False,False,False,False,False,False,,,,,,,
2026-06-27,00:00,40.65474,-73.90692,ROCKAWAY AVE,11236,73,OTHER,Street,0.7485258651680785,False,BROOKLYN,"(40.65474, -73.90692)",trafficstat,False,False,False,False,False,False,False,False,False,,,,,,,
2026-06-27,00:00,40.669262,-73.91355,THOMAS S BOYLAND ST,11212,73,UNKNOWN,Street,1.023555414602309,False,BROOKLYN,"(40.669262, -73.91355)",trafficstat,False,False,False,False,False,False,False,False,False,,,,,,,
2026-06-26,00:00,40.6696806,-73.9099241,THATFORD AVE,11212,73,UNKNOWN,Street,43.215790534985715,False,BROOKLYN,"(40.6696806, -73.9099241)",trafficstat,False,False,False,False,False,False,False,False,False,,,,,,,
2026-06-26,00:00,40.6735536,-73.9080491,E  NEW YORK AVE,11212,73,UNKNOWN,Street,18.12068088577262,False,BROOKLYN,"(40.6735536, -73.9080491)",trafficstat,True,False,False,False,True,False,False,False,False,,,,,,,
2026-06-26,00:00,40.6771496,-73.9066314,HERKIMER ST,11233,73,UNKNOWN,Street,54.29497148254117,False,BROOKLYN,"(40.6771496, -73.9066314)",trafficstat,False,False,False,False,False,False,False,False,False,,,,,,,
2026-06-26,00:00,40.6558526,-73.9101218,THOMAS S BOYLAND ST,11212,73,UNKNOWN,Street,0.05215519844593728,False,BROOKLYN,"(40.6558526, -73.9101218)",trafficstat,True,False,False,False,False,False,False,False,True,,,,,,,
2026-06-26,00:00,40.6593895,-73.9077124,NEWPORT ST,11212,73,OTHER,Street,57.13153060654613,False,BROOKLYN,"(40.6593895, -73.9077124)",trafficstat,False,False,False,False,False,False,False,False,False,,,,,,,
2026-06-26,00:00,40.6647788,-73.9063879,DUMONT AVE,11212,73,OTHER,Street,83.24188422167899,False,BROOKLYN,"(40.6647788, -73.9063879)",trafficstat,False,False,False,False,False,False,False,False,False,,,,,,,
2026-06-25,00:00,40.6573723,-73.8990405,AVE D,11207,73,UNKNOWN,Street,0.09061808364945387,False,BROOKLYN,"(40.6573723, -73.8990405)",trafficstat,True,False,True,False,False,False,False,False,False,,,,,,,
2026-06-25,00:00,40.655004,-73.91074,AMBOY ST,11212,73,UNKNOWN,Street,45.446209520436526,False,BROOKLYN,"(40.655004, -73.91074)",trafficstat,False,False,False,False,False,False,False,False,False,,,,,,,
2026-06-25,00:00,40.6766937,-73.9173942,LOUIS PL,11233,73,UNKNOWN,Street,0.9216918767412289,False,BROOKLYN,"(40.6766937, -73.9173942)",trafficstat,True,False,False,False,False,False,False,True,True,,,,,,,
2026-06-25,00:00,40.6699234,-73.9082737,PITKIN AVE,11212,73,UNKNOWN,Street,49.05084174145253,False,BROOKLYN,"(40.6699234, -73.9082737)",trafficstat,False,False,False,False,False,False,False,False,False,,,,,,,
2026-06-24,00:00,40.6599002,-73.9160381,LEGION ST,11212,73,UNKNOWN,Street,0.33170919491204975,False,BROOKLYN,"(40.6599002, -73.9160381)",trafficstat,False,False,False,False,False,False,False,False,False,,,,,,,
2026-06-24,00:00,40.6607018,-73.9085204,ROCKAWAY AVE,11212,73,OTHER,Street,21.17787993345794,False,BROOKLYN,"(40.6607018, -73.9085204)",trafficstat,True,False,False,False,False,True,False,False,False,,,,,,,
2026-06-24,00:00,40.6617773,-73.9153622,SARATOGA AVE,11212,73,UNKNOWN,Street,45.41658578080323,False,BROOKLYN,"(40.6617773, -73.9153622)",trafficstat,True,False,False,False,False,False,False,True,False,,,,,,,
2026-06-24,00:00,40.6667375,-73.9022309,JUNIUS ST,11212,73,UNKNOWN,Street,0.1125668108350514,False,BROOKLYN,"(40.6667375, -73.9022309)",trafficstat,False,False,False,False,False,False,False,False,False,,,,,,,
2026-06-23,00:00,40.6638133,-73.9111671,BRISTOL ST,11212,73,UNKNOWN,Street,0.5117709672558022,False,BROOKLYN,"(40.6638133, -73.9111671)",trafficstat,False,False,False,False,False,False,False,False,False,,,,,,,
2026-06-22,00:00,40.6638133,-73.9111671,BRISTOL ST,11212,73,UNKNOWN,Street,0.5117709672558022,False,BROOKLYN,"(40.6638133, -73.9111671)",trafficstat,True,False,False,False,False,False,False,True,False,,,,,,,
2026-06-23,00:00,40.6555604,-73.9119963,HEGEMAN AVE,11212,73,UNKNOWN,Street,3.3890830523818756,False,BROOKLYN,"(40.6555604, -73.9119963)",trafficstat,False,False,False,False,False,False,False,False,False,,,,,,,
2026-06-23,00:00,40.675375,-73.9059932,PACIFIC ST,11233,73,UNKNOWN,Street,33.705003320873054,False,BROOKLYN,"(40.675375, -73.9059932)",trafficstat,False,False,False,False,False,False,False,False,False,,,,,,,
2026-06-22,00:00,40.6576324,-73.9136217,STRAUSS ST,11212,73,UNKNOWN,Street,39.585076349806734,False,BROOKLYN,"(40.6576324, -73.9136217)",trafficstat,False,False,False,False,False,False,False,False,False,,,,,,,
2026-06-21,00:00,40.656269,-73.9025549,CHRISTOPHER AVE,11212,73,UNKNOWN,Street,34.52107153463233,False,BROOKLYN,"(40.656269, -73.9025549)",trafficstat,False,False,False,False,False,False,False,False,False,,,,,,,
2026-06-21,00:00,40.671608,-73.91695,SARATOGA AVE,11233,73,OTHER,Street,1.6363935892344048,False,BROOKLYN,"(40.671608, -73.91695)",trafficstat,True,False,True,False,False,False,False,False,False,,,,,,,
2026-06-21,00:00,40.67619,-73.90809,ATLANTIC AVE,11233,73,OTHER,Street,19.589956488081924,False,BROOKLYN,"(40.67619, -73.90809)",trafficstat,False,False,False,False,False,False,False,False,False,,,,,,,
2026-06-20,00:00,40.6847662,-73.9175573,SARATOGA AVE,11233,73,UNKNOWN,Street,0.0597403529916404,False,BROOKLYN,"(40.6847662, -73.9175573)",trafficstat,False,False,False,False,False,False,False,False,False,,,,,,,
2026-06-20,00:00,40.6650667,-73.9134724,AMBOY ST,11212,73,UNKNOWN,Street,0.44217143415593396,False,BROOKLYN,"(40.6650667, -73.9134724)",trafficstat,True,False,False,True,False,False,False,False,False,,,,,,,
2026-06-19,00:00,40.666933,-73.9102108,ROCKAWAY AVE,11212,73,UNKNOWN,Street,48.391629555652734,False,BROOKLYN,"(40.666933, -73.9102108)",trafficstat,False,False,False,False,False,False,False,False,False,,,,,,,
2026-06-19,00:00,40.6682391,-73.9020692,SUTTER AVE,11212,73,UNKNOWN,Street,44.15288541644044,False,BROOKLYN,"(40.6682391, -73.9020692)",trafficstat,False,False,False,False,False,False,False,False,False,,,,,,,
2026-06-19,00:00,40.6692754,-73.9225438,RALPH AVE,11233,73,UNKNOWN,Street,0.7290256745743456,False,BROOKLYN,"(40.6692754, -73.9225438)",trafficstat,True,False,False,False,False,True,False,False,False,,,,,,,
2026-06-19,00:00,40.679739,-73.9082062,HULL ST,11233,73,UNKNOWN,Street,41.28551142454967,False,BROOKLYN,"(40.679739, -73.9082062)",trafficstat,False,False,False,False,False,False,False,False,False,,,,,,,
2026-06-19,00:00,40.6852279,-73.9145387,BROADWAY,11207,73,OTHER,Street,2.7187988871204385,False,BROOKLYN,"(40.6852279, -73.9145387)",trafficstat,False,False,False,False,False,False,False,False,False,,,,,,,
2026-06-19,00:00,40.6736833,-73.9221313,RALPH AVE,11233,73,UNKNOWN,Street,0.6433890442116563,False,BROOKLYN,"(40.6736833, -73.9221313)",trafficstat,True,False,False,False,False,False,False,False,True,,,,,,,
2026-06-18,00:00,40.6788841,-73.9085076,SOMERS ST,11233,73,UNKNOWN,Street,67.23132131123553,False,BROOKLYN,"(40.6788841, -73.9085076)",trafficstat,False,False,False,False,False,False,False,False,False,,,,,,,
2026-06-18,00:00,40.6765016,-73.9082777,EASTERN PKWY,11233,73,UNKNOWN,Street,34.479236462533294,False,BROOKLYN,"(40.6765016, -73.9082777)",trafficstat,False,False,False,False,False,False,False,False,False,,,,,,,
2026-06-18,00:00,40.6656265,-73.9096977,ROCKAWAY AVE,11212,73,UNKNOWN,Street,0.05575498776849553,False,BROOKLYN,"(40.6656265, -73.9096977)",trafficstat,True,False,False,False,False,False,True,False,False,,,,,,,
2026-06-18,00:00,40.6533795,-73.9065716,ROCKAWAY AVE,11236,73,UNKNOWN,Street,0.3679067965489075,False,BROOKLYN,"(40.6533795, -73.9065716)",trafficstat,False,False,False,False,False,False,False,False,False,,,,,,,
2026-06-17,00:00,40.680872,-73.9080344,MAC DOUGAL ST,11233,73,UNKNOWN,Street,89.38067692960176,False,BROOKLYN,"(40.680872, -73.9080344)",trafficstat,False,False,False,False,False,False,False,False,False,,,,,,,
2026-06-16,00:00,40.6828559,-73.9158618,BAINBRIDGE ST,11233,73,UNKNOWN,Street,48.27951845843141,False,BROOKLYN,"(40.6828559, -73.9158618)",trafficstat,False,False,False,False,False,False,False,False,False,,,,,,,
2026-06-16,00:00,40.6761314,-73.9219013,RALPH AVE,11233,73,UNKNOWN,Street,0.4638102463926977,False,BROOKLYN,"(40.6761314, -73.9219013)",trafficstat,False,False,False,False,False,False,False,False,False,,,,,,,
2026-06-16,00:00,40.6699763,-73.919879,HOWARD AVE,11233,73,UNKNOWN,Street,0.3660493329606413,False,BROOKLYN,"(40.6699763, -73.919879)",trafficstat,False,False,False,False,False,False,False,False,False,,,,,,,
2026-06-16,00:00,40.6616876,-73.9016776,POWELL ST,11212,73,UNKNOWN,Street,59.195459590599135,False,BROOKLYN,"(40.6616876, -73.9016776)",trafficstat,False,False,False,False,False,False,False,False,False,,,,,,,
2026-06-16,00:00,40.6600945,-73.9049137,NEWPORT ST,11212,73,UNKNOWN,Street,46.517856832197424,False,BROOKLYN,"(40.6600945, -73.9049137)",trafficstat,True,False,False,False,False,False,False,False,True,,,,,,,
2026-06-15,00:00,40.6696372,-73.9119133,PITKIN AVE,11212,73,UNKNOWN,Street,42.762824424949976,False,BROOKLYN,"(40.6696372, -73.9119133)",trafficstat,True,False,False,False,False,False,False,False,False,,,,,,,
2026-06-15,00:00,40.6760121,-73.9059085,ATLANTIC AVE,11233,73,UNKNOWN,Bridge,10.898649550774195,False,BROOKLYN,"(40.6760121, -73.9059085)",trafficstat,False,False,False,False,False,False,False,False,False,,,,,,,
2026-06-14,00:00,40.676495,-73.9137,THOMAS S BOYLAND ST,11233,73,UNKNOWN,Street,0.4939376391619451,False,BROOKLYN,"(40.676495, -73.9137)",trafficstat,False,False,False,False,False,False,False,False,False,,,,,,,
2026-06-13,00:00,40.6571374,-73.9036434,MOTHER GASTON BLVD,11212,73,UNKNOWN,Street,0.22912788675741436,False,BROOKLYN,"(40.6571374, -73.9036434)",trafficstat,True,False,False,False,False,False,False,False,True,,,,,,,
2026-06-13,00:00,40.6604546,-73.9122926,AMBOY ST,11212,73,UNKNOWN,Street,0.2940954903707538,False,BROOKLYN,"(40.6604546, -73.9122926)",trafficstat,False,False,False,False,False,False,False,False,False,,,,,,,
2026-06-12,00:00,40.6557511,-73.9033697,MOTHER GASTON BLVD,11212,73,UNKNOWN,Street,21.174896410832677,False,BROOKLYN,"(40.6557511, -73.9033697)",trafficstat,True,False,False,False,False,False,False,False,True,,,,,,,
2026-06-12,00:00,40.6737257,-73.9107103,EASTERN PKWY,11233,73,UNKNOWN,Street,46.97833090716789,False,BROOKLYN,"(40.6737257, -73.9107103)",trafficstat,True,False,False,False,False,False,False,True,False,,,,,,,
2026-09-13,00:00,40.657962,-73.8935815,ALABAMA AVE,11207,75,UNKNOWN,Street,40.74513712964296,False,BROOKLYN,"(40.657962, -73.8935815)",trafficstat,False,False,False,False,False,False,False,False,False,,,,,,,
2026-09-13,00:00,40.668526,-73.89017,MILLER AVE,11207,75,UNKNOWN,Street,1.4216913869454453,False,BROOKLYN,"(40.668526, -73.89017)",trafficstat,True,False,True,False,False,False,False,False,False,,,,,,,
2026-09-13,00:00,40.6742088,-73.862074,DREW ST,11208,75,OTHER,Street,0.07250908918378983,False,BROOKLYN,"(40.6742088, -73.862074)",trafficstat,True,False,False,False,False,False,False,False,False,,,,,,,
2026-09-12,00:00,40.6907088,-73.870128,NICHOLS AVE,11208,75,UNKNOWN,Street,0.016607554460856693,False,BROOKLYN,"(40.6907088, -73.870128)",trafficstat,True,False,False,False,False,False,True,False,False,,,,,,,
2026-09-12,00:00,40.651706,-73.865782,ERSKINE ST,11239,75,UNKNOWN,Bridge,1.3172434417839594,False,BROOKLYN,"(40.651706, -73.865782)",trafficstat,False,False,False,False,False,False,False,False,False,,,,,,,
2026-08-30,00:00,40.651706,-73.865782,ERSKINE ST,11239,75,OTHER,Bridge,1.3172434417839594,False,BROOKLYN,"(40.651706, -73.865782)",trafficstat,True,False,True,False,False,False,False,False,False,,,,,,,
2026-07-27,00:00,40.651706,-73.865782,ERSKINE ST,11239,75,UNKNOWN,Bridge,1.3172434417839594,False,BROOKLYN,"(40.651706, -73.865782)",trafficstat,False,False,False,False,False,False,False,False,False,,,,,,,
2026-07-18,00:00,40.651706,-73.865782,ERSKINE ST,11239,75,OTHER,Bridge,1.3172434417839594,False,BROOKLYN,"(40.651706, -73.865782)",trafficstat,False,False,False,False,False,False,False,False,False,,,,,,,
2026-09-11,00:00,40.6520399,-73.8879487,FLATLANDS AVE,11207,75,UNKNOWN,Street,19.64991463158489,False,BROOKLYN,"(40.6520399, -73.8879487)",trafficstat,True,False,False,True,False,False,False,False,False,,,,,,,
2026-09-11,00:00,40.6486689,-73.8842948,CROTON LOOP,11239,75,UNKNOWN,Street,73.1504139898255,False,BROOKLYN,"(40.6486689, -73.8842948)",trafficstat,True,False,False,False,False,True,False,False,False,,,,,,,
2026-09-11,00:00,40.6580703,-73.8697987,ERSKINE ST,11239,75,UNKNOWN,Street,1.5879032566505962,False,BROOKLYN,"(40.6580703, -73.8697987)",trafficstat,False,False,False,False,False,False,False,False,False,,,,,,,
2026-09-11,00:00,40.6682544,-73.892002,WYONA ST,11207,75,OTHER,Street,0.48566880914789423,False,BROOKLYN,"(40.6682544, -73.892002)",trafficstat,True,False,False,False,False,False,False,False,False,,,,,,,
2026-09-11,00:00,40.6711266,-73.8906462,MILLER AVE,11207,75,UNKNOWN,Street,49.67900120868359,False,BROOKLYN,"(40.6711266, -73.8906462)",trafficstat,False,False,False,False,False,False,False,False,False,,,,,,,