crash_date,crash_time,latitude,longitude,on_street_name,zip_code,precinct,collision_type,roadway_type,geocode_dist_feet,time_is_known,borough,location,source,injury,fatality,injured_pedestrian,injured_cyclist,injured_ebike_rider,injured_motorcyclist,injured_moped_rider,injured_car_occupant,injured_suv_occupant,number_of_persons_injured,number_of_persons_killed,contributing_factor_vehicle_1,collision_id,cross_street_name,off_street_name,vehicle_type_code1
2026-09-11,00:00,40.6662969,-73.8944383,PENNSYLVANIA AVE,11207,75,UNKNOWN,Street,0.020558147956109826,False,BROOKLYN,"(40.6662969, -73.8944383)",trafficstat,True,False,False,False,False,False,False,True,False,,,,,,,
2026-09-11,00:00,40.6825566,-73.8881895,WARWICK ST,11207,75,UNKNOWN,Street,0.1968580459352902,False,BROOKLYN,"(40.6825566, -73.8881895)",trafficstat,False,False,False,False,False,False,False,False,False,,,,,,,
2026-09-11,00:00,40.6735012,-73.8850286,ASHFORD ST,11207,75,OTHER,Street,0.4573587799779898,False,BROOKLYN,"(40.6735012, -73.8850286)",trafficstat,True,False,False,False,False,False,False,False,True,,,,,,,
2026-09-10,00:00,40.6650264,-73.8705673,STANLEY AVE,11208,75,UNKNOWN,Street,13.060553971269576,False,BROOKLYN,"(40.6650264, -73.8705673)",trafficstat,True,False,False,False,False,False,False,True,False,,,,,,,
2026-09-08,00:00,40.6650264,-73.8705673,STANLEY AVE,11208,75,OTHER,Street,13.060553971269576,False,BROOKLYN,"(40.6650264, -73.8705673)",trafficstat,False,False,False,False,False,False,False,False,False,,,,,,,
2026-09-10,00:00,40.6594274,-73.883741,STANLEY AVE,11207,75,UNKNOWN,Street,2.4168412224769225,False,BROOKLYN,"(40.6594274, -73.883741)",trafficstat,False,False,False,False,False,False,False,False,False,,,,,,,
2026-09-10,00:00,40.6526402,-73.8697849,,,75,UNKNOWN,,504.39187780011986,False,BROOKLYN,"(40.6526402, -73.8697849)",trafficstat,False,False,False,False,False,False,False,False,False,,,,,,,
2026-09-06,00:00,40.6526402,-73.8697849,,,75,UNKNOWN,,504.39187780011986,False,BROOKLYN,"(40.6526402, -73.8697849)",trafficstat,True,False,False,False,False,True,False,False,False,,,,,,,
2026-08-29,00:00,40.6526402,-73.8697849,,,75,UNKNOWN,,504.39187780011986,False,BROOKLYN,"(40.6526402, -73.8697849)",trafficstat,True,False,False,False,False,False,False,False,True,,,,,,,
2026-07-27,00:00,40.6526402,-73.8697849,,,75,OTHER,,504.39187780011986,False,BROOKLYN,"(40.6526402, -73.8697849)",trafficstat,True,False,True,False,False,False,False,False,False,,,,,,,
2026-07-06,00:00,40.6526402,-73.8697849,,,75,OTHER,,504.39187780011986,False,BROOKLYN,"(40.6526402, -73.8697849)",trafficstat,False,False,False,False,False,False,False,False,False,,,,,,,
2026-09-10,00:00,40.6554233,-73.8682625,ERSKINE ST,11239,75,UNKNOWN,Street,141.3367179759041,False,BROOKLYN,"(40.6554233, -73.8682625)",trafficstat,True,False,True,False,False,False,False,False,False,,,,,,,
2026-09-10,00:00,40.65414,-73.887314,COZINE AVE,11207,75,OTHER,Street,2.5475660943535994,False,BROOKLYN,"(40.65414, -73.887314)",trafficstat,False,False,False,False,False,False,False,False,False,,,,,,,
2026-09-09,00:00,40.6541338,-73.8646383,SEAVIEW AVE,11239,75,UNKNOWN,Street,3.1484132263440103,False,BROOKLYN,"(40.6541338, -73.8646383)",trafficstat,True,False,False,False,False,True,False,False,False,,,,,,,
2026-09-09,00:00,40.6513388,-73.8895896,FLATLANDS AVE,11207,75,UNKNOWN,Street,18.756588580677775,False,BROOKLYN,"(40.6513388, -73.8895896)",trafficstat,False,False,False,False,False,False,False,False,False,,,,,,,
2026-09-09,00:00,40.6532827,-73.8685198,,,75,UNKNOWN,,369.8989758066257,False,BROOKLYN,"(40.6532827, -73.8685198)",trafficstat,True,False,False,True,False,False,False,False,False,,,,,,,
2026-07-29,00:00,40.6532827,-73.8685198,,,75,UNKNOWN,,369.8989758066257,False,BROOKLYN,"(40.6532827, -73.8685198)",trafficstat,True,False,False,False,False,False,False,True,False,,,,,,,
2026-09-09,00:00,40.6592762,-73.8889962,VERMONT ST,11207,75,OTHER,Street,1.4395784884449327,False,BROOKLYN,"(40.6592762, -73.8889962)",trafficstat,True,False,True,False,False,False,False,False,False,,,,,,,
2026-07-24,00:00,40.6592762,-73.8889962,VERMONT ST,11207,75,UNKNOWN,Street,1.4395784884449327,False,BROOKLYN,"(40.6592762, -73.8889962)",trafficstat,False,False,False,False,False,False,False,False,False,,,,,,,
2026-06-13,00:00,40.6592762,-73.8889962,VERMONT ST,11207,75,UNKNOWN,Street,1.4395784884449327,False,BROOKLYN,"(40.6592762, -73.8889962)",trafficstat,True,False,True,False,False,False,False,False,False,,,,,,,
2026-09-09,00:00,40.6692272,-73.8961964,SHEFFIELD AVE,11207,75,UNKNOWN,Street,0.1455655057021968,False,BROOKLYN,"(40.6692272, -73.8961964)",trafficstat,False,False,False,False,False,False,False,False,False,,,,,,,
2026-09-09,00:00,40.6693878,-73.8654568,LINCOLN AVE,11208,75,OTHER,Street,50.37968172973623,False,BROOKLYN,"(40.6693878, -73.8654568)",trafficstat,False,False,False,False,False,False,False,False,False,,,,,,,
2026-09-09,00:00,40.6683044,-73.892754,BLAKE AVE,11207,75,UNKNOWN,Street,55.13006539300686,False,BROOKLYN,"(40.6683044, -73.892754)",trafficstat,False,False,False,False,False,False,False,False,False,,,,,,,
2026-09-09,00:00,40.6726093,-73.8999115,WILLIAMS AVE,11207,75,OTHER,Street,0.2396948369118418,False,BROOKLYN,"(40.6726093, -73.8999115)",trafficstat,True,False,True,False,False,False,False,False,False,,,,,,,
2026-09-09,00:00,40.6723897,-73.874623,FOUNTAIN AVE,11208,75,UNKNOWN,Street,0.2917577708891078,False,BROOKLYN,"(40.6723897, -73.874623)",trafficstat,True,False,False,True,False,False,False,False,False,,,,,,,
2026-07-02,00:00,40.6723897,-73.874623,FOUNTAIN AVE,11208,75,UNKNOWN,Street,0.2917577708891078,False,BROOKLYN,"(40.6723897, -73.874623)",trafficstat,False,False,False,False,False,False,False,False,False,,,,,,,
2026-09-09,00:00,40.6757165,-73.9006109,ATLANTIC AVE,11207,75,UNKNOWN,Street,3.697115796986299,False,BROOKLYN,"(40.6757165, -73.9006109)",trafficstat,False,False,False,False,False,False,False,False,False,,,,,,,
2026-09-09,00:00,40.6777936,-73.8954714,VERMONT ST,11207,75,UNKNOWN,Street,21.17824516657718,False,BROOKLYN,"(40.6777936, -73.8954714)",trafficstat,False,False,False,False,False,False,False,False,False,,,,,,,
2026-09-09,00:00,40.6781106,-73.8976175,JAMAICA AVE,11207,75,UNKNOWN,Street,3.134306765142354,False,BROOKLYN,"(40.6781106, -73.8976175)",trafficstat,True,False,False,False,False,False,False,True,False,,,,,,,
2026-09-08,00:00,40.6722193,-73.8919416,BRADFORD ST,11207,75,UNKNOWN,Street,33.28371255931666,False,BROOKLYN,"(40.6722193, -73.8919416)",trafficstat,False,False,False,False,False,False,False,False,False,,,,,,,
2026-09-08,00:00,40.6671559,-73.8944022,PENNSYLVANIA AVE,11207,75,UNKNOWN,Street,69.53692290965799,False,BROOKLYN,"(40.6671559, -73.8944022)",trafficstat,False,False,False,False,False,False,False,False,False,,,,,,,
2026-09-08,00:00,40.6650349,-73.8921334,VERMONT ST,11207,75,UNKNOWN,Street,0.4172030610941027,False,BROOKLYN,"(40.6650349, -73.8921334)",trafficstat,True,False,False,False,False,False,False,True,False,,,,,,,
2026-09-08,00:00,40.6585778,-73.8906229,PENNSYLVANIA AVE,11207,75,UNKNOWN,Street,0.48301987320325857,False,BROOKLYN,"(40.6585778, -73.8906229)",trafficstat,False,False,False,False,False,False,False,False,False,,,,,,,
2026-08-29,00:00,40.6585778,-73.8906229,PENNSYLVANIA AVE,11207,75,OTHER,Street,0.48301987320325857,False,BROOKLYN,"(40.6585778, -73.8906229)",trafficstat,True,False,False,False,False,False,False,False,True,,,,,,,
2026-08-22,00:00,40.6585778,-73.8906229,PENNSYLVANIA AVE,11207,75,UNKNOWN,Street,0.48301987320325857,False,BROOKLYN,"(40.6585778, -73.8906229)",trafficstat,True,False,False,False,False,False,False,False,False,,,,,,,
2026-08-06,00:00,40.6585778,-73.8906229,PENNSYLVANIA AVE,11207,75,OTHER,Street,0.48301987320325857,False,BROOKLYN,"(40.6585778, -73.8906229)",trafficstat,True,False,False,False,False,False,False,False,True,,,,,,,
2026-07-25,00:00,40.6585778,-73.8906229,PENNSYLVANIA AVE,11207,75,UNKNOWN,Street,0.48301987320325857,False,BROOKLYN,"(40.6585778, -73.8906229)",trafficstat,True,False,False,False,False,False,False,False,True,,,,,,,
2026-07-10,00:00,40.6585778,-73.8906229,PENNSYLVANIA AVE,11207,75,UNKNOWN,Street,0.48301987320325857,False,BROOKLYN,"(40.6585778, -73.8906229)",trafficstat,True,False,False,False,False,False,False,False,True,,,,,,,
2026-06-18,00:00,40.6585778,-73.8906229,PENNSYLVANIA AVE,11207,75,UNKNOWN,Street,0.48301987320325857,False,BROOKLYN,"(40.6585778, -73.8906229)",trafficstat,True,False,False,False,False,False,False,True,False,,,,,,,
2026-06-16,00:00,40.6585778,-73.8906229,PENNSYLVANIA AVE,11207,75,OTHER,Street,0.48301987320325857,False,BROOKLYN,"(40.6585778, -73.8906229)",trafficstat,False,False,False,False,False,False,False,False,False,,,,,,,
2026-09-07,00:00,40.6575333,-73.8979663,SNEDIKER AVE,11207,75,UNKNOWN,Street,0.23981089688630464,False,BROOKLYN,"(40.6575333, -73.8979663)",trafficstat,False,False,False,False,False,False,False,False,False,,,,,,,
2026-09-07,00:00,40.6511553,-73.8727153,,,75,UNKNOWN,,679.2287713253414,False,BROOKLYN,"(40.6511553, -73.8727153)",trafficstat,False,False,False,False,False,False,False,False,False,,,,,,,
2026-09-07,00:00,40.6526109,-73.8838273,ARDSLEY LOOP,11239,75,UNKNOWN,Street,80.04302806795454,False,BROOKLYN,"(40.6526109, -73.8838273)",trafficstat,False,False,False,False,False,False,False,False,False,,,,,,,
2026-09-07,00:00,40.6674542,-73.8816126,ELTON ST,11208,75,UNKNOWN,Street,52.218657655181076,False,BROOKLYN,"(40.6674542, -73.8816126)",trafficstat,False,False,False,False,False,False,False,False,False,,,,,,,
2026-09-07,00:00,40.669937,-73.900185,HINSDALE ST,11207,75,UNKNOWN,Street,0.6344737592637042,False,BROOKLYN,"(40.669937, -73.900185)",trafficstat,False,False,False,False,False,False,False,False,False,,,,,,,
2026-09-07,00:00,40.6728468,-73.889417,HENDRIX ST,11207,75,OTHER,Street,0.09463980500193094,False,BROOKLYN,"(40.6728468, -73.889417)",trafficstat,False,False,False,False,False,False,False,False,False,,,,,,,
2026-09-07,00:00,40.682405,-73.8740982,EUCLID AVE,11208,75,UNKNOWN,Street,46.72849505480935,False,BROOKLYN,"(40.682405, -73.8740982)",trafficstat,False,False,False,False,False,False,False,False,False,,,,,,,
2026-09-07,00:00,40.6757357,-73.8968533,PENNSYLVANIA AVE,11207,75,UNKNOWN,Street,0.6378638981825915,False,BROOKLYN,"(40.6757357, -73.8968533)",trafficstat,False,False,False,False,False,False,False,False,False,,,,,,,
2026-08-26,00:00,40.6757357,-73.8968533,PENNSYLVANIA AVE,11207,75,UNKNOWN,Street,0.6378638981825915,False,BROOKLYN,"(40.6757357, -73.8968533)",trafficstat,True,False,False,False,False,False,False,True,False,,,,,,,
2026-07-12,00:00,40.6757357,-73.8968533,PENNSYLVANIA AVE,11207,75,UNKNOWN,Street,0.6378638981825915,False,BROOKLYN,"(40.6757357, -73.8968533)",trafficstat,False,False,False,False,False,False,False,False,False,,,,,,,
2026-07-07,00:00,40.6757357,-73.8968533,PENNSYLVANIA AVE,11207,75,UNKNOWN,Street,0.6378638981825915,False,BROOKLYN,"(40.6757357, -73.8968533)",trafficstat,True,False,False,False,False,False,False,True,False,,,,,,,
2026-07-04,00:00,40.6757357,-73.8968533,PENNSYLVANIA AVE,11207,75,UNKNOWN,Street,0.6378638981825915,False,BROOKLYN,"(40.6757357, -73.8968533)",trafficstat,True,False,False,False,False,False,False,False,True,,,,,,,
2026-07-03,00:00,40.6757357,-73.8968533,PENNSYLVANIA AVE,11207,75,UNKNOWN,Street,0.6378638981825915,False,BROOKLYN,"(40.6757357, -73.8968533)",trafficstat,False,False,False,False,False,False,False,False,False,,,,,,,
2026-06-22,00:00,40.6757357,-73.8968533,PENNSYLVANIA AVE,11207,75,UNKNOWN,Street,0.6378638981825915,False,BROOKLYN,"(40.6757357, -73.8968533)",trafficstat,True,False,True,False,False,False,False,False,False,,,,,,,
2026-09-07,00:00,40.6767691,-73.8894826,SCHENCK AVE,11207,75,OTHER,Street,0.383181421638751,False,BROOKLYN,"(40.6767691, -73.8894826)",trafficstat,True,False,False,False,False,False,False,False,False,,,,,,,
2026-09-07,00:00,40.6768006,-73.8809536,LIBERTY AVE,11208,75,UNKNOWN,Street,32.119684017554455,False,BROOKLYN,"(40.6768006, -73.8809536)",trafficstat,False,False,False,False,False,False,False,False,False,,,,,,,
2026-09-07,00:00,40.6789472,-73.8651576,ELDERT LN,11208,75,UNKNOWN,Street,0.08073452035896547,False,BROOKLYN,"(40.6789472, -73.8651576)",trafficstat,False,False,False,False,False,False,False,False,False,,,,,,,
2026-09-07,00:00,40.6859805,-73.8803718,NORWOOD AVE,11208,75,OTHER,Street,47.73948875916042,False,BROOKLYN,"(40.6859805, -73.8803718)",trafficstat,False,False,False,False,False,False,False,False,False,,,,,,,
2026-09-07,00:00,40.6892996,-73.874054,CRESCENT ST,11208,75,OTHER,Street,0.2984824640037054,False,BROOKLYN,"(40.6892996, -73.874054)",trafficstat,True,False,False,False,False,False,False,False,True,,,,,,,
2026-09-06,00:00,40.6762392,-73.8661004,CONDUIT BLVD,11208,75,UNKNOWN,Street,2.6194052574843973,False,BROOKLYN,"(40.6762392, -73.8661004)",trafficstat,True,False,False,False,False,False,False,False,True,,,,,,,
2026-07-05,00:00,40.6762392,-73.8661004,CONDUIT BLVD,11208,75,UNKNOWN,Street,2.6194052574843973,False,BROOKLYN,"(40.6762392, -73.8661004)",trafficstat,False,False,False,False,False,False,False,False,False,,,,,,,
2026-06-22,00:00,40.6762392,-73.8661004,CONDUIT BLVD,11208,75,UNKNOWN,Street,2.6194052574843973,False,BROOKLYN,"(40.6762392, -73.8661004)",trafficstat,True,False,True,False,False,False,False,False,False,,,,,,,
2026-09-06,00:00,40.6774293,-73.9005618,BROADWAY,11207,75,UNKNOWN,Street,70.54064562940674,False,BROOKLYN,"(40.6774293, -73.9005618)",trafficstat,True,False,False,True,False,False,False,False,False,,,,,,,
2026-09-06,00:00,40.6647513,-73.8940407,PENNSYLVANIA AVE,11207,75,OTHER,Street,0.16610420878381033,False,BROOKLYN,"(40.6647513, -73.8940407)",trafficstat,False,False,False,False,False,False,False,False,False,,,,,,,
2026-06-29,00:00,40.6647513,-73.8940407,PENNSYLVANIA AVE,11207,75,UNKNOWN,Street,0.16610420878381033,False,BROOKLYN,"(40.6647513, -73.8940407)",trafficstat,True,False,False,False,False,False,False,False,True,,,,,,,
2026-06-13,00:00,40.6647513,-73.8940407,PENNSYLVANIA AVE,11207,75,OTHER,Street,0.16610420878381033,False,BROOKLYN,"(40.6647513, -73.8940407)",trafficstat,True,False,False,False,False,False,False,True,False,,,,,,,
2026-09-06,00:00,40.6554959,-73.8883177,WORTMAN AVE,11207,75,UNKNOWN,Street,2.6342068368881972,False,BROOKLYN,"(40.6554959, -73.8883177)",trafficstat,False,False,False,False,False,False,False,False,False,,,,,,,
2026-08-19,00:00,40.6554959,-73.8883177,WORTMAN AVE,11207,75,UNKNOWN,Street,2.6342068368881972,False,BROOKLYN,"(40.6554959, -73.8883177)",trafficstat,False,False,False,False,False,False,False,False,False,,,,,,,
2026-07-17,00:00,40.6554959,-73.8883177,WORTMAN AVE,11207,75,OTHER,Street,2.6342068368881972,False,BROOKLYN,"(40.6554959, -73.8883177)",trafficstat,True,True,True,False,False,False,False,False,False,,,,,,,
2026-07-04,00:00,40.6554959,-73.8883177,WORTMAN AVE,11207,75,UNKNOWN,Street,2.6342068368881972,False,BROOKLYN,"(40.6554959, -73.8883177)",trafficstat,False,False,False,False,False,False,False,False,False,,,,,,,
2026-09-06,00:00,40.6583571,-73.8850917,STANLEY AVE,11207,75,UNKNOWN,Street,156.61593834406148,False,BROOKLYN,"(40.6583571, -73.8850917)",trafficstat,False,False,False,False,False,False,False,False,False,,,,,,,
2026-09-05,00:00,40.6604525,-73.8671809,FOUNTAIN AVE,11208,75,UNKNOWN,Street,0.2950103767694462,False,BROOKLYN,"(40.6604525, -73.8671809)",trafficstat,True,False,False,False,False,False,False,True,False,,,,,,,
2026-09-05,00:00,40.6425477,-73.8765146,BELT PKWY,11234,75,OTHER,Highway,1.3007051955223383,False,BROOKLYN,"(40.6425477, -73.8765146)",trafficstat,True,False,False,False,False,False,False,True,False,,,,,,,
2026-08-22,00:00,40.6425477,-73.8765146,BELT PKWY,11234,75,UNKNOWN,Highway,1.3007051955223383,False,BROOKLYN,"(40.6425477, -73.8765146)",trafficstat,True,False,False,False,False,False,False,True,False,,,,,,,
2026-08-16,00:00,40.6425477,-73.8765146,BELT PKWY,11234,75,OTHER,Highway,1.3007051955223383,False,BROOKLYN,"(40.6425477, -73.8765146)",trafficstat,False,False,False,False,False,False,False,False,False,,,,,,,
2026-07-24,00:00,40.6425477,-73.8765146,BELT PKWY,11234,75,UNKNOWN,Highway,1.3007051955223383,False,BROOKLYN,"(40.6425477, -73.8765146)",trafficstat,False,False,False,False,False,False,False,False,False,,,,,,,
2026-06-20,00:00,40.6425477,-73.8765146,BELT PKWY,11234,75,UNKNOWN,Highway,1.3007051955223383,False,BROOKLYN,"(40.6425477, -73.8765146)",trafficstat,False,False,False,False,False,False,False,False,False,,,,,,,
2026-06-16,00:00,40.6425477,-73.8765146,BELT PKWY,11234,75,UNKNOWN,Highway,1.3007051955223383,False,BROOKLYN,"(40.6425477, -73.8765146)",trafficstat,True,False,False,False,False,False,False,True,False,,,,,,,
2026-09-05,00:00,40.670628,-73.89554,PENNSYLVANIA AVE,11207,75,UNKNOWN,Street,0.853967399244698,False,BROOKLYN,"(40.670628, -73.89554)",trafficstat,True,False,False,False,False,False,False,True,False,,,,,,,
2026-09-05,00:00,40.6778353,-73.8850861,ATLANTIC AVE,11208,75,OTHER,Street,20.76093004207834,False,BROOKLYN,"(40.6778353, -73.8850861)",trafficstat,True,False,False,False,False,False,False,True,True,,,,,,,
2026-09-05,00:00,40.6746358,-73.8635276,CONDUIT BLVD,11208,75,OTHER,Street,54.57709538293829,False,BROOKLYN,"(40.6746358, -73.8635276)",trafficstat,True,False,True,False,False,False,False,False,False,,,,,,,
2026-09-05,00:00,40.68415,-73.884796,LINWOOD ST,11208,75,UNKNOWN,Street,0.2629861745746349,False,BROOKLYN,"(40.68415, -73.884796)",trafficstat,True,False,False,False,False,False,True,False,False,,,,,,,
2026-09-05,00:00,40.6857803,-73.8813116,HALE AVE,11208,75,OTHER,Street,0.17075812382328562,False,BROOKLYN,"(40.6857803, -73.8813116)",trafficstat,False,False,False,False,False,False,False,False,False,,,,,,,
2026-09-04,00:00,40.674397,-73.89651,PENNSYLVANIA AVE,11207,75,UNKNOWN,Street,0.29413686741538203,False,BROOKLYN,"(40.674397, -73.89651)",trafficstat,False,False,False,False,False,False,False,False,False,,,,,,,
2026-09-02,00:00,40.674397,-73.89651,PENNSYLVANIA AVE,11207,75,UNKNOWN,Street,0.29413686741538203,False,BROOKLYN,"(40.674397, -73.89651)",trafficstat,True,False,False,False,False,False,False,False,True,,,,,,,
2026-06-21,00:00,40.674397,-73.89651,PENNSYLVANIA AVE,11207,75,UNKNOWN,Street,0.29413686741538203,False,BROOKLYN,"(40.674397, -73.89651)",trafficstat,True,False,False,False,False,False,False,True,False,,,,,,,
2026-09-04,00:00,40.6776301,-73.894388,WYONA ST,11207,75,OTHER,Street,0.006995909467346545,False,BROOKLYN,"(40.6776301, -73.894388)",trafficstat,False,False,False,False,False,False,False,False,False,,,,,,,
2026-09-04,00:00,40.6713407,-73.8819394,LINWOOD ST,11208,75,UNKNOWN,Street,0.27393028972911615,False,BROOKLYN,"(40.6713407, -73.8819394)",trafficstat,False,False,False,False,False,False,False,False,False,,,,,,,
2026-06-16,00:00,40.6713407,-73.8819394,LINWOOD ST,11208,75,UNKNOWN,Street,0.27393028972911615,False,BROOKLYN,"(40.6713407, -73.8819394)",trafficstat,False,False,False,False,False,False,False,False,False,,,,,,,
2026-09-04,00:00,40.6693311,-73.8737961,FOUNTAIN AVE,11208,75,UNKNOWN,Street,1.2848175843862024,False,BROOKLYN,"(40.6693311, -73.8737961)",trafficstat,True,False,False,False,False,False,False,False,False,,,,,,,
2026-06-22,00:00,40.6693311,-73.8737961,FOUNTAIN AVE,11208,75,UNKNOWN,Street,1.2848175843862024,False,BROOKLYN,"(40.6693311, -73.8737961)",trafficstat,True,False,True,False,False,False,False,False,False,,,,,,,
2026-09-04,00:00,40.6440099,-73.8758309,BELT PKWY,11234,75,UNKNOWN,Highway,1.110210584763667,False,BROOKLYN,"(40.6440099, -73.8758309)",trafficstat,True,False,False,False,False,False,False,True,False,,,,,,,
2026-07-20,00:00,40.6440099,-73.8758309,BELT PKWY,11234,75,UNKNOWN,Highway,1.110210584763667,False,BROOKLYN,"(40.6440099, -73.8758309)",trafficstat,True,False,False,False,False,False,False,False,True,,,,,,,
2026-07-16,00:00,40.6440099,-73.8758309,BELT PKWY,11234,75,UNKNOWN,Highway,1.110210584763667,False,BROOKLYN,"(40.6440099, -73.8758309)",trafficstat,True,False,False,False,False,False,False,True,True,,,,,,,
2026-09-03,00:00,40.6527149,-73.8905965,MALTA ST,11207,75,UNKNOWN,Street,0.743129396973746,False,BROOKLYN,"(40.6527149, -73.8905965)",trafficstat,False,False,False,False,False,False,False,False,False,,,,,,,
2026-09-03,00:00,40.6552017,-73.8935477,LOUISIANA AVE,11207,75,OTHER,Street,1.5566901156131137,False,BROOKLYN,"(40.6552017, -73.8935477)",trafficstat,True,False,False,False,False,False,False,False,True,,,,,,,
2026-09-03,00:00,40.6668225,-73.8816554,ELTON ST,11208,75,UNKNOWN,Street,0.982651077682549,False,BROOKLYN,"(40.6668225, -73.8816554)",trafficstat,False,False,False,False,False,False,False,False,False,,,,,,,
2026-09-03,00:00,40.6728581,-73.871302,EUCLID AVE,11208,75,UNKNOWN,Street,0.07170714148217039,False,BROOKLYN,"(40.6728581, -73.871302)",trafficstat,True,False,False,False,False,False,False,False,False,,,,,,,
2026-09-03,00:00,40.6824673,-73.8759243,FULTON ST,11208,75,UNKNOWN,Street,44.107484890830925,False,BROOKLYN,"(40.6824673, -73.8759243)",trafficstat,True,False,False,True,False,False,False,False,False,,,,,,,
2026-09-03,00:00,40.680139,-73.9022116,CONWAY ST,11207,75,UNKNOWN,Street,207.77392008826146,False,BROOKLYN,"(40.680139, -73.9022116)",trafficstat,False,False,False,False,False,False,False,False,False,,,,,,,
2026-09-02,00:00,40.6785927,-73.8965352,NEW JERSEY AVE,11207,75,OTHER,Street,0.1291062302990834,False,BROOKLYN,"(40.6785927, -73.8965352)",trafficstat,False,False,False,False,False,False,False,False,False,,,,,,,
2026-09-02,00:00,40.6694585,-73.86283,ELDERT LN,11208,75,UNKNOWN,Street,0.5428160162931136,False,BROOKLYN,"(40.6694585, -73.86283)",trafficstat,False,False,False,False,False,False,False,False,False,,,,,,,
2026-08-05,00:00,40.6694585,-73.86283,ELDERT LN,11208,75,UNKNOWN,Street,0.5428160162931136,False,BROOKLYN,"(40.6694585, -73.86283)",trafficstat,False,False,False,False,False,False,False,False,False,,,,,,,
2026-07-30,00:00,40.6694585,-73.86283,ELDERT LN,11208,75,UNKNOWN,Street,0.5428160162931136,False,BROOKLYN,"(40.6694585, -73.86283)",trafficstat,False,False,False,False,False,False,False,False,False,,,,,,,
2026-09-02,00:00,40.6718921,-73.8958679,PENNSYLVANIA AVE,11207,75,UNKNOWN,Street,0.4581016349438631,False,BROOKLYN,"(40.6718921, -73.8958679)",trafficstat,True,False,False,False,False,False,False,True,False,,,,,,,
2026-07-30,00:00,40.6718921,-73.8958679,PENNSYLVANIA AVE,11207,75,UNKNOWN,Street,0.4581016349438631,False,BROOKLYN,"(40.6718921, -73.8958679)",trafficstat,True,False,False,False,False,False,False,True,False,,,,,,,
2026-07-27,00:00,40.6718921,-73.8958679,PENNSYLVANIA AVE,11207,75,UNKNOWN,Street,0.4581016349438631,False,BROOKLYN,"(40.6718921, -73.8958679)",trafficstat,True,False,False,False,False,False,False,True,False,,,,,,,
2026-07-12,00:00,40.6718921,-73.8958679,PENNSYLVANIA AVE,11207,75,UNKNOWN,Street,0.4581016349438631,False,BROOKLYN,"(40.6718921, -73.8958679)",trafficstat,False,False,False,False,False,False,False,False,False,,,,,,,
2026-09-01,00:00,40.6727235,-73.8813926,ESSEX ST,11208,75,UNKNOWN,Street,0.5359275850430437,False,BROOKLYN,"(40.6727235, -73.8813926)",trafficstat,True,False,False,False,False,False,False,True,False,,,,,,,
2026-07-16,00:00,40.6727235,-73.8813926,ESSEX ST,11208,75,OTHER,Street,0.5359275850430437,False,BROOKLYN,"(40.6727235, -73.8813926)",trafficstat,False,False,False,False,False,False,False,False,False,,,,,,,
2026-09-01,00:00,40.6654922,-73.884595,NEW LOTS AVE,11207,75,UNKNOWN,Street,23.697035063069546,False,BROOKLYN,"(40.6654922, -73.884595)",trafficstat,False,False,False,False,False,False,False,False,False,,,,,,,
2026-09-01,00:00,40.6594136,-73.8707909,ERSKINE ST,11208,75,OTHER,Street,1.1997639512413705,False,BROOKLYN,"(40.6594136, -73.8707909)",trafficstat,False,False,False,False,False,False,False,False,False,,,,,,,
2026-09-01,00:00,40.6853613,-73.882203,HIGHLAND PL,11208,75,UNKNOWN,Street,0.23297655341249573,False,BROOKLYN,"(40.6853613, -73.882203)",trafficstat,False,False,False,False,False,False,False,False,False,,,,,,,
2026-06-24,00:00,40.6853613,-73.882203,HIGHLAND PL,11208,75,OTHER,Street,0.23297655341249573,False,BROOKLYN,"(40.6853613, -73.882203)",trafficstat,False,False,False,False,False,False,False,False,False,,,,,,,
2026-06-20,00:00,40.6853613,-73.882203,HIGHLAND PL,11208,75,UNKNOWN,Street,0.23297655341249573,False,BROOKLYN,"(40.6853613, -73.882203)",trafficstat,True,False,False,False,False,False,False,True,False,,,,,,,
2026-09-01,00:00,40.6800149,-73.8774281,LOGAN ST,11208,75,UNKNOWN,Street,0.5427488414856777,False,BROOKLYN,"(40.6800149, -73.8774281)",trafficstat,False,False,False,False,False,False,False,False,False,,,,,,,
2026-08-17,00:00,40.6800149,-73.8774281,LOGAN ST,11208,75,UNKNOWN,Street,0.5427488414856777,False,BROOKLYN,"(40.6800149, -73.8774281)",trafficstat,False,False,False,False,False,False,False,False,False,,,,,,,
2026-08-04,00:00,40.6800149,-73.8774281,LOGAN ST,11208,75,OTHER,Street,0.5427488414856777,False,BROOKLYN,"(40.6800149, -73.8774281)",trafficstat,True,False,False,True,False,False,False,False,False,,,,,,,
2026-07-15,00:00,40.6800149,-73.8774281,LOGAN ST,11208,75,UNKNOWN,Street,0.5427488414856777,False,BROOKLYN,"(40.6800149, -73.8774281)",trafficstat,False,False,False,False,False,False,False,False,False,,,,,,,
2026-09-01,00:00,40.6885631,-73.8757068,EUCLID AVE,11208,75,UNKNOWN,Street,1.2569723129898667,False,BROOKLYN,"(40.6885631, -73.8757068)",trafficstat,True,False,False,False,False,True,False,False,False,,,,,,,
2026-08-18,00:00,40.6885631,-73.8757068,EUCLID AVE,11208,75,UNKNOWN,Street,1.2569723129898667,False,BROOKLYN,"(40.6885631, -73.8757068)",trafficstat,True,True,False,False,True,False,False,False,False,,,,,,,
2026-08-31,00:00,40.6781626,-73.8974768,PENNSYLVANIA AVE,11207,75,UNKNOWN,Street,0.6150393264196372,False,BROOKLYN,"(40.6781626, -73.8974768)",trafficstat,False,False,False,False,False,False,False,False,False,,,,,,,