crash_date,crash_time,latitude,longitude,on_street_name,zip_code,precinct,collision_type,roadway_type,geocode_dist_feet,time_is_known,borough,location,source,injury,fatality,injured_pedestrian,injured_cyclist,injured_ebike_rider,injured_motorcyclist,injured_moped_rider,injured_car_occupant,injured_suv_occupant,number_of_persons_injured,number_of_persons_killed,contributing_factor_vehicle_1,collision_id,cross_street_name,off_street_name,vehicle_type_code1
2026-08-26,00:00,40.6781626,-73.8974768,PENNSYLVANIA AVE,11207,75,UNKNOWN,Street,0.6150393264196372,False,BROOKLYN,"(40.6781626, -73.8974768)",trafficstat,False,False,False,False,False,False,False,False,False,,,,,,,
2026-07-15,00:00,40.6781626,-73.8974768,PENNSYLVANIA AVE,11207,75,UNKNOWN,Street,0.6150393264196372,False,BROOKLYN,"(40.6781626, -73.8974768)",trafficstat,False,False,False,False,False,False,False,False,False,,,,,,,
2026-07-14,00:00,40.6781626,-73.8974768,PENNSYLVANIA AVE,11207,75,UNKNOWN,Street,0.6150393264196372,False,BROOKLYN,"(40.6781626, -73.8974768)",trafficstat,False,False,False,False,False,False,False,False,False,,,,,,,
2026-08-31,00:00,40.6806371,-73.8727299,GLEN ST,11208,75,UNKNOWN,Street,23.90850086211358,False,BROOKLYN,"(40.6806371, -73.8727299)",trafficstat,False,False,False,False,False,False,False,False,False,,,,,,,
2026-08-31,00:00,40.6728822,-73.898069,GEORGIA AVE,11207,75,UNKNOWN,Street,0.07515797082704546,False,BROOKLYN,"(40.6728822, -73.898069)",trafficstat,True,False,False,False,False,True,False,False,False,,,,,,,
2026-07-12,00:00,40.6728822,-73.898069,GEORGIA AVE,11207,75,OTHER,Street,0.07515797082704546,False,BROOKLYN,"(40.6728822, -73.898069)",trafficstat,False,False,False,False,False,False,False,False,False,,,,,,,
2026-08-31,00:00,40.6741227,-73.8808025,SHEPHERD AVE,11208,75,UNKNOWN,Street,0.07157853866896643,False,BROOKLYN,"(40.6741227, -73.8808025)",trafficstat,False,False,False,False,False,False,False,False,False,,,,,,,
2026-08-31,00:00,40.6569792,-73.8894181,STANLEY AVE,11207,75,UNKNOWN,Street,2.9212171497864587,False,BROOKLYN,"(40.6569792, -73.8894181)",trafficstat,False,False,False,False,False,False,False,False,False,,,,,,,
2026-08-08,00:00,40.6569792,-73.8894181,STANLEY AVE,11207,75,UNKNOWN,Street,2.9212171497864587,False,BROOKLYN,"(40.6569792, -73.8894181)",trafficstat,True,False,False,False,False,False,False,False,True,,,,,,,
2026-07-29,00:00,40.6569792,-73.8894181,STANLEY AVE,11207,75,UNKNOWN,Street,2.9212171497864587,False,BROOKLYN,"(40.6569792, -73.8894181)",trafficstat,True,False,False,False,False,False,False,True,False,,,,,,,
2026-08-31,00:00,40.65901,-73.88019,JEROME ST,11207,75,UNKNOWN,Street,1.3802772929906568,False,BROOKLYN,"(40.65901, -73.88019)",trafficstat,False,False,False,False,False,False,False,False,False,,,,,,,
2026-08-31,00:00,40.6612475,-73.8978303,HINSDALE ST,11207,75,UNKNOWN,Street,35.0930870587888,False,BROOKLYN,"(40.6612475, -73.8978303)",trafficstat,True,False,True,False,False,False,False,False,False,,,,,,,
2026-08-31,00:00,40.6620886,-73.8824712,LINDEN BLVD,11207,75,OTHER,Street,22.357664768946233,False,BROOKLYN,"(40.6620886, -73.8824712)",trafficstat,True,False,False,False,False,True,False,False,False,,,,,,,
2026-08-31,00:00,40.6644127,-73.8872611,NEW LOTS AVE,11207,75,OTHER,Street,3.0520926573692546,False,BROOKLYN,"(40.6644127, -73.8872611)",trafficstat,True,False,True,False,False,False,False,False,False,,,,,,,
2026-08-31,00:00,40.6627813,-73.8808552,ASHFORD ST,11207,75,UNKNOWN,Street,1.4447868722744255,False,BROOKLYN,"(40.6627813, -73.8808552)",trafficstat,True,False,False,True,False,False,False,False,False,,,,,,,
2026-08-03,00:00,40.6627813,-73.8808552,ASHFORD ST,11207,75,OTHER,Street,1.4447868722744255,False,BROOKLYN,"(40.6627813, -73.8808552)",trafficstat,True,False,False,False,False,False,False,False,True,,,,,,,
2026-07-13,00:00,40.6627813,-73.8808552,ASHFORD ST,11207,75,UNKNOWN,Street,1.4447868722744255,False,BROOKLYN,"(40.6627813, -73.8808552)",trafficstat,True,False,False,True,False,False,False,False,False,,,,,,,
2026-07-12,00:00,40.6627813,-73.8808552,ASHFORD ST,11207,75,UNKNOWN,Street,1.4447868722744255,False,BROOKLYN,"(40.6627813, -73.8808552)",trafficstat,False,False,False,False,False,False,False,False,False,,,,,,,
2026-07-02,00:00,40.6627813,-73.8808552,ASHFORD ST,11207,75,UNKNOWN,Street,1.4447868722744255,False,BROOKLYN,"(40.6627813, -73.8808552)",trafficstat,False,False,False,False,False,False,False,False,False,,,,,,,
2026-06-26,00:00,40.6627813,-73.8808552,ASHFORD ST,11207,75,UNKNOWN,Street,1.4447868722744255,False,BROOKLYN,"(40.6627813, -73.8808552)",trafficstat,True,False,False,False,False,False,False,False,True,,,,,,,
2026-08-31,00:00,40.6677859,-73.8844113,WARWICK ST,11207,75,OTHER,Street,0.1954720439864377,False,BROOKLYN,"(40.6677859, -73.8844113)",trafficstat,True,False,False,True,False,False,False,False,False,,,,,,,
2026-08-30,00:00,40.6666108,-73.876137,ATKINS AVE,11208,75,UNKNOWN,Street,1.3738348018865734,False,BROOKLYN,"(40.6666108, -73.876137)",trafficstat,False,False,False,False,False,False,False,False,False,,,,,,,
2026-08-30,00:00,40.6599319,-73.8916479,PENNSYLVANIA AVE,11207,75,OTHER,Street,0.9561154958050057,False,BROOKLYN,"(40.6599319, -73.8916479)",trafficstat,True,False,False,False,False,False,False,True,False,,,,,,,
2026-06-28,00:00,40.6599319,-73.8916479,PENNSYLVANIA AVE,11207,75,UNKNOWN,Street,0.9561154958050057,False,BROOKLYN,"(40.6599319, -73.8916479)",trafficstat,True,False,False,False,False,False,False,True,True,,,,,,,
2026-08-30,00:00,40.6664405,-73.8907459,BRADFORD ST,11207,75,UNKNOWN,Street,43.126094775644276,False,BROOKLYN,"(40.6664405, -73.8907459)",trafficstat,False,False,False,False,False,False,False,False,False,,,,,,,
2026-08-30,00:00,40.6631046,-73.8914914,VERMONT ST,11207,75,UNKNOWN,Street,32.9291184347378,False,BROOKLYN,"(40.6631046, -73.8914914)",trafficstat,False,False,False,False,False,False,False,False,False,,,,,,,
2026-08-30,00:00,40.6547658,-73.8730261,SCHROEDERS AVE,11239,75,UNKNOWN,Street,29.833173387406603,False,BROOKLYN,"(40.6547658, -73.8730261)",trafficstat,False,False,False,False,False,False,False,False,False,,,,,,,
2026-08-30,00:00,40.6535601,-73.8623127,BELT PKWY,11234,75,UNKNOWN,Highway,0.013390494077542779,False,BROOKLYN,"(40.6535601, -73.8623127)",trafficstat,False,False,False,False,False,False,False,False,False,,,,,,,
2026-08-30,00:00,40.6772072,-73.8972404,PENNSYLVANIA AVE,11207,75,UNKNOWN,Street,0.17555686347365948,False,BROOKLYN,"(40.6772072, -73.8972404)",trafficstat,False,False,False,False,False,False,False,False,False,,,,,,,
2026-07-23,00:00,40.6772072,-73.8972404,PENNSYLVANIA AVE,11207,75,UNKNOWN,Street,0.17555686347365948,False,BROOKLYN,"(40.6772072, -73.8972404)",trafficstat,True,False,False,False,False,False,False,True,False,,,,,,,
2026-08-30,00:00,40.6712825,-73.8815833,SUTTER AVE,11208,75,UNKNOWN,Street,42.64464979482611,False,BROOKLYN,"(40.6712825, -73.8815833)",trafficstat,False,False,False,False,False,False,False,False,False,,,,,,,
2026-08-05,00:00,40.6712825,-73.8815833,SUTTER AVE,11208,75,UNKNOWN,Street,42.64464979482611,False,BROOKLYN,"(40.6712825, -73.8815833)",trafficstat,False,False,False,False,False,False,False,False,False,,,,,,,
2026-08-30,00:00,40.68365,-73.872185,CRESCENT ST,11208,75,UNKNOWN,Street,0.22935768947961907,False,BROOKLYN,"(40.68365, -73.872185)",trafficstat,False,False,False,False,False,False,False,False,False,,,,,,,
2026-08-29,00:00,40.6798751,-73.8912153,HENDRIX ST,11207,75,UNKNOWN,Street,0.5191926171462554,False,BROOKLYN,"(40.6798751, -73.8912153)",trafficstat,True,False,False,False,False,False,False,True,False,,,,,,,
2026-08-29,00:00,40.6803765,-73.9026343,CONWAY ST,11207,75,OTHER,Street,62.06049094520827,False,BROOKLYN,"(40.6803765, -73.9026343)",trafficstat,False,False,False,False,False,False,False,False,False,,,,,,,
2026-07-16,00:00,40.6803765,-73.9026343,CONWAY ST,11207,75,OTHER,Street,62.06049094520827,False,BROOKLYN,"(40.6803765, -73.9026343)",trafficstat,False,False,False,False,False,False,False,False,False,,,,,,,
2026-08-29,00:00,40.6569459,-73.8808115,SCHENCK AVE,11207,75,UNKNOWN,Street,0.8433052231548055,False,BROOKLYN,"(40.6569459, -73.8808115)",trafficstat,True,False,False,False,False,True,False,True,False,,,,,,,
2026-08-29,00:00,40.6623104,-73.890013,WYONA ST,11207,75,OTHER,Street,37.01623246291597,False,BROOKLYN,"(40.6623104, -73.890013)",trafficstat,False,False,False,False,False,False,False,False,False,,,,,,,
2026-08-28,00:00,40.6451206,-73.8748811,BELT PKWY,11234,75,UNKNOWN,Highway,0.3696504214509481,False,BROOKLYN,"(40.6451206, -73.8748811)",trafficstat,True,False,False,False,False,False,False,False,True,,,,,,,
2026-08-28,00:00,40.6862467,-73.8791036,LOGAN ST,11208,75,UNKNOWN,Street,51.01261489001983,False,BROOKLYN,"(40.6862467, -73.8791036)",trafficstat,False,False,False,False,False,False,False,False,False,,,,,,,
2026-08-28,00:00,40.6753521,-73.8904874,LIBERTY AVE,11207,75,UNKNOWN,Street,17.838680361953678,False,BROOKLYN,"(40.6753521, -73.8904874)",trafficstat,True,False,True,False,False,False,False,False,False,,,,,,,
2026-08-27,00:00,40.6799805,-73.8773298,ATLANTIC AVE,11208,75,UNKNOWN,Street,2.219983010129075,False,BROOKLYN,"(40.6799805, -73.8773298)",trafficstat,False,False,False,False,False,False,False,False,False,,,,,,,
2026-08-27,00:00,40.6808104,-73.8848935,ELTON ST,11208,75,UNKNOWN,Street,0.5380465000197249,False,BROOKLYN,"(40.6808104, -73.8848935)",trafficstat,True,False,True,False,False,False,False,False,False,,,,,,,
2026-08-27,00:00,40.6486414,-73.8830711,PENNSYLVANIA AVE,11239,75,UNKNOWN,Street,66.14634853930278,False,BROOKLYN,"(40.6486414, -73.8830711)",trafficstat,True,False,False,False,False,False,True,False,False,,,,,,,
2026-08-27,00:00,40.6541418,-73.8873109,COZINE AVE,11207,75,UNKNOWN,Street,2.3645835474168986,False,BROOKLYN,"(40.6541418, -73.8873109)",trafficstat,False,False,False,False,False,False,False,False,False,,,,,,,
2026-08-07,00:00,40.6541418,-73.8873109,COZINE AVE,11207,75,UNKNOWN,Street,2.3645835474168986,False,BROOKLYN,"(40.6541418, -73.8873109)",trafficstat,True,False,False,False,True,False,False,False,False,,,,,,,
2026-06-13,00:00,40.6541418,-73.8873109,COZINE AVE,11207,75,OTHER,Street,2.3645835474168986,False,BROOKLYN,"(40.6541418, -73.8873109)",trafficstat,True,False,False,False,False,False,False,True,False,,,,,,,
2026-06-13,00:00,40.6541418,-73.8873109,COZINE AVE,11207,75,UNKNOWN,Street,2.3645835474168986,False,BROOKLYN,"(40.6541418, -73.8873109)",trafficstat,True,False,False,False,False,False,False,True,False,,,,,,,
2026-08-27,00:00,40.6653104,-73.8902982,BRADFORD ST,11207,75,OTHER,Street,0.059069851801965736,False,BROOKLYN,"(40.6653104, -73.8902982)",trafficstat,True,False,False,False,False,False,False,True,False,,,,,,,
2026-08-24,00:00,40.6653104,-73.8902982,BRADFORD ST,11207,75,UNKNOWN,Street,0.059069851801965736,False,BROOKLYN,"(40.6653104, -73.8902982)",trafficstat,False,False,False,False,False,False,False,False,False,,,,,,,
2026-08-26,00:00,40.6671468,-73.8994727,HINSDALE ST,11207,75,UNKNOWN,Street,0.4168174579052849,False,BROOKLYN,"(40.6671468, -73.8994727)",trafficstat,True,False,False,False,False,False,False,True,True,,,,,,,
2026-08-26,00:00,40.6520659,-73.8861844,INNOVATION WAY E,11207,75,OTHER,Street,23.758403099118038,False,BROOKLYN,"(40.6520659, -73.8861844)",trafficstat,False,False,False,False,False,False,False,False,False,,,,,,,
2026-08-26,00:00,40.659088,-73.8754959,COZINE AVE,11208,75,UNKNOWN,Street,45.13662478455415,False,BROOKLYN,"(40.659088, -73.8754959)",trafficstat,False,False,False,False,False,False,False,False,False,,,,,,,
2026-08-26,00:00,40.6767333,-73.8973155,PENNSYLVANIA AVE,11207,75,UNKNOWN,Street,54.47421218715115,False,BROOKLYN,"(40.6767333, -73.8973155)",trafficstat,True,False,False,False,False,False,False,True,False,,,,,,,
2026-08-25,00:00,40.6745515,-73.8954996,NEW JERSEY AVE,11207,75,OTHER,Street,0.22565731815373982,False,BROOKLYN,"(40.6745515, -73.8954996)",trafficstat,True,False,False,False,False,False,False,True,False,,,,,,,
2026-08-25,00:00,40.6745324,-73.8688365,HEMLOCK ST,11208,75,OTHER,Street,0.6933780872572392,False,BROOKLYN,"(40.6745324, -73.8688365)",trafficstat,True,False,True,False,False,False,False,False,False,,,,,,,
2026-08-25,00:00,40.6827267,-73.8853841,ELTON ST,11208,75,UNKNOWN,Street,0.5517652699996198,False,BROOKLYN,"(40.6827267, -73.8853841)",trafficstat,True,False,True,False,False,False,False,False,False,,,,,,,
2026-07-23,00:00,40.6827267,-73.8853841,ELTON ST,11208,75,UNKNOWN,Street,0.5517652699996198,False,BROOKLYN,"(40.6827267, -73.8853841)",trafficstat,True,False,False,False,False,False,False,True,True,,,,,,,
2026-08-25,00:00,40.6544755,-73.8720991,ELTON ST,11239,75,UNKNOWN,Street,104.06689290954311,False,BROOKLYN,"(40.6544755, -73.8720991)",trafficstat,False,False,False,False,False,False,False,False,False,,,,,,,
2026-08-12,00:00,40.6544755,-73.8720991,ELTON ST,11239,75,UNKNOWN,Street,104.06689290954311,False,BROOKLYN,"(40.6544755, -73.8720991)",trafficstat,False,False,False,False,False,False,False,False,False,,,,,,,
2026-07-03,00:00,40.6544755,-73.8720991,ELTON ST,11239,75,UNKNOWN,Street,104.06689290954311,False,BROOKLYN,"(40.6544755, -73.8720991)",trafficstat,False,False,False,False,False,False,False,False,False,,,,,,,
2026-08-25,00:00,40.6679591,-73.8683485,CRESCENT ST,11208,75,UNKNOWN,Street,59.71349094846135,False,BROOKLYN,"(40.6679591, -73.8683485)",trafficstat,False,False,False,False,False,False,False,False,False,,,,,,,
2026-07-27,00:00,40.6679591,-73.8683485,CRESCENT ST,11208,75,UNKNOWN,Street,59.71349094846135,False,BROOKLYN,"(40.6679591, -73.8683485)",trafficstat,False,False,False,False,False,False,False,False,False,,,,,,,
2026-08-24,00:00,40.6699672,-73.8860182,JEROME ST,11207,75,OTHER,Street,35.613764432543135,False,BROOKLYN,"(40.6699672, -73.8860182)",trafficstat,False,False,False,False,False,False,False,False,False,,,,,,,
2026-08-24,00:00,40.6708552,-73.8750654,BLAKE AVE,11208,75,UNKNOWN,Street,37.78661545093565,False,BROOKLYN,"(40.6708552, -73.8750654)",trafficstat,False,False,False,False,False,False,False,False,False,,,,,,,
2026-08-24,00:00,40.6683089,-73.8586977,EMERALD ST,11208,75,OTHER,Street,0.5063688921826613,False,BROOKLYN,"(40.6683089, -73.8586977)",trafficstat,True,False,False,False,False,True,False,False,False,,,,,,,
2026-08-24,00:00,40.67763,-73.89439,WYONA ST,11207,75,UNKNOWN,Street,0.544491339625593,False,BROOKLYN,"(40.67763, -73.89439)",trafficstat,False,False,False,False,False,False,False,False,False,,,,,,,
2026-08-24,00:00,40.6747221,-73.8852629,ASHFORD ST,11207,75,UNKNOWN,Street,20.777442637765322,False,BROOKLYN,"(40.6747221, -73.8852629)",trafficstat,False,False,False,False,False,False,False,False,False,,,,,,,
2026-08-24,00:00,40.6749299,-73.866067,SHERIDAN AVE,11208,75,OTHER,Street,0.14076317319366277,False,BROOKLYN,"(40.6749299, -73.866067)",trafficstat,False,False,False,False,False,False,False,False,False,,,,,,,
2026-08-24,00:00,40.6808921,-73.8713658,CRESCENT ST,11208,75,UNKNOWN,Street,0.01056820642864528,False,BROOKLYN,"(40.6808921, -73.8713658)",trafficstat,False,False,False,False,False,False,False,False,False,,,,,,,
2026-08-24,00:00,40.6775149,-73.874417,LIBERTY AVE,11208,75,OTHER,Street,49.25044177852806,False,BROOKLYN,"(40.6775149, -73.874417)",trafficstat,False,False,False,False,False,False,False,False,False,,,,,,,
2026-08-23,00:00,40.6794133,-73.8983173,HIGHLAND BLVD,11207,75,UNKNOWN,Street,66.34946990292819,False,BROOKLYN,"(40.6794133, -73.8983173)",trafficstat,False,False,False,False,False,False,False,False,False,,,,,,,
2026-08-23,00:00,40.6800718,-73.8908428,ARLINGTON AVE,11207,75,UNKNOWN,Street,47.9152814660709,False,BROOKLYN,"(40.6800718, -73.8908428)",trafficstat,False,False,False,False,False,False,False,False,False,,,,,,,
2026-08-23,00:00,40.6874922,-73.8778867,RICHMOND ST,11208,75,UNKNOWN,Street,0.11617804673787333,False,BROOKLYN,"(40.6874922, -73.8778867)",trafficstat,True,False,True,False,False,False,False,False,False,,,,,,,
2026-06-25,00:00,40.6874922,-73.8778867,RICHMOND ST,11208,75,UNKNOWN,Street,0.11617804673787333,False,BROOKLYN,"(40.6874922, -73.8778867)",trafficstat,True,False,False,False,False,True,False,False,False,,,,,,,
2026-08-23,00:00,40.6771544,-73.8877263,ATLANTIC AVE,11207,75,UNKNOWN,Street,21.307318407579096,False,BROOKLYN,"(40.6771544, -73.8877263)",trafficstat,False,False,False,False,False,False,False,False,False,,,,,,,
2026-08-23,00:00,40.671695,-73.8774807,MONTAUK AVE,11208,75,UNKNOWN,Street,39.71863597175709,False,BROOKLYN,"(40.671695, -73.8774807)",trafficstat,False,False,False,False,False,False,False,False,False,,,,,,,
2026-08-23,00:00,40.6582426,-73.8983178,SNEDIKER AVE,11207,75,UNKNOWN,Street,46.58429484469361,False,BROOKLYN,"(40.6582426, -73.8983178)",trafficstat,True,False,False,False,False,False,False,True,False,,,,,,,
2026-08-22,00:00,40.6576642,-73.8970434,HINSDALE ST,11207,75,UNKNOWN,Street,0.4881282044886969,False,BROOKLYN,"(40.6576642, -73.8970434)",trafficstat,True,False,False,False,False,True,False,False,True,,,,,,,
2026-08-21,00:00,40.6576642,-73.8970434,HINSDALE ST,11207,75,UNKNOWN,Street,0.4881282044886969,False,BROOKLYN,"(40.6576642, -73.8970434)",trafficstat,True,False,False,False,False,False,False,False,True,,,,,,,
2026-08-22,00:00,40.6427097,-73.8766008,BELT PKWY,11234,75,UNKNOWN,Highway,0.12945995701250512,False,BROOKLYN,"(40.6427097, -73.8766008)",trafficstat,True,False,False,False,False,False,False,False,True,,,,,,,
2026-07-19,00:00,40.6427097,-73.8766008,BELT PKWY,11234,75,UNKNOWN,Highway,0.12945995701250512,False,BROOKLYN,"(40.6427097, -73.8766008)",trafficstat,True,False,False,False,False,False,False,True,True,,,,,,,
2026-08-22,00:00,40.6483739,-73.8870787,LOUISIANA AVE,11239,75,UNKNOWN,Street,72.60620813808335,False,BROOKLYN,"(40.6483739, -73.8870787)",trafficstat,False,False,False,False,False,False,False,False,False,,,,,,,
2026-08-22,00:00,40.6680674,-73.8596673,LORING AVE,11208,75,UNKNOWN,Street,35.19653159771811,False,BROOKLYN,"(40.6680674, -73.8596673)",trafficstat,False,False,False,False,False,False,False,False,False,,,,,,,
2026-08-22,00:00,40.6678344,-73.8948324,PENNSYLVANIA AVE,11207,75,UNKNOWN,Street,0.4759819887783841,False,BROOKLYN,"(40.6678344, -73.8948324)",trafficstat,True,False,False,False,False,False,False,True,False,,,,,,,
2026-08-22,00:00,40.6723149,-73.8930265,WYONA ST,11207,75,UNKNOWN,Street,0.22301931270381745,False,BROOKLYN,"(40.6723149, -73.8930265)",trafficstat,False,False,False,False,False,False,False,False,False,,,,,,,
2026-08-22,00:00,40.6868705,-73.8740025,ETNA ST,11208,75,UNKNOWN,Street,41.189886597297416,False,BROOKLYN,"(40.6868705, -73.8740025)",trafficstat,False,False,False,False,False,False,False,False,False,,,,,,,
2026-08-22,00:00,40.6797288,-73.8771159,LOGAN ST,11208,75,UNKNOWN,Street,77.22497037313133,False,BROOKLYN,"(40.6797288, -73.8771159)",trafficstat,False,False,False,False,False,False,False,False,False,,,,,,,
2026-07-12,00:00,40.6797288,-73.8771159,LOGAN ST,11208,75,OTHER,Street,77.22497037313133,False,BROOKLYN,"(40.6797288, -73.8771159)",trafficstat,False,False,False,False,False,False,False,False,False,,,,,,,
2026-08-21,00:00,40.688564,-73.87571,EUCLID AVE,11208,75,UNKNOWN,Street,1.830169817273834,False,BROOKLYN,"(40.688564, -73.87571)",trafficstat,False,False,False,False,False,False,False,False,False,,,,,,,
2026-07-17,00:00,40.688564,-73.87571,EUCLID AVE,11208,75,UNKNOWN,Street,1.830169817273834,False,BROOKLYN,"(40.688564, -73.87571)",trafficstat,True,False,False,False,False,False,True,False,False,,,,,,,
2026-08-21,00:00,40.6762803,-73.8921621,MILLER AVE,11207,75,UNKNOWN,Street,0.23890314424929313,False,BROOKLYN,"(40.6762803, -73.8921621)",trafficstat,False,False,False,False,False,False,False,False,False,,,,,,,
2026-07-24,00:00,40.6762803,-73.8921621,MILLER AVE,11207,75,UNKNOWN,Street,0.23890314424929313,False,BROOKLYN,"(40.6762803, -73.8921621)",trafficstat,False,False,False,False,False,False,False,False,False,,,,,,,
2026-08-21,00:00,40.6756248,-73.8987786,GEORGIA AVE,11207,75,UNKNOWN,Street,0.08237379889415153,False,BROOKLYN,"(40.6756248, -73.8987786)",trafficstat,False,False,False,False,False,False,False,False,False,,,,,,,
2026-07-08,00:00,40.6756248,-73.8987786,GEORGIA AVE,11207,75,UNKNOWN,Street,0.08237379889415153,False,BROOKLYN,"(40.6756248, -73.8987786)",trafficstat,False,False,False,False,False,False,False,False,False,,,,,,,
2026-08-21,00:00,40.6507779,-73.8704399,GATEWAY DR,11239,75,UNKNOWN,Street,153.78148129424008,False,BROOKLYN,"(40.6507779, -73.8704399)",trafficstat,False,False,False,False,False,False,False,False,False,,,,,,,
2026-08-21,00:00,40.657665,-73.89704,HINSDALE ST,11207,75,UNKNOWN,Street,0.4919670612911005,False,BROOKLYN,"(40.657665, -73.89704)",trafficstat,True,False,False,False,False,False,False,True,True,,,,,,,
2026-08-21,00:00,40.659521,-73.896778,WILLIAMS AVE,11207,75,UNKNOWN,Street,59.968638761576344,False,BROOKLYN,"(40.659521, -73.896778)",trafficstat,False,False,False,False,False,False,False,False,False,,,,,,,
2026-08-20,00:00,40.6717502,-73.8968414,SHEFFIELD AVE,11207,75,UNKNOWN,Street,0.4952989776520179,False,BROOKLYN,"(40.6717502, -73.8968414)",trafficstat,False,False,False,False,False,False,False,False,False,,,,,,,
2026-08-20,00:00,40.676575,-73.900795,WILLIAMS AVE,11207,75,UNKNOWN,Street,0.047236077329900095,False,BROOKLYN,"(40.676575, -73.900795)",trafficstat,False,False,False,False,False,False,False,False,False,,,,,,,
2026-08-20,00:00,40.6795349,-73.9004708,BUSHWICK AVE,11207,75,UNKNOWN,Street,2.5395727240489845,False,BROOKLYN,"(40.6795349, -73.9004708)",trafficstat,True,False,False,False,False,False,True,False,False,,,,,,,
2026-07-27,00:00,40.6795349,-73.9004708,BUSHWICK AVE,11207,75,OTHER,Street,2.5395727240489845,False,BROOKLYN,"(40.6795349, -73.9004708)",trafficstat,False,False,False,False,False,False,False,False,False,,,,,,,
2026-08-20,00:00,40.6835616,-73.8674313,GRANT AVE,11208,75,UNKNOWN,Street,37.30641358871288,False,BROOKLYN,"(40.6835616, -73.8674313)",trafficstat,False,False,False,False,False,False,False,False,False,,,,,,,
2026-08-19,00:00,40.6784056,-73.8869558,WARWICK ST,11207,75,UNKNOWN,Street,46.61242215664734,False,BROOKLYN,"(40.6784056, -73.8869558)",trafficstat,False,False,False,False,False,False,False,False,False,,,,,,,
2026-08-19,00:00,40.6829555,-73.8870395,JAMAICA AVE,11207,75,UNKNOWN,Street,46.81835834973101,False,BROOKLYN,"(40.6829555, -73.8870395)",trafficstat,False,False,False,False,False,False,False,False,False,,,,,,,
2026-08-19,00:00,40.6774423,-73.8949471,FULTON ST,11207,75,UNKNOWN,Street,41.36768868113989,False,BROOKLYN,"(40.6774423, -73.8949471)",trafficstat,False,False,False,False,False,False,False,False,False,,,,,,,
2026-08-19,00:00,40.6740727,-73.8629936,FORBELL ST,11208,75,UNKNOWN,Street,0.5674455171610802,False,BROOKLYN,"(40.6740727, -73.8629936)",trafficstat,False,False,False,False,False,False,False,False,False,,,,,,,
2026-08-18,00:00,40.6575475,-73.8958403,LINDEN BLVD,11207,75,UNKNOWN,Street,26.03846495949525,False,BROOKLYN,"(40.6575475, -73.8958403)",trafficstat,False,False,False,False,False,False,False,False,False,,,,,,,
2026-08-18,00:00,40.6639176,-73.8889849,MILLER AVE,11207,75,UNKNOWN,Street,0.22071260105627513,False,BROOKLYN,"(40.6639176, -73.8889849)",trafficstat,True,False,False,False,False,False,False,True,False,,,,,,,
2026-08-18,00:00,40.6474674,-73.8775409,VAN SICLEN AVE,11207,75,UNKNOWN,Street,121.34079285520377,False,BROOKLYN,"(40.6474674, -73.8775409)",trafficstat,True,False,True,False,False,False,False,False,False,,,,,,,
2026-08-17,00:00,40.6519828,-73.8654117,BELT PKWY,11234,75,UNKNOWN,Highway,5.3828156511665455,False,BROOKLYN,"(40.6519828, -73.8654117)",trafficstat,True,False,False,False,False,False,False,True,False,,,,,,,
2026-08-17,00:00,40.6507714,-73.8847903,VANDALIA AVE,11239,75,UNKNOWN,Street,2.9660163154923422,False,BROOKLYN,"(40.6507714, -73.8847903)",trafficstat,True,False,True,False,False,False,False,False,False,,,,,,,
2026-07-03,00:00,40.6507714,-73.8847903,VANDALIA AVE,11239,75,UNKNOWN,Street,2.9660163154923422,False,BROOKLYN,"(40.6507714, -73.8847903)",trafficstat,True,False,True,False,False,False,False,False,False,,,,,,,
2026-08-17,00:00,40.6669969,-73.8678816,CRESCENT ST,11208,75,UNKNOWN,Street,0.6068185680327741,False,BROOKLYN,"(40.6669969, -73.8678816)",trafficstat,True,False,True,False,False,False,False,False,False,,,,,,,
2026-07-30,00:00,40.6669969,-73.8678816,CRESCENT ST,11208,75,UNKNOWN,Street,0.6068185680327741,False,BROOKLYN,"(40.6669969, -73.8678816)",trafficstat,True,False,False,False,False,False,False,False,True,,,,,,,
2026-07-08,00:00,40.6669969,-73.8678816,CRESCENT ST,11208,75,UNKNOWN,Street,0.6068185680327741,False,BROOKLYN,"(40.6669969, -73.8678816)",trafficstat,True,False,False,False,False,False,True,False,False,,,,,,,
2026-08-17,00:00,40.6698165,-73.8826846,BLAKE AVE,11208,75,UNKNOWN,Street,61.68879403365359,False,BROOKLYN,"(40.6698165, -73.8826846)",trafficstat,True,False,False,False,False,False,False,False,True,,,,,,,
2026-08-17,00:00,40.6594523,-73.8984571,SNEDIKER AVE,11207,75,OTHER,Street,0.29928764875914593,False,BROOKLYN,"(40.6594523, -73.8984571)",trafficstat,True,False,False,False,False,False,False,False,True,,,,,,,
2026-08-16,00:00,40.6663103,-73.8825448,CLEVELAND ST,11208,75,OTHER,Street,39.359803604627785,False,BROOKLYN,"(40.6663103, -73.8825448)",trafficstat,True,False,False,False,False,False,True,False,False,,,,,,,
2026-08-16,00:00,40.6622395,-73.8772012,LINWOOD ST,11208,75,UNKNOWN,Street,1.0311875634560685,False,BROOKLYN,"(40.6622395, -73.8772012)",trafficstat,False,False,False,False,False,False,False,False,False,,,,,,,
2026-08-16,00:00,40.6752942,-73.8726492,DOSCHER ST,11208,75,UNKNOWN,Street,0.3588267553080463,False,BROOKLYN,"(40.6752942, -73.8726492)",trafficstat,True,False,False,False,False,False,False,True,False,,,,,,,