crash_date,crash_time,latitude,longitude,on_street_name,zip_code,precinct,collision_type,roadway_type,geocode_dist_feet,time_is_known,borough,location,source,injury,fatality,injured_pedestrian,injured_cyclist,injured_ebike_rider,injured_motorcyclist,injured_moped_rider,injured_car_occupant,injured_suv_occupant,number_of_persons_injured,number_of_persons_killed,contributing_factor_vehicle_1,collision_id,cross_street_name,off_street_name,vehicle_type_code1
2026-08-01,00:00,40.6752942,-73.8726492,DOSCHER ST,11208,75,UNKNOWN,Street,0.3588267553080463,False,BROOKLYN,"(40.6752942, -73.8726492)",trafficstat,True,False,False,False,False,False,False,True,False,,,,,,,
2026-08-16,00:00,40.6810755,-73.8811001,HIGHLAND PL,11208,75,UNKNOWN,Street,0.6127012875157951,False,BROOKLYN,"(40.6810755, -73.8811001)",trafficstat,False,False,False,False,False,False,False,False,False,,,,,,,
2026-08-15,00:00,40.676597,-73.890377,HENDRIX ST,11207,75,OTHER,Street,0.05228399796399527,False,BROOKLYN,"(40.676597, -73.890377)",trafficstat,False,False,False,False,False,False,False,False,False,,,,,,,
2026-07-22,00:00,40.676597,-73.890377,HENDRIX ST,11207,75,OTHER,Street,0.05228399796399527,False,BROOKLYN,"(40.676597, -73.890377)",trafficstat,False,False,False,False,False,False,False,False,False,,,,,,,
2026-07-01,00:00,40.676597,-73.890377,HENDRIX ST,11207,75,OTHER,Street,0.05228399796399527,False,BROOKLYN,"(40.676597, -73.890377)",trafficstat,True,False,False,False,False,False,False,True,False,,,,,,,
2026-06-13,00:00,40.676597,-73.890377,HENDRIX ST,11207,75,UNKNOWN,Street,0.05228399796399527,False,BROOKLYN,"(40.676597, -73.890377)",trafficstat,True,False,False,False,False,False,False,True,False,,,,,,,
2026-06-12,00:00,40.676597,-73.890377,HENDRIX ST,11207,75,UNKNOWN,Street,0.05228399796399527,False,BROOKLYN,"(40.676597, -73.890377)",trafficstat,False,False,False,False,False,False,False,False,False,,,,,,,
2026-08-15,00:00,40.6713193,-73.8908796,MILLER AVE,11207,75,UNKNOWN,Street,0.564044686569954,False,BROOKLYN,"(40.6713193, -73.8908796)",trafficstat,False,False,False,False,False,False,False,False,False,,,,,,,
2026-08-15,00:00,40.6816746,-73.8791268,NORWOOD AVE,11208,75,UNKNOWN,Street,0.4607863608964476,False,BROOKLYN,"(40.6816746, -73.8791268)",trafficstat,True,False,True,False,False,False,False,False,False,,,,,,,
2026-08-01,00:00,40.6816746,-73.8791268,NORWOOD AVE,11208,75,UNKNOWN,Street,0.4607863608964476,False,BROOKLYN,"(40.6816746, -73.8791268)",trafficstat,True,False,False,True,False,False,False,False,False,,,,,,,
2026-08-15,00:00,40.6790745,-73.8998357,BUSHWICK AVE,11207,75,UNKNOWN,Street,45.53421050122282,False,BROOKLYN,"(40.6790745, -73.8998357)",trafficstat,False,False,False,False,False,False,False,False,False,,,,,,,
2026-08-15,00:00,40.6695955,-73.9000191,HINSDALE ST,11207,75,OTHER,Street,20.743280755159837,False,BROOKLYN,"(40.6695955, -73.9000191)",trafficstat,True,False,False,False,False,False,False,True,False,,,,,,,
2026-08-15,00:00,40.663643,-73.89083,WYONA ST,11207,75,UNKNOWN,Street,0.2153217888163898,False,BROOKLYN,"(40.663643, -73.89083)",trafficstat,False,False,False,False,False,False,False,False,False,,,,,,,
2026-07-03,00:00,40.663643,-73.89083,WYONA ST,11207,75,UNKNOWN,Street,0.2153217888163898,False,BROOKLYN,"(40.663643, -73.89083)",trafficstat,False,False,False,False,False,False,False,False,False,,,,,,,
2026-08-15,00:00,40.65772,-73.89538,LINDEN BLVD,11207,75,UNKNOWN,Street,20.631473752123906,False,BROOKLYN,"(40.65772, -73.89538)",trafficstat,True,False,False,True,False,False,False,False,False,,,,,,,
2026-08-14,00:00,40.6432884,-73.8761767,PENNSYLVANIA AVE,11234,75,UNKNOWN,Bridge,10.383711291926511,False,BROOKLYN,"(40.6432884, -73.8761767)",trafficstat,False,False,False,False,False,False,False,False,False,,,,,,,
2026-08-03,00:00,40.6432884,-73.8761767,PENNSYLVANIA AVE,11234,75,UNKNOWN,Bridge,10.383711291926511,False,BROOKLYN,"(40.6432884, -73.8761767)",trafficstat,False,False,False,False,False,False,False,False,False,,,,,,,
2026-07-27,00:00,40.6432884,-73.8761767,PENNSYLVANIA AVE,11234,75,UNKNOWN,Bridge,10.383711291926511,False,BROOKLYN,"(40.6432884, -73.8761767)",trafficstat,True,False,False,False,False,False,False,False,True,,,,,,,
2026-07-04,00:00,40.6432884,-73.8761767,PENNSYLVANIA AVE,11234,75,UNKNOWN,Bridge,10.383711291926511,False,BROOKLYN,"(40.6432884, -73.8761767)",trafficstat,True,False,False,False,False,False,False,False,True,,,,,,,
2026-08-14,00:00,40.6530391,-73.877265,GATEWAY DR,11239,75,UNKNOWN,Street,1.7235644432281665,False,BROOKLYN,"(40.6530391, -73.877265)",trafficstat,False,False,False,False,False,False,False,False,False,,,,,,,
2026-08-14,00:00,40.6550256,-73.8691952,,,75,UNKNOWN,,412.5094204530724,False,BROOKLYN,"(40.6550256, -73.8691952)",trafficstat,False,False,False,False,False,False,False,False,False,,,,,,,
2026-08-14,00:00,40.6637785,-73.8899079,BRADFORD ST,11207,75,UNKNOWN,Street,0.5338912952497002,False,BROOKLYN,"(40.6637785, -73.8899079)",trafficstat,False,False,False,False,False,False,False,False,False,,,,,,,
2026-07-13,00:00,40.6637785,-73.8899079,BRADFORD ST,11207,75,OTHER,Street,0.5338912952497002,False,BROOKLYN,"(40.6637785, -73.8899079)",trafficstat,False,False,False,False,False,False,False,False,False,,,,,,,
2026-08-14,00:00,40.6746541,-73.8771171,MILFORD ST,11208,75,UNKNOWN,Street,0.2619528052024613,False,BROOKLYN,"(40.6746541, -73.8771171)",trafficstat,False,False,False,False,False,False,False,False,False,,,,,,,
2026-08-13,00:00,40.6743959,-73.8965093,PENNSYLVANIA AVE,11207,75,UNKNOWN,Street,0.18032312875661355,False,BROOKLYN,"(40.6743959, -73.8965093)",trafficstat,True,False,False,True,False,False,False,False,False,,,,,,,
2026-08-06,00:00,40.6743959,-73.8965093,PENNSYLVANIA AVE,11207,75,UNKNOWN,Street,0.18032312875661355,False,BROOKLYN,"(40.6743959, -73.8965093)",trafficstat,False,False,False,False,False,False,False,False,False,,,,,,,
2026-08-13,00:00,40.67247,-73.90083,HINSDALE ST,11207,75,UNKNOWN,Street,0.06907361127048019,False,BROOKLYN,"(40.67247, -73.90083)",trafficstat,False,False,False,False,False,False,False,False,False,,,,,,,
2026-08-13,00:00,40.674423,-73.8723116,DOSCHER ST,11208,75,UNKNOWN,Street,36.86242238488976,False,BROOKLYN,"(40.674423, -73.8723116)",trafficstat,False,False,False,False,False,False,False,False,False,,,,,,,
2026-08-13,00:00,40.6737056,-73.901168,HINSDALE ST,11207,75,UNKNOWN,Street,0.02211948451897993,False,BROOKLYN,"(40.6737056, -73.901168)",trafficstat,False,False,False,False,False,False,False,False,False,,,,,,,
2026-08-13,00:00,40.6760106,-73.8856696,ASHFORD ST,11207,75,UNKNOWN,Street,0.42080054197163147,False,BROOKLYN,"(40.6760106, -73.8856696)",trafficstat,True,False,False,False,False,False,False,True,False,,,,,,,
2026-06-29,00:00,40.6760106,-73.8856696,ASHFORD ST,11207,75,UNKNOWN,Street,0.42080054197163147,False,BROOKLYN,"(40.6760106, -73.8856696)",trafficstat,True,False,False,False,False,False,False,True,False,,,,,,,
2026-08-13,00:00,40.6801079,-73.8930441,MILLER AVE,11207,75,UNKNOWN,Street,33.52719510898667,False,BROOKLYN,"(40.6801079, -73.8930441)",trafficstat,False,False,False,False,False,False,False,False,False,,,,,,,
2026-08-13,00:00,40.6647797,-73.8864134,NEW LOTS AVE,11207,75,UNKNOWN,Street,3.1238122527828027,False,BROOKLYN,"(40.6647797, -73.8864134)",trafficstat,True,False,False,False,True,False,False,False,False,,,,,,,
2026-08-13,00:00,40.6661033,-73.8780007,SHEPHERD AVE,11208,75,OTHER,Street,22.105654295073542,False,BROOKLYN,"(40.6661033, -73.8780007)",trafficstat,False,False,False,False,False,False,False,False,False,,,,,,,
2026-08-13,00:00,40.666858,-73.8688335,PINE ST,11208,75,OTHER,Street,0.14676464890392998,False,BROOKLYN,"(40.666858, -73.8688335)",trafficstat,True,False,False,False,False,False,False,True,False,,,,,,,
2026-08-13,00:00,40.6530915,-73.8855107,FLATLANDS AVE,11207,75,UNKNOWN,Street,17.128260271470936,False,BROOKLYN,"(40.6530915, -73.8855107)",trafficstat,False,False,False,False,False,False,False,False,False,,,,,,,
2026-08-13,00:00,40.6593164,-73.8909744,PENNSYLVANIA AVE,11207,75,UNKNOWN,Street,53.413445551941386,False,BROOKLYN,"(40.6593164, -73.8909744)",trafficstat,False,False,False,False,False,False,False,False,False,,,,,,,
2026-08-12,00:00,40.6680288,-73.8942882,BLAKE AVE,11207,75,UNKNOWN,Street,38.05715292944193,False,BROOKLYN,"(40.6680288, -73.8942882)",trafficstat,True,False,False,False,False,False,False,True,False,,,,,,,
2026-08-12,00:00,40.6874738,-73.8710682,AUTUMN AVE,11208,75,UNKNOWN,Street,0.1763009101316916,False,BROOKLYN,"(40.6874738, -73.8710682)",trafficstat,True,False,False,False,False,False,False,True,False,,,,,,,
2026-08-12,00:00,40.673861,-73.8825838,LINWOOD ST,11208,75,UNKNOWN,Street,0.0754305495762072,False,BROOKLYN,"(40.673861, -73.8825838)",trafficstat,False,False,False,False,False,False,False,False,False,,,,,,,
2026-08-12,00:00,40.6735445,-73.8666682,LINCOLN AVE,11208,75,UNKNOWN,Street,0.10349317885752456,False,BROOKLYN,"(40.6735445, -73.8666682)",trafficstat,False,False,False,False,False,False,False,False,False,,,,,,,
2026-08-11,00:00,40.6731167,-73.8876141,BARBEY ST,11207,75,UNKNOWN,Street,0.585499410469108,False,BROOKLYN,"(40.6731167, -73.8876141)",trafficstat,True,False,False,True,False,False,False,False,False,,,,,,,
2026-08-11,00:00,40.6776077,-73.8849749,ATLANTIC AVE,11208,75,UNKNOWN,Street,67.7077081890138,False,BROOKLYN,"(40.6776077, -73.8849749)",trafficstat,False,False,False,False,False,False,False,False,False,,,,,,,
2026-08-11,00:00,40.676131,-73.9016989,E  NEW YORK AVE,11207,75,OTHER,Street,9.802888495471947,False,BROOKLYN,"(40.676131, -73.9016989)",trafficstat,False,False,False,False,False,False,False,False,False,,,,,,,
2026-08-11,00:00,40.6746851,-73.8945945,VERMONT ST,11207,75,UNKNOWN,Street,0.3012670489521837,False,BROOKLYN,"(40.6746851, -73.8945945)",trafficstat,False,False,False,False,False,False,False,False,False,,,,,,,
2026-07-18,00:00,40.6746851,-73.8945945,VERMONT ST,11207,75,UNKNOWN,Street,0.3012670489521837,False,BROOKLYN,"(40.6746851, -73.8945945)",trafficstat,False,False,False,False,False,False,False,False,False,,,,,,,
2026-06-29,00:00,40.6746851,-73.8945945,VERMONT ST,11207,75,UNKNOWN,Street,0.3012670489521837,False,BROOKLYN,"(40.6746851, -73.8945945)",trafficstat,True,False,False,False,False,False,False,False,True,,,,,,,
2026-08-11,00:00,40.6782423,-73.8975214,JACKIE ROBINSON PKWY,11207,75,OTHER,Highway,0.754872634035648,False,BROOKLYN,"(40.6782423, -73.8975214)",trafficstat,True,False,False,False,False,False,False,True,False,,,,,,,
2026-08-10,00:00,40.6782423,-73.8975214,JACKIE ROBINSON PKWY,11207,75,UNKNOWN,Highway,0.754872634035648,False,BROOKLYN,"(40.6782423, -73.8975214)",trafficstat,True,False,False,False,False,False,False,True,False,,,,,,,
2026-08-11,00:00,40.6686299,-73.8830936,CLEVELAND ST,11208,75,UNKNOWN,Street,43.0656007486815,False,BROOKLYN,"(40.6686299, -73.8830936)",trafficstat,True,False,False,False,False,False,False,False,True,,,,,,,
2026-08-11,00:00,40.6725822,-73.8912164,MILLER AVE,11207,75,UNKNOWN,Street,0.16169325367152337,False,BROOKLYN,"(40.6725822, -73.8912164)",trafficstat,True,False,False,False,False,False,False,False,False,,,,,,,
2026-08-11,00:00,40.6578156,-73.8978874,SNEDIKER AVE,11207,75,UNKNOWN,Street,40.90373859459286,False,BROOKLYN,"(40.6578156, -73.8978874)",trafficstat,False,False,False,False,False,False,False,False,False,,,,,,,
2026-08-11,00:00,40.6529011,-73.8667202,ERSKINE ST,11239,75,UNKNOWN,Street,1.2254875524023767,False,BROOKLYN,"(40.6529011, -73.8667202)",trafficstat,False,False,False,False,False,False,False,False,False,,,,,,,
2026-07-17,00:00,40.6529011,-73.8667202,ERSKINE ST,11239,75,UNKNOWN,Street,1.2254875524023767,False,BROOKLYN,"(40.6529011, -73.8667202)",trafficstat,False,False,False,False,False,False,False,False,False,,,,,,,
2026-07-02,00:00,40.6529011,-73.8667202,ERSKINE ST,11239,75,OTHER,Street,1.2254875524023767,False,BROOKLYN,"(40.6529011, -73.8667202)",trafficstat,True,False,False,False,False,False,False,True,False,,,,,,,
2026-08-11,00:00,40.6572313,-73.8743298,ELTON ST,11239,75,UNKNOWN,Street,48.66894347923673,False,BROOKLYN,"(40.6572313, -73.8743298)",trafficstat,True,False,True,False,False,False,False,False,False,,,,,,,
2026-08-11,00:00,40.6527684,-73.8862897,FLATLANDS AVE,11207,75,UNKNOWN,Street,17.349490882805547,False,BROOKLYN,"(40.6527684, -73.8862897)",trafficstat,True,False,False,False,False,False,False,False,True,,,,,,,
2026-08-10,00:00,40.6577087,-73.8842622,WORTMAN AVE,11207,75,UNKNOWN,Street,140.30322479726922,False,BROOKLYN,"(40.6577087, -73.8842622)",trafficstat,True,False,False,False,False,False,False,True,True,,,,,,,
2026-08-10,00:00,40.6820769,-73.8802492,HALE AVE,11208,75,UNKNOWN,Street,39.050272010891334,False,BROOKLYN,"(40.6820769, -73.8802492)",trafficstat,False,False,False,False,False,False,False,False,False,,,,,,,
2026-08-10,00:00,40.6861921,-73.876216,CHESTNUT ST,11208,75,UNKNOWN,Street,0.5953640681444642,False,BROOKLYN,"(40.6861921, -73.876216)",trafficstat,True,False,False,False,False,False,False,False,True,,,,,,,
2026-08-09,00:00,40.6843167,-73.8947596,BULWER PL,11207,75,UNKNOWN,Street,0.7661936223399456,False,BROOKLYN,"(40.6843167, -73.8947596)",trafficstat,True,False,False,False,False,False,False,True,False,,,,,,,
2026-08-09,00:00,40.685008,-73.8748848,RIDGEWOOD AVE,11208,75,UNKNOWN,Street,43.10054932461638,False,BROOKLYN,"(40.685008, -73.8748848)",trafficstat,False,False,False,False,False,False,False,False,False,,,,,,,
2026-08-09,00:00,40.679561,-73.8988988,HIGHLAND BLVD,11207,75,UNKNOWN,Street,9.723886091888712,False,BROOKLYN,"(40.679561, -73.8988988)",trafficstat,False,False,False,False,False,False,False,False,False,,,,,,,
2026-08-09,00:00,40.6834082,-73.8807246,HALE AVE,11208,75,UNKNOWN,Street,0.21833739398068575,False,BROOKLYN,"(40.6834082, -73.8807246)",trafficstat,False,False,False,False,False,False,False,False,False,,,,,,,
2026-08-09,00:00,40.6746401,-73.9005967,WILLIAMS AVE,11207,75,UNKNOWN,Street,42.75943170123816,False,BROOKLYN,"(40.6746401, -73.9005967)",trafficstat,False,False,False,False,False,False,False,False,False,,,,,,,
2026-08-09,00:00,40.6765736,-73.9007924,WILLIAMS AVE,11207,75,UNKNOWN,Street,0.7700782931312219,False,BROOKLYN,"(40.6765736, -73.9007924)",trafficstat,False,False,False,False,False,False,False,False,False,,,,,,,
2026-08-09,00:00,40.6730648,-73.8930515,WYONA ST,11207,75,UNKNOWN,Street,45.498565479024,False,BROOKLYN,"(40.6730648, -73.8930515)",trafficstat,False,False,False,False,False,False,False,False,False,,,,,,,
2026-08-09,00:00,40.6731186,-73.8786448,ATKINS AVE,11208,75,OTHER,Street,0.2271136254599767,False,BROOKLYN,"(40.6731186, -73.8786448)",trafficstat,False,False,False,False,False,False,False,False,False,,,,,,,
2026-08-09,00:00,40.6537546,-73.8817218,VAN SICLEN AVE,11207,75,OTHER,Street,1.0144822628143222,False,BROOKLYN,"(40.6537546, -73.8817218)",trafficstat,False,False,False,False,False,False,False,False,False,,,,,,,
2026-08-09,00:00,40.6604771,-73.8918464,PENNSYLVANIA AVE,11207,75,UNKNOWN,Street,51.14818241089083,False,BROOKLYN,"(40.6604771, -73.8918464)",trafficstat,False,False,False,False,False,False,False,False,False,,,,,,,
2026-08-08,00:00,40.6618354,-73.893101,PENNSYLVANIA AVE,11207,75,UNKNOWN,Street,1.2173454001180457,False,BROOKLYN,"(40.6618354, -73.893101)",trafficstat,True,False,False,False,False,False,False,False,True,,,,,,,
2026-08-08,00:00,40.6602166,-73.8967403,WILLIAMS AVE,11207,75,OTHER,Street,0.17300101953096927,False,BROOKLYN,"(40.6602166, -73.8967403)",trafficstat,False,False,False,False,False,False,False,False,False,,,,,,,
2026-08-08,00:00,40.657684,-73.88779,STANLEY AVE,11207,75,UNKNOWN,Street,1.896833075184863,False,BROOKLYN,"(40.657684, -73.88779)",trafficstat,False,False,False,False,False,False,False,False,False,,,,,,,
2026-06-20,00:00,40.657684,-73.88779,STANLEY AVE,11207,75,UNKNOWN,Street,1.896833075184863,False,BROOKLYN,"(40.657684, -73.88779)",trafficstat,False,False,False,False,False,False,False,False,False,,,,,,,
2026-08-08,00:00,40.66937,-73.895226,PENNSYLVANIA AVE,11207,75,UNKNOWN,Street,1.5254158927604369,False,BROOKLYN,"(40.66937, -73.895226)",trafficstat,False,False,False,False,False,False,False,False,False,,,,,,,
2026-08-08,00:00,40.6670104,-73.9003885,SNEDIKER AVE,11207,75,OTHER,Street,0.1972189853954151,False,BROOKLYN,"(40.6670104, -73.9003885)",trafficstat,True,False,True,False,False,False,False,False,False,,,,,,,
2026-08-08,00:00,40.67818,-73.8707,CRESCENT ST,11208,75,UNKNOWN,Street,1.3946684724042822,False,BROOKLYN,"(40.67818, -73.8707)",trafficstat,False,False,False,False,False,False,False,False,False,,,,,,,
2026-08-08,00:00,40.6792012,-73.8993817,BUSHWICK AVE,11207,75,UNKNOWN,Street,61.82570262047131,False,BROOKLYN,"(40.6792012, -73.8993817)",trafficstat,False,False,False,False,False,False,False,False,False,,,,,,,
2026-08-07,00:00,40.6802446,-73.876602,ATLANTIC AVE,11208,75,UNKNOWN,Street,26.26273201962801,False,BROOKLYN,"(40.6802446, -73.876602)",trafficstat,False,False,False,False,False,False,False,False,False,,,,,,,
2026-07-20,00:00,40.6802446,-73.876602,ATLANTIC AVE,11208,75,UNKNOWN,Street,26.26273201962801,False,BROOKLYN,"(40.6802446, -73.876602)",trafficstat,False,False,False,False,False,False,False,False,False,,,,,,,
2026-07-19,00:00,40.6802446,-73.876602,ATLANTIC AVE,11208,75,UNKNOWN,Street,26.26273201962801,False,BROOKLYN,"(40.6802446, -73.876602)",trafficstat,True,False,False,False,False,False,False,False,False,,,,,,,
2026-07-11,00:00,40.6802446,-73.876602,ATLANTIC AVE,11208,75,UNKNOWN,Street,26.26273201962801,False,BROOKLYN,"(40.6802446, -73.876602)",trafficstat,False,False,False,False,False,False,False,False,False,,,,,,,
2026-08-07,00:00,40.6814836,-73.8802449,HALE AVE,11208,75,UNKNOWN,Street,0.030747097130180364,False,BROOKLYN,"(40.6814836, -73.8802449)",trafficstat,False,False,False,False,False,False,False,False,False,,,,,,,
2026-08-07,00:00,40.6834832,-73.8720084,CRESCENT ST,11208,75,UNKNOWN,Street,33.12550411242783,False,BROOKLYN,"(40.6834832, -73.8720084)",trafficstat,False,False,False,False,False,False,False,False,False,,,,,,,
2026-08-07,00:00,40.686283,-73.88027,NORWOOD AVE,11208,75,UNKNOWN,Street,0.6131385129598601,False,BROOKLYN,"(40.686283, -73.88027)",trafficstat,False,False,False,False,False,False,False,False,False,,,,,,,
2026-08-07,00:00,40.6735806,-73.8933525,WYONA ST,11207,75,UNKNOWN,Street,0.6323452500411295,False,BROOKLYN,"(40.6735806, -73.8933525)",trafficstat,False,False,False,False,False,False,False,False,False,,,,,,,
2026-08-07,00:00,40.6736211,-73.8842137,CLEVELAND ST,11208,75,UNKNOWN,Street,0.053598715477099435,False,BROOKLYN,"(40.6736211, -73.8842137)",trafficstat,True,False,False,False,False,False,False,True,False,,,,,,,
2026-07-25,00:00,40.6736211,-73.8842137,CLEVELAND ST,11208,75,UNKNOWN,Street,0.053598715477099435,False,BROOKLYN,"(40.6736211, -73.8842137)",trafficstat,True,False,False,True,False,False,False,False,False,,,,,,,
2026-06-24,00:00,40.6736211,-73.8842137,CLEVELAND ST,11208,75,OTHER,Street,0.053598715477099435,False,BROOKLYN,"(40.6736211, -73.8842137)",trafficstat,False,False,False,False,False,False,False,False,False,,,,,,,
2026-08-07,00:00,40.6672833,-73.8985497,WILLIAMS AVE,11207,75,UNKNOWN,Street,0.3082778786729275,False,BROOKLYN,"(40.6672833, -73.8985497)",trafficstat,True,False,False,False,False,False,False,False,False,,,,,,,
2026-08-07,00:00,40.6673028,-73.8718838,FOUNTAIN AVE,11208,75,UNKNOWN,Street,92.51774397323926,False,BROOKLYN,"(40.6673028, -73.8718838)",trafficstat,False,False,False,False,False,False,False,False,False,,,,,,,
2026-08-07,00:00,40.6687966,-73.8983486,SUTTER AVE,11207,75,UNKNOWN,Street,42.84985307198298,False,BROOKLYN,"(40.6687966, -73.8983486)",trafficstat,False,False,False,False,False,False,False,False,False,,,,,,,
2026-08-07,00:00,40.6654731,-73.867517,CRESCENT ST,11208,75,OTHER,Street,0.04102819484801134,False,BROOKLYN,"(40.6654731, -73.867517)",trafficstat,True,False,False,False,False,False,False,True,False,,,,,,,
2026-06-13,00:00,40.6654731,-73.867517,CRESCENT ST,11208,75,OTHER,Street,0.04102819484801134,False,BROOKLYN,"(40.6654731, -73.867517)",trafficstat,True,False,False,False,False,False,False,True,False,,,,,,,
2026-08-07,00:00,40.6673144,-73.8745028,MILFORD ST,11208,75,OTHER,Street,1.0088684663236362,False,BROOKLYN,"(40.6673144, -73.8745028)",trafficstat,True,False,False,False,False,False,False,False,True,,,,,,,
2026-08-07,00:00,40.65391,-73.8727269,ELTON ST,11239,75,OTHER,Street,192.347855280133,False,BROOKLYN,"(40.65391, -73.8727269)",trafficstat,False,False,False,False,False,False,False,False,False,,,,,,,
2026-08-07,00:00,40.6453445,-73.878962,PENNSYLVANIA AVE,11239,75,UNKNOWN,Street,23.26387693842762,False,BROOKLYN,"(40.6453445, -73.878962)",trafficstat,False,False,False,False,False,False,False,False,False,,,,,,,
2026-08-06,00:00,40.668957,-73.89802,ALABAMA AVE,11207,75,UNKNOWN,Street,0.25162673736851643,False,BROOKLYN,"(40.668957, -73.89802)",trafficstat,False,False,False,False,False,False,False,False,False,,,,,,,
2026-08-06,00:00,40.6659502,-73.9002532,SNEDIKER AVE,11207,75,OTHER,Street,36.69223925267167,False,BROOKLYN,"(40.6659502, -73.9002532)",trafficstat,False,False,False,False,False,False,False,False,False,,,,,,,
2026-08-05,00:00,40.6636869,-73.888924,MILLER AVE,11207,75,UNKNOWN,Street,1.9738042970033103,False,BROOKLYN,"(40.6636869, -73.888924)",trafficstat,True,False,False,True,False,False,False,False,False,,,,,,,
2026-08-05,00:00,40.6667786,-73.8889437,VAN SICLEN AVE,11207,75,UNKNOWN,Street,38.877453008230866,False,BROOKLYN,"(40.6667786, -73.8889437)",trafficstat,False,False,False,False,False,False,False,False,False,,,,,,,
2026-08-05,00:00,40.6715989,-73.8635942,ELDERT LN,11208,75,UNKNOWN,Street,66.67141156836598,False,BROOKLYN,"(40.6715989, -73.8635942)",trafficstat,True,False,False,False,False,False,False,False,False,,,,,,,
2026-08-05,00:00,40.6518729,-73.8653471,BELT PKWY,11234,75,UNKNOWN,Highway,0.3506448541105545,False,BROOKLYN,"(40.6518729, -73.8653471)",trafficstat,True,False,False,False,False,False,False,True,True,,,,,,,
2026-08-05,00:00,40.6518729,-73.8653471,BELT PKWY,11234,75,OTHER,Highway,0.3506448541105545,False,BROOKLYN,"(40.6518729, -73.8653471)",trafficstat,True,False,False,False,False,False,False,True,True,,,,,,,
2026-07-18,00:00,40.6518729,-73.8653471,BELT PKWY,11234,75,UNKNOWN,Highway,0.3506448541105545,False,BROOKLYN,"(40.6518729, -73.8653471)",trafficstat,False,False,False,False,False,False,False,False,False,,,,,,,
2026-07-11,00:00,40.6518729,-73.8653471,BELT PKWY,11234,75,UNKNOWN,Highway,0.3506448541105545,False,BROOKLYN,"(40.6518729, -73.8653471)",trafficstat,False,False,False,False,False,False,False,False,False,,,,,,,
2026-07-05,00:00,40.6518729,-73.8653471,BELT PKWY,11234,75,UNKNOWN,Highway,0.3506448541105545,False,BROOKLYN,"(40.6518729, -73.8653471)",trafficstat,True,False,False,False,False,False,False,False,True,,,,,,,
2026-06-28,00:00,40.6518729,-73.8653471,BELT PKWY,11234,75,UNKNOWN,Highway,0.3506448541105545,False,BROOKLYN,"(40.6518729, -73.8653471)",trafficstat,False,False,False,False,False,False,False,False,False,,,,,,,
2026-08-05,00:00,40.6779808,-73.8721069,CONDUIT BLVD,11208,75,UNKNOWN,Street,2.828068759743937,False,BROOKLYN,"(40.6779808, -73.8721069)",trafficstat,False,False,False,False,False,False,False,False,False,,,,,,,
2026-06-16,00:00,40.6779808,-73.8721069,CONDUIT BLVD,11208,75,OTHER,Street,2.828068759743937,False,BROOKLYN,"(40.6779808, -73.8721069)",trafficstat,False,False,False,False,False,False,False,False,False,,,,,,,
2026-08-04,00:00,40.6818434,-73.8658387,95 AVE,,75,UNKNOWN,Street,42.816270710592605,False,BROOKLYN,"(40.6818434, -73.8658387)",trafficstat,False,False,False,False,False,False,False,False,False,,,,,,,
2026-08-04,00:00,40.6815122,-73.8948956,HIGHLAND BLVD,11207,75,UNKNOWN,Street,35.91214545015871,False,BROOKLYN,"(40.6815122, -73.8948956)",trafficstat,True,False,False,False,False,True,False,False,False,,,,,,,
2026-08-04,00:00,40.6715707,-73.8620823,FORBELL ST,11208,75,UNKNOWN,Street,78.36051147118755,False,BROOKLYN,"(40.6715707, -73.8620823)",trafficstat,True,False,False,False,False,False,False,True,False,,,,,,,
2026-08-03,00:00,40.6708297,-73.8930327,BELMONT AVE,11207,75,OTHER,Street,63.31822686903218,False,BROOKLYN,"(40.6708297, -73.8930327)",trafficstat,True,False,True,False,False,False,False,False,False,,,,,,,
2026-08-03,00:00,40.6718483,-73.8872882,BARBEY ST,11207,75,OTHER,Street,0.19093417072385743,False,BROOKLYN,"(40.6718483, -73.8872882)",trafficstat,True,False,False,False,False,False,False,True,False,,,,,,,
2026-08-03,00:00,40.6664212,-73.8637488,STANLEY AVE,11208,75,UNKNOWN,Street,143.7419897193236,False,BROOKLYN,"(40.6664212, -73.8637488)",trafficstat,True,False,False,True,False,False,False,False,False,,,,,,,
2026-08-03,00:00,40.6544841,-73.8865319,NEW JERSEY AVE,11207,75,UNKNOWN,Street,0.9982925586099199,False,BROOKLYN,"(40.6544841, -73.8865319)",trafficstat,False,False,False,False,False,False,False,False,False,,,,,,,
2026-08-03,00:00,40.6625389,-73.8606133,ELDERT LN,11208,75,UNKNOWN,Street,130.04813412655,False,BROOKLYN,"(40.6625389, -73.8606133)",trafficstat,False,False,False,False,False,False,False,False,False,,,,,,,
2026-08-03,00:00,40.6794469,-73.8971338,JACKIE ROBINSON PKWY,11207,75,UNKNOWN,Highway,3.672966694292138,False,BROOKLYN,"(40.6794469, -73.8971338)",trafficstat,False,False,False,False,False,False,False,False,False,,,,,,,
2026-08-02,00:00,40.6818573,-73.8780794,FULTON ST,11208,75,UNKNOWN,Street,43.784463809512005,False,BROOKLYN,"(40.6818573, -73.8780794)",trafficstat,False,False,False,False,False,False,False,False,False,,,,,,,
2026-08-02,00:00,40.6773236,-73.901201,FULTON ST,11207,75,UNKNOWN,Street,38.79171893168226,False,BROOKLYN,"(40.6773236, -73.901201)",trafficstat,False,False,False,False,False,False,False,False,False,,,,,,,
2026-08-02,00:00,40.6709531,-73.875096,LOGAN ST,11208,75,UNKNOWN,Street,38.54666631322146,False,BROOKLYN,"(40.6709531, -73.875096)",trafficstat,False,False,False,False,False,False,False,False,False,,,,,,,