crash_date,crash_time,latitude,longitude,on_street_name,zip_code,precinct,collision_type,roadway_type,geocode_dist_feet,time_is_known,borough,location,source,injury,fatality,injured_pedestrian,injured_cyclist,injured_ebike_rider,injured_motorcyclist,injured_moped_rider,injured_car_occupant,injured_suv_occupant,number_of_persons_injured,number_of_persons_killed,contributing_factor_vehicle_1,collision_id,cross_street_name,off_street_name,vehicle_type_code1
2026-08-02,00:00,40.6764943,-73.8635907,FORBELL ST,11208,75,UNKNOWN,Street,0.040835032399955416,False,BROOKLYN,"(40.6764943, -73.8635907)",trafficstat,False,False,False,False,False,False,False,False,False,,,,,,,
2026-08-02,00:00,40.6762644,-73.8738266,CHESTNUT ST,11208,75,UNKNOWN,Street,36.40221578831286,False,BROOKLYN,"(40.6762644, -73.8738266)",trafficstat,False,False,False,False,False,False,False,False,False,,,,,,,
2026-08-02,00:00,40.661126,-73.8946916,GEORGIA AVE,11207,75,OTHER,Street,1.5295311083000964,False,BROOKLYN,"(40.661126, -73.8946916)",trafficstat,True,False,False,True,False,False,False,False,False,,,,,,,
2026-08-02,00:00,40.6527804,-73.8734771,,,75,UNKNOWN,,602.8117486368068,False,BROOKLYN,"(40.6527804, -73.8734771)",trafficstat,False,False,False,False,False,False,False,False,False,,,,,,,
2026-07-04,00:00,40.6527804,-73.8734771,,,75,UNKNOWN,,602.8117486368068,False,BROOKLYN,"(40.6527804, -73.8734771)",trafficstat,True,False,True,False,False,False,False,False,False,,,,,,,
2026-08-02,00:00,40.6715212,-73.8803057,SUTTER AVE,11208,75,UNKNOWN,Street,23.913651613421592,False,BROOKLYN,"(40.6715212, -73.8803057)",trafficstat,False,False,False,False,False,False,False,False,False,,,,,,,
2026-08-01,00:00,40.6751853,-73.8734281,CHESTNUT ST,11208,75,UNKNOWN,Street,0.09180783939831309,False,BROOKLYN,"(40.6751853, -73.8734281)",trafficstat,True,False,False,False,False,False,False,True,False,,,,,,,
2026-08-01,00:00,40.6669628,-73.8966908,GEORGIA AVE,11207,75,UNKNOWN,Street,37.36836987573555,False,BROOKLYN,"(40.6669628, -73.8966908)",trafficstat,False,False,False,False,False,False,False,False,False,,,,,,,
2026-08-01,00:00,40.6658531,-73.8839136,NEW LOTS AVE,11207,75,UNKNOWN,Street,2.2345147423283502,False,BROOKLYN,"(40.6658531, -73.8839136)",trafficstat,True,False,False,True,False,False,False,False,False,,,,,,,
2026-07-18,00:00,40.6658531,-73.8839136,NEW LOTS AVE,11207,75,UNKNOWN,Street,2.2345147423283502,False,BROOKLYN,"(40.6658531, -73.8839136)",trafficstat,True,False,True,False,False,False,False,False,False,,,,,,,
2026-08-01,00:00,40.6521307,-73.8708464,,,75,OTHER,,578.1796237353484,False,BROOKLYN,"(40.6521307, -73.8708464)",trafficstat,False,False,False,False,False,False,False,False,False,,,,,,,
2026-08-01,00:00,40.6556482,-73.871227,SCHROEDERS AVE,11239,75,UNKNOWN,Street,2.7661167938431523,False,BROOKLYN,"(40.6556482, -73.871227)",trafficstat,True,False,False,False,False,False,False,True,False,,,,,,,
2026-08-01,00:00,40.657683,-73.8877843,VERMONT ST,11207,75,UNKNOWN,Street,0.9058995113063036,False,BROOKLYN,"(40.657683, -73.8877843)",trafficstat,False,False,False,False,False,False,False,False,False,,,,,,,
2026-07-05,00:00,40.657683,-73.8877843,VERMONT ST,11207,75,UNKNOWN,Street,0.9058995113063036,False,BROOKLYN,"(40.657683, -73.8877843)",trafficstat,True,False,True,False,False,False,False,False,False,,,,,,,
2026-06-29,00:00,40.657683,-73.8877843,VERMONT ST,11207,75,UNKNOWN,Street,0.9058995113063036,False,BROOKLYN,"(40.657683, -73.8877843)",trafficstat,False,False,False,False,False,False,False,False,False,,,,,,,
2026-08-01,00:00,40.6580064,-73.8740698,LINWOOD ST,11239,75,UNKNOWN,Street,1.0752081809327725,False,BROOKLYN,"(40.6580064, -73.8740698)",trafficstat,False,False,False,False,False,False,False,False,False,,,,,,,
2026-07-31,00:00,40.6562148,-73.8825103,VAN SICLEN AVE,11207,75,UNKNOWN,Street,0.3053652409044114,False,BROOKLYN,"(40.6562148, -73.8825103)",trafficstat,True,False,False,True,False,False,False,False,False,,,,,,,
2026-07-31,00:00,40.660988,-73.8892,WYONA ST,11207,75,UNKNOWN,Street,1.192391542607796,False,BROOKLYN,"(40.660988, -73.8892)",trafficstat,True,False,True,False,False,False,False,False,False,,,,,,,
2026-07-31,00:00,40.6547921,-73.889984,GEORGIA AVE,11207,75,UNKNOWN,Street,0.9293408921423083,False,BROOKLYN,"(40.6547921, -73.889984)",trafficstat,True,False,False,False,False,False,False,True,False,,,,,,,
2026-07-31,00:00,40.6738502,-73.9002269,WILLIAMS AVE,11207,75,UNKNOWN,Street,0.26871221905359316,False,BROOKLYN,"(40.6738502, -73.9002269)",trafficstat,True,False,False,False,False,False,False,False,True,,,,,,,
2026-07-31,00:00,40.6671206,-73.8888894,VAN SICLEN AVE,11207,75,OTHER,Street,0.25572615953286965,False,BROOKLYN,"(40.6671206, -73.8888894)",trafficstat,False,False,False,False,False,False,False,False,False,,,,,,,
2026-07-31,00:00,40.6808946,-73.8853468,ARLINGTON AVE,11208,75,UNKNOWN,Street,50.8893052042302,False,BROOKLYN,"(40.6808946, -73.8853468)",trafficstat,False,False,False,False,False,False,False,False,False,,,,,,,
2026-07-31,00:00,40.6802733,-73.888525,JEROME ST,11207,75,OTHER,Street,0.3441989996163019,False,BROOKLYN,"(40.6802733, -73.888525)",trafficstat,False,False,False,False,False,False,False,False,False,,,,,,,
2026-07-31,00:00,40.6828683,-73.8742127,EUCLID AVE,11208,75,UNKNOWN,Street,45.792251586538654,False,BROOKLYN,"(40.6828683, -73.8742127)",trafficstat,False,False,False,False,False,False,False,False,False,,,,,,,
2026-07-30,00:00,40.6879901,-73.8704612,LINCOLN AVE,11208,75,UNKNOWN,Street,30.360975820483386,False,BROOKLYN,"(40.6879901, -73.8704612)",trafficstat,False,False,False,False,False,False,False,False,False,,,,,,,
2026-07-30,00:00,40.6738457,-73.8961468,PENNSYLVANIA AVE,11207,75,OTHER,Street,60.1165869599422,False,BROOKLYN,"(40.6738457, -73.8961468)",trafficstat,False,False,False,False,False,False,False,False,False,,,,,,,
2026-07-30,00:00,40.669804,-73.881546,LINWOOD ST,11208,75,UNKNOWN,Street,0.6528181422905626,False,BROOKLYN,"(40.669804, -73.881546)",trafficstat,False,False,False,False,False,False,False,False,False,,,,,,,
2026-07-30,00:00,40.6555641,-73.8797328,SCHENCK AVE,11207,75,OTHER,Street,0.8827803924800306,False,BROOKLYN,"(40.6555641, -73.8797328)",trafficstat,False,False,False,False,False,False,False,False,False,,,,,,,
2026-07-29,00:00,40.6555641,-73.8797328,SCHENCK AVE,11207,75,UNKNOWN,Street,0.8827803924800306,False,BROOKLYN,"(40.6555641, -73.8797328)",trafficstat,True,False,False,False,False,False,False,True,False,,,,,,,
2026-07-30,00:00,40.6440419,-73.8775194,SEAVIEW AVE,11239,75,UNKNOWN,Street,1.9204875039740554,False,BROOKLYN,"(40.6440419, -73.8775194)",trafficstat,False,False,False,False,False,False,False,False,False,,,,,,,
2026-07-12,00:00,40.6440419,-73.8775194,SEAVIEW AVE,11239,75,OTHER,Street,1.9204875039740554,False,BROOKLYN,"(40.6440419, -73.8775194)",trafficstat,True,False,False,False,False,False,False,True,False,,,,,,,
2026-07-30,00:00,40.662564,-73.891449,VERMONT ST,11207,75,UNKNOWN,Street,1.1072670826282447,False,BROOKLYN,"(40.662564, -73.891449)",trafficstat,True,False,False,False,False,False,False,False,False,,,,,,,
2026-07-30,00:00,40.6583083,-73.8818255,SCHENCK AVE,11207,75,OTHER,Street,0.9486127719794415,False,BROOKLYN,"(40.6583083, -73.8818255)",trafficstat,True,False,True,False,False,False,False,False,False,,,,,,,
2026-07-29,00:00,40.661385,-73.884094,SCHENCK AVE,11207,75,OTHER,Street,0.23151767145233346,False,BROOKLYN,"(40.661385, -73.884094)",trafficstat,True,False,False,False,False,False,False,False,True,,,,,,,
2026-07-29,00:00,40.6686147,-73.8586302,EMERALD ST,11208,75,OTHER,Street,38.488792464611706,False,BROOKLYN,"(40.6686147, -73.8586302)",trafficstat,False,False,False,False,False,False,False,False,False,,,,,,,
2026-07-29,00:00,40.6759123,-73.8949098,VERMONT ST,11207,75,UNKNOWN,Street,0.2906424756105949,False,BROOKLYN,"(40.6759123, -73.8949098)",trafficstat,True,False,False,False,False,False,False,True,False,,,,,,,
2026-07-12,00:00,40.6759123,-73.8949098,VERMONT ST,11207,75,OTHER,Street,0.2906424756105949,False,BROOKLYN,"(40.6759123, -73.8949098)",trafficstat,False,False,False,False,False,False,False,False,False,,,,,,,
2026-07-28,00:00,40.6735746,-73.9020767,SNEDIKER AVE,11207,75,UNKNOWN,Street,0.04311061646562692,False,BROOKLYN,"(40.6735746, -73.9020767)",trafficstat,True,False,True,False,False,False,False,False,False,,,,,,,
2026-07-28,00:00,40.6703556,-73.8586886,LINDEN BLVD,11208,75,OTHER,Street,45.64492412135017,False,BROOKLYN,"(40.6703556, -73.8586886)",trafficstat,False,False,False,False,False,False,False,False,False,,,,,,,
2026-07-28,00:00,40.6639715,-73.8615219,FORBELL ST,11208,75,UNKNOWN,Street,286.47875624724264,False,BROOKLYN,"(40.6639715, -73.8615219)",trafficstat,True,False,False,False,False,False,False,True,False,,,,,,,
2026-07-28,00:00,40.6676523,-73.8852983,JEROME ST,11207,75,OTHER,Street,0.6546293677355917,False,BROOKLYN,"(40.6676523, -73.8852983)",trafficstat,True,False,False,False,False,False,False,True,False,,,,,,,
2026-07-28,00:00,40.6606564,-73.8857861,VAN SICLEN AVE,11207,75,UNKNOWN,Street,0.9200808118849181,False,BROOKLYN,"(40.6606564, -73.8857861)",trafficstat,True,False,False,True,False,False,False,False,False,,,,,,,
2026-07-05,00:00,40.6606564,-73.8857861,VAN SICLEN AVE,11207,75,UNKNOWN,Street,0.9200808118849181,False,BROOKLYN,"(40.6606564, -73.8857861)",trafficstat,True,False,False,False,False,False,False,False,True,,,,,,,
2026-07-28,00:00,40.664061,-73.8986808,HINSDALE ST,11207,75,UNKNOWN,Street,0.3413018188576966,False,BROOKLYN,"(40.664061, -73.8986808)",trafficstat,False,False,False,False,False,False,False,False,False,,,,,,,
2026-07-28,00:00,40.6574844,-73.8696928,VANDALIA AVE,11239,75,UNKNOWN,Street,45.46559311885681,False,BROOKLYN,"(40.6574844, -73.8696928)",trafficstat,False,False,False,False,False,False,False,False,False,,,,,,,
2026-07-27,00:00,40.6657942,-73.8795108,LINWOOD ST,11208,75,UNKNOWN,Street,79.31608704917826,False,BROOKLYN,"(40.6657942, -73.8795108)",trafficstat,False,False,False,False,False,False,False,False,False,,,,,,,
2026-07-27,00:00,40.6696528,-73.8933119,VERMONT ST,11207,75,OTHER,Street,0.4541770458918263,False,BROOKLYN,"(40.6696528, -73.8933119)",trafficstat,True,False,False,True,False,False,False,False,False,,,,,,,
2026-07-27,00:00,40.6693691,-73.8952229,PENNSYLVANIA AVE,11207,75,UNKNOWN,Street,0.74328920195176,False,BROOKLYN,"(40.6693691, -73.8952229)",trafficstat,False,False,False,False,False,False,False,False,False,,,,,,,
2026-06-19,00:00,40.6693691,-73.8952229,PENNSYLVANIA AVE,11207,75,UNKNOWN,Street,0.74328920195176,False,BROOKLYN,"(40.6693691, -73.8952229)",trafficstat,False,False,False,False,False,False,False,False,False,,,,,,,
2026-07-27,00:00,40.6761227,-73.8999386,ALABAMA AVE,11207,75,OTHER,Street,24.29112628026458,False,BROOKLYN,"(40.6761227, -73.8999386)",trafficstat,True,False,False,False,False,False,False,True,False,,,,,,,
2026-07-27,00:00,40.6718639,-73.8783335,ATKINS AVE,11208,75,UNKNOWN,Street,0.3892372408514583,False,BROOKLYN,"(40.6718639, -73.8783335)",trafficstat,True,False,False,False,True,False,False,False,False,,,,,,,
2026-06-29,00:00,40.6718639,-73.8783335,ATKINS AVE,11208,75,UNKNOWN,Street,0.3892372408514583,False,BROOKLYN,"(40.6718639, -73.8783335)",trafficstat,False,False,False,False,False,False,False,False,False,,,,,,,
2026-07-27,00:00,40.6734387,-73.8943009,VERMONT ST,11207,75,UNKNOWN,Street,0.4468146159740008,False,BROOKLYN,"(40.6734387, -73.8943009)",trafficstat,True,False,False,False,False,False,False,False,True,,,,,,,
2026-07-20,00:00,40.6734387,-73.8943009,VERMONT ST,11207,75,UNKNOWN,Street,0.4468146159740008,False,BROOKLYN,"(40.6734387, -73.8943009)",trafficstat,False,False,False,False,False,False,False,False,False,,,,,,,
2026-07-27,00:00,40.6794476,-73.8711304,CRESCENT ST,11208,75,UNKNOWN,Street,31.625235586248984,False,BROOKLYN,"(40.6794476, -73.8711304)",trafficstat,True,False,False,False,False,False,True,False,False,,,,,,,
2026-07-26,00:00,40.6806648,-73.9026215,CONWAY ST,11207,75,UNKNOWN,Street,2.257290085077239,False,BROOKLYN,"(40.6806648, -73.9026215)",trafficstat,True,False,False,False,False,False,False,True,False,,,,,,,
2026-07-26,00:00,40.6796555,-73.8855552,CLEVELAND ST,11208,75,UNKNOWN,Street,0.3600402701643209,False,BROOKLYN,"(40.6796555, -73.8855552)",trafficstat,True,False,False,False,False,False,False,True,False,,,,,,,
2026-07-17,00:00,40.6796555,-73.8855552,CLEVELAND ST,11208,75,UNKNOWN,Street,0.3600402701643209,False,BROOKLYN,"(40.6796555, -73.8855552)",trafficstat,True,False,False,False,False,False,False,True,False,,,,,,,
2026-07-26,00:00,40.674522,-73.87804,MONTAUK AVE,11208,75,UNKNOWN,Street,1.1387345585070126,False,BROOKLYN,"(40.674522, -73.87804)",trafficstat,True,False,False,False,False,False,False,False,False,,,,,,,
2026-07-26,00:00,40.6721543,-73.8961756,PENNSYLVANIA AVE,11207,75,UNKNOWN,Street,65.89577032199091,False,BROOKLYN,"(40.6721543, -73.8961756)",trafficstat,False,False,False,False,False,False,False,False,False,,,,,,,
2026-07-26,00:00,40.6623872,-73.8904121,WYONA ST,11207,75,UNKNOWN,Street,45.98051014893194,False,BROOKLYN,"(40.6623872, -73.8904121)",trafficstat,False,False,False,False,False,False,False,False,False,,,,,,,
2026-07-26,00:00,40.6659492,-73.8734925,LINDEN BLVD,11208,75,UNKNOWN,Street,22.83934759890046,False,BROOKLYN,"(40.6659492, -73.8734925)",trafficstat,True,False,False,False,False,False,True,False,False,,,,,,,
2026-07-26,00:00,40.6422301,-73.8793307,LOUISIANA AVE,11239,75,UNKNOWN,Street,105.66794866424753,False,BROOKLYN,"(40.6422301, -73.8793307)",trafficstat,False,False,False,False,False,False,False,False,False,,,,,,,
2026-07-25,00:00,40.6493906,-73.8866684,VANDALIA AVE,11239,75,OTHER,Street,129.04044845645697,False,BROOKLYN,"(40.6493906, -73.8866684)",trafficstat,True,False,True,False,False,False,False,False,False,,,,,,,
2026-07-24,00:00,40.657797,-73.8684585,ERSKINE ST,11239,75,UNKNOWN,Street,0.4899826039991043,False,BROOKLYN,"(40.657797, -73.8684585)",trafficstat,False,False,False,False,False,False,False,False,False,,,,,,,
2026-07-24,00:00,40.6641493,-73.8818548,ASHFORD ST,11207,75,UNKNOWN,Street,1.0900639831217163,False,BROOKLYN,"(40.6641493, -73.8818548)",trafficstat,False,False,False,False,False,False,False,False,False,,,,,,,
2026-06-17,00:00,40.6641493,-73.8818548,ASHFORD ST,11207,75,UNKNOWN,Street,1.0900639831217163,False,BROOKLYN,"(40.6641493, -73.8818548)",trafficstat,True,False,True,False,False,False,False,False,False,,,,,,,
2026-07-24,00:00,40.6688179,-73.8989403,WILLIAMS AVE,11207,75,UNKNOWN,Street,0.15002230890348928,False,BROOKLYN,"(40.6688179, -73.8989403)",trafficstat,True,False,False,False,False,False,False,False,True,,,,,,,
2026-07-24,00:00,40.67175,-73.89684,SHEFFIELD AVE,11207,75,UNKNOWN,Street,0.12784824078950666,False,BROOKLYN,"(40.67175, -73.89684)",trafficstat,False,False,False,False,False,False,False,False,False,,,,,,,
2026-07-23,00:00,40.6757902,-73.9026791,ATLANTIC AVE,11207,75,UNKNOWN,Bridge,10.736461743036891,False,BROOKLYN,"(40.6757902, -73.9026791)",trafficstat,True,False,True,False,False,True,False,False,False,,,,,,,
2026-07-23,00:00,40.6776524,-73.8705717,CONDUIT BLVD,11208,75,UNKNOWN,Street,2.5625657766783276,False,BROOKLYN,"(40.6776524, -73.8705717)",trafficstat,False,False,False,False,False,False,False,False,False,,,,,,,
2026-07-22,00:00,40.6785373,-73.8841824,ELTON ST,11208,75,UNKNOWN,Street,34.536737996011595,False,BROOKLYN,"(40.6785373, -73.8841824)",trafficstat,False,False,False,False,False,False,False,False,False,,,,,,,
2026-07-22,00:00,40.6739596,-73.8642187,SUTTER AVE,11208,75,UNKNOWN,Street,17.854521626795556,False,BROOKLYN,"(40.6739596, -73.8642187)",trafficstat,False,False,False,False,False,False,False,False,False,,,,,,,
2026-07-22,00:00,40.6718486,-73.8746643,FOUNTAIN AVE,11208,75,UNKNOWN,Street,48.90746756359361,False,BROOKLYN,"(40.6718486, -73.8746643)",trafficstat,False,False,False,False,False,False,False,False,False,,,,,,,
2026-07-22,00:00,40.6830179,-73.8747964,FULTON ST,11208,75,UNKNOWN,Street,34.528532867138665,False,BROOKLYN,"(40.6830179, -73.8747964)",trafficstat,True,False,True,False,False,False,False,False,False,,,,,,,
2026-07-22,00:00,40.6634483,-73.8834852,JEROME ST,11207,75,OTHER,Street,1.64919966308716,False,BROOKLYN,"(40.6634483, -73.8834852)",trafficstat,False,False,False,False,False,False,False,False,False,,,,,,,
2026-07-21,00:00,40.6575179,-73.8930863,ALABAMA AVE,11207,75,OTHER,Street,0.8823706312569732,False,BROOKLYN,"(40.6575179, -73.8930863)",trafficstat,True,False,False,False,False,False,False,False,True,,,,,,,
2026-07-21,00:00,40.65576,-73.89471,ANNA CT,11207,75,UNKNOWN,Street,1.0944544389981823,False,BROOKLYN,"(40.65576, -73.89471)",trafficstat,False,False,False,False,False,False,False,False,False,,,,,,,
2026-07-21,00:00,40.6677721,-73.8729072,FOUNTAIN AVE,11208,75,UNKNOWN,Street,67.37321765291765,False,BROOKLYN,"(40.6677721, -73.8729072)",trafficstat,False,False,False,False,False,False,False,False,False,,,,,,,
2026-07-21,00:00,40.669724,-73.86096,DREW ST,11208,75,UNKNOWN,Street,0.826295072337386,False,BROOKLYN,"(40.669724, -73.86096)",trafficstat,True,False,False,False,False,False,False,False,True,,,,,,,
2026-07-20,00:00,40.6700591,-73.8905572,MILLER AVE,11207,75,OTHER,Street,0.09568297510959281,False,BROOKLYN,"(40.6700591, -73.8905572)",trafficstat,True,False,False,False,False,False,False,True,False,,,,,,,
2026-07-20,00:00,40.6578144,-73.8961241,WILLIAMS AVE,11207,75,UNKNOWN,Street,0.23376401777831807,False,BROOKLYN,"(40.6578144, -73.8961241)",trafficstat,True,False,False,False,False,False,False,False,True,,,,,,,
2026-07-20,00:00,40.6714801,-73.8986659,ALABAMA AVE,11207,75,UNKNOWN,Street,0.5543436237928563,False,BROOKLYN,"(40.6714801, -73.8986659)",trafficstat,True,False,False,False,True,False,False,False,False,,,,,,,
2026-07-07,00:00,40.6714801,-73.8986659,ALABAMA AVE,11207,75,UNKNOWN,Street,0.5543436237928563,False,BROOKLYN,"(40.6714801, -73.8986659)",trafficstat,False,False,False,False,False,False,False,False,False,,,,,,,
2026-07-19,00:00,40.6793737,-73.886439,ASHFORD ST,11207,75,UNKNOWN,Street,0.5281971271244588,False,BROOKLYN,"(40.6793737, -73.886439)",trafficstat,True,False,True,False,False,False,False,False,False,,,,,,,
2026-07-05,00:00,40.6793737,-73.886439,ASHFORD ST,11207,75,UNKNOWN,Street,0.5281971271244588,False,BROOKLYN,"(40.6793737, -73.886439)",trafficstat,True,False,False,False,False,False,False,False,True,,,,,,,
2026-07-19,00:00,40.6790038,-73.8642165,FORBELL ST,11208,75,UNKNOWN,Street,0.048568390355091084,False,BROOKLYN,"(40.6790038, -73.8642165)",trafficstat,True,False,False,False,False,False,False,True,False,,,,,,,
2026-07-19,00:00,40.6519255,-73.8712816,,,75,OTHER,,609.3974436861437,False,BROOKLYN,"(40.6519255, -73.8712816)",trafficstat,False,False,False,False,False,False,False,False,False,,,,,,,
2026-07-19,00:00,40.66968,-73.88236,ELTON ST,11208,75,UNKNOWN,Street,0.1975052809703313,False,BROOKLYN,"(40.66968, -73.88236)",trafficstat,True,False,True,False,False,False,False,False,False,,,,,,,
2026-07-19,00:00,40.6656678,-73.8950721,SHEFFIELD AVE,11207,75,OTHER,Street,58.10788401027201,False,BROOKLYN,"(40.6656678, -73.8950721)",trafficstat,False,False,False,False,False,False,False,False,False,,,,,,,
2026-07-18,00:00,40.6484736,-73.8713865,BELT PKWY,11234,75,UNKNOWN,Highway,2.4794041274439844,False,BROOKLYN,"(40.6484736, -73.8713865)",trafficstat,True,False,False,False,False,False,False,True,False,,,,,,,
2026-07-18,00:00,40.6635458,-73.8694852,FOUNTAIN AVE,11208,75,UNKNOWN,Street,1.1285155513224736,False,BROOKLYN,"(40.6635458, -73.8694852)",trafficstat,True,False,False,False,False,False,False,False,False,,,,,,,
2026-07-18,00:00,40.6785582,-73.8890074,BARBEY ST,11207,75,OTHER,Street,0.6174406853154865,False,BROOKLYN,"(40.6785582, -73.8890074)",trafficstat,False,False,False,False,False,False,False,False,False,,,,,,,
2026-07-18,00:00,40.67816,-73.89748,PENNSYLVANIA AVE,11207,75,OTHER,Street,1.6608407623616428,False,BROOKLYN,"(40.67816, -73.89748)",trafficstat,True,False,False,False,False,False,False,True,False,,,,,,,
2026-07-17,00:00,40.6844982,-73.880993,HALE AVE,11208,75,UNKNOWN,Street,0.2981376290273549,False,BROOKLYN,"(40.6844982, -73.880993)",trafficstat,True,False,False,False,False,False,False,True,False,,,,,,,
2026-07-17,00:00,40.686733,-73.87404,PINE ST,11208,75,UNKNOWN,Street,0.13254774280944753,False,BROOKLYN,"(40.686733, -73.87404)",trafficstat,False,False,False,False,False,False,False,False,False,,,,,,,
2026-07-17,00:00,40.674686,-73.89459,VERMONT ST,11207,75,UNKNOWN,Street,0.9852625034872959,False,BROOKLYN,"(40.674686, -73.89459)",trafficstat,False,False,False,False,False,False,False,False,False,,,,,,,
2026-07-17,00:00,40.6545325,-73.886009,COZINE AVE,11207,75,UNKNOWN,Street,58.62331133867253,False,BROOKLYN,"(40.6545325, -73.886009)",trafficstat,False,False,False,False,False,False,False,False,False,,,,,,,
2026-07-17,00:00,40.6679545,-73.8700642,EUCLID AVE,11208,75,UNKNOWN,Street,0.3929023997450444,False,BROOKLYN,"(40.6679545, -73.8700642)",trafficstat,True,False,True,False,False,False,False,False,False,,,,,,,
2026-07-10,00:00,40.6679545,-73.8700642,EUCLID AVE,11208,75,UNKNOWN,Street,0.3929023997450444,False,BROOKLYN,"(40.6679545, -73.8700642)",trafficstat,True,False,False,False,False,False,False,False,True,,,,,,,
2026-07-16,00:00,40.6669609,-73.8614027,FORBELL ST,11208,75,UNKNOWN,Street,49.27617449795735,False,BROOKLYN,"(40.6669609, -73.8614027)",trafficstat,False,False,False,False,False,False,False,False,False,,,,,,,
2026-07-16,00:00,40.6724486,-73.892125,BRADFORD ST,11207,75,UNKNOWN,Street,0.7203129868307323,False,BROOKLYN,"(40.6724486, -73.892125)",trafficstat,False,False,False,False,False,False,False,False,False,,,,,,,
2026-07-15,00:00,40.6775,-73.87148,PINE ST,11208,75,UNKNOWN,Street,0.12273124608609176,False,BROOKLYN,"(40.6775, -73.87148)",trafficstat,False,False,False,False,False,False,False,False,False,,,,,,,
2026-07-15,00:00,40.6794279,-73.8726747,MC KINLEY AVE,11208,75,OTHER,Street,40.05684194887021,False,BROOKLYN,"(40.6794279, -73.8726747)",trafficstat,False,False,False,False,False,False,False,False,False,,,,,,,
2026-07-15,00:00,40.6703264,-73.8779506,ATKINS AVE,11208,75,UNKNOWN,Street,0.44824442642482387,False,BROOKLYN,"(40.6703264, -73.8779506)",trafficstat,True,False,False,False,False,False,False,False,False,,,,,,,
2026-06-23,00:00,40.6703264,-73.8779506,ATKINS AVE,11208,75,UNKNOWN,Street,0.44824442642482387,False,BROOKLYN,"(40.6703264, -73.8779506)",trafficstat,True,False,False,False,False,False,False,False,True,,,,,,,
2026-07-15,00:00,40.6636421,-73.8908308,WYONA ST,11207,75,UNKNOWN,Street,0.502981399982511,False,BROOKLYN,"(40.6636421, -73.8908308)",trafficstat,True,False,False,False,False,False,False,True,False,,,,,,,
2026-07-15,00:00,40.658577,-73.890625,PENNSYLVANIA AVE,11207,75,UNKNOWN,Street,0.01970573459361089,False,BROOKLYN,"(40.658577, -73.890625)",trafficstat,False,False,False,False,False,False,False,False,False,,,,,,,
2026-07-15,00:00,40.6611568,-73.8710038,MONTAUK AVE,11208,75,UNKNOWN,Street,1.43454862024912,False,BROOKLYN,"(40.6611568, -73.8710038)",trafficstat,True,False,False,False,False,False,False,True,False,,,,,,,
2026-07-14,00:00,40.6559111,-73.8918959,ALABAMA AVE,11207,75,UNKNOWN,Street,1.5696867942390986,False,BROOKLYN,"(40.6559111, -73.8918959)",trafficstat,True,False,False,True,False,False,False,False,False,,,,,,,
2026-07-10,00:00,40.6559111,-73.8918959,ALABAMA AVE,11207,75,UNKNOWN,Street,1.5696867942390986,False,BROOKLYN,"(40.6559111, -73.8918959)",trafficstat,True,False,True,False,False,False,False,False,False,,,,,,,
2026-07-14,00:00,40.6826325,-73.8761511,FULTON ST,11208,75,OTHER,Street,34.30253748389732,False,BROOKLYN,"(40.6826325, -73.8761511)",trafficstat,True,False,False,False,False,False,False,True,False,,,,,,,
2026-07-14,00:00,40.6783201,-73.8786916,MONTAUK AVE,11208,75,UNKNOWN,Street,75.67754596051599,False,BROOKLYN,"(40.6783201, -73.8786916)",trafficstat,False,False,False,False,False,False,False,False,False,,,,,,,
2026-07-13,00:00,40.6769644,-73.8989424,FULTON ST,11207,75,UNKNOWN,Street,3.2248556898707377,False,BROOKLYN,"(40.6769644, -73.8989424)",trafficstat,False,False,False,False,False,False,False,False,False,,,,,,,
2026-07-13,00:00,40.6764588,-73.8805608,BERRIMAN ST,11208,75,UNKNOWN,Street,36.01104376055257,False,BROOKLYN,"(40.6764588, -73.8805608)",trafficstat,False,False,False,False,False,False,False,False,False,,,,,,,
2026-07-13,00:00,40.6749818,-73.8848055,GLENMORE AVE,11207,75,UNKNOWN,Street,44.635961749757456,False,BROOKLYN,"(40.6749818, -73.8848055)",trafficstat,False,False,False,False,False,False,False,False,False,,,,,,,
2026-07-13,00:00,40.6750385,-73.8843178,GLENMORE AVE,11208,75,OTHER,Street,39.056462161297375,False,BROOKLYN,"(40.6750385, -73.8843178)",trafficstat,False,False,False,False,False,False,False,False,False,,,,,,,
2026-07-13,00:00,40.6722769,-73.8923714,PITKIN AVE,11207,75,UNKNOWN,Street,51.34595129788371,False,BROOKLYN,"(40.6722769, -73.8923714)",trafficstat,False,False,False,False,False,False,False,False,False,,,,,,,
2026-07-13,00:00,40.68536,-73.8822,HIGHLAND PL,11208,75,UNKNOWN,Street,0.45381702913620986,False,BROOKLYN,"(40.68536, -73.8822)",trafficstat,False,False,False,False,False,False,False,False,False,,,,,,,
2026-07-13,00:00,40.659702,-73.87859,ASHFORD ST,11207,75,OTHER,Street,0.510509334116273,False,BROOKLYN,"(40.659702, -73.87859)",trafficstat,False,False,False,False,False,False,False,False,False,,,,,,,
2026-07-12,00:00,40.6564999,-73.8681799,ERSKINE ST,11239,75,OTHER,Street,57.9632108163811,False,BROOKLYN,"(40.6564999, -73.8681799)",trafficstat,True,False,False,False,False,True,False,False,False,,,,,,,
2026-07-12,00:00,40.6685731,-73.8990107,WILLIAMS AVE,11207,75,UNKNOWN,Street,36.22439133889359,False,BROOKLYN,"(40.6685731, -73.8990107)",trafficstat,False,False,False,False,False,False,False,False,False,,,,,,,