crash_date,crash_time,latitude,longitude,on_street_name,zip_code,precinct,collision_type,roadway_type,geocode_dist_feet,time_is_known,borough,location,source,injury,fatality,injured_pedestrian,injured_cyclist,injured_ebike_rider,injured_motorcyclist,injured_moped_rider,injured_car_occupant,injured_suv_occupant,number_of_persons_injured,number_of_persons_killed,contributing_factor_vehicle_1,collision_id,cross_street_name,off_street_name,vehicle_type_code1
2026-07-12,00:00,40.6710701,-73.8687075,CRESCENT ST,11208,75,OTHER,Street,60.172343077276835,False,BROOKLYN,"(40.6710701, -73.8687075)",trafficstat,False,False,False,False,False,False,False,False,False,,,,,,,
2026-07-12,00:00,40.6853733,-73.8722569,RIDGEWOOD AVE,11208,75,UNKNOWN,Street,57.51697198885076,False,BROOKLYN,"(40.6853733, -73.8722569)",trafficstat,False,False,False,False,False,False,False,False,False,,,,,,,
2026-07-12,00:00,40.6774964,-73.8953183,VERMONT ST,11207,75,UNKNOWN,Street,0.367941282031528,False,BROOKLYN,"(40.6774964, -73.8953183)",trafficstat,False,False,False,False,False,False,False,False,False,,,,,,,
2026-07-12,00:00,40.6777199,-73.86485,ELDERT LN,11208,75,UNKNOWN,Street,0.08728879273233034,False,BROOKLYN,"(40.6777199, -73.86485)",trafficstat,False,False,False,False,False,False,False,False,False,,,,,,,
2026-07-11,00:00,40.6715543,-73.8781788,ATKINS AVE,11208,75,UNKNOWN,Street,20.745981412565722,False,BROOKLYN,"(40.6715543, -73.8781788)",trafficstat,False,False,False,False,False,False,False,False,False,,,,,,,
2026-07-11,00:00,40.6701928,-73.8896774,VAN SICLEN AVE,11207,75,OTHER,Street,0.6150196663633297,False,BROOKLYN,"(40.6701928, -73.8896774)",trafficstat,True,False,False,False,False,False,False,True,False,,,,,,,
2026-07-11,00:00,40.6621915,-73.8922966,NEW JERSEY AVE,11207,75,OTHER,Street,2.530322909672079,False,BROOKLYN,"(40.6621915, -73.8922966)",trafficstat,True,False,False,True,False,False,False,False,False,,,,,,,
2026-07-10,00:00,40.6656011,-73.8666156,HEMLOCK ST,11208,75,UNKNOWN,Street,0.4327927471182249,False,BROOKLYN,"(40.6656011, -73.8666156)",trafficstat,False,False,False,False,False,False,False,False,False,,,,,,,
2026-07-10,00:00,40.6729831,-73.8885156,SCHENCK AVE,11207,75,UNKNOWN,Street,0.28482371949679636,False,BROOKLYN,"(40.6729831, -73.8885156)",trafficstat,False,False,False,False,False,False,False,False,False,,,,,,,
2026-07-10,00:00,40.6731966,-73.8879282,PITKIN AVE,11207,75,UNKNOWN,Street,42.177587075474904,False,BROOKLYN,"(40.6731966, -73.8879282)",trafficstat,True,False,False,False,False,False,False,False,False,,,,,,,
2026-07-10,00:00,40.6755991,-73.9006785,ATLANTIC AVE,11207,75,OTHER,Bridge,11.993675854210991,False,BROOKLYN,"(40.6755991, -73.9006785)",trafficstat,True,False,False,False,False,False,False,True,False,,,,,,,
2026-07-10,00:00,40.6840584,-73.8839345,ESSEX ST,11208,75,UNKNOWN,Street,45.64649678825128,False,BROOKLYN,"(40.6840584, -73.8839345)",trafficstat,False,False,False,False,False,False,False,False,False,,,,,,,
2026-07-09,00:00,40.683411,-73.8730339,PINE ST,11208,75,UNKNOWN,Street,0.577573450804885,False,BROOKLYN,"(40.683411, -73.8730339)",trafficstat,False,False,False,False,False,False,False,False,False,,,,,,,
2026-06-25,00:00,40.683411,-73.8730339,PINE ST,11208,75,UNKNOWN,Street,0.577573450804885,False,BROOKLYN,"(40.683411, -73.8730339)",trafficstat,False,False,False,False,False,False,False,False,False,,,,,,,
2026-07-09,00:00,40.6722617,-73.8755678,LOGAN ST,11208,75,UNKNOWN,Street,0.7639028191952651,False,BROOKLYN,"(40.6722617, -73.8755678)",trafficstat,False,False,False,False,False,False,False,False,False,,,,,,,
2026-07-09,00:00,40.6576551,-73.8791668,JEROME ST,11207,75,OTHER,Street,1.3996914390383945,False,BROOKLYN,"(40.6576551, -73.8791668)",trafficstat,True,False,False,False,False,False,False,False,False,,,,,,,
2026-07-09,00:00,40.6634746,-73.8746256,STANLEY AVE,11208,75,OTHER,Street,37.27698017743847,False,BROOKLYN,"(40.6634746, -73.8746256)",trafficstat,True,False,True,False,False,False,False,False,False,,,,,,,
2026-07-09,00:00,40.6598331,-73.8975987,HINSDALE ST,11207,75,OTHER,Street,0.03479346600952108,False,BROOKLYN,"(40.6598331, -73.8975987)",trafficstat,True,False,False,False,False,False,False,False,False,,,,,,,
2026-07-08,00:00,40.66599,-73.863884,SHERIDAN AVE,11208,75,OTHER,Street,0.271902412978132,False,BROOKLYN,"(40.66599, -73.863884)",trafficstat,True,False,True,False,False,False,False,False,False,,,,,,,
2026-07-08,00:00,40.6716067,-73.8690621,CRESCENT ST,11208,75,OTHER,Street,0.042907159285573336,False,BROOKLYN,"(40.6716067, -73.8690621)",trafficstat,True,False,False,False,False,False,False,False,True,,,,,,,
2026-07-08,00:00,40.6686389,-73.8699234,EUCLID AVE,11208,75,UNKNOWN,Street,88.00703715434192,False,BROOKLYN,"(40.6686389, -73.8699234)",trafficstat,False,False,False,False,False,False,False,False,False,,,,,,,
2026-07-08,00:00,40.6804524,-73.8758553,CONDUIT BLVD,11208,75,UNKNOWN,Street,3.048556737794485,False,BROOKLYN,"(40.6804524, -73.8758553)",trafficstat,False,False,False,False,False,False,False,False,False,,,,,,,
2026-07-07,00:00,40.6750095,-73.883721,ELTON ST,11208,75,UNKNOWN,Street,0.12485979322736661,False,BROOKLYN,"(40.6750095, -73.883721)",trafficstat,True,False,False,False,False,False,False,True,True,,,,,,,
2026-07-07,00:00,40.6717147,-73.8881932,SCHENCK AVE,11207,75,UNKNOWN,Street,0.52273743279784,False,BROOKLYN,"(40.6717147, -73.8881932)",trafficstat,True,False,True,False,False,False,False,False,False,,,,,,,
2026-07-07,00:00,40.6720421,-73.8948618,PITKIN AVE,11207,75,UNKNOWN,Street,3.4801338022463844,False,BROOKLYN,"(40.6720421, -73.8948618)",trafficstat,True,False,True,False,False,False,False,False,False,,,,,,,
2026-07-07,00:00,40.6771662,-73.8777398,MILFORD ST,11208,75,UNKNOWN,Street,0.3874336420959829,False,BROOKLYN,"(40.6771662, -73.8777398)",trafficstat,True,False,False,False,False,False,False,True,False,,,,,,,
2026-07-07,00:00,40.6613848,-73.884098,SCHENCK AVE,11207,75,UNKNOWN,Street,0.7708047108103917,False,BROOKLYN,"(40.6613848, -73.884098)",trafficstat,False,False,False,False,False,False,False,False,False,,,,,,,
2026-07-07,00:00,40.65408,-73.8916069,MALTA ST,11207,75,UNKNOWN,Street,0.717278210186507,False,BROOKLYN,"(40.65408, -73.8916069)",trafficstat,False,False,False,False,False,False,False,False,False,,,,,,,
2026-07-06,00:00,40.6662566,-73.8826693,NEW LOTS AVE,11207,75,OTHER,Street,46.751420322234296,False,BROOKLYN,"(40.6662566, -73.8826693)",trafficstat,True,False,True,False,False,False,False,False,False,,,,,,,
2026-07-06,00:00,40.6668794,-73.9012647,VAN SINDEREN AVE,11207,75,UNKNOWN,Street,0.07936337472562183,False,BROOKLYN,"(40.6668794, -73.9012647)",trafficstat,False,False,False,False,False,False,False,False,False,,,,,,,
2026-07-06,00:00,40.6627445,-73.8851157,SCHENCK AVE,11207,75,UNKNOWN,Street,0.9483621451212739,False,BROOKLYN,"(40.6627445, -73.8851157)",trafficstat,True,False,False,False,False,False,False,True,False,,,,,,,
2026-07-06,00:00,40.6756812,-73.875624,FOUNTAIN AVE,11208,75,UNKNOWN,Street,44.15926046671388,False,BROOKLYN,"(40.6756812, -73.875624)",trafficstat,True,False,True,False,False,False,False,False,False,,,,,,,
2026-07-06,00:00,40.6734092,-73.8916765,MILLER AVE,11207,75,UNKNOWN,Street,67.42005737799091,False,BROOKLYN,"(40.6734092, -73.8916765)",trafficstat,False,False,False,False,False,False,False,False,False,,,,,,,
2026-07-06,00:00,40.6794769,-73.8939272,BRADFORD ST,11207,75,OTHER,Street,0.10240737856515507,False,BROOKLYN,"(40.6794769, -73.8939272)",trafficstat,True,False,False,False,False,False,False,True,False,,,,,,,
2026-06-15,00:00,40.6794769,-73.8939272,BRADFORD ST,11207,75,UNKNOWN,Street,0.10240737856515507,False,BROOKLYN,"(40.6794769, -73.8939272)",trafficstat,True,False,False,False,False,False,False,False,True,,,,,,,
2026-07-05,00:00,40.6788687,-73.8708685,CRESCENT ST,11208,75,OTHER,Street,0.7368021893204645,False,BROOKLYN,"(40.6788687, -73.8708685)",trafficstat,False,False,False,False,False,False,False,False,False,,,,,,,
2026-07-04,00:00,40.6721758,-73.8939568,VERMONT ST,11207,75,OTHER,Street,0.662668666812576,False,BROOKLYN,"(40.6721758, -73.8939568)",trafficstat,False,False,False,False,False,False,False,False,False,,,,,,,
2026-07-04,00:00,40.6609134,-73.8833425,SCHENCK AVE,11207,75,OTHER,Street,97.40030781136349,False,BROOKLYN,"(40.6609134, -73.8833425)",trafficstat,True,False,True,False,False,False,False,False,False,,,,,,,
2026-07-03,00:00,40.6610367,-73.8922613,PENNSYLVANIA AVE,11207,75,UNKNOWN,Street,54.03613438441105,False,BROOKLYN,"(40.6610367, -73.8922613)",trafficstat,True,False,False,False,False,True,False,False,False,,,,,,,
2026-07-03,00:00,40.6539485,-73.8775646,GATEWAY DR,11239,75,UNKNOWN,Street,58.12557573135379,False,BROOKLYN,"(40.6539485, -73.8775646)",trafficstat,True,False,False,False,False,False,False,True,False,,,,,,,
2026-07-03,00:00,40.6494408,-73.8821485,DELMAR LOOP,11239,75,UNKNOWN,Street,76.84436444079726,False,BROOKLYN,"(40.6494408, -73.8821485)",trafficstat,False,False,False,False,False,False,False,False,False,,,,,,,
2026-07-03,00:00,40.6612727,-73.8960538,ALABAMA AVE,11207,75,UNKNOWN,Street,0.2547987781199297,False,BROOKLYN,"(40.6612727, -73.8960538)",trafficstat,True,False,False,False,False,False,False,True,False,,,,,,,
2026-07-03,00:00,40.6739812,-73.8993074,ALABAMA AVE,11207,75,UNKNOWN,Street,0.46200771001636337,False,BROOKLYN,"(40.6739812, -73.8993074)",trafficstat,False,False,False,False,False,False,False,False,False,,,,,,,
2026-07-03,00:00,40.6692337,-73.8617905,LINDEN BLVD,11208,75,OTHER,Street,69.41442026069484,False,BROOKLYN,"(40.6692337, -73.8617905)",trafficstat,False,False,False,False,False,False,False,False,False,,,,,,,
2026-07-03,00:00,40.6779001,-73.8925777,MILLER AVE,11207,75,UNKNOWN,Street,0.1358962688298155,False,BROOKLYN,"(40.6779001, -73.8925777)",trafficstat,True,False,True,False,False,False,False,True,False,,,,,,,
2026-07-03,00:00,40.6765625,-73.8915165,ATLANTIC AVE,11207,75,UNKNOWN,Street,35.8833501207921,False,BROOKLYN,"(40.6765625, -73.8915165)",trafficstat,False,False,False,False,False,False,False,False,False,,,,,,,
2026-07-03,00:00,40.6840096,-73.8783618,LOGAN ST,11208,75,OTHER,Street,0.06201411422942117,False,BROOKLYN,"(40.6840096, -73.8783618)",trafficstat,False,False,False,False,False,False,False,False,False,,,,,,,
2026-06-24,00:00,40.6840096,-73.8783618,LOGAN ST,11208,75,UNKNOWN,Street,0.06201411422942117,False,BROOKLYN,"(40.6840096, -73.8783618)",trafficstat,False,False,False,False,False,False,False,False,False,,,,,,,
2026-07-02,00:00,40.6604782,-73.883013,SCHENCK AVE,11207,75,UNKNOWN,Street,99.11629939190631,False,BROOKLYN,"(40.6604782, -73.883013)",trafficstat,False,False,False,False,False,False,False,False,False,,,,,,,
2026-07-01,00:00,40.6662544,-73.8620436,STANLEY AVE,11208,75,UNKNOWN,Street,2.6711520030478053,False,BROOKLYN,"(40.6662544, -73.8620436)",trafficstat,True,False,False,False,False,False,False,False,True,,,,,,,
2026-07-01,00:00,40.6791098,-73.8806133,HIGHLAND PL,11208,75,UNKNOWN,Street,0.4230516092552026,False,BROOKLYN,"(40.6791098, -73.8806133)",trafficstat,False,False,False,False,False,False,False,False,False,,,,,,,
2026-07-01,00:00,40.676894,-73.9000457,ALABAMA AVE,11207,75,OTHER,Street,0.009212719119322874,False,BROOKLYN,"(40.676894, -73.9000457)",trafficstat,True,False,True,False,False,False,False,False,False,,,,,,,
2026-07-01,00:00,40.679171,-73.8644687,101 AVE,11208,75,UNKNOWN,Street,39.22140027150137,False,BROOKLYN,"(40.679171, -73.8644687)",trafficstat,False,False,False,False,False,False,False,False,False,,,,,,,
2026-07-01,00:00,40.6750916,-73.8918612,MILLER AVE,11207,75,OTHER,Street,0.41711538483469557,False,BROOKLYN,"(40.6750916, -73.8918612)",trafficstat,False,False,False,False,False,False,False,False,False,,,,,,,
2026-07-01,00:00,40.6748896,-73.884536,CLEVELAND ST,11208,75,UNKNOWN,Street,0.0031225695617279102,False,BROOKLYN,"(40.6748896, -73.884536)",trafficstat,False,False,False,False,False,False,False,False,False,,,,,,,
2026-06-30,00:00,40.6781647,-73.8907746,HENDRIX ST,11207,75,OTHER,Street,0.6059320695783803,False,BROOKLYN,"(40.6781647, -73.8907746)",trafficstat,True,False,False,False,False,False,False,False,True,,,,,,,
2026-06-30,00:00,40.6620133,-73.8868146,VAN SICLEN AVE,11207,75,OTHER,Street,1.498176855711538,False,BROOKLYN,"(40.6620133, -73.8868146)",trafficstat,True,False,False,False,False,False,False,True,False,,,,,,,
2026-06-25,00:00,40.6620133,-73.8868146,VAN SICLEN AVE,11207,75,UNKNOWN,Street,1.498176855711538,False,BROOKLYN,"(40.6620133, -73.8868146)",trafficstat,True,False,False,False,False,True,False,False,False,,,,,,,
2026-06-30,00:00,40.6559009,-73.8738106,ELTON ST,11239,75,OTHER,Street,29.695582921347373,False,BROOKLYN,"(40.6559009, -73.8738106)",trafficstat,False,False,False,False,False,False,False,False,False,,,,,,,
2026-06-30,00:00,40.6606769,-73.8850914,LINDEN BLVD,11207,75,UNKNOWN,Street,30.56984425444496,False,BROOKLYN,"(40.6606769, -73.8850914)",trafficstat,True,False,True,False,False,False,False,False,False,,,,,,,
2026-06-30,00:00,40.6573762,-73.8851236,WORTMAN AVE,11207,75,OTHER,Street,153.1392773411841,False,BROOKLYN,"(40.6573762, -73.8851236)",trafficstat,True,False,False,False,False,False,False,True,False,,,,,,,
2026-06-30,00:00,40.6556562,-73.8734327,ELTON ST,11239,75,UNKNOWN,Street,16.676638128032913,False,BROOKLYN,"(40.6556562, -73.8734327)",trafficstat,False,False,False,False,False,False,False,False,False,,,,,,,
2026-06-29,00:00,40.6608872,-73.8925839,PENNSYLVANIA AVE,11207,75,UNKNOWN,Street,50.715620441439256,False,BROOKLYN,"(40.6608872, -73.8925839)",trafficstat,True,False,True,False,False,False,False,False,False,,,,,,,
2026-06-29,00:00,40.6645012,-73.8867538,NEW LOTS AVE,11207,75,UNKNOWN,Street,44.317260976859,False,BROOKLYN,"(40.6645012, -73.8867538)",trafficstat,False,False,False,False,False,False,False,False,False,,,,,,,
2026-06-29,00:00,40.6795376,-73.8928171,ARLINGTON AVE,11207,75,UNKNOWN,Street,38.443296911360335,False,BROOKLYN,"(40.6795376, -73.8928171)",trafficstat,False,False,False,False,False,False,False,False,False,,,,,,,
2026-06-29,00:00,40.6785983,-73.8824096,ATLANTIC AVE,11208,75,OTHER,Street,21.38299450853105,False,BROOKLYN,"(40.6785983, -73.8824096)",trafficstat,False,False,False,False,False,False,False,False,False,,,,,,,
2026-06-28,00:00,40.6723555,-73.8838879,CLEVELAND ST,11208,75,OTHER,Street,0.11275990329153932,False,BROOKLYN,"(40.6723555, -73.8838879)",trafficstat,False,False,False,False,False,False,False,False,False,,,,,,,
2026-06-28,00:00,40.6827175,-73.8685887,ATLANTIC AVE,11208,75,UNKNOWN,Street,39.31051613428009,False,BROOKLYN,"(40.6827175, -73.8685887)",trafficstat,False,False,False,False,False,False,False,False,False,,,,,,,
2026-06-28,00:00,40.6572936,-73.8799964,BARBEY ST,11207,75,UNKNOWN,Street,1.2168968425220512,False,BROOKLYN,"(40.6572936, -73.8799964)",trafficstat,True,False,False,False,True,False,False,False,False,,,,,,,
2026-06-28,00:00,40.6601313,-73.8915065,HEGEMAN AVE,11207,75,UNKNOWN,Street,40.79986028434025,False,BROOKLYN,"(40.6601313, -73.8915065)",trafficstat,False,False,False,False,False,False,False,False,False,,,,,,,
2026-06-27,00:00,40.6685478,-73.9007828,SNEDIKER AVE,11207,75,UNKNOWN,Street,0.047208161497153865,False,BROOKLYN,"(40.6685478, -73.9007828)",trafficstat,False,False,False,False,False,False,False,False,False,,,,,,,
2026-06-27,00:00,40.6725095,-73.873718,SUTTER AVE,11208,75,UNKNOWN,Street,3.4074392300217076,False,BROOKLYN,"(40.6725095, -73.873718)",trafficstat,False,False,False,False,False,False,False,False,False,,,,,,,
2026-06-26,00:00,40.6745209,-73.8967418,LIBERTY AVE,11207,75,UNKNOWN,Street,53.37272914201589,False,BROOKLYN,"(40.6745209, -73.8967418)",trafficstat,False,False,False,False,False,False,False,False,False,,,,,,,
2026-06-26,00:00,40.6759343,-73.868228,AUTUMN AVE,11208,75,UNKNOWN,Street,0.6931437859581204,False,BROOKLYN,"(40.6759343, -73.868228)",trafficstat,True,False,False,False,False,False,False,False,True,,,,,,,
2026-06-26,00:00,40.6813454,-73.8867583,ASHFORD ST,11207,75,UNKNOWN,Street,49.41509185931891,False,BROOKLYN,"(40.6813454, -73.8867583)",trafficstat,False,False,False,False,False,False,False,False,False,,,,,,,
2026-06-26,00:00,40.6651411,-73.8855621,NEW LOTS AVE,11207,75,UNKNOWN,Street,2.8048359065253625,False,BROOKLYN,"(40.6651411, -73.8855621)",trafficstat,True,False,False,False,False,False,False,True,True,,,,,,,
2026-06-26,00:00,40.6570688,-73.8701575,BERRIMAN ST,11208,75,OTHER,Street,1.5961538697880084,False,BROOKLYN,"(40.6570688, -73.8701575)",trafficstat,True,False,False,False,False,False,False,False,False,,,,,,,
2026-06-26,00:00,40.6398757,-73.8778672,BELT PKWY,11234,75,UNKNOWN,Highway,0.020883949446057426,False,BROOKLYN,"(40.6398757, -73.8778672)",trafficstat,True,False,False,False,False,False,False,True,True,,,,,,,
2026-06-25,00:00,40.6498925,-73.8860314,VANDALIA AVE,11239,75,UNKNOWN,Street,104.28357518313298,False,BROOKLYN,"(40.6498925, -73.8860314)",trafficstat,False,False,False,False,False,False,False,False,False,,,,,,,
2026-06-25,00:00,40.65277,-73.8695058,,,75,OTHER,,484.00640923819117,False,BROOKLYN,"(40.65277, -73.8695058)",trafficstat,True,False,False,False,False,False,False,True,False,,,,,,,
2026-06-25,00:00,40.6611843,-73.8673005,FOUNTAIN AVE,11208,75,UNKNOWN,Street,105.16464175392309,False,BROOKLYN,"(40.6611843, -73.8673005)",trafficstat,True,False,False,False,False,False,False,False,False,,,,,,,
2026-06-25,00:00,40.660637,-73.890015,VERMONT ST,11207,75,UNKNOWN,Street,0.9907672529609604,False,BROOKLYN,"(40.660637, -73.890015)",trafficstat,False,False,False,False,False,False,False,False,False,,,,,,,
2026-06-25,00:00,40.6773594,-73.8868607,WARWICK ST,11207,75,UNKNOWN,Street,0.09149728426686554,False,BROOKLYN,"(40.6773594, -73.8868607)",trafficstat,False,False,False,False,False,False,False,False,False,,,,,,,
2026-06-25,00:00,40.6728823,-73.8867399,JEROME ST,11207,75,UNKNOWN,Street,29.013356067822155,False,BROOKLYN,"(40.6728823, -73.8867399)",trafficstat,False,False,False,False,False,False,False,False,False,,,,,,,
2026-06-24,00:00,40.674322,-73.8819107,ESSEX ST,11208,75,UNKNOWN,Street,33.059946656559035,False,BROOKLYN,"(40.674322, -73.8819107)",trafficstat,True,False,False,False,False,False,False,False,False,,,,,,,
2026-06-24,00:00,40.6764305,-73.8912714,ATLANTIC AVE,11207,75,UNKNOWN,Street,19.60973119087633,False,BROOKLYN,"(40.6764305, -73.8912714)",trafficstat,False,False,False,False,False,False,False,False,False,,,,,,,
2026-06-24,00:00,40.6662595,-73.8840174,WARWICK ST,11207,75,UNKNOWN,Street,0.30993463124480497,False,BROOKLYN,"(40.6662595, -73.8840174)",trafficstat,True,False,True,False,False,False,False,False,False,,,,,,,
2026-06-24,00:00,40.6699255,-73.8914802,BRADFORD ST,11207,75,UNKNOWN,Street,0.2147189286090171,False,BROOKLYN,"(40.6699255, -73.8914802)",trafficstat,False,False,False,False,False,False,False,False,False,,,,,,,
2026-06-24,00:00,40.6692912,-73.8965063,SUTTER AVE,11207,75,OTHER,Street,36.368224971586756,False,BROOKLYN,"(40.6692912, -73.8965063)",trafficstat,True,False,False,False,False,False,False,True,False,,,,,,,
2026-06-23,00:00,40.6519804,-73.8885546,FLATLANDS AVE,11207,75,UNKNOWN,Street,35.15271651362709,False,BROOKLYN,"(40.6519804, -73.8885546)",trafficstat,True,False,False,False,False,False,False,True,False,,,,,,,
2026-06-22,00:00,40.6537187,-73.8866093,PENNSYLVANIA AVE,11207,75,UNKNOWN,Street,68.56097255278563,False,BROOKLYN,"(40.6537187, -73.8866093)",trafficstat,True,False,False,False,False,False,False,True,False,,,,,,,
2026-06-22,00:00,40.661394,-73.8794594,STANLEY AVE,11207,75,UNKNOWN,Street,37.77759113218655,False,BROOKLYN,"(40.661394, -73.8794594)",trafficstat,False,False,False,False,False,False,False,False,False,,,,,,,
2026-06-22,00:00,40.6606358,-73.890014,VERMONT ST,11207,75,UNKNOWN,Street,0.9666818706868002,False,BROOKLYN,"(40.6606358, -73.890014)",trafficstat,False,False,False,False,False,False,False,False,False,,,,,,,
2026-06-22,00:00,40.6681221,-73.8591713,LORING AVE,11208,75,UNKNOWN,Street,42.77393416803502,False,BROOKLYN,"(40.6681221, -73.8591713)",trafficstat,False,False,False,False,False,False,False,False,False,,,,,,,
2026-06-22,00:00,40.668523,-73.8830692,CLEVELAND ST,11208,75,UNKNOWN,Street,43.866264202292705,False,BROOKLYN,"(40.668523, -73.8830692)",trafficstat,False,False,False,False,False,False,False,False,False,,,,,,,
2026-06-22,00:00,40.676331,-73.8867192,WARWICK ST,11207,75,UNKNOWN,Street,32.709541919473104,False,BROOKLYN,"(40.676331, -73.8867192)",trafficstat,False,False,False,False,False,False,False,False,False,,,,,,,
2026-06-22,00:00,40.67685,-73.883224,LINWOOD ST,11208,75,UNKNOWN,Street,34.8359312040987,False,BROOKLYN,"(40.67685, -73.883224)",trafficstat,False,False,False,False,False,False,False,False,False,,,,,,,
2026-06-21,00:00,40.6839359,-73.8711868,HEMLOCK ST,11208,75,UNKNOWN,Street,0.035990625734924675,False,BROOKLYN,"(40.6839359, -73.8711868)",trafficstat,True,False,False,False,False,False,False,True,False,,,,,,,
2026-06-21,00:00,40.6655539,-73.8785865,ESSEX ST,11208,75,UNKNOWN,Street,1.454750239467274,False,BROOKLYN,"(40.6655539, -73.8785865)",trafficstat,True,False,False,False,False,False,False,True,False,,,,,,,
2026-06-21,00:00,40.6686843,-73.8998633,HINSDALE ST,11207,75,UNKNOWN,Street,0.31934054805705553,False,BROOKLYN,"(40.6686843, -73.8998633)",trafficstat,False,False,False,False,False,False,False,False,False,,,,,,,
2026-06-21,00:00,40.658574,-73.8845696,VAN SICLEN AVE,11207,75,OTHER,Street,85.53563223578625,False,BROOKLYN,"(40.658574, -73.8845696)",trafficstat,True,False,False,False,False,False,False,False,True,,,,,,,
2026-06-21,00:00,40.656616,-73.89026,SHEFFIELD AVE,11207,75,UNKNOWN,Street,0.3304185585822605,False,BROOKLYN,"(40.656616, -73.89026)",trafficstat,True,False,False,False,False,True,False,False,False,,,,,,,
2026-06-21,00:00,40.6545182,-73.8822142,VAN SICLEN AVE,11239,75,OTHER,Street,0.21185611094553905,False,BROOKLYN,"(40.6545182, -73.8822142)",trafficstat,True,False,True,False,False,False,False,False,False,,,,,,,
2026-06-20,00:00,40.6479051,-73.8865,LOUISIANA AVE,11239,75,UNKNOWN,Street,63.34465012064141,False,BROOKLYN,"(40.6479051, -73.8865)",trafficstat,False,False,False,False,False,False,False,False,False,,,,,,,
2026-06-20,00:00,40.6586643,-73.8810031,BARBEY ST,11207,75,UNKNOWN,Street,1.4420270862784774,False,BROOKLYN,"(40.6586643, -73.8810031)",trafficstat,False,False,False,False,False,False,False,False,False,,,,,,,
2026-06-20,00:00,40.660416,-73.87692,ELTON ST,11208,75,OTHER,Street,1.1419797290069273,False,BROOKLYN,"(40.660416, -73.87692)",trafficstat,False,False,False,False,False,False,False,False,False,,,,,,,
2026-06-20,00:00,40.6604139,-73.8769199,ELTON ST,11208,75,UNKNOWN,Street,1.4935150572882983,False,BROOKLYN,"(40.6604139, -73.8769199)",trafficstat,False,False,False,False,False,False,False,False,False,,,,,,,
2026-06-20,00:00,40.6618002,-73.8888992,BRADFORD ST,11207,75,UNKNOWN,Street,45.70871381383896,False,BROOKLYN,"(40.6618002, -73.8888992)",trafficstat,False,False,False,False,False,False,False,False,False,,,,,,,
2026-06-20,00:00,40.6664693,-73.8825067,CLEVELAND ST,11208,75,UNKNOWN,Street,1.2416687195468796,False,BROOKLYN,"(40.6664693, -73.8825067)",trafficstat,False,False,False,False,False,False,False,False,False,,,,,,,
2026-06-20,00:00,40.6682949,-73.89515,PENNSYLVANIA AVE,11207,75,UNKNOWN,Street,55.14587354423777,False,BROOKLYN,"(40.6682949, -73.89515)",trafficstat,False,False,False,False,False,False,False,False,False,,,,,,,
2026-06-20,00:00,40.6850379,-73.8787843,LOGAN ST,11208,75,UNKNOWN,Street,45.357215069202205,False,BROOKLYN,"(40.6850379, -73.8787843)",trafficstat,False,False,False,False,False,False,False,False,False,,,,,,,
2026-06-20,00:00,40.6813546,-73.8802127,HALE AVE,11208,75,UNKNOWN,Street,0.22583487508926905,False,BROOKLYN,"(40.6813546, -73.8802127)",trafficstat,False,False,False,False,False,False,False,False,False,,,,,,,
2026-06-19,00:00,40.6773132,-73.8991257,GEORGIA AVE,11207,75,UNKNOWN,Street,0.43751703744275766,False,BROOKLYN,"(40.6773132, -73.8991257)",trafficstat,True,False,False,False,False,False,False,False,False,,,,,,,
2026-06-19,00:00,40.680709,-73.8966163,JACKIE ROBINSON PKWY,11207,75,UNKNOWN,Highway,3.412284662518771,False,BROOKLYN,"(40.680709, -73.8966163)",trafficstat,True,False,False,False,False,False,False,False,True,,,,,,,
2026-06-19,00:00,40.6659103,-73.8843119,NEW LOTS AVE,11207,75,OTHER,Street,70.57202061121274,False,BROOKLYN,"(40.6659103, -73.8843119)",trafficstat,False,False,False,False,False,False,False,False,False,,,,,,,
2026-06-19,00:00,40.6573534,-73.8726613,ALLEY,11208,75,UNKNOWN,Alley,23.242710705015952,False,BROOKLYN,"(40.6573534, -73.8726613)",trafficstat,False,False,False,False,False,False,False,False,False,,,,,,,
2026-06-18,00:00,40.6551812,-73.8675012,ERSKINE ST,11239,75,UNKNOWN,Street,60.758336233286265,False,BROOKLYN,"(40.6551812, -73.8675012)",trafficstat,True,False,False,False,False,True,False,False,False,,,,,,,
2026-06-18,00:00,40.6698095,-73.8586053,LINDEN BLVD,11208,75,UNKNOWN,Street,29.83893897618083,False,BROOKLYN,"(40.6698095, -73.8586053)",trafficstat,False,False,False,False,False,False,False,False,False,,,,,,,
2026-06-18,00:00,40.6771564,-73.8688674,CONDUIT BLVD,11208,75,UNKNOWN,Street,2.2988399114769056,False,BROOKLYN,"(40.6771564, -73.8688674)",trafficstat,True,False,False,False,False,False,False,True,False,,,,,,,
2026-06-18,00:00,40.6785771,-73.8679272,LINCOLN AVE,11208,75,UNKNOWN,Street,0.13478717181455804,False,BROOKLYN,"(40.6785771, -73.8679272)",trafficstat,True,False,False,False,False,False,False,True,False,,,,,,,
2026-06-17,00:00,40.6732777,-73.8685253,HEMLOCK ST,11208,75,OTHER,Street,0.7187513760743574,False,BROOKLYN,"(40.6732777, -73.8685253)",trafficstat,True,False,False,False,True,False,False,False,True,,,,,,,
2026-06-17,00:00,40.67998,-73.8710242,CRESCENT ST,11208,75,UNKNOWN,Street,32.17299794556481,False,BROOKLYN,"(40.67998, -73.8710242)",trafficstat,False,False,False,False,False,False,False,False,False,,,,,,,