crash_date,crash_time,latitude,longitude,on_street_name,zip_code,precinct,collision_type,roadway_type,geocode_dist_feet,time_is_known,borough,location,source,injury,fatality,injured_pedestrian,injured_cyclist,injured_ebike_rider,injured_motorcyclist,injured_moped_rider,injured_car_occupant,injured_suv_occupant,number_of_persons_injured,number_of_persons_killed,contributing_factor_vehicle_1,collision_id,cross_street_name,off_street_name,vehicle_type_code1
2026-06-17,00:00,40.6632221,-73.8936502,PENNSYLVANIA AVE,11207,75,UNKNOWN,Street,0.3480006524340308,False,BROOKLYN,"(40.6632221, -73.8936502)",trafficstat,True,False,False,False,False,False,False,True,False,,,,,,,
2026-06-16,00:00,40.6629228,-73.8906194,WYONA ST,11207,75,UNKNOWN,Street,0.9672688434783931,False,BROOKLYN,"(40.6629228, -73.8906194)",trafficstat,False,False,False,False,False,False,False,False,False,,,,,,,
2026-06-16,00:00,40.666717,-73.8916116,WYONA ST,11207,75,UNKNOWN,Street,0.5384894412220829,False,BROOKLYN,"(40.666717, -73.8916116)",trafficstat,True,False,False,True,False,False,False,False,False,,,,,,,
2026-06-16,00:00,40.6726429,-73.872802,SUTTER AVE,11208,75,OTHER,Street,3.0958648081197038,False,BROOKLYN,"(40.6726429, -73.872802)",trafficstat,True,False,True,False,False,False,False,False,False,,,,,,,
2026-06-15,00:00,40.6824594,-73.8806408,HALE AVE,11208,75,UNKNOWN,Street,41.72499494463669,False,BROOKLYN,"(40.6824594, -73.8806408)",trafficstat,True,False,False,False,False,False,False,False,True,,,,,,,
2026-06-15,00:00,40.6658504,-73.8866891,SCHENCK AVE,11207,75,UNKNOWN,Street,0.3757480707698287,False,BROOKLYN,"(40.6658504, -73.8866891)",trafficstat,False,False,False,False,False,False,False,False,False,,,,,,,
2026-06-15,00:00,40.6476006,-73.8814805,SCHROEDERS AVE,,75,UNKNOWN,Street,2.6117218795699344,False,BROOKLYN,"(40.6476006, -73.8814805)",trafficstat,True,False,False,False,False,False,False,True,False,,,,,,,
2026-06-14,00:00,40.6712207,-73.8827543,ELTON ST,11208,75,OTHER,Street,0.10541846558531014,False,BROOKLYN,"(40.6712207, -73.8827543)",trafficstat,True,False,False,False,False,False,False,False,False,,,,,,,
2026-06-14,00:00,40.6880865,-73.8766813,CHESTNUT ST,11208,75,UNKNOWN,Street,0.31789047063290726,False,BROOKLYN,"(40.6880865, -73.8766813)",trafficstat,False,False,False,False,False,False,False,False,False,,,,,,,
2026-06-14,00:00,40.6770087,-73.8953391,VERMONT ST,11207,75,UNKNOWN,Street,40.07183424357609,False,BROOKLYN,"(40.6770087, -73.8953391)",trafficstat,False,False,False,False,False,False,False,False,False,,,,,,,
2026-06-13,00:00,40.6743843,-73.8789598,ATKINS AVE,11208,75,OTHER,Street,0.1796210311843962,False,BROOKLYN,"(40.6743843, -73.8789598)",trafficstat,True,False,False,False,False,False,True,False,False,,,,,,,
2026-06-13,00:00,40.6831047,-73.8741053,EUCLID AVE,11208,75,UNKNOWN,Street,0.16292972090745725,False,BROOKLYN,"(40.6831047, -73.8741053)",trafficstat,False,False,False,False,False,False,False,False,False,,,,,,,
2026-06-13,00:00,40.678091,-73.8906187,HENDRIX ST,11207,75,UNKNOWN,Street,36.705239958621235,False,BROOKLYN,"(40.678091, -73.8906187)",trafficstat,False,False,False,False,False,False,False,False,False,,,,,,,
2026-06-13,00:00,40.6661817,-73.8831524,NEW LOTS AVE,11207,75,UNKNOWN,Street,2.5577593111116532,False,BROOKLYN,"(40.6661817, -73.8831524)",trafficstat,True,False,True,False,False,False,False,False,False,,,,,,,
2026-06-13,00:00,40.656693,-73.89463,LOUISIANA AVE,11207,75,OTHER,Street,0.9517963888726865,False,BROOKLYN,"(40.656693, -73.89463)",trafficstat,True,False,False,False,False,False,False,True,False,,,,,,,
2026-06-13,00:00,40.6578327,-73.8818244,SCHENCK AVE,11207,75,UNKNOWN,Street,86.08345431967719,False,BROOKLYN,"(40.6578327, -73.8818244)",trafficstat,False,False,False,False,False,False,False,False,False,,,,,,,
2026-06-13,00:00,40.66041,-73.8922103,PENNSYLVANIA AVE,11207,75,UNKNOWN,Street,48.430694180853266,False,BROOKLYN,"(40.66041, -73.8922103)",trafficstat,True,False,False,False,False,False,False,True,False,,,,,,,
2026-06-12,00:00,40.6754032,-73.8719135,EUCLID AVE,11208,75,UNKNOWN,Street,0.2225783401946668,False,BROOKLYN,"(40.6754032, -73.8719135)",trafficstat,True,False,True,False,False,False,False,False,False,,,,,,,
2026-09-13,00:00,40.677563,-73.9330795,SCHENECTADY AVE,11213,77,OTHER,Street,1.0158870162349536,False,BROOKLYN,"(40.677563, -73.9330795)",trafficstat,True,False,False,False,False,False,True,False,False,,,,,,,
2026-09-11,00:00,40.677563,-73.9330795,SCHENECTADY AVE,11213,77,UNKNOWN,Street,1.0158870162349536,False,BROOKLYN,"(40.677563, -73.9330795)",trafficstat,False,False,False,False,False,False,False,False,False,,,,,,,
2026-08-18,00:00,40.677563,-73.9330795,SCHENECTADY AVE,11213,77,UNKNOWN,Street,1.0158870162349536,False,BROOKLYN,"(40.677563, -73.9330795)",trafficstat,True,False,False,False,False,False,False,True,False,,,,,,,
2026-07-24,00:00,40.677563,-73.9330795,SCHENECTADY AVE,11213,77,OTHER,Street,1.0158870162349536,False,BROOKLYN,"(40.677563, -73.9330795)",trafficstat,True,False,True,False,False,False,False,False,False,,,,,,,
2026-06-13,00:00,40.677563,-73.9330795,SCHENECTADY AVE,11213,77,UNKNOWN,Street,1.0158870162349536,False,BROOKLYN,"(40.677563, -73.9330795)",trafficstat,False,False,False,False,False,False,False,False,False,,,,,,,
2026-09-12,00:00,40.6686479,-73.9283482,ROCHESTER AVE,11213,77,UNKNOWN,Street,0.9224634339144061,False,BROOKLYN,"(40.6686479, -73.9283482)",trafficstat,True,False,False,False,False,False,False,True,False,,,,,,,
2026-08-26,00:00,40.6686479,-73.9283482,ROCHESTER AVE,11213,77,UNKNOWN,Street,0.9224634339144061,False,BROOKLYN,"(40.6686479, -73.9283482)",trafficstat,False,False,False,False,False,False,False,False,False,,,,,,,
2026-07-11,00:00,40.6686479,-73.9283482,ROCHESTER AVE,11213,77,UNKNOWN,Street,0.9224634339144061,False,BROOKLYN,"(40.6686479, -73.9283482)",trafficstat,False,False,False,False,False,False,False,False,False,,,,,,,
2026-07-02,00:00,40.6686479,-73.9283482,ROCHESTER AVE,11213,77,UNKNOWN,Street,0.9224634339144061,False,BROOKLYN,"(40.6686479, -73.9283482)",trafficstat,False,False,False,False,False,False,False,False,False,,,,,,,
2026-06-29,00:00,40.6686479,-73.9283482,ROCHESTER AVE,11213,77,UNKNOWN,Street,0.9224634339144061,False,BROOKLYN,"(40.6686479, -73.9283482)",trafficstat,True,False,False,False,False,True,False,False,False,,,,,,,
2026-06-26,00:00,40.6686479,-73.9283482,ROCHESTER AVE,11213,77,UNKNOWN,Street,0.9224634339144061,False,BROOKLYN,"(40.6686479, -73.9283482)",trafficstat,False,False,False,False,False,False,False,False,False,,,,,,,
2026-09-11,00:00,40.6774427,-73.931921,ATLANTIC AVE,11213,77,UNKNOWN,Street,12.343883415691367,False,BROOKLYN,"(40.6774427, -73.931921)",trafficstat,False,False,False,False,False,False,False,False,False,,,,,,,
2026-09-10,00:00,40.6778445,-73.9528108,BEDFORD AVE,11216,77,UNKNOWN,Street,0.10842215359335718,False,BROOKLYN,"(40.6778445, -73.9528108)",trafficstat,False,False,False,False,False,False,False,False,False,,,,,,,
2026-08-30,00:00,40.6778445,-73.9528108,BEDFORD AVE,11216,77,UNKNOWN,Street,0.10842215359335718,False,BROOKLYN,"(40.6778445, -73.9528108)",trafficstat,False,False,False,False,False,False,False,False,False,,,,,,,
2026-08-05,00:00,40.6778445,-73.9528108,BEDFORD AVE,11216,77,UNKNOWN,Street,0.10842215359335718,False,BROOKLYN,"(40.6778445, -73.9528108)",trafficstat,False,False,False,False,False,False,False,False,False,,,,,,,
2026-09-10,00:00,40.6762469,-73.946933,NEW YORK AVE,11216,77,UNKNOWN,Street,51.69057151179804,False,BROOKLYN,"(40.6762469, -73.946933)",trafficstat,False,False,False,False,False,False,False,False,False,,,,,,,
2026-09-09,00:00,40.6747364,-73.9249961,BUFFALO AVE,11213,77,OTHER,Street,0.282212893052115,False,BROOKLYN,"(40.6747364, -73.9249961)",trafficstat,True,False,True,False,False,False,False,False,False,,,,,,,
2026-09-09,00:00,40.6715535,-73.9507747,ST JOHNS PL,11216,77,UNKNOWN,Street,42.551404917532764,False,BROOKLYN,"(40.6715535, -73.9507747)",trafficstat,False,False,False,False,False,False,False,False,False,,,,,,,
2026-09-09,00:00,40.6811177,-73.9644216,WASHINGTON AVE,11238,77,UNKNOWN,Street,0.995900296508112,False,BROOKLYN,"(40.6811177, -73.9644216)",trafficstat,True,False,False,False,False,False,False,True,False,,,,,,,
2026-09-08,00:00,40.6711115,-73.9579603,FRANKLIN AVE,11238,77,OTHER,Street,39.2125640403743,False,BROOKLYN,"(40.6711115, -73.9579603)",trafficstat,False,False,False,False,False,False,False,False,False,,,,,,,
2026-09-08,00:00,40.6692499,-73.9394287,ALBANY AVE,11213,77,UNKNOWN,Street,0.052848456505925345,False,BROOKLYN,"(40.6692499, -73.9394287)",trafficstat,False,False,False,False,False,False,False,False,False,,,,,,,
2026-09-08,00:00,40.6714234,-73.9488916,ST JOHNS PL,11216,77,UNKNOWN,Street,52.610164561866135,False,BROOKLYN,"(40.6714234, -73.9488916)",trafficstat,False,False,False,False,False,False,False,False,False,,,,,,,
2026-09-08,00:00,40.6751889,-73.9332982,SCHENECTADY AVE,11213,77,OTHER,Street,0.5620783203692403,False,BROOKLYN,"(40.6751889, -73.9332982)",trafficstat,True,False,False,False,False,False,False,True,False,,,,,,,
2026-08-22,00:00,40.6751889,-73.9332982,SCHENECTADY AVE,11213,77,UNKNOWN,Street,0.5620783203692403,False,BROOKLYN,"(40.6751889, -73.9332982)",trafficstat,False,False,False,False,False,False,False,False,False,,,,,,,
2026-09-07,00:00,40.6776048,-73.9372399,ATLANTIC AVE,11213,77,UNKNOWN,Street,33.66559091222306,False,BROOKLYN,"(40.6776048, -73.9372399)",trafficstat,True,False,False,False,False,False,False,False,True,,,,,,,
2026-09-07,00:00,40.6742431,-73.9299952,ST MARKS AVE,11213,77,UNKNOWN,Street,44.1670430466014,False,BROOKLYN,"(40.6742431, -73.9299952)",trafficstat,False,False,False,False,False,False,False,False,False,,,,,,,
2026-09-07,00:00,40.6668666,-73.9285231,ROCHESTER AVE,11213,77,UNKNOWN,Street,0.9818118640906726,False,BROOKLYN,"(40.6668666, -73.9285231)",trafficstat,False,False,False,False,False,False,False,False,False,,,,,,,
2026-08-08,00:00,40.6668666,-73.9285231,ROCHESTER AVE,11213,77,UNKNOWN,Street,0.9818118640906726,False,BROOKLYN,"(40.6668666, -73.9285231)",trafficstat,False,False,False,False,False,False,False,False,False,,,,,,,
2026-09-07,00:00,40.6683724,-73.9226314,RALPH AVE,11233,77,OTHER,Street,0.7834412224521503,False,BROOKLYN,"(40.6683724, -73.9226314)",trafficstat,True,False,False,False,False,False,False,False,False,,,,,,,
2026-08-29,00:00,40.6683724,-73.9226314,RALPH AVE,11233,77,UNKNOWN,Street,0.7834412224521503,False,BROOKLYN,"(40.6683724, -73.9226314)",trafficstat,False,False,False,False,False,False,False,False,False,,,,,,,
2026-09-07,00:00,40.67075,-73.95042,NOSTRAND AVE,11216,77,UNKNOWN,Street,0.025180198453933246,False,BROOKLYN,"(40.67075, -73.95042)",trafficstat,False,False,False,False,False,False,False,False,False,,,,,,,
2026-09-07,00:00,40.676445,-73.92761,ROCHESTER AVE,11233,77,UNKNOWN,Street,1.6688833888547119,False,BROOKLYN,"(40.676445, -73.92761)",trafficstat,True,False,True,False,False,False,False,False,False,,,,,,,
2026-09-07,00:00,40.6766625,-73.9487399,DEAN ST,11216,77,UNKNOWN,Street,58.12898147943057,False,BROOKLYN,"(40.6766625, -73.9487399)",trafficstat,False,False,False,False,False,False,False,False,False,,,,,,,
2026-09-07,00:00,40.6776374,-73.9354965,ATLANTIC AVE,11213,77,UNKNOWN,Street,14.700759227192957,False,BROOKLYN,"(40.6776374, -73.9354965)",trafficstat,False,False,False,False,False,False,False,False,False,,,,,,,
2026-09-07,00:00,40.6778885,-73.9428979,ATLANTIC AVE,11216,77,UNKNOWN,Street,44.23728383454755,False,BROOKLYN,"(40.6778885, -73.9428979)",trafficstat,True,False,False,False,False,False,False,False,True,,,,,,,
2026-09-07,00:00,40.6780095,-73.9413784,KINGSTON AVE,11213,77,UNKNOWN,Street,0.046579197937281484,False,BROOKLYN,"(40.6780095, -73.9413784)",trafficstat,False,False,False,False,False,False,False,False,False,,,,,,,
2026-08-16,00:00,40.6780095,-73.9413784,KINGSTON AVE,11213,77,OTHER,Street,0.046579197937281484,False,BROOKLYN,"(40.6780095, -73.9413784)",trafficstat,True,False,True,False,False,False,False,False,False,,,,,,,
2026-09-06,00:00,40.6701913,-73.9393377,ALBANY AVE,11213,77,UNKNOWN,Street,0.6033703519076861,False,BROOKLYN,"(40.6701913, -73.9393377)",trafficstat,False,False,False,False,False,False,False,False,False,,,,,,,
2026-09-06,00:00,40.676243,-73.95268,ROGERS AVE,11216,77,UNKNOWN,Street,2.57552297056873,False,BROOKLYN,"(40.676243, -73.95268)",trafficstat,False,False,False,False,False,False,False,False,False,,,,,,,
2026-09-06,00:00,40.6753854,-73.9533641,BEDFORD AVE,11216,77,UNKNOWN,Street,1.0203968960340444,False,BROOKLYN,"(40.6753854, -73.9533641)",trafficstat,True,False,False,True,False,False,False,False,False,,,,,,,
2026-09-05,00:00,40.67657,-73.944305,BROOKLYN AVE,11216,77,UNKNOWN,Street,0.1736370343122982,False,BROOKLYN,"(40.67657, -73.944305)",trafficstat,False,False,False,False,False,False,False,False,False,,,,,,,
2026-07-30,00:00,40.67657,-73.944305,BROOKLYN AVE,11216,77,OTHER,Street,0.1736370343122982,False,BROOKLYN,"(40.67657, -73.944305)",trafficstat,False,False,False,False,False,False,False,False,False,,,,,,,
2026-09-05,00:00,40.6759805,-73.9449645,BERGEN ST,11213,77,UNKNOWN,Street,53.314774294035296,False,BROOKLYN,"(40.6759805, -73.9449645)",trafficstat,False,False,False,False,False,False,False,False,False,,,,,,,
2026-09-05,00:00,40.6742062,-73.9650867,ST JOHNS PL,11238,77,UNKNOWN,Street,55.04552698598534,False,BROOKLYN,"(40.6742062, -73.9650867)",trafficstat,False,False,False,False,False,False,False,False,False,,,,,,,
2026-09-05,00:00,40.6724915,-73.9519676,STERLING PL,11216,77,UNKNOWN,Street,50.98200133571361,False,BROOKLYN,"(40.6724915, -73.9519676)",trafficstat,True,False,False,False,False,False,False,True,False,,,,,,,
2026-09-05,00:00,40.6718768,-73.9278969,ROCHESTER AVE,11213,77,UNKNOWN,Street,41.70430585031677,False,BROOKLYN,"(40.6718768, -73.9278969)",trafficstat,True,False,False,False,False,False,False,True,False,,,,,,,
2026-09-05,00:00,40.6685062,-73.9256051,BUFFALO AVE,11213,77,UNKNOWN,Street,1.1606277419846511,False,BROOKLYN,"(40.6685062, -73.9256051)",trafficstat,True,False,False,False,False,False,False,False,False,,,,,,,
2026-08-30,00:00,40.6685062,-73.9256051,BUFFALO AVE,11213,77,UNKNOWN,Street,1.1606277419846511,False,BROOKLYN,"(40.6685062, -73.9256051)",trafficstat,False,False,False,False,False,False,False,False,False,,,,,,,
2026-09-05,00:00,40.6697365,-73.9310326,UTICA AVE,11213,77,OTHER,Street,0.7659083917938536,False,BROOKLYN,"(40.6697365, -73.9310326)",trafficstat,False,False,False,False,False,False,False,False,False,,,,,,,
2026-09-04,00:00,40.6695865,-73.9282607,ROCHESTER AVE,11213,77,UNKNOWN,Street,0.7232575657663756,False,BROOKLYN,"(40.6695865, -73.9282607)",trafficstat,True,False,False,False,False,False,False,True,True,,,,,,,
2026-09-04,00:00,40.66885,-73.9249865,EASTERN PKWY,11233,77,UNKNOWN,Street,58.05552553168539,False,BROOKLYN,"(40.66885, -73.9249865)",trafficstat,True,False,False,False,False,False,False,True,False,,,,,,,
2026-09-04,00:00,40.6717817,-73.9251347,BUFFALO AVE,11213,77,UNKNOWN,Street,38.467322402087184,False,BROOKLYN,"(40.6717817, -73.9251347)",trafficstat,False,False,False,False,False,False,False,False,False,,,,,,,
2026-09-04,00:00,40.67221,-73.92801,ROCHESTER AVE,11213,77,UNKNOWN,Street,1.4521515601536743,False,BROOKLYN,"(40.67221, -73.92801)",trafficstat,False,False,False,False,False,False,False,False,False,,,,,,,
2026-09-04,00:00,40.675355,-73.9527693,ROGERS AVE,11216,77,OTHER,Street,0.25438238997018564,False,BROOKLYN,"(40.675355, -73.9527693)",trafficstat,True,False,False,False,False,False,False,True,False,,,,,,,
2026-09-04,00:00,40.6875917,-73.9860985,ATLANTIC AVE,11217,77,OTHER,Street,52.335092682476,False,BROOKLYN,"(40.6875917, -73.9860985)",trafficstat,False,False,False,False,False,False,False,False,False,,,,,,,
2026-08-21,00:00,40.6875917,-73.9860985,ATLANTIC AVE,11217,77,OTHER,Street,52.335092682476,False,BROOKLYN,"(40.6875917, -73.9860985)",trafficstat,True,False,False,False,False,False,False,False,True,,,,,,,
2026-07-31,00:00,40.6875917,-73.9860985,ATLANTIC AVE,11217,77,UNKNOWN,Street,52.335092682476,False,BROOKLYN,"(40.6875917, -73.9860985)",trafficstat,True,False,False,False,False,False,False,False,True,,,,,,,
2026-07-07,00:00,40.6875917,-73.9860985,ATLANTIC AVE,11217,77,UNKNOWN,Street,52.335092682476,False,BROOKLYN,"(40.6875917, -73.9860985)",trafficstat,True,False,False,False,False,False,False,True,False,,,,,,,
2026-09-04,00:00,40.6770673,-73.9537677,DEAN ST,11216,77,UNKNOWN,Street,64.05536933263508,False,BROOKLYN,"(40.6770673, -73.9537677)",trafficstat,False,False,False,False,False,False,False,False,False,,,,,,,
2026-09-02,00:00,40.6747619,-73.933199,SCHENECTADY AVE,11213,77,OTHER,Street,39.40815163764953,False,BROOKLYN,"(40.6747619, -73.933199)",trafficstat,True,False,False,False,False,False,False,False,False,,,,,,,
2026-09-02,00:00,40.6697123,-73.9477301,NEW YORK AVE,11213,77,UNKNOWN,Street,0.5674653923564427,False,BROOKLYN,"(40.6697123, -73.9477301)",trafficstat,True,False,False,False,False,False,False,True,False,,,,,,,
2026-06-26,00:00,40.6697123,-73.9477301,NEW YORK AVE,11213,77,UNKNOWN,Street,0.5674653923564427,False,BROOKLYN,"(40.6697123, -73.9477301)",trafficstat,True,False,False,False,False,False,False,True,False,,,,,,,
2026-09-01,00:00,40.6687978,-73.9311201,UTICA AVE,11213,77,OTHER,Street,0.3921284485972768,False,BROOKLYN,"(40.6687978, -73.9311201)",trafficstat,True,False,False,True,False,False,False,False,False,,,,,,,
2026-08-31,00:00,40.6687978,-73.9311201,UTICA AVE,11213,77,UNKNOWN,Street,0.3921284485972768,False,BROOKLYN,"(40.6687978, -73.9311201)",trafficstat,False,False,False,False,False,False,False,False,False,,,,,,,
2026-08-11,00:00,40.6687978,-73.9311201,UTICA AVE,11213,77,UNKNOWN,Street,0.3921284485972768,False,BROOKLYN,"(40.6687978, -73.9311201)",trafficstat,True,False,False,False,False,False,False,True,False,,,,,,,
2026-07-22,00:00,40.6687978,-73.9311201,UTICA AVE,11213,77,UNKNOWN,Street,0.3921284485972768,False,BROOKLYN,"(40.6687978, -73.9311201)",trafficstat,False,False,False,False,False,False,False,False,False,,,,,,,
2026-06-23,00:00,40.6687978,-73.9311201,UTICA AVE,11213,77,UNKNOWN,Street,0.3921284485972768,False,BROOKLYN,"(40.6687978, -73.9311201)",trafficstat,False,False,False,False,False,False,False,False,False,,,,,,,
2026-09-01,00:00,40.672966,-73.94186,KINGSTON AVE,11213,77,OTHER,Street,0.596806663068303,False,BROOKLYN,"(40.672966, -73.94186)",trafficstat,True,False,False,False,False,False,False,False,False,,,,,,,
2026-07-23,00:00,40.672966,-73.94186,KINGSTON AVE,11213,77,OTHER,Street,0.596806663068303,False,BROOKLYN,"(40.672966, -73.94186)",trafficstat,True,False,False,False,False,False,True,False,False,,,,,,,
2026-06-16,00:00,40.672966,-73.94186,KINGSTON AVE,11213,77,OTHER,Street,0.596806663068303,False,BROOKLYN,"(40.672966, -73.94186)",trafficstat,True,False,True,False,False,False,False,False,False,,,,,,,
2026-08-31,00:00,40.6704291,-73.9281805,ROCHESTER AVE,11213,77,UNKNOWN,Street,0.5606932881436211,False,BROOKLYN,"(40.6704291, -73.9281805)",trafficstat,True,False,False,False,False,False,False,False,True,,,,,,,
2026-07-04,00:00,40.6704291,-73.9281805,ROCHESTER AVE,11213,77,UNKNOWN,Street,0.5606932881436211,False,BROOKLYN,"(40.6704291, -73.9281805)",trafficstat,True,False,False,False,False,False,False,True,True,,,,,,,
2026-08-30,00:00,40.6715362,-73.9576566,FRANKLIN AVE,11238,77,UNKNOWN,Street,1.0855914317527624,False,BROOKLYN,"(40.6715362, -73.9576566)",trafficstat,False,False,False,False,False,False,False,False,False,,,,,,,
2026-08-16,00:00,40.6715362,-73.9576566,FRANKLIN AVE,11238,77,UNKNOWN,Street,1.0855914317527624,False,BROOKLYN,"(40.6715362, -73.9576566)",trafficstat,False,False,False,False,False,False,False,False,False,,,,,,,
2026-08-30,00:00,40.6707344,-73.9337244,SCHENECTADY AVE,11213,77,UNKNOWN,Street,0.7050392753535395,False,BROOKLYN,"(40.6707344, -73.9337244)",trafficstat,False,False,False,False,False,False,False,False,False,,,,,,,
2026-08-23,00:00,40.6707344,-73.9337244,SCHENECTADY AVE,11213,77,OTHER,Street,0.7050392753535395,False,BROOKLYN,"(40.6707344, -73.9337244)",trafficstat,False,False,False,False,False,False,False,False,False,,,,,,,
2026-08-30,00:00,40.6753607,-73.9696917,VANDERBILT AVE,11238,77,UNKNOWN,Street,1.577778576540824,False,BROOKLYN,"(40.6753607, -73.9696917)",trafficstat,True,False,True,False,False,False,False,False,False,,,,,,,
2026-08-29,00:00,40.672062,-73.92525,BUFFALO AVE,11213,77,UNKNOWN,Street,0.6540963366284851,False,BROOKLYN,"(40.672062, -73.92525)",trafficstat,False,False,False,False,False,False,False,False,False,,,,,,,
2026-08-29,00:00,40.6718525,-73.9523382,ST JOHNS PL,11216,77,UNKNOWN,Street,34.928449551546045,False,BROOKLYN,"(40.6718525, -73.9523382)",trafficstat,True,False,False,False,False,False,False,True,False,,,,,,,
2026-08-29,00:00,40.671535,-73.95766,FRANKLIN AVE,11238,77,UNKNOWN,Street,0.29174797623284215,False,BROOKLYN,"(40.671535, -73.95766)",trafficstat,False,False,False,False,False,False,False,False,False,,,,,,,
2026-08-29,00:00,40.6773345,-73.9323222,ATLANTIC AVE,11213,77,UNKNOWN,Street,35.27769868692543,False,BROOKLYN,"(40.6773345, -73.9323222)",trafficstat,False,False,False,False,False,False,False,False,False,,,,,,,
2026-08-28,00:00,40.6772495,-73.9275386,ROCHESTER AVE,11233,77,OTHER,Street,0.9411682859333884,False,BROOKLYN,"(40.6772495, -73.9275386)",trafficstat,False,False,False,False,False,False,False,False,False,,,,,,,
2026-08-26,00:00,40.6771237,-73.965743,PROSPECT PL,11238,77,UNKNOWN,Street,36.63063204752299,False,BROOKLYN,"(40.6771237, -73.965743)",trafficstat,False,False,False,False,False,False,False,False,False,,,,,,,
2026-08-26,00:00,40.671036,-73.93926,ALBANY AVE,11213,77,UNKNOWN,Street,0.5482596202237299,False,BROOKLYN,"(40.671036, -73.93926)",trafficstat,True,False,False,True,False,False,False,False,False,,,,,,,
2026-07-23,00:00,40.671036,-73.93926,ALBANY AVE,11213,77,UNKNOWN,Street,0.5482596202237299,False,BROOKLYN,"(40.671036, -73.93926)",trafficstat,True,False,False,False,False,False,False,True,False,,,,,,,
2026-08-25,00:00,40.6706112,-73.9304243,ST JOHNS PL,11213,77,UNKNOWN,Street,17.89369013161439,False,BROOKLYN,"(40.6706112, -73.9304243)",trafficstat,False,False,False,False,False,False,False,False,False,,,,,,,
2026-08-25,00:00,40.6716942,-73.9539668,ST JOHNS PL,11216,77,UNKNOWN,Street,54.62671304268057,False,BROOKLYN,"(40.6716942, -73.9539668)",trafficstat,True,False,False,False,False,False,False,True,False,,,,,,,
2026-08-24,00:00,40.6714881,-73.9475629,NEW YORK AVE,11216,77,UNKNOWN,Street,0.7997451774274676,False,BROOKLYN,"(40.6714881, -73.9475629)",trafficstat,False,False,False,False,False,False,False,False,False,,,,,,,
2026-08-23,00:00,40.6702792,-73.9254121,BUFFALO AVE,11213,77,OTHER,Street,0.9337933734255617,False,BROOKLYN,"(40.6702792, -73.9254121)",trafficstat,True,False,False,False,False,False,False,False,True,,,,,,,
2026-08-04,00:00,40.6702792,-73.9254121,BUFFALO AVE,11213,77,UNKNOWN,Street,0.9337933734255617,False,BROOKLYN,"(40.6702792, -73.9254121)",trafficstat,True,False,False,False,False,True,False,False,False,,,,,,,
2026-08-23,00:00,40.6698645,-73.9505021,NOSTRAND AVE,11225,77,UNKNOWN,Street,0.6111779414181653,False,BROOKLYN,"(40.6698645, -73.9505021)",trafficstat,True,False,False,True,False,False,False,False,False,,,,,,,
2026-08-04,00:00,40.6698645,-73.9505021,NOSTRAND AVE,11225,77,UNKNOWN,Street,0.6111779414181653,False,BROOKLYN,"(40.6698645, -73.9505021)",trafficstat,True,False,False,False,False,False,True,False,False,,,,,,,
2026-08-23,00:00,40.6745738,-73.963138,WASHINGTON AVE,11238,77,OTHER,Street,0.063946174020394,False,BROOKLYN,"(40.6745738, -73.963138)",trafficstat,True,False,False,True,False,False,False,False,False,,,,,,,
2026-08-23,00:00,40.6777156,-73.935859,TROY AVE,11213,77,OTHER,Street,0.3001408345055184,False,BROOKLYN,"(40.6777156, -73.935859)",trafficstat,True,False,False,False,False,False,False,False,True,,,,,,,
2026-08-03,00:00,40.6777156,-73.935859,TROY AVE,11213,77,UNKNOWN,Street,0.3001408345055184,False,BROOKLYN,"(40.6777156, -73.935859)",trafficstat,True,False,False,False,False,False,False,True,False,,,,,,,
2026-08-22,00:00,40.6731199,-73.9446272,BROOKLYN AVE,11213,77,UNKNOWN,Street,0.8063819222117546,False,BROOKLYN,"(40.6731199, -73.9446272)",trafficstat,False,False,False,False,False,False,False,False,False,,,,,,,
2026-08-22,00:00,40.6712861,-73.9363112,TROY AVE,11213,77,UNKNOWN,Street,39.410252775536925,False,BROOKLYN,"(40.6712861, -73.9363112)",trafficstat,False,False,False,False,False,False,False,False,False,,,,,,,
2026-08-22,00:00,40.6705042,-73.9448709,BROOKLYN AVE,11213,77,UNKNOWN,Street,0.9693832606526085,False,BROOKLYN,"(40.6705042, -73.9448709)",trafficstat,False,False,False,False,False,False,False,False,False,,,,,,,
2026-06-30,00:00,40.6705042,-73.9448709,BROOKLYN AVE,11213,77,UNKNOWN,Street,0.9693832606526085,False,BROOKLYN,"(40.6705042, -73.9448709)",trafficstat,True,False,False,False,False,False,False,True,False,,,,,,,
2026-08-20,00:00,40.667542,-73.9241998,UNION ST,11233,77,OTHER,Street,33.34301540114605,False,BROOKLYN,"(40.667542, -73.9241998)",trafficstat,True,False,True,False,False,False,False,False,False,,,,,,,
2026-08-20,00:00,40.6771398,-73.9338665,PACIFIC ST,11213,77,UNKNOWN,Street,126.40553184632017,False,BROOKLYN,"(40.6771398, -73.9338665)",trafficstat,False,False,False,False,False,False,False,False,False,,,,,,,
2026-08-20,00:00,40.6767451,-73.9331524,SCHENECTADY AVE,11213,77,UNKNOWN,Street,0.8626631312690838,False,BROOKLYN,"(40.6767451, -73.9331524)",trafficstat,False,False,False,False,False,False,False,False,False,,,,,,,
2026-07-20,00:00,40.6767451,-73.9331524,SCHENECTADY AVE,11213,77,UNKNOWN,Street,0.8626631312690838,False,BROOKLYN,"(40.6767451, -73.9331524)",trafficstat,False,False,False,False,False,False,False,False,False,,,,,,,