crash_date,crash_time,latitude,longitude,on_street_name,zip_code,precinct,collision_type,roadway_type,geocode_dist_feet,time_is_known,borough,location,source,injury,fatality,injured_pedestrian,injured_cyclist,injured_ebike_rider,injured_motorcyclist,injured_moped_rider,injured_car_occupant,injured_suv_occupant,number_of_persons_injured,number_of_persons_killed,contributing_factor_vehicle_1,collision_id,cross_street_name,off_street_name,vehicle_type_code1
2026-08-19,00:00,40.6771358,-73.9297211,ATLANTIC AVE,11233,77,OTHER,Street,55.071233923787965,False,BROOKLYN,"(40.6771358, -73.9297211)",trafficstat,False,False,False,False,False,False,False,False,False,,,,,,,
2026-08-19,00:00,40.6798311,-73.9582931,CLASSON AVE,11238,77,UNKNOWN,Street,0.8736148007112997,False,BROOKLYN,"(40.6798311, -73.9582931)",trafficstat,False,False,False,False,False,False,False,False,False,,,,,,,
2026-07-01,00:00,40.6798311,-73.9582931,CLASSON AVE,11238,77,UNKNOWN,Street,0.8736148007112997,False,BROOKLYN,"(40.6798311, -73.9582931)",trafficstat,True,False,False,False,False,False,True,False,False,,,,,,,
2026-06-24,00:00,40.6798311,-73.9582931,CLASSON AVE,11238,77,UNKNOWN,Street,0.8736148007112997,False,BROOKLYN,"(40.6798311, -73.9582931)",trafficstat,False,False,False,False,False,False,False,False,False,,,,,,,
2026-08-19,00:00,40.6724316,-73.9522479,STERLING PL,11216,77,OTHER,Street,78.3125338746081,False,BROOKLYN,"(40.6724316, -73.9522479)",trafficstat,False,False,False,False,False,False,False,False,False,,,,,,,
2026-08-18,00:00,40.6775017,-73.9469994,NEW YORK AVE,11216,77,UNKNOWN,Street,0.5392903096520619,False,BROOKLYN,"(40.6775017, -73.9469994)",trafficstat,False,False,False,False,False,False,False,False,False,,,,,,,
2026-08-18,00:00,40.676598,-73.93038,UTICA AVE,11213,77,OTHER,Street,1.355416587512162,False,BROOKLYN,"(40.676598, -73.93038)",trafficstat,True,False,False,False,False,False,False,True,False,,,,,,,
2026-08-17,00:00,40.674313,-73.95008,NOSTRAND AVE,11216,77,UNKNOWN,Street,1.2192893085072871,False,BROOKLYN,"(40.674313, -73.95008)",trafficstat,False,False,False,False,False,False,False,False,False,,,,,,,
2026-08-17,00:00,40.6732926,-73.957021,FRANKLIN AVE,11238,77,UNKNOWN,Street,1.104903492492967,False,BROOKLYN,"(40.6732926, -73.957021)",trafficstat,True,False,False,False,False,False,False,False,False,,,,,,,
2026-08-16,00:00,40.676876,-73.949844,NOSTRAND AVE,11216,77,UNKNOWN,Street,0.6043949410781077,False,BROOKLYN,"(40.676876, -73.949844)",trafficstat,False,False,False,False,False,False,False,False,False,,,,,,,
2026-08-16,00:00,40.669252,-73.9233415,LINCOLN PL,11233,77,UNKNOWN,Street,27.20600900171798,False,BROOKLYN,"(40.669252, -73.9233415)",trafficstat,False,False,False,False,False,False,False,False,False,,,,,,,
2026-08-16,00:00,40.6720783,-73.941946,KINGSTON AVE,11213,77,UNKNOWN,Street,0.28303785320488495,False,BROOKLYN,"(40.6720783, -73.941946)",trafficstat,True,False,False,False,False,False,False,False,True,,,,,,,
2026-08-16,00:00,40.6767189,-73.9246372,BUFFALO AVE,11233,77,UNKNOWN,Street,47.84138353150543,False,BROOKLYN,"(40.6767189, -73.9246372)",trafficstat,False,False,False,False,False,False,False,False,False,,,,,,,
2026-08-15,00:00,40.6779039,-73.9433117,ATLANTIC AVE,11216,77,UNKNOWN,Street,46.98856438713476,False,BROOKLYN,"(40.6779039, -73.9433117)",trafficstat,False,False,False,False,False,False,False,False,False,,,,,,,
2026-08-15,00:00,40.671623,-73.9625701,WASHINGTON AVE,11225,77,UNKNOWN,Street,0.2815983082414097,False,BROOKLYN,"(40.671623, -73.9625701)",trafficstat,True,False,False,True,False,False,False,False,False,,,,,,,
2026-06-15,00:00,40.671623,-73.9625701,WASHINGTON AVE,11225,77,UNKNOWN,Street,0.2815983082414097,False,BROOKLYN,"(40.671623, -73.9625701)",trafficstat,False,False,False,False,False,False,False,False,False,,,,,,,
2026-08-15,00:00,40.672999,-73.9562326,STERLING PL,11216,77,UNKNOWN,Street,51.24377611930572,False,BROOKLYN,"(40.672999, -73.9562326)",trafficstat,False,False,False,False,False,False,False,False,False,,,,,,,
2026-08-14,00:00,40.673976,-73.9608153,STERLING PL,11238,77,OTHER,Street,41.76038513712215,False,BROOKLYN,"(40.673976, -73.9608153)",trafficstat,False,False,False,False,False,False,False,False,False,,,,,,,
2026-08-14,00:00,40.6727536,-73.9543177,BEDFORD AVE,11216,77,UNKNOWN,Street,0.7977202274719257,False,BROOKLYN,"(40.6727536, -73.9543177)",trafficstat,True,False,False,False,False,False,False,False,True,,,,,,,
2026-08-13,00:00,40.6691002,-73.9366567,TROY AVE,11213,77,UNKNOWN,Street,0.6678025399797718,False,BROOKLYN,"(40.6691002, -73.9366567)",trafficstat,False,False,False,False,False,False,False,False,False,,,,,,,
2026-08-13,00:00,40.675768,-73.9649407,PARK PL,11238,77,UNKNOWN,Street,48.07010305649363,False,BROOKLYN,"(40.675768, -73.9649407)",trafficstat,False,False,False,False,False,False,False,False,False,,,,,,,
2026-08-13,00:00,40.6784553,-73.9496774,NOSTRAND AVE,11216,77,UNKNOWN,Street,0.46441396932679313,False,BROOKLYN,"(40.6784553, -73.9496774)",trafficstat,False,False,False,False,False,False,False,False,False,,,,,,,
2026-07-22,00:00,40.6784553,-73.9496774,NOSTRAND AVE,11216,77,OTHER,Street,0.46441396932679313,False,BROOKLYN,"(40.6784553, -73.9496774)",trafficstat,False,False,False,False,False,False,False,False,False,,,,,,,
2026-07-14,00:00,40.6784553,-73.9496774,NOSTRAND AVE,11216,77,OTHER,Street,0.46441396932679313,False,BROOKLYN,"(40.6784553, -73.9496774)",trafficstat,True,False,False,True,False,False,False,False,False,,,,,,,
2026-08-13,00:00,40.6758185,-73.9304567,UTICA AVE,11213,77,OTHER,Street,0.6776172960431287,False,BROOKLYN,"(40.6758185, -73.9304567)",trafficstat,True,False,True,False,False,False,False,False,False,,,,,,,
2026-08-12,00:00,40.6716376,-73.950335,NOSTRAND AVE,11216,77,UNKNOWN,Street,0.3517165283477609,False,BROOKLYN,"(40.6716376, -73.950335)",trafficstat,True,False,True,False,False,False,False,False,False,,,,,,,
2026-08-08,00:00,40.6716376,-73.950335,NOSTRAND AVE,11216,77,UNKNOWN,Street,0.3517165283477609,False,BROOKLYN,"(40.6716376, -73.950335)",trafficstat,False,False,False,False,False,False,False,False,False,,,,,,,
2026-08-11,00:00,40.675562,-73.9633322,WASHINGTON AVE,11238,77,UNKNOWN,Street,0.3110100383926434,False,BROOKLYN,"(40.675562, -73.9633322)",trafficstat,False,False,False,False,False,False,False,False,False,,,,,,,
2026-08-11,00:00,40.6724144,-73.9573388,FRANKLIN AVE,11238,77,UNKNOWN,Street,1.1747379787442462,False,BROOKLYN,"(40.6724144, -73.9573388)",trafficstat,True,False,False,True,False,False,False,False,False,,,,,,,
2026-08-10,00:00,40.6781563,-73.9441507,BROOKLYN AVE,11216,77,UNKNOWN,Street,0.6283558135750579,False,BROOKLYN,"(40.6781563, -73.9441507)",trafficstat,True,False,False,False,False,False,False,True,False,,,,,,,
2026-07-20,00:00,40.6781563,-73.9441507,BROOKLYN AVE,11216,77,OTHER,Street,0.6283558135750579,False,BROOKLYN,"(40.6781563, -73.9441507)",trafficstat,False,False,False,False,False,False,False,False,False,,,,,,,
2026-08-09,00:00,40.6783423,-73.9551971,FRANKLIN AVE,11238,77,OTHER,Street,0.87596907765416,False,BROOKLYN,"(40.6783423, -73.9551971)",trafficstat,False,False,False,False,False,False,False,False,False,,,,,,,
2026-07-21,00:00,40.6783423,-73.9551971,FRANKLIN AVE,11238,77,OTHER,Street,0.87596907765416,False,BROOKLYN,"(40.6783423, -73.9551971)",trafficstat,True,True,False,False,False,False,False,False,False,,,,,,,
2026-08-09,00:00,40.6777266,-73.9529858,BEDFORD AVE,11216,77,OTHER,Street,53.358307442091316,False,BROOKLYN,"(40.6777266, -73.9529858)",trafficstat,False,False,False,False,False,False,False,False,False,,,,,,,
2026-08-09,00:00,40.6708869,-73.9364892,TROY AVE,11213,77,UNKNOWN,Street,0.6244871988332912,False,BROOKLYN,"(40.6708869, -73.9364892)",trafficstat,False,False,False,False,False,False,False,False,False,,,,,,,
2026-08-09,00:00,40.6761419,-73.9343096,DEAN ST,11213,77,UNKNOWN,Street,38.526863691885104,False,BROOKLYN,"(40.6761419, -73.9343096)",trafficstat,True,False,False,False,False,False,False,False,True,,,,,,,
2026-08-08,00:00,40.6709944,-73.9549533,BEDFORD AVE,11216,77,UNKNOWN,Street,1.380459947881692,False,BROOKLYN,"(40.6709944, -73.9549533)",trafficstat,False,False,False,False,False,False,False,False,False,,,,,,,
2026-08-03,00:00,40.6709944,-73.9549533,BEDFORD AVE,11216,77,OTHER,Street,1.380459947881692,False,BROOKLYN,"(40.6709944, -73.9549533)",trafficstat,False,False,False,False,False,False,False,False,False,,,,,,,
2026-08-07,00:00,40.6720632,-73.9252443,BUFFALO AVE,11213,77,UNKNOWN,Street,0.8922142989433083,False,BROOKLYN,"(40.6720632, -73.9252443)",trafficstat,False,False,False,False,False,False,False,False,False,,,,,,,
2026-08-07,00:00,40.6787229,-73.9529868,BEDFORD AVE,11216,77,OTHER,Street,0.07048901566546166,False,BROOKLYN,"(40.6787229, -73.9529868)",trafficstat,True,False,False,False,False,False,False,True,False,,,,,,,
2026-08-07,00:00,40.6787229,-73.9529868,BEDFORD AVE,11216,77,UNKNOWN,Street,0.07048901566546166,False,BROOKLYN,"(40.6787229, -73.9529868)",trafficstat,True,False,False,False,False,False,False,True,False,,,,,,,
2026-08-06,00:00,40.6725157,-73.9335532,SCHENECTADY AVE,11213,77,UNKNOWN,Street,0.6340053067590912,False,BROOKLYN,"(40.6725157, -73.9335532)",trafficstat,False,False,False,False,False,False,False,False,False,,,,,,,
2026-08-06,00:00,40.6753332,-73.9360776,TROY AVE,11213,77,OTHER,Street,0.8489606218477602,False,BROOKLYN,"(40.6753332, -73.9360776)",trafficstat,False,False,False,False,False,False,False,False,False,,,,,,,
2026-08-06,00:00,40.67101,-73.9223832,RALPH AVE,11233,77,UNKNOWN,Street,0.7582155475788268,False,BROOKLYN,"(40.67101, -73.9223832)",trafficstat,False,False,False,False,False,False,False,False,False,,,,,,,
2026-08-06,00:00,40.6710032,-73.9354651,ST JOHNS PL,11213,77,OTHER,Street,60.19955527554311,False,BROOKLYN,"(40.6710032, -73.9354651)",trafficstat,False,False,False,False,False,False,False,False,False,,,,,,,
2026-08-05,00:00,40.6708977,-73.953187,ROGERS AVE,11216,77,UNKNOWN,Street,0.35188005660699884,False,BROOKLYN,"(40.6708977, -73.953187)",trafficstat,False,False,False,False,False,False,False,False,False,,,,,,,
2026-08-04,00:00,40.6714738,-73.9308686,UTICA AVE,11213,77,UNKNOWN,Street,0.29644277794821305,False,BROOKLYN,"(40.6714738, -73.9308686)",trafficstat,False,False,False,False,False,False,False,False,False,,,,,,,
2026-08-03,00:00,40.6746975,-73.9304025,UTICA AVE,11213,77,UNKNOWN,Street,44.701619406903994,False,BROOKLYN,"(40.6746975, -73.9304025)",trafficstat,True,False,False,False,False,False,False,False,True,,,,,,,
2026-08-03,00:00,40.6717734,-73.9364054,TROY AVE,11213,77,OTHER,Street,0.5733011987989859,False,BROOKLYN,"(40.6717734, -73.9364054)",trafficstat,True,False,False,False,False,False,False,False,False,,,,,,,
2026-08-03,00:00,40.6659177,-73.9254638,ROCKAWAY PKWY,11212,77,UNKNOWN,Street,1.6794720897974003,False,BROOKLYN,"(40.6659177, -73.9254638)",trafficstat,True,False,True,False,False,False,False,False,False,,,,,,,
2026-08-02,00:00,40.669403,-73.9422,KINGSTON AVE,11213,77,UNKNOWN,Street,0.45408318573343626,False,BROOKLYN,"(40.669403, -73.9422)",trafficstat,True,False,False,False,False,False,False,False,False,,,,,,,
2026-08-02,00:00,40.6714254,-73.959742,EASTERN PKWY,11238,77,UNKNOWN,Street,59.91182601685778,False,BROOKLYN,"(40.6714254, -73.959742)",trafficstat,False,False,False,False,False,False,False,False,False,,,,,,,
2026-08-02,00:00,40.6705818,-73.9309524,UTICA AVE,11213,77,UNKNOWN,Street,0.24958597938821073,False,BROOKLYN,"(40.6705818, -73.9309524)",trafficstat,True,False,False,False,False,False,False,False,True,,,,,,,
2026-08-01,00:00,40.6713386,-73.9447945,BROOKLYN AVE,11213,77,UNKNOWN,Street,0.7404569936237746,False,BROOKLYN,"(40.6713386, -73.9447945)",trafficstat,False,False,False,False,False,False,False,False,False,,,,,,,
2026-08-01,00:00,40.6710626,-73.9307651,UTICA AVE,11213,77,OTHER,Street,39.59811378386525,False,BROOKLYN,"(40.6710626, -73.9307651)",trafficstat,False,False,False,False,False,False,False,False,False,,,,,,,
2026-08-01,00:00,40.668507,-73.925606,BUFFALO AVE,11213,77,UNKNOWN,Street,0.876099814846034,False,BROOKLYN,"(40.668507, -73.925606)",trafficstat,False,False,False,False,False,False,False,False,False,,,,,,,
2026-07-27,00:00,40.668507,-73.925606,BUFFALO AVE,11213,77,UNKNOWN,Street,0.876099814846034,False,BROOKLYN,"(40.668507, -73.925606)",trafficstat,True,False,False,False,False,False,False,True,False,,,,,,,
2026-07-19,00:00,40.668507,-73.925606,BUFFALO AVE,11213,77,OTHER,Street,0.876099814846034,False,BROOKLYN,"(40.668507, -73.925606)",trafficstat,True,False,False,False,False,False,False,True,True,,,,,,,
2026-06-13,00:00,40.668507,-73.925606,BUFFALO AVE,11213,77,UNKNOWN,Street,0.876099814846034,False,BROOKLYN,"(40.668507, -73.925606)",trafficstat,True,False,False,False,False,False,False,True,False,,,,,,,
2026-08-01,00:00,40.677025,-73.952675,ROGERS AVE,11216,77,UNKNOWN,Street,1.1725384409089659,False,BROOKLYN,"(40.677025, -73.952675)",trafficstat,True,False,False,True,False,False,False,False,False,,,,,,,
2026-07-30,00:00,40.675369,-73.9331117,SCHENECTADY AVE,11213,77,UNKNOWN,Street,47.53841907641455,False,BROOKLYN,"(40.675369, -73.9331117)",trafficstat,False,False,False,False,False,False,False,False,False,,,,,,,
2026-07-30,00:00,40.6748637,-73.9600735,CLASSON AVE,11238,77,UNKNOWN,Street,1.2012961763419174,False,BROOKLYN,"(40.6748637, -73.9600735)",trafficstat,False,False,False,False,False,False,False,False,False,,,,,,,
2026-07-29,00:00,40.6729823,-73.9642575,LINCOLN PL,11238,77,UNKNOWN,Street,38.85752906129962,False,BROOKLYN,"(40.6729823, -73.9642575)",trafficstat,False,False,False,False,False,False,False,False,False,,,,,,,
2026-07-29,00:00,40.673103,-73.927925,ROCHESTER AVE,11213,77,UNKNOWN,Street,1.7059276382632778,False,BROOKLYN,"(40.673103, -73.927925)",trafficstat,True,False,False,False,False,False,False,True,False,,,,,,,
2026-07-29,00:00,40.6700172,-73.9378965,LINCOLN PL,11213,77,OTHER,Street,37.81908208001124,False,BROOKLYN,"(40.6700172, -73.9378965)",trafficstat,False,False,False,False,False,False,False,False,False,,,,,,,
2026-07-28,00:00,40.67164,-73.95033,NOSTRAND AVE,11216,77,UNKNOWN,Street,1.672424463051845,False,BROOKLYN,"(40.67164, -73.95033)",trafficstat,True,False,False,False,False,False,False,True,False,,,,,,,
2026-07-28,00:00,40.676895,-73.93593,TROY AVE,11213,77,UNKNOWN,Street,1.2514118295637342,False,BROOKLYN,"(40.676895, -73.93593)",trafficstat,True,False,False,False,False,False,False,False,False,,,,,,,
2026-06-15,00:00,40.676895,-73.93593,TROY AVE,11213,77,OTHER,Street,1.2514118295637342,False,BROOKLYN,"(40.676895, -73.93593)",trafficstat,True,False,False,False,False,False,False,False,True,,,,,,,
2026-07-28,00:00,40.6798802,-73.9643356,WASHINGTON AVE,11238,77,UNKNOWN,Street,47.82732903344463,False,BROOKLYN,"(40.6798802, -73.9643356)",trafficstat,False,False,False,False,False,False,False,False,False,,,,,,,
2026-07-27,00:00,40.6783196,-73.9469194,NEW YORK AVE,11216,77,UNKNOWN,Street,0.4614875697068818,False,BROOKLYN,"(40.6783196, -73.9469194)",trafficstat,False,False,False,False,False,False,False,False,False,,,,,,,
2026-07-26,00:00,40.6766339,-73.9594344,CLASSON AVE,11238,77,UNKNOWN,Street,0.6228135562278626,False,BROOKLYN,"(40.6766339, -73.9594344)",trafficstat,False,False,False,False,False,False,False,False,False,,,,,,,
2026-07-25,00:00,40.67109,-73.9544312,LINCOLN PL,11216,77,UNKNOWN,Street,41.84000112282438,False,BROOKLYN,"(40.67109, -73.9544312)",trafficstat,False,False,False,False,False,False,False,False,False,,,,,,,
2026-07-25,00:00,40.669735,-73.93103,UTICA AVE,11213,77,UNKNOWN,Street,1.5234885778050637,False,BROOKLYN,"(40.669735, -73.93103)",trafficstat,False,False,False,False,False,False,False,False,False,,,,,,,
2026-07-23,00:00,40.6754782,-73.9600085,CLASSON AVE,11238,77,UNKNOWN,Street,39.63397431032062,False,BROOKLYN,"(40.6754782, -73.9600085)",trafficstat,False,False,False,False,False,False,False,False,False,,,,,,,
2026-07-22,00:00,40.6755544,-73.9473595,NEW YORK AVE,11216,77,UNKNOWN,Street,48.43175387671841,False,BROOKLYN,"(40.6755544, -73.9473595)",trafficstat,False,False,False,False,False,False,False,False,False,,,,,,,
2026-07-22,00:00,40.6700084,-73.9532705,ROGERS AVE,11225,77,UNKNOWN,Street,0.4510071794797105,False,BROOKLYN,"(40.6700084, -73.9532705)",trafficstat,False,False,False,False,False,False,False,False,False,,,,,,,
2026-07-22,00:00,40.6779397,-73.9656599,UNDERHILL AVE,11238,77,UNKNOWN,Street,0.7316667503656208,False,BROOKLYN,"(40.6779397, -73.9656599)",trafficstat,True,False,False,True,False,False,False,False,False,,,,,,,
2026-07-22,00:00,40.678936,-73.96196,GRAND AVE,11238,77,UNKNOWN,Street,0.031614888552598495,False,BROOKLYN,"(40.678936, -73.96196)",trafficstat,True,False,False,True,False,False,False,False,False,,,,,,,
2026-07-22,00:00,40.6769279,-73.9416261,KINGSTON AVE,11213,77,UNKNOWN,Street,37.63225055581868,False,BROOKLYN,"(40.6769279, -73.9416261)",trafficstat,False,False,False,False,False,False,False,False,False,,,,,,,
2026-07-21,00:00,40.6727986,-73.9246382,PROSPECT PL,11233,77,UNKNOWN,Street,48.8417106324143,False,BROOKLYN,"(40.6727986, -73.9246382)",trafficstat,False,False,False,False,False,False,False,False,False,,,,,,,
2026-07-20,00:00,40.677306,-73.932656,ATLANTIC AVE,11213,77,OTHER,Street,52.54673618945309,False,BROOKLYN,"(40.677306, -73.932656)",trafficstat,False,False,False,False,False,False,False,False,False,,,,,,,
2026-07-20,00:00,40.6749066,-73.9444635,BROOKLYN AVE,11213,77,UNKNOWN,Street,0.10421570938380875,False,BROOKLYN,"(40.6749066, -73.9444635)",trafficstat,False,False,False,False,False,False,False,False,False,,,,,,,
2026-06-22,00:00,40.6749066,-73.9444635,BROOKLYN AVE,11213,77,UNKNOWN,Street,0.10421570938380875,False,BROOKLYN,"(40.6749066, -73.9444635)",trafficstat,False,False,False,False,False,False,False,False,False,,,,,,,
2026-07-20,00:00,40.6768891,-73.9476557,DEAN ST,11216,77,UNKNOWN,Street,45.76637151534536,False,BROOKLYN,"(40.6768891, -73.9476557)",trafficstat,False,False,False,False,False,False,False,False,False,,,,,,,
2026-07-19,00:00,40.6713521,-73.926547,STERLING PL,11233,77,UNKNOWN,Street,39.1854544911901,False,BROOKLYN,"(40.6713521, -73.926547)",trafficstat,False,False,False,False,False,False,False,False,False,,,,,,,
2026-07-19,00:00,40.67356,-73.936264,TROY AVE,11213,77,UNKNOWN,Street,0.48857369246477966,False,BROOKLYN,"(40.67356, -73.936264)",trafficstat,True,False,True,False,False,False,False,False,False,,,,,,,
2026-07-18,00:00,40.6743136,-73.9500806,NOSTRAND AVE,11216,77,UNKNOWN,Street,1.037694623239651,False,BROOKLYN,"(40.6743136, -73.9500806)",trafficstat,False,False,False,False,False,False,False,False,False,,,,,,,
2026-07-18,00:00,40.6694023,-73.942197,KINGSTON AVE,11213,77,UNKNOWN,Street,0.39412503095765905,False,BROOKLYN,"(40.6694023, -73.942197)",trafficstat,False,False,False,False,False,False,False,False,False,,,,,,,
2026-07-16,00:00,40.6694023,-73.942197,KINGSTON AVE,11213,77,UNKNOWN,Street,0.39412503095765905,False,BROOKLYN,"(40.6694023, -73.942197)",trafficstat,True,False,False,False,False,False,False,True,False,,,,,,,
2026-07-18,00:00,40.670567,-73.9278821,ST JOHNS PL,11213,77,UNKNOWN,Street,52.67262572783689,False,BROOKLYN,"(40.670567, -73.9278821)",trafficstat,False,False,False,False,False,False,False,False,False,,,,,,,
2026-07-18,00:00,40.6759272,-73.9560676,FRANKLIN AVE,11238,77,OTHER,Street,1.4326370620975866,False,BROOKLYN,"(40.6759272, -73.9560676)",trafficstat,True,True,True,False,False,False,False,False,True,,,,,,,
2026-07-17,00:00,40.6727216,-73.9654472,EASTERN PKWY,11238,77,UNKNOWN,Street,37.977250208892286,False,BROOKLYN,"(40.6727216, -73.9654472)",trafficstat,True,False,True,False,False,False,False,False,False,,,,,,,
2026-07-16,00:00,40.6765726,-73.9443034,BROOKLYN AVE,11216,77,UNKNOWN,Street,0.5489328509033996,False,BROOKLYN,"(40.6765726, -73.9443034)",trafficstat,False,False,False,False,False,False,False,False,False,,,,,,,
2026-07-15,00:00,40.6802339,-73.9642237,WASHINGTON AVE,11238,77,UNKNOWN,Street,0.20584675266947644,False,BROOKLYN,"(40.6802339, -73.9642237)",trafficstat,False,False,False,False,False,False,False,False,False,,,,,,,
2026-06-17,00:00,40.6802339,-73.9642237,WASHINGTON AVE,11238,77,OTHER,Street,0.20584675266947644,False,BROOKLYN,"(40.6802339, -73.9642237)",trafficstat,True,False,False,True,False,False,False,False,False,,,,,,,
2026-07-15,00:00,40.6774132,-73.930318,UTICA AVE,11213,77,UNKNOWN,Street,0.1702696838907985,False,BROOKLYN,"(40.6774132, -73.930318)",trafficstat,True,False,False,False,False,False,False,True,False,,,,,,,
2026-07-12,00:00,40.6774132,-73.930318,UTICA AVE,11213,77,UNKNOWN,Street,0.1702696838907985,False,BROOKLYN,"(40.6774132, -73.930318)",trafficstat,True,False,False,False,False,False,False,True,True,,,,,,,
2026-07-15,00:00,40.6710951,-73.9431969,ST JOHNS PL,11213,77,UNKNOWN,Street,59.07027616309973,False,BROOKLYN,"(40.6710951, -73.9431969)",trafficstat,False,False,False,False,False,False,False,False,False,,,,,,,
2026-07-14,00:00,40.67753,-73.96371,WASHINGTON AVE,11238,77,UNKNOWN,Street,0.27764922288633204,False,BROOKLYN,"(40.67753, -73.96371)",trafficstat,True,False,False,False,False,False,False,True,False,,,,,,,
2026-07-14,00:00,40.6814159,-73.9670721,ATLANTIC AVE,11238,77,OTHER,Street,65.35556567461182,False,BROOKLYN,"(40.6814159, -73.9670721)",trafficstat,False,False,False,False,False,False,False,False,False,,,,,,,
2026-07-13,00:00,40.6707111,-73.9463227,LINCOLN PL,11213,77,UNKNOWN,Street,41.90986710912329,False,BROOKLYN,"(40.6707111, -73.9463227)",trafficstat,False,False,False,False,False,False,False,False,False,,,,,,,
2026-07-13,00:00,40.67342,-73.950165,NOSTRAND AVE,11216,77,OTHER,Street,0.902108963427972,False,BROOKLYN,"(40.67342, -73.950165)",trafficstat,True,False,True,False,False,False,False,False,False,,,,,,,
2026-07-12,00:00,40.6736318,-73.9539998,BEDFORD AVE,11216,77,OTHER,Street,1.1501520454399075,False,BROOKLYN,"(40.6736318, -73.9539998)",trafficstat,True,False,False,True,False,False,False,False,False,,,,,,,
2026-07-11,00:00,40.6728875,-73.968943,PLAZA ST  E,11238,77,UNKNOWN,Street,2.757898267268443,False,BROOKLYN,"(40.6728875, -73.968943)",trafficstat,True,False,False,False,False,False,False,True,False,,,,,,,
2026-07-10,00:00,40.6745228,-73.9307123,UTICA AVE,11213,77,UNKNOWN,Street,36.39984149890603,False,BROOKLYN,"(40.6745228, -73.9307123)",trafficstat,False,False,False,False,False,False,False,False,False,,,,,,,
2026-07-10,00:00,40.6739971,-73.9278413,ROCHESTER AVE,11213,77,UNKNOWN,Street,0.4228842661580277,False,BROOKLYN,"(40.6739971, -73.9278413)",trafficstat,True,False,False,False,False,False,False,True,False,,,,,,,
2026-07-09,00:00,40.6755263,-73.9670915,STERLING PL,11238,77,UNKNOWN,Street,40.627265571522216,False,BROOKLYN,"(40.6755263, -73.9670915)",trafficstat,False,False,False,False,False,False,False,False,False,,,,,,,
2026-07-09,00:00,40.6747488,-73.9416949,KINGSTON AVE,11213,77,UNKNOWN,Street,0.2716621195338903,False,BROOKLYN,"(40.6747488, -73.9416949)",trafficstat,False,False,False,False,False,False,False,False,False,,,,,,,
2026-07-08,00:00,40.6680303,-73.9240842,EASTERN PKWY,11233,77,UNKNOWN,Street,66.02212345591455,False,BROOKLYN,"(40.6680303, -73.9240842)",trafficstat,False,False,False,False,False,False,False,False,False,,,,,,,
2026-07-06,00:00,40.670658,-73.9579744,FRANKLIN AVE,11225,77,UNKNOWN,Street,0.7427690170389439,False,BROOKLYN,"(40.670658, -73.9579744)",trafficstat,False,False,False,False,False,False,False,False,False,,,,,,,
2026-07-06,00:00,40.6725296,-73.9502514,NOSTRAND AVE,11216,77,OTHER,Street,0.49945135228452925,False,BROOKLYN,"(40.6725296, -73.9502514)",trafficstat,True,False,False,False,False,False,False,True,True,,,,,,,
2026-06-22,00:00,40.6725296,-73.9502514,NOSTRAND AVE,11216,77,UNKNOWN,Street,0.49945135228452925,False,BROOKLYN,"(40.6725296, -73.9502514)",trafficstat,True,False,False,True,False,False,False,False,False,,,,,,,
2026-07-05,00:00,40.6769383,-73.9218247,RALPH AVE,11233,77,UNKNOWN,Street,0.27411753079293144,False,BROOKLYN,"(40.6769383, -73.9218247)",trafficstat,True,False,False,False,False,False,False,True,False,,,,,,,
2026-07-05,00:00,40.67705,-73.93869,ALBANY AVE,11213,77,OTHER,Street,1.9477009411029342,False,BROOKLYN,"(40.67705, -73.93869)",trafficstat,True,False,False,False,False,False,False,False,False,,,,,,,
2026-07-02,00:00,40.6775148,-73.9591238,CLASSON AVE,11238,77,UNKNOWN,Street,0.9028796491509006,False,BROOKLYN,"(40.6775148, -73.9591238)",trafficstat,True,False,False,False,False,False,False,False,True,,,,,,,
2026-07-02,00:00,40.675385,-73.95336,BEDFORD AVE,11216,77,OTHER,Street,2.155014620895038,False,BROOKLYN,"(40.675385, -73.95336)",trafficstat,True,False,False,True,False,False,False,False,False,,,,,,,
2026-07-02,00:00,40.6733822,-73.9256765,PROSPECT PL,11213,77,UNKNOWN,Street,142.5019647355544,False,BROOKLYN,"(40.6733822, -73.9256765)",trafficstat,False,False,False,False,False,False,False,False,False,,,,,,,
2026-07-01,00:00,40.6734216,-73.9501642,NOSTRAND AVE,11216,77,UNKNOWN,Street,1.0811985324173425,False,BROOKLYN,"(40.6734216, -73.9501642)",trafficstat,True,False,False,True,False,False,False,False,False,,,,,,,
2026-07-01,00:00,40.677845,-73.95281,BEDFORD AVE,11216,77,UNKNOWN,Street,0.3510902696505442,False,BROOKLYN,"(40.677845, -73.95281)",trafficstat,True,False,False,False,False,False,False,True,False,,,,,,,
2026-06-30,00:00,40.671468,-73.9497138,ST JOHNS PL,11216,77,UNKNOWN,Street,52.611543683767486,False,BROOKLYN,"(40.671468, -73.9497138)",trafficstat,False,False,False,False,False,False,False,False,False,,,,,,,
2026-06-30,00:00,40.67179,-73.9531,ROGERS AVE,11216,77,UNKNOWN,Street,1.2422596136886377,False,BROOKLYN,"(40.67179, -73.9531)",trafficstat,False,False,False,False,False,False,False,False,False,,,,,,,
2026-06-29,00:00,40.6720919,-73.9448824,BROOKLYN AVE,11213,77,UNKNOWN,Street,43.41987383802811,False,BROOKLYN,"(40.6720919, -73.9448824)",trafficstat,False,False,False,False,False,False,False,False,False,,,,,,,