crash_date,crash_time,latitude,longitude,on_street_name,zip_code,precinct,collision_type,roadway_type,geocode_dist_feet,time_is_known,borough,location,source,injury,fatality,injured_pedestrian,injured_cyclist,injured_ebike_rider,injured_motorcyclist,injured_moped_rider,injured_car_occupant,injured_suv_occupant,number_of_persons_injured,number_of_persons_killed,contributing_factor_vehicle_1,collision_id,cross_street_name,off_street_name,vehicle_type_code1
2026-06-29,00:00,40.6733142,-73.9576392,STERLING PL,11238,77,UNKNOWN,Street,38.03184505275258,False,BROOKLYN,"(40.6733142, -73.9576392)",trafficstat,False,False,False,False,False,False,False,False,False,,,,,,,
2026-06-29,00:00,40.6715464,-73.9512667,ST JOHNS PL,11216,77,UNKNOWN,Street,54.94166565128859,False,BROOKLYN,"(40.6715464, -73.9512667)",trafficstat,False,False,False,False,False,False,False,False,False,,,,,,,
2026-06-28,00:00,40.6741708,-73.9567032,FRANKLIN AVE,11238,77,UNKNOWN,Street,0.9640930798475913,False,BROOKLYN,"(40.6741708, -73.9567032)",trafficstat,False,False,False,False,False,False,False,False,False,,,,,,,
2026-06-27,00:00,40.6777661,-73.9402322,ATLANTIC AVE,11213,77,UNKNOWN,Street,35.84226195001633,False,BROOKLYN,"(40.6777661, -73.9402322)",trafficstat,True,False,True,False,False,False,False,False,False,,,,,,,
2026-06-26,00:00,40.6728261,-73.9390757,ALBANY AVE,11213,77,UNKNOWN,Street,0.7353196432995461,False,BROOKLYN,"(40.6728261, -73.9390757)",trafficstat,False,False,False,False,False,False,False,False,False,,,,,,,
2026-06-26,00:00,40.6703159,-73.9287493,ST JOHNS PL,11213,77,UNKNOWN,Street,55.88949215176622,False,BROOKLYN,"(40.6703159, -73.9287493)",trafficstat,True,False,False,False,False,False,False,False,True,,,,,,,
2026-06-26,00:00,40.6650736,-73.9273932,E  95 ST,11212,77,UNKNOWN,Street,1.8611462285130091,False,BROOKLYN,"(40.6650736, -73.9273932)",trafficstat,False,False,False,False,False,False,False,False,False,,,,,,,
2026-06-25,00:00,40.669492,-73.9249557,LINCOLN PL,11233,77,UNKNOWN,Street,28.46338957420115,False,BROOKLYN,"(40.669492, -73.9249557)",trafficstat,False,False,False,False,False,False,False,False,False,,,,,,,
2026-06-25,00:00,40.6743589,-73.9678687,ST JOHNS PL,11238,77,OTHER,Street,62.192023900270286,False,BROOKLYN,"(40.6743589, -73.9678687)",trafficstat,True,False,False,True,False,False,False,False,False,,,,,,,
2026-06-25,00:00,40.676094,-73.94991,NOSTRAND AVE,11216,77,UNKNOWN,Street,2.0980039976023237,False,BROOKLYN,"(40.676094, -73.94991)",trafficstat,False,False,False,False,False,False,False,False,False,,,,,,,
2026-06-25,00:00,40.6768082,-73.9557497,FRANKLIN AVE,11238,77,UNKNOWN,Street,1.149161145591273,False,BROOKLYN,"(40.6768082, -73.9557497)",trafficstat,True,False,False,False,True,False,False,False,False,,,,,,,
2026-06-25,00:00,40.6771023,-73.9247844,BUFFALO AVE,11233,77,OTHER,Street,0.12628448867160214,False,BROOKLYN,"(40.6771023, -73.9247844)",trafficstat,True,False,False,False,False,False,False,False,False,,,,,,,
2026-06-25,00:00,40.6775766,-73.9554752,FRANKLIN AVE,11238,77,UNKNOWN,Street,0.9414873450867982,False,BROOKLYN,"(40.6775766, -73.9554752)",trafficstat,False,False,False,False,False,False,False,False,False,,,,,,,
2026-06-24,00:00,40.6740979,-73.9270302,ST MARKS AVE,11213,77,UNKNOWN,Street,50.25445094173828,False,BROOKLYN,"(40.6740979, -73.9270302)",trafficstat,True,False,False,True,False,False,False,False,False,,,,,,,
2026-06-23,00:00,40.6774424,-73.9433505,PACIFIC ST,11216,77,UNKNOWN,Street,47.71515692480853,False,BROOKLYN,"(40.6774424, -73.9433505)",trafficstat,False,False,False,False,False,False,False,False,False,,,,,,,
2026-06-23,00:00,40.6788179,-73.9653421,UNDERHILL AVE,11238,77,UNKNOWN,Street,0.8756091652530044,False,BROOKLYN,"(40.6788179, -73.9653421)",trafficstat,True,False,False,True,False,False,False,False,True,,,,,,,
2026-06-22,00:00,40.6694127,-73.9264058,LINCOLN PL,11213,77,OTHER,Street,29.222120211206022,False,BROOKLYN,"(40.6694127, -73.9264058)",trafficstat,False,False,False,False,False,False,False,False,False,,,,,,,
2026-06-21,00:00,40.6689504,-73.9338884,SCHENECTADY AVE,11213,77,OTHER,Street,0.3899906185049242,False,BROOKLYN,"(40.6689504, -73.9338884)",trafficstat,True,False,True,False,False,False,False,False,False,,,,,,,
2026-06-21,00:00,40.6756897,-73.9498068,NOSTRAND AVE,11216,77,OTHER,Street,41.4037982098239,False,BROOKLYN,"(40.6756897, -73.9498068)",trafficstat,False,False,False,False,False,False,False,False,False,,,,,,,
2026-06-21,00:00,40.6739992,-73.9603913,CLASSON AVE,11238,77,UNKNOWN,Street,1.5405001303115342,False,BROOKLYN,"(40.6739992, -73.9603913)",trafficstat,True,False,False,False,False,False,True,False,False,,,,,,,
2026-06-21,00:00,40.674885,-73.927765,ROCHESTER AVE,11213,77,UNKNOWN,Street,0.36894339984298863,False,BROOKLYN,"(40.674885, -73.927765)",trafficstat,True,False,False,True,False,False,False,False,False,,,,,,,
2026-06-19,00:00,40.6734982,-73.9222941,RALPH AVE,11233,77,UNKNOWN,Street,39.644048807271595,False,BROOKLYN,"(40.6734982, -73.9222941)",trafficstat,True,False,False,False,False,False,False,False,False,,,,,,,
2026-06-19,00:00,40.6758836,-73.9500796,NOSTRAND AVE,11216,77,UNKNOWN,Street,39.2225433826665,False,BROOKLYN,"(40.6758836, -73.9500796)",trafficstat,True,False,True,False,False,False,False,False,False,,,,,,,
2026-06-19,00:00,40.6753396,-73.9338734,BERGEN ST,11213,77,UNKNOWN,Street,40.53056772458072,False,BROOKLYN,"(40.6753396, -73.9338734)",trafficstat,False,False,False,False,False,False,False,False,False,,,,,,,
2026-06-19,00:00,40.6772,-73.94146,KINGSTON AVE,11213,77,OTHER,Street,1.3236514620395992,False,BROOKLYN,"(40.6772, -73.94146)",trafficstat,True,False,True,False,False,False,False,False,False,,,,,,,
2026-06-18,00:00,40.6724521,-73.9470892,STERLING PL,11213,77,UNKNOWN,Street,31.124423857264595,False,BROOKLYN,"(40.6724521, -73.9470892)",trafficstat,False,False,False,False,False,False,False,False,False,,,,,,,
2026-06-17,00:00,40.67327,-73.947395,NEW YORK AVE,11216,77,UNKNOWN,Street,0.8210277342487542,False,BROOKLYN,"(40.67327, -73.947395)",trafficstat,False,False,False,False,False,False,False,False,False,,,,,,,
2026-06-17,00:00,40.6785155,-73.9639002,WASHINGTON AVE,11238,77,OTHER,Street,0.36653162906280856,False,BROOKLYN,"(40.6785155, -73.9639002)",trafficstat,True,False,False,True,False,False,False,False,False,,,,,,,
2026-06-16,00:00,40.6726817,-73.9530199,ROGERS AVE,11216,77,UNKNOWN,Street,0.3847661780509934,False,BROOKLYN,"(40.6726817, -73.9530199)",trafficstat,False,False,False,False,False,False,False,False,False,,,,,,,
2026-06-15,00:00,40.6696923,-73.9404973,EASTERN PKWY,11213,77,UNKNOWN,Street,60.4976673017295,False,BROOKLYN,"(40.6696923, -73.9404973)",trafficstat,False,False,False,False,False,False,False,False,False,,,,,,,
2026-06-15,00:00,40.6691772,-73.9309383,UTICA AVE,11213,77,UNKNOWN,Street,41.059082344708635,False,BROOKLYN,"(40.6691772, -73.9309383)",trafficstat,False,False,False,False,False,False,False,False,False,,,,,,,
2026-06-14,00:00,40.6774581,-73.9436677,PACIFIC ST,11216,77,UNKNOWN,Street,47.092470437638106,False,BROOKLYN,"(40.6774581, -73.9436677)",trafficstat,False,False,False,False,False,False,False,False,False,,,,,,,
2026-06-12,00:00,40.6704439,-73.9255591,BUFFALO AVE,11213,77,UNKNOWN,Street,44.07104933751506,False,BROOKLYN,"(40.6704439, -73.9255591)",trafficstat,False,False,False,False,False,False,False,False,False,,,,,,,
2026-09-12,00:00,40.6956167,-73.9405551,MARCUS GARVEY BLVD,11206,79,UNKNOWN,Street,0.3662436686221578,False,BROOKLYN,"(40.6956167, -73.9405551)",trafficstat,True,False,False,False,False,False,False,True,True,,,,,,,
2026-09-11,00:00,40.6989727,-73.9570189,BEDFORD AVE,11205,79,UNKNOWN,Street,0.11557135197097396,False,BROOKLYN,"(40.6989727, -73.9570189)",trafficstat,False,False,False,False,False,False,False,False,False,,,,,,,
2026-09-11,00:00,40.6877936,-73.957767,GREENE AVE,11238,79,UNKNOWN,Street,52.53510579923083,False,BROOKLYN,"(40.6877936, -73.957767)",trafficstat,False,False,False,False,False,False,False,False,False,,,,,,,
2026-09-10,00:00,40.69029,-73.95432,KOSCIUSZKO ST,11205,79,OTHER,Street,2.6451857897386604,False,BROOKLYN,"(40.69029, -73.95432)",trafficstat,False,False,False,False,False,False,False,False,False,,,,,,,
2026-09-10,00:00,40.6909079,-73.9554122,BEDFORD AVE,11205,79,UNKNOWN,Street,0.5600156727242328,False,BROOKLYN,"(40.6909079, -73.9554122)",trafficstat,False,False,False,False,False,False,False,False,False,,,,,,,
2026-07-12,00:00,40.6909079,-73.9554122,BEDFORD AVE,11205,79,UNKNOWN,Street,0.5600156727242328,False,BROOKLYN,"(40.6909079, -73.9554122)",trafficstat,True,False,False,True,False,False,False,False,False,,,,,,,
2026-07-08,00:00,40.6909079,-73.9554122,BEDFORD AVE,11205,79,UNKNOWN,Street,0.5600156727242328,False,BROOKLYN,"(40.6909079, -73.9554122)",trafficstat,False,False,False,False,False,False,False,False,False,,,,,,,
2026-09-10,00:00,40.6890231,-73.9392412,MARCUS GARVEY BLVD,11221,79,UNKNOWN,Street,0.23045064932344772,False,BROOKLYN,"(40.6890231, -73.9392412)",trafficstat,True,False,False,False,False,False,False,True,False,,,,,,,
2026-09-10,00:00,40.6857803,-73.9543917,BEDFORD AVE,11216,79,UNKNOWN,Street,0.2802430762111168,False,BROOKLYN,"(40.6857803, -73.9543917)",trafficstat,True,False,False,False,False,False,True,False,False,,,,,,,
2026-07-14,00:00,40.6857803,-73.9543917,BEDFORD AVE,11216,79,UNKNOWN,Street,0.2802430762111168,False,BROOKLYN,"(40.6857803, -73.9543917)",trafficstat,True,False,False,True,False,False,False,False,False,,,,,,,
2026-09-09,00:00,40.6825066,-73.9437432,TOMPKINS AVE,11216,79,OTHER,Street,0.24287561743376762,False,BROOKLYN,"(40.6825066, -73.9437432)",trafficstat,True,False,False,True,False,False,False,False,False,,,,,,,
2026-09-09,00:00,40.679758,-73.9402113,FULTON ST,11216,79,UNKNOWN,Street,48.591577763068386,False,BROOKLYN,"(40.679758, -73.9402113)",trafficstat,True,False,False,False,False,False,False,True,False,,,,,,,
2026-09-09,00:00,40.694578,-73.9561418,BEDFORD AVE,11205,79,OTHER,Street,0.009543556833911488,False,BROOKLYN,"(40.694578, -73.9561418)",trafficstat,True,False,False,True,False,False,False,False,False,,,,,,,
2026-08-18,00:00,40.694578,-73.9561418,BEDFORD AVE,11205,79,UNKNOWN,Street,0.009543556833911488,False,BROOKLYN,"(40.694578, -73.9561418)",trafficstat,True,False,True,True,False,False,False,False,False,,,,,,,
2026-08-07,00:00,40.694578,-73.9561418,BEDFORD AVE,11205,79,OTHER,Street,0.009543556833911488,False,BROOKLYN,"(40.694578, -73.9561418)",trafficstat,True,False,False,True,False,False,False,False,False,,,,,,,
2026-07-14,00:00,40.694578,-73.9561418,BEDFORD AVE,11205,79,UNKNOWN,Street,0.009543556833911488,False,BROOKLYN,"(40.694578, -73.9561418)",trafficstat,True,False,False,True,False,False,False,False,False,,,,,,,
2026-06-27,00:00,40.694578,-73.9561418,BEDFORD AVE,11205,79,OTHER,Street,0.009543556833911488,False,BROOKLYN,"(40.694578, -73.9561418)",trafficstat,True,False,False,True,False,False,False,False,False,,,,,,,
2026-06-15,00:00,40.694578,-73.9561418,BEDFORD AVE,11205,79,UNKNOWN,Street,0.009543556833911488,False,BROOKLYN,"(40.694578, -73.9561418)",trafficstat,False,False,False,False,False,False,False,False,False,,,,,,,
2026-09-09,00:00,40.693474,-73.95219,WILLOUGHBY AVE,11205,79,UNKNOWN,Street,1.2246752853066545,False,BROOKLYN,"(40.693474, -73.95219)",trafficstat,False,False,False,False,False,False,False,False,False,,,,,,,
2026-09-08,00:00,40.689865,-73.95146,NOSTRAND AVE,11216,79,OTHER,Street,1.2898028718710628,False,BROOKLYN,"(40.689865, -73.95146)",trafficstat,True,False,False,True,False,False,False,False,False,,,,,,,
2026-09-08,00:00,40.6870345,-73.9425094,GATES AVE,11221,79,UNKNOWN,Street,43.06635721813289,False,BROOKLYN,"(40.6870345, -73.9425094)",trafficstat,False,False,False,False,False,False,False,False,False,,,,,,,
2026-09-08,00:00,40.6787229,-73.9529868,BEDFORD AVE,11216,79,UNKNOWN,Street,0.07048901566546166,False,BROOKLYN,"(40.6787229, -73.9529868)",trafficstat,True,False,False,False,True,False,False,False,False,,,,,,,
2026-09-07,00:00,40.6787229,-73.9529868,BEDFORD AVE,11216,79,OTHER,Street,0.07048901566546166,False,BROOKLYN,"(40.6787229, -73.9529868)",trafficstat,True,False,False,False,False,False,False,True,False,,,,,,,
2026-08-26,00:00,40.6787229,-73.9529868,BEDFORD AVE,11216,79,UNKNOWN,Street,0.07048901566546166,False,BROOKLYN,"(40.6787229, -73.9529868)",trafficstat,True,False,False,False,False,False,False,False,True,,,,,,,
2026-08-05,00:00,40.6787229,-73.9529868,BEDFORD AVE,11216,79,OTHER,Street,0.07048901566546166,False,BROOKLYN,"(40.6787229, -73.9529868)",trafficstat,True,False,True,False,False,False,False,False,False,,,,,,,
2026-07-23,00:00,40.6787229,-73.9529868,BEDFORD AVE,11216,79,UNKNOWN,Street,0.07048901566546166,False,BROOKLYN,"(40.6787229, -73.9529868)",trafficstat,False,False,False,False,False,False,False,False,False,,,,,,,
2026-06-20,00:00,40.6787229,-73.9529868,BEDFORD AVE,11216,79,UNKNOWN,Street,0.07048901566546166,False,BROOKLYN,"(40.6787229, -73.9529868)",trafficstat,False,False,False,False,False,False,False,False,False,,,,,,,
2026-06-18,00:00,40.6787229,-73.9529868,BEDFORD AVE,11216,79,UNKNOWN,Street,0.07048901566546166,False,BROOKLYN,"(40.6787229, -73.9529868)",trafficstat,False,False,False,False,False,False,False,False,False,,,,,,,
2026-09-08,00:00,40.68553,-73.95655,FRANKLIN AVE,11238,79,OTHER,Street,0.098670294883909,False,BROOKLYN,"(40.68553, -73.95655)",trafficstat,False,False,False,False,False,False,False,False,False,,,,,,,
2026-09-07,00:00,40.6797865,-73.9384348,ALBANY AVE,11213,79,UNKNOWN,Street,0.9233033116338456,False,BROOKLYN,"(40.6797865, -73.9384348)",trafficstat,True,False,False,False,False,False,True,False,False,,,,,,,
2026-09-07,00:00,40.679832,-73.95321,BEDFORD AVE,11216,79,UNKNOWN,Street,1.1060507725560687,False,BROOKLYN,"(40.679832, -73.95321)",trafficstat,False,False,False,False,False,False,False,False,False,,,,,,,
2026-09-07,00:00,40.6859496,-73.9594215,CLASSON AVE,11238,79,UNKNOWN,Street,0.1619022131636255,False,BROOKLYN,"(40.6859496, -73.9594215)",trafficstat,False,False,False,False,False,False,False,False,False,,,,,,,
2026-09-07,00:00,40.7004247,-73.9443881,THROOP AVE,11206,79,UNKNOWN,Street,0.14971701001864482,False,BROOKLYN,"(40.7004247, -73.9443881)",trafficstat,False,False,False,False,False,False,False,False,False,,,,,,,
2026-08-12,00:00,40.7004247,-73.9443881,THROOP AVE,11206,79,UNKNOWN,Street,0.14971701001864482,False,BROOKLYN,"(40.7004247, -73.9443881)",trafficstat,False,False,False,False,False,False,False,False,False,,,,,,,
2026-09-07,00:00,40.696674,-73.95753,SKILLMAN ST,11205,79,UNKNOWN,Street,1.113339311449078,False,BROOKLYN,"(40.696674, -73.95753)",trafficstat,False,False,False,False,False,False,False,False,False,,,,,,,
2026-09-06,00:00,40.6957047,-73.9463646,TOMPKINS AVE,11206,79,UNKNOWN,Street,0.39054793984559955,False,BROOKLYN,"(40.6957047, -73.9463646)",trafficstat,True,False,False,False,False,False,False,False,False,,,,,,,
2026-08-24,00:00,40.6957047,-73.9463646,TOMPKINS AVE,11206,79,UNKNOWN,Street,0.39054793984559955,False,BROOKLYN,"(40.6957047, -73.9463646)",trafficstat,True,False,True,False,False,False,True,False,False,,,,,,,
2026-07-10,00:00,40.6957047,-73.9463646,TOMPKINS AVE,11206,79,UNKNOWN,Street,0.39054793984559955,False,BROOKLYN,"(40.6957047, -73.9463646)",trafficstat,False,False,False,False,False,False,False,False,False,,,,,,,
2026-09-06,00:00,40.6876673,-73.9510298,NOSTRAND AVE,11216,79,UNKNOWN,Street,0.5277565194330567,False,BROOKLYN,"(40.6876673, -73.9510298)",trafficstat,True,False,False,False,False,False,False,False,True,,,,,,,
2026-09-06,00:00,40.6845136,-73.9442931,TOMPKINS AVE,11216,79,UNKNOWN,Street,40.74547383480788,False,BROOKLYN,"(40.6845136, -73.9442931)",trafficstat,False,False,False,False,False,False,False,False,False,,,,,,,
2026-09-05,00:00,40.6925317,-73.959843,TAAFFE PL,11205,79,UNKNOWN,Street,0.09192510211642883,False,BROOKLYN,"(40.6925317, -73.959843)",trafficstat,True,False,False,False,False,False,False,False,False,,,,,,,
2026-09-04,00:00,40.682507,-73.94374,TOMPKINS AVE,11216,79,OTHER,Street,1.1421940295700137,False,BROOKLYN,"(40.682507, -73.94374)",trafficstat,True,False,True,False,False,False,False,False,False,,,,,,,
2026-06-26,00:00,40.682507,-73.94374,TOMPKINS AVE,11216,79,UNKNOWN,Street,1.1421940295700137,False,BROOKLYN,"(40.682507, -73.94374)",trafficstat,True,False,False,False,False,False,False,True,False,,,,,,,
2026-09-04,00:00,40.6859279,-73.9508244,NOSTRAND AVE,11216,79,UNKNOWN,Street,39.32783984970104,False,BROOKLYN,"(40.6859279, -73.9508244)",trafficstat,True,False,True,False,False,False,False,False,False,,,,,,,
2026-09-03,00:00,40.6797311,-73.9373965,FULTON ST,11213,79,OTHER,Street,2.509307881028967,False,BROOKLYN,"(40.6797311, -73.9373965)",trafficstat,True,False,True,False,False,False,False,False,False,,,,,,,
2026-07-02,00:00,40.6797311,-73.9373965,FULTON ST,11213,79,UNKNOWN,Street,2.509307881028967,False,BROOKLYN,"(40.6797311, -73.9373965)",trafficstat,False,False,False,False,False,False,False,False,False,,,,,,,
2026-09-02,00:00,40.6920078,-73.9520598,NOSTRAND AVE,11205,79,OTHER,Street,46.37532470841646,False,BROOKLYN,"(40.6920078, -73.9520598)",trafficstat,False,False,False,False,False,False,False,False,False,,,,,,,
2026-08-06,00:00,40.6920078,-73.9520598,NOSTRAND AVE,11205,79,OTHER,Street,46.37532470841646,False,BROOKLYN,"(40.6920078, -73.9520598)",trafficstat,False,False,False,False,False,False,False,False,False,,,,,,,
2026-07-03,00:00,40.6920078,-73.9520598,NOSTRAND AVE,11205,79,OTHER,Street,46.37532470841646,False,BROOKLYN,"(40.6920078, -73.9520598)",trafficstat,False,False,False,False,False,False,False,False,False,,,,,,,
2026-06-19,00:00,40.6920078,-73.9520598,NOSTRAND AVE,11205,79,OTHER,Street,46.37532470841646,False,BROOKLYN,"(40.6920078, -73.9520598)",trafficstat,False,False,False,False,False,False,False,False,False,,,,,,,
2026-09-01,00:00,40.6882902,-73.9390977,MARCUS GARVEY BLVD,11221,79,UNKNOWN,Street,0.4489498538700573,False,BROOKLYN,"(40.6882902, -73.9390977)",trafficstat,True,False,False,False,False,False,False,False,False,,,,,,,
2026-08-23,00:00,40.6882902,-73.9390977,MARCUS GARVEY BLVD,11221,79,OTHER,Street,0.4489498538700573,False,BROOKLYN,"(40.6882902, -73.9390977)",trafficstat,True,False,True,False,False,False,False,False,False,,,,,,,
2026-09-01,00:00,40.6781064,-73.9431881,ATLANTIC AVE,11216,79,UNKNOWN,Street,3.186612472709397,False,BROOKLYN,"(40.6781064, -73.9431881)",trafficstat,True,False,False,False,False,False,False,True,False,,,,,,,
2026-09-01,00:00,40.6880419,-73.9477482,MARCY AVE,11216,79,UNKNOWN,Street,0.15521135108102563,False,BROOKLYN,"(40.6880419, -73.9477482)",trafficstat,False,False,False,False,False,False,False,False,False,,,,,,,
2026-08-31,00:00,40.6798319,-73.953206,BEDFORD AVE,11216,79,OTHER,Street,0.0143911461392214,False,BROOKLYN,"(40.6798319, -73.953206)",trafficstat,True,False,False,True,False,False,False,False,False,,,,,,,
2026-07-02,00:00,40.6798319,-73.953206,BEDFORD AVE,11216,79,UNKNOWN,Street,0.0143911461392214,False,BROOKLYN,"(40.6798319, -73.953206)",trafficstat,False,False,False,False,False,False,False,False,False,,,,,,,
2026-08-31,00:00,40.692626,-73.9459164,TOMPKINS AVE,11206,79,UNKNOWN,Street,43.12980781715384,False,BROOKLYN,"(40.692626, -73.9459164)",trafficstat,False,False,False,False,False,False,False,False,False,,,,,,,
2026-08-30,00:00,40.6970121,-73.9523,PARK AVE,11206,79,UNKNOWN,Street,98.26009948101988,False,BROOKLYN,"(40.6970121, -73.9523)",trafficstat,False,False,False,False,False,False,False,False,False,,,,,,,
2026-08-30,00:00,40.6875573,-73.9389505,MARCUS GARVEY BLVD,11221,79,OTHER,Street,0.014646355714997068,False,BROOKLYN,"(40.6875573, -73.9389505)",trafficstat,True,False,False,False,False,False,True,False,False,,,,,,,
2026-08-30,00:00,40.69024,-73.94819,MARCY AVE,11216,79,UNKNOWN,Street,1.5951466966514565,False,BROOKLYN,"(40.69024, -73.94819)",trafficstat,False,False,False,False,False,False,False,False,False,,,,,,,
2026-07-12,00:00,40.69024,-73.94819,MARCY AVE,11216,79,OTHER,Street,1.5951466966514565,False,BROOKLYN,"(40.69024, -73.94819)",trafficstat,False,False,False,False,False,False,False,False,False,,,,,,,
2026-06-22,00:00,40.69024,-73.94819,MARCY AVE,11216,79,OTHER,Street,1.5951466966514565,False,BROOKLYN,"(40.69024, -73.94819)",trafficstat,True,False,False,False,False,False,True,False,False,,,,,,,
2026-08-30,00:00,40.6964513,-73.9464903,TOMPKINS AVE,11206,79,UNKNOWN,Street,0.09359393174048965,False,BROOKLYN,"(40.6964513, -73.9464903)",trafficstat,True,False,True,False,False,False,False,False,False,,,,,,,
2026-08-29,00:00,40.6843004,-73.9412034,THROOP AVE,11221,79,OTHER,Street,0.09341417115651235,False,BROOKLYN,"(40.6843004, -73.9412034)",trafficstat,True,False,True,False,False,False,False,False,False,,,,,,,
2026-08-29,00:00,40.6984925,-73.9567321,BEDFORD AVE,11205,79,UNKNOWN,Street,52.35221933280043,False,BROOKLYN,"(40.6984925, -73.9567321)",trafficstat,False,False,False,False,False,False,False,False,False,,,,,,,
2026-08-27,00:00,40.6985402,-73.9411512,MARCUS GARVEY BLVD,11206,79,UNKNOWN,Street,0.39261517421002495,False,BROOKLYN,"(40.6985402, -73.9411512)",trafficstat,False,False,False,False,False,False,False,False,False,,,,,,,
2026-08-23,00:00,40.6985402,-73.9411512,MARCUS GARVEY BLVD,11206,79,UNKNOWN,Street,0.39261517421002495,False,BROOKLYN,"(40.6985402, -73.9411512)",trafficstat,False,False,False,False,False,False,False,False,False,,,,,,,
2026-08-07,00:00,40.6985402,-73.9411512,MARCUS GARVEY BLVD,11206,79,UNKNOWN,Street,0.39261517421002495,False,BROOKLYN,"(40.6985402, -73.9411512)",trafficstat,True,False,True,False,False,False,False,False,False,,,,,,,
2026-08-27,00:00,40.6833326,-73.9561132,FRANKLIN AVE,11238,79,UNKNOWN,Street,0.5549806273401343,False,BROOKLYN,"(40.6833326, -73.9561132)",trafficstat,True,False,False,True,False,False,False,False,False,,,,,,,
2026-06-23,00:00,40.6833326,-73.9561132,FRANKLIN AVE,11238,79,UNKNOWN,Street,0.5549806273401343,False,BROOKLYN,"(40.6833326, -73.9561132)",trafficstat,False,False,False,False,False,False,False,False,False,,,,,,,
2026-08-27,00:00,40.6784553,-73.9496774,NOSTRAND AVE,11216,79,UNKNOWN,Street,0.46441396932679313,False,BROOKLYN,"(40.6784553, -73.9496774)",trafficstat,True,False,False,False,False,False,False,True,False,,,,,,,
2026-08-16,00:00,40.6784553,-73.9496774,NOSTRAND AVE,11216,79,UNKNOWN,Street,0.46441396932679313,False,BROOKLYN,"(40.6784553, -73.9496774)",trafficstat,False,False,False,False,False,False,False,False,False,,,,,,,
2026-08-26,00:00,40.6893354,-73.9560696,LAFAYETTE AVE,11205,79,UNKNOWN,Street,2.6393349922032003,False,BROOKLYN,"(40.6893354, -73.9560696)",trafficstat,False,False,False,False,False,False,False,False,False,,,,,,,
2026-08-25,00:00,40.6786966,-73.9507371,ATLANTIC AVE,11216,79,UNKNOWN,Street,26.90956333593482,False,BROOKLYN,"(40.6786966, -73.9507371)",trafficstat,False,False,False,False,False,False,False,False,False,,,,,,,
2026-08-25,00:00,40.6943917,-73.9582985,MYRTLE AVE,11205,79,UNKNOWN,Street,18.751108186499724,False,BROOKLYN,"(40.6943917, -73.9582985)",trafficstat,True,False,False,True,False,False,False,False,False,,,,,,,
2026-08-14,00:00,40.6943917,-73.9582985,MYRTLE AVE,11205,79,UNKNOWN,Street,18.751108186499724,False,BROOKLYN,"(40.6943917, -73.9582985)",trafficstat,True,False,False,True,False,False,False,False,False,,,,,,,
2026-07-30,00:00,40.6943917,-73.9582985,MYRTLE AVE,11205,79,UNKNOWN,Street,18.751108186499724,False,BROOKLYN,"(40.6943917, -73.9582985)",trafficstat,False,False,False,False,False,False,False,False,False,,,,,,,
2026-07-21,00:00,40.6943917,-73.9582985,MYRTLE AVE,11205,79,OTHER,Street,18.751108186499724,False,BROOKLYN,"(40.6943917, -73.9582985)",trafficstat,True,False,True,False,False,False,False,False,False,,,,,,,
2026-08-24,00:00,40.6974942,-73.9407383,MARCUS GARVEY BLVD,11206,79,UNKNOWN,Street,54.45878427460693,False,BROOKLYN,"(40.6974942, -73.9407383)",trafficstat,False,False,False,False,False,False,False,False,False,,,,,,,
2026-08-24,00:00,40.6790236,-73.9497178,HERKIMER PL,11216,79,UNKNOWN,Street,17.889929485545867,False,BROOKLYN,"(40.6790236, -73.9497178)",trafficstat,False,False,False,False,False,False,False,False,False,,,,,,,
2026-08-24,00:00,40.6906946,-73.9572731,FRANKLIN AVE,11205,79,UNKNOWN,Street,0.15550219492520856,False,BROOKLYN,"(40.6906946, -73.9572731)",trafficstat,False,False,False,False,False,False,False,False,False,,,,,,,
2026-07-27,00:00,40.6906946,-73.9572731,FRANKLIN AVE,11205,79,OTHER,Street,0.15550219492520856,False,BROOKLYN,"(40.6906946, -73.9572731)",trafficstat,True,False,True,False,False,False,False,False,False,,,,,,,
2026-07-10,00:00,40.6906946,-73.9572731,FRANKLIN AVE,11205,79,UNKNOWN,Street,0.15550219492520856,False,BROOKLYN,"(40.6906946, -73.9572731)",trafficstat,True,False,False,False,False,True,False,False,True,,,,,,,
2026-07-09,00:00,40.6906946,-73.9572731,FRANKLIN AVE,11205,79,UNKNOWN,Street,0.15550219492520856,False,BROOKLYN,"(40.6906946, -73.9572731)",trafficstat,True,False,False,False,False,False,False,True,False,,,,,,,
2026-08-23,00:00,40.6914352,-73.9572659,FRANKLIN AVE,11205,79,OTHER,Street,41.56731521990624,False,BROOKLYN,"(40.6914352, -73.9572659)",trafficstat,True,False,False,True,False,False,False,False,False,,,,,,,
2026-08-23,00:00,40.68837,-73.9449102,TOMPKINS AVE,11216,79,UNKNOWN,Street,0.2991260338895812,False,BROOKLYN,"(40.68837, -73.9449102)",trafficstat,False,False,False,False,False,False,False,False,False,,,,,,,
2026-08-23,00:00,40.692036,-73.94564,TOMPKINS AVE,11216,79,UNKNOWN,Street,0.49762676353172575,False,BROOKLYN,"(40.692036, -73.94564)",trafficstat,False,False,False,False,False,False,False,False,False,,,,,,,
2026-08-23,00:00,40.681805,-73.94986,NOSTRAND AVE,11216,79,UNKNOWN,Street,0.2580714612426776,False,BROOKLYN,"(40.681805, -73.94986)",trafficstat,False,False,False,False,False,False,False,False,False,,,,,,,