crash_date,crash_time,latitude,longitude,on_street_name,zip_code,precinct,collision_type,roadway_type,geocode_dist_feet,time_is_known,borough,location,source,injury,fatality,injured_pedestrian,injured_cyclist,injured_ebike_rider,injured_motorcyclist,injured_moped_rider,injured_car_occupant,injured_suv_occupant,number_of_persons_injured,number_of_persons_killed,contributing_factor_vehicle_1,collision_id,cross_street_name,off_street_name,vehicle_type_code1
2026-08-22,00:00,40.6800739,-73.9543667,BEDFORD PL,11216,79,UNKNOWN,Street,0.2462187136869899,False,BROOKLYN,"(40.6800739, -73.9543667)",trafficstat,False,False,False,False,False,False,False,False,False,,,,,,,
2026-08-22,00:00,40.6801747,-73.9376353,MARCUS GARVEY BLVD,11216,79,UNKNOWN,Street,41.06064760745408,False,BROOKLYN,"(40.6801747, -73.9376353)",trafficstat,False,False,False,False,False,False,False,False,False,,,,,,,
2026-08-21,00:00,40.6846094,-73.9396797,JEFFERSON AVE,11221,79,UNKNOWN,Street,45.415803193422924,False,BROOKLYN,"(40.6846094, -73.9396797)",trafficstat,False,False,False,False,False,False,False,False,False,,,,,,,
2026-08-21,00:00,40.6829549,-73.940796,HALSEY ST,11216,79,UNKNOWN,Street,35.79023905997411,False,BROOKLYN,"(40.6829549, -73.940796)",trafficstat,False,False,False,False,False,False,False,False,False,,,,,,,
2026-08-21,00:00,40.6963524,-73.9407059,MARCUS GARVEY BLVD,11206,79,UNKNOWN,Street,0.047883086403906164,False,BROOKLYN,"(40.6963524, -73.9407059)",trafficstat,True,False,False,False,False,False,False,True,False,,,,,,,
2026-08-13,00:00,40.6963524,-73.9407059,MARCUS GARVEY BLVD,11206,79,OTHER,Street,0.047883086403906164,False,BROOKLYN,"(40.6963524, -73.9407059)",trafficstat,True,False,False,True,False,False,False,False,False,,,,,,,
2026-08-03,00:00,40.6963524,-73.9407059,MARCUS GARVEY BLVD,11206,79,OTHER,Street,0.047883086403906164,False,BROOKLYN,"(40.6963524, -73.9407059)",trafficstat,True,False,True,False,False,False,False,False,False,,,,,,,
2026-08-20,00:00,40.7003441,-73.9416018,BROADWAY,11206,79,UNKNOWN,Street,58.89082062925182,False,BROOKLYN,"(40.7003441, -73.9416018)",trafficstat,False,False,False,False,False,False,False,False,False,,,,,,,
2026-08-20,00:00,40.6830079,-73.9539987,BEDFORD AVE,11216,79,UNKNOWN,Street,43.4246081272402,False,BROOKLYN,"(40.6830079, -73.9539987)",trafficstat,False,False,False,False,False,False,False,False,False,,,,,,,
2026-08-20,00:00,40.6805512,-73.9502164,FULTON ST,11216,79,UNKNOWN,Street,42.0239766020582,False,BROOKLYN,"(40.6805512, -73.9502164)",trafficstat,False,False,False,False,False,False,False,False,False,,,,,,,
2026-08-20,00:00,40.6802132,-73.9462762,FULTON ST,11216,79,UNKNOWN,Street,3.04264528941216,False,BROOKLYN,"(40.6802132, -73.9462762)",trafficstat,False,False,False,False,False,False,False,False,False,,,,,,,
2026-08-20,00:00,40.6790345,-73.9385076,ALBANY AVE,11213,79,UNKNOWN,Street,0.7379334538225446,False,BROOKLYN,"(40.6790345, -73.9385076)",trafficstat,True,False,False,True,False,False,False,False,False,,,,,,,
2026-08-19,00:00,40.6803903,-73.9495569,NOSTRAND AVE,11216,79,OTHER,Street,0.43569343326874665,False,BROOKLYN,"(40.6803903, -73.9495569)",trafficstat,False,False,False,False,False,False,False,False,False,,,,,,,
2026-08-17,00:00,40.6803903,-73.9495569,NOSTRAND AVE,11216,79,OTHER,Street,0.43569343326874665,False,BROOKLYN,"(40.6803903, -73.9495569)",trafficstat,False,False,False,False,False,False,False,False,False,,,,,,,
2026-07-15,00:00,40.6803903,-73.9495569,NOSTRAND AVE,11216,79,OTHER,Street,0.43569343326874665,False,BROOKLYN,"(40.6803903, -73.9495569)",trafficstat,False,False,False,False,False,False,False,False,False,,,,,,,
2026-06-21,00:00,40.6803903,-73.9495569,NOSTRAND AVE,11216,79,UNKNOWN,Street,0.43569343326874665,False,BROOKLYN,"(40.6803903, -73.9495569)",trafficstat,False,False,False,False,False,False,False,False,False,,,,,,,
2026-08-19,00:00,40.692425,-73.9607374,CLASSON AVE,11205,79,OTHER,Street,0.2562291691976862,False,BROOKLYN,"(40.692425, -73.9607374)",trafficstat,True,False,False,True,False,False,False,False,False,,,,,,,
2026-08-19,00:00,40.6969876,-73.952493,PARK AVE,11206,79,OTHER,Street,99.05075703960235,False,BROOKLYN,"(40.6969876, -73.952493)",trafficstat,True,False,False,False,False,False,True,False,False,,,,,,,
2026-08-18,00:00,40.6802408,-73.9467484,NEW YORK AVE,11216,79,UNKNOWN,Street,0.7436210331602594,False,BROOKLYN,"(40.6802408, -73.9467484)",trafficstat,False,False,False,False,False,False,False,False,False,,,,,,,
2026-08-18,00:00,40.681046,-73.94345,TOMPKINS AVE,11216,79,UNKNOWN,Street,0.7297190326834097,False,BROOKLYN,"(40.681046, -73.94345)",trafficstat,False,False,False,False,False,False,False,False,False,,,,,,,
2026-08-18,00:00,40.6866185,-73.9459101,GATES AVE,11216,79,OTHER,Street,52.49276927980689,False,BROOKLYN,"(40.6866185, -73.9459101)",trafficstat,False,False,False,False,False,False,False,False,False,,,,,,,
2026-08-16,00:00,40.6847054,-73.9441849,TOMPKINS AVE,11216,79,OTHER,Street,0.5615268767746676,False,BROOKLYN,"(40.6847054, -73.9441849)",trafficstat,False,False,False,False,False,False,False,False,False,,,,,,,
2026-08-16,00:00,40.6843117,-73.9541006,BEDFORD AVE,11216,79,UNKNOWN,Street,0.22295577008056847,False,BROOKLYN,"(40.6843117, -73.9541006)",trafficstat,True,False,False,True,False,False,False,False,False,,,,,,,
2026-08-16,00:00,40.6948811,-73.9404115,MARCUS GARVEY BLVD,11206,79,UNKNOWN,Street,0.00862852959634762,False,BROOKLYN,"(40.6948811, -73.9404115)",trafficstat,True,False,False,False,False,False,False,True,False,,,,,,,
2026-08-16,00:00,40.698643,-73.94696,TOMPKINS AVE,11206,79,UNKNOWN,Street,0.36970272700234363,False,BROOKLYN,"(40.698643, -73.94696)",trafficstat,False,False,False,False,False,False,False,False,False,,,,,,,
2026-08-16,00:00,40.694965,-73.94623,TOMPKINS AVE,11206,79,UNKNOWN,Street,1.7681214731679729,False,BROOKLYN,"(40.694965, -73.94623)",trafficstat,True,False,False,False,False,False,False,True,True,,,,,,,
2026-08-15,00:00,40.693172,-73.94877,MARCY AVE,11206,79,OTHER,Street,0.7075442363072695,False,BROOKLYN,"(40.693172, -73.94877)",trafficstat,True,False,False,False,False,False,False,True,False,,,,,,,
2026-08-15,00:00,40.6824267,-73.9379312,MARCUS GARVEY BLVD,11216,79,UNKNOWN,Street,0.14908103395909947,False,BROOKLYN,"(40.6824267, -73.9379312)",trafficstat,False,False,False,False,False,False,False,False,False,,,,,,,
2026-08-15,00:00,40.68039,-73.949554,NOSTRAND AVE,11216,79,UNKNOWN,Street,1.2427644675382867,False,BROOKLYN,"(40.68039, -73.949554)",trafficstat,True,False,True,False,False,False,False,False,False,,,,,,,
2026-07-05,00:00,40.68039,-73.949554,NOSTRAND AVE,11216,79,UNKNOWN,Street,1.2427644675382867,False,BROOKLYN,"(40.68039, -73.949554)",trafficstat,False,False,False,False,False,False,False,False,False,,,,,,,
2026-08-14,00:00,40.679563,-73.955211,FRANKLIN AVE,11238,79,UNKNOWN,Street,41.712606502890665,False,BROOKLYN,"(40.679563, -73.955211)",trafficstat,False,False,False,False,False,False,False,False,False,,,,,,,
2026-08-14,00:00,40.6797954,-73.9533665,BEDFORD AVE,11216,79,OTHER,Street,46.01546032033613,False,BROOKLYN,"(40.6797954, -73.9533665)",trafficstat,True,False,False,True,False,False,False,False,False,,,,,,,
2026-08-14,00:00,40.6946874,-73.955197,SPENCER ST,11205,79,UNKNOWN,Street,0.12042866019120889,False,BROOKLYN,"(40.6946874, -73.955197)",trafficstat,True,False,False,False,False,False,False,True,False,,,,,,,
2026-08-14,00:00,40.6928847,-73.956774,SKILLMAN ST,11205,79,OTHER,Street,0.24921273277247355,False,BROOKLYN,"(40.6928847, -73.956774)",trafficstat,True,False,False,True,False,False,False,False,False,,,,,,,
2026-08-13,00:00,40.6936622,-73.9487249,MARCY AVE,11206,79,UNKNOWN,Street,38.45704541410924,False,BROOKLYN,"(40.6936622, -73.9487249)",trafficstat,False,False,False,False,False,False,False,False,False,,,,,,,
2026-08-13,00:00,40.6869041,-73.9446229,TOMPKINS AVE,11216,79,UNKNOWN,Street,0.5578172466049962,False,BROOKLYN,"(40.6869041, -73.9446229)",trafficstat,True,False,False,True,False,False,False,False,False,,,,,,,
2026-08-12,00:00,40.6847297,-73.938529,MARCUS GARVEY BLVD,11221,79,UNKNOWN,Street,38.26634333466243,False,BROOKLYN,"(40.6847297, -73.938529)",trafficstat,False,False,False,False,False,False,False,False,False,,,,,,,
2026-08-12,00:00,40.6932048,-73.9539899,WALWORTH ST,11205,79,UNKNOWN,Street,0.27371953611975147,False,BROOKLYN,"(40.6932048, -73.9539899)",trafficstat,True,False,False,False,False,False,False,True,False,,,,,,,
2026-08-12,00:00,40.6858459,-73.94731,MARCY AVE,11216,79,UNKNOWN,Street,0.07918205754118127,False,BROOKLYN,"(40.6858459, -73.94731)",trafficstat,False,False,False,False,False,False,False,False,False,,,,,,,
2026-08-12,00:00,40.6896734,-73.9519496,LAFAYETTE AVE,11205,79,UNKNOWN,Street,52.40671874707952,False,BROOKLYN,"(40.6896734, -73.9519496)",trafficstat,True,False,False,False,False,False,False,True,False,,,,,,,
2026-08-12,00:00,40.6803838,-73.951703,FULTON ST,11216,79,UNKNOWN,Street,48.78333052897329,False,BROOKLYN,"(40.6803838, -73.951703)",trafficstat,True,False,False,False,False,False,False,True,False,,,,,,,
2026-08-12,00:00,40.6806417,-73.9533712,BEDFORD AVE,11216,79,UNKNOWN,Street,0.31668842317941676,False,BROOKLYN,"(40.6806417, -73.9533712)",trafficstat,True,False,False,False,False,False,False,True,False,,,,,,,
2026-08-12,00:00,40.6997,-73.944244,THROOP AVE,11206,79,UNKNOWN,Street,0.37808486179573886,False,BROOKLYN,"(40.6997, -73.944244)",trafficstat,True,False,False,False,False,False,False,True,False,,,,,,,
2026-06-20,00:00,40.6997,-73.944244,THROOP AVE,11206,79,UNKNOWN,Street,0.37808486179573886,False,BROOKLYN,"(40.6997, -73.944244)",trafficstat,False,False,False,False,False,False,False,False,False,,,,,,,
2026-08-11,00:00,40.6802018,-73.9482442,FULTON ST,11216,79,UNKNOWN,Street,45.77088725970884,False,BROOKLYN,"(40.6802018, -73.9482442)",trafficstat,True,False,False,False,False,False,False,False,False,,,,,,,
2026-08-10,00:00,40.679485,-73.946815,NEW YORK AVE,11216,79,OTHER,Street,1.3945354258288924,False,BROOKLYN,"(40.679485, -73.946815)",trafficstat,True,False,False,False,False,False,True,False,False,,,,,,,
2026-08-10,00:00,40.6808589,-73.9544022,FULTON ST,11216,79,OTHER,Street,2.457754597210424,False,BROOKLYN,"(40.6808589, -73.9544022)",trafficstat,True,False,False,True,False,False,False,False,False,,,,,,,
2026-08-10,00:00,40.686905,-73.944626,TOMPKINS AVE,11216,79,OTHER,Street,1.358677914213156,False,BROOKLYN,"(40.686905, -73.944626)",trafficstat,True,False,True,False,False,False,False,False,False,,,,,,,
2026-08-10,00:00,40.6929914,-73.9558256,BEDFORD AVE,11205,79,UNKNOWN,Street,0.12914931092368662,False,BROOKLYN,"(40.6929914, -73.9558256)",trafficstat,False,False,False,False,False,False,False,False,False,,,,,,,
2026-07-09,00:00,40.6929914,-73.9558256,BEDFORD AVE,11205,79,UNKNOWN,Street,0.12914931092368662,False,BROOKLYN,"(40.6929914, -73.9558256)",trafficstat,True,False,True,False,False,False,False,False,False,,,,,,,
2026-08-09,00:00,40.6912989,-73.9454955,TOMPKINS AVE,11216,79,UNKNOWN,Street,0.15666871460277695,False,BROOKLYN,"(40.6912989, -73.9454955)",trafficstat,True,False,False,True,False,False,False,False,False,,,,,,,
2026-07-05,00:00,40.6912989,-73.9454955,TOMPKINS AVE,11216,79,OTHER,Street,0.15666871460277695,False,BROOKLYN,"(40.6912989, -73.9454955)",trafficstat,True,False,False,False,False,False,True,False,False,,,,,,,
2026-08-09,00:00,40.6806357,-73.9404747,THROOP AVE,11216,79,UNKNOWN,Street,0.3536710341717136,False,BROOKLYN,"(40.6806357, -73.9404747)",trafficstat,True,False,False,False,False,False,False,True,False,,,,,,,
2026-08-07,00:00,40.67989,-73.94033,FULTON ST,11216,79,UNKNOWN,Street,2.9990071899249067,False,BROOKLYN,"(40.67989, -73.94033)",trafficstat,False,False,False,False,False,False,False,False,False,,,,,,,
2026-08-07,00:00,40.6865105,-73.954539,BEDFORD AVE,11216,79,UNKNOWN,Street,0.4106157423950348,False,BROOKLYN,"(40.6865105, -73.954539)",trafficstat,False,False,False,False,False,False,False,False,False,,,,,,,
2026-08-07,00:00,40.6903788,-73.948044,LAFAYETTE AVE,11216,79,UNKNOWN,Street,40.576902449205086,False,BROOKLYN,"(40.6903788, -73.948044)",trafficstat,True,False,False,False,False,False,False,True,False,,,,,,,
2026-08-04,00:00,40.6913292,-73.9517591,NOSTRAND AVE,11205,79,UNKNOWN,Street,0.550643788230447,False,BROOKLYN,"(40.6913292, -73.9517591)",trafficstat,True,False,False,True,False,False,False,False,False,,,,,,,
2026-07-08,00:00,40.6913292,-73.9517591,NOSTRAND AVE,11205,79,UNKNOWN,Street,0.550643788230447,False,BROOKLYN,"(40.6913292, -73.9517591)",trafficstat,False,False,False,False,False,False,False,False,False,,,,,,,
2026-08-04,00:00,40.6884,-73.95117,NOSTRAND AVE,11216,79,UNKNOWN,Street,1.199905687773464,False,BROOKLYN,"(40.6884, -73.95117)",trafficstat,True,False,True,False,False,False,False,False,False,,,,,,,
2026-07-06,00:00,40.6884,-73.95117,NOSTRAND AVE,11216,79,UNKNOWN,Street,1.199905687773464,False,BROOKLYN,"(40.6884, -73.95117)",trafficstat,True,False,False,False,False,False,True,False,False,,,,,,,
2026-08-04,00:00,40.6828345,-73.9409126,THROOP AVE,11216,79,OTHER,Street,0.15682867155236388,False,BROOKLYN,"(40.6828345, -73.9409126)",trafficstat,True,False,True,False,False,False,False,False,False,,,,,,,
2026-08-04,00:00,40.6994049,-73.9533689,NOSTRAND AVE,11206,79,OTHER,Street,0.21771702571915513,False,BROOKLYN,"(40.6994049, -73.9533689)",trafficstat,True,False,False,True,False,False,False,False,False,,,,,,,
2026-08-03,00:00,40.69603,-73.9435263,THROOP AVE,11206,79,UNKNOWN,Street,0.3921037744723872,False,BROOKLYN,"(40.69603, -73.9435263)",trafficstat,True,False,False,False,False,False,False,False,False,,,,,,,
2026-07-24,00:00,40.69603,-73.9435263,THROOP AVE,11206,79,UNKNOWN,Street,0.3921037744723872,False,BROOKLYN,"(40.69603, -73.9435263)",trafficstat,True,False,False,False,False,True,False,False,False,,,,,,,
2026-08-03,00:00,40.7007255,-73.9419318,BROADWAY,11206,79,UNKNOWN,Street,2.283244276338385,False,BROOKLYN,"(40.7007255, -73.9419318)",trafficstat,False,False,False,False,False,False,False,False,False,,,,,,,
2026-08-03,00:00,40.6832698,-73.9501533,NOSTRAND AVE,11216,79,UNKNOWN,Street,0.42225999932871466,False,BROOKLYN,"(40.6832698, -73.9501533)",trafficstat,True,False,False,False,False,False,False,True,False,,,,,,,
2026-07-08,00:00,40.6832698,-73.9501533,NOSTRAND AVE,11216,79,UNKNOWN,Street,0.42225999932871466,False,BROOKLYN,"(40.6832698, -73.9501533)",trafficstat,True,False,False,False,False,False,False,True,False,,,,,,,
2026-08-03,00:00,40.6972035,-73.9529233,NOSTRAND AVE,11206,79,OTHER,Street,0.15819151842565538,False,BROOKLYN,"(40.6972035, -73.9529233)",trafficstat,True,False,True,False,False,False,False,False,True,,,,,,,
2026-06-26,00:00,40.6972035,-73.9529233,NOSTRAND AVE,11206,79,UNKNOWN,Street,0.15819151842565538,False,BROOKLYN,"(40.6972035, -73.9529233)",trafficstat,True,False,False,True,False,False,False,False,False,,,,,,,
2026-08-03,00:00,40.6877271,-73.9493684,LEXINGTON AVE,11216,79,UNKNOWN,Street,49.86440982265771,False,BROOKLYN,"(40.6877271, -73.9493684)",trafficstat,True,False,False,False,False,False,False,True,False,,,,,,,
2026-08-02,00:00,40.68723,-73.94179,THROOP AVE,11221,79,UNKNOWN,Street,1.3064430172218993,False,BROOKLYN,"(40.68723, -73.94179)",trafficstat,True,False,False,True,False,False,False,False,False,,,,,,,
2026-08-02,00:00,40.6866825,-73.9595689,CLASSON AVE,11238,79,UNKNOWN,Street,0.4269897463733565,False,BROOKLYN,"(40.6866825, -73.9595689)",trafficstat,False,False,False,False,False,False,False,False,False,,,,,,,
2026-07-31,00:00,40.6880921,-73.9417804,QUINCY ST,11221,79,OTHER,Street,37.20695831193908,False,BROOKLYN,"(40.6880921, -73.9417804)",trafficstat,False,False,False,False,False,False,False,False,False,,,,,,,
2026-07-31,00:00,40.6807973,-73.9583971,CLASSON AVE,11238,79,UNKNOWN,Street,0.47009890740565585,False,BROOKLYN,"(40.6807973, -73.9583971)",trafficstat,False,False,False,False,False,False,False,False,False,,,,,,,
2026-07-30,00:00,40.6906203,-73.9460073,LAFAYETTE AVE,11216,79,UNKNOWN,Street,43.284582339824745,False,BROOKLYN,"(40.6906203, -73.9460073)",trafficstat,True,False,False,False,False,False,False,True,False,,,,,,,
2026-07-30,00:00,40.696785,-73.95658,BEDFORD AVE,11205,79,UNKNOWN,Street,0.24915590131510795,False,BROOKLYN,"(40.696785, -73.95658)",trafficstat,False,False,False,False,False,False,False,False,False,,,,,,,
2026-07-29,00:00,40.6939844,-73.9461728,TOMPKINS AVE,11206,79,UNKNOWN,Street,39.45278333344141,False,BROOKLYN,"(40.6939844, -73.9461728)",trafficstat,False,False,False,False,False,False,False,False,False,,,,,,,
2026-07-29,00:00,40.686684,-73.95957,CLASSON AVE,11238,79,UNKNOWN,Street,0.6471291366421047,False,BROOKLYN,"(40.686684, -73.95957)",trafficstat,False,False,False,False,False,False,False,False,False,,,,,,,
2026-07-28,00:00,40.6821813,-73.946581,MARCY AVE,11216,79,UNKNOWN,Street,0.1712048493996019,False,BROOKLYN,"(40.6821813, -73.946581)",trafficstat,True,False,False,True,False,False,False,False,False,,,,,,,
2026-07-28,00:00,40.6872631,-73.9404027,GATES AVE,11221,79,OTHER,Street,48.14661475102333,False,BROOKLYN,"(40.6872631, -73.9404027)",trafficstat,True,False,True,False,False,False,False,False,False,,,,,,,
2026-07-27,00:00,40.6780095,-73.9413784,KINGSTON AVE,11213,79,UNKNOWN,Street,0.046579197937281484,False,BROOKLYN,"(40.6780095, -73.9413784)",trafficstat,True,False,False,False,False,False,False,True,False,,,,,,,
2026-07-07,00:00,40.6780095,-73.9413784,KINGSTON AVE,11213,79,UNKNOWN,Street,0.046579197937281484,False,BROOKLYN,"(40.6780095, -73.9413784)",trafficstat,False,False,False,False,False,False,False,False,False,,,,,,,
2026-07-27,00:00,40.6960792,-73.9449783,MYRTLE AVE,11206,79,UNKNOWN,Street,74.59684223006863,False,BROOKLYN,"(40.6960792, -73.9449783)",trafficstat,False,False,False,False,False,False,False,False,False,,,,,,,
2026-07-26,00:00,40.6817416,-73.958584,CLASSON AVE,11238,79,UNKNOWN,Street,0.3062997801924275,False,BROOKLYN,"(40.6817416, -73.958584)",trafficstat,True,False,False,True,False,False,False,False,False,,,,,,,
2026-07-26,00:00,40.692764,-73.945786,TOMPKINS AVE,11206,79,UNKNOWN,Street,0.1464376207351858,False,BROOKLYN,"(40.692764, -73.945786)",trafficstat,False,False,False,False,False,False,False,False,False,,,,,,,
2026-07-25,00:00,40.6929364,-73.9521549,NOSTRAND AVE,11205,79,UNKNOWN,Street,21.030501485222988,False,BROOKLYN,"(40.6929364, -73.9521549)",trafficstat,False,False,False,False,False,False,False,False,False,,,,,,,
2026-07-25,00:00,40.6789631,-73.9496481,NOSTRAND AVE,11216,79,UNKNOWN,Street,0.2586582988421656,False,BROOKLYN,"(40.6789631, -73.9496481)",trafficstat,True,False,False,False,False,False,False,True,False,,,,,,,
2026-07-24,00:00,40.6875322,-73.9537133,LEXINGTON AVE,11216,79,UNKNOWN,Street,60.15072982610324,False,BROOKLYN,"(40.6875322, -73.9537133)",trafficstat,False,False,False,False,False,False,False,False,False,,,,,,,
2026-07-23,00:00,40.6800252,-73.9401183,FULTON ST,11216,79,UNKNOWN,Street,50.36351219903669,False,BROOKLYN,"(40.6800252, -73.9401183)",trafficstat,False,False,False,False,False,False,False,False,False,,,,,,,
2026-07-23,00:00,40.6946564,-73.9545063,MYRTLE AVE,11205,79,UNKNOWN,Street,43.07416424889989,False,BROOKLYN,"(40.6946564, -73.9545063)",trafficstat,True,False,False,True,False,False,False,False,False,,,,,,,
2026-07-22,00:00,40.6881483,-73.9598601,CLASSON AVE,11238,79,OTHER,Street,0.24428829392193177,False,BROOKLYN,"(40.6881483, -73.9598601)",trafficstat,False,False,False,False,False,False,False,False,False,,,,,,,
2026-07-21,00:00,40.689022,-73.93924,MARCUS GARVEY BLVD,11221,79,UNKNOWN,Street,0.4994048625202268,False,BROOKLYN,"(40.689022, -73.93924)",trafficstat,False,False,False,False,False,False,False,False,False,,,,,,,
2026-07-21,00:00,40.686264,-73.956696,FRANKLIN AVE,11238,79,UNKNOWN,Street,0.7599934325516658,False,BROOKLYN,"(40.686264, -73.956696)",trafficstat,False,False,False,False,False,False,False,False,False,,,,,,,
2026-07-20,00:00,40.6785853,-73.952064,ATLANTIC AVE,11216,79,UNKNOWN,Street,27.56054318498424,False,BROOKLYN,"(40.6785853, -73.952064)",trafficstat,True,False,False,False,False,False,False,True,False,,,,,,,
2026-06-26,00:00,40.6785853,-73.952064,ATLANTIC AVE,11216,79,UNKNOWN,Street,27.56054318498424,False,BROOKLYN,"(40.6785853, -73.952064)",trafficstat,True,False,False,True,False,False,False,False,False,,,,,,,
2026-07-20,00:00,40.68693,-73.95088,NOSTRAND AVE,11216,79,UNKNOWN,Street,0.6189230132740156,False,BROOKLYN,"(40.68693, -73.95088)",trafficstat,True,False,False,False,False,False,False,True,False,,,,,,,
2026-07-18,00:00,40.6895707,-73.955767,LAFAYETTE AVE,11205,79,UNKNOWN,Street,69.53978792161338,False,BROOKLYN,"(40.6895707, -73.955767)",trafficstat,False,False,False,False,False,False,False,False,False,,,,,,,
2026-07-18,00:00,40.67994,-73.94121,KINGSTON AVE,11213,79,UNKNOWN,Street,0.14230786029709455,False,BROOKLYN,"(40.67994, -73.94121)",trafficstat,False,False,False,False,False,False,False,False,False,,,,,,,
2026-07-18,00:00,40.68064,-73.95337,BEDFORD AVE,11216,79,UNKNOWN,Street,0.08110562777843515,False,BROOKLYN,"(40.68064, -73.95337)",trafficstat,False,False,False,False,False,False,False,False,False,,,,,,,
2026-07-12,00:00,40.68064,-73.95337,BEDFORD AVE,11216,79,UNKNOWN,Street,0.08110562777843515,False,BROOKLYN,"(40.68064, -73.95337)",trafficstat,True,False,True,False,False,False,False,False,False,,,,,,,
2026-06-23,00:00,40.68064,-73.95337,BEDFORD AVE,11216,79,UNKNOWN,Street,0.08110562777843515,False,BROOKLYN,"(40.68064, -73.95337)",trafficstat,True,False,False,False,False,False,False,True,False,,,,,,,
2026-07-17,00:00,40.6926077,-73.9429971,THROOP AVE,11206,79,UNKNOWN,Street,38.61444387437121,False,BROOKLYN,"(40.6926077, -73.9429971)",trafficstat,False,False,False,False,False,False,False,False,False,,,,,,,
2026-07-16,00:00,40.6869317,-73.9508825,NOSTRAND AVE,11216,79,UNKNOWN,Street,0.02786005120662953,False,BROOKLYN,"(40.6869317, -73.9508825)",trafficstat,True,False,False,False,False,False,False,False,True,,,,,,,
2026-06-21,00:00,40.6869317,-73.9508825,NOSTRAND AVE,11216,79,UNKNOWN,Street,0.02786005120662953,False,BROOKLYN,"(40.6869317, -73.9508825)",trafficstat,True,False,False,False,False,False,False,False,True,,,,,,,
2026-07-15,00:00,40.6944448,-73.9529985,SANDFORD ST,11205,79,UNKNOWN,Street,89.32394211485123,False,BROOKLYN,"(40.6944448, -73.9529985)",trafficstat,False,False,False,False,False,False,False,False,False,,,,,,,
2026-07-14,00:00,40.6991916,-73.9551831,WALWORTH ST,11205,79,UNKNOWN,Street,0.002432851220282057,False,BROOKLYN,"(40.6991916, -73.9551831)",trafficstat,False,False,False,False,False,False,False,False,False,,,,,,,
2026-06-21,00:00,40.6991916,-73.9551831,WALWORTH ST,11205,79,UNKNOWN,Street,0.002432851220282057,False,BROOKLYN,"(40.6991916, -73.9551831)",trafficstat,False,False,False,False,False,False,False,False,False,,,,,,,
2026-07-13,00:00,40.6855314,-73.9565516,FRANKLIN AVE,11238,79,UNKNOWN,Street,0.2625458197354786,False,BROOKLYN,"(40.6855314, -73.9565516)",trafficstat,False,False,False,False,False,False,False,False,False,,,,,,,
2026-07-13,00:00,40.6825301,-73.9384948,MACON ST,11216,79,UNKNOWN,Street,57.31980422488052,False,BROOKLYN,"(40.6825301, -73.9384948)",trafficstat,False,False,False,False,False,False,False,False,False,,,,,,,
2026-07-12,00:00,40.6964128,-73.9588564,PARK AVE,11205,79,UNKNOWN,Street,42.606513767772896,False,BROOKLYN,"(40.6964128, -73.9588564)",trafficstat,False,False,False,False,False,False,False,False,False,,,,,,,
2026-07-12,00:00,40.693823,-73.943099,THROOP AVE,11206,79,UNKNOWN,Street,0.2757398400476701,False,BROOKLYN,"(40.693823, -73.943099)",trafficstat,False,False,False,False,False,False,False,False,False,,,,,,,
2026-07-11,00:00,40.685112,-73.94717,MARCY AVE,11216,79,UNKNOWN,Street,1.63019108365341,False,BROOKLYN,"(40.685112, -73.94717)",trafficstat,False,False,False,False,False,False,False,False,False,,,,,,,
2026-07-10,00:00,40.6887748,-73.9478919,MARCY AVE,11216,79,UNKNOWN,Street,0.17092436859557522,False,BROOKLYN,"(40.6887748, -73.9478919)",trafficstat,False,False,False,False,False,False,False,False,False,,,,,,,
2026-07-09,00:00,40.6887756,-73.947893,MARCY AVE,11216,79,UNKNOWN,Street,0.08737244617787461,False,BROOKLYN,"(40.6887756, -73.947893)",trafficstat,False,False,False,False,False,False,False,False,False,,,,,,,
2026-07-09,00:00,40.683334,-73.956116,FRANKLIN AVE,11238,79,UNKNOWN,Street,1.246676556016028,False,BROOKLYN,"(40.683334, -73.956116)",trafficstat,False,False,False,False,False,False,False,False,False,,,,,,,
2026-07-09,00:00,40.6838926,-73.9382219,MARCUS GARVEY BLVD,11216,79,UNKNOWN,Street,0.23337148634891436,False,BROOKLYN,"(40.6838926, -73.9382219)",trafficstat,False,False,False,False,False,False,False,False,False,,,,,,,
2026-07-07,00:00,40.693473,-73.9521831,NOSTRAND AVE,11205,79,UNKNOWN,Street,0.08471250764555409,False,BROOKLYN,"(40.693473, -73.9521831)",trafficstat,False,False,False,False,False,False,False,False,False,,,,,,,
2026-06-12,00:00,40.693473,-73.9521831,NOSTRAND AVE,11205,79,UNKNOWN,Street,0.08471250764555409,False,BROOKLYN,"(40.693473, -73.9521831)",trafficstat,False,False,False,False,False,False,False,False,False,,,,,,,
2026-07-04,00:00,40.6868243,-73.9388033,MARCUS GARVEY BLVD,11221,79,UNKNOWN,Street,0.2266987115385313,False,BROOKLYN,"(40.6868243, -73.9388033)",trafficstat,False,False,False,False,False,False,False,False,False,,,,,,,
2026-07-04,00:00,40.6840656,-73.9562569,FRANKLIN AVE,11238,79,UNKNOWN,Street,0.14485889082869513,False,BROOKLYN,"(40.6840656, -73.9562569)",trafficstat,False,False,False,False,False,False,False,False,False,,,,,,,
2026-07-03,00:00,40.697582,-73.949646,MARCY AVE,11206,79,OTHER,Street,0.2051317271673286,False,BROOKLYN,"(40.697582, -73.949646)",trafficstat,False,False,False,False,False,False,False,False,False,,,,,,,
2026-07-02,00:00,40.6989726,-73.9440972,THROOP AVE,11206,79,UNKNOWN,Street,0.4612474416060258,False,BROOKLYN,"(40.6989726, -73.9440972)",trafficstat,False,False,False,False,False,False,False,False,False,,,,,,,