crash_date,crash_time,latitude,longitude,on_street_name,zip_code,precinct,collision_type,roadway_type,geocode_dist_feet,time_is_known,borough,location,source,injury,fatality,injured_pedestrian,injured_cyclist,injured_ebike_rider,injured_motorcyclist,injured_moped_rider,injured_car_occupant,injured_suv_occupant,number_of_persons_injured,number_of_persons_killed,contributing_factor_vehicle_1,collision_id,cross_street_name,off_street_name,vehicle_type_code1
2026-07-02,00:00,40.6966962,-73.942511,MYRTLE AVE,11206,79,OTHER,Street,194.79433936706374,False,BROOKLYN,"(40.6966962, -73.942511)",trafficstat,False,False,False,False,False,False,False,False,False,,,,,,,
2026-07-02,00:00,40.6846255,-73.9383691,MARCUS GARVEY BLVD,11221,79,UNKNOWN,Street,0.35860513611073364,False,BROOKLYN,"(40.6846255, -73.9383691)",trafficstat,True,False,False,False,False,False,False,True,True,,,,,,,
2026-07-01,00:00,40.686809,-73.9467869,GATES AVE,11216,79,OTHER,Street,52.531044131401,False,BROOKLYN,"(40.686809, -73.9467869)",trafficstat,False,False,False,False,False,False,False,False,False,,,,,,,
2026-07-01,00:00,40.6905932,-73.9590767,DEKALB AVE,11205,79,OTHER,Street,34.882540801203284,False,BROOKLYN,"(40.6905932, -73.9590767)",trafficstat,False,False,False,False,False,False,False,False,False,,,,,,,
2026-06-30,00:00,40.6791842,-73.9412764,KINGSTON AVE,11213,79,UNKNOWN,Street,0.5888864018755966,False,BROOKLYN,"(40.6791842, -73.9412764)",trafficstat,True,False,True,False,False,False,False,False,False,,,,,,,
2026-06-29,00:00,40.6872461,-73.9546827,BEDFORD AVE,11216,79,UNKNOWN,Street,0.37809208213364126,False,BROOKLYN,"(40.6872461, -73.9546827)",trafficstat,True,False,False,False,False,False,True,False,False,,,,,,,
2026-06-15,00:00,40.6872461,-73.9546827,BEDFORD AVE,11216,79,UNKNOWN,Street,0.37809208213364126,False,BROOKLYN,"(40.6872461, -73.9546827)",trafficstat,False,False,False,False,False,False,False,False,False,,,,,,,
2026-06-29,00:00,40.6986769,-73.9588584,FRANKLIN AVE,11205,79,UNKNOWN,Street,0.02981967329675535,False,BROOKLYN,"(40.6986769, -73.9588584)",trafficstat,True,False,False,True,False,False,False,False,False,,,,,,,
2026-06-19,00:00,40.6986769,-73.9588584,FRANKLIN AVE,11205,79,OTHER,Street,0.02981967329675535,False,BROOKLYN,"(40.6986769, -73.9588584)",trafficstat,True,False,False,False,True,False,False,False,False,,,,,,,
2026-06-29,00:00,40.6956104,-73.9565295,BEDFORD AVE,11205,79,UNKNOWN,Street,49.97542946483458,False,BROOKLYN,"(40.6956104, -73.9565295)",trafficstat,False,False,False,False,False,False,False,False,False,,,,,,,
2026-06-28,00:00,40.696498,-73.9378731,LEWIS AVE,11206,79,UNKNOWN,Street,33.97134146386739,False,BROOKLYN,"(40.696498, -73.9378731)",trafficstat,False,False,False,False,False,False,False,False,False,,,,,,,
2026-06-28,00:00,40.6923571,-73.9428082,THROOP AVE,11221,79,UNKNOWN,Street,0.2863317498911256,False,BROOKLYN,"(40.6923571, -73.9428082)",trafficstat,True,False,True,False,False,False,False,False,False,,,,,,,
2026-06-28,00:00,40.678963,-73.949646,NOSTRAND AVE,11216,79,UNKNOWN,Street,0.8422695633277857,False,BROOKLYN,"(40.678963, -73.949646)",trafficstat,False,False,False,False,False,False,False,False,False,,,,,,,
2026-06-27,00:00,40.682117,-73.95366,BEDFORD AVE,11216,79,UNKNOWN,Street,0.7176165197465137,False,BROOKLYN,"(40.682117, -73.95366)",trafficstat,False,False,False,False,False,False,False,False,False,,,,,,,
2026-06-27,00:00,40.6942306,-73.9460773,TOMPKINS AVE,11206,79,UNKNOWN,Street,0.2519287099858871,False,BROOKLYN,"(40.6942306, -73.9460773)",trafficstat,False,False,False,False,False,False,False,False,False,,,,,,,
2026-06-26,00:00,40.68138,-73.953514,BEDFORD AVE,11216,79,UNKNOWN,Street,0.36175699589432986,False,BROOKLYN,"(40.68138, -73.953514)",trafficstat,False,False,False,False,False,False,False,False,False,,,,,,,
2026-06-26,00:00,40.6828265,-73.9529288,JEFFERSON AVE,11216,79,OTHER,Street,47.2982528400272,False,BROOKLYN,"(40.6828265, -73.9529288)",trafficstat,False,False,False,False,False,False,False,False,False,,,,,,,
2026-06-26,00:00,40.6968944,-73.955639,SPENCER ST,11205,79,UNKNOWN,Street,0.14358915522074053,False,BROOKLYN,"(40.6968944, -73.955639)",trafficstat,True,False,False,False,False,False,False,True,False,,,,,,,
2026-06-25,00:00,40.6783196,-73.9469194,NEW YORK AVE,11216,79,UNKNOWN,Street,0.4614875697068818,False,BROOKLYN,"(40.6783196, -73.9469194)",trafficstat,False,False,False,False,False,False,False,False,False,,,,,,,
2026-06-25,00:00,40.6944274,-73.9455709,WILLOUGHBY AVE,11206,79,UNKNOWN,Street,46.89722832784319,False,BROOKLYN,"(40.6944274, -73.9455709)",trafficstat,False,False,False,False,False,False,False,False,False,,,,,,,
2026-06-25,00:00,40.6912368,-73.9520578,DEKALB AVE,11205,79,OTHER,Street,23.904405304177192,False,BROOKLYN,"(40.6912368, -73.9520578)",trafficstat,True,False,False,True,False,False,False,False,False,,,,,,,
2026-06-24,00:00,40.69822,-73.94395,THROOP AVE,11206,79,UNKNOWN,Street,0.2992358132948663,False,BROOKLYN,"(40.69822, -73.94395)",trafficstat,True,False,False,False,False,False,True,False,False,,,,,,,
2026-06-12,00:00,40.69822,-73.94395,THROOP AVE,11206,79,UNKNOWN,Street,0.2992358132948663,False,BROOKLYN,"(40.69822, -73.94395)",trafficstat,False,False,False,False,False,False,False,False,False,,,,,,,
2026-06-23,00:00,40.692778,-73.9576792,FRANKLIN AVE,11205,79,OTHER,Street,0.35097371295652113,False,BROOKLYN,"(40.692778, -73.9576792)",trafficstat,False,False,False,False,False,False,False,False,False,,,,,,,
2026-06-23,00:00,40.6913,-73.945496,TOMPKINS AVE,11216,79,UNKNOWN,Street,0.23377047520705013,False,BROOKLYN,"(40.6913, -73.945496)",trafficstat,False,False,False,False,False,False,False,False,False,,,,,,,
2026-06-23,00:00,40.6809761,-73.9513381,ARLINGTON PL,11216,79,UNKNOWN,Street,41.77455324077883,False,BROOKLYN,"(40.6809761, -73.9513381)",trafficstat,False,False,False,False,False,False,False,False,False,,,,,,,
2026-06-22,00:00,40.684704,-73.94418,TOMPKINS AVE,11216,79,UNKNOWN,Street,0.7052145317709844,False,BROOKLYN,"(40.684704, -73.94418)",trafficstat,True,False,False,False,False,True,False,False,False,,,,,,,
2026-06-21,00:00,40.6984633,-73.9601965,KENT AVE,11205,79,OTHER,Street,0.016113582853666014,False,BROOKLYN,"(40.6984633, -73.9601965)",trafficstat,True,False,False,False,False,False,False,True,False,,,,,,,
2026-06-12,00:00,40.6984633,-73.9601965,KENT AVE,11205,79,UNKNOWN,Street,0.016113582853666014,False,BROOKLYN,"(40.6984633, -73.9601965)",trafficstat,True,False,True,False,False,False,False,False,False,,,,,,,
2026-06-21,00:00,40.6950047,-73.9524885,NOSTRAND AVE,11205,79,UNKNOWN,Street,0.06309330768122678,False,BROOKLYN,"(40.6950047, -73.9524885)",trafficstat,True,False,False,False,False,True,False,False,False,,,,,,,
2026-06-18,00:00,40.6950047,-73.9524885,NOSTRAND AVE,11205,79,UNKNOWN,Street,0.06309330768122678,False,BROOKLYN,"(40.6950047, -73.9524885)",trafficstat,False,False,False,False,False,False,False,False,False,,,,,,,
2026-06-20,00:00,40.6953766,-73.9492066,MARCY AVE,11206,79,OTHER,Street,0.09888923706974492,False,BROOKLYN,"(40.6953766, -73.9492066)",trafficstat,True,False,False,False,False,False,False,True,False,,,,,,,
2026-06-20,00:00,40.684734,-73.95045,NOSTRAND AVE,11216,79,UNKNOWN,Street,1.2922347027451708,False,BROOKLYN,"(40.684734, -73.95045)",trafficstat,False,False,False,False,False,False,False,False,False,,,,,,,
2026-06-20,00:00,40.68137,-73.94062,THROOP AVE,11216,79,UNKNOWN,Street,0.08373158356750579,False,BROOKLYN,"(40.68137, -73.94062)",trafficstat,False,False,False,False,False,False,False,False,False,,,,,,,
2026-06-20,00:00,40.6854383,-73.9443285,TOMPKINS AVE,11216,79,OTHER,Street,0.16223270434350723,False,BROOKLYN,"(40.6854383, -73.9443285)",trafficstat,True,False,False,False,False,False,False,True,False,,,,,,,
2026-06-18,00:00,40.697205,-73.95293,NOSTRAND AVE,11206,79,UNKNOWN,Street,1.5975482103273952,False,BROOKLYN,"(40.697205, -73.95293)",trafficstat,True,False,False,False,False,False,False,True,False,,,,,,,
2026-06-17,00:00,40.696453,-73.94649,TOMPKINS AVE,11206,79,OTHER,Street,0.06645263574516652,False,BROOKLYN,"(40.696453, -73.94649)",trafficstat,True,False,False,True,False,False,False,False,False,,,,,,,
2026-06-17,00:00,40.6825997,-73.9559658,FRANKLIN AVE,11238,79,UNKNOWN,Street,0.014637083751844393,False,BROOKLYN,"(40.6825997, -73.9559658)",trafficstat,False,False,False,False,False,False,False,False,False,,,,,,,
2026-06-15,00:00,40.6804627,-73.9486726,FULTON ST,11216,79,UNKNOWN,Street,40.64426051477112,False,BROOKLYN,"(40.6804627, -73.9486726)",trafficstat,False,False,False,False,False,False,False,False,False,,,,,,,
2026-06-15,00:00,40.6786259,-73.9444224,BROOKLYN AVE,11216,79,OTHER,Street,86.38608343286637,False,BROOKLYN,"(40.6786259, -73.9444224)",trafficstat,False,False,False,False,False,False,False,False,False,,,,,,,
2026-06-15,00:00,40.6842222,-73.9409434,JEFFERSON AVE,11221,79,UNKNOWN,Street,41.77465158625826,False,BROOKLYN,"(40.6842222, -73.9409434)",trafficstat,False,False,False,False,False,False,False,False,False,,,,,,,
2026-06-15,00:00,40.6865788,-73.9474573,MARCY AVE,11216,79,UNKNOWN,Street,0.1753865504040028,False,BROOKLYN,"(40.6865788, -73.9474573)",trafficstat,True,False,False,False,False,False,False,True,False,,,,,,,
2026-06-15,00:00,40.6894449,-73.9551212,BEDFORD AVE,11205,79,OTHER,Street,0.13361116895417288,False,BROOKLYN,"(40.6894449, -73.9551212)",trafficstat,True,False,False,False,False,False,False,False,True,,,,,,,
2026-06-14,00:00,40.6780861,-73.9417518,CONNECTOR,11216,79,OTHER,Street,2.957386284641218,False,BROOKLYN,"(40.6780861, -73.9417518)",trafficstat,False,False,False,False,False,False,False,False,False,,,,,,,
2026-06-14,00:00,40.69529,-73.94339,THROOP AVE,11206,79,OTHER,Street,0.5860706848878272,False,BROOKLYN,"(40.69529, -73.94339)",trafficstat,False,False,False,False,False,False,False,False,False,,,,,,,
2026-06-14,00:00,40.6988193,-73.9579603,SKILLMAN ST,11205,79,UNKNOWN,Street,0.39409429509576555,False,BROOKLYN,"(40.6988193, -73.9579603)",trafficstat,True,False,False,False,False,False,False,True,False,,,,,,,
2026-06-13,00:00,40.6973223,-73.9609472,TAAFFE PL,11205,79,UNKNOWN,Street,30.486482637133495,False,BROOKLYN,"(40.6973223, -73.9609472)",trafficstat,True,False,False,False,False,False,False,False,True,,,,,,,
2026-06-13,00:00,40.6900434,-73.9563529,SKILLMAN ST,11205,79,UNKNOWN,Street,39.915269184345384,False,BROOKLYN,"(40.6900434, -73.9563529)",trafficstat,True,False,True,False,False,False,False,False,False,,,,,,,
2026-06-12,00:00,40.6844838,-73.9591303,CLASSON AVE,11238,79,UNKNOWN,Street,0.3048676648735888,False,BROOKLYN,"(40.6844838, -73.9591303)",trafficstat,False,False,False,False,False,False,False,False,False,,,,,,,
2026-06-12,00:00,40.6978031,-73.9427293,PARK AVE,11206,79,UNKNOWN,Street,203.92541748712952,False,BROOKLYN,"(40.6978031, -73.9427293)",trafficstat,False,False,False,False,False,False,False,False,False,,,,,,,
2026-09-13,00:00,40.6905967,-73.9373576,VAN BUREN ST,11221,81,UNKNOWN,Street,53.21121430761209,False,BROOKLYN,"(40.6905967, -73.9373576)",trafficstat,False,False,False,False,False,False,False,False,False,,,,,,,
2026-09-13,00:00,40.697691,-73.9368025,STOCKTON ST,11206,81,UNKNOWN,Street,42.46648158928248,False,BROOKLYN,"(40.697691, -73.9368025)",trafficstat,False,False,False,False,False,False,False,False,False,,,,,,,
2026-09-12,00:00,40.6956621,-73.9391575,VERNON AVE,11206,81,UNKNOWN,Street,44.00417192867931,False,BROOKLYN,"(40.6956621, -73.9391575)",trafficstat,False,False,False,False,False,False,False,False,False,,,,,,,
2026-09-12,00:00,40.6771023,-73.9247844,BUFFALO AVE,11233,81,UNKNOWN,Street,0.12628448867160214,False,BROOKLYN,"(40.6771023, -73.9247844)",trafficstat,True,False,False,False,False,False,False,True,False,,,,,,,
2026-08-06,00:00,40.6771023,-73.9247844,BUFFALO AVE,11233,81,UNKNOWN,Street,0.12628448867160214,False,BROOKLYN,"(40.6771023, -73.9247844)",trafficstat,True,False,False,False,False,False,False,True,False,,,,,,,
2026-06-25,00:00,40.6771023,-73.9247844,BUFFALO AVE,11233,81,UNKNOWN,Street,0.12628448867160214,False,BROOKLYN,"(40.6771023, -73.9247844)",trafficstat,True,False,False,False,False,False,False,False,False,,,,,,,
2026-09-11,00:00,40.6872409,-73.9237183,RALPH AVE,11221,81,UNKNOWN,Street,39.257079515901566,False,BROOKLYN,"(40.6872409, -73.9237183)",trafficstat,False,False,False,False,False,False,False,False,False,,,,,,,
2026-09-10,00:00,40.689274,-73.92397,RALPH AVE,11221,81,UNKNOWN,Street,1.3809255062897279,False,BROOKLYN,"(40.689274, -73.92397)",trafficstat,False,False,False,False,False,False,False,False,False,,,,,,,
2026-09-10,00:00,40.6855217,-73.9294296,MALCOLM X BLVD,11221,81,UNKNOWN,Street,38.247903933090136,False,BROOKLYN,"(40.6855217, -73.9294296)",trafficstat,False,False,False,False,False,False,False,False,False,,,,,,,
2026-09-09,00:00,40.6781158,-73.9217115,RALPH AVE,11233,81,OTHER,Street,0.5925809163727294,False,BROOKLYN,"(40.6781158, -73.9217115)",trafficstat,True,False,True,False,False,False,False,False,False,,,,,,,
2026-06-18,00:00,40.6781158,-73.9217115,RALPH AVE,11233,81,OTHER,Street,0.5925809163727294,False,BROOKLYN,"(40.6781158, -73.9217115)",trafficstat,True,False,False,False,False,False,False,True,False,,,,,,,
2026-09-07,00:00,40.6808822,-73.9171705,MARION ST,11233,81,UNKNOWN,Street,66.07911040872192,False,BROOKLYN,"(40.6808822, -73.9171705)",trafficstat,False,False,False,False,False,False,False,False,False,,,,,,,
2026-09-07,00:00,40.6915478,-73.9259314,BROADWAY,11221,81,UNKNOWN,Street,47.92564386542068,False,BROOKLYN,"(40.6915478, -73.9259314)",trafficstat,False,False,False,False,False,False,False,False,False,,,,,,,
2026-09-07,00:00,40.6959501,-73.9376301,LEWIS AVE,11206,81,UNKNOWN,Street,0.09540212549105304,False,BROOKLYN,"(40.6959501, -73.9376301)",trafficstat,False,False,False,False,False,False,False,False,False,,,,,,,
2026-07-02,00:00,40.6959501,-73.9376301,LEWIS AVE,11206,81,UNKNOWN,Street,0.09540212549105304,False,BROOKLYN,"(40.6959501, -73.9376301)",trafficstat,True,False,False,False,False,False,False,True,False,,,,,,,
2026-06-15,00:00,40.6959501,-73.9376301,LEWIS AVE,11206,81,OTHER,Street,0.09540212549105304,False,BROOKLYN,"(40.6959501, -73.9376301)",trafficstat,False,False,False,False,False,False,False,False,False,,,,,,,
2026-09-06,00:00,40.6875091,-73.9384189,GATES AVE,11221,81,OTHER,Street,42.03198491527534,False,BROOKLYN,"(40.6875091, -73.9384189)",trafficstat,True,False,False,True,False,False,False,False,False,,,,,,,
2026-09-06,00:00,40.6782679,-73.9275878,ROCHESTER AVE,11233,81,UNKNOWN,Street,39.493318765902366,False,BROOKLYN,"(40.6782679, -73.9275878)",trafficstat,False,False,False,False,False,False,False,False,False,,,,,,,
2026-09-05,00:00,40.6830822,-73.9204083,DECATUR ST,11233,81,UNKNOWN,Street,47.85705215816428,False,BROOKLYN,"(40.6830822, -73.9204083)",trafficstat,False,False,False,False,False,False,False,False,False,,,,,,,
2026-09-05,00:00,40.6814959,-73.9274,BAINBRIDGE ST,11233,81,OTHER,Street,36.0723758580381,False,BROOKLYN,"(40.6814959, -73.9274)",trafficstat,False,False,False,False,False,False,False,False,False,,,,,,,
2026-09-04,00:00,40.6878905,-73.9360259,LEWIS AVE,11221,81,OTHER,Street,0.07238037900282161,False,BROOKLYN,"(40.6878905, -73.9360259)",trafficstat,False,False,False,False,False,False,False,False,False,,,,,,,
2026-08-04,00:00,40.6878905,-73.9360259,LEWIS AVE,11221,81,UNKNOWN,Street,0.07238037900282161,False,BROOKLYN,"(40.6878905, -73.9360259)",trafficstat,True,False,False,True,False,False,False,False,False,,,,,,,
2026-06-17,00:00,40.6878905,-73.9360259,LEWIS AVE,11221,81,UNKNOWN,Street,0.07238037900282161,False,BROOKLYN,"(40.6878905, -73.9360259)",trafficstat,False,False,False,False,False,False,False,False,False,,,,,,,
2026-09-04,00:00,40.6785758,-73.9162994,SARATOGA AVE,11233,81,UNKNOWN,Street,1.0383836032902491,False,BROOKLYN,"(40.6785758, -73.9162994)",trafficstat,True,False,False,False,False,False,False,True,True,,,,,,,
2026-06-23,00:00,40.6785758,-73.9162994,SARATOGA AVE,11233,81,UNKNOWN,Street,1.0383836032902491,False,BROOKLYN,"(40.6785758, -73.9162994)",trafficstat,False,False,False,False,False,False,False,False,False,,,,,,,
2026-09-04,00:00,40.6788669,-73.9238008,FULTON ST,11233,81,UNKNOWN,Street,47.19724842347046,False,BROOKLYN,"(40.6788669, -73.9238008)",trafficstat,False,False,False,False,False,False,False,False,False,,,,,,,
2026-09-03,00:00,40.6819713,-73.9288675,MALCOLM X BLVD,11233,81,UNKNOWN,Street,0.14992067029494552,False,BROOKLYN,"(40.6819713, -73.9288675)",trafficstat,False,False,False,False,False,False,False,False,False,,,,,,,
2026-09-03,00:00,40.68789,-73.93603,LEWIS AVE,11221,81,UNKNOWN,Street,1.0791473653493748,False,BROOKLYN,"(40.68789, -73.93603)",trafficstat,True,False,False,False,True,False,False,False,False,,,,,,,
2026-09-03,00:00,40.691494,-73.93076,MALCOLM X BLVD,11221,81,UNKNOWN,Street,0.09606699124186059,False,BROOKLYN,"(40.691494, -73.93076)",trafficstat,True,False,False,False,False,True,False,False,False,,,,,,,
2026-09-02,00:00,40.6812918,-73.9268742,BAINBRIDGE ST,11233,81,UNKNOWN,Street,58.98041343003884,False,BROOKLYN,"(40.6812918, -73.9268742)",trafficstat,False,False,False,False,False,False,False,False,False,,,,,,,
2026-09-01,00:00,40.68203,-73.93486,LEWIS AVE,11233,81,UNKNOWN,Street,0.5672113111275049,False,BROOKLYN,"(40.68203, -73.93486)",trafficstat,True,False,False,False,False,False,False,True,False,,,,,,,
2026-08-31,00:00,40.6825766,-73.9292315,MAC DONOUGH ST,11233,81,UNKNOWN,Street,39.37036203124618,False,BROOKLYN,"(40.6825766, -73.9292315)",trafficstat,False,False,False,False,False,False,False,False,False,,,,,,,
2026-08-30,00:00,40.6766464,-73.9164641,SARATOGA AVE,11233,81,UNKNOWN,Street,0.8029632908029194,False,BROOKLYN,"(40.6766464, -73.9164641)",trafficstat,True,False,False,False,False,False,False,True,False,,,,,,,
2026-08-30,00:00,40.69409,-73.9342674,STUYVESANT AVE,11221,81,UNKNOWN,Street,0.4167887841947683,False,BROOKLYN,"(40.69409, -73.9342674)",trafficstat,True,False,False,False,False,False,True,False,False,,,,,,,
2026-08-28,00:00,40.6914783,-73.9363587,LAFAYETTE AVE,11221,81,UNKNOWN,Street,47.616962777538305,False,BROOKLYN,"(40.6914783, -73.9363587)",trafficstat,False,False,False,False,False,False,False,False,False,,,,,,,
2026-08-28,00:00,40.6848798,-73.9231026,RALPH AVE,11233,81,UNKNOWN,Street,0.24772754333790026,False,BROOKLYN,"(40.6848798, -73.9231026)",trafficstat,True,False,False,False,False,False,False,True,True,,,,,,,
2026-08-28,00:00,40.6889622,-73.9332484,STUYVESANT AVE,11221,81,UNKNOWN,Street,0.03777158167331761,False,BROOKLYN,"(40.6889622, -73.9332484)",trafficstat,True,False,False,False,False,False,False,True,False,,,,,,,
2026-08-25,00:00,40.6791817,-73.9273562,ROCHESTER AVE,11233,81,UNKNOWN,Street,0.3751792815268792,False,BROOKLYN,"(40.6791817, -73.9273562)",trafficstat,True,False,False,False,False,False,False,True,False,,,,,,,
2026-08-25,00:00,40.6774132,-73.930318,UTICA AVE,11213,81,UNKNOWN,Street,0.1702696838907985,False,BROOKLYN,"(40.6774132, -73.930318)",trafficstat,True,False,False,False,False,False,False,False,True,,,,,,,
2026-08-08,00:00,40.6774132,-73.930318,UTICA AVE,11213,81,UNKNOWN,Street,0.1702696838907985,False,BROOKLYN,"(40.6774132, -73.930318)",trafficstat,True,False,False,False,False,False,False,True,False,,,,,,,
2026-08-25,00:00,40.6985402,-73.9411512,MARCUS GARVEY BLVD,11206,81,UNKNOWN,Street,0.39261517421002495,False,BROOKLYN,"(40.6985402, -73.9411512)",trafficstat,False,False,False,False,False,False,False,False,False,,,,,,,
2026-08-25,00:00,40.6941481,-73.9402643,MARCUS GARVEY BLVD,11206,81,UNKNOWN,Street,0.20418824346205766,False,BROOKLYN,"(40.6941481, -73.9402643)",trafficstat,True,False,False,True,False,False,False,False,False,,,,,,,
2026-08-24,00:00,40.6865097,-73.9235685,RALPH AVE,11221,81,UNKNOWN,Street,38.34768219167907,False,BROOKLYN,"(40.6865097, -73.9235685)",trafficstat,True,False,False,False,False,False,False,True,False,,,,,,,
2026-08-23,00:00,40.6907612,-73.9306178,MALCOLM X BLVD,11221,81,OTHER,Street,0.3667133056874994,False,BROOKLYN,"(40.6907612, -73.9306178)",trafficstat,True,False,False,False,False,True,False,False,False,,,,,,,
2026-07-13,00:00,40.6907612,-73.9306178,MALCOLM X BLVD,11221,81,UNKNOWN,Street,0.3667133056874994,False,BROOKLYN,"(40.6907612, -73.9306178)",trafficstat,True,False,False,False,False,False,False,True,False,,,,,,,
2026-08-23,00:00,40.6879729,-73.9343723,GATES AVE,11221,81,UNKNOWN,Street,42.93677784229869,False,BROOKLYN,"(40.6879729, -73.9343723)",trafficstat,False,False,False,False,False,False,False,False,False,,,,,,,
2026-08-23,00:00,40.6793275,-73.9201859,MAC DOUGAL ST,11233,81,UNKNOWN,Street,35.31985936222685,False,BROOKLYN,"(40.6793275, -73.9201859)",trafficstat,True,False,True,False,False,False,False,False,False,,,,,,,
2026-08-23,00:00,40.6815179,-73.9197209,HOWARD AVE,11233,81,UNKNOWN,Street,0.37784907236575666,False,BROOKLYN,"(40.6815179, -73.9197209)",trafficstat,False,False,False,False,False,False,False,False,False,,,,,,,
2026-08-22,00:00,40.6787553,-73.9257341,FULTON ST,11233,81,OTHER,Street,127.82641343494737,False,BROOKLYN,"(40.6787553, -73.9257341)",trafficstat,False,False,False,False,False,False,False,False,False,,,,,,,
2026-08-22,00:00,40.6933665,-73.9328255,DEKALB AVE,11221,81,UNKNOWN,Street,52.93010094745278,False,BROOKLYN,"(40.6933665, -73.9328255)",trafficstat,True,False,False,False,False,False,False,False,True,,,,,,,
2026-08-21,00:00,40.6969863,-73.9352238,BROADWAY,11221,81,OTHER,Street,2.426563398722096,False,BROOKLYN,"(40.6969863, -73.9352238)",trafficstat,True,False,False,True,False,False,False,False,False,,,,,,,
2026-08-03,00:00,40.6969863,-73.9352238,BROADWAY,11221,81,UNKNOWN,Street,2.426563398722096,False,BROOKLYN,"(40.6969863, -73.9352238)",trafficstat,False,False,False,False,False,False,False,False,False,,,,,,,
2026-07-26,00:00,40.6969863,-73.9352238,BROADWAY,11221,81,UNKNOWN,Street,2.426563398722096,False,BROOKLYN,"(40.6969863, -73.9352238)",trafficstat,True,False,False,False,False,False,False,True,False,,,,,,,
2026-08-21,00:00,40.6816938,-73.9377877,MARCUS GARVEY BLVD,11216,81,UNKNOWN,Street,0.04183762151010974,False,BROOKLYN,"(40.6816938, -73.9377877)",trafficstat,True,False,False,False,False,False,False,True,False,,,,,,,
2026-08-21,00:00,40.6795924,-73.9348729,TROY AVE,11213,81,UNKNOWN,Street,2.095662170417228,False,BROOKLYN,"(40.6795924, -73.9348729)",trafficstat,True,False,False,False,False,True,False,True,False,,,,,,,
2026-08-21,00:00,40.6809636,-73.9376442,MARCUS GARVEY BLVD,11216,81,UNKNOWN,Street,0.5501594030209912,False,BROOKLYN,"(40.6809636, -73.9376442)",trafficstat,True,False,False,False,False,False,False,True,False,,,,,,,
2026-08-19,00:00,40.689298,-73.9303237,MALCOLM X BLVD,11221,81,UNKNOWN,Street,0.32735175780949677,False,BROOKLYN,"(40.689298, -73.9303237)",trafficstat,True,False,False,False,False,False,False,True,False,,,,,,,
2026-08-19,00:00,40.6886412,-73.9205489,BROADWAY,11221,81,OTHER,Street,1.8853576406193264,False,BROOKLYN,"(40.6886412, -73.9205489)",trafficstat,False,False,False,False,False,False,False,False,False,,,,,,,
2026-08-19,00:00,40.6948596,-73.9314718,MALCOLM X BLVD,11221,81,UNKNOWN,Street,0.3860944481694933,False,BROOKLYN,"(40.6948596, -73.9314718)",trafficstat,False,False,False,False,False,False,False,False,False,,,,,,,
2026-08-11,00:00,40.6948596,-73.9314718,MALCOLM X BLVD,11221,81,UNKNOWN,Street,0.3860944481694933,False,BROOKLYN,"(40.6948596, -73.9314718)",trafficstat,True,False,False,True,False,False,False,False,False,,,,,,,
2026-07-22,00:00,40.6948596,-73.9314718,MALCOLM X BLVD,11221,81,UNKNOWN,Street,0.3860944481694933,False,BROOKLYN,"(40.6948596, -73.9314718)",trafficstat,False,False,False,False,False,False,False,False,False,,,,,,,
2026-08-19,00:00,40.6943423,-73.9351746,PULASKI ST,11206,81,OTHER,Street,125.5783588347556,False,BROOKLYN,"(40.6943423, -73.9351746)",trafficstat,True,False,False,False,False,False,False,False,False,,,,,,,
2026-07-29,00:00,40.6943423,-73.9351746,PULASKI ST,11206,81,UNKNOWN,Street,125.5783588347556,False,BROOKLYN,"(40.6943423, -73.9351746)",trafficstat,False,False,False,False,False,False,False,False,False,,,,,,,
2026-08-18,00:00,40.6792761,-73.9290578,UTICA AVE,11233,81,UNKNOWN,Street,2.0999738963377887,False,BROOKLYN,"(40.6792761, -73.9290578)",trafficstat,False,False,False,False,False,False,False,False,False,,,,,,,
2026-07-10,00:00,40.6792761,-73.9290578,UTICA AVE,11233,81,UNKNOWN,Street,2.0999738963377887,False,BROOKLYN,"(40.6792761, -73.9290578)",trafficstat,True,False,False,False,False,False,True,False,False,,,,,,,
2026-06-13,00:00,40.6792761,-73.9290578,UTICA AVE,11233,81,UNKNOWN,Street,2.0999738963377887,False,BROOKLYN,"(40.6792761, -73.9290578)",trafficstat,True,False,True,False,False,False,False,False,False,,,,,,,
2026-08-17,00:00,40.6770467,-73.9237894,ATLANTIC AVE,11233,81,UNKNOWN,Street,2.751637284565811,False,BROOKLYN,"(40.6770467, -73.9237894)",trafficstat,False,False,False,False,False,False,False,False,False,,,,,,,
2026-08-16,00:00,40.6825779,-73.9351115,LEWIS AVE,11233,81,UNKNOWN,Street,38.5477367301413,False,BROOKLYN,"(40.6825779, -73.9351115)",trafficstat,False,False,False,False,False,False,False,False,False,,,,,,,
2026-08-15,00:00,40.6881145,-73.9210327,HOWARD AVE,11221,81,OTHER,Street,0.24289913334502716,False,BROOKLYN,"(40.6881145, -73.9210327)",trafficstat,True,False,True,False,False,False,False,False,False,,,,,,,
2026-08-13,00:00,40.6932412,-73.9286427,BROADWAY,11221,81,OTHER,Street,2.1664766771953117,False,BROOKLYN,"(40.6932412, -73.9286427)",trafficstat,True,False,False,False,False,True,False,False,False,,,,,,,
2026-06-14,00:00,40.6932412,-73.9286427,BROADWAY,11221,81,UNKNOWN,Street,2.1664766771953117,False,BROOKLYN,"(40.6932412, -73.9286427)",trafficstat,False,False,False,False,False,False,False,False,False,,,,,,,