crash_date,crash_time,latitude,longitude,on_street_name,zip_code,precinct,collision_type,roadway_type,geocode_dist_feet,time_is_known,borough,location,source,injury,fatality,injured_pedestrian,injured_cyclist,injured_ebike_rider,injured_motorcyclist,injured_moped_rider,injured_car_occupant,injured_suv_occupant,number_of_persons_injured,number_of_persons_killed,contributing_factor_vehicle_1,collision_id,cross_street_name,off_street_name,vehicle_type_code1
2026-08-12,00:00,40.679592,-73.934875,TROY AVE,11213,81,UNKNOWN,Street,1.7241430397387743,False,BROOKLYN,"(40.679592, -73.934875)",trafficstat,False,False,False,False,False,False,False,False,False,,,,,,,
2026-06-21,00:00,40.679592,-73.934875,TROY AVE,11213,81,UNKNOWN,Street,1.7241430397387743,False,BROOKLYN,"(40.679592, -73.934875)",trafficstat,True,False,False,False,False,False,False,False,True,,,,,,,
2026-08-12,00:00,40.6823071,-73.9259467,PATCHEN AVE,11233,81,UNKNOWN,Street,0.3844702673012338,False,BROOKLYN,"(40.6823071, -73.9259467)",trafficstat,False,False,False,False,False,False,False,False,False,,,,,,,
2026-08-12,00:00,40.6820298,-73.9348633,LEWIS AVE,11233,81,UNKNOWN,Street,0.34849911347867957,False,BROOKLYN,"(40.6820298, -73.9348633)",trafficstat,True,False,True,False,False,False,False,False,False,,,,,,,
2026-08-11,00:00,40.6839932,-73.9297792,HALSEY ST,11233,81,UNKNOWN,Street,46.79610978393102,False,BROOKLYN,"(40.6839932, -73.9297792)",trafficstat,False,False,False,False,False,False,False,False,False,,,,,,,
2026-08-11,00:00,40.6944151,-73.9345459,STUYVESANT AVE,11221,81,UNKNOWN,Street,58.0333868091832,False,BROOKLYN,"(40.6944151, -73.9345459)",trafficstat,False,False,False,False,False,False,False,False,False,,,,,,,
2026-08-10,00:00,40.69369,-73.931206,MALCOLM X BLVD,11221,81,OTHER,Street,0.9800534844064511,False,BROOKLYN,"(40.69369, -73.931206)",trafficstat,True,False,False,True,False,False,False,False,False,,,,,,,
2026-08-10,00:00,40.7002804,-73.9411496,MARCUS GARVEY BLVD,11206,81,UNKNOWN,Street,1.9189659704304296,False,BROOKLYN,"(40.7002804, -73.9411496)",trafficstat,True,False,False,False,False,False,False,False,False,,,,,,,
2026-06-19,00:00,40.7002804,-73.9411496,MARCUS GARVEY BLVD,11206,81,UNKNOWN,Street,1.9189659704304296,False,BROOKLYN,"(40.7002804, -73.9411496)",trafficstat,True,False,False,False,False,False,False,True,True,,,,,,,
2026-08-10,00:00,40.6858752,-73.9324618,STUYVESANT AVE,11221,81,UNKNOWN,Street,48.09801214750753,False,BROOKLYN,"(40.6858752, -73.9324618)",trafficstat,False,False,False,False,False,False,False,False,False,,,,,,,
2026-08-10,00:00,40.6844498,-73.9203051,HOWARD AVE,11233,81,UNKNOWN,Street,0.5573792165981388,False,BROOKLYN,"(40.6844498, -73.9203051)",trafficstat,True,False,False,True,False,False,False,False,False,,,,,,,
2026-07-09,00:00,40.6844498,-73.9203051,HOWARD AVE,11233,81,OTHER,Street,0.5573792165981388,False,BROOKLYN,"(40.6844498, -73.9203051)",trafficstat,False,False,False,False,False,False,False,False,False,,,,,,,
2026-08-09,00:00,40.6809026,-73.9316484,STUYVESANT AVE,11233,81,OTHER,Street,0.439761811490794,False,BROOKLYN,"(40.6809026, -73.9316484)",trafficstat,True,False,False,False,False,False,False,True,False,,,,,,,
2026-08-09,00:00,40.678348,-73.923767,HERKIMER ST,11233,81,UNKNOWN,Street,41.09688767781339,False,BROOKLYN,"(40.678348, -73.923767)",trafficstat,True,False,False,False,False,False,False,True,False,,,,,,,
2026-08-08,00:00,40.6867474,-73.9252039,PUTNAM AVE,11221,81,UNKNOWN,Street,53.22848182690151,False,BROOKLYN,"(40.6867474, -73.9252039)",trafficstat,False,False,False,False,False,False,False,False,False,,,,,,,
2026-08-08,00:00,40.6926037,-73.9275075,BROADWAY,11221,81,UNKNOWN,Street,2.2968691827844454,False,BROOKLYN,"(40.6926037, -73.9275075)",trafficstat,True,False,False,False,False,False,False,True,False,,,,,,,
2026-08-07,00:00,40.6854992,-73.9177006,SARATOGA AVE,11233,81,UNKNOWN,Street,0.02007264467292809,False,BROOKLYN,"(40.6854992, -73.9177006)",trafficstat,True,False,False,True,False,False,False,False,False,,,,,,,
2026-06-14,00:00,40.6854992,-73.9177006,SARATOGA AVE,11233,81,UNKNOWN,Street,0.02007264467292809,False,BROOKLYN,"(40.6854992, -73.9177006)",trafficstat,True,False,False,False,False,False,False,True,False,,,,,,,
2026-08-07,00:00,40.6804251,-73.9303659,CHAUNCEY ST,11233,81,UNKNOWN,Street,43.951910281600185,False,BROOKLYN,"(40.6804251, -73.9303659)",trafficstat,False,False,False,False,False,False,False,False,False,,,,,,,
2026-08-06,00:00,40.6926823,-73.9399699,MARCUS GARVEY BLVD,11221,81,UNKNOWN,Street,0.20947165456603392,False,BROOKLYN,"(40.6926823, -73.9399699)",trafficstat,True,False,False,True,False,False,False,False,False,,,,,,,
2026-08-06,00:00,40.6967184,-73.9363229,MYRTLE AVE,11206,81,UNKNOWN,Street,53.74974492232112,False,BROOKLYN,"(40.6967184, -73.9363229)",trafficstat,True,False,False,True,False,False,False,False,False,,,,,,,
2026-08-05,00:00,40.6900893,-73.9364673,LEWIS AVE,11221,81,UNKNOWN,Street,0.17663669644561805,False,BROOKLYN,"(40.6900893, -73.9364673)",trafficstat,False,False,False,False,False,False,False,False,False,,,,,,,
2026-07-26,00:00,40.6900893,-73.9364673,LEWIS AVE,11221,81,UNKNOWN,Street,0.17663669644561805,False,BROOKLYN,"(40.6900893, -73.9364673)",trafficstat,True,False,False,False,False,False,False,True,False,,,,,,,
2026-08-04,00:00,40.687813,-73.92369,RALPH AVE,11221,81,UNKNOWN,Street,0.02119312909292841,False,BROOKLYN,"(40.687813, -73.92369)",trafficstat,False,False,False,False,False,False,False,False,False,,,,,,,
2026-08-03,00:00,40.6949248,-73.9349483,HART ST,11206,81,UNKNOWN,Street,56.2474965137756,False,BROOKLYN,"(40.6949248, -73.9349483)",trafficstat,False,False,False,False,False,False,False,False,False,,,,,,,
2026-08-01,00:00,40.693356,-73.93413,STUYVESANT AVE,11221,81,OTHER,Street,0.7115081016387989,False,BROOKLYN,"(40.693356, -73.93413)",trafficstat,True,False,False,True,False,False,False,False,False,,,,,,,
2026-08-01,00:00,40.6919494,-73.9398227,MARCUS GARVEY BLVD,11221,81,OTHER,Street,0.016160925493950606,False,BROOKLYN,"(40.6919494, -73.9398227)",trafficstat,True,False,False,False,False,False,False,True,False,,,,,,,
2026-07-31,00:00,40.695217,-73.937485,LEWIS AVE,11206,81,UNKNOWN,Street,0.5009227006279217,False,BROOKLYN,"(40.695217, -73.937485)",trafficstat,False,False,False,False,False,False,False,False,False,,,,,,,
2026-07-31,00:00,40.687076,-73.9235436,RALPH AVE,11221,81,OTHER,Street,0.4343077285959303,False,BROOKLYN,"(40.687076, -73.9235436)",trafficstat,False,False,False,False,False,False,False,False,False,,,,,,,
2026-07-31,00:00,40.6899245,-73.9228083,BROADWAY,11221,81,UNKNOWN,Street,2.207153783974568,False,BROOKLYN,"(40.6899245, -73.9228083)",trafficstat,True,False,False,False,False,False,False,False,False,,,,,,,
2026-07-31,00:00,40.6769383,-73.9218247,RALPH AVE,11233,81,UNKNOWN,Street,0.27411753079293144,False,BROOKLYN,"(40.6769383, -73.9218247)",trafficstat,True,False,False,False,False,False,False,True,False,,,,,,,
2026-06-22,00:00,40.6769383,-73.9218247,RALPH AVE,11233,81,UNKNOWN,Street,0.27411753079293144,False,BROOKLYN,"(40.6769383, -73.9218247)",trafficstat,True,False,False,False,False,False,False,True,False,,,,,,,
2026-07-30,00:00,40.68603,-73.93267,STUYVESANT AVE,11221,81,UNKNOWN,Street,0.4921893156833717,False,BROOKLYN,"(40.68603, -73.93267)",trafficstat,False,False,False,False,False,False,False,False,False,,,,,,,
2026-07-29,00:00,40.6860332,-73.9326708,STUYVESANT AVE,11221,81,UNKNOWN,Street,0.5359564081994924,False,BROOKLYN,"(40.6860332, -73.9326708)",trafficstat,True,False,True,False,False,False,False,False,False,,,,,,,
2026-07-29,00:00,40.6842716,-73.9361005,HANCOCK ST,11233,81,OTHER,Street,45.32416745831966,False,BROOKLYN,"(40.6842716, -73.9361005)",trafficstat,True,False,True,False,False,False,False,False,False,,,,,,,
2026-07-28,00:00,40.6967362,-73.9347985,STUYVESANT AVE,11221,81,OTHER,Street,0.54662163396962,False,BROOKLYN,"(40.6967362, -73.9347985)",trafficstat,False,False,False,False,False,False,False,False,False,,,,,,,
2026-07-26,00:00,40.688847,-73.92118,HOWARD AVE,11221,81,UNKNOWN,Street,0.10253651960220538,False,BROOKLYN,"(40.688847, -73.92118)",trafficstat,False,False,False,False,False,False,False,False,False,,,,,,,
2026-07-26,00:00,40.6788705,-73.9216458,RALPH AVE,11233,81,UNKNOWN,Street,1.0120785271357489,False,BROOKLYN,"(40.6788705, -73.9216458)",trafficstat,False,False,False,False,False,False,False,False,False,,,,,,,
2026-07-16,00:00,40.6788705,-73.9216458,RALPH AVE,11233,81,UNKNOWN,Street,1.0120785271357489,False,BROOKLYN,"(40.6788705, -73.9216458)",trafficstat,False,False,False,False,False,False,False,False,False,,,,,,,
2026-07-06,00:00,40.6788705,-73.9216458,RALPH AVE,11233,81,UNKNOWN,Street,1.0120785271357489,False,BROOKLYN,"(40.6788705, -73.9216458)",trafficstat,True,False,False,False,False,False,False,False,True,,,,,,,
2026-07-25,00:00,40.6847272,-73.929279,MALCOLM X BLVD,11233,81,UNKNOWN,Street,38.09748737339561,False,BROOKLYN,"(40.6847272, -73.929279)",trafficstat,False,False,False,False,False,False,False,False,False,,,,,,,
2026-07-25,00:00,40.6875573,-73.9389505,MARCUS GARVEY BLVD,11221,81,UNKNOWN,Street,0.014646355714997068,False,BROOKLYN,"(40.6875573, -73.9389505)",trafficstat,False,False,False,False,False,False,False,False,False,,,,,,,
2026-07-25,00:00,40.6938456,-73.9307836,DEKALB AVE,11221,81,UNKNOWN,Street,35.08478885192468,False,BROOKLYN,"(40.6938456, -73.9307836)",trafficstat,False,False,False,False,False,False,False,False,False,,,,,,,
2026-07-24,00:00,40.6894886,-73.9361062,LEXINGTON AVE,11221,81,UNKNOWN,Street,36.50883175723134,False,BROOKLYN,"(40.6894886, -73.9361062)",trafficstat,False,False,False,False,False,False,False,False,False,,,,,,,
2026-07-24,00:00,40.6801403,-73.9219585,RALPH AVE,11233,81,UNKNOWN,Street,69.14046475963228,False,BROOKLYN,"(40.6801403, -73.9219585)",trafficstat,False,False,False,False,False,False,False,False,False,,,,,,,
2026-07-24,00:00,40.6838316,-73.9322295,STUYVESANT AVE,11233,81,UNKNOWN,Street,0.014348906748935644,False,BROOKLYN,"(40.6838316, -73.9322295)",trafficstat,False,False,False,False,False,False,False,False,False,,,,,,,
2026-06-28,00:00,40.6838316,-73.9322295,STUYVESANT AVE,11233,81,UNKNOWN,Street,0.014348906748935644,False,BROOKLYN,"(40.6838316, -73.9322295)",trafficstat,True,False,False,True,False,False,False,False,False,,,,,,,
2026-07-24,00:00,40.6788427,-73.9233511,FULTON ST,11233,81,UNKNOWN,Street,47.04494197004768,False,BROOKLYN,"(40.6788427, -73.9233511)",trafficstat,True,False,True,False,False,False,False,False,False,,,,,,,
2026-07-22,00:00,40.6896924,-73.9333919,STUYVESANT AVE,11221,81,OTHER,Street,0.027472448400461105,False,BROOKLYN,"(40.6896924, -73.9333919)",trafficstat,True,False,False,False,False,False,False,False,True,,,,,,,
2026-07-21,00:00,40.6812357,-73.9287277,MALCOLM X BLVD,11233,81,UNKNOWN,Street,0.4918750187858395,False,BROOKLYN,"(40.6812357, -73.9287277)",trafficstat,False,False,False,False,False,False,False,False,False,,,,,,,
2026-07-20,00:00,40.6856128,-73.9232532,RALPH AVE,11233,81,UNKNOWN,Street,0.4060585158226982,False,BROOKLYN,"(40.6856128, -73.9232532)",trafficstat,True,False,True,False,False,False,False,False,False,,,,,,,
2026-07-20,00:00,40.6960167,-73.937568,VERNON AVE,11206,81,UNKNOWN,Street,18.106916694694263,False,BROOKLYN,"(40.6960167, -73.937568)",trafficstat,False,False,False,False,False,False,False,False,False,,,,,,,
2026-07-19,00:00,40.6981885,-73.9376897,BROADWAY,11206,81,OTHER,Street,51.201982398360975,False,BROOKLYN,"(40.6981885, -73.9376897)",trafficstat,False,False,False,False,False,False,False,False,False,,,,,,,
2026-07-19,00:00,40.6786266,-73.9281565,HERKIMER ST,11233,81,UNKNOWN,Street,58.89743976504168,False,BROOKLYN,"(40.6786266, -73.9281565)",trafficstat,True,False,True,False,False,False,False,False,False,,,,,,,
2026-07-18,00:00,40.6849119,-73.9382785,MARCUS GARVEY BLVD,11221,81,UNKNOWN,Street,40.70779065006903,False,BROOKLYN,"(40.6849119, -73.9382785)",trafficstat,False,False,False,False,False,False,False,False,False,,,,,,,
2026-07-18,00:00,40.685429,-73.9264344,PATCHEN AVE,11221,81,UNKNOWN,Street,36.35000417073065,False,BROOKLYN,"(40.685429, -73.9264344)",trafficstat,False,False,False,False,False,False,False,False,False,,,,,,,
2026-07-17,00:00,40.6842777,-73.9353855,HANCOCK ST,11233,81,UNKNOWN,Street,17.905712437912573,False,BROOKLYN,"(40.6842777, -73.9353855)",trafficstat,False,False,False,False,False,False,False,False,False,,,,,,,
2026-07-17,00:00,40.6842286,-73.9353011,LEWIS AVE,11233,81,UNKNOWN,Street,0.5430378452844256,False,BROOKLYN,"(40.6842286, -73.9353011)",trafficstat,False,False,False,False,False,False,False,False,False,,,,,,,
2026-07-16,00:00,40.6850565,-73.9263307,PATCHEN AVE,11233,81,UNKNOWN,Street,44.50091241797439,False,BROOKLYN,"(40.6850565, -73.9263307)",trafficstat,False,False,False,False,False,False,False,False,False,,,,,,,
2026-07-16,00:00,40.6772495,-73.9275386,ROCHESTER AVE,11233,81,UNKNOWN,Street,0.9411682859333884,False,BROOKLYN,"(40.6772495, -73.9275386)",trafficstat,True,False,False,False,False,False,False,False,True,,,,,,,
2026-06-20,00:00,40.6772495,-73.9275386,ROCHESTER AVE,11233,81,UNKNOWN,Street,0.9411682859333884,False,BROOKLYN,"(40.6772495, -73.9275386)",trafficstat,False,False,False,False,False,False,False,False,False,,,,,,,
2026-07-15,00:00,40.6797479,-73.9286499,MALCOLM X BLVD,11233,81,UNKNOWN,Street,2.2579563350769107,False,BROOKLYN,"(40.6797479, -73.9286499)",trafficstat,True,False,False,False,False,False,False,True,False,,,,,,,
2026-07-15,00:00,40.6863663,-73.9297498,MALCOLM X BLVD,11221,81,UNKNOWN,Street,0.07410819645361459,False,BROOKLYN,"(40.6863663, -73.9297498)",trafficstat,True,False,False,False,False,False,False,False,False,,,,,,,
2026-07-14,00:00,40.6936929,-73.9312026,MALCOLM X BLVD,11221,81,UNKNOWN,Street,0.11456359030765421,False,BROOKLYN,"(40.6936929, -73.9312026)",trafficstat,True,False,False,True,False,False,False,False,False,,,,,,,
2026-07-10,00:00,40.6936929,-73.9312026,MALCOLM X BLVD,11221,81,UNKNOWN,Street,0.11456359030765421,False,BROOKLYN,"(40.6936929, -73.9312026)",trafficstat,False,False,False,False,False,False,False,False,False,,,,,,,
2026-07-13,00:00,40.6793783,-73.9342946,FULTON ST,11213,81,UNKNOWN,Street,69.13697123532253,False,BROOKLYN,"(40.6793783, -73.9342946)",trafficstat,True,False,False,False,False,False,False,True,True,,,,,,,
2026-07-12,00:00,40.6793434,-73.9336512,FULTON ST,11213,81,UNKNOWN,Street,69.17865130286546,False,BROOKLYN,"(40.6793434, -73.9336512)",trafficstat,False,False,False,False,False,False,False,False,False,,,,,,,
2026-07-12,00:00,40.6823685,-73.9319389,STUYVESANT AVE,11233,81,OTHER,Street,0.053249210478177024,False,BROOKLYN,"(40.6823685, -73.9319389)",trafficstat,True,False,False,True,False,False,False,False,False,,,,,,,
2026-07-12,00:00,40.6898279,-73.9306053,MALCOLM X BLVD,11221,81,OTHER,Street,48.237862940654196,False,BROOKLYN,"(40.6898279, -73.9306053)",trafficstat,False,False,False,False,False,False,False,False,False,,,,,,,
2026-07-12,00:00,40.6982209,-73.9377491,LEWIS AVE,11206,81,UNKNOWN,Street,47.90497938734446,False,BROOKLYN,"(40.6982209, -73.9377491)",trafficstat,True,False,False,True,False,False,False,False,False,,,,,,,
2026-07-11,00:00,40.6812969,-73.9347126,LEWIS AVE,11233,81,UNKNOWN,Street,0.3783822342380154,False,BROOKLYN,"(40.6812969, -73.9347126)",trafficstat,False,False,False,False,False,False,False,False,False,,,,,,,
2026-07-10,00:00,40.6766937,-73.9173942,LOUIS PL,11233,81,UNKNOWN,Street,0.9216918767412289,False,BROOKLYN,"(40.6766937, -73.9173942)",trafficstat,True,False,False,False,True,False,False,False,False,,,,,,,
2026-07-09,00:00,40.6871,-73.929886,MALCOLM X BLVD,11221,81,OTHER,Street,0.4089117781200345,False,BROOKLYN,"(40.6871, -73.929886)",trafficstat,False,False,False,False,False,False,False,False,False,,,,,,,
2026-07-09,00:00,40.6952171,-73.937483,LEWIS AVE,11206,81,UNKNOWN,Street,0.053072619518713185,False,BROOKLYN,"(40.6952171, -73.937483)",trafficstat,False,False,False,False,False,False,False,False,False,,,,,,,
2026-07-08,00:00,40.679607,-73.9374017,FULTON ST,11213,81,UNKNOWN,Street,47.710879274462556,False,BROOKLYN,"(40.679607, -73.9374017)",trafficstat,True,False,True,False,False,False,False,True,False,,,,,,,
2026-07-06,00:00,40.6862863,-73.9268792,PATCHEN AVE,11221,81,OTHER,Street,38.883580850469606,False,BROOKLYN,"(40.6862863, -73.9268792)",trafficstat,False,False,False,False,False,False,False,False,False,,,,,,,
2026-07-05,00:00,40.690924,-73.924829,BROADWAY,11221,81,UNKNOWN,Street,46.89397198322692,False,BROOKLYN,"(40.690924, -73.924829)",trafficstat,False,False,False,False,False,False,False,False,False,,,,,,,
2026-07-04,00:00,40.6871603,-73.9358788,LEWIS AVE,11221,81,UNKNOWN,Street,0.21918493585999707,False,BROOKLYN,"(40.6871603, -73.9358788)",trafficstat,False,False,False,False,False,False,False,False,False,,,,,,,
2026-07-04,00:00,40.6914909,-73.9255615,GREENE AVE,11221,81,UNKNOWN,Street,1.490252986508763,False,BROOKLYN,"(40.6914909, -73.9255615)",trafficstat,False,False,False,False,False,False,False,False,False,,,,,,,
2026-07-04,00:00,40.6790317,-73.9245911,BUFFALO AVE,11233,81,UNKNOWN,Street,1.0748073934187348,False,BROOKLYN,"(40.6790317, -73.9245911)",trafficstat,True,False,False,False,False,False,False,False,True,,,,,,,
2026-07-01,00:00,40.6864902,-73.9295783,PUTNAM AVE,11221,81,UNKNOWN,Street,34.60813318441924,False,BROOKLYN,"(40.6864902, -73.9295783)",trafficstat,False,False,False,False,False,False,False,False,False,,,,,,,
2026-07-01,00:00,40.6855896,-73.9376797,PUTNAM AVE,11221,81,UNKNOWN,Street,46.52278638063318,False,BROOKLYN,"(40.6855896, -73.9376797)",trafficstat,False,False,False,False,False,False,False,False,False,,,,,,,
2026-07-01,00:00,40.6873816,-73.9208857,HOWARD AVE,11221,81,UNKNOWN,Street,0.05772063049559057,False,BROOKLYN,"(40.6873816, -73.9208857)",trafficstat,True,False,True,False,False,False,False,False,False,,,,,,,
2026-07-01,00:00,40.6948202,-73.9344145,STUYVESANT AVE,11221,81,UNKNOWN,Street,0.32488203482802164,False,BROOKLYN,"(40.6948202, -73.9344145)",trafficstat,False,False,False,False,False,False,False,False,False,,,,,,,
2026-06-29,00:00,40.6918299,-73.9278401,PATCHEN AVE,11221,81,UNKNOWN,Street,0.3451706252049389,False,BROOKLYN,"(40.6918299, -73.9278401)",trafficstat,True,False,True,False,False,False,False,False,False,,,,,,,
2026-06-29,00:00,40.6789053,-73.9163928,SARATOGA AVE,11233,81,UNKNOWN,Street,0.26653618872035634,False,BROOKLYN,"(40.6789053, -73.9163928)",trafficstat,True,False,True,False,False,False,False,False,False,,,,,,,
2026-06-28,00:00,40.6827015,-73.9290073,MALCOLM X BLVD,11233,81,OTHER,Street,0.2602563832748374,False,BROOKLYN,"(40.6827015, -73.9290073)",trafficstat,True,False,False,False,True,False,False,False,False,,,,,,,
2026-06-28,00:00,40.6841674,-73.9293086,MALCOLM X BLVD,11233,81,OTHER,Street,0.029267778897874,False,BROOKLYN,"(40.6841674, -73.9293086)",trafficstat,True,False,True,False,False,False,False,False,False,,,,,,,
2026-06-28,00:00,40.6907737,-73.924293,RALPH AVE,11221,81,UNKNOWN,Street,0.3544779148635065,False,BROOKLYN,"(40.6907737, -73.924293)",trafficstat,True,False,False,True,False,False,False,False,False,,,,,,,
2026-06-27,00:00,40.691555,-73.93676,LEWIS AVE,11221,81,OTHER,Street,0.7254511169307513,False,BROOKLYN,"(40.691555, -73.93676)",trafficstat,True,False,False,False,False,False,False,False,False,,,,,,,
2026-06-27,00:00,40.6955233,-73.9335609,WILLOUGHBY AVE,11221,81,UNKNOWN,Street,56.893325218752885,False,BROOKLYN,"(40.6955233, -73.9335609)",trafficstat,False,False,False,False,False,False,False,False,False,,,,,,,
2026-06-26,00:00,40.6873804,-73.9264123,MADISON ST,11221,81,UNKNOWN,Street,46.440926341257075,False,BROOKLYN,"(40.6873804, -73.9264123)",trafficstat,False,False,False,False,False,False,False,False,False,,,,,,,
2026-06-25,00:00,40.6886262,-73.936173,LEWIS AVE,11221,81,UNKNOWN,Street,0.4811873335976946,False,BROOKLYN,"(40.6886262, -73.936173)",trafficstat,False,False,False,False,False,False,False,False,False,,,,,,,
2026-06-24,00:00,40.6793246,-73.9192873,HOWARD AVE,11233,81,OTHER,Street,0.4278526770512928,False,BROOKLYN,"(40.6793246, -73.9192873)",trafficstat,True,False,False,False,False,False,False,True,False,,,,,,,
2026-06-24,00:00,40.6962275,-73.9342626,VERNON AVE,11221,81,UNKNOWN,Street,44.433304112522094,False,BROOKLYN,"(40.6962275, -73.9342626)",trafficstat,True,False,False,True,False,False,False,False,False,,,,,,,
2026-06-21,00:00,40.6769148,-73.9180764,ATLANTIC AVE,11233,81,UNKNOWN,Street,31.55332056347638,False,BROOKLYN,"(40.6769148, -73.9180764)",trafficstat,False,False,False,False,False,False,False,False,False,,,,,,,
2026-06-20,00:00,40.6796619,-73.9179065,MAC DOUGAL ST,11233,81,UNKNOWN,Street,62.0763911910546,False,BROOKLYN,"(40.6796619, -73.9179065)",trafficstat,False,False,False,False,False,False,False,False,False,,,,,,,
2026-06-19,00:00,40.6795647,-73.9343502,FULTON ST,11213,81,UNKNOWN,Street,2.489022573873141,False,BROOKLYN,"(40.6795647, -73.9343502)",trafficstat,True,False,False,False,False,False,False,False,True,,,,,,,
2026-06-19,00:00,40.688232,-73.9331012,STUYVESANT AVE,11221,81,UNKNOWN,Street,0.09975543724916455,False,BROOKLYN,"(40.688232, -73.9331012)",trafficstat,True,False,False,False,False,False,False,True,False,,,,,,,
2026-06-16,00:00,40.6910997,-73.927693,PATCHEN AVE,11221,81,UNKNOWN,Street,0.06954370055641002,False,BROOKLYN,"(40.6910997, -73.927693)",trafficstat,True,False,False,False,False,False,False,False,True,,,,,,,
2026-06-16,00:00,40.6801669,-73.9315013,STUYVESANT AVE,11233,81,UNKNOWN,Street,0.26227698019730705,False,BROOKLYN,"(40.6801669, -73.9315013)",trafficstat,False,False,False,False,False,False,False,False,False,,,,,,,
2026-06-16,00:00,40.679073,-73.92526,FULTON ST,11233,81,UNKNOWN,Street,2.920214074706077,False,BROOKLYN,"(40.679073, -73.92526)",trafficstat,False,False,False,False,False,False,False,False,False,,,,,,,
2026-06-16,00:00,40.6892748,-73.9239737,RALPH AVE,11221,81,UNKNOWN,Street,0.4079868738452894,False,BROOKLYN,"(40.6892748, -73.9239737)",trafficstat,False,False,False,False,False,False,False,False,False,,,,,,,
2026-06-15,00:00,40.679412,-73.9313471,FULTON ST,11233,81,OTHER,Street,3.0391958023087544,False,BROOKLYN,"(40.679412, -73.9313471)",trafficstat,False,False,False,False,False,False,False,False,False,,,,,,,
2026-06-14,00:00,40.6790691,-73.9262391,FULTON ST,11233,81,UNKNOWN,Street,23.849565312164078,False,BROOKLYN,"(40.6790691, -73.9262391)",trafficstat,True,False,True,False,False,False,False,False,False,,,,,,,
2026-06-14,00:00,40.69037,-73.92754,PATCHEN AVE,11221,81,OTHER,Street,1.8764187631583737,False,BROOKLYN,"(40.69037, -73.92754)",trafficstat,True,False,True,False,False,False,False,False,False,,,,,,,
2026-06-14,00:00,40.6878321,-73.9300331,MALCOLM X BLVD,11221,81,UNKNOWN,Street,0.3157483795828396,False,BROOKLYN,"(40.6878321, -73.9300331)",trafficstat,True,False,False,False,False,False,False,True,False,,,,,,,
2026-06-12,00:00,40.6783925,-73.9244942,HERKIMER ST,11233,81,OTHER,Street,42.7094820176714,False,BROOKLYN,"(40.6783925, -73.9244942)",trafficstat,False,False,False,False,False,False,False,False,False,,,,,,,
2026-09-13,00:00,40.6981028,-73.925161,CENTRAL AVE,11221,83,UNKNOWN,Street,1.677852831570744,False,BROOKLYN,"(40.6981028, -73.925161)",trafficstat,False,False,False,False,False,False,False,False,False,,,,,,,
2026-09-13,00:00,40.6991993,-73.9230825,STOCKHOLM ST,11221,83,UNKNOWN,Street,2.1985673691833605,False,BROOKLYN,"(40.6991993, -73.9230825)",trafficstat,True,False,True,False,False,False,False,False,False,,,,,,,
2026-09-13,00:00,40.7073204,-73.9231344,JEFFERSON ST,11237,83,UNKNOWN,Street,36.93865694387902,False,BROOKLYN,"(40.7073204, -73.9231344)",trafficstat,False,False,False,False,False,False,False,False,False,,,,,,,
2026-09-12,00:00,40.6976795,-73.9163656,KNICKERBOCKER AVE,11221,83,UNKNOWN,Street,2.3311940941619316,False,BROOKLYN,"(40.6976795, -73.9163656)",trafficstat,False,False,False,False,False,False,False,False,False,,,,,,,
2026-08-09,00:00,40.6976795,-73.9163656,KNICKERBOCKER AVE,11221,83,UNKNOWN,Street,2.3311940941619316,False,BROOKLYN,"(40.6976795, -73.9163656)",trafficstat,True,False,False,True,False,False,False,False,False,,,,,,,
2026-09-12,00:00,40.6986209,-73.9201295,HARMAN ST,11237,83,UNKNOWN,Street,2.6862973344700345,False,BROOKLYN,"(40.6986209, -73.9201295)",trafficstat,False,False,False,False,False,False,False,False,False,,,,,,,
2026-08-09,00:00,40.6986209,-73.9201295,HARMAN ST,11237,83,UNKNOWN,Street,2.6862973344700345,False,BROOKLYN,"(40.6986209, -73.9201295)",trafficstat,True,False,False,True,False,False,False,False,False,,,,,,,
2026-09-11,00:00,40.699158,-73.9270496,SUYDAM ST,11221,83,OTHER,Street,2.7235580100036034,False,BROOKLYN,"(40.699158, -73.9270496)",trafficstat,False,False,False,False,False,False,False,False,False,,,,,,,
2026-07-21,00:00,40.699158,-73.9270496,SUYDAM ST,11221,83,UNKNOWN,Street,2.7235580100036034,False,BROOKLYN,"(40.699158, -73.9270496)",trafficstat,True,False,False,True,False,False,False,False,False,,,,,,,
2026-09-11,00:00,40.7052931,-73.9256416,IRVING AVE,11237,83,UNKNOWN,Street,41.11076222008827,False,BROOKLYN,"(40.7052931, -73.9256416)",trafficstat,True,False,True,False,False,False,False,False,False,,,,,,,
2026-09-11,00:00,40.698661,-73.9218938,WILSON AVE,11237,83,UNKNOWN,Street,36.30981627566561,False,BROOKLYN,"(40.698661, -73.9218938)",trafficstat,False,False,False,False,False,False,False,False,False,,,,,,,
2026-09-10,00:00,40.6991041,-73.9360191,BEAVER ST,11206,83,UNKNOWN,Street,70.12695744196171,False,BROOKLYN,"(40.6991041, -73.9360191)",trafficstat,True,False,True,False,False,False,False,False,False,,,,,,,
2026-09-09,00:00,40.699875,-73.94042,BROADWAY,11206,83,UNKNOWN,Street,1.8430919722574122,False,BROOKLYN,"(40.699875, -73.94042)",trafficstat,False,False,False,False,False,False,False,False,False,,,,,,,
2026-09-09,00:00,40.6979187,-73.9208228,WILSON AVE,11237,83,UNKNOWN,Street,1.6919987757602302,False,BROOKLYN,"(40.6979187, -73.9208228)",trafficstat,True,False,False,False,False,False,False,False,True,,,,,,,