crash_date,crash_time,latitude,longitude,on_street_name,zip_code,precinct,collision_type,roadway_type,geocode_dist_feet,time_is_known,borough,location,source,injury,fatality,injured_pedestrian,injured_cyclist,injured_ebike_rider,injured_motorcyclist,injured_moped_rider,injured_car_occupant,injured_suv_occupant,number_of_persons_injured,number_of_persons_killed,contributing_factor_vehicle_1,collision_id,cross_street_name,off_street_name,vehicle_type_code1
2026-09-09,00:00,40.6874678,-73.9113454,COVERT ST,11207,83,OTHER,Street,37.434233593692056,False,BROOKLYN,"(40.6874678, -73.9113454)",trafficstat,False,False,False,False,False,False,False,False,False,,,,,,,
2026-09-09,00:00,40.693726,-73.92571,BUSHWICK AVE,11221,83,UNKNOWN,Street,1.1593288565111555,False,BROOKLYN,"(40.693726, -73.92571)",trafficstat,True,False,False,True,False,False,False,False,False,,,,,,,
2026-09-09,00:00,40.6900112,-73.9186665,BUSHWICK AVE,11221,83,OTHER,Street,59.95423188457979,False,BROOKLYN,"(40.6900112, -73.9186665)",trafficstat,True,False,True,False,False,False,False,False,False,,,,,,,
2026-09-08,00:00,40.691505,-73.90955,WILSON AVE,11207,83,OTHER,Street,1.5016755434879991,False,BROOKLYN,"(40.691505, -73.90955)",trafficstat,True,False,False,False,True,False,False,False,False,,,,,,,
2026-09-07,00:00,40.691505,-73.90955,WILSON AVE,11207,83,OTHER,Street,1.5016755434879991,False,BROOKLYN,"(40.691505, -73.90955)",trafficstat,False,False,False,False,False,False,False,False,False,,,,,,,
2026-09-08,00:00,40.6853678,-73.910886,BUSHWICK AVE,11207,83,UNKNOWN,Street,2.4085245474519805,False,BROOKLYN,"(40.6853678, -73.910886)",trafficstat,True,False,False,False,False,False,False,False,True,,,,,,,
2026-08-03,00:00,40.6853678,-73.910886,BUSHWICK AVE,11207,83,UNKNOWN,Street,2.4085245474519805,False,BROOKLYN,"(40.6853678, -73.910886)",trafficstat,True,False,False,False,False,False,False,True,False,,,,,,,
2026-09-08,00:00,40.6971856,-73.9288332,EVERGREEN AVE,11221,83,OTHER,Street,1.6133969580964274,False,BROOKLYN,"(40.6971856, -73.9288332)",trafficstat,False,False,False,False,False,False,False,False,False,,,,,,,
2026-08-12,00:00,40.6971856,-73.9288332,EVERGREEN AVE,11221,83,UNKNOWN,Street,1.6133969580964274,False,BROOKLYN,"(40.6971856, -73.9288332)",trafficstat,False,False,False,False,False,False,False,False,False,,,,,,,
2026-06-24,00:00,40.6971856,-73.9288332,EVERGREEN AVE,11221,83,OTHER,Street,1.6133969580964274,False,BROOKLYN,"(40.6971856, -73.9288332)",trafficstat,True,False,False,False,False,True,False,True,False,,,,,,,
2026-09-08,00:00,40.6919301,-73.9103003,WEIRFIELD ST,11221,83,OTHER,Street,1.6709432339998507,False,BROOKLYN,"(40.6919301, -73.9103003)",trafficstat,True,False,False,False,False,False,False,True,False,,,,,,,
2026-09-08,00:00,40.6970613,-73.91932,WILSON AVE,11237,83,UNKNOWN,Street,1.8085781643432195,False,BROOKLYN,"(40.6970613, -73.91932)",trafficstat,False,False,False,False,False,False,False,False,False,,,,,,,
2026-07-07,00:00,40.6970613,-73.91932,WILSON AVE,11237,83,UNKNOWN,Street,1.8085781643432195,False,BROOKLYN,"(40.6970613, -73.91932)",trafficstat,True,False,True,False,False,False,False,False,False,,,,,,,
2026-09-08,00:00,40.7007255,-73.9419318,BROADWAY,11206,83,UNKNOWN,Street,2.283244276338385,False,BROOKLYN,"(40.7007255, -73.9419318)",trafficstat,True,False,False,True,False,False,False,False,False,,,,,,,
2026-09-08,00:00,40.703407,-73.91778,STANHOPE ST,11237,83,OTHER,Street,1.0180397061152626,False,BROOKLYN,"(40.703407, -73.91778)",trafficstat,False,False,False,False,False,False,False,False,False,,,,,,,
2026-09-06,00:00,40.7013954,-73.9257635,WILLOUGHBY AVE,11237,83,UNKNOWN,Street,32.47042321636025,False,BROOKLYN,"(40.7013954, -73.9257635)",trafficstat,False,False,False,False,False,False,False,False,False,,,,,,,
2026-09-06,00:00,40.7023118,-73.9322192,CENTRAL AVE,11206,83,UNKNOWN,Street,58.78143386690795,False,BROOKLYN,"(40.7023118, -73.9322192)",trafficstat,False,False,False,False,False,False,False,False,False,,,,,,,
2026-08-20,00:00,40.7023118,-73.9322192,CENTRAL AVE,11206,83,OTHER,Street,58.78143386690795,False,BROOKLYN,"(40.7023118, -73.9322192)",trafficstat,False,False,False,False,False,False,False,False,False,,,,,,,
2026-08-03,00:00,40.7023118,-73.9322192,CENTRAL AVE,11206,83,UNKNOWN,Street,58.78143386690795,False,BROOKLYN,"(40.7023118, -73.9322192)",trafficstat,False,False,False,False,False,False,False,False,False,,,,,,,
2026-09-06,00:00,40.6957573,-73.91915,MENAHAN ST,11221,83,OTHER,Street,62.41229266170111,False,BROOKLYN,"(40.6957573, -73.91915)",trafficstat,True,False,True,False,False,False,False,False,False,,,,,,,
2026-09-06,00:00,40.69093,-73.920654,BUSHWICK AVE,11221,83,OTHER,Street,1.0082642992657411,False,BROOKLYN,"(40.69093, -73.920654)",trafficstat,False,False,False,False,False,False,False,False,False,,,,,,,
2026-07-20,00:00,40.69093,-73.920654,BUSHWICK AVE,11221,83,UNKNOWN,Street,1.0082642992657411,False,BROOKLYN,"(40.69093, -73.920654)",trafficstat,True,False,False,False,False,False,False,True,False,,,,,,,
2026-09-05,00:00,40.7013984,-73.9210583,STOCKHOLM ST,11237,83,UNKNOWN,Street,28.49097069471925,False,BROOKLYN,"(40.7013984, -73.9210583)",trafficstat,False,False,False,False,False,False,False,False,False,,,,,,,
2026-09-05,00:00,40.701958,-73.92389,SUYDAM ST,11237,83,UNKNOWN,Street,1.2560189955023404,False,BROOKLYN,"(40.701958, -73.92389)",trafficstat,False,False,False,False,False,False,False,False,False,,,,,,,
2026-09-04,00:00,40.7047483,-73.9140304,CYPRESS AVE,,83,OTHER,Street,2.292724946341727,False,BROOKLYN,"(40.7047483, -73.9140304)",trafficstat,True,False,False,False,True,False,False,False,False,,,,,,,
2026-09-04,00:00,40.6897917,-73.9065422,WILSON AVE,11207,83,OTHER,Street,1.68453371433409,False,BROOKLYN,"(40.6897917, -73.9065422)",trafficstat,False,False,False,False,False,False,False,False,False,,,,,,,
2026-09-04,00:00,40.6932785,-73.9042871,IRVING AVE,,83,OTHER,Street,1.9206267154278653,False,BROOKLYN,"(40.6932785, -73.9042871)",trafficstat,False,False,False,False,False,False,False,False,False,,,,,,,
2026-09-04,00:00,40.68789,-73.907234,CENTRAL AVE,11207,83,UNKNOWN,Street,1.4851446024139854,False,BROOKLYN,"(40.68789, -73.907234)",trafficstat,True,False,False,False,False,False,False,False,True,,,,,,,
2026-06-26,00:00,40.68789,-73.907234,CENTRAL AVE,11207,83,UNKNOWN,Street,1.4851446024139854,False,BROOKLYN,"(40.68789, -73.907234)",trafficstat,False,False,False,False,False,False,False,False,False,,,,,,,
2026-09-04,00:00,40.6973167,-73.9322699,BUSHWICK AVE,11221,83,UNKNOWN,Street,2.338387928628265,False,BROOKLYN,"(40.6973167, -73.9322699)",trafficstat,True,False,False,False,False,False,False,False,False,,,,,,,
2026-08-31,00:00,40.6973167,-73.9322699,BUSHWICK AVE,11221,83,UNKNOWN,Street,2.338387928628265,False,BROOKLYN,"(40.6973167, -73.9322699)",trafficstat,True,False,False,False,False,False,False,True,False,,,,,,,
2026-08-17,00:00,40.6973167,-73.9322699,BUSHWICK AVE,11221,83,UNKNOWN,Street,2.338387928628265,False,BROOKLYN,"(40.6973167, -73.9322699)",trafficstat,False,False,False,False,False,False,False,False,False,,,,,,,
2026-08-04,00:00,40.6973167,-73.9322699,BUSHWICK AVE,11221,83,OTHER,Street,2.338387928628265,False,BROOKLYN,"(40.6973167, -73.9322699)",trafficstat,True,False,False,True,False,False,False,False,False,,,,,,,
2026-09-04,00:00,40.693326,-73.9131028,WILSON AVE,11221,83,UNKNOWN,Street,58.10427822791418,False,BROOKLYN,"(40.693326, -73.9131028)",trafficstat,False,False,False,False,False,False,False,False,False,,,,,,,
2026-09-03,00:00,40.6922137,-73.9229174,BUSHWICK AVE,11221,83,OTHER,Street,1.7955523910313114,False,BROOKLYN,"(40.6922137, -73.9229174)",trafficstat,False,False,False,False,False,False,False,False,False,,,,,,,
2026-09-03,00:00,40.6952036,-73.9284314,DEKALB AVE,11221,83,UNKNOWN,Street,2.2846776077487356,False,BROOKLYN,"(40.6952036, -73.9284314)",trafficstat,False,False,False,False,False,False,False,False,False,,,,,,,
2026-08-04,00:00,40.6952036,-73.9284314,DEKALB AVE,11221,83,UNKNOWN,Street,2.2846776077487356,False,BROOKLYN,"(40.6952036, -73.9284314)",trafficstat,False,False,False,False,False,False,False,False,False,,,,,,,
2026-07-21,00:00,40.6952036,-73.9284314,DEKALB AVE,11221,83,OTHER,Street,2.2846776077487356,False,BROOKLYN,"(40.6952036, -73.9284314)",trafficstat,True,False,False,False,False,False,False,False,True,,,,,,,
2026-09-03,00:00,40.69666,-73.9310841,SUYDAM ST,11221,83,OTHER,Street,1.774161003088793,False,BROOKLYN,"(40.69666, -73.9310841)",trafficstat,True,False,True,False,False,False,False,False,False,,,,,,,
2026-09-03,00:00,40.6806648,-73.9026215,CONWAY ST,11207,83,UNKNOWN,Street,2.257290085077239,False,BROOKLYN,"(40.6806648, -73.9026215)",trafficstat,False,False,False,False,False,False,False,False,False,,,,,,,
2026-07-03,00:00,40.6806648,-73.9026215,CONWAY ST,11207,83,UNKNOWN,Street,2.257290085077239,False,BROOKLYN,"(40.6806648, -73.9026215)",trafficstat,False,False,False,False,False,False,False,False,False,,,,,,,
2026-06-19,00:00,40.6806648,-73.9026215,CONWAY ST,11207,83,UNKNOWN,Street,2.257290085077239,False,BROOKLYN,"(40.6806648, -73.9026215)",trafficstat,True,False,False,False,False,False,False,False,False,,,,,,,
2026-09-02,00:00,40.6927972,-73.9211534,EVERGREEN AVE,11221,83,UNKNOWN,Street,2.3314243875110674,False,BROOKLYN,"(40.6927972, -73.9211534)",trafficstat,False,False,False,False,False,False,False,False,False,,,,,,,
2026-09-02,00:00,40.6987733,-73.9223292,STANHOPE ST,11221,83,UNKNOWN,Street,1.5577793573016232,False,BROOKLYN,"(40.6987733, -73.9223292)",trafficstat,True,False,True,False,False,False,False,False,False,,,,,,,
2026-06-25,00:00,40.6987733,-73.9223292,STANHOPE ST,11221,83,UNKNOWN,Street,1.5577793573016232,False,BROOKLYN,"(40.6987733, -73.9223292)",trafficstat,True,False,True,False,False,False,False,False,False,,,,,,,
2026-09-01,00:00,40.7005483,-73.9170689,GREENE AVE,11237,83,UNKNOWN,Street,1.8100873187808748,False,BROOKLYN,"(40.7005483, -73.9170689)",trafficstat,True,False,False,False,False,True,False,False,False,,,,,,,
2026-08-18,00:00,40.7005483,-73.9170689,GREENE AVE,11237,83,OTHER,Street,1.8100873187808748,False,BROOKLYN,"(40.7005483, -73.9170689)",trafficstat,True,False,False,True,False,False,False,False,False,,,,,,,
2026-09-01,00:00,40.701403,-73.9185718,HIMROD ST,11237,83,UNKNOWN,Street,2.197801192324732,False,BROOKLYN,"(40.701403, -73.9185718)",trafficstat,False,False,False,False,False,False,False,False,False,,,,,,,
2026-06-20,00:00,40.701403,-73.9185718,HIMROD ST,11237,83,UNKNOWN,Street,2.197801192324732,False,BROOKLYN,"(40.701403, -73.9185718)",trafficstat,False,False,False,False,False,False,False,False,False,,,,,,,
2026-09-01,00:00,40.7026398,-73.9268838,TROUTMAN ST,11237,83,UNKNOWN,Street,32.66493898408549,False,BROOKLYN,"(40.7026398, -73.9268838)",trafficstat,False,False,False,False,False,False,False,False,False,,,,,,,
2026-09-01,00:00,40.6898365,-73.9146987,EVERGREEN AVE,11221,83,UNKNOWN,Street,1.7871277755582957,False,BROOKLYN,"(40.6898365, -73.9146987)",trafficstat,True,False,False,False,False,False,False,True,False,,,,,,,
2026-08-31,00:00,40.69104,-73.9028138,MOFFAT ST,11237,83,UNKNOWN,Street,40.37362020754993,False,BROOKLYN,"(40.69104, -73.9028138)",trafficstat,False,False,False,False,False,False,False,False,False,,,,,,,
2026-08-13,00:00,40.69104,-73.9028138,MOFFAT ST,11237,83,UNKNOWN,Street,40.37362020754993,False,BROOKLYN,"(40.69104, -73.9028138)",trafficstat,False,False,False,False,False,False,False,False,False,,,,,,,
2026-08-31,00:00,40.6819458,-73.9048767,DE SALES PL,11207,83,UNKNOWN,Street,2.047836524108835,False,BROOKLYN,"(40.6819458, -73.9048767)",trafficstat,False,False,False,False,False,False,False,False,False,,,,,,,
2026-08-31,00:00,40.6832834,-73.9076046,BUSHWICK AVE,11207,83,UNKNOWN,Street,66.03742607570348,False,BROOKLYN,"(40.6832834, -73.9076046)",trafficstat,False,False,False,False,False,False,False,False,False,,,,,,,
2026-08-31,00:00,40.6967,-73.9103,IRVING AVE,11237,83,UNKNOWN,Street,1.5803542739042966,False,BROOKLYN,"(40.6967, -73.9103)",trafficstat,True,False,False,False,True,False,False,False,False,,,,,,,
2026-08-30,00:00,40.6984546,-73.9217562,WILSON AVE,11237,83,UNKNOWN,Street,1.739029018511697,False,BROOKLYN,"(40.6984546, -73.9217562)",trafficstat,True,False,False,False,False,False,False,True,False,,,,,,,
2026-07-25,00:00,40.6984546,-73.9217562,WILSON AVE,11237,83,OTHER,Street,1.739029018511697,False,BROOKLYN,"(40.6984546, -73.9217562)",trafficstat,True,False,False,False,False,False,False,False,False,,,,,,,
2026-07-14,00:00,40.6984546,-73.9217562,WILSON AVE,11237,83,OTHER,Street,1.739029018511697,False,BROOKLYN,"(40.6984546, -73.9217562)",trafficstat,True,False,False,False,False,False,True,False,False,,,,,,,
2026-08-29,00:00,40.6989657,-73.9186324,KNICKERBOCKER AVE,11237,83,UNKNOWN,Street,2.1783304452994527,False,BROOKLYN,"(40.6989657, -73.9186324)",trafficstat,False,False,False,False,False,False,False,False,False,,,,,,,
2026-08-29,00:00,40.7023139,-73.9353376,STANWIX ST,11206,83,UNKNOWN,Street,1.005515656579876,False,BROOKLYN,"(40.7023139, -73.9353376)",trafficstat,True,False,False,False,False,False,False,False,True,,,,,,,
2026-08-28,00:00,40.7023139,-73.9353376,STANWIX ST,11206,83,UNKNOWN,Street,1.005515656579876,False,BROOKLYN,"(40.7023139, -73.9353376)",trafficstat,False,False,False,False,False,False,False,False,False,,,,,,,
2026-08-29,00:00,40.6972788,-73.9110551,MADISON ST,11237,83,UNKNOWN,Street,32.267286451728374,False,BROOKLYN,"(40.6972788, -73.9110551)",trafficstat,False,False,False,False,False,False,False,False,False,,,,,,,
2026-08-29,00:00,40.6906465,-73.9080411,WILSON AVE,11207,83,UNKNOWN,Street,2.097773649491408,False,BROOKLYN,"(40.6906465, -73.9080411)",trafficstat,False,False,False,False,False,False,False,False,False,,,,,,,
2026-08-29,00:00,40.68708,-73.913895,HALSEY ST,11207,83,UNKNOWN,Street,1.2916714055694516,False,BROOKLYN,"(40.68708, -73.913895)",trafficstat,True,False,False,False,False,False,False,False,True,,,,,,,
2026-08-28,00:00,40.691055,-73.9148781,CORNELIA ST,11221,83,OTHER,Street,43.49884876659652,False,BROOKLYN,"(40.691055, -73.9148781)",trafficstat,False,False,False,False,False,False,False,False,False,,,,,,,
2026-08-28,00:00,40.6982485,-73.9299645,EVERGREEN AVE,11221,83,OTHER,Street,2.0183344864171047,False,BROOKLYN,"(40.6982485, -73.9299645)",trafficstat,True,False,True,False,False,False,False,False,False,,,,,,,
2026-08-28,00:00,40.6988935,-73.9175217,BLEECKER ST,11237,83,UNKNOWN,Street,2.150238288613976,False,BROOKLYN,"(40.6988935, -73.9175217)",trafficstat,False,False,False,False,False,False,False,False,False,,,,,,,
2026-08-02,00:00,40.6988935,-73.9175217,BLEECKER ST,11237,83,UNKNOWN,Street,2.150238288613976,False,BROOKLYN,"(40.6988935, -73.9175217)",trafficstat,True,False,False,False,False,False,True,False,False,,,,,,,
2026-08-01,00:00,40.6988935,-73.9175217,BLEECKER ST,11237,83,UNKNOWN,Street,2.150238288613976,False,BROOKLYN,"(40.6988935, -73.9175217)",trafficstat,False,False,False,False,False,False,False,False,False,,,,,,,
2026-07-14,00:00,40.6988935,-73.9175217,BLEECKER ST,11237,83,OTHER,Street,2.150238288613976,False,BROOKLYN,"(40.6988935, -73.9175217)",trafficstat,False,False,False,False,False,False,False,False,False,,,,,,,
2026-08-27,00:00,40.7056691,-73.9247706,JEFFERSON ST,11237,83,UNKNOWN,Street,36.66253952423975,False,BROOKLYN,"(40.7056691, -73.9247706)",trafficstat,True,False,False,False,False,False,False,True,False,,,,,,,
2026-08-26,00:00,40.69939,-73.91937,KNICKERBOCKER AVE,11237,83,UNKNOWN,Street,1.6586696835810484,False,BROOKLYN,"(40.69939, -73.91937)",trafficstat,True,False,True,False,False,False,False,False,False,,,,,,,
2026-08-26,00:00,40.692196,-73.92487,GOODWIN PL,11221,83,UNKNOWN,Street,1.2736253895579632,False,BROOKLYN,"(40.692196, -73.92487)",trafficstat,False,False,False,False,False,False,False,False,False,,,,,,,
2026-08-25,00:00,40.6988388,-73.9140597,IRVING AVE,11237,83,UNKNOWN,Street,1.8251191430506934,False,BROOKLYN,"(40.6988388, -73.9140597)",trafficstat,False,False,False,False,False,False,False,False,False,,,,,,,
2026-08-22,00:00,40.6988388,-73.9140597,IRVING AVE,11237,83,OTHER,Street,1.8251191430506934,False,BROOKLYN,"(40.6988388, -73.9140597)",trafficstat,True,False,False,False,False,False,False,True,False,,,,,,,
2026-08-24,00:00,40.6927619,-73.9046252,SCHAEFER ST,11237,83,UNKNOWN,Street,39.788948961467185,False,BROOKLYN,"(40.6927619, -73.9046252)",trafficstat,False,False,False,False,False,False,False,False,False,,,,,,,
2026-08-24,00:00,40.692482,-73.920296,EVERGREEN AVE,11221,83,UNKNOWN,Street,2.7227737080274457,False,BROOKLYN,"(40.692482, -73.920296)",trafficstat,False,False,False,False,False,False,False,False,False,,,,,,,
2026-08-24,00:00,40.68323,-73.90713,GRANITE ST,11207,83,UNKNOWN,Street,1.2333840382098684,False,BROOKLYN,"(40.68323, -73.90713)",trafficstat,True,False,False,False,False,False,False,False,True,,,,,,,
2026-08-24,00:00,40.7045526,-73.9166095,STANHOPE ST,11237,83,UNKNOWN,Street,2.1217524162180355,False,BROOKLYN,"(40.7045526, -73.9166095)",trafficstat,False,False,False,False,False,False,False,False,False,,,,,,,
2026-06-26,00:00,40.7045526,-73.9166095,STANHOPE ST,11237,83,UNKNOWN,Street,2.1217524162180355,False,BROOKLYN,"(40.7045526, -73.9166095)",trafficstat,False,False,False,False,False,False,False,False,False,,,,,,,
2026-08-23,00:00,40.7009543,-73.9203274,STANHOPE ST,11237,83,UNKNOWN,Street,29.569373345347024,False,BROOKLYN,"(40.7009543, -73.9203274)",trafficstat,True,False,False,True,False,False,False,False,False,,,,,,,
2026-08-23,00:00,40.6870033,-73.9176807,JEFFERSON AVE,11221,83,UNKNOWN,Street,3.32425914689163,False,BROOKLYN,"(40.6870033, -73.9176807)",trafficstat,True,False,True,False,False,False,False,False,False,,,,,,,
2026-08-23,00:00,40.6944297,-73.9242491,HARMAN ST,11221,83,OTHER,Street,1.7780128200835568,False,BROOKLYN,"(40.6944297, -73.9242491)",trafficstat,True,False,False,True,False,False,False,False,False,,,,,,,
2026-08-15,00:00,40.6944297,-73.9242491,HARMAN ST,11221,83,UNKNOWN,Street,1.7780128200835568,False,BROOKLYN,"(40.6944297, -73.9242491)",trafficstat,True,False,False,False,False,False,False,True,False,,,,,,,
2026-07-07,00:00,40.6944297,-73.9242491,HARMAN ST,11221,83,OTHER,Street,1.7780128200835568,False,BROOKLYN,"(40.6944297, -73.9242491)",trafficstat,True,False,False,False,False,False,False,True,False,,,,,,,
2026-06-22,00:00,40.6944297,-73.9242491,HARMAN ST,11221,83,UNKNOWN,Street,1.7780128200835568,False,BROOKLYN,"(40.6944297, -73.9242491)",trafficstat,False,False,False,False,False,False,False,False,False,,,,,,,
2026-08-22,00:00,40.6957834,-73.9170712,WILSON AVE,11221,83,UNKNOWN,Street,1.8730536200226708,False,BROOKLYN,"(40.6957834, -73.9170712)",trafficstat,False,False,False,False,False,False,False,False,False,,,,,,,
2026-08-22,00:00,40.69554,-73.912605,KNICKERBOCKER AVE,11221,83,OTHER,Street,2.1188161494098248,False,BROOKLYN,"(40.69554, -73.912605)",trafficstat,True,False,False,True,False,False,False,False,False,,,,,,,
2026-08-22,00:00,40.697983,-73.91256,PALMETTO ST,11237,83,OTHER,Street,0.8237483600004889,False,BROOKLYN,"(40.697983, -73.91256)",trafficstat,False,False,False,False,False,False,False,False,False,,,,,,,
2026-08-22,00:00,40.6950696,-73.9085636,HANCOCK ST,11237,83,UNKNOWN,Street,36.92905193745758,False,BROOKLYN,"(40.6950696, -73.9085636)",trafficstat,False,False,False,False,False,False,False,False,False,,,,,,,
2026-08-22,00:00,40.7020621,-73.9145992,BLEECKER ST,11237,83,OTHER,Street,42.39403408250204,False,BROOKLYN,"(40.7020621, -73.9145992)",trafficstat,False,False,False,False,False,False,False,False,False,,,,,,,
2026-08-22,00:00,40.700245,-73.92088,STANHOPE ST,11237,83,UNKNOWN,Street,2.4977547940975144,False,BROOKLYN,"(40.700245, -73.92088)",trafficstat,True,False,False,True,False,False,True,False,False,,,,,,,
2026-08-22,00:00,40.7034722,-73.9305938,NOLL ST,11206,83,UNKNOWN,Street,2.3397672839300627,False,BROOKLYN,"(40.7034722, -73.9305938)",trafficstat,True,False,False,False,False,False,False,False,True,,,,,,,
2026-08-22,00:00,40.7019225,-73.9121623,GROVE ST,11237,83,UNKNOWN,Street,2.1332648795413256,False,BROOKLYN,"(40.7019225, -73.9121623)",trafficstat,False,False,False,False,False,False,False,False,False,,,,,,,
2026-08-21,00:00,40.6963357,-73.9305002,HART ST,11221,83,OTHER,Street,2.212971527097185,False,BROOKLYN,"(40.6963357, -73.9305002)",trafficstat,True,False,True,False,False,False,False,False,False,,,,,,,
2026-06-13,00:00,40.6963357,-73.9305002,HART ST,11221,83,UNKNOWN,Street,2.212971527097185,False,BROOKLYN,"(40.6963357, -73.9305002)",trafficstat,True,False,False,False,False,True,False,False,False,,,,,,,
2026-08-20,00:00,40.7025234,-73.9161468,HARMAN ST,11237,83,UNKNOWN,Street,35.627619035059546,False,BROOKLYN,"(40.7025234, -73.9161468)",trafficstat,True,False,False,False,False,False,False,True,False,,,,,,,
2026-08-19,00:00,40.6976415,-73.929316,EVERGREEN AVE,11221,83,UNKNOWN,Street,1.1489547132936195,False,BROOKLYN,"(40.6976415, -73.929316)",trafficstat,True,False,False,False,False,False,False,False,True,,,,,,,
2026-08-18,00:00,40.6821913,-73.9083079,GRANITE ST,11207,83,UNKNOWN,Street,35.58786260015902,False,BROOKLYN,"(40.6821913, -73.9083079)",trafficstat,False,False,False,False,False,False,False,False,False,,,,,,,
2026-08-18,00:00,40.6849391,-73.910133,COOPER ST,11207,83,UNKNOWN,Street,1.9168501205857715,False,BROOKLYN,"(40.6849391, -73.910133)",trafficstat,True,False,False,True,False,False,False,False,False,,,,,,,
2026-08-07,00:00,40.6849391,-73.910133,COOPER ST,11207,83,UNKNOWN,Street,1.9168501205857715,False,BROOKLYN,"(40.6849391, -73.910133)",trafficstat,True,False,False,True,False,False,False,False,False,,,,,,,
2026-06-24,00:00,40.6849391,-73.910133,COOPER ST,11207,83,UNKNOWN,Street,1.9168501205857715,False,BROOKLYN,"(40.6849391, -73.910133)",trafficstat,True,False,False,True,False,False,False,False,False,,,,,,,
2026-08-18,00:00,40.6909277,-73.920658,GATES AVE,11221,83,UNKNOWN,Street,1.7700860973205383,False,BROOKLYN,"(40.6909277, -73.920658)",trafficstat,False,False,False,False,False,False,False,False,False,,,,,,,
2026-08-17,00:00,40.6984101,-73.9133101,GATES AVE,11237,83,OTHER,Street,1.8573817049046346,False,BROOKLYN,"(40.6984101, -73.9133101)",trafficstat,True,False,False,False,False,False,False,False,True,,,,,,,
2026-08-17,00:00,40.6902652,-73.9154518,CORNELIA ST,11221,83,UNKNOWN,Street,1.4635918772068028,False,BROOKLYN,"(40.6902652, -73.9154518)",trafficstat,True,False,False,True,False,False,False,False,False,,,,,,,
2026-08-17,00:00,40.7070277,-73.9235892,WYCKOFF AVE,11237,83,UNKNOWN,Street,2.1323709796920767,False,BROOKLYN,"(40.7070277, -73.9235892)",trafficstat,True,False,False,True,False,False,False,False,False,,,,,,,
2026-07-10,00:00,40.7070277,-73.9235892,WYCKOFF AVE,11237,83,OTHER,Street,2.1323709796920767,False,BROOKLYN,"(40.7070277, -73.9235892)",trafficstat,True,False,False,True,False,False,False,False,False,,,,,,,
2026-06-14,00:00,40.7070277,-73.9235892,WYCKOFF AVE,11237,83,UNKNOWN,Street,2.1323709796920767,False,BROOKLYN,"(40.7070277, -73.9235892)",trafficstat,True,False,False,False,True,False,False,False,False,,,,,,,
2026-08-17,00:00,40.7005506,-73.9145728,MENAHAN ST,11237,83,OTHER,Street,35.46531499138649,False,BROOKLYN,"(40.7005506, -73.9145728)",trafficstat,True,False,False,False,False,False,False,True,False,,,,,,,
2026-08-17,00:00,40.7019151,-73.9240707,SUYDAM ST,11237,83,UNKNOWN,Street,29.618066543368812,False,BROOKLYN,"(40.7019151, -73.9240707)",trafficstat,False,False,False,False,False,False,False,False,False,,,,,,,
2026-08-16,00:00,40.69212,-73.9066,COVERT ST,11207,83,OTHER,Street,1.9028941899351999,False,BROOKLYN,"(40.69212, -73.9066)",trafficstat,True,False,False,False,False,False,False,False,True,,,,,,,
2026-07-10,00:00,40.69212,-73.9066,COVERT ST,11207,83,UNKNOWN,Street,1.9028941899351999,False,BROOKLYN,"(40.69212, -73.9066)",trafficstat,False,False,False,False,False,False,False,False,False,,,,,,,
2026-08-16,00:00,40.6856116,-73.9096794,COOPER ST,11207,83,OTHER,Street,43.35066200727441,False,BROOKLYN,"(40.6856116, -73.9096794)",trafficstat,False,False,False,False,False,False,False,False,False,,,,,,,
2026-08-16,00:00,40.6887896,-73.9168996,CORNELIA ST,11221,83,UNKNOWN,Street,1.9215893288838055,False,BROOKLYN,"(40.6887896, -73.9168996)",trafficstat,True,False,False,False,False,False,False,False,True,,,,,,,
2026-08-15,00:00,40.6870801,-73.9138909,BUSHWICK AVE,11207,83,OTHER,Street,1.6823755735804191,False,BROOKLYN,"(40.6870801, -73.9138909)",trafficstat,True,False,False,True,False,False,False,False,False,,,,,,,
2026-07-05,00:00,40.6870801,-73.9138909,BUSHWICK AVE,11207,83,UNKNOWN,Street,1.6823755735804191,False,BROOKLYN,"(40.6870801, -73.9138909)",trafficstat,True,False,False,True,False,False,False,False,False,,,,,,,
2026-06-19,00:00,40.6870801,-73.9138909,BUSHWICK AVE,11207,83,UNKNOWN,Street,1.6823755735804191,False,BROOKLYN,"(40.6870801, -73.9138909)",trafficstat,False,False,False,False,False,False,False,False,False,,,,,,,
2026-08-15,00:00,40.6915268,-73.9182734,EVERGREEN AVE,11221,83,OTHER,Street,45.71525172594079,False,BROOKLYN,"(40.6915268, -73.9182734)",trafficstat,False,False,False,False,False,False,False,False,False,,,,,,,
2026-08-15,00:00,40.7026864,-73.9208279,DEKALB AVE,11237,83,UNKNOWN,Street,1.8640726514158734,False,BROOKLYN,"(40.7026864, -73.9208279)",trafficstat,True,False,False,False,False,False,False,False,True,,,,,,,
2026-08-10,00:00,40.7026864,-73.9208279,DEKALB AVE,11237,83,UNKNOWN,Street,1.8640726514158734,False,BROOKLYN,"(40.7026864, -73.9208279)",trafficstat,False,False,False,False,False,False,False,False,False,,,,,,,
2026-08-15,00:00,40.7004446,-73.9228692,DEKALB AVE,11237,83,UNKNOWN,Street,37.72392001495824,False,BROOKLYN,"(40.7004446, -73.9228692)",trafficstat,False,False,False,False,False,False,False,False,False,,,,,,,