crash_date,crash_time,latitude,longitude,on_street_name,zip_code,precinct,collision_type,roadway_type,geocode_dist_feet,time_is_known,borough,location,source,injury,fatality,injured_pedestrian,injured_cyclist,injured_ebike_rider,injured_motorcyclist,injured_moped_rider,injured_car_occupant,injured_suv_occupant,number_of_persons_injured,number_of_persons_killed,contributing_factor_vehicle_1,collision_id,cross_street_name,off_street_name,vehicle_type_code1
2026-08-14,00:00,40.7010458,-73.9106775,ST NICHOLAS AVE,11385,83,OTHER,Street,1.976024004600578,False,BROOKLYN,"(40.7010458, -73.9106775)",trafficstat,True,False,False,False,False,False,False,False,False,,,,,,,
2026-08-14,00:00,40.693142,-73.92199,EVERGREEN AVE,11221,83,UNKNOWN,Street,2.3946848314323828,False,BROOKLYN,"(40.693142, -73.92199)",trafficstat,False,False,False,False,False,False,False,False,False,,,,,,,
2026-08-14,00:00,40.6967877,-73.9170252,GROVE ST,11237,83,OTHER,Street,51.30584392104071,False,BROOKLYN,"(40.6967877, -73.9170252)",trafficstat,True,False,True,False,False,False,False,False,False,,,,,,,
2026-08-13,00:00,40.6830247,-73.9087022,PILLING ST,11207,83,UNKNOWN,Street,43.03577574745292,False,BROOKLYN,"(40.6830247, -73.9087022)",trafficstat,False,False,False,False,False,False,False,False,False,,,,,,,
2026-08-12,00:00,40.6815142,-73.9041165,EASTERN PKWY,11207,83,UNKNOWN,Street,1.8274108937318896,False,BROOKLYN,"(40.6815142, -73.9041165)",trafficstat,False,False,False,False,False,False,False,False,False,,,,,,,
2026-06-26,00:00,40.6815142,-73.9041165,EASTERN PKWY,11207,83,UNKNOWN,Street,1.8274108937318896,False,BROOKLYN,"(40.6815142, -73.9041165)",trafficstat,False,False,False,False,False,False,False,False,False,,,,,,,
2026-06-14,00:00,40.6815142,-73.9041165,EASTERN PKWY,11207,83,UNKNOWN,Street,1.8274108937318896,False,BROOKLYN,"(40.6815142, -73.9041165)",trafficstat,True,False,False,False,False,False,False,True,False,,,,,,,
2026-08-12,00:00,40.697186,-73.92883,EVERGREEN AVE,11221,83,OTHER,Street,0.8514688642221298,False,BROOKLYN,"(40.697186, -73.92883)",trafficstat,False,False,False,False,False,False,False,False,False,,,,,,,
2026-08-12,00:00,40.699176,-73.9322749,JEFFERSON ST,11206,83,UNKNOWN,Street,35.22223988815014,False,BROOKLYN,"(40.699176, -73.9322749)",trafficstat,False,False,False,False,False,False,False,False,False,,,,,,,
2026-08-12,00:00,40.7003296,-73.9409599,SUMNER PL,11206,83,UNKNOWN,Street,34.96217178281784,False,BROOKLYN,"(40.7003296, -73.9409599)",trafficstat,False,False,False,False,False,False,False,False,False,,,,,,,
2026-08-12,00:00,40.6988307,-73.919165,MYRTLE AVE,11237,83,OTHER,Street,35.778737120164074,False,BROOKLYN,"(40.6988307, -73.919165)",trafficstat,True,False,False,False,False,False,False,True,False,,,,,,,
2026-08-11,00:00,40.6857611,-73.9155008,BROADWAY,11207,83,UNKNOWN,Street,2.4255039023603486,False,BROOKLYN,"(40.6857611, -73.9155008)",trafficstat,False,False,False,False,False,False,False,False,False,,,,,,,
2026-08-10,00:00,40.6868434,-73.9094382,DECATUR ST,11207,83,UNKNOWN,Street,2.3708946525029897,False,BROOKLYN,"(40.6868434, -73.9094382)",trafficstat,False,False,False,False,False,False,False,False,False,,,,,,,
2026-08-10,00:00,40.692626,-73.9236706,BUSHWICK AVE,11221,83,UNKNOWN,Street,1.9547671914952118,False,BROOKLYN,"(40.692626, -73.9236706)",trafficstat,True,False,True,False,False,False,False,False,False,,,,,,,
2026-08-10,00:00,40.6932109,-73.912556,CORNELIA ST,11221,83,UNKNOWN,Street,2.034041903628928,False,BROOKLYN,"(40.6932109, -73.912556)",trafficstat,False,False,False,False,False,False,False,False,False,,,,,,,
2026-08-09,00:00,40.7006798,-73.9384841,ELLERY ST,11206,83,UNKNOWN,Street,2.119870687904208,False,BROOKLYN,"(40.7006798, -73.9384841)",trafficstat,False,False,False,False,False,False,False,False,False,,,,,,,
2026-08-09,00:00,40.698536,-73.91787,KNICKERBOCKER AVE,11237,83,UNKNOWN,Street,2.1875827767797564,False,BROOKLYN,"(40.698536, -73.91787)",trafficstat,False,False,False,False,False,False,False,False,False,,,,,,,
2026-08-09,00:00,40.6988063,-73.9183658,KNICKERBOCKER AVE,11237,83,UNKNOWN,Street,2.4601607585571976,False,BROOKLYN,"(40.6988063, -73.9183658)",trafficstat,True,False,True,False,False,False,False,False,False,,,,,,,
2026-08-08,00:00,40.6978325,-73.9367593,BROADWAY,11206,83,OTHER,Street,1.7103029403991947,False,BROOKLYN,"(40.6978325, -73.9367593)",trafficstat,True,False,False,False,False,False,False,True,False,,,,,,,
2026-06-20,00:00,40.6978325,-73.9367593,BROADWAY,11206,83,UNKNOWN,Street,1.7103029403991947,False,BROOKLYN,"(40.6978325, -73.9367593)",trafficstat,False,False,False,False,False,False,False,False,False,,,,,,,
2026-08-08,00:00,40.6913093,-73.9132508,JEFFERSON AVE,11221,83,UNKNOWN,Street,1.8811557184578438,False,BROOKLYN,"(40.6913093, -73.9132508)",trafficstat,True,False,False,False,False,False,False,True,False,,,,,,,
2026-08-07,00:00,40.6877838,-73.9190607,BROADWAY,11221,83,UNKNOWN,Street,2.2923678144387547,False,BROOKLYN,"(40.6877838, -73.9190607)",trafficstat,False,False,False,False,False,False,False,False,False,,,,,,,
2026-08-07,00:00,40.6924837,-73.9202991,EVERGREEN AVE,11221,83,UNKNOWN,Street,2.5729365899698493,False,BROOKLYN,"(40.6924837, -73.9202991)",trafficstat,True,False,False,True,False,False,False,False,False,,,,,,,
2026-08-05,00:00,40.694695,-73.9275,BUSHWICK AVE,11221,83,UNKNOWN,Street,3.1105767799433943,False,BROOKLYN,"(40.694695, -73.9275)",trafficstat,False,False,False,False,False,False,False,False,False,,,,,,,
2026-08-05,00:00,40.685795,-73.91164,SCHAEFER ST,11207,83,OTHER,Street,1.8560684330630832,False,BROOKLYN,"(40.685795, -73.91164)",trafficstat,True,False,False,False,False,False,True,False,False,,,,,,,
2026-08-05,00:00,40.6894904,-73.9220696,BROADWAY,11221,83,OTHER,Street,1.7859964862070012,False,BROOKLYN,"(40.6894904, -73.9220696)",trafficstat,False,False,False,False,False,False,False,False,False,,,,,,,
2026-07-06,00:00,40.6894904,-73.9220696,BROADWAY,11221,83,UNKNOWN,Street,1.7859964862070012,False,BROOKLYN,"(40.6894904, -73.9220696)",trafficstat,True,False,False,False,False,False,False,False,False,,,,,,,
2026-08-05,00:00,40.70226,-73.920074,IRVING AVE,11237,83,UNKNOWN,Street,1.6967904461941035,False,BROOKLYN,"(40.70226, -73.920074)",trafficstat,True,False,True,False,False,False,False,False,False,,,,,,,
2026-08-03,00:00,40.7071824,-73.921057,STARR ST,11237,83,UNKNOWN,Street,2.058195878448055,False,BROOKLYN,"(40.7071824, -73.921057)",trafficstat,True,False,True,False,False,False,False,False,False,,,,,,,
2026-08-03,00:00,40.6986987,-73.9347605,BUSHWICK AVE,11206,83,UNKNOWN,Street,2.4387578614825407,False,BROOKLYN,"(40.6986987, -73.9347605)",trafficstat,True,False,False,False,True,False,False,False,False,,,,,,,
2026-08-02,00:00,40.6938654,-73.9259735,BUSHWICK AVE,11221,83,UNKNOWN,Street,2.586618757374355,False,BROOKLYN,"(40.6938654, -73.9259735)",trafficstat,False,False,False,False,False,False,False,False,False,,,,,,,
2026-08-02,00:00,40.6993752,-73.919582,HARMAN ST,11237,83,UNKNOWN,Street,39.95558901750365,False,BROOKLYN,"(40.6993752, -73.919582)",trafficstat,True,False,False,False,False,False,False,True,False,,,,,,,
2026-08-01,00:00,40.681515,-73.90411,BUSHWICK AVE,11207,83,UNKNOWN,Street,1.0132976363655408,False,BROOKLYN,"(40.681515, -73.90411)",trafficstat,True,False,False,False,False,False,False,True,False,,,,,,,
2026-07-23,00:00,40.681515,-73.90411,BUSHWICK AVE,11207,83,UNKNOWN,Street,1.0132976363655408,False,BROOKLYN,"(40.681515, -73.90411)",trafficstat,True,False,True,False,False,False,False,False,False,,,,,,,
2026-08-01,00:00,40.691353,-73.92141,LINDEN ST,11221,83,UNKNOWN,Street,2.064096054236802,False,BROOKLYN,"(40.691353, -73.92141)",trafficstat,False,False,False,False,False,False,False,False,False,,,,,,,
2026-08-01,00:00,40.6972641,-73.9355094,BROADWAY,11206,83,OTHER,Street,34.83987502986784,False,BROOKLYN,"(40.6972641, -73.9355094)",trafficstat,True,False,True,False,False,False,False,False,False,,,,,,,
2026-08-01,00:00,40.6945469,-73.9272277,KOSCIUSZKO ST,11221,83,UNKNOWN,Street,2.033112058682179,False,BROOKLYN,"(40.6945469, -73.9272277)",trafficstat,True,False,False,False,False,False,False,False,True,,,,,,,
2026-07-31,00:00,40.6927849,-73.9118065,JEFFERSON AVE,11221,83,UNKNOWN,Street,1.9269916004957035,False,BROOKLYN,"(40.6927849, -73.9118065)",trafficstat,True,False,False,False,False,False,False,False,True,,,,,,,
2026-07-26,00:00,40.6927849,-73.9118065,JEFFERSON AVE,11221,83,UNKNOWN,Street,1.9269916004957035,False,BROOKLYN,"(40.6927849, -73.9118065)",trafficstat,False,False,False,False,False,False,False,False,False,,,,,,,
2026-07-31,00:00,40.6960032,-73.9298947,LAWTON ST,11221,83,OTHER,Street,2.196284498322825,False,BROOKLYN,"(40.6960032, -73.9298947)",trafficstat,True,False,False,True,False,False,False,False,False,,,,,,,
2026-07-08,00:00,40.6960032,-73.9298947,LAWTON ST,11221,83,UNKNOWN,Street,2.196284498322825,False,BROOKLYN,"(40.6960032, -73.9298947)",trafficstat,False,False,False,False,False,False,False,False,False,,,,,,,
2026-07-04,00:00,40.6960032,-73.9298947,LAWTON ST,11221,83,UNKNOWN,Street,2.196284498322825,False,BROOKLYN,"(40.6960032, -73.9298947)",trafficstat,True,False,False,True,False,False,False,False,False,,,,,,,
2026-07-31,00:00,40.6992648,-73.9148129,IRVING AVE,11237,83,UNKNOWN,Street,2.3048366939913083,False,BROOKLYN,"(40.6992648, -73.9148129)",trafficstat,True,False,False,False,False,False,True,False,False,,,,,,,
2026-07-31,00:00,40.7007761,-73.9133287,GROVE ST,11237,83,OTHER,Street,2.2041856327425693,False,BROOKLYN,"(40.7007761, -73.9133287)",trafficstat,True,False,True,False,False,False,False,False,False,,,,,,,
2026-07-30,00:00,40.7047172,-73.9287386,KNICKERBOCKER AVE,11237,83,UNKNOWN,Street,2.279338688984129,False,BROOKLYN,"(40.7047172, -73.9287386)",trafficstat,True,False,False,True,False,False,False,False,False,,,,,,,
2026-07-30,00:00,40.7052169,-73.9206842,SUYDAM ST,11237,83,UNKNOWN,Street,1.8770481251388818,False,BROOKLYN,"(40.7052169, -73.9206842)",trafficstat,False,False,False,False,False,False,False,False,False,,,,,,,
2026-07-30,00:00,40.6823828,-73.9056404,BUSHWICK AVE,11207,83,OTHER,Street,1.9928091285167384,False,BROOKLYN,"(40.6823828, -73.9056404)",trafficstat,False,False,False,False,False,False,False,False,False,,,,,,,
2026-07-29,00:00,40.68893,-73.905045,MOFFAT ST,11207,83,UNKNOWN,Street,2.3413975456892304,False,BROOKLYN,"(40.68893, -73.905045)",trafficstat,False,False,False,False,False,False,False,False,False,,,,,,,
2026-07-29,00:00,40.6897706,-73.9108132,CENTRAL AVE,11207,83,UNKNOWN,Street,47.01233599355441,False,BROOKLYN,"(40.6897706, -73.9108132)",trafficstat,True,False,False,False,False,False,False,False,False,,,,,,,
2026-07-28,00:00,40.6951153,-73.9118611,PUTNAM AVE,11221,83,OTHER,Street,1.8561199215669721,False,BROOKLYN,"(40.6951153, -73.9118611)",trafficstat,False,False,False,False,False,False,False,False,False,,,,,,,
2026-07-28,00:00,40.7035438,-73.9223309,IRVING AVE,11237,83,UNKNOWN,Street,1.8118002888377076,False,BROOKLYN,"(40.7035438, -73.9223309)",trafficstat,True,False,False,False,False,False,False,True,True,,,,,,,
2026-07-09,00:00,40.7035438,-73.9223309,IRVING AVE,11237,83,UNKNOWN,Street,1.8118002888377076,False,BROOKLYN,"(40.7035438, -73.9223309)",trafficstat,False,False,False,False,False,False,False,False,False,,,,,,,
2026-07-28,00:00,40.7065743,-73.9228648,TROUTMAN ST,11237,83,UNKNOWN,Street,2.073277400734961,False,BROOKLYN,"(40.7065743, -73.9228648)",trafficstat,False,False,False,False,False,False,False,False,False,,,,,,,
2026-07-27,00:00,40.6995639,-73.911069,WYCKOFF AVE,,83,UNKNOWN,Street,2.017318503093013,False,BROOKLYN,"(40.6995639, -73.911069)",trafficstat,False,False,False,False,False,False,False,False,False,,,,,,,
2026-06-14,00:00,40.6995639,-73.911069,WYCKOFF AVE,,83,UNKNOWN,Street,2.017318503093013,False,BROOKLYN,"(40.6995639, -73.911069)",trafficstat,True,False,False,False,False,False,False,True,False,,,,,,,
2026-06-13,00:00,40.6995639,-73.911069,WYCKOFF AVE,,83,UNKNOWN,Street,2.017318503093013,False,BROOKLYN,"(40.6995639, -73.911069)",trafficstat,False,False,False,False,False,False,False,False,False,,,,,,,
2026-07-26,00:00,40.6969863,-73.9352238,BROADWAY,11221,83,UNKNOWN,Street,2.426563398722096,False,BROOKLYN,"(40.6969863, -73.9352238)",trafficstat,True,False,False,False,False,False,False,True,False,,,,,,,
2026-06-24,00:00,40.6969863,-73.9352238,BROADWAY,11221,83,OTHER,Street,2.426563398722096,False,BROOKLYN,"(40.6969863, -73.9352238)",trafficstat,False,False,False,False,False,False,False,False,False,,,,,,,
2026-07-26,00:00,40.6957129,-73.926498,EVERGREEN AVE,11221,83,UNKNOWN,Street,1.5654608760890807,False,BROOKLYN,"(40.6957129, -73.926498)",trafficstat,False,False,False,False,False,False,False,False,False,,,,,,,
2026-07-26,00:00,40.6832294,-73.9071247,BUSHWICK AVE,11207,83,OTHER,Street,2.235222543558817,False,BROOKLYN,"(40.6832294, -73.9071247)",trafficstat,True,False,False,False,False,False,False,False,True,,,,,,,
2026-07-26,00:00,40.6828006,-73.9063753,FURMAN AVE,11207,83,OTHER,Street,2.286366606745316,False,BROOKLYN,"(40.6828006, -73.9063753)",trafficstat,True,False,False,False,False,False,False,False,False,,,,,,,
2026-07-25,00:00,40.698162,-73.92527,CENTRAL AVE,11221,83,OTHER,Street,1.2053044204700243,False,BROOKLYN,"(40.698162, -73.92527)",trafficstat,True,False,False,False,False,False,False,True,False,,,,,,,
2026-07-25,00:00,40.697313,-73.9348006,JEFFERSON ST,11206,83,UNKNOWN,Street,25.78718923663114,False,BROOKLYN,"(40.697313, -73.9348006)",trafficstat,False,False,False,False,False,False,False,False,False,,,,,,,
2026-07-25,00:00,40.7043102,-73.9192318,DEKALB AVE,11237,83,UNKNOWN,Street,2.0093456042028524,False,BROOKLYN,"(40.7043102, -73.9192318)",trafficstat,False,False,False,False,False,False,False,False,False,,,,,,,
2026-07-24,00:00,40.7021917,-73.9283374,WILSON AVE,11237,83,UNKNOWN,Street,1.987269960866859,False,BROOKLYN,"(40.7021917, -73.9283374)",trafficstat,False,False,False,False,False,False,False,False,False,,,,,,,
2026-07-20,00:00,40.7021917,-73.9283374,WILSON AVE,11237,83,UNKNOWN,Street,1.987269960866859,False,BROOKLYN,"(40.7021917, -73.9283374)",trafficstat,True,False,True,False,False,False,False,False,False,,,,,,,
2026-07-13,00:00,40.7021917,-73.9283374,WILSON AVE,11237,83,UNKNOWN,Street,1.987269960866859,False,BROOKLYN,"(40.7021917, -73.9283374)",trafficstat,False,False,False,False,False,False,False,False,False,,,,,,,
2026-07-05,00:00,40.7021917,-73.9283374,WILSON AVE,11237,83,UNKNOWN,Street,1.987269960866859,False,BROOKLYN,"(40.7021917, -73.9283374)",trafficstat,False,False,False,False,False,False,False,False,False,,,,,,,
2026-07-24,00:00,40.6912447,-73.9225565,GROVE ST,11221,83,OTHER,Street,57.146694641948436,False,BROOKLYN,"(40.6912447, -73.9225565)",trafficstat,False,False,False,False,False,False,False,False,False,,,,,,,
2026-07-23,00:00,40.695843,-73.92959,BUSHWICK AVE,11221,83,UNKNOWN,Street,2.291832721796051,False,BROOKLYN,"(40.695843, -73.92959)",trafficstat,True,False,False,False,False,False,True,False,False,,,,,,,
2026-07-23,00:00,40.6946212,-73.9277628,BUSHWICK AVE,11221,83,OTHER,Street,67.33937345189076,False,BROOKLYN,"(40.6946212, -73.9277628)",trafficstat,True,False,False,True,False,False,False,False,False,,,,,,,
2026-07-23,00:00,40.7004798,-73.9253278,WILSON AVE,11237,83,UNKNOWN,Street,2.298455471641782,False,BROOKLYN,"(40.7004798, -73.9253278)",trafficstat,False,False,False,False,False,False,False,False,False,,,,,,,
2026-07-22,00:00,40.696003,-73.92989,BUSHWICK AVE,11221,83,OTHER,Street,2.0637225307227554,False,BROOKLYN,"(40.696003, -73.92989)",trafficstat,False,False,False,False,False,False,False,False,False,,,,,,,
2026-07-22,00:00,40.6946728,-73.9311439,BROADWAY,11221,83,OTHER,Street,2.3359899220969895,False,BROOKLYN,"(40.6946728, -73.9311439)",trafficstat,True,False,True,False,False,False,False,False,False,,,,,,,
2026-07-03,00:00,40.6946728,-73.9311439,BROADWAY,11221,83,UNKNOWN,Street,2.3359899220969895,False,BROOKLYN,"(40.6946728, -73.9311439)",trafficstat,False,False,False,False,False,False,False,False,False,,,,,,,
2026-07-21,00:00,40.686844,-73.90944,DECATUR ST,11207,83,UNKNOWN,Street,1.8401596926563655,False,BROOKLYN,"(40.686844, -73.90944)",trafficstat,True,False,False,False,False,False,False,True,False,,,,,,,
2026-07-21,00:00,40.7028481,-73.933523,CENTRAL AVE,11206,83,UNKNOWN,Street,2.506709398880075,False,BROOKLYN,"(40.7028481, -73.933523)",trafficstat,True,False,False,False,False,False,True,False,False,,,,,,,
2026-07-21,00:00,40.6989714,-73.9156933,MYRTLE AVE,11237,83,UNKNOWN,Street,43.56645466199,False,BROOKLYN,"(40.6989714, -73.9156933)",trafficstat,False,False,False,False,False,False,False,False,False,,,,,,,
2026-07-20,00:00,40.700718,-73.92979,JEFFERSON ST,11206,83,OTHER,Street,1.5214723283666463,False,BROOKLYN,"(40.700718, -73.92979)",trafficstat,True,False,False,True,False,False,False,False,False,,,,,,,
2026-06-12,00:00,40.700718,-73.92979,JEFFERSON ST,11206,83,UNKNOWN,Street,1.5214723283666463,False,BROOKLYN,"(40.700718, -73.92979)",trafficstat,False,False,False,False,False,False,False,False,False,,,,,,,
2026-07-20,00:00,40.708057,-73.92254,JEFFERSON ST,11237,83,UNKNOWN,Street,2.455304453789245,False,BROOKLYN,"(40.708057, -73.92254)",trafficstat,False,False,False,False,False,False,False,False,False,,,,,,,
2026-07-20,00:00,40.6855598,-73.9071827,CHAUNCEY ST,11207,83,OTHER,Street,2.387281197495864,False,BROOKLYN,"(40.6855598, -73.9071827)",trafficstat,True,False,True,False,False,False,False,False,False,,,,,,,
2026-06-22,00:00,40.6855598,-73.9071827,CHAUNCEY ST,11207,83,UNKNOWN,Street,2.387281197495864,False,BROOKLYN,"(40.6855598, -73.9071827)",trafficstat,False,False,False,False,False,False,False,False,False,,,,,,,
2026-07-20,00:00,40.6908357,-73.9043411,KNICKERBOCKER AVE,11207,83,UNKNOWN,Street,2.0945242187574595,False,BROOKLYN,"(40.6908357, -73.9043411)",trafficstat,False,False,False,False,False,False,False,False,False,,,,,,,
2026-07-20,00:00,40.689647,-73.9183986,BUSHWICK AVE,11221,83,UNKNOWN,Street,1.6360359173886785,False,BROOKLYN,"(40.689647, -73.9183986)",trafficstat,True,False,False,False,False,False,False,True,False,,,,,,,
2026-07-20,00:00,40.6962066,-73.9178172,WILSON AVE,11221,83,OTHER,Street,2.3860322412833694,False,BROOKLYN,"(40.6962066, -73.9178172)",trafficstat,True,False,False,True,False,False,False,False,False,,,,,,,
2026-06-20,00:00,40.6962066,-73.9178172,WILSON AVE,11221,83,UNKNOWN,Street,2.3860322412833694,False,BROOKLYN,"(40.6962066, -73.9178172)",trafficstat,False,False,False,False,False,False,False,False,False,,,,,,,
2026-07-20,00:00,40.6966298,-73.9185632,WILSON AVE,11237,83,OTHER,Street,2.0850531515099915,False,BROOKLYN,"(40.6966298, -73.9185632)",trafficstat,True,False,False,False,False,False,False,True,False,,,,,,,
2026-06-14,00:00,40.6966298,-73.9185632,WILSON AVE,11237,83,UNKNOWN,Street,2.0850531515099915,False,BROOKLYN,"(40.6966298, -73.9185632)",trafficstat,False,False,False,False,False,False,False,False,False,,,,,,,
2026-07-19,00:00,40.6941619,-73.9181357,CENTRAL AVE,11221,83,UNKNOWN,Street,18.71564313490923,False,BROOKLYN,"(40.6941619, -73.9181357)",trafficstat,True,False,False,True,False,False,False,False,False,,,,,,,
2026-07-19,00:00,40.6931436,-73.9219932,EVERGREEN AVE,11221,83,UNKNOWN,Street,2.3051963256889283,False,BROOKLYN,"(40.6931436, -73.9219932)",trafficstat,False,False,False,False,False,False,False,False,False,,,,,,,
2026-07-19,00:00,40.7026204,-73.9290907,MELROSE ST,11206,83,UNKNOWN,Street,1.951596687120524,False,BROOKLYN,"(40.7026204, -73.9290907)",trafficstat,True,False,False,True,False,False,False,False,False,,,,,,,
2026-06-12,00:00,40.7026204,-73.9290907,MELROSE ST,11206,83,UNKNOWN,Street,1.951596687120524,False,BROOKLYN,"(40.7026204, -73.9290907)",trafficstat,False,False,False,False,False,False,False,False,False,,,,,,,
2026-07-18,00:00,40.701103,-73.922386,DEKALB AVE,11237,83,UNKNOWN,Street,1.3043523177571934,False,BROOKLYN,"(40.701103, -73.922386)",trafficstat,False,False,False,False,False,False,False,False,False,,,,,,,
2026-07-17,00:00,40.690075,-73.91916,WOODBINE ST,11221,83,UNKNOWN,Street,0.8903948800472705,False,BROOKLYN,"(40.690075, -73.91916)",trafficstat,True,False,False,False,False,False,False,True,True,,,,,,,
2026-07-16,00:00,40.6958411,-73.9295848,BUSHWICK AVE,11221,83,UNKNOWN,Street,1.9892780316206031,False,BROOKLYN,"(40.6958411, -73.9295848)",trafficstat,True,False,False,True,False,False,False,False,False,,,,,,,
2026-07-16,00:00,40.6975842,-73.9298281,SUYDAM ST,11221,83,UNKNOWN,Street,0.9622875168030899,False,BROOKLYN,"(40.6975842, -73.9298281)",trafficstat,False,False,False,False,False,False,False,False,False,,,,,,,
2026-07-15,00:00,40.6974692,-73.9093407,PUTNAM AVE,11237,83,UNKNOWN,Street,47.0201121030112,False,BROOKLYN,"(40.6974692, -73.9093407)",trafficstat,False,False,False,False,False,False,False,False,False,,,,,,,
2026-07-15,00:00,40.6918925,-73.9089642,HALSEY ST,11207,83,UNKNOWN,Street,47.20544237466021,False,BROOKLYN,"(40.6918925, -73.9089642)",trafficstat,True,False,False,False,False,False,False,True,False,,,,,,,
2026-07-15,00:00,40.6845812,-73.9091225,MOFFAT ST,11207,83,OTHER,Street,44.668668851320184,False,BROOKLYN,"(40.6845812, -73.9091225)",trafficstat,False,False,False,False,False,False,False,False,False,,,,,,,
2026-07-15,00:00,40.7063058,-73.9195757,SUYDAM ST,11237,83,UNKNOWN,Street,1.634411043158896,False,BROOKLYN,"(40.7063058, -73.9195757)",trafficstat,True,False,False,False,False,False,False,False,True,,,,,,,
2026-07-13,00:00,40.7036675,-73.9268931,JEFFERSON ST,11237,83,UNKNOWN,Street,1.5103732816343909,False,BROOKLYN,"(40.7036675, -73.9268931)",trafficstat,False,False,False,False,False,False,False,False,False,,,,,,,
2026-07-13,00:00,40.6888048,-73.9100473,COVERT ST,11207,83,UNKNOWN,Street,40.859026435787555,False,BROOKLYN,"(40.6888048, -73.9100473)",trafficstat,False,False,False,False,False,False,False,False,False,,,,,,,
2026-07-13,00:00,40.6933157,-73.92495,BUSHWICK AVE,11221,83,UNKNOWN,Street,1.8856447235600742,False,BROOKLYN,"(40.6933157, -73.92495)",trafficstat,True,False,False,False,False,False,False,True,False,,,,,,,
2026-07-12,00:00,40.68494,-73.91013,BUSHWICK AVE,11207,83,UNKNOWN,Street,1.7440034808573006,False,BROOKLYN,"(40.68494, -73.91013)",trafficstat,False,False,False,False,False,False,False,False,False,,,,,,,
2026-07-12,00:00,40.703857,-73.9185,WYCKOFF AVE,11237,83,UNKNOWN,Street,1.682783271756521,False,BROOKLYN,"(40.703857, -73.9185)",trafficstat,True,False,False,False,False,True,False,False,False,,,,,,,
2026-07-11,00:00,40.7037717,-73.9311561,WILSON AVE,11237,83,UNKNOWN,Street,2.56734640470063,False,BROOKLYN,"(40.7037717, -73.9311561)",trafficstat,False,False,False,False,False,False,False,False,False,,,,,,,
2026-07-09,00:00,40.68917,-73.90949,CENTRAL AVE,11207,83,UNKNOWN,Street,1.858260914459005,False,BROOKLYN,"(40.68917, -73.90949)",trafficstat,False,False,False,False,False,False,False,False,False,,,,,,,
2026-07-09,00:00,40.6899245,-73.9228083,BROADWAY,11221,83,OTHER,Street,2.207153783974568,False,BROOKLYN,"(40.6899245, -73.9228083)",trafficstat,False,False,False,False,False,False,False,False,False,,,,,,,
2026-07-09,00:00,40.68727,-73.910194,SCHAEFER ST,11207,83,UNKNOWN,Street,1.2753403904485165,False,BROOKLYN,"(40.68727, -73.910194)",trafficstat,True,False,True,False,False,False,False,False,False,,,,,,,
2026-07-08,00:00,40.69499,-73.907295,IRVING AVE,11237,83,UNKNOWN,Street,1.4016306746844966,False,BROOKLYN,"(40.69499, -73.907295)",trafficstat,True,False,True,False,False,False,False,False,False,,,,,,,
2026-07-08,00:00,40.7031151,-73.9215812,HART ST,11237,83,OTHER,Street,1.6671801590019806,False,BROOKLYN,"(40.7031151, -73.9215812)",trafficstat,False,False,False,False,False,False,False,False,False,,,,,,,
2026-06-13,00:00,40.7031151,-73.9215812,HART ST,11237,83,OTHER,Street,1.6671801590019806,False,BROOKLYN,"(40.7031151, -73.9215812)",trafficstat,False,False,False,False,False,False,False,False,False,,,,,,,
2026-07-07,00:00,40.700059,-73.9327828,EVERGREEN AVE,11206,83,UNKNOWN,Street,2.4814551578654043,False,BROOKLYN,"(40.700059, -73.9327828)",trafficstat,False,False,False,False,False,False,False,False,False,,,,,,,
2026-07-07,00:00,40.698069,-73.9208612,WILSON AVE,11237,83,OTHER,Street,35.74035659734007,False,BROOKLYN,"(40.698069, -73.9208612)",trafficstat,True,False,False,True,False,False,False,False,False,,,,,,,
2026-07-06,00:00,40.6990121,-73.9225052,WILSON AVE,11237,83,OTHER,Street,38.44818730771255,False,BROOKLYN,"(40.6990121, -73.9225052)",trafficstat,False,False,False,False,False,False,False,False,False,,,,,,,
2026-07-06,00:00,40.6972387,-73.9351649,JEFFERSON ST,11206,83,UNKNOWN,Street,39.509654968104655,False,BROOKLYN,"(40.6972387, -73.9351649)",trafficstat,False,False,False,False,False,False,False,False,False,,,,,,,
2026-07-05,00:00,40.6943917,-73.9582985,MYRTLE AVE,11205,83,UNKNOWN,Street,18.751108186499724,False,BROOKLYN,"(40.6943917, -73.9582985)",trafficstat,True,False,False,False,False,False,False,True,False,,,,,,,
2026-07-04,00:00,40.6943917,-73.9582985,MYRTLE AVE,11205,83,OTHER,Street,18.751108186499724,False,BROOKLYN,"(40.6943917, -73.9582985)",trafficstat,True,False,False,False,False,False,False,True,False,,,,,,,
2026-06-27,00:00,40.6943917,-73.9582985,MYRTLE AVE,11205,83,UNKNOWN,Street,18.751108186499724,False,BROOKLYN,"(40.6943917, -73.9582985)",trafficstat,False,False,False,False,False,False,False,False,False,,,,,,,
2026-06-17,00:00,40.6943917,-73.9582985,MYRTLE AVE,11205,83,UNKNOWN,Street,18.751108186499724,False,BROOKLYN,"(40.6943917, -73.9582985)",trafficstat,False,False,False,False,False,False,False,False,False,,,,,,,
2026-06-12,00:00,40.6943917,-73.9582985,MYRTLE AVE,11205,83,UNKNOWN,Street,18.751108186499724,False,BROOKLYN,"(40.6943917, -73.9582985)",trafficstat,False,False,False,False,False,False,False,False,False,,,,,,,