crash_date,crash_time,latitude,longitude,on_street_name,zip_code,precinct,collision_type,roadway_type,geocode_dist_feet,time_is_known,borough,location,source,injury,fatality,injured_pedestrian,injured_cyclist,injured_ebike_rider,injured_motorcyclist,injured_moped_rider,injured_car_occupant,injured_suv_occupant,number_of_persons_injured,number_of_persons_killed,contributing_factor_vehicle_1,collision_id,cross_street_name,off_street_name,vehicle_type_code1
2026-07-05,00:00,40.6990206,-73.9367402,BELVIDERE ST,11206,83,OTHER,Street,31.907527741331183,False,BROOKLYN,"(40.6990206, -73.9367402)",trafficstat,False,False,False,False,False,False,False,False,False,,,,,,,
2026-07-05,00:00,40.7086946,-73.9207017,TROUTMAN ST,11237,83,OTHER,Street,1.900948925550528,False,BROOKLYN,"(40.7086946, -73.9207017)",trafficstat,False,False,False,False,False,False,False,False,False,,,,,,,
2026-06-18,00:00,40.7086946,-73.9207017,TROUTMAN ST,11237,83,UNKNOWN,Street,1.900948925550528,False,BROOKLYN,"(40.7086946, -73.9207017)",trafficstat,True,False,False,False,False,False,False,True,False,,,,,,,
2026-07-04,00:00,40.698849,-73.9385687,BROADWAY,11206,83,UNKNOWN,Street,2.0243909446758863,False,BROOKLYN,"(40.698849, -73.9385687)",trafficstat,True,False,False,False,False,True,False,False,False,,,,,,,
2026-07-04,00:00,40.7000539,-73.9245818,WILSON AVE,11237,83,OTHER,Street,2.483038427235301,False,BROOKLYN,"(40.7000539, -73.9245818)",trafficstat,True,False,False,True,False,False,False,False,False,,,,,,,
2026-06-23,00:00,40.7000539,-73.9245818,WILSON AVE,11237,83,OTHER,Street,2.483038427235301,False,BROOKLYN,"(40.7000539, -73.9245818)",trafficstat,True,False,True,False,False,False,False,False,False,,,,,,,
2026-07-04,00:00,40.69215,-73.91946,GATES AVE,11221,83,UNKNOWN,Street,1.935522341009384,False,BROOKLYN,"(40.69215, -73.91946)",trafficstat,True,False,False,False,False,False,False,True,False,,,,,,,
2026-07-03,00:00,40.7020459,-73.9155992,WYCKOFF AVE,11237,83,UNKNOWN,Street,2.0851965841708915,False,BROOKLYN,"(40.7020459, -73.9155992)",trafficstat,False,False,False,False,False,False,False,False,False,,,,,,,
2026-07-02,00:00,40.6993916,-73.9193748,KNICKERBOCKER AVE,11237,83,UNKNOWN,Street,1.9931100089485685,False,BROOKLYN,"(40.6993916, -73.9193748)",trafficstat,True,False,False,False,False,False,False,True,False,,,,,,,
2026-07-02,00:00,40.6946865,-73.911108,CORNELIA ST,11221,83,UNKNOWN,Street,2.0111403976773485,False,BROOKLYN,"(40.6946865, -73.911108)",trafficstat,False,False,False,False,False,False,False,False,False,,,,,,,
2026-07-02,00:00,40.6936314,-73.9133127,PUTNAM AVE,11221,83,UNKNOWN,Street,2.343641309883326,False,BROOKLYN,"(40.6936314, -73.9133127)",trafficstat,True,False,False,True,False,False,False,False,False,,,,,,,
2026-06-12,00:00,40.6936314,-73.9133127,PUTNAM AVE,11221,83,UNKNOWN,Street,2.343641309883326,False,BROOKLYN,"(40.6936314, -73.9133127)",trafficstat,False,False,False,False,False,False,False,False,False,,,,,,,
2026-07-01,00:00,40.69597,-73.9133602,KNICKERBOCKER AVE,11221,83,OTHER,Street,2.1810702809840263,False,BROOKLYN,"(40.69597, -73.9133602)",trafficstat,True,False,False,False,False,False,False,False,False,,,,,,,
2026-06-28,00:00,40.6993611,-73.9315537,EVERGREEN AVE,11206,83,UNKNOWN,Street,1.8186989093549806,False,BROOKLYN,"(40.6993611, -73.9315537)",trafficstat,True,False,False,False,False,False,False,True,False,,,,,,,
2026-06-24,00:00,40.6993611,-73.9315537,EVERGREEN AVE,11206,83,OTHER,Street,1.8186989093549806,False,BROOKLYN,"(40.6993611, -73.9315537)",trafficstat,True,False,False,False,False,False,False,True,False,,,,,,,
2026-06-28,00:00,40.6951569,-73.920011,MENAHAN ST,11221,83,UNKNOWN,Street,2.156043513773002,False,BROOKLYN,"(40.6951569, -73.920011)",trafficstat,False,False,False,False,False,False,False,False,False,,,,,,,
2026-06-28,00:00,40.6933362,-73.9122761,CORNELIA ST,11221,83,OTHER,Street,36.90092187962651,False,BROOKLYN,"(40.6933362, -73.9122761)",trafficstat,False,False,False,False,False,False,False,False,False,,,,,,,
2026-06-28,00:00,40.6862254,-73.9123885,COVERT ST,11207,83,UNKNOWN,Street,1.7972868195677283,False,BROOKLYN,"(40.6862254, -73.9123885)",trafficstat,False,False,False,False,False,False,False,False,False,,,,,,,
2026-06-27,00:00,40.685466,-73.9114471,BUSHWICK AVE,11207,83,UNKNOWN,Street,67.06598790946158,False,BROOKLYN,"(40.685466, -73.9114471)",trafficstat,False,False,False,False,False,False,False,False,False,,,,,,,
2026-06-27,00:00,40.6987,-73.93476,BUSHWICK AVE,11206,83,UNKNOWN,Street,1.9753635239077714,False,BROOKLYN,"(40.6987, -73.93476)",trafficstat,False,False,False,False,False,False,False,False,False,,,,,,,
2026-06-27,00:00,40.7043984,-73.9238339,IRVING AVE,11237,83,OTHER,Street,1.819303202888024,False,BROOKLYN,"(40.7043984, -73.9238339)",trafficstat,False,False,False,False,False,False,False,False,False,,,,,,,
2026-06-26,00:00,40.7038568,-73.9185038,STOCKHOLM ST,11237,83,UNKNOWN,Street,2.166029132049745,False,BROOKLYN,"(40.7038568, -73.9185038)",trafficstat,False,False,False,False,False,False,False,False,False,,,,,,,
2026-06-26,00:00,40.700726,-73.94193,BROADWAY,11206,83,UNKNOWN,Street,1.838692124892056,False,BROOKLYN,"(40.700726, -73.94193)",trafficstat,True,False,True,False,False,False,False,False,False,,,,,,,
2026-06-26,00:00,40.70036,-73.91257,LINDEN ST,11237,83,UNKNOWN,Street,1.3462808585204735,False,BROOKLYN,"(40.70036, -73.91257)",trafficstat,False,False,False,False,False,False,False,False,False,,,,,,,
2026-06-25,00:00,40.697999,-73.9260591,CEDAR ST,11221,83,UNKNOWN,Street,2.77944437694012,False,BROOKLYN,"(40.697999, -73.9260591)",trafficstat,False,False,False,False,False,False,False,False,False,,,,,,,
2026-06-25,00:00,40.695847,-73.9088,JEFFERSON AVE,11221,83,UNKNOWN,Street,1.3884752494851944,False,BROOKLYN,"(40.695847, -73.9088)",trafficstat,False,False,False,False,False,False,False,False,False,,,,,,,
2026-06-25,00:00,40.6921482,-73.9194593,GATES AVE,11221,83,UNKNOWN,Street,2.4831314414925054,False,BROOKLYN,"(40.6921482, -73.9194593)",trafficstat,False,False,False,False,False,False,False,False,False,,,,,,,
2026-06-25,00:00,40.696014,-73.921524,GREENE AVE,11221,83,UNKNOWN,Street,1.5348669437686575,False,BROOKLYN,"(40.696014, -73.921524)",trafficstat,False,False,False,False,False,False,False,False,False,,,,,,,
2026-06-24,00:00,40.70567,-73.92141,WILLOUGHBY AVE,11237,83,OTHER,Street,2.1134494494906084,False,BROOKLYN,"(40.70567, -73.92141)",trafficstat,False,False,False,False,False,False,False,False,False,,,,,,,
2026-06-23,00:00,40.6890726,-73.9213056,BROADWAY,11221,83,UNKNOWN,Street,1.8724031409964073,False,BROOKLYN,"(40.6890726, -73.9213056)",trafficstat,False,False,False,False,False,False,False,False,False,,,,,,,
2026-06-22,00:00,40.690266,-73.91545,EVERGREEN AVE,11221,83,UNKNOWN,Street,1.537585406573248,False,BROOKLYN,"(40.690266, -73.91545)",trafficstat,False,False,False,False,False,False,False,False,False,,,,,,,
2026-06-22,00:00,40.6818033,-73.9085148,BROADWAY,11207,83,UNKNOWN,Street,2.1048079957066976,False,BROOKLYN,"(40.6818033, -73.9085148)",trafficstat,True,False,False,False,False,False,False,True,False,,,,,,,
2026-06-21,00:00,40.687508,-73.91464,BUSHWICK AVE,11207,83,UNKNOWN,Street,1.500944737647072,False,BROOKLYN,"(40.687508, -73.91464)",trafficstat,False,False,False,False,False,False,False,False,False,,,,,,,
2026-06-21,00:00,40.69597,-73.91336,KNICKERBOCKER AVE,11221,83,UNKNOWN,Street,2.1478382714429514,False,BROOKLYN,"(40.69597, -73.91336)",trafficstat,True,False,False,False,False,False,False,False,False,,,,,,,
2026-06-21,00:00,40.694855,-73.924995,EVERGREEN AVE,11221,83,UNKNOWN,Street,1.8988400739261964,False,BROOKLYN,"(40.694855, -73.924995)",trafficstat,False,False,False,False,False,False,False,False,False,,,,,,,
2026-06-21,00:00,40.6990359,-73.9389003,BROADWAY,11206,83,UNKNOWN,Street,2.3043927439699425,False,BROOKLYN,"(40.6990359, -73.9389003)",trafficstat,False,False,False,False,False,False,False,False,False,,,,,,,
2026-06-21,00:00,40.7029527,-73.9170515,HIMROD ST,11237,83,OTHER,Street,1.858733730378277,False,BROOKLYN,"(40.7029527, -73.9170515)",trafficstat,True,False,False,False,False,False,False,False,True,,,,,,,
2026-06-21,00:00,40.7017539,-73.9168992,HARMAN ST,11237,83,UNKNOWN,Street,36.904201784153,False,BROOKLYN,"(40.7017539, -73.9168992)",trafficstat,False,False,False,False,False,False,False,False,False,,,,,,,
2026-06-21,00:00,40.7020326,-73.9157968,GREENE AVE,11237,83,UNKNOWN,Street,38.74559438184639,False,BROOKLYN,"(40.7020326, -73.9157968)",trafficstat,False,False,False,False,False,False,False,False,False,,,,,,,
2026-06-20,00:00,40.70055,-73.91707,GREENE AVE,11237,83,UNKNOWN,Street,1.194135954564563,False,BROOKLYN,"(40.70055, -73.91707)",trafficstat,True,False,False,False,False,False,True,False,False,,,,,,,
2026-06-20,00:00,40.7091287,-73.9214334,CYPRESS AVE,,83,OTHER,Street,1.9417956672001095,False,BROOKLYN,"(40.7091287, -73.9214334)",trafficstat,True,False,False,True,False,False,False,False,False,,,,,,,
2026-06-20,00:00,40.69155,-73.9069497,COVERT ST,11207,83,UNKNOWN,Street,48.32432803025122,False,BROOKLYN,"(40.69155, -73.9069497)",trafficstat,False,False,False,False,False,False,False,False,False,,,,,,,
2026-06-20,00:00,40.6847991,-73.9137965,BROADWAY,11207,83,UNKNOWN,Street,2.3334311608288676,False,BROOKLYN,"(40.6847991, -73.9137965)",trafficstat,False,False,False,False,False,False,False,False,False,,,,,,,
2026-06-19,00:00,40.7002804,-73.9411496,MARCUS GARVEY BLVD,11206,83,UNKNOWN,Street,1.9189659704304296,False,BROOKLYN,"(40.7002804, -73.9411496)",trafficstat,True,False,False,False,False,False,False,True,True,,,,,,,
2026-06-18,00:00,40.6961199,-73.9050043,WYCKOFF AVE,,83,UNKNOWN,Street,1.8026031033930028,False,BROOKLYN,"(40.6961199, -73.9050043)",trafficstat,True,False,True,False,False,False,False,False,False,,,,,,,
2026-06-17,00:00,40.6844663,-73.910743,COOPER ST,11207,83,UNKNOWN,Street,32.806219064006484,False,BROOKLYN,"(40.6844663, -73.910743)",trafficstat,False,False,False,False,False,False,False,False,False,,,,,,,
2026-06-16,00:00,40.6904041,-73.9035881,MOFFAT ST,11207,83,UNKNOWN,Street,2.223438476394478,False,BROOKLYN,"(40.6904041, -73.9035881)",trafficstat,False,False,False,False,False,False,False,False,False,,,,,,,
2026-06-16,00:00,40.7025,-73.91632,WYCKOFF AVE,11237,83,OTHER,Street,0.8712767544439262,False,BROOKLYN,"(40.7025, -73.91632)",trafficstat,False,False,False,False,False,False,False,False,False,,,,,,,
2026-06-15,00:00,40.6941278,-73.9057969,ELDERT ST,11237,83,UNKNOWN,Street,1.732485368266677,False,BROOKLYN,"(40.6941278, -73.9057969)",trafficstat,False,False,False,False,False,False,False,False,False,,,,,,,
2026-06-15,00:00,40.6864976,-73.9167979,BROADWAY,11221,83,OTHER,Street,1.90383700243852,False,BROOKLYN,"(40.6864976, -73.9167979)",trafficstat,True,False,False,True,False,False,False,False,False,,,,,,,
2026-06-14,00:00,40.690213,-73.9165127,PUTNAM AVE,11221,83,UNKNOWN,Street,36.93599562584475,False,BROOKLYN,"(40.690213, -73.9165127)",trafficstat,True,False,False,False,False,False,False,True,False,,,,,,,
2026-06-14,00:00,40.6934475,-73.9170092,PALMETTO ST,11221,83,OTHER,Street,2.3399487750684282,False,BROOKLYN,"(40.6934475, -73.9170092)",trafficstat,True,False,False,False,False,False,False,True,False,,,,,,,
2026-06-14,00:00,40.6979813,-73.9125569,PALMETTO ST,11237,83,UNKNOWN,Street,1.8830557513150668,False,BROOKLYN,"(40.6979813, -73.9125569)",trafficstat,False,False,False,False,False,False,False,False,False,,,,,,,
2026-06-14,00:00,40.7002123,-73.9184171,HARMAN ST,11237,83,UNKNOWN,Street,36.07799437554468,False,BROOKLYN,"(40.7002123, -73.9184171)",trafficstat,False,False,False,False,False,False,False,False,False,,,,,,,
2026-06-13,00:00,40.701076,-73.9404204,SUMNER PL,11206,83,UNKNOWN,Street,2.1729008658183857,False,BROOKLYN,"(40.701076, -73.9404204)",trafficstat,True,False,False,True,False,False,False,False,False,,,,,,,
2026-06-13,00:00,40.700469,-73.934528,STANWIX ST,11206,83,UNKNOWN,Street,0.8003538052394332,False,BROOKLYN,"(40.700469, -73.934528)",trafficstat,False,False,False,False,False,False,False,False,False,,,,,,,
2026-06-12,00:00,40.6986392,-73.9120678,PALMETTO ST,11237,83,UNKNOWN,Street,31.78852292972669,False,BROOKLYN,"(40.6986392, -73.9120678)",trafficstat,False,False,False,False,False,False,False,False,False,,,,,,,
2026-06-12,00:00,40.6974066,-73.9360059,BROADWAY,11206,83,OTHER,Street,1.7522930150121492,False,BROOKLYN,"(40.6974066, -73.9360059)",trafficstat,True,False,True,False,False,False,False,False,False,,,,,,,
2026-06-12,00:00,40.6936326,-73.9090022,KNICKERBOCKER AVE,11221,83,UNKNOWN,Street,39.67100469071629,False,BROOKLYN,"(40.6936326, -73.9090022)",trafficstat,False,False,False,False,False,False,False,False,False,,,,,,,
2026-06-12,00:00,40.6955187,-73.9311394,HART ST,11221,83,UNKNOWN,Street,37.05381900336398,False,BROOKLYN,"(40.6955187, -73.9311394)",trafficstat,False,False,False,False,False,False,False,False,False,,,,,,,
2026-09-12,00:00,40.6866467,-73.9798115,SCHERMERHORN ST,11217,84,UNKNOWN,Street,1.1627660408416725,False,BROOKLYN,"(40.6866467, -73.9798115)",trafficstat,False,False,False,False,False,False,False,False,False,,,,,,,
2026-09-12,00:00,40.6962521,-73.9911755,CADMAN PLZ W,11201,84,UNKNOWN,Street,16.527220970857417,False,BROOKLYN,"(40.6962521, -73.9911755)",trafficstat,False,False,False,False,False,False,False,False,False,,,,,,,
2026-07-02,00:00,40.6962521,-73.9911755,CADMAN PLZ W,11201,84,UNKNOWN,Street,16.527220970857417,False,BROOKLYN,"(40.6962521, -73.9911755)",trafficstat,False,False,False,False,False,False,False,False,False,,,,,,,
2026-09-12,00:00,40.7014615,-73.9896218,BROOKLYN QUEENS EXPY,11201,84,UNKNOWN,Bridge,6.07076955337639,False,BROOKLYN,"(40.7014615, -73.9896218)",trafficstat,True,False,False,False,False,False,False,True,False,,,,,,,
2026-08-04,00:00,40.7014615,-73.9896218,BROOKLYN QUEENS EXPY,11201,84,OTHER,Bridge,6.07076955337639,False,BROOKLYN,"(40.7014615, -73.9896218)",trafficstat,False,False,False,False,False,False,False,False,False,,,,,,,
2026-07-30,00:00,40.7014615,-73.9896218,BROOKLYN QUEENS EXPY,11201,84,UNKNOWN,Bridge,6.07076955337639,False,BROOKLYN,"(40.7014615, -73.9896218)",trafficstat,False,False,False,False,False,False,False,False,False,,,,,,,
2026-09-11,00:00,40.6914539,-73.9873321,SMITH ST,11201,84,UNKNOWN,Street,1.7842787095877601,False,BROOKLYN,"(40.6914539, -73.9873321)",trafficstat,True,False,False,True,False,False,False,False,False,,,,,,,
2026-06-28,00:00,40.6914539,-73.9873321,SMITH ST,11201,84,UNKNOWN,Street,1.7842787095877601,False,BROOKLYN,"(40.6914539, -73.9873321)",trafficstat,True,False,True,False,False,False,False,False,False,,,,,,,
2026-09-11,00:00,40.6916906,-73.9993379,BROOKLYN QUEENS EXPY,11201,84,UNKNOWN,Highway,3.2925291442702673,False,BROOKLYN,"(40.6916906, -73.9993379)",trafficstat,True,False,False,False,False,False,False,True,False,,,,,,,
2026-08-13,00:00,40.6916906,-73.9993379,BROOKLYN QUEENS EXPY,11201,84,UNKNOWN,Highway,3.2925291442702673,False,BROOKLYN,"(40.6916906, -73.9993379)",trafficstat,False,False,False,False,False,False,False,False,False,,,,,,,
2026-07-26,00:00,40.6916906,-73.9993379,BROOKLYN QUEENS EXPY,11201,84,UNKNOWN,Highway,3.2925291442702673,False,BROOKLYN,"(40.6916906, -73.9993379)",trafficstat,False,False,False,False,False,False,False,False,False,,,,,,,
2026-07-14,00:00,40.6916906,-73.9993379,BROOKLYN QUEENS EXPY,11201,84,UNKNOWN,Highway,3.2925291442702673,False,BROOKLYN,"(40.6916906, -73.9993379)",trafficstat,False,False,False,False,False,False,False,False,False,,,,,,,
2026-09-11,00:00,40.6966735,-73.9808449,BROOKLYN QUEENS EXPWY WB ET 29,11201,84,UNKNOWN,Ramp,1.1547723072646545,False,BROOKLYN,"(40.6966735, -73.9808449)",trafficstat,False,False,False,False,False,False,False,False,False,,,,,,,
2026-09-05,00:00,40.6966735,-73.9808449,BROOKLYN QUEENS EXPWY WB ET 29,11201,84,UNKNOWN,Ramp,1.1547723072646545,False,BROOKLYN,"(40.6966735, -73.9808449)",trafficstat,True,False,False,False,False,False,False,False,True,,,,,,,
2026-07-18,00:00,40.6966735,-73.9808449,BROOKLYN QUEENS EXPWY WB ET 29,11201,84,OTHER,Ramp,1.1547723072646545,False,BROOKLYN,"(40.6966735, -73.9808449)",trafficstat,False,False,False,False,False,False,False,False,False,,,,,,,
2026-06-29,00:00,40.6966735,-73.9808449,BROOKLYN QUEENS EXPWY WB ET 29,11201,84,UNKNOWN,Ramp,1.1547723072646545,False,BROOKLYN,"(40.6966735, -73.9808449)",trafficstat,True,False,False,False,False,False,False,True,False,,,,,,,
2026-09-10,00:00,40.6889031,-73.9809286,FULTON ST,11201,84,UNKNOWN,Street,2.3214787223104794,False,BROOKLYN,"(40.6889031, -73.9809286)",trafficstat,False,False,False,False,False,False,False,False,False,,,,,,,
2026-07-08,00:00,40.6889031,-73.9809286,FULTON ST,11201,84,UNKNOWN,Street,2.3214787223104794,False,BROOKLYN,"(40.6889031, -73.9809286)",trafficstat,True,False,False,False,False,False,False,True,False,,,,,,,
2026-09-10,00:00,40.6869302,-73.9848306,BOND ST,11217,84,OTHER,Street,1.2214876422505159,False,BROOKLYN,"(40.6869302, -73.9848306)",trafficstat,True,False,False,False,True,False,False,False,False,,,,,,,
2026-09-09,00:00,40.6869302,-73.9848306,BOND ST,11217,84,UNKNOWN,Street,1.2214876422505159,False,BROOKLYN,"(40.6869302, -73.9848306)",trafficstat,False,False,False,False,False,False,False,False,False,,,,,,,
2026-07-10,00:00,40.6869302,-73.9848306,BOND ST,11217,84,OTHER,Street,1.2214876422505159,False,BROOKLYN,"(40.6869302, -73.9848306)",trafficstat,True,False,False,True,False,False,False,False,False,,,,,,,
2026-09-09,00:00,40.692089,-73.9860377,WILLOUGHBY ST,11201,84,UNKNOWN,Street,38.28753403642777,False,BROOKLYN,"(40.692089, -73.9860377)",trafficstat,True,False,False,False,False,False,False,False,True,,,,,,,
2026-06-30,00:00,40.692089,-73.9860377,WILLOUGHBY ST,11201,84,OTHER,Street,38.28753403642777,False,BROOKLYN,"(40.692089, -73.9860377)",trafficstat,False,False,False,False,False,False,False,False,False,,,,,,,
2026-09-08,00:00,40.6900184,-73.9898843,BOERUM PL,11201,84,UNKNOWN,Street,3.497298472309784,False,BROOKLYN,"(40.6900184, -73.9898843)",trafficstat,False,False,False,False,False,False,False,False,False,,,,,,,
2026-09-08,00:00,40.6824471,-73.9824821,3 AVE,11217,84,UNKNOWN,Street,42.31572526699967,False,BROOKLYN,"(40.6824471, -73.9824821)",trafficstat,False,False,False,False,False,False,False,False,False,,,,,,,
2026-09-08,00:00,40.6960345,-73.9845292,FLATBUSH AVE  EXTENSION,11201,84,UNKNOWN,Street,24.273649992410817,False,BROOKLYN,"(40.6960345, -73.9845292)",trafficstat,True,False,True,False,False,False,False,False,False,,,,,,,
2026-09-04,00:00,40.6960345,-73.9845292,FLATBUSH AVE  EXTENSION,11201,84,UNKNOWN,Street,24.273649992410817,False,BROOKLYN,"(40.6960345, -73.9845292)",trafficstat,True,False,False,False,False,False,False,True,False,,,,,,,
2026-08-29,00:00,40.6960345,-73.9845292,FLATBUSH AVE  EXTENSION,11201,84,UNKNOWN,Street,24.273649992410817,False,BROOKLYN,"(40.6960345, -73.9845292)",trafficstat,False,False,False,False,False,False,False,False,False,,,,,,,
2026-08-28,00:00,40.6960345,-73.9845292,FLATBUSH AVE  EXTENSION,11201,84,UNKNOWN,Street,24.273649992410817,False,BROOKLYN,"(40.6960345, -73.9845292)",trafficstat,False,False,False,False,False,False,False,False,False,,,,,,,
2026-08-23,00:00,40.6960345,-73.9845292,FLATBUSH AVE  EXTENSION,11201,84,UNKNOWN,Street,24.273649992410817,False,BROOKLYN,"(40.6960345, -73.9845292)",trafficstat,True,False,False,False,False,True,False,False,False,,,,,,,
2026-08-18,00:00,40.6960345,-73.9845292,FLATBUSH AVE  EXTENSION,11201,84,UNKNOWN,Street,24.273649992410817,False,BROOKLYN,"(40.6960345, -73.9845292)",trafficstat,False,False,False,False,False,False,False,False,False,,,,,,,
2026-08-13,00:00,40.6960345,-73.9845292,FLATBUSH AVE  EXTENSION,11201,84,UNKNOWN,Street,24.273649992410817,False,BROOKLYN,"(40.6960345, -73.9845292)",trafficstat,False,False,False,False,False,False,False,False,False,,,,,,,
2026-07-25,00:00,40.6960345,-73.9845292,FLATBUSH AVE  EXTENSION,11201,84,UNKNOWN,Street,24.273649992410817,False,BROOKLYN,"(40.6960345, -73.9845292)",trafficstat,False,False,False,False,False,False,False,False,False,,,,,,,
2026-07-14,00:00,40.6960345,-73.9845292,FLATBUSH AVE  EXTENSION,11201,84,OTHER,Street,24.273649992410817,False,BROOKLYN,"(40.6960345, -73.9845292)",trafficstat,False,False,False,False,False,False,False,False,False,,,,,,,
2026-06-23,00:00,40.6960345,-73.9845292,FLATBUSH AVE  EXTENSION,11201,84,UNKNOWN,Street,24.273649992410817,False,BROOKLYN,"(40.6960345, -73.9845292)",trafficstat,True,False,False,False,False,False,False,False,True,,,,,,,
2026-09-08,00:00,40.6959932,-73.9832129,GOLD ST,11201,84,UNKNOWN,Street,0.36115084887331905,False,BROOKLYN,"(40.6959932, -73.9832129)",trafficstat,False,False,False,False,False,False,False,False,False,,,,,,,
2026-08-18,00:00,40.6959932,-73.9832129,GOLD ST,11201,84,UNKNOWN,Street,0.36115084887331905,False,BROOKLYN,"(40.6959932, -73.9832129)",trafficstat,False,False,False,False,False,False,False,False,False,,,,,,,
2026-08-16,00:00,40.6959932,-73.9832129,GOLD ST,11201,84,UNKNOWN,Street,0.36115084887331905,False,BROOKLYN,"(40.6959932, -73.9832129)",trafficstat,False,False,False,False,False,False,False,False,False,,,,,,,
2026-07-07,00:00,40.6959932,-73.9832129,GOLD ST,11201,84,UNKNOWN,Street,0.36115084887331905,False,BROOKLYN,"(40.6959932, -73.9832129)",trafficstat,True,False,False,False,False,False,False,True,False,,,,,,,
2026-06-20,00:00,40.6959932,-73.9832129,GOLD ST,11201,84,OTHER,Street,0.36115084887331905,False,BROOKLYN,"(40.6959932, -73.9832129)",trafficstat,False,False,False,False,False,False,False,False,False,,,,,,,
2026-09-07,00:00,40.7007585,-73.9859866,BROOKLYN QUEENS EXPY,11201,84,UNKNOWN,Bridge,0.7934928607416006,False,BROOKLYN,"(40.7007585, -73.9859866)",trafficstat,False,False,False,False,False,False,False,False,False,,,,,,,
2026-07-23,00:00,40.7007585,-73.9859866,BROOKLYN QUEENS EXPY,11201,84,UNKNOWN,Bridge,0.7934928607416006,False,BROOKLYN,"(40.7007585, -73.9859866)",trafficstat,True,False,False,False,False,False,False,True,False,,,,,,,
2026-06-25,00:00,40.7007585,-73.9859866,BROOKLYN QUEENS EXPY,11201,84,UNKNOWN,Bridge,0.7934928607416006,False,BROOKLYN,"(40.7007585, -73.9859866)",trafficstat,False,False,False,False,False,False,False,False,False,,,,,,,
2026-09-07,00:00,40.6903454,-73.9920525,COURT ST,11201,84,OTHER,Street,1.419256078840319,False,BROOKLYN,"(40.6903454, -73.9920525)",trafficstat,False,False,False,False,False,False,False,False,False,,,,,,,
2026-09-07,00:00,40.6898702,-73.9882988,SMITH ST,11201,84,UNKNOWN,Street,1.9743179918909024,False,BROOKLYN,"(40.6898702, -73.9882988)",trafficstat,True,True,False,False,False,False,False,False,False,,,,,,,
2026-09-06,00:00,40.6913179,-73.9854481,BRIDGE ST,11201,84,UNKNOWN,Street,33.061876984703304,False,BROOKLYN,"(40.6913179, -73.9854481)",trafficstat,False,False,False,False,False,False,False,False,False,,,,,,,
2026-09-06,00:00,40.6975989,-73.988319,ADAMS ST,11201,84,UNKNOWN,Street,47.524245296748916,False,BROOKLYN,"(40.6975989, -73.988319)",trafficstat,False,False,False,False,False,False,False,False,False,,,,,,,
2026-09-06,00:00,40.702354,-73.9847,BRIDGE ST,11201,84,OTHER,Street,1.8463603004767413,False,BROOKLYN,"(40.702354, -73.9847)",trafficstat,False,False,False,False,False,False,False,False,False,,,,,,,
2026-09-06,00:00,40.6997702,-73.9846416,BROOKLYN QUEENS EXPY,11201,84,UNKNOWN,Bridge,4.413669008249188,False,BROOKLYN,"(40.6997702, -73.9846416)",trafficstat,False,False,False,False,False,False,False,False,False,,,,,,,
2026-09-05,00:00,40.7028864,-73.9943845,OLD   FULTON ST,11201,84,UNKNOWN,Street,0.41124353960720544,False,BROOKLYN,"(40.7028864, -73.9943845)",trafficstat,False,False,False,False,False,False,False,False,False,,,,,,,
2026-07-11,00:00,40.7028864,-73.9943845,OLD   FULTON ST,11201,84,UNKNOWN,Street,0.41124353960720544,False,BROOKLYN,"(40.7028864, -73.9943845)",trafficstat,True,False,False,False,False,False,False,True,False,,,,,,,
2026-09-05,00:00,40.7038604,-73.989537,WASHINGTON ST,11201,84,UNKNOWN,Street,0.5088863064497143,False,BROOKLYN,"(40.7038604, -73.989537)",trafficstat,True,False,False,True,False,False,False,False,False,,,,,,,
2026-09-04,00:00,40.696197,-73.9887629,TILLARY ST,11201,84,UNKNOWN,Street,24.51687415257852,False,BROOKLYN,"(40.696197, -73.9887629)",trafficstat,True,False,False,False,False,False,False,True,False,,,,,,,
2026-08-29,00:00,40.696197,-73.9887629,TILLARY ST,11201,84,UNKNOWN,Street,24.51687415257852,False,BROOKLYN,"(40.696197, -73.9887629)",trafficstat,False,False,False,False,False,False,False,False,False,,,,,,,
2026-08-28,00:00,40.696197,-73.9887629,TILLARY ST,11201,84,UNKNOWN,Street,24.51687415257852,False,BROOKLYN,"(40.696197, -73.9887629)",trafficstat,True,False,False,False,False,False,False,False,False,,,,,,,
2026-08-20,00:00,40.696197,-73.9887629,TILLARY ST,11201,84,UNKNOWN,Street,24.51687415257852,False,BROOKLYN,"(40.696197, -73.9887629)",trafficstat,False,False,False,False,False,False,False,False,False,,,,,,,
2026-08-06,00:00,40.696197,-73.9887629,TILLARY ST,11201,84,UNKNOWN,Street,24.51687415257852,False,BROOKLYN,"(40.696197, -73.9887629)",trafficstat,False,False,False,False,False,False,False,False,False,,,,,,,
2026-07-30,00:00,40.696197,-73.9887629,TILLARY ST,11201,84,UNKNOWN,Street,24.51687415257852,False,BROOKLYN,"(40.696197, -73.9887629)",trafficstat,True,False,False,False,False,False,False,False,True,,,,,,,
2026-07-20,00:00,40.696197,-73.9887629,TILLARY ST,11201,84,UNKNOWN,Street,24.51687415257852,False,BROOKLYN,"(40.696197, -73.9887629)",trafficstat,False,False,False,False,False,False,False,False,False,,,,,,,
2026-07-17,00:00,40.696197,-73.9887629,TILLARY ST,11201,84,UNKNOWN,Street,24.51687415257852,False,BROOKLYN,"(40.696197, -73.9887629)",trafficstat,False,False,False,False,False,False,False,False,False,,,,,,,
2026-07-07,00:00,40.696197,-73.9887629,TILLARY ST,11201,84,UNKNOWN,Street,24.51687415257852,False,BROOKLYN,"(40.696197, -73.9887629)",trafficstat,False,False,False,False,False,False,False,False,False,,,,,,,