crash_date,crash_time,latitude,longitude,on_street_name,zip_code,precinct,collision_type,roadway_type,geocode_dist_feet,time_is_known,borough,location,source,injury,fatality,injured_pedestrian,injured_cyclist,injured_ebike_rider,injured_motorcyclist,injured_moped_rider,injured_car_occupant,injured_suv_occupant,number_of_persons_injured,number_of_persons_killed,contributing_factor_vehicle_1,collision_id,cross_street_name,off_street_name,vehicle_type_code1
2026-07-06,00:00,40.696197,-73.9887629,TILLARY ST,11201,84,UNKNOWN,Street,24.51687415257852,False,BROOKLYN,"(40.696197, -73.9887629)",trafficstat,False,False,False,False,False,False,False,False,False,,,,,,,
2026-06-28,00:00,40.696197,-73.9887629,TILLARY ST,11201,84,OTHER,Street,24.51687415257852,False,BROOKLYN,"(40.696197, -73.9887629)",trafficstat,True,False,False,False,False,False,False,True,False,,,,,,,
2026-06-17,00:00,40.696197,-73.9887629,TILLARY ST,11201,84,UNKNOWN,Street,24.51687415257852,False,BROOKLYN,"(40.696197, -73.9887629)",trafficstat,True,False,False,False,False,False,False,True,False,,,,,,,
2026-09-03,00:00,40.6960511,-73.9850845,TILLARY ST,11201,84,UNKNOWN,Street,29.12076527766623,False,BROOKLYN,"(40.6960511, -73.9850845)",trafficstat,False,False,False,False,False,False,False,False,False,,,,,,,
2026-09-03,00:00,40.6902521,-73.9938252,ATLANTIC AVE,11201,84,UNKNOWN,Street,52.113578728089614,False,BROOKLYN,"(40.6902521, -73.9938252)",trafficstat,False,False,False,False,False,False,False,False,False,,,,,,,
2026-09-03,00:00,40.6821369,-73.9810285,ST MARKS PL,11217,84,UNKNOWN,Street,36.343343463960764,False,BROOKLYN,"(40.6821369, -73.9810285)",trafficstat,False,False,False,False,False,False,False,False,False,,,,,,,
2026-09-03,00:00,40.7002205,-73.9863892,JAY ST,11201,84,UNKNOWN,Ramp,0.9928179594966564,False,BROOKLYN,"(40.7002205, -73.9863892)",trafficstat,False,False,False,False,False,False,False,False,False,,,,,,,
2026-08-29,00:00,40.7002205,-73.9863892,JAY ST,11201,84,UNKNOWN,Ramp,0.9928179594966564,False,BROOKLYN,"(40.7002205, -73.9863892)",trafficstat,True,False,False,False,False,False,False,False,True,,,,,,,
2026-07-07,00:00,40.7002205,-73.9863892,JAY ST,11201,84,UNKNOWN,Ramp,0.9928179594966564,False,BROOKLYN,"(40.7002205, -73.9863892)",trafficstat,True,False,False,False,False,False,False,True,False,,,,,,,
2026-06-25,00:00,40.7002205,-73.9863892,JAY ST,11201,84,UNKNOWN,Ramp,0.9928179594966564,False,BROOKLYN,"(40.7002205, -73.9863892)",trafficstat,False,False,False,False,False,False,False,False,False,,,,,,,
2026-09-03,00:00,40.7044317,-73.9949088,BROOKLYN BRG,10038,84,UNKNOWN,Bridge,8.103756843843367,False,BROOKLYN,"(40.7044317, -73.9949088)",trafficstat,False,False,False,False,False,False,False,False,False,,,,,,,
2026-08-31,00:00,40.7044317,-73.9949088,BROOKLYN BRG,10038,84,UNKNOWN,Bridge,8.103756843843367,False,BROOKLYN,"(40.7044317, -73.9949088)",trafficstat,False,False,False,False,False,False,False,False,False,,,,,,,
2026-08-22,00:00,40.7044317,-73.9949088,BROOKLYN BRG,10038,84,UNKNOWN,Bridge,8.103756843843367,False,BROOKLYN,"(40.7044317, -73.9949088)",trafficstat,False,False,False,False,False,False,False,False,False,,,,,,,
2026-08-21,00:00,40.7044317,-73.9949088,BROOKLYN BRG,10038,84,UNKNOWN,Bridge,8.103756843843367,False,BROOKLYN,"(40.7044317, -73.9949088)",trafficstat,True,False,False,False,False,False,False,True,False,,,,,,,
2026-08-10,00:00,40.7044317,-73.9949088,BROOKLYN BRG,10038,84,UNKNOWN,Bridge,8.103756843843367,False,BROOKLYN,"(40.7044317, -73.9949088)",trafficstat,False,False,False,False,False,False,False,False,False,,,,,,,
2026-09-03,00:00,40.7006323,-73.986793,MANHATTAN BRG,11201,84,UNKNOWN,Bridge,0.7600904289885384,False,BROOKLYN,"(40.7006323, -73.986793)",trafficstat,False,False,False,False,False,False,False,False,False,,,,,,,
2026-09-01,00:00,40.7008471,-73.9949415,BROOKLYN QUEENS EXPY,11201,84,UNKNOWN,Highway,2.261117624434911,False,BROOKLYN,"(40.7008471, -73.9949415)",trafficstat,False,False,False,False,False,False,False,False,False,,,,,,,
2026-07-31,00:00,40.7008471,-73.9949415,BROOKLYN QUEENS EXPY,11201,84,OTHER,Highway,2.261117624434911,False,BROOKLYN,"(40.7008471, -73.9949415)",trafficstat,False,False,False,False,False,False,False,False,False,,,,,,,
2026-07-25,00:00,40.7008471,-73.9949415,BROOKLYN QUEENS EXPY,11201,84,UNKNOWN,Highway,2.261117624434911,False,BROOKLYN,"(40.7008471, -73.9949415)",trafficstat,False,False,False,False,False,False,False,False,False,,,,,,,
2026-07-02,00:00,40.7008471,-73.9949415,BROOKLYN QUEENS EXPY,11201,84,UNKNOWN,Highway,2.261117624434911,False,BROOKLYN,"(40.7008471, -73.9949415)",trafficstat,False,False,False,False,False,False,False,False,False,,,,,,,
2026-07-01,00:00,40.7008471,-73.9949415,BROOKLYN QUEENS EXPY,11201,84,OTHER,Highway,2.261117624434911,False,BROOKLYN,"(40.7008471, -73.9949415)",trafficstat,True,False,False,False,False,True,False,False,False,,,,,,,
2026-09-01,00:00,40.6840297,-73.9841683,NEVINS ST,11217,84,OTHER,Street,26.93057022758715,False,BROOKLYN,"(40.6840297, -73.9841683)",trafficstat,False,False,False,False,False,False,False,False,False,,,,,,,
2026-09-01,00:00,40.6853239,-73.9807025,3 AVE,11217,84,UNKNOWN,Street,1.3847192718079242,False,BROOKLYN,"(40.6853239, -73.9807025)",trafficstat,True,False,False,False,False,False,False,False,True,,,,,,,
2026-08-13,00:00,40.6853239,-73.9807025,3 AVE,11217,84,UNKNOWN,Street,1.3847192718079242,False,BROOKLYN,"(40.6853239, -73.9807025)",trafficstat,True,False,False,False,False,False,False,False,True,,,,,,,
2026-08-01,00:00,40.6853239,-73.9807025,3 AVE,11217,84,UNKNOWN,Street,1.3847192718079242,False,BROOKLYN,"(40.6853239, -73.9807025)",trafficstat,True,False,False,False,False,False,False,True,False,,,,,,,
2026-06-26,00:00,40.6853239,-73.9807025,3 AVE,11217,84,UNKNOWN,Street,1.3847192718079242,False,BROOKLYN,"(40.6853239, -73.9807025)",trafficstat,True,False,False,False,False,False,False,False,True,,,,,,,
2026-09-01,00:00,40.6865024,-73.9878595,HOYT ST,11217,84,OTHER,Street,1.6916993038087333,False,BROOKLYN,"(40.6865024, -73.9878595)",trafficstat,True,False,False,True,False,False,False,False,True,,,,,,,
2026-09-01,00:00,40.688616,-73.989168,SMITH ST,11201,84,UNKNOWN,Street,1.69944317204364,False,BROOKLYN,"(40.688616, -73.989168)",trafficstat,False,False,False,False,False,False,False,False,False,,,,,,,
2026-09-01,00:00,40.6944628,-73.9988763,BROOKLYN QUEENS EXPY,11201,84,UNKNOWN,Highway,14.602240990397156,False,BROOKLYN,"(40.6944628, -73.9988763)",trafficstat,True,False,False,False,False,False,False,False,True,,,,,,,
2026-08-31,00:00,40.6899325,-73.9814728,DEKALB AVE,11201,84,UNKNOWN,Street,2.5078766570030555,False,BROOKLYN,"(40.6899325, -73.9814728)",trafficstat,False,False,False,False,False,False,False,False,False,,,,,,,
2026-08-21,00:00,40.6899325,-73.9814728,DEKALB AVE,11201,84,UNKNOWN,Street,2.5078766570030555,False,BROOKLYN,"(40.6899325, -73.9814728)",trafficstat,False,False,False,False,False,False,False,False,False,,,,,,,
2026-08-02,00:00,40.6899325,-73.9814728,DEKALB AVE,11201,84,UNKNOWN,Street,2.5078766570030555,False,BROOKLYN,"(40.6899325, -73.9814728)",trafficstat,True,False,False,True,False,False,False,False,False,,,,,,,
2026-07-26,00:00,40.6899325,-73.9814728,DEKALB AVE,11201,84,UNKNOWN,Street,2.5078766570030555,False,BROOKLYN,"(40.6899325, -73.9814728)",trafficstat,False,False,False,False,False,False,False,False,False,,,,,,,
2026-07-07,00:00,40.6899325,-73.9814728,DEKALB AVE,11201,84,OTHER,Street,2.5078766570030555,False,BROOKLYN,"(40.6899325, -73.9814728)",trafficstat,True,False,True,False,False,False,False,False,False,,,,,,,
2026-08-31,00:00,40.7015356,-73.9895677,BROOKLYN QUEENS EXPY,11201,84,UNKNOWN,Bridge,9.685937606347107,False,BROOKLYN,"(40.7015356, -73.9895677)",trafficstat,False,False,False,False,False,False,False,False,False,,,,,,,
2026-06-26,00:00,40.7015356,-73.9895677,BROOKLYN QUEENS EXPY,11201,84,UNKNOWN,Bridge,9.685937606347107,False,BROOKLYN,"(40.7015356, -73.9895677)",trafficstat,False,False,False,False,False,False,False,False,False,,,,,,,
2026-08-31,00:00,40.6950279,-73.9908078,JOHNSON ST,11201,84,OTHER,Street,2.748509347340347,False,BROOKLYN,"(40.6950279, -73.9908078)",trafficstat,False,False,False,False,False,False,False,False,False,,,,,,,
2026-08-30,00:00,40.6994664,-73.9826223,SANDS ST,11201,84,UNKNOWN,Street,92.45786910227875,False,BROOKLYN,"(40.6994664, -73.9826223)",trafficstat,False,False,False,False,False,False,False,False,False,,,,,,,
2026-08-30,00:00,40.6835431,-73.9843734,NEVINS ST,11217,84,UNKNOWN,Street,1.74981122778,False,BROOKLYN,"(40.6835431, -73.9843734)",trafficstat,True,False,False,True,False,False,False,False,False,,,,,,,
2026-08-29,00:00,40.6854768,-73.9869684,BERGEN ST,11217,84,UNKNOWN,Street,37.002006817213676,False,BROOKLYN,"(40.6854768, -73.9869684)",trafficstat,False,False,False,False,False,False,False,False,False,,,,,,,
2026-08-29,00:00,40.688572,-73.9911,BOERUM PL,11201,84,UNKNOWN,Street,0.09359610817052103,False,BROOKLYN,"(40.688572, -73.9911)",trafficstat,False,False,False,False,False,False,False,False,False,,,,,,,
2026-08-29,00:00,40.7020601,-73.9926137,HICKS ST,11201,84,UNKNOWN,Street,0.9959665577244655,False,BROOKLYN,"(40.7020601, -73.9926137)",trafficstat,True,False,False,False,False,False,False,True,False,,,,,,,
2026-08-06,00:00,40.7020601,-73.9926137,HICKS ST,11201,84,UNKNOWN,Street,0.9959665577244655,False,BROOKLYN,"(40.7020601, -73.9926137)",trafficstat,True,False,False,False,False,False,False,True,False,,,,,,,
2026-08-28,00:00,40.6984417,-73.9868233,NASSAU ST,11201,84,UNKNOWN,Street,23.87750522472529,False,BROOKLYN,"(40.6984417, -73.9868233)",trafficstat,False,False,False,False,False,False,False,False,False,,,,,,,
2026-08-27,00:00,40.702488,-73.98853,ADAMS ST,11201,84,UNKNOWN,Street,2.2073822437737243,False,BROOKLYN,"(40.702488, -73.98853)",trafficstat,False,False,False,False,False,False,False,False,False,,,,,,,
2026-08-27,00:00,40.6866823,-73.9793643,FLATBUSH AVE,11217,84,UNKNOWN,Street,1.370060662384655,False,BROOKLYN,"(40.6866823, -73.9793643)",trafficstat,False,False,False,False,False,False,False,False,False,,,,,,,
2026-06-19,00:00,40.6866823,-73.9793643,FLATBUSH AVE,11217,84,UNKNOWN,Street,1.370060662384655,False,BROOKLYN,"(40.6866823, -73.9793643)",trafficstat,False,False,False,False,False,False,False,False,False,,,,,,,
2026-08-27,00:00,40.6949699,-73.9871583,JAY ST,11201,84,OTHER,Street,0.8671219993497619,False,BROOKLYN,"(40.6949699, -73.9871583)",trafficstat,False,False,False,False,False,False,False,False,False,,,,,,,
2026-07-14,00:00,40.6949699,-73.9871583,JAY ST,11201,84,UNKNOWN,Street,0.8671219993497619,False,BROOKLYN,"(40.6949699, -73.9871583)",trafficstat,True,False,False,False,False,False,True,False,False,,,,,,,
2026-07-13,00:00,40.6949699,-73.9871583,JAY ST,11201,84,OTHER,Street,0.8671219993497619,False,BROOKLYN,"(40.6949699, -73.9871583)",trafficstat,False,False,False,False,False,False,False,False,False,,,,,,,
2026-07-04,00:00,40.6949699,-73.9871583,JAY ST,11201,84,OTHER,Street,0.8671219993497619,False,BROOKLYN,"(40.6949699, -73.9871583)",trafficstat,False,False,False,False,False,False,False,False,False,,,,,,,
2026-08-27,00:00,40.6961309,-73.987104,JAY ST,11201,84,UNKNOWN,Street,0.7841101026652221,False,BROOKLYN,"(40.6961309, -73.987104)",trafficstat,True,False,False,True,False,False,False,False,False,,,,,,,
2026-08-24,00:00,40.6961309,-73.987104,JAY ST,11201,84,UNKNOWN,Street,0.7841101026652221,False,BROOKLYN,"(40.6961309, -73.987104)",trafficstat,True,False,False,True,False,False,False,False,False,,,,,,,
2026-08-06,00:00,40.6961309,-73.987104,JAY ST,11201,84,UNKNOWN,Street,0.7841101026652221,False,BROOKLYN,"(40.6961309, -73.987104)",trafficstat,False,False,False,False,False,False,False,False,False,,,,,,,
2026-07-15,00:00,40.6961309,-73.987104,JAY ST,11201,84,UNKNOWN,Street,0.7841101026652221,False,BROOKLYN,"(40.6961309, -73.987104)",trafficstat,True,False,False,True,False,False,False,False,False,,,,,,,
2026-07-06,00:00,40.6961309,-73.987104,JAY ST,11201,84,UNKNOWN,Street,0.7841101026652221,False,BROOKLYN,"(40.6961309, -73.987104)",trafficstat,False,False,False,False,False,False,False,False,False,,,,,,,
2026-07-03,00:00,40.6961309,-73.987104,JAY ST,11201,84,UNKNOWN,Street,0.7841101026652221,False,BROOKLYN,"(40.6961309, -73.987104)",trafficstat,True,False,True,True,False,False,False,False,False,,,,,,,
2026-06-13,00:00,40.6961309,-73.987104,JAY ST,11201,84,OTHER,Street,0.7841101026652221,False,BROOKLYN,"(40.6961309, -73.987104)",trafficstat,True,False,False,True,False,False,False,False,False,,,,,,,
2026-08-27,00:00,40.6911479,-73.9915073,COURT ST,11201,84,OTHER,Street,42.72434058133113,False,BROOKLYN,"(40.6911479, -73.9915073)",trafficstat,False,False,False,False,False,False,False,False,False,,,,,,,
2026-08-26,00:00,40.69372,-73.990456,COURT ST,11201,84,UNKNOWN,Street,0.47106035214038267,False,BROOKLYN,"(40.69372, -73.990456)",trafficstat,False,False,False,False,False,False,False,False,False,,,,,,,
2026-08-26,00:00,40.7024219,-73.9866917,JAY ST,11201,84,UNKNOWN,Street,0.05505583697499241,False,BROOKLYN,"(40.7024219, -73.9866917)",trafficstat,False,False,False,False,False,False,False,False,False,,,,,,,
2026-08-24,00:00,40.6981998,-73.9820283,NASSAU ST,11201,84,OTHER,Street,48.22387243319954,False,BROOKLYN,"(40.6981998, -73.9820283)",trafficstat,True,False,False,False,False,False,False,True,False,,,,,,,
2026-06-15,00:00,40.6981998,-73.9820283,NASSAU ST,11201,84,UNKNOWN,Street,48.22387243319954,False,BROOKLYN,"(40.6981998, -73.9820283)",trafficstat,True,False,False,True,False,False,False,False,False,,,,,,,
2026-08-24,00:00,40.6928819,-73.9885889,ADAMS ST,11201,84,UNKNOWN,Street,40.209029631375685,False,BROOKLYN,"(40.6928819, -73.9885889)",trafficstat,True,False,False,False,False,False,False,True,False,,,,,,,
2026-08-24,00:00,40.6844232,-73.9783879,4 AVE,11217,84,UNKNOWN,Street,0.02540130581935823,False,BROOKLYN,"(40.6844232, -73.9783879)",trafficstat,False,False,False,False,False,False,False,False,False,,,,,,,
2026-07-23,00:00,40.6844232,-73.9783879,4 AVE,11217,84,UNKNOWN,Street,0.02540130581935823,False,BROOKLYN,"(40.6844232, -73.9783879)",trafficstat,False,False,False,False,False,False,False,False,False,,,,,,,
2026-06-19,00:00,40.6844232,-73.9783879,4 AVE,11217,84,UNKNOWN,Street,0.02540130581935823,False,BROOKLYN,"(40.6844232, -73.9783879)",trafficstat,False,False,False,False,False,False,False,False,False,,,,,,,
2026-08-23,00:00,40.6900607,-73.9931497,ATLANTIC AVE,11201,84,UNKNOWN,Street,50.194229989427605,False,BROOKLYN,"(40.6900607, -73.9931497)",trafficstat,True,False,False,False,False,False,False,False,True,,,,,,,
2026-08-23,00:00,40.6997893,-73.9954962,COLUMBIA HTS,11201,84,UNKNOWN,Street,35.31238736916286,False,BROOKLYN,"(40.6997893, -73.9954962)",trafficstat,False,False,False,False,False,False,False,False,False,,,,,,,
2026-08-22,00:00,40.7017169,-73.9914322,BROOKLYN QUEENS EXPY,11201,84,UNKNOWN,Highway,0.37134509283842965,False,BROOKLYN,"(40.7017169, -73.9914322)",trafficstat,True,False,False,False,False,False,False,True,False,,,,,,,
2026-08-22,00:00,40.699869,-73.9845766,BROOKLYN QUEENS EXPY,11201,84,UNKNOWN,Bridge,0.31567006361809097,False,BROOKLYN,"(40.699869, -73.9845766)",trafficstat,True,False,False,False,False,False,False,False,True,,,,,,,
2026-08-22,00:00,40.7048211,-73.9893796,MANHATTAN BRG,11201,84,UNKNOWN,Bridge,3.870694954424306,False,BROOKLYN,"(40.7048211, -73.9893796)",trafficstat,False,False,False,False,False,False,False,False,False,,,,,,,
2026-08-21,00:00,40.6875105,-73.9900711,SMITH ST,11201,84,UNKNOWN,Street,31.402117371126263,False,BROOKLYN,"(40.6875105, -73.9900711)",trafficstat,True,False,False,False,False,False,False,False,True,,,,,,,
2026-08-21,00:00,40.6839615,-73.9867219,WARREN ST,11217,84,UNKNOWN,Street,95.74763959500622,False,BROOKLYN,"(40.6839615, -73.9867219)",trafficstat,True,False,False,False,False,False,False,True,False,,,,,,,
2026-08-21,00:00,40.6888951,-73.9824178,HANOVER PL,11201,84,UNKNOWN,Street,1.5139259871676038,False,BROOKLYN,"(40.6888951, -73.9824178)",trafficstat,True,False,False,False,False,False,False,True,False,,,,,,,
2026-08-20,00:00,40.6896311,-73.9857387,HOYT ST,11201,84,OTHER,Street,1.8948041353923892,False,BROOKLYN,"(40.6896311, -73.9857387)",trafficstat,False,False,False,False,False,False,False,False,False,,,,,,,
2026-08-11,00:00,40.6896311,-73.9857387,HOYT ST,11201,84,OTHER,Street,1.8948041353923892,False,BROOKLYN,"(40.6896311, -73.9857387)",trafficstat,False,False,False,False,False,False,False,False,False,,,,,,,
2026-08-20,00:00,40.6873644,-73.9900336,SMITH ST,11201,84,UNKNOWN,Street,2.1639639328252294,False,BROOKLYN,"(40.6873644, -73.9900336)",trafficstat,False,False,False,False,False,False,False,False,False,,,,,,,
2026-08-20,00:00,40.6947963,-73.9824523,PRINCE ST,11201,84,OTHER,Street,0.8019866024779663,False,BROOKLYN,"(40.6947963, -73.9824523)",trafficstat,False,False,False,False,False,False,False,False,False,,,,,,,
2026-08-20,00:00,40.6953041,-73.9836789,FLATBUSH AVE  EXTENSION,11201,84,UNKNOWN,Street,91.82332422464607,False,BROOKLYN,"(40.6953041, -73.9836789)",trafficstat,False,False,False,False,False,False,False,False,False,,,,,,,
2026-08-20,00:00,40.6997108,-73.9962615,BROOKLYN QUEENS EXPY,11201,84,OTHER,Highway,5.159435696324126,False,BROOKLYN,"(40.6997108, -73.9962615)",trafficstat,True,False,False,False,False,False,False,True,False,,,,,,,
2026-08-09,00:00,40.6997108,-73.9962615,BROOKLYN QUEENS EXPY,11201,84,UNKNOWN,Highway,5.159435696324126,False,BROOKLYN,"(40.6997108, -73.9962615)",trafficstat,True,False,False,False,False,False,False,True,False,,,,,,,
2026-07-13,00:00,40.6997108,-73.9962615,BROOKLYN QUEENS EXPY,11201,84,OTHER,Highway,5.159435696324126,False,BROOKLYN,"(40.6997108, -73.9962615)",trafficstat,False,False,False,False,False,False,False,False,False,,,,,,,
2026-06-12,00:00,40.6997108,-73.9962615,BROOKLYN QUEENS EXPY,11201,84,UNKNOWN,Highway,5.159435696324126,False,BROOKLYN,"(40.6997108, -73.9962615)",trafficstat,False,False,False,False,False,False,False,False,False,,,,,,,
2026-08-20,00:00,40.6973942,-73.9849409,BRIDGE ST,11201,84,UNKNOWN,Street,21.726928626887908,False,BROOKLYN,"(40.6973942, -73.9849409)",trafficstat,False,False,False,False,False,False,False,False,False,,,,,,,
2026-08-20,00:00,40.7001697,-73.9961485,FURMAN ST,11201,84,UNKNOWN,Street,22.345424024037715,False,BROOKLYN,"(40.7001697, -73.9961485)",trafficstat,False,False,False,False,False,False,False,False,False,,,,,,,
2026-08-19,00:00,40.7037643,-73.9904503,PLYMOUTH ST,11201,84,OTHER,Street,51.934014385203376,False,BROOKLYN,"(40.7037643, -73.9904503)",trafficstat,False,False,False,False,False,False,False,False,False,,,,,,,
2026-08-19,00:00,40.7029934,-73.994709,FURMAN ST,11201,84,OTHER,Street,1.7400252900300552,False,BROOKLYN,"(40.7029934, -73.994709)",trafficstat,True,False,False,False,False,False,False,False,False,,,,,,,
2026-08-19,00:00,40.6972344,-73.9829812,GOLD ST,11201,84,UNKNOWN,Street,43.57873011526971,False,BROOKLYN,"(40.6972344, -73.9829812)",trafficstat,False,False,False,False,False,False,False,False,False,,,,,,,
2026-08-18,00:00,40.6920516,-73.9825396,WILLOUGHBY ST,11201,84,UNKNOWN,Street,2.796969885590675,False,BROOKLYN,"(40.6920516, -73.9825396)",trafficstat,False,False,False,False,False,False,False,False,False,,,,,,,
2026-08-18,00:00,40.6948377,-73.9839236,FLATBUSH AVE  EXTENSION,11201,84,UNKNOWN,Street,25.967515552371708,False,BROOKLYN,"(40.6948377, -73.9839236)",trafficstat,True,False,False,True,False,False,False,False,False,,,,,,,
2026-06-22,00:00,40.6948377,-73.9839236,FLATBUSH AVE  EXTENSION,11201,84,OTHER,Street,25.967515552371708,False,BROOKLYN,"(40.6948377, -73.9839236)",trafficstat,False,False,False,False,False,False,False,False,False,,,,,,,
2026-08-18,00:00,40.6834192,-73.9819938,3 AVE,11217,84,UNKNOWN,Street,1.1640129390684077,False,BROOKLYN,"(40.6834192, -73.9819938)",trafficstat,False,False,False,False,False,False,False,False,False,,,,,,,
2026-08-18,00:00,40.6899297,-73.9887466,SCHERMERHORN ST,11201,84,UNKNOWN,Street,33.19944192597955,False,BROOKLYN,"(40.6899297, -73.9887466)",trafficstat,False,False,False,False,False,False,False,False,False,,,,,,,
2026-08-07,00:00,40.6899297,-73.9887466,SCHERMERHORN ST,11201,84,UNKNOWN,Street,33.19944192597955,False,BROOKLYN,"(40.6899297, -73.9887466)",trafficstat,False,False,False,False,False,False,False,False,False,,,,,,,
2026-08-18,00:00,40.7019254,-73.9829438,GOLD ST,11201,84,UNKNOWN,Street,32.56704854442883,False,BROOKLYN,"(40.7019254, -73.9829438)",trafficstat,False,False,False,False,False,False,False,False,False,,,,,,,
2026-08-17,00:00,40.7001557,-73.9881833,BROOKLYN BRIDGE EN RAMP SANDS ST,11201,84,UNKNOWN,Ramp,17.855649376795256,False,BROOKLYN,"(40.7001557, -73.9881833)",trafficstat,False,False,False,False,False,False,False,False,False,,,,,,,
2026-08-17,00:00,40.6903589,-73.9897375,SCHERMERHORN ST,11201,84,UNKNOWN,Street,3.015276156042272,False,BROOKLYN,"(40.6903589, -73.9897375)",trafficstat,True,False,False,False,False,False,False,True,False,,,,,,,
2026-08-17,00:00,40.6885777,-73.9810943,NEVINS ST,11217,84,UNKNOWN,Street,29.28870678265425,False,BROOKLYN,"(40.6885777, -73.9810943)",trafficstat,False,False,False,False,False,False,False,False,False,,,,,,,
2026-08-16,00:00,40.6885722,-73.9910935,BOERUM PL,11201,84,UNKNOWN,Street,1.474853908654568,False,BROOKLYN,"(40.6885722, -73.9910935)",trafficstat,False,False,False,False,False,False,False,False,False,,,,,,,
2026-08-16,00:00,40.6918965,-74.0001911,ATLANTIC AVE,11201,84,UNKNOWN,Street,2.4497016505024725,False,BROOKLYN,"(40.6918965, -74.0001911)",trafficstat,False,False,False,False,False,False,False,False,False,,,,,,,
2026-08-15,00:00,40.687332,-73.98182,NEVINS ST,11217,84,UNKNOWN,Street,0.536065710165558,False,BROOKLYN,"(40.687332, -73.98182)",trafficstat,False,False,False,False,False,False,False,False,False,,,,,,,
2026-08-15,00:00,40.6885202,-73.9929289,COURT ST,11201,84,UNKNOWN,Street,1.2811393220388794,False,BROOKLYN,"(40.6885202, -73.9929289)",trafficstat,True,False,False,True,False,False,False,False,False,,,,,,,
2026-08-15,00:00,40.6867212,-73.9822309,NEVINS ST,11217,84,UNKNOWN,Street,1.7513072909824097,False,BROOKLYN,"(40.6867212, -73.9822309)",trafficstat,False,False,False,False,False,False,False,False,False,,,,,,,
2026-06-30,00:00,40.6867212,-73.9822309,NEVINS ST,11217,84,UNKNOWN,Street,1.7513072909824097,False,BROOKLYN,"(40.6867212, -73.9822309)",trafficstat,False,False,False,False,False,False,False,False,False,,,,,,,
2026-08-14,00:00,40.6812996,-73.9804942,4 AVE,11217,84,UNKNOWN,Street,10.032313379833507,False,BROOKLYN,"(40.6812996, -73.9804942)",trafficstat,False,False,False,False,False,False,False,False,False,,,,,,,
2026-08-14,00:00,40.7037874,-73.9854397,PLYMOUTH ST,11201,84,UNKNOWN,Street,22.49935889349383,False,BROOKLYN,"(40.7037874, -73.9854397)",trafficstat,True,False,False,False,False,False,False,False,False,,,,,,,
2026-08-13,00:00,40.6986953,-73.9828485,GOLD ST,11201,84,OTHER,Street,49.19784379339683,False,BROOKLYN,"(40.6986953, -73.9828485)",trafficstat,True,False,False,False,False,False,False,False,True,,,,,,,
2026-08-12,00:00,40.6860872,-73.9826601,NEVINS ST,11217,84,UNKNOWN,Street,1.6304137108039847,False,BROOKLYN,"(40.6860872, -73.9826601)",trafficstat,True,False,True,False,False,False,False,True,False,,,,,,,
2026-08-07,00:00,40.6860872,-73.9826601,NEVINS ST,11217,84,UNKNOWN,Street,1.6304137108039847,False,BROOKLYN,"(40.6860872, -73.9826601)",trafficstat,False,False,False,False,False,False,False,False,False,,,,,,,
2026-06-29,00:00,40.6860872,-73.9826601,NEVINS ST,11217,84,UNKNOWN,Street,1.6304137108039847,False,BROOKLYN,"(40.6860872, -73.9826601)",trafficstat,True,False,False,False,False,False,False,True,False,,,,,,,
2026-08-12,00:00,40.6883916,-73.9812154,NEVINS ST,11217,84,UNKNOWN,Street,27.843236407004486,False,BROOKLYN,"(40.6883916, -73.9812154)",trafficstat,True,False,False,False,False,False,False,False,True,,,,,,,
2026-08-10,00:00,40.6935792,-73.9857004,LAWRENCE ST,11201,84,UNKNOWN,Street,139.29498197875918,False,BROOKLYN,"(40.6935792, -73.9857004)",trafficstat,False,False,False,False,False,False,False,False,False,,,,,,,
2026-08-09,00:00,40.6938129,-73.9982414,JORALEMON ST,11201,84,UNKNOWN,Street,30.79486674049159,False,BROOKLYN,"(40.6938129, -73.9982414)",trafficstat,False,False,False,False,False,False,False,False,False,,,,,,,
2026-08-09,00:00,40.6840532,-73.981561,3 AVE,11217,84,UNKNOWN,Street,1.879842018658057,False,BROOKLYN,"(40.6840532, -73.981561)",trafficstat,True,False,True,False,False,False,False,False,False,,,,,,,
2026-06-12,00:00,40.6840532,-73.981561,3 AVE,11217,84,UNKNOWN,Street,1.879842018658057,False,BROOKLYN,"(40.6840532, -73.981561)",trafficstat,True,False,False,False,False,False,False,True,False,,,,,,,
2026-08-09,00:00,40.700768,-73.99094,PROSPECT ST,11201,84,UNKNOWN,Street,2.1331737448884596,False,BROOKLYN,"(40.700768, -73.99094)",trafficstat,False,False,False,False,False,False,False,False,False,,,,,,,
2026-08-08,00:00,40.701028,-73.9912614,OLD   FULTON ST,11201,84,UNKNOWN,Street,16.09820517504989,False,BROOKLYN,"(40.701028, -73.9912614)",trafficstat,True,False,False,False,False,True,False,False,False,,,,,,,
2026-08-06,00:00,40.701028,-73.9912614,OLD   FULTON ST,11201,84,UNKNOWN,Street,16.09820517504989,False,BROOKLYN,"(40.701028, -73.9912614)",trafficstat,False,False,False,False,False,False,False,False,False,,,,,,,
2026-08-08,00:00,40.6842769,-73.9786565,4 AVE,11217,84,UNKNOWN,Street,28.20426824303082,False,BROOKLYN,"(40.6842769, -73.9786565)",trafficstat,True,False,False,False,False,False,False,True,False,,,,,,,
2026-08-07,00:00,40.6864172,-73.9795859,SCHERMERHORN ST,11217,84,UNKNOWN,Street,23.431264073427375,False,BROOKLYN,"(40.6864172, -73.9795859)",trafficstat,False,False,False,False,False,False,False,False,False,,,,,,,
2026-08-07,00:00,40.6893517,-73.9830354,BOND ST,11201,84,UNKNOWN,Street,40.185737718992904,False,BROOKLYN,"(40.6893517, -73.9830354)",trafficstat,True,False,False,False,True,False,False,False,False,,,,,,,