crash_date,crash_time,latitude,longitude,on_street_name,zip_code,precinct,collision_type,roadway_type,geocode_dist_feet,time_is_known,borough,location,source,injury,fatality,injured_pedestrian,injured_cyclist,injured_ebike_rider,injured_motorcyclist,injured_moped_rider,injured_car_occupant,injured_suv_occupant,number_of_persons_injured,number_of_persons_killed,contributing_factor_vehicle_1,collision_id,cross_street_name,off_street_name,vehicle_type_code1
2026-08-07,00:00,40.6921948,-73.9862718,LAWRENCE ST,11201,84,UNKNOWN,Street,0.6191555441400912,False,BROOKLYN,"(40.6921948, -73.9862718)",trafficstat,False,False,False,False,False,False,False,False,False,,,,,,,
2026-08-07,00:00,40.6949231,-73.9861703,TECH PL,11201,84,UNKNOWN,Street,3.348384769504518,False,BROOKLYN,"(40.6949231, -73.9861703)",trafficstat,False,False,False,False,False,False,False,False,False,,,,,,,
2026-08-07,00:00,40.6920528,-73.9984356,STATE ST,11201,84,UNKNOWN,Street,23.593609678258467,False,BROOKLYN,"(40.6920528, -73.9984356)",trafficstat,False,False,False,False,False,False,False,False,False,,,,,,,
2026-08-07,00:00,40.6998477,-73.9910307,BROOKLYN BRIDGE EXIT RAMP,11201,84,UNKNOWN,Ramp,2.6050471864387905,False,BROOKLYN,"(40.6998477, -73.9910307)",trafficstat,False,False,False,False,False,False,False,False,False,,,,,,,
2026-08-07,00:00,40.7025651,-73.9917445,YORK ST,11201,84,UNKNOWN,Street,0.5700075632165257,False,BROOKLYN,"(40.7025651, -73.9917445)",trafficstat,False,False,False,False,False,False,False,False,False,,,,,,,
2026-08-06,00:00,40.6893487,-73.9873613,SCHERMERHORN ST,11201,84,UNKNOWN,Street,50.291142410380566,False,BROOKLYN,"(40.6893487, -73.9873613)",trafficstat,True,False,False,False,False,False,False,True,False,,,,,,,
2026-08-04,00:00,40.6891376,-73.9907076,BOERUM PL,11201,84,UNKNOWN,Street,1.3369847599837597,False,BROOKLYN,"(40.6891376, -73.9907076)",trafficstat,True,False,False,False,False,False,False,True,False,,,,,,,
2026-07-24,00:00,40.6891376,-73.9907076,BOERUM PL,11201,84,UNKNOWN,Street,1.3369847599837597,False,BROOKLYN,"(40.6891376, -73.9907076)",trafficstat,False,False,False,False,False,False,False,False,False,,,,,,,
2026-07-21,00:00,40.6891376,-73.9907076,BOERUM PL,11201,84,UNKNOWN,Street,1.3369847599837597,False,BROOKLYN,"(40.6891376, -73.9907076)",trafficstat,False,False,False,False,False,False,False,False,False,,,,,,,
2026-07-13,00:00,40.6891376,-73.9907076,BOERUM PL,11201,84,OTHER,Street,1.3369847599837597,False,BROOKLYN,"(40.6891376, -73.9907076)",trafficstat,False,False,False,False,False,False,False,False,False,,,,,,,
2026-06-14,00:00,40.6891376,-73.9907076,BOERUM PL,11201,84,UNKNOWN,Street,1.3369847599837597,False,BROOKLYN,"(40.6891376, -73.9907076)",trafficstat,True,False,False,False,False,True,False,False,False,,,,,,,
2026-08-04,00:00,40.6925494,-73.9909704,COURT ST,11201,84,OTHER,Street,1.7065149434668687,False,BROOKLYN,"(40.6925494, -73.9909704)",trafficstat,False,False,False,False,False,False,False,False,False,,,,,,,
2026-08-04,00:00,40.7014891,-73.9833513,YORK ST,11201,84,UNKNOWN,Street,36.76407711137681,False,BROOKLYN,"(40.7014891, -73.9833513)",trafficstat,False,False,False,False,False,False,False,False,False,,,,,,,
2026-08-04,00:00,40.698034,-73.9948173,CLARK ST,11201,84,UNKNOWN,Street,27.258980494918465,False,BROOKLYN,"(40.698034, -73.9948173)",trafficstat,False,False,False,False,False,False,False,False,False,,,,,,,
2026-08-03,00:00,40.6909929,-73.9893119,LIVINGSTON ST,11201,84,OTHER,Street,2.6428078821455223,False,BROOKLYN,"(40.6909929, -73.9893119)",trafficstat,False,False,False,False,False,False,False,False,False,,,,,,,
2026-08-03,00:00,40.6965665,-73.9809062,BROOKLYN QUEENS EXPY,11201,84,UNKNOWN,Highway,0.31505342661932284,False,BROOKLYN,"(40.6965665, -73.9809062)",trafficstat,True,False,False,False,False,False,False,False,True,,,,,,,
2026-07-04,00:00,40.6965665,-73.9809062,BROOKLYN QUEENS EXPY,11201,84,UNKNOWN,Highway,0.31505342661932284,False,BROOKLYN,"(40.6965665, -73.9809062)",trafficstat,False,False,False,False,False,False,False,False,False,,,,,,,
2026-08-02,00:00,40.6936492,-73.9833217,MYRTLE AVE,11201,84,UNKNOWN,Street,18.028670851909556,False,BROOKLYN,"(40.6936492, -73.9833217)",trafficstat,True,False,True,False,False,False,False,False,False,,,,,,,
2026-06-23,00:00,40.6936492,-73.9833217,MYRTLE AVE,11201,84,UNKNOWN,Street,18.028670851909556,False,BROOKLYN,"(40.6936492, -73.9833217)",trafficstat,True,False,False,False,False,False,False,True,False,,,,,,,
2026-08-02,00:00,40.6938345,-73.9874577,JAY ST,11201,84,OTHER,Street,63.83671588240613,False,BROOKLYN,"(40.6938345, -73.9874577)",trafficstat,False,False,False,False,False,False,False,False,False,,,,,,,
2026-08-02,00:00,40.6921505,-73.996356,GARDEN PL,11201,84,UNKNOWN,Street,33.60147840668039,False,BROOKLYN,"(40.6921505, -73.996356)",trafficstat,False,False,False,False,False,False,False,False,False,,,,,,,
2026-08-01,00:00,40.6854062,-73.9813436,ATLANTIC AVE,11217,84,UNKNOWN,Street,56.841544489294456,False,BROOKLYN,"(40.6854062, -73.9813436)",trafficstat,True,False,False,False,False,False,False,True,False,,,,,,,
2026-08-01,00:00,40.68566,-73.98569,BOND ST,11217,84,OTHER,Street,1.6901568082394802,False,BROOKLYN,"(40.68566, -73.98569)",trafficstat,False,False,False,False,False,False,False,False,False,,,,,,,
2026-07-31,00:00,40.6901638,-73.9871016,LIVINGSTON ST,11201,84,UNKNOWN,Street,2.3791656515690405,False,BROOKLYN,"(40.6901638, -73.9871016)",trafficstat,True,False,False,False,False,False,True,False,False,,,,,,,
2026-07-31,00:00,40.7015661,-73.993317,BQE WB ENTRANCE OLD FULTON ST,11201,84,UNKNOWN,Ramp,2.6579295809854417,False,BROOKLYN,"(40.7015661, -73.993317)",trafficstat,True,False,False,False,False,False,False,True,False,,,,,,,
2026-07-30,00:00,40.6953224,-73.9830903,GOLD ST,11201,84,UNKNOWN,Street,42.54605229459455,False,BROOKLYN,"(40.6953224, -73.9830903)",trafficstat,False,False,False,False,False,False,False,False,False,,,,,,,
2026-07-30,00:00,40.6886643,-73.9824266,HANOVER PL,11201,84,OTHER,Street,38.098935300016294,False,BROOKLYN,"(40.6886643, -73.9824266)",trafficstat,False,False,False,False,False,False,False,False,False,,,,,,,
2026-07-29,00:00,40.689997,-73.9853584,HOYT ST,11201,84,OTHER,Street,33.96778006868646,False,BROOKLYN,"(40.689997, -73.9853584)",trafficstat,False,False,False,False,False,False,False,False,False,,,,,,,
2026-07-29,00:00,40.685701,-73.9910273,SMITH ST,11201,84,UNKNOWN,Street,34.85213000041438,False,BROOKLYN,"(40.685701, -73.9910273)",trafficstat,True,False,False,False,False,False,False,False,True,,,,,,,
2026-07-29,00:00,40.6986313,-73.9819022,NASSAU ST,11201,84,OTHER,Street,111.01517806139547,False,BROOKLYN,"(40.6986313, -73.9819022)",trafficstat,True,False,False,False,False,False,False,True,False,,,,,,,
2026-07-28,00:00,40.6863702,-73.9810163,STATE ST,11217,84,UNKNOWN,Street,37.202040116758155,False,BROOKLYN,"(40.6863702, -73.9810163)",trafficstat,False,False,False,False,False,False,False,False,False,,,,,,,
2026-07-26,00:00,40.6911675,-73.997139,HICKS ST,11201,84,UNKNOWN,Street,170.57447103936732,False,BROOKLYN,"(40.6911675, -73.997139)",trafficstat,True,False,False,True,False,False,False,False,False,,,,,,,
2026-07-26,00:00,40.7035712,-73.9847582,BRIDGE ST,11201,84,UNKNOWN,Street,34.676303871187166,False,BROOKLYN,"(40.7035712, -73.9847582)",trafficstat,False,False,False,False,False,False,False,False,False,,,,,,,
2026-07-26,00:00,40.6973327,-73.9869603,CHAPEL ST,11201,84,UNKNOWN,Street,18.148092672468163,False,BROOKLYN,"(40.6973327, -73.9869603)",trafficstat,False,False,False,False,False,False,False,False,False,,,,,,,
2026-07-25,00:00,40.6911938,-73.9977679,HICKS ST,11201,84,UNKNOWN,Street,1.8316721504024824,False,BROOKLYN,"(40.6911938, -73.9977679)",trafficstat,True,False,False,False,False,False,False,False,True,,,,,,,
2026-07-24,00:00,40.696198,-73.98876,TILLARY ST,11201,84,UNKNOWN,Street,24.15596479646844,False,BROOKLYN,"(40.696198, -73.98876)",trafficstat,True,False,False,False,False,False,False,True,False,,,,,,,
2026-07-24,00:00,40.685012,-73.97947,ATLANTIC AVE,11217,84,UNKNOWN,Street,51.893965523854106,False,BROOKLYN,"(40.685012, -73.97947)",trafficstat,True,False,False,False,False,True,False,False,False,,,,,,,
2026-07-22,00:00,40.6846872,-73.9811317,3 AVE,11217,84,UNKNOWN,Street,2.0411437204635354,False,BROOKLYN,"(40.6846872, -73.9811317)",trafficstat,False,False,False,False,False,False,False,False,False,,,,,,,
2026-07-22,00:00,40.6983864,-73.9867646,NASSAU ST,11201,84,UNKNOWN,Street,43.34504736848772,False,BROOKLYN,"(40.6983864, -73.9867646)",trafficstat,False,False,False,False,False,False,False,False,False,,,,,,,
2026-07-22,00:00,40.6961225,-73.998262,FURMAN ST,11201,84,UNKNOWN,Street,19.555387058754498,False,BROOKLYN,"(40.6961225, -73.998262)",trafficstat,True,False,True,False,False,False,False,False,False,,,,,,,
2026-07-22,00:00,40.702488,-73.9885346,ADAMS ST,11201,84,UNKNOWN,Street,0.9358118579844454,False,BROOKLYN,"(40.702488, -73.9885346)",trafficstat,False,False,False,False,False,False,False,False,False,,,,,,,
2026-07-21,00:00,40.7003158,-73.9872309,SANDS ST,11201,84,OTHER,Street,39.2329338660308,False,BROOKLYN,"(40.7003158, -73.9872309)",trafficstat,True,False,True,False,False,False,False,False,False,,,,,,,
2026-07-21,00:00,40.6930079,-73.994187,SIDNEY PL,11201,84,UNKNOWN,Street,1.285878327938305,False,BROOKLYN,"(40.6930079, -73.994187)",trafficstat,False,False,False,False,False,False,False,False,False,,,,,,,
2026-07-21,00:00,40.6943311,-73.9988691,BROOKLYN QUEENS EXPY,11201,84,UNKNOWN,Highway,2.9352530049198196,False,BROOKLYN,"(40.6943311, -73.9988691)",trafficstat,True,False,False,False,False,False,False,False,True,,,,,,,
2026-07-20,00:00,40.6938006,-73.9872271,JAY ST,11201,84,OTHER,Street,0.550123774310726,False,BROOKLYN,"(40.6938006, -73.9872271)",trafficstat,True,False,True,False,False,False,False,False,False,,,,,,,
2026-07-05,00:00,40.6938006,-73.9872271,JAY ST,11201,84,UNKNOWN,Street,0.550123774310726,False,BROOKLYN,"(40.6938006, -73.9872271)",trafficstat,True,False,True,False,False,False,False,False,False,,,,,,,
2026-07-20,00:00,40.6998136,-73.9872081,SANDS ST,11201,84,UNKNOWN,Street,53.592474864431004,False,BROOKLYN,"(40.6998136, -73.9872081)",trafficstat,False,False,False,False,False,False,False,False,False,,,,,,,
2026-07-17,00:00,40.6974256,-73.9921273,CLARK ST,11201,84,UNKNOWN,Street,65.70481651193202,False,BROOKLYN,"(40.6974256, -73.9921273)",trafficstat,True,False,True,False,False,False,False,False,False,,,,,,,
2026-07-17,00:00,40.7042795,-73.9825652,GOLD ST,11201,84,UNKNOWN,Street,0.5740004603888001,False,BROOKLYN,"(40.7042795, -73.9825652)",trafficstat,False,False,False,False,False,False,False,False,False,,,,,,,
2026-07-16,00:00,40.6908972,-73.9940465,CLINTON ST,11201,84,UNKNOWN,Street,1.1362928588609813,False,BROOKLYN,"(40.6908972, -73.9940465)",trafficstat,False,False,False,False,False,False,False,False,False,,,,,,,
2026-07-16,00:00,40.688786,-73.983574,BOND ST,11201,84,UNKNOWN,Street,1.347213893188456,False,BROOKLYN,"(40.688786, -73.983574)",trafficstat,False,False,False,False,False,False,False,False,False,,,,,,,
2026-07-15,00:00,40.6928459,-73.9931015,CLINTON ST,11201,84,UNKNOWN,Street,1.7590476207029269,False,BROOKLYN,"(40.6928459, -73.9931015)",trafficstat,True,False,True,False,False,False,False,False,False,,,,,,,
2026-07-15,00:00,40.6981948,-73.9855709,MANHATTAN BRG,11201,84,UNKNOWN,Street,0.5467905628326685,False,BROOKLYN,"(40.6981948, -73.9855709)",trafficstat,False,False,False,False,False,False,False,False,False,,,,,,,
2026-07-14,00:00,40.6921238,-73.9890304,FULTON ST,11201,84,UNKNOWN,Street,2.6498951947223945,False,BROOKLYN,"(40.6921238, -73.9890304)",trafficstat,True,False,False,True,False,False,False,False,False,,,,,,,
2026-06-14,00:00,40.6921238,-73.9890304,FULTON ST,11201,84,UNKNOWN,Street,2.6498951947223945,False,BROOKLYN,"(40.6921238, -73.9890304)",trafficstat,False,False,False,False,False,False,False,False,False,,,,,,,
2026-07-14,00:00,40.6960676,-73.9914128,CLINTON ST,11201,84,OTHER,Street,33.596131316469695,False,BROOKLYN,"(40.6960676, -73.9914128)",trafficstat,False,False,False,False,False,False,False,False,False,,,,,,,
2026-07-12,00:00,40.6998316,-73.9962507,BROOKLYN QUEENS EXPY,11201,84,OTHER,Highway,13.31950504610999,False,BROOKLYN,"(40.6998316, -73.9962507)",trafficstat,True,False,False,False,False,False,True,False,False,,,,,,,
2026-07-11,00:00,40.7037916,-73.9875498,PEARL ST,11201,84,UNKNOWN,Street,0.9385721516488617,False,BROOKLYN,"(40.7037916, -73.9875498)",trafficstat,False,False,False,False,False,False,False,False,False,,,,,,,
2026-07-11,00:00,40.7015271,-73.9867495,JAY ST,11201,84,UNKNOWN,Street,0.07822802895313066,False,BROOKLYN,"(40.7015271, -73.9867495)",trafficstat,False,False,False,False,False,False,False,False,False,,,,,,,
2026-06-15,00:00,40.7015271,-73.9867495,JAY ST,11201,84,UNKNOWN,Street,0.07822802895313066,False,BROOKLYN,"(40.7015271, -73.9867495)",trafficstat,False,False,False,False,False,False,False,False,False,,,,,,,
2026-07-11,00:00,40.6907567,-73.9833343,ALBEE SQ,11201,84,OTHER,Street,37.52813409214003,False,BROOKLYN,"(40.6907567, -73.9833343)",trafficstat,False,False,False,False,False,False,False,False,False,,,,,,,
2026-07-10,00:00,40.6906337,-73.9940199,CLINTON ST,11201,84,UNKNOWN,Street,40.97510574829368,False,BROOKLYN,"(40.6906337, -73.9940199)",trafficstat,True,False,False,True,False,False,False,False,False,,,,,,,
2026-07-10,00:00,40.704396,-73.9945661,BROOKLYN BRG,10038,84,UNKNOWN,Bridge,3.901925832347039,False,BROOKLYN,"(40.704396, -73.9945661)",trafficstat,True,False,False,False,False,False,False,True,False,,,,,,,
2026-07-09,00:00,40.6904621,-73.9867652,GALLATIN PL,11201,84,UNKNOWN,Street,34.3596537758781,False,BROOKLYN,"(40.6904621, -73.9867652)",trafficstat,False,False,False,False,False,False,False,False,False,,,,,,,
2026-07-08,00:00,40.6896994,-73.9829585,BOND ST,11201,84,UNKNOWN,Street,1.3491414752036819,False,BROOKLYN,"(40.6896994, -73.9829585)",trafficstat,True,False,False,True,False,False,False,False,False,,,,,,,
2026-07-07,00:00,40.6984007,-73.9934989,PINEAPPLE ST,11201,84,UNKNOWN,Street,26.04127098470396,False,BROOKLYN,"(40.6984007, -73.9934989)",trafficstat,False,False,False,False,False,False,False,False,False,,,,,,,
2026-07-07,00:00,40.6985059,-73.996954,BROOKLYN QUEENS EXPY,11201,84,UNKNOWN,Highway,14.358942835499045,False,BROOKLYN,"(40.6985059, -73.996954)",trafficstat,False,False,False,False,False,False,False,False,False,,,,,,,
2026-07-06,00:00,40.7000509,-73.9917592,HENRY ST,11201,84,OTHER,Street,1.2887228991191246,False,BROOKLYN,"(40.7000509, -73.9917592)",trafficstat,False,False,False,False,False,False,False,False,False,,,,,,,
2026-07-05,00:00,40.7007756,-73.9884289,PROSPECT ST,11201,84,UNKNOWN,Street,26.64188062811148,False,BROOKLYN,"(40.7007756, -73.9884289)",trafficstat,False,False,False,False,False,False,False,False,False,,,,,,,
2026-07-05,00:00,40.7013591,-73.9828509,GOLD ST,11201,84,UNKNOWN,Street,0.7214399577926952,False,BROOKLYN,"(40.7013591, -73.9828509)",trafficstat,False,False,False,False,False,False,False,False,False,,,,,,,
2026-07-05,00:00,40.6922651,-73.998671,STATE ST,11201,84,OTHER,Street,26.870166595798597,False,BROOKLYN,"(40.6922651, -73.998671)",trafficstat,False,False,False,False,False,False,False,False,False,,,,,,,
2026-07-02,00:00,40.6935074,-73.9884246,ADAMS ST,11201,84,UNKNOWN,Street,75.8275604080298,False,BROOKLYN,"(40.6935074, -73.9884246)",trafficstat,False,False,False,False,False,False,False,False,False,,,,,,,
2026-07-02,00:00,40.6877731,-73.9870011,HOYT ST,11217,84,OTHER,Street,1.4277303296400956,False,BROOKLYN,"(40.6877731, -73.9870011)",trafficstat,False,False,False,False,False,False,False,False,False,,,,,,,
2026-07-02,00:00,40.6971336,-73.985877,CHAPEL ST,11201,84,UNKNOWN,Street,41.38535464308723,False,BROOKLYN,"(40.6971336, -73.985877)",trafficstat,False,False,False,False,False,False,False,False,False,,,,,,,
2026-06-30,00:00,40.6898962,-73.9924309,COURT ST,11201,84,UNKNOWN,Street,41.6835182581532,False,BROOKLYN,"(40.6898962, -73.9924309)",trafficstat,True,False,True,False,False,False,False,False,False,,,,,,,
2026-06-29,00:00,40.6906976,-73.9920615,COURT ST,11201,84,UNKNOWN,Street,44.993831398952075,False,BROOKLYN,"(40.6906976, -73.9920615)",trafficstat,False,False,False,False,False,False,False,False,False,,,,,,,
2026-06-29,00:00,40.6996483,-73.9805409,SANDS ST,11201,84,OTHER,Street,9.768332323174919,False,BROOKLYN,"(40.6996483, -73.9805409)",trafficstat,False,False,False,False,False,False,False,False,False,,,,,,,
2026-06-29,00:00,40.7008713,-73.9888537,BROOKLYN QUEENS EP EB ET 28 B,11201,84,UNKNOWN,Ramp,2.5209219444883577,False,BROOKLYN,"(40.7008713, -73.9888537)",trafficstat,True,False,False,False,False,False,False,False,True,,,,,,,
2026-06-27,00:00,40.7018717,-73.9939252,VINE ST,11201,84,OTHER,Street,43.30498888971478,False,BROOKLYN,"(40.7018717, -73.9939252)",trafficstat,False,False,False,False,False,False,False,False,False,,,,,,,
2026-06-27,00:00,40.6878269,-73.9816011,NEVINS ST,11217,84,OTHER,Street,28.14130982236597,False,BROOKLYN,"(40.6878269, -73.9816011)",trafficstat,False,False,False,False,False,False,False,False,False,,,,,,,
2026-06-26,00:00,40.6874932,-73.9825833,SCHERMERHORN ST,11217,84,UNKNOWN,Street,46.26989734968233,False,BROOKLYN,"(40.6874932, -73.9825833)",trafficstat,False,False,False,False,False,False,False,False,False,,,,,,,
2026-06-26,00:00,40.7008942,-73.9842816,DRIVEWAY,11201,84,UNKNOWN,Driveway,126.55334562425483,False,BROOKLYN,"(40.7008942, -73.9842816)",trafficstat,False,False,False,False,False,False,False,False,False,,,,,,,
2026-06-25,00:00,40.6980981,-73.9868149,JAY ST,11201,84,OTHER,Street,50.390002457757795,False,BROOKLYN,"(40.6980981, -73.9868149)",trafficstat,True,False,False,True,False,False,False,False,False,,,,,,,
2026-06-25,00:00,40.7025237,-73.9896238,WASHINGTON ST,11201,84,UNKNOWN,Street,0.4068919313534321,False,BROOKLYN,"(40.7025237, -73.9896238)",trafficstat,False,False,False,False,False,False,False,False,False,,,,,,,
2026-06-25,00:00,40.6836862,-73.9844249,NEVINS ST,11217,84,OTHER,Street,34.41255725395598,False,BROOKLYN,"(40.6836862, -73.9844249)",trafficstat,False,False,False,False,False,False,False,False,False,,,,,,,
2026-06-25,00:00,40.6949656,-73.9926224,PIERREPONT ST,11201,84,UNKNOWN,Street,45.58106650642522,False,BROOKLYN,"(40.6949656, -73.9926224)",trafficstat,True,False,True,False,False,False,False,False,False,,,,,,,
2026-06-25,00:00,40.6937213,-73.9904546,COURT ST,11201,84,OTHER,Street,0.7004432630087786,False,BROOKLYN,"(40.6937213, -73.9904546)",trafficstat,False,False,False,False,False,False,False,False,False,,,,,,,
2026-06-24,00:00,40.6926769,-73.996355,GARDEN PL,11201,84,UNKNOWN,Street,32.1725864396068,False,BROOKLYN,"(40.6926769, -73.996355)",trafficstat,False,False,False,False,False,False,False,False,False,,,,,,,
2026-06-24,00:00,40.6950653,-73.9863714,TECH PL,11201,84,OTHER,Street,45.61984136717825,False,BROOKLYN,"(40.6950653, -73.9863714)",trafficstat,False,False,False,False,False,False,False,False,False,,,,,,,
2026-06-24,00:00,40.6867304,-73.9904664,SMITH ST,11201,84,UNKNOWN,Street,1.6429043463618707,False,BROOKLYN,"(40.6867304, -73.9904664)",trafficstat,False,False,False,False,False,False,False,False,False,,,,,,,
2026-06-24,00:00,40.6983784,-73.98305,GOLD ST,11201,84,UNKNOWN,Street,0.9358449663783025,False,BROOKLYN,"(40.6983784, -73.98305)",trafficstat,True,False,False,False,False,False,False,False,True,,,,,,,
2026-06-14,00:00,40.6983784,-73.98305,GOLD ST,11201,84,OTHER,Street,0.9358449663783025,False,BROOKLYN,"(40.6983784, -73.98305)",trafficstat,True,False,True,False,False,False,False,False,False,,,,,,,
2026-06-23,00:00,40.7024307,-73.9932989,OLD   FULTON ST,11201,84,UNKNOWN,Street,1.7296689949375612,False,BROOKLYN,"(40.7024307, -73.9932989)",trafficstat,False,False,False,False,False,False,False,False,False,,,,,,,
2026-06-22,00:00,40.7007672,-73.9909332,PROSPECT ST,11201,84,UNKNOWN,Street,2.6302324049857737,False,BROOKLYN,"(40.7007672, -73.9909332)",trafficstat,False,False,False,False,False,False,False,False,False,,,,,,,
2026-06-22,00:00,40.6999765,-73.9823535,SANDS ST,11201,84,UNKNOWN,Street,57.75607129586419,False,BROOKLYN,"(40.6999765, -73.9823535)",trafficstat,False,False,False,False,False,False,False,False,False,,,,,,,
2026-06-15,00:00,40.6999765,-73.9823535,SANDS ST,11201,84,UNKNOWN,Street,57.75607129586419,False,BROOKLYN,"(40.6999765, -73.9823535)",trafficstat,True,False,False,False,True,False,False,False,False,,,,,,,
2026-06-21,00:00,40.6873305,-73.9818161,NEVINS ST,11217,84,UNKNOWN,Street,1.7478245078226984,False,BROOKLYN,"(40.6873305, -73.9818161)",trafficstat,False,False,False,False,False,False,False,False,False,,,,,,,
2026-06-21,00:00,40.6837556,-73.9804544,DEAN ST,11217,84,UNKNOWN,Street,40.66446417973975,False,BROOKLYN,"(40.6837556, -73.9804544)",trafficstat,False,False,False,False,False,False,False,False,False,,,,,,,
2026-06-19,00:00,40.6906096,-73.9845386,DUFFIELD ST,11201,84,UNKNOWN,Street,33.41109844789186,False,BROOKLYN,"(40.6906096, -73.9845386)",trafficstat,False,False,False,False,False,False,False,False,False,,,,,,,
2026-06-19,00:00,40.6910167,-73.9842716,DUFFIELD ST,11201,84,UNKNOWN,Street,34.953016951824154,False,BROOKLYN,"(40.6910167, -73.9842716)",trafficstat,False,False,False,False,False,False,False,False,False,,,,,,,
2026-06-17,00:00,40.6896894,-73.9923627,COURT ST,11201,84,UNKNOWN,Street,1.7282192185402714,False,BROOKLYN,"(40.6896894, -73.9923627)",trafficstat,False,False,False,False,False,False,False,False,False,,,,,,,
2026-06-17,00:00,40.6856169,-73.9858704,BOND ST,11217,84,UNKNOWN,Street,35.63280330926371,False,BROOKLYN,"(40.6856169, -73.9858704)",trafficstat,False,False,False,False,False,False,False,False,False,,,,,,,
2026-06-16,00:00,40.6853395,-73.9832862,NEVINS ST,11217,84,UNKNOWN,Street,27.654810465311915,False,BROOKLYN,"(40.6853395, -73.9832862)",trafficstat,True,False,False,False,False,False,False,False,False,,,,,,,
2026-06-16,00:00,40.6921655,-73.9991071,BQE EB ENTRANCE ATLANTIC AVE,11201,84,UNKNOWN,Ramp,3.2396792229029625,False,BROOKLYN,"(40.6921655, -73.9991071)",trafficstat,False,False,False,False,False,False,False,False,False,,,,,,,
2026-06-16,00:00,40.6976536,-73.9821898,BROOKLYN QUEENS EXPY,11201,84,UNKNOWN,Bridge,1.4393836351531761,False,BROOKLYN,"(40.6976536, -73.9821898)",trafficstat,False,False,False,False,False,False,False,False,False,,,,,,,
2026-06-16,00:00,40.7012775,-73.987714,BROOKLYN QUEENS EXPY,11201,84,UNKNOWN,Bridge,0.4425518179213097,False,BROOKLYN,"(40.7012775, -73.987714)",trafficstat,True,False,False,False,False,False,False,True,False,,,,,,,
2026-06-15,00:00,40.702353,-73.9847044,BRIDGE ST,11201,84,UNKNOWN,Street,0.6446438094600048,False,BROOKLYN,"(40.702353, -73.9847044)",trafficstat,False,False,False,False,False,False,False,False,False,,,,,,,
2026-06-15,00:00,40.6926784,-73.9861168,LAWRENCE ST,11201,84,UNKNOWN,Street,36.61689340696676,False,BROOKLYN,"(40.6926784, -73.9861168)",trafficstat,False,False,False,False,False,False,False,False,False,,,,,,,
2026-06-15,00:00,40.6890191,-73.9861571,HOYT ST,11201,84,UNKNOWN,Street,1.0729724188833318,False,BROOKLYN,"(40.6890191, -73.9861571)",trafficstat,False,False,False,False,False,False,False,False,False,,,,,,,
2026-06-15,00:00,40.6910503,-73.9863297,FULTON ST,11201,84,UNKNOWN,Street,2.3513207542893273,False,BROOKLYN,"(40.6910503, -73.9863297)",trafficstat,False,False,False,False,False,False,False,False,False,,,,,,,
2026-06-14,00:00,40.6867067,-73.9838164,ATLANTIC AVE,11217,84,UNKNOWN,Street,52.977095429172735,False,BROOKLYN,"(40.6867067, -73.9838164)",trafficstat,False,False,False,False,False,False,False,False,False,,,,,,,
2026-06-13,00:00,40.6931042,-73.9994569,BROOKLYN QUEENS EXPY,11201,84,UNKNOWN,Highway,21.023474369662466,False,BROOKLYN,"(40.6931042, -73.9994569)",trafficstat,False,False,False,False,False,False,False,False,False,,,,,,,
2026-09-13,00:00,40.6969573,-73.9627701,BROOKLYN QUEENS EXPY,11205,88,OTHER,Highway,0.44329167825705074,False,BROOKLYN,"(40.6969573, -73.9627701)",trafficstat,True,False,False,False,False,False,False,True,False,,,,,,,
2026-08-06,00:00,40.6969573,-73.9627701,BROOKLYN QUEENS EXPY,11205,88,UNKNOWN,Highway,0.44329167825705074,False,BROOKLYN,"(40.6969573, -73.9627701)",trafficstat,True,False,False,False,False,False,False,True,False,,,,,,,
2026-09-12,00:00,40.6813431,-73.9655103,ATLANTIC AVE,11238,88,UNKNOWN,Street,19.3649231302887,False,BROOKLYN,"(40.6813431, -73.9655103)",trafficstat,False,False,False,False,False,False,False,False,False,,,,,,,
2026-09-12,00:00,40.6826706,-73.9718625,CUMBERLAND ST,11238,88,OTHER,Street,1.372263527192453,False,BROOKLYN,"(40.6826706, -73.9718625)",trafficstat,False,False,False,False,False,False,False,False,False,,,,,,,
2026-09-12,00:00,40.6877247,-73.9710401,LAFAYETTE AVE,11238,88,OTHER,Street,39.51937922911498,False,BROOKLYN,"(40.6877247, -73.9710401)",trafficstat,True,False,False,True,False,False,False,False,False,,,,,,,
2026-09-12,00:00,40.6932878,-73.9738558,WASHINGTON PARK,11205,88,UNKNOWN,Street,0.323359309353163,False,BROOKLYN,"(40.6932878, -73.9738558)",trafficstat,False,False,False,False,False,False,False,False,False,,,,,,,
2026-07-30,00:00,40.6932878,-73.9738558,WASHINGTON PARK,11205,88,UNKNOWN,Street,0.323359309353163,False,BROOKLYN,"(40.6932878, -73.9738558)",trafficstat,False,False,False,False,False,False,False,False,False,,,,,,,
2026-09-11,00:00,40.685512,-73.9742807,S  PORTLAND AVE,11217,88,UNKNOWN,Street,0.057952513415823706,False,BROOKLYN,"(40.685512, -73.9742807)",trafficstat,True,False,False,True,False,False,False,False,False,,,,,,,
2026-07-21,00:00,40.685512,-73.9742807,S  PORTLAND AVE,11217,88,UNKNOWN,Street,0.057952513415823706,False,BROOKLYN,"(40.685512, -73.9742807)",trafficstat,True,False,False,False,False,False,False,False,False,,,,,,,