crash_date,crash_time,latitude,longitude,on_street_name,zip_code,precinct,collision_type,roadway_type,geocode_dist_feet,time_is_known,borough,location,source,injury,fatality,injured_pedestrian,injured_cyclist,injured_ebike_rider,injured_motorcyclist,injured_moped_rider,injured_car_occupant,injured_suv_occupant,number_of_persons_injured,number_of_persons_killed,contributing_factor_vehicle_1,collision_id,cross_street_name,off_street_name,vehicle_type_code1
2026-06-27,00:00,40.685512,-73.9742807,S  PORTLAND AVE,11217,88,OTHER,Street,0.057952513415823706,False,BROOKLYN,"(40.685512, -73.9742807)",trafficstat,True,False,False,False,False,True,False,False,False,,,,,,,
2026-09-10,00:00,40.6828055,-73.9636635,ST JAMES PL,11238,88,UNKNOWN,Street,0.14553709339551665,False,BROOKLYN,"(40.6828055, -73.9636635)",trafficstat,False,False,False,False,False,False,False,False,False,,,,,,,
2026-09-09,00:00,40.6798311,-73.9582931,CLASSON AVE,11238,88,UNKNOWN,Street,0.8736148007112997,False,BROOKLYN,"(40.6798311, -73.9582931)",trafficstat,True,False,False,True,False,False,False,False,False,,,,,,,
2026-06-12,00:00,40.6798311,-73.9582931,CLASSON AVE,11238,88,UNKNOWN,Street,0.8736148007112997,False,BROOKLYN,"(40.6798311, -73.9582931)",trafficstat,True,False,False,False,False,False,False,True,False,,,,,,,
2026-09-09,00:00,40.6866823,-73.9793643,FLATBUSH AVE,11217,88,UNKNOWN,Street,1.370060662384655,False,BROOKLYN,"(40.6866823, -73.9793643)",trafficstat,False,False,False,False,False,False,False,False,False,,,,,,,
2026-09-08,00:00,40.6895433,-73.971142,ADELPHI ST,11205,88,OTHER,Street,0.07980489830094946,False,BROOKLYN,"(40.6895433, -73.971142)",trafficstat,True,False,False,True,False,False,False,False,False,,,,,,,
2026-09-07,00:00,40.6854379,-73.9744355,HANSON PL,11217,88,OTHER,Street,23.917589349101277,False,BROOKLYN,"(40.6854379, -73.9744355)",trafficstat,False,False,False,False,False,False,False,False,False,,,,,,,
2026-09-07,00:00,40.6823739,-73.9616086,GRAND AVE,11238,88,UNKNOWN,Street,0.2617291306083729,False,BROOKLYN,"(40.6823739, -73.9616086)",trafficstat,True,False,False,False,False,False,True,False,False,,,,,,,
2026-07-29,00:00,40.6823739,-73.9616086,GRAND AVE,11238,88,UNKNOWN,Street,0.2617291306083729,False,BROOKLYN,"(40.6823739, -73.9616086)",trafficstat,False,False,False,False,False,False,False,False,False,,,,,,,
2026-09-06,00:00,40.698279,-73.9784176,FLUSHING AVE,11205,88,UNKNOWN,Street,42.92245886250399,False,BROOKLYN,"(40.698279, -73.9784176)",trafficstat,True,False,False,True,False,False,False,False,False,,,,,,,
2026-09-05,00:00,40.6898386,-73.9786242,ASHLAND PL,11217,88,UNKNOWN,Street,0.37116664783169795,False,BROOKLYN,"(40.6898386, -73.9786242)",trafficstat,True,False,True,False,False,False,False,False,False,,,,,,,
2026-09-05,00:00,40.6896207,-73.9731252,CUMBERLAND ST,11205,88,UNKNOWN,Street,0.16410750009777003,False,BROOKLYN,"(40.6896207, -73.9731252)",trafficstat,True,False,False,False,False,False,False,True,False,,,,,,,
2026-06-28,00:00,40.6896207,-73.9731252,CUMBERLAND ST,11205,88,UNKNOWN,Street,0.16410750009777003,False,BROOKLYN,"(40.6896207, -73.9731252)",trafficstat,True,False,False,True,False,False,False,False,False,,,,,,,
2026-09-04,00:00,40.6880617,-73.9680705,LAFAYETTE AVE,11238,88,UNKNOWN,Street,36.96037776077997,False,BROOKLYN,"(40.6880617, -73.9680705)",trafficstat,False,False,False,False,False,False,False,False,False,,,,,,,
2026-09-04,00:00,40.6841575,-73.9690603,CLERMONT AVE,11238,88,OTHER,Street,0.40929739550346755,False,BROOKLYN,"(40.6841575, -73.9690603)",trafficstat,True,False,True,False,False,False,False,False,False,,,,,,,
2026-09-04,00:00,40.6874751,-73.9782312,ASHLAND PL,11217,88,UNKNOWN,Street,21.08494115763929,False,BROOKLYN,"(40.6874751, -73.9782312)",trafficstat,False,False,False,False,False,False,False,False,False,,,,,,,
2026-09-03,00:00,40.6851914,-73.9770283,HANSON PL,11217,88,UNKNOWN,Street,3.468919580247327,False,BROOKLYN,"(40.6851914, -73.9770283)",trafficstat,False,False,False,False,False,False,False,False,False,,,,,,,
2026-08-31,00:00,40.6851914,-73.9770283,HANSON PL,11217,88,UNKNOWN,Street,3.468919580247327,False,BROOKLYN,"(40.6851914, -73.9770283)",trafficstat,False,False,False,False,False,False,False,False,False,,,,,,,
2026-09-03,00:00,40.6961206,-73.9640508,BROOKLYN QUEENS EXPY,11205,88,OTHER,Highway,0.3193498425893637,False,BROOKLYN,"(40.6961206, -73.9640508)",trafficstat,True,False,False,False,False,False,False,True,False,,,,,,,
2026-09-03,00:00,40.6933596,-73.9758463,MYRTLE AVE,11205,88,UNKNOWN,Street,3.3980611323495276,False,BROOKLYN,"(40.6933596, -73.9758463)",trafficstat,True,False,False,False,False,False,True,False,False,,,,,,,
2026-08-24,00:00,40.6933596,-73.9758463,MYRTLE AVE,11205,88,UNKNOWN,Street,3.3980611323495276,False,BROOKLYN,"(40.6933596, -73.9758463)",trafficstat,True,False,False,True,False,False,False,False,False,,,,,,,
2026-07-18,00:00,40.6933596,-73.9758463,MYRTLE AVE,11205,88,UNKNOWN,Street,3.3980611323495276,False,BROOKLYN,"(40.6933596, -73.9758463)",trafficstat,True,False,False,True,False,False,False,False,False,,,,,,,
2026-07-12,00:00,40.6933596,-73.9758463,MYRTLE AVE,11205,88,UNKNOWN,Street,3.3980611323495276,False,BROOKLYN,"(40.6933596, -73.9758463)",trafficstat,False,False,False,False,False,False,False,False,False,,,,,,,
2026-09-01,00:00,40.6961169,-73.9704288,VANDERBILT AVE,11205,88,UNKNOWN,Street,0.17388985249479527,False,BROOKLYN,"(40.6961169, -73.9704288)",trafficstat,True,False,True,False,False,False,False,False,False,,,,,,,
2026-08-31,00:00,40.6961169,-73.9704288,VANDERBILT AVE,11205,88,UNKNOWN,Street,0.17388985249479527,False,BROOKLYN,"(40.6961169, -73.9704288)",trafficstat,True,False,False,False,False,False,False,False,True,,,,,,,
2026-08-19,00:00,40.6961169,-73.9704288,VANDERBILT AVE,11205,88,OTHER,Street,0.17388985249479527,False,BROOKLYN,"(40.6961169, -73.9704288)",trafficstat,True,False,False,False,False,False,False,True,False,,,,,,,
2026-07-08,00:00,40.6961169,-73.9704288,VANDERBILT AVE,11205,88,UNKNOWN,Street,0.17388985249479527,False,BROOKLYN,"(40.6961169, -73.9704288)",trafficstat,True,False,True,False,False,False,False,False,False,,,,,,,
2026-07-07,00:00,40.6961169,-73.9704288,VANDERBILT AVE,11205,88,OTHER,Street,0.17388985249479527,False,BROOKLYN,"(40.6961169, -73.9704288)",trafficstat,True,False,False,False,False,True,False,False,False,,,,,,,
2026-09-01,00:00,40.6963823,-73.979031,BROOKLYN QUEENS EXPY,11205,88,UNKNOWN,Highway,0.14402327638785817,False,BROOKLYN,"(40.6963823, -73.979031)",trafficstat,True,False,False,False,False,False,False,True,True,,,,,,,
2026-08-02,00:00,40.6963823,-73.979031,BROOKLYN QUEENS EXPY,11205,88,UNKNOWN,Highway,0.14402327638785817,False,BROOKLYN,"(40.6963823, -73.979031)",trafficstat,True,False,False,False,False,False,False,True,False,,,,,,,
2026-09-01,00:00,40.6944691,-73.9708913,CLERMONT AVE,11205,88,OTHER,Street,62.96992938949063,False,BROOKLYN,"(40.6944691, -73.9708913)",trafficstat,False,False,False,False,False,False,False,False,False,,,,,,,
2026-08-31,00:00,40.6963847,-73.9773887,PARK AVE,11205,88,UNKNOWN,Street,3.4446320174540928,False,BROOKLYN,"(40.6963847, -73.9773887)",trafficstat,True,False,False,False,False,False,False,False,True,,,,,,,
2026-08-30,00:00,40.6934369,-73.9778261,ST EDWARDS ST,11201,88,OTHER,Street,0.06949756493611217,False,BROOKLYN,"(40.6934369, -73.9778261)",trafficstat,True,False,False,False,False,False,True,False,False,,,,,,,
2026-08-30,00:00,40.68989,-73.964269,DEKALB AVE,11205,88,OTHER,Street,2.7055848654100165,False,BROOKLYN,"(40.68989, -73.964269)",trafficstat,False,False,False,False,False,False,False,False,False,,,,,,,
2026-08-29,00:00,40.696014,-73.9657263,PARK AVE,11205,88,UNKNOWN,Street,23.641988550523454,False,BROOKLYN,"(40.696014, -73.9657263)",trafficstat,False,False,False,False,False,False,False,False,False,,,,,,,
2026-08-29,00:00,40.6864845,-73.9668671,GREENE AVE,11238,88,UNKNOWN,Street,40.582995163337955,False,BROOKLYN,"(40.6864845, -73.9668671)",trafficstat,False,False,False,False,False,False,False,False,False,,,,,,,
2026-08-29,00:00,40.6868193,-73.9781997,ASHLAND PL,11217,88,UNKNOWN,Street,0.40817348914160284,False,BROOKLYN,"(40.6868193, -73.9781997)",trafficstat,False,False,False,False,False,False,False,False,False,,,,,,,
2026-07-27,00:00,40.6868193,-73.9781997,ASHLAND PL,11217,88,OTHER,Street,0.40817348914160284,False,BROOKLYN,"(40.6868193, -73.9781997)",trafficstat,True,False,True,False,False,False,False,False,False,,,,,,,
2026-06-20,00:00,40.6868193,-73.9781997,ASHLAND PL,11217,88,OTHER,Street,0.40817348914160284,False,BROOKLYN,"(40.6868193, -73.9781997)",trafficstat,False,False,False,False,False,False,False,False,False,,,,,,,
2026-08-28,00:00,40.6942079,-73.9719949,ADELPHI ST,11205,88,OTHER,Street,20.855827666407645,False,BROOKLYN,"(40.6942079, -73.9719949)",trafficstat,False,False,False,False,False,False,False,False,False,,,,,,,
2026-08-27,00:00,40.6867449,-73.9655255,WASHINGTON AVE,11238,88,UNKNOWN,Street,0.1877606726318954,False,BROOKLYN,"(40.6867449, -73.9655255)",trafficstat,False,False,False,False,False,False,False,False,False,,,,,,,
2026-08-27,00:00,40.6875356,-73.9774963,ST FELIX ST,11217,88,OTHER,Street,0.28180643155279295,False,BROOKLYN,"(40.6875356, -73.9774963)",trafficstat,True,False,True,False,False,False,False,False,False,,,,,,,
2026-08-27,00:00,40.6895074,-73.9701324,CLERMONT AVE,11205,88,UNKNOWN,Street,0.2711009403749786,False,BROOKLYN,"(40.6895074, -73.9701324)",trafficstat,False,False,False,False,False,False,False,False,False,,,,,,,
2026-08-27,00:00,40.6854594,-73.972312,CUMBERLAND ST,11238,88,UNKNOWN,Street,0.08267737896027993,False,BROOKLYN,"(40.6854594, -73.972312)",trafficstat,True,False,False,False,False,False,False,True,True,,,,,,,
2026-08-26,00:00,40.6875927,-73.9646272,ST JAMES PL,11238,88,UNKNOWN,Street,0.23957810828952406,False,BROOKLYN,"(40.6875927, -73.9646272)",trafficstat,False,False,False,False,False,False,False,False,False,,,,,,,
2026-08-26,00:00,40.6865176,-73.9674944,CLINTON AVE,11238,88,UNKNOWN,Street,0.4789677057918313,False,BROOKLYN,"(40.6865176, -73.9674944)",trafficstat,False,False,False,False,False,False,False,False,False,,,,,,,
2026-08-26,00:00,40.6843189,-73.9670555,CLINTON AVE,11238,88,UNKNOWN,Street,0.06268071027122564,False,BROOKLYN,"(40.6843189, -73.9670555)",trafficstat,True,False,False,True,False,False,False,False,False,,,,,,,
2026-08-26,00:00,40.6933074,-73.9699421,VANDERBILT AVE,11205,88,UNKNOWN,Street,21.037761059662692,False,BROOKLYN,"(40.6933074, -73.9699421)",trafficstat,False,False,False,False,False,False,False,False,False,,,,,,,
2026-08-25,00:00,40.6933074,-73.9699421,VANDERBILT AVE,11205,88,UNKNOWN,Street,21.037761059662692,False,BROOKLYN,"(40.6933074, -73.9699421)",trafficstat,False,False,False,False,False,False,False,False,False,,,,,,,
2026-08-24,00:00,40.6971632,-73.9628132,BROOKLYN QUEENS EXPY,11205,88,UNKNOWN,Highway,5.108135612662899,False,BROOKLYN,"(40.6971632, -73.9628132)",trafficstat,True,False,False,False,False,False,False,True,False,,,,,,,
2026-06-26,00:00,40.6971632,-73.9628132,BROOKLYN QUEENS EXPY,11205,88,UNKNOWN,Highway,5.108135612662899,False,BROOKLYN,"(40.6971632, -73.9628132)",trafficstat,False,False,False,False,False,False,False,False,False,,,,,,,
2026-08-23,00:00,40.692024,-73.9817895,FLEET PL,11201,88,UNKNOWN,Street,0.5602927297967811,False,BROOKLYN,"(40.692024, -73.9817895)",trafficstat,False,False,False,False,False,False,False,False,False,,,,,,,
2026-08-22,00:00,40.6926545,-73.9655245,HALL ST,11205,88,UNKNOWN,Street,65.2728244004423,False,BROOKLYN,"(40.6926545, -73.9655245)",trafficstat,False,False,False,False,False,False,False,False,False,,,,,,,
2026-08-22,00:00,40.6834842,-73.9663057,FULTON ST,11238,88,UNKNOWN,Street,40.835979068530314,False,BROOKLYN,"(40.6834842, -73.9663057)",trafficstat,False,False,False,False,False,False,False,False,False,,,,,,,
2026-08-22,00:00,40.6877704,-73.9755356,S  ELLIOTT PL,11217,88,OTHER,Street,51.09109111544117,False,BROOKLYN,"(40.6877704, -73.9755356)",trafficstat,False,False,False,False,False,False,False,False,False,,,,,,,
2026-08-21,00:00,40.687072,-73.9616052,GREENE AVE,11238,88,UNKNOWN,Street,48.38729931915566,False,BROOKLYN,"(40.687072, -73.9616052)",trafficstat,False,False,False,False,False,False,False,False,False,,,,,,,
2026-08-21,00:00,40.6889664,-73.9794973,ROCKWELL PL,11217,88,UNKNOWN,Street,30.93412560229975,False,BROOKLYN,"(40.6889664, -73.9794973)",trafficstat,False,False,False,False,False,False,False,False,False,,,,,,,
2026-08-20,00:00,40.683067,-73.9642864,FULTON ST,11238,88,UNKNOWN,Street,42.9298601740038,False,BROOKLYN,"(40.683067, -73.9642864)",trafficstat,False,False,False,False,False,False,False,False,False,,,,,,,
2026-08-20,00:00,40.6899325,-73.9814728,DEKALB AVE,11201,88,UNKNOWN,Street,2.5078766570030555,False,BROOKLYN,"(40.6899325, -73.9814728)",trafficstat,False,False,False,False,False,False,False,False,False,,,,,,,
2026-07-20,00:00,40.6899325,-73.9814728,DEKALB AVE,11201,88,UNKNOWN,Street,2.5078766570030555,False,BROOKLYN,"(40.6899325, -73.9814728)",trafficstat,True,False,False,False,False,False,False,True,False,,,,,,,
2026-07-03,00:00,40.6899325,-73.9814728,DEKALB AVE,11201,88,UNKNOWN,Street,2.5078766570030555,False,BROOKLYN,"(40.6899325, -73.9814728)",trafficstat,True,False,False,False,False,False,True,False,False,,,,,,,
2026-06-26,00:00,40.6899325,-73.9814728,DEKALB AVE,11201,88,UNKNOWN,Street,2.5078766570030555,False,BROOKLYN,"(40.6899325, -73.9814728)",trafficstat,False,False,False,False,False,False,False,False,False,,,,,,,
2026-08-20,00:00,40.6939215,-73.9623001,EMERSON PL,11205,88,UNKNOWN,Street,21.38677437581075,False,BROOKLYN,"(40.6939215, -73.9623001)",trafficstat,False,False,False,False,False,False,False,False,False,,,,,,,
2026-08-18,00:00,40.691922,-73.978948,ASHLAND PL,11201,88,UNKNOWN,Street,0.15496916633066396,False,BROOKLYN,"(40.691922, -73.978948)",trafficstat,False,False,False,False,False,False,False,False,False,,,,,,,
2026-07-31,00:00,40.691922,-73.978948,ASHLAND PL,11201,88,UNKNOWN,Street,0.15496916633066396,False,BROOKLYN,"(40.691922, -73.978948)",trafficstat,True,False,False,False,False,False,False,False,True,,,,,,,
2026-08-18,00:00,40.6834252,-73.9672611,FULTON ST,11238,88,UNKNOWN,Street,52.40235785110971,False,BROOKLYN,"(40.6834252, -73.9672611)",trafficstat,True,False,False,False,False,False,False,True,False,,,,,,,
2026-08-18,00:00,40.6981167,-73.9775324,N  ELLIOTT PL,11205,88,UNKNOWN,Street,0.1919307852807874,False,BROOKLYN,"(40.6981167, -73.9775324)",trafficstat,False,False,False,False,False,False,False,False,False,,,,,,,
2026-08-16,00:00,40.6935053,-73.9764123,MYRTLE AVE,11205,88,UNKNOWN,Street,41.568552244261284,False,BROOKLYN,"(40.6935053, -73.9764123)",trafficstat,False,False,False,False,False,False,False,False,False,,,,,,,
2026-07-17,00:00,40.6935053,-73.9764123,MYRTLE AVE,11205,88,OTHER,Street,41.568552244261284,False,BROOKLYN,"(40.6935053, -73.9764123)",trafficstat,False,False,False,False,False,False,False,False,False,,,,,,,
2026-08-14,00:00,40.6955215,-73.9649016,PARK AVE,11205,88,OTHER,Street,35.266375558915676,False,BROOKLYN,"(40.6955215, -73.9649016)",trafficstat,False,False,False,False,False,False,False,False,False,,,,,,,
2026-08-14,00:00,40.6897422,-73.9799414,DEKALB AVE,11201,88,UNKNOWN,Street,53.31007351638098,False,BROOKLYN,"(40.6897422, -73.9799414)",trafficstat,True,False,True,True,False,False,False,False,False,,,,,,,
2026-08-14,00:00,40.6878298,-73.9799649,FLATBUSH AVE,11217,88,OTHER,Street,52.41008195811141,False,BROOKLYN,"(40.6878298, -73.9799649)",trafficstat,True,False,True,False,False,False,False,False,False,,,,,,,
2026-08-14,00:00,40.6978047,-73.9697284,CLINTON AVE,11205,88,OTHER,Street,0.1848374208787482,False,BROOKLYN,"(40.6978047, -73.9697284)",trafficstat,True,False,False,True,False,False,False,False,False,,,,,,,
2026-07-14,00:00,40.6978047,-73.9697284,CLINTON AVE,11205,88,UNKNOWN,Street,0.1848374208787482,False,BROOKLYN,"(40.6978047, -73.9697284)",trafficstat,False,False,False,False,False,False,False,False,False,,,,,,,
2026-08-13,00:00,40.6827193,-73.9689725,CLERMONT AVE,11238,88,UNKNOWN,Street,49.46025491878342,False,BROOKLYN,"(40.6827193, -73.9689725)",trafficstat,True,False,False,False,False,False,False,False,False,,,,,,,
2026-08-13,00:00,40.6959519,-73.9823907,TILLARY ST,11201,88,UNKNOWN,Street,22.156695318172506,False,BROOKLYN,"(40.6959519, -73.9823907)",trafficstat,True,False,False,False,False,False,False,False,True,,,,,,,
2026-06-17,00:00,40.6959519,-73.9823907,TILLARY ST,11201,88,OTHER,Street,22.156695318172506,False,BROOKLYN,"(40.6959519, -73.9823907)",trafficstat,False,False,False,False,False,False,False,False,False,,,,,,,
2026-08-12,00:00,40.6959648,-73.9664187,HALL ST,11205,88,OTHER,Street,0.24491224864512715,False,BROOKLYN,"(40.6959648, -73.9664187)",trafficstat,False,False,False,False,False,False,False,False,False,,,,,,,
2026-08-11,00:00,40.694412,-73.97605,N  PORTLAND AVE,11205,88,UNKNOWN,Street,0.3177720729556455,False,BROOKLYN,"(40.694412, -73.97605)",trafficstat,True,False,False,False,False,False,False,True,False,,,,,,,
2026-08-11,00:00,40.6876421,-73.9721671,LAFAYETTE AVE,11238,88,UNKNOWN,Street,56.68483432640132,False,BROOKLYN,"(40.6876421, -73.9721671)",trafficstat,True,False,False,True,False,False,False,False,False,,,,,,,
2026-08-10,00:00,40.692689,-73.9665626,WASHINGTON AVE,11205,88,OTHER,Street,51.60546747241064,False,BROOKLYN,"(40.692689, -73.9665626)",trafficstat,True,False,False,False,False,True,False,False,False,,,,,,,
2026-08-10,00:00,40.686004,-73.9671761,CLINTON AVE,11238,88,OTHER,Street,58.785926951154075,False,BROOKLYN,"(40.686004, -73.9671761)",trafficstat,False,False,False,False,False,False,False,False,False,,,,,,,
2026-08-10,00:00,40.6840267,-73.9610948,DOWNING ST,11238,88,UNKNOWN,Street,36.72639231319042,False,BROOKLYN,"(40.6840267, -73.9610948)",trafficstat,False,False,False,False,False,False,False,False,False,,,,,,,
2026-08-09,00:00,40.6936079,-73.9825103,PRINCE ST,11201,88,OTHER,Street,0.5592750340977071,False,BROOKLYN,"(40.6936079, -73.9825103)",trafficstat,True,False,False,False,False,False,False,False,False,,,,,,,
2026-08-06,00:00,40.6934893,-73.9791675,ASHLAND PL,11201,88,UNKNOWN,Street,0.01184936633828787,False,BROOKLYN,"(40.6934893, -73.9791675)",trafficstat,True,False,True,False,False,False,False,False,False,,,,,,,
2026-08-06,00:00,40.6903646,-73.9812889,FLATBUSH AVE  EXTENSION,11201,88,OTHER,Street,81.74878555530582,False,BROOKLYN,"(40.6903646, -73.9812889)",trafficstat,False,False,False,False,False,False,False,False,False,,,,,,,
2026-08-06,00:00,40.6850282,-73.9712377,CARLTON AVE,11238,88,UNKNOWN,Street,0.35884524369709475,False,BROOKLYN,"(40.6850282, -73.9712377)",trafficstat,True,False,False,False,False,False,False,True,False,,,,,,,
2026-08-05,00:00,40.6935117,-73.9813154,MYRTLE AVE,11201,88,UNKNOWN,Street,23.858707147444562,False,BROOKLYN,"(40.6935117, -73.9813154)",trafficstat,True,False,False,False,True,False,False,False,False,,,,,,,
2026-08-05,00:00,40.6954552,-73.9757138,ALLEY,11205,88,UNKNOWN,Alley,100.52577823117342,False,BROOKLYN,"(40.6954552, -73.9757138)",trafficstat,False,False,False,False,False,False,False,False,False,,,,,,,
2026-08-04,00:00,40.6933882,-73.9648335,MYRTLE AVE,11205,88,UNKNOWN,Street,32.52832044392028,False,BROOKLYN,"(40.6933882, -73.9648335)",trafficstat,False,False,False,False,False,False,False,False,False,,,,,,,
2026-08-04,00:00,40.6932287,-73.9678445,WAVERLY AVE,11205,88,UNKNOWN,Street,0.40514739344635914,False,BROOKLYN,"(40.6932287, -73.9678445)",trafficstat,True,False,False,False,False,False,True,False,False,,,,,,,
2026-08-03,00:00,40.6883481,-73.9634782,LAFAYETTE AVE,11238,88,UNKNOWN,Street,50.60366196571014,False,BROOKLYN,"(40.6883481, -73.9634782)",trafficstat,True,False,False,True,False,False,False,False,False,,,,,,,
2026-08-02,00:00,40.6832684,-73.9666881,CLINTON AVE,11238,88,OTHER,Street,43.74052741220876,False,BROOKLYN,"(40.6832684, -73.9666881)",trafficstat,False,False,False,False,False,False,False,False,False,,,,,,,
2026-08-02,00:00,40.6837263,-73.9679608,VANDERBILT AVE,11238,88,UNKNOWN,Street,0.23534163473028363,False,BROOKLYN,"(40.6837263, -73.9679608)",trafficstat,False,False,False,False,False,False,False,False,False,,,,,,,
2026-07-31,00:00,40.6825939,-73.9626433,FULTON ST,11238,88,UNKNOWN,Street,2.8418275540633715,False,BROOKLYN,"(40.6825939, -73.9626433)",trafficstat,True,False,False,False,False,False,True,False,False,,,,,,,
2026-07-31,00:00,40.6936738,-73.9754888,N  PORTLAND AVE,11205,88,OTHER,Street,114.58103369624192,False,BROOKLYN,"(40.6936738, -73.9754888)",trafficstat,False,False,False,False,False,False,False,False,False,,,,,,,
2026-07-31,00:00,40.6957259,-73.9659154,BROOKLYN QUEENS EXPY,11205,88,UNKNOWN,Highway,1.9243671026313471,False,BROOKLYN,"(40.6957259, -73.9659154)",trafficstat,True,False,False,False,False,False,False,True,False,,,,,,,
2026-07-19,00:00,40.6957259,-73.9659154,BROOKLYN QUEENS EXPY,11205,88,UNKNOWN,Highway,1.9243671026313471,False,BROOKLYN,"(40.6957259, -73.9659154)",trafficstat,False,False,False,False,False,False,False,False,False,,,,,,,
2026-07-29,00:00,40.6962052,-73.9724807,ADELPHI ST,11205,88,OTHER,Street,0.6893629252441469,False,BROOKLYN,"(40.6962052, -73.9724807)",trafficstat,False,False,False,False,False,False,False,False,False,,,,,,,
2026-06-17,00:00,40.6962052,-73.9724807,ADELPHI ST,11205,88,UNKNOWN,Street,0.6893629252441469,False,BROOKLYN,"(40.6962052, -73.9724807)",trafficstat,True,False,False,False,False,False,False,True,False,,,,,,,
2026-07-28,00:00,40.6961766,-73.9803567,NAVY ST,11201,88,OTHER,Street,0.04170351673832752,False,BROOKLYN,"(40.6961766, -73.9803567)",trafficstat,False,False,False,False,False,False,False,False,False,,,,,,,
2026-06-16,00:00,40.6961766,-73.9803567,NAVY ST,11201,88,UNKNOWN,Street,0.04170351673832752,False,BROOKLYN,"(40.6961766, -73.9803567)",trafficstat,True,False,False,False,False,False,True,False,False,,,,,,,
2026-07-28,00:00,40.6813311,-73.9651605,ATLANTIC AVE,11238,88,UNKNOWN,Street,6.86802486977093,False,BROOKLYN,"(40.6813311, -73.9651605)",trafficstat,True,False,False,False,False,False,False,True,False,,,,,,,
2026-07-27,00:00,40.6851093,-73.9779478,ASHLAND PL,11217,88,UNKNOWN,Street,1.7239601674243732,False,BROOKLYN,"(40.6851093, -73.9779478)",trafficstat,True,False,False,True,False,False,False,False,False,,,,,,,
2026-07-27,00:00,40.689698,-73.9751049,S  PORTLAND AVE,11217,88,UNKNOWN,Street,0.1488329119258484,False,BROOKLYN,"(40.689698, -73.9751049)",trafficstat,True,False,False,True,False,False,False,False,False,,,,,,,
2026-07-20,00:00,40.689698,-73.9751049,S  PORTLAND AVE,11217,88,OTHER,Street,0.1488329119258484,False,BROOKLYN,"(40.689698, -73.9751049)",trafficstat,True,False,False,True,False,False,False,False,False,,,,,,,
2026-07-03,00:00,40.689698,-73.9751049,S  PORTLAND AVE,11217,88,UNKNOWN,Street,0.1488329119258484,False,BROOKLYN,"(40.689698, -73.9751049)",trafficstat,True,False,True,False,False,False,False,False,False,,,,,,,
2026-07-25,00:00,40.6921787,-73.9669211,WASHINGTON AVE,11205,88,UNKNOWN,Street,74.41535512364081,False,BROOKLYN,"(40.6921787, -73.9669211)",trafficstat,False,False,False,False,False,False,False,False,False,,,,,,,
2026-07-22,00:00,40.6833955,-73.9671197,FULTON ST,11238,88,UNKNOWN,Street,51.520122516358555,False,BROOKLYN,"(40.6833955, -73.9671197)",trafficstat,True,False,False,False,False,False,False,True,False,,,,,,,
2026-07-21,00:00,40.6959316,-73.9654667,RYERSON ST,11205,88,OTHER,Street,0.012810199888568106,False,BROOKLYN,"(40.6959316, -73.9654667)",trafficstat,False,False,False,False,False,False,False,False,False,,,,,,,
2026-07-21,00:00,40.6945156,-73.979328,MONUMENT WALK,11205,88,UNKNOWN,Street,103.4832949845166,False,BROOKLYN,"(40.6945156, -73.979328)",trafficstat,False,False,False,False,False,False,False,False,False,,,,,,,
2026-07-18,00:00,40.6867179,-73.9790651,LAFAYETTE AVE,11217,88,UNKNOWN,Street,2.969890330542373,False,BROOKLYN,"(40.6867179, -73.9790651)",trafficstat,True,False,False,False,False,False,True,False,False,,,,,,,
2026-07-18,00:00,40.6824233,-73.9706836,CARLTON AVE,11238,88,UNKNOWN,Street,0.5633849343100237,False,BROOKLYN,"(40.6824233, -73.9706836)",trafficstat,False,False,False,False,False,False,False,False,False,,,,,,,
2026-07-18,00:00,40.688255,-73.9792845,ROCKWELL PL,11217,88,UNKNOWN,Street,0.32515104183981697,False,BROOKLYN,"(40.688255, -73.9792845)",trafficstat,True,False,False,True,False,False,False,False,False,,,,,,,
2026-07-17,00:00,40.688255,-73.9792845,ROCKWELL PL,11217,88,UNKNOWN,Street,0.32515104183981697,False,BROOKLYN,"(40.688255, -73.9792845)",trafficstat,False,False,False,False,False,False,False,False,False,,,,,,,
2026-07-17,00:00,40.6965582,-73.9804107,NAVY ST,11201,88,UNKNOWN,Street,0.25592359604889375,False,BROOKLYN,"(40.6965582, -73.9804107)",trafficstat,True,False,False,True,False,False,False,False,False,,,,,,,
2026-07-16,00:00,40.6854847,-73.9757518,HANSON PL,11217,88,OTHER,Street,46.9114619891839,False,BROOKLYN,"(40.6854847, -73.9757518)",trafficstat,False,False,False,False,False,False,False,False,False,,,,,,,
2026-07-16,00:00,40.6931718,-73.9708592,CLERMONT AVE,11205,88,UNKNOWN,Street,0.06712401708376106,False,BROOKLYN,"(40.6931718, -73.9708592)",trafficstat,False,False,False,False,False,False,False,False,False,,,,,,,
2026-07-15,00:00,40.6921125,-73.9824894,FLATBUSH AVE  EXTENSION,11201,88,OTHER,Street,8.238354089870965,False,BROOKLYN,"(40.6921125, -73.9824894)",trafficstat,True,False,False,False,False,False,False,True,False,,,,,,,
2026-07-15,00:00,40.6898994,-73.9804307,HUDSON AVE,11201,88,UNKNOWN,Street,0.34653686421526136,False,BROOKLYN,"(40.6898994, -73.9804307)",trafficstat,True,False,True,False,False,False,False,False,False,,,,,,,
2026-07-14,00:00,40.686308,-73.9744427,S  PORTLAND AVE,11217,88,OTHER,Street,0.17352799287090323,False,BROOKLYN,"(40.686308, -73.9744427)",trafficstat,True,False,True,True,False,False,False,False,False,,,,,,,