crash_date,crash_time,latitude,longitude,on_street_name,zip_code,precinct,collision_type,roadway_type,geocode_dist_feet,time_is_known,borough,location,source,injury,fatality,injured_pedestrian,injured_cyclist,injured_ebike_rider,injured_motorcyclist,injured_moped_rider,injured_car_occupant,injured_suv_occupant,number_of_persons_injured,number_of_persons_killed,contributing_factor_vehicle_1,collision_id,cross_street_name,off_street_name,vehicle_type_code1
2026-07-13,00:00,40.6941574,-73.97284,CARLTON AVE,11205,88,UNKNOWN,Street,54.420219128375294,False,BROOKLYN,"(40.6941574, -73.97284)",trafficstat,False,False,False,False,False,False,False,False,False,,,,,,,
2026-07-12,00:00,40.6934559,-73.9659295,HALL ST,11205,88,UNKNOWN,Street,0.12078543784889684,False,BROOKLYN,"(40.6934559, -73.9659295)",trafficstat,False,False,False,False,False,False,False,False,False,,,,,,,
2026-07-04,00:00,40.6934559,-73.9659295,HALL ST,11205,88,UNKNOWN,Street,0.12078543784889684,False,BROOKLYN,"(40.6934559, -73.9659295)",trafficstat,False,False,False,False,False,False,False,False,False,,,,,,,
2026-07-11,00:00,40.6950441,-73.9660935,HALL ST,11205,88,UNKNOWN,Street,39.9392416906828,False,BROOKLYN,"(40.6950441, -73.9660935)",trafficstat,False,False,False,False,False,False,False,False,False,,,,,,,
2026-07-11,00:00,40.6893788,-73.9696234,DEKALB AVE,11205,88,OTHER,Street,42.40061946233256,False,BROOKLYN,"(40.6893788, -73.9696234)",trafficstat,False,False,False,False,False,False,False,False,False,,,,,,,
2026-07-10,00:00,40.6934221,-73.9804535,MYRTLE AVE,11201,88,UNKNOWN,Street,44.67669888705248,False,BROOKLYN,"(40.6934221, -73.9804535)",trafficstat,True,False,False,False,True,False,False,False,False,,,,,,,
2026-06-19,00:00,40.6934221,-73.9804535,MYRTLE AVE,11201,88,UNKNOWN,Street,44.67669888705248,False,BROOKLYN,"(40.6934221, -73.9804535)",trafficstat,True,False,True,False,False,False,False,False,False,,,,,,,
2026-07-09,00:00,40.6886179,-73.9798415,FULTON ST,11201,88,UNKNOWN,Street,44.09834603821337,False,BROOKLYN,"(40.6886179, -73.9798415)",trafficstat,True,False,False,False,False,False,False,True,False,,,,,,,
2026-07-09,00:00,40.6931192,-73.968811,CLINTON AVE,11205,88,UNKNOWN,Street,0.464126076326566,False,BROOKLYN,"(40.6931192, -73.968811)",trafficstat,True,False,False,False,False,False,False,False,False,,,,,,,
2026-07-08,00:00,40.6830498,-73.9737625,6 AVE,11217,88,OTHER,Street,0.38509854555549805,False,BROOKLYN,"(40.6830498, -73.9737625)",trafficstat,False,False,False,False,False,False,False,False,False,,,,,,,
2026-07-07,00:00,40.6828018,-73.9607178,DOWNING ST,11238,88,UNKNOWN,Street,0.016531317239602272,False,BROOKLYN,"(40.6828018, -73.9607178)",trafficstat,False,False,False,False,False,False,False,False,False,,,,,,,
2026-07-07,00:00,40.6980036,-73.974788,CUMBERLAND ST,11205,88,OTHER,Street,0.5216361404648908,False,BROOKLYN,"(40.6980036, -73.974788)",trafficstat,True,False,False,True,False,False,False,False,False,,,,,,,
2026-06-24,00:00,40.6980036,-73.974788,CUMBERLAND ST,11205,88,OTHER,Street,0.5216361404648908,False,BROOKLYN,"(40.6980036, -73.974788)",trafficstat,True,False,False,False,False,False,False,False,False,,,,,,,
2026-07-05,00:00,40.6844838,-73.9591303,CLASSON AVE,11238,88,OTHER,Street,0.3048676648735888,False,BROOKLYN,"(40.6844838, -73.9591303)",trafficstat,True,False,False,False,False,True,False,True,False,,,,,,,
2026-07-04,00:00,40.6864276,-73.975066,FULTON ST,11217,88,UNKNOWN,Street,47.29069235751658,False,BROOKLYN,"(40.6864276, -73.975066)",trafficstat,False,False,False,False,False,False,False,False,False,,,,,,,
2026-07-03,00:00,40.6897725,-73.9770989,FORT GREENE PL,11217,88,UNKNOWN,Street,0.35144149742257325,False,BROOKLYN,"(40.6897725, -73.9770989)",trafficstat,True,False,False,False,False,False,False,True,False,,,,,,,
2026-07-02,00:00,40.6958117,-73.9820551,TILLARY ST,11201,88,UNKNOWN,Street,23.85869371015926,False,BROOKLYN,"(40.6958117, -73.9820551)",trafficstat,False,False,False,False,False,False,False,False,False,,,,,,,
2026-07-01,00:00,40.6916472,-73.9800315,WILLOUGHBY ST,11201,88,UNKNOWN,Street,117.01610797084462,False,BROOKLYN,"(40.6916472, -73.9800315)",trafficstat,False,False,False,False,False,False,False,False,False,,,,,,,
2026-07-01,00:00,40.6933409,-73.9668816,WASHINGTON AVE,11205,88,UNKNOWN,Street,0.46223495646987184,False,BROOKLYN,"(40.6933409, -73.9668816)",trafficstat,True,False,True,False,False,False,False,False,False,,,,,,,
2026-06-25,00:00,40.6933409,-73.9668816,WASHINGTON AVE,11205,88,OTHER,Street,0.46223495646987184,False,BROOKLYN,"(40.6933409, -73.9668816)",trafficstat,True,False,False,True,False,False,False,False,False,,,,,,,
2026-06-16,00:00,40.6933409,-73.9668816,WASHINGTON AVE,11205,88,UNKNOWN,Street,0.46223495646987184,False,BROOKLYN,"(40.6933409, -73.9668816)",trafficstat,True,False,True,False,False,False,False,False,False,,,,,,,
2026-06-30,00:00,40.6959696,-73.9640905,BROOKLYN QUEENS EXPY,11205,88,UNKNOWN,Highway,5.744306457243625,False,BROOKLYN,"(40.6959696, -73.9640905)",trafficstat,False,False,False,False,False,False,False,False,False,,,,,,,
2026-06-29,00:00,40.6975472,-73.9773235,N  ELLIOTT PL,11205,88,UNKNOWN,Street,44.72994021791003,False,BROOKLYN,"(40.6975472, -73.9773235)",trafficstat,True,False,True,False,False,False,False,False,False,,,,,,,
2026-06-29,00:00,40.6871841,-73.9765914,FULTON ST,11217,88,UNKNOWN,Street,2.4415658069110378,False,BROOKLYN,"(40.6871841, -73.9765914)",trafficstat,True,False,False,True,False,False,False,False,False,,,,,,,
2026-06-28,00:00,40.6979208,-73.9727937,ADELPHI ST,11205,88,UNKNOWN,Street,0.2324560534382773,False,BROOKLYN,"(40.6979208, -73.9727937)",trafficstat,True,False,True,True,False,False,False,False,False,,,,,,,
2026-06-27,00:00,40.689012,-73.9807695,FLATBUSH AVE  EXTENSION,11201,88,UNKNOWN,Street,35.92696691468608,False,BROOKLYN,"(40.689012, -73.9807695)",trafficstat,True,False,False,False,False,False,False,False,False,,,,,,,
2026-06-27,00:00,40.6883462,-73.9657747,WASHINGTON AVE,11205,88,UNKNOWN,Street,20.83749762961465,False,BROOKLYN,"(40.6883462, -73.9657747)",trafficstat,True,False,False,True,False,False,False,False,False,,,,,,,
2026-06-26,00:00,40.6933837,-73.9619989,EMERSON PL,11205,88,UNKNOWN,Street,31.827579504839914,False,BROOKLYN,"(40.6933837, -73.9619989)",trafficstat,False,False,False,False,False,False,False,False,False,,,,,,,
2026-06-26,00:00,40.6898056,-73.977939,ST FELIX ST,11217,88,UNKNOWN,Street,0.004862469429605735,False,BROOKLYN,"(40.6898056, -73.977939)",trafficstat,True,False,False,True,False,False,False,False,False,,,,,,,
2026-06-25,00:00,40.6867559,-73.9782648,ASHLAND PL,11217,88,OTHER,Street,20.915553250426438,False,BROOKLYN,"(40.6867559, -73.9782648)",trafficstat,False,False,False,False,False,False,False,False,False,,,,,,,
2026-06-24,00:00,40.6888812,-73.9600039,CLASSON AVE,11238,88,UNKNOWN,Street,0.26836268036627137,False,BROOKLYN,"(40.6888812, -73.9600039)",trafficstat,True,False,False,False,False,False,False,True,False,,,,,,,
2026-06-24,00:00,40.6834817,-73.9668901,CLINTON AVE,11238,88,UNKNOWN,Street,0.27363499352347725,False,BROOKLYN,"(40.6834817, -73.9668901)",trafficstat,False,False,False,False,False,False,False,False,False,,,,,,,
2026-06-24,00:00,40.6895501,-73.9746622,DEKALB AVE,11217,88,OTHER,Street,50.97385792237472,False,BROOKLYN,"(40.6895501, -73.9746622)",trafficstat,True,False,False,True,False,False,False,False,False,,,,,,,
2026-06-24,00:00,40.6960961,-73.9753239,BROOKLYN QUEENS EXPY,11205,88,UNKNOWN,Highway,1.4685291118235744,False,BROOKLYN,"(40.6960961, -73.9753239)",trafficstat,False,False,False,False,False,False,False,False,False,,,,,,,
2026-06-23,00:00,40.6923019,-73.9618986,EMERSON PL,11205,88,UNKNOWN,Street,0.10528239364631845,False,BROOKLYN,"(40.6923019, -73.9618986)",trafficstat,False,False,False,False,False,False,False,False,False,,,,,,,
2026-06-23,00:00,40.685955,-73.9724,GREENE AVE,11238,88,UNKNOWN,Street,2.3415488516860314,False,BROOKLYN,"(40.685955, -73.9724)",trafficstat,False,False,False,False,False,False,False,False,False,,,,,,,
2026-06-14,00:00,40.685955,-73.9724,GREENE AVE,11238,88,UNKNOWN,Street,2.3415488516860314,False,BROOKLYN,"(40.685955, -73.9724)",trafficstat,False,False,False,False,False,False,False,False,False,,,,,,,
2026-06-23,00:00,40.6826752,-73.9686144,CLERMONT AVE,11238,88,UNKNOWN,Street,46.596635100428415,False,BROOKLYN,"(40.6826752, -73.9686144)",trafficstat,True,False,False,False,False,False,False,False,True,,,,,,,
2026-06-21,00:00,40.6896737,-73.9661334,WASHINGTON AVE,11205,88,UNKNOWN,Street,0.3704266031704612,False,BROOKLYN,"(40.6896737, -73.9661334)",trafficstat,False,False,False,False,False,False,False,False,False,,,,,,,
2026-06-20,00:00,40.6945663,-73.9722842,ADELPHI ST,11205,88,UNKNOWN,Street,38.89904056127598,False,BROOKLYN,"(40.6945663, -73.9722842)",trafficstat,False,False,False,False,False,False,False,False,False,,,,,,,
2026-06-20,00:00,40.681059,-73.9615491,GRAND AVE,11238,88,UNKNOWN,Street,52.37100197324077,False,BROOKLYN,"(40.681059, -73.9615491)",trafficstat,False,False,False,False,False,False,False,False,False,,,,,,,
2026-06-20,00:00,40.6833164,-73.9654814,FULTON ST,11238,88,UNKNOWN,Street,42.677774806397466,False,BROOKLYN,"(40.6833164, -73.9654814)",trafficstat,False,False,False,False,False,False,False,False,False,,,,,,,
2026-06-20,00:00,40.6849426,-73.9684124,VANDERBILT AVE,11238,88,UNKNOWN,Street,58.082996941441266,False,BROOKLYN,"(40.6849426, -73.9684124)",trafficstat,True,False,False,True,False,False,False,False,False,,,,,,,
2026-06-20,00:00,40.6900257,-73.9603748,CLASSON AVE,11205,88,UNKNOWN,Street,39.73278322469689,False,BROOKLYN,"(40.6900257, -73.9603748)",trafficstat,False,False,False,False,False,False,False,False,False,,,,,,,
2026-06-18,00:00,40.6861418,-73.9671795,CLINTON AVE,11238,88,UNKNOWN,Street,65.37045196885299,False,BROOKLYN,"(40.6861418, -73.9671795)",trafficstat,False,False,False,False,False,False,False,False,False,,,,,,,
2026-06-17,00:00,40.6859535,-73.9723984,GREENE AVE,11238,88,OTHER,Street,2.9538573883121115,False,BROOKLYN,"(40.6859535, -73.9723984)",trafficstat,True,False,False,True,False,False,False,False,False,,,,,,,
2026-06-17,00:00,40.6932779,-73.9679296,MYRTLE AVE,11205,88,OTHER,Street,17.801599271381924,False,BROOKLYN,"(40.6932779, -73.9679296)",trafficstat,False,False,False,False,False,False,False,False,False,,,,,,,
2026-06-17,00:00,40.6937421,-73.9767932,N  ELLIOTT WALK,11205,88,UNKNOWN,Street,73.73315843869126,False,BROOKLYN,"(40.6937421, -73.9767932)",trafficstat,True,False,False,False,True,False,False,False,False,,,,,,,
2026-06-16,00:00,40.6877506,-73.9697834,CLERMONT AVE,11238,88,UNKNOWN,Street,0.22669486214340537,False,BROOKLYN,"(40.6877506, -73.9697834)",trafficstat,True,False,False,False,False,False,False,True,False,,,,,,,
2026-06-16,00:00,40.69792,-73.97279,ADELPHI ST,11205,88,UNKNOWN,Street,1.2081706946927575,False,BROOKLYN,"(40.69792, -73.97279)",trafficstat,True,False,False,True,False,False,False,False,False,,,,,,,
2026-06-15,00:00,40.7012957,-73.9808457,YORK ST,11201,88,UNKNOWN,Street,2.833720891658315,False,BROOKLYN,"(40.7012957, -73.9808457)",trafficstat,True,False,False,False,False,False,True,False,False,,,,,,,
2026-06-15,00:00,40.6808813,-73.9632932,ATLANTIC AVE,11238,88,UNKNOWN,Street,22.209815237582504,False,BROOKLYN,"(40.6808813, -73.9632932)",trafficstat,False,False,False,False,False,False,False,False,False,,,,,,,
2026-06-15,00:00,40.6804635,-73.9613465,GRAND AVE,11238,88,OTHER,Street,2.3582591139531868,False,BROOKLYN,"(40.6804635, -73.9613465)",trafficstat,True,False,False,False,False,False,False,True,False,,,,,,,
2026-06-15,00:00,40.681435,-73.961426,GRAND AVE,11238,88,OTHER,Street,0.6658053776438466,False,BROOKLYN,"(40.681435, -73.961426)",trafficstat,True,False,True,False,False,False,False,False,False,,,,,,,
2026-06-14,00:00,40.6846708,-73.9683587,VANDERBILT AVE,11238,88,UNKNOWN,Street,58.18144109066974,False,BROOKLYN,"(40.6846708, -73.9683587)",trafficstat,False,False,False,False,False,False,False,False,False,,,,,,,
2026-06-14,00:00,40.6886947,-73.9792256,ROCKWELL PL,11217,88,UNKNOWN,Street,33.521107100237565,False,BROOKLYN,"(40.6886947, -73.9792256)",trafficstat,False,False,False,False,False,False,False,False,False,,,,,,,
2026-06-14,00:00,40.6894252,-73.9672961,DEKALB AVE,11205,88,UNKNOWN,Street,44.619316351553415,False,BROOKLYN,"(40.6894252, -73.9672961)",trafficstat,False,False,False,False,False,False,False,False,False,,,,,,,
2026-06-13,00:00,40.6900757,-73.9612731,DEKALB AVE,11205,88,OTHER,Street,60.10902403510656,False,BROOKLYN,"(40.6900757, -73.9612731)",trafficstat,False,False,False,False,False,False,False,False,False,,,,,,,
2026-06-12,00:00,40.6811177,-73.9644216,WASHINGTON AVE,11238,88,UNKNOWN,Street,0.995900296508112,False,BROOKLYN,"(40.6811177, -73.9644216)",trafficstat,True,False,False,True,False,False,False,False,False,,,,,,,
2026-09-13,00:00,40.7041126,-73.9478546,BROADWAY,11206,90,OTHER,Street,2.005195880382141,False,BROOKLYN,"(40.7041126, -73.9478546)",trafficstat,True,False,False,False,False,False,False,False,False,,,,,,,
2026-06-15,00:00,40.7041126,-73.9478546,BROADWAY,11206,90,UNKNOWN,Street,2.005195880382141,False,BROOKLYN,"(40.7041126, -73.9478546)",trafficstat,True,False,True,False,False,False,False,False,False,,,,,,,
2026-09-13,00:00,40.7127029,-73.9523208,KEAP ST,11211,90,UNKNOWN,Street,0.9952884313468131,False,BROOKLYN,"(40.7127029, -73.9523208)",trafficstat,False,False,False,False,False,False,False,False,False,,,,,,,
2026-09-12,00:00,40.70719,-73.95786,DIVISION AVE,11211,90,UNKNOWN,Street,2.7698914898190057,False,BROOKLYN,"(40.70719, -73.95786)",trafficstat,False,False,False,False,False,False,False,False,False,,,,,,,
2026-09-11,00:00,40.7038621,-73.9603461,KEAP ST,11211,90,OTHER,Street,18.25192636371712,False,BROOKLYN,"(40.7038621, -73.9603461)",trafficstat,True,False,True,False,False,False,False,False,False,,,,,,,
2026-09-11,00:00,40.7080711,-73.9433213,GRAHAM AVE,11206,90,UNKNOWN,Street,0.47332496964886833,False,BROOKLYN,"(40.7080711, -73.9433213)",trafficstat,False,False,False,False,False,False,False,False,False,,,,,,,
2026-06-12,00:00,40.7080711,-73.9433213,GRAHAM AVE,11206,90,UNKNOWN,Street,0.47332496964886833,False,BROOKLYN,"(40.7080711, -73.9433213)",trafficstat,True,False,False,False,False,False,False,True,True,,,,,,,
2026-09-10,00:00,40.7130804,-73.9640726,BERRY ST,11249,90,UNKNOWN,Street,1.1334565693880823,False,BROOKLYN,"(40.7130804, -73.9640726)",trafficstat,False,False,False,False,False,False,False,False,False,,,,,,,
2026-09-10,00:00,40.7128614,-73.9657825,WYTHE AVE,11249,90,UNKNOWN,Street,1.0099340064843119,False,BROOKLYN,"(40.7128614, -73.9657825)",trafficstat,False,False,False,False,False,False,False,False,False,,,,,,,
2026-09-10,00:00,40.713985,-73.9530896,BROOKLYN QUEENS EXPY,11211,90,OTHER,Highway,8.464862608029131,False,BROOKLYN,"(40.713985, -73.9530896)",trafficstat,False,False,False,False,False,False,False,False,False,,,,,,,
2026-09-08,00:00,40.713985,-73.9530896,BROOKLYN QUEENS EXPY,11211,90,OTHER,Highway,8.464862608029131,False,BROOKLYN,"(40.713985, -73.9530896)",trafficstat,True,False,False,False,False,False,False,False,True,,,,,,,
2026-08-06,00:00,40.713985,-73.9530896,BROOKLYN QUEENS EXPY,11211,90,OTHER,Highway,8.464862608029131,False,BROOKLYN,"(40.713985, -73.9530896)",trafficstat,True,False,False,False,False,False,False,False,True,,,,,,,
2026-07-03,00:00,40.713985,-73.9530896,BROOKLYN QUEENS EXPY,11211,90,UNKNOWN,Highway,8.464862608029131,False,BROOKLYN,"(40.713985, -73.9530896)",trafficstat,True,False,False,False,False,False,False,True,False,,,,,,,
2026-09-10,00:00,40.7142212,-73.9314808,GRAND ST,11211,90,UNKNOWN,Street,3.304276746528048,False,BROOKLYN,"(40.7142212, -73.9314808)",trafficstat,False,False,False,False,False,False,False,False,False,,,,,,,
2026-08-13,00:00,40.7142212,-73.9314808,GRAND ST,11211,90,UNKNOWN,Street,3.304276746528048,False,BROOKLYN,"(40.7142212, -73.9314808)",trafficstat,True,False,False,False,False,False,False,False,True,,,,,,,
2026-08-03,00:00,40.7142212,-73.9314808,GRAND ST,11211,90,UNKNOWN,Street,3.304276746528048,False,BROOKLYN,"(40.7142212, -73.9314808)",trafficstat,True,False,False,False,False,False,False,True,False,,,,,,,
2026-07-09,00:00,40.7142212,-73.9314808,GRAND ST,11211,90,OTHER,Street,3.304276746528048,False,BROOKLYN,"(40.7142212, -73.9314808)",trafficstat,True,False,False,False,False,False,False,True,True,,,,,,,
2026-06-27,00:00,40.7142212,-73.9314808,GRAND ST,11211,90,UNKNOWN,Street,3.304276746528048,False,BROOKLYN,"(40.7142212, -73.9314808)",trafficstat,True,False,False,False,False,False,False,True,False,,,,,,,
2026-06-22,00:00,40.7142212,-73.9314808,GRAND ST,11211,90,OTHER,Street,3.304276746528048,False,BROOKLYN,"(40.7142212, -73.9314808)",trafficstat,True,False,False,False,False,False,False,True,False,,,,,,,
2026-06-16,00:00,40.7142212,-73.9314808,GRAND ST,11211,90,OTHER,Street,3.304276746528048,False,BROOKLYN,"(40.7142212, -73.9314808)",trafficstat,False,False,False,False,False,False,False,False,False,,,,,,,
2026-06-13,00:00,40.7142212,-73.9314808,GRAND ST,11211,90,UNKNOWN,Street,3.304276746528048,False,BROOKLYN,"(40.7142212, -73.9314808)",trafficstat,True,False,False,False,False,False,False,True,False,,,,,,,
2026-09-10,00:00,40.7070796,-73.9540164,HOOPER ST,11211,90,UNKNOWN,Street,1.9770736753422844,False,BROOKLYN,"(40.7070796, -73.9540164)",trafficstat,False,False,False,False,False,False,False,False,False,,,,,,,
2026-09-10,00:00,40.7024077,-73.9604985,BROOKLYN QUEENS EXPY,11249,90,UNKNOWN,Highway,0.5949626985781256,False,BROOKLYN,"(40.7024077, -73.9604985)",trafficstat,True,False,False,False,False,False,False,True,False,,,,,,,
2026-09-10,00:00,40.6997237,-73.9618164,BROOKLYN QUEENS EXPY,11249,90,UNKNOWN,Highway,4.416371323194426,False,BROOKLYN,"(40.6997237, -73.9618164)",trafficstat,True,False,False,False,False,False,False,True,True,,,,,,,
2026-08-06,00:00,40.6997237,-73.9618164,BROOKLYN QUEENS EXPY,11249,90,UNKNOWN,Highway,4.416371323194426,False,BROOKLYN,"(40.6997237, -73.9618164)",trafficstat,False,False,False,False,False,False,False,False,False,,,,,,,
2026-06-17,00:00,40.6997237,-73.9618164,BROOKLYN QUEENS EXPY,11249,90,UNKNOWN,Highway,4.416371323194426,False,BROOKLYN,"(40.6997237, -73.9618164)",trafficstat,False,False,False,False,False,False,False,False,False,,,,,,,
2026-06-15,00:00,40.6997237,-73.9618164,BROOKLYN QUEENS EXPY,11249,90,UNKNOWN,Highway,4.416371323194426,False,BROOKLYN,"(40.6997237, -73.9618164)",trafficstat,False,False,False,False,False,False,False,False,False,,,,,,,
2026-09-09,00:00,40.7012737,-73.9534481,MIDDLETON ST,11206,90,UNKNOWN,Street,57.257415463195215,False,BROOKLYN,"(40.7012737, -73.9534481)",trafficstat,False,False,False,False,False,False,False,False,False,,,,,,,
2026-09-09,00:00,40.711262,-73.9420184,HUMBOLDT ST,11206,90,UNKNOWN,Street,33.19607991455307,False,BROOKLYN,"(40.711262, -73.9420184)",trafficstat,False,False,False,False,False,False,False,False,False,,,,,,,
2026-09-09,00:00,40.7094513,-73.935345,SCHOLES ST,11206,90,UNKNOWN,Street,40.63054325621453,False,BROOKLYN,"(40.7094513, -73.935345)",trafficstat,False,False,False,False,False,False,False,False,False,,,,,,,
2026-09-08,00:00,40.7089374,-73.9352584,MESEROLE ST,11206,90,UNKNOWN,Street,32.20509809463907,False,BROOKLYN,"(40.7089374, -73.9352584)",trafficstat,False,False,False,False,False,False,False,False,False,,,,,,,
2026-09-08,00:00,40.7134844,-73.9655045,WYTHE AVE,11249,90,UNKNOWN,Street,0.9443356010697127,False,BROOKLYN,"(40.7134844, -73.9655045)",trafficstat,False,False,False,False,False,False,False,False,False,,,,,,,
2026-09-08,00:00,40.7122454,-73.9635852,S  4 ST,11249,90,UNKNOWN,Street,32.22685368680274,False,BROOKLYN,"(40.7122454, -73.9635852)",trafficstat,True,False,False,False,False,False,False,False,False,,,,,,,
2026-09-07,00:00,40.7154181,-73.9340959,VANDERVOORT AVE,11211,90,UNKNOWN,Street,51.56002827153684,False,BROOKLYN,"(40.7154181, -73.9340959)",trafficstat,False,False,False,False,False,False,False,False,False,,,,,,,
2026-09-07,00:00,40.70186,-73.9636141,KEAP ST,11249,90,UNKNOWN,Street,39.46032163430248,False,BROOKLYN,"(40.70186, -73.9636141)",trafficstat,True,False,False,False,False,False,False,False,True,,,,,,,
2026-09-07,00:00,40.7019113,-73.936979,BUSHWICK AVE,11206,90,UNKNOWN,Street,0.005232401289485005,False,BROOKLYN,"(40.7019113, -73.936979)",trafficstat,False,False,False,False,False,False,False,False,False,,,,,,,
2026-09-07,00:00,40.7037331,-73.9597836,BROOKLYN QUEENS EXPY,11211,90,UNKNOWN,Highway,8.738166642595063,False,BROOKLYN,"(40.7037331, -73.9597836)",trafficstat,True,False,False,False,False,False,False,False,True,,,,,,,
2026-08-03,00:00,40.7037331,-73.9597836,BROOKLYN QUEENS EXPY,11211,90,UNKNOWN,Highway,8.738166642595063,False,BROOKLYN,"(40.7037331, -73.9597836)",trafficstat,False,False,False,False,False,False,False,False,False,,,,,,,
2026-09-06,00:00,40.7000741,-73.9550149,WALLABOUT ST,11206,90,UNKNOWN,Street,35.546594108428515,False,BROOKLYN,"(40.7000741, -73.9550149)",trafficstat,False,False,False,False,False,False,False,False,False,,,,,,,
2026-09-06,00:00,40.7109554,-73.9498305,GRAND ST,11211,90,UNKNOWN,Street,47.543108815563514,False,BROOKLYN,"(40.7109554, -73.9498305)",trafficstat,True,False,False,False,False,False,False,True,False,,,,,,,
2026-09-06,00:00,40.7119028,-73.9490136,LORIMER ST,11211,90,UNKNOWN,Street,0.06820748083253704,False,BROOKLYN,"(40.7119028, -73.9490136)",trafficstat,False,False,False,False,False,False,False,False,False,,,,,,,
2026-09-05,00:00,40.7078797,-73.9575809,BROOKLYN QUEENS EXPY,11211,90,UNKNOWN,Highway,5.654724457316523,False,BROOKLYN,"(40.7078797, -73.9575809)",trafficstat,True,False,False,False,False,False,False,False,True,,,,,,,
2026-09-05,00:00,40.7016614,-73.9614532,WILLIAMSBURG ST  W,11249,90,UNKNOWN,Street,1.6211318306753162,False,BROOKLYN,"(40.7016614, -73.9614532)",trafficstat,False,False,False,False,False,False,False,False,False,,,,,,,
2026-08-31,00:00,40.7016614,-73.9614532,WILLIAMSBURG ST  W,11249,90,UNKNOWN,Street,1.6211318306753162,False,BROOKLYN,"(40.7016614, -73.9614532)",trafficstat,False,False,False,False,False,False,False,False,False,,,,,,,
2026-06-20,00:00,40.7016614,-73.9614532,WILLIAMSBURG ST  W,11249,90,UNKNOWN,Street,1.6211318306753162,False,BROOKLYN,"(40.7016614, -73.9614532)",trafficstat,False,False,False,False,False,False,False,False,False,,,,,,,
2026-09-04,00:00,40.70141,-73.9433975,THORNTON ST,11206,90,UNKNOWN,Street,53.91646235117063,False,BROOKLYN,"(40.70141, -73.9433975)",trafficstat,True,False,True,False,False,False,False,False,False,,,,,,,
2026-09-04,00:00,40.7043086,-73.9444498,MANHATTAN AVE,11206,90,UNKNOWN,Street,0.07747454612538453,False,BROOKLYN,"(40.7043086, -73.9444498)",trafficstat,True,False,False,True,False,False,False,False,False,,,,,,,
2026-07-22,00:00,40.7043086,-73.9444498,MANHATTAN AVE,11206,90,OTHER,Street,0.07747454612538453,False,BROOKLYN,"(40.7043086, -73.9444498)",trafficstat,True,False,False,True,False,False,False,False,False,,,,,,,
2026-09-04,00:00,40.7089149,-73.9409632,SCHOLES ST,11206,90,UNKNOWN,Street,40.54760896555826,False,BROOKLYN,"(40.7089149, -73.9409632)",trafficstat,False,False,False,False,False,False,False,False,False,,,,,,,
2026-09-04,00:00,40.7094119,-73.9573631,MARCY AVE,11211,90,UNKNOWN,Street,19.29812987096732,False,BROOKLYN,"(40.7094119, -73.9573631)",trafficstat,False,False,False,False,False,False,False,False,False,,,,,,,
2026-09-03,00:00,40.7104315,-73.9487731,LORIMER ST,11206,90,OTHER,Street,0.49480746200826775,False,BROOKLYN,"(40.7104315, -73.9487731)",trafficstat,True,False,False,False,False,False,True,False,False,,,,,,,
2026-07-27,00:00,40.7104315,-73.9487731,LORIMER ST,11206,90,UNKNOWN,Street,0.49480746200826775,False,BROOKLYN,"(40.7104315, -73.9487731)",trafficstat,False,False,False,False,False,False,False,False,False,,,,,,,
2026-09-03,00:00,40.7104532,-73.9373352,WATERBURY ST,11206,90,UNKNOWN,Street,0.01102775245929815,False,BROOKLYN,"(40.7104532, -73.9373352)",trafficstat,False,False,False,False,False,False,False,False,False,,,,,,,
2026-09-03,00:00,40.7034942,-73.9427387,GRAHAM AVE,11206,90,UNKNOWN,Street,46.63164477238225,False,BROOKLYN,"(40.7034942, -73.9427387)",trafficstat,False,False,False,False,False,False,False,False,False,,,,,,,
2026-09-03,00:00,40.6983295,-73.9622572,BROOKLYN QUEENS EXPY,11249,90,UNKNOWN,Highway,2.735608641897098,False,BROOKLYN,"(40.6983295, -73.9622572)",trafficstat,True,False,False,False,False,False,False,False,True,,,,,,,
2026-09-02,00:00,40.699177,-73.960499,KENT AVE,11249,90,UNKNOWN,Street,2.691648340448809,False,BROOKLYN,"(40.699177, -73.960499)",trafficstat,False,False,False,False,False,False,False,False,False,,,,,,,
2026-09-02,00:00,40.7023253,-73.9496641,HARRISON AVE,11206,90,UNKNOWN,Street,22.60832418583073,False,BROOKLYN,"(40.7023253, -73.9496641)",trafficstat,True,False,False,False,False,False,False,True,False,,,,,,,
2026-09-02,00:00,40.7004247,-73.9443881,THROOP AVE,11206,90,UNKNOWN,Street,0.14971701001864482,False,BROOKLYN,"(40.7004247, -73.9443881)",trafficstat,True,False,False,False,False,False,False,True,False,,,,,,,
2026-09-01,00:00,40.7008491,-73.9619189,WILLIAMSBURG ST  W,11249,90,OTHER,Street,1.757549660546151,False,BROOKLYN,"(40.7008491, -73.9619189)",trafficstat,False,False,False,False,False,False,False,False,False,,,,,,,
2026-09-01,00:00,40.6989963,-73.961599,CLASSON AVE,11249,90,UNKNOWN,Street,2.0299316238616427,False,BROOKLYN,"(40.6989963, -73.961599)",trafficstat,False,False,False,False,False,False,False,False,False,,,,,,,
2026-09-01,00:00,40.6994846,-73.9610325,CLASSON AVE,11249,90,UNKNOWN,Street,2.523277077279195,False,BROOKLYN,"(40.6994846, -73.9610325)",trafficstat,False,False,False,False,False,False,False,False,False,,,,,,,
2026-07-16,00:00,40.6994846,-73.9610325,CLASSON AVE,11249,90,UNKNOWN,Street,2.523277077279195,False,BROOKLYN,"(40.6994846, -73.9610325)",trafficstat,False,False,False,False,False,False,False,False,False,,,,,,,