crash_date,crash_time,latitude,longitude,on_street_name,zip_code,precinct,collision_type,roadway_type,geocode_dist_feet,time_is_known,borough,location,source,injury,fatality,injured_pedestrian,injured_cyclist,injured_ebike_rider,injured_motorcyclist,injured_moped_rider,injured_car_occupant,injured_suv_occupant,number_of_persons_injured,number_of_persons_killed,contributing_factor_vehicle_1,collision_id,cross_street_name,off_street_name,vehicle_type_code1
2026-09-01,00:00,40.706852,-73.9481952,LORIMER ST,11206,90,UNKNOWN,Street,0.15397381995216236,False,BROOKLYN,"(40.706852, -73.9481952)",trafficstat,True,False,False,False,False,False,False,False,True,,,,,,,
2026-07-25,00:00,40.706852,-73.9481952,LORIMER ST,11206,90,UNKNOWN,Street,0.15397381995216236,False,BROOKLYN,"(40.706852, -73.9481952)",trafficstat,False,False,False,False,False,False,False,False,False,,,,,,,
2026-09-01,00:00,40.7067582,-73.9413964,HUMBOLDT ST,11206,90,UNKNOWN,Street,0.46610767502600553,False,BROOKLYN,"(40.7067582, -73.9413964)",trafficstat,True,False,False,False,False,False,False,True,False,,,,,,,
2026-08-31,00:00,40.7085425,-73.9274072,VARICK AVE,11237,90,UNKNOWN,Street,0.2554293725038284,False,BROOKLYN,"(40.7085425, -73.9274072)",trafficstat,False,False,False,False,False,False,False,False,False,,,,,,,
2026-08-31,00:00,40.7058998,-73.9630991,BEDFORD AVE,11211,90,UNKNOWN,Street,1.9318751293616618,False,BROOKLYN,"(40.7058998, -73.9630991)",trafficstat,False,False,False,False,False,False,False,False,False,,,,,,,
2026-08-30,00:00,40.6999378,-73.9618812,BROOKLYN QUEENS EXPY,11249,90,UNKNOWN,Highway,4.44641207950488,False,BROOKLYN,"(40.6999378, -73.9618812)",trafficstat,False,False,False,False,False,False,False,False,False,,,,,,,
2026-08-27,00:00,40.6999378,-73.9618812,BROOKLYN QUEENS EXPY,11249,90,OTHER,Highway,4.44641207950488,False,BROOKLYN,"(40.6999378, -73.9618812)",trafficstat,False,False,False,False,False,False,False,False,False,,,,,,,
2026-08-24,00:00,40.6999378,-73.9618812,BROOKLYN QUEENS EXPY,11249,90,UNKNOWN,Highway,4.44641207950488,False,BROOKLYN,"(40.6999378, -73.9618812)",trafficstat,True,False,False,False,False,False,False,True,False,,,,,,,
2026-08-08,00:00,40.6999378,-73.9618812,BROOKLYN QUEENS EXPY,11249,90,UNKNOWN,Highway,4.44641207950488,False,BROOKLYN,"(40.6999378, -73.9618812)",trafficstat,True,False,False,False,False,False,False,False,True,,,,,,,
2026-07-23,00:00,40.6999378,-73.9618812,BROOKLYN QUEENS EXPY,11249,90,UNKNOWN,Highway,4.44641207950488,False,BROOKLYN,"(40.6999378, -73.9618812)",trafficstat,True,False,False,False,False,False,False,True,False,,,,,,,
2026-07-02,00:00,40.6999378,-73.9618812,BROOKLYN QUEENS EXPY,11249,90,UNKNOWN,Highway,4.44641207950488,False,BROOKLYN,"(40.6999378, -73.9618812)",trafficstat,False,False,False,False,False,False,False,False,False,,,,,,,
2026-06-21,00:00,40.6999378,-73.9618812,BROOKLYN QUEENS EXPY,11249,90,UNKNOWN,Highway,4.44641207950488,False,BROOKLYN,"(40.6999378, -73.9618812)",trafficstat,False,False,False,False,False,False,False,False,False,,,,,,,
2026-08-30,00:00,40.701076,-73.9404204,SUMNER PL,11206,90,UNKNOWN,Street,2.1729008658183857,False,BROOKLYN,"(40.701076, -73.9404204)",trafficstat,False,False,False,False,False,False,False,False,False,,,,,,,
2026-07-15,00:00,40.701076,-73.9404204,SUMNER PL,11206,90,UNKNOWN,Street,2.1729008658183857,False,BROOKLYN,"(40.701076, -73.9404204)",trafficstat,False,False,False,False,False,False,False,False,False,,,,,,,
2026-08-30,00:00,40.7076549,-73.9398374,BUSHWICK AVE,11206,90,UNKNOWN,Street,0.06401790536732785,False,BROOKLYN,"(40.7076549, -73.9398374)",trafficstat,False,False,False,False,False,False,False,False,False,,,,,,,
2026-08-22,00:00,40.7076549,-73.9398374,BUSHWICK AVE,11206,90,UNKNOWN,Street,0.06401790536732785,False,BROOKLYN,"(40.7076549, -73.9398374)",trafficstat,True,False,False,False,False,False,False,True,False,,,,,,,
2026-08-17,00:00,40.7076549,-73.9398374,BUSHWICK AVE,11206,90,OTHER,Street,0.06401790536732785,False,BROOKLYN,"(40.7076549, -73.9398374)",trafficstat,False,False,False,False,False,False,False,False,False,,,,,,,
2026-06-30,00:00,40.7076549,-73.9398374,BUSHWICK AVE,11206,90,UNKNOWN,Street,0.06401790536732785,False,BROOKLYN,"(40.7076549, -73.9398374)",trafficstat,True,False,False,True,False,False,False,False,False,,,,,,,
2026-06-13,00:00,40.7076549,-73.9398374,BUSHWICK AVE,11206,90,UNKNOWN,Street,0.06401790536732785,False,BROOKLYN,"(40.7076549, -73.9398374)",trafficstat,False,False,False,False,False,False,False,False,False,,,,,,,
2026-08-30,00:00,40.7089041,-73.9592524,HAVEMEYER ST,11211,90,OTHER,Street,1.4537512700081314,False,BROOKLYN,"(40.7089041, -73.9592524)",trafficstat,True,False,False,False,False,False,False,True,False,,,,,,,
2026-08-30,00:00,40.7137473,-73.9435667,DEVOE ST,11211,90,UNKNOWN,Street,44.413693976294184,False,BROOKLYN,"(40.7137473, -73.9435667)",trafficstat,False,False,False,False,False,False,False,False,False,,,,,,,
2026-08-29,00:00,40.7103895,-73.9511759,UNION AVE,11211,90,UNKNOWN,Street,42.22684763961181,False,BROOKLYN,"(40.7103895, -73.9511759)",trafficstat,True,False,False,False,False,False,False,False,True,,,,,,,
2026-08-29,00:00,40.7039445,-73.9598448,BROOKLYN QUEENS EXPY,11211,90,OTHER,Highway,13.011100980684535,False,BROOKLYN,"(40.7039445, -73.9598448)",trafficstat,False,False,False,False,False,False,False,False,False,,,,,,,
2026-07-23,00:00,40.7039445,-73.9598448,BROOKLYN QUEENS EXPY,11211,90,UNKNOWN,Highway,13.011100980684535,False,BROOKLYN,"(40.7039445, -73.9598448)",trafficstat,True,False,False,False,False,False,False,True,False,,,,,,,
2026-07-05,00:00,40.7039445,-73.9598448,BROOKLYN QUEENS EXPY,11211,90,UNKNOWN,Highway,13.011100980684535,False,BROOKLYN,"(40.7039445, -73.9598448)",trafficstat,True,False,False,False,False,False,False,False,True,,,,,,,
2026-06-18,00:00,40.7039445,-73.9598448,BROOKLYN QUEENS EXPY,11211,90,UNKNOWN,Highway,13.011100980684535,False,BROOKLYN,"(40.7039445, -73.9598448)",trafficstat,True,False,False,False,False,False,False,False,True,,,,,,,
2026-08-29,00:00,40.7010276,-73.9481167,HARRISON AVE,11206,90,UNKNOWN,Street,1.9971816427933418,False,BROOKLYN,"(40.7010276, -73.9481167)",trafficstat,True,False,False,True,False,False,False,False,False,,,,,,,
2026-06-16,00:00,40.7010276,-73.9481167,HARRISON AVE,11206,90,UNKNOWN,Street,1.9971816427933418,False,BROOKLYN,"(40.7010276, -73.9481167)",trafficstat,True,False,False,True,False,False,False,False,False,,,,,,,
2026-08-29,00:00,40.7132983,-73.9674164,KENT AVE,11249,90,UNKNOWN,Street,1.2816966822197449,False,BROOKLYN,"(40.7132983, -73.9674164)",trafficstat,True,False,False,False,False,False,False,True,False,,,,,,,
2026-08-28,00:00,40.7159132,-73.938872,OLIVE ST,11211,90,UNKNOWN,Street,20.34817420209557,False,BROOKLYN,"(40.7159132, -73.938872)",trafficstat,False,False,False,False,False,False,False,False,False,,,,,,,
2026-08-28,00:00,40.7130359,-73.9544394,BROOKLYN QUEENS EXPY,11211,90,UNKNOWN,Highway,0.5079348462158215,False,BROOKLYN,"(40.7130359, -73.9544394)",trafficstat,True,False,False,False,False,False,False,True,False,,,,,,,
2026-08-28,00:00,40.7123978,-73.9513543,UNION AVE,11211,90,UNKNOWN,Street,0.19696341169685272,False,BROOKLYN,"(40.7123978, -73.9513543)",trafficstat,False,False,False,False,False,False,False,False,False,,,,,,,
2026-08-27,00:00,40.7137995,-73.9331802,GRAND ST,11211,90,UNKNOWN,Street,2.6798325184016543,False,BROOKLYN,"(40.7137995, -73.9331802)",trafficstat,True,False,False,False,False,False,False,False,False,,,,,,,
2026-08-15,00:00,40.7137995,-73.9331802,GRAND ST,11211,90,UNKNOWN,Street,2.6798325184016543,False,BROOKLYN,"(40.7137995, -73.9331802)",trafficstat,True,False,False,True,False,False,False,False,False,,,,,,,
2026-08-08,00:00,40.7137995,-73.9331802,GRAND ST,11211,90,UNKNOWN,Street,2.6798325184016543,False,BROOKLYN,"(40.7137995, -73.9331802)",trafficstat,True,False,False,True,False,False,False,False,False,,,,,,,
2026-08-26,00:00,40.7122891,-73.9273021,STEWART AVE,11237,90,UNKNOWN,Street,0.32071660278128705,False,BROOKLYN,"(40.7122891, -73.9273021)",trafficstat,True,False,False,False,False,False,False,False,True,,,,,,,
2026-08-23,00:00,40.7122891,-73.9273021,STEWART AVE,11237,90,UNKNOWN,Street,0.32071660278128705,False,BROOKLYN,"(40.7122891, -73.9273021)",trafficstat,False,False,False,False,False,False,False,False,False,,,,,,,
2026-08-26,00:00,40.7107357,-73.9618087,DRIGGS AVE,11211,90,UNKNOWN,Street,1.9548674959933199,False,BROOKLYN,"(40.7107357, -73.9618087)",trafficstat,False,False,False,False,False,False,False,False,False,,,,,,,
2026-08-26,00:00,40.7026245,-73.9605741,BROOKLYN QUEENS EXPY,11249,90,UNKNOWN,Highway,5.880384510085546,False,BROOKLYN,"(40.7026245, -73.9605741)",trafficstat,False,False,False,False,False,False,False,False,False,,,,,,,
2026-07-24,00:00,40.7026245,-73.9605741,BROOKLYN QUEENS EXPY,11249,90,UNKNOWN,Highway,5.880384510085546,False,BROOKLYN,"(40.7026245, -73.9605741)",trafficstat,False,False,False,False,False,False,False,False,False,,,,,,,
2026-07-20,00:00,40.7026245,-73.9605741,BROOKLYN QUEENS EXPY,11249,90,UNKNOWN,Highway,5.880384510085546,False,BROOKLYN,"(40.7026245, -73.9605741)",trafficstat,False,False,False,False,False,False,False,False,False,,,,,,,
2026-08-26,00:00,40.7088996,-73.9547185,KEAP ST,11211,90,UNKNOWN,Street,1.8570180763646842,False,BROOKLYN,"(40.7088996, -73.9547185)",trafficstat,True,False,False,True,False,False,False,False,False,,,,,,,
2026-08-26,00:00,40.7136543,-73.9547381,MARCY AVE,11211,90,UNKNOWN,Street,35.64698974137557,False,BROOKLYN,"(40.7136543, -73.9547381)",trafficstat,False,False,False,False,False,False,False,False,False,,,,,,,
2026-08-25,00:00,40.7050504,-73.9590362,BROOKLYN QUEENS EXPY,11211,90,UNKNOWN,Highway,11.117213948321677,False,BROOKLYN,"(40.7050504, -73.9590362)",trafficstat,True,False,False,False,False,False,False,False,True,,,,,,,
2026-08-24,00:00,40.7036504,-73.9662162,TAYLOR ST,11249,90,UNKNOWN,Street,73.75949500215852,False,BROOKLYN,"(40.7036504, -73.9662162)",trafficstat,True,False,False,True,False,False,False,False,False,,,,,,,
2026-08-24,00:00,40.7046363,-73.9410304,HUMBOLDT ST,11206,90,UNKNOWN,Street,0.15522741608657778,False,BROOKLYN,"(40.7046363, -73.9410304)",trafficstat,True,False,True,False,False,False,False,False,False,,,,,,,
2026-06-26,00:00,40.7046363,-73.9410304,HUMBOLDT ST,11206,90,UNKNOWN,Street,0.15522741608657778,False,BROOKLYN,"(40.7046363, -73.9410304)",trafficstat,True,False,False,False,False,False,False,False,True,,,,,,,
2026-08-24,00:00,40.7170223,-73.9652609,N  1 ST,11249,90,OTHER,Street,2.394902158948928,False,BROOKLYN,"(40.7170223, -73.9652609)",trafficstat,True,False,False,False,True,False,False,False,False,,,,,,,
2026-08-23,00:00,40.7028096,-73.9565077,LEE AVE,11211,90,UNKNOWN,Street,36.49364047100991,False,BROOKLYN,"(40.7028096, -73.9565077)",trafficstat,False,False,False,False,False,False,False,False,False,,,,,,,
2026-08-23,00:00,40.710267,-73.9559093,BROOKLYN QUEENS EXPY,11211,90,UNKNOWN,Highway,6.6275752148128575,False,BROOKLYN,"(40.710267, -73.9559093)",trafficstat,True,False,False,False,False,False,False,False,True,,,,,,,
2026-08-23,00:00,40.7104887,-73.9619603,DRIGGS AVE,11211,90,UNKNOWN,Street,1.7647107246800584,False,BROOKLYN,"(40.7104887, -73.9619603)",trafficstat,True,False,False,False,False,False,False,False,True,,,,,,,
2026-07-29,00:00,40.7104887,-73.9619603,DRIGGS AVE,11211,90,UNKNOWN,Street,1.7647107246800584,False,BROOKLYN,"(40.7104887, -73.9619603)",trafficstat,True,False,False,False,False,False,False,True,True,,,,,,,
2026-08-22,00:00,40.7124213,-73.9238644,SCOTT AVE,11237,90,UNKNOWN,Street,0.9158806298020187,False,BROOKLYN,"(40.7124213, -73.9238644)",trafficstat,False,False,False,False,False,False,False,False,False,,,,,,,
2026-08-22,00:00,40.7144325,-73.9666688,KENT AVE,11249,90,OTHER,Street,60.62467223906836,False,BROOKLYN,"(40.7144325, -73.9666688)",trafficstat,True,False,False,True,False,False,False,False,False,,,,,,,
2026-08-22,00:00,40.705605,-73.9462629,LEONARD ST,11206,90,UNKNOWN,Street,0.5026037658552237,False,BROOKLYN,"(40.705605, -73.9462629)",trafficstat,True,False,True,False,False,False,False,False,False,,,,,,,
2026-08-22,00:00,40.7156977,-73.9620082,BERRY ST,11249,90,UNKNOWN,Street,35.00620295780787,False,BROOKLYN,"(40.7156977, -73.9620082)",trafficstat,False,False,False,False,False,False,False,False,False,,,,,,,
2026-08-21,00:00,40.7067121,-73.9302759,HARRISON PL,11237,90,UNKNOWN,Street,31.739957465882707,False,BROOKLYN,"(40.7067121, -73.9302759)",trafficstat,False,False,False,False,False,False,False,False,False,,,,,,,
2026-08-21,00:00,40.711423,-73.9449686,GRAND ST,11211,90,OTHER,Street,45.715171200334076,False,BROOKLYN,"(40.711423, -73.9449686)",trafficstat,True,False,False,True,False,False,False,False,False,,,,,,,
2026-08-20,00:00,40.7136479,-73.9619826,BEDFORD AVE,11211,90,UNKNOWN,Street,33.87064081048161,False,BROOKLYN,"(40.7136479, -73.9619826)",trafficstat,False,False,False,False,False,False,False,False,False,,,,,,,
2026-08-20,00:00,40.7091914,-73.956819,BROOKLYN QUEENS EXPY,11211,90,OTHER,Highway,1.1497557554771505,False,BROOKLYN,"(40.7091914, -73.956819)",trafficstat,True,False,False,False,False,False,False,False,True,,,,,,,
2026-08-20,00:00,40.7095198,-73.9543249,KEAP ST,11211,90,OTHER,Street,1.9678538373705448,False,BROOKLYN,"(40.7095198, -73.9543249)",trafficstat,True,False,False,True,False,False,False,False,False,,,,,,,
2026-08-20,00:00,40.7036648,-73.9470507,BROADWAY,11206,90,UNKNOWN,Street,1.7198881869154303,False,BROOKLYN,"(40.7036648, -73.9470507)",trafficstat,True,False,True,False,False,False,False,False,False,,,,,,,
2026-08-20,00:00,40.7099049,-73.9626481,BROADWAY,11211,90,UNKNOWN,Street,47.74343840371391,False,BROOKLYN,"(40.7099049, -73.9626481)",trafficstat,True,False,True,False,False,False,False,False,False,,,,,,,
2026-08-20,00:00,40.7175189,-73.9647268,KENT AVE,11249,90,UNKNOWN,Street,2.2990001645696436,False,BROOKLYN,"(40.7175189, -73.9647268)",trafficstat,True,False,False,False,False,False,False,False,False,,,,,,,
2026-08-19,00:00,40.7074057,-73.9599386,DIVISION AVE,11211,90,UNKNOWN,Street,3.336216215479985,False,BROOKLYN,"(40.7074057, -73.9599386)",trafficstat,False,False,False,False,False,False,False,False,False,,,,,,,
2026-08-19,00:00,40.7056577,-73.9316988,MORGAN AVE,11237,90,UNKNOWN,Street,0.007742307968450519,False,BROOKLYN,"(40.7056577, -73.9316988)",trafficstat,False,False,False,False,False,False,False,False,False,,,,,,,
2026-08-18,00:00,40.7042593,-73.9656896,WYTHE AVE,11249,90,OTHER,Street,1.5168556283674692,False,BROOKLYN,"(40.7042593, -73.9656896)",trafficstat,True,False,False,False,False,False,True,False,False,,,,,,,
2026-08-18,00:00,40.7016508,-73.9401309,HUMBOLDT ST,11206,90,UNKNOWN,Street,106.73506644411017,False,BROOKLYN,"(40.7016508, -73.9401309)",trafficstat,False,False,False,False,False,False,False,False,False,,,,,,,
2026-07-19,00:00,40.7016508,-73.9401309,HUMBOLDT ST,11206,90,UNKNOWN,Street,106.73506644411017,False,BROOKLYN,"(40.7016508, -73.9401309)",trafficstat,True,False,False,False,False,False,False,True,False,,,,,,,
2026-08-18,00:00,40.7008162,-73.9544607,LEE AVE,11206,90,UNKNOWN,Street,1.9737896758178726,False,BROOKLYN,"(40.7008162, -73.9544607)",trafficstat,False,False,False,False,False,False,False,False,False,,,,,,,
2026-08-18,00:00,40.709015,-73.9485397,LORIMER ST,11206,90,UNKNOWN,Street,0.3617618000720826,False,BROOKLYN,"(40.709015, -73.9485397)",trafficstat,True,False,False,False,False,False,True,False,False,,,,,,,
2026-06-23,00:00,40.709015,-73.9485397,LORIMER ST,11206,90,UNKNOWN,Street,0.3617618000720826,False,BROOKLYN,"(40.709015, -73.9485397)",trafficstat,True,False,False,False,False,False,False,False,True,,,,,,,
2026-08-17,00:00,40.7135766,-73.9617529,BEDFORD AVE,11211,90,UNKNOWN,Street,34.76830850542365,False,BROOKLYN,"(40.7135766, -73.9617529)",trafficstat,False,False,False,False,False,False,False,False,False,,,,,,,
2026-08-17,00:00,40.7123073,-73.9397628,GRAND ST,11211,90,UNKNOWN,Street,40.749302862195414,False,BROOKLYN,"(40.7123073, -73.9397628)",trafficstat,False,False,False,False,False,False,False,False,False,,,,,,,
2026-08-17,00:00,40.7008357,-73.9470274,BARTLETT ST,11206,90,OTHER,Street,18.364884750862256,False,BROOKLYN,"(40.7008357, -73.9470274)",trafficstat,True,False,True,False,False,False,False,False,False,,,,,,,
2026-08-17,00:00,40.7144567,-73.9352898,MORGAN AVE,11211,90,UNKNOWN,Street,0.954936375827657,False,BROOKLYN,"(40.7144567, -73.9352898)",trafficstat,True,False,False,True,False,False,False,False,False,,,,,,,
2026-08-16,00:00,40.7144567,-73.9352898,MORGAN AVE,11211,90,UNKNOWN,Street,0.954936375827657,False,BROOKLYN,"(40.7144567, -73.9352898)",trafficstat,False,False,False,False,False,False,False,False,False,,,,,,,
2026-08-16,00:00,40.7066723,-73.9542102,HARRISON AVE,11211,90,UNKNOWN,Street,43.363958466271576,False,BROOKLYN,"(40.7066723, -73.9542102)",trafficstat,False,False,False,False,False,False,False,False,False,,,,,,,
2026-08-16,00:00,40.7112757,-73.9464353,GRAND ST,11211,90,UNKNOWN,Street,48.524309182114145,False,BROOKLYN,"(40.7112757, -73.9464353)",trafficstat,True,False,False,False,False,False,False,False,True,,,,,,,
2026-08-15,00:00,40.7112449,-73.9608372,S  4 ST,11211,90,OTHER,Street,34.17190529094589,False,BROOKLYN,"(40.7112449, -73.9608372)",trafficstat,True,False,False,True,False,False,False,False,False,,,,,,,
2026-08-15,00:00,40.7098644,-73.9669491,WYTHE AVE,11249,90,UNKNOWN,Street,0.817203134393273,False,BROOKLYN,"(40.7098644, -73.9669491)",trafficstat,True,False,False,False,False,False,True,False,False,,,,,,,
2026-08-15,00:00,40.6985519,-73.9623509,BROOKLYN QUEENS EXPY,11249,90,UNKNOWN,Highway,0.20471849376665982,False,BROOKLYN,"(40.6985519, -73.9623509)",trafficstat,False,False,False,False,False,False,False,False,False,,,,,,,
2026-08-14,00:00,40.6999021,-73.9616706,KENT AVE,11249,90,OTHER,Street,2.10812081280244,False,BROOKLYN,"(40.6999021, -73.9616706)",trafficstat,False,False,False,False,False,False,False,False,False,,,,,,,
2026-07-27,00:00,40.6999021,-73.9616706,KENT AVE,11249,90,UNKNOWN,Street,2.10812081280244,False,BROOKLYN,"(40.6999021, -73.9616706)",trafficstat,False,False,False,False,False,False,False,False,False,,,,,,,
2026-07-16,00:00,40.6999021,-73.9616706,KENT AVE,11249,90,UNKNOWN,Street,2.10812081280244,False,BROOKLYN,"(40.6999021, -73.9616706)",trafficstat,False,False,False,False,False,False,False,False,False,,,,,,,
2026-08-14,00:00,40.7039358,-73.9347914,WHITE ST,11206,90,UNKNOWN,Street,0.046613134683142786,False,BROOKLYN,"(40.7039358, -73.9347914)",trafficstat,False,False,False,False,False,False,False,False,False,,,,,,,
2026-08-14,00:00,40.707391,-73.9505284,UNION AVE,11211,90,UNKNOWN,Street,0.4398065973963637,False,BROOKLYN,"(40.707391, -73.9505284)",trafficstat,True,False,False,False,False,False,False,True,False,,,,,,,
2026-08-14,00:00,40.707487,-73.9339187,BOGART ST,11206,90,UNKNOWN,Street,0.33358549495701434,False,BROOKLYN,"(40.707487, -73.9339187)",trafficstat,True,False,False,True,False,False,False,False,False,,,,,,,
2026-08-14,00:00,40.7113359,-73.9459094,GRAND ST,11211,90,UNKNOWN,Street,44.874291659476796,False,BROOKLYN,"(40.7113359, -73.9459094)",trafficstat,True,False,False,True,False,False,False,False,False,,,,,,,
2026-08-13,00:00,40.7112227,-73.9495454,GRAND ST,11211,90,UNKNOWN,Street,39.31660140547004,False,BROOKLYN,"(40.7112227, -73.9495454)",trafficstat,True,False,False,True,False,False,False,False,False,,,,,,,
2026-08-13,00:00,40.706211,-73.9395971,BUSHWICK AVE,11206,90,UNKNOWN,Street,0.10165071191573335,False,BROOKLYN,"(40.706211, -73.9395971)",trafficstat,True,False,False,False,False,False,True,False,False,,,,,,,
2026-08-13,00:00,40.7049901,-73.9472527,LORIMER ST,11206,90,OTHER,Street,181.08294714463307,False,BROOKLYN,"(40.7049901, -73.9472527)",trafficstat,False,False,False,False,False,False,False,False,False,,,,,,,
2026-07-14,00:00,40.7049901,-73.9472527,LORIMER ST,11206,90,OTHER,Street,181.08294714463307,False,BROOKLYN,"(40.7049901, -73.9472527)",trafficstat,True,False,False,False,False,True,False,False,False,,,,,,,
2026-08-13,00:00,40.7034369,-73.9603414,WILLIAMSBURG ST  W,11249,90,OTHER,Street,1.583539900707671,False,BROOKLYN,"(40.7034369, -73.9603414)",trafficstat,True,False,False,True,False,False,False,False,False,,,,,,,
2026-08-05,00:00,40.7034369,-73.9603414,WILLIAMSBURG ST  W,11249,90,UNKNOWN,Street,1.583539900707671,False,BROOKLYN,"(40.7034369, -73.9603414)",trafficstat,True,False,False,False,False,False,False,True,False,,,,,,,
2026-08-13,00:00,40.7130631,-73.9508381,DEVOE ST,11211,90,OTHER,Street,40.508616159478564,False,BROOKLYN,"(40.7130631, -73.9508381)",trafficstat,False,False,False,False,False,False,False,False,False,,,,,,,
2026-08-12,00:00,40.7082695,-73.9422532,MESEROLE ST,11206,90,UNKNOWN,Street,32.322185733461104,False,BROOKLYN,"(40.7082695, -73.9422532)",trafficstat,False,False,False,False,False,False,False,False,False,,,,,,,
2026-08-12,00:00,40.7103803,-73.9584908,BROOKLYN QUEENS EP WB ET 32 A,11211,90,UNKNOWN,Ramp,34.413185925032735,False,BROOKLYN,"(40.7103803, -73.9584908)",trafficstat,False,False,False,False,False,False,False,False,False,,,,,,,
2026-08-11,00:00,40.7054391,-73.9563367,MARCY AVE,11211,90,UNKNOWN,Street,1.6389806923260597,False,BROOKLYN,"(40.7054391, -73.9563367)",trafficstat,False,False,False,False,False,False,False,False,False,,,,,,,
2026-08-10,00:00,40.7027837,-73.9469071,THROOP AVE,11206,90,UNKNOWN,Street,1.710437949892679,False,BROOKLYN,"(40.7027837, -73.9469071)",trafficstat,True,False,False,False,False,False,False,False,True,,,,,,,
2026-06-14,00:00,40.7027837,-73.9469071,THROOP AVE,11206,90,UNKNOWN,Street,1.710437949892679,False,BROOKLYN,"(40.7027837, -73.9469071)",trafficstat,False,False,False,False,False,False,False,False,False,,,,,,,
2026-08-10,00:00,40.7041804,-73.9304342,FLUSHING AVE,11237,90,UNKNOWN,Street,38.11952484436288,False,BROOKLYN,"(40.7041804, -73.9304342)",trafficstat,False,False,False,False,False,False,False,False,False,,,,,,,
2026-08-10,00:00,40.702059,-73.950066,UNION AVE,11206,90,UNKNOWN,Street,55.01616004745161,False,BROOKLYN,"(40.702059, -73.950066)",trafficstat,False,False,False,False,False,False,False,False,False,,,,,,,
2026-08-09,00:00,40.7032088,-73.9462504,BROADWAY,11206,90,UNKNOWN,Street,2.0819371865191862,False,BROOKLYN,"(40.7032088, -73.9462504)",trafficstat,True,False,True,False,False,False,False,False,False,,,,,,,
2026-06-17,00:00,40.7032088,-73.9462504,BROADWAY,11206,90,UNKNOWN,Street,2.0819371865191862,False,BROOKLYN,"(40.7032088, -73.9462504)",trafficstat,True,False,True,False,False,False,False,False,False,,,,,,,
2026-08-09,00:00,40.7070105,-73.9465215,LEONARD ST,11206,90,UNKNOWN,Street,0.2784071598114366,False,BROOKLYN,"(40.7070105, -73.9465215)",trafficstat,True,False,True,False,False,False,False,False,False,,,,,,,
2026-07-25,00:00,40.7070105,-73.9465215,LEONARD ST,11206,90,UNKNOWN,Street,0.2784071598114366,False,BROOKLYN,"(40.7070105, -73.9465215)",trafficstat,False,False,False,False,False,False,False,False,False,,,,,,,
2026-07-15,00:00,40.7070105,-73.9465215,LEONARD ST,11206,90,OTHER,Street,0.2784071598114366,False,BROOKLYN,"(40.7070105, -73.9465215)",trafficstat,True,False,True,False,False,False,False,False,False,,,,,,,
2026-08-09,00:00,40.7108572,-73.9509208,GRAND ST,11211,90,UNKNOWN,Street,45.65032034026209,False,BROOKLYN,"(40.7108572, -73.9509208)",trafficstat,True,False,False,True,False,False,False,False,False,,,,,,,
2026-08-09,00:00,40.710533,-73.9282671,VARICK AVE,11237,90,OTHER,Street,0.5420575439158646,False,BROOKLYN,"(40.710533, -73.9282671)",trafficstat,False,False,False,False,False,False,False,False,False,,,,,,,
2026-08-09,00:00,40.7075853,-73.9248913,HARRISON PL,11237,90,UNKNOWN,Street,29.906492196867763,False,BROOKLYN,"(40.7075853, -73.9248913)",trafficstat,False,False,False,False,False,False,False,False,False,,,,,,,
2026-08-08,00:00,40.7004733,-73.9625178,KENT AVE,11251,90,OTHER,Street,9.913363504448322,False,BROOKLYN,"(40.7004733, -73.9625178)",trafficstat,False,False,False,False,False,False,False,False,False,,,,,,,
2026-08-07,00:00,40.7071452,-73.9270156,VARICK AVE,11237,90,UNKNOWN,Street,0.429507795244119,False,BROOKLYN,"(40.7071452, -73.9270156)",trafficstat,False,False,False,False,False,False,False,False,False,,,,,,,
2026-08-07,00:00,40.7104542,-73.9655096,BERRY ST,11249,90,OTHER,Street,0.4354655836867045,False,BROOKLYN,"(40.7104542, -73.9655096)",trafficstat,True,False,True,False,False,False,False,False,False,,,,,,,
2026-08-07,00:00,40.7043495,-73.9598846,WILLIAMSBURG ST  W,11211,90,UNKNOWN,Street,19.41683091023656,False,BROOKLYN,"(40.7043495, -73.9598846)",trafficstat,True,False,False,False,False,False,False,False,False,,,,,,,
2026-08-07,00:00,40.707012,-73.94652,LEONARD ST,11206,90,UNKNOWN,Street,0.765878004327085,False,BROOKLYN,"(40.707012, -73.94652)",trafficstat,False,False,False,False,False,False,False,False,False,,,,,,,
2026-08-07,00:00,40.7139372,-73.9498187,METROPOLITAN AVE,11211,90,OTHER,Street,50.21251708664981,False,BROOKLYN,"(40.7139372, -73.9498187)",trafficstat,True,False,False,False,True,False,False,False,False,,,,,,,
2026-08-06,00:00,40.7128107,-73.9541654,BROOKLYN QUEENS EXPY,11211,90,UNKNOWN,Highway,3.8605489799477763,False,BROOKLYN,"(40.7128107, -73.9541654)",trafficstat,True,False,False,False,False,False,False,False,True,,,,,,,
2026-08-05,00:00,40.7117518,-73.9557987,MARCY AVE,11211,90,UNKNOWN,Street,1.345531638334045,False,BROOKLYN,"(40.7117518, -73.9557987)",trafficstat,False,False,False,False,False,False,False,False,False,,,,,,,
2026-08-04,00:00,40.7113504,-73.9614224,DRIGGS AVE,11211,90,UNKNOWN,Street,1.1392134720422986,False,BROOKLYN,"(40.7113504, -73.9614224)",trafficstat,True,False,False,False,False,False,False,True,False,,,,,,,
2026-08-04,00:00,40.7060112,-73.9354783,WHITE ST,11206,90,UNKNOWN,Street,0.12206369126853583,False,BROOKLYN,"(40.7060112, -73.9354783)",trafficstat,False,False,False,False,False,False,False,False,False,,,,,,,