crash_date,crash_time,latitude,longitude,on_street_name,zip_code,precinct,collision_type,roadway_type,geocode_dist_feet,time_is_known,borough,location,source,injury,fatality,injured_pedestrian,injured_cyclist,injured_ebike_rider,injured_motorcyclist,injured_moped_rider,injured_car_occupant,injured_suv_occupant,number_of_persons_injured,number_of_persons_killed,contributing_factor_vehicle_1,collision_id,cross_street_name,off_street_name,vehicle_type_code1
2026-08-04,00:00,40.7058417,-73.9397008,BUSHWICK AVE,11206,90,UNKNOWN,Street,45.93400764999895,False,BROOKLYN,"(40.7058417, -73.9397008)",trafficstat,False,False,False,False,False,False,False,False,False,,,,,,,
2026-08-04,00:00,40.7052535,-73.9590758,BROOKLYN QUEENS EXPY,11211,90,UNKNOWN,Highway,5.598809554065897,False,BROOKLYN,"(40.7052535, -73.9590758)",trafficstat,True,False,False,False,False,True,False,False,False,,,,,,,
2026-07-21,00:00,40.7052535,-73.9590758,BROOKLYN QUEENS EXPY,11211,90,UNKNOWN,Highway,5.598809554065897,False,BROOKLYN,"(40.7052535, -73.9590758)",trafficstat,True,False,False,False,False,False,False,False,True,,,,,,,
2026-06-18,00:00,40.7052535,-73.9590758,BROOKLYN QUEENS EXPY,11211,90,UNKNOWN,Highway,5.598809554065897,False,BROOKLYN,"(40.7052535, -73.9590758)",trafficstat,True,False,False,False,False,False,False,False,True,,,,,,,
2026-06-14,00:00,40.7052535,-73.9590758,BROOKLYN QUEENS EXPY,11211,90,UNKNOWN,Highway,5.598809554065897,False,BROOKLYN,"(40.7052535, -73.9590758)",trafficstat,False,False,False,False,False,False,False,False,False,,,,,,,
2026-08-04,00:00,40.7142499,-73.9416606,BUSHWICK AVE,11211,90,UNKNOWN,Street,43.74889422856081,False,BROOKLYN,"(40.7142499, -73.9416606)",trafficstat,False,False,False,False,False,False,False,False,False,,,,,,,
2026-08-03,00:00,40.7142082,-73.9281657,STEWART AVE,11211,90,UNKNOWN,Street,0.7221937341452321,False,BROOKLYN,"(40.7142082, -73.9281657)",trafficstat,True,False,False,False,False,False,False,True,False,,,,,,,
2026-07-16,00:00,40.7142082,-73.9281657,STEWART AVE,11211,90,UNKNOWN,Street,0.7221937341452321,False,BROOKLYN,"(40.7142082, -73.9281657)",trafficstat,True,False,False,False,False,True,False,False,False,,,,,,,
2026-08-03,00:00,40.7054723,-73.9502376,UNION AVE,11206,90,UNKNOWN,Street,0.07772430213476139,False,BROOKLYN,"(40.7054723, -73.9502376)",trafficstat,False,False,False,False,False,False,False,False,False,,,,,,,
2026-08-03,00:00,40.7002143,-73.9463141,FLUSHING AVE,11206,90,OTHER,Street,3.316406331164185,False,BROOKLYN,"(40.7002143, -73.9463141)",trafficstat,True,False,False,True,False,False,False,False,False,,,,,,,
2026-08-02,00:00,40.7084653,-73.9467547,LEONARD ST,11206,90,UNKNOWN,Street,0.13611531776808658,False,BROOKLYN,"(40.7084653, -73.9467547)",trafficstat,False,False,False,False,False,False,False,False,False,,,,,,,
2026-08-02,00:00,40.7091423,-73.9508301,UNION AVE,11211,90,UNKNOWN,Street,0.3069337609197275,False,BROOKLYN,"(40.7091423, -73.9508301)",trafficstat,True,False,False,True,False,False,False,False,False,,,,,,,
2026-08-01,00:00,40.7116098,-73.9575338,HAVEMEYER ST,11211,90,UNKNOWN,Street,1.8539814241349921,False,BROOKLYN,"(40.7116098, -73.9575338)",trafficstat,False,False,False,False,False,False,False,False,False,,,,,,,
2026-07-01,00:00,40.7116098,-73.9575338,HAVEMEYER ST,11211,90,UNKNOWN,Street,1.8539814241349921,False,BROOKLYN,"(40.7116098, -73.9575338)",trafficstat,True,False,False,False,False,False,True,False,False,,,,,,,
2026-08-01,00:00,40.7103576,-73.9507378,MAUJER ST,11206,90,UNKNOWN,Street,37.371974127009096,False,BROOKLYN,"(40.7103576, -73.9507378)",trafficstat,False,False,False,False,False,False,False,False,False,,,,,,,
2026-08-01,00:00,40.7106274,-73.9667756,WYTHE AVE,11249,90,UNKNOWN,Street,1.326536428378786,False,BROOKLYN,"(40.7106274, -73.9667756)",trafficstat,False,False,False,False,False,False,False,False,False,,,,,,,
2026-08-01,00:00,40.7013819,-73.9550915,LEE AVE,11206,90,OTHER,Street,1.6564623927568416,False,BROOKLYN,"(40.7013819, -73.9550915)",trafficstat,False,False,False,False,False,False,False,False,False,,,,,,,
2026-07-31,00:00,40.701389,-73.9462797,BARTLETT ST,11206,90,UNKNOWN,Street,37.630284509961776,False,BROOKLYN,"(40.701389, -73.9462797)",trafficstat,False,False,False,False,False,False,False,False,False,,,,,,,
2026-07-31,00:00,40.7083988,-73.9399522,MESEROLE ST,11206,90,UNKNOWN,Street,2.5962058171076876,False,BROOKLYN,"(40.7083988, -73.9399522)",trafficstat,False,False,False,False,False,False,False,False,False,,,,,,,
2026-06-18,00:00,40.7083988,-73.9399522,MESEROLE ST,11206,90,UNKNOWN,Street,2.5962058171076876,False,BROOKLYN,"(40.7083988, -73.9399522)",trafficstat,True,False,False,False,False,False,False,True,False,,,,,,,
2026-07-31,00:00,40.7162137,-73.9344525,VANDERVOORT AVE,11211,90,UNKNOWN,Street,51.56217115465848,False,BROOKLYN,"(40.7162137, -73.9344525)",trafficstat,False,False,False,False,False,False,False,False,False,,,,,,,
2026-07-30,00:00,40.7063538,-73.9582527,BROOKLYN QUEENS EXPY,11211,90,UNKNOWN,Highway,0.5780107707573374,False,BROOKLYN,"(40.7063538, -73.9582527)",trafficstat,True,False,False,False,False,False,False,True,False,,,,,,,
2026-07-29,00:00,40.7023015,-73.9458493,GERRY ST,11206,90,UNKNOWN,Street,57.25269524645895,False,BROOKLYN,"(40.7023015, -73.9458493)",trafficstat,False,False,False,False,False,False,False,False,False,,,,,,,
2026-07-29,00:00,40.708409,-73.9324121,MORGAN AVE,11237,90,OTHER,Street,47.98189697437141,False,BROOKLYN,"(40.708409, -73.9324121)",trafficstat,False,False,False,False,False,False,False,False,False,,,,,,,
2026-07-29,00:00,40.7100936,-73.9372093,WATERBURY ST,11206,90,UNKNOWN,Street,0.31119464912856853,False,BROOKLYN,"(40.7100936, -73.9372093)",trafficstat,False,False,False,False,False,False,False,False,False,,,,,,,
2026-07-29,00:00,40.7126237,-73.9695067,WILLIAMSBURG BRG,10002,90,OTHER,Bridge,8.125390585069368,False,BROOKLYN,"(40.7126237, -73.9695067)",trafficstat,False,False,False,False,False,False,False,False,False,,,,,,,
2026-07-28,00:00,40.7095004,-73.9328882,MORGAN AVE,11237,90,UNKNOWN,Street,49.3646452224557,False,BROOKLYN,"(40.7095004, -73.9328882)",trafficstat,False,False,False,False,False,False,False,False,False,,,,,,,
2026-07-28,00:00,40.7143728,-73.9388854,OLIVE ST,11211,90,OTHER,Street,31.439843759990108,False,BROOKLYN,"(40.7143728, -73.9388854)",trafficstat,False,False,False,False,False,False,False,False,False,,,,,,,
2026-07-27,00:00,40.7082295,-73.9416403,HUMBOLDT ST,11206,90,UNKNOWN,Street,0.31018903238317447,False,BROOKLYN,"(40.7082295, -73.9416403)",trafficstat,False,False,False,False,False,False,False,False,False,,,,,,,
2026-07-21,00:00,40.7082295,-73.9416403,HUMBOLDT ST,11206,90,UNKNOWN,Street,0.31018903238317447,False,BROOKLYN,"(40.7082295, -73.9416403)",trafficstat,False,False,False,False,False,False,False,False,False,,,,,,,
2026-07-27,00:00,40.7173891,-73.931507,MASPETH AVE,11211,90,UNKNOWN,Street,226.11954079658102,False,BROOKLYN,"(40.7173891, -73.931507)",trafficstat,False,False,False,False,False,False,False,False,False,,,,,,,
2026-07-26,00:00,40.7053014,-73.9334245,BOGART ST,11206,90,UNKNOWN,Street,35.63650868174027,False,BROOKLYN,"(40.7053014, -73.9334245)",trafficstat,False,False,False,False,False,False,False,False,False,,,,,,,
2026-07-26,00:00,40.7125429,-73.9387514,GRAND ST,11211,90,UNKNOWN,Street,39.22441486666337,False,BROOKLYN,"(40.7125429, -73.9387514)",trafficstat,False,False,False,False,False,False,False,False,False,,,,,,,
2026-07-26,00:00,40.7102459,-73.9583895,HAVEMEYER ST,11211,90,OTHER,Street,1.4749230438309169,False,BROOKLYN,"(40.7102459, -73.9583895)",trafficstat,True,False,False,False,False,False,False,False,True,,,,,,,
2026-07-25,00:00,40.7140291,-73.9458777,MANHATTAN AVE,11211,90,UNKNOWN,Street,37.30502703576823,False,BROOKLYN,"(40.7140291, -73.9458777)",trafficstat,False,False,False,False,False,False,False,False,False,,,,,,,
2026-07-24,00:00,40.7033747,-73.9376304,BUSHWICK AVE,11206,90,OTHER,Street,0.30299071023978585,False,BROOKLYN,"(40.7033747, -73.9376304)",trafficstat,False,False,False,False,False,False,False,False,False,,,,,,,
2026-07-16,00:00,40.7033747,-73.9376304,BUSHWICK AVE,11206,90,UNKNOWN,Street,0.30299071023978585,False,BROOKLYN,"(40.7033747, -73.9376304)",trafficstat,True,False,False,False,False,True,False,False,False,,,,,,,
2026-07-24,00:00,40.700498,-73.9625503,KENT AVE,11251,90,UNKNOWN,Street,9.599652225213196,False,BROOKLYN,"(40.700498, -73.9625503)",trafficstat,True,False,False,False,False,False,False,True,False,,,,,,,
2026-07-24,00:00,40.7146536,-73.9377005,METROPOLITAN AVE,11211,90,UNKNOWN,Street,33.91429508253177,False,BROOKLYN,"(40.7146536, -73.9377005)",trafficstat,True,False,False,False,False,False,False,False,True,,,,,,,
2026-07-23,00:00,40.704815,-73.939316,BUSHWICK AVE,11206,90,OTHER,Street,1.9985996262762942,False,BROOKLYN,"(40.704815, -73.939316)",trafficstat,False,False,False,False,False,False,False,False,False,,,,,,,
2026-07-23,00:00,40.7124845,-73.9494694,AINSLIE ST,11211,90,UNKNOWN,Street,37.52535141418283,False,BROOKLYN,"(40.7124845, -73.9494694)",trafficstat,False,False,False,False,False,False,False,False,False,,,,,,,
2026-07-23,00:00,40.7145,-73.96129,BEDFORD AVE,11211,90,UNKNOWN,Street,1.331773911567941,False,BROOKLYN,"(40.7145, -73.96129)",trafficstat,False,False,False,False,False,False,False,False,False,,,,,,,
2026-07-22,00:00,40.7065236,-73.9502065,UNION AVE,11211,90,UNKNOWN,Street,49.26983680828343,False,BROOKLYN,"(40.7065236, -73.9502065)",trafficstat,False,False,False,False,False,False,False,False,False,,,,,,,
2026-07-22,00:00,40.7051822,-73.9593376,LEE AVE,11211,90,UNKNOWN,Street,1.208948367743726,False,BROOKLYN,"(40.7051822, -73.9593376)",trafficstat,True,False,False,True,False,False,False,False,False,,,,,,,
2026-07-22,00:00,40.6996125,-73.9577939,WALLABOUT ST,11249,90,UNKNOWN,Street,2.6792804897454334,False,BROOKLYN,"(40.6996125, -73.9577939)",trafficstat,False,False,False,False,False,False,False,False,False,,,,,,,
2026-07-21,00:00,40.7005851,-73.9489393,GERRY ST,11206,90,UNKNOWN,Street,18.354725412885333,False,BROOKLYN,"(40.7005851, -73.9489393)",trafficstat,True,False,True,False,False,False,False,False,False,,,,,,,
2026-07-21,00:00,40.7107401,-73.945476,MANHATTAN AVE,11206,90,UNKNOWN,Street,0.3664829416509183,False,BROOKLYN,"(40.7107401, -73.945476)",trafficstat,False,False,False,False,False,False,False,False,False,,,,,,,
2026-07-20,00:00,40.7121305,-73.9392853,GRAND ST,11211,90,UNKNOWN,Street,60.15181430967045,False,BROOKLYN,"(40.7121305, -73.9392853)",trafficstat,False,False,False,False,False,False,False,False,False,,,,,,,
2026-07-20,00:00,40.7112179,-73.9404222,BUSHWICK AVE,11206,90,UNKNOWN,Street,0.08909107126210701,False,BROOKLYN,"(40.7112179, -73.9404222)",trafficstat,True,False,False,True,False,False,False,False,False,,,,,,,
2026-07-20,00:00,40.7012787,-73.9395114,BEAVER ST,11206,90,UNKNOWN,Street,2.56219576411479,False,BROOKLYN,"(40.7012787, -73.9395114)",trafficstat,False,False,False,False,False,False,False,False,False,,,,,,,
2026-07-20,00:00,40.7010174,-73.941151,FLUSHING AVE,11206,90,UNKNOWN,Street,35.6081439309163,False,BROOKLYN,"(40.7010174, -73.941151)",trafficstat,False,False,False,False,False,False,False,False,False,,,,,,,
2026-07-20,00:00,40.7148909,-73.9608792,N  1 ST,11211,90,UNKNOWN,Street,2.458839542348197,False,BROOKLYN,"(40.7148909, -73.9608792)",trafficstat,False,False,False,False,False,False,False,False,False,,,,,,,
2026-07-19,00:00,40.7086772,-73.9369798,MESEROLE ST,11206,90,UNKNOWN,Street,3.180965954598608,False,BROOKLYN,"(40.7086772, -73.9369798)",trafficstat,False,False,False,False,False,False,False,False,False,,,,,,,
2026-07-11,00:00,40.7086772,-73.9369798,MESEROLE ST,11206,90,UNKNOWN,Street,3.180965954598608,False,BROOKLYN,"(40.7086772, -73.9369798)",trafficstat,False,False,False,False,False,False,False,False,False,,,,,,,
2026-07-18,00:00,40.7075334,-73.9644219,BEDFORD AVE,11211,90,OTHER,Street,1.0002022158832808,False,BROOKLYN,"(40.7075334, -73.9644219)",trafficstat,True,False,False,False,False,True,False,False,False,,,,,,,
2026-07-18,00:00,40.7090647,-73.9241856,GARDNER AVE,11237,90,UNKNOWN,Street,0.001886767645692872,False,BROOKLYN,"(40.7090647, -73.9241856)",trafficstat,False,False,False,False,False,False,False,False,False,,,,,,,
2026-06-20,00:00,40.7090647,-73.9241856,GARDNER AVE,11237,90,UNKNOWN,Street,0.001886767645692872,False,BROOKLYN,"(40.7090647, -73.9241856)",trafficstat,True,False,True,False,False,False,False,False,False,,,,,,,
2026-07-18,00:00,40.7119649,-73.9592748,ROEBLING ST,11211,90,UNKNOWN,Street,19.310754814184,False,BROOKLYN,"(40.7119649, -73.9592748)",trafficstat,False,False,False,False,False,False,False,False,False,,,,,,,
2026-07-17,00:00,40.7097158,-73.9656399,BERRY ST,11249,90,UNKNOWN,Street,1.2324792451832556,False,BROOKLYN,"(40.7097158, -73.9656399)",trafficstat,False,False,False,False,False,False,False,False,False,,,,,,,
2026-07-17,00:00,40.7122828,-73.9678786,KENT AVE,11249,90,UNKNOWN,Street,0.7775985062424593,False,BROOKLYN,"(40.7122828, -73.9678786)",trafficstat,True,False,False,False,True,False,False,False,False,,,,,,,
2026-07-17,00:00,40.7132019,-73.9293818,VARICK AVE,11237,90,UNKNOWN,Street,20.302620751520955,False,BROOKLYN,"(40.7132019, -73.9293818)",trafficstat,False,False,False,False,False,False,False,False,False,,,,,,,
2026-07-16,00:00,40.7102438,-73.9600069,WILLIAMSBURG BRG EN S 4 ST,11211,90,UNKNOWN,Ramp,3.765749971168168,False,BROOKLYN,"(40.7102438, -73.9600069)",trafficstat,True,False,False,False,False,False,False,True,False,,,,,,,
2026-07-16,00:00,40.7108201,-73.9685249,KENT AVE,11249,90,UNKNOWN,Street,0.18955397848770295,False,BROOKLYN,"(40.7108201, -73.9685249)",trafficstat,False,False,False,False,False,False,False,False,False,,,,,,,
2026-06-20,00:00,40.7108201,-73.9685249,KENT AVE,11249,90,UNKNOWN,Street,0.18955397848770295,False,BROOKLYN,"(40.7108201, -73.9685249)",trafficstat,True,False,False,True,False,False,False,False,False,,,,,,,
2026-07-16,00:00,40.7018924,-73.9436243,BROADWAY,11206,90,UNKNOWN,Street,40.017244994101524,False,BROOKLYN,"(40.7018924, -73.9436243)",trafficstat,True,False,False,False,False,True,False,False,False,,,,,,,
2026-07-15,00:00,40.7089745,-73.9567254,BROOKLYN QUEENS EXPY,11211,90,UNKNOWN,Highway,0.11668137665633325,False,BROOKLYN,"(40.7089745, -73.9567254)",trafficstat,True,False,False,False,False,False,False,True,False,,,,,,,
2026-07-15,00:00,40.7145332,-73.9636999,S  1 ST,11249,90,OTHER,Street,37.33245559735551,False,BROOKLYN,"(40.7145332, -73.9636999)",trafficstat,True,False,False,True,False,False,False,False,False,,,,,,,
2026-07-14,00:00,40.7145931,-73.9387562,OLIVE ST,11211,90,UNKNOWN,Street,0.10803002087952496,False,BROOKLYN,"(40.7145931, -73.9387562)",trafficstat,False,False,False,False,False,False,False,False,False,,,,,,,
2026-07-14,00:00,40.7125255,-73.9625507,BEDFORD AVE,11211,90,OTHER,Street,1.8799791085018867,False,BROOKLYN,"(40.7125255, -73.9625507)",trafficstat,True,False,False,True,False,False,False,False,False,,,,,,,
2026-07-14,00:00,40.7069972,-73.9613636,LEE AVE,11211,90,UNKNOWN,Street,1.7505541511265303,False,BROOKLYN,"(40.7069972, -73.9613636)",trafficstat,False,False,False,False,False,False,False,False,False,,,,,,,
2026-07-13,00:00,40.7070462,-73.9691291,DIVISION AVE,11249,90,OTHER,Street,2.4179285919856315,False,BROOKLYN,"(40.7070462, -73.9691291)",trafficstat,False,False,False,False,False,False,False,False,False,,,,,,,
2026-07-13,00:00,40.7072514,-73.9584563,WILLIAMSBURG ST  W,11211,90,OTHER,Street,0.8073826439570075,False,BROOKLYN,"(40.7072514, -73.9584563)",trafficstat,True,False,True,False,False,False,False,False,False,,,,,,,
2026-06-30,00:00,40.7072514,-73.9584563,WILLIAMSBURG ST  W,11211,90,OTHER,Street,0.8073826439570075,False,BROOKLYN,"(40.7072514, -73.9584563)",trafficstat,True,False,False,False,False,True,False,True,False,,,,,,,
2026-07-13,00:00,40.6994049,-73.9533689,NOSTRAND AVE,11206,90,OTHER,Street,0.21771702571915513,False,BROOKLYN,"(40.6994049, -73.9533689)",trafficstat,False,False,False,False,False,False,False,False,False,,,,,,,
2026-07-13,00:00,40.7065136,-73.9308936,KNICKERBOCKER AVE,11237,90,UNKNOWN,Street,1.6587254160973062,False,BROOKLYN,"(40.7065136, -73.9308936)",trafficstat,False,False,False,False,False,False,False,False,False,,,,,,,
2026-07-12,00:00,40.710202,-73.9584184,HAVEMEYER ST,11211,90,UNKNOWN,Street,1.7144661496666407,False,BROOKLYN,"(40.710202, -73.9584184)",trafficstat,True,False,False,False,False,False,False,False,True,,,,,,,
2026-07-12,00:00,40.7108562,-73.9652322,S  6 ST,11249,90,OTHER,Street,36.63296304179702,False,BROOKLYN,"(40.7108562, -73.9652322)",trafficstat,False,False,False,False,False,False,False,False,False,,,,,,,
2026-07-11,00:00,40.7118788,-73.9652972,S  5 ST,11249,90,OTHER,Street,28.281419154926127,False,BROOKLYN,"(40.7118788, -73.9652972)",trafficstat,True,False,False,False,True,False,False,False,False,,,,,,,
2026-07-11,00:00,40.7119619,-73.9406884,BUSHWICK AVE,11206,90,UNKNOWN,Street,0.9052026018974113,False,BROOKLYN,"(40.7119619, -73.9406884)",trafficstat,True,False,False,False,False,False,False,True,False,,,,,,,
2026-06-27,00:00,40.7119619,-73.9406884,BUSHWICK AVE,11206,90,OTHER,Street,0.9052026018974113,False,BROOKLYN,"(40.7119619, -73.9406884)",trafficstat,True,False,False,True,False,False,False,False,False,,,,,,,
2026-07-11,00:00,40.7114239,-73.9595322,ROEBLING ST,11211,90,UNKNOWN,Street,1.8250966700896767,False,BROOKLYN,"(40.7114239, -73.9595322)",trafficstat,False,False,False,False,False,False,False,False,False,,,,,,,
2026-07-10,00:00,40.7105226,-73.9511975,UNION AVE,11211,90,UNKNOWN,Street,41.90420879451291,False,BROOKLYN,"(40.7105226, -73.9511975)",trafficstat,False,False,False,False,False,False,False,False,False,,,,,,,
2026-07-10,00:00,40.7023133,-73.944639,BROADWAY,11206,90,UNKNOWN,Street,2.3141982757195305,False,BROOKLYN,"(40.7023133, -73.944639)",trafficstat,True,False,False,False,False,True,False,False,False,,,,,,,
2026-07-10,00:00,40.7083068,-73.9484213,LORIMER ST,11206,90,UNKNOWN,Street,0.03681240152131443,False,BROOKLYN,"(40.7083068, -73.9484213)",trafficstat,False,False,False,False,False,False,False,False,False,,,,,,,
2026-07-06,00:00,40.7083068,-73.9484213,LORIMER ST,11206,90,UNKNOWN,Street,0.03681240152131443,False,BROOKLYN,"(40.7083068, -73.9484213)",trafficstat,True,False,False,False,False,False,False,False,True,,,,,,,
2026-07-09,00:00,40.7097261,-73.9394222,STAGG ST,11206,90,UNKNOWN,Street,63.09969697346803,False,BROOKLYN,"(40.7097261, -73.9394222)",trafficstat,False,False,False,False,False,False,False,False,False,,,,,,,
2026-07-09,00:00,40.7110739,-73.9354499,BOGART ST,11206,90,OTHER,Street,20.32163014010769,False,BROOKLYN,"(40.7110739, -73.9354499)",trafficstat,True,False,True,False,False,False,False,False,False,,,,,,,
2026-07-08,00:00,40.7127142,-73.9605595,DRIGGS AVE,11211,90,UNKNOWN,Street,1.8473413054157977,False,BROOKLYN,"(40.7127142, -73.9605595)",trafficstat,True,False,True,False,False,False,False,False,False,,,,,,,
2026-07-08,00:00,40.70544,-73.94798,LORIMER ST,11206,90,OTHER,Street,0.3334202362617152,False,BROOKLYN,"(40.70544, -73.94798)",trafficstat,False,False,False,False,False,False,False,False,False,,,,,,,
2026-07-08,00:00,40.7013695,-73.9423916,GRAHAM AVE,11206,90,UNKNOWN,Street,46.80212727690499,False,BROOKLYN,"(40.7013695, -73.9423916)",trafficstat,True,False,True,False,False,False,False,False,False,,,,,,,
2026-07-08,00:00,40.7029389,-73.9502467,UNION AVE,11206,90,UNKNOWN,Street,0.6028708232537863,False,BROOKLYN,"(40.7029389, -73.9502467)",trafficstat,True,False,False,False,False,False,True,False,False,,,,,,,
2026-07-07,00:00,40.7047027,-73.9290904,FLUSHING AVE,11237,90,UNKNOWN,Street,36.977757622404035,False,BROOKLYN,"(40.7047027, -73.9290904)",trafficstat,False,False,False,False,False,False,False,False,False,,,,,,,
2026-07-07,00:00,40.7095517,-73.9588589,HAVEMEYER ST,11211,90,UNKNOWN,Street,1.909609679822375,False,BROOKLYN,"(40.7095517, -73.9588589)",trafficstat,False,False,False,False,False,False,False,False,False,,,,,,,
2026-07-01,00:00,40.7095517,-73.9588589,HAVEMEYER ST,11211,90,OTHER,Street,1.909609679822375,False,BROOKLYN,"(40.7095517, -73.9588589)",trafficstat,True,False,False,False,False,False,False,False,True,,,,,,,
2026-07-06,00:00,40.706355,-73.9318964,MORGAN AVE,11237,90,UNKNOWN,Street,0.6406872941246268,False,BROOKLYN,"(40.706355, -73.9318964)",trafficstat,True,False,True,False,False,False,False,False,False,,,,,,,
2026-07-05,00:00,40.703224,-73.94078,HUMBOLDT ST,11206,90,UNKNOWN,Street,0.11923821416948449,False,BROOKLYN,"(40.703224, -73.94078)",trafficstat,False,False,False,False,False,False,False,False,False,,,,,,,
2026-07-05,00:00,40.7026307,-73.9345371,FLUSHING AVE,11206,90,UNKNOWN,Street,34.38860347035065,False,BROOKLYN,"(40.7026307, -73.9345371)",trafficstat,False,False,False,False,False,False,False,False,False,,,,,,,
2026-07-05,00:00,40.6984633,-73.9601965,KENT AVE,11205,90,UNKNOWN,Street,0.016113582853666014,False,BROOKLYN,"(40.6984633, -73.9601965)",trafficstat,False,False,False,False,False,False,False,False,False,,,,,,,
2026-07-05,00:00,40.7126794,-73.9382275,GRAND ST,11211,90,UNKNOWN,Street,43.33750435401676,False,BROOKLYN,"(40.7126794, -73.9382275)",trafficstat,False,False,False,False,False,False,False,False,False,,,,,,,
2026-07-05,00:00,40.7110596,-73.9421068,HUMBOLDT ST,11206,90,UNKNOWN,Street,0.28035874880314404,False,BROOKLYN,"(40.7110596, -73.9421068)",trafficstat,False,False,False,False,False,False,False,False,False,,,,,,,
2026-07-03,00:00,40.711483,-73.945595,MANHATTAN AVE,11206,90,UNKNOWN,Street,0.3916962799968572,False,BROOKLYN,"(40.711483, -73.945595)",trafficstat,False,False,False,False,False,False,False,False,False,,,,,,,
2026-07-03,00:00,40.6994809,-73.9536541,FLUSHING AVE,11205,90,UNKNOWN,Street,36.59770507459108,False,BROOKLYN,"(40.6994809, -73.9536541)",trafficstat,False,False,False,False,False,False,False,False,False,,,,,,,
2026-07-03,00:00,40.7004441,-73.9507571,MARCY AVE,11206,90,UNKNOWN,Street,1.9078515600831187,False,BROOKLYN,"(40.7004441, -73.9507571)",trafficstat,False,False,False,False,False,False,False,False,False,,,,,,,
2026-07-03,00:00,40.7031715,-73.9326967,FLUSHING AVE,11206,90,UNKNOWN,Street,2.6190535337213063,False,BROOKLYN,"(40.7031715, -73.9326967)",trafficstat,False,False,False,False,False,False,False,False,False,,,,,,,
2026-07-02,00:00,40.7003027,-73.9612701,WILLIAMSBURG ST  E,11249,90,OTHER,Street,2.3470411328003635,False,BROOKLYN,"(40.7003027, -73.9612701)",trafficstat,True,False,False,False,False,False,False,False,True,,,,,,,
2026-07-02,00:00,40.7001241,-73.9471293,FLUSHING AVE,11206,90,UNKNOWN,Street,2.4639000610865076,False,BROOKLYN,"(40.7001241, -73.9471293)",trafficstat,True,False,False,False,False,False,False,True,False,,,,,,,
2026-07-02,00:00,40.7071108,-73.9567143,RODNEY ST,11211,90,UNKNOWN,Street,3.037487623379769,False,BROOKLYN,"(40.7071108, -73.9567143)",trafficstat,False,False,False,False,False,False,False,False,False,,,,,,,
2026-07-02,00:00,40.7143843,-73.9334429,VANDERVOORT AVE,11211,90,UNKNOWN,Street,0.9928595796900037,False,BROOKLYN,"(40.7143843, -73.9334429)",trafficstat,True,False,False,False,False,False,False,False,False,,,,,,,
2026-07-01,00:00,40.7143535,-73.9324185,VARICK ST,11211,90,UNKNOWN,Street,0.3805044336216253,False,BROOKLYN,"(40.7143535, -73.9324185)",trafficstat,True,False,False,False,False,False,False,False,True,,,,,,,
2026-06-30,00:00,40.7058432,-73.9509551,BROADWAY,11211,90,UNKNOWN,Street,2.0596600554395557,False,BROOKLYN,"(40.7058432, -73.9509551)",trafficstat,False,False,False,False,False,False,False,False,False,,,,,,,
2026-06-30,00:00,40.7018544,-73.9383909,FLUSHING AVE,11206,90,UNKNOWN,Street,105.92341030192011,False,BROOKLYN,"(40.7018544, -73.9383909)",trafficstat,True,False,False,True,False,False,False,False,False,,,,,,,
2026-06-29,00:00,40.7103368,-73.951969,HOOPER ST,11211,90,UNKNOWN,Street,1.3149022748616517,False,BROOKLYN,"(40.7103368, -73.951969)",trafficstat,False,False,False,False,False,False,False,False,False,,,,,,,
2026-06-29,00:00,40.7096206,-73.9356388,SCHOLES ST,11206,90,OTHER,Street,31.048853772202747,False,BROOKLYN,"(40.7096206, -73.9356388)",trafficstat,False,False,False,False,False,False,False,False,False,,,,,,,
2026-06-29,00:00,40.7102211,-73.9509952,UNION AVE,11211,90,OTHER,Street,0.458143129992975,False,BROOKLYN,"(40.7102211, -73.9509952)",trafficstat,True,False,False,False,False,False,False,True,True,,,,,,,
2026-06-27,00:00,40.709547,-73.961207,BROADWAY,11211,90,OTHER,Street,2.4655369646430874,False,BROOKLYN,"(40.709547, -73.961207)",trafficstat,False,False,False,False,False,False,False,False,False,,,,,,,
2026-06-27,00:00,40.7099207,-73.9622925,DRIGGS AVE,11211,90,OTHER,Street,0.6883900919670317,False,BROOKLYN,"(40.7099207, -73.9622925)",trafficstat,True,False,False,True,False,False,False,False,False,,,,,,,
2026-06-27,00:00,40.7040743,-73.9393479,MOORE ST,11206,90,UNKNOWN,Street,17.824197147620563,False,BROOKLYN,"(40.7040743, -73.9393479)",trafficstat,False,False,False,False,False,False,False,False,False,,,,,,,
2026-06-27,00:00,40.7101018,-73.9685979,KENT AVE,11249,90,OTHER,Street,20.597362364873018,False,BROOKLYN,"(40.7101018, -73.9685979)",trafficstat,True,False,False,True,False,False,False,False,False,,,,,,,
2026-06-26,00:00,40.7100433,-73.9685217,KENT AVE,11249,90,OTHER,Street,0.3589170283978304,False,BROOKLYN,"(40.7100433, -73.9685217)",trafficstat,False,False,False,False,False,False,False,False,False,,,,,,,
2026-06-25,00:00,40.7054411,-73.9479798,LORIMER ST,11206,90,UNKNOWN,Street,0.4360919587400743,False,BROOKLYN,"(40.7054411, -73.9479798)",trafficstat,True,False,True,False,False,False,False,False,False,,,,,,,
2026-06-25,00:00,40.7021858,-73.9505258,LORIMER ST,11206,90,UNKNOWN,Street,59.55534893727615,False,BROOKLYN,"(40.7021858, -73.9505258)",trafficstat,False,False,False,False,False,False,False,False,False,,,,,,,