crash_date,crash_time,latitude,longitude,on_street_name,zip_code,precinct,collision_type,roadway_type,geocode_dist_feet,time_is_known,borough,location,source,injury,fatality,injured_pedestrian,injured_cyclist,injured_ebike_rider,injured_motorcyclist,injured_moped_rider,injured_car_occupant,injured_suv_occupant,number_of_persons_injured,number_of_persons_killed,contributing_factor_vehicle_1,collision_id,cross_street_name,off_street_name,vehicle_type_code1
2026-06-25,00:00,40.7162073,-73.9660983,KENT AVE,11249,90,UNKNOWN,Street,1.489039094448611,False,BROOKLYN,"(40.7162073, -73.9660983)",trafficstat,True,False,True,False,False,False,False,False,False,,,,,,,
2026-06-24,00:00,40.7049783,-73.9480675,LORIMER ST,11206,90,UNKNOWN,Street,43.73941292088894,False,BROOKLYN,"(40.7049783, -73.9480675)",trafficstat,True,False,True,False,False,False,False,False,False,,,,,,,
2026-06-24,00:00,40.7035867,-73.9443314,MANHATTAN AVE,11206,90,UNKNOWN,Street,0.06929595453384294,False,BROOKLYN,"(40.7035867, -73.9443314)",trafficstat,False,False,False,False,False,False,False,False,False,,,,,,,
2026-06-24,00:00,40.7031587,-73.9658741,WILSON ST,11251,90,UNKNOWN,Street,0.11102713142068904,False,BROOKLYN,"(40.7031587, -73.9658741)",trafficstat,True,False,False,True,False,False,False,False,False,,,,,,,
2026-06-24,00:00,40.7068291,-73.9683826,KENT AVE,11249,90,UNKNOWN,Street,0.35736243071558926,False,BROOKLYN,"(40.7068291, -73.9683826)",trafficstat,True,False,False,False,False,False,False,True,False,,,,,,,
2026-06-23,00:00,40.7123216,-73.9598304,S  2 ST,11211,90,UNKNOWN,Street,43.52233069801219,False,BROOKLYN,"(40.7123216, -73.9598304)",trafficstat,False,False,False,False,False,False,False,False,False,,,,,,,
2026-06-23,00:00,40.702895,-73.9442165,MANHATTAN AVE,11206,90,UNKNOWN,Street,0.02782715366896673,False,BROOKLYN,"(40.702895, -73.9442165)",trafficstat,False,False,False,False,False,False,False,False,False,,,,,,,
2026-06-22,00:00,40.701092,-73.9450151,THROOP AVE,11206,90,UNKNOWN,Street,1.701304890416695,False,BROOKLYN,"(40.701092, -73.9450151)",trafficstat,True,False,False,True,False,False,False,False,False,,,,,,,
2026-06-20,00:00,40.701092,-73.9450151,THROOP AVE,11206,90,UNKNOWN,Street,1.701304890416695,False,BROOKLYN,"(40.701092, -73.9450151)",trafficstat,True,False,False,False,False,False,False,False,False,,,,,,,
2026-06-22,00:00,40.699707,-73.95717,BEDFORD AVE,11206,90,UNKNOWN,Street,0.8889714458030851,False,BROOKLYN,"(40.699707, -73.95717)",trafficstat,True,False,False,False,False,False,False,False,True,,,,,,,
2026-06-22,00:00,40.70791,-73.9450058,MANHATTAN AVE,11206,90,UNKNOWN,Street,0.04488546842099592,False,BROOKLYN,"(40.70791, -73.9450058)",trafficstat,True,False,False,False,False,False,False,True,True,,,,,,,
2026-06-22,00:00,40.7093172,-73.9329971,MORGAN AVE,11237,90,UNKNOWN,Street,0.6731624331447722,False,BROOKLYN,"(40.7093172, -73.9329971)",trafficstat,False,False,False,False,False,False,False,False,False,,,,,,,
2026-06-22,00:00,40.7131088,-73.9410856,BUSHWICK AVE,11211,90,UNKNOWN,Street,45.577833512241014,False,BROOKLYN,"(40.7131088, -73.9410856)",trafficstat,False,False,False,False,False,False,False,False,False,,,,,,,
2026-06-22,00:00,40.7075934,-73.9555418,KEAP ST,11211,90,UNKNOWN,Street,1.629997162861165,False,BROOKLYN,"(40.7075934, -73.9555418)",trafficstat,True,False,True,False,False,False,False,False,False,,,,,,,
2026-06-21,00:00,40.7113256,-73.947243,LEONARD ST,11206,90,UNKNOWN,Street,0.37600401947899076,False,BROOKLYN,"(40.7113256, -73.947243)",trafficstat,True,False,False,False,False,False,False,False,False,,,,,,,
2026-06-21,00:00,40.7093863,-73.9669055,WYTHE AVE,11249,90,UNKNOWN,Street,37.853542190418544,False,BROOKLYN,"(40.7093863, -73.9669055)",trafficstat,False,False,False,False,False,False,False,False,False,,,,,,,
2026-06-21,00:00,40.712491,-73.9605611,DRIGGS AVE,11211,90,UNKNOWN,Street,36.58859210233884,False,BROOKLYN,"(40.712491, -73.9605611)",trafficstat,False,False,False,False,False,False,False,False,False,,,,,,,
2026-06-21,00:00,40.7111671,-73.9488916,LORIMER ST,11206,90,UNKNOWN,Street,0.16367924897662156,False,BROOKLYN,"(40.7111671, -73.9488916)",trafficstat,True,False,False,True,False,False,False,False,False,,,,,,,
2026-06-20,00:00,40.7095326,-73.9260751,STEWART AVE,11237,90,UNKNOWN,Street,0.5829717223733616,False,BROOKLYN,"(40.7095326, -73.9260751)",trafficstat,True,False,False,False,False,False,False,True,False,,,,,,,
2026-06-15,00:00,40.7095326,-73.9260751,STEWART AVE,11237,90,UNKNOWN,Street,0.5829717223733616,False,BROOKLYN,"(40.7095326, -73.9260751)",trafficstat,False,False,False,False,False,False,False,False,False,,,,,,,
2026-06-19,00:00,40.7080418,-73.9581528,MARCY AVE,11211,90,UNKNOWN,Street,1.4147785966700699,False,BROOKLYN,"(40.7080418, -73.9581528)",trafficstat,False,False,False,False,False,False,False,False,False,,,,,,,
2026-06-19,00:00,40.7140079,-73.9240393,ONDERDONK AVE,,90,UNKNOWN,Street,1.963441148215936,False,BROOKLYN,"(40.7140079, -73.9240393)",trafficstat,False,False,False,False,False,False,False,False,False,,,,,,,
2026-06-18,00:00,40.7151897,-73.9356137,MORGAN AVE,11211,90,UNKNOWN,Street,0.7557051346849676,False,BROOKLYN,"(40.7151897, -73.9356137)",trafficstat,True,False,True,False,False,False,False,False,False,,,,,,,
2026-06-18,00:00,40.710811,-73.9435571,MAUJER ST,11206,90,UNKNOWN,Street,43.227056438103794,False,BROOKLYN,"(40.710811, -73.9435571)",trafficstat,True,False,False,True,False,False,False,False,False,,,,,,,
2026-06-18,00:00,40.7075977,-73.9646907,DIVISION AVE,11249,90,OTHER,Street,37.45279095201309,False,BROOKLYN,"(40.7075977, -73.9646907)",trafficstat,False,False,False,False,False,False,False,False,False,,,,,,,
2026-06-18,00:00,40.6994126,-73.9590166,FRANKLIN AVE,11249,90,OTHER,Street,0.37615204915214034,False,BROOKLYN,"(40.6994126, -73.9590166)",trafficstat,True,False,False,True,False,False,False,False,False,,,,,,,
2026-06-17,00:00,40.7070148,-73.9387055,BUSHWICK PL,11206,90,UNKNOWN,Street,0.9247088397328788,False,BROOKLYN,"(40.7070148, -73.9387055)",trafficstat,True,False,False,False,False,True,False,False,False,,,,,,,
2026-06-17,00:00,40.7114764,-73.9670584,S  6 ST,11249,90,UNKNOWN,Street,39.86443452095537,False,BROOKLYN,"(40.7114764, -73.9670584)",trafficstat,False,False,False,False,False,False,False,False,False,,,,,,,
2026-06-17,00:00,40.7100296,-73.9675285,S  8 ST,11249,90,UNKNOWN,Street,32.63813967587783,False,BROOKLYN,"(40.7100296, -73.9675285)",trafficstat,False,False,False,False,False,False,False,False,False,,,,,,,
2026-06-16,00:00,40.7084261,-73.9513319,HEWES ST,11211,90,UNKNOWN,Street,1.5250627229615603,False,BROOKLYN,"(40.7084261, -73.9513319)",trafficstat,True,False,False,False,False,False,False,False,True,,,,,,,
2026-06-16,00:00,40.7139567,-73.9579327,ROEBLING ST,11211,90,UNKNOWN,Street,2.05860866918099,False,BROOKLYN,"(40.7139567, -73.9579327)",trafficstat,True,False,False,False,False,False,True,False,False,,,,,,,
2026-06-16,00:00,40.7065402,-73.9251371,FLUSHING AVE,11237,90,UNKNOWN,Street,2.027959895704096,False,BROOKLYN,"(40.7065402, -73.9251371)",trafficstat,True,False,False,False,False,False,False,True,False,,,,,,,
2026-06-16,00:00,40.7075517,-73.9520177,HEWES ST,11211,90,OTHER,Street,31.559166415000586,False,BROOKLYN,"(40.7075517, -73.9520177)",trafficstat,True,False,True,False,False,False,False,False,False,,,,,,,
2026-06-16,00:00,40.701798,-73.940546,HUMBOLDT ST,11206,90,UNKNOWN,Street,0.4341663437161509,False,BROOKLYN,"(40.701798, -73.940546)",trafficstat,False,False,False,False,False,False,False,False,False,,,,,,,
2026-06-16,00:00,40.7140618,-73.9529114,RODNEY ST,11211,90,UNKNOWN,Street,1.2616234785842582,False,BROOKLYN,"(40.7140618, -73.9529114)",trafficstat,False,False,False,False,False,False,False,False,False,,,,,,,
2026-06-15,00:00,40.7065625,-73.9583175,BROOKLYN QUEENS EXPY,11211,90,UNKNOWN,Highway,3.6543407161451604,False,BROOKLYN,"(40.7065625, -73.9583175)",trafficstat,False,False,False,False,False,False,False,False,False,,,,,,,
2026-06-15,00:00,40.7033723,-73.9344006,COOK ST,11206,90,UNKNOWN,Street,32.160817332106184,False,BROOKLYN,"(40.7033723, -73.9344006)",trafficstat,False,False,False,False,False,False,False,False,False,,,,,,,
2026-06-15,00:00,40.7071534,-73.9314808,KNICKERBOCKER AVE,11237,90,UNKNOWN,Street,1.4348583425314763,False,BROOKLYN,"(40.7071534, -73.9314808)",trafficstat,False,False,False,False,False,False,False,False,False,,,,,,,
2026-06-15,00:00,40.7020741,-73.9645186,KENT AVE,11251,90,UNKNOWN,Street,9.346913705554222,False,BROOKLYN,"(40.7020741, -73.9645186)",trafficstat,True,False,False,False,False,False,True,False,False,,,,,,,
2026-06-15,00:00,40.7118725,-73.9555295,BROOKLYN QUEENS EXPY,11211,90,UNKNOWN,Highway,7.116145124269154,False,BROOKLYN,"(40.7118725, -73.9555295)",trafficstat,True,False,False,False,False,False,False,True,True,,,,,,,
2026-06-15,00:00,40.7074279,-73.9319095,KNICKERBOCKER AVE,11237,90,UNKNOWN,Street,40.226699891008806,False,BROOKLYN,"(40.7074279, -73.9319095)",trafficstat,False,False,False,False,False,False,False,False,False,,,,,,,
2026-06-14,00:00,40.708805,-73.9257657,STEWART AVE,11237,90,UNKNOWN,Street,0.3447736210488638,False,BROOKLYN,"(40.708805, -73.9257657)",trafficstat,True,False,False,False,False,False,False,False,True,,,,,,,
2026-06-14,00:00,40.7103963,-73.9566508,MARCY AVE,11211,90,UNKNOWN,Street,2.099350145563509,False,BROOKLYN,"(40.7103963, -73.9566508)",trafficstat,True,False,True,False,False,False,False,False,False,,,,,,,
2026-06-14,00:00,40.7037643,-73.9426144,GRAHAM AVE,11206,90,UNKNOWN,Street,0.11147541826941065,False,BROOKLYN,"(40.7037643, -73.9426144)",trafficstat,False,False,False,False,False,False,False,False,False,,,,,,,
2026-06-13,00:00,40.7028481,-73.933523,CENTRAL AVE,11206,90,UNKNOWN,Street,2.506709398880075,False,BROOKLYN,"(40.7028481, -73.933523)",trafficstat,True,False,False,True,False,False,False,False,False,,,,,,,
2026-06-13,00:00,40.7006434,-73.9435425,FLUSHING AVE,11206,90,UNKNOWN,Street,38.49326218881764,False,BROOKLYN,"(40.7006434, -73.9435425)",trafficstat,False,False,False,False,False,False,False,False,False,,,,,,,
2026-06-12,00:00,40.7003875,-73.9548882,MIDDLETON ST,11206,90,UNKNOWN,Street,42.13015532044657,False,BROOKLYN,"(40.7003875, -73.9548882)",trafficstat,True,False,True,False,False,False,False,False,False,,,,,,,
2026-06-12,00:00,40.7004346,-73.9491781,GERRY ST,11206,90,UNKNOWN,Street,18.332427169992105,False,BROOKLYN,"(40.7004346, -73.9491781)",trafficstat,False,False,False,False,False,False,False,False,False,,,,,,,
2026-06-12,00:00,40.7082773,-73.929027,PORTER AVE,11237,90,UNKNOWN,Street,0.5842041327817701,False,BROOKLYN,"(40.7082773, -73.929027)",trafficstat,False,False,False,False,False,False,False,False,False,,,,,,,
2026-06-12,00:00,40.7140667,-73.9516236,UNION AVE,11211,90,UNKNOWN,Street,0.10210033912191305,False,BROOKLYN,"(40.7140667, -73.9516236)",trafficstat,False,False,False,False,False,False,False,False,False,,,,,,,
2026-06-12,00:00,40.7116924,-73.9512358,UNION AVE,11211,90,UNKNOWN,Street,0.1530616832593445,False,BROOKLYN,"(40.7116924, -73.9512358)",trafficstat,True,False,False,True,False,False,False,False,False,,,,,,,
2026-09-13,00:00,40.7221795,-73.9498644,MANHATTAN AVE,11222,94,UNKNOWN,Street,1.333827753660884,False,BROOKLYN,"(40.7221795, -73.9498644)",trafficstat,True,False,False,False,False,False,False,False,False,,,,,,,
2026-06-27,00:00,40.7221795,-73.9498644,MANHATTAN AVE,11222,94,UNKNOWN,Street,1.333827753660884,False,BROOKLYN,"(40.7221795, -73.9498644)",trafficstat,True,False,False,False,False,False,False,True,False,,,,,,,
2026-09-13,00:00,40.728416,-73.95241,LEONARD ST,11222,94,UNKNOWN,Street,0.5660537851482377,False,BROOKLYN,"(40.728416, -73.95241)",trafficstat,True,False,False,False,False,False,False,True,False,,,,,,,
2026-09-12,00:00,40.7291707,-73.9574793,FRANKLIN ST,11222,94,UNKNOWN,Street,0.23326136486364454,False,BROOKLYN,"(40.7291707, -73.9574793)",trafficstat,True,False,True,False,True,False,False,False,False,,,,,,,
2026-09-12,00:00,40.7196765,-73.9443915,BROOKLYN QUEENS EXPWY EB EXIT 33,11222,94,OTHER,Ramp,3.134350087153881,False,BROOKLYN,"(40.7196765, -73.9443915)",trafficstat,True,False,False,False,False,False,False,True,False,,,,,,,
2026-07-19,00:00,40.7196765,-73.9443915,BROOKLYN QUEENS EXPWY EB EXIT 33,11222,94,UNKNOWN,Ramp,3.134350087153881,False,BROOKLYN,"(40.7196765, -73.9443915)",trafficstat,False,False,False,False,False,False,False,False,False,,,,,,,
2026-07-17,00:00,40.7196765,-73.9443915,BROOKLYN QUEENS EXPWY EB EXIT 33,11222,94,UNKNOWN,Ramp,3.134350087153881,False,BROOKLYN,"(40.7196765, -73.9443915)",trafficstat,False,False,False,False,False,False,False,False,False,,,,,,,
2026-09-11,00:00,40.7141141,-73.9532086,BROOKLYN QUEENS EXPY,11211,94,UNKNOWN,Highway,0.05787216387332862,False,BROOKLYN,"(40.7141141, -73.9532086)",trafficstat,True,False,False,False,False,False,False,True,False,,,,,,,
2026-09-01,00:00,40.7141141,-73.9532086,BROOKLYN QUEENS EXPY,11211,94,UNKNOWN,Highway,0.05787216387332862,False,BROOKLYN,"(40.7141141, -73.9532086)",trafficstat,True,False,False,False,False,False,False,False,True,,,,,,,
2026-08-16,00:00,40.7141141,-73.9532086,BROOKLYN QUEENS EXPY,11211,94,UNKNOWN,Highway,0.05787216387332862,False,BROOKLYN,"(40.7141141, -73.9532086)",trafficstat,False,False,False,False,False,False,False,False,False,,,,,,,
2026-08-11,00:00,40.7141141,-73.9532086,BROOKLYN QUEENS EXPY,11211,94,UNKNOWN,Highway,0.05787216387332862,False,BROOKLYN,"(40.7141141, -73.9532086)",trafficstat,True,False,False,False,False,False,False,True,False,,,,,,,
2026-07-10,00:00,40.7141141,-73.9532086,BROOKLYN QUEENS EXPY,11211,94,UNKNOWN,Highway,0.05787216387332862,False,BROOKLYN,"(40.7141141, -73.9532086)",trafficstat,True,False,False,False,False,False,False,False,True,,,,,,,
2026-06-24,00:00,40.7141141,-73.9532086,BROOKLYN QUEENS EXPY,11211,94,UNKNOWN,Highway,0.05787216387332862,False,BROOKLYN,"(40.7141141, -73.9532086)",trafficstat,False,False,False,False,False,False,False,False,False,,,,,,,
2026-09-11,00:00,40.7242019,-73.937647,VANDERVOORT AVE,11222,94,UNKNOWN,Street,0.3737358734390045,False,BROOKLYN,"(40.7242019, -73.937647)",trafficstat,False,False,False,False,False,False,False,False,False,,,,,,,
2026-09-10,00:00,40.7242019,-73.937647,VANDERVOORT AVE,11222,94,OTHER,Street,0.3737358734390045,False,BROOKLYN,"(40.7242019, -73.937647)",trafficstat,False,False,False,False,False,False,False,False,False,,,,,,,
2026-09-10,00:00,40.7276261,-73.9421471,NORMAN AVE,11222,94,UNKNOWN,Street,42.700933502638954,False,BROOKLYN,"(40.7276261, -73.9421471)",trafficstat,False,False,False,False,False,False,False,False,False,,,,,,,
2026-09-10,00:00,40.7147708,-73.9540744,N  6 ST,11211,94,UNKNOWN,Street,35.36292287401383,False,BROOKLYN,"(40.7147708, -73.9540744)",trafficstat,False,False,False,False,False,False,False,False,False,,,,,,,
2026-09-10,00:00,40.7145588,-73.9567091,N  4 ST,11211,94,UNKNOWN,Street,32.077677082798914,False,BROOKLYN,"(40.7145588, -73.9567091)",trafficstat,False,False,False,False,False,False,False,False,False,,,,,,,
2026-09-10,00:00,40.7157016,-73.9557816,ROEBLING ST,11211,94,UNKNOWN,Street,1.8765708878374376,False,BROOKLYN,"(40.7157016, -73.9557816)",trafficstat,False,False,False,False,False,False,False,False,False,,,,,,,
2026-09-10,00:00,40.7152024,-73.9547756,N  6 ST,11211,94,UNKNOWN,Street,33.39449236033222,False,BROOKLYN,"(40.7152024, -73.9547756)",trafficstat,False,False,False,False,False,False,False,False,False,,,,,,,
2026-09-10,00:00,40.7212925,-73.948873,LEONARD ST,11222,94,OTHER,Street,0.4314081497673579,False,BROOKLYN,"(40.7212925, -73.948873)",trafficstat,True,False,True,False,False,False,False,False,False,,,,,,,
2026-09-09,00:00,40.7237551,-73.9479022,MCGUINNESS BLVD,11222,94,OTHER,Street,37.46462064504322,False,BROOKLYN,"(40.7237551, -73.9479022)",trafficstat,True,False,False,False,False,True,False,False,False,,,,,,,
2026-09-09,00:00,40.7145356,-73.9443908,GRAHAM AVE,11211,94,UNKNOWN,Street,0.2300139430907149,False,BROOKLYN,"(40.7145356, -73.9443908)",trafficstat,False,False,False,False,False,False,False,False,False,,,,,,,
2026-09-09,00:00,40.7237653,-73.9566772,N  14 ST,11249,94,OTHER,Street,33.34758770578009,False,BROOKLYN,"(40.7237653, -73.9566772)",trafficstat,False,False,False,False,False,False,False,False,False,,,,,,,
2026-09-09,00:00,40.7346885,-73.9524386,MCGUINNESS BLVD,11222,94,UNKNOWN,Street,26.847647015591285,False,BROOKLYN,"(40.7346885, -73.9524386)",trafficstat,False,False,False,False,False,False,False,False,False,,,,,,,
2026-08-19,00:00,40.7346885,-73.9524386,MCGUINNESS BLVD,11222,94,UNKNOWN,Street,26.847647015591285,False,BROOKLYN,"(40.7346885, -73.9524386)",trafficstat,False,False,False,False,False,False,False,False,False,,,,,,,
2026-08-17,00:00,40.7346885,-73.9524386,MCGUINNESS BLVD,11222,94,OTHER,Street,26.847647015591285,False,BROOKLYN,"(40.7346885, -73.9524386)",trafficstat,True,False,True,False,False,False,False,False,False,,,,,,,
2026-09-08,00:00,40.7262997,-73.9573549,FRANKLIN ST,11222,94,UNKNOWN,Street,0.3449132512337168,False,BROOKLYN,"(40.7262997, -73.9573549)",trafficstat,False,False,False,False,False,False,False,False,False,,,,,,,
2026-06-19,00:00,40.7262997,-73.9573549,FRANKLIN ST,11222,94,UNKNOWN,Street,0.3449132512337168,False,BROOKLYN,"(40.7262997, -73.9573549)",trafficstat,False,False,False,False,False,False,False,False,False,,,,,,,
2026-09-07,00:00,40.7219008,-73.9410295,KINGSLAND AVE,11222,94,UNKNOWN,Street,0.44899057670357867,False,BROOKLYN,"(40.7219008, -73.9410295)",trafficstat,False,False,False,False,False,False,False,False,False,,,,,,,
2026-08-12,00:00,40.7219008,-73.9410295,KINGSLAND AVE,11222,94,UNKNOWN,Street,0.44899057670357867,False,BROOKLYN,"(40.7219008, -73.9410295)",trafficstat,False,False,False,False,False,False,False,False,False,,,,,,,
2026-09-06,00:00,40.7313879,-73.9493379,PROVOST ST,11222,94,UNKNOWN,Street,0.009250980484193205,False,BROOKLYN,"(40.7313879, -73.9493379)",trafficstat,True,False,False,False,False,False,False,False,True,,,,,,,
2026-09-06,00:00,40.7236996,-73.9519103,LORIMER ST,11222,94,OTHER,Street,36.958413458648394,False,BROOKLYN,"(40.7236996, -73.9519103)",trafficstat,False,False,False,False,False,False,False,False,False,,,,,,,
2026-09-04,00:00,40.7197986,-73.9534701,DRIGGS AVE,11211,94,OTHER,Street,1.7950907542438792,False,BROOKLYN,"(40.7197986, -73.9534701)",trafficstat,True,False,False,True,False,False,False,False,False,,,,,,,
2026-09-04,00:00,40.7168045,-73.9545869,ROEBLING ST,11211,94,UNKNOWN,Street,2.287437721520137,False,BROOKLYN,"(40.7168045, -73.9545869)",trafficstat,False,False,False,False,False,False,False,False,False,,,,,,,
2026-09-03,00:00,40.7228356,-73.9568664,N  13 ST,11249,94,UNKNOWN,Street,2.3544011500064634,False,BROOKLYN,"(40.7228356, -73.9568664)",trafficstat,False,False,False,False,False,False,False,False,False,,,,,,,
2026-09-03,00:00,40.7140737,-73.9553282,METROPOLITAN AVE,11211,94,OTHER,Street,2.632773016163235,False,BROOKLYN,"(40.7140737, -73.9553282)",trafficstat,True,False,False,False,False,True,False,False,False,,,,,,,
2026-06-20,00:00,40.7140737,-73.9553282,METROPOLITAN AVE,11211,94,OTHER,Street,2.632773016163235,False,BROOKLYN,"(40.7140737, -73.9553282)",trafficstat,True,False,True,False,False,False,False,False,False,,,,,,,
2026-09-03,00:00,40.71977,-73.9447594,BROOKLYN QUEENS EXPY,11222,94,UNKNOWN,Highway,0.4884115307445331,False,BROOKLYN,"(40.71977, -73.9447594)",trafficstat,True,False,False,False,False,False,False,True,True,,,,,,,
2026-07-07,00:00,40.71977,-73.9447594,BROOKLYN QUEENS EXPY,11222,94,OTHER,Highway,0.4884115307445331,False,BROOKLYN,"(40.71977, -73.9447594)",trafficstat,True,False,False,False,False,False,False,False,True,,,,,,,
2026-07-06,00:00,40.71977,-73.9447594,BROOKLYN QUEENS EXPY,11222,94,UNKNOWN,Highway,0.4884115307445331,False,BROOKLYN,"(40.71977, -73.9447594)",trafficstat,True,False,False,False,False,False,False,True,False,,,,,,,
2026-07-01,00:00,40.71977,-73.9447594,BROOKLYN QUEENS EXPY,11222,94,UNKNOWN,Highway,0.4884115307445331,False,BROOKLYN,"(40.71977, -73.9447594)",trafficstat,True,False,False,False,False,False,False,True,True,,,,,,,
2026-09-03,00:00,40.7223975,-73.9456155,BROOME ST,11222,94,UNKNOWN,Street,33.8814582253254,False,BROOKLYN,"(40.7223975, -73.9456155)",trafficstat,False,False,False,False,False,False,False,False,False,,,,,,,
2026-09-03,00:00,40.7304639,-73.9514818,GREENPOINT AVE,11222,94,UNKNOWN,Street,3.165431846312772,False,BROOKLYN,"(40.7304639, -73.9514818)",trafficstat,True,False,False,True,False,False,False,False,False,,,,,,,
2026-08-24,00:00,40.7304639,-73.9514818,GREENPOINT AVE,11222,94,OTHER,Street,3.165431846312772,False,BROOKLYN,"(40.7304639, -73.9514818)",trafficstat,False,False,False,False,False,False,False,False,False,,,,,,,
2026-09-02,00:00,40.7192218,-73.9356062,VANDERVOORT AVE,11211,94,OTHER,Street,0.8027819715998719,False,BROOKLYN,"(40.7192218, -73.9356062)",trafficstat,False,False,False,False,False,False,False,False,False,,,,,,,
2026-09-02,00:00,40.7233435,-73.9388759,BROOKLYN QUEENS EXPY,11222,94,OTHER,Highway,4.2664059327779915,False,BROOKLYN,"(40.7233435, -73.9388759)",trafficstat,True,False,False,False,False,False,False,True,False,,,,,,,
2026-08-15,00:00,40.7233435,-73.9388759,BROOKLYN QUEENS EXPY,11222,94,UNKNOWN,Highway,4.2664059327779915,False,BROOKLYN,"(40.7233435, -73.9388759)",trafficstat,True,False,False,False,False,True,False,False,False,,,,,,,
2026-09-02,00:00,40.7180799,-73.9596076,BERRY ST,11249,94,UNKNOWN,Street,2.032945990167278,False,BROOKLYN,"(40.7180799, -73.9596076)",trafficstat,False,False,False,False,False,False,False,False,False,,,,,,,
2026-08-31,00:00,40.7250508,-73.9472414,NASSAU AVE,11222,94,UNKNOWN,Street,32.521958441588964,False,BROOKLYN,"(40.7250508, -73.9472414)",trafficstat,False,False,False,False,False,False,False,False,False,,,,,,,
2026-08-30,00:00,40.729877,-73.957596,FRANKLIN ST,11222,94,UNKNOWN,Street,0.5824662196423687,False,BROOKLYN,"(40.729877, -73.957596)",trafficstat,True,False,False,False,False,False,False,False,False,,,,,,,
2026-08-30,00:00,40.7148822,-73.9585349,METROPOLITAN AVE,11211,94,OTHER,Street,41.975952793318186,False,BROOKLYN,"(40.7148822, -73.9585349)",trafficstat,True,False,True,False,False,False,False,False,False,,,,,,,
2026-08-30,00:00,40.7198572,-73.9427479,N  HENRY ST,11222,94,UNKNOWN,Street,38.25132931831621,False,BROOKLYN,"(40.7198572, -73.9427479)",trafficstat,False,False,False,False,False,False,False,False,False,,,,,,,
2026-08-30,00:00,40.723774,-73.93753,VANDERVOORT AVE,11222,94,UNKNOWN,Street,0.8511691874596309,False,BROOKLYN,"(40.723774, -73.93753)",trafficstat,True,False,False,False,False,False,False,True,False,,,,,,,
2026-08-30,00:00,40.7233492,-73.939311,MORGAN AVE,11222,94,UNKNOWN,Street,0.5379601957496073,False,BROOKLYN,"(40.7233492, -73.939311)",trafficstat,True,False,False,False,False,False,False,False,True,,,,,,,
2026-08-22,00:00,40.7233492,-73.939311,MORGAN AVE,11222,94,UNKNOWN,Street,0.5379601957496073,False,BROOKLYN,"(40.7233492, -73.939311)",trafficstat,True,False,False,False,False,False,False,True,False,,,,,,,
2026-08-30,00:00,40.7242,-73.937645,VANDERVOORT AVE,11222,94,UNKNOWN,Street,0.059837854929985494,False,BROOKLYN,"(40.7242, -73.937645)",trafficstat,False,False,False,False,False,False,False,False,False,,,,,,,
2026-07-03,00:00,40.7242,-73.937645,VANDERVOORT AVE,11222,94,UNKNOWN,Street,0.059837854929985494,False,BROOKLYN,"(40.7242, -73.937645)",trafficstat,True,False,False,True,False,False,False,False,False,,,,,,,
2026-08-29,00:00,40.7248382,-73.9367625,MEEKER AVE,11222,94,UNKNOWN,Street,1.6154825644602935,False,BROOKLYN,"(40.7248382, -73.9367625)",trafficstat,True,False,False,False,False,True,False,False,False,,,,,,,
2026-08-29,00:00,40.7161723,-73.9595113,BEDFORD AVE,11211,94,UNKNOWN,Street,2.1016792903355683,False,BROOKLYN,"(40.7161723, -73.9595113)",trafficstat,True,False,False,False,False,False,True,False,False,,,,,,,
2026-08-29,00:00,40.7151868,-73.9519597,BROOKLYN QUEENS EXPY,11211,94,UNKNOWN,Highway,6.197316363275637,False,BROOKLYN,"(40.7151868, -73.9519597)",trafficstat,True,False,False,False,False,False,False,True,False,,,,,,,
2026-08-29,00:00,40.737522,-73.95275,MCGUINNESS BLVD,11222,94,UNKNOWN,Street,0.2755869492141895,False,BROOKLYN,"(40.737522, -73.95275)",trafficstat,False,False,False,False,False,False,False,False,False,,,,,,,
2026-08-28,00:00,40.7302698,-73.95347,LEONARD ST,11222,94,UNKNOWN,Street,1.1765493801016738,False,BROOKLYN,"(40.7302698, -73.95347)",trafficstat,False,False,False,False,False,False,False,False,False,,,,,,,
2026-08-28,00:00,40.7150749,-73.9591635,METROPOLITAN AVE,11211,94,UNKNOWN,Street,51.878177833873366,False,BROOKLYN,"(40.7150749, -73.9591635)",trafficstat,False,False,False,False,False,False,False,False,False,,,,,,,
2026-08-27,00:00,40.7314243,-73.9499602,KENT ST,11222,94,UNKNOWN,Street,32.04803687302267,False,BROOKLYN,"(40.7314243, -73.9499602)",trafficstat,False,False,False,False,False,False,False,False,False,,,,,,,
2026-08-27,00:00,40.7228025,-73.9490736,LEONARD ST,11222,94,OTHER,Street,37.65444289934455,False,BROOKLYN,"(40.7228025, -73.9490736)",trafficstat,False,False,False,False,False,False,False,False,False,,,,,,,
2026-08-27,00:00,40.7232768,-73.9374098,VANDERVOORT AVE,11222,94,OTHER,Street,1.0647433913682902,False,BROOKLYN,"(40.7232768, -73.9374098)",trafficstat,True,False,False,False,False,False,False,True,False,,,,,,,
2026-08-26,00:00,40.7203204,-73.9617202,KENT AVE,11249,94,UNKNOWN,Street,1.8999570619806379,False,BROOKLYN,"(40.7203204, -73.9617202)",trafficstat,False,False,False,False,False,False,False,False,False,,,,,,,
2026-08-25,00:00,40.7154725,-73.9447057,GRAHAM AVE,11211,94,UNKNOWN,Street,45.78251101122619,False,BROOKLYN,"(40.7154725, -73.9447057)",trafficstat,False,False,False,False,False,False,False,False,False,,,,,,,