crash_date,crash_time,latitude,longitude,on_street_name,zip_code,precinct,collision_type,roadway_type,geocode_dist_feet,time_is_known,borough,location,source,injury,fatality,injured_pedestrian,injured_cyclist,injured_ebike_rider,injured_motorcyclist,injured_moped_rider,injured_car_occupant,injured_suv_occupant,number_of_persons_injured,number_of_persons_killed,contributing_factor_vehicle_1,collision_id,cross_street_name,off_street_name,vehicle_type_code1
2026-08-24,00:00,40.715442,-73.9518427,UNION AVE,11211,94,UNKNOWN,Street,0.04726165962182656,False,BROOKLYN,"(40.715442, -73.9518427)",trafficstat,False,False,False,False,False,False,False,False,False,,,,,,,
2026-08-09,00:00,40.715442,-73.9518427,UNION AVE,11211,94,UNKNOWN,Street,0.04726165962182656,False,BROOKLYN,"(40.715442, -73.9518427)",trafficstat,False,False,False,False,False,False,False,False,False,,,,,,,
2026-08-04,00:00,40.715442,-73.9518427,UNION AVE,11211,94,UNKNOWN,Street,0.04726165962182656,False,BROOKLYN,"(40.715442, -73.9518427)",trafficstat,True,False,False,False,False,False,False,False,True,,,,,,,
2026-07-16,00:00,40.715442,-73.9518427,UNION AVE,11211,94,UNKNOWN,Street,0.04726165962182656,False,BROOKLYN,"(40.715442, -73.9518427)",trafficstat,True,False,False,True,False,False,False,False,False,,,,,,,
2026-06-15,00:00,40.715442,-73.9518427,UNION AVE,11211,94,OTHER,Street,0.04726165962182656,False,BROOKLYN,"(40.715442, -73.9518427)",trafficstat,True,False,True,False,False,False,False,False,False,,,,,,,
2026-08-23,00:00,40.735552,-73.9600115,COMMERCIAL ST,11222,94,UNKNOWN,Street,18.214899694985235,False,BROOKLYN,"(40.735552, -73.9600115)",trafficstat,True,False,False,False,False,False,False,False,False,,,,,,,
2026-08-22,00:00,40.7300536,-73.952884,GREENPOINT AVE,11222,94,OTHER,Street,101.20114497557972,False,BROOKLYN,"(40.7300536, -73.952884)",trafficstat,False,False,False,False,False,False,False,False,False,,,,,,,
2026-08-22,00:00,40.7165802,-73.9610496,BERRY ST,11249,94,OTHER,Street,37.183311453561586,False,BROOKLYN,"(40.7165802, -73.9610496)",trafficstat,True,False,False,True,False,False,False,False,False,,,,,,,
2026-08-22,00:00,40.7171646,-73.9492383,BROOKLYN QUEENS EXPY,11211,94,UNKNOWN,Highway,12.00964669707737,False,BROOKLYN,"(40.7171646, -73.9492383)",trafficstat,False,False,False,False,False,False,False,False,False,,,,,,,
2026-08-04,00:00,40.7171646,-73.9492383,BROOKLYN QUEENS EXPY,11211,94,UNKNOWN,Highway,12.00964669707737,False,BROOKLYN,"(40.7171646, -73.9492383)",trafficstat,True,False,False,False,False,True,False,True,False,,,,,,,
2026-08-21,00:00,40.7186929,-73.9546541,N  10 ST,11211,94,OTHER,Street,1.945866925590237,False,BROOKLYN,"(40.7186929, -73.9546541)",trafficstat,True,False,True,False,False,False,False,False,False,,,,,,,
2026-08-21,00:00,40.7190697,-73.9433682,HUMBOLDT ST,11222,94,UNKNOWN,Street,36.57141222577459,False,BROOKLYN,"(40.7190697, -73.9433682)",trafficstat,False,False,False,False,False,False,False,False,False,,,,,,,
2026-08-21,00:00,40.7191124,-73.9415406,RICHARDSON ST,11222,94,OTHER,Street,2.7322523198294038,False,BROOKLYN,"(40.7191124, -73.9415406)",trafficstat,False,False,False,False,False,False,False,False,False,,,,,,,
2026-08-20,00:00,40.7147293,-73.9420675,BUSHWICK AVE,11211,94,UNKNOWN,Street,1.0880356180188924,False,BROOKLYN,"(40.7147293, -73.9420675)",trafficstat,True,False,False,False,False,False,False,False,True,,,,,,,
2026-08-18,00:00,40.7150852,-73.951884,BROOKLYN QUEENS EXPY,11211,94,OTHER,Highway,1.4702165629108384,False,BROOKLYN,"(40.7150852, -73.951884)",trafficstat,True,False,False,False,False,True,False,False,False,,,,,,,
2026-08-18,00:00,40.7230963,-73.9440842,RUSSELL ST,11222,94,UNKNOWN,Street,0.44782411556999313,False,BROOKLYN,"(40.7230963, -73.9440842)",trafficstat,True,False,False,False,False,False,False,True,False,,,,,,,
2026-08-18,00:00,40.7198825,-73.9408475,KINGSLAND AVE,11222,94,UNKNOWN,Street,40.61337228515509,False,BROOKLYN,"(40.7198825, -73.9408475)",trafficstat,False,False,False,False,False,False,False,False,False,,,,,,,
2026-08-17,00:00,40.7248085,-73.9515177,MANHATTAN AVE,11222,94,UNKNOWN,Street,35.72569194175373,False,BROOKLYN,"(40.7248085, -73.9515177)",trafficstat,False,False,False,False,False,False,False,False,False,,,,,,,
2026-08-17,00:00,40.7183864,-73.9571327,BEDFORD AVE,11211,94,UNKNOWN,Street,2.1220533100679897,False,BROOKLYN,"(40.7183864, -73.9571327)",trafficstat,False,False,False,False,False,False,False,False,False,,,,,,,
2026-08-17,00:00,40.7290318,-73.9468393,MOULTRIE ST,11222,94,UNKNOWN,Street,0.3650459001969824,False,BROOKLYN,"(40.7290318, -73.9468393)",trafficstat,True,False,False,False,False,False,False,False,True,,,,,,,
2026-08-15,00:00,40.7291352,-73.9536786,MANHATTAN AVE,11222,94,OTHER,Street,30.151029965968274,False,BROOKLYN,"(40.7291352, -73.9536786)",trafficstat,False,False,False,False,False,False,False,False,False,,,,,,,
2026-08-14,00:00,40.7350396,-73.9573748,EAGLE ST,11222,94,UNKNOWN,Street,32.273358989491626,False,BROOKLYN,"(40.7350396, -73.9573748)",trafficstat,False,False,False,False,False,False,False,False,False,,,,,,,
2026-08-13,00:00,40.7271985,-73.9460392,NORMAN AVE,11222,94,OTHER,Street,38.73267811007033,False,BROOKLYN,"(40.7271985, -73.9460392)",trafficstat,False,False,False,False,False,False,False,False,False,,,,,,,
2026-08-13,00:00,40.7225868,-73.9404856,BROOKLYN QUEENS EXPY,11222,94,UNKNOWN,Highway,2.716384358729922,False,BROOKLYN,"(40.7225868, -73.9404856)",trafficstat,True,False,False,False,False,False,False,False,True,,,,,,,
2026-08-11,00:00,40.7225868,-73.9404856,BROOKLYN QUEENS EXPY,11222,94,OTHER,Highway,2.716384358729922,False,BROOKLYN,"(40.7225868, -73.9404856)",trafficstat,True,False,False,False,False,True,False,False,False,,,,,,,
2026-06-26,00:00,40.7225868,-73.9404856,BROOKLYN QUEENS EXPY,11222,94,UNKNOWN,Highway,2.716384358729922,False,BROOKLYN,"(40.7225868, -73.9404856)",trafficstat,True,False,False,False,False,False,False,True,False,,,,,,,
2026-08-13,00:00,40.7213204,-73.9401033,BEADEL ST,11222,94,UNKNOWN,Street,83.62072295497472,False,BROOKLYN,"(40.7213204, -73.9401033)",trafficstat,False,False,False,False,False,False,False,False,False,,,,,,,
2026-08-12,00:00,40.7180854,-73.9522881,UNION AVE,11211,94,OTHER,Street,0.4616176303798217,False,BROOKLYN,"(40.7180854, -73.9522881)",trafficstat,True,False,True,False,False,False,False,False,False,,,,,,,
2026-08-12,00:00,40.7306441,-73.9508237,GREENPOINT AVE,11222,94,OTHER,Street,39.8991757410999,False,BROOKLYN,"(40.7306441, -73.9508237)",trafficstat,True,False,True,False,False,False,False,False,False,,,,,,,
2026-08-12,00:00,40.7362542,-73.9505289,DUPONT ST,11222,94,UNKNOWN,Street,23.924294530630227,False,BROOKLYN,"(40.7362542, -73.9505289)",trafficstat,False,False,False,False,False,False,False,False,False,,,,,,,
2026-08-10,00:00,40.7159273,-73.9576248,N  5 ST,11211,94,UNKNOWN,Street,1.8145868185752074,False,BROOKLYN,"(40.7159273, -73.9576248)",trafficstat,False,False,False,False,False,False,False,False,False,,,,,,,
2026-08-10,00:00,40.718799,-73.9524102,UNION AVE,11211,94,UNKNOWN,Street,0.3398443605024164,False,BROOKLYN,"(40.718799, -73.9524102)",trafficstat,False,False,False,False,False,False,False,False,False,,,,,,,
2026-08-09,00:00,40.7169714,-73.9607914,N  4 ST,11249,94,UNKNOWN,Street,2.462722519532359,False,BROOKLYN,"(40.7169714, -73.9607914)",trafficstat,False,False,False,False,False,False,False,False,False,,,,,,,
2026-08-09,00:00,40.7163587,-73.9401218,KINGSLAND AVE,11211,94,UNKNOWN,Street,0.39675288766027483,False,BROOKLYN,"(40.7163587, -73.9401218)",trafficstat,True,False,False,False,False,False,False,True,False,,,,,,,
2026-08-09,00:00,40.7229366,-73.9447583,DRIGGS AVE,11222,94,UNKNOWN,Street,36.48950561095559,False,BROOKLYN,"(40.7229366, -73.9447583)",trafficstat,False,False,False,False,False,False,False,False,False,,,,,,,
2026-08-08,00:00,40.7277997,-73.9508795,MESEROLE AVE,11222,94,UNKNOWN,Street,31.404360971046707,False,BROOKLYN,"(40.7277997, -73.9508795)",trafficstat,False,False,False,False,False,False,False,False,False,,,,,,,
2026-08-07,00:00,40.7284273,-73.9513,ECKFORD ST,11222,94,UNKNOWN,Street,28.025176140078134,False,BROOKLYN,"(40.7284273, -73.9513)",trafficstat,False,False,False,False,False,False,False,False,False,,,,,,,
2026-08-07,00:00,40.7232738,-73.9422224,MONITOR ST,11222,94,UNKNOWN,Street,0.1612968071739528,False,BROOKLYN,"(40.7232738, -73.9422224)",trafficstat,False,False,False,False,False,False,False,False,False,,,,,,,
2026-08-06,00:00,40.7237719,-73.9507904,MANHATTAN AVE,11222,94,UNKNOWN,Street,1.1956857930082805,False,BROOKLYN,"(40.7237719, -73.9507904)",trafficstat,True,False,False,True,False,False,False,False,False,,,,,,,
2026-08-06,00:00,40.7149962,-73.9496534,LORIMER ST,11211,94,UNKNOWN,Street,36.33105110605833,False,BROOKLYN,"(40.7149962, -73.9496534)",trafficstat,True,False,False,False,False,False,False,True,False,,,,,,,
2026-08-06,00:00,40.7182267,-73.9432838,HUMBOLDT ST,11211,94,OTHER,Street,0.1214682029999254,False,BROOKLYN,"(40.7182267, -73.9432838)",trafficstat,True,False,False,False,False,False,False,True,True,,,,,,,
2026-08-06,00:00,40.7190507,-73.9613784,N  6 ST,11249,94,UNKNOWN,Street,40.307974505194565,False,BROOKLYN,"(40.7190507, -73.9613784)",trafficstat,True,False,True,False,False,False,False,False,False,,,,,,,
2026-08-06,00:00,40.72952,-73.94908,DIAMOND ST,11222,94,UNKNOWN,Street,0.31511570843143466,False,BROOKLYN,"(40.72952, -73.94908)",trafficstat,False,False,False,False,False,False,False,False,False,,,,,,,
2026-08-05,00:00,40.7323899,-73.9437192,MONITOR ST,11222,94,UNKNOWN,Street,0.11151353881927104,False,BROOKLYN,"(40.7323899, -73.9437192)",trafficstat,False,False,False,False,False,False,False,False,False,,,,,,,
2026-06-24,00:00,40.7323899,-73.9437192,MONITOR ST,11222,94,UNKNOWN,Street,0.11151353881927104,False,BROOKLYN,"(40.7323899, -73.9437192)",trafficstat,False,False,False,False,False,False,False,False,False,,,,,,,
2026-08-05,00:00,40.732771,-73.9428132,KINGSLAND AVE,11222,94,UNKNOWN,Street,0.09729035555920477,False,BROOKLYN,"(40.732771, -73.9428132)",trafficstat,True,False,True,False,False,False,False,False,False,,,,,,,
2026-08-05,00:00,40.7279628,-73.9500729,MESEROLE AVE,11222,94,UNKNOWN,Street,3.0276302921274194,False,BROOKLYN,"(40.7279628, -73.9500729)",trafficstat,True,False,False,False,True,False,False,False,False,,,,,,,
2026-08-05,00:00,40.7164813,-73.9497605,LORIMER ST,11211,94,UNKNOWN,Street,0.31198516257375686,False,BROOKLYN,"(40.7164813, -73.9497605)",trafficstat,True,False,True,False,False,False,False,False,False,,,,,,,
2026-07-02,00:00,40.7164813,-73.9497605,LORIMER ST,11211,94,UNKNOWN,Street,0.31198516257375686,False,BROOKLYN,"(40.7164813, -73.9497605)",trafficstat,True,False,False,False,True,False,False,False,False,,,,,,,
2026-08-05,00:00,40.722775,-73.94709,DRIGGS AVE,11222,94,UNKNOWN,Street,3.191018050182197,False,BROOKLYN,"(40.722775, -73.94709)",trafficstat,False,False,False,False,False,False,False,False,False,,,,,,,
2026-08-04,00:00,40.7208116,-73.9444137,HUMBOLDT ST,11222,94,UNKNOWN,Street,98.35405668043913,False,BROOKLYN,"(40.7208116, -73.9444137)",trafficstat,False,False,False,False,False,False,False,False,False,,,,,,,
2026-06-21,00:00,40.7208116,-73.9444137,HUMBOLDT ST,11222,94,OTHER,Street,98.35405668043913,False,BROOKLYN,"(40.7208116, -73.9444137)",trafficstat,False,False,False,False,False,False,False,False,False,,,,,,,
2026-08-04,00:00,40.7257937,-73.9426352,MONITOR ST,11222,94,UNKNOWN,Street,0.2643846798896417,False,BROOKLYN,"(40.7257937, -73.9426352)",trafficstat,True,False,False,False,True,False,False,False,False,,,,,,,
2026-08-03,00:00,40.7223818,-73.9593437,KENT AVE,11249,94,OTHER,Street,37.58655502938917,False,BROOKLYN,"(40.7223818, -73.9593437)",trafficstat,False,False,False,False,False,False,False,False,False,,,,,,,
2026-08-03,00:00,40.7178363,-73.9476022,MEEKER AVE,11211,94,UNKNOWN,Street,2.247566668222537,False,BROOKLYN,"(40.7178363, -73.9476022)",trafficstat,False,False,False,False,False,False,False,False,False,,,,,,,
2026-08-02,00:00,40.7163172,-73.9584517,N  5 ST,11211,94,UNKNOWN,Street,36.882550771304395,False,BROOKLYN,"(40.7163172, -73.9584517)",trafficstat,False,False,False,False,False,False,False,False,False,,,,,,,
2026-08-02,00:00,40.7199714,-73.9337874,,,94,UNKNOWN,,563.6334561478601,False,BROOKLYN,"(40.7199714, -73.9337874)",trafficstat,True,False,False,False,False,False,False,False,False,,,,,,,
2026-08-02,00:00,40.7255179,-73.9454315,HUMBOLDT ST,11222,94,UNKNOWN,Street,0.41556562010168857,False,BROOKLYN,"(40.7255179, -73.9454315)",trafficstat,False,False,False,False,False,False,False,False,False,,,,,,,
2026-08-02,00:00,40.7275759,-73.9292712,KOSCIUSZKO BRG,,94,UNKNOWN,Bridge,17.53749199725915,False,BROOKLYN,"(40.7275759, -73.9292712)",trafficstat,True,False,False,False,False,False,False,True,False,,,,,,,
2026-07-21,00:00,40.7275759,-73.9292712,KOSCIUSZKO BRG,,94,UNKNOWN,Bridge,17.53749199725915,False,BROOKLYN,"(40.7275759, -73.9292712)",trafficstat,False,False,False,False,False,False,False,False,False,,,,,,,
2026-07-11,00:00,40.7275759,-73.9292712,KOSCIUSZKO BRG,,94,UNKNOWN,Bridge,17.53749199725915,False,BROOKLYN,"(40.7275759, -73.9292712)",trafficstat,True,False,False,False,False,False,False,True,False,,,,,,,
2026-08-01,00:00,40.732009,-73.957943,FRANKLIN ST,11222,94,UNKNOWN,Street,0.00315367783041904,False,BROOKLYN,"(40.732009, -73.957943)",trafficstat,True,False,False,False,False,False,False,False,False,,,,,,,
2026-08-01,00:00,40.7226595,-73.9590381,KENT AVE,11249,94,UNKNOWN,Street,38.99598693069626,False,BROOKLYN,"(40.7226595, -73.9590381)",trafficstat,False,False,False,False,False,False,False,False,False,,,,,,,
2026-08-01,00:00,40.7246111,-73.9511338,MANHATTAN AVE,11222,94,UNKNOWN,Street,33.49666785381579,False,BROOKLYN,"(40.7246111, -73.9511338)",trafficstat,False,False,False,False,False,False,False,False,False,,,,,,,
2026-08-01,00:00,40.7156197,-73.9608689,METROPOLITAN AVE,11249,94,UNKNOWN,Street,39.29006904212361,False,BROOKLYN,"(40.7156197, -73.9608689)",trafficstat,False,False,False,False,False,False,False,False,False,,,,,,,
2026-08-01,00:00,40.7173444,-73.9562592,DRIGGS AVE,11211,94,UNKNOWN,Street,30.955582449640627,False,BROOKLYN,"(40.7173444, -73.9562592)",trafficstat,False,False,False,False,False,False,False,False,False,,,,,,,
2026-07-31,00:00,40.7368267,-73.9526427,MCGUINNESS BLVD,11222,94,UNKNOWN,Street,0.22334099720576212,False,BROOKLYN,"(40.7368267, -73.9526427)",trafficstat,True,False,False,False,False,False,False,False,True,,,,,,,
2026-07-31,00:00,40.7353264,-73.9597404,DUPONT ST,11222,94,UNKNOWN,Street,43.47478089394893,False,BROOKLYN,"(40.7353264, -73.9597404)",trafficstat,False,False,False,False,False,False,False,False,False,,,,,,,
2026-07-31,00:00,40.724881,-73.9365173,MEEKER AVE,11222,94,UNKNOWN,Street,40.619735463835454,False,BROOKLYN,"(40.724881, -73.9365173)",trafficstat,True,False,False,False,False,False,False,False,False,,,,,,,
2026-07-30,00:00,40.7140618,-73.9529114,RODNEY ST,11211,94,UNKNOWN,Street,1.2616234785842582,False,BROOKLYN,"(40.7140618, -73.9529114)",trafficstat,True,False,False,False,False,False,False,False,True,,,,,,,
2026-07-30,00:00,40.7225071,-73.9404063,BROOKLYN QUEENS EXPY,11222,94,UNKNOWN,Highway,5.042598546957681,False,BROOKLYN,"(40.7225071, -73.9404063)",trafficstat,False,False,False,False,False,False,False,False,False,,,,,,,
2026-07-29,00:00,40.7330315,-73.9547274,MANHATTAN AVE,11222,94,UNKNOWN,Street,0.05263847304329338,False,BROOKLYN,"(40.7330315, -73.9547274)",trafficstat,True,False,False,False,False,False,False,True,False,,,,,,,
2026-07-28,00:00,40.72464,-73.94817,NASSAU AVE,11222,94,OTHER,Street,2.0331901115411335,False,BROOKLYN,"(40.72464, -73.94817)",trafficstat,False,False,False,False,False,False,False,False,False,,,,,,,
2026-07-28,00:00,40.732751,-73.9570774,HURON ST,11222,94,UNKNOWN,Street,23.92132206285195,False,BROOKLYN,"(40.732751, -73.9570774)",trafficstat,False,False,False,False,False,False,False,False,False,,,,,,,
2026-07-28,00:00,40.7173759,-73.9404263,KINGSLAND AVE,11211,94,UNKNOWN,Street,42.5975536684279,False,BROOKLYN,"(40.7173759, -73.9404263)",trafficstat,False,False,False,False,False,False,False,False,False,,,,,,,
2026-07-27,00:00,40.7220528,-73.9575485,WYTHE AVE,11249,94,UNKNOWN,Street,37.185877944233894,False,BROOKLYN,"(40.7220528, -73.9575485)",trafficstat,True,False,False,True,False,False,False,False,False,,,,,,,
2026-07-27,00:00,40.733275,-73.9598257,WEST ST,11222,94,UNKNOWN,Street,0.34503493657986845,False,BROOKLYN,"(40.733275, -73.9598257)",trafficstat,False,False,False,False,False,False,False,False,False,,,,,,,
2026-07-26,00:00,40.7311529,-73.9517808,KENT ST,11222,94,OTHER,Street,2.704413584741103,False,BROOKLYN,"(40.7311529, -73.9517808)",trafficstat,True,False,False,True,False,False,False,False,False,,,,,,,
2026-07-26,00:00,40.7180246,-73.9444095,FROST ST,11211,94,UNKNOWN,Street,37.132833042848894,False,BROOKLYN,"(40.7180246, -73.9444095)",trafficstat,False,False,False,False,False,False,False,False,False,,,,,,,
2026-07-25,00:00,40.7279072,-73.9325058,GARDNER AVE,11222,94,OTHER,Street,0.5110294980909011,False,BROOKLYN,"(40.7279072, -73.9325058)",trafficstat,False,False,False,False,False,False,False,False,False,,,,,,,
2026-07-25,00:00,40.7350942,-73.9546949,EAGLE ST,11222,94,UNKNOWN,Street,39.5789839412848,False,BROOKLYN,"(40.7350942, -73.9546949)",trafficstat,False,False,False,False,False,False,False,False,False,,,,,,,
2026-07-25,00:00,40.7297231,-73.9592433,WEST ST,11222,94,UNKNOWN,Street,0.12921044906036536,False,BROOKLYN,"(40.7297231, -73.9592433)",trafficstat,True,False,True,False,False,False,False,False,False,,,,,,,
2026-07-23,00:00,40.735831,-73.956829,DUPONT ST,11222,94,UNKNOWN,Street,39.721598280346385,False,BROOKLYN,"(40.735831, -73.956829)",trafficstat,False,False,False,False,False,False,False,False,False,,,,,,,
2026-07-22,00:00,40.735831,-73.956829,DUPONT ST,11222,94,UNKNOWN,Street,39.721598280346385,False,BROOKLYN,"(40.735831, -73.956829)",trafficstat,False,False,False,False,False,False,False,False,False,,,,,,,
2026-07-23,00:00,40.7201576,-73.9460419,GRAHAM AVE,11222,94,OTHER,Street,1.6029691418419452,False,BROOKLYN,"(40.7201576, -73.9460419)",trafficstat,True,False,False,True,False,False,False,False,False,,,,,,,
2026-06-21,00:00,40.7201576,-73.9460419,GRAHAM AVE,11222,94,UNKNOWN,Street,1.6029691418419452,False,BROOKLYN,"(40.7201576, -73.9460419)",trafficstat,False,False,False,False,False,False,False,False,False,,,,,,,
2026-07-22,00:00,40.7181151,-73.9568897,N  8 ST,11211,94,UNKNOWN,Street,36.742834296489626,False,BROOKLYN,"(40.7181151, -73.9568897)",trafficstat,True,False,False,False,False,False,False,True,False,,,,,,,
2026-07-22,00:00,40.7148669,-73.9427348,HUMBOLDT ST,11211,94,UNKNOWN,Street,0.1316375942341173,False,BROOKLYN,"(40.7148669, -73.9427348)",trafficstat,True,False,False,False,False,False,False,True,False,,,,,,,
2026-07-22,00:00,40.7323234,-73.9546088,MANHATTAN AVE,11222,94,UNKNOWN,Street,0.039661359819126475,False,BROOKLYN,"(40.7323234, -73.9546088)",trafficstat,False,False,False,False,False,False,False,False,False,,,,,,,
2026-07-22,00:00,40.7274167,-73.9573343,FRANKLIN ST,11222,94,UNKNOWN,Street,40.154081406184474,False,BROOKLYN,"(40.7274167, -73.9573343)",trafficstat,False,False,False,False,False,False,False,False,False,,,,,,,
2026-07-21,00:00,40.7230285,-73.9438267,DRIGGS AVE,11222,94,UNKNOWN,Street,36.39380311417925,False,BROOKLYN,"(40.7230285, -73.9438267)",trafficstat,False,False,False,False,False,False,False,False,False,,,,,,,
2026-07-20,00:00,40.7210613,-73.9448147,HUMBOLDT ST,11222,94,OTHER,Street,34.15223836880342,False,BROOKLYN,"(40.7210613, -73.9448147)",trafficstat,False,False,False,False,False,False,False,False,False,,,,,,,
2026-07-20,00:00,40.7224585,-73.9479999,ECKFORD ST,11222,94,UNKNOWN,Street,36.31462072869687,False,BROOKLYN,"(40.7224585, -73.9479999)",trafficstat,False,False,False,False,False,False,False,False,False,,,,,,,
2026-07-19,00:00,40.7337356,-73.9559384,GREEN ST,11222,94,UNKNOWN,Street,32.675799711811855,False,BROOKLYN,"(40.7337356, -73.9559384)",trafficstat,False,False,False,False,False,False,False,False,False,,,,,,,
2026-07-18,00:00,40.7260003,-73.9500311,ECKFORD ST,11222,94,UNKNOWN,Street,1.119368826315868,False,BROOKLYN,"(40.7260003, -73.9500311)",trafficstat,False,False,False,False,False,False,False,False,False,,,,,,,
2026-07-18,00:00,40.7181165,-73.9509141,RICHARDSON ST,11211,94,UNKNOWN,Street,39.77666582291821,False,BROOKLYN,"(40.7181165, -73.9509141)",trafficstat,False,False,False,False,False,False,False,False,False,,,,,,,
2026-07-18,00:00,40.7180656,-73.944965,GRAHAM AVE,11211,94,UNKNOWN,Street,0.42828334914889626,False,BROOKLYN,"(40.7180656, -73.944965)",trafficstat,True,False,False,False,True,False,False,False,False,,,,,,,
2026-07-17,00:00,40.7194562,-73.9375324,MORGAN AVE,11222,94,OTHER,Street,0.5264113076103915,False,BROOKLYN,"(40.7194562, -73.9375324)",trafficstat,False,False,False,False,False,False,False,False,False,,,,,,,
2026-07-16,00:00,40.7151877,-73.9582559,DRIGGS AVE,11211,94,UNKNOWN,Street,37.898242945013,False,BROOKLYN,"(40.7151877, -73.9582559)",trafficstat,True,False,False,False,False,True,False,False,False,,,,,,,
2026-07-16,00:00,40.7204235,-73.9396996,DEBEVOISE AVE,11222,94,UNKNOWN,Street,0.3840993512450441,False,BROOKLYN,"(40.7204235, -73.9396996)",trafficstat,False,False,False,False,False,False,False,False,False,,,,,,,
2026-07-16,00:00,40.7205753,-73.9362074,VANDERVOORT AVE,11222,94,UNKNOWN,Street,0.42752469834545587,False,BROOKLYN,"(40.7205753, -73.9362074)",trafficstat,False,False,False,False,False,False,False,False,False,,,,,,,
2026-07-11,00:00,40.7205753,-73.9362074,VANDERVOORT AVE,11222,94,UNKNOWN,Street,0.42752469834545587,False,BROOKLYN,"(40.7205753, -73.9362074)",trafficstat,False,False,False,False,False,False,False,False,False,,,,,,,
2026-07-15,00:00,40.7180889,-73.9478019,BROOKLYN QUEENS EXPY,11211,94,UNKNOWN,Highway,12.981927044763477,False,BROOKLYN,"(40.7180889, -73.9478019)",trafficstat,True,False,False,False,False,False,False,True,False,,,,,,,
2026-07-15,00:00,40.7188842,-73.9633605,KENT AVE,11249,94,UNKNOWN,Street,18.723525933680534,False,BROOKLYN,"(40.7188842, -73.9633605)",trafficstat,True,False,False,False,True,False,False,False,False,,,,,,,
2026-07-15,00:00,40.7257763,-73.948056,NEWEL ST,11222,94,UNKNOWN,Street,32.269864907652234,False,BROOKLYN,"(40.7257763, -73.948056)",trafficstat,False,False,False,False,False,False,False,False,False,,,,,,,
2026-07-14,00:00,40.7232411,-73.9415606,DRIGGS AVE,11222,94,UNKNOWN,Street,37.75788866861909,False,BROOKLYN,"(40.7232411, -73.9415606)",trafficstat,False,False,False,False,False,False,False,False,False,,,,,,,
2026-07-14,00:00,40.721705,-73.9506476,LORIMER ST,11222,94,UNKNOWN,Street,0.5268348194824534,False,BROOKLYN,"(40.721705, -73.9506476)",trafficstat,True,False,True,False,False,False,False,False,False,,,,,,,
2026-06-30,00:00,40.721705,-73.9506476,LORIMER ST,11222,94,OTHER,Street,0.5268348194824534,False,BROOKLYN,"(40.721705, -73.9506476)",trafficstat,False,False,False,False,False,False,False,False,False,,,,,,,
2026-07-13,00:00,40.7339885,-73.9522586,GREEN ST,11222,94,UNKNOWN,Street,2.6904746473286156,False,BROOKLYN,"(40.7339885, -73.9522586)",trafficstat,False,False,False,False,False,False,False,False,False,,,,,,,
2026-07-11,00:00,40.7302387,-73.9515692,MCGUINNESS BLVD,11222,94,UNKNOWN,Street,26.654396524040738,False,BROOKLYN,"(40.7302387, -73.9515692)",trafficstat,False,False,False,False,False,False,False,False,False,,,,,,,
2026-06-22,00:00,40.7302387,-73.9515692,MCGUINNESS BLVD,11222,94,UNKNOWN,Street,26.654396524040738,False,BROOKLYN,"(40.7302387, -73.9515692)",trafficstat,False,False,False,False,False,False,False,False,False,,,,,,,
2026-07-11,00:00,40.7152853,-73.9514351,MEEKER AVE,11211,94,UNKNOWN,Street,2.1461062698764213,False,BROOKLYN,"(40.7152853, -73.9514351)",trafficstat,False,False,False,False,False,False,False,False,False,,,,,,,
2026-07-10,00:00,40.7186686,-73.9634924,KENT AVE,11249,94,OTHER,Street,2.350829297461837,False,BROOKLYN,"(40.7186686, -73.9634924)",trafficstat,True,False,False,True,False,False,False,False,False,,,,,,,
2026-07-10,00:00,40.7234157,-73.9476627,GRAHAM AVE,11222,94,OTHER,Street,20.270689432272594,False,BROOKLYN,"(40.7234157, -73.9476627)",trafficstat,True,False,True,False,False,False,False,False,False,,,,,,,
2026-07-10,00:00,40.7289951,-73.9506603,CALYER ST,11222,94,OTHER,Street,2.933858159419173,False,BROOKLYN,"(40.7289951, -73.9506603)",trafficstat,True,False,False,False,False,False,False,True,False,,,,,,,
2026-07-10,00:00,40.7276677,-73.9469053,JEWEL ST,11222,94,UNKNOWN,Street,34.05110883919767,False,BROOKLYN,"(40.7276677, -73.9469053)",trafficstat,False,False,False,False,False,False,False,False,False,,,,,,,
2026-07-09,00:00,40.7274856,-73.9448057,RUSSELL ST,11222,94,UNKNOWN,Street,0.2074664542574191,False,BROOKLYN,"(40.7274856, -73.9448057)",trafficstat,False,False,False,False,False,False,False,False,False,,,,,,,
2026-07-09,00:00,40.7276693,-73.9293794,KOSCIUSZKO BRG,,94,UNKNOWN,Bridge,27.598606780026945,False,BROOKLYN,"(40.7276693, -73.9293794)",trafficstat,True,False,False,False,False,False,False,False,True,,,,,,,
2026-07-08,00:00,40.7295015,-73.9539576,MANHATTAN AVE,11222,94,UNKNOWN,Street,0.9808370845112487,False,BROOKLYN,"(40.7295015, -73.9539576)",trafficstat,False,False,False,False,False,False,False,False,False,,,,,,,
2026-07-08,00:00,40.718052,-73.9582805,N  7 ST,11249,94,UNKNOWN,Street,38.51377898089405,False,BROOKLYN,"(40.718052, -73.9582805)",trafficstat,False,False,False,False,False,False,False,False,False,,,,,,,
2026-06-28,00:00,40.718052,-73.9582805,N  7 ST,11249,94,UNKNOWN,Street,38.51377898089405,False,BROOKLYN,"(40.718052, -73.9582805)",trafficstat,False,False,False,False,False,False,False,False,False,,,,,,,
2026-07-08,00:00,40.7158218,-73.9520816,UNION AVE,11211,94,OTHER,Street,48.48078034866968,False,BROOKLYN,"(40.7158218, -73.9520816)",trafficstat,False,False,False,False,False,False,False,False,False,,,,,,,