crash_date,crash_time,latitude,longitude,on_street_name,zip_code,precinct,collision_type,roadway_type,geocode_dist_feet,time_is_known,borough,location,source,injury,fatality,injured_pedestrian,injured_cyclist,injured_ebike_rider,injured_motorcyclist,injured_moped_rider,injured_car_occupant,injured_suv_occupant,number_of_persons_injured,number_of_persons_killed,contributing_factor_vehicle_1,collision_id,cross_street_name,off_street_name,vehicle_type_code1
2026-07-07,00:00,40.718967,-73.9610284,N  6 ST,11249,94,UNKNOWN,Street,2.2485511328658565,False,BROOKLYN,"(40.718967, -73.9610284)",trafficstat,False,False,False,False,False,False,False,False,False,,,,,,,
2026-07-07,00:00,40.7292958,-73.9573603,FRANKLIN ST,11222,94,OTHER,Street,38.125537277910965,False,BROOKLYN,"(40.7292958, -73.9573603)",trafficstat,False,False,False,False,False,False,False,False,False,,,,,,,
2026-07-07,00:00,40.7302928,-73.9444534,N  HENRY ST,11222,94,UNKNOWN,Street,36.355737674630106,False,BROOKLYN,"(40.7302928, -73.9444534)",trafficstat,False,False,False,False,False,False,False,False,False,,,,,,,
2026-07-07,00:00,40.7258811,-73.9416862,KINGSLAND AVE,11222,94,UNKNOWN,Street,0.05240360938008761,False,BROOKLYN,"(40.7258811, -73.9416862)",trafficstat,False,False,False,False,False,False,False,False,False,,,,,,,
2026-07-06,00:00,40.7282682,-73.9465211,MOULTRIE ST,11222,94,UNKNOWN,Street,30.83568136523961,False,BROOKLYN,"(40.7282682, -73.9465211)",trafficstat,False,False,False,False,False,False,False,False,False,,,,,,,
2026-07-06,00:00,40.7282269,-73.9526491,CALYER ST,11222,94,UNKNOWN,Street,40.54749098103461,False,BROOKLYN,"(40.7282269, -73.9526491)",trafficstat,False,False,False,False,False,False,False,False,False,,,,,,,
2026-07-06,00:00,40.7188213,-73.9467934,MANHATTAN AVE,11211,94,OTHER,Street,0.41959347307247624,False,BROOKLYN,"(40.7188213, -73.9467934)",trafficstat,True,False,False,False,False,False,False,True,False,,,,,,,
2026-07-02,00:00,40.7188213,-73.9467934,MANHATTAN AVE,11211,94,UNKNOWN,Street,0.41959347307247624,False,BROOKLYN,"(40.7188213, -73.9467934)",trafficstat,False,False,False,False,False,False,False,False,False,,,,,,,
2026-07-05,00:00,40.7185788,-73.9481387,RICHARDSON ST,11211,94,UNKNOWN,Street,32.78022739616084,False,BROOKLYN,"(40.7185788, -73.9481387)",trafficstat,False,False,False,False,False,False,False,False,False,,,,,,,
2026-07-05,00:00,40.7348394,-73.9574335,EAGLE ST,11222,94,UNKNOWN,Street,38.09852509718921,False,BROOKLYN,"(40.7348394, -73.9574335)",trafficstat,False,False,False,False,False,False,False,False,False,,,,,,,
2026-07-03,00:00,40.7255095,-73.9529648,LORIMER ST,11222,94,OTHER,Street,42.402666470986325,False,BROOKLYN,"(40.7255095, -73.9529648)",trafficstat,True,False,False,False,False,False,True,False,False,,,,,,,
2026-07-03,00:00,40.7195673,-73.9456023,GRAHAM AVE,11222,94,UNKNOWN,Street,0.9299841061214346,False,BROOKLYN,"(40.7195673, -73.9456023)",trafficstat,False,False,False,False,False,False,False,False,False,,,,,,,
2026-07-03,00:00,40.7208049,-73.9449591,BAYARD ST,11222,94,OTHER,Street,3.021545190894833,False,BROOKLYN,"(40.7208049, -73.9449591)",trafficstat,True,False,False,False,False,False,False,True,False,,,,,,,
2026-07-03,00:00,40.7194921,-73.9559415,N  10 ST,11211,94,UNKNOWN,Street,2.1149756407060445,False,BROOKLYN,"(40.7194921, -73.9559415)",trafficstat,True,False,False,False,False,False,False,False,False,,,,,,,
2026-07-02,00:00,40.7234039,-73.9340112,LOMBARDY ST,11222,94,UNKNOWN,Street,2.9401524945923736,False,BROOKLYN,"(40.7234039, -73.9340112)",trafficstat,False,False,False,False,False,False,False,False,False,,,,,,,
2026-07-02,00:00,40.7177056,-73.9366175,MORGAN AVE,11211,94,UNKNOWN,Street,41.02915088470345,False,BROOKLYN,"(40.7177056, -73.9366175)",trafficstat,False,False,False,False,False,False,False,False,False,,,,,,,
2026-07-02,00:00,40.7261514,-73.9388755,HAUSMAN ST,11222,94,UNKNOWN,Street,0.010765257135319763,False,BROOKLYN,"(40.7261514, -73.9388755)",trafficstat,False,False,False,False,False,False,False,False,False,,,,,,,
2026-07-01,00:00,40.7277543,-73.9292097,KOSCIUSZKO BRG,,94,UNKNOWN,Bridge,14.268984308273767,False,BROOKLYN,"(40.7277543, -73.9292097)",trafficstat,False,False,False,False,False,False,False,False,False,,,,,,,
2026-06-30,00:00,40.7191026,-73.9404113,KINGSLAND AVE,11211,94,UNKNOWN,Street,43.713518475846655,False,BROOKLYN,"(40.7191026, -73.9404113)",trafficstat,False,False,False,False,False,False,False,False,False,,,,,,,
2026-06-29,00:00,40.7202638,-73.943504,MEEKER AVE,11222,94,UNKNOWN,Street,38.0287863420211,False,BROOKLYN,"(40.7202638, -73.943504)",trafficstat,False,False,False,False,False,False,False,False,False,,,,,,,
2026-06-29,00:00,40.7292651,-73.9537338,MANHATTAN AVE,11222,94,OTHER,Street,30.611179909944845,False,BROOKLYN,"(40.7292651, -73.9537338)",trafficstat,True,False,False,True,False,False,False,False,False,,,,,,,
2026-06-29,00:00,40.7337397,-73.9548423,MANHATTAN AVE,11222,94,OTHER,Street,0.060069762533402994,False,BROOKLYN,"(40.7337397, -73.9548423)",trafficstat,False,False,False,False,False,False,False,False,False,,,,,,,
2026-06-29,00:00,40.731388,-73.94934,PROVOST ST,11222,94,OTHER,Street,0.5635873562558178,False,BROOKLYN,"(40.731388, -73.94934)",trafficstat,True,False,False,False,False,True,False,False,False,,,,,,,
2026-06-29,00:00,40.7294118,-73.9424172,KINGSLAND AVE,11222,94,UNKNOWN,Street,42.01366679239864,False,BROOKLYN,"(40.7294118, -73.9424172)",trafficstat,False,False,False,False,False,False,False,False,False,,,,,,,
2026-06-28,00:00,40.7225926,-73.9412792,KINGSLAND AVE,11222,94,UNKNOWN,Street,37.7384147780067,False,BROOKLYN,"(40.7225926, -73.9412792)",trafficstat,True,False,False,True,False,False,False,False,False,,,,,,,
2026-06-27,00:00,40.7160974,-73.9505486,BROOKLYN QUEENS EXPY,11211,94,UNKNOWN,Highway,3.4429020107118777,False,BROOKLYN,"(40.7160974, -73.9505486)",trafficstat,False,False,False,False,False,False,False,False,False,,,,,,,
2026-06-26,00:00,40.7207623,-73.940698,KINGSLAND AVE,11222,94,UNKNOWN,Street,40.79663255645903,False,BROOKLYN,"(40.7207623, -73.940698)",trafficstat,False,False,False,False,False,False,False,False,False,,,,,,,
2026-06-26,00:00,40.7219458,-73.955442,BERRY ST,11249,94,UNKNOWN,Street,2.5930254015314422,False,BROOKLYN,"(40.7219458, -73.955442)",trafficstat,False,False,False,False,False,False,False,False,False,,,,,,,
2026-06-25,00:00,40.7289304,-73.9572874,FRANKLIN ST,11222,94,OTHER,Street,41.50241724033478,False,BROOKLYN,"(40.7289304, -73.9572874)",trafficstat,True,False,False,True,False,False,False,False,False,,,,,,,
2026-06-25,00:00,40.7289304,-73.9572874,FRANKLIN ST,11222,94,UNKNOWN,Street,41.50241724033478,False,BROOKLYN,"(40.7289304, -73.9572874)",trafficstat,True,False,False,True,False,False,False,False,False,,,,,,,
2026-06-25,00:00,40.7266053,-73.9520991,MANHATTAN AVE,11222,94,OTHER,Street,76.4450762072641,False,BROOKLYN,"(40.7266053, -73.9520991)",trafficstat,False,False,False,False,False,False,False,False,False,,,,,,,
2026-06-25,00:00,40.7215835,-73.9471526,GRAHAM AVE,11222,94,UNKNOWN,Street,35.42024648118983,False,BROOKLYN,"(40.7215835, -73.9471526)",trafficstat,False,False,False,False,False,False,False,False,False,,,,,,,
2026-06-25,00:00,40.7192471,-73.9540621,DRIGGS AVE,11211,94,OTHER,Street,1.6149955204014197,False,BROOKLYN,"(40.7192471, -73.9540621)",trafficstat,False,False,False,False,False,False,False,False,False,,,,,,,
2026-06-23,00:00,40.7167664,-73.9633925,WYTHE AVE,11249,94,UNKNOWN,Street,1.7685009766339401,False,BROOKLYN,"(40.7167664, -73.9633925)",trafficstat,False,False,False,False,False,False,False,False,False,,,,,,,
2026-06-23,00:00,40.7301939,-73.9555953,GREENPOINT AVE,11222,94,OTHER,Street,42.132946267424856,False,BROOKLYN,"(40.7301939, -73.9555953)",trafficstat,True,False,False,False,False,False,False,False,True,,,,,,,
2026-06-21,00:00,40.726536,-73.95439,GUERNSEY ST,11222,94,UNKNOWN,Street,0.4134520898281618,False,BROOKLYN,"(40.726536, -73.95439)",trafficstat,False,False,False,False,False,False,False,False,False,,,,,,,
2026-06-20,00:00,40.7216,-73.95763,N  11 ST,11249,94,UNKNOWN,Street,35.259288877819515,False,BROOKLYN,"(40.7216, -73.95763)",trafficstat,False,False,False,False,False,False,False,False,False,,,,,,,
2026-06-20,00:00,40.7248736,-73.9534413,GUERNSEY ST,11222,94,UNKNOWN,Street,0.6039142036453412,False,BROOKLYN,"(40.7248736, -73.9534413)",trafficstat,False,False,False,False,False,False,False,False,False,,,,,,,
2026-06-18,00:00,40.7267833,-73.9369543,VAN DAM ST,11222,94,UNKNOWN,Street,35.377300161475674,False,BROOKLYN,"(40.7267833, -73.9369543)",trafficstat,False,False,False,False,False,False,False,False,False,,,,,,,
2026-06-18,00:00,40.7323776,-73.9581483,FRANKLIN ST,11222,94,UNKNOWN,Street,39.78220055015615,False,BROOKLYN,"(40.7323776, -73.9581483)",trafficstat,False,False,False,False,False,False,False,False,False,,,,,,,
2026-06-17,00:00,40.7317512,-73.945513,RUSSELL ST,11222,94,UNKNOWN,Street,0.3602255681172572,False,BROOKLYN,"(40.7317512, -73.945513)",trafficstat,True,False,False,True,False,False,False,False,False,,,,,,,
2026-06-17,00:00,40.7255106,-73.9511142,NORMAN AVE,11222,94,UNKNOWN,Street,46.69726363106894,False,BROOKLYN,"(40.7255106, -73.9511142)",trafficstat,False,False,False,False,False,False,False,False,False,,,,,,,
2026-06-16,00:00,40.7197409,-73.9458813,GRAHAM AVE,11222,94,UNKNOWN,Street,37.241663568268315,False,BROOKLYN,"(40.7197409, -73.9458813)",trafficstat,False,False,False,False,False,False,False,False,False,,,,,,,
2026-06-16,00:00,40.7365416,-73.9585958,BELL SLIP,11222,94,OTHER,Street,36.43363276093293,False,BROOKLYN,"(40.7365416, -73.9585958)",trafficstat,True,False,False,False,False,False,False,False,True,,,,,,,
2026-06-15,00:00,40.7150662,-73.9461867,MANHATTAN AVE,11211,94,UNKNOWN,Street,0.47927546454151637,False,BROOKLYN,"(40.7150662, -73.9461867)",trafficstat,True,False,False,False,False,False,False,True,False,,,,,,,
2026-06-14,00:00,40.7151451,-73.9480044,LEONARD ST,11211,94,UNKNOWN,Street,36.23109673174631,False,BROOKLYN,"(40.7151451, -73.9480044)",trafficstat,False,False,False,False,False,False,False,False,False,,,,,,,
2026-06-14,00:00,40.722933,-73.95332,NASSAU AVE,11222,94,UNKNOWN,Street,2.826246436094898,False,BROOKLYN,"(40.722933, -73.95332)",trafficstat,False,False,False,False,False,False,False,False,False,,,,,,,
2026-06-12,00:00,40.7208879,-73.9408681,KINGSLAND AVE,11222,94,UNKNOWN,Street,0.26547701118667416,False,BROOKLYN,"(40.7208879, -73.9408681)",trafficstat,False,False,False,False,False,False,False,False,False,,,,,,,
2026-06-12,00:00,40.7212031,-73.9392133,BEADEL ST,11222,94,UNKNOWN,Street,36.719341301907384,False,BROOKLYN,"(40.7212031, -73.9392133)",trafficstat,True,False,False,False,False,False,False,True,False,,,,,,,
2026-06-12,00:00,40.7198716,-73.9448531,BROOKLYN QUEENS EXPY,11222,94,UNKNOWN,Highway,1.0043772236203372,False,BROOKLYN,"(40.7198716, -73.9448531)",trafficstat,True,False,True,False,False,False,False,False,False,,,,,,,
2026-06-12,00:00,40.7276603,-73.9429438,MONITOR ST,11222,94,UNKNOWN,Street,0.2859312204234254,False,BROOKLYN,"(40.7276603, -73.9429438)",trafficstat,False,False,False,False,False,False,False,False,False,,,,,,,
2026-09-11,00:00,40.5759414,-73.9619711,BRIGHTON 5 ST,11235,60,UNKNOWN,Street,38.137858460879116,False,BROOKLYN,"(40.5759414, -73.9619711)",trafficstat,False,False,False,False,False,False,False,False,False,,,,,,,
2026-09-11,00:00,40.5835422,-73.9841751,BELT PKWY,11214,60,UNKNOWN,Highway,1.052586898058075,False,BROOKLYN,"(40.5835422, -73.9841751)",trafficstat,True,False,False,False,False,False,False,True,False,,,,,,,
2026-08-28,00:00,40.5835422,-73.9841751,BELT PKWY,11214,60,UNKNOWN,Highway,1.052586898058075,False,BROOKLYN,"(40.5835422, -73.9841751)",trafficstat,False,False,False,False,False,False,False,False,False,,,,,,,
2026-08-12,00:00,40.5835422,-73.9841751,BELT PKWY,11214,60,UNKNOWN,Highway,1.052586898058075,False,BROOKLYN,"(40.5835422, -73.9841751)",trafficstat,True,False,False,False,False,False,False,False,True,,,,,,,
2026-07-27,00:00,40.5835422,-73.9841751,BELT PKWY,11214,60,UNKNOWN,Highway,1.052586898058075,False,BROOKLYN,"(40.5835422, -73.9841751)",trafficstat,False,False,False,False,False,False,False,False,False,,,,,,,
2026-07-07,00:00,40.5835422,-73.9841751,BELT PKWY,11214,60,UNKNOWN,Highway,1.052586898058075,False,BROOKLYN,"(40.5835422, -73.9841751)",trafficstat,True,False,False,False,False,False,False,True,False,,,,,,,
2026-06-13,00:00,40.5835422,-73.9841751,BELT PKWY,11214,60,UNKNOWN,Highway,1.052586898058075,False,BROOKLYN,"(40.5835422, -73.9841751)",trafficstat,False,False,False,False,False,False,False,False,False,,,,,,,
2026-09-11,00:00,40.5879112,-73.967834,E  2 ST,11223,60,OTHER,Street,0.07501912420828624,False,BROOKLYN,"(40.5879112, -73.967834)",trafficstat,False,False,False,False,False,False,False,False,False,,,,,,,
2026-09-10,00:00,40.5871524,-73.9910999,SHORE PKWY,11214,60,UNKNOWN,Street,0.9001723962090739,False,BROOKLYN,"(40.5871524, -73.9910999)",trafficstat,False,False,False,False,False,False,False,False,False,,,,,,,
2026-06-26,00:00,40.5871524,-73.9910999,SHORE PKWY,11214,60,UNKNOWN,Street,0.9001723962090739,False,BROOKLYN,"(40.5871524, -73.9910999)",trafficstat,False,False,False,False,False,False,False,False,False,,,,,,,
2026-09-10,00:00,40.5845637,-73.9719326,W  3 ST,11223,60,UNKNOWN,Street,0.3619567980242196,False,BROOKLYN,"(40.5845637, -73.9719326)",trafficstat,True,False,True,False,False,False,False,False,False,,,,,,,
2026-09-02,00:00,40.5845637,-73.9719326,W  3 ST,11223,60,OTHER,Street,0.3619567980242196,False,BROOKLYN,"(40.5845637, -73.9719326)",trafficstat,False,False,False,False,False,False,False,False,False,,,,,,,
2026-09-10,00:00,40.5832839,-73.9822491,BELT PKWY,11224,60,UNKNOWN,Highway,1.3828676595274951,False,BROOKLYN,"(40.5832839, -73.9822491)",trafficstat,True,False,False,False,False,False,False,False,True,,,,,,,
2026-08-05,00:00,40.5832839,-73.9822491,BELT PKWY,11224,60,UNKNOWN,Highway,1.3828676595274951,False,BROOKLYN,"(40.5832839, -73.9822491)",trafficstat,True,False,False,False,False,False,False,False,True,,,,,,,
2026-08-01,00:00,40.5832839,-73.9822491,BELT PKWY,11224,60,UNKNOWN,Highway,1.3828676595274951,False,BROOKLYN,"(40.5832839, -73.9822491)",trafficstat,True,False,False,False,False,False,False,True,False,,,,,,,
2026-09-09,00:00,40.5752831,-73.9628162,BRIGHTON 4 ST,11235,60,UNKNOWN,Street,28.788948002198993,False,BROOKLYN,"(40.5752831, -73.9628162)",trafficstat,False,False,False,False,False,False,False,False,False,,,,,,,
2026-09-09,00:00,40.5924958,-73.9844344,STILLWELL AVE,11223,60,OTHER,Street,0.40372228504235325,False,BROOKLYN,"(40.5924958, -73.9844344)",trafficstat,True,False,False,False,False,False,False,False,False,,,,,,,
2026-09-08,00:00,40.6803917,-73.9943985,SMITH ST,11231,60,OTHER,Street,89.57701836728097,False,BROOKLYN,"(40.6803917, -73.9943985)",trafficstat,False,False,False,False,False,False,False,False,False,,,,,,,
2026-09-08,00:00,40.5897047,-73.9878091,HARWAY AVE,11214,60,UNKNOWN,Street,53.892620965102125,False,BROOKLYN,"(40.5897047, -73.9878091)",trafficstat,False,False,False,False,False,False,False,False,False,,,,,,,
2026-09-07,00:00,40.5836355,-73.9840634,BELT PKWY,11224,60,UNKNOWN,Highway,5.196387725280673,False,BROOKLYN,"(40.5836355, -73.9840634)",trafficstat,True,False,False,False,False,False,False,True,False,,,,,,,
2026-07-16,00:00,40.5836355,-73.9840634,BELT PKWY,11224,60,OTHER,Highway,5.196387725280673,False,BROOKLYN,"(40.5836355, -73.9840634)",trafficstat,True,False,False,False,False,False,False,True,False,,,,,,,
2026-09-07,00:00,40.5757288,-73.9836398,W  16 ST,11224,60,OTHER,Street,40.85324207101973,False,BROOKLYN,"(40.5757288, -73.9836398)",trafficstat,False,False,False,False,False,False,False,False,False,,,,,,,
2026-09-07,00:00,40.5770051,-74.0021598,W  36 ST,11224,60,UNKNOWN,Street,0.07909161543754753,False,BROOKLYN,"(40.5770051, -74.0021598)",trafficstat,False,False,False,False,False,False,False,False,False,,,,,,,
2026-09-07,00:00,40.5782345,-73.9915654,W  24 ST,11224,60,UNKNOWN,Street,0.4625375522730961,False,BROOKLYN,"(40.5782345, -73.9915654)",trafficstat,True,False,False,True,False,False,False,False,False,,,,,,,
2026-09-05,00:00,40.5836578,-73.9865461,BAY 52 ST,11214,60,UNKNOWN,Street,2.82816765925334,False,BROOKLYN,"(40.5836578, -73.9865461)",trafficstat,False,False,False,False,False,False,False,False,False,,,,,,,
2026-08-31,00:00,40.5836578,-73.9865461,BAY 52 ST,11214,60,OTHER,Street,2.82816765925334,False,BROOKLYN,"(40.5836578, -73.9865461)",trafficstat,False,False,False,False,False,False,False,False,False,,,,,,,
2026-08-06,00:00,40.5836578,-73.9865461,BAY 52 ST,11214,60,UNKNOWN,Street,2.82816765925334,False,BROOKLYN,"(40.5836578, -73.9865461)",trafficstat,False,False,False,False,False,False,False,False,False,,,,,,,
2026-08-01,00:00,40.5836578,-73.9865461,BAY 52 ST,11214,60,UNKNOWN,Street,2.82816765925334,False,BROOKLYN,"(40.5836578, -73.9865461)",trafficstat,False,False,False,False,False,False,False,False,False,,,,,,,
2026-06-12,00:00,40.5836578,-73.9865461,BAY 52 ST,11214,60,UNKNOWN,Street,2.82816765925334,False,BROOKLYN,"(40.5836578, -73.9865461)",trafficstat,False,False,False,False,False,False,False,False,False,,,,,,,
2026-09-04,00:00,40.5796923,-73.9735482,NEPTUNE AVE,11224,60,UNKNOWN,Street,55.46110142694514,False,BROOKLYN,"(40.5796923, -73.9735482)",trafficstat,False,False,False,False,False,False,False,False,False,,,,,,,
2026-09-04,00:00,40.583208,-73.9730291,BELT PKWY,11224,60,OTHER,Highway,4.133302509179743,False,BROOKLYN,"(40.583208, -73.9730291)",trafficstat,False,False,False,False,False,False,False,False,False,,,,,,,
2026-09-03,00:00,40.583208,-73.9730291,BELT PKWY,11224,60,UNKNOWN,Highway,4.133302509179743,False,BROOKLYN,"(40.583208, -73.9730291)",trafficstat,False,False,False,False,False,False,False,False,False,,,,,,,
2026-08-23,00:00,40.583208,-73.9730291,BELT PKWY,11224,60,OTHER,Highway,4.133302509179743,False,BROOKLYN,"(40.583208, -73.9730291)",trafficstat,True,False,False,False,False,False,False,False,True,,,,,,,
2026-09-04,00:00,40.5758,-73.961136,BRIGHTON 6 ST,11235,60,UNKNOWN,Street,0.08780822242146982,False,BROOKLYN,"(40.5758, -73.961136)",trafficstat,False,False,False,False,False,False,False,False,False,,,,,,,
2026-09-03,00:00,40.5765319,-73.9925483,W  25 ST,11224,60,UNKNOWN,Street,59.82884874359986,False,BROOKLYN,"(40.5765319, -73.9925483)",trafficstat,False,False,False,False,False,False,False,False,False,,,,,,,
2026-09-03,00:00,40.5841091,-73.9656519,BELT PKWY,11235,60,OTHER,Highway,5.09535095605566,False,BROOKLYN,"(40.5841091, -73.9656519)",trafficstat,False,False,False,False,False,False,False,False,False,,,,,,,
2026-09-03,00:00,40.5794435,-73.9796099,W  12 ST,11224,60,OTHER,Street,0.5597922971904093,False,BROOKLYN,"(40.5794435, -73.9796099)",trafficstat,True,False,True,False,False,False,False,False,False,,,,,,,
2026-09-02,00:00,40.5772134,-73.9632782,BRIGHTON 4 ST,11235,60,OTHER,Street,0.023876591327336275,False,BROOKLYN,"(40.5772134, -73.9632782)",trafficstat,False,False,False,False,False,False,False,False,False,,,,,,,
2026-08-29,00:00,40.5772134,-73.9632782,BRIGHTON 4 ST,11235,60,UNKNOWN,Street,0.023876591327336275,False,BROOKLYN,"(40.5772134, -73.9632782)",trafficstat,False,False,False,False,False,False,False,False,False,,,,,,,
2026-08-10,00:00,40.5772134,-73.9632782,BRIGHTON 4 ST,11235,60,OTHER,Street,0.023876591327336275,False,BROOKLYN,"(40.5772134, -73.9632782)",trafficstat,False,False,False,False,False,False,False,False,False,,,,,,,
2026-09-02,00:00,40.5829636,-73.9727664,BELT PARKWAY EXIT 7 EB,11214,60,UNKNOWN,Ramp,0.572344664739863,False,BROOKLYN,"(40.5829636, -73.9727664)",trafficstat,True,False,False,False,False,False,False,True,False,,,,,,,
2026-08-17,00:00,40.5829636,-73.9727664,BELT PARKWAY EXIT 7 EB,11214,60,UNKNOWN,Ramp,0.572344664739863,False,BROOKLYN,"(40.5829636, -73.9727664)",trafficstat,False,False,False,False,False,False,False,False,False,,,,,,,
2026-09-02,00:00,40.5860335,-73.9735525,AVE Z,11223,60,UNKNOWN,Street,60.90740150494149,False,BROOKLYN,"(40.5860335, -73.9735525)",trafficstat,False,False,False,False,False,False,False,False,False,,,,,,,
2026-09-01,00:00,40.5847833,-73.9625504,SHORE PKWY,11235,60,UNKNOWN,Street,3.0696967449398196,False,BROOKLYN,"(40.5847833, -73.9625504)",trafficstat,False,False,False,False,False,False,False,False,False,,,,,,,
2026-07-16,00:00,40.5847833,-73.9625504,SHORE PKWY,11235,60,UNKNOWN,Street,3.0696967449398196,False,BROOKLYN,"(40.5847833, -73.9625504)",trafficstat,True,False,False,True,False,False,False,False,False,,,,,,,
2026-07-11,00:00,40.5847833,-73.9625504,SHORE PKWY,11235,60,OTHER,Street,3.0696967449398196,False,BROOKLYN,"(40.5847833, -73.9625504)",trafficstat,True,False,False,True,False,False,False,False,False,,,,,,,
2026-09-01,00:00,40.5850989,-73.9873631,CROPSEY AVE,11214,60,UNKNOWN,Street,18.73047753074451,False,BROOKLYN,"(40.5850989, -73.9873631)",trafficstat,False,False,False,False,False,False,False,False,False,,,,,,,
2026-09-01,00:00,40.5797107,-73.9738221,NEPTUNE AVE,11224,60,OTHER,Street,54.55212548808225,False,BROOKLYN,"(40.5797107, -73.9738221)",trafficstat,False,False,False,False,False,False,False,False,False,,,,,,,
2026-08-31,00:00,40.5759397,-74.0101441,ATLANTIC AVE,11224,60,OTHER,Street,1.0270785707022412,False,BROOKLYN,"(40.5759397, -74.0101441)",trafficstat,False,False,False,False,False,False,False,False,False,,,,,,,
2026-08-31,00:00,40.5899975,-73.9790504,AVE X,11223,60,UNKNOWN,Street,150.6376253012955,False,BROOKLYN,"(40.5899975, -73.9790504)",trafficstat,True,False,False,False,False,False,True,False,False,,,,,,,
2026-08-30,00:00,40.5765185,-73.9762745,W  8 ST,11224,60,UNKNOWN,Street,43.55825337345121,False,BROOKLYN,"(40.5765185, -73.9762745)",trafficstat,False,False,False,False,False,False,False,False,False,,,,,,,
2026-06-28,00:00,40.5765185,-73.9762745,W  8 ST,11224,60,OTHER,Street,43.55825337345121,False,BROOKLYN,"(40.5765185, -73.9762745)",trafficstat,False,False,False,False,False,False,False,False,False,,,,,,,
2026-08-30,00:00,40.5828488,-73.9745687,BELT PKWY,11224,60,OTHER,Highway,20.082736802438337,False,BROOKLYN,"(40.5828488, -73.9745687)",trafficstat,False,False,False,False,False,False,False,False,False,,,,,,,
2026-08-29,00:00,40.5878373,-73.9739978,AVE Y,11223,60,UNKNOWN,Street,53.13889274461987,False,BROOKLYN,"(40.5878373, -73.9739978)",trafficstat,True,False,True,False,False,False,False,False,False,,,,,,,
2026-08-28,00:00,40.5776108,-73.961442,BRIGHTON 6 ST,11235,60,UNKNOWN,Street,0.16215997217917263,False,BROOKLYN,"(40.5776108, -73.961442)",trafficstat,False,False,False,False,False,False,False,False,False,,,,,,,
2026-08-28,00:00,40.5784813,-73.9998634,W  33 ST,11224,60,OTHER,Street,106.77851279350314,False,BROOKLYN,"(40.5784813, -73.9998634)",trafficstat,False,False,False,False,False,False,False,False,False,,,,,,,
2026-07-31,00:00,40.5784813,-73.9998634,W  33 ST,11224,60,UNKNOWN,Street,106.77851279350314,False,BROOKLYN,"(40.5784813, -73.9998634)",trafficstat,False,False,False,False,False,False,False,False,False,,,,,,,
2026-08-27,00:00,40.5763923,-73.9868932,W  20 ST,11224,60,OTHER,Street,0.14356864283328682,False,BROOKLYN,"(40.5763923, -73.9868932)",trafficstat,False,False,False,False,False,False,False,False,False,,,,,,,
2026-08-17,00:00,40.5763923,-73.9868932,W  20 ST,11224,60,OTHER,Street,0.14356864283328682,False,BROOKLYN,"(40.5763923, -73.9868932)",trafficstat,True,False,True,False,False,False,False,False,False,,,,,,,
2026-06-14,00:00,40.5763923,-73.9868932,W  20 ST,11224,60,UNKNOWN,Street,0.14356864283328682,False,BROOKLYN,"(40.5763923, -73.9868932)",trafficstat,True,False,False,False,False,False,False,False,True,,,,,,,
2026-08-27,00:00,40.5829844,-73.9804203,BELT PKWY,11224,60,OTHER,Highway,1.6611317210533503,False,BROOKLYN,"(40.5829844, -73.9804203)",trafficstat,False,False,False,False,False,False,False,False,False,,,,,,,
2026-08-27,00:00,40.5791996,-73.9819391,STILLWELL AVE,11224,60,UNKNOWN,Street,0.22725313024534957,False,BROOKLYN,"(40.5791996, -73.9819391)",trafficstat,True,False,True,False,False,False,False,False,False,,,,,,,
2026-08-25,00:00,40.5791996,-73.9819391,STILLWELL AVE,11224,60,UNKNOWN,Street,0.22725313024534957,False,BROOKLYN,"(40.5791996, -73.9819391)",trafficstat,False,False,False,False,False,False,False,False,False,,,,,,,
2026-08-27,00:00,40.5841469,-73.9638518,BELT PKWY,11235,60,OTHER,Highway,6.012335176916566,False,BROOKLYN,"(40.5841469, -73.9638518)",trafficstat,True,False,False,False,False,False,False,False,True,,,,,,,
2026-06-27,00:00,40.5841469,-73.9638518,BELT PKWY,11235,60,UNKNOWN,Highway,6.012335176916566,False,BROOKLYN,"(40.5841469, -73.9638518)",trafficstat,False,False,False,False,False,False,False,False,False,,,,,,,
2026-06-24,00:00,40.5841469,-73.9638518,BELT PKWY,11235,60,OTHER,Highway,6.012335176916566,False,BROOKLYN,"(40.5841469, -73.9638518)",trafficstat,False,False,False,False,False,False,False,False,False,,,,,,,
2026-08-26,00:00,40.5873336,-73.9917277,BELT PKWY,11214,60,UNKNOWN,Highway,0.9775237602256804,False,BROOKLYN,"(40.5873336, -73.9917277)",trafficstat,True,False,False,False,False,False,False,True,False,,,,,,,
2026-08-26,00:00,40.581958,-73.9599419,CONEY ISLAND AVE,11235,60,UNKNOWN,Street,0.4654131817830527,False,BROOKLYN,"(40.581958, -73.9599419)",trafficstat,False,False,False,False,False,False,False,False,False,,,,,,,
2026-07-18,00:00,40.581958,-73.9599419,CONEY ISLAND AVE,11235,60,OTHER,Street,0.4654131817830527,False,BROOKLYN,"(40.581958, -73.9599419)",trafficstat,False,False,False,False,False,False,False,False,False,,,,,,,
2026-08-26,00:00,40.5802396,-73.9858695,CROPSEY AVE,11224,60,UNKNOWN,Street,81.58869199541262,False,BROOKLYN,"(40.5802396, -73.9858695)",trafficstat,True,False,False,False,False,False,False,True,False,,,,,,,