crash_date,crash_time,latitude,longitude,on_street_name,zip_code,precinct,collision_type,roadway_type,geocode_dist_feet,time_is_known,borough,location,source,injury,fatality,injured_pedestrian,injured_cyclist,injured_ebike_rider,injured_motorcyclist,injured_moped_rider,injured_car_occupant,injured_suv_occupant,number_of_persons_injured,number_of_persons_killed,contributing_factor_vehicle_1,collision_id,cross_street_name,off_street_name,vehicle_type_code1
2026-08-26,00:00,40.5761592,-73.9890171,W  22 ST,11224,60,UNKNOWN,Street,0.470298222266642,False,BROOKLYN,"(40.5761592, -73.9890171)",trafficstat,True,False,False,True,False,False,False,False,False,,,,,,,
2026-08-23,00:00,40.5732282,-73.9859312,BOARDWALK  W,11224,60,OTHER,Boardwalk,254.89506371426666,False,BROOKLYN,"(40.5732282, -73.9859312)",trafficstat,False,False,False,False,False,False,False,False,False,,,,,,,
2026-08-23,00:00,40.5796277,-73.9750951,W  6 ST,11224,60,UNKNOWN,Street,55.90565465823089,False,BROOKLYN,"(40.5796277, -73.9750951)",trafficstat,False,False,False,False,False,False,False,False,False,,,,,,,
2026-06-12,00:00,40.5796277,-73.9750951,W  6 ST,11224,60,OTHER,Street,55.90565465823089,False,BROOKLYN,"(40.5796277, -73.9750951)",trafficstat,True,False,True,False,False,False,False,False,False,,,,,,,
2026-08-23,00:00,40.5803512,-73.9669195,NEPTUNE AVE,11235,60,UNKNOWN,Street,53.08597462477195,False,BROOKLYN,"(40.5803512, -73.9669195)",trafficstat,True,False,False,False,False,False,False,True,False,,,,,,,
2026-08-23,00:00,40.5884809,-73.9918666,SHORE PKWY,11214,60,UNKNOWN,Street,1.1281810358329725,False,BROOKLYN,"(40.5884809, -73.9918666)",trafficstat,False,False,False,False,False,False,False,False,False,,,,,,,
2026-07-10,00:00,40.5884809,-73.9918666,SHORE PKWY,11214,60,OTHER,Street,1.1281810358329725,False,BROOKLYN,"(40.5884809, -73.9918666)",trafficstat,False,False,False,False,False,False,False,False,False,,,,,,,
2026-06-29,00:00,40.5884809,-73.9918666,SHORE PKWY,11214,60,UNKNOWN,Street,1.1281810358329725,False,BROOKLYN,"(40.5884809, -73.9918666)",trafficstat,True,False,False,False,False,True,False,False,False,,,,,,,
2026-08-22,00:00,40.585335,-73.9874782,SHORE PKWY,11214,60,UNKNOWN,Street,2.322972696345874,False,BROOKLYN,"(40.585335, -73.9874782)",trafficstat,False,False,False,False,False,False,False,False,False,,,,,,,
2026-08-01,00:00,40.585335,-73.9874782,SHORE PKWY,11214,60,OTHER,Street,2.322972696345874,False,BROOKLYN,"(40.585335, -73.9874782)",trafficstat,True,False,False,False,False,False,False,False,True,,,,,,,
2026-07-14,00:00,40.585335,-73.9874782,SHORE PKWY,11214,60,UNKNOWN,Street,2.322972696345874,False,BROOKLYN,"(40.585335, -73.9874782)",trafficstat,False,False,False,False,False,False,False,False,False,,,,,,,
2026-08-22,00:00,40.5861006,-73.9712767,W  2 ST,11223,60,UNKNOWN,Street,0.030747745939923365,False,BROOKLYN,"(40.5861006, -73.9712767)",trafficstat,True,False,False,False,False,True,False,False,False,,,,,,,
2026-08-21,00:00,40.580703,-73.9569935,BRIGHTON 11 ST,11235,60,UNKNOWN,Street,46.30054150245926,False,BROOKLYN,"(40.580703, -73.9569935)",trafficstat,False,False,False,False,False,False,False,False,False,,,,,,,
2026-08-20,00:00,40.5798271,-73.9762114,NEPTUNE AVE,11224,60,UNKNOWN,Street,1.3267700568575587,False,BROOKLYN,"(40.5798271, -73.9762114)",trafficstat,False,False,False,False,False,False,False,False,False,,,,,,,
2026-08-19,00:00,40.5798271,-73.9762114,NEPTUNE AVE,11224,60,UNKNOWN,Street,1.3267700568575587,False,BROOKLYN,"(40.5798271, -73.9762114)",trafficstat,False,False,False,False,False,False,False,False,False,,,,,,,
2026-07-25,00:00,40.5798271,-73.9762114,NEPTUNE AVE,11224,60,UNKNOWN,Street,1.3267700568575587,False,BROOKLYN,"(40.5798271, -73.9762114)",trafficstat,True,False,False,False,False,False,False,True,True,,,,,,,
2026-07-05,00:00,40.5798271,-73.9762114,NEPTUNE AVE,11224,60,UNKNOWN,Street,1.3267700568575587,False,BROOKLYN,"(40.5798271, -73.9762114)",trafficstat,True,False,False,True,False,False,False,False,False,,,,,,,
2026-08-20,00:00,40.5795708,-73.9622041,BRIGHTON 6 ST,11235,60,UNKNOWN,Street,0.9496972269315006,False,BROOKLYN,"(40.5795708, -73.9622041)",trafficstat,True,False,False,False,False,False,False,False,True,,,,,,,
2026-08-20,00:00,40.5833519,-73.9669181,OCEAN PKWY,11235,60,OTHER,Street,0.8579012176648545,False,BROOKLYN,"(40.5833519, -73.9669181)",trafficstat,True,False,False,False,False,False,False,True,False,,,,,,,
2026-08-12,00:00,40.5833519,-73.9669181,OCEAN PKWY,11235,60,UNKNOWN,Street,0.8579012176648545,False,BROOKLYN,"(40.5833519, -73.9669181)",trafficstat,True,False,False,False,False,False,False,True,False,,,,,,,
2026-08-08,00:00,40.5833519,-73.9669181,OCEAN PKWY,11235,60,UNKNOWN,Street,0.8579012176648545,False,BROOKLYN,"(40.5833519, -73.9669181)",trafficstat,True,False,False,False,False,False,False,True,True,,,,,,,
2026-07-15,00:00,40.5833519,-73.9669181,OCEAN PKWY,11235,60,OTHER,Street,0.8579012176648545,False,BROOKLYN,"(40.5833519, -73.9669181)",trafficstat,False,False,False,False,False,False,False,False,False,,,,,,,
2026-06-16,00:00,40.5833519,-73.9669181,OCEAN PKWY,11235,60,UNKNOWN,Street,0.8579012176648545,False,BROOKLYN,"(40.5833519, -73.9669181)",trafficstat,True,False,False,False,False,False,False,False,True,,,,,,,
2026-08-19,00:00,40.5784786,-73.9894559,W  22 ST,11224,60,OTHER,Street,0.0073483364073357,False,BROOKLYN,"(40.5784786, -73.9894559)",trafficstat,True,False,True,False,False,False,False,False,False,,,,,,,
2026-08-18,00:00,40.577244,-74.0000323,W  33 ST,11224,60,OTHER,Street,0.2881625895923127,False,BROOKLYN,"(40.577244, -74.0000323)",trafficstat,True,False,False,False,False,False,True,False,False,,,,,,,
2026-08-18,00:00,40.5755681,-73.9812165,STILLWELL AVE,11224,60,UNKNOWN,Street,0.25181560154940386,False,BROOKLYN,"(40.5755681, -73.9812165)",trafficstat,True,False,False,False,False,False,True,False,False,,,,,,,
2026-06-26,00:00,40.5755681,-73.9812165,STILLWELL AVE,11224,60,OTHER,Street,0.25181560154940386,False,BROOKLYN,"(40.5755681, -73.9812165)",trafficstat,True,False,False,True,False,False,False,False,False,,,,,,,
2026-08-18,00:00,40.5826897,-73.9657906,BRIGHTON 3 ST,11235,60,OTHER,Street,80.84961941192472,False,BROOKLYN,"(40.5826897, -73.9657906)",trafficstat,False,False,False,False,False,False,False,False,False,,,,,,,
2026-08-18,00:00,40.5838164,-73.9693747,BELT PKWY,11235,60,UNKNOWN,Highway,0.8644688227289415,False,BROOKLYN,"(40.5838164, -73.9693747)",trafficstat,False,False,False,False,False,False,False,False,False,,,,,,,
2026-06-22,00:00,40.5838164,-73.9693747,BELT PKWY,11235,60,UNKNOWN,Highway,0.8644688227289415,False,BROOKLYN,"(40.5838164, -73.9693747)",trafficstat,True,False,False,False,False,False,False,False,True,,,,,,,
2026-08-18,00:00,40.5835397,-73.9712109,BELT PKWY,11235,60,UNKNOWN,Highway,1.8558933956668457,False,BROOKLYN,"(40.5835397, -73.9712109)",trafficstat,False,False,False,False,False,False,False,False,False,,,,,,,
2026-08-17,00:00,40.5842622,-73.9637906,BELT PKWY,11235,60,OTHER,Highway,1.5787319582052302,False,BROOKLYN,"(40.5842622, -73.9637906)",trafficstat,False,False,False,False,False,False,False,False,False,,,,,,,
2026-06-13,00:00,40.5842622,-73.9637906,BELT PKWY,11235,60,UNKNOWN,Highway,1.5787319582052302,False,BROOKLYN,"(40.5842622, -73.9637906)",trafficstat,False,False,False,False,False,False,False,False,False,,,,,,,
2026-08-17,00:00,40.5874104,-73.9916089,BELT PKWY,11214,60,UNKNOWN,Highway,1.9620045808447735,False,BROOKLYN,"(40.5874104, -73.9916089)",trafficstat,True,False,False,False,False,False,False,False,True,,,,,,,
2026-08-17,00:00,40.5912308,-73.9841393,AVE W,11223,60,OTHER,Street,17.830657564785053,False,BROOKLYN,"(40.5912308, -73.9841393)",trafficstat,True,False,True,False,False,False,False,False,False,,,,,,,
2026-08-17,00:00,40.5766968,-73.9816624,STILLWELL AVE,11224,60,UNKNOWN,Street,46.194667851278105,False,BROOKLYN,"(40.5766968, -73.9816624)",trafficstat,True,False,True,False,False,False,False,False,False,,,,,,,
2026-08-16,00:00,40.5747685,-73.9847834,SURF AVE,11224,60,OTHER,Street,180.734760827006,False,BROOKLYN,"(40.5747685, -73.9847834)",trafficstat,False,False,False,False,False,False,False,False,False,,,,,,,
2026-08-16,00:00,40.5888878,-73.9656408,OCEAN PKWY,11235,60,UNKNOWN,Street,0.8599083504556113,False,BROOKLYN,"(40.5888878, -73.9656408)",trafficstat,False,False,False,False,False,False,False,False,False,,,,,,,
2026-08-16,00:00,40.5866701,-73.9661496,OCEAN PKWY,11235,60,OTHER,Street,0.9653246504231809,False,BROOKLYN,"(40.5866701, -73.9661496)",trafficstat,False,False,False,False,False,False,False,False,False,,,,,,,
2026-08-15,00:00,40.5866701,-73.9661496,OCEAN PKWY,11235,60,OTHER,Street,0.9653246504231809,False,BROOKLYN,"(40.5866701, -73.9661496)",trafficstat,True,False,False,False,False,True,False,False,False,,,,,,,
2026-08-04,00:00,40.5866701,-73.9661496,OCEAN PKWY,11235,60,UNKNOWN,Street,0.9653246504231809,False,BROOKLYN,"(40.5866701, -73.9661496)",trafficstat,True,False,False,False,False,False,False,True,True,,,,,,,
2026-08-15,00:00,40.5848731,-73.9691459,WEST ST,11223,60,UNKNOWN,Street,0.19500453927847514,False,BROOKLYN,"(40.5848731, -73.9691459)",trafficstat,True,False,False,False,True,False,False,False,False,,,,,,,
2026-08-15,00:00,40.573708,-73.990715,W  24 ST,11224,60,UNKNOWN,Street,0.5278053264312038,False,BROOKLYN,"(40.573708, -73.990715)",trafficstat,True,False,False,False,False,False,False,True,False,,,,,,,
2026-08-15,00:00,40.5755571,-73.9788584,SURF AVE,11224,60,UNKNOWN,Street,17.88046300128851,False,BROOKLYN,"(40.5755571, -73.9788584)",trafficstat,False,False,False,False,False,False,False,False,False,,,,,,,
2026-08-15,00:00,40.575302,-73.98452,SURF AVE,11224,60,UNKNOWN,Street,3.58215945437067,False,BROOKLYN,"(40.575302, -73.98452)",trafficstat,True,False,False,True,False,False,False,False,False,,,,,,,
2026-08-14,00:00,40.5811937,-73.9833435,W  15 ST,11224,60,OTHER,Street,35.576749820687056,False,BROOKLYN,"(40.5811937, -73.9833435)",trafficstat,True,False,False,False,False,False,False,True,False,,,,,,,
2026-08-13,00:00,40.581062,-74.0007056,W  33 ST,11224,60,UNKNOWN,Street,0.013773406336430111,False,BROOKLYN,"(40.581062, -74.0007056)",trafficstat,False,False,False,False,False,False,False,False,False,,,,,,,
2026-08-12,00:00,40.5827391,-73.9749338,BELT PKWY,11224,60,UNKNOWN,Highway,0.990809639122184,False,BROOKLYN,"(40.5827391, -73.9749338)",trafficstat,False,False,False,False,False,False,False,False,False,,,,,,,
2026-07-22,00:00,40.5827391,-73.9749338,BELT PKWY,11224,60,UNKNOWN,Highway,0.990809639122184,False,BROOKLYN,"(40.5827391, -73.9749338)",trafficstat,False,False,False,False,False,False,False,False,False,,,,,,,
2026-08-12,00:00,40.5754848,-73.9939384,MERMAID AVE,11224,60,UNKNOWN,Street,50.7687559850503,False,BROOKLYN,"(40.5754848, -73.9939384)",trafficstat,True,False,True,False,False,False,False,False,False,,,,,,,
2026-08-12,00:00,40.5824605,-73.9564762,NEPTUNE AVE,11235,60,UNKNOWN,Street,72.49834545710964,False,BROOKLYN,"(40.5824605, -73.9564762)",trafficstat,False,False,False,False,False,False,False,False,False,,,,,,,
2026-08-11,00:00,40.5883086,-73.9677488,E  2 ST,11223,60,OTHER,Street,43.98794998354079,False,BROOKLYN,"(40.5883086, -73.9677488)",trafficstat,True,False,True,False,False,False,False,False,False,,,,,,,
2026-08-11,00:00,40.5753037,-73.976591,SURF AVE,11224,60,UNKNOWN,Street,2.668401473465328,False,BROOKLYN,"(40.5753037, -73.976591)",trafficstat,False,False,False,False,False,False,False,False,False,,,,,,,
2026-07-17,00:00,40.5753037,-73.976591,SURF AVE,11224,60,UNKNOWN,Street,2.668401473465328,False,BROOKLYN,"(40.5753037, -73.976591)",trafficstat,True,False,False,False,False,True,False,False,False,,,,,,,
2026-08-11,00:00,40.5755376,-73.9796399,W  12 ST,11224,60,UNKNOWN,Street,0.018034167333306268,False,BROOKLYN,"(40.5755376, -73.9796399)",trafficstat,False,False,False,False,False,False,False,False,False,,,,,,,
2026-07-31,00:00,40.5755376,-73.9796399,W  12 ST,11224,60,UNKNOWN,Street,0.018034167333306268,False,BROOKLYN,"(40.5755376, -73.9796399)",trafficstat,True,False,False,False,False,False,True,False,False,,,,,,,
2026-07-14,00:00,40.5755376,-73.9796399,W  12 ST,11224,60,OTHER,Street,0.018034167333306268,False,BROOKLYN,"(40.5755376, -73.9796399)",trafficstat,True,False,True,False,False,False,False,False,False,,,,,,,
2026-06-25,00:00,40.5755376,-73.9796399,W  12 ST,11224,60,OTHER,Street,0.018034167333306268,False,BROOKLYN,"(40.5755376, -73.9796399)",trafficstat,True,False,True,False,False,False,False,False,False,,,,,,,
2026-08-10,00:00,40.5755134,-73.9823973,W  15 ST,11224,60,UNKNOWN,Street,2.4010824500446866,False,BROOKLYN,"(40.5755134, -73.9823973)",trafficstat,False,False,False,False,False,False,False,False,False,,,,,,,
2026-08-10,00:00,40.5773853,-73.9595119,CONEY ISLAND AVE,11235,60,UNKNOWN,Street,21.15325762792275,False,BROOKLYN,"(40.5773853, -73.9595119)",trafficstat,False,False,False,False,False,False,False,False,False,,,,,,,
2026-08-09,00:00,40.5931741,-73.9830582,W  12 ST,11223,60,UNKNOWN,Street,135.83909351350752,False,BROOKLYN,"(40.5931741, -73.9830582)",trafficstat,False,False,False,False,False,False,False,False,False,,,,,,,
2026-08-07,00:00,40.574753,-74.00173,W  36 ST,11224,60,UNKNOWN,Street,1.239993628851251,False,BROOKLYN,"(40.574753, -74.00173)",trafficstat,True,False,False,False,False,False,False,True,False,,,,,,,
2026-08-07,00:00,40.5857521,-73.9892656,SHORE PKWY,11214,60,UNKNOWN,Street,49.70311215178452,False,BROOKLYN,"(40.5857521, -73.9892656)",trafficstat,False,False,False,False,False,False,False,False,False,,,,,,,
2026-08-06,00:00,40.5770188,-73.9641926,BRIGHTON 3 ST,11235,60,UNKNOWN,Street,0.47838633579392753,False,BROOKLYN,"(40.5770188, -73.9641926)",trafficstat,False,False,False,False,False,False,False,False,False,,,,,,,
2026-08-06,00:00,40.5910642,-73.9758365,VAN SICKLEN ST,11223,60,UNKNOWN,Street,3.2427410481416166,False,BROOKLYN,"(40.5910642, -73.9758365)",trafficstat,True,False,False,False,False,False,False,False,True,,,,,,,
2026-07-02,00:00,40.5910642,-73.9758365,VAN SICKLEN ST,11223,60,OTHER,Street,3.2427410481416166,False,BROOKLYN,"(40.5910642, -73.9758365)",trafficstat,False,False,False,False,False,False,False,False,False,,,,,,,
2026-08-05,00:00,40.5859745,-73.9879822,BAY 49 ST,11214,60,UNKNOWN,Street,3.0575778960870292,False,BROOKLYN,"(40.5859745, -73.9879822)",trafficstat,True,False,False,False,False,False,False,True,False,,,,,,,
2026-06-14,00:00,40.5859745,-73.9879822,BAY 49 ST,11214,60,UNKNOWN,Street,3.0575778960870292,False,BROOKLYN,"(40.5859745, -73.9879822)",trafficstat,False,False,False,False,False,False,False,False,False,,,,,,,
2026-08-05,00:00,40.5839998,-73.9675169,BELT PKWY,11235,60,OTHER,Highway,6.274135208678866,False,BROOKLYN,"(40.5839998, -73.9675169)",trafficstat,True,False,False,False,False,False,False,True,True,,,,,,,
2026-07-28,00:00,40.5839998,-73.9675169,BELT PKWY,11235,60,UNKNOWN,Highway,6.274135208678866,False,BROOKLYN,"(40.5839998, -73.9675169)",trafficstat,False,False,False,False,False,False,False,False,False,,,,,,,
2026-08-05,00:00,40.5788241,-73.9862735,W  19 ST,11224,60,OTHER,Street,0.42695117988446074,False,BROOKLYN,"(40.5788241, -73.9862735)",trafficstat,True,False,False,True,False,False,False,False,False,,,,,,,
2026-08-05,00:00,40.5749577,-73.990283,W  23 ST,11224,60,OTHER,Street,114.14732234264245,False,BROOKLYN,"(40.5749577, -73.990283)",trafficstat,False,False,False,False,False,False,False,False,False,,,,,,,
2026-08-05,00:00,40.5806611,-73.956243,BRIGHTON 12 ST,11235,60,UNKNOWN,Street,29.87891729998211,False,BROOKLYN,"(40.5806611, -73.956243)",trafficstat,False,False,False,False,False,False,False,False,False,,,,,,,
2026-08-05,00:00,40.5798042,-73.9718338,W  5 ST,11224,60,UNKNOWN,Street,0.9876946511741885,False,BROOKLYN,"(40.5798042, -73.9718338)",trafficstat,False,False,False,False,False,False,False,False,False,,,,,,,
2026-08-05,00:00,40.5789366,-73.9852115,W  17 ST,11224,60,UNKNOWN,Street,0.3383050868300704,False,BROOKLYN,"(40.5789366, -73.9852115)",trafficstat,True,False,False,False,False,False,False,True,False,,,,,,,
2026-07-13,00:00,40.5789366,-73.9852115,W  17 ST,11224,60,UNKNOWN,Street,0.3383050868300704,False,BROOKLYN,"(40.5789366, -73.9852115)",trafficstat,True,False,False,False,False,False,False,False,False,,,,,,,
2026-08-04,00:00,40.5838196,-73.9708457,BELT PARKWAY WB EN W 2 ST,11214,60,OTHER,Ramp,3.1534823337606217,False,BROOKLYN,"(40.5838196, -73.9708457)",trafficstat,True,False,False,False,False,False,False,False,True,,,,,,,
2026-06-25,00:00,40.5838196,-73.9708457,BELT PARKWAY WB EN W 2 ST,11214,60,UNKNOWN,Ramp,3.1534823337606217,False,BROOKLYN,"(40.5838196, -73.9708457)",trafficstat,True,False,False,False,False,False,False,False,True,,,,,,,
2026-08-02,00:00,40.5824661,-73.9581913,NEPTUNE AVE,11235,60,UNKNOWN,Street,45.25096458996019,False,BROOKLYN,"(40.5824661, -73.9581913)",trafficstat,True,False,False,False,False,False,False,True,False,,,,,,,
2026-08-02,00:00,40.5754147,-73.9834232,W  16 ST,11224,60,UNKNOWN,Street,0.32802963852483946,False,BROOKLYN,"(40.5754147, -73.9834232)",trafficstat,True,False,False,False,False,False,False,False,False,,,,,,,
2026-07-31,00:00,40.5781407,-73.9634822,BRIGHTON 4 ST,11235,60,OTHER,Street,36.67493356453464,False,BROOKLYN,"(40.5781407, -73.9634822)",trafficstat,False,False,False,False,False,False,False,False,False,,,,,,,
2026-07-31,00:00,40.5830653,-73.9731084,BELT PKWY,11235,60,UNKNOWN,Highway,3.464425927458878,False,BROOKLYN,"(40.5830653, -73.9731084)",trafficstat,True,False,False,False,False,False,False,False,True,,,,,,,
2026-07-03,00:00,40.5830653,-73.9731084,BELT PKWY,11235,60,UNKNOWN,Highway,3.464425927458878,False,BROOKLYN,"(40.5830653, -73.9731084)",trafficstat,True,False,False,False,False,False,False,False,True,,,,,,,
2026-06-27,00:00,40.5830653,-73.9731084,BELT PKWY,11235,60,UNKNOWN,Highway,3.464425927458878,False,BROOKLYN,"(40.5830653, -73.9731084)",trafficstat,False,False,False,False,False,False,False,False,False,,,,,,,
2026-07-30,00:00,40.5918604,-73.981674,W  11 ST,11223,60,UNKNOWN,Street,76.90382910183641,False,BROOKLYN,"(40.5918604, -73.981674)",trafficstat,False,False,False,False,False,False,False,False,False,,,,,,,
2026-07-29,00:00,40.5928133,-73.9787632,W  8 ST,11223,60,OTHER,Street,3.025869560425667,False,BROOKLYN,"(40.5928133, -73.9787632)",trafficstat,False,False,False,False,False,False,False,False,False,,,,,,,
2026-07-29,00:00,40.585282,-73.9714121,W  2 ST,11223,60,UNKNOWN,Street,79.69654402715953,False,BROOKLYN,"(40.585282, -73.9714121)",trafficstat,False,False,False,False,False,False,False,False,False,,,,,,,
2026-07-28,00:00,40.5827603,-73.9596667,GUIDER AVE,11235,60,OTHER,Street,90.24738518200866,False,BROOKLYN,"(40.5827603, -73.9596667)",trafficstat,True,False,True,False,False,False,False,False,False,,,,,,,
2026-07-27,00:00,40.5803794,-73.9676,OCEAN PKWY,11235,60,UNKNOWN,Street,0.44769476081126497,False,BROOKLYN,"(40.5803794, -73.9676)",trafficstat,False,False,False,False,False,False,False,False,False,,,,,,,
2026-07-27,00:00,40.5758271,-73.9844869,W  17 ST,11224,60,UNKNOWN,Street,36.43603032422213,False,BROOKLYN,"(40.5758271, -73.9844869)",trafficstat,False,False,False,False,False,False,False,False,False,,,,,,,
2026-07-27,00:00,40.5748023,-73.9810512,STILLWELL AVE,11224,60,OTHER,Street,0.47727809732880583,False,BROOKLYN,"(40.5748023, -73.9810512)",trafficstat,False,False,False,False,False,False,False,False,False,,,,,,,
2026-07-27,00:00,40.5895844,-73.9933102,SHORE PKWY,11214,60,OTHER,Street,1.0793500124275588,False,BROOKLYN,"(40.5895844, -73.9933102)",trafficstat,False,False,False,False,False,False,False,False,False,,,,,,,
2026-07-26,00:00,40.58343,-73.97308,SHORE PKWY,11223,60,UNKNOWN,Street,3.2481051490578943,False,BROOKLYN,"(40.58343, -73.97308)",trafficstat,True,False,False,False,False,False,False,False,True,,,,,,,
2026-07-26,00:00,40.5788642,-74.0024686,CANAL AVE,11224,60,UNKNOWN,Street,61.49084234362146,False,BROOKLYN,"(40.5788642, -74.0024686)",trafficstat,False,False,False,False,False,False,False,False,False,,,,,,,
2026-07-25,00:00,40.573055,-73.98079,BOARDWALK  W,11235,60,UNKNOWN,Boardwalk,2.35513037577749,False,BROOKLYN,"(40.573055, -73.98079)",trafficstat,True,False,True,False,False,False,False,False,False,,,,,,,
2026-07-24,00:00,40.5779154,-73.981896,STILLWELL AVE,11224,60,UNKNOWN,Street,48.131728314770456,False,BROOKLYN,"(40.5779154, -73.981896)",trafficstat,True,False,False,False,True,False,False,False,False,,,,,,,
2026-07-22,00:00,40.5769817,-73.9815653,STILLWELL AVE,11224,60,UNKNOWN,Street,0.6497575776460656,False,BROOKLYN,"(40.5769817, -73.9815653)",trafficstat,False,False,False,False,False,False,False,False,False,,,,,,,
2026-06-12,00:00,40.5769817,-73.9815653,STILLWELL AVE,11224,60,OTHER,Street,0.6497575776460656,False,BROOKLYN,"(40.5769817, -73.9815653)",trafficstat,False,False,False,False,False,False,False,False,False,,,,,,,
2026-07-21,00:00,40.5785769,-73.9827628,W  15 ST,11224,60,OTHER,Street,58.45797969837042,False,BROOKLYN,"(40.5785769, -73.9827628)",trafficstat,True,False,True,False,False,False,False,False,False,,,,,,,
2026-07-21,00:00,40.577819,-73.9624084,BRIGHTON 5 ST,11235,60,UNKNOWN,Street,28.819185972231708,False,BROOKLYN,"(40.577819, -73.9624084)",trafficstat,False,False,False,False,False,False,False,False,False,,,,,,,
2026-07-21,00:00,40.576385,-73.96717,BRIGHTON BEACH AVE,11235,60,UNKNOWN,Street,3.5291843635369196,False,BROOKLYN,"(40.576385, -73.96717)",trafficstat,False,False,False,False,False,False,False,False,False,,,,,,,
2026-07-21,00:00,40.5870177,-73.9629703,HUBBARD ST,11235,60,OTHER,Street,0.4419080700670253,False,BROOKLYN,"(40.5870177, -73.9629703)",trafficstat,True,False,False,True,False,False,False,False,False,,,,,,,
2026-07-19,00:00,40.5777433,-73.9560638,BRIGHTON BEACH AVE,11235,60,UNKNOWN,Street,2.915573770704583,False,BROOKLYN,"(40.5777433, -73.9560638)",trafficstat,False,False,False,False,False,False,False,False,False,,,,,,,
2026-07-18,00:00,40.5809605,-73.9646513,BRIGHTON 4 ST,11235,60,OTHER,Street,0.13376875880061212,False,BROOKLYN,"(40.5809605, -73.9646513)",trafficstat,True,False,False,False,False,False,True,False,False,,,,,,,
2026-07-17,00:00,40.5822716,-73.986118,BAY 54 ST,11214,60,UNKNOWN,Street,3.482800671755656,False,BROOKLYN,"(40.5822716, -73.986118)",trafficstat,True,False,False,True,False,False,False,False,False,,,,,,,
2026-06-27,00:00,40.5822716,-73.986118,BAY 54 ST,11214,60,UNKNOWN,Street,3.482800671755656,False,BROOKLYN,"(40.5822716, -73.986118)",trafficstat,False,False,False,False,False,False,False,False,False,,,,,,,
2026-07-17,00:00,40.5763037,-73.9685307,OCEAN PKWY,11235,60,UNKNOWN,Street,1.3875363063378154,False,BROOKLYN,"(40.5763037, -73.9685307)",trafficstat,True,False,True,False,False,False,False,False,False,,,,,,,
2026-07-17,00:00,40.5774107,-73.9623637,BRIGHTON 5 ST,11235,60,OTHER,Street,0.13496027121302206,False,BROOKLYN,"(40.5774107, -73.9623637)",trafficstat,True,False,False,False,False,False,False,False,True,,,,,,,
2026-06-23,00:00,40.5774107,-73.9623637,BRIGHTON 5 ST,11235,60,UNKNOWN,Street,0.13496027121302206,False,BROOKLYN,"(40.5774107, -73.9623637)",trafficstat,False,False,False,False,False,False,False,False,False,,,,,,,
2026-06-13,00:00,40.5774107,-73.9623637,BRIGHTON 5 ST,11235,60,OTHER,Street,0.13496027121302206,False,BROOKLYN,"(40.5774107, -73.9623637)",trafficstat,False,False,False,False,False,False,False,False,False,,,,,,,
2026-07-17,00:00,40.5731979,-73.9927719,W  27 ST,11224,60,UNKNOWN,Street,0.11630599487101083,False,BROOKLYN,"(40.5731979, -73.9927719)",trafficstat,True,False,False,False,False,False,False,False,True,,,,,,,
2026-07-17,00:00,40.5745946,-73.987635,W  21 ST,11224,60,UNKNOWN,Street,0.12238155104990017,False,BROOKLYN,"(40.5745946, -73.987635)",trafficstat,True,False,False,True,False,False,False,False,False,,,,,,,
2026-07-05,00:00,40.5745946,-73.987635,W  21 ST,11224,60,OTHER,Street,0.12238155104990017,False,BROOKLYN,"(40.5745946, -73.987635)",trafficstat,True,False,True,False,False,False,False,False,False,,,,,,,
2026-07-16,00:00,40.5728111,-73.999154,W  33 ST,11224,60,OTHER,Street,0.4746293172645945,False,BROOKLYN,"(40.5728111, -73.999154)",trafficstat,False,False,False,False,False,False,False,False,False,,,,,,,
2026-07-16,00:00,40.5914314,-73.9903648,26 AVE,11214,60,OTHER,Street,2.2345641665671967,False,BROOKLYN,"(40.5914314, -73.9903648)",trafficstat,True,False,False,False,False,False,True,False,False,,,,,,,
2026-06-16,00:00,40.5914314,-73.9903648,26 AVE,11214,60,UNKNOWN,Street,2.2345641665671967,False,BROOKLYN,"(40.5914314, -73.9903648)",trafficstat,False,False,False,False,False,False,False,False,False,,,,,,,
2026-07-15,00:00,40.5766254,-73.9847728,W  17 ST,11224,60,OTHER,Street,0.08753470985307778,False,BROOKLYN,"(40.5766254, -73.9847728)",trafficstat,True,False,False,False,False,False,False,False,False,,,,,,,
2026-06-26,00:00,40.5766254,-73.9847728,W  17 ST,11224,60,UNKNOWN,Street,0.08753470985307778,False,BROOKLYN,"(40.5766254, -73.9847728)",trafficstat,True,False,True,False,False,False,False,False,False,,,,,,,
2026-07-15,00:00,40.5767433,-73.9837109,W  16 ST,11224,60,UNKNOWN,Street,0.035471328466355506,False,BROOKLYN,"(40.5767433, -73.9837109)",trafficstat,False,False,False,False,False,False,False,False,False,,,,,,,
2026-07-14,00:00,40.5787,-73.98734,W  20 ST,11224,60,OTHER,Street,0.009000003474983954,False,BROOKLYN,"(40.5787, -73.98734)",trafficstat,True,False,False,False,False,False,False,True,True,,,,,,,
2026-07-13,00:00,40.5812041,-73.9719311,W  5 ST,11224,60,OTHER,Street,144.6620569389032,False,BROOKLYN,"(40.5812041, -73.9719311)",trafficstat,False,False,False,False,False,False,False,False,False,,,,,,,
2026-07-13,00:00,40.5748035,-73.9735278,SURF AVE,11224,60,UNKNOWN,Street,2.9718058015667084,False,BROOKLYN,"(40.5748035, -73.9735278)",trafficstat,False,False,False,False,False,False,False,False,False,,,,,,,