crash_date,crash_time,latitude,longitude,on_street_name,zip_code,precinct,collision_type,roadway_type,geocode_dist_feet,time_is_known,borough,location,source,injury,fatality,injured_pedestrian,injured_cyclist,injured_ebike_rider,injured_motorcyclist,injured_moped_rider,injured_car_occupant,injured_suv_occupant,number_of_persons_injured,number_of_persons_killed,contributing_factor_vehicle_1,collision_id,cross_street_name,off_street_name,vehicle_type_code1
2026-07-04,00:00,40.5748035,-73.9735278,SURF AVE,11224,60,OTHER,Street,2.9718058015667084,False,BROOKLYN,"(40.5748035, -73.9735278)",trafficstat,True,False,False,False,False,True,False,False,False,,,,,,,
2026-07-13,00:00,40.5751003,-73.9985565,W  32 ST,11224,60,OTHER,Street,0.09330297292834469,False,BROOKLYN,"(40.5751003, -73.9985565)",trafficstat,False,False,False,False,False,False,False,False,False,,,,,,,
2026-07-13,00:00,40.5861,-73.971275,W  2 ST,11223,60,UNKNOWN,Street,0.4669580879874316,False,BROOKLYN,"(40.5861, -73.971275)",trafficstat,True,False,False,False,False,False,False,False,True,,,,,,,
2026-07-12,00:00,40.5757371,-73.9699894,W  1 ST,11224,60,OTHER,Street,28.317333088819897,False,BROOKLYN,"(40.5757371, -73.9699894)",trafficstat,True,False,False,False,False,False,False,True,False,,,,,,,
2026-07-12,00:00,40.5815333,-73.9619438,BRIGHTON 7 ST,11235,60,UNKNOWN,Street,0.8825639388836114,False,BROOKLYN,"(40.5815333, -73.9619438)",trafficstat,True,False,False,False,False,False,False,False,False,,,,,,,
2026-07-10,00:00,40.5846656,-73.9634433,BELT PARKWAY WB EN E 6 ST,11235,60,UNKNOWN,Ramp,2.1360742604742713,False,BROOKLYN,"(40.5846656, -73.9634433)",trafficstat,False,False,False,False,False,False,False,False,False,,,,,,,
2026-07-09,00:00,40.5851593,-73.9873883,BAY 50 ST,11214,60,OTHER,Street,2.506719701604063,False,BROOKLYN,"(40.5851593, -73.9873883)",trafficstat,False,False,False,False,False,False,False,False,False,,,,,,,
2026-07-08,00:00,40.5779944,-73.9596347,CONEY ISLAND AVE,11235,60,UNKNOWN,Street,0.2676630851643199,False,BROOKLYN,"(40.5779944, -73.9596347)",trafficstat,False,False,False,False,False,False,False,False,False,,,,,,,
2026-07-07,00:00,40.5808982,-73.9681492,OCEAN PKWY,11235,60,UNKNOWN,Street,107.69064924068239,False,BROOKLYN,"(40.5808982, -73.9681492)",trafficstat,False,False,False,False,False,False,False,False,False,,,,,,,
2026-07-07,00:00,40.5759261,-73.9911338,W  24 ST,11224,60,UNKNOWN,Street,0.2252841969661591,False,BROOKLYN,"(40.5759261, -73.9911338)",trafficstat,False,False,False,False,False,False,False,False,False,,,,,,,
2026-07-07,00:00,40.5840507,-73.9633104,BRIGHTON 6 ST,11235,60,UNKNOWN,Street,0.09158550582363874,False,BROOKLYN,"(40.5840507, -73.9633104)",trafficstat,False,False,False,False,False,False,False,False,False,,,,,,,
2026-07-06,00:00,40.5739604,-73.99635,W  30 ST,11224,60,UNKNOWN,Street,46.66115036044572,False,BROOKLYN,"(40.5739604, -73.99635)",trafficstat,True,False,False,False,False,False,False,True,False,,,,,,,
2026-07-06,00:00,40.5775431,-73.997876,W  31 ST,11224,60,UNKNOWN,Street,1.7062745804894413,False,BROOKLYN,"(40.5775431, -73.997876)",trafficstat,True,False,False,False,True,False,False,False,False,,,,,,,
2026-07-05,00:00,40.5829661,-73.9863302,BAY 53 ST,11214,60,OTHER,Street,3.377968277044474,False,BROOKLYN,"(40.5829661, -73.9863302)",trafficstat,True,False,False,False,False,False,False,True,False,,,,,,,
2026-06-18,00:00,40.5829661,-73.9863302,BAY 53 ST,11214,60,UNKNOWN,Street,3.377968277044474,False,BROOKLYN,"(40.5829661, -73.9863302)",trafficstat,True,False,False,False,False,False,False,True,False,,,,,,,
2026-07-05,00:00,40.5831681,-73.9615333,BANNER AVE,11235,60,UNKNOWN,Street,39.839405156677756,False,BROOKLYN,"(40.5831681, -73.9615333)",trafficstat,False,False,False,False,False,False,False,False,False,,,,,,,
2026-07-05,00:00,40.5754911,-73.993883,MERMAID AVE,11224,60,UNKNOWN,Street,50.79442194385714,False,BROOKLYN,"(40.5754911, -73.993883)",trafficstat,False,False,False,False,False,False,False,False,False,,,,,,,
2026-07-04,00:00,40.5727507,-73.9970447,SURF AVE,11224,60,OTHER,Street,2.94735423150238,False,BROOKLYN,"(40.5727507, -73.9970447)",trafficstat,True,False,False,False,False,True,False,False,False,,,,,,,
2026-07-04,00:00,40.5783474,-74.0013146,DRIVEWAY,11224,60,UNKNOWN,Driveway,93.59147004413109,False,BROOKLYN,"(40.5783474, -74.0013146)",trafficstat,True,False,False,False,False,False,False,True,False,,,,,,,
2026-07-03,00:00,40.5824978,-73.9573747,BRIGHTON 10 ST,11235,60,OTHER,Street,0.24883604295214856,False,BROOKLYN,"(40.5824978, -73.9573747)",trafficstat,True,False,False,False,False,False,False,False,False,,,,,,,
2026-07-03,00:00,40.5803009,-73.9759344,SHELL RD,11224,60,UNKNOWN,Street,47.93465409629172,False,BROOKLYN,"(40.5803009, -73.9759344)",trafficstat,False,False,False,False,False,False,False,False,False,,,,,,,
2026-07-03,00:00,40.5880081,-73.9838091,STILLWELL AVE,11223,60,OTHER,Street,55.23622694309402,False,BROOKLYN,"(40.5880081, -73.9838091)",trafficstat,False,False,False,False,False,False,False,False,False,,,,,,,
2026-07-03,00:00,40.5901377,-73.9756681,BOYNTON PL,11223,60,UNKNOWN,Street,34.869967703503484,False,BROOKLYN,"(40.5901377, -73.9756681)",trafficstat,False,False,False,False,False,False,False,False,False,,,,,,,
2026-07-02,00:00,40.577324,-74.00569,SEA GATE AVE,11224,60,UNKNOWN,Street,0.09284577930578995,False,BROOKLYN,"(40.577324, -74.00569)",trafficstat,True,False,False,False,False,False,False,False,True,,,,,,,
2026-07-01,00:00,40.5778806,-73.9947586,W  28 ST,11224,60,UNKNOWN,Street,0.6954871870474004,False,BROOKLYN,"(40.5778806, -73.9947586)",trafficstat,True,False,False,False,False,False,False,True,False,,,,,,,
2026-07-01,00:00,40.5805152,-73.9763987,SHELL RD,11224,60,UNKNOWN,Street,48.068419420055484,False,BROOKLYN,"(40.5805152, -73.9763987)",trafficstat,True,False,False,True,False,False,False,False,False,,,,,,,
2026-07-01,00:00,40.5808304,-74.0041174,W  37 ST,11224,60,UNKNOWN,Street,38.223895904268645,False,BROOKLYN,"(40.5808304, -74.0041174)",trafficstat,False,False,False,False,False,False,False,False,False,,,,,,,
2026-07-01,00:00,40.5773894,-73.9989812,W  32 ST,11224,60,UNKNOWN,Street,0.36597595577941794,False,BROOKLYN,"(40.5773894, -73.9989812)",trafficstat,True,False,False,False,True,False,False,False,False,,,,,,,
2026-07-01,00:00,40.5760413,-73.9900754,W  23 ST,11224,60,UNKNOWN,Street,0.46289298808392243,False,BROOKLYN,"(40.5760413, -73.9900754)",trafficstat,True,False,True,False,False,False,False,False,False,,,,,,,
2026-06-13,00:00,40.5760413,-73.9900754,W  23 ST,11224,60,UNKNOWN,Street,0.46289298808392243,False,BROOKLYN,"(40.5760413, -73.9900754)",trafficstat,True,False,False,True,False,False,False,False,False,,,,,,,
2026-07-01,00:00,40.5749431,-73.9808661,BOWERY,11224,60,UNKNOWN,Street,48.991714022750024,False,BROOKLYN,"(40.5749431, -73.9808661)",trafficstat,False,False,False,False,False,False,False,False,False,,,,,,,
2026-06-30,00:00,40.5778,-73.96056,BRIGHTON 7 ST,11235,60,UNKNOWN,Street,1.2902778875387986,False,BROOKLYN,"(40.5778, -73.96056)",trafficstat,False,False,False,False,False,False,False,False,False,,,,,,,
2026-06-30,00:00,40.578995,-73.964905,BRIGHTON 3 ST,11235,60,UNKNOWN,Street,0.7253213543441118,False,BROOKLYN,"(40.578995, -73.964905)",trafficstat,True,False,False,False,False,False,False,True,False,,,,,,,
2026-06-30,00:00,40.5837094,-73.9694503,BELT PKWY,11235,60,UNKNOWN,Highway,8.163427630993889,False,BROOKLYN,"(40.5837094, -73.9694503)",trafficstat,False,False,False,False,False,False,False,False,False,,,,,,,
2026-06-29,00:00,40.58402,-73.985867,BELT PKWY,11224,60,UNKNOWN,Highway,3.6262036149324812,False,BROOKLYN,"(40.58402, -73.985867)",trafficstat,False,False,False,False,False,False,False,False,False,,,,,,,
2026-06-29,00:00,40.5787008,-73.9873391,W  20 ST,11224,60,UNKNOWN,Street,0.28093475640756016,False,BROOKLYN,"(40.5787008, -73.9873391)",trafficstat,False,False,False,False,False,False,False,False,False,,,,,,,
2026-06-29,00:00,40.582725,-73.9732043,WEST AVE,11224,60,OTHER,Street,0.5732335389638029,False,BROOKLYN,"(40.582725, -73.9732043)",trafficstat,True,False,True,False,False,False,False,False,False,,,,,,,
2026-06-28,00:00,40.5800805,-73.9598026,CONEY ISLAND AVE,11235,60,UNKNOWN,Street,0.26851132404314987,False,BROOKLYN,"(40.5800805, -73.9598026)",trafficstat,True,False,False,False,False,False,False,True,False,,,,,,,
2026-06-28,00:00,40.5869632,-73.964908,AVE Z,11235,60,UNKNOWN,Street,53.14004348206604,False,BROOKLYN,"(40.5869632, -73.964908)",trafficstat,False,False,False,False,False,False,False,False,False,,,,,,,
2026-06-27,00:00,40.5904412,-73.9750788,LAKE ST,11223,60,UNKNOWN,Street,77.34331607359212,False,BROOKLYN,"(40.5904412, -73.9750788)",trafficstat,True,False,False,True,False,False,False,False,False,,,,,,,
2026-06-26,00:00,40.5757146,-73.963009,BRIGHTON 4 ST,11235,60,OTHER,Street,0.36555151411591585,False,BROOKLYN,"(40.5757146, -73.963009)",trafficstat,False,False,False,False,False,False,False,False,False,,,,,,,
2026-06-23,00:00,40.5781232,-73.9590154,BRIGHTON BEACH AVE,11235,60,UNKNOWN,Street,2.889842150521382,False,BROOKLYN,"(40.5781232, -73.9590154)",trafficstat,False,False,False,False,False,False,False,False,False,,,,,,,
2026-06-23,00:00,40.5828735,-73.9748509,BELT PKWY,11224,60,UNKNOWN,Highway,1.025734371771405,False,BROOKLYN,"(40.5828735, -73.9748509)",trafficstat,True,False,False,False,False,False,False,False,True,,,,,,,
2026-06-23,00:00,40.5841492,-73.9624283,BRIGHTON 7 ST,11235,60,UNKNOWN,Street,0.023072342984967256,False,BROOKLYN,"(40.5841492, -73.9624283)",trafficstat,False,False,False,False,False,False,False,False,False,,,,,,,
2026-06-22,00:00,40.575761,-73.9620802,BRIGHTWATER CT,11235,60,UNKNOWN,Street,3.3016625827721198,False,BROOKLYN,"(40.575761, -73.9620802)",trafficstat,False,False,False,False,False,False,False,False,False,,,,,,,
2026-06-22,00:00,40.596399,-73.9852004,STILLWELL AVE,11223,60,UNKNOWN,Street,0.06643511879640474,False,BROOKLYN,"(40.596399, -73.9852004)",trafficstat,True,False,True,False,False,False,False,False,False,,,,,,,
2026-06-21,00:00,40.578678,-73.9891919,NEPTUNE AVE,11224,60,UNKNOWN,Street,59.86788874514087,False,BROOKLYN,"(40.578678, -73.9891919)",trafficstat,False,False,False,False,False,False,False,False,False,,,,,,,
2026-06-19,00:00,40.5792,-73.98194,STILLWELL AVE,11224,60,UNKNOWN,Street,0.4565891263778453,False,BROOKLYN,"(40.5792, -73.98194)",trafficstat,False,False,False,False,False,False,False,False,False,,,,,,,
2026-06-18,00:00,40.5812143,-73.9607522,BRIGHTON 8 ST,11235,60,OTHER,Street,40.56425642207616,False,BROOKLYN,"(40.5812143, -73.9607522)",trafficstat,False,False,False,False,False,False,False,False,False,,,,,,,
2026-06-18,00:00,40.5954166,-73.9852981,BAY 43 ST,11214,60,UNKNOWN,Street,60.12813646222734,False,BROOKLYN,"(40.5954166, -73.9852981)",trafficstat,True,False,False,False,False,False,False,True,True,,,,,,,
2026-06-17,00:00,40.588463,-73.98999,27 AVE,11214,60,UNKNOWN,Street,2.338201186098103,False,BROOKLYN,"(40.588463, -73.98999)",trafficstat,True,False,False,False,False,False,False,True,False,,,,,,,
2026-06-17,00:00,40.5847723,-73.9696293,WEST ST,11223,60,OTHER,Street,137.83909940910178,False,BROOKLYN,"(40.5847723, -73.9696293)",trafficstat,False,False,False,False,False,False,False,False,False,,,,,,,
2026-06-17,00:00,40.5781236,-73.9870753,W  20 ST,11224,60,OTHER,Street,42.02734526166924,False,BROOKLYN,"(40.5781236, -73.9870753)",trafficstat,False,False,False,False,False,False,False,False,False,,,,,,,
2026-06-16,00:00,40.575302,-73.97659,SURF AVE,11224,60,UNKNOWN,Street,3.2471232846446916,False,BROOKLYN,"(40.575302, -73.97659)",trafficstat,False,False,False,False,False,False,False,False,False,,,,,,,
2026-06-16,00:00,40.5847851,-73.9595766,BELT PKWY,11235,60,OTHER,Highway,19.50636478388115,False,BROOKLYN,"(40.5847851, -73.9595766)",trafficstat,False,False,False,False,False,False,False,False,False,,,,,,,
2026-06-15,00:00,40.5750165,-73.9980854,MERMAID AVE,11224,60,OTHER,Street,52.11432850981947,False,BROOKLYN,"(40.5750165, -73.9980854)",trafficstat,False,False,False,False,False,False,False,False,False,,,,,,,
2026-06-15,00:00,40.5806288,-73.9662103,BRIGHTON 1 ST,11235,60,UNKNOWN,Street,0.974168337890702,False,BROOKLYN,"(40.5806288, -73.9662103)",trafficstat,False,False,False,False,False,False,False,False,False,,,,,,,
2026-06-15,00:00,40.5828209,-73.9887496,BAY 53 ST,11214,60,UNKNOWN,Street,2.3373243867453235,False,BROOKLYN,"(40.5828209, -73.9887496)",trafficstat,False,False,False,False,False,False,False,False,False,,,,,,,
2026-06-14,00:00,40.579826,-73.97621,NEPTUNE AVE,11224,60,UNKNOWN,Street,1.2209690531172281,False,BROOKLYN,"(40.579826, -73.97621)",trafficstat,False,False,False,False,False,False,False,False,False,,,,,,,
2026-06-14,00:00,40.5737083,-73.9907165,W  24 ST,11224,60,OTHER,Street,0.12678119028422513,False,BROOKLYN,"(40.5737083, -73.9907165)",trafficstat,False,False,False,False,False,False,False,False,False,,,,,,,
2026-06-14,00:00,40.5728741,-73.9949029,W  29 ST,11224,60,OTHER,Street,0.5222739551493834,False,BROOKLYN,"(40.5728741, -73.9949029)",trafficstat,True,False,False,False,False,False,False,False,False,,,,,,,
2026-06-14,00:00,40.5771175,-73.9836505,W  16 ST,11224,60,UNKNOWN,Street,36.14338755034794,False,BROOKLYN,"(40.5771175, -73.9836505)",trafficstat,False,False,False,False,False,False,False,False,False,,,,,,,
2026-06-13,00:00,40.582966,-73.98633,BAY 53 ST,11214,60,UNKNOWN,Street,3.4200755363809514,False,BROOKLYN,"(40.582966, -73.98633)",trafficstat,True,False,False,False,False,False,False,False,True,,,,,,,
2026-06-13,00:00,40.5808803,-73.9607289,BRIGHTON 8 ST,11235,60,UNKNOWN,Street,40.24755706051098,False,BROOKLYN,"(40.5808803, -73.9607289)",trafficstat,False,False,False,False,False,False,False,False,False,,,,,,,
2026-06-12,00:00,40.5836275,-73.9856821,W  17 ST,11214,60,UNKNOWN,Street,0.08519162280206173,False,BROOKLYN,"(40.5836275, -73.9856821)",trafficstat,True,False,False,False,False,False,False,True,False,,,,,,,
2026-09-13,00:00,40.5906271,-73.9616798,DESMOND CT,11235,61,UNKNOWN,Street,46.83843805052292,False,BROOKLYN,"(40.5906271, -73.9616798)",trafficstat,True,False,False,False,False,False,False,False,True,,,,,,,
2026-09-13,00:00,40.6060907,-73.9675552,OCEAN PKWY,11223,61,UNKNOWN,Street,65.67930039017847,False,BROOKLYN,"(40.6060907, -73.9675552)",trafficstat,False,False,False,False,False,False,False,False,False,,,,,,,
2026-09-11,00:00,40.608466,-73.9562993,E  17 ST,11229,61,OTHER,Street,0.3852102079989032,False,BROOKLYN,"(40.608466, -73.9562993)",trafficstat,False,False,False,False,False,False,False,False,False,,,,,,,
2026-09-11,00:00,40.6090498,-73.9708959,E  3 ST,11223,61,UNKNOWN,Street,0.21397198077711455,False,BROOKLYN,"(40.6090498, -73.9708959)",trafficstat,True,False,False,False,False,False,False,True,False,,,,,,,
2026-09-11,00:00,40.5931785,-73.9592618,E  12 ST,11229,61,OTHER,Street,0.08916257423136727,False,BROOKLYN,"(40.5931785, -73.9592618)",trafficstat,True,False,False,False,False,False,False,False,True,,,,,,,
2026-09-11,00:00,40.5836342,-73.9449431,EMMONS AVE,11235,61,UNKNOWN,Street,4.4620500240229735,False,BROOKLYN,"(40.5836342, -73.9449431)",trafficstat,True,False,False,False,False,False,False,True,True,,,,,,,
2026-09-11,00:00,40.610057,-73.9577125,E  16 ST,11229,61,UNKNOWN,Street,35.72833080068721,False,BROOKLYN,"(40.610057, -73.9577125)",trafficstat,False,False,False,False,False,False,False,False,False,,,,,,,
2026-09-10,00:00,40.6118791,-73.948973,BEDFORD AVE,11229,61,UNKNOWN,Street,21.00689072759084,False,BROOKLYN,"(40.6118791, -73.948973)",trafficstat,True,False,False,False,False,False,False,False,True,,,,,,,
2026-09-10,00:00,40.5907495,-73.9683727,E  2 ST,11223,61,OTHER,Street,0.5407682593094826,False,BROOKLYN,"(40.5907495, -73.9683727)",trafficstat,True,False,True,False,False,False,False,False,False,,,,,,,
2026-06-16,00:00,40.5907495,-73.9683727,E  2 ST,11223,61,UNKNOWN,Street,0.5407682593094826,False,BROOKLYN,"(40.5907495, -73.9683727)",trafficstat,True,False,False,False,False,False,False,False,True,,,,,,,
2026-09-10,00:00,40.5903713,-73.9603866,CONEY ISLAND AVE,11235,61,UNKNOWN,Street,55.67508977651805,False,BROOKLYN,"(40.5903713, -73.9603866)",trafficstat,True,False,False,False,False,False,False,True,False,,,,,,,
2026-09-10,00:00,40.5959209,-73.9410183,NOSTRAND AVE,11229,61,UNKNOWN,Street,0.0988503448802846,False,BROOKLYN,"(40.5959209, -73.9410183)",trafficstat,True,False,True,False,False,False,False,False,False,,,,,,,
2026-09-10,00:00,40.6021215,-73.9695773,E  3 ST,11223,61,UNKNOWN,Street,0.27505746851731233,False,BROOKLYN,"(40.6021215, -73.9695773)",trafficstat,False,False,False,False,False,False,False,False,False,,,,,,,
2026-09-10,00:00,40.6038893,-73.9534861,E  19 ST,11229,61,OTHER,Street,0.5185785246268894,False,BROOKLYN,"(40.6038893, -73.9534861)",trafficstat,True,False,False,False,False,False,False,False,True,,,,,,,
2026-09-10,00:00,40.6022694,-73.9460976,E  26 ST,11229,61,UNKNOWN,Street,0.46536990771336634,False,BROOKLYN,"(40.6022694, -73.9460976)",trafficstat,True,False,False,True,False,False,False,False,False,,,,,,,
2026-09-09,00:00,40.6033492,-73.9723497,MCDONALD AVE,11223,61,OTHER,Street,1.1298908140056392,False,BROOKLYN,"(40.6033492, -73.9723497)",trafficstat,True,False,True,False,False,False,False,False,False,,,,,,,
2026-09-08,00:00,40.5992502,-73.9526071,E  19 ST,11229,61,UNKNOWN,Street,0.11611391913650224,False,BROOKLYN,"(40.5992502, -73.9526071)",trafficstat,False,False,False,False,False,False,False,False,False,,,,,,,
2026-09-01,00:00,40.5992502,-73.9526071,E  19 ST,11229,61,OTHER,Street,0.11611391913650224,False,BROOKLYN,"(40.5992502, -73.9526071)",trafficstat,True,False,True,False,False,False,False,False,False,,,,,,,
2026-09-06,00:00,40.5894115,-73.9476843,E  22 ST,11235,61,UNKNOWN,Street,47.68965461249056,False,BROOKLYN,"(40.5894115, -73.9476843)",trafficstat,True,False,False,False,False,False,False,True,False,,,,,,,
2026-09-06,00:00,40.5845648,-73.9508656,BELT PKWY,11235,61,UNKNOWN,Bridge,3.9808749692919925,False,BROOKLYN,"(40.5845648, -73.9508656)",trafficstat,False,False,False,False,False,False,False,False,False,,,,,,,
2026-06-19,00:00,40.5845648,-73.9508656,BELT PKWY,11235,61,OTHER,Bridge,3.9808749692919925,False,BROOKLYN,"(40.5845648, -73.9508656)",trafficstat,False,False,False,False,False,False,False,False,False,,,,,,,
2026-09-05,00:00,40.5837004,-73.9215644,BELT PKWY,11229,61,OTHER,Highway,6.6958024056520165,False,BROOKLYN,"(40.5837004, -73.9215644)",trafficstat,True,False,False,False,False,True,False,False,False,,,,,,,
2026-08-31,00:00,40.5837004,-73.9215644,BELT PKWY,11229,61,OTHER,Highway,6.6958024056520165,False,BROOKLYN,"(40.5837004, -73.9215644)",trafficstat,False,False,False,False,False,False,False,False,False,,,,,,,
2026-07-24,00:00,40.5837004,-73.9215644,BELT PKWY,11229,61,OTHER,Highway,6.6958024056520165,False,BROOKLYN,"(40.5837004, -73.9215644)",trafficstat,True,False,False,False,False,False,False,True,False,,,,,,,
2026-09-05,00:00,40.5852848,-73.9344002,COYLE ST,11235,61,UNKNOWN,Street,58.49569008256488,False,BROOKLYN,"(40.5852848, -73.9344002)",trafficstat,True,False,False,False,False,False,False,True,False,,,,,,,
2026-09-05,00:00,40.5850639,-73.9288857,BELT PKWY,11229,61,UNKNOWN,Highway,1.2102149354601084,False,BROOKLYN,"(40.5850639, -73.9288857)",trafficstat,True,False,False,False,False,False,False,True,False,,,,,,,
2026-09-02,00:00,40.5850639,-73.9288857,BELT PKWY,11229,61,OTHER,Highway,1.2102149354601084,False,BROOKLYN,"(40.5850639, -73.9288857)",trafficstat,True,False,False,False,False,False,False,False,True,,,,,,,
2026-09-05,00:00,40.6083847,-73.9591589,E  14 ST,11229,61,UNKNOWN,Street,0.45302350164589095,False,BROOKLYN,"(40.6083847, -73.9591589)",trafficstat,True,False,False,False,False,True,False,False,False,,,,,,,
2026-09-04,00:00,40.5968034,-73.9647628,OCEAN PKWY,11223,61,UNKNOWN,Street,65.58794234368429,False,BROOKLYN,"(40.5968034, -73.9647628)",trafficstat,False,False,False,False,False,False,False,False,False,,,,,,,
2026-09-04,00:00,40.5975161,-73.9415172,NOSTRAND AVE,11229,61,UNKNOWN,Street,52.19820457836641,False,BROOKLYN,"(40.5975161, -73.9415172)",trafficstat,True,False,False,False,False,False,True,False,False,,,,,,,
2026-09-04,00:00,40.600319,-73.9428906,E  29 ST,11229,61,UNKNOWN,Street,0.3539218873629631,False,BROOKLYN,"(40.600319, -73.9428906)",trafficstat,True,False,True,False,False,False,False,False,False,,,,,,,
2026-09-03,00:00,40.5985737,-73.9610147,CONEY ISLAND AVE,11223,61,UNKNOWN,Street,52.914888327862606,False,BROOKLYN,"(40.5985737, -73.9610147)",trafficstat,False,False,False,False,False,False,False,False,False,,,,,,,
2026-09-03,00:00,40.6043432,-73.9493983,E  23 ST,11229,61,UNKNOWN,Street,0.00015096130583021827,False,BROOKLYN,"(40.6043432, -73.9493983)",trafficstat,True,False,False,False,False,False,False,True,False,,,,,,,
2026-09-03,00:00,40.5869766,-73.9552812,E  14 ST,11235,61,UNKNOWN,Street,50.14975510902302,False,BROOKLYN,"(40.5869766, -73.9552812)",trafficstat,False,False,False,False,False,False,False,False,False,,,,,,,
2026-09-03,00:00,40.5888878,-73.9656408,OCEAN PKWY,11235,61,UNKNOWN,Street,0.8599083504556113,False,BROOKLYN,"(40.5888878, -73.9656408)",trafficstat,True,False,False,False,False,False,False,True,False,,,,,,,
2026-09-03,00:00,40.5902967,-73.973598,AVE X,11223,61,UNKNOWN,Street,122.26554727545609,False,BROOKLYN,"(40.5902967, -73.973598)",trafficstat,False,False,False,False,False,False,False,False,False,,,,,,,
2026-09-03,00:00,40.6104019,-73.9585922,E  15 ST,11229,61,UNKNOWN,Street,0.02773674495779078,False,BROOKLYN,"(40.6104019, -73.9585922)",trafficstat,True,False,True,False,False,False,False,False,False,,,,,,,
2026-09-02,00:00,40.5946375,-73.9330114,KNAPP ST,11235,61,UNKNOWN,Street,0.19676572859621203,False,BROOKLYN,"(40.5946375, -73.9330114)",trafficstat,False,False,False,False,False,False,False,False,False,,,,,,,
2026-09-02,00:00,40.5863461,-73.9342056,BELT PKWY,11235,61,UNKNOWN,Highway,0.6754238634237494,False,BROOKLYN,"(40.5863461, -73.9342056)",trafficstat,False,False,False,False,False,False,False,False,False,,,,,,,
2026-09-02,00:00,40.6022303,-73.9342642,STUART ST,11229,61,UNKNOWN,Street,2.0955169214128624,False,BROOKLYN,"(40.6022303, -73.9342642)",trafficstat,False,False,False,False,False,False,False,False,False,,,,,,,
2026-08-17,00:00,40.6022303,-73.9342642,STUART ST,11229,61,UNKNOWN,Street,2.0955169214128624,False,BROOKLYN,"(40.6022303, -73.9342642)",trafficstat,False,False,False,False,False,False,False,False,False,,,,,,,
2026-09-02,00:00,40.5970038,-73.9499008,E  21 ST,11229,61,UNKNOWN,Street,0.11837427086487502,False,BROOKLYN,"(40.5970038, -73.9499008)",trafficstat,True,False,False,False,False,False,False,True,False,,,,,,,
2026-09-02,00:00,40.6017675,-73.9612044,CONEY ISLAND AVE,11223,61,OTHER,Street,69.88531552814568,False,BROOKLYN,"(40.6017675, -73.9612044)",trafficstat,True,False,False,False,False,False,False,True,False,,,,,,,
2026-09-02,00:00,40.6075972,-73.9714815,E  2 ST,11223,61,OTHER,Street,48.968616013196254,False,BROOKLYN,"(40.6075972, -73.9714815)",trafficstat,False,False,False,False,False,False,False,False,False,,,,,,,
2026-09-01,00:00,40.6071821,-73.945132,E  28 ST,11229,61,UNKNOWN,Street,0.10542647286934835,False,BROOKLYN,"(40.6071821, -73.945132)",trafficstat,True,False,False,False,False,False,False,False,True,,,,,,,
2026-09-01,00:00,40.6054135,-73.9599865,AVE R,11229,61,OTHER,Street,53.54589038589227,False,BROOKLYN,"(40.6054135, -73.9599865)",trafficstat,False,False,False,False,False,False,False,False,False,,,,,,,
2026-09-01,00:00,40.5850344,-73.9582674,BELT PKWY,11235,61,UNKNOWN,Highway,0.0847433496395646,False,BROOKLYN,"(40.5850344, -73.9582674)",trafficstat,False,False,False,False,False,False,False,False,False,,,,,,,
2026-07-03,00:00,40.5850344,-73.9582674,BELT PKWY,11235,61,UNKNOWN,Highway,0.0847433496395646,False,BROOKLYN,"(40.5850344, -73.9582674)",trafficstat,False,False,False,False,False,False,False,False,False,,,,,,,
2026-06-30,00:00,40.5850344,-73.9582674,BELT PKWY,11235,61,UNKNOWN,Highway,0.0847433496395646,False,BROOKLYN,"(40.5850344, -73.9582674)",trafficstat,False,False,False,False,False,False,False,False,False,,,,,,,
2026-06-15,00:00,40.5850344,-73.9582674,BELT PKWY,11235,61,OTHER,Highway,0.0847433496395646,False,BROOKLYN,"(40.5850344, -73.9582674)",trafficstat,False,False,False,False,False,False,False,False,False,,,,,,,
2026-08-31,00:00,40.5831743,-73.9534393,EMMONS AVE,11235,61,UNKNOWN,Street,2.877372818435705,False,BROOKLYN,"(40.5831743, -73.9534393)",trafficstat,True,False,False,False,False,False,False,False,False,,,,,,,
2026-08-31,00:00,40.591598,-73.9606814,CONEY ISLAND AVE,11235,61,UNKNOWN,Street,0.24150182884769247,False,BROOKLYN,"(40.591598, -73.9606814)",trafficstat,False,False,False,False,False,False,False,False,False,,,,,,,
2026-08-30,00:00,40.5887299,-73.9473795,E  22 ST,11235,61,OTHER,Street,0.27835381919147406,False,BROOKLYN,"(40.5887299, -73.9473795)",trafficstat,False,False,False,False,False,False,False,False,False,,,,,,,
2026-08-30,00:00,40.5861062,-73.9323661,BELT PKWY,11235,61,UNKNOWN,Highway,0.9945444188564787,False,BROOKLYN,"(40.5861062, -73.9323661)",trafficstat,True,False,False,False,False,False,False,False,True,,,,,,,
2026-08-14,00:00,40.5861062,-73.9323661,BELT PKWY,11235,61,UNKNOWN,Highway,0.9945444188564787,False,BROOKLYN,"(40.5861062, -73.9323661)",trafficstat,True,False,False,False,False,False,False,False,True,,,,,,,
2026-07-26,00:00,40.5861062,-73.9323661,BELT PKWY,11235,61,UNKNOWN,Highway,0.9945444188564787,False,BROOKLYN,"(40.5861062, -73.9323661)",trafficstat,True,False,False,False,False,False,False,False,True,,,,,,,
2026-06-14,00:00,40.5861062,-73.9323661,BELT PKWY,11235,61,UNKNOWN,Highway,0.9945444188564787,False,BROOKLYN,"(40.5861062, -73.9323661)",trafficstat,False,False,False,False,False,False,False,False,False,,,,,,,
2026-08-30,00:00,40.581596,-73.9470431,FALMOUTH ST,11235,61,OTHER,Street,0.23053465994108105,False,BROOKLYN,"(40.581596, -73.9470431)",trafficstat,False,False,False,False,False,False,False,False,False,,,,,,,