crash_date,crash_time,latitude,longitude,on_street_name,zip_code,precinct,collision_type,roadway_type,geocode_dist_feet,time_is_known,borough,location,source,injury,fatality,injured_pedestrian,injured_cyclist,injured_ebike_rider,injured_motorcyclist,injured_moped_rider,injured_car_occupant,injured_suv_occupant,number_of_persons_injured,number_of_persons_killed,contributing_factor_vehicle_1,collision_id,cross_street_name,off_street_name,vehicle_type_code1
2026-08-30,00:00,40.5970783,-73.9568127,E  14 ST,11229,61,UNKNOWN,Street,55.88826991429079,False,BROOKLYN,"(40.5970783, -73.9568127)",trafficstat,False,False,False,False,False,False,False,False,False,,,,,,,
2026-08-29,00:00,40.5854046,-73.9390439,SHORE PKWY,11235,61,OTHER,Street,3.43006876019401,False,BROOKLYN,"(40.5854046, -73.9390439)",trafficstat,False,False,False,False,False,False,False,False,False,,,,,,,
2026-08-28,00:00,40.5923135,-73.9345332,AVE Y,11235,61,UNKNOWN,Street,2.57438656442186,False,BROOKLYN,"(40.5923135, -73.9345332)",trafficstat,True,False,False,False,False,False,False,True,False,,,,,,,
2026-08-28,00:00,40.5916473,-73.9448116,BEDFORD AVE,11235,61,OTHER,Street,69.47425110557384,False,BROOKLYN,"(40.5916473, -73.9448116)",trafficstat,True,False,False,False,False,False,False,False,False,,,,,,,
2026-08-27,00:00,40.5986096,-73.9386357,BATCHELDER ST,11229,61,OTHER,Street,0.41721948295871764,False,BROOKLYN,"(40.5986096, -73.9386357)",trafficstat,True,False,False,False,False,False,False,True,False,,,,,,,
2026-08-27,00:00,40.6112895,-73.9447465,E  29 ST,11229,61,UNKNOWN,Street,59.45987744668562,False,BROOKLYN,"(40.6112895, -73.9447465)",trafficstat,True,False,False,False,False,False,False,False,True,,,,,,,
2026-08-26,00:00,40.6037447,-73.9385139,FORD ST,11229,61,UNKNOWN,Street,38.33041402769079,False,BROOKLYN,"(40.6037447, -73.9385139)",trafficstat,False,False,False,False,False,False,False,False,False,,,,,,,
2026-08-26,00:00,40.6080386,-73.959662,KINGS HWY,11229,61,UNKNOWN,Street,48.63124666294011,False,BROOKLYN,"(40.6080386, -73.959662)",trafficstat,False,False,False,False,False,False,False,False,False,,,,,,,
2026-08-24,00:00,40.5999091,-73.9466325,BEDFORD AVE,11229,61,UNKNOWN,Street,0.1741024706296208,False,BROOKLYN,"(40.5999091, -73.9466325)",trafficstat,True,False,False,False,False,False,False,True,False,,,,,,,
2026-07-04,00:00,40.5999091,-73.9466325,BEDFORD AVE,11229,61,OTHER,Street,0.1741024706296208,False,BROOKLYN,"(40.5999091, -73.9466325)",trafficstat,True,False,False,True,False,False,False,False,False,,,,,,,
2026-08-24,00:00,40.6081721,-73.9611388,E  12 ST,11229,61,OTHER,Street,37.95336174330291,False,BROOKLYN,"(40.6081721, -73.9611388)",trafficstat,True,False,False,False,False,False,False,True,False,,,,,,,
2026-08-24,00:00,40.5840777,-73.9234361,BELT PKWY,11229,61,UNKNOWN,Highway,1.1684292898517246,False,BROOKLYN,"(40.5840777, -73.9234361)",trafficstat,True,False,False,False,False,True,False,False,False,,,,,,,
2026-08-23,00:00,40.6069533,-73.9439825,E  29 ST,11229,61,UNKNOWN,Street,43.82624182820102,False,BROOKLYN,"(40.6069533, -73.9439825)",trafficstat,True,False,False,False,False,False,False,True,False,,,,,,,
2026-08-23,00:00,40.6094167,-73.9676868,OCEAN PKWY,11223,61,UNKNOWN,Street,0.25907303299262535,False,BROOKLYN,"(40.6094167, -73.9676868)",trafficstat,False,False,False,False,False,False,False,False,False,,,,,,,
2026-08-22,00:00,40.6079076,-73.9591963,E  14 ST,11229,61,UNKNOWN,Street,35.505529424508055,False,BROOKLYN,"(40.6079076, -73.9591963)",trafficstat,False,False,False,False,False,False,False,False,False,,,,,,,
2026-08-22,00:00,40.5842907,-73.9178483,BELT PKWY,11234,61,UNKNOWN,Highway,1.427230643896619,False,BROOKLYN,"(40.5842907, -73.9178483)",trafficstat,True,False,False,False,False,False,False,True,False,,,,,,,
2026-08-22,00:00,40.5854359,-73.9312709,SHORE PKWY,11235,61,UNKNOWN,Street,2.981315164758965,False,BROOKLYN,"(40.5854359, -73.9312709)",trafficstat,True,False,False,False,False,False,False,True,False,,,,,,,
2026-07-20,00:00,40.5854359,-73.9312709,SHORE PKWY,11235,61,UNKNOWN,Street,2.981315164758965,False,BROOKLYN,"(40.5854359, -73.9312709)",trafficstat,True,False,False,False,False,False,False,True,False,,,,,,,
2026-08-22,00:00,40.5881398,-73.931783,KNAPP ST,11235,61,UNKNOWN,Street,2.0088748688853952,False,BROOKLYN,"(40.5881398, -73.931783)",trafficstat,False,False,False,False,False,False,False,False,False,,,,,,,
2026-08-21,00:00,40.5906331,-73.9497507,OCEAN AVE,11235,61,UNKNOWN,Street,0.13535603545722008,False,BROOKLYN,"(40.5906331, -73.9497507)",trafficstat,False,False,False,False,False,False,False,False,False,,,,,,,
2026-08-21,00:00,40.58977,-73.9561863,AVE Y,11235,61,UNKNOWN,Street,60.00875523499344,False,BROOKLYN,"(40.58977, -73.9561863)",trafficstat,False,False,False,False,False,False,False,False,False,,,,,,,
2026-08-21,00:00,40.5987306,-73.9573319,E  14 ST,11229,61,UNKNOWN,Street,0.05782533896270725,False,BROOKLYN,"(40.5987306, -73.9573319)",trafficstat,False,False,False,False,False,False,False,False,False,,,,,,,
2026-08-20,00:00,40.6095563,-73.9663001,E  7 ST,11223,61,UNKNOWN,Street,0.502693332578706,False,BROOKLYN,"(40.6095563, -73.9663001)",trafficstat,True,False,False,False,False,False,False,True,True,,,,,,,
2026-08-03,00:00,40.6095563,-73.9663001,E  7 ST,11223,61,UNKNOWN,Street,0.502693332578706,False,BROOKLYN,"(40.6095563, -73.9663001)",trafficstat,True,False,False,False,False,False,False,True,False,,,,,,,
2026-08-20,00:00,40.6099433,-73.9610861,E  12 ST,11229,61,UNKNOWN,Street,70.3956293102146,False,BROOKLYN,"(40.6099433, -73.9610861)",trafficstat,True,False,False,True,False,False,False,False,False,,,,,,,
2026-08-20,00:00,40.6002677,-73.9583704,E  13 ST,11229,61,UNKNOWN,Street,53.74957973594408,False,BROOKLYN,"(40.6002677, -73.9583704)",trafficstat,False,False,False,False,False,False,False,False,False,,,,,,,
2026-08-20,00:00,40.5839416,-73.9458839,EMMONS AVE,11235,61,UNKNOWN,Street,48.98146533336624,False,BROOKLYN,"(40.5839416, -73.9458839)",trafficstat,True,False,False,False,False,False,False,True,False,,,,,,,
2026-08-20,00:00,40.5836893,-73.9448633,DOOLEY ST,11235,61,UNKNOWN,Street,0.452590510271122,False,BROOKLYN,"(40.5836893, -73.9448633)",trafficstat,False,False,False,False,False,False,False,False,False,,,,,,,
2026-08-20,00:00,40.6063483,-73.9527245,OCEAN AVE,11229,61,OTHER,Street,0.1822261330975749,False,BROOKLYN,"(40.6063483, -73.9527245)",trafficstat,True,False,True,False,False,False,False,False,False,,,,,,,
2026-08-20,00:00,40.608705,-73.972612,AVE P,11223,61,UNKNOWN,Street,57.89909036027807,False,BROOKLYN,"(40.608705, -73.972612)",trafficstat,False,False,False,False,False,False,False,False,False,,,,,,,
2026-07-20,00:00,40.608705,-73.972612,AVE P,11223,61,UNKNOWN,Street,57.89909036027807,False,BROOKLYN,"(40.608705, -73.972612)",trafficstat,False,False,False,False,False,False,False,False,False,,,,,,,
2026-08-19,00:00,40.5980989,-73.953502,E  18 ST,11229,61,OTHER,Street,41.06299264731951,False,BROOKLYN,"(40.5980989, -73.953502)",trafficstat,False,False,False,False,False,False,False,False,False,,,,,,,
2026-08-18,00:00,40.6026848,-73.942316,NOSTRAND AVE,11229,61,UNKNOWN,Street,0.4776935549968124,False,BROOKLYN,"(40.6026848, -73.942316)",trafficstat,True,False,False,False,False,False,False,False,True,,,,,,,
2026-08-18,00:00,40.6083889,-73.9706099,E  3 ST,11223,61,OTHER,Street,43.88465505121765,False,BROOKLYN,"(40.6083889, -73.9706099)",trafficstat,False,False,False,False,False,False,False,False,False,,,,,,,
2026-08-18,00:00,40.5854774,-73.9493823,E  19 ST,11235,61,UNKNOWN,Street,165.38651328361593,False,BROOKLYN,"(40.5854774, -73.9493823)",trafficstat,True,False,True,False,False,False,False,False,False,,,,,,,
2026-07-17,00:00,40.5854774,-73.9493823,E  19 ST,11235,61,UNKNOWN,Street,165.38651328361593,False,BROOKLYN,"(40.5854774, -73.9493823)",trafficstat,False,False,False,False,False,False,False,False,False,,,,,,,
2026-08-18,00:00,40.589665,-73.9585943,E  12 ST,11235,61,UNKNOWN,Street,0.3944352696048967,False,BROOKLYN,"(40.589665, -73.9585943)",trafficstat,True,False,False,False,False,False,False,True,False,,,,,,,
2026-07-08,00:00,40.589665,-73.9585943,E  12 ST,11235,61,UNKNOWN,Street,0.3944352696048967,False,BROOKLYN,"(40.589665, -73.9585943)",trafficstat,True,False,False,True,False,False,False,False,False,,,,,,,
2026-08-18,00:00,40.6088079,-73.9531909,OCEAN AVE,11229,61,UNKNOWN,Street,0.12323469280059503,False,BROOKLYN,"(40.6088079, -73.9531909)",trafficstat,False,False,False,False,False,False,False,False,False,,,,,,,
2026-08-17,00:00,40.5861248,-73.9360348,BELT PKWY,11235,61,UNKNOWN,Highway,7.175725428103727,False,BROOKLYN,"(40.5861248, -73.9360348)",trafficstat,False,False,False,False,False,False,False,False,False,,,,,,,
2026-07-28,00:00,40.5861248,-73.9360348,BELT PKWY,11235,61,UNKNOWN,Highway,7.175725428103727,False,BROOKLYN,"(40.5861248, -73.9360348)",trafficstat,True,False,False,False,False,False,False,True,True,,,,,,,
2026-08-17,00:00,40.6078422,-73.9619648,CONEY ISLAND AVE,11223,61,UNKNOWN,Street,0.15629171198158853,False,BROOKLYN,"(40.6078422, -73.9619648)",trafficstat,False,False,False,False,False,False,False,False,False,,,,,,,
2026-08-17,00:00,40.6081812,-73.9436111,ALLEY,11229,61,UNKNOWN,Alley,58.203486996297336,False,BROOKLYN,"(40.6081812, -73.9436111)",trafficstat,False,False,False,False,False,False,False,False,False,,,,,,,
2026-08-16,00:00,40.6048024,-73.9667959,OCEAN PKWY,11223,61,UNKNOWN,Street,0.13995768848203693,False,BROOKLYN,"(40.6048024, -73.9667959)",trafficstat,True,False,False,False,False,False,False,True,False,,,,,,,
2026-08-16,00:00,40.5993145,-73.9729095,MCDONALD AVE,11223,61,UNKNOWN,Street,1.1780803838626865,False,BROOKLYN,"(40.5993145, -73.9729095)",trafficstat,True,False,False,True,False,False,False,False,False,,,,,,,
2026-08-16,00:00,40.5846208,-73.9271041,BELT PKWY,11229,61,OTHER,Highway,2.8276149537420268,False,BROOKLYN,"(40.5846208, -73.9271041)",trafficstat,False,False,False,False,False,False,False,False,False,,,,,,,
2026-08-14,00:00,40.5875431,-73.9581959,E  12 ST,11235,61,UNKNOWN,Street,0.2429968386489961,False,BROOKLYN,"(40.5875431, -73.9581959)",trafficstat,True,False,False,False,False,False,False,True,False,,,,,,,
2026-08-14,00:00,40.6095406,-73.9465239,E  27 ST,11229,61,UNKNOWN,Street,0.04979554398649333,False,BROOKLYN,"(40.6095406, -73.9465239)",trafficstat,True,False,False,False,False,False,False,False,False,,,,,,,
2026-08-14,00:00,40.6008808,-73.9466512,BEDFORD AVE,11229,61,UNKNOWN,Street,45.213221516928996,False,BROOKLYN,"(40.6008808, -73.9466512)",trafficstat,False,False,False,False,False,False,False,False,False,,,,,,,
2026-08-13,00:00,40.5920704,-73.977126,AVE W,11223,61,OTHER,Street,46.42893477735275,False,BROOKLYN,"(40.5920704, -73.977126)",trafficstat,True,False,False,True,False,False,False,False,False,,,,,,,
2026-08-13,00:00,40.6017957,-73.9725664,MCDONALD AVE,11223,61,UNKNOWN,Street,0.3266511556462434,False,BROOKLYN,"(40.6017957, -73.9725664)",trafficstat,True,False,False,False,False,False,False,False,False,,,,,,,
2026-08-12,00:00,40.6040288,-73.952294,OCEAN AVE,11229,61,OTHER,Street,0.17931633716860992,False,BROOKLYN,"(40.6040288, -73.952294)",trafficstat,False,False,False,False,False,False,False,False,False,,,,,,,
2026-07-13,00:00,40.6040288,-73.952294,OCEAN AVE,11229,61,UNKNOWN,Street,0.17931633716860992,False,BROOKLYN,"(40.6040288, -73.952294)",trafficstat,False,False,False,False,False,False,False,False,False,,,,,,,
2026-08-12,00:00,40.5995308,-73.9709829,E  1 ST,11223,61,UNKNOWN,Street,0.23440577320133524,False,BROOKLYN,"(40.5995308, -73.9709829)",trafficstat,True,False,False,False,False,False,True,False,False,,,,,,,
2026-08-12,00:00,40.598732,-73.95733,E  14 ST,11229,61,UNKNOWN,Street,0.6535254905754572,False,BROOKLYN,"(40.598732, -73.95733)",trafficstat,True,False,False,False,False,False,False,False,False,,,,,,,
2026-08-12,00:00,40.5911027,-73.9651428,OCEAN PKWY,11235,61,UNKNOWN,Street,1.071879987937342,False,BROOKLYN,"(40.5911027, -73.9651428)",trafficstat,False,False,False,False,False,False,False,False,False,,,,,,,
2026-08-11,00:00,40.5863751,-73.947889,E  21 ST,11235,61,UNKNOWN,Street,0.1521517258755081,False,BROOKLYN,"(40.5863751, -73.947889)",trafficstat,True,False,False,False,False,False,False,False,True,,,,,,,
2026-08-11,00:00,40.5959304,-73.9307454,CELESTE CT,11229,61,UNKNOWN,Street,23.17809868503884,False,BROOKLYN,"(40.5959304, -73.9307454)",trafficstat,False,False,False,False,False,False,False,False,False,,,,,,,
2026-08-11,00:00,40.5859349,-73.9518892,SHEEPSHEAD BAY RD,11235,61,OTHER,Street,1.1800654903655903,False,BROOKLYN,"(40.5859349, -73.9518892)",trafficstat,False,False,False,False,False,False,False,False,False,,,,,,,
2026-07-11,00:00,40.5859349,-73.9518892,SHEEPSHEAD BAY RD,11235,61,UNKNOWN,Street,1.1800654903655903,False,BROOKLYN,"(40.5859349, -73.9518892)",trafficstat,True,False,False,False,False,False,False,False,True,,,,,,,
2026-06-19,00:00,40.5859349,-73.9518892,SHEEPSHEAD BAY RD,11235,61,UNKNOWN,Street,1.1800654903655903,False,BROOKLYN,"(40.5859349, -73.9518892)",trafficstat,True,False,False,True,False,False,False,False,False,,,,,,,
2026-08-10,00:00,40.600987,-73.957759,E  14 ST,11229,61,UNKNOWN,Street,0.4400817945492671,False,BROOKLYN,"(40.600987, -73.957759)",trafficstat,True,False,False,False,False,False,False,False,False,,,,,,,
2026-08-09,00:00,40.5961924,-73.9803573,W  9 ST,11223,61,UNKNOWN,Street,0.11971591206239054,False,BROOKLYN,"(40.5961924, -73.9803573)",trafficstat,True,False,False,False,False,False,False,False,True,,,,,,,
2026-08-09,00:00,40.5843765,-73.9270936,BELT PKWY,11229,61,UNKNOWN,Highway,2.4123989098728162,False,BROOKLYN,"(40.5843765, -73.9270936)",trafficstat,False,False,False,False,False,False,False,False,False,,,,,,,
2026-08-07,00:00,40.5843765,-73.9270936,BELT PKWY,11229,61,OTHER,Highway,2.4123989098728162,False,BROOKLYN,"(40.5843765, -73.9270936)",trafficstat,False,False,False,False,False,False,False,False,False,,,,,,,
2026-06-30,00:00,40.5843765,-73.9270936,BELT PKWY,11229,61,UNKNOWN,Highway,2.4123989098728162,False,BROOKLYN,"(40.5843765, -73.9270936)",trafficstat,False,False,False,False,False,False,False,False,False,,,,,,,
2026-08-09,00:00,40.5869927,-73.9422575,E  27 ST,11235,61,UNKNOWN,Street,0.3326885716599532,False,BROOKLYN,"(40.5869927, -73.9422575)",trafficstat,True,False,False,False,False,False,False,True,False,,,,,,,
2026-08-08,00:00,40.59078,-73.9258963,GOTHAM AVE,11229,61,UNKNOWN,Street,25.352944800719154,False,BROOKLYN,"(40.59078, -73.9258963)",trafficstat,False,False,False,False,False,False,False,False,False,,,,,,,
2026-08-08,00:00,40.59616,-73.961028,CONEY ISLAND AVE,11223,61,UNKNOWN,Street,0.17830261782054252,False,BROOKLYN,"(40.59616, -73.961028)",trafficstat,True,False,False,False,True,False,False,False,False,,,,,,,
2026-08-07,00:00,40.5914311,-73.9604719,CONEY ISLAND AVE,11235,61,OTHER,Street,54.3366396041415,False,BROOKLYN,"(40.5914311, -73.9604719)",trafficstat,False,False,False,False,False,False,False,False,False,,,,,,,
2026-08-07,00:00,40.5975795,-73.9481215,E  23 ST,11229,61,OTHER,Street,0.4523681617411588,False,BROOKLYN,"(40.5975795, -73.9481215)",trafficstat,True,False,True,False,False,False,False,False,False,,,,,,,
2026-08-07,00:00,40.5937418,-73.9608458,CONEY ISLAND AVE,11223,61,OTHER,Street,0.02095440697241792,False,BROOKLYN,"(40.5937418, -73.9608458)",trafficstat,True,False,False,True,False,False,False,False,False,,,,,,,
2026-08-07,00:00,40.5938072,-73.9406097,NOSTRAND AVE,11235,61,UNKNOWN,Street,1.4522561557364062,False,BROOKLYN,"(40.5938072, -73.9406097)",trafficstat,True,False,True,False,False,False,False,False,False,,,,,,,
2026-08-06,00:00,40.5954311,-73.9546802,E  16 ST,11229,61,UNKNOWN,Street,36.142535632390405,False,BROOKLYN,"(40.5954311, -73.9546802)",trafficstat,False,False,False,False,False,False,False,False,False,,,,,,,
2026-08-06,00:00,40.5957227,-73.9411598,NOSTRAND AVE,11229,61,UNKNOWN,Street,49.28619312611371,False,BROOKLYN,"(40.5957227, -73.9411598)",trafficstat,True,False,False,False,False,False,False,False,False,,,,,,,
2026-08-06,00:00,40.579436,-73.9436345,IRWIN ST,11235,61,UNKNOWN,Street,52.41349398871584,False,BROOKLYN,"(40.579436, -73.9436345)",trafficstat,False,False,False,False,False,False,False,False,False,,,,,,,
2026-08-06,00:00,40.597833,-73.965485,OCEAN PKWY,11223,61,UNKNOWN,Street,0.21991014681080207,False,BROOKLYN,"(40.597833, -73.965485)",trafficstat,True,False,False,False,False,False,False,False,False,,,,,,,
2026-07-09,00:00,40.597833,-73.965485,OCEAN PKWY,11223,61,UNKNOWN,Street,0.21991014681080207,False,BROOKLYN,"(40.597833, -73.965485)",trafficstat,True,False,False,False,False,False,False,True,False,,,,,,,
2026-08-06,00:00,40.6118228,-73.950154,KINGS HWY,11229,61,UNKNOWN,Street,33.89915145255077,False,BROOKLYN,"(40.6118228, -73.950154)",trafficstat,False,False,False,False,False,False,False,False,False,,,,,,,
2026-08-04,00:00,40.6076437,-73.9621341,CONEY ISLAND AVE,11223,61,UNKNOWN,Street,55.13856084095123,False,BROOKLYN,"(40.6076437, -73.9621341)",trafficstat,True,False,False,False,False,False,False,False,False,,,,,,,
2026-08-04,00:00,40.59925,-73.95261,E  19 ST,11229,61,UNKNOWN,Street,0.9235646725423019,False,BROOKLYN,"(40.59925, -73.95261)",trafficstat,True,False,False,True,False,False,False,False,False,,,,,,,
2026-08-04,00:00,40.5845129,-73.9571728,E  12 ST,11235,61,OTHER,Street,39.593641358314215,False,BROOKLYN,"(40.5845129, -73.9571728)",trafficstat,False,False,False,False,False,False,False,False,False,,,,,,,
2026-08-04,00:00,40.585626,-73.9548561,SHORE PKWY,11235,61,UNKNOWN,Street,2.5375276101899447,False,BROOKLYN,"(40.585626, -73.9548561)",trafficstat,True,False,True,False,False,False,False,False,False,,,,,,,
2026-06-15,00:00,40.585626,-73.9548561,SHORE PKWY,11235,61,UNKNOWN,Street,2.5375276101899447,False,BROOKLYN,"(40.585626, -73.9548561)",trafficstat,True,False,False,False,False,False,False,True,False,,,,,,,
2026-08-04,00:00,40.586785,-73.9441479,BEDFORD AVE,11235,61,UNKNOWN,Street,0.3228755027793341,False,BROOKLYN,"(40.586785, -73.9441479)",trafficstat,True,False,False,True,False,False,False,False,False,,,,,,,
2026-08-03,00:00,40.5977962,-73.9444489,E  27 ST,11229,61,UNKNOWN,Street,40.60166208524609,False,BROOKLYN,"(40.5977962, -73.9444489)",trafficstat,False,False,False,False,False,False,False,False,False,,,,,,,
2026-08-02,00:00,40.6101568,-73.9592422,AVE P,11229,61,UNKNOWN,Street,66.33421837435884,False,BROOKLYN,"(40.6101568, -73.9592422)",trafficstat,False,False,False,False,False,False,False,False,False,,,,,,,
2026-08-02,00:00,40.5942761,-73.9781038,W  7 ST,11223,61,UNKNOWN,Street,0.15143024758149584,False,BROOKLYN,"(40.5942761, -73.9781038)",trafficstat,True,False,True,False,False,False,False,False,False,,,,,,,
2026-08-02,00:00,40.590721,-73.9669071,AVE X,11223,61,UNKNOWN,Street,71.27990613216508,False,BROOKLYN,"(40.590721, -73.9669071)",trafficstat,False,False,False,False,False,False,False,False,False,,,,,,,
2026-08-01,00:00,40.6021533,-73.9404301,BROWN ST,11229,61,UNKNOWN,Street,48.687027134620266,False,BROOKLYN,"(40.6021533, -73.9404301)",trafficstat,True,False,False,False,False,False,False,False,True,,,,,,,
2026-07-31,00:00,40.610949,-73.9536,OCEAN AVE,11230,61,OTHER,Street,0.42257807460556795,False,BROOKLYN,"(40.610949, -73.9536)",trafficstat,True,False,False,False,False,False,False,True,False,,,,,,,
2026-07-31,00:00,40.6046576,-73.9465494,E  26 ST,11229,61,UNKNOWN,Street,0.4613169900774438,False,BROOKLYN,"(40.6046576, -73.9465494)",trafficstat,False,False,False,False,False,False,False,False,False,,,,,,,
2026-07-31,00:00,40.5930443,-73.9685079,AVE W,11223,61,OTHER,Street,49.60789298560935,False,BROOKLYN,"(40.5930443, -73.9685079)",trafficstat,True,False,True,False,False,False,False,False,False,,,,,,,
2026-07-30,00:00,40.5846919,-73.9527974,E  16 ST,11235,61,OTHER,Street,0.21549309696615507,False,BROOKLYN,"(40.5846919, -73.9527974)",trafficstat,False,False,False,False,False,False,False,False,False,,,,,,,
2026-07-30,00:00,40.6008323,-73.9633713,E  8 ST,11223,61,UNKNOWN,Street,47.588195093170356,False,BROOKLYN,"(40.6008323, -73.9633713)",trafficstat,False,False,False,False,False,False,False,False,False,,,,,,,
2026-07-29,00:00,40.6090492,-73.9577399,KINGS HWY,11229,61,UNKNOWN,Street,18.103700918050556,False,BROOKLYN,"(40.6090492, -73.9577399)",trafficstat,False,False,False,False,False,False,False,False,False,,,,,,,
2026-07-29,00:00,40.5933231,-73.9646376,OCEAN PKWY,11223,61,UNKNOWN,Street,1.2302967039556456,False,BROOKLYN,"(40.5933231, -73.9646376)",trafficstat,True,False,False,False,False,True,False,False,False,,,,,,,
2026-07-29,00:00,40.6097498,-73.9625275,CONEY ISLAND AVE,11223,61,UNKNOWN,Street,53.29697379183316,False,BROOKLYN,"(40.6097498, -73.9625275)",trafficstat,True,False,False,False,False,False,False,False,False,,,,,,,
2026-07-28,00:00,40.6074151,-73.9402866,STUART ST,11229,61,UNKNOWN,Street,53.75280490982476,False,BROOKLYN,"(40.6074151, -73.9402866)",trafficstat,False,False,False,False,False,False,False,False,False,,,,,,,
2026-07-28,00:00,40.5850192,-73.9545663,BELT PKWY,11235,61,UNKNOWN,Highway,2.9476559556431208,False,BROOKLYN,"(40.5850192, -73.9545663)",trafficstat,True,False,False,False,False,False,False,False,True,,,,,,,
2026-07-28,00:00,40.6082677,-73.9423112,HARING ST,11229,61,UNKNOWN,Street,0.5744955701087293,False,BROOKLYN,"(40.6082677, -73.9423112)",trafficstat,True,False,True,False,False,False,False,False,False,,,,,,,
2026-07-28,00:00,40.5939231,-73.9796308,AVE V,11223,61,OTHER,Street,69.77045542995171,False,BROOKLYN,"(40.5939231, -73.9796308)",trafficstat,False,False,False,False,False,False,False,False,False,,,,,,,
2026-07-28,00:00,40.5953608,-73.9683021,E  3 ST,11223,61,OTHER,Street,0.026616083216039924,False,BROOKLYN,"(40.5953608, -73.9683021)",trafficstat,False,False,False,False,False,False,False,False,False,,,,,,,
2026-07-27,00:00,40.6125332,-73.94693,E  27 ST,11229,61,UNKNOWN,Street,46.576719304122626,False,BROOKLYN,"(40.6125332, -73.94693)",trafficstat,False,False,False,False,False,False,False,False,False,,,,,,,
2026-07-27,00:00,40.5893128,-73.9494219,OCEAN AVE,11235,61,UNKNOWN,Street,20.885771162404968,False,BROOKLYN,"(40.5893128, -73.9494219)",trafficstat,True,False,False,False,False,False,False,True,False,,,,,,,
2026-07-26,00:00,40.5942754,-73.9678749,E  3 ST,11223,61,UNKNOWN,Street,60.753924705347465,False,BROOKLYN,"(40.5942754, -73.9678749)",trafficstat,False,False,False,False,False,False,False,False,False,,,,,,,
2026-07-26,00:00,40.5849164,-73.9452562,BELT PKWY,11235,61,UNKNOWN,Highway,0.8799290876628895,False,BROOKLYN,"(40.5849164, -73.9452562)",trafficstat,False,False,False,False,False,False,False,False,False,,,,,,,
2026-06-20,00:00,40.5849164,-73.9452562,BELT PKWY,11235,61,OTHER,Highway,0.8799290876628895,False,BROOKLYN,"(40.5849164, -73.9452562)",trafficstat,False,False,False,False,False,False,False,False,False,,,,,,,
2026-07-26,00:00,40.585139,-73.9591731,SHORE PKWY,11235,61,OTHER,Street,2.7982502184967744,False,BROOKLYN,"(40.585139, -73.9591731)",trafficstat,True,False,False,False,False,False,False,False,True,,,,,,,
2026-06-25,00:00,40.585139,-73.9591731,SHORE PKWY,11235,61,UNKNOWN,Street,2.7982502184967744,False,BROOKLYN,"(40.585139, -73.9591731)",trafficstat,True,False,False,False,False,False,False,False,True,,,,,,,
2026-07-26,00:00,40.584065,-73.9339652,COYLE ST,11235,61,UNKNOWN,Street,0.03607141988636636,False,BROOKLYN,"(40.584065, -73.9339652)",trafficstat,True,False,False,True,False,False,False,False,False,,,,,,,
2026-07-07,00:00,40.584065,-73.9339652,COYLE ST,11235,61,OTHER,Street,0.03607141988636636,False,BROOKLYN,"(40.584065, -73.9339652)",trafficstat,True,False,True,False,False,False,False,False,False,,,,,,,
2026-07-26,00:00,40.5818291,-73.9528318,AMHERST ST,11235,61,UNKNOWN,Street,0.3117504259723972,False,BROOKLYN,"(40.5818291, -73.9528318)",trafficstat,True,False,False,False,False,True,False,False,False,,,,,,,
2026-07-26,00:00,40.5835377,-73.9496085,OCEAN AVE PEDESTRIAN BRG,11235,61,UNKNOWN,Bridge,0.06980911859182522,False,BROOKLYN,"(40.5835377, -73.9496085)",trafficstat,True,False,False,True,False,False,False,False,False,,,,,,,
2026-07-26,00:00,40.5816179,-73.9535733,SHORE BLVD,11235,61,UNKNOWN,Street,57.30778060304328,False,BROOKLYN,"(40.5816179, -73.9535733)",trafficstat,True,False,False,False,False,False,False,True,False,,,,,,,
2026-07-24,00:00,40.5830357,-73.9570323,GUIDER AVE,11235,61,UNKNOWN,Street,2.040235761215224,False,BROOKLYN,"(40.5830357, -73.9570323)",trafficstat,False,False,False,False,False,False,False,False,False,,,,,,,
2026-07-24,00:00,40.6045147,-73.9435298,E  29 ST,11229,61,UNKNOWN,Street,41.641252943721824,False,BROOKLYN,"(40.6045147, -73.9435298)",trafficstat,True,False,False,False,False,False,False,False,True,,,,,,,
2026-07-24,00:00,40.5939238,-73.9736607,MCDONALD AVE,11223,61,UNKNOWN,Street,1.0745747365360656,False,BROOKLYN,"(40.5939238, -73.9736607)",trafficstat,True,False,False,False,True,False,False,False,False,,,,,,,
2026-07-24,00:00,40.593906,-73.9593982,E  12 ST,11229,61,OTHER,Street,0.09020880263958228,False,BROOKLYN,"(40.593906, -73.9593982)",trafficstat,True,False,False,False,False,False,False,False,True,,,,,,,
2026-06-14,00:00,40.593906,-73.9593982,E  12 ST,11229,61,UNKNOWN,Street,0.09020880263958228,False,BROOKLYN,"(40.593906, -73.9593982)",trafficstat,False,False,False,False,False,False,False,False,False,,,,,,,
2026-07-23,00:00,40.5921041,-73.9269152,DICTUM CT,11229,61,UNKNOWN,Street,21.608835852017254,False,BROOKLYN,"(40.5921041, -73.9269152)",trafficstat,False,False,False,False,False,False,False,False,False,,,,,,,
2026-07-23,00:00,40.5890991,-73.9266913,BARTLETT PL,11229,61,UNKNOWN,Street,15.937941264242115,False,BROOKLYN,"(40.5890991, -73.9266913)",trafficstat,False,False,False,False,False,False,False,False,False,,,,,,,