crash_date,crash_time,latitude,longitude,on_street_name,zip_code,precinct,collision_type,roadway_type,geocode_dist_feet,time_is_known,borough,location,source,injury,fatality,injured_pedestrian,injured_cyclist,injured_ebike_rider,injured_motorcyclist,injured_moped_rider,injured_car_occupant,injured_suv_occupant,number_of_persons_injured,number_of_persons_killed,contributing_factor_vehicle_1,collision_id,cross_street_name,off_street_name,vehicle_type_code1
2026-07-22,00:00,40.5902402,-73.9729744,W  3 ST,11223,61,UNKNOWN,Street,0.32123033345214136,False,BROOKLYN,"(40.5902402, -73.9729744)",trafficstat,True,False,True,False,False,False,False,False,False,,,,,,,
2026-07-22,00:00,40.6008635,-73.932992,STUART ST,11229,61,UNKNOWN,Street,56.366193829863874,False,BROOKLYN,"(40.6008635, -73.932992)",trafficstat,False,False,False,False,False,False,False,False,False,,,,,,,
2026-07-21,00:00,40.594437,-73.964836,OCEAN PKWY,11223,61,UNKNOWN,Street,0.29430114591208983,False,BROOKLYN,"(40.594437, -73.964836)",trafficstat,True,False,True,False,False,False,False,False,False,,,,,,,
2026-07-21,00:00,40.5961593,-73.9520187,E  19 ST,11229,61,UNKNOWN,Street,0.19745813497413198,False,BROOKLYN,"(40.5961593, -73.9520187)",trafficstat,True,False,False,False,False,False,False,True,False,,,,,,,
2026-07-21,00:00,40.6016353,-73.9722737,AVE S,11223,61,UNKNOWN,Street,71.92748328514257,False,BROOKLYN,"(40.6016353, -73.9722737)",trafficstat,False,False,False,False,False,False,False,False,False,,,,,,,
2026-07-20,00:00,40.593742,-73.960846,CONEY ISLAND AVE,11223,61,UNKNOWN,Street,0.07211464783477561,False,BROOKLYN,"(40.593742, -73.960846)",trafficstat,False,False,False,False,False,False,False,False,False,,,,,,,
2026-07-20,00:00,40.587767,-73.952212,E  17 ST,11235,61,UNKNOWN,Street,45.47842568908089,False,BROOKLYN,"(40.587767, -73.952212)",trafficstat,False,False,False,False,False,False,False,False,False,,,,,,,
2026-07-19,00:00,40.5904273,-73.9634684,HUBBARD ST,11235,61,UNKNOWN,Street,40.112178842333535,False,BROOKLYN,"(40.5904273, -73.9634684)",trafficstat,True,False,False,False,False,False,False,False,True,,,,,,,
2026-07-18,00:00,40.5902001,-73.9300058,LACON CT,11229,61,UNKNOWN,Street,1.614043312921602,False,BROOKLYN,"(40.5902001, -73.9300058)",trafficstat,False,False,False,False,False,False,False,False,False,,,,,,,
2026-07-18,00:00,40.5852064,-73.9285889,SHORE PKWY,11235,61,UNKNOWN,Street,2.909693609796177,False,BROOKLYN,"(40.5852064, -73.9285889)",trafficstat,True,False,False,False,False,False,False,False,True,,,,,,,
2026-07-18,00:00,40.5967567,-73.9334126,KNAPP ST,11229,61,OTHER,Street,0.033508746745941474,False,BROOKLYN,"(40.5967567, -73.9334126)",trafficstat,True,False,False,False,False,False,False,False,True,,,,,,,
2026-07-17,00:00,40.6017339,-73.9350317,GERRITSEN AVE,11229,61,OTHER,Street,1.4258416684769146,False,BROOKLYN,"(40.6017339, -73.9350317)",trafficstat,False,False,False,False,False,False,False,False,False,,,,,,,
2026-07-17,00:00,40.585935,-73.9592338,E  11 ST,11235,61,UNKNOWN,Street,0.2955450216915058,False,BROOKLYN,"(40.585935, -73.9592338)",trafficstat,False,False,False,False,False,False,False,False,False,,,,,,,
2026-07-16,00:00,40.5849925,-73.9438074,BEDFORD AVE,11235,61,OTHER,Street,0.22674846393120038,False,BROOKLYN,"(40.5849925, -73.9438074)",trafficstat,True,False,False,True,False,False,False,False,False,,,,,,,
2026-07-15,00:00,40.6068998,-73.9433536,NOSTRAND AVE,11229,61,UNKNOWN,Street,65.62807205042992,False,BROOKLYN,"(40.6068998, -73.9433536)",trafficstat,True,False,False,False,False,False,False,True,False,,,,,,,
2026-07-15,00:00,40.6071059,-73.9526341,OCEAN AVE,11229,61,UNKNOWN,Street,64.22148351038169,False,BROOKLYN,"(40.6071059, -73.9526341)",trafficstat,True,False,False,False,False,False,False,False,True,,,,,,,
2026-07-14,00:00,40.6111132,-73.9525878,E  21 ST,11210,61,UNKNOWN,Street,0.013801850185932175,False,BROOKLYN,"(40.6111132, -73.9525878)",trafficstat,False,False,False,False,False,False,False,False,False,,,,,,,
2026-07-14,00:00,40.6098793,-73.9633718,E  10 ST,11223,61,OTHER,Street,0.2742475455735051,False,BROOKLYN,"(40.6098793, -73.9633718)",trafficstat,True,False,False,False,False,False,False,False,False,,,,,,,
2026-07-14,00:00,40.5930136,-73.9652074,OCEAN PKWY,11223,61,OTHER,Street,63.00455460213433,False,BROOKLYN,"(40.5930136, -73.9652074)",trafficstat,False,False,False,False,False,False,False,False,False,,,,,,,
2026-07-14,00:00,40.585351,-73.9415583,BELT PKWY,11235,61,OTHER,Highway,0.0990771628909624,False,BROOKLYN,"(40.585351, -73.9415583)",trafficstat,True,False,False,False,False,False,False,False,True,,,,,,,
2026-07-14,00:00,40.5943857,-73.9464266,E  24 ST,11229,61,OTHER,Street,38.223612883147,False,BROOKLYN,"(40.5943857, -73.9464266)",trafficstat,True,False,False,False,False,False,False,False,False,,,,,,,
2026-07-14,00:00,40.6093398,-73.9534979,OCEAN AVE,11229,61,UNKNOWN,Street,56.38501135479377,False,BROOKLYN,"(40.6093398, -73.9534979)",trafficstat,True,False,True,False,False,False,False,False,False,,,,,,,
2026-07-13,00:00,40.6147886,-73.9465737,E  28 ST,11229,61,UNKNOWN,Street,0.11666971544344416,False,BROOKLYN,"(40.6147886, -73.9465737)",trafficstat,True,False,False,True,False,False,False,False,False,,,,,,,
2026-07-13,00:00,40.5847825,-73.9601108,BELT PKWY,11235,61,UNKNOWN,Highway,3.277153166673304,False,BROOKLYN,"(40.5847825, -73.9601108)",trafficstat,False,False,False,False,False,False,False,False,False,,,,,,,
2026-07-06,00:00,40.5847825,-73.9601108,BELT PKWY,11235,61,UNKNOWN,Highway,3.277153166673304,False,BROOKLYN,"(40.5847825, -73.9601108)",trafficstat,False,False,False,False,False,False,False,False,False,,,,,,,
2026-07-13,00:00,40.5832653,-73.9545321,E  14 ST,11235,61,OTHER,Street,36.01734052087622,False,BROOKLYN,"(40.5832653, -73.9545321)",trafficstat,True,False,True,False,False,False,False,False,False,,,,,,,
2026-07-12,00:00,40.5904456,-73.9499288,OCEAN AVE,11235,61,UNKNOWN,Street,58.931564358004856,False,BROOKLYN,"(40.5904456, -73.9499288)",trafficstat,False,False,False,False,False,False,False,False,False,,,,,,,
2026-07-12,00:00,40.598835,-73.956406,E  15 ST,11229,61,OTHER,Street,1.0519933753275839,False,BROOKLYN,"(40.598835, -73.956406)",trafficstat,True,False,True,False,False,False,False,False,False,,,,,,,
2026-07-12,00:00,40.605753,-73.9619573,CONEY ISLAND AVE,11223,61,UNKNOWN,Street,53.77372023683922,False,BROOKLYN,"(40.605753, -73.9619573)",trafficstat,False,False,False,False,False,False,False,False,False,,,,,,,
2026-07-12,00:00,40.610653,-73.953545,OCEAN AVE,11229,61,UNKNOWN,Street,0.5693474817166512,False,BROOKLYN,"(40.610653, -73.953545)",trafficstat,True,False,True,False,False,False,False,False,False,,,,,,,
2026-07-12,00:00,40.609986,-73.962385,CONEY ISLAND AVE,11223,61,UNKNOWN,Street,0.023730974256184367,False,BROOKLYN,"(40.609986, -73.962385)",trafficstat,True,False,False,True,False,False,False,False,False,,,,,,,
2026-06-20,00:00,40.609986,-73.962385,CONEY ISLAND AVE,11223,61,OTHER,Street,0.023730974256184367,False,BROOKLYN,"(40.609986, -73.962385)",trafficstat,True,False,False,True,False,False,False,False,False,,,,,,,
2026-07-12,00:00,40.6107253,-73.9537761,KINGS HWY,11229,61,UNKNOWN,Street,47.06800005822642,False,BROOKLYN,"(40.6107253, -73.9537761)",trafficstat,False,False,False,False,False,False,False,False,False,,,,,,,
2026-07-11,00:00,40.60403,-73.95229,OCEAN AVE,11229,61,UNKNOWN,Street,1.3417426386463331,False,BROOKLYN,"(40.60403, -73.95229)",trafficstat,True,False,False,False,False,False,False,False,False,,,,,,,
2026-07-11,00:00,40.594214,-73.957917,GRAVESEND NECK RD,11229,61,UNKNOWN,Street,44.473687899702306,False,BROOKLYN,"(40.594214, -73.957917)",trafficstat,False,False,False,False,False,False,False,False,False,,,,,,,
2026-07-11,00:00,40.5874172,-73.9593481,E  11 ST,11235,61,UNKNOWN,Street,0.02809741492626987,False,BROOKLYN,"(40.5874172, -73.9593481)",trafficstat,True,False,False,False,False,False,False,False,False,,,,,,,
2026-07-10,00:00,40.5783179,-73.9398027,JUGHANDLE,11235,61,UNKNOWN,Street,0.3900710097491813,False,BROOKLYN,"(40.5783179, -73.9398027)",trafficstat,False,False,False,False,False,False,False,False,False,,,,,,,
2026-07-09,00:00,40.5874851,-73.9549105,SHEEPSHEAD BAY RD,11235,61,UNKNOWN,Street,38.5551300828394,False,BROOKLYN,"(40.5874851, -73.9549105)",trafficstat,False,False,False,False,False,False,False,False,False,,,,,,,
2026-07-09,00:00,40.5898838,-73.9565887,E  13 ST,11235,61,UNKNOWN,Street,0.34733434398042495,False,BROOKLYN,"(40.5898838, -73.9565887)",trafficstat,False,False,False,False,False,False,False,False,False,,,,,,,
2026-07-09,00:00,40.5848264,-73.9527087,BELT PKWY,11235,61,OTHER,Highway,9.78779863915266,False,BROOKLYN,"(40.5848264, -73.9527087)",trafficstat,False,False,False,False,False,False,False,False,False,,,,,,,
2026-07-09,00:00,40.6077734,-73.9589159,E  14 ST,11229,61,UNKNOWN,Street,34.588253235168295,False,BROOKLYN,"(40.6077734, -73.9589159)",trafficstat,False,False,False,False,False,False,False,False,False,,,,,,,
2026-07-08,00:00,40.5931255,-73.9462506,E  24 ST,11235,61,UNKNOWN,Street,20.89036944507999,False,BROOKLYN,"(40.5931255, -73.9462506)",trafficstat,False,False,False,False,False,False,False,False,False,,,,,,,
2026-07-08,00:00,40.5980987,-73.943411,E  28 ST,11229,61,UNKNOWN,Street,0.13176637167977978,False,BROOKLYN,"(40.5980987, -73.943411)",trafficstat,True,False,False,False,False,False,True,False,False,,,,,,,
2026-07-07,00:00,40.6095207,-73.9620856,CONEY ISLAND AVE,11223,61,UNKNOWN,Street,55.93619044272319,False,BROOKLYN,"(40.6095207, -73.9620856)",trafficstat,True,False,False,True,False,False,False,False,False,,,,,,,
2026-07-07,00:00,40.6074097,-73.965887,E  7 ST,11223,61,OTHER,Street,0.03879650717926475,False,BROOKLYN,"(40.6074097, -73.965887)",trafficstat,True,False,False,False,False,False,False,False,True,,,,,,,
2026-07-06,00:00,40.6032739,-73.9591368,E  13 ST,11229,61,UNKNOWN,Street,0.2492344427077916,False,BROOKLYN,"(40.6032739, -73.9591368)",trafficstat,True,False,False,False,False,False,False,False,False,,,,,,,
2026-07-06,00:00,40.5994289,-73.949848,AVE U,11229,61,UNKNOWN,Street,47.88760641191647,False,BROOKLYN,"(40.5994289, -73.949848)",trafficstat,False,False,False,False,False,False,False,False,False,,,,,,,
2026-07-06,00:00,40.5973585,-73.9709293,AVE U,11223,61,UNKNOWN,Street,42.20812351279493,False,BROOKLYN,"(40.5973585, -73.9709293)",trafficstat,True,False,False,False,False,False,False,False,False,,,,,,,
2026-07-06,00:00,40.5969787,-73.9732382,MCDONALD AVE,11223,61,UNKNOWN,Street,1.143371024160335,False,BROOKLYN,"(40.5969787, -73.9732382)",trafficstat,True,False,False,False,False,False,False,False,True,,,,,,,
2026-07-05,00:00,40.5898217,-73.9689943,E  1 ST,11223,61,UNKNOWN,Street,40.74674963724968,False,BROOKLYN,"(40.5898217, -73.9689943)",trafficstat,False,False,False,False,False,False,False,False,False,,,,,,,
2026-07-05,00:00,40.5892952,-73.9672891,E  3 ST,11223,61,OTHER,Street,38.72009068931077,False,BROOKLYN,"(40.5892952, -73.9672891)",trafficstat,False,False,False,False,False,False,False,False,False,,,,,,,
2026-07-04,00:00,40.5791576,-73.9533969,W  END AVE,11235,61,UNKNOWN,Street,21.019678996045563,False,BROOKLYN,"(40.5791576, -73.9533969)",trafficstat,True,False,False,False,False,True,False,False,False,,,,,,,
2026-07-04,00:00,40.6001295,-73.9623261,E  9 ST,11223,61,UNKNOWN,Street,39.632402218499934,False,BROOKLYN,"(40.6001295, -73.9623261)",trafficstat,False,False,False,False,False,False,False,False,False,,,,,,,
2026-07-03,00:00,40.6073179,-73.9623575,KINGS HWY,11223,61,OTHER,Street,41.09230725140418,False,BROOKLYN,"(40.6073179, -73.9623575)",trafficstat,False,False,False,False,False,False,False,False,False,,,,,,,
2026-07-02,00:00,40.5851131,-73.9434019,BELT PKWY,11235,61,OTHER,Highway,0.33947186123844103,False,BROOKLYN,"(40.5851131, -73.9434019)",trafficstat,False,False,False,False,False,False,False,False,False,,,,,,,
2026-07-02,00:00,40.5890415,-73.9445709,BEDFORD AVE,11235,61,UNKNOWN,Street,0.48774968831614457,False,BROOKLYN,"(40.5890415, -73.9445709)",trafficstat,True,False,False,False,False,False,False,False,False,,,,,,,
2026-07-02,00:00,40.5898235,-73.9525222,E  17 ST,11235,61,UNKNOWN,Street,67.42529518063775,False,BROOKLYN,"(40.5898235, -73.9525222)",trafficstat,False,False,False,False,False,False,False,False,False,,,,,,,
2026-07-01,00:00,40.5911688,-73.9578156,HOMECREST AVE,11235,61,UNKNOWN,Street,0.04078979033082608,False,BROOKLYN,"(40.5911688, -73.9578156)",trafficstat,False,False,False,False,False,False,False,False,False,,,,,,,
2026-07-01,00:00,40.5852357,-73.941544,BELT PKWY,11235,61,UNKNOWN,Highway,2.313697059234236,False,BROOKLYN,"(40.5852357, -73.941544)",trafficstat,False,False,False,False,False,False,False,False,False,,,,,,,
2026-07-01,00:00,40.599632,-73.93395,KNAPP ST,11229,61,UNKNOWN,Street,1.2065021346852702,False,BROOKLYN,"(40.599632, -73.93395)",trafficstat,True,False,False,False,False,True,False,False,False,,,,,,,
2026-07-01,00:00,40.5967925,-73.9379951,BATCHELDER ST,11229,61,UNKNOWN,Street,81.9631227812695,False,BROOKLYN,"(40.5967925, -73.9379951)",trafficstat,False,False,False,False,False,False,False,False,False,,,,,,,
2026-06-30,00:00,40.5989385,-73.9554773,E  16 ST,11229,61,UNKNOWN,Street,0.3036295330822181,False,BROOKLYN,"(40.5989385, -73.9554773)",trafficstat,True,False,False,False,False,False,False,False,True,,,,,,,
2026-06-30,00:00,40.5993815,-73.9514042,OCEAN AVE,11229,61,UNKNOWN,Street,0.3270060044941833,False,BROOKLYN,"(40.5993815, -73.9514042)",trafficstat,False,False,False,False,False,False,False,False,False,,,,,,,
2026-06-29,00:00,40.5834896,-73.9599662,CONEY ISLAND AVE,11235,61,OTHER,Street,0.9084494555200802,False,BROOKLYN,"(40.5834896, -73.9599662)",trafficstat,True,False,False,False,False,False,False,True,False,,,,,,,
2026-06-26,00:00,40.5972205,-73.9414687,NOSTRAND AVE,11229,61,UNKNOWN,Street,54.58236984848634,False,BROOKLYN,"(40.5972205, -73.9414687)",trafficstat,False,False,False,False,False,False,False,False,False,,,,,,,
2026-06-26,00:00,40.6009857,-73.93792,AVE U,11229,61,UNKNOWN,Street,40.57102028457625,False,BROOKLYN,"(40.6009857, -73.93792)",trafficstat,False,False,False,False,False,False,False,False,False,,,,,,,
2026-06-25,00:00,40.5836529,-73.9435529,BEDFORD AVE,11235,61,OTHER,Street,0.0803278651775065,False,BROOKLYN,"(40.5836529, -73.9435529)",trafficstat,True,False,False,False,False,False,False,True,False,,,,,,,
2026-06-25,00:00,40.5852769,-73.9590571,E  11 ST,11235,61,UNKNOWN,Street,35.22627717367482,False,BROOKLYN,"(40.5852769, -73.9590571)",trafficstat,False,False,False,False,False,False,False,False,False,,,,,,,
2026-06-24,00:00,40.5894515,-73.9605171,CONEY ISLAND AVE,11235,61,UNKNOWN,Street,0.027580808957763284,False,BROOKLYN,"(40.5894515, -73.9605171)",trafficstat,True,False,False,False,False,False,False,False,False,,,,,,,
2026-06-24,00:00,40.5920074,-73.9498085,OCEAN AVE,11235,61,OTHER,Street,55.514855650763145,False,BROOKLYN,"(40.5920074, -73.9498085)",trafficstat,False,False,False,False,False,False,False,False,False,,,,,,,
2026-06-24,00:00,40.5957084,-73.9650612,OCEAN PKWY,11223,61,UNKNOWN,Street,0.048940492807430375,False,BROOKLYN,"(40.5957084, -73.9650612)",trafficstat,True,False,False,False,False,False,False,True,False,,,,,,,
2026-06-21,00:00,40.5957084,-73.9650612,OCEAN PKWY,11223,61,UNKNOWN,Street,0.048940492807430375,False,BROOKLYN,"(40.5957084, -73.9650612)",trafficstat,True,False,False,False,False,False,False,False,True,,,,,,,
2026-06-23,00:00,40.6054986,-73.9379163,STUART ST,11229,61,OTHER,Street,1.6636702471773168,False,BROOKLYN,"(40.6054986, -73.9379163)",trafficstat,True,False,False,True,False,False,False,False,False,,,,,,,
2026-06-23,00:00,40.5871098,-73.9534601,SHEEPSHEAD BAY RD,11235,61,UNKNOWN,Street,46.061674381133315,False,BROOKLYN,"(40.5871098, -73.9534601)",trafficstat,False,False,False,False,False,False,False,False,False,,,,,,,
2026-06-22,00:00,40.6024665,-73.9663685,OCEAN PKWY,11223,61,UNKNOWN,Street,0.010483683343512747,False,BROOKLYN,"(40.6024665, -73.9663685)",trafficstat,True,False,False,False,False,True,False,False,False,,,,,,,
2026-06-22,00:00,40.6033693,-73.9569531,AVE S,11229,61,UNKNOWN,Street,52.88091039081806,False,BROOKLYN,"(40.6033693, -73.9569531)",trafficstat,False,False,False,False,False,False,False,False,False,,,,,,,
2026-06-22,00:00,40.608783,-73.9419114,AVE R,11229,61,UNKNOWN,Street,67.48544801963683,False,BROOKLYN,"(40.608783, -73.9419114)",trafficstat,False,False,False,False,False,False,False,False,False,,,,,,,
2026-06-22,00:00,40.611115,-73.95259,E  21 ST,11210,61,UNKNOWN,Street,0.5029885994601924,False,BROOKLYN,"(40.611115, -73.95259)",trafficstat,True,False,False,False,False,False,False,True,True,,,,,,,
2026-06-20,00:00,40.5863445,-73.9314464,HARKNESS AVE,11235,61,OTHER,Street,3.4254659558615943,False,BROOKLYN,"(40.5863445, -73.9314464)",trafficstat,True,False,False,False,False,False,False,False,True,,,,,,,
2026-06-20,00:00,40.589886,-73.95659,E  13 ST,11235,61,UNKNOWN,Street,0.5802797064951846,False,BROOKLYN,"(40.589886, -73.95659)",trafficstat,True,False,True,False,False,False,False,False,False,,,,,,,
2026-06-19,00:00,40.6033723,-73.9582112,E  14 ST,11229,61,OTHER,Street,0.5371467735230232,False,BROOKLYN,"(40.6033723, -73.9582112)",trafficstat,True,False,False,False,False,True,False,False,False,,,,,,,
2026-06-19,00:00,40.6021628,-73.9470592,BEDFORD AVE,11229,61,OTHER,Street,0.26247078169634347,False,BROOKLYN,"(40.6021628, -73.9470592)",trafficstat,True,False,True,False,False,False,False,False,False,,,,,,,
2026-06-18,00:00,40.587624,-73.92322,SEBA AVE,11229,61,UNKNOWN,Street,2.2219011819180547,False,BROOKLYN,"(40.587624, -73.92322)",trafficstat,True,False,False,False,True,False,False,False,False,,,,,,,
2026-06-18,00:00,40.587451,-73.9601564,AVE Z,11235,61,OTHER,Street,41.42985389190131,False,BROOKLYN,"(40.587451, -73.9601564)",trafficstat,True,False,True,False,False,False,False,False,False,,,,,,,
2026-06-17,00:00,40.5967287,-73.946272,BEDFORD AVE,11229,61,UNKNOWN,Street,67.22073201081302,False,BROOKLYN,"(40.5967287, -73.946272)",trafficstat,True,False,False,False,False,False,False,False,False,,,,,,,
2026-06-17,00:00,40.5990663,-73.9531017,AVE U,11229,61,OTHER,Street,49.81028429883686,False,BROOKLYN,"(40.5990663, -73.9531017)",trafficstat,True,False,False,False,False,False,False,False,False,,,,,,,
2026-06-17,00:00,40.6012408,-73.9342293,GERRITSEN AVE,11229,61,OTHER,Street,51.987890662403224,False,BROOKLYN,"(40.6012408, -73.9342293)",trafficstat,False,False,False,False,False,False,False,False,False,,,,,,,
2026-06-17,00:00,40.6093328,-73.9484149,BEDFORD AVE,11229,61,OTHER,Street,0.4595130886192159,False,BROOKLYN,"(40.6093328, -73.9484149)",trafficstat,False,False,False,False,False,False,False,False,False,,,,,,,
2026-06-16,00:00,40.5950849,-73.9497932,AVE W,11229,61,UNKNOWN,Street,43.96732600524129,False,BROOKLYN,"(40.5950849, -73.9497932)",trafficstat,True,False,True,False,False,False,False,False,False,,,,,,,
2026-06-16,00:00,40.5895661,-73.9397962,AVE Z,11235,61,UNKNOWN,Street,2.8241327188429226,False,BROOKLYN,"(40.5895661, -73.9397962)",trafficstat,True,False,True,False,False,False,False,False,False,,,,,,,
2026-06-16,00:00,40.585717,-73.9127558,SHORE PARKWAY GREENWAY,11235,61,OTHER,Bridge,0.6959841815410128,False,BROOKLYN,"(40.585717, -73.9127558)",trafficstat,False,False,False,False,False,False,False,False,False,,,,,,,
2026-06-15,00:00,40.5826594,-73.9564566,NEPTUNE AVE,11235,61,UNKNOWN,Street,2.8452221706880607,False,BROOKLYN,"(40.5826594, -73.9564566)",trafficstat,True,False,True,False,False,False,False,False,False,,,,,,,
2026-06-15,00:00,40.5917841,-73.9589962,E  12 ST,11235,61,UNKNOWN,Street,0.3478179078812644,False,BROOKLYN,"(40.5917841, -73.9589962)",trafficstat,True,False,True,False,False,False,False,False,False,,,,,,,
2026-06-14,00:00,40.5907625,-73.9603486,CONEY ISLAND AVE,11235,61,UNKNOWN,Street,74.45829563399313,False,BROOKLYN,"(40.5907625, -73.9603486)",trafficstat,False,False,False,False,False,False,False,False,False,,,,,,,
2026-06-14,00:00,40.5850447,-73.9564456,BELT PKWY,11235,61,UNKNOWN,Highway,1.7117794855115134,False,BROOKLYN,"(40.5850447, -73.9564456)",trafficstat,False,False,False,False,False,False,False,False,False,,,,,,,
2026-06-13,00:00,40.5853239,-73.9513326,SHEEPSHEAD BAY RD,11235,61,UNKNOWN,Street,39.61765898169895,False,BROOKLYN,"(40.5853239, -73.9513326)",trafficstat,False,False,False,False,False,False,False,False,False,,,,,,,
2026-06-13,00:00,40.592003,-73.957005,E  13 ST,11235,61,OTHER,Street,0.507407959614967,False,BROOKLYN,"(40.592003, -73.957005)",trafficstat,True,False,False,False,False,False,False,False,False,,,,,,,
2026-06-13,00:00,40.603452,-73.9535618,E  19 ST,11229,61,UNKNOWN,Street,43.91196077500165,False,BROOKLYN,"(40.603452, -73.9535618)",trafficstat,False,False,False,False,False,False,False,False,False,,,,,,,
2026-06-12,00:00,40.5978938,-73.9452657,E  26 ST,11229,61,UNKNOWN,Street,0.2078548488445063,False,BROOKLYN,"(40.5978938, -73.9452657)",trafficstat,True,False,False,False,False,False,False,True,True,,,,,,,
2026-06-12,00:00,40.589357,-73.9505308,E  19 ST,11235,61,UNKNOWN,Street,53.88477394799138,False,BROOKLYN,"(40.589357, -73.9505308)",trafficstat,False,False,False,False,False,False,False,False,False,,,,,,,
2026-06-12,00:00,40.60408,-73.9584677,E  14 ST,11229,61,UNKNOWN,Street,34.20187161576323,False,BROOKLYN,"(40.60408, -73.9584677)",trafficstat,True,False,True,False,False,False,False,False,False,,,,,,,
2026-09-13,00:00,40.5966277,-74.0023024,BELT PKWY,11214,62,UNKNOWN,Highway,3.591972391824787,False,BROOKLYN,"(40.5966277, -74.0023024)",trafficstat,False,False,False,False,False,False,False,False,False,,,,,,,
2026-09-13,00:00,40.6106264,-73.9985038,18 AVE,11214,62,UNKNOWN,Street,61.68355528606692,False,BROOKLYN,"(40.6106264, -73.9985038)",trafficstat,False,False,False,False,False,False,False,False,False,,,,,,,
2026-09-12,00:00,40.6241707,-73.9981985,65 ST,11219,62,UNKNOWN,Street,53.82703454375386,False,BROOKLYN,"(40.6241707, -73.9981985)",trafficstat,False,False,False,False,False,False,False,False,False,,,,,,,
2026-09-12,00:00,40.6030768,-74.0166678,BELT PKWY,11228,62,OTHER,Highway,2.874960646431396,False,BROOKLYN,"(40.6030768, -74.0166678)",trafficstat,False,False,False,False,False,False,False,False,False,,,,,,,
2026-09-06,00:00,40.6030768,-74.0166678,BELT PKWY,11228,62,OTHER,Highway,2.874960646431396,False,BROOKLYN,"(40.6030768, -74.0166678)",trafficstat,True,False,False,False,False,False,False,False,True,,,,,,,
2026-08-13,00:00,40.6030768,-74.0166678,BELT PKWY,11228,62,UNKNOWN,Highway,2.874960646431396,False,BROOKLYN,"(40.6030768, -74.0166678)",trafficstat,True,False,False,False,False,False,False,False,True,,,,,,,
2026-08-08,00:00,40.6030768,-74.0166678,BELT PKWY,11228,62,OTHER,Highway,2.874960646431396,False,BROOKLYN,"(40.6030768, -74.0166678)",trafficstat,True,False,False,False,False,False,False,False,True,,,,,,,
2026-08-02,00:00,40.6030768,-74.0166678,BELT PKWY,11228,62,OTHER,Highway,2.874960646431396,False,BROOKLYN,"(40.6030768, -74.0166678)",trafficstat,False,False,False,False,False,False,False,False,False,,,,,,,
2026-09-11,00:00,40.6188582,-73.9957512,BAY RIDGE AVE,11204,62,UNKNOWN,Street,18.767852415070273,False,BROOKLYN,"(40.6188582, -73.9957512)",trafficstat,False,False,False,False,False,False,False,False,False,,,,,,,
2026-09-11,00:00,40.6133957,-74.0006267,NEW UTRECHT AVE,11214,62,OTHER,Street,0.9354427096027855,False,BROOKLYN,"(40.6133957, -74.0006267)",trafficstat,True,False,False,False,False,False,False,False,False,,,,,,,
2026-09-11,00:00,40.6072583,-74.0026434,86 ST,11214,62,UNKNOWN,Street,1.6700708658501853,False,BROOKLYN,"(40.6072583, -74.0026434)",trafficstat,True,False,False,True,False,False,False,False,False,,,,,,,
2026-09-11,00:00,40.6076563,-73.9986674,19 AVE,11214,62,OTHER,Street,2.1616203193697117,False,BROOKLYN,"(40.6076563, -73.9986674)",trafficstat,True,False,False,False,False,False,False,False,False,,,,,,,
2026-09-11,00:00,40.6215242,-73.9978139,67 ST,11219,62,UNKNOWN,Street,44.33493652702603,False,BROOKLYN,"(40.6215242, -73.9978139)",trafficstat,False,False,False,False,False,False,False,False,False,,,,,,,
2026-09-10,00:00,40.62051,-73.9924678,17 AVE,11204,62,UNKNOWN,Street,1.6596046801243882,False,BROOKLYN,"(40.62051, -73.9924678)",trafficstat,True,False,True,False,False,False,False,False,False,,,,,,,
2026-09-10,00:00,40.6096839,-73.9857593,W  12 ST,11204,62,UNKNOWN,Street,0.06705632272686482,False,BROOKLYN,"(40.6096839, -73.9857593)",trafficstat,True,False,False,False,False,False,False,False,True,,,,,,,
2026-09-10,00:00,40.610316,-74.0030685,17 AVE,11214,62,UNKNOWN,Street,2.059144660020345,False,BROOKLYN,"(40.610316, -74.0030685)",trafficstat,False,False,False,False,False,False,False,False,False,,,,,,,
2026-09-10,00:00,40.6087019,-73.9740294,DAHILL RD,11223,62,UNKNOWN,Street,0.3337895865001086,False,BROOKLYN,"(40.6087019, -73.9740294)",trafficstat,False,False,False,False,False,False,False,False,False,,,,,,,
2026-08-20,00:00,40.6087019,-73.9740294,DAHILL RD,11223,62,UNKNOWN,Street,0.3337895865001086,False,BROOKLYN,"(40.6087019, -73.9740294)",trafficstat,False,False,False,False,False,False,False,False,False,,,,,,,
2026-07-22,00:00,40.6087019,-73.9740294,DAHILL RD,11223,62,UNKNOWN,Street,0.3337895865001086,False,BROOKLYN,"(40.6087019, -73.9740294)",trafficstat,True,False,False,False,False,False,False,False,True,,,,,,,
2026-09-10,00:00,40.5986478,-74.0044508,20 AVE,11214,62,UNKNOWN,Street,1.8267014228936007,False,BROOKLYN,"(40.5986478, -74.0044508)",trafficstat,False,False,False,False,False,False,False,False,False,,,,,,,
2026-09-09,00:00,40.593979,-73.9961796,SHORE PKWY,11214,62,UNKNOWN,Street,1.9972422665707987,False,BROOKLYN,"(40.593979, -73.9961796)",trafficstat,False,False,False,False,False,False,False,False,False,,,,,,,
2026-09-09,00:00,40.592832,-73.9969531,SHORE PKWY,11214,62,OTHER,Street,206.34194713479386,False,BROOKLYN,"(40.592832, -73.9969531)",trafficstat,False,False,False,False,False,False,False,False,False,,,,,,,