crash_date,crash_time,latitude,longitude,on_street_name,zip_code,precinct,collision_type,roadway_type,geocode_dist_feet,time_is_known,borough,location,source,injury,fatality,injured_pedestrian,injured_cyclist,injured_ebike_rider,injured_motorcyclist,injured_moped_rider,injured_car_occupant,injured_suv_occupant,number_of_persons_injured,number_of_persons_killed,contributing_factor_vehicle_1,collision_id,cross_street_name,off_street_name,vehicle_type_code1
2026-07-11,00:00,40.592832,-73.9969531,SHORE PKWY,11214,62,UNKNOWN,Street,206.34194713479386,False,BROOKLYN,"(40.592832, -73.9969531)",trafficstat,True,False,False,False,False,False,False,True,False,,,,,,,
2026-06-25,00:00,40.592832,-73.9969531,SHORE PKWY,11214,62,UNKNOWN,Street,206.34194713479386,False,BROOKLYN,"(40.592832, -73.9969531)",trafficstat,True,False,False,False,False,True,False,False,False,,,,,,,
2026-09-09,00:00,40.6035404,-74.018627,BELT PKWY,11228,62,UNKNOWN,Highway,6.861043327620989,False,BROOKLYN,"(40.6035404, -74.018627)",trafficstat,True,False,False,False,False,False,False,True,False,,,,,,,
2026-08-28,00:00,40.6035404,-74.018627,BELT PKWY,11228,62,UNKNOWN,Highway,6.861043327620989,False,BROOKLYN,"(40.6035404, -74.018627)",trafficstat,True,False,False,False,False,False,False,False,True,,,,,,,
2026-07-12,00:00,40.6035404,-74.018627,BELT PKWY,11228,62,UNKNOWN,Highway,6.861043327620989,False,BROOKLYN,"(40.6035404, -74.018627)",trafficstat,True,False,False,False,False,False,False,True,False,,,,,,,
2026-09-09,00:00,40.6020617,-74.0133401,BELT PKWY,11214,62,UNKNOWN,Highway,6.531108605429374,False,BROOKLYN,"(40.6020617, -74.0133401)",trafficstat,True,False,False,False,False,False,False,False,True,,,,,,,
2026-08-03,00:00,40.6020617,-74.0133401,BELT PKWY,11214,62,UNKNOWN,Highway,6.531108605429374,False,BROOKLYN,"(40.6020617, -74.0133401)",trafficstat,True,False,False,False,False,False,False,True,False,,,,,,,
2026-09-09,00:00,40.606423,-74.0146936,CROPSEY AVE,11228,62,UNKNOWN,Street,2.4556387301757283,False,BROOKLYN,"(40.606423, -74.0146936)",trafficstat,False,False,False,False,False,False,False,False,False,,,,,,,
2026-09-08,00:00,40.6032756,-73.9960566,21 AVE,11214,62,UNKNOWN,Street,1.6164008694129801,False,BROOKLYN,"(40.6032756, -73.9960566)",trafficstat,True,False,False,True,False,False,False,False,False,,,,,,,
2026-09-06,00:00,40.601431,-74.0051388,CROPSEY AVE,11214,62,UNKNOWN,Street,2.170239141446406,False,BROOKLYN,"(40.601431, -74.0051388)",trafficstat,True,False,False,False,False,False,False,False,True,,,,,,,
2026-08-08,00:00,40.601431,-74.0051388,CROPSEY AVE,11214,62,UNKNOWN,Street,2.170239141446406,False,BROOKLYN,"(40.601431, -74.0051388)",trafficstat,True,False,False,True,False,False,False,False,False,,,,,,,
2026-09-06,00:00,40.5961913,-74.0005199,BELT PKWY,11214,62,UNKNOWN,Highway,3.9670761201431053,False,BROOKLYN,"(40.5961913, -74.0005199)",trafficstat,False,False,False,False,False,False,False,False,False,,,,,,,
2026-09-05,00:00,40.5990448,-73.9777866,W  6 ST,11223,62,UNKNOWN,Street,54.99133872965652,False,BROOKLYN,"(40.5990448, -73.9777866)",trafficstat,False,False,False,False,False,False,False,False,False,,,,,,,
2026-09-05,00:00,40.5998502,-74.0075219,SHORE PKWY,11214,62,UNKNOWN,Street,56.810619589602425,False,BROOKLYN,"(40.5998502, -74.0075219)",trafficstat,False,False,False,False,False,False,False,False,False,,,,,,,
2026-09-05,00:00,40.6030779,-74.0046347,BAY 20 ST,11214,62,UNKNOWN,Street,2.4042904976991957,False,BROOKLYN,"(40.6030779, -74.0046347)",trafficstat,True,False,False,False,False,False,False,False,True,,,,,,,
2026-09-04,00:00,40.5972673,-73.9986568,CROPSEY AVE,11214,62,OTHER,Street,2.192282846742624,False,BROOKLYN,"(40.5972673, -73.9986568)",trafficstat,False,False,False,False,False,False,False,False,False,,,,,,,
2026-08-29,00:00,40.5972673,-73.9986568,CROPSEY AVE,11214,62,UNKNOWN,Street,2.192282846742624,False,BROOKLYN,"(40.5972673, -73.9986568)",trafficstat,False,False,False,False,False,False,False,False,False,,,,,,,
2026-06-18,00:00,40.5972673,-73.9986568,CROPSEY AVE,11214,62,UNKNOWN,Street,2.192282846742624,False,BROOKLYN,"(40.5972673, -73.9986568)",trafficstat,False,False,False,False,False,False,False,False,False,,,,,,,
2026-06-17,00:00,40.5972673,-73.9986568,CROPSEY AVE,11214,62,UNKNOWN,Street,2.192282846742624,False,BROOKLYN,"(40.5972673, -73.9986568)",trafficstat,True,False,False,False,False,False,False,True,False,,,,,,,
2026-06-14,00:00,40.5972673,-73.9986568,CROPSEY AVE,11214,62,UNKNOWN,Street,2.192282846742624,False,BROOKLYN,"(40.5972673, -73.9986568)",trafficstat,True,False,True,False,False,False,False,False,False,,,,,,,
2026-09-03,00:00,40.5985518,-73.9973388,BATH AVE,11214,62,UNKNOWN,Street,1.8504796188515873,False,BROOKLYN,"(40.5985518, -73.9973388)",trafficstat,True,False,True,False,False,False,False,False,False,,,,,,,
2026-07-05,00:00,40.5985518,-73.9973388,BATH AVE,11214,62,UNKNOWN,Street,1.8504796188515873,False,BROOKLYN,"(40.5985518, -73.9973388)",trafficstat,False,False,False,False,False,False,False,False,False,,,,,,,
2026-09-03,00:00,40.5945609,-73.9975709,BELT PKWY,11214,62,OTHER,Highway,6.12932180948932,False,BROOKLYN,"(40.5945609, -73.9975709)",trafficstat,False,False,False,False,False,False,False,False,False,,,,,,,
2026-07-25,00:00,40.5945609,-73.9975709,BELT PKWY,11214,62,UNKNOWN,Highway,6.12932180948932,False,BROOKLYN,"(40.5945609, -73.9975709)",trafficstat,True,False,False,False,False,False,False,False,True,,,,,,,
2026-06-29,00:00,40.5945609,-73.9975709,BELT PKWY,11214,62,UNKNOWN,Highway,6.12932180948932,False,BROOKLYN,"(40.5945609, -73.9975709)",trafficstat,True,False,False,False,False,False,False,False,True,,,,,,,
2026-09-03,00:00,40.6124963,-73.9792072,65 ST,11204,62,OTHER,Street,2.226094169635172,False,BROOKLYN,"(40.6124963, -73.9792072)",trafficstat,True,False,False,False,False,False,False,True,False,,,,,,,
2026-09-03,00:00,40.6141108,-73.991258,71 ST,11204,62,UNKNOWN,Street,40.924631902859524,False,BROOKLYN,"(40.6141108, -73.991258)",trafficstat,False,False,False,False,False,False,False,False,False,,,,,,,
2026-09-03,00:00,40.6236804,-73.9977125,NEW UTRECHT AVE,11219,62,OTHER,Street,1.2371347188703314,False,BROOKLYN,"(40.6236804, -73.9977125)",trafficstat,False,False,False,False,False,False,False,False,False,,,,,,,
2026-08-29,00:00,40.6236804,-73.9977125,NEW UTRECHT AVE,11219,62,UNKNOWN,Street,1.2371347188703314,False,BROOKLYN,"(40.6236804, -73.9977125)",trafficstat,True,False,False,False,False,False,False,True,False,,,,,,,
2026-09-02,00:00,40.615005,-73.98022,63 ST,11204,62,UNKNOWN,Street,2.062192535480934,False,BROOKLYN,"(40.615005, -73.98022)",trafficstat,True,False,False,False,False,False,False,False,False,,,,,,,
2026-09-02,00:00,40.6126917,-73.9826576,W  8 ST,11204,62,UNKNOWN,Street,1.6284624405938988,False,BROOKLYN,"(40.6126917, -73.9826576)",trafficstat,True,False,False,False,False,False,False,True,False,,,,,,,
2026-06-17,00:00,40.6126917,-73.9826576,W  8 ST,11204,62,UNKNOWN,Street,1.6284624405938988,False,BROOKLYN,"(40.6126917, -73.9826576)",trafficstat,False,False,False,False,False,False,False,False,False,,,,,,,
2026-09-02,00:00,40.6157809,-73.9999423,NEW UTRECHT AVE,11214,62,UNKNOWN,Street,1.417982026307828,False,BROOKLYN,"(40.6157809, -73.9999423)",trafficstat,True,False,True,False,False,False,False,False,False,,,,,,,
2026-06-23,00:00,40.6157809,-73.9999423,NEW UTRECHT AVE,11214,62,UNKNOWN,Street,1.417982026307828,False,BROOKLYN,"(40.6157809, -73.9999423)",trafficstat,True,False,False,False,True,False,False,False,False,,,,,,,
2026-09-02,00:00,40.5980334,-73.9981205,BAY 29 ST,11214,62,UNKNOWN,Street,223.8893342297155,False,BROOKLYN,"(40.5980334, -73.9981205)",trafficstat,True,False,False,False,False,False,False,False,True,,,,,,,
2026-09-02,00:00,40.5963809,-73.9798107,AVE U,11223,62,UNKNOWN,Street,42.79873782350198,False,BROOKLYN,"(40.5963809, -73.9798107)",trafficstat,True,False,False,False,False,False,False,False,True,,,,,,,
2026-09-01,00:00,40.5935974,-73.996127,BELT PKWY,11214,62,UNKNOWN,Highway,7.994086632419815,False,BROOKLYN,"(40.5935974, -73.996127)",trafficstat,True,False,False,False,False,False,False,True,False,,,,,,,
2026-09-01,00:00,40.6137206,-74.0105915,14 AVE,11228,62,UNKNOWN,Street,23.086774781726668,False,BROOKLYN,"(40.6137206, -74.0105915)",trafficstat,False,False,False,False,False,False,False,False,False,,,,,,,
2026-09-01,00:00,40.6102189,-73.983962,W  10 ST,11204,62,UNKNOWN,Street,0.3634543650647641,False,BROOKLYN,"(40.6102189, -73.983962)",trafficstat,True,False,False,True,False,False,False,False,False,,,,,,,
2026-09-01,00:00,40.6191569,-73.9938764,67 ST,11204,62,UNKNOWN,Street,1.780781477237849,False,BROOKLYN,"(40.6191569, -73.9938764)",trafficstat,False,False,False,False,False,False,False,False,False,,,,,,,
2026-09-01,00:00,40.6246548,-73.9993191,65 ST,11219,62,UNKNOWN,Street,1.935741364229576,False,BROOKLYN,"(40.6246548, -73.9993191)",trafficstat,True,False,False,False,False,False,False,False,True,,,,,,,
2026-08-31,00:00,40.6019497,-73.9938096,86 ST,11214,62,UNKNOWN,Street,2.0498218448254706,False,BROOKLYN,"(40.6019497, -73.9938096)",trafficstat,True,False,False,False,False,False,False,False,True,,,,,,,
2026-08-31,00:00,40.6030164,-74.0168803,BELT PKWY,11214,62,OTHER,Highway,7.7883024308838005,False,BROOKLYN,"(40.6030164, -74.0168803)",trafficstat,True,False,False,False,False,False,False,False,True,,,,,,,
2026-07-25,00:00,40.6030164,-74.0168803,BELT PKWY,11214,62,UNKNOWN,Highway,7.7883024308838005,False,BROOKLYN,"(40.6030164, -74.0168803)",trafficstat,False,False,False,False,False,False,False,False,False,,,,,,,
2026-08-31,00:00,40.6014544,-73.9916774,85 ST,11214,62,UNKNOWN,Street,47.025200642537115,False,BROOKLYN,"(40.6014544, -73.9916774)",trafficstat,False,False,False,False,False,False,False,False,False,,,,,,,
2026-08-30,00:00,40.5965453,-73.9783134,W  7 ST,11223,62,UNKNOWN,Street,59.497886544193456,False,BROOKLYN,"(40.5965453, -73.9783134)",trafficstat,False,False,False,False,False,False,False,False,False,,,,,,,
2026-08-30,00:00,40.6233236,-73.9971217,65 ST,11219,62,UNKNOWN,Street,1.9747499878967478,False,BROOKLYN,"(40.6233236, -73.9971217)",trafficstat,True,False,False,True,False,False,False,False,False,,,,,,,
2026-08-29,00:00,40.621581,-73.9979106,67 ST,11219,62,UNKNOWN,Street,46.28297535305817,False,BROOKLYN,"(40.621581, -73.9979106)",trafficstat,False,False,False,False,False,False,False,False,False,,,,,,,
2026-08-29,00:00,40.5935432,-74.0008116,,,62,OTHER,,384.60759775880865,False,BROOKLYN,"(40.5935432, -74.0008116)",trafficstat,True,False,False,False,False,False,False,False,True,,,,,,,
2026-08-03,00:00,40.5935432,-74.0008116,,,62,OTHER,,384.60759775880865,False,BROOKLYN,"(40.5935432, -74.0008116)",trafficstat,True,False,False,False,False,False,False,True,False,,,,,,,
2026-07-25,00:00,40.5935432,-74.0008116,,,62,UNKNOWN,,384.60759775880865,False,BROOKLYN,"(40.5935432, -74.0008116)",trafficstat,False,False,False,False,False,False,False,False,False,,,,,,,
2026-07-22,00:00,40.5935432,-74.0008116,,,62,UNKNOWN,,384.60759775880865,False,BROOKLYN,"(40.5935432, -74.0008116)",trafficstat,False,False,False,False,False,False,False,False,False,,,,,,,
2026-08-29,00:00,40.6050471,-73.9903223,BAY PKWY,11214,62,UNKNOWN,Street,58.955132485449326,False,BROOKLYN,"(40.6050471, -73.9903223)",trafficstat,False,False,False,False,False,False,False,False,False,,,,,,,
2026-08-29,00:00,40.608796,-74.0132526,BAY 8 ST,11228,62,OTHER,Street,42.223535442234414,False,BROOKLYN,"(40.608796, -74.0132526)",trafficstat,False,False,False,False,False,False,False,False,False,,,,,,,
2026-08-28,00:00,40.6025363,-74.0151084,BELT PKWY,11214,62,UNKNOWN,Highway,6.673975741027717,False,BROOKLYN,"(40.6025363, -74.0151084)",trafficstat,True,False,False,True,False,False,False,False,False,,,,,,,
2026-06-29,00:00,40.6025363,-74.0151084,BELT PKWY,11214,62,UNKNOWN,Highway,6.673975741027717,False,BROOKLYN,"(40.6025363, -74.0151084)",trafficstat,False,False,False,False,False,False,False,False,False,,,,,,,
2026-08-28,00:00,40.6028136,-74.01452,SHORE PKWY,11214,62,UNKNOWN,Street,2.350583124018848,False,BROOKLYN,"(40.6028136, -74.01452)",trafficstat,False,False,False,False,False,False,False,False,False,,,,,,,
2026-08-27,00:00,40.6048495,-73.9821682,W  9 ST,11223,62,UNKNOWN,Street,46.37417402204216,False,BROOKLYN,"(40.6048495, -73.9821682)",trafficstat,False,False,False,False,False,False,False,False,False,,,,,,,
2026-08-27,00:00,40.6095141,-73.9895662,BAY RIDGE PKWY,11204,62,UNKNOWN,Street,1.9365983646841458,False,BROOKLYN,"(40.6095141, -73.9895662)",trafficstat,False,False,False,False,False,False,False,False,False,,,,,,,
2026-08-27,00:00,40.6199089,-73.9930911,66 ST,11204,62,OTHER,Street,1.8718128564674208,False,BROOKLYN,"(40.6199089, -73.9930911)",trafficstat,True,False,True,False,False,False,False,False,False,,,,,,,
2026-08-27,00:00,40.612495,-73.97921,65 ST,11204,62,OTHER,Street,3.0825576389311764,False,BROOKLYN,"(40.612495, -73.97921)",trafficstat,False,False,False,False,False,False,False,False,False,,,,,,,
2026-08-26,00:00,40.6002892,-74.0048362,BAY 22 ST,11214,62,OTHER,Street,65.52014495029738,False,BROOKLYN,"(40.6002892, -74.0048362)",trafficstat,False,False,False,False,False,False,False,False,False,,,,,,,
2026-08-26,00:00,40.621995,-73.9949208,16 AVE,11204,62,OTHER,Street,1.6894859359797274,False,BROOKLYN,"(40.621995, -73.9949208)",trafficstat,True,False,False,True,False,False,False,False,False,,,,,,,
2026-06-19,00:00,40.621995,-73.9949208,16 AVE,11204,62,OTHER,Street,1.6894859359797274,False,BROOKLYN,"(40.621995, -73.9949208)",trafficstat,True,False,False,False,False,False,False,True,False,,,,,,,
2026-06-16,00:00,40.621995,-73.9949208,16 AVE,11204,62,UNKNOWN,Street,1.6894859359797274,False,BROOKLYN,"(40.621995, -73.9949208)",trafficstat,True,False,False,True,False,False,False,False,False,,,,,,,
2026-08-25,00:00,40.6157064,-73.9918933,70 ST,11204,62,UNKNOWN,Street,44.73250800279853,False,BROOKLYN,"(40.6157064, -73.9918933)",trafficstat,False,False,False,False,False,False,False,False,False,,,,,,,
2026-08-25,00:00,40.596944,-73.9863236,BAY 41 ST,11214,62,UNKNOWN,Street,101.79755048791606,False,BROOKLYN,"(40.596944, -73.9863236)",trafficstat,False,False,False,False,False,False,False,False,False,,,,,,,
2026-08-25,00:00,40.6042826,-73.973048,LAKE ST,11223,62,OTHER,Street,1.014752573723566,False,BROOKLYN,"(40.6042826, -73.973048)",trafficstat,False,False,False,False,False,False,False,False,False,,,,,,,
2026-08-25,00:00,40.6138389,-73.9814363,65 ST,11204,62,UNKNOWN,Street,1.5859836406171313,False,BROOKLYN,"(40.6138389, -73.9814363)",trafficstat,False,False,False,False,False,False,False,False,False,,,,,,,
2026-08-24,00:00,40.6132379,-73.9820596,BAY PKWY,11204,62,UNKNOWN,Bridge,2.597883664251163,False,BROOKLYN,"(40.6132379, -73.9820596)",trafficstat,True,False,False,False,False,False,False,False,True,,,,,,,
2026-08-23,00:00,40.6148312,-73.9983719,BAY RIDGE PKWY,11204,62,UNKNOWN,Street,2.0870130271229375,False,BROOKLYN,"(40.6148312, -73.9983719)",trafficstat,False,False,False,False,False,False,False,False,False,,,,,,,
2026-08-22,00:00,40.6148312,-73.9983719,BAY RIDGE PKWY,11204,62,UNKNOWN,Street,2.0870130271229375,False,BROOKLYN,"(40.6148312, -73.9983719)",trafficstat,False,False,False,False,False,False,False,False,False,,,,,,,
2026-08-23,00:00,40.599933,-73.9962391,BAY PKWY,11214,62,UNKNOWN,Street,70.7958950624587,False,BROOKLYN,"(40.599933, -73.9962391)",trafficstat,False,False,False,False,False,False,False,False,False,,,,,,,
2026-08-23,00:00,40.5919203,-73.9940049,SHORE PKWY,11214,62,UNKNOWN,Street,1.4493208884240514,False,BROOKLYN,"(40.5919203, -73.9940049)",trafficstat,True,False,False,True,False,False,False,False,False,,,,,,,
2026-08-22,00:00,40.5965783,-74.0016866,BELT PARKWAY WB BAY PARKWAY EN,11214,62,UNKNOWN,Ramp,1.8318530821145602,False,BROOKLYN,"(40.5965783, -74.0016866)",trafficstat,False,False,False,False,False,False,False,False,False,,,,,,,
2026-08-22,00:00,40.6002316,-73.9955922,BENSON AVE,11214,62,UNKNOWN,Street,2.12097964993878,False,BROOKLYN,"(40.6002316, -73.9955922)",trafficstat,True,False,False,False,False,False,False,False,False,,,,,,,
2026-08-06,00:00,40.6002316,-73.9955922,BENSON AVE,11214,62,UNKNOWN,Street,2.12097964993878,False,BROOKLYN,"(40.6002316, -73.9955922)",trafficstat,True,False,False,False,False,False,False,True,False,,,,,,,
2026-07-27,00:00,40.6002316,-73.9955922,BENSON AVE,11214,62,UNKNOWN,Street,2.12097964993878,False,BROOKLYN,"(40.6002316, -73.9955922)",trafficstat,True,False,False,False,False,False,False,True,False,,,,,,,
2026-08-21,00:00,40.5980507,-73.9973116,BATH AVE,11214,62,UNKNOWN,Street,131.91485876631845,False,BROOKLYN,"(40.5980507, -73.9973116)",trafficstat,False,False,False,False,False,False,False,False,False,,,,,,,
2026-08-21,00:00,40.6210427,-73.999492,15 AVE,11228,62,OTHER,Street,2.180670833046972,False,BROOKLYN,"(40.6210427, -73.999492)",trafficstat,True,False,True,False,False,False,False,False,False,,,,,,,
2026-08-20,00:00,40.6107396,-73.9791825,W  5 ST,11204,62,UNKNOWN,Street,0.4361296698057332,False,BROOKLYN,"(40.6107396, -73.9791825)",trafficstat,True,False,False,True,False,False,False,False,False,,,,,,,
2026-08-20,00:00,40.6073554,-73.9903848,78 ST,11214,62,OTHER,Street,39.63193987679284,False,BROOKLYN,"(40.6073554, -73.9903848)",trafficstat,False,False,False,False,False,False,False,False,False,,,,,,,
2026-08-19,00:00,40.6181565,-74.0034792,BAY RIDGE PKWY,11228,62,UNKNOWN,Street,65.81211016259826,False,BROOKLYN,"(40.6181565, -74.0034792)",trafficstat,False,False,False,False,False,False,False,False,False,,,,,,,
2026-08-19,00:00,40.6142274,-73.9989986,76 ST,11214,62,UNKNOWN,Street,2.1895690998644874,False,BROOKLYN,"(40.6142274, -73.9989986)",trafficstat,True,False,False,False,False,False,False,False,True,,,,,,,
2026-08-19,00:00,40.6133403,-74.0110862,85 ST,11228,62,UNKNOWN,Street,1.7150814419535065,False,BROOKLYN,"(40.6133403, -74.0110862)",trafficstat,True,False,False,False,False,False,False,False,True,,,,,,,
2026-08-19,00:00,40.6170613,-73.991178,68 ST,11204,62,OTHER,Street,34.57706871207665,False,BROOKLYN,"(40.6170613, -73.991178)",trafficstat,True,False,False,False,False,False,False,False,False,,,,,,,
2026-08-18,00:00,40.6084994,-74.0078021,BAY 13 ST,11214,62,UNKNOWN,Street,39.449746878077704,False,BROOKLYN,"(40.6084994, -74.0078021)",trafficstat,False,False,False,False,False,False,False,False,False,,,,,,,
2026-08-18,00:00,40.6110045,-74.0091701,86 ST,11228,62,UNKNOWN,Street,57.98392151501861,False,BROOKLYN,"(40.6110045, -74.0091701)",trafficstat,False,False,False,False,False,False,False,False,False,,,,,,,
2026-08-17,00:00,40.6034321,-73.9997456,20 AVE,11214,62,OTHER,Street,56.287178709905355,False,BROOKLYN,"(40.6034321, -73.9997456)",trafficstat,False,False,False,False,False,False,False,False,False,,,,,,,
2026-08-17,00:00,40.5985236,-73.9865683,85 ST,11214,62,UNKNOWN,Street,2.054122125135136,False,BROOKLYN,"(40.5985236, -73.9865683)",trafficstat,False,False,False,False,False,False,False,False,False,,,,,,,
2026-08-17,00:00,40.6001352,-73.9908641,BAY 34 ST,11214,62,OTHER,Street,1.801849925411213,False,BROOKLYN,"(40.6001352, -73.9908641)",trafficstat,True,False,False,False,False,False,False,True,False,,,,,,,
2026-08-16,00:00,40.5990498,-73.9970733,BAY PKWY,11214,62,UNKNOWN,Street,52.64881409583261,False,BROOKLYN,"(40.5990498, -73.9970733)",trafficstat,True,False,False,False,False,False,False,True,False,,,,,,,
2026-08-16,00:00,40.6019244,-74.0007262,20 AVE,11214,62,UNKNOWN,Street,71.62949829835392,False,BROOKLYN,"(40.6019244, -74.0007262)",trafficstat,False,False,False,False,False,False,False,False,False,,,,,,,
2026-08-16,00:00,40.6000066,-73.9994562,21 AVE,11214,62,UNKNOWN,Street,1.7450533448297287,False,BROOKLYN,"(40.6000066, -73.9994562)",trafficstat,True,False,False,False,False,False,False,False,False,,,,,,,
2026-08-16,00:00,40.6052107,-73.9976303,20 AVE,11214,62,OTHER,Street,1.7781087211806477,False,BROOKLYN,"(40.6052107, -73.9976303)",trafficstat,False,False,False,False,False,False,False,False,False,,,,,,,
2026-08-16,00:00,40.6079714,-73.9790214,AVE P,11204,62,UNKNOWN,Street,68.15640555699716,False,BROOKLYN,"(40.6079714, -73.9790214)",trafficstat,False,False,False,False,False,False,False,False,False,,,,,,,
2026-08-15,00:00,40.5979973,-74.0056693,BELT PKWY,11214,62,UNKNOWN,Highway,3.550162937914525,False,BROOKLYN,"(40.5979973, -74.0056693)",trafficstat,False,False,False,False,False,False,False,False,False,,,,,,,
2026-08-15,00:00,40.5957027,-74.0002772,SHORE PKWY,11214,62,UNKNOWN,Street,2.305451067083122,False,BROOKLYN,"(40.5957027, -74.0002772)",trafficstat,True,False,False,False,False,False,False,False,True,,,,,,,
2026-08-03,00:00,40.5957027,-74.0002772,SHORE PKWY,11214,62,UNKNOWN,Street,2.305451067083122,False,BROOKLYN,"(40.5957027, -74.0002772)",trafficstat,True,False,False,False,False,False,False,False,True,,,,,,,
2026-07-23,00:00,40.5957027,-74.0002772,SHORE PKWY,11214,62,UNKNOWN,Street,2.305451067083122,False,BROOKLYN,"(40.5957027, -74.0002772)",trafficstat,False,False,False,False,False,False,False,False,False,,,,,,,
2026-06-26,00:00,40.5957027,-74.0002772,SHORE PKWY,11214,62,UNKNOWN,Street,2.305451067083122,False,BROOKLYN,"(40.5957027, -74.0002772)",trafficstat,False,False,False,False,False,False,False,False,False,,,,,,,
2026-06-24,00:00,40.5957027,-74.0002772,SHORE PKWY,11214,62,UNKNOWN,Street,2.305451067083122,False,BROOKLYN,"(40.5957027, -74.0002772)",trafficstat,True,False,False,True,False,False,False,False,False,,,,,,,
2026-06-19,00:00,40.5957027,-74.0002772,SHORE PKWY,11214,62,UNKNOWN,Street,2.305451067083122,False,BROOKLYN,"(40.5957027, -74.0002772)",trafficstat,False,False,False,False,False,False,False,False,False,,,,,,,
2026-06-14,00:00,40.5957027,-74.0002772,SHORE PKWY,11214,62,UNKNOWN,Street,2.305451067083122,False,BROOKLYN,"(40.5957027, -74.0002772)",trafficstat,False,False,False,False,False,False,False,False,False,,,,,,,
2026-08-14,00:00,40.5924308,-73.9950721,BELT PKWY,11214,62,UNKNOWN,Highway,5.337072659925102,False,BROOKLYN,"(40.5924308, -73.9950721)",trafficstat,True,False,False,False,False,False,False,True,False,,,,,,,
2026-08-14,00:00,40.6005325,-73.9861806,STILLWELL AVE,11223,62,OTHER,Street,54.936023470833675,False,BROOKLYN,"(40.6005325, -73.9861806)",trafficstat,True,False,True,False,False,False,False,False,False,,,,,,,
2026-08-13,00:00,40.5964804,-73.9974244,CROPSEY AVE,11214,62,UNKNOWN,Street,63.318873248179784,False,BROOKLYN,"(40.5964804, -73.9974244)",trafficstat,True,False,False,False,False,False,False,True,True,,,,,,,
2026-08-12,00:00,40.6104208,-73.9809425,AVE O,11204,62,UNKNOWN,Street,49.04934342528156,False,BROOKLYN,"(40.6104208, -73.9809425)",trafficstat,False,False,False,False,False,False,False,False,False,,,,,,,
2026-08-12,00:00,40.6127101,-73.9792273,23 AVE,11204,62,UNKNOWN,Street,50.572004325147965,False,BROOKLYN,"(40.6127101, -73.9792273)",trafficstat,False,False,False,False,False,False,False,False,False,,,,,,,
2026-08-11,00:00,40.5918816,-73.9911064,HARWAY AVE,11214,62,UNKNOWN,Street,1.8997370362210695,False,BROOKLYN,"(40.5918816, -73.9911064)",trafficstat,False,False,False,False,False,False,False,False,False,,,,,,,
2026-08-11,00:00,40.6050688,-73.9791267,W  6 ST,11223,62,UNKNOWN,Street,0.05766513860529089,False,BROOKLYN,"(40.6050688, -73.9791267)",trafficstat,False,False,False,False,False,False,False,False,False,,,,,,,
2026-08-10,00:00,40.6054825,-73.999719,BAY 22 ST,11214,62,UNKNOWN,Street,1.7918106694511449,False,BROOKLYN,"(40.6054825, -73.999719)",trafficstat,True,False,False,True,False,False,False,False,False,,,,,,,
2026-08-10,00:00,40.5949218,-73.9957846,CROPSEY AVE,11214,62,OTHER,Street,0.4242440035939929,False,BROOKLYN,"(40.5949218, -73.9957846)",trafficstat,True,False,True,False,False,False,False,False,False,,,,,,,
2026-08-10,00:00,40.5917881,-73.9902463,26 AVE,11214,62,UNKNOWN,Street,52.81114913673129,False,BROOKLYN,"(40.5917881, -73.9902463)",trafficstat,False,False,False,False,False,False,False,False,False,,,,,,,
2026-08-10,00:00,40.6018192,-73.9893051,83 ST,11214,62,OTHER,Street,53.51460417377316,False,BROOKLYN,"(40.6018192, -73.9893051)",trafficstat,False,False,False,False,False,False,False,False,False,,,,,,,
2026-08-10,00:00,40.6127724,-73.9933439,19 AVE,11204,62,UNKNOWN,Street,2.142733290297861,False,BROOKLYN,"(40.6127724, -73.9933439)",trafficstat,False,False,False,False,False,False,False,False,False,,,,,,,
2026-07-06,00:00,40.6127724,-73.9933439,19 AVE,11204,62,UNKNOWN,Street,2.142733290297861,False,BROOKLYN,"(40.6127724, -73.9933439)",trafficstat,True,False,False,False,False,False,False,True,False,,,,,,,
2026-08-09,00:00,40.6026077,-74.0149031,BELT PKWY,11214,62,UNKNOWN,Highway,4.036731954546985,False,BROOKLYN,"(40.6026077, -74.0149031)",trafficstat,False,False,False,False,False,False,False,False,False,,,,,,,
2026-08-09,00:00,40.6163856,-73.9919827,BAY RIDGE AVE,11204,62,UNKNOWN,Street,37.17755216236452,False,BROOKLYN,"(40.6163856, -73.9919827)",trafficstat,False,False,False,False,False,False,False,False,False,,,,,,,
2026-08-08,00:00,40.5985721,-73.9819628,W  10 ST,11223,62,UNKNOWN,Street,57.20589324735177,False,BROOKLYN,"(40.5985721, -73.9819628)",trafficstat,False,False,False,False,False,False,False,False,False,,,,,,,
2026-08-08,00:00,40.5956614,-73.9931332,BATH AVE,11214,62,UNKNOWN,Street,1.8484342435717755,False,BROOKLYN,"(40.5956614, -73.9931332)",trafficstat,False,False,False,False,False,False,False,False,False,,,,,,,
2026-07-20,00:00,40.5956614,-73.9931332,BATH AVE,11214,62,UNKNOWN,Street,1.8484342435717755,False,BROOKLYN,"(40.5956614, -73.9931332)",trafficstat,True,False,False,False,False,False,False,True,False,,,,,,,
2026-08-08,00:00,40.611996,-74.00132,17 AVE,11214,62,UNKNOWN,Street,1.6550252602991564,False,BROOKLYN,"(40.611996, -74.00132)",trafficstat,False,False,False,False,False,False,False,False,False,,,,,,,