crash_date,crash_time,latitude,longitude,on_street_name,zip_code,precinct,collision_type,roadway_type,geocode_dist_feet,time_is_known,borough,location,source,injury,fatality,injured_pedestrian,injured_cyclist,injured_ebike_rider,injured_motorcyclist,injured_moped_rider,injured_car_occupant,injured_suv_occupant,number_of_persons_injured,number_of_persons_killed,contributing_factor_vehicle_1,collision_id,cross_street_name,off_street_name,vehicle_type_code1
2026-08-08,00:00,40.6085661,-74.0011379,18 AVE,11214,62,UNKNOWN,Street,18.58512849948703,False,BROOKLYN,"(40.6085661, -74.0011379)",trafficstat,False,False,False,False,False,False,False,False,False,,,,,,,
2026-08-06,00:00,40.6072439,-73.9872544,STILLWELL AVE,11223,62,UNKNOWN,Street,0.03973524957755868,False,BROOKLYN,"(40.6072439, -73.9872544)",trafficstat,True,False,False,False,False,False,False,True,False,,,,,,,
2026-07-13,00:00,40.6072439,-73.9872544,STILLWELL AVE,11223,62,UNKNOWN,Street,0.03973524957755868,False,BROOKLYN,"(40.6072439, -73.9872544)",trafficstat,False,False,False,False,False,False,False,False,False,,,,,,,
2026-08-06,00:00,40.6047385,-73.975885,KINGS HWY,11223,62,UNKNOWN,Street,44.65140359813878,False,BROOKLYN,"(40.6047385, -73.975885)",trafficstat,False,False,False,False,False,False,False,False,False,,,,,,,
2026-08-05,00:00,40.5996184,-73.9896152,86 ST,11214,62,UNKNOWN,Street,64.50818307893536,False,BROOKLYN,"(40.5996184, -73.9896152)",trafficstat,False,False,False,False,False,False,False,False,False,,,,,,,
2026-08-05,00:00,40.5960395,-73.9839592,86 ST,11223,62,UNKNOWN,Street,18.792366939414876,False,BROOKLYN,"(40.5960395, -73.9839592)",trafficstat,True,False,True,False,False,False,False,False,False,,,,,,,
2026-08-05,00:00,40.6069155,-74.0063729,BENSON AVE,11214,62,OTHER,Street,47.09604722736115,False,BROOKLYN,"(40.6069155, -74.0063729)",trafficstat,True,False,False,True,False,False,False,False,False,,,,,,,
2026-08-05,00:00,40.6133106,-73.9833783,67 ST,11204,62,UNKNOWN,Street,49.9988272202253,False,BROOKLYN,"(40.6133106, -73.9833783)",trafficstat,True,False,False,False,False,False,False,False,True,,,,,,,
2026-08-05,00:00,40.6264987,-73.9971936,14 AVE,11219,62,UNKNOWN,Street,48.403044465158494,False,BROOKLYN,"(40.6264987, -73.9971936)",trafficstat,True,False,False,False,False,False,True,False,False,,,,,,,
2026-08-04,00:00,40.615925,-74.004814,15 AVE,11228,62,UNKNOWN,Street,1.3935082684365065,False,BROOKLYN,"(40.615925, -74.004814)",trafficstat,False,False,False,False,False,False,False,False,False,,,,,,,
2026-08-03,00:00,40.607864,-73.98163,W  8 ST,11223,62,UNKNOWN,Street,1.9012760829537398,False,BROOKLYN,"(40.607864, -73.98163)",trafficstat,True,False,False,True,False,False,False,False,False,,,,,,,
2026-08-03,00:00,40.5955113,-74.0001435,SHORE PKWY,11214,62,OTHER,Street,47.671238499196875,False,BROOKLYN,"(40.5955113, -74.0001435)",trafficstat,False,False,False,False,False,False,False,False,False,,,,,,,
2026-08-03,00:00,40.5959609,-73.9882364,BAY 40 ST,11214,62,UNKNOWN,Street,42.59744703694538,False,BROOKLYN,"(40.5959609, -73.9882364)",trafficstat,False,False,False,False,False,False,False,False,False,,,,,,,
2026-08-03,00:00,40.6028281,-73.995322,BAY 28 ST,11214,62,OTHER,Street,1.8565928053005145,False,BROOKLYN,"(40.6028281, -73.995322)",trafficstat,False,False,False,False,False,False,False,False,False,,,,,,,
2026-08-03,00:00,40.6005799,-73.9915986,23 AVE,11214,62,UNKNOWN,Street,2.2109365701391326,False,BROOKLYN,"(40.6005799, -73.9915986)",trafficstat,False,False,False,False,False,False,False,False,False,,,,,,,
2026-08-03,00:00,40.6030752,-73.9837307,HIGHLAWN AVE,11223,62,UNKNOWN,Street,47.614826378960046,False,BROOKLYN,"(40.6030752, -73.9837307)",trafficstat,False,False,False,False,False,False,False,False,False,,,,,,,
2026-08-03,00:00,40.6191319,-73.9901807,65 ST,11204,62,UNKNOWN,Street,1.7904830470943038,False,BROOKLYN,"(40.6191319, -73.9901807)",trafficstat,False,False,False,False,False,False,False,False,False,,,,,,,
2026-07-08,00:00,40.6191319,-73.9901807,65 ST,11204,62,UNKNOWN,Street,1.7904830470943038,False,BROOKLYN,"(40.6191319, -73.9901807)",trafficstat,True,False,False,True,False,False,False,False,False,,,,,,,
2026-08-02,00:00,40.5917773,-73.9954692,SHORE PKWY,11214,62,UNKNOWN,Street,126.68368299637856,False,BROOKLYN,"(40.5917773, -73.9954692)",trafficstat,False,False,False,False,False,False,False,False,False,,,,,,,
2026-08-02,00:00,40.5940311,-73.9948401,24 AVE,11214,62,UNKNOWN,Street,2.2571506425945635,False,BROOKLYN,"(40.5940311, -73.9948401)",trafficstat,False,False,False,False,False,False,False,False,False,,,,,,,
2026-08-02,00:00,40.6127336,-74.0117128,14 AVE,11228,62,UNKNOWN,Street,2.2986852016893016,False,BROOKLYN,"(40.6127336, -74.0117128)",trafficstat,False,False,False,False,False,False,False,False,False,,,,,,,
2026-08-01,00:00,40.6192714,-73.9991235,NEW UTRECHT AVE,11228,62,UNKNOWN,Street,48.21032616491462,False,BROOKLYN,"(40.6192714, -73.9991235)",trafficstat,True,False,False,False,False,False,False,True,False,,,,,,,
2026-07-10,00:00,40.6192714,-73.9991235,NEW UTRECHT AVE,11228,62,UNKNOWN,Street,48.21032616491462,False,BROOKLYN,"(40.6192714, -73.9991235)",trafficstat,False,False,False,False,False,False,False,False,False,,,,,,,
2026-08-01,00:00,40.6080048,-73.9947202,20 AVE,11214,62,UNKNOWN,Street,1.9051893775809867,False,BROOKLYN,"(40.6080048, -73.9947202)",trafficstat,True,False,False,False,False,False,False,False,True,,,,,,,
2026-07-31,00:00,40.6065105,-74.0017238,86 ST,11214,62,OTHER,Street,54.89687638181747,False,BROOKLYN,"(40.6065105, -74.0017238)",trafficstat,True,False,False,False,False,False,False,True,False,,,,,,,
2026-07-31,00:00,40.6049675,-74.0165364,15 AVE,11228,62,OTHER,Street,69.04561145869373,False,BROOKLYN,"(40.6049675, -74.0165364)",trafficstat,False,False,False,False,False,False,False,False,False,,,,,,,
2026-07-30,00:00,40.5991804,-73.9854765,STILLWELL AVE,11223,62,UNKNOWN,Street,67.25550689391292,False,BROOKLYN,"(40.5991804, -73.9854765)",trafficstat,False,False,False,False,False,False,False,False,False,,,,,,,
2026-07-29,00:00,40.5895844,-73.9933102,SHORE PKWY,11214,62,UNKNOWN,Street,1.0793500124275588,False,BROOKLYN,"(40.5895844, -73.9933102)",trafficstat,False,False,False,False,False,False,False,False,False,,,,,,,
2026-07-29,00:00,40.6066353,-74.0016242,86 ST,11214,62,UNKNOWN,Street,2.04069259940354,False,BROOKLYN,"(40.6066353, -74.0016242)",trafficstat,False,False,False,False,False,False,False,False,False,,,,,,,
2026-07-29,00:00,40.6052155,-74.0123705,16 AVE,11214,62,UNKNOWN,Street,1.87378860811907,False,BROOKLYN,"(40.6052155, -74.0123705)",trafficstat,True,False,False,False,False,True,False,False,False,,,,,,,
2026-06-12,00:00,40.6052155,-74.0123705,16 AVE,11214,62,UNKNOWN,Street,1.87378860811907,False,BROOKLYN,"(40.6052155, -74.0123705)",trafficstat,False,False,False,False,False,False,False,False,False,,,,,,,
2026-07-29,00:00,40.609951,-73.9994561,18 AVE,11214,62,UNKNOWN,Street,1.660830792809099,False,BROOKLYN,"(40.609951, -73.9994561)",trafficstat,True,False,False,False,False,False,False,False,False,,,,,,,
2026-07-28,00:00,40.6152997,-73.9874079,20 AVE,11204,62,UNKNOWN,Street,58.08914930728766,False,BROOKLYN,"(40.6152997, -73.9874079)",trafficstat,False,False,False,False,False,False,False,False,False,,,,,,,
2026-07-28,00:00,40.6154351,-73.9977452,74 ST,11204,62,UNKNOWN,Street,2.1707092721522634,False,BROOKLYN,"(40.6154351, -73.9977452)",trafficstat,True,False,False,False,False,False,False,False,True,,,,,,,
2026-07-27,00:00,40.606397,-73.9875438,KINGS HWY,11214,62,OTHER,Street,89.31833518729206,False,BROOKLYN,"(40.606397, -73.9875438)",trafficstat,False,False,False,False,False,False,False,False,False,,,,,,,
2026-07-27,00:00,40.610077,-74.0073112,86 ST,11214,62,OTHER,Street,2.208166604654987,False,BROOKLYN,"(40.610077, -74.0073112)",trafficstat,True,False,False,False,False,False,False,False,False,,,,,,,
2026-07-27,00:00,40.6042086,-73.9914541,82 ST,11214,62,UNKNOWN,Street,2.291548903151513,False,BROOKLYN,"(40.6042086, -73.9914541)",trafficstat,False,False,False,False,False,False,False,False,False,,,,,,,
2026-07-27,00:00,40.6023798,-73.9941973,86 ST,11214,62,UNKNOWN,Street,53.28819533125805,False,BROOKLYN,"(40.6023798, -73.9941973)",trafficstat,True,False,False,True,False,False,False,False,False,,,,,,,
2026-07-26,00:00,40.6031828,-73.9870041,80 ST,11214,62,UNKNOWN,Street,47.71006869458224,False,BROOKLYN,"(40.6031828, -73.9870041)",trafficstat,False,False,False,False,False,False,False,False,False,,,,,,,
2026-07-26,00:00,40.607462,-73.9835633,W  10 ST,11223,62,UNKNOWN,Street,34.304264102260696,False,BROOKLYN,"(40.607462, -73.9835633)",trafficstat,False,False,False,False,False,False,False,False,False,,,,,,,
2026-07-25,00:00,40.6061935,-73.9780946,QUENTIN RD,11223,62,UNKNOWN,Street,43.19241693110578,False,BROOKLYN,"(40.6061935, -73.9780946)",trafficstat,False,False,False,False,False,False,False,False,False,,,,,,,
2026-07-25,00:00,40.6169173,-74.0001981,16 AVE,11204,62,OTHER,Street,1.7737260333665041,False,BROOKLYN,"(40.6169173, -74.0001981)",trafficstat,True,False,False,False,False,True,False,False,False,,,,,,,
2026-07-24,00:00,40.6147324,-73.9977955,BAY RIDGE PKWY,11204,62,OTHER,Street,69.09291635043604,False,BROOKLYN,"(40.6147324, -73.9977955)",trafficstat,False,False,False,False,False,False,False,False,False,,,,,,,
2026-07-22,00:00,40.6128566,-74.0029855,80 ST,11214,62,UNKNOWN,Street,42.65553228991909,False,BROOKLYN,"(40.6128566, -74.0029855)",trafficstat,False,False,False,False,False,False,False,False,False,,,,,,,
2026-07-21,00:00,40.613388,-73.99599,18 AVE,11214,62,UNKNOWN,Street,0.5490157886691716,False,BROOKLYN,"(40.613388, -73.99599)",trafficstat,True,False,False,False,False,False,False,False,True,,,,,,,
2026-07-21,00:00,40.6078662,-73.9816252,W  8 ST,11223,62,UNKNOWN,Street,0.4676870942457559,False,BROOKLYN,"(40.6078662, -73.9816252)",trafficstat,True,False,False,False,False,False,False,False,True,,,,,,,
2026-07-21,00:00,40.6018333,-74.003324,BAY 22 ST,11214,62,UNKNOWN,Street,42.82563420136543,False,BROOKLYN,"(40.6018333, -74.003324)",trafficstat,False,False,False,False,False,False,False,False,False,,,,,,,
2026-07-21,00:00,40.6041086,-74.0182332,SHORE PKWY,11228,62,UNKNOWN,Street,0.1508515874576828,False,BROOKLYN,"(40.6041086, -74.0182332)",trafficstat,False,False,False,False,False,False,False,False,False,,,,,,,
2026-07-21,00:00,40.5997649,-73.9948217,BENSON AVE,11214,62,UNKNOWN,Street,1.7919814728314787,False,BROOKLYN,"(40.5997649, -73.9948217)",trafficstat,True,False,False,False,False,False,False,True,False,,,,,,,
2026-07-20,00:00,40.5971049,-73.9904216,BAY 37 ST,11214,62,OTHER,Street,1.7252409834907472,False,BROOKLYN,"(40.5971049, -73.9904216)",trafficstat,True,False,False,False,False,False,False,False,False,,,,,,,
2026-07-20,00:00,40.6026408,-73.9863838,STILLWELL AVE,11223,62,UNKNOWN,Street,0.32274617111446624,False,BROOKLYN,"(40.6026408, -73.9863838)",trafficstat,True,False,False,True,False,False,False,False,False,,,,,,,
2026-07-19,00:00,40.5912505,-73.99401,BELT PKWY,11214,62,UNKNOWN,Highway,0.48183040847373426,False,BROOKLYN,"(40.5912505, -73.99401)",trafficstat,True,False,False,False,False,False,False,False,True,,,,,,,
2026-07-19,00:00,40.5971327,-74.0041784,BELT PKWY,11214,62,OTHER,Highway,0.4047621542241482,False,BROOKLYN,"(40.5971327, -74.0041784)",trafficstat,False,False,False,False,False,False,False,False,False,,,,,,,
2026-07-19,00:00,40.6080022,-74.0017179,NEW UTRECHT AVE,11214,62,UNKNOWN,Street,0.3542375241379907,False,BROOKLYN,"(40.6080022, -74.0017179)",trafficstat,True,False,False,False,False,False,False,False,False,,,,,,,
2026-07-19,00:00,40.6070099,-74.0055042,BAY 16 ST,11214,62,UNKNOWN,Street,43.260695037479245,False,BROOKLYN,"(40.6070099, -74.0055042)",trafficstat,False,False,False,False,False,False,False,False,False,,,,,,,
2026-07-19,00:00,40.6073017,-74.0023646,18 AVE,11214,62,UNKNOWN,Street,47.632273849810815,False,BROOKLYN,"(40.6073017, -74.0023646)",trafficstat,True,False,False,False,True,False,False,False,False,,,,,,,
2026-07-19,00:00,40.6122863,-74.0109708,BAY 7 ST,11228,62,UNKNOWN,Street,2.2050900147392545,False,BROOKLYN,"(40.6122863, -74.0109708)",trafficstat,True,False,True,False,False,False,False,False,False,,,,,,,
2026-06-26,00:00,40.6122863,-74.0109708,BAY 7 ST,11228,62,UNKNOWN,Street,2.2050900147392545,False,BROOKLYN,"(40.6122863, -74.0109708)",trafficstat,True,False,False,False,False,False,False,False,True,,,,,,,
2026-07-19,00:00,40.6127808,-73.9965999,18 AVE,11214,62,UNKNOWN,Street,1.922965103096363,False,BROOKLYN,"(40.6127808, -73.9965999)",trafficstat,True,False,False,False,False,False,False,False,True,,,,,,,
2026-07-18,00:00,40.6203038,-73.9889918,63 ST,11204,62,UNKNOWN,Street,1.7083469865850924,False,BROOKLYN,"(40.6203038, -73.9889918)",trafficstat,False,False,False,False,False,False,False,False,False,,,,,,,
2026-07-17,00:00,40.6118235,-73.9825178,W  8 ST,11204,62,UNKNOWN,Street,38.09395915768576,False,BROOKLYN,"(40.6118235, -73.9825178)",trafficstat,False,False,False,False,False,False,False,False,False,,,,,,,
2026-07-17,00:00,40.5938825,-73.990188,BATH AVE,11214,62,UNKNOWN,Street,1.8601086058111813,False,BROOKLYN,"(40.5938825, -73.990188)",trafficstat,False,False,False,False,False,False,False,False,False,,,,,,,
2026-07-16,00:00,40.5978905,-73.995968,BATH AVE,11214,62,UNKNOWN,Street,75.43731007048079,False,BROOKLYN,"(40.5978905, -73.995968)",trafficstat,False,False,False,False,False,False,False,False,False,,,,,,,
2026-07-16,00:00,40.5995547,-73.9846289,W  13 ST,11223,62,UNKNOWN,Street,41.762214698535004,False,BROOKLYN,"(40.5995547, -73.9846289)",trafficstat,False,False,False,False,False,False,False,False,False,,,,,,,
2026-07-16,00:00,40.5988893,-73.9933633,23 AVE,11214,62,UNKNOWN,Street,1.7732841632485203,False,BROOKLYN,"(40.5988893, -73.9933633)",trafficstat,True,False,False,False,False,False,False,False,True,,,,,,,
2026-07-16,00:00,40.6060307,-73.9870242,STILLWELL AVE,11223,62,UNKNOWN,Street,0.05639615707700898,False,BROOKLYN,"(40.6060307, -73.9870242)",trafficstat,False,False,False,False,False,False,False,False,False,,,,,,,
2026-06-21,00:00,40.6060307,-73.9870242,STILLWELL AVE,11223,62,UNKNOWN,Street,0.05639615707700898,False,BROOKLYN,"(40.6060307, -73.9870242)",trafficstat,True,False,False,False,False,False,False,True,False,,,,,,,
2026-07-15,00:00,40.603397,-74.0092719,BAY 16 ST,11214,62,OTHER,Street,46.11567971486272,False,BROOKLYN,"(40.603397, -74.0092719)",trafficstat,False,False,False,False,False,False,False,False,False,,,,,,,
2026-07-15,00:00,40.6021162,-73.9922025,85 ST,11214,62,UNKNOWN,Street,51.08311055544558,False,BROOKLYN,"(40.6021162, -73.9922025)",trafficstat,False,False,False,False,False,False,False,False,False,,,,,,,
2026-07-14,00:00,40.6038876,-74.0061725,18 AVE,11214,62,UNKNOWN,Street,1.7692160250507625,False,BROOKLYN,"(40.6038876, -74.0061725)",trafficstat,False,False,False,False,False,False,False,False,False,,,,,,,
2026-07-14,00:00,40.6019607,-73.9971675,21 AVE,11214,62,OTHER,Street,58.05592515811312,False,BROOKLYN,"(40.6019607, -73.9971675)",trafficstat,True,False,False,False,False,True,False,True,False,,,,,,,
2026-07-14,00:00,40.5970943,-73.9952252,BATH AVE,11214,62,UNKNOWN,Street,1.6423074472078873,False,BROOKLYN,"(40.5970943, -73.9952252)",trafficstat,False,False,False,False,False,False,False,False,False,,,,,,,
2026-07-14,00:00,40.5946268,-73.9974232,BELT PKWY,11214,62,OTHER,Highway,7.742235645248935,False,BROOKLYN,"(40.5946268, -73.9974232)",trafficstat,True,False,False,False,False,False,False,False,True,,,,,,,
2026-06-27,00:00,40.5946268,-73.9974232,BELT PKWY,11214,62,UNKNOWN,Highway,7.742235645248935,False,BROOKLYN,"(40.5946268, -73.9974232)",trafficstat,False,False,False,False,False,False,False,False,False,,,,,,,
2026-06-19,00:00,40.5946268,-73.9974232,BELT PKWY,11214,62,UNKNOWN,Highway,7.742235645248935,False,BROOKLYN,"(40.5946268, -73.9974232)",trafficstat,True,False,False,False,False,False,False,False,True,,,,,,,
2026-06-13,00:00,40.5946268,-73.9974232,BELT PKWY,11214,62,UNKNOWN,Highway,7.742235645248935,False,BROOKLYN,"(40.5946268, -73.9974232)",trafficstat,False,False,False,False,False,False,False,False,False,,,,,,,
2026-06-12,00:00,40.5946268,-73.9974232,BELT PKWY,11214,62,UNKNOWN,Highway,7.742235645248935,False,BROOKLYN,"(40.5946268, -73.9974232)",trafficstat,True,False,False,False,False,False,False,True,False,,,,,,,
2026-07-14,00:00,40.6133858,-73.9930372,73 ST,11204,62,UNKNOWN,Street,35.22482103017351,False,BROOKLYN,"(40.6133858, -73.9930372)",trafficstat,False,False,False,False,False,False,False,False,False,,,,,,,
2026-07-14,00:00,40.6170503,-73.995677,71 ST,11204,62,UNKNOWN,Street,36.18952967755159,False,BROOKLYN,"(40.6170503, -73.995677)",trafficstat,False,False,False,False,False,False,False,False,False,,,,,,,
2026-07-14,00:00,40.612308,-73.9823435,W  8 ST,11204,62,UNKNOWN,Street,35.65323778447812,False,BROOKLYN,"(40.612308, -73.9823435)",trafficstat,False,False,False,False,False,False,False,False,False,,,,,,,
2026-07-13,00:00,40.5994672,-73.9752998,W  3 ST,11223,62,UNKNOWN,Street,34.91081014295735,False,BROOKLYN,"(40.5994672, -73.9752998)",trafficstat,False,False,False,False,False,False,False,False,False,,,,,,,
2026-07-12,00:00,40.6000098,-73.9799372,W  8 ST,11223,62,UNKNOWN,Street,53.75382603842279,False,BROOKLYN,"(40.6000098, -73.9799372)",trafficstat,False,False,False,False,False,False,False,False,False,,,,,,,
2026-07-12,00:00,40.6138743,-73.9770782,62 ST,11204,62,UNKNOWN,Street,43.15997179612378,False,BROOKLYN,"(40.6138743, -73.9770782)",trafficstat,False,False,False,False,False,False,False,False,False,,,,,,,
2026-07-12,00:00,40.6116312,-74.0040545,82 ST,11214,62,UNKNOWN,Street,56.63542048567915,False,BROOKLYN,"(40.6116312, -74.0040545)",trafficstat,False,False,False,False,False,False,False,False,False,,,,,,,
2026-07-11,00:00,40.6076755,-74.0017106,NEW UTRECHT AVE,11214,62,OTHER,Street,0.18600507459296278,False,BROOKLYN,"(40.6076755, -74.0017106)",trafficstat,False,False,False,False,False,False,False,False,False,,,,,,,
2026-07-11,00:00,40.6223712,-74.001693,BAY RIDGE AVE,11219,62,UNKNOWN,Street,2.3375637864074377,False,BROOKLYN,"(40.6223712, -74.001693)",trafficstat,True,False,False,False,False,False,False,False,False,,,,,,,
2026-07-10,00:00,40.6022901,-74.006781,BAY 19 ST,11214,62,UNKNOWN,Street,2.2918306621108706,False,BROOKLYN,"(40.6022901, -74.006781)",trafficstat,False,False,False,False,False,False,False,False,False,,,,,,,
2026-07-10,00:00,40.6037285,-73.9967984,86 ST,11214,62,OTHER,Street,1.623312303793642,False,BROOKLYN,"(40.6037285, -73.9967984)",trafficstat,True,False,False,False,False,False,False,False,True,,,,,,,
2026-07-10,00:00,40.6041869,-73.9978779,86 ST,11214,62,UNKNOWN,Street,58.18807097935346,False,BROOKLYN,"(40.6041869, -73.9978779)",trafficstat,True,False,False,False,False,False,False,False,True,,,,,,,
2026-07-08,00:00,40.6062801,-74.0002911,19 AVE,11214,62,UNKNOWN,Street,39.89598298409539,False,BROOKLYN,"(40.6062801, -74.0002911)",trafficstat,False,False,False,False,False,False,False,False,False,,,,,,,
2026-07-08,00:00,40.6017957,-73.9725664,MCDONALD AVE,11223,62,UNKNOWN,Street,0.3266511556462434,False,BROOKLYN,"(40.6017957, -73.9725664)",trafficstat,False,False,False,False,False,False,False,False,False,,,,,,,
2026-07-08,00:00,40.6074511,-74.0021784,18 AVE,11214,62,UNKNOWN,Street,47.878182579162974,False,BROOKLYN,"(40.6074511, -74.0021784)",trafficstat,True,False,True,False,False,False,False,False,False,,,,,,,
2026-07-08,00:00,40.6254799,-73.9973488,63 ST,11219,62,UNKNOWN,Street,33.925840146005726,False,BROOKLYN,"(40.6254799, -73.9973488)",trafficstat,False,False,False,False,False,False,False,False,False,,,,,,,
2026-07-07,00:00,40.6056655,-73.9835346,KINGS HWY,11223,62,UNKNOWN,Street,40.57893868316478,False,BROOKLYN,"(40.6056655, -73.9835346)",trafficstat,False,False,False,False,False,False,False,False,False,,,,,,,
2026-07-07,00:00,40.6059417,-73.9792777,W  6 ST,11223,62,UNKNOWN,Street,0.3390942692378875,False,BROOKLYN,"(40.6059417, -73.9792777)",trafficstat,True,False,False,True,False,False,False,False,False,,,,,,,
2026-07-06,00:00,40.6076356,-73.991292,78 ST,11214,62,OTHER,Street,36.229496023789075,False,BROOKLYN,"(40.6076356, -73.991292)",trafficstat,False,False,False,False,False,False,False,False,False,,,,,,,
2026-07-06,00:00,40.6110371,-74.0134809,BENSON AVE,11228,62,UNKNOWN,Street,1.9255375280315319,False,BROOKLYN,"(40.6110371, -74.0134809)",trafficstat,False,False,False,False,False,False,False,False,False,,,,,,,
2026-07-06,00:00,40.6003097,-73.9877477,84 ST,11214,62,UNKNOWN,Street,44.40467583701923,False,BROOKLYN,"(40.6003097, -73.9877477)",trafficstat,False,False,False,False,False,False,False,False,False,,,,,,,
2026-07-05,00:00,40.617246,-74.001986,BAY RIDGE PKWY,11228,62,OTHER,Street,63.43791735264302,False,BROOKLYN,"(40.617246, -74.001986)",trafficstat,False,False,False,False,False,False,False,False,False,,,,,,,
2026-07-04,00:00,40.6027505,-73.9853863,W  13 ST,11223,62,UNKNOWN,Street,0.5809584245165399,False,BROOKLYN,"(40.6027505, -73.9853863)",trafficstat,True,False,False,False,False,False,False,False,False,,,,,,,
2026-07-04,00:00,40.6003591,-73.9951115,BAY PKWY,11214,62,UNKNOWN,Street,78.41027632142266,False,BROOKLYN,"(40.6003591, -73.9951115)",trafficstat,True,False,False,False,False,False,False,False,True,,,,,,,
2026-07-04,00:00,40.5963952,-73.9785028,W  7 ST,11223,62,UNKNOWN,Street,0.36993669639948096,False,BROOKLYN,"(40.5963952, -73.9785028)",trafficstat,False,False,False,False,False,False,False,False,False,,,,,,,
2026-07-04,00:00,40.5949939,-73.9888351,ALLEY,11214,62,UNKNOWN,Alley,15.77816272479847,False,BROOKLYN,"(40.5949939, -73.9888351)",trafficstat,False,False,False,False,False,False,False,False,False,,,,,,,
2026-07-04,00:00,40.6116181,-73.9785345,W  4 ST,11204,62,UNKNOWN,Street,38.341638461356204,False,BROOKLYN,"(40.6116181, -73.9785345)",trafficstat,False,False,False,False,False,False,False,False,False,,,,,,,
2026-07-03,00:00,40.6051788,-73.980171,W  7 ST,11223,62,UNKNOWN,Street,0.0004748184706029272,False,BROOKLYN,"(40.6051788, -73.980171)",trafficstat,True,False,False,False,False,False,False,True,False,,,,,,,
2026-07-03,00:00,40.611519,-73.9764169,24 AVE,11204,62,UNKNOWN,Street,50.070007537558396,False,BROOKLYN,"(40.611519, -73.9764169)",trafficstat,False,False,False,False,False,False,False,False,False,,,,,,,
2026-07-03,00:00,40.5973317,-73.9851378,STILLWELL AVE,11223,62,OTHER,Street,65.74570038780512,False,BROOKLYN,"(40.5973317, -73.9851378)",trafficstat,True,False,False,True,False,False,False,False,False,,,,,,,
2026-07-03,00:00,40.6031516,-73.9805869,W  8 ST,11223,62,UNKNOWN,Street,39.482972727748326,False,BROOKLYN,"(40.6031516, -73.9805869)",trafficstat,False,False,False,False,False,False,False,False,False,,,,,,,
2026-07-02,00:00,40.6026064,-73.9740745,VAN SICKLEN ST,11223,62,UNKNOWN,Street,42.35204295142578,False,BROOKLYN,"(40.6026064, -73.9740745)",trafficstat,False,False,False,False,False,False,False,False,False,,,,,,,
2026-07-02,00:00,40.6034134,-73.9776483,W  5 ST,11223,62,UNKNOWN,Street,40.44389943009449,False,BROOKLYN,"(40.6034134, -73.9776483)",trafficstat,False,False,False,False,False,False,False,False,False,,,,,,,
2026-07-02,00:00,40.6075651,-73.9879639,BAY PKWY,11214,62,UNKNOWN,Street,2.4864175281801084,False,BROOKLYN,"(40.6075651, -73.9879639)",trafficstat,False,False,False,False,False,False,False,False,False,,,,,,,
2026-07-02,00:00,40.6182872,-74.0010849,73 ST,11228,62,OTHER,Street,23.032477136682132,False,BROOKLYN,"(40.6182872, -74.0010849)",trafficstat,True,False,False,False,True,False,False,False,False,,,,,,,
2026-07-01,00:00,40.618799,-73.9834881,61 ST,11204,62,UNKNOWN,Street,2.3108185134324484,False,BROOKLYN,"(40.618799, -73.9834881)",trafficstat,True,False,True,False,False,False,False,False,False,,,,,,,
2026-06-30,00:00,40.6103175,-73.9830364,W  9 ST,11204,62,UNKNOWN,Street,0.294637389248543,False,BROOKLYN,"(40.6103175, -73.9830364)",trafficstat,True,False,False,False,False,False,False,True,False,,,,,,,
2026-06-30,00:00,40.6057313,-73.9850075,W  12 ST,11223,62,OTHER,Street,0.4529022682184332,False,BROOKLYN,"(40.6057313, -73.9850075)",trafficstat,True,False,True,False,False,False,False,False,False,,,,,,,
2026-06-30,00:00,40.6010054,-74.0011506,BATH AVE,11214,62,UNKNOWN,Street,46.95182162683268,False,BROOKLYN,"(40.6010054, -74.0011506)",trafficstat,True,False,False,True,False,False,False,False,False,,,,,,,
2026-06-29,00:00,40.60454,-73.98748,79 ST,11214,62,OTHER,Street,2.063821761585027,False,BROOKLYN,"(40.60454, -73.98748)",trafficstat,True,False,True,False,False,False,False,False,False,,,,,,,
2026-06-29,00:00,40.5990994,-73.9872506,85 ST,11214,62,UNKNOWN,Street,44.4726193797348,False,BROOKLYN,"(40.5990994, -73.9872506)",trafficstat,False,False,False,False,False,False,False,False,False,,,,,,,
2026-06-29,00:00,40.5966712,-73.9897051,BENSON AVE,11214,62,OTHER,Street,2.0621906182135414,False,BROOKLYN,"(40.5966712, -73.9897051)",trafficstat,True,False,False,False,False,False,False,False,True,,,,,,,
2026-06-29,00:00,40.5970413,-73.9857476,BAY 41 ST,11214,62,OTHER,Street,1.8776355857883593,False,BROOKLYN,"(40.5970413, -73.9857476)",trafficstat,True,False,False,True,False,False,False,False,False,,,,,,,
2026-06-29,00:00,40.609587,-74.0146598,14 AVE,11228,62,UNKNOWN,Street,72.99446603728458,False,BROOKLYN,"(40.609587, -74.0146598)",trafficstat,False,False,False,False,False,False,False,False,False,,,,,,,
2026-06-29,00:00,40.6219975,-73.9889936,61 ST,11204,62,UNKNOWN,Street,38.50250901218289,False,BROOKLYN,"(40.6219975, -73.9889936)",trafficstat,False,False,False,False,False,False,False,False,False,,,,,,,
2026-06-28,00:00,40.6014421,-74.0015448,BATH AVE,11214,62,UNKNOWN,Street,1.8419323464297719,False,BROOKLYN,"(40.6014421, -74.0015448)",trafficstat,False,False,False,False,False,False,False,False,False,,,,,,,