crash_date,crash_time,latitude,longitude,on_street_name,zip_code,precinct,collision_type,roadway_type,geocode_dist_feet,time_is_known,borough,location,source,injury,fatality,injured_pedestrian,injured_cyclist,injured_ebike_rider,injured_motorcyclist,injured_moped_rider,injured_car_occupant,injured_suv_occupant,number_of_persons_injured,number_of_persons_killed,contributing_factor_vehicle_1,collision_id,cross_street_name,off_street_name,vehicle_type_code1
2026-06-13,00:00,40.6014421,-74.0015448,BATH AVE,11214,62,UNKNOWN,Street,1.8419323464297719,False,BROOKLYN,"(40.6014421, -74.0015448)",trafficstat,False,False,False,False,False,False,False,False,False,,,,,,,
2026-06-28,00:00,40.6066704,-73.9725896,QUENTIN RD,11223,62,UNKNOWN,Street,3.4324058307723635,False,BROOKLYN,"(40.6066704, -73.9725896)",trafficstat,True,False,False,False,False,False,False,True,False,,,,,,,
2026-06-27,00:00,40.6140288,-73.9848688,21 AVE,11204,62,OTHER,Street,2.294651190945367,False,BROOKLYN,"(40.6140288, -73.9848688)",trafficstat,False,False,False,False,False,False,False,False,False,,,,,,,
2026-06-27,00:00,40.6190564,-73.9904533,18 AVE,11204,62,UNKNOWN,Street,40.986332202234735,False,BROOKLYN,"(40.6190564, -73.9904533)",trafficstat,False,False,False,False,False,False,False,False,False,,,,,,,
2026-06-26,00:00,40.6147712,-73.9947941,18 AVE,11204,62,UNKNOWN,Street,43.63064475398581,False,BROOKLYN,"(40.6147712, -73.9947941)",trafficstat,False,False,False,False,False,False,False,False,False,,,,,,,
2026-06-26,00:00,40.6090025,-73.9737822,65 ST,11204,62,OTHER,Street,65.52312589349825,False,BROOKLYN,"(40.6090025, -73.9737822)",trafficstat,True,False,False,False,False,False,False,True,False,,,,,,,
2026-06-26,00:00,40.6164808,-74.0042322,77 ST,11228,62,UNKNOWN,Street,2.260934300857421,False,BROOKLYN,"(40.6164808, -74.0042322)",trafficstat,True,False,False,True,False,False,False,False,False,,,,,,,
2026-06-25,00:00,40.6223875,-73.9911306,62 ST,11204,62,UNKNOWN,Street,36.420147348861796,False,BROOKLYN,"(40.6223875, -73.9911306)",trafficstat,False,False,False,False,False,False,False,False,False,,,,,,,
2026-06-25,00:00,40.608202,-73.9799748,AVE P,11204,62,OTHER,Street,52.85511772018387,False,BROOKLYN,"(40.608202, -73.9799748)",trafficstat,False,False,False,False,False,False,False,False,False,,,,,,,
2026-06-25,00:00,40.5996778,-73.9904161,BAY 35 ST,11214,62,UNKNOWN,Street,49.80138853449167,False,BROOKLYN,"(40.5996778, -73.9904161)",trafficstat,True,False,False,False,False,False,False,True,False,,,,,,,
2026-06-24,00:00,40.615012,-73.9910133,70 ST,11204,62,UNKNOWN,Street,1.7488342753501864,False,BROOKLYN,"(40.615012, -73.9910133)",trafficstat,False,False,False,False,False,False,False,False,False,,,,,,,
2026-06-24,00:00,40.6229387,-73.9937218,16 AVE,11204,62,UNKNOWN,Street,49.377254005590764,False,BROOKLYN,"(40.6229387, -73.9937218)",trafficstat,True,False,False,False,False,False,False,False,True,,,,,,,
2026-06-24,00:00,40.6206164,-73.9930773,65 ST,11204,62,UNKNOWN,Street,77.11143154753938,False,BROOKLYN,"(40.6206164, -73.9930773)",trafficstat,True,False,False,False,False,False,False,False,True,,,,,,,
2026-06-23,00:00,40.6138154,-73.9764959,62 ST,11204,62,UNKNOWN,Street,40.653707934333006,False,BROOKLYN,"(40.6138154, -73.9764959)",trafficstat,False,False,False,False,False,False,False,False,False,,,,,,,
2026-06-23,00:00,40.6144521,-73.9915969,71 ST,11204,62,UNKNOWN,Street,1.916245688560948,False,BROOKLYN,"(40.6144521, -73.9915969)",trafficstat,True,False,False,False,False,True,False,False,False,,,,,,,
2026-06-23,00:00,40.6057679,-73.9970432,84 ST,11214,62,UNKNOWN,Street,2.444495122605638,False,BROOKLYN,"(40.6057679, -73.9970432)",trafficstat,True,False,True,False,False,False,False,False,False,,,,,,,
2026-06-23,00:00,40.5992869,-73.9992173,BAY 28 ST,11214,62,UNKNOWN,Street,46.34069460356626,False,BROOKLYN,"(40.5992869, -73.9992173)",trafficstat,False,False,False,False,False,False,False,False,False,,,,,,,
2026-06-21,00:00,40.5980412,-74.0055216,BELT PKWY,11214,62,UNKNOWN,Highway,3.0632517412242217,False,BROOKLYN,"(40.5980412, -74.0055216)",trafficstat,True,False,False,False,False,False,False,False,True,,,,,,,
2026-06-21,00:00,40.6015793,-73.9978249,21 AVE,11214,62,UNKNOWN,Street,1.5426686009691015,False,BROOKLYN,"(40.6015793, -73.9978249)",trafficstat,False,False,False,False,False,False,False,False,False,,,,,,,
2026-06-21,00:00,40.5999591,-73.9858766,STILLWELL AVE,11223,62,OTHER,Street,0.3813840013675894,False,BROOKLYN,"(40.5999591, -73.9858766)",trafficstat,True,False,True,False,False,False,False,False,False,,,,,,,
2026-06-21,00:00,40.6111729,-73.9770106,65 ST,11204,62,UNKNOWN,Street,1.928922834023586,False,BROOKLYN,"(40.6111729, -73.9770106)",trafficstat,False,False,False,False,False,False,False,False,False,,,,,,,
2026-06-21,00:00,40.6194336,-73.9910088,65 ST,11204,62,OTHER,Street,58.31441659193823,False,BROOKLYN,"(40.6194336, -73.9910088)",trafficstat,True,False,True,False,False,False,False,False,True,,,,,,,
2026-06-20,00:00,40.6101308,-74.007719,86 ST,11228,62,OTHER,Street,57.15185276017783,False,BROOKLYN,"(40.6101308, -74.007719)",trafficstat,True,False,False,False,True,False,False,False,False,,,,,,,
2026-06-20,00:00,40.604916,-74.0160033,15 AVE,11228,62,OTHER,Street,58.63182804337697,False,BROOKLYN,"(40.604916, -74.0160033)",trafficstat,False,False,False,False,False,False,False,False,False,,,,,,,
2026-06-19,00:00,40.6036514,-73.9920376,BAY PKWY,11214,62,OTHER,Street,1.748838218777455,False,BROOKLYN,"(40.6036514, -73.9920376)",trafficstat,True,False,True,False,False,False,False,False,False,,,,,,,
2026-06-19,00:00,40.6214817,-74.0000044,BAY RIDGE AVE,11219,62,UNKNOWN,Street,34.65829601839354,False,BROOKLYN,"(40.6214817, -74.0000044)",trafficstat,False,False,False,False,False,False,False,False,False,,,,,,,
2026-06-19,00:00,40.6245203,-73.9974855,NEW UTRECHT AVE,11219,62,UNKNOWN,Street,0.531902605187177,False,BROOKLYN,"(40.6245203, -73.9974855)",trafficstat,True,False,False,False,False,False,False,False,False,,,,,,,
2026-06-18,00:00,40.6152913,-74.0009647,76 ST,11214,62,UNKNOWN,Street,38.255334951301094,False,BROOKLYN,"(40.6152913, -74.0009647)",trafficstat,True,False,False,False,False,False,False,False,True,,,,,,,
2026-06-18,00:00,40.6204828,-74.000072,70 ST,11228,62,OTHER,Street,2.1696409391682323,False,BROOKLYN,"(40.6204828, -74.000072)",trafficstat,True,False,False,False,False,False,False,False,True,,,,,,,
2026-06-18,00:00,40.620207,-74.0000757,15 AVE,11228,62,OTHER,Street,63.978589046773,False,BROOKLYN,"(40.620207, -74.0000757)",trafficstat,False,False,False,False,False,False,False,False,False,,,,,,,
2026-06-18,00:00,40.6106809,-74.0066846,16 AVE,11214,62,UNKNOWN,Street,1.9652868376266255,False,BROOKLYN,"(40.6106809, -74.0066846)",trafficstat,False,False,False,False,False,False,False,False,False,,,,,,,
2026-06-18,00:00,40.608595,-74.0048548,86 ST,11214,62,UNKNOWN,Street,1.8582364871877257,False,BROOKLYN,"(40.608595, -74.0048548)",trafficstat,True,False,False,False,True,False,False,False,False,,,,,,,
2026-06-18,00:00,40.610284,-73.991184,BAY RIDGE PKWY,11204,62,UNKNOWN,Street,61.81329619824898,False,BROOKLYN,"(40.610284, -73.991184)",trafficstat,False,False,False,False,False,False,False,False,False,,,,,,,
2026-06-17,00:00,40.6097212,-74.0018639,NEW UTRECHT AVE,11214,62,UNKNOWN,Street,48.97042938989835,False,BROOKLYN,"(40.6097212, -74.0018639)",trafficstat,True,False,False,False,False,False,True,False,False,,,,,,,
2026-06-17,00:00,40.6116066,-74.0103519,BAY 8 ST,11228,62,OTHER,Street,36.11727651486727,False,BROOKLYN,"(40.6116066, -74.0103519)",trafficstat,False,False,False,False,False,False,False,False,False,,,,,,,
2026-06-17,00:00,40.5987801,-73.9810634,W  9 ST,11223,62,OTHER,Street,59.632811676450146,False,BROOKLYN,"(40.5987801, -73.9810634)",trafficstat,False,False,False,False,False,False,False,False,False,,,,,,,
2026-06-17,00:00,40.6171308,-73.9834539,63 ST,11204,62,UNKNOWN,Street,46.59319495337096,False,BROOKLYN,"(40.6171308, -73.9834539)",trafficstat,True,False,False,True,False,False,False,False,False,,,,,,,
2026-06-16,00:00,40.5993172,-73.9937892,BENSON AVE,11214,62,UNKNOWN,Street,47.7891878558398,False,BROOKLYN,"(40.5993172, -73.9937892)",trafficstat,False,False,False,False,False,False,False,False,False,,,,,,,
2026-06-16,00:00,40.6110681,-74.0013037,NEW UTRECHT AVE,11214,62,UNKNOWN,Street,0.7436009439607529,False,BROOKLYN,"(40.6110681, -74.0013037)",trafficstat,True,False,False,False,False,False,False,False,True,,,,,,,
2026-06-16,00:00,40.6056304,-73.9742467,W  1 ST,11223,62,OTHER,Street,50.762020910150824,False,BROOKLYN,"(40.6056304, -73.9742467)",trafficstat,False,False,False,False,False,False,False,False,False,,,,,,,
2026-06-15,00:00,40.594895,-73.9867635,26 AVE,11214,62,UNKNOWN,Street,1.8523938655943175,False,BROOKLYN,"(40.594895, -73.9867635)",trafficstat,False,False,False,False,False,False,False,False,False,,,,,,,
2026-06-15,00:00,40.6216709,-73.9912574,17 AVE,11204,62,UNKNOWN,Street,2.0615780364100575,False,BROOKLYN,"(40.6216709, -73.9912574)",trafficstat,True,False,False,True,False,False,False,False,False,,,,,,,
2026-06-14,00:00,40.6134943,-73.992376,19 AVE,11204,62,UNKNOWN,Street,49.66877609507581,False,BROOKLYN,"(40.6134943, -73.992376)",trafficstat,False,False,False,False,False,False,False,False,False,,,,,,,
2026-06-14,00:00,40.6137048,-73.9875882,BAY RIDGE AVE,11204,62,UNKNOWN,Street,43.916961408858,False,BROOKLYN,"(40.6137048, -73.9875882)",trafficstat,True,False,False,False,False,False,False,False,True,,,,,,,
2026-06-14,00:00,40.6086913,-73.9870424,BAY PKWY,11204,62,UNKNOWN,Street,52.257171540049846,False,BROOKLYN,"(40.6086913, -73.9870424)",trafficstat,False,False,False,False,False,False,False,False,False,,,,,,,
2026-06-13,00:00,40.6107143,-74.0086894,86 ST,11228,62,OTHER,Street,57.9437160987002,False,BROOKLYN,"(40.6107143, -74.0086894)",trafficstat,True,False,False,False,False,False,False,False,False,,,,,,,
2026-06-13,00:00,40.5964701,-73.9795832,W  8 ST,11223,62,UNKNOWN,Street,34.250881308516924,False,BROOKLYN,"(40.5964701, -73.9795832)",trafficstat,False,False,False,False,False,False,False,False,False,,,,,,,
2026-06-13,00:00,40.6009721,-73.9876086,24 AVE,11214,62,OTHER,Street,2.120761130620718,False,BROOKLYN,"(40.6009721, -73.9876086)",trafficstat,True,False,False,False,False,False,False,False,True,,,,,,,
2026-06-13,00:00,40.606422,-74.014694,CROPSEY AVE,11228,62,OTHER,Street,2.819133734771777,False,BROOKLYN,"(40.606422, -74.014694)",trafficstat,True,False,True,False,False,False,False,False,False,,,,,,,
2026-06-12,00:00,40.6018181,-73.9793733,W  7 ST,11223,62,UNKNOWN,Street,44.24322546546188,False,BROOKLYN,"(40.6018181, -73.9793733)",trafficstat,False,False,False,False,False,False,False,False,False,,,,,,,
2026-06-12,00:00,40.6007107,-73.9921303,86 ST,11214,62,UNKNOWN,Street,57.99776008967331,False,BROOKLYN,"(40.6007107, -73.9921303)",trafficstat,False,False,False,False,False,False,False,False,False,,,,,,,
2026-06-12,00:00,40.5989139,-74.0071134,BELT PKWY,11214,62,UNKNOWN,Highway,3.2622874751215614,False,BROOKLYN,"(40.5989139, -74.0071134)",trafficstat,False,False,False,False,False,False,False,False,False,,,,,,,
2026-06-12,00:00,40.6077048,-74.0082242,BENSON AVE,11214,62,UNKNOWN,Street,47.46527750016889,False,BROOKLYN,"(40.6077048, -74.0082242)",trafficstat,False,False,False,False,False,False,False,False,False,,,,,,,
2026-06-12,00:00,40.6068958,-74.006623,BENSON AVE,11214,62,UNKNOWN,Street,1.6013143131864676,False,BROOKLYN,"(40.6068958, -74.006623)",trafficstat,False,False,False,False,False,False,False,False,False,,,,,,,
2026-06-12,00:00,40.626064,-73.99702,NEW UTRECHT AVE,11219,62,UNKNOWN,Street,0.18308573787301152,False,BROOKLYN,"(40.626064, -73.99702)",trafficstat,False,False,False,False,False,False,False,False,False,,,,,,,
2026-09-13,00:00,40.6107769,-73.9344025,FILLMORE AVE,11234,63,UNKNOWN,Street,52.274753102573676,False,BROOKLYN,"(40.6107769, -73.9344025)",trafficstat,False,False,False,False,False,False,False,False,False,,,,,,,
2026-09-12,00:00,40.6132032,-73.9212206,E  55 ST,11234,63,UNKNOWN,Street,47.55124610032359,False,BROOKLYN,"(40.6132032, -73.9212206)",trafficstat,False,False,False,False,False,False,False,False,False,,,,,,,
2026-09-11,00:00,40.612121,-73.9190084,AVE U,11234,63,UNKNOWN,Street,2.3434808219989125,False,BROOKLYN,"(40.612121, -73.9190084)",trafficstat,True,False,True,False,False,False,False,False,False,,,,,,,
2026-08-07,00:00,40.612121,-73.9190084,AVE U,11234,63,UNKNOWN,Street,2.3434808219989125,False,BROOKLYN,"(40.612121, -73.9190084)",trafficstat,True,False,True,False,False,False,False,False,False,,,,,,,
2026-07-02,00:00,40.612121,-73.9190084,AVE U,11234,63,UNKNOWN,Street,2.3434808219989125,False,BROOKLYN,"(40.612121, -73.9190084)",trafficstat,True,False,True,False,False,False,False,False,False,,,,,,,
2026-06-23,00:00,40.612121,-73.9190084,AVE U,11234,63,UNKNOWN,Street,2.3434808219989125,False,BROOKLYN,"(40.612121, -73.9190084)",trafficstat,False,False,False,False,False,False,False,False,False,,,,,,,
2026-09-11,00:00,40.6083451,-73.9092241,E  65 ST,11234,63,UNKNOWN,Street,2.5451253729170875,False,BROOKLYN,"(40.6083451, -73.9092241)",trafficstat,True,False,False,False,False,False,False,True,False,,,,,,,
2026-09-11,00:00,40.6176296,-73.9412837,AVE N,11234,63,UNKNOWN,Street,2.835038072455805,False,BROOKLYN,"(40.6176296, -73.9412837)",trafficstat,True,False,False,False,False,False,False,False,False,,,,,,,
2026-09-11,00:00,40.6256841,-73.9334305,AVE K,11234,63,OTHER,Street,1.4145415736746543,False,BROOKLYN,"(40.6256841, -73.9334305)",trafficstat,True,False,True,False,False,False,False,False,True,,,,,,,
2026-09-03,00:00,40.6256841,-73.9334305,AVE K,11234,63,UNKNOWN,Street,1.4145415736746543,False,BROOKLYN,"(40.6256841, -73.9334305)",trafficstat,True,False,False,False,False,False,False,True,False,,,,,,,
2026-07-21,00:00,40.6256841,-73.9334305,AVE K,11234,63,UNKNOWN,Street,1.4145415736746543,False,BROOKLYN,"(40.6256841, -73.9334305)",trafficstat,False,False,False,False,False,False,False,False,False,,,,,,,
2026-09-11,00:00,40.6314303,-73.9311406,SCHENECTADY AVE,11234,63,UNKNOWN,Street,0.2899669434584325,False,BROOKLYN,"(40.6314303, -73.9311406)",trafficstat,True,False,False,False,False,False,False,True,True,,,,,,,
2026-09-10,00:00,40.6320672,-73.9186023,RALPH AVE,11234,63,UNKNOWN,Street,0.05479883402655117,False,BROOKLYN,"(40.6320672, -73.9186023)",trafficstat,False,False,False,False,False,False,False,False,False,,,,,,,
2026-09-06,00:00,40.6320672,-73.9186023,RALPH AVE,11234,63,UNKNOWN,Street,0.05479883402655117,False,BROOKLYN,"(40.6320672, -73.9186023)",trafficstat,True,False,False,False,False,False,False,True,False,,,,,,,
2026-08-09,00:00,40.6320672,-73.9186023,RALPH AVE,11234,63,UNKNOWN,Street,0.05479883402655117,False,BROOKLYN,"(40.6320672, -73.9186023)",trafficstat,False,False,False,False,False,False,False,False,False,,,,,,,
2026-09-10,00:00,40.6287704,-73.9182425,RALPH AVE,11234,63,UNKNOWN,Street,0.13482640261129358,False,BROOKLYN,"(40.6287704, -73.9182425)",trafficstat,True,False,True,False,False,False,False,False,False,,,,,,,
2026-09-08,00:00,40.6287704,-73.9182425,RALPH AVE,11234,63,UNKNOWN,Street,0.13482640261129358,False,BROOKLYN,"(40.6287704, -73.9182425)",trafficstat,True,False,True,False,False,False,False,False,False,,,,,,,
2026-08-26,00:00,40.6287704,-73.9182425,RALPH AVE,11234,63,UNKNOWN,Street,0.13482640261129358,False,BROOKLYN,"(40.6287704, -73.9182425)",trafficstat,True,False,True,False,False,False,False,False,False,,,,,,,
2026-06-21,00:00,40.6287704,-73.9182425,RALPH AVE,11234,63,UNKNOWN,Street,0.13482640261129358,False,BROOKLYN,"(40.6287704, -73.9182425)",trafficstat,True,False,True,False,False,False,False,False,False,,,,,,,
2026-09-10,00:00,40.5818947,-73.8838708,UNNAMED ST,11234,63,UNKNOWN,Street,75.72223036598416,False,BROOKLYN,"(40.5818947, -73.8838708)",trafficstat,False,False,False,False,False,False,False,False,False,,,,,,,
2026-09-10,00:00,40.5886481,-73.9087302,BELT PKWY,11234,63,UNKNOWN,Highway,8.772272358042313,False,BROOKLYN,"(40.5886481, -73.9087302)",trafficstat,True,False,False,False,False,False,False,False,True,,,,,,,
2026-08-25,00:00,40.5886481,-73.9087302,BELT PKWY,11234,63,UNKNOWN,Highway,8.772272358042313,False,BROOKLYN,"(40.5886481, -73.9087302)",trafficstat,True,False,False,False,False,False,False,False,True,,,,,,,
2026-09-10,00:00,40.5931518,-73.9042656,FLATBUSH AVE,11234,63,OTHER,Street,2.9535737835035647,False,BROOKLYN,"(40.5931518, -73.9042656)",trafficstat,True,False,False,False,False,False,False,False,True,,,,,,,
2026-09-10,00:00,40.6114632,-73.9243649,AVE T,11234,63,UNKNOWN,Street,2.326633113607286,False,BROOKLYN,"(40.6114632, -73.9243649)",trafficstat,True,False,False,False,False,False,False,False,True,,,,,,,
2026-09-10,00:00,40.6005263,-73.912256,FLATBUSH AVE,11234,63,UNKNOWN,Street,19.244782625886835,False,BROOKLYN,"(40.6005263, -73.912256)",trafficstat,True,False,False,False,False,False,False,True,False,,,,,,,
2026-09-09,00:00,40.6093752,-73.9261792,KIMBALL ST,11234,63,OTHER,Street,46.11085552582834,False,BROOKLYN,"(40.6093752, -73.9261792)",trafficstat,False,False,False,False,False,False,False,False,False,,,,,,,
2026-09-09,00:00,40.6246529,-73.9173951,AVE L,11234,63,OTHER,Street,52.17589376254907,False,BROOKLYN,"(40.6246529, -73.9173951)",trafficstat,False,False,False,False,False,False,False,False,False,,,,,,,
2026-09-08,00:00,40.622191,-73.9038127,BERGEN AVE,11234,63,OTHER,Street,1.5198787097200375,False,BROOKLYN,"(40.622191, -73.9038127)",trafficstat,False,False,False,False,False,False,False,False,False,,,,,,,
2026-09-08,00:00,40.635257,-73.9274473,KINGS HWY,11234,63,UNKNOWN,Street,2.4242393464340193,False,BROOKLYN,"(40.635257, -73.9274473)",trafficstat,False,False,False,False,False,False,False,False,False,,,,,,,
2026-09-03,00:00,40.635257,-73.9274473,KINGS HWY,11234,63,UNKNOWN,Street,2.4242393464340193,False,BROOKLYN,"(40.635257, -73.9274473)",trafficstat,False,False,False,False,False,False,False,False,False,,,,,,,
2026-07-26,00:00,40.635257,-73.9274473,KINGS HWY,11234,63,UNKNOWN,Street,2.4242393464340193,False,BROOKLYN,"(40.635257, -73.9274473)",trafficstat,True,False,False,False,False,False,False,True,False,,,,,,,
2026-06-26,00:00,40.635257,-73.9274473,KINGS HWY,11234,63,OTHER,Street,2.4242393464340193,False,BROOKLYN,"(40.635257, -73.9274473)",trafficstat,False,False,False,False,False,False,False,False,False,,,,,,,
2026-09-07,00:00,40.6238737,-73.935464,KINGS HWY,11234,63,UNKNOWN,Street,1.4521380237440416,False,BROOKLYN,"(40.6238737, -73.935464)",trafficstat,True,False,False,False,False,False,False,False,True,,,,,,,
2026-09-07,00:00,40.6221583,-73.9456052,AVE L,11210,63,OTHER,Street,41.53857340090615,False,BROOKLYN,"(40.6221583, -73.9456052)",trafficstat,False,False,False,False,False,False,False,False,False,,,,,,,
2026-09-07,00:00,40.615433,-73.9138753,MILL AVE,11234,63,OTHER,Street,1.0483240063544184,False,BROOKLYN,"(40.615433, -73.9138753)",trafficstat,True,False,True,False,False,False,False,False,False,,,,,,,
2026-09-02,00:00,40.615433,-73.9138753,MILL AVE,11234,63,OTHER,Street,1.0483240063544184,False,BROOKLYN,"(40.615433, -73.9138753)",trafficstat,True,False,True,False,False,False,False,False,False,,,,,,,
2026-08-30,00:00,40.615433,-73.9138753,MILL AVE,11234,63,UNKNOWN,Street,1.0483240063544184,False,BROOKLYN,"(40.615433, -73.9138753)",trafficstat,True,False,False,False,False,False,False,True,False,,,,,,,
2026-08-03,00:00,40.615433,-73.9138753,MILL AVE,11234,63,UNKNOWN,Street,1.0483240063544184,False,BROOKLYN,"(40.615433, -73.9138753)",trafficstat,False,False,False,False,False,False,False,False,False,,,,,,,
2026-06-15,00:00,40.615433,-73.9138753,MILL AVE,11234,63,OTHER,Street,1.0483240063544184,False,BROOKLYN,"(40.615433, -73.9138753)",trafficstat,False,False,False,False,False,False,False,False,False,,,,,,,
2026-09-06,00:00,40.5925022,-73.9082288,BELT PKWY,11234,63,UNKNOWN,Highway,51.72179999370503,False,BROOKLYN,"(40.5925022, -73.9082288)",trafficstat,False,False,False,False,False,False,False,False,False,,,,,,,
2026-08-28,00:00,40.5925022,-73.9082288,BELT PKWY,11234,63,OTHER,Highway,51.72179999370503,False,BROOKLYN,"(40.5925022, -73.9082288)",trafficstat,False,False,False,False,False,False,False,False,False,,,,,,,
2026-09-04,00:00,40.6246392,-73.9387421,FLATBUSH AVE,11210,63,UNKNOWN,Street,56.4696147227605,False,BROOKLYN,"(40.6246392, -73.9387421)",trafficstat,False,False,False,False,False,False,False,False,False,,,,,,,
2026-09-04,00:00,40.6277445,-73.9276131,UTICA AVE,11234,63,UNKNOWN,Street,57.58520392796892,False,BROOKLYN,"(40.6277445, -73.9276131)",trafficstat,False,False,False,False,False,False,False,False,False,,,,,,,
2026-09-03,00:00,40.6236774,-73.9379859,FLATBUSH AVE,11210,63,UNKNOWN,Street,2.034837836717048,False,BROOKLYN,"(40.6236774, -73.9379859)",trafficstat,False,False,False,False,False,False,False,False,False,,,,,,,
2026-09-02,00:00,40.5920171,-73.881522,UNNAMED ST,11234,63,UNKNOWN,Street,64.05082297486854,False,BROOKLYN,"(40.5920171, -73.881522)",trafficstat,False,False,False,False,False,False,False,False,False,,,,,,,
2026-09-02,00:00,40.6117783,-73.9085603,E  64 ST,11234,63,UNKNOWN,Street,0.2540009785883261,False,BROOKLYN,"(40.6117783, -73.9085603)",trafficstat,True,False,False,False,False,False,False,False,True,,,,,,,
2026-09-01,00:00,40.6127815,-73.9396852,E  32 ST,11234,63,UNKNOWN,Street,2.1618467331654068,False,BROOKLYN,"(40.6127815, -73.9396852)",trafficstat,True,False,True,False,False,False,False,True,False,,,,,,,
2026-09-01,00:00,40.6207572,-73.9060157,E  73 ST,11234,63,OTHER,Street,1.7375556008987816,False,BROOKLYN,"(40.6207572, -73.9060157)",trafficstat,True,False,False,False,False,False,False,True,False,,,,,,,
2026-08-30,00:00,40.6240933,-73.9379697,FLATBUSH AVE,11210,63,UNKNOWN,Street,97.58127470898421,False,BROOKLYN,"(40.6240933, -73.9379697)",trafficstat,False,False,False,False,False,False,False,False,False,,,,,,,
2026-08-30,00:00,40.6199898,-73.9157826,AVE N,11234,63,UNKNOWN,Street,42.09196932569456,False,BROOKLYN,"(40.6199898, -73.9157826)",trafficstat,False,False,False,False,False,False,False,False,False,,,,,,,
2026-08-30,00:00,40.6184849,-73.9135004,E  65 ST,11234,63,OTHER,Street,1.6910745041104747,False,BROOKLYN,"(40.6184849, -73.9135004)",trafficstat,True,False,True,False,False,False,False,False,False,,,,,,,
2026-08-30,00:00,40.6256195,-73.9364089,AVE K,11210,63,UNKNOWN,Street,57.30406124936349,False,BROOKLYN,"(40.6256195, -73.9364089)",trafficstat,False,False,False,False,False,False,False,False,False,,,,,,,
2026-08-29,00:00,40.6255449,-73.9399691,FLATBUSH AVE,11210,63,UNKNOWN,Street,2.072914298782564,False,BROOKLYN,"(40.6255449, -73.9399691)",trafficstat,True,False,False,False,False,False,False,True,False,,,,,,,
2026-07-29,00:00,40.6255449,-73.9399691,FLATBUSH AVE,11210,63,UNKNOWN,Street,2.072914298782564,False,BROOKLYN,"(40.6255449, -73.9399691)",trafficstat,True,False,False,False,False,False,False,False,False,,,,,,,
2026-07-16,00:00,40.6255449,-73.9399691,FLATBUSH AVE,11210,63,UNKNOWN,Street,2.072914298782564,False,BROOKLYN,"(40.6255449, -73.9399691)",trafficstat,False,False,False,False,False,False,False,False,False,,,,,,,
2026-08-29,00:00,40.6305062,-73.9281153,UTICA AVE,11234,63,UNKNOWN,Street,0.3482336107286838,False,BROOKLYN,"(40.6305062, -73.9281153)",trafficstat,True,False,False,False,False,False,False,True,True,,,,,,,
2026-08-13,00:00,40.6305062,-73.9281153,UTICA AVE,11234,63,UNKNOWN,Street,0.3482336107286838,False,BROOKLYN,"(40.6305062, -73.9281153)",trafficstat,False,False,False,False,False,False,False,False,False,,,,,,,
2026-08-01,00:00,40.6305062,-73.9281153,UTICA AVE,11234,63,UNKNOWN,Street,0.3482336107286838,False,BROOKLYN,"(40.6305062, -73.9281153)",trafficstat,False,False,False,False,False,False,False,False,False,,,,,,,
2026-08-29,00:00,40.6205207,-73.9356953,HENDRICKSON ST,11234,63,OTHER,Street,47.91774088107899,False,BROOKLYN,"(40.6205207, -73.9356953)",trafficstat,True,False,True,False,False,False,False,False,False,,,,,,,
2026-08-29,00:00,40.6252181,-73.9169249,AVE L,11234,63,OTHER,Street,129.36300270924758,False,BROOKLYN,"(40.6252181, -73.9169249)",trafficstat,True,False,False,False,False,False,False,True,False,,,,,,,
2026-08-29,00:00,40.5942389,-73.9083229,BELT PKWY,11234,63,UNKNOWN,Highway,0.8967255002452834,False,BROOKLYN,"(40.5942389, -73.9083229)",trafficstat,True,False,False,False,False,False,False,True,False,,,,,,,
2026-07-11,00:00,40.5942389,-73.9083229,BELT PKWY,11234,63,UNKNOWN,Highway,0.8967255002452834,False,BROOKLYN,"(40.5942389, -73.9083229)",trafficstat,True,False,False,False,False,False,False,True,False,,,,,,,
2026-08-28,00:00,40.6132456,-73.9302806,KIMBALL ST,11234,63,OTHER,Street,1.8283727822703526,False,BROOKLYN,"(40.6132456, -73.9302806)",trafficstat,True,False,False,True,False,False,False,False,False,,,,,,,
2026-08-28,00:00,40.633445,-73.9288189,KINGS HWY,11234,63,OTHER,Street,35.26757008625906,False,BROOKLYN,"(40.633445, -73.9288189)",trafficstat,True,False,False,False,False,False,False,False,True,,,,,,,
2026-08-27,00:00,40.6356167,-73.9236854,E  55 ST,11234,63,UNKNOWN,Street,36.53258689059502,False,BROOKLYN,"(40.6356167, -73.9236854)",trafficstat,False,False,False,False,False,False,False,False,False,,,,,,,
2026-08-27,00:00,40.6167917,-73.8971547,BELT PKWY,11234,63,OTHER,Highway,5.902319428925398,False,BROOKLYN,"(40.6167917, -73.8971547)",trafficstat,True,False,False,False,False,False,False,False,True,,,,,,,
2026-08-26,00:00,40.6098096,-73.9224975,AVE U,11234,63,UNKNOWN,Street,18.19355967338375,False,BROOKLYN,"(40.6098096, -73.9224975)",trafficstat,True,False,False,False,False,False,False,True,True,,,,,,,
2026-08-16,00:00,40.6098096,-73.9224975,AVE U,11234,63,UNKNOWN,Street,18.19355967338375,False,BROOKLYN,"(40.6098096, -73.9224975)",trafficstat,False,False,False,False,False,False,False,False,False,,,,,,,