crash_date,crash_time,latitude,longitude,on_street_name,zip_code,precinct,collision_type,roadway_type,geocode_dist_feet,time_is_known,borough,location,source,injury,fatality,injured_pedestrian,injured_cyclist,injured_ebike_rider,injured_motorcyclist,injured_moped_rider,injured_car_occupant,injured_suv_occupant,number_of_persons_injured,number_of_persons_killed,contributing_factor_vehicle_1,collision_id,cross_street_name,off_street_name,vehicle_type_code1
2026-07-10,00:00,40.6098096,-73.9224975,AVE U,11234,63,UNKNOWN,Street,18.19355967338375,False,BROOKLYN,"(40.6098096, -73.9224975)",trafficstat,False,False,False,False,False,False,False,False,False,,,,,,,
2026-08-26,00:00,40.6299733,-73.9367659,ALBANY AVE,11210,63,UNKNOWN,Street,0.5292537050755025,False,BROOKLYN,"(40.6299733, -73.9367659)",trafficstat,False,False,False,False,False,False,False,False,False,,,,,,,
2026-08-25,00:00,40.6165487,-73.9276333,E  49 ST,11234,63,OTHER,Street,0.23612091344639952,False,BROOKLYN,"(40.6165487, -73.9276333)",trafficstat,False,False,False,False,False,False,False,False,False,,,,,,,
2026-08-24,00:00,40.6256823,-73.940113,FLATBUSH AVE,11210,63,UNKNOWN,Street,1.3739950395335672,False,BROOKLYN,"(40.6256823, -73.940113)",trafficstat,False,False,False,False,False,False,False,False,False,,,,,,,
2026-08-23,00:00,40.6249378,-73.9400308,AVE K,11210,63,OTHER,Street,60.93642871390018,False,BROOKLYN,"(40.6249378, -73.9400308)",trafficstat,True,False,False,False,False,False,False,False,True,,,,,,,
2026-08-23,00:00,40.5903413,-73.9083931,BELT PKWY,11234,63,OTHER,Highway,8.142990735564052,False,BROOKLYN,"(40.5903413, -73.9083931)",trafficstat,False,False,False,False,False,False,False,False,False,,,,,,,
2026-08-23,00:00,40.5966964,-73.9060726,BELT PARKWAY EXIT 11 NORTH EB,11234,63,UNKNOWN,Ramp,3.542790896002032,False,BROOKLYN,"(40.5966964, -73.9060726)",trafficstat,False,False,False,False,False,False,False,False,False,,,,,,,
2026-08-23,00:00,40.6212404,-73.9290763,E  48 ST,11234,63,OTHER,Street,0.18158484358780844,False,BROOKLYN,"(40.6212404, -73.9290763)",trafficstat,True,False,False,False,False,False,False,True,False,,,,,,,
2026-08-23,00:00,40.6176187,-73.9413882,E  35 ST,11234,63,UNKNOWN,Street,1.1907807097538878,False,BROOKLYN,"(40.6176187, -73.9413882)",trafficstat,False,False,False,False,False,False,False,False,False,,,,,,,
2026-08-22,00:00,40.6299201,-73.9442634,FLATBUSH AVE,11210,63,UNKNOWN,Street,70.146223216785,False,BROOKLYN,"(40.6299201, -73.9442634)",trafficstat,True,False,False,False,False,False,False,True,False,,,,,,,
2026-08-22,00:00,40.6278821,-73.9325061,KINGS HWY,11234,63,UNKNOWN,Street,0.4594503069698941,False,BROOKLYN,"(40.6278821, -73.9325061)",trafficstat,True,False,False,False,False,False,False,False,True,,,,,,,
2026-08-15,00:00,40.6278821,-73.9325061,KINGS HWY,11234,63,OTHER,Street,0.4594503069698941,False,BROOKLYN,"(40.6278821, -73.9325061)",trafficstat,True,False,False,False,False,False,False,False,True,,,,,,,
2026-08-14,00:00,40.6278821,-73.9325061,KINGS HWY,11234,63,UNKNOWN,Street,0.4594503069698941,False,BROOKLYN,"(40.6278821, -73.9325061)",trafficstat,True,False,False,False,False,False,False,True,False,,,,,,,
2026-07-26,00:00,40.6278821,-73.9325061,KINGS HWY,11234,63,UNKNOWN,Street,0.4594503069698941,False,BROOKLYN,"(40.6278821, -73.9325061)",trafficstat,True,False,False,False,False,False,False,True,False,,,,,,,
2026-08-21,00:00,40.6291704,-73.9175471,BERGEN AVE,11234,63,UNKNOWN,Street,81.49089303888559,False,BROOKLYN,"(40.6291704, -73.9175471)",trafficstat,False,False,False,False,False,False,False,False,False,,,,,,,
2026-08-21,00:00,40.6302371,-73.9324533,KINGS HWY,11234,63,UNKNOWN,Street,1.9682417071338854,False,BROOKLYN,"(40.6302371, -73.9324533)",trafficstat,False,False,False,False,False,False,False,False,False,,,,,,,
2026-08-21,00:00,40.630748,-73.9242386,E  54 ST,11234,63,OTHER,Street,0.2408282093908425,False,BROOKLYN,"(40.630748, -73.9242386)",trafficstat,True,True,False,False,True,False,False,False,False,,,,,,,
2026-08-21,00:00,40.6083043,-73.9133011,56 DR,11234,63,UNKNOWN,Street,2.0069885687520737,False,BROOKLYN,"(40.6083043, -73.9133011)",trafficstat,False,False,False,False,False,False,False,False,False,,,,,,,
2026-08-20,00:00,40.6004268,-73.9141452,MARINE PARK GOLF COURSE DRWY,11234,63,UNKNOWN,Driveway,67.88548748832125,False,BROOKLYN,"(40.6004268, -73.9141452)",trafficstat,True,False,False,False,False,False,False,True,False,,,,,,,
2026-08-20,00:00,40.6229508,-73.9361877,KINGS HWY,11234,63,UNKNOWN,Street,28.718195623035463,False,BROOKLYN,"(40.6229508, -73.9361877)",trafficstat,True,False,False,False,False,False,False,True,False,,,,,,,
2026-08-20,00:00,40.617802,-73.9434121,KINGS HWY,11234,63,OTHER,Street,29.653385078702268,False,BROOKLYN,"(40.617802, -73.9434121)",trafficstat,True,False,True,False,False,False,False,False,False,,,,,,,
2026-08-19,00:00,40.6239797,-73.9206259,E  57 ST,11234,63,UNKNOWN,Street,0.09852811330484765,False,BROOKLYN,"(40.6239797, -73.9206259)",trafficstat,True,False,False,False,False,False,False,True,False,,,,,,,
2026-08-19,00:00,40.6212167,-73.9353802,FLATBUSH AVE,11234,63,UNKNOWN,Street,1.4208214093296874,False,BROOKLYN,"(40.6212167, -73.9353802)",trafficstat,False,False,False,False,False,False,False,False,False,,,,,,,
2026-08-19,00:00,40.6071745,-73.9309784,E  34 ST,11234,63,UNKNOWN,Street,1.4564608003820434,False,BROOKLYN,"(40.6071745, -73.9309784)",trafficstat,True,False,True,False,False,False,False,False,False,,,,,,,
2026-07-09,00:00,40.6071745,-73.9309784,E  34 ST,11234,63,UNKNOWN,Street,1.4564608003820434,False,BROOKLYN,"(40.6071745, -73.9309784)",trafficstat,False,False,False,False,False,False,False,False,False,,,,,,,
2026-08-19,00:00,40.6161227,-73.9180836,E  59 ST,11234,63,UNKNOWN,Street,42.780878036395656,False,BROOKLYN,"(40.6161227, -73.9180836)",trafficstat,True,False,False,False,False,False,False,False,True,,,,,,,
2026-08-19,00:00,40.6279845,-73.924919,E  53 ST,11234,63,UNKNOWN,Street,0.0500558187195376,False,BROOKLYN,"(40.6279845, -73.924919)",trafficstat,True,False,False,False,True,False,False,False,False,,,,,,,
2026-08-19,00:00,40.6232091,-73.9271336,ALLEY,11234,63,UNKNOWN,Alley,29.647199381954636,False,BROOKLYN,"(40.6232091, -73.9271336)",trafficstat,False,False,False,False,False,False,False,False,False,,,,,,,
2026-08-18,00:00,40.6236239,-73.9263648,E  51 ST,11234,63,UNKNOWN,Street,0.2882915036350648,False,BROOKLYN,"(40.6236239, -73.9263648)",trafficstat,True,False,False,False,False,False,False,False,True,,,,,,,
2026-08-18,00:00,40.6328477,-73.928365,UTICA AVE,11234,63,UNKNOWN,Street,0.2297138480169933,False,BROOKLYN,"(40.6328477, -73.928365)",trafficstat,False,False,False,False,False,False,False,False,False,,,,,,,
2026-07-25,00:00,40.6328477,-73.928365,UTICA AVE,11234,63,UNKNOWN,Street,0.2297138480169933,False,BROOKLYN,"(40.6328477, -73.928365)",trafficstat,True,False,False,False,False,False,False,True,True,,,,,,,
2026-07-24,00:00,40.6328477,-73.928365,UTICA AVE,11234,63,OTHER,Street,0.2297138480169933,False,BROOKLYN,"(40.6328477, -73.928365)",trafficstat,False,False,False,False,False,False,False,False,False,,,,,,,
2026-06-20,00:00,40.6328477,-73.928365,UTICA AVE,11234,63,UNKNOWN,Street,0.2297138480169933,False,BROOKLYN,"(40.6328477, -73.928365)",trafficstat,False,False,False,False,False,False,False,False,False,,,,,,,
2026-08-18,00:00,40.6170242,-73.930984,FLATBUSH AVE,11234,63,UNKNOWN,Street,57.970312142788146,False,BROOKLYN,"(40.6170242, -73.930984)",trafficstat,True,False,False,False,False,False,False,False,True,,,,,,,
2026-08-18,00:00,40.6221244,-73.911478,E  70 ST,11234,63,UNKNOWN,Street,54.98068822826563,False,BROOKLYN,"(40.6221244, -73.911478)",trafficstat,False,False,False,False,False,False,False,False,False,,,,,,,
2026-08-17,00:00,40.6082027,-73.9207095,AVE V,11234,63,UNKNOWN,Street,2.896736689103895,False,BROOKLYN,"(40.6082027, -73.9207095)",trafficstat,False,False,False,False,False,False,False,False,False,,,,,,,
2026-07-23,00:00,40.6082027,-73.9207095,AVE V,11234,63,UNKNOWN,Street,2.896736689103895,False,BROOKLYN,"(40.6082027, -73.9207095)",trafficstat,False,False,False,False,False,False,False,False,False,,,,,,,
2026-08-17,00:00,40.6096499,-73.897371,BELT PARKWAY EXIT 12 EB,11234,63,UNKNOWN,Ramp,32.14788184429562,False,BROOKLYN,"(40.6096499, -73.897371)",trafficstat,False,False,False,False,False,False,False,False,False,,,,,,,
2026-06-16,00:00,40.6096499,-73.897371,BELT PARKWAY EXIT 12 EB,11234,63,OTHER,Ramp,32.14788184429562,False,BROOKLYN,"(40.6096499, -73.897371)",trafficstat,True,False,False,False,False,False,False,False,True,,,,,,,
2026-08-17,00:00,40.6017591,-73.9131364,FLATBUSH AVE,11234,63,UNKNOWN,Street,125.52099936672586,False,BROOKLYN,"(40.6017591, -73.9131364)",trafficstat,False,False,False,False,False,False,False,False,False,,,,,,,
2026-08-10,00:00,40.6017591,-73.9131364,FLATBUSH AVE,11234,63,UNKNOWN,Street,125.52099936672586,False,BROOKLYN,"(40.6017591, -73.9131364)",trafficstat,True,False,False,False,False,False,False,True,False,,,,,,,
2026-08-17,00:00,40.6209984,-73.9329201,TROY AVE,11234,63,UNKNOWN,Street,0.2821055030147372,False,BROOKLYN,"(40.6209984, -73.9329201)",trafficstat,False,False,False,False,False,False,False,False,False,,,,,,,
2026-08-16,00:00,40.6298231,-73.9249319,E  53 ST,11234,63,UNKNOWN,Street,50.25773044907066,False,BROOKLYN,"(40.6298231, -73.9249319)",trafficstat,False,False,False,False,False,False,False,False,False,,,,,,,
2026-08-16,00:00,40.5965112,-73.9078755,FLATBUSH AVE,11234,63,UNKNOWN,Street,16.578538728662537,False,BROOKLYN,"(40.5965112, -73.9078755)",trafficstat,False,False,False,False,False,False,False,False,False,,,,,,,
2026-08-02,00:00,40.5965112,-73.9078755,FLATBUSH AVE,11234,63,UNKNOWN,Street,16.578538728662537,False,BROOKLYN,"(40.5965112, -73.9078755)",trafficstat,False,False,False,False,False,False,False,False,False,,,,,,,
2026-06-28,00:00,40.5965112,-73.9078755,FLATBUSH AVE,11234,63,OTHER,Street,16.578538728662537,False,BROOKLYN,"(40.5965112, -73.9078755)",trafficstat,False,False,False,False,False,False,False,False,False,,,,,,,
2026-08-16,00:00,40.5928251,-73.9080728,BELT PKWY,11234,63,UNKNOWN,Highway,2.9690861395686516,False,BROOKLYN,"(40.5928251, -73.9080728)",trafficstat,False,False,False,False,False,False,False,False,False,,,,,,,
2026-08-16,00:00,40.6081789,-73.9257672,RYDER ST,11234,63,OTHER,Street,19.247799439058827,False,BROOKLYN,"(40.6081789, -73.9257672)",trafficstat,False,False,False,False,False,False,False,False,False,,,,,,,
2026-08-16,00:00,40.6164796,-73.925789,ALLEY,11234,63,UNKNOWN,Alley,48.755313305605746,False,BROOKLYN,"(40.6164796, -73.925789)",trafficstat,False,False,False,False,False,False,False,False,False,,,,,,,
2026-08-16,00:00,40.6156519,-73.9295306,FLATBUSH AVE,11234,63,UNKNOWN,Street,74.20720270435363,False,BROOKLYN,"(40.6156519, -73.9295306)",trafficstat,True,False,False,False,False,False,False,True,False,,,,,,,
2026-08-15,00:00,40.5984011,-73.9062827,BELT PKWY,11234,63,OTHER,Highway,0.37432441125301047,False,BROOKLYN,"(40.5984011, -73.9062827)",trafficstat,True,False,False,False,False,False,False,False,True,,,,,,,
2026-08-10,00:00,40.5984011,-73.9062827,BELT PKWY,11234,63,UNKNOWN,Highway,0.37432441125301047,False,BROOKLYN,"(40.5984011, -73.9062827)",trafficstat,False,False,False,False,False,False,False,False,False,,,,,,,
2026-08-15,00:00,40.5906178,-73.9028063,FLATBUSH AVE,11234,63,UNKNOWN,Street,273.92101582819726,False,BROOKLYN,"(40.5906178, -73.9028063)",trafficstat,True,False,False,True,False,False,False,False,False,,,,,,,
2026-06-30,00:00,40.5906178,-73.9028063,FLATBUSH AVE,11234,63,OTHER,Street,273.92101582819726,False,BROOKLYN,"(40.5906178, -73.9028063)",trafficstat,False,False,False,False,False,False,False,False,False,,,,,,,
2026-08-15,00:00,40.6399773,-73.9262207,E  53 ST,11203,63,OTHER,Street,0.031363935744650386,False,BROOKLYN,"(40.6399773, -73.9262207)",trafficstat,True,False,False,False,False,False,False,False,True,,,,,,,
2026-08-15,00:00,40.627533,-73.9404485,E  37 ST,11210,63,UNKNOWN,Street,40.09496798628116,False,BROOKLYN,"(40.627533, -73.9404485)",trafficstat,False,False,False,False,False,False,False,False,False,,,,,,,
2026-08-15,00:00,40.6341279,-73.9290004,KINGS HWY,11234,63,OTHER,Street,64.95360530474892,False,BROOKLYN,"(40.6341279, -73.9290004)",trafficstat,True,False,False,False,False,False,False,False,True,,,,,,,
2026-08-14,00:00,40.6400127,-73.9257738,KINGS HWY,11203,63,UNKNOWN,Street,0.2757788792683291,False,BROOKLYN,"(40.6400127, -73.9257738)",trafficstat,True,False,False,False,False,False,False,False,True,,,,,,,
2026-08-14,00:00,40.6149203,-73.914672,AVE U,11234,63,UNKNOWN,Street,2.1987555535098804,False,BROOKLYN,"(40.6149203, -73.914672)",trafficstat,True,False,True,False,False,False,False,False,False,,,,,,,
2026-08-13,00:00,40.6158965,-73.9294602,FLATBUSH AVE,11234,63,UNKNOWN,Street,1.5893449757551106,False,BROOKLYN,"(40.6158965, -73.9294602)",trafficstat,True,False,False,False,False,False,False,False,True,,,,,,,
2026-08-13,00:00,40.6412049,-73.9202595,KINGSWAY PL,11234,63,OTHER,Street,23.442615453219382,False,BROOKLYN,"(40.6412049, -73.9202595)",trafficstat,False,False,False,False,False,False,False,False,False,,,,,,,
2026-08-13,00:00,40.6357204,-73.9284698,UTICA AVE,11234,63,UNKNOWN,Street,55.47311183290977,False,BROOKLYN,"(40.6357204, -73.9284698)",trafficstat,True,False,False,False,True,False,False,False,False,,,,,,,
2026-08-13,00:00,40.6309046,-73.9204195,E  58 ST,11234,63,UNKNOWN,Street,0.2937433513800974,False,BROOKLYN,"(40.6309046, -73.9204195)",trafficstat,False,False,False,False,False,False,False,False,False,,,,,,,
2026-08-13,00:00,40.6264564,-73.9179931,RALPH AVE,11234,63,UNKNOWN,Street,0.4993349062708033,False,BROOKLYN,"(40.6264564, -73.9179931)",trafficstat,False,False,False,False,False,False,False,False,False,,,,,,,
2026-07-13,00:00,40.6264564,-73.9179931,RALPH AVE,11234,63,OTHER,Street,0.4993349062708033,False,BROOKLYN,"(40.6264564, -73.9179931)",trafficstat,False,False,False,False,False,False,False,False,False,,,,,,,
2026-08-12,00:00,40.6262103,-73.9276588,UTICA AVE,11234,63,UNKNOWN,Street,0.46612799341133454,False,BROOKLYN,"(40.6262103, -73.9276588)",trafficstat,True,False,False,False,False,False,False,False,True,,,,,,,
2026-08-04,00:00,40.6262103,-73.9276588,UTICA AVE,11234,63,UNKNOWN,Street,0.46612799341133454,False,BROOKLYN,"(40.6262103, -73.9276588)",trafficstat,True,False,False,False,False,False,False,False,True,,,,,,,
2026-08-12,00:00,40.635007,-73.9315261,SCHENECTADY AVE,11234,63,UNKNOWN,Street,0.4302705779452768,False,BROOKLYN,"(40.635007, -73.9315261)",trafficstat,False,False,False,False,False,False,False,False,False,,,,,,,
2026-08-12,00:00,40.6120245,-73.9373756,ALLEY,11234,63,UNKNOWN,Alley,34.68132747214707,False,BROOKLYN,"(40.6120245, -73.9373756)",trafficstat,False,False,False,False,False,False,False,False,False,,,,,,,
2026-08-11,00:00,40.6111506,-73.9291735,RYDER ST,11234,63,OTHER,Street,1.5765151929592938,False,BROOKLYN,"(40.6111506, -73.9291735)",trafficstat,False,False,False,False,False,False,False,False,False,,,,,,,
2026-08-11,00:00,40.6192486,-73.9220723,E  55 ST,11234,63,UNKNOWN,Street,0.10624231224894445,False,BROOKLYN,"(40.6192486, -73.9220723)",trafficstat,True,False,False,False,False,False,False,True,False,,,,,,,
2026-08-10,00:00,40.6224004,-73.9366362,FLATBUSH AVE,11234,63,OTHER,Street,1.877111408951036,False,BROOKLYN,"(40.6224004, -73.9366362)",trafficstat,False,False,False,False,False,False,False,False,False,,,,,,,
2026-08-08,00:00,40.6341296,-73.9285005,UTICA AVE,11234,63,OTHER,Street,0.32788493038532845,False,BROOKLYN,"(40.6341296, -73.9285005)",trafficstat,False,False,False,False,False,False,False,False,False,,,,,,,
2026-07-12,00:00,40.6341296,-73.9285005,UTICA AVE,11234,63,OTHER,Street,0.32788493038532845,False,BROOKLYN,"(40.6341296, -73.9285005)",trafficstat,True,False,False,False,False,False,False,False,False,,,,,,,
2026-06-28,00:00,40.6341296,-73.9285005,UTICA AVE,11234,63,UNKNOWN,Street,0.32788493038532845,False,BROOKLYN,"(40.6341296, -73.9285005)",trafficstat,False,False,False,False,False,False,False,False,False,,,,,,,
2026-06-12,00:00,40.6341296,-73.9285005,UTICA AVE,11234,63,OTHER,Street,0.32788493038532845,False,BROOKLYN,"(40.6341296, -73.9285005)",trafficstat,True,False,False,True,False,False,False,False,False,,,,,,,
2026-08-07,00:00,40.6275149,-73.9384218,E  39 ST,11210,63,UNKNOWN,Street,0.05009435924571022,False,BROOKLYN,"(40.6275149, -73.9384218)",trafficstat,True,False,True,False,False,False,False,False,False,,,,,,,
2026-08-07,00:00,40.6273135,-73.9418156,FLATBUSH AVE,11210,63,UNKNOWN,Street,2.0346493816734887,False,BROOKLYN,"(40.6273135, -73.9418156)",trafficstat,False,False,False,False,False,False,False,False,False,,,,,,,
2026-08-07,00:00,40.6227257,-73.939334,E  37 ST,11210,63,UNKNOWN,Street,0.042574888994362146,False,BROOKLYN,"(40.6227257, -73.939334)",trafficstat,False,False,False,False,False,False,False,False,False,,,,,,,
2026-08-07,00:00,40.6170648,-73.9156958,MILL AVE,11234,63,OTHER,Street,1.7735868723923105,False,BROOKLYN,"(40.6170648, -73.9156958)",trafficstat,True,False,True,False,False,False,False,False,False,,,,,,,
2026-07-13,00:00,40.6170648,-73.9156958,MILL AVE,11234,63,UNKNOWN,Street,1.7735868723923105,False,BROOKLYN,"(40.6170648, -73.9156958)",trafficstat,True,False,True,False,False,False,False,False,False,,,,,,,
2026-08-06,00:00,40.6180216,-73.9142142,E  64 ST,11234,63,UNKNOWN,Street,1.809809636456912,False,BROOKLYN,"(40.6180216, -73.9142142)",trafficstat,False,False,False,False,False,False,False,False,False,,,,,,,
2026-08-06,00:00,40.6123153,-73.9403952,E  31 ST,11234,63,UNKNOWN,Street,1.4400807756637644,False,BROOKLYN,"(40.6123153, -73.9403952)",trafficstat,True,False,False,False,False,False,False,False,True,,,,,,,
2026-08-06,00:00,40.6099371,-73.9219473,AVE U,11234,63,UNKNOWN,Street,43.38816963529834,False,BROOKLYN,"(40.6099371, -73.9219473)",trafficstat,False,False,False,False,False,False,False,False,False,,,,,,,
2026-07-08,00:00,40.6099371,-73.9219473,AVE U,11234,63,UNKNOWN,Street,43.38816963529834,False,BROOKLYN,"(40.6099371, -73.9219473)",trafficstat,False,False,False,False,False,False,False,False,False,,,,,,,
2026-08-06,00:00,40.6079679,-73.9373639,FILLMORE AVE,11229,63,UNKNOWN,Street,197.07368501807562,False,BROOKLYN,"(40.6079679, -73.9373639)",trafficstat,True,False,False,True,False,False,False,False,False,,,,,,,
2026-08-06,00:00,40.6254084,-73.9166315,AVE L,11234,63,OTHER,Street,129.38091792986347,False,BROOKLYN,"(40.6254084, -73.9166315)",trafficstat,True,False,False,True,False,False,False,False,False,,,,,,,
2026-08-05,00:00,40.6281675,-73.9278657,UTICA AVE,11234,63,UNKNOWN,Street,0.05901486938998302,False,BROOKLYN,"(40.6281675, -73.9278657)",trafficstat,True,False,False,False,False,False,False,True,False,,,,,,,
2026-07-23,00:00,40.6281675,-73.9278657,UTICA AVE,11234,63,OTHER,Street,0.05901486938998302,False,BROOKLYN,"(40.6281675, -73.9278657)",trafficstat,True,False,False,False,False,False,False,False,True,,,,,,,
2026-08-05,00:00,40.6329672,-73.926423,E  52 ST,11234,63,UNKNOWN,Street,0.537873222061539,False,BROOKLYN,"(40.6329672, -73.926423)",trafficstat,True,False,False,False,False,False,False,True,True,,,,,,,
2026-08-05,00:00,40.6327478,-73.9329067,AVE H,11234,63,UNKNOWN,Street,63.39019992810144,False,BROOKLYN,"(40.6327478, -73.9329067)",trafficstat,False,False,False,False,False,False,False,False,False,,,,,,,
2026-08-04,00:00,40.6064808,-73.927691,AVE U,11234,63,UNKNOWN,Street,2.5052544396843306,False,BROOKLYN,"(40.6064808, -73.927691)",trafficstat,False,False,False,False,False,False,False,False,False,,,,,,,
2026-08-04,00:00,40.6234419,-73.9293117,E  48 ST,11234,63,UNKNOWN,Street,0.04291163177569044,False,BROOKLYN,"(40.6234419, -73.9293117)",trafficstat,True,False,False,False,False,False,False,True,False,,,,,,,
2026-08-03,00:00,40.6248444,-73.9312505,E  46 ST,11234,63,OTHER,Street,45.132230717539585,False,BROOKLYN,"(40.6248444, -73.9312505)",trafficstat,True,False,False,False,False,False,False,False,True,,,,,,,
2026-08-03,00:00,40.6014978,-73.9003725,SHORE PARKWAY GREENWAY,11234,63,UNKNOWN,Bridge,64.71389793429614,False,BROOKLYN,"(40.6014978, -73.9003725)",trafficstat,False,False,False,False,False,False,False,False,False,,,,,,,
2026-07-13,00:00,40.6014978,-73.9003725,SHORE PARKWAY GREENWAY,11234,63,UNKNOWN,Bridge,64.71389793429614,False,BROOKLYN,"(40.6014978, -73.9003725)",trafficstat,True,False,False,False,False,False,False,True,False,,,,,,,
2026-08-03,00:00,40.6276143,-73.946863,NOSTRAND AVE,11210,63,OTHER,Street,46.71256086814482,False,BROOKLYN,"(40.6276143, -73.946863)",trafficstat,False,False,False,False,False,False,False,False,False,,,,,,,
2026-08-03,00:00,40.6254671,-73.9409483,E  36 ST,11210,63,OTHER,Street,40.180017825145576,False,BROOKLYN,"(40.6254671, -73.9409483)",trafficstat,False,False,False,False,False,False,False,False,False,,,,,,,
2026-08-03,00:00,40.6274215,-73.9279793,UTICA AVE,11234,63,UNKNOWN,Street,53.0982851015888,False,BROOKLYN,"(40.6274215, -73.9279793)",trafficstat,True,False,False,False,False,False,False,False,True,,,,,,,
2026-08-02,00:00,40.6179263,-73.9317309,FLATBUSH AVE,11234,63,UNKNOWN,Street,1.6399265683512527,False,BROOKLYN,"(40.6179263, -73.9317309)",trafficstat,False,False,False,False,False,False,False,False,False,,,,,,,
2026-06-18,00:00,40.6179263,-73.9317309,FLATBUSH AVE,11234,63,UNKNOWN,Street,1.6399265683512527,False,BROOKLYN,"(40.6179263, -73.9317309)",trafficstat,False,False,False,False,False,False,False,False,False,,,,,,,
2026-08-02,00:00,40.6168529,-73.9227559,E  54 ST,11234,63,UNKNOWN,Street,0.07457124844391777,False,BROOKLYN,"(40.6168529, -73.9227559)",trafficstat,True,False,False,False,False,False,False,False,True,,,,,,,
2026-06-23,00:00,40.6168529,-73.9227559,E  54 ST,11234,63,OTHER,Street,0.07457124844391777,False,BROOKLYN,"(40.6168529, -73.9227559)",trafficstat,False,False,False,False,False,False,False,False,False,,,,,,,
2026-07-31,00:00,40.6139466,-73.9422162,E  31 ST,11234,63,UNKNOWN,Street,1.74312572316424,False,BROOKLYN,"(40.6139466, -73.9422162)",trafficstat,True,False,False,False,False,False,False,False,True,,,,,,,
2026-07-31,00:00,40.6065492,-73.9305167,E  34 ST,11234,63,UNKNOWN,Street,50.423964373453096,False,BROOKLYN,"(40.6065492, -73.9305167)",trafficstat,False,False,False,False,False,False,False,False,False,,,,,,,
2026-07-31,00:00,40.6387911,-73.9218184,FOSTER AVE,11234,63,UNKNOWN,Street,0.10850616792387496,False,BROOKLYN,"(40.6387911, -73.9218184)",trafficstat,True,False,False,False,False,False,False,True,False,,,,,,,
2026-07-31,00:00,40.6354282,-73.9247377,E  54 ST,11234,63,OTHER,Street,0.19705162968609846,False,BROOKLYN,"(40.6354282, -73.9247377)",trafficstat,True,False,False,False,False,False,False,False,True,,,,,,,
2026-07-31,00:00,40.6349501,-73.9282539,KINGS HWY,11234,63,UNKNOWN,Street,70.12910004044014,False,BROOKLYN,"(40.6349501, -73.9282539)",trafficstat,False,False,False,False,False,False,False,False,False,,,,,,,
2026-07-30,00:00,40.6227398,-73.9178827,ALLEY,11234,63,UNKNOWN,Alley,63.003676420236786,False,BROOKLYN,"(40.6227398, -73.9178827)",trafficstat,False,False,False,False,False,False,False,False,False,,,,,,,
2026-07-30,00:00,40.6227794,-73.9349565,LOTT PL,11234,63,UNKNOWN,Street,35.89971170226162,False,BROOKLYN,"(40.6227794, -73.9349565)",trafficstat,True,False,True,False,False,False,False,False,False,,,,,,,
2026-07-29,00:00,40.6201244,-73.940806,E  35 ST,11234,63,UNKNOWN,Street,0.441321588686247,False,BROOKLYN,"(40.6201244, -73.940806)",trafficstat,False,False,False,False,False,False,False,False,False,,,,,,,
2026-07-29,00:00,40.633027,-73.9254573,E  53 ST,11234,63,OTHER,Street,0.3311146527870091,False,BROOKLYN,"(40.633027, -73.9254573)",trafficstat,True,False,False,False,False,False,False,False,True,,,,,,,
2026-07-28,00:00,40.6248831,-73.9343355,KINGS HWY,11234,63,UNKNOWN,Street,2.0002117911161537,False,BROOKLYN,"(40.6248831, -73.9343355)",trafficstat,False,False,False,False,False,False,False,False,False,,,,,,,
2026-07-28,00:00,40.6251883,-73.9097517,ROYCE PL,11234,63,OTHER,Street,50.38958061154275,False,BROOKLYN,"(40.6251883, -73.9097517)",trafficstat,True,False,False,False,False,False,False,False,False,,,,,,,
2026-07-27,00:00,40.620159,-73.9149004,E  65 ST,11234,63,UNKNOWN,Street,45.942175150498365,False,BROOKLYN,"(40.620159, -73.9149004)",trafficstat,False,False,False,False,False,False,False,False,False,,,,,,,
2026-07-26,00:00,40.618602,-73.9324614,FLATBUSH AVE,11234,63,UNKNOWN,Street,1.2515869273607958,False,BROOKLYN,"(40.618602, -73.9324614)",trafficstat,True,False,True,False,False,False,False,False,False,,,,,,,
2026-07-21,00:00,40.618602,-73.9324614,FLATBUSH AVE,11234,63,UNKNOWN,Street,1.2515869273607958,False,BROOKLYN,"(40.618602, -73.9324614)",trafficstat,True,False,False,False,False,False,False,True,False,,,,,,,
2026-07-08,00:00,40.618602,-73.9324614,FLATBUSH AVE,11234,63,UNKNOWN,Street,1.2515869273607958,False,BROOKLYN,"(40.618602, -73.9324614)",trafficstat,True,False,False,False,False,False,False,True,False,,,,,,,
2026-06-13,00:00,40.618602,-73.9324614,FLATBUSH AVE,11234,63,UNKNOWN,Street,1.2515869273607958,False,BROOKLYN,"(40.618602, -73.9324614)",trafficstat,True,False,False,False,False,True,False,False,False,,,,,,,
2026-07-26,00:00,40.6397084,-73.9198736,FOSTER AVE,11234,63,UNKNOWN,Street,55.31489094445127,False,BROOKLYN,"(40.6397084, -73.9198736)",trafficstat,False,False,False,False,False,False,False,False,False,,,,,,,
2026-07-25,00:00,40.6293709,-73.9239428,E  54 ST,11234,63,UNKNOWN,Street,41.089674071600285,False,BROOKLYN,"(40.6293709, -73.9239428)",trafficstat,False,False,False,False,False,False,False,False,False,,,,,,,
2026-07-25,00:00,40.6292755,-73.946328,E  31 ST,11210,63,UNKNOWN,Street,0.6220045773780746,False,BROOKLYN,"(40.6292755, -73.946328)",trafficstat,True,False,False,False,False,False,False,True,False,,,,,,,