crash_date,crash_time,latitude,longitude,on_street_name,zip_code,precinct,collision_type,roadway_type,geocode_dist_feet,time_is_known,borough,location,source,injury,fatality,injured_pedestrian,injured_cyclist,injured_ebike_rider,injured_motorcyclist,injured_moped_rider,injured_car_occupant,injured_suv_occupant,number_of_persons_injured,number_of_persons_killed,contributing_factor_vehicle_1,collision_id,cross_street_name,off_street_name,vehicle_type_code1
2026-07-25,00:00,40.5874824,-73.909812,BELT PKWY,11234,63,UNKNOWN,Highway,13.367491184229447,False,BROOKLYN,"(40.5874824, -73.909812)",trafficstat,True,False,False,False,False,False,False,False,True,,,,,,,
2026-07-25,00:00,40.5837274,-73.893712,AVIATION RD,11234,63,OTHER,Street,2.689141799740966,False,BROOKLYN,"(40.5837274, -73.893712)",trafficstat,False,False,False,False,False,False,False,False,False,,,,,,,
2026-07-24,00:00,40.6111446,-73.9378642,E  32 ST,11234,63,UNKNOWN,Street,1.3673656181895355,False,BROOKLYN,"(40.6111446, -73.9378642)",trafficstat,True,False,False,False,False,False,False,True,True,,,,,,,
2026-07-23,00:00,40.5999548,-73.90318,BELT PKWY,11234,63,OTHER,Highway,32.49004143382736,False,BROOKLYN,"(40.5999548, -73.90318)",trafficstat,True,False,False,False,False,False,False,False,True,,,,,,,
2026-07-22,00:00,40.628287,-73.9259274,E  52 ST,11234,63,OTHER,Street,0.06916607332165485,False,BROOKLYN,"(40.628287, -73.9259274)",trafficstat,False,False,False,False,False,False,False,False,False,,,,,,,
2026-07-21,00:00,40.6277227,-73.9422727,E  35 ST,11210,63,UNKNOWN,Street,0.13943044947591035,False,BROOKLYN,"(40.6277227, -73.9422727)",trafficstat,True,False,False,False,False,False,False,False,True,,,,,,,
2026-07-21,00:00,40.6388362,-73.9231664,E  56 ST,11234,63,UNKNOWN,Street,0.39536982857420466,False,BROOKLYN,"(40.6388362, -73.9231664)",trafficstat,True,False,False,False,False,False,True,False,False,,,,,,,
2026-07-21,00:00,40.6254117,-73.9182276,RALPH AVE,11234,63,UNKNOWN,Street,94.9246438767852,False,BROOKLYN,"(40.6254117, -73.9182276)",trafficstat,False,False,False,False,False,False,False,False,False,,,,,,,
2026-07-20,00:00,40.61814,-73.9357361,KIMBALL ST,11234,63,UNKNOWN,Street,2.157403160241104,False,BROOKLYN,"(40.61814, -73.9357361)",trafficstat,True,False,False,False,True,False,False,False,False,,,,,,,
2026-07-20,00:00,40.6195472,-73.9172632,RALPH AVE,11234,63,UNKNOWN,Street,0.40625855058507016,False,BROOKLYN,"(40.6195472, -73.9172632)",trafficstat,True,False,False,False,False,False,False,False,True,,,,,,,
2026-07-20,00:00,40.6188556,-73.9264329,AVE N,11234,63,OTHER,Street,47.39431549302677,False,BROOKLYN,"(40.6188556, -73.9264329)",trafficstat,False,False,False,False,False,False,False,False,False,,,,,,,
2026-07-20,00:00,40.5956606,-73.9081553,BELT PKWY,11234,63,UNKNOWN,Highway,0.25401011944595797,False,BROOKLYN,"(40.5956606, -73.9081553)",trafficstat,False,False,False,False,False,False,False,False,False,,,,,,,
2026-07-20,00:00,40.6330895,-73.9244881,E  54 ST,11234,63,UNKNOWN,Street,0.3049561409120907,False,BROOKLYN,"(40.6330895, -73.9244881)",trafficstat,True,False,False,False,False,False,False,True,False,,,,,,,
2026-07-19,00:00,40.6121926,-73.9232295,E  53 ST,11234,63,UNKNOWN,Street,0.2851134458596805,False,BROOKLYN,"(40.6121926, -73.9232295)",trafficstat,False,False,False,False,False,False,False,False,False,,,,,,,
2026-07-18,00:00,40.637879,-73.925727,E  53 ST,11234,63,UNKNOWN,Street,74.64675174968144,False,BROOKLYN,"(40.637879, -73.925727)",trafficstat,True,False,False,False,False,False,False,False,True,,,,,,,
2026-07-17,00:00,40.6252019,-73.9093042,ROYCE PL,11234,63,UNKNOWN,Street,50.35191333906715,False,BROOKLYN,"(40.6252019, -73.9093042)",trafficstat,False,False,False,False,False,False,False,False,False,,,,,,,
2026-07-17,00:00,40.6120689,-73.9364371,E  34 ST,11234,63,UNKNOWN,Street,1.5966412005827164,False,BROOKLYN,"(40.6120689, -73.9364371)",trafficstat,True,False,False,True,False,False,False,False,False,,,,,,,
2026-07-17,00:00,40.6097634,-73.9226865,AVE U,11234,63,UNKNOWN,Street,8.145262983665374,False,BROOKLYN,"(40.6097634, -73.9226865)",trafficstat,False,False,False,False,False,False,False,False,False,,,,,,,
2026-07-17,00:00,40.5914031,-73.9078695,BELT PKWY,11234,63,OTHER,Highway,0.3134335142005131,False,BROOKLYN,"(40.5914031, -73.9078695)",trafficstat,True,False,False,False,False,False,False,False,True,,,,,,,
2026-07-16,00:00,40.6260993,-73.917881,RALPH AVE,11234,63,UNKNOWN,Street,21.07786887896766,False,BROOKLYN,"(40.6260993, -73.917881)",trafficstat,True,False,True,False,False,False,False,False,False,,,,,,,
2026-07-15,00:00,40.6326954,-73.9288049,AVE H,11234,63,OTHER,Street,48.42827222389687,False,BROOKLYN,"(40.6326954, -73.9288049)",trafficstat,True,False,False,True,False,False,False,False,False,,,,,,,
2026-07-15,00:00,40.6111613,-73.920407,AVE U,11234,63,UNKNOWN,Street,15.590605870754231,False,BROOKLYN,"(40.6111613, -73.920407)",trafficstat,True,False,False,False,False,False,False,True,False,,,,,,,
2026-07-15,00:00,40.6241908,-73.9195491,E  58 ST,11234,63,UNKNOWN,Street,43.731579414427195,False,BROOKLYN,"(40.6241908, -73.9195491)",trafficstat,True,False,False,False,False,False,False,True,True,,,,,,,
2026-07-13,00:00,40.6172116,-73.9450662,NOSTRAND AVE,11210,63,UNKNOWN,Street,0.11043281075430401,False,BROOKLYN,"(40.6172116, -73.9450662)",trafficstat,True,False,False,False,True,False,False,False,False,,,,,,,
2026-07-13,00:00,40.6139419,-73.9205262,AVE T,11234,63,UNKNOWN,Street,2.8737379137707766,False,BROOKLYN,"(40.6139419, -73.9205262)",trafficstat,True,False,False,False,False,False,False,True,True,,,,,,,
2026-07-12,00:00,40.6196491,-73.8973088,BELT PKWY,11234,63,UNKNOWN,Highway,74.81719402832697,False,BROOKLYN,"(40.6196491, -73.8973088)",trafficstat,False,False,False,False,False,False,False,False,False,,,,,,,
2026-07-12,00:00,40.6314722,-73.9195434,E  59 ST,11234,63,OTHER,Street,0.07584824307003278,False,BROOKLYN,"(40.6314722, -73.9195434)",trafficstat,True,False,False,False,False,False,False,True,False,,,,,,,
2026-07-11,00:00,40.6252191,-73.9215098,E  56 ST,11234,63,UNKNOWN,Street,61.79786051283127,False,BROOKLYN,"(40.6252191, -73.9215098)",trafficstat,False,False,False,False,False,False,False,False,False,,,,,,,
2026-07-11,00:00,40.6250865,-73.9322132,ALLEY,11234,63,UNKNOWN,Alley,24.726311129569112,False,BROOKLYN,"(40.6250865, -73.9322132)",trafficstat,False,False,False,False,False,False,False,False,False,,,,,,,
2026-07-11,00:00,40.6169129,-73.9262403,AVE O,11234,63,UNKNOWN,Street,97.6598558046362,False,BROOKLYN,"(40.6169129, -73.9262403)",trafficstat,False,False,False,False,False,False,False,False,False,,,,,,,
2026-07-10,00:00,40.6190124,-73.9258764,E  51 ST,11234,63,OTHER,Street,0.09934645682730203,False,BROOKLYN,"(40.6190124, -73.9258764)",trafficstat,True,False,False,False,False,False,False,False,False,,,,,,,
2026-07-10,00:00,40.6310785,-73.9189957,RALPH AVE,11234,63,UNKNOWN,Street,138.52646788614746,False,BROOKLYN,"(40.6310785, -73.9189957)",trafficstat,True,False,True,False,False,False,False,False,False,,,,,,,
2026-07-10,00:00,40.6372195,-73.9257408,E  53 ST,11234,63,UNKNOWN,Street,42.7565860541671,False,BROOKLYN,"(40.6372195, -73.9257408)",trafficstat,True,False,False,False,False,False,False,True,False,,,,,,,
2026-07-09,00:00,40.6331465,-73.9235549,E  55 ST,11234,63,UNKNOWN,Street,0.4531210643894099,False,BROOKLYN,"(40.6331465, -73.9235549)",trafficstat,True,False,False,False,False,False,False,False,True,,,,,,,
2026-07-09,00:00,40.6239199,-73.921595,E  56 ST,11234,63,UNKNOWN,Street,0.1023656650862228,False,BROOKLYN,"(40.6239199, -73.921595)",trafficstat,True,False,False,False,False,False,False,False,True,,,,,,,
2026-07-09,00:00,40.6199018,-73.8974453,BELT PKWY,11234,63,UNKNOWN,Highway,35.230089859454075,False,BROOKLYN,"(40.6199018, -73.8974453)",trafficstat,True,False,False,False,False,False,False,True,False,,,,,,,
2026-07-08,00:00,40.6160915,-73.9171954,E  60 ST,11234,63,UNKNOWN,Street,1.6126153926165343,False,BROOKLYN,"(40.6160915, -73.9171954)",trafficstat,True,False,False,False,False,False,False,False,True,,,,,,,
2026-07-08,00:00,40.6255924,-73.9314925,E  46 ST,11234,63,UNKNOWN,Street,0.26243118031836005,False,BROOKLYN,"(40.6255924, -73.9314925)",trafficstat,False,False,False,False,False,False,False,False,False,,,,,,,
2026-07-07,00:00,40.6289332,-73.9438064,FLATBUSH AVE,11210,63,UNKNOWN,Street,57.79029330954803,False,BROOKLYN,"(40.6289332, -73.9438064)",trafficstat,False,False,False,False,False,False,False,False,False,,,,,,,
2026-07-06,00:00,40.6244253,-73.9179879,RALPH AVE,11234,63,UNKNOWN,Street,57.435105962340785,False,BROOKLYN,"(40.6244253, -73.9179879)",trafficstat,True,False,False,False,False,False,False,True,False,,,,,,,
2026-07-06,00:00,40.6120747,-73.9277462,COLEMAN ST,11234,63,UNKNOWN,Street,1.5437362458608115,False,BROOKLYN,"(40.6120747, -73.9277462)",trafficstat,False,False,False,False,False,False,False,False,False,,,,,,,
2026-07-06,00:00,40.6144101,-73.9414991,E  32 ST,11234,63,OTHER,Street,1.1973962921366956,False,BROOKLYN,"(40.6144101, -73.9414991)",trafficstat,True,False,False,False,False,False,False,False,True,,,,,,,
2026-07-05,00:00,40.6203754,-73.9273198,UTICA AVE,11234,63,UNKNOWN,Street,79.91708603592997,False,BROOKLYN,"(40.6203754, -73.9273198)",trafficstat,True,False,False,False,False,False,False,True,False,,,,,,,
2026-07-05,00:00,40.6281053,-73.9440737,NEW YORK AVE,11210,63,UNKNOWN,Street,37.75367594392,False,BROOKLYN,"(40.6281053, -73.9440737)",trafficstat,True,False,False,False,False,False,False,True,False,,,,,,,
2026-07-04,00:00,40.6349992,-73.9276709,KINGS HWY,11234,63,UNKNOWN,Street,1.7180636190332783,False,BROOKLYN,"(40.6349992, -73.9276709)",trafficstat,True,False,False,True,False,False,False,False,False,,,,,,,
2026-07-03,00:00,40.6217185,-73.9213598,E  56 ST,11234,63,UNKNOWN,Street,0.05672755000065247,False,BROOKLYN,"(40.6217185, -73.9213598)",trafficstat,False,False,False,False,False,False,False,False,False,,,,,,,
2026-07-03,00:00,40.6202541,-73.9368652,COLEMAN ST,11234,63,OTHER,Street,1.1009345177245708,False,BROOKLYN,"(40.6202541, -73.9368652)",trafficstat,False,False,False,False,False,False,False,False,False,,,,,,,
2026-06-14,00:00,40.6202541,-73.9368652,COLEMAN ST,11234,63,UNKNOWN,Street,1.1009345177245708,False,BROOKLYN,"(40.6202541, -73.9368652)",trafficstat,False,False,False,False,False,False,False,False,False,,,,,,,
2026-07-03,00:00,40.6210652,-73.8970544,BELT PKWY,11234,63,UNKNOWN,Highway,91.34467522152474,False,BROOKLYN,"(40.6210652, -73.8970544)",trafficstat,True,False,False,False,False,False,False,True,False,,,,,,,
2026-07-03,00:00,40.620561,-73.934392,FLATBUSH AVE,11234,63,UNKNOWN,Street,55.461934679735236,False,BROOKLYN,"(40.620561, -73.934392)",trafficstat,False,False,False,False,False,False,False,False,False,,,,,,,
2026-07-03,00:00,40.6169724,-73.9208503,E  56 ST,11234,63,OTHER,Street,0.6005850284618123,False,BROOKLYN,"(40.6169724, -73.9208503)",trafficstat,True,False,False,False,False,False,False,True,False,,,,,,,
2026-07-02,00:00,40.6117123,-73.9192458,AVE U,11234,63,UNKNOWN,Street,63.45227638381742,False,BROOKLYN,"(40.6117123, -73.9192458)",trafficstat,False,False,False,False,False,False,False,False,False,,,,,,,
2026-07-01,00:00,40.6228268,-73.9384117,E  38 ST,11234,63,OTHER,Street,0.02133460186499408,False,BROOKLYN,"(40.6228268, -73.9384117)",trafficstat,True,False,False,False,False,False,False,True,False,,,,,,,
2026-06-30,00:00,40.6257853,-73.928315,FLATLANDS AVE,11234,63,UNKNOWN,Street,2.567707974457634,False,BROOKLYN,"(40.6257853, -73.928315)",trafficstat,True,False,False,False,False,False,False,True,False,,,,,,,
2026-06-30,00:00,40.6255108,-73.9298181,AVE K,11234,63,OTHER,Street,69.94640057748303,False,BROOKLYN,"(40.6255108, -73.9298181)",trafficstat,True,False,True,False,False,False,False,False,False,,,,,,,
2026-06-30,00:00,40.6255645,-73.9182441,RALPH AVE,11234,63,UNKNOWN,Street,95.02330684826168,False,BROOKLYN,"(40.6255645, -73.9182441)",trafficstat,True,False,False,False,False,False,False,False,True,,,,,,,
2026-06-29,00:00,40.607429,-73.915026,MILL AVE,11234,63,UNKNOWN,Street,62.218515516956245,False,BROOKLYN,"(40.607429, -73.915026)",trafficstat,False,False,False,False,False,False,False,False,False,,,,,,,
2026-06-29,00:00,40.6374232,-73.9240076,E  55 ST,11234,63,UNKNOWN,Street,0.47330328772689445,False,BROOKLYN,"(40.6374232, -73.9240076)",trafficstat,False,False,False,False,False,False,False,False,False,,,,,,,
2026-06-28,00:00,40.6307539,-73.9189566,RALPH AVE,11234,63,OTHER,Street,137.4815127008985,False,BROOKLYN,"(40.6307539, -73.9189566)",trafficstat,True,False,False,True,False,False,False,True,False,,,,,,,
2026-06-28,00:00,40.6083427,-73.9248222,KIMBALL ST,11234,63,UNKNOWN,Street,1.562374089907136,False,BROOKLYN,"(40.6083427, -73.9248222)",trafficstat,False,False,False,False,False,False,False,False,False,,,,,,,
2026-06-15,00:00,40.6083427,-73.9248222,KIMBALL ST,11234,63,UNKNOWN,Street,1.562374089907136,False,BROOKLYN,"(40.6083427, -73.9248222)",trafficstat,False,False,False,False,False,False,False,False,False,,,,,,,
2026-06-28,00:00,40.5865365,-73.9112174,BELT PKWY,11234,63,UNKNOWN,Highway,30.36710513525526,False,BROOKLYN,"(40.5865365, -73.9112174)",trafficstat,True,False,False,False,False,False,False,True,False,,,,,,,
2026-06-28,00:00,40.6174327,-73.9324878,HENDRICKSON ST,11234,63,OTHER,Street,1.5457011115266397,False,BROOKLYN,"(40.6174327, -73.9324878)",trafficstat,True,False,False,False,False,False,False,False,True,,,,,,,
2026-06-28,00:00,40.6211675,-73.9324282,AVE M,11234,63,UNKNOWN,Street,46.763981973833744,False,BROOKLYN,"(40.6211675, -73.9324282)",trafficstat,False,False,False,False,False,False,False,False,False,,,,,,,
2026-06-28,00:00,40.6183888,-73.9171674,RALPH AVE,11234,63,UNKNOWN,Street,0.22904956469793356,False,BROOKLYN,"(40.6183888, -73.9171674)",trafficstat,False,False,False,False,False,False,False,False,False,,,,,,,
2026-06-27,00:00,40.6157188,-73.918052,E  59 ST,11234,63,UNKNOWN,Street,43.68193065957215,False,BROOKLYN,"(40.6157188, -73.918052)",trafficstat,False,False,False,False,False,False,False,False,False,,,,,,,
2026-06-26,00:00,40.6117722,-73.9333021,E  36 ST,11234,63,UNKNOWN,Street,60.56013859039005,False,BROOKLYN,"(40.6117722, -73.9333021)",trafficstat,False,False,False,False,False,False,False,False,False,,,,,,,
2026-06-26,00:00,40.6321651,-73.9282151,UTICA AVE,11234,63,UNKNOWN,Street,21.066324062340705,False,BROOKLYN,"(40.6321651, -73.9282151)",trafficstat,False,False,False,False,False,False,False,False,False,,,,,,,
2026-06-26,00:00,40.6385837,-73.9194884,RALPH AVE,11236,63,UNKNOWN,Street,55.17628660721702,False,BROOKLYN,"(40.6385837, -73.9194884)",trafficstat,True,False,False,False,False,False,False,False,False,,,,,,,
2026-06-25,00:00,40.6262525,-73.9208681,E  57 ST,11234,63,UNKNOWN,Street,0.3217463763315149,False,BROOKLYN,"(40.6262525, -73.9208681)",trafficstat,True,False,False,False,False,False,False,False,True,,,,,,,
2026-06-24,00:00,40.6142133,-73.920108,PEARSON ST,11234,63,UNKNOWN,Street,1.6054778072921139,False,BROOKLYN,"(40.6142133, -73.920108)",trafficstat,True,False,False,False,False,False,False,True,False,,,,,,,
2026-06-12,00:00,40.6142133,-73.920108,PEARSON ST,11234,63,UNKNOWN,Street,1.6054778072921139,False,BROOKLYN,"(40.6142133, -73.920108)",trafficstat,True,False,False,False,False,False,False,False,True,,,,,,,
2026-06-24,00:00,40.6096911,-73.9401166,MADISON PL,11229,63,UNKNOWN,Street,1.9443146433930225,False,BROOKLYN,"(40.6096911, -73.9401166)",trafficstat,True,False,False,True,False,False,False,False,False,,,,,,,
2026-06-24,00:00,40.616012,-73.9244519,E  52 ST,11234,63,OTHER,Street,46.10380653932157,False,BROOKLYN,"(40.616012, -73.9244519)",trafficstat,False,False,False,False,False,False,False,False,False,,,,,,,
2026-06-23,00:00,40.6162751,-73.9386195,E  36 ST,11234,63,UNKNOWN,Street,1.6148481258762597,False,BROOKLYN,"(40.6162751, -73.9386195)",trafficstat,True,False,False,False,False,False,False,False,True,,,,,,,
2026-06-22,00:00,40.618603,-73.932465,FLATBUSH AVE,11234,63,UNKNOWN,Street,1.790346903499238,False,BROOKLYN,"(40.618603, -73.932465)",trafficstat,True,False,False,False,False,False,False,True,False,,,,,,,
2026-06-22,00:00,40.6184773,-73.8974547,BELT PKWY,11234,63,UNKNOWN,Highway,10.217871428983566,False,BROOKLYN,"(40.6184773, -73.8974547)",trafficstat,True,False,False,False,False,False,False,True,True,,,,,,,
2026-06-21,00:00,40.6057534,-73.8986663,BELT PKWY,11234,63,UNKNOWN,Bridge,22.99939533921673,False,BROOKLYN,"(40.6057534, -73.8986663)",trafficstat,True,False,False,False,False,False,False,True,False,,,,,,,
2026-06-20,00:00,40.6225045,-73.9373299,KINGS HWY,11234,63,OTHER,Street,70.10301116654931,False,BROOKLYN,"(40.6225045, -73.9373299)",trafficstat,False,False,False,False,False,False,False,False,False,,,,,,,
2026-06-15,00:00,40.6213572,-73.9271346,UTICA AVE,11234,63,UNKNOWN,Street,0.22733367445266617,False,BROOKLYN,"(40.6213572, -73.9271346)",trafficstat,True,False,False,False,False,False,False,False,True,,,,,,,
2026-06-13,00:00,40.6086644,-73.9216758,FLATBUSH AVE,11234,63,UNKNOWN,Street,57.93335238490216,False,BROOKLYN,"(40.6086644, -73.9216758)",trafficstat,False,False,False,False,False,False,False,False,False,,,,,,,
2026-06-13,00:00,40.6370121,-73.9249124,E  54 ST,11234,63,UNKNOWN,Street,0.09128277924447481,False,BROOKLYN,"(40.6370121, -73.9249124)",trafficstat,False,False,False,False,False,False,False,False,False,,,,,,,
2026-06-12,00:00,40.6422601,-73.9200423,RALPH AVE,11236,63,OTHER,Street,100.15993927523952,False,BROOKLYN,"(40.6422601, -73.9200423)",trafficstat,True,False,False,False,False,False,False,True,True,,,,,,,
2026-06-12,00:00,40.6395327,-73.9219148,PRESTON CT,11234,63,UNKNOWN,Street,35.50150920706683,False,BROOKLYN,"(40.6395327, -73.9219148)",trafficstat,True,False,True,False,False,False,False,False,False,,,,,,,
2026-06-12,00:00,40.6189499,-73.9268779,UTICA AVE,11234,63,UNKNOWN,Street,0.39853646889268735,False,BROOKLYN,"(40.6189499, -73.9268779)",trafficstat,True,False,False,False,False,False,False,False,False,,,,,,,
2026-09-13,00:00,40.6349117,-74.0101602,61 ST,11220,66,UNKNOWN,Street,2.2421977067726213,False,BROOKLYN,"(40.6349117, -74.0101602)",trafficstat,True,False,False,True,False,False,False,False,False,,,,,,,
2026-09-13,00:00,40.6479438,-73.9722988,CATON AVE,11218,66,UNKNOWN,Street,2.3874922298581365,False,BROOKLYN,"(40.6479438, -73.9722988)",trafficstat,False,False,False,False,False,False,False,False,False,,,,,,,
2026-09-12,00:00,40.6442629,-73.994402,NEW UTRECHT AVE,11219,66,UNKNOWN,Street,39.16462215599006,False,BROOKLYN,"(40.6442629, -73.994402)",trafficstat,True,False,False,True,False,False,False,False,False,,,,,,,
2026-09-12,00:00,40.6376149,-73.9858362,42 ST,11219,66,UNKNOWN,Street,2.1800741287252547,False,BROOKLYN,"(40.6376149, -73.9858362)",trafficstat,True,False,False,False,False,False,False,True,False,,,,,,,
2026-08-18,00:00,40.6376149,-73.9858362,42 ST,11219,66,OTHER,Street,2.1800741287252547,False,BROOKLYN,"(40.6376149, -73.9858362)",trafficstat,True,False,True,False,False,False,False,False,False,,,,,,,
2026-09-12,00:00,40.6436456,-73.9897771,38 ST,11218,66,UNKNOWN,Street,1.6120732072626731,False,BROOKLYN,"(40.6436456, -73.9897771)",trafficstat,False,False,False,False,False,False,False,False,False,,,,,,,
2026-09-12,00:00,40.6351711,-74.0041821,57 ST,11219,66,UNKNOWN,Street,41.629241913494035,False,BROOKLYN,"(40.6351711, -74.0041821)",trafficstat,False,False,False,False,False,False,False,False,False,,,,,,,
2026-09-11,00:00,40.6433055,-73.9740952,OCEAN PKWY,11218,66,OTHER,Street,0.1890909741821436,False,BROOKLYN,"(40.6433055, -73.9740952)",trafficstat,True,False,False,True,False,False,False,False,False,,,,,,,
2026-07-14,00:00,40.6433055,-73.9740952,OCEAN PKWY,11218,66,UNKNOWN,Street,0.1890909741821436,False,BROOKLYN,"(40.6433055, -73.9740952)",trafficstat,False,False,False,False,False,False,False,False,False,,,,,,,
2026-07-08,00:00,40.6433055,-73.9740952,OCEAN PKWY,11218,66,UNKNOWN,Street,0.1890909741821436,False,BROOKLYN,"(40.6433055, -73.9740952)",trafficstat,False,False,False,False,False,False,False,False,False,,,,,,,
2026-06-26,00:00,40.6433055,-73.9740952,OCEAN PKWY,11218,66,OTHER,Street,0.1890909741821436,False,BROOKLYN,"(40.6433055, -73.9740952)",trafficstat,False,False,False,False,False,False,False,False,False,,,,,,,
2026-06-23,00:00,40.6433055,-73.9740952,OCEAN PKWY,11218,66,UNKNOWN,Street,0.1890909741821436,False,BROOKLYN,"(40.6433055, -73.9740952)",trafficstat,False,False,False,False,False,False,False,False,False,,,,,,,
2026-06-18,00:00,40.6433055,-73.9740952,OCEAN PKWY,11218,66,UNKNOWN,Street,0.1890909741821436,False,BROOKLYN,"(40.6433055, -73.9740952)",trafficstat,False,False,False,False,False,False,False,False,False,,,,,,,
2026-09-11,00:00,40.6355558,-73.9973144,52 ST,11219,66,OTHER,Street,33.848990618584146,False,BROOKLYN,"(40.6355558, -73.9973144)",trafficstat,False,False,False,False,False,False,False,False,False,,,,,,,
2026-09-11,00:00,40.6391357,-73.9956743,47 ST,11219,66,UNKNOWN,Street,37.258166763677345,False,BROOKLYN,"(40.6391357, -73.9956743)",trafficstat,True,False,False,True,False,False,False,False,False,,,,,,,
2026-09-11,00:00,40.6448125,-73.9746423,OCEAN PKWY,11218,66,UNKNOWN,Street,0.08794622455850507,False,BROOKLYN,"(40.6448125, -73.9746423)",trafficstat,True,False,False,False,False,False,False,True,False,,,,,,,
2026-09-09,00:00,40.6448125,-73.9746423,OCEAN PKWY,11218,66,OTHER,Street,0.08794622455850507,False,BROOKLYN,"(40.6448125, -73.9746423)",trafficstat,True,False,False,False,False,False,False,True,False,,,,,,,
2026-09-06,00:00,40.6448125,-73.9746423,OCEAN PKWY,11218,66,UNKNOWN,Street,0.08794622455850507,False,BROOKLYN,"(40.6448125, -73.9746423)",trafficstat,True,False,False,False,False,False,False,False,True,,,,,,,
2026-08-23,00:00,40.6448125,-73.9746423,OCEAN PKWY,11218,66,UNKNOWN,Street,0.08794622455850507,False,BROOKLYN,"(40.6448125, -73.9746423)",trafficstat,True,False,False,False,False,False,False,True,False,,,,,,,
2026-08-11,00:00,40.6448125,-73.9746423,OCEAN PKWY,11218,66,UNKNOWN,Street,0.08794622455850507,False,BROOKLYN,"(40.6448125, -73.9746423)",trafficstat,True,False,False,True,False,False,False,False,False,,,,,,,
2026-08-10,00:00,40.6448125,-73.9746423,OCEAN PKWY,11218,66,OTHER,Street,0.08794622455850507,False,BROOKLYN,"(40.6448125, -73.9746423)",trafficstat,False,False,False,False,False,False,False,False,False,,,,,,,
2026-07-10,00:00,40.6448125,-73.9746423,OCEAN PKWY,11218,66,UNKNOWN,Street,0.08794622455850507,False,BROOKLYN,"(40.6448125, -73.9746423)",trafficstat,True,False,False,False,False,False,False,True,False,,,,,,,
2026-06-25,00:00,40.6448125,-73.9746423,OCEAN PKWY,11218,66,UNKNOWN,Street,0.08794622455850507,False,BROOKLYN,"(40.6448125, -73.9746423)",trafficstat,True,False,False,False,False,False,False,True,False,,,,,,,
2026-06-22,00:00,40.6448125,-73.9746423,OCEAN PKWY,11218,66,UNKNOWN,Street,0.08794622455850507,False,BROOKLYN,"(40.6448125, -73.9746423)",trafficstat,False,False,False,False,False,False,False,False,False,,,,,,,
2026-09-10,00:00,40.6264301,-73.9723005,E  5 ST,11230,66,UNKNOWN,Street,0.5680292985178016,False,BROOKLYN,"(40.6264301, -73.9723005)",trafficstat,True,False,False,False,False,False,False,False,False,,,,,,,
2026-09-10,00:00,40.6219955,-73.9765674,21 AVE,11204,66,UNKNOWN,Street,1.681016752345389,False,BROOKLYN,"(40.6219955, -73.9765674)",trafficstat,False,False,False,False,False,False,False,False,False,,,,,,,
2026-09-09,00:00,40.6120699,-73.9686862,AVE O,11230,66,UNKNOWN,Street,62.9095584692676,False,BROOKLYN,"(40.6120699, -73.9686862)",trafficstat,False,False,False,False,False,False,False,False,False,,,,,,,
2026-09-09,00:00,40.6333237,-73.9787035,DAHILL RD,11218,66,OTHER,Street,0.2006626826625933,False,BROOKLYN,"(40.6333237, -73.9787035)",trafficstat,True,False,False,True,False,False,False,False,False,,,,,,,
2026-09-08,00:00,40.631265,-73.9774534,MCDONALD AVE,11218,66,UNKNOWN,Street,52.57861009638463,False,BROOKLYN,"(40.631265, -73.9774534)",trafficstat,True,False,False,False,False,False,True,False,False,,,,,,,
2026-09-08,00:00,40.6184218,-73.9678126,E  7 ST,11230,66,UNKNOWN,Street,45.70204314694144,False,BROOKLYN,"(40.6184218, -73.9678126)",trafficstat,False,False,False,False,False,False,False,False,False,,,,,,,
2026-09-08,00:00,40.6353286,-74.0079391,59 ST,11220,66,OTHER,Street,40.36829858005157,False,BROOKLYN,"(40.6353286, -74.0079391)",trafficstat,True,False,True,False,False,False,False,False,False,,,,,,,
2026-09-08,00:00,40.6345388,-74.0033903,FORT HAMILTON PKWY,11219,66,UNKNOWN,Street,2.074978698519478,False,BROOKLYN,"(40.6345388, -74.0033903)",trafficstat,True,False,False,False,False,True,False,False,False,,,,,,,
2026-08-24,00:00,40.6345388,-74.0033903,FORT HAMILTON PKWY,11219,66,UNKNOWN,Street,2.074978698519478,False,BROOKLYN,"(40.6345388, -74.0033903)",trafficstat,True,False,True,False,False,False,False,False,False,,,,,,,
2026-09-08,00:00,40.6423845,-73.9804194,DAHILL RD,11218,66,UNKNOWN,Street,0.21626779205481883,False,BROOKLYN,"(40.6423845, -73.9804194)",trafficstat,True,False,False,False,False,False,False,False,False,,,,,,,
2026-09-08,00:00,40.6409147,-73.9736421,OCEAN PKWY,11218,66,UNKNOWN,Street,0.4457253843268052,False,BROOKLYN,"(40.6409147, -73.9736421)",trafficstat,True,False,False,False,False,False,False,True,False,,,,,,,
2026-09-07,00:00,40.6441823,-74.0003131,8 AVE,11220,66,UNKNOWN,Street,47.637352121348414,False,BROOKLYN,"(40.6441823, -74.0003131)",trafficstat,True,False,False,False,False,False,False,False,False,,,,,,,
2026-09-07,00:00,40.6424662,-74.0016184,47 ST,11220,66,UNKNOWN,Street,38.13616244839869,False,BROOKLYN,"(40.6424662, -74.0016184)",trafficstat,False,False,False,False,False,False,False,False,False,,,,,,,
2026-09-07,00:00,40.6336306,-73.9835045,45 ST,11219,66,UNKNOWN,Street,42.28113131736571,False,BROOKLYN,"(40.6336306, -73.9835045)",trafficstat,True,False,False,False,False,False,False,False,False,,,,,,,