crash_date,crash_time,latitude,longitude,on_street_name,zip_code,precinct,collision_type,roadway_type,geocode_dist_feet,time_is_known,borough,location,source,injury,fatality,injured_pedestrian,injured_cyclist,injured_ebike_rider,injured_motorcyclist,injured_moped_rider,injured_car_occupant,injured_suv_occupant,number_of_persons_injured,number_of_persons_killed,contributing_factor_vehicle_1,collision_id,cross_street_name,off_street_name,vehicle_type_code1
2026-09-07,00:00,40.6369645,-73.9898926,13 AVE,11219,66,UNKNOWN,Street,47.60381045488775,False,BROOKLYN,"(40.6369645, -73.9898926)",trafficstat,False,False,False,False,False,False,False,False,False,,,,,,,
2026-09-06,00:00,40.6372438,-73.9986022,51 ST,11219,66,UNKNOWN,Street,33.1567977069922,False,BROOKLYN,"(40.6372438, -73.9986022)",trafficstat,False,False,False,False,False,False,False,False,False,,,,,,,
2026-09-06,00:00,40.629416,-74.0008325,61 ST,11219,66,UNKNOWN,Street,35.34392228365176,False,BROOKLYN,"(40.629416, -74.0008325)",trafficstat,True,False,False,False,False,False,False,False,False,,,,,,,
2026-09-06,00:00,40.6289932,-73.9836369,50 ST,11204,66,OTHER,Street,1.769039041696418,False,BROOKLYN,"(40.6289932, -73.9836369)",trafficstat,True,False,True,False,False,False,False,False,False,,,,,,,
2026-09-06,00:00,40.6469424,-73.9974453,8 AVE,11232,66,UNKNOWN,Street,45.8904949930561,False,BROOKLYN,"(40.6469424, -73.9974453)",trafficstat,False,False,False,False,False,False,False,False,False,,,,,,,
2026-09-05,00:00,40.6394758,-73.9690564,CONEY ISLAND AVE,11218,66,UNKNOWN,Street,57.80504340972122,False,BROOKLYN,"(40.6394758, -73.9690564)",trafficstat,True,False,False,False,False,False,False,True,False,,,,,,,
2026-09-03,00:00,40.6383155,-74.0066225,55 ST,11220,66,UNKNOWN,Street,1.908935558820598,False,BROOKLYN,"(40.6383155, -74.0066225)",trafficstat,True,False,False,True,False,False,False,False,False,,,,,,,
2026-09-03,00:00,40.6318736,-73.9989804,12 AVE,11219,66,OTHER,Street,1.793216738343366,False,BROOKLYN,"(40.6318736, -73.9989804)",trafficstat,True,False,False,True,False,False,False,False,False,,,,,,,
2026-09-03,00:00,40.6339046,-73.9932842,13 AVE,11219,66,OTHER,Street,2.397445952084393,False,BROOKLYN,"(40.6339046, -73.9932842)",trafficstat,False,False,False,False,False,False,False,False,False,,,,,,,
2026-09-03,00:00,40.6172884,-73.9778514,BAY PKWY,11204,66,OTHER,Street,1.6765131856405546,False,BROOKLYN,"(40.6172884, -73.9778514)",trafficstat,False,False,False,False,False,False,False,False,False,,,,,,,
2026-09-03,00:00,40.6199831,-73.9642668,AVE L,11230,66,UNKNOWN,Street,3.316664092164719,False,BROOKLYN,"(40.6199831, -73.9642668)",trafficstat,True,False,False,True,False,False,False,False,False,,,,,,,
2026-09-03,00:00,40.6463789,-73.97084,CONEY ISLAND AVE,11218,66,UNKNOWN,Street,0.08625277590374934,False,BROOKLYN,"(40.6463789, -73.97084)",trafficstat,True,False,True,False,False,False,False,False,False,,,,,,,
2026-08-14,00:00,40.6463789,-73.97084,CONEY ISLAND AVE,11218,66,UNKNOWN,Street,0.08625277590374934,False,BROOKLYN,"(40.6463789, -73.97084)",trafficstat,True,False,False,False,False,False,False,True,False,,,,,,,
2026-09-02,00:00,40.6282642,-73.9991497,13 AVE,11219,66,UNKNOWN,Street,1.7735814774031784,False,BROOKLYN,"(40.6282642, -73.9991497)",trafficstat,True,False,True,False,False,False,False,False,False,,,,,,,
2026-09-02,00:00,40.6430507,-73.9763942,E  4 ST,11218,66,OTHER,Street,0.4291379152161906,False,BROOKLYN,"(40.6430507, -73.9763942)",trafficstat,True,False,True,False,False,False,False,False,False,,,,,,,
2026-09-01,00:00,40.64193,-73.9847199,13 AVE,11218,66,UNKNOWN,Street,48.58406356331013,False,BROOKLYN,"(40.64193, -73.9847199)",trafficstat,False,False,False,False,False,False,False,False,False,,,,,,,
2026-09-01,00:00,40.6234805,-73.9768334,DAHILL RD,11204,66,UNKNOWN,Street,0.2727360189162673,False,BROOKLYN,"(40.6234805, -73.9768334)",trafficstat,True,False,True,False,False,False,False,False,False,,,,,,,
2026-08-31,00:00,40.6196711,-73.9671199,E  8 ST,11230,66,UNKNOWN,Street,0.26502507949647336,False,BROOKLYN,"(40.6196711, -73.9671199)",trafficstat,True,False,False,True,False,False,False,False,False,,,,,,,
2026-08-31,00:00,40.61695,-73.9638981,CONEY ISLAND AVE,11230,66,UNKNOWN,Street,57.53750372929829,False,BROOKLYN,"(40.61695, -73.9638981)",trafficstat,True,False,False,True,False,False,False,False,False,,,,,,,
2026-08-31,00:00,40.6275854,-73.9711148,OCEAN PKWY,11230,66,OTHER,Street,0.26091456760963533,False,BROOKLYN,"(40.6275854, -73.9711148)",trafficstat,True,False,False,False,False,True,False,False,False,,,,,,,
2026-08-31,00:00,40.6312117,-73.9957053,NEW UTRECHT AVE,11219,66,UNKNOWN,Street,38.275222701728715,False,BROOKLYN,"(40.6312117, -73.9957053)",trafficstat,True,False,False,False,False,False,False,True,False,,,,,,,
2026-08-31,00:00,40.6394166,-73.9844067,39 ST,11218,66,UNKNOWN,Street,23.038523000387077,False,BROOKLYN,"(40.6394166, -73.9844067)",trafficstat,False,False,False,False,False,False,False,False,False,,,,,,,
2026-08-30,00:00,40.6385239,-73.9731855,OCEAN PKWY,11218,66,OTHER,Street,0.006913292695842518,False,BROOKLYN,"(40.6385239, -73.9731855)",trafficstat,False,False,False,False,False,False,False,False,False,,,,,,,
2026-06-26,00:00,40.6385239,-73.9731855,OCEAN PKWY,11218,66,UNKNOWN,Street,0.006913292695842518,False,BROOKLYN,"(40.6385239, -73.9731855)",trafficstat,False,False,False,False,False,False,False,False,False,,,,,,,
2026-08-30,00:00,40.6169157,-73.9710778,AVE M,11230,66,UNKNOWN,Street,40.891190069196256,False,BROOKLYN,"(40.6169157, -73.9710778)",trafficstat,True,False,False,False,False,False,False,True,False,,,,,,,
2026-08-30,00:00,40.6160526,-73.9694323,OCEAN PKWY,11230,66,UNKNOWN,Street,60.07678818620931,False,BROOKLYN,"(40.6160526, -73.9694323)",trafficstat,False,False,False,False,False,False,False,False,False,,,,,,,
2026-08-29,00:00,40.6221632,-73.9666468,E  9 ST,11230,66,OTHER,Street,0.4802875034548874,False,BROOKLYN,"(40.6221632, -73.9666468)",trafficstat,False,False,False,False,False,False,False,False,False,,,,,,,
2026-08-29,00:00,40.6418152,-73.9958129,10 AVE,11219,66,UNKNOWN,Street,2.1341444429372034,False,BROOKLYN,"(40.6418152, -73.9958129)",trafficstat,True,False,True,False,False,False,False,False,False,,,,,,,
2026-08-29,00:00,40.6409307,-73.9792785,MCDONALD AVE,11218,66,UNKNOWN,Street,42.11548513358211,False,BROOKLYN,"(40.6409307, -73.9792785)",trafficstat,True,False,False,False,False,False,False,True,False,,,,,,,
2026-08-28,00:00,40.6178584,-73.9800931,60 ST,11204,66,UNKNOWN,Street,44.063191198139734,False,BROOKLYN,"(40.6178584, -73.9800931)",trafficstat,True,False,False,False,False,False,False,False,True,,,,,,,
2026-08-28,00:00,40.6250893,-73.9874779,57 ST,11204,66,UNKNOWN,Street,44.587857098452474,False,BROOKLYN,"(40.6250893, -73.9874779)",trafficstat,True,False,False,True,False,False,False,False,False,,,,,,,
2026-08-27,00:00,40.6326538,-73.994022,53 ST,11219,66,UNKNOWN,Street,34.35168839337878,False,BROOKLYN,"(40.6326538, -73.994022)",trafficstat,False,False,False,False,False,False,False,False,False,,,,,,,
2026-08-27,00:00,40.6292895,-73.9826137,OLD   NEW UTRECHT RD,11204,66,UNKNOWN,Street,0.9772420388208908,False,BROOKLYN,"(40.6292895, -73.9826137)",trafficstat,True,False,False,False,True,False,False,False,False,,,,,,,
2026-08-27,00:00,40.6369329,-73.974159,E  5 ST,11218,66,UNKNOWN,Street,35.280985410089095,False,BROOKLYN,"(40.6369329, -73.974159)",trafficstat,False,False,False,False,False,False,False,False,False,,,,,,,
2026-08-26,00:00,40.6384157,-73.9726529,CORTELYOU RD,11218,66,UNKNOWN,Street,63.236579380021716,False,BROOKLYN,"(40.6384157, -73.9726529)",trafficstat,False,False,False,False,False,False,False,False,False,,,,,,,
2026-08-26,00:00,40.6427961,-73.9794428,MCDONALD AVE,11218,66,OTHER,Street,0.24243776717428706,False,BROOKLYN,"(40.6427961, -73.9794428)",trafficstat,True,False,False,False,False,False,False,False,True,,,,,,,
2026-08-26,00:00,40.6282811,-73.99729,60 ST,11219,66,UNKNOWN,Street,53.820004153159296,False,BROOKLYN,"(40.6282811, -73.99729)",trafficstat,False,False,False,False,False,False,False,False,False,,,,,,,
2026-08-25,00:00,40.6235928,-73.9757995,AVE J,11230,66,UNKNOWN,Street,3.3580384411579605,False,BROOKLYN,"(40.6235928, -73.9757995)",trafficstat,True,False,True,False,False,False,False,False,False,,,,,,,
2026-08-25,00:00,40.6337648,-74.000598,56 ST,11219,66,UNKNOWN,Street,2.1698151567240553,False,BROOKLYN,"(40.6337648, -74.000598)",trafficstat,False,False,False,False,False,False,False,False,False,,,,,,,
2026-08-25,00:00,40.636651,-74.0066198,57 ST,11220,66,OTHER,Street,43.760885121033105,False,BROOKLYN,"(40.636651, -74.0066198)",trafficstat,False,False,False,False,False,False,False,False,False,,,,,,,
2026-08-24,00:00,40.6386268,-73.969624,E  9 ST,11218,66,UNKNOWN,Street,38.06636761400253,False,BROOKLYN,"(40.6386268, -73.969624)",trafficstat,True,False,False,False,False,False,False,True,False,,,,,,,
2026-08-24,00:00,40.632835,-74.00515,60 ST,11219,66,UNKNOWN,Street,1.0033665737943456,False,BROOKLYN,"(40.632835, -74.00515)",trafficstat,False,False,False,False,False,False,False,False,False,,,,,,,
2026-08-23,00:00,40.6241383,-73.9910563,60 ST,11204,66,OTHER,Street,53.37570077541687,False,BROOKLYN,"(40.6241383, -73.9910563)",trafficstat,False,False,False,False,False,False,False,False,False,,,,,,,
2026-08-23,00:00,40.6390108,-74.0014919,51 ST,11219,66,UNKNOWN,Street,39.87740597010254,False,BROOKLYN,"(40.6390108, -74.0014919)",trafficstat,False,False,False,False,False,False,False,False,False,,,,,,,
2026-08-23,00:00,40.6456969,-73.9730144,E  7 ST,11218,66,OTHER,Street,36.24821580492131,False,BROOKLYN,"(40.6456969, -73.9730144)",trafficstat,False,False,False,False,False,False,False,False,False,,,,,,,
2026-08-22,00:00,40.6362922,-74.0053594,9 AVE,11220,66,UNKNOWN,Street,45.079553950457985,False,BROOKLYN,"(40.6362922, -74.0053594)",trafficstat,True,False,False,False,False,False,False,True,False,,,,,,,
2026-08-22,00:00,40.624172,-73.970474,OCEAN PKWY,11230,66,UNKNOWN,Street,0.5972359449054949,False,BROOKLYN,"(40.624172, -73.970474)",trafficstat,True,False,False,False,False,False,False,False,True,,,,,,,
2026-08-22,00:00,40.6325844,-74.0063049,61 ST,11219,66,UNKNOWN,Street,1.817432094694984,False,BROOKLYN,"(40.6325844, -74.0063049)",trafficstat,False,False,False,False,False,False,False,False,False,,,,,,,
2026-08-21,00:00,40.6302892,-73.9870432,51 ST,11219,66,OTHER,Street,40.99621063003655,False,BROOKLYN,"(40.6302892, -73.9870432)",trafficstat,False,False,False,False,False,False,False,False,False,,,,,,,
2026-08-21,00:00,40.6145029,-73.9674128,E  7 ST,11230,66,UNKNOWN,Street,48.919035801670816,False,BROOKLYN,"(40.6145029, -73.9674128)",trafficstat,False,False,False,False,False,False,False,False,False,,,,,,,
2026-08-20,00:00,40.62937,-73.9798464,47 ST,11204,66,UNKNOWN,Street,22.469708304979953,False,BROOKLYN,"(40.62937, -73.9798464)",trafficstat,False,False,False,False,False,False,False,False,False,,,,,,,
2026-08-20,00:00,40.6273253,-73.9929606,15 AVE,11219,66,UNKNOWN,Street,2.221945260472368,False,BROOKLYN,"(40.6273253, -73.9929606)",trafficstat,True,False,False,True,False,False,False,False,False,,,,,,,
2026-08-20,00:00,40.634815,-73.988754,14 AVE,11219,66,UNKNOWN,Street,1.6429572685191787,False,BROOKLYN,"(40.634815, -73.988754)",trafficstat,True,False,False,False,False,False,False,True,False,,,,,,,
2026-08-20,00:00,40.6396523,-73.9880121,41 ST,11218,66,UNKNOWN,Street,55.83021620445385,False,BROOKLYN,"(40.6396523, -73.9880121)",trafficstat,True,False,False,False,False,False,False,False,False,,,,,,,
2026-08-19,00:00,40.6413489,-73.9877771,39 ST,11218,66,UNKNOWN,Street,51.636449644582385,False,BROOKLYN,"(40.6413489, -73.9877771)",trafficstat,False,False,False,False,False,False,False,False,False,,,,,,,
2026-08-19,00:00,40.6360045,-73.9982633,52 ST,11219,66,OTHER,Street,2.2240385792811144,False,BROOKLYN,"(40.6360045, -73.9982633)",trafficstat,False,False,False,False,False,False,False,False,False,,,,,,,
2026-08-19,00:00,40.6348155,-73.9887516,14 AVE,11219,66,OTHER,Street,2.051340526656657,False,BROOKLYN,"(40.6348155, -73.9887516)",trafficstat,True,False,False,False,False,False,False,False,False,,,,,,,
2026-08-07,00:00,40.6348155,-73.9887516,14 AVE,11219,66,UNKNOWN,Street,2.051340526656657,False,BROOKLYN,"(40.6348155, -73.9887516)",trafficstat,True,False,False,False,False,False,False,False,True,,,,,,,
2026-08-19,00:00,40.630182,-73.9772458,MCDONALD AVE,11230,66,UNKNOWN,Street,51.77207793853036,False,BROOKLYN,"(40.630182, -73.9772458)",trafficstat,True,False,False,False,False,False,False,False,True,,,,,,,
2026-08-19,00:00,40.6150947,-73.9643595,E  10 ST,11230,66,UNKNOWN,Street,0.28220727635831794,False,BROOKLYN,"(40.6150947, -73.9643595)",trafficstat,False,False,False,False,False,False,False,False,False,,,,,,,
2026-08-19,00:00,40.6173075,-73.9651919,AVE M,11230,66,UNKNOWN,Street,51.00576972774017,False,BROOKLYN,"(40.6173075, -73.9651919)",trafficstat,True,False,False,False,False,False,False,False,True,,,,,,,
2026-08-10,00:00,40.6173075,-73.9651919,AVE M,11230,66,UNKNOWN,Street,51.00576972774017,False,BROOKLYN,"(40.6173075, -73.9651919)",trafficstat,True,False,False,False,False,False,False,True,False,,,,,,,
2026-08-18,00:00,40.6344672,-73.9927005,13 AVE,11219,66,OTHER,Street,2.0008774777088405,False,BROOKLYN,"(40.6344672, -73.9927005)",trafficstat,True,False,True,False,False,False,False,False,False,,,,,,,
2026-08-18,00:00,40.640438,-73.99745,10 AVE,11219,66,OTHER,Street,43.04794207728558,False,BROOKLYN,"(40.640438, -73.99745)",trafficstat,True,False,False,False,True,False,False,False,False,,,,,,,
2026-08-17,00:00,40.62495,-73.97711,DAHILL RD,11204,66,UNKNOWN,Street,0.08817749826718799,False,BROOKLYN,"(40.62495, -73.97711)",trafficstat,True,False,False,False,False,False,False,False,True,,,,,,,
2026-08-17,00:00,40.6296431,-73.977797,WEBSTER AVE,11230,66,OTHER,Street,44.03492321445136,False,BROOKLYN,"(40.6296431, -73.977797)",trafficstat,True,False,True,False,False,False,False,False,False,,,,,,,
2026-08-17,00:00,40.6441204,-73.9890599,FORT HAMILTON PKWY,11218,66,OTHER,Street,1.9686609482218356,False,BROOKLYN,"(40.6441204, -73.9890599)",trafficstat,True,False,False,False,False,False,False,False,True,,,,,,,
2026-08-16,00:00,40.6238432,-73.9748081,E  2 ST,11230,66,UNKNOWN,Street,44.15014288818639,False,BROOKLYN,"(40.6238432, -73.9748081)",trafficstat,False,False,False,False,False,False,False,False,False,,,,,,,
2026-08-16,00:00,40.6362924,-73.9698505,DITMAS AVE,11218,66,UNKNOWN,Street,61.04663702654427,False,BROOKLYN,"(40.6362924, -73.9698505)",trafficstat,False,False,False,False,False,False,False,False,False,,,,,,,
2026-08-16,00:00,40.6406953,-73.9969732,46 ST,11219,66,OTHER,Street,1.718788642811263,False,BROOKLYN,"(40.6406953, -73.9969732)",trafficstat,True,False,False,True,False,False,False,False,False,,,,,,,
2026-08-15,00:00,40.6379568,-74.0033108,9 AVE,11220,66,UNKNOWN,Street,23.078105297141217,False,BROOKLYN,"(40.6379568, -74.0033108)",trafficstat,False,False,False,False,False,False,False,False,False,,,,,,,
2026-08-15,00:00,40.6367558,-74.0007755,53 ST,11219,66,UNKNOWN,Street,40.33956413464304,False,BROOKLYN,"(40.6367558, -74.0007755)",trafficstat,False,False,False,False,False,False,False,False,False,,,,,,,
2026-08-15,00:00,40.6338893,-73.9754745,E  3 ST,11218,66,UNKNOWN,Street,35.852779116727966,False,BROOKLYN,"(40.6338893, -73.9754745)",trafficstat,False,False,False,False,False,False,False,False,False,,,,,,,
2026-08-15,00:00,40.6320161,-73.9916631,52 ST,11219,66,UNKNOWN,Street,2.024400242146133,False,BROOKLYN,"(40.6320161, -73.9916631)",trafficstat,False,False,False,False,False,False,False,False,False,,,,,,,
2026-08-14,00:00,40.6430744,-73.9873269,12 AVE,11218,66,UNKNOWN,Street,2.010627330051524,False,BROOKLYN,"(40.6430744, -73.9873269)",trafficstat,True,False,False,False,False,False,False,True,False,,,,,,,
2026-08-05,00:00,40.6430744,-73.9873269,12 AVE,11218,66,UNKNOWN,Street,2.010627330051524,False,BROOKLYN,"(40.6430744, -73.9873269)",trafficstat,True,False,False,False,False,False,False,False,True,,,,,,,
2026-08-13,00:00,40.6444493,-73.9826296,TEHAMA ST,11218,66,UNKNOWN,Street,35.763977085329344,False,BROOKLYN,"(40.6444493, -73.9826296)",trafficstat,False,False,False,False,False,False,False,False,False,,,,,,,
2026-08-13,00:00,40.6415498,-73.9994655,9 AVE,11220,66,UNKNOWN,Street,46.79723222117403,False,BROOKLYN,"(40.6415498, -73.9994655)",trafficstat,True,False,False,False,False,False,False,True,False,,,,,,,
2026-08-13,00:00,40.6284944,-73.993001,57 ST,11219,66,UNKNOWN,Street,64.36239956060143,False,BROOKLYN,"(40.6284944, -73.993001)",trafficstat,True,False,False,False,False,False,False,True,False,,,,,,,
2026-08-12,00:00,40.6343003,-74.0034126,FORT HAMILTON PKWY,11219,66,UNKNOWN,Street,63.40971181442154,False,BROOKLYN,"(40.6343003, -74.0034126)",trafficstat,False,False,False,False,False,False,False,False,False,,,,,,,
2026-08-12,00:00,40.6302823,-73.9781533,18 AVE,11204,66,UNKNOWN,Street,3.0280337026735373,False,BROOKLYN,"(40.6302823, -73.9781533)",trafficstat,True,False,False,True,False,False,False,False,False,,,,,,,
2026-07-02,00:00,40.6302823,-73.9781533,18 AVE,11204,66,UNKNOWN,Street,3.0280337026735373,False,BROOKLYN,"(40.6302823, -73.9781533)",trafficstat,True,False,False,False,False,False,False,False,True,,,,,,,
2026-08-12,00:00,40.6312473,-73.9888783,51 ST,11219,66,UNKNOWN,Street,1.8290999039200608,False,BROOKLYN,"(40.6312473, -73.9888783)",trafficstat,True,False,False,False,False,False,False,True,True,,,,,,,
2026-08-11,00:00,40.6165409,-73.97336,E  2 ST,11230,66,UNKNOWN,Street,0.45200575268600557,False,BROOKLYN,"(40.6165409, -73.97336)",trafficstat,True,False,False,False,False,False,True,False,False,,,,,,,
2026-08-11,00:00,40.6392972,-73.9840883,14 AVE,11218,66,UNKNOWN,Street,2.15305706679945,False,BROOKLYN,"(40.6392972, -73.9840883)",trafficstat,False,False,False,False,False,False,False,False,False,,,,,,,
2026-08-10,00:00,40.6468297,-73.9962615,39 ST,11232,66,UNKNOWN,Street,50.11218450931212,False,BROOKLYN,"(40.6468297, -73.9962615)",trafficstat,True,False,True,False,False,False,False,False,False,,,,,,,
2026-08-09,00:00,40.6241707,-73.9704714,OCEAN PKWY,11230,66,UNKNOWN,Street,0.04997187809022743,False,BROOKLYN,"(40.6241707, -73.9704714)",trafficstat,True,False,False,False,False,False,False,False,True,,,,,,,
2026-08-08,00:00,40.6175823,-73.9779111,BAY PKWY,11204,66,UNKNOWN,Street,70.2711532015093,False,BROOKLYN,"(40.6175823, -73.9779111)",trafficstat,False,False,False,False,False,False,False,False,False,,,,,,,
2026-08-08,00:00,40.6146211,-73.9686567,OCEAN PKWY,11230,66,UNKNOWN,Street,0.11839947973488665,False,BROOKLYN,"(40.6146211, -73.9686567)",trafficstat,True,False,False,False,False,False,False,True,False,,,,,,,
2026-08-07,00:00,40.6175895,-73.9638107,CONEY ISLAND AVE,11230,66,UNKNOWN,Street,0.11331610051295916,False,BROOKLYN,"(40.6175895, -73.9638107)",trafficstat,False,False,False,False,False,False,False,False,False,,,,,,,
2026-08-06,00:00,40.6304787,-73.9889213,52 ST,11219,66,UNKNOWN,Street,31.967276016892544,False,BROOKLYN,"(40.6304787, -73.9889213)",trafficstat,False,False,False,False,False,False,False,False,False,,,,,,,
2026-08-05,00:00,40.6350191,-74.0026733,56 ST,11219,66,UNKNOWN,Street,2.1620451258695708,False,BROOKLYN,"(40.6350191, -74.0026733)",trafficstat,True,False,False,False,False,False,False,False,False,,,,,,,
2026-08-05,00:00,40.6326432,-73.9914191,51 ST,11219,66,UNKNOWN,Street,40.722420203886955,False,BROOKLYN,"(40.6326432, -73.9914191)",trafficstat,False,False,False,False,False,False,False,False,False,,,,,,,
2026-08-05,00:00,40.6288774,-73.980427,48 ST,11204,66,UNKNOWN,Street,2.243443660787584,False,BROOKLYN,"(40.6288774, -73.980427)",trafficstat,False,False,False,False,False,False,False,False,False,,,,,,,
2026-08-04,00:00,40.6245541,-73.9670959,E  9 ST,11230,66,UNKNOWN,Street,0.26896084045347607,False,BROOKLYN,"(40.6245541, -73.9670959)",trafficstat,True,False,False,False,False,False,False,False,True,,,,,,,
2026-08-04,00:00,40.611953,-73.9681646,OCEAN PKWY,11230,66,UNKNOWN,Street,0.44163091127488757,False,BROOKLYN,"(40.611953, -73.9681646)",trafficstat,False,False,False,False,False,False,False,False,False,,,,,,,
2026-07-25,00:00,40.611953,-73.9681646,OCEAN PKWY,11230,66,UNKNOWN,Street,0.44163091127488757,False,BROOKLYN,"(40.611953, -73.9681646)",trafficstat,True,False,False,False,False,False,False,True,False,,,,,,,
2026-08-04,00:00,40.6385981,-73.9919902,45 ST,11219,66,UNKNOWN,Street,1.8288310103162424,False,BROOKLYN,"(40.6385981, -73.9919902)",trafficstat,True,False,True,False,False,False,False,False,False,,,,,,,
2026-08-03,00:00,40.6351664,-73.9847991,15 AVE,11219,66,OTHER,Street,1.612695500494965,False,BROOKLYN,"(40.6351664, -73.9847991)",trafficstat,True,False,False,False,False,False,False,False,True,,,,,,,
2026-08-02,00:00,40.6149337,-73.9718493,E  3 ST,11230,66,UNKNOWN,Street,43.69008929700438,False,BROOKLYN,"(40.6149337, -73.9718493)",trafficstat,False,False,False,False,False,False,False,False,False,,,,,,,
2026-08-02,00:00,40.6363428,-74.0084651,8 AVE,11220,66,UNKNOWN,Street,48.57648600398482,False,BROOKLYN,"(40.6363428, -74.0084651)",trafficstat,True,False,False,False,False,False,False,True,False,,,,,,,
2026-08-02,00:00,40.6393312,-73.9962274,47 ST,11219,66,OTHER,Street,2.1218753169242897,False,BROOKLYN,"(40.6393312, -73.9962274)",trafficstat,True,False,False,True,False,False,False,False,False,,,,,,,
2026-07-31,00:00,40.6371955,-74.0077862,57 ST,11220,66,UNKNOWN,Street,1.8323708147110982,False,BROOKLYN,"(40.6371955, -74.0077862)",trafficstat,False,False,False,False,False,False,False,False,False,,,,,,,
2026-07-31,00:00,40.6385313,-73.9905668,44 ST,11219,66,UNKNOWN,Street,35.09263040343089,False,BROOKLYN,"(40.6385313, -73.9905668)",trafficstat,False,False,False,False,False,False,False,False,False,,,,,,,
2026-07-31,00:00,40.6229029,-73.9883664,60 ST,11204,66,UNKNOWN,Street,58.12143699540632,False,BROOKLYN,"(40.6229029, -73.9883664)",trafficstat,False,False,False,False,False,False,False,False,False,,,,,,,
2026-07-30,00:00,40.6107637,-73.9646663,E  9 ST,11230,66,UNKNOWN,Street,50.22731307718446,False,BROOKLYN,"(40.6107637, -73.9646663)",trafficstat,False,False,False,False,False,False,False,False,False,,,,,,,
2026-07-30,00:00,40.626704,-73.9765934,MCDONALD AVE,11230,66,UNKNOWN,Street,56.9038267802411,False,BROOKLYN,"(40.626704, -73.9765934)",trafficstat,True,False,False,False,False,False,False,True,False,,,,,,,
2026-07-09,00:00,40.626704,-73.9765934,MCDONALD AVE,11230,66,OTHER,Street,56.9038267802411,False,BROOKLYN,"(40.626704, -73.9765934)",trafficstat,False,False,False,False,False,False,False,False,False,,,,,,,
2026-07-29,00:00,40.6227646,-73.9793625,20 AVE,11204,66,UNKNOWN,Street,2.290457048899644,False,BROOKLYN,"(40.6227646, -73.9793625)",trafficstat,True,False,True,False,False,False,False,False,False,,,,,,,
2026-07-19,00:00,40.6227646,-73.9793625,20 AVE,11204,66,UNKNOWN,Street,2.290457048899644,False,BROOKLYN,"(40.6227646, -73.9793625)",trafficstat,True,False,False,False,False,False,False,False,True,,,,,,,
2026-07-29,00:00,40.6327848,-73.9944516,53 ST,11219,66,UNKNOWN,Street,2.1741616709249905,False,BROOKLYN,"(40.6327848, -73.9944516)",trafficstat,True,False,True,False,False,False,False,False,False,,,,,,,
2026-07-01,00:00,40.6327848,-73.9944516,53 ST,11219,66,UNKNOWN,Street,2.1741616709249905,False,BROOKLYN,"(40.6327848, -73.9944516)",trafficstat,True,False,True,False,False,False,False,False,False,,,,,,,
2026-07-29,00:00,40.6327013,-73.987685,15 AVE,11219,66,UNKNOWN,Street,67.32436885639474,False,BROOKLYN,"(40.6327013, -73.987685)",trafficstat,False,False,False,False,False,False,False,False,False,,,,,,,
2026-07-28,00:00,40.6094683,-73.9684608,AVE P,11223,66,UNKNOWN,Street,49.01762895818339,False,BROOKLYN,"(40.6094683, -73.9684608)",trafficstat,False,False,False,False,False,False,False,False,False,,,,,,,
2026-07-28,00:00,40.632384,-73.9954969,54 ST,11219,66,OTHER,Street,39.273800500640064,False,BROOKLYN,"(40.632384, -73.9954969)",trafficstat,False,False,False,False,False,False,False,False,False,,,,,,,
2026-07-27,00:00,40.6478319,-73.9752718,OCEAN PKWY,11218,66,OTHER,Street,0.021096436266172903,False,BROOKLYN,"(40.6478319, -73.9752718)",trafficstat,True,False,False,False,False,False,False,True,True,,,,,,,
2026-07-27,00:00,40.6209138,-73.9752962,MCDONALD AVE,11230,66,UNKNOWN,Street,0.1439154342333905,False,BROOKLYN,"(40.6209138, -73.9752962)",trafficstat,False,False,False,False,False,False,False,False,False,,,,,,,
2026-07-07,00:00,40.6209138,-73.9752962,MCDONALD AVE,11230,66,UNKNOWN,Street,0.1439154342333905,False,BROOKLYN,"(40.6209138, -73.9752962)",trafficstat,True,False,False,False,False,False,False,False,True,,,,,,,
2026-07-26,00:00,40.6259754,-73.9762346,MCDONALD AVE,11230,66,UNKNOWN,Street,0.12234134169896001,False,BROOKLYN,"(40.6259754, -73.9762346)",trafficstat,True,False,False,False,False,False,False,False,False,,,,,,,
2026-06-26,00:00,40.6259754,-73.9762346,MCDONALD AVE,11230,66,UNKNOWN,Street,0.12234134169896001,False,BROOKLYN,"(40.6259754, -73.9762346)",trafficstat,True,False,False,False,False,False,False,True,False,,,,,,,
2026-07-26,00:00,40.6422434,-73.9795293,MCDONALD AVE,11218,66,UNKNOWN,Street,54.429875761966464,False,BROOKLYN,"(40.6422434, -73.9795293)",trafficstat,False,False,False,False,False,False,False,False,False,,,,,,,
2026-07-26,00:00,40.6339984,-74.0068222,60 ST,11219,66,OTHER,Street,42.70090297001068,False,BROOKLYN,"(40.6339984, -74.0068222)",trafficstat,False,False,False,False,False,False,False,False,False,,,,,,,
2026-07-26,00:00,40.635267,-74.0095846,8 AVE,11220,66,UNKNOWN,Street,47.260246038404205,False,BROOKLYN,"(40.635267, -74.0095846)",trafficstat,False,False,False,False,False,False,False,False,False,,,,,,,
2026-07-26,00:00,40.634639,-73.9729595,OCEAN PKWY,11218,66,UNKNOWN,Street,62.39270214970473,False,BROOKLYN,"(40.634639, -73.9729595)",trafficstat,False,False,False,False,False,False,False,False,False,,,,,,,