crash_date,crash_time,latitude,longitude,on_street_name,zip_code,precinct,collision_type,roadway_type,geocode_dist_feet,time_is_known,borough,location,source,injury,fatality,injured_pedestrian,injured_cyclist,injured_ebike_rider,injured_motorcyclist,injured_moped_rider,injured_car_occupant,injured_suv_occupant,number_of_persons_injured,number_of_persons_killed,contributing_factor_vehicle_1,collision_id,cross_street_name,off_street_name,vehicle_type_code1
2026-07-26,00:00,40.6446598,-73.9877156,36 ST,11218,66,OTHER,Street,135.42636605283118,False,BROOKLYN,"(40.6446598, -73.9877156)",trafficstat,True,False,False,False,False,False,True,False,False,,,,,,,
2026-07-24,00:00,40.6452388,-73.9787033,E  2 ST,11218,66,UNKNOWN,Street,0.4062366530201832,False,BROOKLYN,"(40.6452388, -73.9787033)",trafficstat,True,False,False,True,False,False,False,False,False,,,,,,,
2026-07-24,00:00,40.630746,-73.977166,MCDONALD AVE,11230,66,UNKNOWN,Street,0.3526562885715069,False,BROOKLYN,"(40.630746, -73.977166)",trafficstat,True,False,False,False,False,False,False,False,True,,,,,,,
2026-07-24,00:00,40.636406,-73.97029,E  8 ST,11218,66,UNKNOWN,Street,0.0037496655991342,False,BROOKLYN,"(40.636406, -73.97029)",trafficstat,True,False,False,False,False,False,False,False,True,,,,,,,
2026-07-24,00:00,40.640527,-74.0029892,50 ST,11220,66,UNKNOWN,Street,45.60457717497658,False,BROOKLYN,"(40.640527, -74.0029892)",trafficstat,False,False,False,False,False,False,False,False,False,,,,,,,
2026-07-24,00:00,40.6372065,-73.9693256,E  9 ST,11218,66,UNKNOWN,Street,45.87480876119168,False,BROOKLYN,"(40.6372065, -73.9693256)",trafficstat,False,False,False,False,False,False,False,False,False,,,,,,,
2026-07-24,00:00,40.641956,-73.988495,12 AVE,11218,66,UNKNOWN,Street,1.9122432984887732,False,BROOKLYN,"(40.641956, -73.988495)",trafficstat,False,False,False,False,False,False,False,False,False,,,,,,,
2026-07-23,00:00,40.6125498,-73.9628589,CONEY ISLAND AVE,11230,66,UNKNOWN,Street,0.18105342551948497,False,BROOKLYN,"(40.6125498, -73.9628589)",trafficstat,False,False,False,False,False,False,False,False,False,,,,,,,
2026-07-23,00:00,40.6455763,-73.9708261,TURNER PL,11218,66,UNKNOWN,Street,101.63120269724075,False,BROOKLYN,"(40.6455763, -73.9708261)",trafficstat,False,False,False,False,False,False,False,False,False,,,,,,,
2026-07-22,00:00,40.6461718,-73.9797565,MCDONALD AVE,11218,66,UNKNOWN,Street,88.81993955595375,False,BROOKLYN,"(40.6461718, -73.9797565)",trafficstat,False,False,False,False,False,False,False,False,False,,,,,,,
2026-07-22,00:00,40.6254634,-73.9838323,18 AVE,11204,66,UNKNOWN,Street,1.629848897193567,False,BROOKLYN,"(40.6254634, -73.9838323)",trafficstat,True,False,False,False,False,False,False,True,False,,,,,,,
2026-06-26,00:00,40.6254634,-73.9838323,18 AVE,11204,66,OTHER,Street,1.629848897193567,False,BROOKLYN,"(40.6254634, -73.9838323)",trafficstat,True,False,False,False,False,False,False,False,False,,,,,,,
2026-07-22,00:00,40.6346065,-73.9853793,45 ST,11219,66,UNKNOWN,Street,1.789661032769411,False,BROOKLYN,"(40.6346065, -73.9853793)",trafficstat,False,False,False,False,False,False,False,False,False,,,,,,,
2026-07-21,00:00,40.6432679,-73.9783256,E  2 ST,11218,66,UNKNOWN,Street,0.27541279073785035,False,BROOKLYN,"(40.6432679, -73.9783256)",trafficstat,False,False,False,False,False,False,False,False,False,,,,,,,
2026-07-20,00:00,40.6475041,-73.9730042,E  8 ST,11218,66,UNKNOWN,Street,49.29880828326375,False,BROOKLYN,"(40.6475041, -73.9730042)",trafficstat,False,False,False,False,False,False,False,False,False,,,,,,,
2026-07-20,00:00,40.6401281,-73.9953284,FORT HAMILTON PKWY,11219,66,UNKNOWN,Street,51.30016046012507,False,BROOKLYN,"(40.6401281, -73.9953284)",trafficstat,True,False,False,False,False,False,False,False,False,,,,,,,
2026-07-20,00:00,40.6397841,-74.0015061,50 ST,11219,66,UNKNOWN,Street,2.0946354406892733,False,BROOKLYN,"(40.6397841, -74.0015061)",trafficstat,True,False,True,False,False,False,False,False,False,,,,,,,
2026-06-17,00:00,40.6397841,-74.0015061,50 ST,11219,66,UNKNOWN,Street,2.0946354406892733,False,BROOKLYN,"(40.6397841, -74.0015061)",trafficstat,True,False,False,False,False,False,True,False,False,,,,,,,
2026-07-20,00:00,40.6303364,-73.9934142,14 AVE,11219,66,UNKNOWN,Street,2.0301226947722615,False,BROOKLYN,"(40.6303364, -73.9934142)",trafficstat,True,False,False,False,False,False,False,True,False,,,,,,,
2026-07-20,00:00,40.6167323,-73.9638559,CONEY ISLAND AVE,11230,66,UNKNOWN,Street,56.99843058400329,False,BROOKLYN,"(40.6167323, -73.9638559)",trafficstat,True,False,False,False,False,False,False,False,True,,,,,,,
2026-07-20,00:00,40.6167067,-73.9784531,60 ST,11204,66,UNKNOWN,Street,1.6432488670746364,False,BROOKLYN,"(40.6167067, -73.9784531)",trafficstat,True,False,False,False,False,False,False,False,True,,,,,,,
2026-07-20,00:00,40.6310383,-73.9855098,49 ST,11204,66,UNKNOWN,Street,1.9659468277999301,False,BROOKLYN,"(40.6310383, -73.9855098)",trafficstat,True,False,False,True,False,False,False,False,False,,,,,,,
2026-07-19,00:00,40.618052,-73.9806823,21 AVE,11204,66,UNKNOWN,Street,2.219415556775006,False,BROOKLYN,"(40.618052, -73.9806823)",trafficstat,True,False,False,False,False,False,True,False,False,,,,,,,
2026-07-19,00:00,40.6089945,-73.9727372,AVE P,11223,66,OTHER,Street,51.527622298202914,False,BROOKLYN,"(40.6089945, -73.9727372)",trafficstat,False,False,False,False,False,False,False,False,False,,,,,,,
2026-07-19,00:00,40.6408349,-73.9896622,12 AVE,11219,66,UNKNOWN,Street,2.2580475059726597,False,BROOKLYN,"(40.6408349, -73.9896622)",trafficstat,True,False,False,True,False,False,False,False,False,,,,,,,
2026-07-18,00:00,40.64511,-73.9798817,MCDONALD AVE,11218,66,UNKNOWN,Street,0.28928900130825114,False,BROOKLYN,"(40.64511, -73.9798817)",trafficstat,True,False,False,False,False,False,False,True,False,,,,,,,
2026-07-18,00:00,40.6448288,-73.9750291,CHURCH AVE,11218,66,UNKNOWN,Street,53.870501186080375,False,BROOKLYN,"(40.6448288, -73.9750291)",trafficstat,False,False,False,False,False,False,False,False,False,,,,,,,
2026-07-17,00:00,40.6341626,-74.0073571,9 AVE,11220,66,UNKNOWN,Street,2.2186727111106554,False,BROOKLYN,"(40.6341626, -74.0073571)",trafficstat,True,False,True,False,False,False,False,False,False,,,,,,,
2026-07-17,00:00,40.6169824,-73.9786274,60 ST,11204,66,UNKNOWN,Street,46.96683143398809,False,BROOKLYN,"(40.6169824, -73.9786274)",trafficstat,False,False,False,False,False,False,False,False,False,,,,,,,
2026-07-01,00:00,40.6169824,-73.9786274,60 ST,11204,66,UNKNOWN,Street,46.96683143398809,False,BROOKLYN,"(40.6169824, -73.9786274)",trafficstat,False,False,False,False,False,False,False,False,False,,,,,,,
2026-07-17,00:00,40.6170037,-73.9691095,OCEAN PKWY,11230,66,UNKNOWN,Street,0.23548199688280794,False,BROOKLYN,"(40.6170037, -73.9691095)",trafficstat,True,False,False,False,False,False,False,True,False,,,,,,,
2026-06-24,00:00,40.6170037,-73.9691095,OCEAN PKWY,11230,66,UNKNOWN,Street,0.23548199688280794,False,BROOKLYN,"(40.6170037, -73.9691095)",trafficstat,True,False,False,False,False,False,False,False,True,,,,,,,
2026-07-16,00:00,40.638684,-73.9809364,15 AVE,11218,66,OTHER,Street,46.08688724384051,False,BROOKLYN,"(40.638684, -73.9809364)",trafficstat,False,False,False,False,False,False,False,False,False,,,,,,,
2026-07-16,00:00,40.6385823,-73.9686731,CONEY ISLAND AVE,11218,66,UNKNOWN,Street,21.245726122066714,False,BROOKLYN,"(40.6385823, -73.9686731)",trafficstat,False,False,False,False,False,False,False,False,False,,,,,,,
2026-07-15,00:00,40.6355267,-73.9897088,47 ST,11219,66,UNKNOWN,Street,35.80640892735729,False,BROOKLYN,"(40.6355267, -73.9897088)",trafficstat,True,False,False,False,False,False,True,False,False,,,,,,,
2026-07-15,00:00,40.6127855,-73.9708015,E  4 ST,11230,66,UNKNOWN,Street,39.842482722329,False,BROOKLYN,"(40.6127855, -73.9708015)",trafficstat,False,False,False,False,False,False,False,False,False,,,,,,,
2026-07-15,00:00,40.6311178,-73.9929881,54 ST,11219,66,UNKNOWN,Street,33.18553052611851,False,BROOKLYN,"(40.6311178, -73.9929881)",trafficstat,False,False,False,False,False,False,False,False,False,,,,,,,
2026-07-15,00:00,40.6259717,-73.9774622,49 RD,11204,66,UNKNOWN,Street,42.688899934650614,False,BROOKLYN,"(40.6259717, -73.9774622)",trafficstat,False,False,False,False,False,False,False,False,False,,,,,,,
2026-07-15,00:00,40.6283185,-73.9883384,16 AVE,11204,66,UNKNOWN,Street,2.4501373574489747,False,BROOKLYN,"(40.6283185, -73.9883384)",trafficstat,True,False,False,False,False,False,False,False,True,,,,,,,
2026-06-17,00:00,40.6283185,-73.9883384,16 AVE,11204,66,UNKNOWN,Street,2.4501373574489747,False,BROOKLYN,"(40.6283185, -73.9883384)",trafficstat,False,False,False,False,False,False,False,False,False,,,,,,,
2026-07-14,00:00,40.6348847,-73.9994343,11 AVE,11219,66,UNKNOWN,Street,2.153004353102733,False,BROOKLYN,"(40.6348847, -73.9994343)",trafficstat,True,False,True,False,False,False,False,False,False,,,,,,,
2026-07-14,00:00,40.623508,-73.975144,AVE J,11230,66,OTHER,Street,60.07584665631357,False,BROOKLYN,"(40.623508, -73.975144)",trafficstat,False,False,False,False,False,False,False,False,False,,,,,,,
2026-07-14,00:00,40.6418059,-73.9778664,E  2 ST,11218,66,UNKNOWN,Street,51.20589143337489,False,BROOKLYN,"(40.6418059, -73.9778664)",trafficstat,False,False,False,False,False,False,False,False,False,,,,,,,
2026-07-14,00:00,40.6401287,-74.0023208,50 ST,11220,66,UNKNOWN,Street,44.125989737153965,False,BROOKLYN,"(40.6401287, -74.0023208)",trafficstat,False,False,False,False,False,False,False,False,False,,,,,,,
2026-07-13,00:00,40.6291259,-74.0003715,61 ST,11219,66,UNKNOWN,Street,32.382212551125804,False,BROOKLYN,"(40.6291259, -74.0003715)",trafficstat,False,False,False,False,False,False,False,False,False,,,,,,,
2026-07-13,00:00,40.6261939,-73.9865556,17 AVE,11204,66,UNKNOWN,Street,1.842661602169211,False,BROOKLYN,"(40.6261939, -73.9865556)",trafficstat,True,False,False,True,False,False,False,False,False,,,,,,,
2026-07-12,00:00,40.633084,-74.0055663,FORT HAMILTON PKWY,11219,66,UNKNOWN,Street,2.001861008163429,False,BROOKLYN,"(40.633084, -74.0055663)",trafficstat,True,False,False,True,False,False,False,False,False,,,,,,,
2026-07-11,00:00,40.637687,-73.9965194,49 ST,11219,66,UNKNOWN,Street,1.5660042668785952,False,BROOKLYN,"(40.637687, -73.9965194)",trafficstat,True,False,False,False,False,False,False,True,False,,,,,,,
2026-07-08,00:00,40.637687,-73.9965194,49 ST,11219,66,UNKNOWN,Street,1.5660042668785952,False,BROOKLYN,"(40.637687, -73.9965194)",trafficstat,False,False,False,False,False,False,False,False,False,,,,,,,
2026-07-10,00:00,40.6343947,-73.9820142,43 ST,11204,66,UNKNOWN,Street,2.2102176672107694,False,BROOKLYN,"(40.6343947, -73.9820142)",trafficstat,False,False,False,False,False,False,False,False,False,,,,,,,
2026-07-10,00:00,40.6236789,-73.9761352,AVE J,11230,66,UNKNOWN,Street,40.87773810179728,False,BROOKLYN,"(40.6236789, -73.9761352)",trafficstat,False,False,False,False,False,False,False,False,False,,,,,,,
2026-07-10,00:00,40.6185051,-73.9678395,E  7 ST,11230,66,UNKNOWN,Street,42.65739044025085,False,BROOKLYN,"(40.6185051, -73.9678395)",trafficstat,True,False,False,False,False,False,False,False,False,,,,,,,
2026-07-10,00:00,40.6436044,-73.9894988,38 ST,11218,66,UNKNOWN,Street,34.59028971277529,False,BROOKLYN,"(40.6436044, -73.9894988)",trafficstat,True,False,True,False,False,False,False,False,False,,,,,,,
2026-07-10,00:00,40.643166,-73.9905,FORT HAMILTON PKWY,11218,66,OTHER,Street,1.3932774451123862,False,BROOKLYN,"(40.643166, -73.9905)",trafficstat,True,False,False,False,False,True,False,False,False,,,,,,,
2026-07-09,00:00,40.6239626,-73.9724456,BAY PKWY,11230,66,UNKNOWN,Street,2.101405484309205,False,BROOKLYN,"(40.6239626, -73.9724456)",trafficstat,False,False,False,False,False,False,False,False,False,,,,,,,
2026-07-09,00:00,40.611954,-73.96816,OCEAN PKWY,11230,66,UNKNOWN,Street,0.8743214361494208,False,BROOKLYN,"(40.611954, -73.96816)",trafficstat,True,False,True,False,False,False,False,False,False,,,,,,,
2026-06-16,00:00,40.611954,-73.96816,OCEAN PKWY,11230,66,UNKNOWN,Street,0.8743214361494208,False,BROOKLYN,"(40.611954, -73.96816)",trafficstat,False,False,False,False,False,False,False,False,False,,,,,,,
2026-07-09,00:00,40.6237591,-73.9855294,18 AVE,11204,66,UNKNOWN,Street,2.09819194898104,False,BROOKLYN,"(40.6237591, -73.9855294)",trafficstat,True,False,True,False,False,False,False,False,False,,,,,,,
2026-07-09,00:00,40.6292331,-73.9961163,NEW UTRECHT AVE,11219,66,UNKNOWN,Street,0.5274304223979052,False,BROOKLYN,"(40.6292331, -73.9961163)",trafficstat,True,False,True,False,False,False,False,False,False,,,,,,,
2026-07-08,00:00,40.6352605,-74.0032774,56 ST,11219,66,OTHER,Street,37.325648459209106,False,BROOKLYN,"(40.6352605, -74.0032774)",trafficstat,True,False,True,False,False,False,False,False,False,,,,,,,
2026-07-08,00:00,40.6381747,-73.9852524,14 AVE,11219,66,UNKNOWN,Street,2.1271399437864815,False,BROOKLYN,"(40.6381747, -73.9852524)",trafficstat,True,False,False,False,False,False,False,True,False,,,,,,,
2026-07-08,00:00,40.6844917,-73.9774985,FLATBUSH AVE,11217,66,UNKNOWN,Street,65.67716705029211,False,BROOKLYN,"(40.6844917, -73.9774985)",trafficstat,True,False,False,False,False,False,False,False,True,,,,,,,
2026-07-07,00:00,40.6436566,-73.9753472,E  5 ST,11218,66,UNKNOWN,Street,58.6711300719115,False,BROOKLYN,"(40.6436566, -73.9753472)",trafficstat,False,False,False,False,False,False,False,False,False,,,,,,,
2026-07-07,00:00,40.6249566,-73.9916331,16 AVE,11204,66,OTHER,Bridge,46.978716490478575,False,BROOKLYN,"(40.6249566, -73.9916331)",trafficstat,True,False,True,False,False,False,False,False,False,,,,,,,
2026-07-07,00:00,40.6298675,-73.9883326,52 ST,11219,66,OTHER,Street,41.019076122131274,False,BROOKLYN,"(40.6298675, -73.9883326)",trafficstat,True,False,True,False,False,False,False,False,False,,,,,,,
2026-07-06,00:00,40.6117039,-73.9704518,E  4 ST,11230,66,UNKNOWN,Street,0.11727433601041673,False,BROOKLYN,"(40.6117039, -73.9704518)",trafficstat,True,False,False,False,False,False,False,True,False,,,,,,,
2026-07-06,00:00,40.619873,-73.96526,E  10 ST,11230,66,UNKNOWN,Street,1.2376376290181903,False,BROOKLYN,"(40.619873, -73.96526)",trafficstat,False,False,False,False,False,False,False,False,False,,,,,,,
2026-07-06,00:00,40.6250714,-73.9877194,17 AVE,11204,66,OTHER,Street,1.9868646623360922,False,BROOKLYN,"(40.6250714, -73.9877194)",trafficstat,True,False,False,False,True,False,False,False,False,,,,,,,
2026-07-06,00:00,40.6382515,-73.9993094,10 AVE,11219,66,UNKNOWN,Street,47.43307210755563,False,BROOKLYN,"(40.6382515, -73.9993094)",trafficstat,False,False,False,False,False,False,False,False,False,,,,,,,
2026-07-05,00:00,40.6246554,-73.96617,E  10 ST,11230,66,UNKNOWN,Street,0.20409711448866855,False,BROOKLYN,"(40.6246554, -73.96617)",trafficstat,False,False,False,False,False,False,False,False,False,,,,,,,
2026-07-04,00:00,40.6417306,-73.9790211,MCDONALD AVE,11218,66,UNKNOWN,Street,56.72523805942199,False,BROOKLYN,"(40.6417306, -73.9790211)",trafficstat,True,False,False,False,False,False,False,True,True,,,,,,,
2026-07-04,00:00,40.6435953,-73.982797,CLARA ST,11218,66,OTHER,Street,38.532091743594776,False,BROOKLYN,"(40.6435953, -73.982797)",trafficstat,False,False,False,False,False,False,False,False,False,,,,,,,
2026-07-04,00:00,40.641383,-73.9693973,CONEY ISLAND AVE,11218,66,UNKNOWN,Street,0.19735835277602354,False,BROOKLYN,"(40.641383, -73.9693973)",trafficstat,True,False,False,False,True,False,False,False,False,,,,,,,
2026-07-03,00:00,40.636383,-73.9905007,13 AVE,11219,66,UNKNOWN,Street,47.3775567277502,False,BROOKLYN,"(40.636383, -73.9905007)",trafficstat,True,False,True,False,False,False,False,False,False,,,,,,,
2026-07-02,00:00,40.6414667,-73.9997585,9 AVE,11220,66,OTHER,Street,1.8980756571748325,False,BROOKLYN,"(40.6414667, -73.9997585)",trafficstat,True,False,False,True,False,False,False,False,False,,,,,,,
2026-07-02,00:00,40.6359824,-73.9805718,16 AVE,11218,66,UNKNOWN,Street,43.69684755158945,False,BROOKLYN,"(40.6359824, -73.9805718)",trafficstat,True,False,False,True,False,False,False,False,False,,,,,,,
2026-07-02,00:00,40.6354733,-73.9971781,52 ST,11219,66,UNKNOWN,Street,33.885563776399145,False,BROOKLYN,"(40.6354733, -73.9971781)",trafficstat,True,False,True,False,False,False,False,False,False,,,,,,,
2026-07-01,00:00,40.6284453,-73.9963361,NEW UTRECHT AVE,11219,66,UNKNOWN,Street,1.0245658907468504,False,BROOKLYN,"(40.6284453, -73.9963361)",trafficstat,True,False,False,False,False,False,False,True,False,,,,,,,
2026-06-30,00:00,40.6284453,-73.9963361,NEW UTRECHT AVE,11219,66,OTHER,Street,1.0245658907468504,False,BROOKLYN,"(40.6284453, -73.9963361)",trafficstat,True,False,False,False,False,False,False,True,False,,,,,,,
2026-07-01,00:00,40.6248005,-73.9711001,OCEAN PKWY,11230,66,UNKNOWN,Street,65.46687095326826,False,BROOKLYN,"(40.6248005, -73.9711001)",trafficstat,False,False,False,False,False,False,False,False,False,,,,,,,
2026-07-01,00:00,40.6267289,-73.9953743,60 ST,11219,66,UNKNOWN,Street,57.95439210900063,False,BROOKLYN,"(40.6267289, -73.9953743)",trafficstat,True,False,False,False,False,False,False,False,True,,,,,,,
2026-07-01,00:00,40.6152042,-73.9633617,CONEY ISLAND AVE,11230,66,UNKNOWN,Street,0.2948118614626442,False,BROOKLYN,"(40.6152042, -73.9633617)",trafficstat,False,False,False,False,False,False,False,False,False,,,,,,,
2026-06-30,00:00,40.6359159,-73.9793947,DAHILL RD,11218,66,UNKNOWN,Street,54.45647761339419,False,BROOKLYN,"(40.6359159, -73.9793947)",trafficstat,True,False,False,False,False,False,True,False,False,,,,,,,
2026-06-30,00:00,40.6350052,-73.9947853,NEW UTRECHT AVE,11219,66,UNKNOWN,Street,46.17274796376787,False,BROOKLYN,"(40.6350052, -73.9947853)",trafficstat,False,False,False,False,False,False,False,False,False,,,,,,,
2026-06-30,00:00,40.6363115,-73.9784115,MCDONALD AVE,11218,66,OTHER,Street,52.75317348077888,False,BROOKLYN,"(40.6363115, -73.9784115)",trafficstat,True,False,True,False,False,False,False,False,False,,,,,,,
2026-06-30,00:00,40.6397642,-73.9944289,11 AVE,11219,66,UNKNOWN,Street,4.5752861123275474,False,BROOKLYN,"(40.6397642, -73.9944289)",trafficstat,False,False,False,False,False,False,False,False,False,,,,,,,
2026-06-30,00:00,40.6453402,-73.9777736,E  3 ST,11218,66,OTHER,Street,0.0333770616445721,False,BROOKLYN,"(40.6453402, -73.9777736)",trafficstat,True,False,False,False,False,False,True,False,False,,,,,,,
2026-06-28,00:00,40.6434561,-73.9727186,E  7 ST,11218,66,UNKNOWN,Street,0.22683392233808758,False,BROOKLYN,"(40.6434561, -73.9727186)",trafficstat,True,False,False,False,False,False,False,True,False,,,,,,,
2026-06-28,00:00,40.6341845,-74.0071374,60 ST,11219,66,UNKNOWN,Street,41.55920054856139,False,BROOKLYN,"(40.6341845, -74.0071374)",trafficstat,True,False,False,False,False,False,False,True,False,,,,,,,
2026-06-28,00:00,40.6357835,-74.0018647,FORT HAMILTON PKWY,11219,66,UNKNOWN,Street,58.08512504584562,False,BROOKLYN,"(40.6357835, -74.0018647)",trafficstat,True,False,False,False,False,False,False,True,False,,,,,,,
2026-06-27,00:00,40.6442663,-73.9968433,42 ST,11219,66,UNKNOWN,Street,1.8094995721702882,False,BROOKLYN,"(40.6442663, -73.9968433)",trafficstat,True,False,True,False,False,False,False,False,False,,,,,,,
2026-06-26,00:00,40.6161414,-73.9684426,OCEAN PKWY,11230,66,UNKNOWN,Street,59.49243956341162,False,BROOKLYN,"(40.6161414, -73.9684426)",trafficstat,False,False,False,False,False,False,False,False,False,,,,,,,
2026-06-25,00:00,40.6407693,-73.9940762,44 ST,11219,66,UNKNOWN,Street,2.3133574564721076,False,BROOKLYN,"(40.6407693, -73.9940762)",trafficstat,True,False,False,True,False,False,False,False,False,,,,,,,
2026-06-25,00:00,40.6347445,-74.0067518,9 AVE,11219,66,UNKNOWN,Street,2.0845017040025273,False,BROOKLYN,"(40.6347445, -74.0067518)",trafficstat,False,False,False,False,False,False,False,False,False,,,,,,,
2026-06-25,00:00,40.6348559,-73.9915739,49 ST,11219,66,UNKNOWN,Street,43.461429188761315,False,BROOKLYN,"(40.6348559, -73.9915739)",trafficstat,True,False,True,False,False,False,False,False,False,,,,,,,
2026-06-25,00:00,40.6374154,-73.999092,FORT HAMILTON PKWY,11219,66,OTHER,Street,2.1929237660136245,False,BROOKLYN,"(40.6374154, -73.999092)",trafficstat,True,False,True,False,False,False,False,False,False,,,,,,,
2026-06-24,00:00,40.6366506,-73.9680375,CONEY ISLAND AVE,11218,66,OTHER,Street,0.010514232053921175,False,BROOKLYN,"(40.6366506, -73.9680375)",trafficstat,True,False,True,False,False,False,False,False,False,,,,,,,
2026-06-24,00:00,40.6379309,-74.0042134,54 ST,11220,66,OTHER,Street,43.00590869633797,False,BROOKLYN,"(40.6379309, -74.0042134)",trafficstat,True,False,False,False,False,False,False,True,False,,,,,,,
2026-06-24,00:00,40.6234132,-73.965119,CONEY ISLAND AVE,11230,66,UNKNOWN,Street,55.785947811054534,False,BROOKLYN,"(40.6234132, -73.965119)",trafficstat,True,False,False,False,False,False,True,False,False,,,,,,,
2026-06-24,00:00,40.6308831,-73.9858801,16 AVE,11204,66,UNKNOWN,Street,43.3790961047101,False,BROOKLYN,"(40.6308831, -73.9858801)",trafficstat,True,False,True,False,False,False,False,False,False,,,,,,,
2026-06-23,00:00,40.640533,-73.96936,CONEY ISLAND AVE,11218,66,UNKNOWN,Street,58.273739188428365,False,BROOKLYN,"(40.640533, -73.96936)",trafficstat,False,False,False,False,False,False,False,False,False,,,,,,,
2026-06-23,00:00,40.6416571,-73.9867368,38 ST,11218,66,OTHER,Street,44.955754583657864,False,BROOKLYN,"(40.6416571, -73.9867368)",trafficstat,False,False,False,False,False,False,False,False,False,,,,,,,
2026-06-22,00:00,40.6323923,-73.9952911,NEW UTRECHT AVE,11219,66,UNKNOWN,Street,1.22139440032695,False,BROOKLYN,"(40.6323923, -73.9952911)",trafficstat,True,False,False,False,False,False,False,True,False,,,,,,,
2026-06-21,00:00,40.6091811,-73.9710905,E  3 ST,11230,66,UNKNOWN,Street,46.86242700613889,False,BROOKLYN,"(40.6091811, -73.9710905)",trafficstat,False,False,False,False,False,False,False,False,False,,,,,,,
2026-06-21,00:00,40.6427099,-73.9942742,NEW UTRECHT AVE,11219,66,UNKNOWN,Street,0.20961115547072057,False,BROOKLYN,"(40.6427099, -73.9942742)",trafficstat,True,False,False,False,False,True,False,False,False,,,,,,,
2026-06-20,00:00,40.6354089,-74.0076479,59 ST,11220,66,UNKNOWN,Street,32.77832867172031,False,BROOKLYN,"(40.6354089, -74.0076479)",trafficstat,False,False,False,False,False,False,False,False,False,,,,,,,
2026-06-20,00:00,40.6344209,-74.0091463,61 ST,11220,66,UNKNOWN,Street,32.440403930992694,False,BROOKLYN,"(40.6344209, -74.0091463)",trafficstat,False,False,False,False,False,False,False,False,False,,,,,,,
2026-06-20,00:00,40.6212207,-73.9693959,OCEAN PKWY,11230,66,UNKNOWN,Street,64.88971205123609,False,BROOKLYN,"(40.6212207, -73.9693959)",trafficstat,False,False,False,False,False,False,False,False,False,,,,,,,
2026-06-19,00:00,40.637688,-73.99652,49 ST,11219,66,UNKNOWN,Street,1.3863152902436489,False,BROOKLYN,"(40.637688, -73.99652)",trafficstat,False,False,False,False,False,False,False,False,False,,,,,,,
2026-06-18,00:00,40.6357601,-73.9948477,NEW UTRECHT AVE,11219,66,UNKNOWN,Street,0.2553734824628739,False,BROOKLYN,"(40.6357601, -73.9948477)",trafficstat,True,False,True,False,False,False,False,False,False,,,,,,,
2026-06-18,00:00,40.6233698,-73.9894884,60 ST,11204,66,OTHER,Street,1.9941023728336777,False,BROOKLYN,"(40.6233698, -73.9894884)",trafficstat,True,False,False,True,False,False,False,False,False,,,,,,,
2026-06-18,00:00,40.6278334,-73.9905465,56 ST,11219,66,UNKNOWN,Street,37.751325852827584,False,BROOKLYN,"(40.6278334, -73.9905465)",trafficstat,False,False,False,False,False,False,False,False,False,,,,,,,
2026-06-17,00:00,40.6329835,-74.0025856,58 ST,11219,66,UNKNOWN,Street,47.29593245839423,False,BROOKLYN,"(40.6329835, -74.0025856)",trafficstat,True,False,False,False,False,False,True,False,False,,,,,,,
2026-06-17,00:00,40.6397291,-73.9792755,MCDONALD AVE,11218,66,UNKNOWN,Street,31.956247572273075,False,BROOKLYN,"(40.6397291, -73.9792755)",trafficstat,False,False,False,False,False,False,False,False,False,,,,,,,
2026-06-16,00:00,40.6392242,-74.0020898,51 ST,11219,66,UNKNOWN,Street,2.261615579663918,False,BROOKLYN,"(40.6392242, -74.0020898)",trafficstat,True,False,False,True,False,False,False,False,False,,,,,,,
2026-06-16,00:00,40.6284995,-73.9976616,60 ST,11219,66,OTHER,Street,51.865321676231126,False,BROOKLYN,"(40.6284995, -73.9976616)",trafficstat,True,False,True,False,False,False,False,False,False,,,,,,,
2026-06-16,00:00,40.6339872,-73.9921441,50 ST,11219,66,UNKNOWN,Street,43.17539804555099,False,BROOKLYN,"(40.6339872, -73.9921441)",trafficstat,False,False,False,False,False,False,False,False,False,,,,,,,
2026-06-16,00:00,40.6116627,-73.9668471,E  7 ST,11230,66,UNKNOWN,Street,41.13814565362475,False,BROOKLYN,"(40.6116627, -73.9668471)",trafficstat,False,False,False,False,False,False,False,False,False,,,,,,,
2026-06-15,00:00,40.62445,-73.9680217,E  8 ST,11230,66,UNKNOWN,Street,0.19627792285371612,False,BROOKLYN,"(40.62445, -73.9680217)",trafficstat,True,False,False,False,False,False,False,False,True,,,,,,,
2026-06-15,00:00,40.6273136,-73.9853845,53 ST,11204,66,OTHER,Street,2.0183503996687793,False,BROOKLYN,"(40.6273136, -73.9853845)",trafficstat,True,False,True,False,False,False,False,False,False,,,,,,,
2026-06-15,00:00,40.6356756,-73.9768869,E  2 ST,11218,66,UNKNOWN,Street,0.43134737363780307,False,BROOKLYN,"(40.6356756, -73.9768869)",trafficstat,True,False,True,False,False,False,False,False,False,,,,,,,
2026-06-14,00:00,40.6394205,-73.9728449,OCEAN PKWY,11218,66,UNKNOWN,Street,64.86998861723303,False,BROOKLYN,"(40.6394205, -73.9728449)",trafficstat,True,False,True,False,False,False,False,False,False,,,,,,,
2026-06-14,00:00,40.6164204,-73.9744442,MCDONALD AVE,11230,66,UNKNOWN,Street,0.3879792020092726,False,BROOKLYN,"(40.6164204, -73.9744442)",trafficstat,True,False,False,False,False,False,False,True,False,,,,,,,