crash_date,crash_time,latitude,longitude,on_street_name,zip_code,precinct,collision_type,roadway_type,geocode_dist_feet,time_is_known,borough,location,source,injury,fatality,injured_pedestrian,injured_cyclist,injured_ebike_rider,injured_motorcyclist,injured_moped_rider,injured_car_occupant,injured_suv_occupant,number_of_persons_injured,number_of_persons_killed,contributing_factor_vehicle_1,collision_id,cross_street_name,off_street_name,vehicle_type_code1
2026-06-13,00:00,40.619152,-73.97186,E  4 ST,11230,66,OTHER,Street,1.3358651123570073,False,BROOKLYN,"(40.619152, -73.97186)",trafficstat,False,False,False,False,False,False,False,False,False,,,,,,,
2026-06-12,00:00,40.6266319,-73.9789218,19 AVE,11204,66,UNKNOWN,Street,2.1736245142719524,False,BROOKLYN,"(40.6266319, -73.9789218)",trafficstat,True,False,False,True,False,False,False,False,False,,,,,,,
2026-06-12,00:00,40.632355,-73.9801413,44 ST,11204,66,UNKNOWN,Street,1.7121267502476956,False,BROOKLYN,"(40.632355, -73.9801413)",trafficstat,True,False,True,False,False,False,False,False,False,,,,,,,
2026-09-13,00:00,40.638527,-73.92606,KINGS HWY,11203,67,UNKNOWN,Street,1.3629803587330005,False,BROOKLYN,"(40.638527, -73.92606)",trafficstat,False,False,False,False,False,False,False,False,False,,,,,,,
2026-09-13,00:00,40.64632,-73.9298028,UTICA AVE,11203,67,UNKNOWN,Street,0.011829249230633694,False,BROOKLYN,"(40.64632, -73.9298028)",trafficstat,True,False,False,True,False,False,False,False,False,,,,,,,
2026-06-24,00:00,40.64632,-73.9298028,UTICA AVE,11203,67,OTHER,Street,0.011829249230633694,False,BROOKLYN,"(40.64632, -73.9298028)",trafficstat,False,False,False,False,False,False,False,False,False,,,,,,,
2026-09-13,00:00,40.651733,-73.9303809,UTICA AVE,11203,67,UNKNOWN,Street,0.22511935291041824,False,BROOKLYN,"(40.651733, -73.9303809)",trafficstat,False,False,False,False,False,False,False,False,False,,,,,,,
2026-08-21,00:00,40.651733,-73.9303809,UTICA AVE,11203,67,UNKNOWN,Street,0.22511935291041824,False,BROOKLYN,"(40.651733, -73.9303809)",trafficstat,True,False,False,False,False,False,False,True,False,,,,,,,
2026-08-01,00:00,40.651733,-73.9303809,UTICA AVE,11203,67,OTHER,Street,0.22511935291041824,False,BROOKLYN,"(40.651733, -73.9303809)",trafficstat,False,False,False,False,False,False,False,False,False,,,,,,,
2026-07-26,00:00,40.651733,-73.9303809,UTICA AVE,11203,67,UNKNOWN,Street,0.22511935291041824,False,BROOKLYN,"(40.651733, -73.9303809)",trafficstat,True,False,False,False,False,False,True,False,False,,,,,,,
2026-06-30,00:00,40.651733,-73.9303809,UTICA AVE,11203,67,UNKNOWN,Street,0.22511935291041824,False,BROOKLYN,"(40.651733, -73.9303809)",trafficstat,False,False,False,False,False,False,False,False,False,,,,,,,
2026-09-12,00:00,40.6497805,-73.9494647,NOSTRAND AVE,11226,67,UNKNOWN,Street,0.22041337355676613,False,BROOKLYN,"(40.6497805, -73.9494647)",trafficstat,False,False,False,False,False,False,False,False,False,,,,,,,
2026-09-12,00:00,40.6374565,-73.9288573,UTICA AVE,11203,67,UNKNOWN,Street,0.23670589154468774,False,BROOKLYN,"(40.6374565, -73.9288573)",trafficstat,True,False,False,False,False,False,False,True,False,,,,,,,
2026-09-12,00:00,40.655038,-73.9355781,E  45 ST,11203,67,UNKNOWN,Street,0.1409356042589932,False,BROOKLYN,"(40.655038, -73.9355781)",trafficstat,True,False,False,False,False,False,False,True,False,,,,,,,
2026-09-11,00:00,40.6641005,-73.9231141,ROCKAWAY PKWY,11212,67,UNKNOWN,Street,67.35481209373997,False,BROOKLYN,"(40.6641005, -73.9231141)",trafficstat,False,False,False,False,False,False,False,False,False,,,,,,,
2026-09-11,00:00,40.642498,-73.9235658,E  56 ST,11203,67,UNKNOWN,Street,0.04951627593009143,False,BROOKLYN,"(40.642498, -73.9235658)",trafficstat,True,False,True,False,False,False,False,False,False,,,,,,,
2026-09-06,00:00,40.642498,-73.9235658,E  56 ST,11203,67,OTHER,Street,0.04951627593009143,False,BROOKLYN,"(40.642498, -73.9235658)",trafficstat,True,False,False,False,False,False,False,False,True,,,,,,,
2026-09-11,00:00,40.6427949,-73.9533314,E  25 ST,11226,67,OTHER,Street,57.395275139942015,False,BROOKLYN,"(40.6427949, -73.9533314)",trafficstat,True,False,False,False,False,False,False,True,False,,,,,,,
2026-09-11,00:00,40.6418993,-73.9234323,E  56 ST,11203,67,UNKNOWN,Street,21.09950938640184,False,BROOKLYN,"(40.6418993, -73.9234323)",trafficstat,False,False,False,False,False,False,False,False,False,,,,,,,
2026-09-11,00:00,40.6434747,-73.942718,CLARENDON RD,11203,67,UNKNOWN,Street,56.11488347243352,False,BROOKLYN,"(40.6434747, -73.942718)",trafficstat,False,False,False,False,False,False,False,False,False,,,,,,,
2026-09-11,00:00,40.6487691,-73.9528205,VERONICA PL,11226,67,UNKNOWN,Street,0.5655185907215234,False,BROOKLYN,"(40.6487691, -73.9528205)",trafficstat,True,False,True,False,False,False,False,False,False,,,,,,,
2026-09-11,00:00,40.6524638,-73.922848,KINGS HWY,11203,67,OTHER,Street,1.5821479920273658,False,BROOKLYN,"(40.6524638, -73.922848)",trafficstat,True,False,False,False,False,False,False,False,False,,,,,,,
2026-09-11,00:00,40.6567381,-73.92197,E  92 ST,11212,67,UNKNOWN,Street,36.55508613823922,False,BROOKLYN,"(40.6567381, -73.92197)",trafficstat,False,False,False,False,False,False,False,False,False,,,,,,,
2026-09-10,00:00,40.6509485,-73.9466745,NEW YORK AVE,11203,67,UNKNOWN,Street,0.025689134461667127,False,BROOKLYN,"(40.6509485, -73.9466745)",trafficstat,True,False,False,False,False,True,False,False,False,,,,,,,
2026-09-10,00:00,40.6444632,-73.9479121,E  31 ST,11226,67,UNKNOWN,Street,0.2990784104600647,False,BROOKLYN,"(40.6444632, -73.9479121)",trafficstat,False,False,False,False,False,False,False,False,False,,,,,,,
2026-09-10,00:00,40.6446135,-73.9266876,E  53 ST,11203,67,OTHER,Street,0.5651471076623595,False,BROOKLYN,"(40.6446135, -73.9266876)",trafficstat,False,False,False,False,False,False,False,False,False,,,,,,,
2026-06-20,00:00,40.6446135,-73.9266876,E  53 ST,11203,67,UNKNOWN,Street,0.5651471076623595,False,BROOKLYN,"(40.6446135, -73.9266876)",trafficstat,True,False,False,False,False,False,False,False,True,,,,,,,
2026-09-10,00:00,40.6397619,-73.9423928,BROOKLYN AVE,11203,67,UNKNOWN,Street,54.263895688027404,False,BROOKLYN,"(40.6397619, -73.9423928)",trafficstat,False,False,False,False,False,False,False,False,False,,,,,,,
2026-09-10,00:00,40.6417832,-73.9351404,TROY AVE,11203,67,UNKNOWN,Street,0.39839424538717594,False,BROOKLYN,"(40.6417832, -73.9351404)",trafficstat,True,False,False,False,False,False,False,True,False,,,,,,,
2026-09-10,00:00,40.6555929,-73.9471573,NEW YORK AVE,11203,67,UNKNOWN,Street,0.5598170411502459,False,BROOKLYN,"(40.6555929, -73.9471573)",trafficstat,True,False,False,False,False,False,False,False,False,,,,,,,
2026-09-09,00:00,40.6621646,-73.9199798,E  98 ST,11212,67,UNKNOWN,Street,43.968166570341154,False,BROOKLYN,"(40.6621646, -73.9199798)",trafficstat,False,False,False,False,False,False,False,False,False,,,,,,,
2026-09-09,00:00,40.6505484,-73.9126912,ALLEY,11236,67,UNKNOWN,Alley,20.305018468827125,False,BROOKLYN,"(40.6505484, -73.9126912)",trafficstat,False,False,False,False,False,False,False,False,False,,,,,,,
2026-09-08,00:00,40.6515982,-73.9306771,CHURCH AVE,11203,67,UNKNOWN,Street,47.693640410129134,False,BROOKLYN,"(40.6515982, -73.9306771)",trafficstat,True,False,False,False,False,False,True,False,False,,,,,,,
2026-09-08,00:00,40.6566108,-73.930902,UTICA AVE,11203,67,UNKNOWN,Street,0.5501306404747698,False,BROOKLYN,"(40.6566108, -73.930902)",trafficstat,False,False,False,False,False,False,False,False,False,,,,,,,
2026-07-11,00:00,40.6566108,-73.930902,UTICA AVE,11203,67,OTHER,Street,0.5501306404747698,False,BROOKLYN,"(40.6566108, -73.930902)",trafficstat,False,False,False,False,False,False,False,False,False,,,,,,,
2026-06-14,00:00,40.6566108,-73.930902,UTICA AVE,11203,67,UNKNOWN,Street,0.5501306404747698,False,BROOKLYN,"(40.6566108, -73.930902)",trafficstat,False,False,False,False,False,False,False,False,False,,,,,,,
2026-09-08,00:00,40.6481811,-73.929999,UTICA AVE,11203,67,UNKNOWN,Street,0.15520733044424223,False,BROOKLYN,"(40.6481811, -73.929999)",trafficstat,False,False,False,False,False,False,False,False,False,,,,,,,
2026-08-26,00:00,40.6481811,-73.929999,UTICA AVE,11203,67,UNKNOWN,Street,0.15520733044424223,False,BROOKLYN,"(40.6481811, -73.929999)",trafficstat,True,False,False,False,False,False,False,True,False,,,,,,,
2026-09-08,00:00,40.6446365,-73.9431085,BROOKLYN AVE,11203,67,UNKNOWN,Street,0.11186139912373415,False,BROOKLYN,"(40.6446365, -73.9431085)",trafficstat,False,False,False,False,False,False,False,False,False,,,,,,,
2026-06-29,00:00,40.6446365,-73.9431085,BROOKLYN AVE,11203,67,OTHER,Street,0.11186139912373415,False,BROOKLYN,"(40.6446365, -73.9431085)",trafficstat,False,False,False,False,False,False,False,False,False,,,,,,,
2026-09-08,00:00,40.6462723,-73.9199039,BRANTON ST,11236,67,UNKNOWN,Street,1.5240297976983674,False,BROOKLYN,"(40.6462723, -73.9199039)",trafficstat,False,False,False,False,False,False,False,False,False,,,,,,,
2026-09-07,00:00,40.6620513,-73.9314803,UTICA AVE,11203,67,UNKNOWN,Street,0.01991561473725046,False,BROOKLYN,"(40.6620513, -73.9314803)",trafficstat,False,False,False,False,False,False,False,False,False,,,,,,,
2026-09-07,00:00,40.6593369,-73.9272553,E  54 ST,11203,67,OTHER,Street,0.11949385279918955,False,BROOKLYN,"(40.6593369, -73.9272553)",trafficstat,True,False,True,False,False,False,False,False,False,,,,,,,
2026-07-08,00:00,40.6593369,-73.9272553,E  54 ST,11203,67,UNKNOWN,Street,0.11949385279918955,False,BROOKLYN,"(40.6593369, -73.9272553)",trafficstat,False,False,False,False,False,False,False,False,False,,,,,,,
2026-09-06,00:00,40.6562523,-73.9290589,E  52 ST,11203,67,OTHER,Street,40.50396240182527,False,BROOKLYN,"(40.6562523, -73.9290589)",trafficstat,False,False,False,False,False,False,False,False,False,,,,,,,
2026-09-06,00:00,40.6438957,-73.9382554,ALBANY AVE,11203,67,UNKNOWN,Street,0.15925521406929652,False,BROOKLYN,"(40.6438957, -73.9382554)",trafficstat,False,False,False,False,False,False,False,False,False,,,,,,,
2026-08-10,00:00,40.6438957,-73.9382554,ALBANY AVE,11203,67,OTHER,Street,0.15925521406929652,False,BROOKLYN,"(40.6438957, -73.9382554)",trafficstat,True,False,False,False,False,True,False,False,False,,,,,,,
2026-06-21,00:00,40.6438957,-73.9382554,ALBANY AVE,11203,67,UNKNOWN,Street,0.15925521406929652,False,BROOKLYN,"(40.6438957, -73.9382554)",trafficstat,True,False,True,False,False,False,False,False,False,,,,,,,
2026-09-06,00:00,40.6434247,-73.9458698,NEW YORK AVE,11203,67,UNKNOWN,Street,0.13649135278825178,False,BROOKLYN,"(40.6434247, -73.9458698)",trafficstat,False,False,False,False,False,False,False,False,False,,,,,,,
2026-08-15,00:00,40.6434247,-73.9458698,NEW YORK AVE,11203,67,UNKNOWN,Street,0.13649135278825178,False,BROOKLYN,"(40.6434247, -73.9458698)",trafficstat,True,False,False,False,False,False,False,False,True,,,,,,,
2026-07-15,00:00,40.6434247,-73.9458698,NEW YORK AVE,11203,67,UNKNOWN,Street,0.13649135278825178,False,BROOKLYN,"(40.6434247, -73.9458698)",trafficstat,False,False,False,False,False,False,False,False,False,,,,,,,
2026-06-19,00:00,40.6434247,-73.9458698,NEW YORK AVE,11203,67,UNKNOWN,Street,0.13649135278825178,False,BROOKLYN,"(40.6434247, -73.9458698)",trafficstat,True,False,False,False,False,True,False,False,False,,,,,,,
2026-09-06,00:00,40.6432449,-73.9487598,NOSTRAND AVE,11226,67,OTHER,Street,0.5014399708389357,False,BROOKLYN,"(40.6432449, -73.9487598)",trafficstat,True,True,True,False,False,False,False,False,False,,,,,,,
2026-09-05,00:00,40.6432449,-73.9487598,NOSTRAND AVE,11226,67,UNKNOWN,Street,0.5014399708389357,False,BROOKLYN,"(40.6432449, -73.9487598)",trafficstat,True,False,True,False,False,False,False,False,False,,,,,,,
2026-08-15,00:00,40.6432449,-73.9487598,NOSTRAND AVE,11226,67,OTHER,Street,0.5014399708389357,False,BROOKLYN,"(40.6432449, -73.9487598)",trafficstat,True,False,True,False,False,False,False,False,False,,,,,,,
2026-06-22,00:00,40.6432449,-73.9487598,NOSTRAND AVE,11226,67,UNKNOWN,Street,0.5014399708389357,False,BROOKLYN,"(40.6432449, -73.9487598)",trafficstat,True,False,False,False,False,False,False,True,False,,,,,,,
2026-09-05,00:00,40.6399773,-73.9262207,E  53 ST,11203,67,UNKNOWN,Street,0.031363935744650386,False,BROOKLYN,"(40.6399773, -73.9262207)",trafficstat,True,False,False,False,False,False,False,True,False,,,,,,,
2026-09-05,00:00,40.643313,-73.9306815,E  49 ST,11203,67,UNKNOWN,Street,52.24231405549749,False,BROOKLYN,"(40.643313, -73.9306815)",trafficstat,False,False,False,False,False,False,False,False,False,,,,,,,
2026-09-05,00:00,40.64904,-73.947464,E  32 ST,11226,67,UNKNOWN,Street,0.8935998551612426,False,BROOKLYN,"(40.64904, -73.947464)",trafficstat,True,False,False,False,False,False,True,False,False,,,,,,,
2026-09-05,00:00,40.6659177,-73.9254638,ROCKAWAY PKWY,11212,67,UNKNOWN,Street,1.6794720897974003,False,BROOKLYN,"(40.6659177, -73.9254638)",trafficstat,True,False,False,True,False,False,False,False,False,,,,,,,
2026-08-19,00:00,40.6659177,-73.9254638,ROCKAWAY PKWY,11212,67,UNKNOWN,Street,1.6794720897974003,False,BROOKLYN,"(40.6659177, -73.9254638)",trafficstat,False,False,False,False,False,False,False,False,False,,,,,,,
2026-09-05,00:00,40.6844917,-73.9774985,FLATBUSH AVE,11217,67,UNKNOWN,Street,65.67716705029211,False,BROOKLYN,"(40.6844917, -73.9774985)",trafficstat,False,False,False,False,False,False,False,False,False,,,,,,,
2026-08-24,00:00,40.6844917,-73.9774985,FLATBUSH AVE,11217,67,UNKNOWN,Street,65.67716705029211,False,BROOKLYN,"(40.6844917, -73.9774985)",trafficstat,True,False,False,False,False,False,False,True,True,,,,,,,
2026-09-04,00:00,40.6464993,-73.9268909,E  53 ST,11203,67,UNKNOWN,Street,0.17803571296357007,False,BROOKLYN,"(40.6464993, -73.9268909)",trafficstat,False,False,False,False,False,False,False,False,False,,,,,,,
2026-09-04,00:00,40.6489241,-73.9493717,NOSTRAND AVE,11226,67,OTHER,Street,0.3196997399204201,False,BROOKLYN,"(40.6489241, -73.9493717)",trafficstat,False,False,False,False,False,False,False,False,False,,,,,,,
2026-09-03,00:00,40.6489241,-73.9493717,NOSTRAND AVE,11226,67,UNKNOWN,Street,0.3196997399204201,False,BROOKLYN,"(40.6489241, -73.9493717)",trafficstat,True,False,False,False,False,True,False,False,False,,,,,,,
2026-08-19,00:00,40.6489241,-73.9493717,NOSTRAND AVE,11226,67,OTHER,Street,0.3196997399204201,False,BROOKLYN,"(40.6489241, -73.9493717)",trafficstat,True,False,True,False,False,False,False,False,False,,,,,,,
2026-09-04,00:00,40.6450318,-73.9199774,RALPH AVE,11236,67,UNKNOWN,Street,0.45280125518919073,False,BROOKLYN,"(40.6450318, -73.9199774)",trafficstat,False,False,False,False,False,False,False,False,False,,,,,,,
2026-09-03,00:00,40.6450318,-73.9199774,RALPH AVE,11236,67,UNKNOWN,Street,0.45280125518919073,False,BROOKLYN,"(40.6450318, -73.9199774)",trafficstat,False,False,False,False,False,False,False,False,False,,,,,,,
2026-08-06,00:00,40.6450318,-73.9199774,RALPH AVE,11236,67,OTHER,Street,0.45280125518919073,False,BROOKLYN,"(40.6450318, -73.9199774)",trafficstat,True,False,True,False,False,False,False,False,False,,,,,,,
2026-09-04,00:00,40.6399294,-73.9493821,E  29 ST,11226,67,OTHER,Street,0.3680701339306503,False,BROOKLYN,"(40.6399294, -73.9493821)",trafficstat,False,False,False,False,False,False,False,False,False,,,,,,,
2026-09-04,00:00,40.6511063,-73.9437985,BROOKLYN AVE,11203,67,UNKNOWN,Street,0.5118432458712984,False,BROOKLYN,"(40.6511063, -73.9437985)",trafficstat,True,False,True,False,False,False,False,False,False,,,,,,,
2026-06-17,00:00,40.6511063,-73.9437985,BROOKLYN AVE,11203,67,UNKNOWN,Street,0.5118432458712984,False,BROOKLYN,"(40.6511063, -73.9437985)",trafficstat,True,False,False,False,False,False,True,False,False,,,,,,,
2026-09-03,00:00,40.6504847,-73.9148355,E  92 ST,11236,67,OTHER,Street,1.5106917619795022,False,BROOKLYN,"(40.6504847, -73.9148355)",trafficstat,True,False,False,True,False,False,False,False,False,,,,,,,
2026-09-03,00:00,40.6560518,-73.9235971,REMSEN AVE,11212,67,UNKNOWN,Street,1.7483644512205607,False,BROOKLYN,"(40.6560518, -73.9235971)",trafficstat,False,False,False,False,False,False,False,False,False,,,,,,,
2026-09-02,00:00,40.6550979,-73.9370214,ALLEY,11203,67,UNKNOWN,Alley,18.89458112607685,False,BROOKLYN,"(40.6550979, -73.9370214)",trafficstat,False,False,False,False,False,False,False,False,False,,,,,,,
2026-09-02,00:00,40.6536343,-73.9547708,LENOX RD,11226,67,OTHER,Street,85.08363181254359,False,BROOKLYN,"(40.6536343, -73.9547708)",trafficstat,True,False,False,False,False,False,False,False,False,,,,,,,
2026-09-02,00:00,40.6470136,-73.9201841,RALPH AVE,11236,67,UNKNOWN,Street,0.08446027137856862,False,BROOKLYN,"(40.6470136, -73.9201841)",trafficstat,False,False,False,False,False,False,False,False,False,,,,,,,
2026-09-01,00:00,40.6401038,-73.9465102,NEWKIRK AVE,11226,67,UNKNOWN,Street,3.0678339686848246,False,BROOKLYN,"(40.6401038, -73.9465102)",trafficstat,False,False,False,False,False,False,False,False,False,,,,,,,
2026-09-01,00:00,40.6503499,-73.9263245,E  54 ST,11203,67,UNKNOWN,Street,0.511739327588888,False,BROOKLYN,"(40.6503499, -73.9263245)",trafficstat,True,False,False,False,True,False,False,False,False,,,,,,,
2026-09-01,00:00,40.6518553,-73.9173966,E  91 ST,11236,67,UNKNOWN,Street,39.96085173839599,False,BROOKLYN,"(40.6518553, -73.9173966)",trafficstat,True,False,False,False,False,False,False,False,True,,,,,,,
2026-09-01,00:00,40.6499829,-73.9118234,E  94 ST,11236,67,UNKNOWN,Street,1.9143451285577182,False,BROOKLYN,"(40.6499829, -73.9118234)",trafficstat,True,False,True,False,False,False,False,False,False,,,,,,,
2026-08-31,00:00,40.6499084,-73.9163671,REMSEN AVE,11236,67,UNKNOWN,Street,78.1548987725082,False,BROOKLYN,"(40.6499084, -73.9163671)",trafficstat,False,False,False,False,False,False,False,False,False,,,,,,,
2026-08-31,00:00,40.6517482,-73.948674,FAIRVIEW PL,11226,67,OTHER,Street,0.12884780152608802,False,BROOKLYN,"(40.6517482, -73.948674)",trafficstat,True,False,False,False,False,False,True,False,False,,,,,,,
2026-08-24,00:00,40.6517482,-73.948674,FAIRVIEW PL,11226,67,UNKNOWN,Street,0.12884780152608802,False,BROOKLYN,"(40.6517482, -73.948674)",trafficstat,False,False,False,False,False,False,False,False,False,,,,,,,
2026-08-31,00:00,40.6538055,-73.9306058,UTICA AVE,11203,67,UNKNOWN,Street,0.3585909863507631,False,BROOKLYN,"(40.6538055, -73.9306058)",trafficstat,True,False,False,False,False,False,False,True,False,,,,,,,
2026-08-21,00:00,40.6538055,-73.9306058,UTICA AVE,11203,67,OTHER,Street,0.3585909863507631,False,BROOKLYN,"(40.6538055, -73.9306058)",trafficstat,False,False,False,False,False,False,False,False,False,,,,,,,
2026-07-17,00:00,40.6538055,-73.9306058,UTICA AVE,11203,67,OTHER,Street,0.3585909863507631,False,BROOKLYN,"(40.6538055, -73.9306058)",trafficstat,True,False,True,False,False,False,False,False,False,,,,,,,
2026-08-31,00:00,40.6447958,-73.9212388,CLARENDON RD,11203,67,OTHER,Street,61.41394321242265,False,BROOKLYN,"(40.6447958, -73.9212388)",trafficstat,True,False,False,False,False,False,False,False,True,,,,,,,
2026-08-31,00:00,40.6433806,-73.9217415,DITMAS AVE,11203,67,UNKNOWN,Street,2.66761393389532,False,BROOKLYN,"(40.6433806, -73.9217415)",trafficstat,True,False,False,False,False,False,False,True,False,,,,,,,
2026-08-31,00:00,40.6400683,-73.9279255,E  51 ST,11203,67,UNKNOWN,Street,54.113849610871455,False,BROOKLYN,"(40.6400683, -73.9279255)",trafficstat,False,False,False,False,False,False,False,False,False,,,,,,,
2026-08-31,00:00,40.6386059,-73.9482662,NOSTRAND AVE,11210,67,OTHER,Street,0.2610021671728536,False,BROOKLYN,"(40.6386059, -73.9482662)",trafficstat,True,False,False,False,False,False,False,False,True,,,,,,,
2026-07-10,00:00,40.6386059,-73.9482662,NOSTRAND AVE,11210,67,UNKNOWN,Street,0.2610021671728536,False,BROOKLYN,"(40.6386059, -73.9482662)",trafficstat,False,False,False,False,False,False,False,False,False,,,,,,,
2026-08-31,00:00,40.6576806,-73.9254082,REMSEN AVE,11212,67,UNKNOWN,Street,1.6926287583839583,False,BROOKLYN,"(40.6576806, -73.9254082)",trafficstat,False,False,False,False,False,False,False,False,False,,,,,,,
2026-08-30,00:00,40.6589012,-73.9270361,E  54 ST,11203,67,OTHER,Street,52.78335621771701,False,BROOKLYN,"(40.6589012, -73.9270361)",trafficstat,False,False,False,False,False,False,False,False,False,,,,,,,
2026-08-30,00:00,40.6510961,-73.9451884,CHURCH AVE,11203,67,OTHER,Street,17.833421117486704,False,BROOKLYN,"(40.6510961, -73.9451884)",trafficstat,True,False,False,False,False,False,True,False,False,,,,,,,
2026-08-29,00:00,40.6510568,-73.9305004,UTICA AVE,11203,67,UNKNOWN,Street,53.01585473871954,False,BROOKLYN,"(40.6510568, -73.9305004)",trafficstat,False,False,False,False,False,False,False,False,False,,,,,,,
2026-08-29,00:00,40.64644,-73.927864,E  52 ST,11203,67,UNKNOWN,Street,0.716049130058445,False,BROOKLYN,"(40.64644, -73.927864)",trafficstat,True,False,False,False,False,False,False,True,False,,,,,,,
2026-08-29,00:00,40.6576347,-73.928912,E  52 ST,11203,67,UNKNOWN,Street,40.85860557831358,False,BROOKLYN,"(40.6576347, -73.928912)",trafficstat,False,False,False,False,False,False,False,False,False,,,,,,,
2026-08-29,00:00,40.6569208,-73.9260902,E  55 ST,11203,67,UNKNOWN,Street,0.03925783536050479,False,BROOKLYN,"(40.6569208, -73.9260902)",trafficstat,False,False,False,False,False,False,False,False,False,,,,,,,
2026-08-28,00:00,40.6397612,-73.9538823,NEWKIRK AVE,11226,67,UNKNOWN,Street,37.11524553321482,False,BROOKLYN,"(40.6397612, -73.9538823)",trafficstat,False,False,False,False,False,False,False,False,False,,,,,,,
2026-08-28,00:00,40.6511673,-73.9487555,FAIRVIEW PL,11226,67,UNKNOWN,Street,37.26014878211983,False,BROOKLYN,"(40.6511673, -73.9487555)",trafficstat,False,False,False,False,False,False,False,False,False,,,,,,,
2026-08-28,00:00,40.648926,-73.94937,NOSTRAND AVE,11226,67,UNKNOWN,Street,0.20699668044306657,False,BROOKLYN,"(40.648926, -73.94937)",trafficstat,True,False,True,False,False,False,False,False,False,,,,,,,
2026-08-27,00:00,40.6487202,-73.9540855,SNYDER AVE,11226,67,UNKNOWN,Street,2.6952994728250306,False,BROOKLYN,"(40.6487202, -73.9540855)",trafficstat,False,False,False,False,False,False,False,False,False,,,,,,,
2026-08-27,00:00,40.6481418,-73.9492858,NOSTRAND AVE,11226,67,OTHER,Street,0.16250985157400988,False,BROOKLYN,"(40.6481418, -73.9492858)",trafficstat,False,False,False,False,False,False,False,False,False,,,,,,,
2026-08-27,00:00,40.6491,-73.94648,NEW YORK AVE,11203,67,UNKNOWN,Street,0.23154912548219697,False,BROOKLYN,"(40.6491, -73.94648)",trafficstat,True,False,True,False,False,False,False,False,False,,,,,,,
2026-08-27,00:00,40.6513751,-73.938079,E  42 ST,11203,67,UNKNOWN,Street,0.47905524726503285,False,BROOKLYN,"(40.6513751, -73.938079)",trafficstat,True,False,True,False,False,False,False,False,False,,,,,,,
2026-08-27,00:00,40.6525381,-73.9544867,LINDEN BLVD,11226,67,OTHER,Street,49.36358299171319,False,BROOKLYN,"(40.6525381, -73.9544867)",trafficstat,False,False,False,False,False,False,False,False,False,,,,,,,
2026-08-27,00:00,40.6403018,-73.9424713,BROOKLYN AVE,11203,67,UNKNOWN,Street,48.593574740240925,False,BROOKLYN,"(40.6403018, -73.9424713)",trafficstat,False,False,False,False,False,False,False,False,False,,,,,,,
2026-08-27,00:00,40.6605193,-73.9236573,E  94 ST,11212,67,UNKNOWN,Street,22.581700584188084,False,BROOKLYN,"(40.6605193, -73.9236573)",trafficstat,True,False,False,False,False,True,False,False,False,,,,,,,
2026-08-26,00:00,40.6606898,-73.9283716,ALLEY,11212,67,UNKNOWN,Alley,78.64812244364911,False,BROOKLYN,"(40.6606898, -73.9283716)",trafficstat,True,False,False,False,False,True,False,True,False,,,,,,,
2026-08-26,00:00,40.6471152,-73.9433731,BROOKLYN AVE,11203,67,OTHER,Street,0.32190921493552005,False,BROOKLYN,"(40.6471152, -73.9433731)",trafficstat,True,False,False,False,True,False,False,False,False,,,,,,,
2026-08-26,00:00,40.6508556,-73.912532,E  94 ST,11236,67,UNKNOWN,Street,53.56108723802385,False,BROOKLYN,"(40.6508556, -73.912532)",trafficstat,False,False,False,False,False,False,False,False,False,,,,,,,
2026-08-26,00:00,40.6506381,-73.9507472,CHURCH AVE,11226,67,UNKNOWN,Street,42.94198474747368,False,BROOKLYN,"(40.6506381, -73.9507472)",trafficstat,False,False,False,False,False,False,False,False,False,,,,,,,
2026-08-26,00:00,40.6532669,-73.9392594,ALBANY AVE,11203,67,UNKNOWN,Street,0.08335673244396409,False,BROOKLYN,"(40.6532669, -73.9392594)",trafficstat,True,False,False,False,False,False,False,False,False,,,,,,,
2026-08-25,00:00,40.6526434,-73.9497689,NOSTRAND AVE,11226,67,UNKNOWN,Street,0.10235036294071614,False,BROOKLYN,"(40.6526434, -73.9497689)",trafficstat,True,False,False,False,False,False,False,True,False,,,,,,,
2026-07-18,00:00,40.6526434,-73.9497689,NOSTRAND AVE,11226,67,UNKNOWN,Street,0.10235036294071614,False,BROOKLYN,"(40.6526434, -73.9497689)",trafficstat,False,False,False,False,False,False,False,False,False,,,,,,,
2026-08-25,00:00,40.6521164,-73.9166534,E  92 ST,11236,67,UNKNOWN,Street,1.7389518742275942,False,BROOKLYN,"(40.6521164, -73.9166534)",trafficstat,True,False,False,False,False,False,False,True,False,,,,,,,
2026-08-25,00:00,40.6446733,-73.9257218,E  54 ST,11203,67,OTHER,Street,0.0717479496016133,False,BROOKLYN,"(40.6446733, -73.9257218)",trafficstat,False,False,False,False,False,False,False,False,False,,,,,,,
2026-08-25,00:00,40.6385252,-73.9260637,KINGS HWY,11203,67,UNKNOWN,Street,0.3616683288008334,False,BROOKLYN,"(40.6385252, -73.9260637)",trafficstat,True,False,False,True,False,False,False,False,False,,,,,,,
2026-07-31,00:00,40.6385252,-73.9260637,KINGS HWY,11203,67,UNKNOWN,Street,0.3616683288008334,False,BROOKLYN,"(40.6385252, -73.9260637)",trafficstat,True,False,False,False,False,False,False,True,False,,,,,,,
2026-08-25,00:00,40.6397803,-73.9273352,FOSTER AVE,11203,67,OTHER,Street,48.48616794935028,False,BROOKLYN,"(40.6397803, -73.9273352)",trafficstat,False,False,False,False,False,False,False,False,False,,,,,,,