crash_date,crash_time,latitude,longitude,on_street_name,zip_code,precinct,collision_type,roadway_type,geocode_dist_feet,time_is_known,borough,location,source,injury,fatality,injured_pedestrian,injured_cyclist,injured_ebike_rider,injured_motorcyclist,injured_moped_rider,injured_car_occupant,injured_suv_occupant,number_of_persons_injured,number_of_persons_killed,contributing_factor_vehicle_1,collision_id,cross_street_name,off_street_name,vehicle_type_code1
2026-08-25,00:00,40.6548918,-73.9554672,CLARKSON AVE,11226,67,OTHER,Street,78.05945898228626,False,BROOKLYN,"(40.6548918, -73.9554672)",trafficstat,True,False,False,False,False,False,False,True,False,,,,,,,
2026-08-25,00:00,40.6544721,-73.9451364,E  35 ST,11203,67,OTHER,Street,0.1018110069849115,False,BROOKLYN,"(40.6544721, -73.9451364)",trafficstat,True,False,False,True,False,False,False,False,False,,,,,,,
2026-08-24,00:00,40.6466433,-73.9245917,KINGS HWY,11203,67,UNKNOWN,Street,0.6865326081790518,False,BROOKLYN,"(40.6466433, -73.9245917)",trafficstat,True,False,False,False,False,False,False,True,False,,,,,,,
2026-08-16,00:00,40.6466433,-73.9245917,KINGS HWY,11203,67,OTHER,Street,0.6865326081790518,False,BROOKLYN,"(40.6466433, -73.9245917)",trafficstat,False,False,False,False,False,False,False,False,False,,,,,,,
2026-08-24,00:00,40.653007,-73.9283599,E  52 ST,11203,67,OTHER,Street,56.62111818183468,False,BROOKLYN,"(40.653007, -73.9283599)",trafficstat,False,False,False,False,False,False,False,False,False,,,,,,,
2026-08-24,00:00,40.6504069,-73.9253911,E  55 ST,11203,67,OTHER,Street,0.22913859542337037,False,BROOKLYN,"(40.6504069, -73.9253911)",trafficstat,True,False,False,False,False,False,False,True,False,,,,,,,
2026-08-23,00:00,40.651466,-73.93617,TROY AVE,11203,67,UNKNOWN,Street,1.539690535766118,False,BROOKLYN,"(40.651466, -73.93617)",trafficstat,True,False,False,False,False,False,False,True,True,,,,,,,
2026-08-23,00:00,40.6549002,-73.9398296,LENOX RD,11203,67,OTHER,Street,42.49606062236522,False,BROOKLYN,"(40.6549002, -73.9398296)",trafficstat,False,False,False,False,False,False,False,False,False,,,,,,,
2026-08-23,00:00,40.6512384,-73.9383778,CHURCH AVE,11203,67,OTHER,Street,47.486080957153916,False,BROOKLYN,"(40.6512384, -73.9383778)",trafficstat,False,False,False,False,False,False,False,False,False,,,,,,,
2026-08-23,00:00,40.653862,-73.929596,E  51 ST,11203,67,UNKNOWN,Street,0.34043576266008435,False,BROOKLYN,"(40.653862, -73.929596)",trafficstat,False,False,False,False,False,False,False,False,False,,,,,,,
2026-08-23,00:00,40.6359811,-73.9452558,NEW YORK AVE,11210,67,UNKNOWN,Street,50.351999106867126,False,BROOKLYN,"(40.6359811, -73.9452558)",trafficstat,False,False,False,False,False,False,False,False,False,,,,,,,
2026-08-23,00:00,40.656064,-73.9395596,ALBANY AVE,11203,67,OTHER,Street,0.050147895350409324,False,BROOKLYN,"(40.656064, -73.9395596)",trafficstat,False,False,False,False,False,False,False,False,False,,,,,,,
2026-07-27,00:00,40.656064,-73.9395596,ALBANY AVE,11203,67,OTHER,Street,0.050147895350409324,False,BROOKLYN,"(40.656064, -73.9395596)",trafficstat,True,False,True,False,False,False,False,False,False,,,,,,,
2026-07-09,00:00,40.656064,-73.9395596,ALBANY AVE,11203,67,OTHER,Street,0.050147895350409324,False,BROOKLYN,"(40.656064, -73.9395596)",trafficstat,True,False,False,False,False,False,False,False,False,,,,,,,
2026-07-03,00:00,40.656064,-73.9395596,ALBANY AVE,11203,67,OTHER,Street,0.050147895350409324,False,BROOKLYN,"(40.656064, -73.9395596)",trafficstat,True,False,False,False,False,True,False,False,False,,,,,,,
2026-08-22,00:00,40.648644,-73.9557612,BEDFORD AVE,11226,67,UNKNOWN,Street,0.5988416608389888,False,BROOKLYN,"(40.648644, -73.9557612)",trafficstat,True,False,False,False,False,False,False,False,False,,,,,,,
2026-08-21,00:00,40.6445689,-73.9450148,E  34 ST,11203,67,UNKNOWN,Street,0.2901230301496669,False,BROOKLYN,"(40.6445689, -73.9450148)",trafficstat,False,False,False,False,False,False,False,False,False,,,,,,,
2026-07-20,00:00,40.6445689,-73.9450148,E  34 ST,11203,67,UNKNOWN,Street,0.2901230301496669,False,BROOKLYN,"(40.6445689, -73.9450148)",trafficstat,True,False,True,False,False,False,False,False,False,,,,,,,
2026-08-21,00:00,40.6366268,-73.9422506,BROOKLYN AVE,11210,67,UNKNOWN,Street,0.29122069624759994,False,BROOKLYN,"(40.6366268, -73.9422506)",trafficstat,True,False,False,False,True,False,False,False,False,,,,,,,
2026-08-21,00:00,40.6541334,-73.9123297,ROCKAWAY PKWY,11212,67,UNKNOWN,Street,1.331455317685461,False,BROOKLYN,"(40.6541334, -73.9123297)",trafficstat,True,False,False,True,False,False,False,False,False,,,,,,,
2026-08-21,00:00,40.6537769,-73.9561651,LENOX RD,11226,67,UNKNOWN,Street,2.856431325031541,False,BROOKLYN,"(40.6537769, -73.9561651)",trafficstat,True,False,False,True,False,False,False,False,False,,,,,,,
2026-08-21,00:00,40.6467706,-73.9520508,ROGERS AVE,11226,67,UNKNOWN,Street,0.3339439489904245,False,BROOKLYN,"(40.6467706, -73.9520508)",trafficstat,True,False,False,False,False,False,False,True,True,,,,,,,
2026-08-21,00:00,40.6632306,-73.9264142,E  94 ST,11212,67,UNKNOWN,Street,33.71668233291446,False,BROOKLYN,"(40.6632306, -73.9264142)",trafficstat,False,False,False,False,False,False,False,False,False,,,,,,,
2026-08-20,00:00,40.6455712,-73.945912,NEW YORK AVE,11203,67,UNKNOWN,Street,52.3315772980525,False,BROOKLYN,"(40.6455712, -73.945912)",trafficstat,True,False,False,True,False,False,False,False,False,,,,,,,
2026-08-20,00:00,40.6505297,-73.9558248,BEDFORD AVE,11226,67,UNKNOWN,Street,0.38305818621034593,False,BROOKLYN,"(40.6505297, -73.9558248)",trafficstat,True,False,False,False,False,False,False,True,False,,,,,,,
2026-07-12,00:00,40.6505297,-73.9558248,BEDFORD AVE,11226,67,UNKNOWN,Street,0.38305818621034593,False,BROOKLYN,"(40.6505297, -73.9558248)",trafficstat,True,False,False,True,False,False,False,False,False,,,,,,,
2026-08-19,00:00,40.6542005,-73.9119794,LINDEN BLVD,11212,67,UNKNOWN,Street,5.240716322424014,False,BROOKLYN,"(40.6542005, -73.9119794)",trafficstat,True,False,False,False,False,False,False,True,False,,,,,,,
2026-08-19,00:00,40.6623781,-73.9309052,REMSEN AVE,11212,67,UNKNOWN,Street,59.30877855988894,False,BROOKLYN,"(40.6623781, -73.9309052)",trafficstat,True,False,False,False,False,False,False,False,True,,,,,,,
2026-08-19,00:00,40.662833,-73.9261377,E  94 ST,11212,67,OTHER,Street,1.4628429066164461,False,BROOKLYN,"(40.662833, -73.9261377)",trafficstat,False,False,False,False,False,False,False,False,False,,,,,,,
2026-08-18,00:00,40.6557556,-73.9240155,E  57 ST,11203,67,UNKNOWN,Street,0.13496153331933716,False,BROOKLYN,"(40.6557556, -73.9240155)",trafficstat,True,False,False,False,False,False,False,True,False,,,,,,,
2026-08-18,00:00,40.6449534,-73.9518539,ROGERS AVE,11226,67,UNKNOWN,Street,0.06902627471389233,False,BROOKLYN,"(40.6449534, -73.9518539)",trafficstat,True,False,False,False,False,False,False,False,False,,,,,,,
2026-08-07,00:00,40.6449534,-73.9518539,ROGERS AVE,11226,67,UNKNOWN,Street,0.06902627471389233,False,BROOKLYN,"(40.6449534, -73.9518539)",trafficstat,True,False,True,False,False,False,False,False,False,,,,,,,
2026-08-17,00:00,40.6393193,-73.9367931,E  42 ST,11203,67,OTHER,Street,0.20218164713579356,False,BROOKLYN,"(40.6393193, -73.9367931)",trafficstat,True,False,False,False,False,False,False,True,False,,,,,,,
2026-08-17,00:00,40.6516897,-73.93139,E  49 ST,11203,67,UNKNOWN,Street,0.42980534782754004,False,BROOKLYN,"(40.6516897, -73.93139)",trafficstat,True,False,False,True,False,False,False,False,False,,,,,,,
2026-07-04,00:00,40.6516897,-73.93139,E  49 ST,11203,67,UNKNOWN,Street,0.42980534782754004,False,BROOKLYN,"(40.6516897, -73.93139)",trafficstat,True,False,False,False,False,False,False,True,False,,,,,,,
2026-08-16,00:00,40.6507883,-73.9154331,E  92 ST,11236,67,UNKNOWN,Street,56.443787929173865,False,BROOKLYN,"(40.6507883, -73.9154331)",trafficstat,False,False,False,False,False,False,False,False,False,,,,,,,
2026-08-16,00:00,40.6539307,-73.9144049,LINDEN BLVD,11212,67,OTHER,Street,41.34989386719543,False,BROOKLYN,"(40.6539307, -73.9144049)",trafficstat,False,False,False,False,False,False,False,False,False,,,,,,,
2026-08-16,00:00,40.6553344,-73.9307664,UTICA AVE,11203,67,OTHER,Street,0.2722166676567974,False,BROOKLYN,"(40.6553344, -73.9307664)",trafficstat,True,False,False,False,False,False,False,False,True,,,,,,,
2026-07-14,00:00,40.6553344,-73.9307664,UTICA AVE,11203,67,OTHER,Street,0.2722166676567974,False,BROOKLYN,"(40.6553344, -73.9307664)",trafficstat,True,False,True,False,False,False,False,False,False,,,,,,,
2026-07-11,00:00,40.6553344,-73.9307664,UTICA AVE,11203,67,UNKNOWN,Street,0.2722166676567974,False,BROOKLYN,"(40.6553344, -73.9307664)",trafficstat,True,False,False,False,False,False,False,True,False,,,,,,,
2026-08-16,00:00,40.6587715,-73.9242382,E  92 ST,11212,67,UNKNOWN,Street,37.64684892939455,False,BROOKLYN,"(40.6587715, -73.9242382)",trafficstat,False,False,False,False,False,False,False,False,False,,,,,,,
2026-08-15,00:00,40.6521765,-73.928474,E  52 ST,11203,67,UNKNOWN,Street,0.5910186778097262,False,BROOKLYN,"(40.6521765, -73.928474)",trafficstat,False,False,False,False,False,False,False,False,False,,,,,,,
2026-07-29,00:00,40.6521765,-73.928474,E  52 ST,11203,67,OTHER,Street,0.5910186778097262,False,BROOKLYN,"(40.6521765, -73.928474)",trafficstat,True,False,True,False,False,False,False,False,False,,,,,,,
2026-08-15,00:00,40.6407075,-73.9523758,E  26 ST,11226,67,OTHER,Street,0.24687275934828387,False,BROOKLYN,"(40.6407075, -73.9523758)",trafficstat,True,False,False,False,False,False,False,True,False,,,,,,,
2026-08-03,00:00,40.6407075,-73.9523758,E  26 ST,11226,67,OTHER,Street,0.24687275934828387,False,BROOKLYN,"(40.6407075, -73.9523758)",trafficstat,True,False,False,False,False,False,False,False,False,,,,,,,
2026-08-15,00:00,40.6415383,-73.9389818,E  40 ST,11203,67,OTHER,Street,0.12944162706723264,False,BROOKLYN,"(40.6415383, -73.9389818)",trafficstat,True,False,True,False,False,False,False,False,False,,,,,,,
2026-08-14,00:00,40.6496543,-73.9204656,RALPH AVE,11236,67,UNKNOWN,Street,0.5069188969248383,False,BROOKLYN,"(40.6496543, -73.9204656)",trafficstat,False,False,False,False,False,False,False,False,False,,,,,,,
2026-08-14,00:00,40.6451306,-73.9489638,NOSTRAND AVE,11226,67,UNKNOWN,Street,0.10074381883637583,False,BROOKLYN,"(40.6451306, -73.9489638)",trafficstat,True,False,False,False,False,False,False,False,False,,,,,,,
2026-08-14,00:00,40.6484202,-73.9261176,E  54 ST,11203,67,OTHER,Street,0.6115001118125196,False,BROOKLYN,"(40.6484202, -73.9261176)",trafficstat,False,False,False,False,False,False,False,False,False,,,,,,,
2026-08-13,00:00,40.6490195,-73.9497652,SNYDER AVE,11226,67,UNKNOWN,Street,38.452195872989996,False,BROOKLYN,"(40.6490195, -73.9497652)",trafficstat,False,False,False,False,False,False,False,False,False,,,,,,,
2026-08-13,00:00,40.6490617,-73.9132517,E  92 ST,11236,67,UNKNOWN,Street,1.3563016034212705,False,BROOKLYN,"(40.6490617, -73.9132517)",trafficstat,False,False,False,False,False,False,False,False,False,,,,,,,
2026-06-12,00:00,40.6490617,-73.9132517,E  92 ST,11236,67,OTHER,Street,1.3563016034212705,False,BROOKLYN,"(40.6490617, -73.9132517)",trafficstat,True,False,False,True,False,False,False,False,False,,,,,,,
2026-08-13,00:00,40.65309,-73.9420994,E  38 ST,11203,67,UNKNOWN,Street,0.15173874254673897,False,BROOKLYN,"(40.65309, -73.9420994)",trafficstat,True,False,True,False,False,False,False,False,False,,,,,,,
2026-08-13,00:00,40.6481021,-73.9147304,REMSEN AVE,11236,67,UNKNOWN,Street,1.0761886049112628,False,BROOKLYN,"(40.6481021, -73.9147304)",trafficstat,True,False,False,True,False,False,False,False,False,,,,,,,
2026-07-25,00:00,40.6481021,-73.9147304,REMSEN AVE,11236,67,UNKNOWN,Street,1.0761886049112628,False,BROOKLYN,"(40.6481021, -73.9147304)",trafficstat,True,False,False,False,False,False,False,True,False,,,,,,,
2026-08-12,00:00,40.6402836,-73.9436167,E  35 ST,11203,67,OTHER,Street,0.1025251467197091,False,BROOKLYN,"(40.6402836, -73.9436167)",trafficstat,False,False,False,False,False,False,False,False,False,,,,,,,
2026-08-12,00:00,40.6502068,-73.9307281,SNYDER AVE,11203,67,UNKNOWN,Street,43.944228477964934,False,BROOKLYN,"(40.6502068, -73.9307281)",trafficstat,False,False,False,False,False,False,False,False,False,,,,,,,
2026-08-12,00:00,40.6317784,-73.9456162,E  32 ST,11210,67,UNKNOWN,Street,0.508810868246581,False,BROOKLYN,"(40.6317784, -73.9456162)",trafficstat,True,False,False,False,False,False,False,False,True,,,,,,,
2026-08-12,00:00,40.6407675,-73.9514065,ROGERS AVE,11226,67,OTHER,Street,0.012505459611340445,False,BROOKLYN,"(40.6407675, -73.9514065)",trafficstat,True,False,False,True,False,False,False,False,False,,,,,,,
2026-07-11,00:00,40.6407675,-73.9514065,ROGERS AVE,11226,67,OTHER,Street,0.012505459611340445,False,BROOKLYN,"(40.6407675, -73.9514065)",trafficstat,False,False,False,False,False,False,False,False,False,,,,,,,
2026-08-11,00:00,40.643362,-73.9468571,E  32 ST,11226,67,OTHER,Street,0.27800807755789453,False,BROOKLYN,"(40.643362, -73.9468571)",trafficstat,True,False,False,False,False,False,False,False,True,,,,,,,
2026-08-11,00:00,40.64953,-73.91632,REMSEN AVE,11236,67,UNKNOWN,Street,1.1237972852920268,False,BROOKLYN,"(40.64953, -73.91632)",trafficstat,True,False,False,False,False,False,False,True,False,,,,,,,
2026-08-11,00:00,40.6405902,-73.954282,AVE D,11226,67,UNKNOWN,Street,2.689107444666259,False,BROOKLYN,"(40.6405902, -73.954282)",trafficstat,True,False,False,False,False,False,True,False,False,,,,,,,
2026-08-11,00:00,40.6491012,-73.9464778,NEW YORK AVE,11203,67,OTHER,Street,0.4117293016088431,False,BROOKLYN,"(40.6491012, -73.9464778)",trafficstat,True,False,True,False,False,False,False,False,False,,,,,,,
2026-08-10,00:00,40.6523962,-73.940934,E  39 ST,11203,67,UNKNOWN,Street,41.20794863288553,False,BROOKLYN,"(40.6523962, -73.940934)",trafficstat,False,False,False,False,False,False,False,False,False,,,,,,,
2026-08-10,00:00,40.6509921,-73.9175632,ALLEY,11236,67,UNKNOWN,Alley,75.13437674331489,False,BROOKLYN,"(40.6509921, -73.9175632)",trafficstat,True,False,True,False,False,False,False,False,False,,,,,,,
2026-07-31,00:00,40.6509921,-73.9175632,ALLEY,11236,67,OTHER,Alley,75.13437674331489,False,BROOKLYN,"(40.6509921, -73.9175632)",trafficstat,True,False,False,False,False,False,False,False,False,,,,,,,
2026-08-10,00:00,40.6430649,-73.9516499,ROGERS AVE,11226,67,OTHER,Street,0.5693761405345985,False,BROOKLYN,"(40.6430649, -73.9516499)",trafficstat,True,False,False,False,False,False,False,True,False,,,,,,,
2026-08-10,00:00,40.6554568,-73.9288273,E  52 ST,11203,67,OTHER,Street,0.14425689305467207,False,BROOKLYN,"(40.6554568, -73.9288273)",trafficstat,True,False,True,False,False,False,False,False,False,,,,,,,
2026-08-09,00:00,40.6468551,-73.9211825,E  59 ST,11203,67,OTHER,Street,0.07339903787208694,False,BROOKLYN,"(40.6468551, -73.9211825)",trafficstat,False,False,False,False,False,False,False,False,False,,,,,,,
2026-08-09,00:00,40.650303,-73.9368755,E  43 ST,11203,67,OTHER,Street,41.53197075727883,False,BROOKLYN,"(40.650303, -73.9368755)",trafficstat,False,False,False,False,False,False,False,False,False,,,,,,,
2026-08-08,00:00,40.6422188,-73.9254782,KINGS HWY,11203,67,UNKNOWN,Street,16.111882984658724,False,BROOKLYN,"(40.6422188, -73.9254782)",trafficstat,False,False,False,False,False,False,False,False,False,,,,,,,
2026-08-08,00:00,40.6359696,-73.9419973,BROOKLYN AVE,11210,67,OTHER,Street,50.60695574752701,False,BROOKLYN,"(40.6359696, -73.9419973)",trafficstat,True,False,False,True,False,False,False,False,False,,,,,,,
2026-08-08,00:00,40.659477,-73.9310024,UTICA AVE,11203,67,UNKNOWN,Street,56.93917836912244,False,BROOKLYN,"(40.659477, -73.9310024)",trafficstat,True,False,False,False,False,False,False,True,False,,,,,,,
2026-08-07,00:00,40.6647491,-73.9272403,E  95 ST,11212,67,UNKNOWN,Street,45.60430738133487,False,BROOKLYN,"(40.6647491, -73.9272403)",trafficstat,False,False,False,False,False,False,False,False,False,,,,,,,
2026-08-06,00:00,40.6552543,-73.9257641,E  55 ST,11203,67,UNKNOWN,Street,41.069091746116996,False,BROOKLYN,"(40.6552543, -73.9257641)",trafficstat,True,False,False,False,False,False,False,False,False,,,,,,,
2026-08-06,00:00,40.6450272,-73.9345103,E  45 ST,11203,67,UNKNOWN,Street,0.08258388748334579,False,BROOKLYN,"(40.6450272, -73.9345103)",trafficstat,True,False,False,True,False,False,False,False,False,,,,,,,
2026-08-06,00:00,40.6506427,-73.9300557,UTICA AVE,11203,67,UNKNOWN,Street,57.600649042731874,False,BROOKLYN,"(40.6506427, -73.9300557)",trafficstat,True,False,False,False,False,False,False,True,False,,,,,,,
2026-08-06,00:00,40.6569805,-73.9251422,E  56 ST,11203,67,UNKNOWN,Street,0.08464071758467656,False,BROOKLYN,"(40.6569805, -73.9251422)",trafficstat,True,False,False,False,False,False,False,False,True,,,,,,,
2026-08-05,00:00,40.6519383,-73.9293932,E  51 ST,11203,67,UNKNOWN,Street,0.36123265695017887,False,BROOKLYN,"(40.6519383, -73.9293932)",trafficstat,False,False,False,False,False,False,False,False,False,,,,,,,
2026-06-16,00:00,40.6519383,-73.9293932,E  51 ST,11203,67,UNKNOWN,Street,0.36123265695017887,False,BROOKLYN,"(40.6519383, -73.9293932)",trafficstat,False,False,False,False,False,False,False,False,False,,,,,,,
2026-08-05,00:00,40.6444314,-73.9295994,UTICA AVE,11203,67,OTHER,Street,0.19808981708490733,False,BROOKLYN,"(40.6444314, -73.9295994)",trafficstat,True,False,False,False,False,True,False,True,False,,,,,,,
2026-07-14,00:00,40.6444314,-73.9295994,UTICA AVE,11203,67,UNKNOWN,Street,0.19808981708490733,False,BROOKLYN,"(40.6444314, -73.9295994)",trafficstat,True,False,False,False,False,False,False,False,False,,,,,,,
2026-08-05,00:00,40.645309,-73.9321335,CANARSIE LN,11203,67,OTHER,Street,2.647924882431507,False,BROOKLYN,"(40.645309, -73.9321335)",trafficstat,False,False,False,False,False,False,False,False,False,,,,,,,
2026-08-05,00:00,40.6468846,-73.9491534,NOSTRAND AVE,11226,67,UNKNOWN,Street,0.30144883341284806,False,BROOKLYN,"(40.6468846, -73.9491534)",trafficstat,False,False,False,False,False,False,False,False,False,,,,,,,
2026-08-04,00:00,40.653976,-73.9528277,ROGERS AVE,11226,67,UNKNOWN,Street,0.07693668141334105,False,BROOKLYN,"(40.653976, -73.9528277)",trafficstat,False,False,False,False,False,False,False,False,False,,,,,,,
2026-06-18,00:00,40.653976,-73.9528277,ROGERS AVE,11226,67,UNKNOWN,Street,0.07693668141334105,False,BROOKLYN,"(40.653976, -73.9528277)",trafficstat,True,False,False,False,False,False,True,False,False,,,,,,,
2026-08-04,00:00,40.6496447,-73.9528848,VERONICA PL,11226,67,OTHER,Street,0.013920732868295014,False,BROOKLYN,"(40.6496447, -73.9528848)",trafficstat,True,False,False,False,False,False,False,True,False,,,,,,,
2026-08-03,00:00,40.6532094,-73.942807,LINDEN BLVD,11203,67,OTHER,Street,56.03624662149066,False,BROOKLYN,"(40.6532094, -73.942807)",trafficstat,False,False,False,False,False,False,False,False,False,,,,,,,
2026-08-03,00:00,40.6523139,-73.9560111,BEDFORD AVE,11226,67,UNKNOWN,Street,0.057034689026893876,False,BROOKLYN,"(40.6523139, -73.9560111)",trafficstat,True,False,False,False,False,False,False,True,False,,,,,,,
2026-07-30,00:00,40.6523139,-73.9560111,BEDFORD AVE,11226,67,OTHER,Street,0.057034689026893876,False,BROOKLYN,"(40.6523139, -73.9560111)",trafficstat,False,False,False,False,False,False,False,False,False,,,,,,,
2026-08-03,00:00,40.6557881,-73.9252556,LENOX RD,11203,67,UNKNOWN,Street,37.5238421763058,False,BROOKLYN,"(40.6557881, -73.9252556)",trafficstat,False,False,False,False,False,False,False,False,False,,,,,,,
2026-08-03,00:00,40.6550537,-73.9172915,E  94 ST,11212,67,UNKNOWN,Street,34.60169082953568,False,BROOKLYN,"(40.6550537, -73.9172915)",trafficstat,False,False,False,False,False,False,False,False,False,,,,,,,
2026-08-03,00:00,40.6607702,-73.9197423,ROCKAWAY PKWY,11212,67,UNKNOWN,Street,1.5120096742165803,False,BROOKLYN,"(40.6607702, -73.9197423)",trafficstat,False,False,False,False,False,False,False,False,False,,,,,,,
2026-08-02,00:00,40.6544975,-73.9531239,ROGERS AVE,11226,67,UNKNOWN,Street,67.01353522021265,False,BROOKLYN,"(40.6544975, -73.9531239)",trafficstat,False,False,False,False,False,False,False,False,False,,,,,,,
2026-08-02,00:00,40.640827,-73.95042,E  28 ST,11226,67,OTHER,Street,0.1906705789721305,False,BROOKLYN,"(40.640827, -73.95042)",trafficstat,True,False,False,False,False,False,False,True,False,,,,,,,
2026-08-01,00:00,40.6449527,-73.9248927,KINGS HWY,11203,67,OTHER,Street,0.6642751093362994,False,BROOKLYN,"(40.6449527, -73.9248927)",trafficstat,True,False,False,False,False,False,False,False,True,,,,,,,
2026-08-01,00:00,40.6440753,-73.9353833,TROY AVE,11203,67,UNKNOWN,Street,0.11152280412639778,False,BROOKLYN,"(40.6440753, -73.9353833)",trafficstat,False,False,False,False,False,False,False,False,False,,,,,,,
2026-08-01,00:00,40.6541017,-73.9257906,E  55 ST,11203,67,UNKNOWN,Street,0.1637816128420434,False,BROOKLYN,"(40.6541017, -73.9257906)",trafficstat,True,False,False,False,False,False,False,True,False,,,,,,,
2026-08-01,00:00,40.6454969,-73.9541605,LOTT ST,11226,67,UNKNOWN,Street,32.530452338164416,False,BROOKLYN,"(40.6454969, -73.9541605)",trafficstat,False,False,False,False,False,False,False,False,False,,,,,,,
2026-08-01,00:00,40.6493412,-73.9269939,E  53 ST,11203,67,UNKNOWN,Street,55.58137346083842,False,BROOKLYN,"(40.6493412, -73.9269939)",trafficstat,True,False,False,False,False,False,False,True,False,,,,,,,
2026-07-31,00:00,40.6518671,-73.9485974,MARTENSE ST,11226,67,OTHER,Street,38.3463988176746,False,BROOKLYN,"(40.6518671, -73.9485974)",trafficstat,True,False,False,False,False,False,False,False,True,,,,,,,
2026-07-31,00:00,40.6516588,-73.9469411,NEW YORK AVE,11203,67,UNKNOWN,Street,51.51978152481321,False,BROOKLYN,"(40.6516588, -73.9469411)",trafficstat,False,False,False,False,False,False,False,False,False,,,,,,,
2026-07-31,00:00,40.650711,-73.9544821,CHURCH AVE,11226,67,UNKNOWN,Street,101.21379763534733,False,BROOKLYN,"(40.650711, -73.9544821)",trafficstat,True,False,False,False,False,False,False,True,False,,,,,,,
2026-07-31,00:00,40.6406309,-73.9517177,AVE D,11226,67,UNKNOWN,Street,45.44136737630532,False,BROOKLYN,"(40.6406309, -73.9517177)",trafficstat,False,False,False,False,False,False,False,False,False,,,,,,,
2026-07-31,00:00,40.6545337,-73.9231652,E  58 ST,11203,67,OTHER,Street,63.59464360008577,False,BROOKLYN,"(40.6545337, -73.9231652)",trafficstat,False,False,False,False,False,False,False,False,False,,,,,,,
2026-07-30,00:00,40.6470068,-73.9462596,NEW YORK AVE,11203,67,OTHER,Street,0.15430935806034324,False,BROOKLYN,"(40.6470068, -73.9462596)",trafficstat,False,False,False,False,False,False,False,False,False,,,,,,,
2026-07-30,00:00,40.6466293,-73.9556508,BEDFORD AVE,11226,67,OTHER,Street,0.5684519929219166,False,BROOKLYN,"(40.6466293, -73.9556508)",trafficstat,False,False,False,False,False,False,False,False,False,,,,,,,
2026-07-29,00:00,40.6520965,-73.9085591,E  98 ST,11236,67,OTHER,Street,1.7357430844897908,False,BROOKLYN,"(40.6520965, -73.9085591)",trafficstat,False,False,False,False,False,False,False,False,False,,,,,,,
2026-07-28,00:00,40.6438358,-73.9392283,E  40 ST,11203,67,UNKNOWN,Street,0.20190267929825864,False,BROOKLYN,"(40.6438358, -73.9392283)",trafficstat,False,False,False,False,False,False,False,False,False,,,,,,,
2026-07-27,00:00,40.6487689,-73.95019,SNYDER AVE,11226,67,OTHER,Street,45.82923901704928,False,BROOKLYN,"(40.6487689, -73.95019)",trafficstat,False,False,False,False,False,False,False,False,False,,,,,,,
2026-07-22,00:00,40.6487689,-73.95019,SNYDER AVE,11226,67,UNKNOWN,Street,45.82923901704928,False,BROOKLYN,"(40.6487689, -73.95019)",trafficstat,False,False,False,False,False,False,False,False,False,,,,,,,
2026-06-13,00:00,40.6487689,-73.95019,SNYDER AVE,11226,67,UNKNOWN,Street,45.82923901704928,False,BROOKLYN,"(40.6487689, -73.95019)",trafficstat,False,False,False,False,False,False,False,False,False,,,,,,,
2026-07-27,00:00,40.6422917,-73.9288569,AVE D,11203,67,UNKNOWN,Street,42.79302785777163,False,BROOKLYN,"(40.6422917, -73.9288569)",trafficstat,False,False,False,False,False,False,False,False,False,,,,,,,
2026-07-27,00:00,40.6507512,-73.9300663,UTICA AVE,11203,67,UNKNOWN,Street,57.909156055596604,False,BROOKLYN,"(40.6507512, -73.9300663)",trafficstat,False,False,False,False,False,False,False,False,False,,,,,,,
2026-07-27,00:00,40.657177,-73.92107,KINGS HWY,11212,67,OTHER,Street,0.16990591692647294,False,BROOKLYN,"(40.657177, -73.92107)",trafficstat,False,False,False,False,False,False,False,False,False,,,,,,,
2026-07-26,00:00,40.6632317,-73.9316016,UTICA AVE,11203,67,OTHER,Street,0.32872527845744337,False,BROOKLYN,"(40.6632317, -73.9316016)",trafficstat,False,False,False,False,False,False,False,False,False,,,,,,,
2026-07-26,00:00,40.6586943,-73.9274977,WINTHROP ST,11203,67,UNKNOWN,Street,60.76097902630769,False,BROOKLYN,"(40.6586943, -73.9274977)",trafficstat,False,False,False,False,False,False,False,False,False,,,,,,,
2026-07-26,00:00,40.646687,-73.954124,LOTT ST,11226,67,UNKNOWN,Street,0.5017283861340504,False,BROOKLYN,"(40.646687, -73.954124)",trafficstat,True,False,False,True,False,False,False,False,False,,,,,,,
2026-07-26,00:00,40.6516964,-73.9496687,NOSTRAND AVE,11226,67,UNKNOWN,Street,0.018652646875760796,False,BROOKLYN,"(40.6516964, -73.9496687)",trafficstat,True,False,False,False,False,False,False,False,True,,,,,,,
2026-07-25,00:00,40.6543487,-73.9216926,REMSEN AVE,11236,67,UNKNOWN,Street,1.6596063285782643,False,BROOKLYN,"(40.6543487, -73.9216926)",trafficstat,True,False,False,False,False,False,False,False,True,,,,,,,
2026-07-25,00:00,40.63633,-73.9470429,E  31 ST,11210,67,UNKNOWN,Street,0.6440716771621378,False,BROOKLYN,"(40.63633, -73.9470429)",trafficstat,True,False,False,False,False,False,False,True,False,,,,,,,
2026-07-24,00:00,40.6369208,-73.9375124,ALBANY AVE,11210,67,OTHER,Street,0.10145969284943568,False,BROOKLYN,"(40.6369208, -73.9375124)",trafficstat,True,False,False,False,False,False,False,False,True,,,,,,,