crash_date,crash_time,latitude,longitude,on_street_name,zip_code,precinct,collision_type,roadway_type,geocode_dist_feet,time_is_known,borough,location,source,injury,fatality,injured_pedestrian,injured_cyclist,injured_ebike_rider,injured_motorcyclist,injured_moped_rider,injured_car_occupant,injured_suv_occupant,number_of_persons_injured,number_of_persons_killed,contributing_factor_vehicle_1,collision_id,cross_street_name,off_street_name,vehicle_type_code1
2026-07-24,00:00,40.6449096,-73.9219163,E  58 ST,11203,67,UNKNOWN,Street,0.13629402480813085,False,BROOKLYN,"(40.6449096, -73.9219163)",trafficstat,True,False,False,False,False,False,False,False,True,,,,,,,
2026-07-24,00:00,40.6582962,-73.9310841,UTICA AVE,11203,67,UNKNOWN,Street,0.12243444246492466,False,BROOKLYN,"(40.6582962, -73.9310841)",trafficstat,False,False,False,False,False,False,False,False,False,,,,,,,
2026-07-24,00:00,40.6495021,-73.9166348,AVE B,11236,67,UNKNOWN,Street,47.22504936293279,False,BROOKLYN,"(40.6495021, -73.9166348)",trafficstat,False,False,False,False,False,False,False,False,False,,,,,,,
2026-07-24,00:00,40.6497389,-73.9119648,DITMAS AVE,11236,67,UNKNOWN,Street,44.84442889879159,False,BROOKLYN,"(40.6497389, -73.9119648)",trafficstat,False,False,False,False,False,False,False,False,False,,,,,,,
2026-07-23,00:00,40.6583588,-73.9300748,E  51 ST,11203,67,UNKNOWN,Street,0.4090466889718371,False,BROOKLYN,"(40.6583588, -73.9300748)",trafficstat,False,False,False,False,False,False,False,False,False,,,,,,,
2026-07-23,00:00,40.6523187,-73.9275152,E  53 ST,11203,67,UNKNOWN,Street,0.12293716729046927,False,BROOKLYN,"(40.6523187, -73.9275152)",trafficstat,True,False,False,False,False,True,False,False,False,,,,,,,
2026-07-23,00:00,40.6475814,-73.9189626,E  86 ST,11236,67,UNKNOWN,Street,40.75894595625886,False,BROOKLYN,"(40.6475814, -73.9189626)",trafficstat,False,False,False,False,False,False,False,False,False,,,,,,,
2026-07-23,00:00,40.6427666,-73.9541496,CLARENDON RD,11226,67,OTHER,Street,55.33214866551992,False,BROOKLYN,"(40.6427666, -73.9541496)",trafficstat,True,False,False,False,True,False,False,False,False,,,,,,,
2026-07-23,00:00,40.6409446,-73.948513,NOSTRAND AVE,11226,67,UNKNOWN,Street,0.5580619472148579,False,BROOKLYN,"(40.6409446, -73.948513)",trafficstat,False,False,False,False,False,False,False,False,False,,,,,,,
2026-06-17,00:00,40.6409446,-73.948513,NOSTRAND AVE,11226,67,UNKNOWN,Street,0.5580619472148579,False,BROOKLYN,"(40.6409446, -73.948513)",trafficstat,True,False,False,True,False,False,False,False,False,,,,,,,
2026-07-23,00:00,40.6632603,-73.9228328,ROCKAWAY PKWY,11212,67,UNKNOWN,Street,71.13370918863384,False,BROOKLYN,"(40.6632603, -73.9228328)",trafficstat,False,False,False,False,False,False,False,False,False,,,,,,,
2026-07-22,00:00,40.6543385,-73.9470322,NEW YORK AVE,11203,67,UNKNOWN,Street,0.21672819539438884,False,BROOKLYN,"(40.6543385, -73.9470322)",trafficstat,True,False,False,False,False,False,False,False,True,,,,,,,
2026-07-22,00:00,40.6467434,-73.9526814,VERONICA PL,11226,67,UNKNOWN,Street,0.5934408400152645,False,BROOKLYN,"(40.6467434, -73.9526814)",trafficstat,True,False,False,False,False,False,False,True,False,,,,,,,
2026-07-21,00:00,40.6499286,-73.9331144,SCHENECTADY AVE,11203,67,UNKNOWN,Street,0.11467014595163119,False,BROOKLYN,"(40.6499286, -73.9331144)",trafficstat,True,False,False,False,False,False,False,False,False,,,,,,,
2026-07-11,00:00,40.6499286,-73.9331144,SCHENECTADY AVE,11203,67,OTHER,Street,0.11467014595163119,False,BROOKLYN,"(40.6499286, -73.9331144)",trafficstat,True,False,False,False,False,False,False,True,False,,,,,,,
2026-07-21,00:00,40.6523922,-73.9265457,E  54 ST,11203,67,OTHER,Street,0.4855539149414392,False,BROOKLYN,"(40.6523922, -73.9265457)",trafficstat,True,False,False,False,False,False,False,True,False,,,,,,,
2026-07-21,00:00,40.6379738,-73.9345257,TROY AVE,11203,67,UNKNOWN,Street,56.98895514925501,False,BROOKLYN,"(40.6379738, -73.9345257)",trafficstat,True,False,False,False,False,False,False,False,True,,,,,,,
2026-07-21,00:00,40.6389398,-73.953888,FLATBUSH AVE,11226,67,UNKNOWN,Street,46.49032584355129,False,BROOKLYN,"(40.6389398, -73.953888)",trafficstat,True,False,False,False,False,False,False,True,False,,,,,,,
2026-07-21,00:00,40.6429477,-73.9535561,E  25 ST,11226,67,UNKNOWN,Street,0.2316550416053724,False,BROOKLYN,"(40.6429477, -73.9535561)",trafficstat,True,False,False,False,False,False,False,True,False,,,,,,,
2026-07-21,00:00,40.6544953,-73.9424652,LENOX RD,11203,67,UNKNOWN,Street,45.902969026443195,False,BROOKLYN,"(40.6544953, -73.9424652)",trafficstat,False,False,False,False,False,False,False,False,False,,,,,,,
2026-07-20,00:00,40.6601774,-73.9281915,REMSEN AVE,11212,67,UNKNOWN,Street,1.3922830174349237,False,BROOKLYN,"(40.6601774, -73.9281915)",trafficstat,True,False,False,True,False,False,False,False,False,,,,,,,
2026-07-20,00:00,40.6498001,-73.9419363,E  38 ST,11203,67,UNKNOWN,Street,53.104560872133945,False,BROOKLYN,"(40.6498001, -73.9419363)",trafficstat,False,False,False,False,False,False,False,False,False,,,,,,,
2026-07-20,00:00,40.6497701,-73.9329014,SCHENECTADY AVE,11203,67,OTHER,Street,54.441326162146765,False,BROOKLYN,"(40.6497701, -73.9329014)",trafficstat,True,False,False,False,False,False,False,True,False,,,,,,,
2026-07-19,00:00,40.6413597,-73.9467698,E  32 ST,11226,67,UNKNOWN,Street,35.00286734114526,False,BROOKLYN,"(40.6413597, -73.9467698)",trafficstat,False,False,False,False,False,False,False,False,False,,,,,,,
2026-07-19,00:00,40.6562129,-73.9146588,ROCKAWAY PKWY,11212,67,UNKNOWN,Street,2.072187024497306,False,BROOKLYN,"(40.6562129, -73.9146588)",trafficstat,True,False,False,False,False,False,False,True,False,,,,,,,
2026-07-18,00:00,40.6605938,-73.9313268,UTICA AVE,11203,67,OTHER,Street,0.17844303983219206,False,BROOKLYN,"(40.6605938, -73.9313268)",trafficstat,True,False,True,False,False,False,False,False,False,,,,,,,
2026-07-18,00:00,40.6420143,-73.9312919,E  48 ST,11203,67,UNKNOWN,Street,0.35519414570765223,False,BROOKLYN,"(40.6420143, -73.9312919)",trafficstat,True,False,True,False,False,False,False,False,False,,,,,,,
2026-07-17,00:00,40.6505663,-73.9293971,E  51 ST,11203,67,OTHER,Street,42.76973262051625,False,BROOKLYN,"(40.6505663, -73.9293971)",trafficstat,False,False,False,False,False,False,False,False,False,,,,,,,
2026-07-17,00:00,40.6511568,-73.9181358,REMSEN AVE,11236,67,UNKNOWN,Street,1.499178155690032,False,BROOKLYN,"(40.6511568, -73.9181358)",trafficstat,True,False,False,True,False,False,False,False,True,,,,,,,
2026-07-17,00:00,40.661909,-73.9275661,E  92 ST,11212,67,UNKNOWN,Street,1.4226518498968665,False,BROOKLYN,"(40.661909, -73.9275661)",trafficstat,True,True,True,False,False,False,False,False,True,,,,,,,
2026-07-16,00:00,40.6545923,-73.9472239,NEW YORK AVE,11203,67,UNKNOWN,Street,45.74193297646432,False,BROOKLYN,"(40.6545923, -73.9472239)",trafficstat,True,False,False,False,False,True,False,False,False,,,,,,,
2026-07-16,00:00,40.6476059,-73.9154987,E  89 ST,11236,67,UNKNOWN,Street,1.1031951655448857,False,BROOKLYN,"(40.6476059, -73.9154987)",trafficstat,False,False,False,False,False,False,False,False,False,,,,,,,
2026-07-16,00:00,40.6349472,-73.9324989,GLENWOOD RD,11234,67,OTHER,Street,2.991963443485437,False,BROOKLYN,"(40.6349472, -73.9324989)",trafficstat,False,False,False,False,False,False,False,False,False,,,,,,,
2026-07-15,00:00,40.6368015,-73.941917,FARRAGUT RD,11210,67,UNKNOWN,Street,52.84232575115487,False,BROOKLYN,"(40.6368015, -73.941917)",trafficstat,True,False,False,False,False,False,False,False,True,,,,,,,
2026-07-15,00:00,40.6561095,-73.9217824,KINGS HWY,11212,67,OTHER,Street,41.548682565309115,False,BROOKLYN,"(40.6561095, -73.9217824)",trafficstat,True,False,True,False,False,False,False,False,False,,,,,,,
2026-07-14,00:00,40.6522154,-73.9536357,LINDEN BLVD,11226,67,UNKNOWN,Street,84.10706700414981,False,BROOKLYN,"(40.6522154, -73.9536357)",trafficstat,True,False,False,False,False,False,False,True,False,,,,,,,
2026-07-14,00:00,40.6387302,-73.9356028,E  43 ST,11203,67,UNKNOWN,Street,51.106522973456364,False,BROOKLYN,"(40.6387302, -73.9356028)",trafficstat,False,False,False,False,False,False,False,False,False,,,,,,,
2026-07-14,00:00,40.6387858,-73.9453727,NEW YORK AVE,11210,67,OTHER,Street,0.08338201701330333,False,BROOKLYN,"(40.6387858, -73.9453727)",trafficstat,False,False,False,False,False,False,False,False,False,,,,,,,
2026-07-14,00:00,40.6435147,-73.9515355,ROGERS AVE,11226,67,UNKNOWN,Street,45.60509505018371,False,BROOKLYN,"(40.6435147, -73.9515355)",trafficstat,False,False,False,False,False,False,False,False,False,,,,,,,
2026-07-13,00:00,40.644197,-73.9546651,CORTELYOU RD,11226,67,UNKNOWN,Street,2.927200767147687,False,BROOKLYN,"(40.644197, -73.9546651)",trafficstat,True,False,False,True,False,False,False,False,False,,,,,,,
2026-07-12,00:00,40.6627658,-73.9206653,E  98 ST,11212,67,UNKNOWN,Street,120.00311538109824,False,BROOKLYN,"(40.6627658, -73.9206653)",trafficstat,True,False,False,False,False,False,False,True,False,,,,,,,
2026-07-12,00:00,40.6481882,-73.9491279,NOSTRAND AVE,11226,67,UNKNOWN,Street,45.2114872298872,False,BROOKLYN,"(40.6481882, -73.9491279)",trafficstat,True,False,False,False,False,False,False,True,False,,,,,,,
2026-07-12,00:00,40.6485685,-73.9466009,NEW YORK AVE,11203,67,OTHER,Street,49.05426454249861,False,BROOKLYN,"(40.6485685, -73.9466009)",trafficstat,False,False,False,False,False,False,False,False,False,,,,,,,
2026-07-12,00:00,40.6623696,-73.9268555,E  93 ST,11212,67,UNKNOWN,Street,2.2902568325230317,False,BROOKLYN,"(40.6623696, -73.9268555)",trafficstat,False,False,False,False,False,False,False,False,False,,,,,,,
2026-07-11,00:00,40.65222,-73.9335217,SCHENECTADY AVE,11203,67,OTHER,Street,44.14466548071544,False,BROOKLYN,"(40.65222, -73.9335217)",trafficstat,True,False,False,False,False,False,False,False,True,,,,,,,
2026-07-11,00:00,40.6423839,-73.925382,KINGS HWY,11203,67,OTHER,Street,0.7390789349683078,False,BROOKLYN,"(40.6423839, -73.925382)",trafficstat,True,False,False,False,False,False,False,True,False,,,,,,,
2026-07-11,00:00,40.6368609,-73.9384816,E  40 ST,11210,67,UNKNOWN,Street,0.3089480969232748,False,BROOKLYN,"(40.6368609, -73.9384816)",trafficstat,True,False,False,False,False,False,False,True,False,,,,,,,
2026-07-10,00:00,40.6524464,-73.9256086,E  55 ST,11203,67,OTHER,Street,0.30000053735817844,False,BROOKLYN,"(40.6524464, -73.9256086)",trafficstat,True,False,False,True,False,False,False,False,False,,,,,,,
2026-07-10,00:00,40.6491611,-73.9455083,E  34 ST,11203,67,UNKNOWN,Street,0.1240716742405944,False,BROOKLYN,"(40.6491611, -73.9455083)",trafficstat,True,False,True,False,False,False,False,False,False,,,,,,,
2026-07-10,00:00,40.6591065,-73.9232152,E  93 ST,11212,67,UNKNOWN,Street,1.715472336457009,False,BROOKLYN,"(40.6591065, -73.9232152)",trafficstat,False,False,False,False,False,False,False,False,False,,,,,,,
2026-06-19,00:00,40.6591065,-73.9232152,E  93 ST,11212,67,UNKNOWN,Street,1.715472336457009,False,BROOKLYN,"(40.6591065, -73.9232152)",trafficstat,False,False,False,False,False,False,False,False,False,,,,,,,
2026-07-09,00:00,40.6460098,-73.9325126,SCHENECTADY AVE,11203,67,OTHER,Street,49.59171479883787,False,BROOKLYN,"(40.6460098, -73.9325126)",trafficstat,True,False,True,False,False,False,False,False,False,,,,,,,
2026-07-08,00:00,40.6449377,-73.9541998,BEVERLEY RD,11226,67,OTHER,Street,44.53284686197219,False,BROOKLYN,"(40.6449377, -73.9541998)",trafficstat,True,False,False,True,False,False,False,False,False,,,,,,,
2026-07-08,00:00,40.6487258,-73.948517,E  31 ST,11226,67,UNKNOWN,Street,39.69311390611579,False,BROOKLYN,"(40.6487258, -73.948517)",trafficstat,False,False,False,False,False,False,False,False,False,,,,,,,
2026-07-08,00:00,40.6516058,-73.9332965,SCHENECTADY AVE,11203,67,UNKNOWN,Street,0.13234423727070352,False,BROOKLYN,"(40.6516058, -73.9332965)",trafficstat,False,False,False,False,False,False,False,False,False,,,,,,,
2026-06-16,00:00,40.6516058,-73.9332965,SCHENECTADY AVE,11203,67,UNKNOWN,Street,0.13234423727070352,False,BROOKLYN,"(40.6516058, -73.9332965)",trafficstat,True,False,False,False,False,False,False,False,True,,,,,,,
2026-07-08,00:00,40.6460067,-73.9459537,NEW YORK AVE,11203,67,UNKNOWN,Street,54.13038277668165,False,BROOKLYN,"(40.6460067, -73.9459537)",trafficstat,False,False,False,False,False,False,False,False,False,,,,,,,
2026-07-08,00:00,40.6555165,-73.9278541,E  53 ST,11203,67,OTHER,Street,0.6161313201406285,False,BROOKLYN,"(40.6555165, -73.9278541)",trafficstat,True,False,True,False,False,False,False,False,False,,,,,,,
2026-07-07,00:00,40.6463825,-73.9287973,E  51 ST,11203,67,UNKNOWN,Street,0.21802326441737083,False,BROOKLYN,"(40.6463825, -73.9287973)",trafficstat,True,False,False,False,False,False,False,False,True,,,,,,,
2026-07-07,00:00,40.6421339,-73.9293532,UTICA AVE,11203,67,UNKNOWN,Street,0.4610744963098659,False,BROOKLYN,"(40.6421339, -73.9293532)",trafficstat,False,False,False,False,False,False,False,False,False,,,,,,,
2026-07-07,00:00,40.64957,-73.938866,SNYDER AVE,11203,67,UNKNOWN,Street,3.619415120082233,False,BROOKLYN,"(40.64957, -73.938866)",trafficstat,True,False,False,False,False,False,False,True,False,,,,,,,
2026-07-06,00:00,40.645135,-73.921726,E  58 ST,11203,67,OTHER,Street,59.42341059640735,False,BROOKLYN,"(40.645135, -73.921726)",trafficstat,False,False,False,False,False,False,False,False,False,,,,,,,
2026-07-06,00:00,40.6516531,-73.9173711,E  91 ST,11236,67,UNKNOWN,Street,2.2091302530785897,False,BROOKLYN,"(40.6516531, -73.9173711)",trafficstat,True,False,False,False,False,False,False,False,True,,,,,,,
2026-07-06,00:00,40.6580096,-73.9207656,KINGS HWY,11212,67,OTHER,Street,0.5175392043851169,False,BROOKLYN,"(40.6580096, -73.9207656)",trafficstat,False,False,False,False,False,False,False,False,False,,,,,,,
2026-07-05,00:00,40.660183,-73.9310611,UTICA AVE,11203,67,UNKNOWN,Street,61.31150964558959,False,BROOKLYN,"(40.660183, -73.9310611)",trafficstat,False,False,False,False,False,False,False,False,False,,,,,,,
2026-07-05,00:00,40.6552496,-73.9529601,ROGERS AVE,11226,67,OTHER,Street,0.1223860596048459,False,BROOKLYN,"(40.6552496, -73.9529601)",trafficstat,True,False,False,True,False,False,False,False,False,,,,,,,
2026-07-05,00:00,40.648707,-73.9466136,NEW YORK AVE,11203,67,UNKNOWN,Street,48.55957234566765,False,BROOKLYN,"(40.648707, -73.9466136)",trafficstat,False,False,False,False,False,False,False,False,False,,,,,,,
2026-07-05,00:00,40.6476443,-73.919232,E  86 ST,11236,67,UNKNOWN,Street,1.4786435167066416,False,BROOKLYN,"(40.6476443, -73.919232)",trafficstat,True,False,False,False,False,False,False,True,True,,,,,,,
2026-07-05,00:00,40.634354,-73.9420112,BROOKLYN AVE,11210,67,UNKNOWN,Street,0.3904167417333838,False,BROOKLYN,"(40.634354, -73.9420112)",trafficstat,True,False,False,False,False,False,False,True,False,,,,,,,
2026-07-04,00:00,40.634354,-73.9420112,BROOKLYN AVE,11210,67,UNKNOWN,Street,0.3904167417333838,False,BROOKLYN,"(40.634354, -73.9420112)",trafficstat,False,False,False,False,False,False,False,False,False,,,,,,,
2026-07-04,00:00,40.6408125,-73.940627,E  38 ST,11203,67,UNKNOWN,Street,43.24573194074426,False,BROOKLYN,"(40.6408125, -73.940627)",trafficstat,False,False,False,False,False,False,False,False,False,,,,,,,
2026-07-04,00:00,40.6498117,-73.9350173,E  45 ST,11203,67,UNKNOWN,Street,0.5988250829243429,False,BROOKLYN,"(40.6498117, -73.9350173)",trafficstat,False,False,False,False,False,False,False,False,False,,,,,,,
2026-06-14,00:00,40.6498117,-73.9350173,E  45 ST,11203,67,UNKNOWN,Street,0.5988250829243429,False,BROOKLYN,"(40.6498117, -73.9350173)",trafficstat,True,False,False,True,False,False,False,False,False,,,,,,,
2026-07-04,00:00,40.6487122,-73.951594,SNYDER AVE,11226,67,UNKNOWN,Street,43.76094710873584,False,BROOKLYN,"(40.6487122, -73.951594)",trafficstat,False,False,False,False,False,False,False,False,False,,,,,,,
2026-07-03,00:00,40.6513263,-73.9390521,ALBANY AVE,11203,67,UNKNOWN,Street,0.15761461003830177,False,BROOKLYN,"(40.6513263, -73.9390521)",trafficstat,True,False,True,False,False,False,False,False,False,,,,,,,
2026-07-03,00:00,40.6543161,-73.9221575,KINGS HWY,11203,67,UNKNOWN,Street,1.2632970196370106,False,BROOKLYN,"(40.6543161, -73.9221575)",trafficstat,True,False,False,False,False,False,False,True,False,,,,,,,
2026-07-02,00:00,40.6453554,-73.9294996,UTICA AVE,11203,67,UNKNOWN,Street,55.53380602080955,False,BROOKLYN,"(40.6453554, -73.9294996)",trafficstat,True,False,False,False,False,False,False,True,False,,,,,,,
2026-07-02,00:00,40.6512284,-73.9409586,E  39 ST,11203,67,OTHER,Street,0.34695018228389607,False,BROOKLYN,"(40.6512284, -73.9409586)",trafficstat,True,False,False,False,False,False,False,True,False,,,,,,,
2026-07-02,00:00,40.6501705,-73.9292005,E  51 ST,11203,67,UNKNOWN,Street,0.319300188032191,False,BROOKLYN,"(40.6501705, -73.9292005)",trafficstat,False,False,False,False,False,False,False,False,False,,,,,,,
2026-07-02,00:00,40.6487787,-73.9203766,RALPH AVE,11236,67,UNKNOWN,Street,0.1583486024518889,False,BROOKLYN,"(40.6487787, -73.9203766)",trafficstat,True,False,False,False,False,False,False,False,True,,,,,,,
2026-07-02,00:00,40.6408274,-73.9504192,E  28 ST,11226,67,UNKNOWN,Street,0.04246539190967272,False,BROOKLYN,"(40.6408274, -73.9504192)",trafficstat,False,False,False,False,False,False,False,False,False,,,,,,,
2026-07-01,00:00,40.6661053,-73.9246997,E  NEW YORK AVE,11212,67,UNKNOWN,Street,134.19000187815595,False,BROOKLYN,"(40.6661053, -73.9246997)",trafficstat,False,False,False,False,False,False,False,False,False,,,,,,,
2026-06-30,00:00,40.6432977,-73.9201515,RALPH AVE,11236,67,UNKNOWN,Street,98.64047524689805,False,BROOKLYN,"(40.6432977, -73.9201515)",trafficstat,False,False,False,False,False,False,False,False,False,,,,,,,
2026-06-30,00:00,40.6417362,-73.9477499,E  31 ST,11226,67,UNKNOWN,Street,35.049668259055316,False,BROOKLYN,"(40.6417362, -73.9477499)",trafficstat,False,False,False,False,False,False,False,False,False,,,,,,,
2026-06-29,00:00,40.6441801,-73.9292858,UTICA AVE,11203,67,UNKNOWN,Street,79.51961074650389,False,BROOKLYN,"(40.6441801, -73.9292858)",trafficstat,False,False,False,False,False,False,False,False,False,,,,,,,
2026-06-29,00:00,40.6431277,-73.9506661,E  28 ST,11226,67,OTHER,Street,0.06003270142215932,False,BROOKLYN,"(40.6431277, -73.9506661)",trafficstat,True,False,False,False,False,False,False,False,True,,,,,,,
2026-06-29,00:00,40.6465206,-73.9533309,TILDEN AVE,11226,67,OTHER,Street,75.08061407508706,False,BROOKLYN,"(40.6465206, -73.9533309)",trafficstat,True,False,True,False,False,False,False,False,False,,,,,,,
2026-06-29,00:00,40.6399175,-73.9271648,E  52 ST,11203,67,UNKNOWN,Street,0.18972780580634663,False,BROOKLYN,"(40.6399175, -73.9271648)",trafficstat,False,False,False,False,False,False,False,False,False,,,,,,,
2026-06-29,00:00,40.6401983,-73.933207,E  46 ST,11203,67,UNKNOWN,Street,42.487674586092695,False,BROOKLYN,"(40.6401983, -73.933207)",trafficstat,False,False,False,False,False,False,False,False,False,,,,,,,
2026-06-29,00:00,40.6537034,-73.9545488,LENOX RD,11226,67,OTHER,Street,64.83185578228111,False,BROOKLYN,"(40.6537034, -73.9545488)",trafficstat,False,False,False,False,False,False,False,False,False,,,,,,,
2026-06-28,00:00,40.6549156,-73.9375171,E  43 ST,11203,67,OTHER,Street,0.25097471587418013,False,BROOKLYN,"(40.6549156, -73.9375171)",trafficstat,True,False,False,False,False,False,False,False,True,,,,,,,
2026-06-27,00:00,40.6540712,-73.9288573,E  52 ST,11203,67,UNKNOWN,Street,49.52557781082373,False,BROOKLYN,"(40.6540712, -73.9288573)",trafficstat,True,False,False,False,False,False,False,False,True,,,,,,,
2026-06-27,00:00,40.6522345,-73.9470089,NEW YORK AVE,11203,67,UNKNOWN,Street,53.35592944382109,False,BROOKLYN,"(40.6522345, -73.9470089)",trafficstat,True,False,False,False,False,False,False,False,True,,,,,,,
2026-06-27,00:00,40.65141,-73.91341,AVE B,11236,67,UNKNOWN,Street,1.1475714301317395,False,BROOKLYN,"(40.65141, -73.91341)",trafficstat,False,False,False,False,False,False,False,False,False,,,,,,,
2026-06-27,00:00,40.6495722,-73.9388627,SNYDER AVE,11203,67,UNKNOWN,Street,2.8947239296970078,False,BROOKLYN,"(40.6495722, -73.9388627)",trafficstat,True,False,True,False,False,False,False,False,False,,,,,,,
2026-06-27,00:00,40.6345337,-73.9391719,E  39 ST,11210,67,OTHER,Street,0.2923240216001783,False,BROOKLYN,"(40.6345337, -73.9391719)",trafficstat,False,False,False,False,False,False,False,False,False,,,,,,,
2026-06-26,00:00,40.6552747,-73.931772,E  49 ST,11203,67,OTHER,Street,0.01194057418228873,False,BROOKLYN,"(40.6552747, -73.931772)",trafficstat,True,False,False,False,False,False,False,True,False,,,,,,,
2026-06-25,00:00,40.6546289,-73.9220058,KINGS HWY,11203,67,OTHER,Street,0.9460443396458895,False,BROOKLYN,"(40.6546289, -73.9220058)",trafficstat,True,False,False,False,False,True,False,False,False,,,,,,,
2026-06-25,00:00,40.6646896,-73.9279057,E  NEW YORK AVE,11212,67,UNKNOWN,Street,53.591993984647765,False,BROOKLYN,"(40.6646896, -73.9279057)",trafficstat,True,False,False,True,False,False,False,False,False,,,,,,,
2026-06-25,00:00,40.6454303,-73.9441709,E  35 ST,11203,67,UNKNOWN,Street,0.3232328086943456,False,BROOKLYN,"(40.6454303, -73.9441709)",trafficstat,False,False,False,False,False,False,False,False,False,,,,,,,
2026-06-24,00:00,40.6627588,-73.9222586,WINTHROP ST,11212,67,UNKNOWN,Street,60.234672611729266,False,BROOKLYN,"(40.6627588, -73.9222586)",trafficstat,True,False,False,False,False,False,False,True,False,,,,,,,
2026-06-23,00:00,40.6597445,-73.9170728,E  98 ST,11212,67,UNKNOWN,Street,1.7113406791381887,False,BROOKLYN,"(40.6597445, -73.9170728)",trafficstat,False,False,False,False,False,False,False,False,False,,,,,,,
2026-06-23,00:00,40.6448553,-73.9228496,E  57 ST,11203,67,OTHER,Street,0.07609453618113356,False,BROOKLYN,"(40.6448553, -73.9228496)",trafficstat,False,False,False,False,False,False,False,False,False,,,,,,,
2026-06-23,00:00,40.6481954,-73.9275986,TILDEN AVE,11203,67,OTHER,Street,51.69878419756763,False,BROOKLYN,"(40.6481954, -73.9275986)",trafficstat,False,False,False,False,False,False,False,False,False,,,,,,,
2026-06-22,00:00,40.6523543,-73.9447682,E  35 ST,11203,67,UNKNOWN,Street,39.13190016791168,False,BROOKLYN,"(40.6523543, -73.9447682)",trafficstat,False,False,False,False,False,False,False,False,False,,,,,,,
2026-06-22,00:00,40.6496243,-73.9356527,SNYDER AVE,11203,67,OTHER,Street,57.077415491154916,False,BROOKLYN,"(40.6496243, -73.9356527)",trafficstat,False,False,False,False,False,False,False,False,False,,,,,,,
2026-06-22,00:00,40.653675,-73.9515785,LENOX RD,11226,67,UNKNOWN,Street,139.85094595704598,False,BROOKLYN,"(40.653675, -73.9515785)",trafficstat,False,False,False,False,False,False,False,False,False,,,,,,,
2026-06-22,00:00,40.6542212,-73.9238479,E  57 ST,11203,67,UNKNOWN,Street,0.3007167124040892,False,BROOKLYN,"(40.6542212, -73.9238479)",trafficstat,False,False,False,False,False,False,False,False,False,,,,,,,
2026-06-22,00:00,40.6469557,-73.9503386,TILDEN AVE,11226,67,UNKNOWN,Street,39.56022758851422,False,BROOKLYN,"(40.6469557, -73.9503386)",trafficstat,False,False,False,False,False,False,False,False,False,,,,,,,
2026-06-22,00:00,40.6481185,-73.9310045,E  49 ST,11203,67,UNKNOWN,Street,0.3617700726196635,False,BROOKLYN,"(40.6481185, -73.9310045)",trafficstat,True,False,False,False,False,False,False,False,True,,,,,,,
2026-06-22,00:00,40.6389655,-73.9425044,BROOKLYN AVE,11210,67,OTHER,Street,0.27303720148852134,False,BROOKLYN,"(40.6389655, -73.9425044)",trafficstat,True,False,False,False,False,False,False,True,False,,,,,,,
2026-06-21,00:00,40.6397952,-73.929107,UTICA AVE,11203,67,OTHER,Street,0.10140837357738709,False,BROOKLYN,"(40.6397952, -73.929107)",trafficstat,True,False,False,False,False,False,False,False,False,,,,,,,
2026-06-21,00:00,40.641588,-73.9254802,KINGS HWY,11203,67,UNKNOWN,Street,0.38545617241024666,False,BROOKLYN,"(40.641588, -73.9254802)",trafficstat,True,False,False,False,False,False,False,False,True,,,,,,,
2026-06-21,00:00,40.6327367,-73.9372795,ALBANY AVE,11210,67,UNKNOWN,Street,60.27752244362434,False,BROOKLYN,"(40.6327367, -73.9372795)",trafficstat,False,False,False,False,False,False,False,False,False,,,,,,,
2026-06-21,00:00,40.6356356,-73.9372107,ALBANY AVE,11210,67,OTHER,Street,45.12911434287227,False,BROOKLYN,"(40.6356356, -73.9372107)",trafficstat,True,False,True,False,False,False,False,False,False,,,,,,,
2026-06-21,00:00,40.6529863,-73.9287605,E  52 ST,11203,67,OTHER,Street,54.78169988578748,False,BROOKLYN,"(40.6529863, -73.9287605)",trafficstat,True,False,False,False,False,False,False,True,False,,,,,,,
2026-06-21,00:00,40.6461433,-73.9327038,SCHENECTADY AVE,11203,67,UNKNOWN,Street,0.42041890724354525,False,BROOKLYN,"(40.6461433, -73.9327038)",trafficstat,True,False,True,False,False,False,False,False,False,,,,,,,
2026-06-21,00:00,40.6544934,-73.9124323,ROCKAWAY PKWY,11212,67,UNKNOWN,Street,65.07106709797078,False,BROOKLYN,"(40.6544934, -73.9124323)",trafficstat,False,False,False,False,False,False,False,False,False,,,,,,,
2026-06-20,00:00,40.655424,-73.9500659,NOSTRAND AVE,11226,67,UNKNOWN,Street,0.34655613301148136,False,BROOKLYN,"(40.655424, -73.9500659)",trafficstat,True,False,True,False,False,False,False,False,False,,,,,,,
2026-06-20,00:00,40.6594846,-73.9182949,ROCKAWAY PKWY,11212,67,UNKNOWN,Street,1.7333447052975604,False,BROOKLYN,"(40.6594846, -73.9182949)",trafficstat,False,False,False,False,False,False,False,False,False,,,,,,,
2026-06-20,00:00,40.6542905,-73.9513223,LENOX RD,11226,67,UNKNOWN,Street,78.13819989348389,False,BROOKLYN,"(40.6542905, -73.9513223)",trafficstat,False,False,False,False,False,False,False,False,False,,,,,,,
2026-06-20,00:00,40.6524906,-73.9217848,E  59 ST,11203,67,UNKNOWN,Street,0.07988513782705367,False,BROOKLYN,"(40.6524906, -73.9217848)",trafficstat,False,False,False,False,False,False,False,False,False,,,,,,,