crash_date,crash_time,latitude,longitude,on_street_name,zip_code,precinct,collision_type,roadway_type,geocode_dist_feet,time_is_known,borough,location,source,injury,fatality,injured_pedestrian,injured_cyclist,injured_ebike_rider,injured_motorcyclist,injured_moped_rider,injured_car_occupant,injured_suv_occupant,number_of_persons_injured,number_of_persons_killed,contributing_factor_vehicle_1,collision_id,cross_street_name,off_street_name,vehicle_type_code1
2026-06-20,00:00,40.6527998,-73.9509817,LINDEN BLVD,11226,67,UNKNOWN,Street,77.5143433156522,False,BROOKLYN,"(40.6527998, -73.9509817)",trafficstat,False,False,False,False,False,False,False,False,False,,,,,,,
2026-06-20,00:00,40.6518489,-73.9437123,BROOKLYN AVE,11203,67,OTHER,Street,46.546426979349484,False,BROOKLYN,"(40.6518489, -73.9437123)",trafficstat,True,False,False,True,False,False,False,False,False,,,,,,,
2026-06-19,00:00,40.6372613,-73.9290442,UTICA AVE,11203,67,OTHER,Street,57.72765997693253,False,BROOKLYN,"(40.6372613, -73.9290442)",trafficstat,True,False,False,False,False,True,False,True,False,,,,,,,
2026-06-19,00:00,40.639736,-73.930115,E  49 ST,11203,67,UNKNOWN,Street,1.0179023341502103,False,BROOKLYN,"(40.639736, -73.930115)",trafficstat,True,False,False,False,False,False,False,True,True,,,,,,,
2026-06-19,00:00,40.6435418,-73.9439635,E  35 ST,11203,67,OTHER,Street,0.4935964368771088,False,BROOKLYN,"(40.6435418, -73.9439635)",trafficstat,True,False,False,True,False,False,False,False,False,,,,,,,
2026-06-19,00:00,40.6578584,-73.9164876,ROCKAWAY PKWY,11212,67,UNKNOWN,Street,2.1908179621491968,False,BROOKLYN,"(40.6578584, -73.9164876)",trafficstat,True,False,True,False,False,False,False,False,False,,,,,,,
2026-06-18,00:00,40.661997,-73.919593,KINGS HWY,11212,67,UNKNOWN,Street,1.063311162575222,False,BROOKLYN,"(40.661997, -73.919593)",trafficstat,True,False,False,True,False,False,False,False,False,,,,,,,
2026-06-18,00:00,40.6492636,-73.9328375,SCHENECTADY AVE,11203,67,UNKNOWN,Street,58.128584349540446,False,BROOKLYN,"(40.6492636, -73.9328375)",trafficstat,True,False,False,True,False,False,False,False,False,,,,,,,
2026-06-18,00:00,40.6442922,-73.9439227,E  35 ST,11203,67,UNKNOWN,Street,34.3661527822163,False,BROOKLYN,"(40.6442922, -73.9439227)",trafficstat,True,False,False,False,False,False,False,False,False,,,,,,,
2026-06-17,00:00,40.6437215,-73.9410914,E  38 ST,11203,67,UNKNOWN,Street,0.20216603308131495,False,BROOKLYN,"(40.6437215, -73.9410914)",trafficstat,True,False,False,True,False,False,False,False,False,,,,,,,
2026-06-17,00:00,40.6449846,-73.9298662,UTICA AVE,11203,67,UNKNOWN,Street,56.9868606890224,False,BROOKLYN,"(40.6449846, -73.9298662)",trafficstat,False,False,False,False,False,False,False,False,False,,,,,,,
2026-06-17,00:00,40.6539838,-73.9315103,E  49 ST,11203,67,UNKNOWN,Street,34.439650038691724,False,BROOKLYN,"(40.6539838, -73.9315103)",trafficstat,False,False,False,False,False,False,False,False,False,,,,,,,
2026-06-16,00:00,40.6479962,-73.9329218,SCHENECTADY AVE,11203,67,UNKNOWN,Street,0.250335049202664,False,BROOKLYN,"(40.6479962, -73.9329218)",trafficstat,True,False,False,False,False,True,False,False,False,,,,,,,
2026-06-16,00:00,40.6373729,-73.9421517,BROOKLYN AVE,11210,67,OTHER,Street,49.46009052582877,False,BROOKLYN,"(40.6373729, -73.9421517)",trafficstat,False,False,False,False,False,False,False,False,False,,,,,,,
2026-06-15,00:00,40.6369806,-73.9365431,E  42 ST,11210,67,UNKNOWN,Street,0.029321656996396384,False,BROOKLYN,"(40.6369806, -73.9365431)",trafficstat,False,False,False,False,False,False,False,False,False,,,,,,,
2026-06-15,00:00,40.6497518,-73.9359904,TROY AVE,11203,67,UNKNOWN,Street,0.3261136378053956,False,BROOKLYN,"(40.6497518, -73.9359904)",trafficstat,True,False,False,False,False,False,False,True,False,,,,,,,
2026-06-15,00:00,40.6551327,-73.9163325,E  95 ST,11212,67,UNKNOWN,Street,1.422961874494194,False,BROOKLYN,"(40.6551327, -73.9163325)",trafficstat,True,False,False,False,False,False,False,False,True,,,,,,,
2026-06-14,00:00,40.6557002,-73.9154524,E  96 ST,11212,67,UNKNOWN,Street,1.9209635465174961,False,BROOKLYN,"(40.6557002, -73.9154524)",trafficstat,False,False,False,False,False,False,False,False,False,,,,,,,
2026-06-14,00:00,40.6622188,-73.9280991,E  92 ST,11212,67,UNKNOWN,Street,41.66160785066915,False,BROOKLYN,"(40.6622188, -73.9280991)",trafficstat,False,False,False,False,False,False,False,False,False,,,,,,,
2026-06-14,00:00,40.6578776,-73.9264205,E  55 ST,11203,67,UNKNOWN,Street,64.90902313278886,False,BROOKLYN,"(40.6578776, -73.9264205)",trafficstat,False,False,False,False,False,False,False,False,False,,,,,,,
2026-06-13,00:00,40.655397,-73.9297608,E  51 ST,11203,67,UNKNOWN,Street,0.35087159330189166,False,BROOKLYN,"(40.655397, -73.9297608)",trafficstat,False,False,False,False,False,False,False,False,False,,,,,,,
2026-06-13,00:00,40.6451933,-73.9479944,E  31 ST,11226,67,UNKNOWN,Street,0.2673654112106144,False,BROOKLYN,"(40.6451933, -73.9479944)",trafficstat,False,False,False,False,False,False,False,False,False,,,,,,,
2026-06-13,00:00,40.642014,-73.93129,E  48 ST,11203,67,UNKNOWN,Street,0.8718288232468088,False,BROOKLYN,"(40.642014, -73.93129)",trafficstat,False,False,False,False,False,False,False,False,False,,,,,,,
2026-09-13,00:00,40.6267892,-74.0288722,ALLEY,11209,68,UNKNOWN,Alley,38.119093337127005,False,BROOKLYN,"(40.6267892, -74.0288722)",trafficstat,False,False,False,False,False,False,False,False,False,,,,,,,
2026-09-13,00:00,40.6297397,-74.0181761,72 ST,11209,68,OTHER,Street,39.339840250075504,False,BROOKLYN,"(40.6297397, -74.0181761)",trafficstat,True,False,False,False,False,True,False,False,False,,,,,,,
2026-09-12,00:00,40.6214302,-74.0229784,84 ST,11209,68,UNKNOWN,Street,2.513622821493705,False,BROOKLYN,"(40.6214302, -74.0229784)",trafficstat,True,False,False,False,False,False,False,False,True,,,,,,,
2026-09-11,00:00,40.6140536,-74.0139065,86 ST,11228,68,UNKNOWN,Street,1.7641478467973426,False,BROOKLYN,"(40.6140536, -74.0139065)",trafficstat,True,False,True,False,False,False,False,False,False,,,,,,,
2026-09-11,00:00,40.6357034,-74.0163071,6 AVE,11220,68,UNKNOWN,Street,45.48927409789609,False,BROOKLYN,"(40.6357034, -74.0163071)",trafficstat,False,False,False,False,False,False,False,False,False,,,,,,,
2026-09-11,00:00,40.6286836,-74.0121407,BAY RIDGE AVE,11219,68,OTHER,Street,2.1731838319362193,False,BROOKLYN,"(40.6286836, -74.0121407)",trafficstat,True,False,False,False,False,True,False,False,False,,,,,,,
2026-09-11,00:00,40.6344956,-74.0326455,COLONIAL RD,11209,68,UNKNOWN,Street,54.1286432923021,False,BROOKLYN,"(40.6344956, -74.0326455)",trafficstat,True,False,True,False,False,False,False,False,False,,,,,,,
2026-09-11,00:00,40.6316291,-74.0077387,63 ST,11219,68,OTHER,Street,2.2328809411604493,False,BROOKLYN,"(40.6316291, -74.0077387)",trafficstat,True,False,False,False,False,False,False,True,False,,,,,,,
2026-09-10,00:00,40.612765,-74.0352271,101 ST,11209,68,UNKNOWN,Street,29.367614843487264,False,BROOKLYN,"(40.612765, -74.0352271)",trafficstat,False,False,False,False,False,False,False,False,False,,,,,,,
2026-09-10,00:00,40.6162912,-74.0261082,GOWANUS EXPY,11209,68,UNKNOWN,Highway,14.11473315855672,False,BROOKLYN,"(40.6162912, -74.0261082)",trafficstat,False,False,False,False,False,False,False,False,False,,,,,,,
2026-09-09,00:00,40.6160653,-74.0295753,94 ST,11209,68,UNKNOWN,Street,2.573601720243548,False,BROOKLYN,"(40.6160653, -74.0295753)",trafficstat,False,False,False,False,False,False,False,False,False,,,,,,,
2026-09-09,00:00,40.6270715,-74.0186393,7 AVE,11228,68,UNKNOWN,Street,1.0503750151596152,False,BROOKLYN,"(40.6270715, -74.0186393)",trafficstat,False,False,False,False,False,False,False,False,False,,,,,,,
2026-09-09,00:00,40.633428,-74.032876,COLONIAL RD,11209,68,OTHER,Street,0.9790690152112282,False,BROOKLYN,"(40.633428, -74.032876)",trafficstat,False,False,False,False,False,False,False,False,False,,,,,,,
2026-09-08,00:00,40.623602,-74.0190526,7 AVE,11228,68,UNKNOWN,Street,1.3378767024059919,False,BROOKLYN,"(40.623602, -74.0190526)",trafficstat,True,False,False,False,False,False,False,True,False,,,,,,,
2026-09-08,00:00,40.6166839,-74.030156,5 AVE,11209,68,UNKNOWN,Street,45.37984701750272,False,BROOKLYN,"(40.6166839, -74.030156)",trafficstat,True,False,False,False,False,False,False,False,True,,,,,,,
2026-09-08,00:00,40.6122955,-74.0341118,4 AVE,11209,68,OTHER,Street,1.8013441840130557,False,BROOKLYN,"(40.6122955, -74.0341118)",trafficstat,True,False,False,False,False,False,False,True,False,,,,,,,
2026-07-31,00:00,40.6122955,-74.0341118,4 AVE,11209,68,UNKNOWN,Street,1.8013441840130557,False,BROOKLYN,"(40.6122955, -74.0341118)",trafficstat,False,False,False,False,False,False,False,False,False,,,,,,,
2026-09-07,00:00,40.6297644,-74.0081063,10 AVE,11219,68,OTHER,Street,54.30812614316231,False,BROOKLYN,"(40.6297644, -74.0081063)",trafficstat,True,False,False,True,False,False,False,False,False,,,,,,,
2026-09-06,00:00,40.629974,-74.0081276,65 ST,11219,68,UNKNOWN,Street,1.9002015352203239,False,BROOKLYN,"(40.629974, -74.0081276)",trafficstat,False,False,False,False,False,False,False,False,False,,,,,,,
2026-07-26,00:00,40.629974,-74.0081276,65 ST,11219,68,UNKNOWN,Street,1.9002015352203239,False,BROOKLYN,"(40.629974, -74.0081276)",trafficstat,True,False,False,False,False,False,False,False,True,,,,,,,
2026-09-05,00:00,40.6235899,-74.0250469,5 AVE,11209,68,UNKNOWN,Street,1.274103082141136,False,BROOKLYN,"(40.6235899, -74.0250469)",trafficstat,False,False,False,False,False,False,False,False,False,,,,,,,
2026-09-05,00:00,40.6240525,-74.0256074,83 ST,11209,68,UNKNOWN,Street,33.96097278956014,False,BROOKLYN,"(40.6240525, -74.0256074)",trafficstat,False,False,False,False,False,False,False,False,False,,,,,,,
2026-09-04,00:00,40.6348652,-74.0263806,3 AVE,11209,68,UNKNOWN,Street,1.0833027912255881,False,BROOKLYN,"(40.6348652, -74.0263806)",trafficstat,True,False,False,True,False,False,False,False,False,,,,,,,
2026-09-04,00:00,40.6169854,-74.0274902,FORT HAMILTON PKWY,11209,68,UNKNOWN,Street,1.5482172199779392,False,BROOKLYN,"(40.6169854, -74.0274902)",trafficstat,True,False,True,False,False,False,False,False,False,,,,,,,
2026-09-04,00:00,40.6156026,-74.024835,BATTERY AVE,11209,68,UNKNOWN,Street,1.4163399900855425,False,BROOKLYN,"(40.6156026, -74.024835)",trafficstat,False,False,False,False,False,False,False,False,False,,,,,,,
2026-09-04,00:00,40.618023,-74.0098011,13 AVE,11228,68,OTHER,Street,2.05674588823678,False,BROOKLYN,"(40.618023, -74.0098011)",trafficstat,True,False,True,False,False,False,False,False,False,,,,,,,
2026-09-04,00:00,40.624716,-74.0414901,BELT PKWY,11220,68,UNKNOWN,Highway,0.27741916221479246,False,BROOKLYN,"(40.624716, -74.0414901)",trafficstat,False,False,False,False,False,False,False,False,False,,,,,,,
2026-09-03,00:00,40.6207885,-74.040474,SHORE RD,11209,68,UNKNOWN,Street,1.1406049881997538,False,BROOKLYN,"(40.6207885, -74.040474)",trafficstat,True,False,False,True,True,False,False,False,False,,,,,,,
2026-09-03,00:00,40.6337944,-74.0113274,8 AVE,11220,68,UNKNOWN,Street,1.9651744441567023,False,BROOKLYN,"(40.6337944, -74.0113274)",trafficstat,False,False,False,False,False,False,False,False,False,,,,,,,
2026-08-14,00:00,40.6337944,-74.0113274,8 AVE,11220,68,OTHER,Street,1.9651744441567023,False,BROOKLYN,"(40.6337944, -74.0113274)",trafficstat,True,False,True,False,False,False,False,False,False,,,,,,,
2026-09-02,00:00,40.6295902,-74.0253646,4 AVE,11209,68,UNKNOWN,Street,56.526728325430085,False,BROOKLYN,"(40.6295902, -74.0253646)",trafficstat,True,False,True,False,False,False,False,False,False,,,,,,,
2026-09-02,00:00,40.6127336,-74.0117128,14 AVE,11228,68,UNKNOWN,Street,2.2986852016893016,False,BROOKLYN,"(40.6127336, -74.0117128)",trafficstat,True,False,False,False,False,False,False,False,False,,,,,,,
2026-08-21,00:00,40.6127336,-74.0117128,14 AVE,11228,68,UNKNOWN,Street,2.2986852016893016,False,BROOKLYN,"(40.6127336, -74.0117128)",trafficstat,False,False,False,False,False,False,False,False,False,,,,,,,
2026-08-19,00:00,40.6127336,-74.0117128,14 AVE,11228,68,UNKNOWN,Street,2.2986852016893016,False,BROOKLYN,"(40.6127336, -74.0117128)",trafficstat,False,False,False,False,False,False,False,False,False,,,,,,,
2026-09-01,00:00,40.6188036,-74.0093787,78 ST,11228,68,OTHER,Street,33.285335554125,False,BROOKLYN,"(40.6188036, -74.0093787)",trafficstat,False,False,False,False,False,False,False,False,False,,,,,,,
2026-09-01,00:00,40.6285069,-74.0062798,11 AVE,11219,68,UNKNOWN,Street,43.753847799039995,False,BROOKLYN,"(40.6285069, -74.0062798)",trafficstat,True,False,False,False,True,False,False,False,False,,,,,,,
2026-08-30,00:00,40.6299315,-74.0313612,RIDGE BLVD,11209,68,OTHER,Street,0.7825910981772898,False,BROOKLYN,"(40.6299315, -74.0313612)",trafficstat,True,False,True,False,False,False,False,False,False,,,,,,,
2026-08-30,00:00,40.6263618,-74.0083,11 AVE,11228,68,UNKNOWN,Street,2.003286227647041,False,BROOKLYN,"(40.6263618, -74.0083)",trafficstat,True,False,False,False,False,True,False,False,False,,,,,,,
2026-08-30,00:00,40.6177564,-74.0090817,79 ST,11228,68,UNKNOWN,Street,45.32750589280494,False,BROOKLYN,"(40.6177564, -74.0090817)",trafficstat,False,False,False,False,False,False,False,False,False,,,,,,,
2026-08-29,00:00,40.6233204,-74.0370029,COLONIAL RD,11209,68,UNKNOWN,Street,1.2690336997368783,False,BROOKLYN,"(40.6233204, -74.0370029)",trafficstat,True,False,False,False,False,True,False,False,False,,,,,,,
2026-08-29,00:00,40.6259833,-74.0015202,65 ST,11219,68,OTHER,Street,1.9502112000107683,False,BROOKLYN,"(40.6259833, -74.0015202)",trafficstat,True,False,False,False,False,False,False,True,False,,,,,,,
2026-08-29,00:00,40.635131,-74.0152511,64 ST,11220,68,UNKNOWN,Street,41.27006011650529,False,BROOKLYN,"(40.635131, -74.0152511)",trafficstat,False,False,False,False,False,False,False,False,False,,,,,,,
2026-08-29,00:00,40.6318107,-74.0171065,BAY RIDGE AVE,11220,68,UNKNOWN,Street,38.32926333510575,False,BROOKLYN,"(40.6318107, -74.0171065)",trafficstat,False,False,False,False,False,False,False,False,False,,,,,,,
2026-08-28,00:00,40.6331625,-74.0163857,7 AVE,11220,68,UNKNOWN,Street,0.883232378864857,False,BROOKLYN,"(40.6331625, -74.0163857)",trafficstat,False,False,False,False,False,False,False,False,False,,,,,,,
2026-08-28,00:00,40.624445,-74.0251986,82 ST,11209,68,UNKNOWN,Street,44.038325896922714,False,BROOKLYN,"(40.624445, -74.0251986)",trafficstat,False,False,False,False,False,False,False,False,False,,,,,,,
2026-08-28,00:00,40.6124618,-74.0377258,BELT PKWY,11220,68,UNKNOWN,Highway,4.346418832668123,False,BROOKLYN,"(40.6124618, -74.0377258)",trafficstat,True,False,False,False,False,True,False,False,False,,,,,,,
2026-08-27,00:00,40.6153492,-74.0259876,DAHLGREN PL,11228,68,UNKNOWN,Street,39.63748830058594,False,BROOKLYN,"(40.6153492, -74.0259876)",trafficstat,True,False,False,False,False,False,False,True,False,,,,,,,
2026-08-27,00:00,40.6204362,-74.0244658,86 ST,11209,68,UNKNOWN,Street,2.205328246011593,False,BROOKLYN,"(40.6204362, -74.0244658)",trafficstat,False,False,False,False,False,False,False,False,False,,,,,,,
2026-08-03,00:00,40.6204362,-74.0244658,86 ST,11209,68,UNKNOWN,Street,2.205328246011593,False,BROOKLYN,"(40.6204362, -74.0244658)",trafficstat,True,False,False,False,False,False,False,False,True,,,,,,,
2026-08-26,00:00,40.6232832,-74.0414928,BELT PKWY,11220,68,OTHER,Highway,0.14715643005002652,False,BROOKLYN,"(40.6232832, -74.0414928)",trafficstat,True,True,False,False,False,False,False,True,True,,,,,,,
2026-08-26,00:00,40.6209053,-74.0068009,74 ST,11228,68,UNKNOWN,Street,2.0295650147474547,False,BROOKLYN,"(40.6209053, -74.0068009)",trafficstat,True,False,False,False,False,False,False,True,True,,,,,,,
2026-08-26,00:00,40.6190553,-74.0397346,SHORE RD,11209,68,UNKNOWN,Street,43.04486492697117,False,BROOKLYN,"(40.6190553, -74.0397346)",trafficstat,False,False,False,False,False,False,False,False,False,,,,,,,
2026-08-25,00:00,40.6175586,-74.0100723,13 AVE,11228,68,UNKNOWN,Street,48.17255562885947,False,BROOKLYN,"(40.6175586, -74.0100723)",trafficstat,True,False,False,False,False,False,False,True,False,,,,,,,
2026-08-25,00:00,40.6048803,-74.029543,BELT PKWY,11228,68,UNKNOWN,Highway,1.9976132150711834,False,BROOKLYN,"(40.6048803, -74.029543)",trafficstat,False,False,False,False,False,False,False,False,False,,,,,,,
2026-08-25,00:00,40.6250335,-74.0060952,BAY RIDGE AVE,11219,68,UNKNOWN,Street,1.8845745782598429,False,BROOKLYN,"(40.6250335, -74.0060952)",trafficstat,True,False,False,False,False,False,False,False,True,,,,,,,
2026-08-25,00:00,40.6311569,-74.0237871,74 ST,11209,68,UNKNOWN,Street,37.0173568371891,False,BROOKLYN,"(40.6311569, -74.0237871)",trafficstat,False,False,False,False,False,False,False,False,False,,,,,,,
2026-08-24,00:00,40.6048185,-74.0239609,BELT PKWY,11228,68,UNKNOWN,Highway,2.452894299686835,False,BROOKLYN,"(40.6048185, -74.0239609)",trafficstat,False,False,False,False,False,False,False,False,False,,,,,,,
2026-06-14,00:00,40.6048185,-74.0239609,BELT PKWY,11228,68,UNKNOWN,Highway,2.452894299686835,False,BROOKLYN,"(40.6048185, -74.0239609)",trafficstat,True,False,False,False,False,False,False,False,True,,,,,,,
2026-08-24,00:00,40.6152259,-74.0093933,82 ST,11228,68,UNKNOWN,Street,49.15732652381144,False,BROOKLYN,"(40.6152259, -74.0093933)",trafficstat,False,False,False,False,False,False,False,False,False,,,,,,,
2026-08-23,00:00,40.6335138,-74.0230698,OVINGTON AVE,11209,68,UNKNOWN,Street,47.91166039433226,False,BROOKLYN,"(40.6335138, -74.0230698)",trafficstat,False,False,False,False,False,False,False,False,False,,,,,,,
2026-08-23,00:00,40.6355202,-74.0166961,65 ST,11220,68,UNKNOWN,Street,1.8445244254146405,False,BROOKLYN,"(40.6355202, -74.0166961)",trafficstat,True,False,False,False,False,False,False,True,False,,,,,,,
2026-08-21,00:00,40.6355202,-74.0166961,65 ST,11220,68,UNKNOWN,Street,1.8445244254146405,False,BROOKLYN,"(40.6355202, -74.0166961)",trafficstat,True,False,False,False,False,False,False,False,True,,,,,,,
2026-08-10,00:00,40.6355202,-74.0166961,65 ST,11220,68,OTHER,Street,1.8445244254146405,False,BROOKLYN,"(40.6355202, -74.0166961)",trafficstat,True,False,False,False,False,False,False,True,False,,,,,,,
2026-08-06,00:00,40.6355202,-74.0166961,65 ST,11220,68,UNKNOWN,Street,1.8445244254146405,False,BROOKLYN,"(40.6355202, -74.0166961)",trafficstat,True,False,False,True,False,False,False,False,False,,,,,,,
2026-07-25,00:00,40.6355202,-74.0166961,65 ST,11220,68,OTHER,Street,1.8445244254146405,False,BROOKLYN,"(40.6355202, -74.0166961)",trafficstat,False,False,False,False,False,False,False,False,False,,,,,,,
2026-07-11,00:00,40.6355202,-74.0166961,65 ST,11220,68,UNKNOWN,Street,1.8445244254146405,False,BROOKLYN,"(40.6355202, -74.0166961)",trafficstat,True,False,False,False,False,False,False,True,False,,,,,,,
2026-06-19,00:00,40.6355202,-74.0166961,65 ST,11220,68,UNKNOWN,Street,1.8445244254146405,False,BROOKLYN,"(40.6355202, -74.0166961)",trafficstat,True,False,False,False,False,True,False,False,False,,,,,,,
2026-08-22,00:00,40.6261366,-74.0064482,OVINGTON AVE,11219,68,UNKNOWN,Street,51.28338728857701,False,BROOKLYN,"(40.6261366, -74.0064482)",trafficstat,True,False,False,False,False,False,False,False,True,,,,,,,
2026-08-22,00:00,40.6200024,-74.0103338,77 ST,11228,68,UNKNOWN,Street,49.35544939507914,False,BROOKLYN,"(40.6200024, -74.0103338)",trafficstat,False,False,False,False,False,False,False,False,False,,,,,,,
2026-08-22,00:00,40.6183406,-74.0301742,4 AVE,11209,68,OTHER,Street,1.1750402318972648,False,BROOKLYN,"(40.6183406, -74.0301742)",trafficstat,True,False,False,False,False,False,False,True,False,,,,,,,
2026-07-13,00:00,40.6183406,-74.0301742,4 AVE,11209,68,UNKNOWN,Street,1.1750402318972648,False,BROOKLYN,"(40.6183406, -74.0301742)",trafficstat,False,False,False,False,False,False,False,False,False,,,,,,,
2026-06-24,00:00,40.6183406,-74.0301742,4 AVE,11209,68,UNKNOWN,Street,1.1750402318972648,False,BROOKLYN,"(40.6183406, -74.0301742)",trafficstat,True,False,True,False,False,False,False,False,False,,,,,,,
2026-08-21,00:00,40.6279276,-74.0249844,78 ST,11209,68,OTHER,Street,52.631704319577956,False,BROOKLYN,"(40.6279276, -74.0249844)",trafficstat,False,False,False,False,False,False,False,False,False,,,,,,,
2026-08-21,00:00,40.640094,-74.0262638,RIDGE BLVD,11220,68,OTHER,Street,2.133548115747056,False,BROOKLYN,"(40.640094, -74.0262638)",trafficstat,True,False,False,False,False,True,False,False,False,,,,,,,
2026-08-21,00:00,40.6330656,-74.0122935,8 AVE,11220,68,UNKNOWN,Street,43.45469025675481,False,BROOKLYN,"(40.6330656, -74.0122935)",trafficstat,False,False,False,False,False,False,False,False,False,,,,,,,
2026-08-20,00:00,40.6376075,-74.025272,3 AVE,11220,68,UNKNOWN,Street,1.3491107115291587,False,BROOKLYN,"(40.6376075, -74.025272)",trafficstat,True,False,True,False,False,False,False,False,False,,,,,,,
2026-08-20,00:00,40.6246548,-73.9993191,65 ST,11219,68,OTHER,Street,1.935741364229576,False,BROOKLYN,"(40.6246548, -73.9993191)",trafficstat,True,False,True,False,False,False,False,False,False,,,,,,,
2026-08-20,00:00,40.629974,-74.008125,65 ST,11219,68,UNKNOWN,Street,1.4519576973164423,False,BROOKLYN,"(40.629974, -74.008125)",trafficstat,False,False,False,False,False,False,False,False,False,,,,,,,
2026-08-20,00:00,40.6308306,-74.0250856,4 AVE,11209,68,OTHER,Street,1.5024283549307438,False,BROOKLYN,"(40.6308306, -74.0250856)",trafficstat,False,False,False,False,False,False,False,False,False,,,,,,,
2026-08-20,00:00,40.6277016,-73.9997298,62 ST,11219,68,OTHER,Street,1.835701699479114,False,BROOKLYN,"(40.6277016, -73.9997298)",trafficstat,True,False,False,False,False,False,True,False,True,,,,,,,
2026-08-20,00:00,40.6205383,-74.0221151,GOWANUS EXPRESSWAY EB EN 86 ST,,68,UNKNOWN,Ramp,5.740207948809534,False,BROOKLYN,"(40.6205383, -74.0221151)",trafficstat,True,False,False,False,False,False,False,True,False,,,,,,,
2026-08-19,00:00,40.6216242,-74.0335874,89 ST,11209,68,UNKNOWN,Street,50.50640442988594,False,BROOKLYN,"(40.6216242, -74.0335874)",trafficstat,False,False,False,False,False,False,False,False,False,,,,,,,
2026-08-19,00:00,40.604602,-74.0221098,BELT PKWY,11228,68,UNKNOWN,Highway,0.18591237525562035,False,BROOKLYN,"(40.604602, -74.0221098)",trafficstat,True,False,False,False,False,False,False,True,False,,,,,,,
2026-08-18,00:00,40.6216352,-74.0096287,BAY RIDGE PKWY,11228,68,UNKNOWN,Street,1.6539390893872288,False,BROOKLYN,"(40.6216352, -74.0096287)",trafficstat,True,False,False,True,False,False,False,False,False,,,,,,,
2026-08-18,00:00,40.633105,-74.0281084,73 ST,11209,68,UNKNOWN,Street,18.11904750767587,False,BROOKLYN,"(40.633105, -74.0281084)",trafficstat,False,False,False,False,False,False,False,False,False,,,,,,,
2026-08-18,00:00,40.6339615,-74.0147538,7 AVE,11220,68,UNKNOWN,Street,1.586118168920149,False,BROOKLYN,"(40.6339615, -74.0147538)",trafficstat,False,False,False,False,False,False,False,False,False,,,,,,,
2026-08-11,00:00,40.6339615,-74.0147538,7 AVE,11220,68,OTHER,Street,1.586118168920149,False,BROOKLYN,"(40.6339615, -74.0147538)",trafficstat,True,False,False,False,False,False,False,True,False,,,,,,,
2026-07-24,00:00,40.6339615,-74.0147538,7 AVE,11220,68,UNKNOWN,Street,1.586118168920149,False,BROOKLYN,"(40.6339615, -74.0147538)",trafficstat,True,False,False,False,False,False,True,False,False,,,,,,,
2026-06-26,00:00,40.6339615,-74.0147538,7 AVE,11220,68,UNKNOWN,Street,1.586118168920149,False,BROOKLYN,"(40.6339615, -74.0147538)",trafficstat,False,False,False,False,False,False,False,False,False,,,,,,,
2026-06-13,00:00,40.6339615,-74.0147538,7 AVE,11220,68,UNKNOWN,Street,1.586118168920149,False,BROOKLYN,"(40.6339615, -74.0147538)",trafficstat,True,False,False,False,False,False,False,False,True,,,,,,,
2026-08-17,00:00,40.6326333,-74.0125341,8 AVE,11220,68,UNKNOWN,Street,2.041298166600126,False,BROOKLYN,"(40.6326333, -74.0125341)",trafficstat,False,False,False,False,False,False,False,False,False,,,,,,,
2026-08-05,00:00,40.6326333,-74.0125341,8 AVE,11220,68,OTHER,Street,2.041298166600126,False,BROOKLYN,"(40.6326333, -74.0125341)",trafficstat,True,False,True,False,False,False,False,False,False,,,,,,,
2026-07-13,00:00,40.6326333,-74.0125341,8 AVE,11220,68,UNKNOWN,Street,2.041298166600126,False,BROOKLYN,"(40.6326333, -74.0125341)",trafficstat,True,False,False,False,False,False,False,True,False,,,,,,,
2026-07-11,00:00,40.6326333,-74.0125341,8 AVE,11220,68,UNKNOWN,Street,2.041298166600126,False,BROOKLYN,"(40.6326333, -74.0125341)",trafficstat,True,False,False,False,False,True,False,False,False,,,,,,,
2026-08-17,00:00,40.6101898,-74.03547,BELT PKWY,11220,68,UNKNOWN,Highway,0.6332238694601957,False,BROOKLYN,"(40.6101898, -74.03547)",trafficstat,False,False,False,False,False,False,False,False,False,,,,,,,
2026-06-30,00:00,40.6101898,-74.03547,BELT PKWY,11220,68,UNKNOWN,Highway,0.6332238694601957,False,BROOKLYN,"(40.6101898, -74.03547)",trafficstat,True,False,False,False,False,False,False,True,False,,,,,,,
2026-08-16,00:00,40.6198668,-74.0117417,12 AVE,11228,68,UNKNOWN,Street,57.31274190839419,False,BROOKLYN,"(40.6198668, -74.0117417)",trafficstat,False,False,False,False,False,False,False,False,False,,,,,,,
2026-08-16,00:00,40.6298311,-74.0122686,68 ST,11220,68,UNKNOWN,Street,43.37483449558644,False,BROOKLYN,"(40.6298311, -74.0122686)",trafficstat,False,False,False,False,False,False,False,False,False,,,,,,,
2026-08-15,00:00,40.623814,-74.0267095,84 ST,11209,68,UNKNOWN,Street,35.26446137190504,False,BROOKLYN,"(40.623814, -74.0267095)",trafficstat,False,False,False,False,False,False,False,False,False,,,,,,,
2026-08-15,00:00,40.6321786,-74.0217072,5 AVE,11209,68,UNKNOWN,Street,43.791642580706956,False,BROOKLYN,"(40.6321786, -74.0217072)",trafficstat,False,False,False,False,False,False,False,False,False,,,,,,,
2026-08-15,00:00,40.6353187,-74.0232354,4 AVE,11220,68,UNKNOWN,Street,1.2129243365114388,False,BROOKLYN,"(40.6353187, -74.0232354)",trafficstat,False,False,False,False,False,False,False,False,False,,,,,,,