crash_date,crash_time,latitude,longitude,on_street_name,zip_code,precinct,collision_type,roadway_type,geocode_dist_feet,time_is_known,borough,location,source,injury,fatality,injured_pedestrian,injured_cyclist,injured_ebike_rider,injured_motorcyclist,injured_moped_rider,injured_car_occupant,injured_suv_occupant,number_of_persons_injured,number_of_persons_killed,contributing_factor_vehicle_1,collision_id,cross_street_name,off_street_name,vehicle_type_code1
2026-08-15,00:00,40.6228118,-74.0014479,14 AVE,11219,68,OTHER,Street,44.183783856269194,False,BROOKLYN,"(40.6228118, -74.0014479)",trafficstat,True,False,False,False,False,False,False,False,True,,,,,,,
2026-08-14,00:00,40.6203041,-74.0074276,13 AVE,11228,68,UNKNOWN,Street,1.835299742346839,False,BROOKLYN,"(40.6203041, -74.0074276)",trafficstat,False,False,False,False,False,False,False,False,False,,,,,,,
2026-08-14,00:00,40.6390591,-74.0366801,BAY RIDGE AVE,11220,68,UNKNOWN,Street,2.6417384771804917,False,BROOKLYN,"(40.6390591, -74.0366801)",trafficstat,False,False,False,False,False,False,False,False,False,,,,,,,
2026-08-13,00:00,40.6372129,-74.0221984,SHORE RD  DRIVE,11220,68,OTHER,Street,1.5962849959727359,False,BROOKLYN,"(40.6372129, -74.0221984)",trafficstat,True,False,False,False,False,False,False,True,False,,,,,,,
2026-07-26,00:00,40.6372129,-74.0221984,SHORE RD  DRIVE,11220,68,UNKNOWN,Street,1.5962849959727359,False,BROOKLYN,"(40.6372129, -74.0221984)",trafficstat,True,False,False,False,False,True,False,False,False,,,,,,,
2026-07-08,00:00,40.6372129,-74.0221984,SHORE RD  DRIVE,11220,68,UNKNOWN,Street,1.5962849959727359,False,BROOKLYN,"(40.6372129, -74.0221984)",trafficstat,True,False,False,False,False,False,False,True,False,,,,,,,
2026-08-13,00:00,40.624881,-74.019633,7 AVE,11228,68,UNKNOWN,Street,1.1872454067436826,False,BROOKLYN,"(40.624881, -74.019633)",trafficstat,False,False,False,False,False,False,False,False,False,,,,,,,
2026-08-13,00:00,40.6153059,-74.0155071,86 ST,11228,68,OTHER,Street,80.7275814535414,False,BROOKLYN,"(40.6153059, -74.0155071)",trafficstat,False,False,False,False,False,False,False,False,False,,,,,,,
2026-08-13,00:00,40.6056787,-74.0309407,BELT PKWY,11228,68,UNKNOWN,Highway,2.2510488099732346,False,BROOKLYN,"(40.6056787, -74.0309407)",trafficstat,True,False,False,False,False,False,False,True,False,,,,,,,
2026-07-02,00:00,40.6056787,-74.0309407,BELT PKWY,11228,68,UNKNOWN,Highway,2.2510488099732346,False,BROOKLYN,"(40.6056787, -74.0309407)",trafficstat,False,False,False,False,False,False,False,False,False,,,,,,,
2026-06-15,00:00,40.6056787,-74.0309407,BELT PKWY,11228,68,OTHER,Highway,2.2510488099732346,False,BROOKLYN,"(40.6056787, -74.0309407)",trafficstat,False,False,False,False,False,False,False,False,False,,,,,,,
2026-08-12,00:00,40.6325798,-74.0213754,5 AVE,11209,68,OTHER,Street,0.8810610021490667,False,BROOKLYN,"(40.6325798, -74.0213754)",trafficstat,True,False,True,False,False,False,False,False,False,,,,,,,
2026-08-12,00:00,40.6355763,-74.0260249,3 AVE,11209,68,UNKNOWN,Street,22.148219471010826,False,BROOKLYN,"(40.6355763, -74.0260249)",trafficstat,True,False,False,False,True,False,False,False,False,,,,,,,
2026-08-11,00:00,40.6381209,-74.0247533,3 AVE,11220,68,UNKNOWN,Street,2.484460634184995,False,BROOKLYN,"(40.6381209, -74.0247533)",trafficstat,True,False,False,False,False,False,False,True,False,,,,,,,
2026-08-11,00:00,40.640774,-74.0291611,COLONIAL RD,11220,68,OTHER,Street,2.151319404247239,False,BROOKLYN,"(40.640774, -74.0291611)",trafficstat,False,False,False,False,False,False,False,False,False,,,,,,,
2026-07-19,00:00,40.640774,-74.0291611,COLONIAL RD,11220,68,UNKNOWN,Street,2.151319404247239,False,BROOKLYN,"(40.640774, -74.0291611)",trafficstat,False,False,False,False,False,False,False,False,False,,,,,,,
2026-08-11,00:00,40.6272435,-74.0235568,5 AVE,11209,68,UNKNOWN,Street,1.1169178276345089,False,BROOKLYN,"(40.6272435, -74.0235568)",trafficstat,True,False,False,False,False,False,False,False,False,,,,,,,
2026-08-11,00:00,40.6206504,-74.0320381,3 AVE,11209,68,UNKNOWN,Street,46.92051767633984,False,BROOKLYN,"(40.6206504, -74.0320381)",trafficstat,True,False,False,False,False,False,False,False,True,,,,,,,
2026-08-10,00:00,40.619441,-74.0321082,92 ST,11209,68,UNKNOWN,Street,37.787106133696554,False,BROOKLYN,"(40.619441, -74.0321082)",trafficstat,False,False,False,False,False,False,False,False,False,,,,,,,
2026-08-10,00:00,40.6232535,-74.011975,BAY RIDGE PKWY,11228,68,OTHER,Street,55.83646147100971,False,BROOKLYN,"(40.6232535, -74.011975)",trafficstat,True,False,False,True,False,False,False,False,False,,,,,,,
2026-08-10,00:00,40.6336671,-74.0128246,64 ST,11220,68,UNKNOWN,Street,36.66090835313732,False,BROOKLYN,"(40.6336671, -74.0128246)",trafficstat,False,False,False,False,False,False,False,False,False,,,,,,,
2026-08-09,00:00,40.6228004,-74.0200301,GOWANUS EXPRESSWAY EB EXIT 18,11209,68,UNKNOWN,Ramp,2.836310885960351,False,BROOKLYN,"(40.6228004, -74.0200301)",trafficstat,True,False,False,False,False,True,False,False,False,,,,,,,
2026-07-28,00:00,40.6228004,-74.0200301,GOWANUS EXPRESSWAY EB EXIT 18,11209,68,UNKNOWN,Ramp,2.836310885960351,False,BROOKLYN,"(40.6228004, -74.0200301)",trafficstat,False,False,False,False,False,False,False,False,False,,,,,,,
2026-08-09,00:00,40.6050231,-74.0292837,BELT PKWY,11228,68,OTHER,Highway,2.497239018269036,False,BROOKLYN,"(40.6050231, -74.0292837)",trafficstat,False,False,False,False,False,False,False,False,False,,,,,,,
2026-08-09,00:00,40.6046282,-74.0277026,BELT PKWY,11228,68,UNKNOWN,Highway,0.06926314794481812,False,BROOKLYN,"(40.6046282, -74.0277026)",trafficstat,True,False,False,False,False,False,False,True,False,,,,,,,
2026-08-08,00:00,40.6151366,-74.0228281,7 AVE,11228,68,UNKNOWN,Street,66.39349799550139,False,BROOKLYN,"(40.6151366, -74.0228281)",trafficstat,False,False,False,False,False,False,False,False,False,,,,,,,
2026-08-08,00:00,40.6235646,-74.0112068,11 AVE,11228,68,UNKNOWN,Street,2.3080017061385227,False,BROOKLYN,"(40.6235646, -74.0112068)",trafficstat,True,False,False,False,False,False,False,True,False,,,,,,,
2026-08-08,00:00,40.6282547,-74.0049126,65 ST,11219,68,UNKNOWN,Street,61.601943370231695,False,BROOKLYN,"(40.6282547, -74.0049126)",trafficstat,False,False,False,False,False,False,False,False,False,,,,,,,
2026-08-07,00:00,40.6243201,-74.0247518,5 AVE,11209,68,OTHER,Street,0.9363538613560651,False,BROOKLYN,"(40.6243201, -74.0247518)",trafficstat,True,False,False,False,False,False,False,False,True,,,,,,,
2026-08-07,00:00,40.624774,-74.0190904,GOWANUS EXPY,11209,68,UNKNOWN,Highway,0.06185158211466315,False,BROOKLYN,"(40.624774, -74.0190904)",trafficstat,True,False,False,False,False,False,False,False,True,,,,,,,
2026-08-07,00:00,40.6153845,-74.0161184,86 ST,11228,68,OTHER,Street,2.021170709679877,False,BROOKLYN,"(40.6153845, -74.0161184)",trafficstat,False,False,False,False,False,False,False,False,False,,,,,,,
2026-08-06,00:00,40.6186558,-74.0198941,85 ST,11228,68,UNKNOWN,Street,2.22994302743139,False,BROOKLYN,"(40.6186558, -74.0198941)",trafficstat,True,False,False,True,False,False,False,False,False,,,,,,,
2026-08-05,00:00,40.6178667,-74.0269678,FORT HAMILTON PKWY,11209,68,UNKNOWN,Street,58.629676427232546,False,BROOKLYN,"(40.6178667, -74.0269678)",trafficstat,False,False,False,False,False,False,False,False,False,,,,,,,
2026-08-05,00:00,40.6129892,-74.0352958,101 ST,11209,68,UNKNOWN,Street,28.481094717379197,False,BROOKLYN,"(40.6129892, -74.0352958)",trafficstat,False,False,False,False,False,False,False,False,False,,,,,,,
2026-08-05,00:00,40.6207704,-74.0253363,GELSTON AVE,11209,68,UNKNOWN,Street,49.61642345161834,False,BROOKLYN,"(40.6207704, -74.0253363)",trafficstat,True,False,True,False,False,False,False,False,False,,,,,,,
2026-08-04,00:00,40.6207704,-74.0253363,GELSTON AVE,11209,68,UNKNOWN,Street,49.61642345161834,False,BROOKLYN,"(40.6207704, -74.0253363)",trafficstat,False,False,False,False,False,False,False,False,False,,,,,,,
2026-08-05,00:00,40.6367221,-74.0190723,GOWANUS EXPY,11220,68,UNKNOWN,Highway,1.4016617704611716,False,BROOKLYN,"(40.6367221, -74.0190723)",trafficstat,True,False,False,False,False,False,False,True,False,,,,,,,
2026-08-04,00:00,40.6192761,-74.0295824,4 AVE,11209,68,UNKNOWN,Street,56.88770774119262,False,BROOKLYN,"(40.6192761, -74.0295824)",trafficstat,False,False,False,False,False,False,False,False,False,,,,,,,
2026-08-04,00:00,40.6227844,-74.0280324,86 ST,11209,68,UNKNOWN,Street,49.10196739374508,False,BROOKLYN,"(40.6227844, -74.0280324)",trafficstat,False,False,False,False,False,False,False,False,False,,,,,,,
2026-08-04,00:00,40.611953,-74.0318569,FORT HAMILTON PKWY,11209,68,UNKNOWN,Street,1.6722257594191696,False,BROOKLYN,"(40.611953, -74.0318569)",trafficstat,False,False,False,False,False,False,False,False,False,,,,,,,
2026-08-03,00:00,40.6065538,-74.0325401,BELT PKWY,11228,68,UNKNOWN,Highway,2.786209755846034,False,BROOKLYN,"(40.6065538, -74.0325401)",trafficstat,True,False,False,False,False,False,False,True,False,,,,,,,
2026-08-03,00:00,40.6209975,-74.0264608,5 AVE,11209,68,UNKNOWN,Street,43.46975158605614,False,BROOKLYN,"(40.6209975, -74.0264608)",trafficstat,False,False,False,False,False,False,False,False,False,,,,,,,
2026-08-03,00:00,40.6285079,-74.0223665,76 ST,11209,68,UNKNOWN,Street,44.868262185750154,False,BROOKLYN,"(40.6285079, -74.0223665)",trafficstat,False,False,False,False,False,False,False,False,False,,,,,,,
2026-08-02,00:00,40.6280621,-74.0202788,6 AVE,11209,68,UNKNOWN,Street,0.8092220477723434,False,BROOKLYN,"(40.6280621, -74.0202788)",trafficstat,True,False,True,False,False,False,False,False,False,,,,,,,
2026-07-23,00:00,40.6280621,-74.0202788,6 AVE,11209,68,UNKNOWN,Street,0.8092220477723434,False,BROOKLYN,"(40.6280621, -74.0202788)",trafficstat,False,False,False,False,False,False,False,False,False,,,,,,,
2026-07-15,00:00,40.6280621,-74.0202788,6 AVE,11209,68,OTHER,Street,0.8092220477723434,False,BROOKLYN,"(40.6280621, -74.0202788)",trafficstat,True,False,True,False,False,False,False,False,False,,,,,,,
2026-08-02,00:00,40.6321752,-74.0123291,65 ST,11220,68,UNKNOWN,Street,97.62938944105996,False,BROOKLYN,"(40.6321752, -74.0123291)",trafficstat,False,False,False,False,False,False,False,False,False,,,,,,,
2026-08-02,00:00,40.626146,-74.0414189,BELT PKWY,11220,68,UNKNOWN,Highway,5.781192536075459,False,BROOKLYN,"(40.626146, -74.0414189)",trafficstat,True,False,False,False,False,False,False,True,False,,,,,,,
2026-08-02,00:00,40.6174882,-74.0250749,GOWANUS EXPY,11209,68,UNKNOWN,Highway,0.47270081913088585,False,BROOKLYN,"(40.6174882, -74.0250749)",trafficstat,False,False,False,False,False,False,False,False,False,,,,,,,
2026-08-01,00:00,40.6366687,-74.0256643,3 AVE,11220,68,OTHER,Street,1.6008008728663452,False,BROOKLYN,"(40.6366687, -74.0256643)",trafficstat,True,False,False,False,False,False,False,True,False,,,,,,,
2026-07-30,00:00,40.6366687,-74.0256643,3 AVE,11220,68,UNKNOWN,Street,1.6008008728663452,False,BROOKLYN,"(40.6366687, -74.0256643)",trafficstat,False,False,False,False,False,False,False,False,False,,,,,,,
2026-08-01,00:00,40.6344275,-74.0257664,OVINGTON AVE,11209,68,UNKNOWN,Street,51.82266207787703,False,BROOKLYN,"(40.6344275, -74.0257664)",trafficstat,False,False,False,False,False,False,False,False,False,,,,,,,
2026-07-31,00:00,40.6361066,-74.0229114,4 AVE,11220,68,OTHER,Street,0.9398240766503079,False,BROOKLYN,"(40.6361066, -74.0229114)",trafficstat,False,False,False,False,False,False,False,False,False,,,,,,,
2026-07-31,00:00,40.6367852,-74.0189663,5 AVE,11220,68,OTHER,Street,1.8169147775326935,False,BROOKLYN,"(40.6367852, -74.0189663)",trafficstat,True,False,False,True,False,False,False,False,False,,,,,,,
2026-07-31,00:00,40.6291044,-74.0346392,COLONIAL RD,11209,68,UNKNOWN,Street,1.5754262197777311,False,BROOKLYN,"(40.6291044, -74.0346392)",trafficstat,True,False,False,True,False,False,False,False,False,,,,,,,
2026-07-30,00:00,40.6271444,-74.0003134,63 ST,11219,68,OTHER,Street,2.1245891283814746,False,BROOKLYN,"(40.6271444, -74.0003134)",trafficstat,True,False,False,False,False,True,False,False,False,,,,,,,
2026-07-30,00:00,40.6365493,-74.0185101,GOWANUS EXPY,11220,68,UNKNOWN,Highway,11.423473643559735,False,BROOKLYN,"(40.6365493, -74.0185101)",trafficstat,True,False,False,False,False,False,False,False,True,,,,,,,
2026-07-22,00:00,40.6365493,-74.0185101,GOWANUS EXPY,11220,68,OTHER,Highway,11.423473643559735,False,BROOKLYN,"(40.6365493, -74.0185101)",trafficstat,False,False,False,False,False,False,False,False,False,,,,,,,
2026-06-26,00:00,40.6365493,-74.0185101,GOWANUS EXPY,11220,68,UNKNOWN,Highway,11.423473643559735,False,BROOKLYN,"(40.6365493, -74.0185101)",trafficstat,False,False,False,False,False,False,False,False,False,,,,,,,
2026-06-18,00:00,40.6365493,-74.0185101,GOWANUS EXPY,11220,68,UNKNOWN,Highway,11.423473643559735,False,BROOKLYN,"(40.6365493, -74.0185101)",trafficstat,True,False,False,False,False,False,False,False,True,,,,,,,
2026-07-30,00:00,40.6102008,-74.0353331,BELT PKWY,11220,68,UNKNOWN,Highway,0.32114214763424315,False,BROOKLYN,"(40.6102008, -74.0353331)",trafficstat,False,False,False,False,False,False,False,False,False,,,,,,,
2026-07-29,00:00,40.6243732,-74.0196883,GOWANUS EXPRESSWAY WB EXIT 19,11209,68,UNKNOWN,Ramp,2.62677474000626,False,BROOKLYN,"(40.6243732, -74.0196883)",trafficstat,True,False,False,False,False,False,False,False,True,,,,,,,
2026-07-29,00:00,40.6350619,-74.0278944,OVINGTON AVE,11209,68,UNKNOWN,Street,49.732302836027536,False,BROOKLYN,"(40.6350619, -74.0278944)",trafficstat,False,False,False,False,False,False,False,False,False,,,,,,,
2026-07-29,00:00,40.6274744,-74.007354,67 ST,11219,68,UNKNOWN,Street,41.79018069184018,False,BROOKLYN,"(40.6274744, -74.007354)",trafficstat,True,False,True,False,False,False,False,False,False,,,,,,,
2026-07-29,00:00,40.6254224,-74.0241286,5 AVE,11209,68,UNKNOWN,Street,46.15794787483906,False,BROOKLYN,"(40.6254224, -74.0241286)",trafficstat,True,False,False,False,False,False,False,False,True,,,,,,,
2026-07-28,00:00,40.6306326,-74.0092229,65 ST,11219,68,UNKNOWN,Street,2.388736170956181,False,BROOKLYN,"(40.6306326, -74.0092229)",trafficstat,True,False,False,False,False,False,False,True,True,,,,,,,
2026-07-03,00:00,40.6306326,-74.0092229,65 ST,11219,68,UNKNOWN,Street,2.388736170956181,False,BROOKLYN,"(40.6306326, -74.0092229)",trafficstat,True,False,False,False,False,False,False,True,True,,,,,,,
2026-07-27,00:00,40.6290441,-74.0057198,11 AVE,11219,68,UNKNOWN,Street,43.699647933337985,False,BROOKLYN,"(40.6290441, -74.0057198)",trafficstat,False,False,False,False,False,False,False,False,False,,,,,,,
2026-07-27,00:00,40.6239135,-74.0072587,71 ST,11228,68,UNKNOWN,Street,2.3357283475483226,False,BROOKLYN,"(40.6239135, -74.0072587)",trafficstat,False,False,False,False,False,False,False,False,False,,,,,,,
2026-07-27,00:00,40.6218227,-74.0234162,84 ST,11209,68,UNKNOWN,Street,34.11143813325321,False,BROOKLYN,"(40.6218227, -74.0234162)",trafficstat,False,False,False,False,False,False,False,False,False,,,,,,,
2026-07-27,00:00,40.6191026,-74.0382465,93 ST,11209,68,UNKNOWN,Street,41.22863840894977,False,BROOKLYN,"(40.6191026, -74.0382465)",trafficstat,False,False,False,False,False,False,False,False,False,,,,,,,
2026-07-26,00:00,40.6328366,-74.0272301,3 AVE,11209,68,UNKNOWN,Street,1.0304369414212151,False,BROOKLYN,"(40.6328366, -74.0272301)",trafficstat,False,False,False,False,False,False,False,False,False,,,,,,,
2026-07-26,00:00,40.6319596,-74.013329,8 AVE,11220,68,UNKNOWN,Street,18.74736943735357,False,BROOKLYN,"(40.6319596, -74.013329)",trafficstat,False,False,False,False,False,False,False,False,False,,,,,,,
2026-07-26,00:00,40.6291612,-74.0114275,68 ST,11219,68,UNKNOWN,Street,2.5678975078054354,False,BROOKLYN,"(40.6291612, -74.0114275)",trafficstat,False,False,False,False,False,False,False,False,False,,,,,,,
2026-07-25,00:00,40.6326449,-74.0271449,3 AVE,11209,68,UNKNOWN,Street,44.32149702969772,False,BROOKLYN,"(40.6326449, -74.0271449)",trafficstat,False,False,False,False,False,False,False,False,False,,,,,,,
2026-07-25,00:00,40.6089055,-74.0346445,BELT PKWY,11220,68,UNKNOWN,Highway,0.5965373210977308,False,BROOKLYN,"(40.6089055, -74.0346445)",trafficstat,True,False,False,False,False,False,False,True,False,,,,,,,
2026-07-24,00:00,40.6222337,-74.0056334,13 AVE,11228,68,UNKNOWN,Street,44.40698422982968,False,BROOKLYN,"(40.6222337, -74.0056334)",trafficstat,True,False,False,True,False,False,False,False,False,,,,,,,
2026-07-24,00:00,40.6351623,-74.0159773,65 ST,11220,68,UNKNOWN,Street,86.00540407353222,False,BROOKLYN,"(40.6351623, -74.0159773)",trafficstat,True,False,False,False,False,False,False,True,False,,,,,,,
2026-07-24,00:00,40.6314858,-74.0137264,8 AVE,11220,68,UNKNOWN,Street,2.174803493952359,False,BROOKLYN,"(40.6314858, -74.0137264)",trafficstat,True,False,True,False,False,False,False,False,False,,,,,,,
2026-07-24,00:00,40.6234622,-74.0310591,3 AVE,11209,68,UNKNOWN,Street,1.5282099177213013,False,BROOKLYN,"(40.6234622, -74.0310591)",trafficstat,True,False,False,False,False,False,False,False,False,,,,,,,
2026-07-24,00:00,40.6272482,-74.0100268,BAY RIDGE AVE,11219,68,UNKNOWN,Street,47.2478512420652,False,BROOKLYN,"(40.6272482, -74.0100268)",trafficstat,True,False,True,False,False,False,False,False,False,,,,,,,
2026-07-23,00:00,40.6219346,-74.0260226,5 AVE,11209,68,UNKNOWN,Street,41.28831709740789,False,BROOKLYN,"(40.6219346, -74.0260226)",trafficstat,True,False,False,False,False,False,True,False,False,,,,,,,
2026-07-23,00:00,40.6216313,-74.0401791,SHORE RD,11209,68,OTHER,Street,1.3998037087824444,False,BROOKLYN,"(40.6216313, -74.0401791)",trafficstat,False,False,False,False,False,False,False,False,False,,,,,,,
2026-07-23,00:00,40.6177231,-74.0068029,14 AVE,11228,68,UNKNOWN,Street,57.54349607153985,False,BROOKLYN,"(40.6177231, -74.0068029)",trafficstat,True,True,True,False,False,False,False,False,False,,,,,,,
2026-07-22,00:00,40.6330331,-74.0337474,BAY RIDGE PKWY,11209,68,UNKNOWN,Street,52.187510547050294,False,BROOKLYN,"(40.6330331, -74.0337474)",trafficstat,False,False,False,False,False,False,False,False,False,,,,,,,
2026-07-21,00:00,40.627693,-74.0105,BAY RIDGE AVE,11219,68,UNKNOWN,Street,2.0135934045148423,False,BROOKLYN,"(40.627693, -74.0105)",trafficstat,True,False,False,True,False,False,False,False,False,,,,,,,
2026-07-20,00:00,40.6236595,-74.0202501,GOWANUS EXPRESSWAY WB EXIT 19,11209,68,UNKNOWN,Ramp,0.08813912111180155,False,BROOKLYN,"(40.6236595, -74.0202501)",trafficstat,False,False,False,False,False,False,False,False,False,,,,,,,
2026-07-19,00:00,40.6214926,-74.0262132,86 ST,11209,68,UNKNOWN,Street,1.7153770873246614,False,BROOKLYN,"(40.6214926, -74.0262132)",trafficstat,False,False,False,False,False,False,False,False,False,,,,,,,
2026-07-18,00:00,40.6279209,-74.0262626,4 AVE,11209,68,UNKNOWN,Street,1.2760624152054236,False,BROOKLYN,"(40.6279209, -74.0262626)",trafficstat,True,False,False,False,False,False,False,True,True,,,,,,,
2026-07-18,00:00,40.616058,-74.0257501,DAHLGREN PL,11228,68,UNKNOWN,Street,1.4867325378242964,False,BROOKLYN,"(40.616058, -74.0257501)",trafficstat,False,False,False,False,False,False,False,False,False,,,,,,,
2026-07-16,00:00,40.6048593,-74.0255815,BELT PKWY,11228,68,UNKNOWN,Highway,5.062969407105613,False,BROOKLYN,"(40.6048593, -74.0255815)",trafficstat,False,False,False,False,False,False,False,False,False,,,,,,,
2026-07-04,00:00,40.6048593,-74.0255815,BELT PKWY,11228,68,OTHER,Highway,5.062969407105613,False,BROOKLYN,"(40.6048593, -74.0255815)",trafficstat,False,False,False,False,False,False,False,False,False,,,,,,,
2026-07-16,00:00,40.6273117,-74.0037214,65 ST,11219,68,UNKNOWN,Street,2.081294470676716,False,BROOKLYN,"(40.6273117, -74.0037214)",trafficstat,False,False,False,False,False,False,False,False,False,,,,,,,
2026-07-16,00:00,40.6348626,-74.0232125,4 AVE,11220,68,UNKNOWN,Street,56.06426179620825,False,BROOKLYN,"(40.6348626, -74.0232125)",trafficstat,True,False,True,False,False,False,False,False,False,,,,,,,
2026-07-15,00:00,40.6068428,-74.0154969,CROPSEY AVE,11228,68,UNKNOWN,Street,1.6296752729503143,False,BROOKLYN,"(40.6068428, -74.0154969)",trafficstat,True,False,False,False,False,False,False,False,True,,,,,,,
2026-07-15,00:00,40.6222862,-74.0254105,5 AVE,11209,68,UNKNOWN,Street,50.50576375337165,False,BROOKLYN,"(40.6222862, -74.0254105)",trafficstat,False,False,False,False,False,False,False,False,False,,,,,,,
2026-07-14,00:00,40.616699,-74.0308435,4 AVE,11209,68,UNKNOWN,Street,1.6862150262054794,False,BROOKLYN,"(40.616699, -74.0308435)",trafficstat,False,False,False,False,False,False,False,False,False,,,,,,,
2026-07-14,00:00,40.6317927,-74.023475,73 ST,11209,68,OTHER,Street,34.51206135229789,False,BROOKLYN,"(40.6317927, -74.023475)",trafficstat,False,False,False,False,False,False,False,False,False,,,,,,,
2026-07-14,00:00,40.6257276,-74.0271515,4 AVE,11209,68,OTHER,Street,1.551242453736216,False,BROOKLYN,"(40.6257276, -74.0271515)",trafficstat,False,False,False,False,False,False,False,False,False,,,,,,,
2026-07-13,00:00,40.6197621,-74.0060877,BAY RIDGE PKWY,11228,68,UNKNOWN,Street,74.41532315704394,False,BROOKLYN,"(40.6197621, -74.0060877)",trafficstat,False,False,False,False,False,False,False,False,False,,,,,,,
2026-07-12,00:00,40.6275184,-74.0043826,65 ST,11219,68,UNKNOWN,Street,57.13942124768313,False,BROOKLYN,"(40.6275184, -74.0043826)",trafficstat,False,False,False,False,False,False,False,False,False,,,,,,,
2026-07-12,00:00,40.6376249,-74.0205318,65 ST,11220,68,UNKNOWN,Street,3.826821238250448,False,BROOKLYN,"(40.6376249, -74.0205318)",trafficstat,True,False,False,False,False,False,False,True,False,,,,,,,
2026-07-11,00:00,40.6267106,-74.0043518,12 AVE,11219,68,OTHER,Street,1.7010628417236744,False,BROOKLYN,"(40.6267106, -74.0043518)",trafficstat,True,False,True,False,False,False,False,False,False,,,,,,,
2026-06-13,00:00,40.6267106,-74.0043518,12 AVE,11219,68,UNKNOWN,Street,1.7010628417236744,False,BROOKLYN,"(40.6267106, -74.0043518)",trafficstat,True,False,False,False,False,False,False,False,True,,,,,,,
2026-07-11,00:00,40.6180573,-74.0205243,86 ST,11228,68,UNKNOWN,Street,1.968615101361077,False,BROOKLYN,"(40.6180573, -74.0205243)",trafficstat,True,False,False,False,False,True,False,False,False,,,,,,,
2026-06-20,00:00,40.6180573,-74.0205243,86 ST,11228,68,UNKNOWN,Street,1.968615101361077,False,BROOKLYN,"(40.6180573, -74.0205243)",trafficstat,False,False,False,False,False,False,False,False,False,,,,,,,
2026-07-11,00:00,40.6189142,-74.0336618,93 ST,11209,68,UNKNOWN,Street,40.48026904397939,False,BROOKLYN,"(40.6189142, -74.0336618)",trafficstat,True,False,False,False,False,False,False,False,True,,,,,,,
2026-07-10,00:00,40.6207206,-74.0291991,4 AVE,11209,68,UNKNOWN,Street,1.6357211200583095,False,BROOKLYN,"(40.6207206, -74.0291991)",trafficstat,True,False,True,False,False,False,False,False,False,,,,,,,
2026-07-10,00:00,40.6314994,-74.0318907,76 ST,11209,68,UNKNOWN,Street,58.0493837647042,False,BROOKLYN,"(40.6314994, -74.0318907)",trafficstat,False,False,False,False,False,False,False,False,False,,,,,,,
2026-07-09,00:00,40.6354142,-74.0156053,64 ST,11220,68,UNKNOWN,Street,23.019823044896313,False,BROOKLYN,"(40.6354142, -74.0156053)",trafficstat,False,False,False,False,False,False,False,False,False,,,,,,,
2026-07-09,00:00,40.6337239,-74.0238834,4 AVE,11209,68,UNKNOWN,Street,1.2745140616035875,False,BROOKLYN,"(40.6337239, -74.0238834)",trafficstat,True,False,False,True,False,False,False,False,False,,,,,,,
2026-07-09,00:00,40.6241319,-74.0364824,COLONIAL RD,11209,68,UNKNOWN,Street,51.37675926315093,False,BROOKLYN,"(40.6241319, -74.0364824)",trafficstat,False,False,False,False,False,False,False,False,False,,,,,,,
2026-07-08,00:00,40.6214041,-74.0289221,4 AVE,11209,68,OTHER,Street,1.5026809488147568,False,BROOKLYN,"(40.6214041, -74.0289221)",trafficstat,True,False,False,False,False,False,False,True,False,,,,,,,
2026-07-08,00:00,40.6388037,-74.0276253,RIDGE BLVD,11220,68,UNKNOWN,Street,2.0679798400703753,False,BROOKLYN,"(40.6388037, -74.0276253)",trafficstat,False,False,False,False,False,False,False,False,False,,,,,,,
2026-07-07,00:00,40.6242944,-74.0140347,10 AVE,11228,68,UNKNOWN,Street,1.7800989652474621,False,BROOKLYN,"(40.6242944, -74.0140347)",trafficstat,True,False,False,False,False,False,False,False,True,,,,,,,
2026-07-07,00:00,40.613562,-74.0389259,BELT PKWY,11220,68,UNKNOWN,Highway,6.118272534322901,False,BROOKLYN,"(40.613562, -74.0389259)",trafficstat,False,False,False,False,False,False,False,False,False,,,,,,,
2026-07-06,00:00,40.6183272,-74.0329907,3 AVE,11209,68,UNKNOWN,Street,45.76215720360578,False,BROOKLYN,"(40.6183272, -74.0329907)",trafficstat,False,False,False,False,False,False,False,False,False,,,,,,,
2026-07-06,00:00,40.6244103,-74.0053002,BAY RIDGE AVE,11219,68,UNKNOWN,Street,42.66913571091472,False,BROOKLYN,"(40.6244103, -74.0053002)",trafficstat,False,False,False,False,False,False,False,False,False,,,,,,,
2026-07-06,00:00,40.6288636,-74.0234238,76 ST,11209,68,UNKNOWN,Street,35.49590519695119,False,BROOKLYN,"(40.6288636, -74.0234238)",trafficstat,False,False,False,False,False,False,False,False,False,,,,,,,
2026-07-06,00:00,40.6342895,-74.023068,BAY RIDGE AVE,11220,68,OTHER,Street,39.85231356342863,False,BROOKLYN,"(40.6342895, -74.023068)",trafficstat,True,False,True,False,False,False,False,False,False,,,,,,,
2026-07-06,00:00,40.6343572,-74.0107438,8 AVE,11220,68,UNKNOWN,Street,1.647243349151292,False,BROOKLYN,"(40.6343572, -74.0107438)",trafficstat,False,False,False,False,False,False,False,False,False,,,,,,,
2026-07-05,00:00,40.6393206,-74.0235503,3 AVE,11220,68,UNKNOWN,Bridge,1.7221143487461432,False,BROOKLYN,"(40.6393206, -74.0235503)",trafficstat,False,False,False,False,False,False,False,False,False,,,,,,,
2026-07-04,00:00,40.6244779,-74.0252532,82 ST,11209,68,UNKNOWN,Street,44.07691904105464,False,BROOKLYN,"(40.6244779, -74.0252532)",trafficstat,False,False,False,False,False,False,False,False,False,,,,,,,