crash_date,crash_time,latitude,longitude,on_street_name,zip_code,precinct,collision_type,roadway_type,geocode_dist_feet,time_is_known,borough,location,source,injury,fatality,injured_pedestrian,injured_cyclist,injured_ebike_rider,injured_motorcyclist,injured_moped_rider,injured_car_occupant,injured_suv_occupant,number_of_persons_injured,number_of_persons_killed,contributing_factor_vehicle_1,collision_id,cross_street_name,off_street_name,vehicle_type_code1
2026-07-03,00:00,40.6274818,-74.0071366,11 AVE,11219,68,UNKNOWN,Street,1.6947206236673007,False,BROOKLYN,"(40.6274818, -74.0071366)",trafficstat,False,False,False,False,False,False,False,False,False,,,,,,,
2026-07-03,00:00,40.6184716,-74.021216,7 AVE,11228,68,UNKNOWN,Street,1.3791808210515832,False,BROOKLYN,"(40.6184716, -74.021216)",trafficstat,False,False,False,False,False,False,False,False,False,,,,,,,
2026-07-02,00:00,40.6184716,-74.021216,7 AVE,11228,68,OTHER,Street,1.3791808210515832,False,BROOKLYN,"(40.6184716, -74.021216)",trafficstat,False,False,False,False,False,False,False,False,False,,,,,,,
2026-07-02,00:00,40.6337754,-74.013096,64 ST,11220,68,UNKNOWN,Street,52.555761018887544,False,BROOKLYN,"(40.6337754, -74.013096)",trafficstat,False,False,False,False,False,False,False,False,False,,,,,,,
2026-07-02,00:00,40.622896,-74.0223882,6 AVE,11209,68,OTHER,Street,1.4038950787711257,False,BROOKLYN,"(40.622896, -74.0223882)",trafficstat,False,False,False,False,False,False,False,False,False,,,,,,,
2026-06-30,00:00,40.6046734,-74.0218829,BELT PKWY,11228,68,UNKNOWN,Highway,0.26400808811484366,False,BROOKLYN,"(40.6046734, -74.0218829)",trafficstat,False,False,False,False,False,False,False,False,False,,,,,,,
2026-06-29,00:00,40.6212263,-74.0239384,85 ST,11209,68,UNKNOWN,Street,35.10367494645487,False,BROOKLYN,"(40.6212263, -74.0239384)",trafficstat,False,False,False,False,False,False,False,False,False,,,,,,,
2026-06-29,00:00,40.6358436,-74.0363194,72 ST,11209,68,UNKNOWN,Street,33.35740212198526,False,BROOKLYN,"(40.6358436, -74.0363194)",trafficstat,False,False,False,False,False,False,False,False,False,,,,,,,
2026-06-29,00:00,40.6351085,-74.0242997,BAY RIDGE AVE,11220,68,UNKNOWN,Street,42.87162681637598,False,BROOKLYN,"(40.6351085, -74.0242997)",trafficstat,False,False,False,False,False,False,False,False,False,,,,,,,
2026-06-28,00:00,40.6394012,-74.0302617,COLONIAL RD,11220,68,UNKNOWN,Street,44.32694641581748,False,BROOKLYN,"(40.6394012, -74.0302617)",trafficstat,False,False,False,False,False,False,False,False,False,,,,,,,
2026-06-28,00:00,40.6300861,-74.0162281,70 ST,11228,68,UNKNOWN,Street,40.79209399708416,False,BROOKLYN,"(40.6300861, -74.0162281)",trafficstat,False,False,False,False,False,False,False,False,False,,,,,,,
2026-06-27,00:00,40.6319329,-74.0164913,GOWANUS EXPY,11220,68,UNKNOWN,Highway,0.09635064772461657,False,BROOKLYN,"(40.6319329, -74.0164913)",trafficstat,False,False,False,False,False,False,False,False,False,,,,,,,
2026-06-27,00:00,40.6204668,-74.037102,92 ST,11209,68,UNKNOWN,Street,37.90632178234693,False,BROOKLYN,"(40.6204668, -74.037102)",trafficstat,False,False,False,False,False,False,False,False,False,,,,,,,
2026-06-27,00:00,40.6199488,-74.0382636,OLIVER ST,11209,68,UNKNOWN,Street,60.986410928575175,False,BROOKLYN,"(40.6199488, -74.0382636)",trafficstat,False,False,False,False,False,False,False,False,False,,,,,,,
2026-06-26,00:00,40.613306,-74.0121836,86 ST,11228,68,UNKNOWN,Street,80.26216142291588,False,BROOKLYN,"(40.613306, -74.0121836)",trafficstat,False,False,False,False,False,False,False,False,False,,,,,,,
2026-06-26,00:00,40.612662,-74.0340371,4 AVE,11209,68,UNKNOWN,Street,54.201556908863935,False,BROOKLYN,"(40.612662, -74.0340371)",trafficstat,False,False,False,False,False,False,False,False,False,,,,,,,
2026-06-26,00:00,40.6357633,-74.0226357,SENATOR ST,11220,68,UNKNOWN,Street,71.16238190452728,False,BROOKLYN,"(40.6357633, -74.0226357)",trafficstat,True,False,False,False,False,False,True,False,False,,,,,,,
2026-06-26,00:00,40.6352105,-74.0149533,64 ST,11220,68,UNKNOWN,Street,33.2771086946342,False,BROOKLYN,"(40.6352105, -74.0149533)",trafficstat,False,False,False,False,False,False,False,False,False,,,,,,,
2026-06-25,00:00,40.6384355,-74.03064,COLONIAL RD,11220,68,UNKNOWN,Street,50.39798348691249,False,BROOKLYN,"(40.6384355, -74.03064)",trafficstat,False,False,False,False,False,False,False,False,False,,,,,,,
2026-06-25,00:00,40.6240582,-74.0260269,83 ST,11209,68,UNKNOWN,Street,36.59412549519497,False,BROOKLYN,"(40.6240582, -74.0260269)",trafficstat,False,False,False,False,False,False,False,False,False,,,,,,,
2026-06-25,00:00,40.6133672,-74.0122852,86 ST,11228,68,UNKNOWN,Street,80.32260907501619,False,BROOKLYN,"(40.6133672, -74.0122852)",trafficstat,False,False,False,False,False,False,False,False,False,,,,,,,
2026-06-25,00:00,40.6210873,-74.0219856,GOWANUS EXPY,11209,68,UNKNOWN,Highway,0.8775154105529356,False,BROOKLYN,"(40.6210873, -74.0219856)",trafficstat,False,False,False,False,False,False,False,False,False,,,,,,,
2026-06-25,00:00,40.6225614,-74.020945,GOWANUS EXPY,11209,68,OTHER,Highway,0.07645861543428996,False,BROOKLYN,"(40.6225614, -74.020945)",trafficstat,False,False,False,False,False,False,False,False,False,,,,,,,
2026-06-24,00:00,40.6224555,-74.0264125,85 ST,11209,68,UNKNOWN,Street,41.497808397988095,False,BROOKLYN,"(40.6224555, -74.0264125)",trafficstat,False,False,False,False,False,False,False,False,False,,,,,,,
2026-06-24,00:00,40.6224544,-74.0276673,86 ST,11209,68,UNKNOWN,Street,18.80599367565616,False,BROOKLYN,"(40.6224544, -74.0276673)",trafficstat,True,False,False,False,False,False,True,False,False,,,,,,,
2026-06-24,00:00,40.6299429,-74.006332,64 ST,11219,68,UNKNOWN,Street,18.771844009377578,False,BROOKLYN,"(40.6299429, -74.006332)",trafficstat,False,False,False,False,False,False,False,False,False,,,,,,,
2026-06-24,00:00,40.6286798,-74.02659,ALLEY,11209,68,UNKNOWN,Alley,14.677638418364886,False,BROOKLYN,"(40.6286798, -74.02659)",trafficstat,False,False,False,False,False,False,False,False,False,,,,,,,
2026-06-24,00:00,40.628039,-74.006553,66 ST,11219,68,UNKNOWN,Street,2.1035231012191726,False,BROOKLYN,"(40.628039, -74.006553)",trafficstat,True,False,True,False,False,False,False,False,False,,,,,,,
2026-06-23,00:00,40.6338325,-74.0295938,RIDGE BLVD,11209,68,OTHER,Street,46.6878108837188,False,BROOKLYN,"(40.6338325, -74.0295938)",trafficstat,False,False,False,False,False,False,False,False,False,,,,,,,
2026-06-23,00:00,40.6189988,-74.0407949,BELT PKWY,11220,68,UNKNOWN,Highway,5.868176932303965,False,BROOKLYN,"(40.6189988, -74.0407949)",trafficstat,False,False,False,False,False,False,False,False,False,,,,,,,
2026-06-23,00:00,40.6113675,-74.0348713,BELT PARKWAY EXIT 2 WB,11228,68,UNKNOWN,Ramp,1.1863886279246738,False,BROOKLYN,"(40.6113675, -74.0348713)",trafficstat,False,False,False,False,False,False,False,False,False,,,,,,,
2026-06-22,00:00,40.6114165,-74.0363062,BELT PKWY,11220,68,UNKNOWN,Highway,1.5734558482119025,False,BROOKLYN,"(40.6114165, -74.0363062)",trafficstat,True,False,False,False,False,False,False,True,True,,,,,,,
2026-06-22,00:00,40.6213676,-74.0319191,3 AVE,11209,68,UNKNOWN,Street,0.8451229076858765,False,BROOKLYN,"(40.6213676, -74.0319191)",trafficstat,True,False,False,True,False,False,False,False,False,,,,,,,
2026-06-22,00:00,40.6317068,-74.0097016,9 AVE,11220,68,UNKNOWN,Street,47.436278119911954,False,BROOKLYN,"(40.6317068, -74.0097016)",trafficstat,False,False,False,False,False,False,False,False,False,,,,,,,
2026-06-22,00:00,40.6331571,-74.0100643,63 ST,11220,68,UNKNOWN,Street,33.16073022886296,False,BROOKLYN,"(40.6331571, -74.0100643)",trafficstat,False,False,False,False,False,False,False,False,False,,,,,,,
2026-06-22,00:00,40.6363212,-74.0237778,SENATOR ST,11220,68,UNKNOWN,Street,46.307350959484616,False,BROOKLYN,"(40.6363212, -74.0237778)",trafficstat,True,False,False,False,False,False,False,False,True,,,,,,,
2026-06-20,00:00,40.6414491,-74.0296024,BELT PARKWAY EXIT 1 EB,11220,68,UNKNOWN,Ramp,1.6766456159434573,False,BROOKLYN,"(40.6414491, -74.0296024)",trafficstat,True,False,False,False,False,False,False,True,True,,,,,,,
2026-06-19,00:00,40.6341696,-74.0177946,6 AVE,11220,68,UNKNOWN,Street,1.5808584655979023,False,BROOKLYN,"(40.6341696, -74.0177946)",trafficstat,True,False,False,True,False,False,False,False,False,,,,,,,
2026-06-19,00:00,40.6249761,-74.0155262,BAY RIDGE PKWY,11228,68,OTHER,Street,64.62892145407321,False,BROOKLYN,"(40.6249761, -74.0155262)",trafficstat,True,False,False,True,False,False,False,False,False,,,,,,,
2026-06-18,00:00,40.6051381,-74.0172827,INDEPENDENCE AVE,11228,68,OTHER,Street,1.8724281880736509,False,BROOKLYN,"(40.6051381, -74.0172827)",trafficstat,True,False,False,False,False,False,False,True,True,,,,,,,
2026-06-18,00:00,40.6383922,-74.036674,BELT PKWY,11220,68,UNKNOWN,Highway,1.0957309996287363,False,BROOKLYN,"(40.6383922, -74.036674)",trafficstat,True,False,False,False,False,False,False,True,True,,,,,,,
2026-06-17,00:00,40.6337993,-74.0111137,63 ST,11220,68,OTHER,Street,35.89505338180809,False,BROOKLYN,"(40.6337993, -74.0111137)",trafficstat,False,False,False,False,False,False,False,False,False,,,,,,,
2026-06-17,00:00,40.623136,-74.0078247,12 AVE,11228,68,UNKNOWN,Street,55.00451291535789,False,BROOKLYN,"(40.623136, -74.0078247)",trafficstat,True,False,False,False,False,False,False,True,False,,,,,,,
2026-06-15,00:00,40.6340074,-74.0224487,BAY RIDGE AVE,11220,68,UNKNOWN,Street,39.414735218504845,False,BROOKLYN,"(40.6340074, -74.0224487)",trafficstat,False,False,False,False,False,False,False,False,False,,,,,,,
2026-06-14,00:00,40.6243405,-74.0137026,10 AVE,11228,68,UNKNOWN,Street,63.66927492732168,False,BROOKLYN,"(40.6243405, -74.0137026)",trafficstat,True,False,False,False,False,False,False,False,False,,,,,,,
2026-06-13,00:00,40.6300229,-74.0283818,3 AVE,11209,68,UNKNOWN,Street,0.7529367868154445,False,BROOKLYN,"(40.6300229, -74.0283818)",trafficstat,True,False,False,False,False,False,False,True,False,,,,,,,
2026-06-13,00:00,40.6181416,-74.0287953,5 AVE,11209,68,UNKNOWN,Street,70.38097575807808,False,BROOKLYN,"(40.6181416, -74.0287953)",trafficstat,False,False,False,False,False,False,False,False,False,,,,,,,
2026-06-13,00:00,40.6203661,-74.0269958,88 ST,11209,68,OTHER,Street,45.103701716329496,False,BROOKLYN,"(40.6203661, -74.0269958)",trafficstat,False,False,False,False,False,False,False,False,False,,,,,,,
2026-06-12,00:00,40.6235628,-74.004248,13 AVE,11228,68,UNKNOWN,Street,43.509559273866614,False,BROOKLYN,"(40.6235628, -74.004248)",trafficstat,True,False,False,False,False,False,False,False,False,,,,,,,
2026-06-12,00:00,40.6236905,-74.0146614,10 AVE,11228,68,UNKNOWN,Street,2.4205581008215558,False,BROOKLYN,"(40.6236905, -74.0146614)",trafficstat,False,False,False,False,False,False,False,False,False,,,,,,,
2026-06-12,00:00,40.6319062,-74.0097058,9 AVE,11220,68,OTHER,Street,1.4822978176345314,False,BROOKLYN,"(40.6319062, -74.0097058)",trafficstat,True,False,True,False,False,False,False,False,False,,,,,,,
2026-09-13,00:00,40.6541719,-73.895946,STANLEY AVE,11207,69,UNKNOWN,Street,2.876324690247608,False,BROOKLYN,"(40.6541719, -73.895946)",trafficstat,True,False,False,False,False,False,False,True,False,,,,,,,
2026-09-11,00:00,40.6414817,-73.8944908,E  100 ST,11236,69,OTHER,Street,57.29562574106526,False,BROOKLYN,"(40.6414817, -73.8944908)",trafficstat,False,False,False,False,False,False,False,False,False,,,,,,,
2026-09-11,00:00,40.6308211,-73.8863559,SHORE PKWY,11236,69,OTHER,Street,2.7288357563842713,False,BROOKLYN,"(40.6308211, -73.8863559)",trafficstat,True,False,True,False,False,False,False,False,False,,,,,,,
2026-08-25,00:00,40.6308211,-73.8863559,SHORE PKWY,11236,69,OTHER,Street,2.7288357563842713,False,BROOKLYN,"(40.6308211, -73.8863559)",trafficstat,True,False,False,False,False,False,False,True,False,,,,,,,
2026-07-25,00:00,40.6308211,-73.8863559,SHORE PKWY,11236,69,UNKNOWN,Street,2.7288357563842713,False,BROOKLYN,"(40.6308211, -73.8863559)",trafficstat,False,False,False,False,False,False,False,False,False,,,,,,,
2026-09-11,00:00,40.633697,-73.8842083,E  102 ST,11236,69,UNKNOWN,Street,211.83197404999834,False,BROOKLYN,"(40.633697, -73.8842083)",trafficstat,False,False,False,False,False,False,False,False,False,,,,,,,
2026-09-10,00:00,40.6297098,-73.9048538,PAERDEGAT 10 ST,11236,69,OTHER,Street,1.599089205666998,False,BROOKLYN,"(40.6297098, -73.9048538)",trafficstat,True,False,True,False,False,False,False,False,False,,,,,,,
2026-08-16,00:00,40.6297098,-73.9048538,PAERDEGAT 10 ST,11236,69,UNKNOWN,Street,1.599089205666998,False,BROOKLYN,"(40.6297098, -73.9048538)",trafficstat,False,False,False,False,False,False,False,False,False,,,,,,,
2026-09-10,00:00,40.6432087,-73.8998991,ROCKAWAY PKWY,11236,69,UNKNOWN,Street,55.73694824350135,False,BROOKLYN,"(40.6432087, -73.8998991)",trafficstat,True,False,False,False,False,False,False,False,True,,,,,,,
2026-09-10,00:00,40.6421147,-73.9030597,E  94 ST,11236,69,OTHER,Street,1.7706851524579315,False,BROOKLYN,"(40.6421147, -73.9030597)",trafficstat,True,False,True,False,False,False,False,False,False,,,,,,,
2026-09-09,00:00,40.6358291,-73.8922567,ROCKAWAY PKWY,11236,69,OTHER,Street,66.41268081001677,False,BROOKLYN,"(40.6358291, -73.8922567)",trafficstat,False,False,False,False,False,False,False,False,False,,,,,,,
2026-09-08,00:00,40.6348165,-73.9099555,E  82 ST,11236,69,UNKNOWN,Street,1.5813632124323445,False,BROOKLYN,"(40.6348165, -73.9099555)",trafficstat,False,False,False,False,False,False,False,False,False,,,,,,,
2026-06-14,00:00,40.6348165,-73.9099555,E  82 ST,11236,69,UNKNOWN,Street,1.5813632124323445,False,BROOKLYN,"(40.6348165, -73.9099555)",trafficstat,False,False,False,False,False,False,False,False,False,,,,,,,
2026-09-08,00:00,40.6338025,-73.8896943,ROCKAWAY PKWY,11236,69,OTHER,Street,1.0852689512174227,False,BROOKLYN,"(40.6338025, -73.8896943)",trafficstat,True,False,False,False,False,False,False,True,True,,,,,,,
2026-08-25,00:00,40.6338025,-73.8896943,ROCKAWAY PKWY,11236,69,UNKNOWN,Street,1.0852689512174227,False,BROOKLYN,"(40.6338025, -73.8896943)",trafficstat,True,False,False,False,False,False,True,False,False,,,,,,,
2026-08-17,00:00,40.6338025,-73.8896943,ROCKAWAY PKWY,11236,69,UNKNOWN,Street,1.0852689512174227,False,BROOKLYN,"(40.6338025, -73.8896943)",trafficstat,True,False,False,False,False,False,False,False,True,,,,,,,
2026-08-11,00:00,40.6338025,-73.8896943,ROCKAWAY PKWY,11236,69,UNKNOWN,Street,1.0852689512174227,False,BROOKLYN,"(40.6338025, -73.8896943)",trafficstat,True,False,True,False,False,False,False,False,False,,,,,,,
2026-08-07,00:00,40.6338025,-73.8896943,ROCKAWAY PKWY,11236,69,OTHER,Street,1.0852689512174227,False,BROOKLYN,"(40.6338025, -73.8896943)",trafficstat,False,False,False,False,False,False,False,False,False,,,,,,,
2026-07-28,00:00,40.6338025,-73.8896943,ROCKAWAY PKWY,11236,69,UNKNOWN,Street,1.0852689512174227,False,BROOKLYN,"(40.6338025, -73.8896943)",trafficstat,False,False,False,False,False,False,False,False,False,,,,,,,
2026-07-19,00:00,40.6338025,-73.8896943,ROCKAWAY PKWY,11236,69,UNKNOWN,Street,1.0852689512174227,False,BROOKLYN,"(40.6338025, -73.8896943)",trafficstat,False,False,False,False,False,False,False,False,False,,,,,,,
2026-07-14,00:00,40.6338025,-73.8896943,ROCKAWAY PKWY,11236,69,OTHER,Street,1.0852689512174227,False,BROOKLYN,"(40.6338025, -73.8896943)",trafficstat,False,False,False,False,False,False,False,False,False,,,,,,,
2026-07-12,00:00,40.6338025,-73.8896943,ROCKAWAY PKWY,11236,69,UNKNOWN,Street,1.0852689512174227,False,BROOKLYN,"(40.6338025, -73.8896943)",trafficstat,True,False,False,False,False,False,False,False,False,,,,,,,
2026-09-08,00:00,40.6332845,-73.8904986,ST JUDE PL,11236,69,OTHER,Street,1.6050241120903395,False,BROOKLYN,"(40.6332845, -73.8904986)",trafficstat,True,False,True,False,False,False,False,False,False,,,,,,,
2026-09-08,00:00,40.6472243,-73.911755,E  92 ST,11236,69,UNKNOWN,Street,1.43517118083135,False,BROOKLYN,"(40.6472243, -73.911755)",trafficstat,True,False,False,False,False,False,False,True,False,,,,,,,
2026-09-08,00:00,40.6496847,-73.9054795,ROCKAWAY AVE,11236,69,UNKNOWN,Street,40.368164706932426,False,BROOKLYN,"(40.6496847, -73.9054795)",trafficstat,False,False,False,False,False,False,False,False,False,,,,,,,
2026-09-07,00:00,40.6336817,-73.8986765,REMSEN AVE,11236,69,UNKNOWN,Street,1.5121155736324954,False,BROOKLYN,"(40.6336817, -73.8986765)",trafficstat,False,False,False,False,False,False,False,False,False,,,,,,,
2026-08-30,00:00,40.6336817,-73.8986765,REMSEN AVE,11236,69,UNKNOWN,Street,1.5121155736324954,False,BROOKLYN,"(40.6336817, -73.8986765)",trafficstat,False,False,False,False,False,False,False,False,False,,,,,,,
2026-07-23,00:00,40.6336817,-73.8986765,REMSEN AVE,11236,69,UNKNOWN,Street,1.5121155736324954,False,BROOKLYN,"(40.6336817, -73.8986765)",trafficstat,False,False,False,False,False,False,False,False,False,,,,,,,
2026-09-06,00:00,40.6350117,-73.9140482,E  79 ST,11236,69,OTHER,Street,2.050145283232885,False,BROOKLYN,"(40.6350117, -73.9140482)",trafficstat,False,False,False,False,False,False,False,False,False,,,,,,,
2026-09-06,00:00,40.6513315,-73.9060627,ROCKAWAY AVE,11236,69,OTHER,Street,0.43811029881472763,False,BROOKLYN,"(40.6513315, -73.9060627)",trafficstat,True,False,False,False,False,False,False,True,False,,,,,,,
2026-09-02,00:00,40.6513315,-73.9060627,ROCKAWAY AVE,11236,69,UNKNOWN,Street,0.43811029881472763,False,BROOKLYN,"(40.6513315, -73.9060627)",trafficstat,True,False,False,False,False,False,False,True,False,,,,,,,
2026-07-02,00:00,40.6513315,-73.9060627,ROCKAWAY AVE,11236,69,OTHER,Street,0.43811029881472763,False,BROOKLYN,"(40.6513315, -73.9060627)",trafficstat,False,False,False,False,False,False,False,False,False,,,,,,,
2026-09-06,00:00,40.6485461,-73.8970899,GLENWOOD RD,11236,69,UNKNOWN,Street,2.5099852757874586,False,BROOKLYN,"(40.6485461, -73.8970899)",trafficstat,False,False,False,False,False,False,False,False,False,,,,,,,
2026-09-05,00:00,40.644446,-73.9070816,E  93 ST,11236,69,UNKNOWN,Street,42.97310443418934,False,BROOKLYN,"(40.644446, -73.9070816)",trafficstat,False,False,False,False,False,False,False,False,False,,,,,,,
2026-09-05,00:00,40.6306299,-73.8990558,E  87 ST,11236,69,UNKNOWN,Street,1.633293822767469,False,BROOKLYN,"(40.6306299, -73.8990558)",trafficstat,False,False,False,False,False,False,False,False,False,,,,,,,
2026-09-04,00:00,40.6352743,-73.9092379,E  83 ST,11236,69,UNKNOWN,Street,1.9752766876181396,False,BROOKLYN,"(40.6352743, -73.9092379)",trafficstat,True,False,True,False,False,False,False,False,False,,,,,,,
2026-09-04,00:00,40.6362201,-73.9077846,E  85 ST,11236,69,UNKNOWN,Street,1.5078836486603084,False,BROOKLYN,"(40.6362201, -73.9077846)",trafficstat,True,False,True,False,False,False,False,False,False,,,,,,,
2026-09-04,00:00,40.6502205,-73.9022526,FOSTER AVE,11236,69,UNKNOWN,Street,95.40468842740414,False,BROOKLYN,"(40.6502205, -73.9022526)",trafficstat,False,False,False,False,False,False,False,False,False,,,,,,,
2026-07-25,00:00,40.6502205,-73.9022526,FOSTER AVE,11236,69,UNKNOWN,Street,95.40468842740414,False,BROOKLYN,"(40.6502205, -73.9022526)",trafficstat,False,False,False,False,False,False,False,False,False,,,,,,,
2026-09-03,00:00,40.6485808,-73.9050573,FOSTER AVE,11236,69,UNKNOWN,Street,47.67095450667627,False,BROOKLYN,"(40.6485808, -73.9050573)",trafficstat,False,False,False,False,False,False,False,False,False,,,,,,,
2026-09-03,00:00,40.6420781,-73.9196603,RALPH AVE,11236,69,UNKNOWN,Street,0.1259531789551537,False,BROOKLYN,"(40.6420781, -73.9196603)",trafficstat,True,False,False,False,False,False,False,True,False,,,,,,,
2026-09-02,00:00,40.6471916,-73.8950822,FLATLANDS AVE,11236,69,UNKNOWN,Street,5.451111865874691,False,BROOKLYN,"(40.6471916, -73.8950822)",trafficstat,False,False,False,False,False,False,False,False,False,,,,,,,
2026-09-02,00:00,40.6339327,-73.8939491,E  94 ST,11236,69,OTHER,Street,1.8580177607568509,False,BROOKLYN,"(40.6339327, -73.8939491)",trafficstat,True,False,False,False,False,False,False,False,True,,,,,,,
2026-09-01,00:00,40.6375041,-73.9141747,E  81 ST,11236,69,UNKNOWN,Street,1.4416963133627039,False,BROOKLYN,"(40.6375041, -73.9141747)",trafficstat,True,False,False,False,False,False,False,True,False,,,,,,,
2026-09-01,00:00,40.643204,-73.9092812,REMSEN AVE,11236,69,UNKNOWN,Street,1.997317953580602,False,BROOKLYN,"(40.643204, -73.9092812)",trafficstat,True,False,False,False,False,False,False,False,True,,,,,,,
2026-09-01,00:00,40.6427521,-73.9037687,E  94 ST,11236,69,UNKNOWN,Street,1.2837760202286113,False,BROOKLYN,"(40.6427521, -73.9037687)",trafficstat,True,False,False,False,False,False,False,True,False,,,,,,,
2026-08-31,00:00,40.6425753,-73.9023456,E  95 ST,11236,69,UNKNOWN,Street,2.075746357269506,False,BROOKLYN,"(40.6425753, -73.9023456)",trafficstat,True,False,False,False,False,False,False,True,False,,,,,,,
2026-08-31,00:00,40.6443474,-73.9016236,ROCKAWAY PKWY,11236,69,OTHER,Street,41.229060907486776,False,BROOKLYN,"(40.6443474, -73.9016236)",trafficstat,False,False,False,False,False,False,False,False,False,,,,,,,
2026-08-31,00:00,40.6498945,-73.9076144,ROCKAWAY PKWY,11236,69,UNKNOWN,Street,0.1404197872474646,False,BROOKLYN,"(40.6498945, -73.9076144)",trafficstat,False,False,False,False,False,False,False,False,False,,,,,,,
2026-08-31,00:00,40.6376753,-73.8924947,E  98 ST,11236,69,UNKNOWN,Street,1.8104129684608719,False,BROOKLYN,"(40.6376753, -73.8924947)",trafficstat,True,False,False,False,False,False,False,True,False,,,,,,,
2026-08-31,00:00,40.6348602,-73.9146195,FLATLANDS AVE,11236,69,UNKNOWN,Street,57.88582985441346,False,BROOKLYN,"(40.6348602, -73.9146195)",trafficstat,False,False,False,False,False,False,False,False,False,,,,,,,
2026-08-30,00:00,40.635625,-73.9174717,E  77 ST,11236,69,UNKNOWN,Street,61.973654544197814,False,BROOKLYN,"(40.635625, -73.9174717)",trafficstat,False,False,False,False,False,False,False,False,False,,,,,,,
2026-08-29,00:00,40.6317738,-73.8938109,E  92 ST,11236,69,OTHER,Street,38.947061320130636,False,BROOKLYN,"(40.6317738, -73.8938109)",trafficstat,False,False,False,False,False,False,False,False,False,,,,,,,
2026-08-29,00:00,40.6521167,-73.8998341,FOSTER AVE,11236,69,UNKNOWN,Street,2.7617188978031098,False,BROOKLYN,"(40.6521167, -73.8998341)",trafficstat,True,False,False,False,False,False,False,True,False,,,,,,,
2026-08-28,00:00,40.6556846,-73.8994071,BANK ST,11236,69,OTHER,Street,0.15111171592856804,False,BROOKLYN,"(40.6556846, -73.8994071)",trafficstat,True,False,True,False,False,False,False,False,False,,,,,,,
2026-08-28,00:00,40.6287539,-73.888771,BELT PKWY,11234,69,UNKNOWN,Highway,0.5791025204352356,False,BROOKLYN,"(40.6287539, -73.888771)",trafficstat,False,False,False,False,False,False,False,False,False,,,,,,,
2026-08-12,00:00,40.6287539,-73.888771,BELT PKWY,11234,69,OTHER,Highway,0.5791025204352356,False,BROOKLYN,"(40.6287539, -73.888771)",trafficstat,True,False,False,False,False,False,False,False,True,,,,,,,
2026-08-27,00:00,40.6300875,-73.8855574,CANARSIE VETERANS CIR,11234,69,OTHER,Street,7.163291313602228,False,BROOKLYN,"(40.6300875, -73.8855574)",trafficstat,True,False,False,False,False,False,False,True,False,,,,,,,
2026-06-22,00:00,40.6300875,-73.8855574,CANARSIE VETERANS CIR,11234,69,UNKNOWN,Street,7.163291313602228,False,BROOKLYN,"(40.6300875, -73.8855574)",trafficstat,False,False,False,False,False,False,False,False,False,,,,,,,
2026-08-27,00:00,40.6374464,-73.8885065,E  101 ST,11236,69,UNKNOWN,Street,1.49611958215973,False,BROOKLYN,"(40.6374464, -73.8885065)",trafficstat,True,False,False,False,False,False,False,True,False,,,,,,,
2026-08-27,00:00,40.641947,-73.9166192,E  83 ST,11236,69,UNKNOWN,Street,1.4148032779799,False,BROOKLYN,"(40.641947, -73.9166192)",trafficstat,True,False,False,False,False,True,False,False,False,,,,,,,
2026-07-29,00:00,40.641947,-73.9166192,E  83 ST,11236,69,UNKNOWN,Street,1.4148032779799,False,BROOKLYN,"(40.641947, -73.9166192)",trafficstat,True,False,False,False,False,False,False,False,True,,,,,,,
2026-08-27,00:00,40.6416508,-73.8906831,E  103 ST,11236,69,UNKNOWN,Street,1.5767524184316206,False,BROOKLYN,"(40.6416508, -73.8906831)",trafficstat,True,False,False,False,False,False,False,False,True,,,,,,,
2026-07-01,00:00,40.6416508,-73.8906831,E  103 ST,11236,69,UNKNOWN,Street,1.5767524184316206,False,BROOKLYN,"(40.6416508, -73.8906831)",trafficstat,False,False,False,False,False,False,False,False,False,,,,,,,
2026-08-27,00:00,40.6483538,-73.9100021,E  94 ST,11236,69,UNKNOWN,Street,1.6543801232497541,False,BROOKLYN,"(40.6483538, -73.9100021)",trafficstat,False,False,False,False,False,False,False,False,False,,,,,,,
2026-08-26,00:00,40.6511498,-73.8900044,LOUISIANA AVE,11207,69,UNKNOWN,Street,1.072727969390776,False,BROOKLYN,"(40.6511498, -73.8900044)",trafficstat,True,False,False,False,False,False,False,True,False,,,,,,,
2026-07-06,00:00,40.6511498,-73.8900044,LOUISIANA AVE,11207,69,UNKNOWN,Street,1.072727969390776,False,BROOKLYN,"(40.6511498, -73.8900044)",trafficstat,True,False,False,False,False,False,False,False,True,,,,,,,
2026-08-26,00:00,40.645063,-73.8882703,E  108 ST,11236,69,UNKNOWN,Street,1.2863205548697918,False,BROOKLYN,"(40.645063, -73.8882703)",trafficstat,True,False,False,False,False,False,False,True,False,,,,,,,
2026-08-26,00:00,40.6378712,-73.9096235,E  85 ST,11236,69,OTHER,Street,1.6505251124572586,False,BROOKLYN,"(40.6378712, -73.9096235)",trafficstat,True,False,True,False,False,False,False,False,False,,,,,,,
2026-08-25,00:00,40.635014,-73.91405,FLATLANDS AVE,11236,69,UNKNOWN,Street,1.6509188215770207,False,BROOKLYN,"(40.635014, -73.91405)",trafficstat,False,False,False,False,False,False,False,False,False,,,,,,,
2026-08-24,00:00,40.629589,-73.8866585,BELT PARKWAY EXIT 13 EB,11234,69,UNKNOWN,Ramp,6.612489454662686,False,BROOKLYN,"(40.629589, -73.8866585)",trafficstat,False,False,False,False,False,False,False,False,False,,,,,,,