crash_date,crash_time,latitude,longitude,on_street_name,zip_code,precinct,collision_type,roadway_type,geocode_dist_feet,time_is_known,borough,location,source,injury,fatality,injured_pedestrian,injured_cyclist,injured_ebike_rider,injured_motorcyclist,injured_moped_rider,injured_car_occupant,injured_suv_occupant,number_of_persons_injured,number_of_persons_killed,contributing_factor_vehicle_1,collision_id,cross_street_name,off_street_name,vehicle_type_code1
2026-08-24,00:00,40.6315054,-73.8844683,BELT PKWY,11234,69,UNKNOWN,Highway,23.313181664328983,False,BROOKLYN,"(40.6315054, -73.8844683)",trafficstat,True,False,False,False,False,False,False,False,True,,,,,,,
2026-08-24,00:00,40.6458659,-73.9029364,ROCKAWAY PKWY,11236,69,UNKNOWN,Street,38.65104930435516,False,BROOKLYN,"(40.6458659, -73.9029364)",trafficstat,False,False,False,False,False,False,False,False,False,,,,,,,
2026-08-23,00:00,40.6360455,-73.9164321,E  78 ST,11236,69,UNKNOWN,Street,2.206847402328687,False,BROOKLYN,"(40.6360455, -73.9164321)",trafficstat,True,False,True,False,False,False,False,False,False,,,,,,,
2026-08-23,00:00,40.6369811,-73.8939615,AVE M,11236,69,UNKNOWN,Street,67.45500848336691,False,BROOKLYN,"(40.6369811, -73.8939615)",trafficstat,False,False,False,False,False,False,False,False,False,,,,,,,
2026-08-23,00:00,40.6426738,-73.9086874,REMSEN AVE,11236,69,UNKNOWN,Street,1.5169689239971031,False,BROOKLYN,"(40.6426738, -73.9086874)",trafficstat,False,False,False,False,False,False,False,False,False,,,,,,,
2026-06-14,00:00,40.6426738,-73.9086874,REMSEN AVE,11236,69,UNKNOWN,Street,1.5169689239971031,False,BROOKLYN,"(40.6426738, -73.9086874)",trafficstat,True,False,False,False,False,True,False,False,False,,,,,,,
2026-08-23,00:00,40.640373,-73.89701,ROCKAWAY PKWY,11236,69,UNKNOWN,Street,1.7554485463884637,False,BROOKLYN,"(40.640373, -73.89701)",trafficstat,True,False,False,False,False,True,False,False,False,,,,,,,
2026-08-22,00:00,40.6334333,-73.9034074,E  86 ST,11236,69,UNKNOWN,Street,1.600854917734606,False,BROOKLYN,"(40.6334333, -73.9034074)",trafficstat,True,False,False,False,False,False,False,False,True,,,,,,,
2026-08-22,00:00,40.6450873,-73.906367,E  94 ST,11236,69,UNKNOWN,Street,1.0841669417834467,False,BROOKLYN,"(40.6450873, -73.906367)",trafficstat,False,False,False,False,False,False,False,False,False,,,,,,,
2026-08-22,00:00,40.6464402,-73.9128803,REMSEN AVE,11236,69,OTHER,Street,1.7401990020491218,False,BROOKLYN,"(40.6464402, -73.9128803)",trafficstat,False,False,False,False,False,False,False,False,False,,,,,,,
2026-07-26,00:00,40.6464402,-73.9128803,REMSEN AVE,11236,69,UNKNOWN,Street,1.7401990020491218,False,BROOKLYN,"(40.6464402, -73.9128803)",trafficstat,True,False,False,False,False,False,False,False,True,,,,,,,
2026-07-24,00:00,40.6464402,-73.9128803,REMSEN AVE,11236,69,UNKNOWN,Street,1.7401990020491218,False,BROOKLYN,"(40.6464402, -73.9128803)",trafficstat,True,False,False,False,False,False,False,False,True,,,,,,,
2026-06-29,00:00,40.6464402,-73.9128803,REMSEN AVE,11236,69,UNKNOWN,Street,1.7401990020491218,False,BROOKLYN,"(40.6464402, -73.9128803)",trafficstat,False,False,False,False,False,False,False,False,False,,,,,,,
2026-08-21,00:00,40.6420041,-73.8988296,ROCKAWAY PKWY,11236,69,UNKNOWN,Street,2.248566127581435,False,BROOKLYN,"(40.6420041, -73.8988296)",trafficstat,True,False,False,True,False,False,False,False,False,,,,,,,
2026-08-21,00:00,40.6573723,-73.8990405,AVE D,11207,69,UNKNOWN,Street,0.09061808364945387,False,BROOKLYN,"(40.6573723, -73.8990405)",trafficstat,True,False,False,False,False,False,False,True,False,,,,,,,
2026-06-30,00:00,40.6573723,-73.8990405,AVE D,11207,69,UNKNOWN,Street,0.09061808364945387,False,BROOKLYN,"(40.6573723, -73.8990405)",trafficstat,True,False,False,False,False,True,False,True,False,,,,,,,
2026-08-21,00:00,40.63931,-73.89431,E  98 ST,11236,69,OTHER,Street,0.930410776075695,False,BROOKLYN,"(40.63931, -73.89431)",trafficstat,False,False,False,False,False,False,False,False,False,,,,,,,
2026-08-21,00:00,40.6376209,-73.9056136,E  88 ST,11236,69,UNKNOWN,Street,2.2395847997736578,False,BROOKLYN,"(40.6376209, -73.9056136)",trafficstat,True,False,False,False,False,False,False,True,False,,,,,,,
2026-07-29,00:00,40.6376209,-73.9056136,E  88 ST,11236,69,UNKNOWN,Street,2.2395847997736578,False,BROOKLYN,"(40.6376209, -73.9056136)",trafficstat,True,False,False,False,False,False,False,True,False,,,,,,,
2026-08-21,00:00,40.6353137,-73.9004935,REMSEN AVE,11236,69,UNKNOWN,Street,1.5262754530893796,False,BROOKLYN,"(40.6353137, -73.9004935)",trafficstat,True,False,False,False,False,False,False,True,False,,,,,,,
2026-07-11,00:00,40.6353137,-73.9004935,REMSEN AVE,11236,69,OTHER,Street,1.5262754530893796,False,BROOKLYN,"(40.6353137, -73.9004935)",trafficstat,True,False,False,False,False,False,False,True,True,,,,,,,
2026-06-27,00:00,40.6353137,-73.9004935,REMSEN AVE,11236,69,UNKNOWN,Street,1.5262754530893796,False,BROOKLYN,"(40.6353137, -73.9004935)",trafficstat,True,False,False,False,False,False,False,True,False,,,,,,,
2026-08-19,00:00,40.6390534,-73.8815749,E  108 ST,11236,69,UNKNOWN,Street,1.5681444383185412,False,BROOKLYN,"(40.6390534, -73.8815749)",trafficstat,True,False,False,False,False,False,False,False,False,,,,,,,
2026-08-19,00:00,40.6394713,-73.9027465,E  92 ST,11236,69,UNKNOWN,Street,1.7701086718755736,False,BROOKLYN,"(40.6394713, -73.9027465)",trafficstat,True,False,False,False,False,False,False,True,False,,,,,,,
2026-07-24,00:00,40.6394713,-73.9027465,E  92 ST,11236,69,OTHER,Street,1.7701086718755736,False,BROOKLYN,"(40.6394713, -73.9027465)",trafficstat,True,False,False,False,False,False,False,True,False,,,,,,,
2026-06-13,00:00,40.6394713,-73.9027465,E  92 ST,11236,69,UNKNOWN,Street,1.7701086718755736,False,BROOKLYN,"(40.6394713, -73.9027465)",trafficstat,False,False,False,False,False,False,False,False,False,,,,,,,
2026-08-19,00:00,40.6482653,-73.9058004,ROCKAWAY PKWY,11236,69,UNKNOWN,Street,1.691948873066104,False,BROOKLYN,"(40.6482653, -73.9058004)",trafficstat,True,False,True,False,False,False,False,False,False,,,,,,,
2026-08-19,00:00,40.649025,-73.89635,GLENWOOD RD,11236,69,UNKNOWN,Street,1.9748517034625623,False,BROOKLYN,"(40.649025, -73.89635)",trafficstat,True,False,False,True,False,False,False,False,False,,,,,,,
2026-08-17,00:00,40.6466979,-73.8900946,E  108 ST,11236,69,UNKNOWN,Street,1.5010974341697347,False,BROOKLYN,"(40.6466979, -73.8900946)",trafficstat,False,False,False,False,False,False,False,False,False,,,,,,,
2026-08-17,00:00,40.645134,-73.90231,ROCKAWAY PKWY,11236,69,UNKNOWN,Street,1.2658689012271622,False,BROOKLYN,"(40.645134, -73.90231)",trafficstat,True,False,True,False,False,False,False,False,False,,,,,,,
2026-08-17,00:00,40.6327174,-73.9097984,E  80 ST,11236,69,UNKNOWN,Street,76.6123921443134,False,BROOKLYN,"(40.6327174, -73.9097984)",trafficstat,False,False,False,False,False,False,False,False,False,,,,,,,
2026-08-17,00:00,40.6226512,-73.8964937,BELT PKWY,11234,69,UNKNOWN,Bridge,51.16894283338925,False,BROOKLYN,"(40.6226512, -73.8964937)",trafficstat,True,False,False,False,False,False,False,False,True,,,,,,,
2026-07-17,00:00,40.6226512,-73.8964937,BELT PKWY,11234,69,UNKNOWN,Bridge,51.16894283338925,False,BROOKLYN,"(40.6226512, -73.8964937)",trafficstat,True,False,False,False,False,False,False,False,False,,,,,,,
2026-08-16,00:00,40.6319342,-73.9131983,PAERDEGAT AVE N,11236,69,UNKNOWN,Street,2.5292819321689093,False,BROOKLYN,"(40.6319342, -73.9131983)",trafficstat,False,False,False,False,False,False,False,False,False,,,,,,,
2026-08-15,00:00,40.6319342,-73.9131983,PAERDEGAT AVE N,11236,69,OTHER,Street,2.5292819321689093,False,BROOKLYN,"(40.6319342, -73.9131983)",trafficstat,True,False,False,False,False,False,False,False,True,,,,,,,
2026-08-16,00:00,40.6484356,-73.8932738,E  107 ST,11236,69,OTHER,Street,1.547042737601153,False,BROOKLYN,"(40.6484356, -73.8932738)",trafficstat,False,False,False,False,False,False,False,False,False,,,,,,,
2026-08-15,00:00,40.6479743,-73.9065362,FOSTER AVE,11236,69,OTHER,Street,49.380486398138395,False,BROOKLYN,"(40.6479743, -73.9065362)",trafficstat,True,False,False,False,False,False,False,True,False,,,,,,,
2026-08-15,00:00,40.6365926,-73.8941719,E  96 ST,11236,69,UNKNOWN,Street,1.8502648266478128,False,BROOKLYN,"(40.6365926, -73.8941719)",trafficstat,True,False,False,False,False,False,False,True,False,,,,,,,
2026-08-14,00:00,40.6378438,-73.9029663,REMSEN AVE,11236,69,UNKNOWN,Street,73.79265106207475,False,BROOKLYN,"(40.6378438, -73.9029663)",trafficstat,False,False,False,False,False,False,False,False,False,,,,,,,
2026-08-14,00:00,40.6390793,-73.900711,E  93 ST,11236,69,UNKNOWN,Street,39.753262285899396,False,BROOKLYN,"(40.6390793, -73.900711)",trafficstat,False,False,False,False,False,False,False,False,False,,,,,,,
2026-08-14,00:00,40.6489746,-73.9055922,ROCKAWAY AVE,11236,69,UNKNOWN,Street,40.837929631012514,False,BROOKLYN,"(40.6489746, -73.9055922)",trafficstat,False,False,False,False,False,False,False,False,False,,,,,,,
2026-08-14,00:00,40.6503965,-73.893454,GLENWOOD RD,11236,69,UNKNOWN,Street,140.47159292163226,False,BROOKLYN,"(40.6503965, -73.893454)",trafficstat,True,False,False,False,False,False,False,False,True,,,,,,,
2026-08-13,00:00,40.6523643,-73.8913647,LOUISIANA AVE,11207,69,UNKNOWN,Street,1.6225811769500693,False,BROOKLYN,"(40.6523643, -73.8913647)",trafficstat,False,False,False,False,False,False,False,False,False,,,,,,,
2026-08-12,00:00,40.6276492,-73.8902175,BELT PKWY,11234,69,UNKNOWN,Highway,0.45243735531672485,False,BROOKLYN,"(40.6276492, -73.8902175)",trafficstat,True,False,False,False,False,False,False,True,False,,,,,,,
2026-08-12,00:00,40.6321071,-73.8866501,ROCKAWAY PKWY,11236,69,UNKNOWN,Street,218.4334975256193,False,BROOKLYN,"(40.6321071, -73.8866501)",trafficstat,True,False,True,False,False,False,False,False,True,,,,,,,
2026-08-11,00:00,40.630878,-73.8942314,E  91 ST,11236,69,OTHER,Street,2.4653905351099654,False,BROOKLYN,"(40.630878, -73.8942314)",trafficstat,False,False,False,False,False,False,False,False,False,,,,,,,
2026-08-10,00:00,40.6257964,-73.8930845,BELT PKWY,11234,69,UNKNOWN,Highway,25.41175779502435,False,BROOKLYN,"(40.6257964, -73.8930845)",trafficstat,True,False,False,False,False,False,False,False,True,,,,,,,
2026-08-10,00:00,40.6350376,-73.9134674,ALLEY,11236,69,OTHER,Alley,50.434407221276096,False,BROOKLYN,"(40.6350376, -73.9134674)",trafficstat,False,False,False,False,False,False,False,False,False,,,,,,,
2026-08-10,00:00,40.6327199,-73.8913714,E  95 ST,11236,69,UNKNOWN,Street,1.8284080546644446,False,BROOKLYN,"(40.6327199, -73.8913714)",trafficstat,False,False,False,False,False,False,False,False,False,,,,,,,
2026-08-03,00:00,40.6327199,-73.8913714,E  95 ST,11236,69,OTHER,Street,1.8284080546644446,False,BROOKLYN,"(40.6327199, -73.8913714)",trafficstat,True,False,False,False,False,False,False,False,True,,,,,,,
2026-08-10,00:00,40.63874,-73.8951918,ROCKAWAY PKWY,11236,69,UNKNOWN,Street,2.067019722143703,False,BROOKLYN,"(40.63874, -73.8951918)",trafficstat,False,False,False,False,False,False,False,False,False,,,,,,,
2026-06-20,00:00,40.63874,-73.8951918,ROCKAWAY PKWY,11236,69,UNKNOWN,Street,2.067019722143703,False,BROOKLYN,"(40.63874, -73.8951918)",trafficstat,True,False,False,False,False,True,False,False,False,,,,,,,
2026-08-10,00:00,40.6459609,-73.9034199,ROCKAWAY PKWY,11236,69,UNKNOWN,Street,41.28304466363913,False,BROOKLYN,"(40.6459609, -73.9034199)",trafficstat,False,False,False,False,False,False,False,False,False,,,,,,,
2026-08-10,00:00,40.6431919,-73.913348,E  87 ST,11236,69,UNKNOWN,Street,66.07220131243955,False,BROOKLYN,"(40.6431919, -73.913348)",trafficstat,False,False,False,False,False,False,False,False,False,,,,,,,
2026-08-09,00:00,40.6391653,-73.8959272,ROCKAWAY PKWY,11236,69,UNKNOWN,Street,57.391859897427125,False,BROOKLYN,"(40.6391653, -73.8959272)",trafficstat,False,False,False,False,False,False,False,False,False,,,,,,,
2026-08-09,00:00,40.6490265,-73.9048671,FOSTER AVE,11236,69,UNKNOWN,Street,42.140143904250365,False,BROOKLYN,"(40.6490265, -73.9048671)",trafficstat,False,False,False,False,False,False,False,False,False,,,,,,,
2026-08-09,00:00,40.6354805,-73.9122526,ALLEY,,69,UNKNOWN,Alley,59.25601899811196,False,BROOKLYN,"(40.6354805, -73.9122526)",trafficstat,False,False,False,False,False,False,False,False,False,,,,,,,
2026-08-09,00:00,40.6333535,-73.8832765,SHORE PKWY,11236,69,UNKNOWN,Street,62.58267780779251,False,BROOKLYN,"(40.6333535, -73.8832765)",trafficstat,True,False,False,False,False,False,False,True,False,,,,,,,
2026-06-21,00:00,40.6333535,-73.8832765,SHORE PKWY,11236,69,UNKNOWN,Street,62.58267780779251,False,BROOKLYN,"(40.6333535, -73.8832765)",trafficstat,False,False,False,False,False,False,False,False,False,,,,,,,
2026-08-09,00:00,40.6303897,-73.8990222,E  87 ST,11236,69,UNKNOWN,Street,50.98958405749968,False,BROOKLYN,"(40.6303897, -73.8990222)",trafficstat,True,False,False,False,False,False,False,False,True,,,,,,,
2026-08-09,00:00,40.6278358,-73.8902064,BELT PKWY,11234,69,UNKNOWN,Highway,0.49915756494460295,False,BROOKLYN,"(40.6278358, -73.8902064)",trafficstat,False,False,False,False,False,False,False,False,False,,,,,,,
2026-08-08,00:00,40.637374,-73.8792698,BELT PKWY,11234,69,UNKNOWN,Highway,3.5508969549272864,False,BROOKLYN,"(40.637374, -73.8792698)",trafficstat,False,False,False,False,False,False,False,False,False,,,,,,,
2026-08-08,00:00,40.6396377,-73.9153214,E  82 ST,11236,69,OTHER,Street,1.508663519363457,False,BROOKLYN,"(40.6396377, -73.9153214)",trafficstat,True,False,False,False,True,False,False,False,False,,,,,,,
2026-08-08,00:00,40.6463037,-73.9034251,ROCKAWAY PKWY,11236,69,UNKNOWN,Street,38.61346586634329,False,BROOKLYN,"(40.6463037, -73.9034251)",trafficstat,False,False,False,False,False,False,False,False,False,,,,,,,
2026-08-08,00:00,40.6460921,-73.8969027,E  102 ST,11236,69,UNKNOWN,Street,1.168505282667926,False,BROOKLYN,"(40.6460921, -73.8969027)",trafficstat,False,False,False,False,False,False,False,False,False,,,,,,,
2026-08-07,00:00,40.6480692,-73.897833,E  103 ST,11236,69,UNKNOWN,Street,2.086109747922576,False,BROOKLYN,"(40.6480692, -73.897833)",trafficstat,True,False,False,False,False,False,False,True,False,,,,,,,
2026-08-07,00:00,40.6357403,-73.9085275,E  84 ST,11236,69,OTHER,Street,1.6352006824720142,False,BROOKLYN,"(40.6357403, -73.9085275)",trafficstat,True,False,False,False,False,False,False,True,False,,,,,,,
2026-08-07,00:00,40.635088,-73.8914331,ROCKAWAY PKWY,11236,69,OTHER,Street,66.69761876560301,False,BROOKLYN,"(40.635088, -73.8914331)",trafficstat,False,False,False,False,False,False,False,False,False,,,,,,,
2026-08-05,00:00,40.6314011,-73.8858396,SHORE PKWY,11236,69,UNKNOWN,Street,67.84734551549016,False,BROOKLYN,"(40.6314011, -73.8858396)",trafficstat,True,False,False,False,False,False,False,True,False,,,,,,,
2026-08-04,00:00,40.6304364,-73.8859293,BELT PKWY,11234,69,UNKNOWN,Bridge,0.7842219797421849,False,BROOKLYN,"(40.6304364, -73.8859293)",trafficstat,True,False,False,False,False,False,False,True,False,,,,,,,
2026-07-08,00:00,40.6304364,-73.8859293,BELT PKWY,11234,69,UNKNOWN,Bridge,0.7842219797421849,False,BROOKLYN,"(40.6304364, -73.8859293)",trafficstat,True,False,False,False,False,False,False,False,True,,,,,,,
2026-06-29,00:00,40.6304364,-73.8859293,BELT PKWY,11234,69,UNKNOWN,Bridge,0.7842219797421849,False,BROOKLYN,"(40.6304364, -73.8859293)",trafficstat,True,False,False,False,False,False,False,False,True,,,,,,,
2026-08-04,00:00,40.6375541,-73.8851506,E  104 ST,11236,69,UNKNOWN,Street,66.34215225168158,False,BROOKLYN,"(40.6375541, -73.8851506)",trafficstat,False,False,False,False,False,False,False,False,False,,,,,,,
2026-08-04,00:00,40.635898,-73.8799822,BELT PKWY,11234,69,UNKNOWN,Highway,1.0151883052545025,False,BROOKLYN,"(40.635898, -73.8799822)",trafficstat,False,False,False,False,False,False,False,False,False,,,,,,,
2026-08-01,00:00,40.635898,-73.8799822,BELT PKWY,11234,69,UNKNOWN,Highway,1.0151883052545025,False,BROOKLYN,"(40.635898, -73.8799822)",trafficstat,True,False,False,False,False,False,False,True,True,,,,,,,
2026-08-03,00:00,40.638428,-73.9127467,E  83 ST,11236,69,OTHER,Street,1.2701403448727575,False,BROOKLYN,"(40.638428, -73.9127467)",trafficstat,True,False,False,False,False,False,False,True,True,,,,,,,
2026-08-03,00:00,40.6403748,-73.8970124,ROCKAWAY PKWY,11236,69,OTHER,Street,1.8388794951635878,False,BROOKLYN,"(40.6403748, -73.8970124)",trafficstat,True,False,False,True,False,False,False,False,False,,,,,,,
2026-08-02,00:00,40.6345556,-73.8902082,ROCKAWAY PKWY,11236,69,UNKNOWN,Street,67.20589797433506,False,BROOKLYN,"(40.6345556, -73.8902082)",trafficstat,False,False,False,False,False,False,False,False,False,,,,,,,
2026-08-02,00:00,40.6336439,-73.8819931,BELT PKWY,11234,69,UNKNOWN,Highway,4.603431028721112,False,BROOKLYN,"(40.6336439, -73.8819931)",trafficstat,True,False,False,False,False,False,False,False,True,,,,,,,
2026-08-02,00:00,40.6471825,-73.9074704,E  95 ST,11236,69,OTHER,Street,1.5985992812527767,False,BROOKLYN,"(40.6471825, -73.9074704)",trafficstat,True,False,False,False,False,False,False,True,False,,,,,,,
2026-08-02,00:00,40.6422916,-73.9044828,E  93 ST,11236,69,OTHER,Street,1.3346957170536873,False,BROOKLYN,"(40.6422916, -73.9044828)",trafficstat,True,False,False,False,False,False,False,True,False,,,,,,,
2026-08-01,00:00,40.6383509,-73.9088842,E  86 ST,11236,69,UNKNOWN,Street,1.939085002723363,False,BROOKLYN,"(40.6383509, -73.9088842)",trafficstat,True,False,False,False,False,False,False,True,False,,,,,,,
2026-07-09,00:00,40.6383509,-73.9088842,E  86 ST,11236,69,OTHER,Street,1.939085002723363,False,BROOKLYN,"(40.6383509, -73.9088842)",trafficstat,True,False,False,False,False,False,False,True,False,,,,,,,
2026-08-01,00:00,40.6399587,-73.8910201,E  101 ST,11236,69,UNKNOWN,Street,58.59773082994937,False,BROOKLYN,"(40.6399587, -73.8910201)",trafficstat,True,False,False,False,False,False,False,True,False,,,,,,,
2026-07-31,00:00,40.6378108,-73.8963808,AVE L,11236,69,UNKNOWN,Street,47.692205305010916,False,BROOKLYN,"(40.6378108, -73.8963808)",trafficstat,True,False,False,False,False,False,False,True,False,,,,,,,
2026-07-31,00:00,40.6417894,-73.9114739,E  87 ST,11236,69,UNKNOWN,Street,1.5289291197559416,False,BROOKLYN,"(40.6417894, -73.9114739)",trafficstat,True,False,False,False,False,False,False,False,True,,,,,,,
2026-06-19,00:00,40.6417894,-73.9114739,E  87 ST,11236,69,UNKNOWN,Street,1.5289291197559416,False,BROOKLYN,"(40.6417894, -73.9114739)",trafficstat,True,False,False,False,False,False,False,True,False,,,,,,,
2026-07-31,00:00,40.6294171,-73.8964853,E  88 ST,11236,69,UNKNOWN,Street,1.8650722038499727,False,BROOKLYN,"(40.6294171, -73.8964853)",trafficstat,False,False,False,False,False,False,False,False,False,,,,,,,
2026-07-31,00:00,40.6441977,-73.9129409,E  88 ST,11236,69,UNKNOWN,Street,1.7988703546400224,False,BROOKLYN,"(40.6441977, -73.9129409)",trafficstat,True,False,False,False,False,False,False,False,True,,,,,,,
2026-07-31,00:00,40.6500976,-73.890111,FLATLANDS AVE,11207,69,UNKNOWN,Street,209.39110493271926,False,BROOKLYN,"(40.6500976, -73.890111)",trafficstat,True,False,False,False,False,False,False,True,False,,,,,,,
2026-07-30,00:00,40.6475283,-73.8946807,E  105 ST,11236,69,OTHER,Street,2.2491723104147865,False,BROOKLYN,"(40.6475283, -73.8946807)",trafficstat,True,False,True,False,False,False,False,False,False,,,,,,,
2026-07-23,00:00,40.6475283,-73.8946807,E  105 ST,11236,69,UNKNOWN,Street,2.2491723104147865,False,BROOKLYN,"(40.6475283, -73.8946807)",trafficstat,False,False,False,False,False,False,False,False,False,,,,,,,
2026-07-30,00:00,40.6360253,-73.8950519,E  95 ST,11236,69,UNKNOWN,Street,1.884303294528919,False,BROOKLYN,"(40.6360253, -73.8950519)",trafficstat,True,False,False,False,False,False,False,False,True,,,,,,,
2026-07-29,00:00,40.6379647,-73.9134607,E  82 ST,11236,69,UNKNOWN,Street,1.5169394497662045,False,BROOKLYN,"(40.6379647, -73.9134607)",trafficstat,True,False,False,False,False,False,False,True,False,,,,,,,
2026-07-29,00:00,40.6360253,-73.8964657,E  94 ST,11236,69,UNKNOWN,Street,41.452405549196556,False,BROOKLYN,"(40.6360253, -73.8964657)",trafficstat,False,False,False,False,False,False,False,False,False,,,,,,,
2026-07-29,00:00,40.6431454,-73.9014655,E  96 ST,11236,69,UNKNOWN,Street,1.6905435029618885,False,BROOKLYN,"(40.6431454, -73.9014655)",trafficstat,False,False,False,False,False,False,False,False,False,,,,,,,
2026-07-15,00:00,40.6431454,-73.9014655,E  96 ST,11236,69,UNKNOWN,Street,1.6905435029618885,False,BROOKLYN,"(40.6431454, -73.9014655)",trafficstat,False,False,False,False,False,False,False,False,False,,,,,,,
2026-07-28,00:00,40.6386181,-73.8910411,E  100 ST,11236,69,UNKNOWN,Street,1.779899123614713,False,BROOKLYN,"(40.6386181, -73.8910411)",trafficstat,True,False,False,False,False,False,False,False,True,,,,,,,
2026-07-27,00:00,40.633857,-73.9114376,E  80 ST,11236,69,UNKNOWN,Street,1.7795274133492531,False,BROOKLYN,"(40.633857, -73.9114376)",trafficstat,True,False,False,False,False,False,False,True,False,,,,,,,
2026-07-02,00:00,40.633857,-73.9114376,E  80 ST,11236,69,UNKNOWN,Street,1.7795274133492531,False,BROOKLYN,"(40.633857, -73.9114376)",trafficstat,True,False,False,False,False,False,False,True,False,,,,,,,
2026-06-28,00:00,40.633857,-73.9114376,E  80 ST,11236,69,UNKNOWN,Street,1.7795274133492531,False,BROOKLYN,"(40.633857, -73.9114376)",trafficstat,True,False,False,False,False,False,False,True,False,,,,,,,
2026-06-12,00:00,40.633857,-73.9114376,E  80 ST,11236,69,UNKNOWN,Street,1.7795274133492531,False,BROOKLYN,"(40.633857, -73.9114376)",trafficstat,False,False,False,False,False,False,False,False,False,,,,,,,
2026-07-27,00:00,40.6336053,-73.9162225,E  76 ST,11236,69,UNKNOWN,Street,1.376148138240101,False,BROOKLYN,"(40.6336053, -73.9162225)",trafficstat,True,False,False,False,False,False,False,True,False,,,,,,,
2026-07-27,00:00,40.6331036,-73.9065629,E  83 ST,11236,69,UNKNOWN,Street,52.22128016317677,False,BROOKLYN,"(40.6331036, -73.9065629)",trafficstat,True,False,False,False,False,False,False,False,True,,,,,,,
2026-07-27,00:00,40.6308419,-73.9030725,E  84 ST,11236,69,OTHER,Street,1.4287572878306898,False,BROOKLYN,"(40.6308419, -73.9030725)",trafficstat,True,False,True,False,False,False,False,False,False,,,,,,,
2026-07-08,00:00,40.6308419,-73.9030725,E  84 ST,11236,69,OTHER,Street,1.4287572878306898,False,BROOKLYN,"(40.6308419, -73.9030725)",trafficstat,False,False,False,False,False,False,False,False,False,,,,,,,
2026-07-27,00:00,40.6462961,-73.8969029,E  102 ST,11236,69,UNKNOWN,Street,46.87172599250731,False,BROOKLYN,"(40.6462961, -73.8969029)",trafficstat,False,False,False,False,False,False,False,False,False,,,,,,,
2026-07-26,00:00,40.6455014,-73.9029033,ROCKAWAY PKWY,11236,69,UNKNOWN,Street,40.24468008836537,False,BROOKLYN,"(40.6455014, -73.9029033)",trafficstat,False,False,False,False,False,False,False,False,False,,,,,,,
2026-07-26,00:00,40.6322618,-73.9008727,E  87 ST,11236,69,UNKNOWN,Street,1.2487091281123535,False,BROOKLYN,"(40.6322618, -73.9008727)",trafficstat,False,False,False,False,False,False,False,False,False,,,,,,,
2026-07-26,00:00,40.6303847,-73.8949995,REMSEN AVE,11236,69,UNKNOWN,Street,1.898966151946935,False,BROOKLYN,"(40.6303847, -73.8949995)",trafficstat,False,False,False,False,False,False,False,False,False,,,,,,,
2026-07-26,00:00,40.6325445,-73.8888721,ROCKAWAY PKWY,11236,69,UNKNOWN,Street,95.0879617984347,False,BROOKLYN,"(40.6325445, -73.8888721)",trafficstat,False,False,False,False,False,False,False,False,False,,,,,,,
2026-07-26,00:00,40.6354758,-73.8915579,ROCKAWAY PKWY,11236,69,UNKNOWN,Street,1.7575749016376672,False,BROOKLYN,"(40.6354758, -73.8915579)",trafficstat,True,False,True,False,False,False,False,False,False,,,,,,,
2026-07-26,00:00,40.6374693,-73.9191722,RALPH AVE,11236,69,UNKNOWN,Street,0.013365618679794153,False,BROOKLYN,"(40.6374693, -73.9191722)",trafficstat,True,False,False,False,False,False,False,True,True,,,,,,,
2026-07-25,00:00,40.6320672,-73.9186023,RALPH AVE,11234,69,UNKNOWN,Street,0.05479883402655117,False,BROOKLYN,"(40.6320672, -73.9186023)",trafficstat,False,False,False,False,False,False,False,False,False,,,,,,,
2026-07-25,00:00,40.6455609,-73.9029781,ROCKAWAY PKWY,11236,69,UNKNOWN,Street,42.05244519675919,False,BROOKLYN,"(40.6455609, -73.9029781)",trafficstat,False,False,False,False,False,False,False,False,False,,,,,,,
2026-07-24,00:00,40.6465718,-73.8961632,E  103 ST,11236,69,UNKNOWN,Street,1.612198701150867,False,BROOKLYN,"(40.6465718, -73.8961632)",trafficstat,True,False,True,False,False,False,False,False,False,,,,,,,
2026-07-10,00:00,40.6465718,-73.8961632,E  103 ST,11236,69,UNKNOWN,Street,1.612198701150867,False,BROOKLYN,"(40.6465718, -73.8961632)",trafficstat,True,False,False,False,False,False,False,False,True,,,,,,,
2026-07-24,00:00,40.643986,-73.88708,AVE L,11236,69,UNKNOWN,Street,1.2979902796928127,False,BROOKLYN,"(40.643986, -73.88708)",trafficstat,False,False,False,False,False,False,False,False,False,,,,,,,
2026-07-24,00:00,40.6271725,-73.9021174,PAERDEGAT 14 ST,11236,69,OTHER,Street,58.46549201200525,False,BROOKLYN,"(40.6271725, -73.9021174)",trafficstat,False,False,False,False,False,False,False,False,False,,,,,,,
2026-07-23,00:00,40.6371982,-73.8791944,BELT PKWY,11234,69,UNKNOWN,Highway,2.7443783046204233,False,BROOKLYN,"(40.6371982, -73.8791944)",trafficstat,False,False,False,False,False,False,False,False,False,,,,,,,
2026-07-23,00:00,40.6377263,-73.9028307,REMSEN AVE,11236,69,UNKNOWN,Street,74.51889497208153,False,BROOKLYN,"(40.6377263, -73.9028307)",trafficstat,False,False,False,False,False,False,False,False,False,,,,,,,
2026-07-22,00:00,40.62866,-73.8921,SCHENCK ST,11236,69,UNKNOWN,Street,2.558211973723235,False,BROOKLYN,"(40.62866, -73.8921)",trafficstat,False,False,False,False,False,False,False,False,False,,,,,,,
2026-07-21,00:00,40.6303814,-73.9037865,E  83 ST,11236,69,UNKNOWN,Street,1.06943457816858,False,BROOKLYN,"(40.6303814, -73.9037865)",trafficstat,True,False,False,False,False,False,False,True,False,,,,,,,