crash_date,crash_time,latitude,longitude,on_street_name,zip_code,precinct,collision_type,roadway_type,geocode_dist_feet,time_is_known,borough,location,source,injury,fatality,injured_pedestrian,injured_cyclist,injured_ebike_rider,injured_motorcyclist,injured_moped_rider,injured_car_occupant,injured_suv_occupant,number_of_persons_injured,number_of_persons_killed,contributing_factor_vehicle_1,collision_id,cross_street_name,off_street_name,vehicle_type_code1
2026-07-21,00:00,40.6405698,-73.9139041,E  84 ST,11236,69,UNKNOWN,Street,1.5014704622579378,False,BROOKLYN,"(40.6405698, -73.9139041)",trafficstat,False,False,False,False,False,False,False,False,False,,,,,,,
2026-07-21,00:00,40.6425742,-73.8979495,E  98 ST,11236,69,OTHER,Street,1.5699196366768526,False,BROOKLYN,"(40.6425742, -73.8979495)",trafficstat,True,False,False,True,False,False,False,False,False,,,,,,,
2026-07-21,00:00,40.6500256,-73.8912531,WILLIAMS AVE,11207,69,UNKNOWN,Street,1.7396388552904183,False,BROOKLYN,"(40.6500256, -73.8912531)",trafficstat,False,False,False,False,False,False,False,False,False,,,,,,,
2026-07-07,00:00,40.6500256,-73.8912531,WILLIAMS AVE,11207,69,UNKNOWN,Street,1.7396388552904183,False,BROOKLYN,"(40.6500256, -73.8912531)",trafficstat,False,False,False,False,False,False,False,False,False,,,,,,,
2026-07-20,00:00,40.6461758,-73.8895189,E  108 ST,11236,69,OTHER,Street,1.1006436291131327,False,BROOKLYN,"(40.6461758, -73.8895189)",trafficstat,False,False,False,False,False,False,False,False,False,,,,,,,
2026-07-19,00:00,40.6454777,-73.9070313,E  94 ST,11236,69,UNKNOWN,Street,49.841312219655094,False,BROOKLYN,"(40.6454777, -73.9070313)",trafficstat,True,False,False,False,False,False,False,False,False,,,,,,,
2026-07-19,00:00,40.6441892,-73.89066,E  105 ST,11236,69,OTHER,Street,61.69819326457873,False,BROOKLYN,"(40.6441892, -73.89066)",trafficstat,False,False,False,False,False,False,False,False,False,,,,,,,
2026-07-19,00:00,40.6372868,-73.8926293,AVE M,11236,69,UNKNOWN,Street,86.63044673499893,False,BROOKLYN,"(40.6372868, -73.8926293)",trafficstat,False,False,False,False,False,False,False,False,False,,,,,,,
2026-07-18,00:00,40.631344,-73.8935101,E  92 ST,11236,69,UNKNOWN,Street,1.496989141746058,False,BROOKLYN,"(40.631344, -73.8935101)",trafficstat,False,False,False,False,False,False,False,False,False,,,,,,,
2026-07-18,00:00,40.635508,-73.9132765,E  80 ST,11236,69,OTHER,Street,1.4942750706072083,False,BROOKLYN,"(40.635508, -73.9132765)",trafficstat,False,False,False,False,False,False,False,False,False,,,,,,,
2026-07-17,00:00,40.635508,-73.9132765,E  80 ST,11236,69,UNKNOWN,Street,1.4942750706072083,False,BROOKLYN,"(40.635508, -73.9132765)",trafficstat,True,False,False,False,False,False,False,False,False,,,,,,,
2026-07-17,00:00,40.6338098,-73.9078478,E  83 ST,11236,69,UNKNOWN,Street,53.18704864594965,False,BROOKLYN,"(40.6338098, -73.9078478)",trafficstat,False,False,False,False,False,False,False,False,False,,,,,,,
2026-07-17,00:00,40.6371079,-73.8933748,ROCKAWAY PKWY,11236,69,UNKNOWN,Street,1.7081489386616475,False,BROOKLYN,"(40.6371079, -73.8933748)",trafficstat,True,False,True,False,False,False,False,False,False,,,,,,,
2026-07-11,00:00,40.6371079,-73.8933748,ROCKAWAY PKWY,11236,69,UNKNOWN,Street,1.7081489386616475,False,BROOKLYN,"(40.6371079, -73.8933748)",trafficstat,False,False,False,False,False,False,False,False,False,,,,,,,
2026-07-17,00:00,40.6451334,-73.902313,ROCKAWAY PKWY,11236,69,UNKNOWN,Street,2.042323858337895,False,BROOKLYN,"(40.6451334, -73.902313)",trafficstat,False,False,False,False,False,False,False,False,False,,,,,,,
2026-07-03,00:00,40.6451334,-73.902313,ROCKAWAY PKWY,11236,69,UNKNOWN,Street,2.042323858337895,False,BROOKLYN,"(40.6451334, -73.902313)",trafficstat,True,False,True,False,False,False,False,False,False,,,,,,,
2026-06-13,00:00,40.6451334,-73.902313,ROCKAWAY PKWY,11236,69,UNKNOWN,Street,2.042323858337895,False,BROOKLYN,"(40.6451334, -73.902313)",trafficstat,False,False,False,False,False,False,False,False,False,,,,,,,
2026-07-16,00:00,40.6407277,-73.9052021,E  91 ST,11236,69,UNKNOWN,Street,2.3172074034138728,False,BROOKLYN,"(40.6407277, -73.9052021)",trafficstat,True,False,False,False,False,False,False,True,False,,,,,,,
2026-06-20,00:00,40.6407277,-73.9052021,E  91 ST,11236,69,UNKNOWN,Street,2.3172074034138728,False,BROOKLYN,"(40.6407277, -73.9052021)",trafficstat,True,False,False,False,False,False,False,False,True,,,,,,,
2026-07-16,00:00,40.6356774,-73.9074963,E  85 ST,11236,69,UNKNOWN,Street,68.05245115490418,False,BROOKLYN,"(40.6356774, -73.9074963)",trafficstat,True,False,False,False,False,False,False,False,True,,,,,,,
2026-07-16,00:00,40.6382274,-73.8959888,E  96 ST,11236,69,UNKNOWN,Street,1.0959177659282315,False,BROOKLYN,"(40.6382274, -73.8959888)",trafficstat,True,False,False,False,False,False,False,True,False,,,,,,,
2026-07-14,00:00,40.6320133,-73.9056035,E  83 ST,11236,69,UNKNOWN,Street,1.7660308259992448,False,BROOKLYN,"(40.6320133, -73.9056035)",trafficstat,True,False,True,False,False,False,False,False,False,,,,,,,
2026-07-14,00:00,40.6317986,-73.9015904,E  86 ST,11236,69,OTHER,Street,2.1882437405062443,False,BROOKLYN,"(40.6317986, -73.9015904)",trafficstat,True,False,False,False,False,False,False,True,False,,,,,,,
2026-07-13,00:00,40.640237,-73.9059739,REMSEN AVE,11236,69,UNKNOWN,Street,2.3184087489952154,False,BROOKLYN,"(40.640237, -73.9059739)",trafficstat,True,False,False,False,False,False,False,False,False,,,,,,,
2026-07-12,00:00,40.640237,-73.9059739,REMSEN AVE,11236,69,UNKNOWN,Street,2.3184087489952154,False,BROOKLYN,"(40.640237, -73.9059739)",trafficstat,True,False,True,False,False,False,False,False,False,,,,,,,
2026-07-13,00:00,40.6433425,-73.9144411,FOSTER AVE,11236,69,UNKNOWN,Street,17.165310660278156,False,BROOKLYN,"(40.6433425, -73.9144411)",trafficstat,True,False,False,False,False,False,False,True,True,,,,,,,
2026-07-12,00:00,40.6488171,-73.9092916,E  95 ST,11236,69,UNKNOWN,Street,1.824777864837494,False,BROOKLYN,"(40.6488171, -73.9092916)",trafficstat,True,False,False,False,False,False,False,True,True,,,,,,,
2026-07-12,00:00,40.6289594,-73.897203,E  87 ST,11236,69,UNKNOWN,Street,1.8218603959276514,False,BROOKLYN,"(40.6289594, -73.897203)",trafficstat,True,False,False,False,False,False,False,True,True,,,,,,,
2026-07-11,00:00,40.6420522,-73.8970371,E  98 ST,11236,69,UNKNOWN,Street,68.42036578355176,False,BROOKLYN,"(40.6420522, -73.8970371)",trafficstat,False,False,False,False,False,False,False,False,False,,,,,,,
2026-07-09,00:00,40.6399823,-73.903175,SKIDMORE LN,11236,69,UNKNOWN,Street,20.37611229953283,False,BROOKLYN,"(40.6399823, -73.903175)",trafficstat,False,False,False,False,False,False,False,False,False,,,,,,,
2026-07-09,00:00,40.6294616,-73.8855476,BELT PARKWAY EXIT 13 EB,11234,69,UNKNOWN,Ramp,13.79050133191151,False,BROOKLYN,"(40.6294616, -73.8855476)",trafficstat,True,False,False,False,False,False,False,True,False,,,,,,,
2026-07-09,00:00,40.6378996,-73.9008391,E  92 ST,11236,69,UNKNOWN,Street,2.41902333035983,False,BROOKLYN,"(40.6378996, -73.9008391)",trafficstat,False,False,False,False,False,False,False,False,False,,,,,,,
2026-07-08,00:00,40.6393304,-73.9109923,E  85 ST,11236,69,UNKNOWN,Street,52.84910139097894,False,BROOKLYN,"(40.6393304, -73.9109923)",trafficstat,False,False,False,False,False,False,False,False,False,,,,,,,
2026-07-08,00:00,40.6444981,-73.9017916,ROCKAWAY PKWY,11236,69,OTHER,Street,41.299878772884135,False,BROOKLYN,"(40.6444981, -73.9017916)",trafficstat,True,False,True,False,False,False,False,False,False,,,,,,,
2026-07-05,00:00,40.651871,-73.904552,E  101 ST,11236,69,UNKNOWN,Street,1.6718295274043011,False,BROOKLYN,"(40.651871, -73.904552)",trafficstat,False,False,False,False,False,False,False,False,False,,,,,,,
2026-07-04,00:00,40.6442449,-73.8910211,E  105 ST,11236,69,UNKNOWN,Street,1.7962078331735896,False,BROOKLYN,"(40.6442449, -73.8910211)",trafficstat,True,False,False,True,False,False,False,False,False,,,,,,,
2026-07-03,00:00,40.6407134,-73.8921403,E  101 ST,11236,69,OTHER,Street,1.128343325197511,False,BROOKLYN,"(40.6407134, -73.8921403)",trafficstat,False,False,False,False,False,False,False,False,False,,,,,,,
2026-07-03,00:00,40.6413687,-73.9078884,GLENWOOD RD,11236,69,UNKNOWN,Street,57.182106294017665,False,BROOKLYN,"(40.6413687, -73.9078884)",trafficstat,False,False,False,False,False,False,False,False,False,,,,,,,
2026-07-02,00:00,40.6334626,-73.8894153,ROCKAWAY PKWY,11236,69,UNKNOWN,Street,4.739212536960667,False,BROOKLYN,"(40.6334626, -73.8894153)",trafficstat,False,False,False,False,False,False,False,False,False,,,,,,,
2026-07-02,00:00,40.6429403,-73.8980507,E  98 ST,11236,69,OTHER,Street,63.26274180685502,False,BROOKLYN,"(40.6429403, -73.8980507)",trafficstat,True,False,False,False,False,False,False,False,False,,,,,,,
2026-07-02,00:00,40.6479751,-73.8939844,E  106 ST,11236,69,UNKNOWN,Street,1.0608324265025795,False,BROOKLYN,"(40.6479751, -73.8939844)",trafficstat,True,False,False,False,False,False,False,True,False,,,,,,,
2026-07-01,00:00,40.6370339,-73.9122036,ALLEY,11236,69,UNKNOWN,Alley,19.64824136767442,False,BROOKLYN,"(40.6370339, -73.9122036)",trafficstat,False,False,False,False,False,False,False,False,False,,,,,,,
2026-07-01,00:00,40.6345745,-73.9059494,E  85 ST,11236,69,OTHER,Street,1.6328136858590554,False,BROOKLYN,"(40.6345745, -73.9059494)",trafficstat,True,False,False,True,False,False,False,False,False,,,,,,,
2026-06-29,00:00,40.6295046,-73.8873575,BELT PKWY,11234,69,UNKNOWN,Highway,0.5118408562115043,False,BROOKLYN,"(40.6295046, -73.8873575)",trafficstat,False,False,False,False,False,False,False,False,False,,,,,,,
2026-06-28,00:00,40.6285044,-73.8979206,E  86 ST,11236,69,UNKNOWN,Street,1.7888786786350348,False,BROOKLYN,"(40.6285044, -73.8979206)",trafficstat,False,False,False,False,False,False,False,False,False,,,,,,,
2026-06-28,00:00,40.6238965,-73.8955875,BELT PKWY,11234,69,OTHER,Highway,28.663128157842234,False,BROOKLYN,"(40.6238965, -73.8955875)",trafficstat,True,False,False,False,False,False,False,True,False,,,,,,,
2026-06-28,00:00,40.6357841,-73.8951219,AVE M,11236,69,UNKNOWN,Street,56.36386807313738,False,BROOKLYN,"(40.6357841, -73.8951219)",trafficstat,False,False,False,False,False,False,False,False,False,,,,,,,
2026-06-28,00:00,40.6410807,-73.9181625,E  81 ST,11236,69,UNKNOWN,Street,1.2903214329249455,False,BROOKLYN,"(40.6410807, -73.9181625)",trafficstat,True,False,False,False,False,False,True,False,False,,,,,,,
2026-06-28,00:00,40.6500242,-73.8987273,E  104 ST,11236,69,UNKNOWN,Street,1.5940887238019854,False,BROOKLYN,"(40.6500242, -73.8987273)",trafficstat,True,False,False,False,False,False,False,True,False,,,,,,,
2026-06-26,00:00,40.651314,-73.8956151,E  108 ST,11236,69,OTHER,Street,83.16314025507954,False,BROOKLYN,"(40.651314, -73.8956151)",trafficstat,True,False,False,False,False,False,True,False,False,,,,,,,
2026-06-26,00:00,40.6330892,-73.9152838,ALLEY,11236,69,OTHER,Alley,29.050898292573077,False,BROOKLYN,"(40.6330892, -73.9152838)",trafficstat,True,False,False,False,False,False,False,True,False,,,,,,,
2026-06-26,00:00,40.6329536,-73.9041503,E  85 ST,11236,69,OTHER,Street,1.6549027444770834,False,BROOKLYN,"(40.6329536, -73.9041503)",trafficstat,False,False,False,False,False,False,False,False,False,,,,,,,
2026-06-20,00:00,40.6329536,-73.9041503,E  85 ST,11236,69,OTHER,Street,1.6549027444770834,False,BROOKLYN,"(40.6329536, -73.9041503)",trafficstat,False,False,False,False,False,False,False,False,False,,,,,,,
2026-06-26,00:00,40.6324368,-73.8881726,SKIDMORE AVE,11236,69,UNKNOWN,Street,2.0968073673489775,False,BROOKLYN,"(40.6324368, -73.8881726)",trafficstat,False,False,False,False,False,False,False,False,False,,,,,,,
2026-06-26,00:00,40.6224234,-73.896476,BELT PKWY,11234,69,UNKNOWN,Bridge,91.51793694649741,False,BROOKLYN,"(40.6224234, -73.896476)",trafficstat,True,False,False,False,False,False,False,False,True,,,,,,,
2026-06-13,00:00,40.6224234,-73.896476,BELT PKWY,11234,69,UNKNOWN,Bridge,91.51793694649741,False,BROOKLYN,"(40.6224234, -73.896476)",trafficstat,True,False,False,False,False,False,False,False,True,,,,,,,
2026-06-25,00:00,40.6298791,-73.9022547,E  84 ST,11236,69,UNKNOWN,Street,55.05329617629037,False,BROOKLYN,"(40.6298791, -73.9022547)",trafficstat,False,False,False,False,False,False,False,False,False,,,,,,,
2026-06-25,00:00,40.6333825,-73.8899257,SEAVIEW AVE,11236,69,OTHER,Street,54.15366152017167,False,BROOKLYN,"(40.6333825, -73.8899257)",trafficstat,False,False,False,False,False,False,False,False,False,,,,,,,
2026-06-25,00:00,40.635686,-73.9094883,E  83 ST,11236,69,UNKNOWN,Street,42.006341090794955,False,BROOKLYN,"(40.635686, -73.9094883)",trafficstat,False,False,False,False,False,False,False,False,False,,,,,,,
2026-06-25,00:00,40.6481417,-73.9013853,FARRAGUT RD,11236,69,OTHER,Street,51.882140574493555,False,BROOKLYN,"(40.6481417, -73.9013853)",trafficstat,False,False,False,False,False,False,False,False,False,,,,,,,
2026-06-24,00:00,40.6436608,-73.9006684,ROCKAWAY PKWY,11236,69,OTHER,Street,1.1313074126413583,False,BROOKLYN,"(40.6436608, -73.9006684)",trafficstat,True,False,True,False,False,False,False,False,False,,,,,,,
2026-06-16,00:00,40.6436608,-73.9006684,ROCKAWAY PKWY,11236,69,UNKNOWN,Street,1.1313074126413583,False,BROOKLYN,"(40.6436608, -73.9006684)",trafficstat,False,False,False,False,False,False,False,False,False,,,,,,,
2026-06-24,00:00,40.6422445,-73.9107635,E  88 ST,11236,69,UNKNOWN,Street,1.8240288883599411,False,BROOKLYN,"(40.6422445, -73.9107635)",trafficstat,True,False,False,False,False,False,True,False,False,,,,,,,
2026-06-24,00:00,40.6370079,-73.9149428,E  80 ST,11236,69,UNKNOWN,Street,1.1409123170437605,False,BROOKLYN,"(40.6370079, -73.9149428)",trafficstat,True,False,False,False,False,False,False,False,True,,,,,,,
2026-06-23,00:00,40.6379596,-73.9030934,REMSEN AVE,11236,69,OTHER,Street,74.45502038328199,False,BROOKLYN,"(40.6379596, -73.9030934)",trafficstat,False,False,False,False,False,False,False,False,False,,,,,,,
2026-06-22,00:00,40.6408667,-73.893279,E  100 ST,11236,69,UNKNOWN,Street,54.20241342107202,False,BROOKLYN,"(40.6408667, -73.893279)",trafficstat,False,False,False,False,False,False,False,False,False,,,,,,,
2026-06-22,00:00,40.6364648,-73.9117908,E  82 ST,11236,69,UNKNOWN,Street,1.5983758312322158,False,BROOKLYN,"(40.6364648, -73.9117908)",trafficstat,False,False,False,False,False,False,False,False,False,,,,,,,
2026-06-22,00:00,40.634823,-73.8809389,BELT PKWY,11234,69,UNKNOWN,Highway,0.6456850337353583,False,BROOKLYN,"(40.634823, -73.8809389)",trafficstat,True,False,False,False,False,False,False,True,False,,,,,,,
2026-06-22,00:00,40.6318416,-73.8882891,E  96 ST,11236,69,UNKNOWN,Street,124.42219018206913,False,BROOKLYN,"(40.6318416, -73.8882891)",trafficstat,False,False,False,False,False,False,False,False,False,,,,,,,
2026-06-22,00:00,40.6328825,-73.8995601,AVE M,11236,69,UNKNOWN,Street,66.29334947236318,False,BROOKLYN,"(40.6328825, -73.8995601)",trafficstat,False,False,False,False,False,False,False,False,False,,,,,,,
2026-06-22,00:00,40.64954,-73.89947,E  103 ST,11236,69,UNKNOWN,Street,2.3113239762292586,False,BROOKLYN,"(40.64954, -73.89947)",trafficstat,False,False,False,False,False,False,False,False,False,,,,,,,
2026-06-21,00:00,40.6462559,-73.9088987,E  93 ST,11236,69,UNKNOWN,Street,1.613458786382236,False,BROOKLYN,"(40.6462559, -73.9088987)",trafficstat,True,False,False,False,False,False,False,False,True,,,,,,,
2026-06-21,00:00,40.6324738,-73.9048931,E  84 ST,11236,69,OTHER,Street,1.8424111798769325,False,BROOKLYN,"(40.6324738, -73.9048931)",trafficstat,True,False,False,False,False,False,False,False,True,,,,,,,
2026-06-21,00:00,40.6368221,-73.9021775,REMSEN AVE,11236,69,OTHER,Street,2.134871837160977,False,BROOKLYN,"(40.6368221, -73.9021775)",trafficstat,False,False,False,False,False,False,False,False,False,,,,,,,
2026-06-20,00:00,40.641518,-73.917404,E  82 ST,11236,69,UNKNOWN,Street,1.8992702931020313,False,BROOKLYN,"(40.641518, -73.917404)",trafficstat,True,False,False,True,False,False,False,False,False,,,,,,,
2026-06-19,00:00,40.641186,-73.9195569,RALPH AVE,11236,69,UNKNOWN,Street,0.08931599929005477,False,BROOKLYN,"(40.641186, -73.9195569)",trafficstat,True,False,False,False,False,False,False,False,True,,,,,,,
2026-06-19,00:00,40.641186,-73.9195569,RALPH AVE,11236,69,OTHER,Street,0.08931599929005477,False,BROOKLYN,"(40.641186, -73.9195569)",trafficstat,True,False,False,False,False,False,False,False,True,,,,,,,
2026-06-19,00:00,40.6393822,-73.8916523,E  100 ST,11236,69,UNKNOWN,Street,48.80272141237383,False,BROOKLYN,"(40.6393822, -73.8916523)",trafficstat,False,False,False,False,False,False,False,False,False,,,,,,,
2026-06-19,00:00,40.6360069,-73.9125084,E  81 ST,11236,69,UNKNOWN,Street,1.3954985272590696,False,BROOKLYN,"(40.6360069, -73.9125084)",trafficstat,True,False,False,False,False,False,False,True,False,,,,,,,
2026-06-19,00:00,40.6316156,-73.8848068,BELT PARKWAY EXIT 13 WB,11234,69,UNKNOWN,Ramp,16.865700898565564,False,BROOKLYN,"(40.6316156, -73.8848068)",trafficstat,True,False,False,False,False,False,False,True,False,,,,,,,
2026-06-18,00:00,40.640239,-73.9194607,RALPH AVE,11236,69,UNKNOWN,Street,0.3098057698230944,False,BROOKLYN,"(40.640239, -73.9194607)",trafficstat,True,False,False,True,False,False,False,False,False,,,,,,,
2026-06-17,00:00,40.6417288,-73.9076365,REMSEN AVE,11236,69,OTHER,Street,1.8403779324668461,False,BROOKLYN,"(40.6417288, -73.9076365)",trafficstat,False,False,False,False,False,False,False,False,False,,,,,,,
2026-06-17,00:00,40.6395843,-73.8964361,HOLMES LN,11236,69,UNKNOWN,Street,52.7240819935359,False,BROOKLYN,"(40.6395843, -73.8964361)",trafficstat,False,False,False,False,False,False,False,False,False,,,,,,,
2026-06-15,00:00,40.6328185,-73.9102789,E  80 ST,11236,69,OTHER,Street,1.223153959005086,False,BROOKLYN,"(40.6328185, -73.9102789)",trafficstat,True,False,False,False,False,False,False,True,False,,,,,,,
2026-06-15,00:00,40.6442254,-73.8997919,E  98 ST,11236,69,OTHER,Street,2.216996261905764,False,BROOKLYN,"(40.6442254, -73.8997919)",trafficstat,False,False,False,False,False,False,False,False,False,,,,,,,
2026-06-14,00:00,40.6485038,-73.897409,GLENWOOD RD,11236,69,OTHER,Street,42.76451706927327,False,BROOKLYN,"(40.6485038, -73.897409)",trafficstat,True,False,False,True,False,False,False,False,False,,,,,,,
2026-06-14,00:00,40.6334065,-73.8947606,CANARSIE RD,11236,69,UNKNOWN,Street,1.8906447492278122,False,BROOKLYN,"(40.6334065, -73.8947606)",trafficstat,True,False,False,False,False,False,False,False,False,,,,,,,
2026-06-13,00:00,40.6411032,-73.904625,E  92 ST,11236,69,UNKNOWN,Street,1.2083162191278836,False,BROOKLYN,"(40.6411032, -73.904625)",trafficstat,False,False,False,False,False,False,False,False,False,,,,,,,
2026-09-13,00:00,40.6402086,-73.9555621,FLATBUSH AVE,11226,70,UNKNOWN,Street,49.43622152566019,False,BROOKLYN,"(40.6402086, -73.9555621)",trafficstat,False,False,False,False,False,False,False,False,False,,,,,,,
2026-09-12,00:00,40.6405029,-73.9556369,FLATBUSH AVE,11226,70,OTHER,Street,1.4563958892362703,False,BROOKLYN,"(40.6405029, -73.9556369)",trafficstat,True,False,False,True,False,False,False,False,False,,,,,,,
2026-09-12,00:00,40.6516431,-73.9588606,FLATBUSH AVE,11226,70,OTHER,Street,45.83022546683004,False,BROOKLYN,"(40.6516431, -73.9588606)",trafficstat,False,False,False,False,False,False,False,False,False,,,,,,,
2026-09-12,00:00,40.6531722,-73.9615966,OCEAN AVE,11226,70,OTHER,Street,0.08650590910966748,False,BROOKLYN,"(40.6531722, -73.9615966)",trafficstat,True,False,True,False,False,False,False,False,False,,,,,,,
2026-09-12,00:00,40.6324766,-73.9470218,FLATBUSH AVE,11210,70,UNKNOWN,Street,54.73965089434591,False,BROOKLYN,"(40.6324766, -73.9470218)",trafficstat,True,False,False,False,False,False,False,False,False,,,,,,,
2026-09-12,00:00,40.6328855,-73.9476977,NOSTRAND AVE,11210,70,UNKNOWN,Street,0.5525198926319155,False,BROOKLYN,"(40.6328855, -73.9476977)",trafficstat,True,False,True,False,False,False,False,False,False,,,,,,,
2026-09-11,00:00,40.6315958,-73.9737393,WEBSTER AVE,11230,70,OTHER,Street,46.09495230943605,False,BROOKLYN,"(40.6315958, -73.9737393)",trafficstat,True,False,True,False,False,False,False,False,False,,,,,,,
2026-09-11,00:00,40.61617,-73.9545869,OCEAN AVE,11230,70,UNKNOWN,Street,0.12627761817041724,False,BROOKLYN,"(40.61617, -73.9545869)",trafficstat,False,False,False,False,False,False,False,False,False,,,,,,,
2026-09-11,00:00,40.6367927,-73.9574337,E  21 ST,11210,70,UNKNOWN,Street,0.1964337928572273,False,BROOKLYN,"(40.6367927, -73.9574337)",trafficstat,False,False,False,False,False,False,False,False,False,,,,,,,
2026-09-11,00:00,40.6405826,-73.9557161,FLATBUSH AVE,11226,70,UNKNOWN,Street,1.5266078837569388,False,BROOKLYN,"(40.6405826, -73.9557161)",trafficstat,False,False,False,False,False,False,False,False,False,,,,,,,
2026-08-16,00:00,40.6405826,-73.9557161,FLATBUSH AVE,11226,70,UNKNOWN,Street,1.5266078837569388,False,BROOKLYN,"(40.6405826, -73.9557161)",trafficstat,True,False,False,True,False,False,False,False,False,,,,,,,
2026-07-19,00:00,40.6405826,-73.9557161,FLATBUSH AVE,11226,70,UNKNOWN,Street,1.5266078837569388,False,BROOKLYN,"(40.6405826, -73.9557161)",trafficstat,True,False,False,False,False,False,False,False,True,,,,,,,
2026-09-11,00:00,40.6340437,-73.9611356,IRVINGTON PL,11230,70,OTHER,Street,2.820093714598654,False,BROOKLYN,"(40.6340437, -73.9611356)",trafficstat,True,False,False,False,False,False,False,True,False,,,,,,,
2026-09-10,00:00,40.6464365,-73.9591275,E  21 ST,11226,70,UNKNOWN,Street,36.24666220167916,False,BROOKLYN,"(40.6464365, -73.9591275)",trafficstat,False,False,False,False,False,False,False,False,False,,,,,,,
2026-09-10,00:00,40.6335164,-73.9693901,E  8 ST,11230,70,UNKNOWN,Street,1.1580288854902716,False,BROOKLYN,"(40.6335164, -73.9693901)",trafficstat,False,False,False,False,False,False,False,False,False,,,,,,,
2026-09-09,00:00,40.6129575,-73.9590769,E  15 ST,11230,70,OTHER,Street,0.46657602615747673,False,BROOKLYN,"(40.6129575, -73.9590769)",trafficstat,True,False,False,False,False,False,False,False,True,,,,,,,
2026-07-21,00:00,40.6129575,-73.9590769,E  15 ST,11230,70,UNKNOWN,Street,0.46657602615747673,False,BROOKLYN,"(40.6129575, -73.9590769)",trafficstat,False,False,False,False,False,False,False,False,False,,,,,,,
2026-06-15,00:00,40.6129575,-73.9590769,E  15 ST,11230,70,UNKNOWN,Street,0.46657602615747673,False,BROOKLYN,"(40.6129575, -73.9590769)",trafficstat,True,False,False,True,False,False,False,False,False,,,,,,,
2026-09-08,00:00,40.6236571,-73.9530508,E  23 ST,11210,70,UNKNOWN,Street,0.10489942365490104,False,BROOKLYN,"(40.6236571, -73.9530508)",trafficstat,False,False,False,False,False,False,False,False,False,,,,,,,
2026-09-08,00:00,40.650388,-73.9587079,FLATBUSH AVE,11226,70,UNKNOWN,Street,0.1501557465818099,False,BROOKLYN,"(40.650388, -73.9587079)",trafficstat,True,False,False,False,False,False,False,True,False,,,,,,,
2026-08-18,00:00,40.650388,-73.9587079,FLATBUSH AVE,11226,70,OTHER,Street,0.1501557465818099,False,BROOKLYN,"(40.650388, -73.9587079)",trafficstat,True,False,True,False,False,False,False,False,False,,,,,,,
2026-07-29,00:00,40.650388,-73.9587079,FLATBUSH AVE,11226,70,UNKNOWN,Street,0.1501557465818099,False,BROOKLYN,"(40.650388, -73.9587079)",trafficstat,False,False,False,False,False,False,False,False,False,,,,,,,
2026-07-05,00:00,40.650388,-73.9587079,FLATBUSH AVE,11226,70,UNKNOWN,Street,0.1501557465818099,False,BROOKLYN,"(40.650388, -73.9587079)",trafficstat,True,False,True,False,False,False,False,False,False,,,,,,,
2026-09-08,00:00,40.6437731,-73.9587517,E  21 ST,11226,70,UNKNOWN,Street,0.4272303768050739,False,BROOKLYN,"(40.6437731, -73.9587517)",trafficstat,True,False,False,True,False,False,False,False,False,,,,,,,
2026-09-02,00:00,40.6437731,-73.9587517,E  21 ST,11226,70,UNKNOWN,Street,0.4272303768050739,False,BROOKLYN,"(40.6437731, -73.9587517)",trafficstat,False,False,False,False,False,False,False,False,False,,,,,,,
2026-09-07,00:00,40.6490415,-73.9676589,ARGYLE RD,11218,70,OTHER,Street,39.67233263238065,False,BROOKLYN,"(40.6490415, -73.9676589)",trafficstat,True,False,True,False,False,False,False,False,False,,,,,,,
2026-09-07,00:00,40.6456222,-73.9582321,FLATBUSH AVE,11226,70,UNKNOWN,Street,48.8542911042971,False,BROOKLYN,"(40.6456222, -73.9582321)",trafficstat,True,False,False,False,False,False,False,False,True,,,,,,,
2026-09-07,00:00,40.646655,-73.9563672,TILDEN AVE,11226,70,UNKNOWN,Street,17.837347682435915,False,BROOKLYN,"(40.646655, -73.9563672)",trafficstat,True,False,False,True,False,False,False,False,False,,,,,,,
2026-09-07,00:00,40.6170011,-73.9469934,E  28 ST,11210,70,UNKNOWN,Street,0.037163703314074606,False,BROOKLYN,"(40.6170011, -73.9469934)",trafficstat,False,False,False,False,False,False,False,False,False,,,,,,,
2026-09-06,00:00,40.641961,-73.9570701,FLATBUSH AVE,11226,70,UNKNOWN,Street,1.393285068478555,False,BROOKLYN,"(40.641961, -73.9570701)",trafficstat,True,False,True,False,False,False,False,False,False,,,,,,,
2026-09-05,00:00,40.653575,-73.959452,FLATBUSH AVE,11226,70,UNKNOWN,Street,0.140351177884771,False,BROOKLYN,"(40.653575, -73.959452)",trafficstat,False,False,False,False,False,False,False,False,False,,,,,,,
2026-08-19,00:00,40.653575,-73.959452,FLATBUSH AVE,11226,70,UNKNOWN,Street,0.140351177884771,False,BROOKLYN,"(40.653575, -73.959452)",trafficstat,False,False,False,False,False,False,False,False,False,,,,,,,
2026-08-09,00:00,40.653575,-73.959452,FLATBUSH AVE,11226,70,UNKNOWN,Street,0.140351177884771,False,BROOKLYN,"(40.653575, -73.959452)",trafficstat,True,False,True,False,False,False,False,False,False,,,,,,,
2026-08-08,00:00,40.653575,-73.959452,FLATBUSH AVE,11226,70,UNKNOWN,Street,0.140351177884771,False,BROOKLYN,"(40.653575, -73.959452)",trafficstat,False,False,False,False,False,False,False,False,False,,,,,,,