crash_date,crash_time,latitude,longitude,on_street_name,zip_code,precinct,collision_type,roadway_type,geocode_dist_feet,time_is_known,borough,location,source,injury,fatality,injured_pedestrian,injured_cyclist,injured_ebike_rider,injured_motorcyclist,injured_moped_rider,injured_car_occupant,injured_suv_occupant,number_of_persons_injured,number_of_persons_killed,contributing_factor_vehicle_1,collision_id,cross_street_name,off_street_name,vehicle_type_code1
2026-09-05,00:00,40.6508868,-73.9646539,CATON AVE,11226,70,OTHER,Street,3.1782350124107666,False,BROOKLYN,"(40.6508868, -73.9646539)",trafficstat,True,False,False,True,False,False,False,False,False,,,,,,,
2026-09-04,00:00,40.6483757,-73.9657832,MARLBOROUGH RD,11226,70,UNKNOWN,Street,0.20941978507082565,False,BROOKLYN,"(40.6483757, -73.9657832)",trafficstat,True,False,False,True,False,False,False,False,False,,,,,,,
2026-09-04,00:00,40.6447735,-73.9547296,BEDFORD AVE,11226,70,UNKNOWN,Street,0.3064289178489379,False,BROOKLYN,"(40.6447735, -73.9547296)",trafficstat,True,False,False,False,False,False,False,False,True,,,,,,,
2026-07-10,00:00,40.6447735,-73.9547296,BEDFORD AVE,11226,70,OTHER,Street,0.3064289178489379,False,BROOKLYN,"(40.6447735, -73.9547296)",trafficstat,True,False,False,True,False,False,False,False,False,,,,,,,
2026-09-04,00:00,40.6462663,-73.960482,OCEAN AVE,11226,70,UNKNOWN,Street,55.172659277112736,False,BROOKLYN,"(40.6462663, -73.960482)",trafficstat,True,False,False,True,False,False,False,False,False,,,,,,,
2026-09-04,00:00,40.6211651,-73.9535317,E  22 ST,11210,70,OTHER,Street,0.16781750206298324,False,BROOKLYN,"(40.6211651, -73.9535317)",trafficstat,True,False,False,False,False,False,False,True,False,,,,,,,
2026-09-04,00:00,40.6168809,-73.9547305,OCEAN AVE,11230,70,UNKNOWN,Street,0.5951546007113142,False,BROOKLYN,"(40.6168809, -73.9547305)",trafficstat,True,False,False,False,False,False,False,True,False,,,,,,,
2026-09-03,00:00,40.6358769,-73.9506434,FLATBUSH AVE,11210,70,UNKNOWN,Street,50.26100899875752,False,BROOKLYN,"(40.6358769, -73.9506434)",trafficstat,True,False,False,False,False,False,False,True,False,,,,,,,
2026-09-03,00:00,40.6466293,-73.9556508,BEDFORD AVE,11226,70,UNKNOWN,Street,0.5684519929219166,False,BROOKLYN,"(40.6466293, -73.9556508)",trafficstat,True,False,False,False,False,False,False,True,False,,,,,,,
2026-09-03,00:00,40.64903,-73.964459,CHURCH AVE,11226,70,OTHER,Street,40.244899405645874,False,BROOKLYN,"(40.64903, -73.964459)",trafficstat,False,False,False,False,False,False,False,False,False,,,,,,,
2026-09-02,00:00,40.6426445,-73.9556952,E  23 ST,11226,70,UNKNOWN,Street,61.15312913389972,False,BROOKLYN,"(40.6426445, -73.9556952)",trafficstat,False,False,False,False,False,False,False,False,False,,,,,,,
2026-09-02,00:00,40.6445992,-73.9608329,BEVERLEY RD,11226,70,UNKNOWN,Street,62.55367038256221,False,BROOKLYN,"(40.6445992, -73.9608329)",trafficstat,False,False,False,False,False,False,False,False,False,,,,,,,
2026-09-02,00:00,40.6249783,-73.9632483,E  13 ST,11230,70,UNKNOWN,Street,0.10303440195582667,False,BROOKLYN,"(40.6249783, -73.9632483)",trafficstat,False,False,False,False,False,False,False,False,False,,,,,,,
2026-09-02,00:00,40.6102227,-73.9618236,AVE P,11229,70,OTHER,Street,59.73971065973177,False,BROOKLYN,"(40.6102227, -73.9618236)",trafficstat,True,False,False,False,False,False,False,False,True,,,,,,,
2026-09-01,00:00,40.6246032,-73.963101,E  13 ST,11230,70,UNKNOWN,Street,20.879919264358893,False,BROOKLYN,"(40.6246032, -73.963101)",trafficstat,False,False,False,False,False,False,False,False,False,,,,,,,
2026-09-01,00:00,40.631706,-73.94648,FLATBUSH AVE,11210,70,UNKNOWN,Street,2.1797294450239004,False,BROOKLYN,"(40.631706, -73.94648)",trafficstat,False,False,False,False,False,False,False,False,False,,,,,,,
2026-07-19,00:00,40.631706,-73.94648,FLATBUSH AVE,11210,70,UNKNOWN,Street,2.1797294450239004,False,BROOKLYN,"(40.631706, -73.94648)",trafficstat,True,False,False,True,False,False,False,False,False,,,,,,,
2026-09-01,00:00,40.6446562,-73.9566323,E  22 ST,11226,70,UNKNOWN,Street,0.49444242442799863,False,BROOKLYN,"(40.6446562, -73.9566323)",trafficstat,True,False,False,False,False,True,False,False,False,,,,,,,
2026-09-01,00:00,40.6467354,-73.9582861,FLATBUSH AVE,11226,70,OTHER,Street,47.40529428609596,False,BROOKLYN,"(40.6467354, -73.9582861)",trafficstat,False,False,False,False,False,False,False,False,False,,,,,,,
2026-08-31,00:00,40.6296242,-73.9743473,PARKVILLE AVE,11230,70,UNKNOWN,Street,41.72939169727429,False,BROOKLYN,"(40.6296242, -73.9743473)",trafficstat,False,False,False,False,False,False,False,False,False,,,,,,,
2026-08-31,00:00,40.6338757,-73.9508,GLENWOOD RD,11210,70,UNKNOWN,Street,53.16244534360172,False,BROOKLYN,"(40.6338757, -73.9508)",trafficstat,False,False,False,False,False,False,False,False,False,,,,,,,
2026-08-30,00:00,40.620949,-73.9554914,OCEAN AVE,11230,70,UNKNOWN,Street,0.32643081927522427,False,BROOKLYN,"(40.620949, -73.9554914)",trafficstat,False,False,False,False,False,False,False,False,False,,,,,,,
2026-08-30,00:00,40.6484814,-73.9610061,TENNIS CT,11226,70,UNKNOWN,Street,50.99605807370006,False,BROOKLYN,"(40.6484814, -73.9610061)",trafficstat,False,False,False,False,False,False,False,False,False,,,,,,,
2026-08-18,00:00,40.6484814,-73.9610061,TENNIS CT,11226,70,UNKNOWN,Street,50.99605807370006,False,BROOKLYN,"(40.6484814, -73.9610061)",trafficstat,True,False,False,False,False,False,False,True,False,,,,,,,
2026-08-30,00:00,40.6507778,-73.9613474,OCEAN AVE,11226,70,UNKNOWN,Street,54.17872661544073,False,BROOKLYN,"(40.6507778, -73.9613474)",trafficstat,True,False,False,False,False,False,False,False,False,,,,,,,
2026-08-29,00:00,40.6420185,-73.9573384,FLATBUSH AVE,11226,70,UNKNOWN,Street,49.19190113726994,False,BROOKLYN,"(40.6420185, -73.9573384)",trafficstat,False,False,False,False,False,False,False,False,False,,,,,,,
2026-08-29,00:00,40.6526415,-73.959859,CATON AVE,11226,70,UNKNOWN,Street,38.33151540333352,False,BROOKLYN,"(40.6526415, -73.959859)",trafficstat,False,False,False,False,False,False,False,False,False,,,,,,,
2026-08-29,00:00,40.6345085,-73.9494511,FLATBUSH AVE,11210,70,UNKNOWN,Street,1.7595444371494482,False,BROOKLYN,"(40.6345085, -73.9494511)",trafficstat,False,False,False,False,False,False,False,False,False,,,,,,,
2026-07-20,00:00,40.6345085,-73.9494511,FLATBUSH AVE,11210,70,UNKNOWN,Street,1.7595444371494482,False,BROOKLYN,"(40.6345085, -73.9494511)",trafficstat,True,False,False,False,False,False,False,True,False,,,,,,,
2026-06-16,00:00,40.6345085,-73.9494511,FLATBUSH AVE,11210,70,UNKNOWN,Street,1.7595444371494482,False,BROOKLYN,"(40.6345085, -73.9494511)",trafficstat,True,False,False,False,False,False,False,True,False,,,,,,,
2026-08-29,00:00,40.6404318,-73.9562279,E  23 ST,11226,70,UNKNOWN,Street,0.4645577996816297,False,BROOKLYN,"(40.6404318, -73.9562279)",trafficstat,False,False,False,False,False,False,False,False,False,,,,,,,
2026-08-28,00:00,40.6499165,-73.9612814,CHURCH AVE,11226,70,UNKNOWN,Street,36.85380864351403,False,BROOKLYN,"(40.6499165, -73.9612814)",trafficstat,True,False,True,False,False,False,False,False,False,,,,,,,
2026-08-28,00:00,40.6293727,-73.9728541,E  5 ST,11230,70,UNKNOWN,Street,0.4555901116289337,False,BROOKLYN,"(40.6293727, -73.9728541)",trafficstat,False,False,False,False,False,False,False,False,False,,,,,,,
2026-08-28,00:00,40.6313534,-73.9463596,FLATBUSH AVE,11210,70,UNKNOWN,Street,56.70708747806401,False,BROOKLYN,"(40.6313534, -73.9463596)",trafficstat,True,False,False,True,False,False,False,False,False,,,,,,,
2026-07-26,00:00,40.6313534,-73.9463596,FLATBUSH AVE,11210,70,UNKNOWN,Street,56.70708747806401,False,BROOKLYN,"(40.6313534, -73.9463596)",trafficstat,False,False,False,False,False,False,False,False,False,,,,,,,
2026-08-28,00:00,40.6360765,-73.9510893,FLATBUSH AVE,11210,70,UNKNOWN,Street,1.6620259703840083,False,BROOKLYN,"(40.6360765, -73.9510893)",trafficstat,False,False,False,False,False,False,False,False,False,,,,,,,
2026-07-23,00:00,40.6360765,-73.9510893,FLATBUSH AVE,11210,70,UNKNOWN,Street,1.6620259703840083,False,BROOKLYN,"(40.6360765, -73.9510893)",trafficstat,True,False,False,False,False,False,False,True,False,,,,,,,
2026-07-18,00:00,40.6360765,-73.9510893,FLATBUSH AVE,11210,70,UNKNOWN,Street,1.6620259703840083,False,BROOKLYN,"(40.6360765, -73.9510893)",trafficstat,False,False,False,False,False,False,False,False,False,,,,,,,
2026-08-27,00:00,40.6318206,-73.966432,GLENWOOD RD,11230,70,UNKNOWN,Street,30.510758079137943,False,BROOKLYN,"(40.6318206, -73.966432)",trafficstat,True,False,False,False,True,False,False,False,False,,,,,,,
2026-08-27,00:00,40.6386625,-73.9684207,CONEY ISLAND AVE,11218,70,OTHER,Street,53.45519840223051,False,BROOKLYN,"(40.6386625, -73.9684207)",trafficstat,True,False,True,False,False,False,False,False,False,,,,,,,
2026-08-27,00:00,40.6385487,-73.9492318,E  29 ST,11210,70,UNKNOWN,Street,0.4618493419941155,False,BROOKLYN,"(40.6385487, -73.9492318)",trafficstat,True,False,False,True,False,False,False,False,False,,,,,,,
2026-08-26,00:00,40.6534994,-73.9589914,LENOX RD,11226,70,UNKNOWN,Street,40.8441218113579,False,BROOKLYN,"(40.6534994, -73.9589914)",trafficstat,False,False,False,False,False,False,False,False,False,,,,,,,
2026-08-26,00:00,40.6332297,-73.9648002,ARGYLE RD,11230,70,UNKNOWN,Street,0.3549397651858763,False,BROOKLYN,"(40.6332297, -73.9648002)",trafficstat,True,False,False,False,False,False,False,True,False,,,,,,,
2026-06-14,00:00,40.6332297,-73.9648002,ARGYLE RD,11230,70,OTHER,Street,0.3549397651858763,False,BROOKLYN,"(40.6332297, -73.9648002)",trafficstat,False,False,False,False,False,False,False,False,False,,,,,,,
2026-08-25,00:00,40.632224,-73.9671557,FOSTER AVE,11230,70,UNKNOWN,Street,31.783272194726923,False,BROOKLYN,"(40.632224, -73.9671557)",trafficstat,False,False,False,False,False,False,False,False,False,,,,,,,
2026-08-25,00:00,40.6253423,-73.9611067,AVE J,11230,70,UNKNOWN,Street,44.56462666060249,False,BROOKLYN,"(40.6253423, -73.9611067)",trafficstat,True,False,False,True,False,False,False,False,False,,,,,,,
2026-08-25,00:00,40.6531902,-73.9662132,PARADE PL,11226,70,UNKNOWN,Street,0.9076185005379936,False,BROOKLYN,"(40.6531902, -73.9662132)",trafficstat,True,False,False,False,False,False,False,True,False,,,,,,,
2026-07-25,00:00,40.6531902,-73.9662132,PARADE PL,11226,70,UNKNOWN,Street,0.9076185005379936,False,BROOKLYN,"(40.6531902, -73.9662132)",trafficstat,False,False,False,False,False,False,False,False,False,,,,,,,
2026-08-24,00:00,40.6424977,-73.9583492,E  21 ST,11226,70,UNKNOWN,Street,45.29933421144747,False,BROOKLYN,"(40.6424977, -73.9583492)",trafficstat,False,False,False,False,False,False,False,False,False,,,,,,,
2026-08-24,00:00,40.6550275,-73.959894,FLATBUSH AVE,11226,70,UNKNOWN,Street,43.54226153022643,False,BROOKLYN,"(40.6550275, -73.959894)",trafficstat,False,False,False,False,False,False,False,False,False,,,,,,,
2026-08-24,00:00,40.6346845,-73.965084,ARGYLE RD,11230,70,UNKNOWN,Street,0.41516223384591344,False,BROOKLYN,"(40.6346845, -73.965084)",trafficstat,True,False,True,False,False,False,False,False,False,,,,,,,
2026-08-24,00:00,40.6466196,-73.9601496,OCEAN AVE,11226,70,UNKNOWN,Street,54.90456277717918,False,BROOKLYN,"(40.6466196, -73.9601496)",trafficstat,True,False,False,True,False,False,False,False,False,,,,,,,
2026-08-24,00:00,40.635925,-73.95247,E  26 ST,11210,70,OTHER,Street,1.5807639448559117,False,BROOKLYN,"(40.635925, -73.95247)",trafficstat,False,False,False,False,False,False,False,False,False,,,,,,,
2026-08-24,00:00,40.6322771,-73.9714907,OCEAN PKWY,11230,70,UNKNOWN,Street,64.02694797240224,False,BROOKLYN,"(40.6322771, -73.9714907)",trafficstat,True,False,True,False,False,False,False,False,False,,,,,,,
2026-08-23,00:00,40.6259429,-73.9560681,AVE J,11210,70,UNKNOWN,Street,60.75913649347497,False,BROOKLYN,"(40.6259429, -73.9560681)",trafficstat,False,False,False,False,False,False,False,False,False,,,,,,,
2026-08-22,00:00,40.6317075,-73.9464809,FLATBUSH AVE,11210,70,UNKNOWN,Street,2.031608797286779,False,BROOKLYN,"(40.6317075, -73.9464809)",trafficstat,False,False,False,False,False,False,False,False,False,,,,,,,
2026-07-09,00:00,40.6317075,-73.9464809,FLATBUSH AVE,11210,70,UNKNOWN,Street,2.031608797286779,False,BROOKLYN,"(40.6317075, -73.9464809)",trafficstat,True,False,False,False,False,False,True,False,False,,,,,,,
2026-07-06,00:00,40.6317075,-73.9464809,FLATBUSH AVE,11210,70,UNKNOWN,Street,2.031608797286779,False,BROOKLYN,"(40.6317075, -73.9464809)",trafficstat,True,False,False,False,False,False,False,False,False,,,,,,,
2026-06-19,00:00,40.6317075,-73.9464809,FLATBUSH AVE,11210,70,OTHER,Street,2.031608797286779,False,BROOKLYN,"(40.6317075, -73.9464809)",trafficstat,True,False,True,False,False,False,False,False,False,,,,,,,
2026-08-22,00:00,40.6435796,-73.9595493,CORTELYOU RD,11226,70,UNKNOWN,Street,49.656679834067994,False,BROOKLYN,"(40.6435796, -73.9595493)",trafficstat,True,False,False,False,False,False,False,True,False,,,,,,,
2026-08-21,00:00,40.62998,-73.97499,SETON PL,11230,70,UNKNOWN,Street,0.30915253154508165,False,BROOKLYN,"(40.62998, -73.97499)",trafficstat,False,False,False,False,False,False,False,False,False,,,,,,,
2026-08-20,00:00,40.6315822,-73.9750288,18 AVE,11218,70,OTHER,Street,56.53082002688046,False,BROOKLYN,"(40.6315822, -73.9750288)",trafficstat,False,False,False,False,False,False,False,False,False,,,,,,,
2026-08-20,00:00,40.6543794,-73.961623,OCEAN AVE,11226,70,UNKNOWN,Street,50.64874722305052,False,BROOKLYN,"(40.6543794, -73.961623)",trafficstat,True,False,True,False,False,False,False,False,False,,,,,,,
2026-08-19,00:00,40.6532375,-73.9615321,OCEAN AVE,11226,70,UNKNOWN,Street,20.90987917946541,False,BROOKLYN,"(40.6532375, -73.9615321)",trafficstat,True,False,False,True,False,False,False,False,False,,,,,,,
2026-08-19,00:00,40.6420395,-73.9676185,SLOCUM PL,11218,70,OTHER,Street,48.52162132770287,False,BROOKLYN,"(40.6420395, -73.9676185)",trafficstat,False,False,False,False,False,False,False,False,False,,,,,,,
2026-08-18,00:00,40.6247648,-73.9651721,CONEY ISLAND AVE,11230,70,UNKNOWN,Street,0.022705220341318534,False,BROOKLYN,"(40.6247648, -73.9651721)",trafficstat,False,False,False,False,False,False,False,False,False,,,,,,,
2026-07-01,00:00,40.6247648,-73.9651721,CONEY ISLAND AVE,11230,70,UNKNOWN,Street,0.022705220341318534,False,BROOKLYN,"(40.6247648, -73.9651721)",trafficstat,True,False,False,False,True,False,False,False,False,,,,,,,
2026-08-16,00:00,40.63571,-73.9543863,E  24 ST,11210,70,UNKNOWN,Street,0.3303894065688749,False,BROOKLYN,"(40.63571, -73.9543863)",trafficstat,False,False,False,False,False,False,False,False,False,,,,,,,
2026-08-15,00:00,40.6386507,-73.956838,E  22 ST,11226,70,OTHER,Street,0.2975181421639921,False,BROOKLYN,"(40.6386507, -73.956838)",trafficstat,True,False,False,False,False,False,False,True,True,,,,,,,
2026-08-15,00:00,40.630512,-73.9573,OCEAN AVE,11230,70,OTHER,Street,0.26610876956892965,False,BROOKLYN,"(40.630512, -73.9573)",trafficstat,True,False,True,False,False,False,False,False,False,,,,,,,
2026-08-13,00:00,40.6310562,-73.9725432,LAWRENCE AVE,11230,70,OTHER,Street,34.799452744453134,False,BROOKLYN,"(40.6310562, -73.9725432)",trafficstat,True,False,False,False,False,False,True,False,False,,,,,,,
2026-08-13,00:00,40.6142021,-73.9585033,E  16 ST,11230,70,UNKNOWN,Street,37.5722723578387,False,BROOKLYN,"(40.6142021, -73.9585033)",trafficstat,False,False,False,False,False,False,False,False,False,,,,,,,
2026-08-13,00:00,40.6441434,-73.9579191,FLATBUSH AVE,11226,70,OTHER,Street,0.2198784120237753,False,BROOKLYN,"(40.6441434, -73.9579191)",trafficstat,True,False,False,True,False,False,False,False,False,,,,,,,
2026-07-05,00:00,40.6441434,-73.9579191,FLATBUSH AVE,11226,70,OTHER,Street,0.2198784120237753,False,BROOKLYN,"(40.6441434, -73.9579191)",trafficstat,True,False,True,False,False,False,False,False,False,,,,,,,
2026-08-12,00:00,40.6449672,-73.958978,E  21 ST,11226,70,UNKNOWN,Street,0.23326046144471654,False,BROOKLYN,"(40.6449672, -73.958978)",trafficstat,False,False,False,False,False,False,False,False,False,,,,,,,
2026-06-18,00:00,40.6449672,-73.958978,E  21 ST,11226,70,UNKNOWN,Street,0.23326046144471654,False,BROOKLYN,"(40.6449672, -73.958978)",trafficstat,True,False,False,False,False,False,False,False,False,,,,,,,
2026-08-12,00:00,40.6468733,-73.9627151,E  18 ST,11226,70,OTHER,Street,34.79132767803701,False,BROOKLYN,"(40.6468733, -73.9627151)",trafficstat,False,False,False,False,False,False,False,False,False,,,,,,,
2026-07-29,00:00,40.6468733,-73.9627151,E  18 ST,11226,70,UNKNOWN,Street,34.79132767803701,False,BROOKLYN,"(40.6468733, -73.9627151)",trafficstat,False,False,False,False,False,False,False,False,False,,,,,,,
2026-08-12,00:00,40.6502101,-73.9599766,E  21 ST,11226,70,UNKNOWN,Street,0.028053203366547853,False,BROOKLYN,"(40.6502101, -73.9599766)",trafficstat,False,False,False,False,False,False,False,False,False,,,,,,,
2026-06-27,00:00,40.6502101,-73.9599766,E  21 ST,11226,70,OTHER,Street,0.028053203366547853,False,BROOKLYN,"(40.6502101, -73.9599766)",trafficstat,False,False,False,False,False,False,False,False,False,,,,,,,
2026-08-12,00:00,40.6362793,-73.9653822,ARGYLE RD,11230,70,UNKNOWN,Street,0.19641872751740466,False,BROOKLYN,"(40.6362793, -73.9653822)",trafficstat,False,False,False,False,False,False,False,False,False,,,,,,,
2026-08-12,00:00,40.6363264,-73.9583996,OCEAN AVE,11230,70,UNKNOWN,Street,0.11260567298450318,False,BROOKLYN,"(40.6363264, -73.9583996)",trafficstat,True,False,True,False,False,False,False,False,False,,,,,,,
2026-08-12,00:00,40.6401501,-73.9575987,DITMAS AVE,11226,70,UNKNOWN,Street,59.68767478059518,False,BROOKLYN,"(40.6401501, -73.9575987)",trafficstat,False,False,False,False,False,False,False,False,False,,,,,,,
2026-06-18,00:00,40.6401501,-73.9575987,DITMAS AVE,11226,70,UNKNOWN,Street,59.68767478059518,False,BROOKLYN,"(40.6401501, -73.9575987)",trafficstat,False,False,False,False,False,False,False,False,False,,,,,,,
2026-08-11,00:00,40.6281358,-73.9588767,E  18 ST,11230,70,OTHER,Street,45.0064506887293,False,BROOKLYN,"(40.6281358, -73.9588767)",trafficstat,False,False,False,False,False,False,False,False,False,,,,,,,
2026-08-10,00:00,40.6540231,-73.9636684,PARKSIDE AVE,11226,70,UNKNOWN,Street,54.34020885196266,False,BROOKLYN,"(40.6540231, -73.9636684)",trafficstat,False,False,False,False,False,False,False,False,False,,,,,,,
2026-08-09,00:00,40.6466878,-73.9568639,TILDEN AVE,11226,70,UNKNOWN,Street,38.03645879367377,False,BROOKLYN,"(40.6466878, -73.9568639)",trafficstat,False,False,False,False,False,False,False,False,False,,,,,,,
2026-07-11,00:00,40.6466878,-73.9568639,TILDEN AVE,11226,70,UNKNOWN,Street,38.03645879367377,False,BROOKLYN,"(40.6466878, -73.9568639)",trafficstat,True,False,True,False,False,False,False,False,False,,,,,,,
2026-08-09,00:00,40.63765,-73.9527888,E  26 ST,11210,70,UNKNOWN,Street,0.05462129444026918,False,BROOKLYN,"(40.63765, -73.9527888)",trafficstat,False,False,False,False,False,False,False,False,False,,,,,,,
2026-08-09,00:00,40.6457965,-73.9601918,OCEAN AVE,11226,70,OTHER,Street,0.5178935135226235,False,BROOKLYN,"(40.6457965, -73.9601918)",trafficstat,False,False,False,False,False,False,False,False,False,,,,,,,
2026-07-17,00:00,40.6457965,-73.9601918,OCEAN AVE,11226,70,UNKNOWN,Street,0.5178935135226235,False,BROOKLYN,"(40.6457965, -73.9601918)",trafficstat,False,False,False,False,False,False,False,False,False,,,,,,,
2026-08-09,00:00,40.6272902,-73.9616332,E  15 ST,11230,70,OTHER,Street,43.930000947513726,False,BROOKLYN,"(40.6272902, -73.9616332)",trafficstat,False,False,False,False,False,False,False,False,False,,,,,,,
2026-08-09,00:00,40.609986,-73.962385,CONEY ISLAND AVE,11223,70,UNKNOWN,Street,0.023730974256184367,False,BROOKLYN,"(40.609986, -73.962385)",trafficstat,True,False,False,False,False,False,False,False,True,,,,,,,
2026-08-08,00:00,40.642855,-73.9594034,OCEAN AVE,11226,70,UNKNOWN,Street,64.20021983749697,False,BROOKLYN,"(40.642855, -73.9594034)",trafficstat,False,False,False,False,False,False,False,False,False,,,,,,,
2026-08-07,00:00,40.6523139,-73.9560111,BEDFORD AVE,11226,70,UNKNOWN,Street,0.057034689026893876,False,BROOKLYN,"(40.6523139, -73.9560111)",trafficstat,True,False,False,False,False,False,False,True,False,,,,,,,
2026-08-07,00:00,40.6535003,-73.9649989,PARKSIDE AVE,11226,70,UNKNOWN,Street,55.52206253861418,False,BROOKLYN,"(40.6535003, -73.9649989)",trafficstat,False,False,False,False,False,False,False,False,False,,,,,,,
2026-08-07,00:00,40.6500711,-73.9616024,CHURCH AVE,11226,70,UNKNOWN,Street,44.398066180680985,False,BROOKLYN,"(40.6500711, -73.9616024)",trafficstat,True,False,False,False,False,False,False,True,False,,,,,,,
2026-08-07,00:00,40.6517265,-73.9621729,CATON AVE,11226,70,OTHER,Street,48.1316834946662,False,BROOKLYN,"(40.6517265, -73.9621729)",trafficstat,True,False,True,False,False,False,False,False,False,,,,,,,
2026-08-05,00:00,40.6180809,-73.958309,AVE M,11230,70,UNKNOWN,Street,45.8391474617055,False,BROOKLYN,"(40.6180809, -73.958309)",trafficstat,False,False,False,False,False,False,False,False,False,,,,,,,
2026-08-04,00:00,40.6155189,-73.9605125,E  14 ST,11230,70,UNKNOWN,Street,0.4757024104765281,False,BROOKLYN,"(40.6155189, -73.9605125)",trafficstat,True,False,False,False,False,False,False,True,True,,,,,,,
2026-08-04,00:00,40.6250796,-73.9623188,E  14 ST,11230,70,OTHER,Street,0.02679284586004051,False,BROOKLYN,"(40.6250796, -73.9623188)",trafficstat,True,False,False,False,False,False,True,False,False,,,,,,,
2026-08-04,00:00,40.6509359,-73.9586781,FLATBUSH AVE,11226,70,UNKNOWN,Street,47.22567702197443,False,BROOKLYN,"(40.6509359, -73.9586781)",trafficstat,False,False,False,False,False,False,False,False,False,,,,,,,
2026-08-04,00:00,40.652927,-73.95933,FLATBUSH AVE,11226,70,OTHER,Street,0.4387796682368687,False,BROOKLYN,"(40.652927, -73.95933)",trafficstat,True,False,True,False,False,False,False,False,False,,,,,,,
2026-08-03,00:00,40.6506995,-73.9626431,ST PAULS PL,11226,70,UNKNOWN,Street,0.35232303119316283,False,BROOKLYN,"(40.6506995, -73.9626431)",trafficstat,False,False,False,False,False,False,False,False,False,,,,,,,
2026-08-02,00:00,40.6499735,-73.962174,ST PAULS PL,11226,70,OTHER,Street,34.22532251430588,False,BROOKLYN,"(40.6499735, -73.962174)",trafficstat,False,False,False,False,False,False,False,False,False,,,,,,,
2026-08-02,00:00,40.654804,-73.9619133,OCEAN AVE,11226,70,UNKNOWN,Street,12.07400067298439,False,BROOKLYN,"(40.654804, -73.9619133)",trafficstat,True,False,False,True,False,False,False,False,False,,,,,,,
2026-08-02,00:00,40.6295438,-73.966081,CONEY ISLAND AVE,11230,70,UNKNOWN,Street,0.21720214005377259,False,BROOKLYN,"(40.6295438, -73.966081)",trafficstat,True,False,True,False,False,False,False,False,False,,,,,,,
2026-08-01,00:00,40.6397627,-73.9580047,E  21 ST,11226,70,UNKNOWN,Street,0.3156375336238849,False,BROOKLYN,"(40.6397627, -73.9580047)",trafficstat,True,False,False,False,False,False,False,True,False,,,,,,,
2026-07-23,00:00,40.6397627,-73.9580047,E  21 ST,11226,70,UNKNOWN,Street,0.3156375336238849,False,BROOKLYN,"(40.6397627, -73.9580047)",trafficstat,True,False,False,False,False,False,False,False,True,,,,,,,
2026-08-01,00:00,40.6370151,-73.9675678,STRATFORD RD,11218,70,UNKNOWN,Street,41.158643664817035,False,BROOKLYN,"(40.6370151, -73.9675678)",trafficstat,False,False,False,False,False,False,False,False,False,,,,,,,
2026-08-01,00:00,40.6319237,-73.9666599,CONEY ISLAND AVE,11230,70,UNKNOWN,Street,0.27249549277984875,False,BROOKLYN,"(40.6319237, -73.9666599)",trafficstat,True,False,False,False,False,False,True,False,False,,,,,,,
2026-07-30,00:00,40.629986,-73.971565,OCEAN PKWY,11230,70,UNKNOWN,Street,0.6484907339859848,False,BROOKLYN,"(40.629986, -73.971565)",trafficstat,True,False,False,False,False,False,False,True,False,,,,,,,
2026-07-29,00:00,40.6556337,-73.9598616,FLATBUSH AVE,11226,70,UNKNOWN,Street,0.33192570236845703,False,BROOKLYN,"(40.6556337, -73.9598616)",trafficstat,False,False,False,False,False,False,False,False,False,,,,,,,
2026-07-29,00:00,40.6394902,-73.9548516,NEWKIRK AVE,11226,70,UNKNOWN,Street,32.44074744366991,False,BROOKLYN,"(40.6394902, -73.9548516)",trafficstat,False,False,False,False,False,False,False,False,False,,,,,,,
2026-07-13,00:00,40.6394902,-73.9548516,NEWKIRK AVE,11226,70,UNKNOWN,Street,32.44074744366991,False,BROOKLYN,"(40.6394902, -73.9548516)",trafficstat,False,False,False,False,False,False,False,False,False,,,,,,,
2026-07-28,00:00,40.6206685,-73.9569321,AVE L,11230,70,UNKNOWN,Street,47.22774425829581,False,BROOKLYN,"(40.6206685, -73.9569321)",trafficstat,True,False,False,False,False,False,False,False,True,,,,,,,
2026-07-27,00:00,40.6390675,-73.9559693,E  23 ST,11226,70,UNKNOWN,Street,0.3116018333410456,False,BROOKLYN,"(40.6390675, -73.9559693)",trafficstat,True,False,False,False,False,False,False,False,False,,,,,,,
2026-07-19,00:00,40.6390675,-73.9559693,E  23 ST,11226,70,UNKNOWN,Street,0.3116018333410456,False,BROOKLYN,"(40.6390675, -73.9559693)",trafficstat,False,False,False,False,False,False,False,False,False,,,,,,,
2026-07-26,00:00,40.653536,-73.9634233,WOODRUFF AVE,11226,70,UNKNOWN,Street,35.890978050404215,False,BROOKLYN,"(40.653536, -73.9634233)",trafficstat,False,False,False,False,False,False,False,False,False,,,,,,,
2026-07-26,00:00,40.6187099,-73.9571252,E  18 ST,11230,70,OTHER,Street,36.47729017693668,False,BROOKLYN,"(40.6187099, -73.9571252)",trafficstat,False,False,False,False,False,False,False,False,False,,,,,,,
2026-07-25,00:00,40.6300314,-73.9752659,LAWRENCE AVE,11230,70,UNKNOWN,Street,53.83369295298734,False,BROOKLYN,"(40.6300314, -73.9752659)",trafficstat,False,False,False,False,False,False,False,False,False,,,,,,,
2026-07-24,00:00,40.6512116,-73.9589237,FLATBUSH AVE,11226,70,OTHER,Street,0.18978211378787985,False,BROOKLYN,"(40.6512116, -73.9589237)",trafficstat,True,False,False,False,False,False,False,True,False,,,,,,,