crash_date,crash_time,latitude,longitude,on_street_name,zip_code,precinct,collision_type,roadway_type,geocode_dist_feet,time_is_known,borough,location,source,injury,fatality,injured_pedestrian,injured_cyclist,injured_ebike_rider,injured_motorcyclist,injured_moped_rider,injured_car_occupant,injured_suv_occupant,number_of_persons_injured,number_of_persons_killed,contributing_factor_vehicle_1,collision_id,cross_street_name,off_street_name,vehicle_type_code1
2026-07-24,00:00,40.6521703,-73.9614061,OCEAN AVE,11226,70,OTHER,Street,0.3207269832805323,False,BROOKLYN,"(40.6521703, -73.9614061)",trafficstat,True,False,False,False,False,False,True,False,False,,,,,,,
2026-06-24,00:00,40.6521703,-73.9614061,OCEAN AVE,11226,70,UNKNOWN,Street,0.3207269832805323,False,BROOKLYN,"(40.6521703, -73.9614061)",trafficstat,False,False,False,False,False,False,False,False,False,,,,,,,
2026-07-23,00:00,40.6326599,-73.9598934,E  18 ST,11230,70,OTHER,Street,0.16323796998369933,False,BROOKLYN,"(40.6326599, -73.9598934)",trafficstat,True,False,False,False,False,False,True,False,False,,,,,,,
2026-07-23,00:00,40.6147768,-73.9470503,KINGS HWY,11229,70,UNKNOWN,Street,39.87326849534774,False,BROOKLYN,"(40.6147768, -73.9470503)",trafficstat,True,False,False,False,False,False,False,False,True,,,,,,,
2026-07-22,00:00,40.6249824,-73.9572526,E  19 ST,11230,70,UNKNOWN,Street,62.05473873454587,False,BROOKLYN,"(40.6249824, -73.9572526)",trafficstat,False,False,False,False,False,False,False,False,False,,,,,,,
2026-07-22,00:00,40.639305,-73.95897,OCEAN AVE,11226,70,OTHER,Street,1.1795515518069666,False,BROOKLYN,"(40.639305, -73.95897)",trafficstat,True,False,False,True,False,False,False,False,False,,,,,,,
2026-07-22,00:00,40.6506926,-73.9599922,E  21 ST,11226,70,UNKNOWN,Street,20.888830597987678,False,BROOKLYN,"(40.6506926, -73.9599922)",trafficstat,False,False,False,False,False,False,False,False,False,,,,,,,
2026-07-21,00:00,40.6443022,-73.9650105,MARLBOROUGH RD,11226,70,UNKNOWN,Street,0.2797619036509872,False,BROOKLYN,"(40.6443022, -73.9650105)",trafficstat,True,False,False,False,False,False,True,False,False,,,,,,,
2026-07-21,00:00,40.6339317,-73.9700506,18 AVE,11218,70,UNKNOWN,Street,57.60063643517103,False,BROOKLYN,"(40.6339317, -73.9700506)",trafficstat,False,False,False,False,False,False,False,False,False,,,,,,,
2026-07-21,00:00,40.610949,-73.9536,OCEAN AVE,11230,70,UNKNOWN,Street,0.42257807460556795,False,BROOKLYN,"(40.610949, -73.9536)",trafficstat,False,False,False,False,False,False,False,False,False,,,,,,,
2026-07-21,00:00,40.6194932,-73.9465123,E  29 ST,11210,70,UNKNOWN,Street,0.27985487379679097,False,BROOKLYN,"(40.6194932, -73.9465123)",trafficstat,True,False,True,False,False,False,False,False,False,,,,,,,
2026-07-21,00:00,40.6209143,-73.9584625,E  17 ST,11230,70,UNKNOWN,Street,52.650993491014134,False,BROOKLYN,"(40.6209143, -73.9584625)",trafficstat,False,False,False,False,False,False,False,False,False,,,,,,,
2026-07-20,00:00,40.610485,-73.9621348,CONEY ISLAND AVE,11230,70,OTHER,Street,94.23636701951396,False,BROOKLYN,"(40.610485, -73.9621348)",trafficstat,False,False,False,False,False,False,False,False,False,,,,,,,
2026-07-20,00:00,40.6400459,-73.9553998,FLATBUSH AVE,11226,70,UNKNOWN,Street,49.16008260326941,False,BROOKLYN,"(40.6400459, -73.9553998)",trafficstat,True,False,False,False,False,False,False,False,False,,,,,,,
2026-07-20,00:00,40.64872,-73.964905,BUCKINGHAM RD,11226,70,OTHER,Street,0.5337303349919273,False,BROOKLYN,"(40.64872, -73.964905)",trafficstat,True,False,False,False,False,False,True,False,False,,,,,,,
2026-07-18,00:00,40.61801,-73.960045,E  15 ST,11230,70,UNKNOWN,Street,0.9759989713644432,False,BROOKLYN,"(40.61801, -73.960045)",trafficstat,True,False,False,False,False,False,False,True,False,,,,,,,
2026-07-17,00:00,40.6548823,-73.9618803,OCEAN AVE,11226,70,UNKNOWN,Street,0.2189328213318448,False,BROOKLYN,"(40.6548823, -73.9618803)",trafficstat,True,False,False,True,False,False,False,False,False,,,,,,,
2026-07-12,00:00,40.6548823,-73.9618803,OCEAN AVE,11226,70,OTHER,Street,0.2189328213318448,False,BROOKLYN,"(40.6548823, -73.9618803)",trafficstat,True,False,False,False,True,False,False,False,False,,,,,,,
2026-07-17,00:00,40.6386002,-73.9665891,WESTMINSTER RD,11218,70,OTHER,Street,49.85329035497462,False,BROOKLYN,"(40.6386002, -73.9665891)",trafficstat,False,False,False,False,False,False,False,False,False,,,,,,,
2026-07-15,00:00,40.6450711,-73.958023,FLATBUSH AVE,11226,70,OTHER,Street,0.16265715536557993,False,BROOKLYN,"(40.6450711, -73.958023)",trafficstat,True,False,False,False,False,False,False,True,False,,,,,,,
2026-07-15,00:00,40.6315817,-73.9475438,NOSTRAND AVE,11210,70,UNKNOWN,Street,0.06255342518089649,False,BROOKLYN,"(40.6315817, -73.9475438)",trafficstat,True,False,False,True,False,False,False,False,False,,,,,,,
2026-07-14,00:00,40.6252398,-73.950279,E  26 ST,11210,70,UNKNOWN,Street,45.6617765366163,False,BROOKLYN,"(40.6252398, -73.950279)",trafficstat,False,False,False,False,False,False,False,False,False,,,,,,,
2026-07-14,00:00,40.6470078,-73.9626127,E  18 ST,11226,70,OTHER,Street,0.3275824294302152,False,BROOKLYN,"(40.6470078, -73.9626127)",trafficstat,True,False,True,False,False,False,False,False,False,,,,,,,
2026-07-12,00:00,40.6508432,-73.9589966,FLATBUSH AVE,11226,70,UNKNOWN,Street,46.073468186156624,False,BROOKLYN,"(40.6508432, -73.9589966)",trafficstat,True,False,True,False,False,False,False,False,False,,,,,,,
2026-07-12,00:00,40.63865,-73.95684,E  22 ST,11226,70,UNKNOWN,Street,0.2882568019525932,False,BROOKLYN,"(40.63865, -73.95684)",trafficstat,False,False,False,False,False,False,False,False,False,,,,,,,
2026-07-11,00:00,40.6291662,-73.947326,NOSTRAND AVE,11210,70,UNKNOWN,Street,0.10309672854197523,False,BROOKLYN,"(40.6291662, -73.947326)",trafficstat,False,False,False,False,False,False,False,False,False,,,,,,,
2026-07-11,00:00,40.6307034,-73.9457517,FLATBUSH AVE,11210,70,UNKNOWN,Street,73.77871630290895,False,BROOKLYN,"(40.6307034, -73.9457517)",trafficstat,True,False,False,True,False,False,False,False,False,,,,,,,
2026-07-11,00:00,40.6529272,-73.9593299,FLATBUSH AVE,11226,70,UNKNOWN,Street,0.3989373832380104,False,BROOKLYN,"(40.6529272, -73.9593299)",trafficstat,False,False,False,False,False,False,False,False,False,,,,,,,
2026-07-11,00:00,40.6497881,-73.9621859,E  19 ST,11226,70,UNKNOWN,Street,1.2543506814253993,False,BROOKLYN,"(40.6497881, -73.9621859)",trafficstat,True,False,False,False,False,False,False,True,False,,,,,,,
2026-07-11,00:00,40.6460562,-73.9625943,E  18 ST,11226,70,UNKNOWN,Street,44.09915618716351,False,BROOKLYN,"(40.6460562, -73.9625943)",trafficstat,False,False,False,False,False,False,False,False,False,,,,,,,
2026-07-11,00:00,40.6414137,-73.9590613,DORCHESTER RD,11226,70,UNKNOWN,Street,66.88995645200875,False,BROOKLYN,"(40.6414137, -73.9590613)",trafficstat,False,False,False,False,False,False,False,False,False,,,,,,,
2026-07-10,00:00,40.6803917,-73.9943985,SMITH ST,11231,70,OTHER,Street,89.57701836728097,False,BROOKLYN,"(40.6803917, -73.9943985)",trafficstat,True,False,True,False,False,False,False,True,False,,,,,,,
2026-07-10,00:00,40.6485033,-73.9706985,E  10 ST,11218,70,UNKNOWN,Street,0.043118809887102066,False,BROOKLYN,"(40.6485033, -73.9706985)",trafficstat,True,False,False,False,False,False,False,True,False,,,,,,,
2026-07-09,00:00,40.6532635,-73.9638129,ST PAULS PL,11226,70,UNKNOWN,Street,0.9835237664868465,False,BROOKLYN,"(40.6532635, -73.9638129)",trafficstat,False,False,False,False,False,False,False,False,False,,,,,,,
2026-07-09,00:00,40.6314942,-73.9718517,OCEAN PKWY,11230,70,UNKNOWN,Street,0.28776375955106187,False,BROOKLYN,"(40.6314942, -73.9718517)",trafficstat,True,False,False,False,False,False,True,False,False,,,,,,,
2026-07-02,00:00,40.6314942,-73.9718517,OCEAN PKWY,11230,70,OTHER,Street,0.28776375955106187,False,BROOKLYN,"(40.6314942, -73.9718517)",trafficstat,True,False,False,False,False,False,False,False,True,,,,,,,
2026-07-09,00:00,40.6304121,-73.9738833,LAWRENCE AVE,11230,70,UNKNOWN,Street,34.10860728261302,False,BROOKLYN,"(40.6304121, -73.9738833)",trafficstat,False,False,False,False,False,False,False,False,False,,,,,,,
2026-07-08,00:00,40.6350548,-73.9639953,NEWKIRK AVE,11226,70,UNKNOWN,Street,49.3591717200213,False,BROOKLYN,"(40.6350548, -73.9639953)",trafficstat,False,False,False,False,False,False,False,False,False,,,,,,,
2026-07-08,00:00,40.6461283,-73.9592007,E  21 ST,11226,70,OTHER,Street,0.11309507334417966,False,BROOKLYN,"(40.6461283, -73.9592007)",trafficstat,True,False,False,True,False,False,False,False,False,,,,,,,
2026-07-08,00:00,40.6537954,-73.9579755,LENOX RD,11226,70,UNKNOWN,Street,44.07859065213377,False,BROOKLYN,"(40.6537954, -73.9579755)",trafficstat,False,False,False,False,False,False,False,False,False,,,,,,,
2026-07-07,00:00,40.6426885,-73.9576353,FLATBUSH AVE,11226,70,OTHER,Street,0.6641681698817834,False,BROOKLYN,"(40.6426885, -73.9576353)",trafficstat,True,False,False,False,False,False,False,True,False,,,,,,,
2026-07-07,00:00,40.6350761,-73.9605346,E  18 ST,11230,70,UNKNOWN,Street,49.471951093067844,False,BROOKLYN,"(40.6350761, -73.9605346)",trafficstat,False,False,False,False,False,False,False,False,False,,,,,,,
2026-07-07,00:00,40.617911,-73.9563144,BAY AVE,11230,70,UNKNOWN,Street,31.888253771531087,False,BROOKLYN,"(40.617911, -73.9563144)",trafficstat,False,False,False,False,False,False,False,False,False,,,,,,,
2026-07-06,00:00,40.6452352,-73.9634401,E  17 ST,11226,70,UNKNOWN,Street,49.87551936890855,False,BROOKLYN,"(40.6452352, -73.9634401)",trafficstat,False,False,False,False,False,False,False,False,False,,,,,,,
2026-07-05,00:00,40.6413254,-73.9584361,E  21 ST,11226,70,UNKNOWN,Street,38.79035505811655,False,BROOKLYN,"(40.6413254, -73.9584361)",trafficstat,False,False,False,False,False,False,False,False,False,,,,,,,
2026-07-05,00:00,40.6423967,-73.9598033,OCEAN AVE,11226,70,UNKNOWN,Street,69.35590426919194,False,BROOKLYN,"(40.6423967, -73.9598033)",trafficstat,False,False,False,False,False,False,False,False,False,,,,,,,
2026-07-05,00:00,40.6516277,-73.9612328,OCEAN AVE,11226,70,UNKNOWN,Street,20.902391885215465,False,BROOKLYN,"(40.6516277, -73.9612328)",trafficstat,False,False,False,False,False,False,False,False,False,,,,,,,
2026-07-05,00:00,40.6157189,-73.9598274,AVE N,11230,70,UNKNOWN,Street,42.37837246617813,False,BROOKLYN,"(40.6157189, -73.9598274)",trafficstat,True,False,False,False,False,False,False,False,True,,,,,,,
2026-07-05,00:00,40.6283091,-73.9764899,PARKVILLE AVE,11230,70,OTHER,Street,47.20388519832491,False,BROOKLYN,"(40.6283091, -73.9764899)",trafficstat,False,False,False,False,False,False,False,False,False,,,,,,,
2026-07-04,00:00,40.6440969,-73.9668664,ARGYLE RD,11218,70,UNKNOWN,Street,0.3570712963410141,False,BROOKLYN,"(40.6440969, -73.9668664)",trafficstat,False,False,False,False,False,False,False,False,False,,,,,,,
2026-07-04,00:00,40.6431992,-73.9575703,FLATBUSH AVE,11226,70,OTHER,Street,45.008457019035816,False,BROOKLYN,"(40.6431992, -73.9575703)",trafficstat,True,False,False,False,False,False,False,False,True,,,,,,,
2026-07-04,00:00,40.6392625,-73.9640547,MARLBOROUGH RD,11226,70,OTHER,Street,0.34903022581190635,False,BROOKLYN,"(40.6392625, -73.9640547)",trafficstat,True,False,False,True,False,False,False,False,False,,,,,,,
2026-07-04,00:00,40.6415827,-73.9632213,CORTELYOU RD,11226,70,OTHER,Street,58.638273520752044,False,BROOKLYN,"(40.6415827, -73.9632213)",trafficstat,False,False,False,False,False,False,False,False,False,,,,,,,
2026-07-03,00:00,40.6486383,-73.9646379,CHURCH AVE,11226,70,UNKNOWN,Street,63.52837613452859,False,BROOKLYN,"(40.6486383, -73.9646379)",trafficstat,False,False,False,False,False,False,False,False,False,,,,,,,
2026-07-03,00:00,40.648298,-73.966145,CHURCH AVE,11226,70,OTHER,Street,18.036917765892923,False,BROOKLYN,"(40.648298, -73.966145)",trafficstat,True,False,False,False,True,False,False,False,False,,,,,,,
2026-07-03,00:00,40.6375414,-73.9623057,DITMAS AVE,11226,70,UNKNOWN,Street,62.31709518142886,False,BROOKLYN,"(40.6375414, -73.9623057)",trafficstat,False,False,False,False,False,False,False,False,False,,,,,,,
2026-07-02,00:00,40.6318447,-73.9613086,WALDORF CT,11230,70,OTHER,Street,54.75691489675665,False,BROOKLYN,"(40.6318447, -73.9613086)",trafficstat,False,False,False,False,False,False,False,False,False,,,,,,,
2026-07-02,00:00,40.63158,-73.94754,NOSTRAND AVE,11210,70,UNKNOWN,Street,0.9497716811236819,False,BROOKLYN,"(40.63158, -73.94754)",trafficstat,True,False,True,False,False,False,False,False,False,,,,,,,
2026-07-02,00:00,40.6239428,-73.9562542,OCEAN AVE,11230,70,UNKNOWN,Street,54.842190510378884,False,BROOKLYN,"(40.6239428, -73.9562542)",trafficstat,True,False,False,False,False,False,False,True,False,,,,,,,
2026-07-02,00:00,40.6187401,-73.9572651,E  18 ST,11230,70,UNKNOWN,Street,0.34288652228573696,False,BROOKLYN,"(40.6187401, -73.9572651)",trafficstat,False,False,False,False,False,False,False,False,False,,,,,,,
2026-07-01,00:00,40.6288778,-73.9474243,NOSTRAND AVE,11210,70,UNKNOWN,Street,41.88218031387546,False,BROOKLYN,"(40.6288778, -73.9474243)",trafficstat,True,False,False,False,False,False,False,False,True,,,,,,,
2026-07-01,00:00,40.6289304,-73.9713664,OCEAN PKWY,11230,70,UNKNOWN,Street,0.05876032379186461,False,BROOKLYN,"(40.6289304, -73.9713664)",trafficstat,False,False,False,False,False,False,False,False,False,,,,,,,
2026-06-30,00:00,40.6492494,-73.9687918,WESTMINSTER RD,11218,70,UNKNOWN,Street,0.49404473872636784,False,BROOKLYN,"(40.6492494, -73.9687918)",trafficstat,False,False,False,False,False,False,False,False,False,,,,,,,
2026-06-30,00:00,40.6547837,-73.9603195,WOODRUFF AVE,11226,70,OTHER,Street,51.18412639794494,False,BROOKLYN,"(40.6547837, -73.9603195)",trafficstat,True,False,True,False,False,False,False,False,False,,,,,,,
2026-06-29,00:00,40.6504048,-73.9593034,CHURCH AVE,11226,70,UNKNOWN,Street,33.26897622806933,False,BROOKLYN,"(40.6504048, -73.9593034)",trafficstat,False,False,False,False,False,False,False,False,False,,,,,,,
2026-06-29,00:00,40.6393387,-73.9682856,CORTELYOU RD,11218,70,UNKNOWN,Street,48.19287408869344,False,BROOKLYN,"(40.6393387, -73.9682856)",trafficstat,False,False,False,False,False,False,False,False,False,,,,,,,
2026-06-29,00:00,40.6331808,-73.9672351,PARKVILLE AVE,11230,70,OTHER,Street,36.79102446970877,False,BROOKLYN,"(40.6331808, -73.9672351)",trafficstat,True,False,False,False,False,False,False,True,False,,,,,,,
2026-06-29,00:00,40.6331982,-73.9483042,FLATBUSH AVE,11210,70,UNKNOWN,Street,63.4986456178093,False,BROOKLYN,"(40.6331982, -73.9483042)",trafficstat,False,False,False,False,False,False,False,False,False,,,,,,,
2026-06-29,00:00,40.6166922,-73.9498104,BEDFORD AVE,11210,70,UNKNOWN,Street,0.21698482464880223,False,BROOKLYN,"(40.6166922, -73.9498104)",trafficstat,False,False,False,False,False,False,False,False,False,,,,,,,
2026-06-28,00:00,40.6412733,-73.9566108,FLATBUSH AVE,11226,70,OTHER,Street,49.49687398201163,False,BROOKLYN,"(40.6412733, -73.9566108)",trafficstat,True,False,False,True,False,False,False,False,False,,,,,,,
2026-06-28,00:00,40.6428905,-73.9587477,E  21 ST,11226,70,OTHER,Street,43.94448062498616,False,BROOKLYN,"(40.6428905, -73.9587477)",trafficstat,True,False,False,True,False,False,False,False,False,,,,,,,
2026-06-27,00:00,40.6472431,-73.9604721,OCEAN AVE,11226,70,UNKNOWN,Street,0.4013510175649697,False,BROOKLYN,"(40.6472431, -73.9604721)",trafficstat,False,False,False,False,False,False,False,False,False,,,,,,,
2026-06-26,00:00,40.626048,-73.9535067,E  23 ST,11210,70,UNKNOWN,Street,0.20359264414467232,False,BROOKLYN,"(40.626048, -73.9535067)",trafficstat,True,False,False,False,False,False,False,False,False,,,,,,,
2026-06-26,00:00,40.6199831,-73.9642668,AVE L,11230,70,UNKNOWN,Street,3.316664092164719,False,BROOKLYN,"(40.6199831, -73.9642668)",trafficstat,True,False,False,False,False,False,False,False,False,,,,,,,
2026-06-24,00:00,40.6396243,-73.9547691,FLATBUSH AVE,11226,70,UNKNOWN,Street,1.8558218226030017,False,BROOKLYN,"(40.6396243, -73.9547691)",trafficstat,True,False,True,False,False,False,False,False,False,,,,,,,
2026-06-24,00:00,40.6416904,-73.9694836,SLOCUM PL,11218,70,UNKNOWN,Street,2.8792923331305134,False,BROOKLYN,"(40.6416904, -73.9694836)",trafficstat,False,False,False,False,False,False,False,False,False,,,,,,,
2026-06-24,00:00,40.6487213,-73.9649037,BUCKINGHAM RD,11226,70,UNKNOWN,Street,0.1071153597653791,False,BROOKLYN,"(40.6487213, -73.9649037)",trafficstat,True,False,False,False,False,False,False,True,True,,,,,,,
2026-06-23,00:00,40.6540698,-73.9617618,OCEAN AVE,11226,70,UNKNOWN,Street,0.35836667332373845,False,BROOKLYN,"(40.6540698, -73.9617618)",trafficstat,True,False,False,False,False,False,False,False,False,,,,,,,
2026-06-18,00:00,40.6540698,-73.9617618,OCEAN AVE,11226,70,UNKNOWN,Street,0.35836667332373845,False,BROOKLYN,"(40.6540698, -73.9617618)",trafficstat,True,False,False,False,True,False,False,False,True,,,,,,,
2026-06-23,00:00,40.613643,-73.9564688,E  18 ST,11230,70,UNKNOWN,Street,47.51276134284303,False,BROOKLYN,"(40.613643, -73.9564688)",trafficstat,True,False,False,False,False,False,False,False,False,,,,,,,
2026-06-22,00:00,40.6181122,-73.9591061,E  16 ST,11230,70,OTHER,Street,0.13313238870214225,False,BROOKLYN,"(40.6181122, -73.9591061)",trafficstat,True,False,False,False,False,False,True,False,False,,,,,,,
2026-06-16,00:00,40.6181122,-73.9591061,E  16 ST,11230,70,UNKNOWN,Street,0.13313238870214225,False,BROOKLYN,"(40.6181122, -73.9591061)",trafficstat,True,False,False,False,False,False,False,False,False,,,,,,,
2026-06-22,00:00,40.6318728,-73.946399,FLATBUSH AVE,11210,70,UNKNOWN,Street,53.571101241115485,False,BROOKLYN,"(40.6318728, -73.946399)",trafficstat,False,False,False,False,False,False,False,False,False,,,,,,,
2026-06-22,00:00,40.6521352,-73.95648,LINDEN BLVD,11226,70,UNKNOWN,Street,59.39716518901514,False,BROOKLYN,"(40.6521352, -73.95648)",trafficstat,True,False,False,False,False,False,False,False,True,,,,,,,
2026-06-17,00:00,40.6521352,-73.95648,LINDEN BLVD,11226,70,UNKNOWN,Street,59.39716518901514,False,BROOKLYN,"(40.6521352, -73.95648)",trafficstat,True,False,False,False,False,False,False,False,True,,,,,,,
2026-06-22,00:00,40.634324,-73.9486232,E  29 ST,11210,70,UNKNOWN,Street,52.14282954889924,False,BROOKLYN,"(40.634324, -73.9486232)",trafficstat,False,False,False,False,False,False,False,False,False,,,,,,,
2026-06-21,00:00,40.6364661,-73.9512605,FLATBUSH AVE,11210,70,UNKNOWN,Street,51.17530275901934,False,BROOKLYN,"(40.6364661, -73.9512605)",trafficstat,True,False,False,False,False,False,True,False,False,,,,,,,
2026-06-21,00:00,40.6419312,-73.9584069,E  21 ST,11226,70,OTHER,Street,0.2649270519728386,False,BROOKLYN,"(40.6419312, -73.9584069)",trafficstat,True,False,True,False,False,False,False,False,False,,,,,,,
2026-06-21,00:00,40.6490602,-73.9637338,CHURCH AVE,11226,70,UNKNOWN,Street,42.3998992289248,False,BROOKLYN,"(40.6490602, -73.9637338)",trafficstat,True,False,False,False,False,False,False,False,True,,,,,,,
2026-06-21,00:00,40.6520232,-73.9611035,OCEAN AVE,11226,70,OTHER,Street,76.16204151778547,False,BROOKLYN,"(40.6520232, -73.9611035)",trafficstat,False,False,False,False,False,False,False,False,False,,,,,,,
2026-06-21,00:00,40.6488983,-73.9696713,STRATFORD RD,11218,70,UNKNOWN,Street,0.060088278718656477,False,BROOKLYN,"(40.6488983, -73.9696713)",trafficstat,False,False,False,False,False,False,False,False,False,,,,,,,
2026-06-20,00:00,40.622532,-73.9613647,AVE K,11230,70,OTHER,Street,79.36256984886063,False,BROOKLYN,"(40.622532, -73.9613647)",trafficstat,False,False,False,False,False,False,False,False,False,,,,,,,
2026-06-19,00:00,40.6305591,-73.9654629,WESTMINSTER RD,11230,70,OTHER,Street,57.98094159704415,False,BROOKLYN,"(40.6305591, -73.9654629)",trafficstat,False,False,False,False,False,False,False,False,False,,,,,,,
2026-06-19,00:00,40.6500814,-73.9610073,OCEAN AVE,11226,70,UNKNOWN,Street,0.049742079032755855,False,BROOKLYN,"(40.6500814, -73.9610073)",trafficstat,True,False,False,True,False,False,False,False,False,,,,,,,
2026-06-18,00:00,40.6446169,-73.96216,E  18 ST,11226,70,OTHER,Street,0.3492950634160455,False,BROOKLYN,"(40.6446169, -73.96216)",trafficstat,True,False,False,True,False,False,False,False,False,,,,,,,
2026-06-18,00:00,40.650387,-73.95871,FLATBUSH AVE,11226,70,UNKNOWN,Street,0.789652961808165,False,BROOKLYN,"(40.650387, -73.95871)",trafficstat,True,False,True,False,False,False,False,False,False,,,,,,,
2026-06-18,00:00,40.6299872,-73.9715677,OCEAN PKWY,11230,70,OTHER,Street,0.030350862145163582,False,BROOKLYN,"(40.6299872, -73.9715677)",trafficstat,False,False,False,False,False,False,False,False,False,,,,,,,
2026-06-18,00:00,40.6136194,-73.9530471,E  21 ST,11210,70,UNKNOWN,Street,0.1935012121935768,False,BROOKLYN,"(40.6136194, -73.9530471)",trafficstat,False,False,False,False,False,False,False,False,False,,,,,,,
2026-06-17,00:00,40.6121415,-73.9548844,E  19 ST,11230,70,OTHER,Street,44.62192700442313,False,BROOKLYN,"(40.6121415, -73.9548844)",trafficstat,True,False,False,False,False,False,False,True,False,,,,,,,
2026-06-17,00:00,40.6482565,-73.9713977,CATON AVE,11218,70,UNKNOWN,Street,3.139008455938587,False,BROOKLYN,"(40.6482565, -73.9713977)",trafficstat,False,False,False,False,False,False,False,False,False,,,,,,,
2026-06-15,00:00,40.6482565,-73.9713977,CATON AVE,11218,70,UNKNOWN,Street,3.139008455938587,False,BROOKLYN,"(40.6482565, -73.9713977)",trafficstat,True,False,False,False,False,False,False,True,False,,,,,,,
2026-06-17,00:00,40.6440062,-73.9562913,CORTELYOU RD,11226,70,UNKNOWN,Street,38.99405557776792,False,BROOKLYN,"(40.6440062, -73.9562913)",trafficstat,False,False,False,False,False,False,False,False,False,,,,,,,
2026-06-17,00:00,40.6334286,-73.9529755,BEDFORD AVE,11210,70,UNKNOWN,Street,0.5075781250238234,False,BROOKLYN,"(40.6334286, -73.9529755)",trafficstat,False,False,False,False,False,False,False,False,False,,,,,,,
2026-06-16,00:00,40.6393047,-73.958967,OCEAN AVE,11226,70,UNKNOWN,Street,0.3712166534953098,False,BROOKLYN,"(40.6393047, -73.958967)",trafficstat,True,False,False,True,False,False,False,False,False,,,,,,,
2026-06-15,00:00,40.6337644,-73.9674051,NEWKIRK AVE,11230,70,UNKNOWN,Street,47.6975794692455,False,BROOKLYN,"(40.6337644, -73.9674051)",trafficstat,True,False,False,True,False,False,False,False,False,,,,,,,
2026-06-15,00:00,40.6266062,-73.9595263,E  17 ST,11230,70,UNKNOWN,Street,56.86212877979375,False,BROOKLYN,"(40.6266062, -73.9595263)",trafficstat,False,False,False,False,False,False,False,False,False,,,,,,,
2026-06-14,00:00,40.6212734,-73.9512134,AVE L,11210,70,UNKNOWN,Street,55.62012814781324,False,BROOKLYN,"(40.6212734, -73.9512134)",trafficstat,False,False,False,False,False,False,False,False,False,,,,,,,
2026-06-14,00:00,40.6339972,-73.9477725,NOSTRAND AVE,11210,70,UNKNOWN,Street,0.4078241997491171,False,BROOKLYN,"(40.6339972, -73.9477725)",trafficstat,True,False,False,False,False,False,True,False,False,,,,,,,
2026-06-13,00:00,40.6432143,-73.9566322,E  22 ST,11226,70,UNKNOWN,Street,43.947358649561494,False,BROOKLYN,"(40.6432143, -73.9566322)",trafficstat,True,False,False,False,False,False,False,False,False,,,,,,,
2026-06-12,00:00,40.64667,-73.9573066,TILDEN AVE,11226,70,UNKNOWN,Street,38.93525180797844,False,BROOKLYN,"(40.64667, -73.9573066)",trafficstat,True,False,False,False,False,False,False,True,False,,,,,,,
2026-06-12,00:00,40.6354256,-73.9622564,E  16 ST,11226,70,UNKNOWN,Street,34.53165690364597,False,BROOKLYN,"(40.6354256, -73.9622564)",trafficstat,True,False,False,False,False,False,False,False,False,,,,,,,
2026-09-13,00:00,40.6660607,-73.9586298,MC KEEVER PL,11225,71,UNKNOWN,Street,1.1456042067755454,False,BROOKLYN,"(40.6660607, -73.9586298)",trafficstat,True,False,False,False,False,False,False,True,False,,,,,,,
2026-09-13,00:00,40.6701245,-73.9552711,BEDFORD AVE,11225,71,UNKNOWN,Street,0.7843606876506004,False,BROOKLYN,"(40.6701245, -73.9552711)",trafficstat,True,False,False,False,False,False,False,True,False,,,,,,,
2026-07-12,00:00,40.6701245,-73.9552711,BEDFORD AVE,11225,71,UNKNOWN,Street,0.7843606876506004,False,BROOKLYN,"(40.6701245, -73.9552711)",trafficstat,True,False,False,False,False,False,False,True,True,,,,,,,
2026-09-12,00:00,40.6803917,-73.9943985,SMITH ST,11231,71,UNKNOWN,Street,89.57701836728097,False,BROOKLYN,"(40.6803917, -73.9943985)",trafficstat,False,False,False,False,False,False,False,False,False,,,,,,,
2026-09-12,00:00,40.6553886,-73.95227,ROGERS AVE,11226,71,OTHER,Street,194.9752205256312,False,BROOKLYN,"(40.6553886, -73.95227)",trafficstat,False,False,False,False,False,False,False,False,False,,,,,,,
2026-09-12,00:00,40.6581195,-73.9339965,WINTHROP ST,11203,71,UNKNOWN,Street,2.693167147683212,False,BROOKLYN,"(40.6581195, -73.9339965)",trafficstat,True,False,True,False,False,False,False,False,False,,,,,,,
2026-08-28,00:00,40.6581195,-73.9339965,WINTHROP ST,11203,71,UNKNOWN,Street,2.693167147683212,False,BROOKLYN,"(40.6581195, -73.9339965)",trafficstat,True,False,True,False,False,False,False,False,False,,,,,,,
2026-07-27,00:00,40.6581195,-73.9339965,WINTHROP ST,11203,71,OTHER,Street,2.693167147683212,False,BROOKLYN,"(40.6581195, -73.9339965)",trafficstat,True,False,True,False,False,False,False,False,False,,,,,,,
2026-09-10,00:00,40.6648432,-73.9587018,MC KEEVER PL,11225,71,UNKNOWN,Street,104.96481516039972,False,BROOKLYN,"(40.6648432, -73.9587018)",trafficstat,False,False,False,False,False,False,False,False,False,,,,,,,
2026-09-10,00:00,40.669113,-73.953354,ROGERS AVE,11225,71,UNKNOWN,Street,0.27922850192265075,False,BROOKLYN,"(40.669113, -73.953354)",trafficstat,False,False,False,False,False,False,False,False,False,,,,,,,
2026-07-18,00:00,40.669113,-73.953354,ROGERS AVE,11225,71,UNKNOWN,Street,0.27922850192265075,False,BROOKLYN,"(40.669113, -73.953354)",trafficstat,True,False,False,False,False,False,False,True,False,,,,,,,