crash_date,crash_time,latitude,longitude,on_street_name,zip_code,precinct,collision_type,roadway_type,geocode_dist_feet,time_is_known,borough,location,source,injury,fatality,injured_pedestrian,injured_cyclist,injured_ebike_rider,injured_motorcyclist,injured_moped_rider,injured_car_occupant,injured_suv_occupant,number_of_persons_injured,number_of_persons_killed,contributing_factor_vehicle_1,collision_id,cross_street_name,off_street_name,vehicle_type_code1
2026-09-10,00:00,40.66813,-73.936745,TROY AVE,11213,71,OTHER,Street,1.734943637547098,False,BROOKLYN,"(40.66813, -73.936745)",trafficstat,False,False,False,False,False,False,False,False,False,,,,,,,
2026-09-10,00:00,40.6683794,-73.9480479,NEW YORK AVE,11213,71,UNKNOWN,Street,52.54215817141984,False,BROOKLYN,"(40.6683794, -73.9480479)",trafficstat,True,False,False,True,False,False,False,False,False,,,,,,,
2026-09-09,00:00,40.6694023,-73.942197,KINGSTON AVE,11213,71,UNKNOWN,Street,0.39412503095765905,False,BROOKLYN,"(40.6694023, -73.942197)",trafficstat,True,False,True,False,False,False,False,False,False,,,,,,,
2026-09-05,00:00,40.6694023,-73.942197,KINGSTON AVE,11213,71,UNKNOWN,Street,0.39412503095765905,False,BROOKLYN,"(40.6694023, -73.942197)",trafficstat,False,False,False,False,False,False,False,False,False,,,,,,,
2026-08-27,00:00,40.6694023,-73.942197,KINGSTON AVE,11213,71,OTHER,Street,0.39412503095765905,False,BROOKLYN,"(40.6694023, -73.942197)",trafficstat,True,False,True,False,False,False,False,False,False,,,,,,,
2026-08-26,00:00,40.6694023,-73.942197,KINGSTON AVE,11213,71,UNKNOWN,Street,0.39412503095765905,False,BROOKLYN,"(40.6694023, -73.942197)",trafficstat,True,False,False,False,False,False,False,True,False,,,,,,,
2026-09-09,00:00,40.6679192,-73.9441426,PRESIDENT ST,11213,71,UNKNOWN,Street,70.02524887216482,False,BROOKLYN,"(40.6679192, -73.9441426)",trafficstat,False,False,False,False,False,False,False,False,False,,,,,,,
2026-09-09,00:00,40.6651,-73.94538,BROOKLYN AVE,11225,71,UNKNOWN,Street,1.0308139722132388,False,BROOKLYN,"(40.6651, -73.94538)",trafficstat,False,False,False,False,False,False,False,False,False,,,,,,,
2026-08-28,00:00,40.6651,-73.94538,BROOKLYN AVE,11225,71,OTHER,Street,1.0308139722132388,False,BROOKLYN,"(40.6651, -73.94538)",trafficstat,False,False,False,False,False,False,False,False,False,,,,,,,
2026-09-09,00:00,40.6627587,-73.9539234,ROGERS AVE,11225,71,UNKNOWN,Street,43.83849202168804,False,BROOKLYN,"(40.6627587, -73.9539234)",trafficstat,False,False,False,False,False,False,False,False,False,,,,,,,
2026-09-09,00:00,40.655424,-73.9500659,NOSTRAND AVE,11226,71,OTHER,Street,0.34655613301148136,False,BROOKLYN,"(40.655424, -73.9500659)",trafficstat,True,False,False,False,False,False,True,False,False,,,,,,,
2026-06-21,00:00,40.655424,-73.9500659,NOSTRAND AVE,11226,71,UNKNOWN,Street,0.34655613301148136,False,BROOKLYN,"(40.655424, -73.9500659)",trafficstat,True,False,False,False,False,False,False,True,False,,,,,,,
2026-09-08,00:00,40.6635556,-73.9316085,UTICA AVE,11203,71,OTHER,Street,0.01596359478890065,False,BROOKLYN,"(40.6635556, -73.9316085)",trafficstat,True,False,False,False,False,False,False,True,True,,,,,,,
2026-08-20,00:00,40.6635556,-73.9316085,UTICA AVE,11203,71,UNKNOWN,Street,0.01596359478890065,False,BROOKLYN,"(40.6635556, -73.9316085)",trafficstat,True,False,True,False,False,False,False,False,False,,,,,,,
2026-07-21,00:00,40.6635556,-73.9316085,UTICA AVE,11203,71,OTHER,Street,0.01596359478890065,False,BROOKLYN,"(40.6635556, -73.9316085)",trafficstat,False,False,False,False,False,False,False,False,False,,,,,,,
2026-07-19,00:00,40.6635556,-73.9316085,UTICA AVE,11203,71,UNKNOWN,Street,0.01596359478890065,False,BROOKLYN,"(40.6635556, -73.9316085)",trafficstat,False,False,False,False,False,False,False,False,False,,,,,,,
2026-09-08,00:00,40.664083,-73.9481671,NEW YORK AVE,11225,71,OTHER,Street,0.3594490957802066,False,BROOKLYN,"(40.664083, -73.9481671)",trafficstat,True,False,False,False,False,False,False,False,False,,,,,,,
2026-09-08,00:00,40.6650749,-73.9577677,BEDFORD AVE,11225,71,OTHER,Street,180.15921120578432,False,BROOKLYN,"(40.6650749, -73.9577677)",trafficstat,False,False,False,False,False,False,False,False,False,,,,,,,
2026-09-08,00:00,40.665234,-73.93146,UTICA AVE,11213,71,UNKNOWN,Street,0.6836160021638588,False,BROOKLYN,"(40.665234, -73.93146)",trafficstat,False,False,False,False,False,False,False,False,False,,,,,,,
2026-09-08,00:00,40.6675872,-73.9286614,UNION ST,11213,71,UNKNOWN,Street,38.23183273969629,False,BROOKLYN,"(40.6675872, -73.9286614)",trafficstat,True,False,True,False,False,False,False,False,True,,,,,,,
2026-09-07,00:00,40.6676237,-73.9423608,KINGSTON AVE,11213,71,UNKNOWN,Street,0.44772715391381207,False,BROOKLYN,"(40.6676237, -73.9423608)",trafficstat,False,False,False,False,False,False,False,False,False,,,,,,,
2026-09-07,00:00,40.6659691,-73.9285998,ROCHESTER AVE,11213,71,OTHER,Street,3.523572198776995,False,BROOKLYN,"(40.6659691, -73.9285998)",trafficstat,True,False,False,False,False,False,False,True,False,,,,,,,
2026-06-14,00:00,40.6659691,-73.9285998,ROCHESTER AVE,11213,71,UNKNOWN,Street,3.523572198776995,False,BROOKLYN,"(40.6659691, -73.9285998)",trafficstat,False,False,False,False,False,False,False,False,False,,,,,,,
2026-09-07,00:00,40.6642578,-73.9435844,EMPIRE BLVD,11225,71,UNKNOWN,Street,53.58450882091519,False,BROOKLYN,"(40.6642578, -73.9435844)",trafficstat,False,False,False,False,False,False,False,False,False,,,,,,,
2026-09-07,00:00,40.6564384,-73.9472648,NEW YORK AVE,11203,71,UNKNOWN,Street,0.20663662647518694,False,BROOKLYN,"(40.6564384, -73.9472648)",trafficstat,False,False,False,False,False,False,False,False,False,,,,,,,
2026-07-01,00:00,40.6564384,-73.9472648,NEW YORK AVE,11203,71,UNKNOWN,Street,0.20663662647518694,False,BROOKLYN,"(40.6564384, -73.9472648)",trafficstat,True,False,False,False,False,False,False,False,True,,,,,,,
2026-09-06,00:00,40.6627876,-73.9583117,STERLING ST,11225,71,OTHER,Street,41.91229652703788,False,BROOKLYN,"(40.6627876, -73.9583117)",trafficstat,True,False,False,False,False,False,False,True,False,,,,,,,
2026-09-06,00:00,40.6608431,-73.9524056,MAPLE ST,11225,71,UNKNOWN,Street,42.280189943524526,False,BROOKLYN,"(40.6608431, -73.9524056)",trafficstat,False,False,False,False,False,False,False,False,False,,,,,,,
2026-09-06,00:00,40.66628,-73.93414,SCHENECTADY AVE,11213,71,UNKNOWN,Street,0.025375379283451533,False,BROOKLYN,"(40.66628, -73.93414)",trafficstat,True,False,True,False,False,False,False,False,False,,,,,,,
2026-09-05,00:00,40.662175,-73.9537013,ROGERS AVE,11225,71,OTHER,Street,0.30360262820646017,False,BROOKLYN,"(40.662175, -73.9537013)",trafficstat,True,False,False,True,False,False,False,False,False,,,,,,,
2026-07-20,00:00,40.662175,-73.9537013,ROGERS AVE,11225,71,UNKNOWN,Street,0.30360262820646017,False,BROOKLYN,"(40.662175, -73.9537013)",trafficstat,True,False,False,False,False,False,False,False,False,,,,,,,
2026-09-05,00:00,40.6602393,-73.9503898,MIDWOOD ST,11225,71,OTHER,Street,37.49900917067715,False,BROOKLYN,"(40.6602393, -73.9503898)",trafficstat,True,False,False,True,False,False,False,False,False,,,,,,,
2026-09-05,00:00,40.660442,-73.95687,BEDFORD AVE,11225,71,UNKNOWN,Street,1.7300237987659557,False,BROOKLYN,"(40.660442, -73.95687)",trafficstat,True,False,False,False,False,False,False,False,True,,,,,,,
2026-09-04,00:00,40.6602738,-73.9464061,MIDWOOD ST,11225,71,UNKNOWN,Street,40.176631354030896,False,BROOKLYN,"(40.6602738, -73.9464061)",trafficstat,True,False,False,False,False,False,False,True,False,,,,,,,
2026-09-04,00:00,40.6625746,-73.9344678,SCHENECTADY AVE,11203,71,UNKNOWN,Street,0.07689577181434765,False,BROOKLYN,"(40.6625746, -73.9344678)",trafficstat,True,False,False,False,False,False,False,True,False,,,,,,,
2026-08-19,00:00,40.6625746,-73.9344678,SCHENECTADY AVE,11203,71,UNKNOWN,Street,0.07689577181434765,False,BROOKLYN,"(40.6625746, -73.9344678)",trafficstat,True,False,False,False,False,False,False,False,False,,,,,,,
2026-09-04,00:00,40.6552359,-73.9596031,FLATBUSH AVE,11226,71,UNKNOWN,Street,47.993754293558375,False,BROOKLYN,"(40.6552359, -73.9596031)",trafficstat,True,False,True,False,False,False,False,False,False,,,,,,,
2026-09-04,00:00,40.6595266,-73.9370335,TROY AVE,11203,71,UNKNOWN,Street,0.5624106156193225,False,BROOKLYN,"(40.6595266, -73.9370335)",trafficstat,True,False,False,False,False,False,False,True,False,,,,,,,
2026-09-04,00:00,40.6660884,-73.9450923,CROWN ST,11225,71,OTHER,Street,37.68398228316569,False,BROOKLYN,"(40.6660884, -73.9450923)",trafficstat,False,False,False,False,False,False,False,False,False,,,,,,,
2026-09-03,00:00,40.6686479,-73.9283482,ROCHESTER AVE,11213,71,UNKNOWN,Street,0.9224634339144061,False,BROOKLYN,"(40.6686479, -73.9283482)",trafficstat,True,False,False,False,False,False,False,True,False,,,,,,,
2026-07-25,00:00,40.6686479,-73.9283482,ROCHESTER AVE,11213,71,UNKNOWN,Street,0.9224634339144061,False,BROOKLYN,"(40.6686479, -73.9283482)",trafficstat,True,False,False,False,False,False,False,False,True,,,,,,,
2026-09-03,00:00,40.6564311,-73.9405978,CLARKSON AVE,11203,71,UNKNOWN,Street,154.4425451496416,False,BROOKLYN,"(40.6564311, -73.9405978)",trafficstat,False,False,False,False,False,False,False,False,False,,,,,,,
2026-09-03,00:00,40.6611799,-73.9569568,BEDFORD AVE,11225,71,UNKNOWN,Street,0.3346098839934258,False,BROOKLYN,"(40.6611799, -73.9569568)",trafficstat,True,False,False,False,True,True,False,False,False,,,,,,,
2026-09-01,00:00,40.6565461,-73.9500289,NOSTRAND AVE,11225,71,UNKNOWN,Street,44.554256590931686,False,BROOKLYN,"(40.6565461, -73.9500289)",trafficstat,False,False,False,False,False,False,False,False,False,,,,,,,
2026-09-01,00:00,40.6556337,-73.9598616,FLATBUSH AVE,11226,71,OTHER,Street,0.33192570236845703,False,BROOKLYN,"(40.6556337, -73.9598616)",trafficstat,True,False,True,False,False,False,False,False,False,,,,,,,
2026-08-20,00:00,40.6556337,-73.9598616,FLATBUSH AVE,11226,71,UNKNOWN,Street,0.33192570236845703,False,BROOKLYN,"(40.6556337, -73.9598616)",trafficstat,False,False,False,False,False,False,False,False,False,,,,,,,
2026-08-06,00:00,40.6556337,-73.9598616,FLATBUSH AVE,11226,71,OTHER,Street,0.33192570236845703,False,BROOKLYN,"(40.6556337, -73.9598616)",trafficstat,False,False,False,False,False,False,False,False,False,,,,,,,
2026-09-01,00:00,40.6570957,-73.9502485,NOSTRAND AVE,11225,71,UNKNOWN,Street,0.2799778493163684,False,BROOKLYN,"(40.6570957, -73.9502485)",trafficstat,True,False,False,False,False,False,False,True,False,,,,,,,
2026-09-01,00:00,40.6664269,-73.936908,TROY AVE,11213,71,UNKNOWN,Street,0.21295788175238745,False,BROOKLYN,"(40.6664269, -73.936908)",trafficstat,False,False,False,False,False,False,False,False,False,,,,,,,
2026-09-01,00:00,40.6695546,-73.9449654,BROOKLYN AVE,11213,71,UNKNOWN,Street,0.33092123402907336,False,BROOKLYN,"(40.6695546, -73.9449654)",trafficstat,True,False,False,True,False,False,False,False,False,,,,,,,
2026-08-20,00:00,40.6695546,-73.9449654,BROOKLYN AVE,11213,71,UNKNOWN,Street,0.33092123402907336,False,BROOKLYN,"(40.6695546, -73.9449654)",trafficstat,True,False,False,False,False,False,False,False,True,,,,,,,
2026-07-28,00:00,40.6695546,-73.9449654,BROOKLYN AVE,11213,71,UNKNOWN,Street,0.33092123402907336,False,BROOKLYN,"(40.6695546, -73.9449654)",trafficstat,False,False,False,False,False,False,False,False,False,,,,,,,
2026-07-24,00:00,40.6695546,-73.9449654,BROOKLYN AVE,11213,71,UNKNOWN,Street,0.33092123402907336,False,BROOKLYN,"(40.6695546, -73.9449654)",trafficstat,False,False,False,False,False,False,False,False,False,,,,,,,
2026-08-31,00:00,40.6676505,-73.9297718,UNION ST,11213,71,UNKNOWN,Street,37.406756633530314,False,BROOKLYN,"(40.6676505, -73.9297718)",trafficstat,False,False,False,False,False,False,False,False,False,,,,,,,
2026-08-31,00:00,40.6684085,-73.9548459,PRESIDENT ST,11225,71,UNKNOWN,Street,35.94367485004628,False,BROOKLYN,"(40.6684085, -73.9548459)",trafficstat,False,False,False,False,False,False,False,False,False,,,,,,,
2026-08-31,00:00,40.6641753,-73.9593446,MC KEEVER PL,11225,71,OTHER,Street,1.317996317510203,False,BROOKLYN,"(40.6641753, -73.9593446)",trafficstat,False,False,False,False,False,False,False,False,False,,,,,,,
2026-08-13,00:00,40.6641753,-73.9593446,MC KEEVER PL,11225,71,UNKNOWN,Street,1.317996317510203,False,BROOKLYN,"(40.6641753, -73.9593446)",trafficstat,False,False,False,False,False,False,False,False,False,,,,,,,
2026-08-31,00:00,40.6632838,-73.9609564,WASHINGTON AVE,11225,71,UNKNOWN,Street,0.07269307698912482,False,BROOKLYN,"(40.6632838, -73.9609564)",trafficstat,True,False,False,False,False,False,False,True,True,,,,,,,
2026-08-30,00:00,40.6637286,-73.953848,ROGERS AVE,11225,71,OTHER,Street,0.3295808586606016,False,BROOKLYN,"(40.6637286, -73.953848)",trafficstat,True,False,False,False,False,True,False,False,False,,,,,,,
2026-06-29,00:00,40.6637286,-73.953848,ROGERS AVE,11225,71,OTHER,Street,0.3295808586606016,False,BROOKLYN,"(40.6637286, -73.953848)",trafficstat,True,False,False,True,False,False,False,False,False,,,,,,,
2026-08-30,00:00,40.6663608,-73.942628,ALLEY,11213,71,UNKNOWN,Alley,21.536393311947357,False,BROOKLYN,"(40.6663608, -73.942628)",trafficstat,False,False,False,False,False,False,False,False,False,,,,,,,
2026-08-30,00:00,40.6600979,-73.9414961,RUTLAND RD,11203,71,UNKNOWN,Street,47.09152509419934,False,BROOKLYN,"(40.6600979, -73.9414961)",trafficstat,True,False,False,False,False,False,False,False,True,,,,,,,
2026-08-30,00:00,40.6630894,-73.9623874,FLATBUSH AVE,11225,71,UNKNOWN,Street,0.870223774931386,False,BROOKLYN,"(40.6630894, -73.9623874)",trafficstat,False,False,False,False,False,False,False,False,False,,,,,,,
2026-08-30,00:00,40.6658949,-73.946018,CROWN ST,11225,71,OTHER,Street,50.96713218076499,False,BROOKLYN,"(40.6658949, -73.946018)",trafficstat,False,False,False,False,False,False,False,False,False,,,,,,,
2026-08-29,00:00,40.6679586,-73.936094,UNION ST,11213,71,OTHER,Street,51.25821746972386,False,BROOKLYN,"(40.6679586, -73.936094)",trafficstat,True,False,False,False,False,False,False,True,False,,,,,,,
2026-08-29,00:00,40.6574523,-73.9565591,BEDFORD AVE,11225,71,OTHER,Street,0.3192965075783068,False,BROOKLYN,"(40.6574523, -73.9565591)",trafficstat,True,False,False,True,False,False,False,False,False,,,,,,,
2026-08-28,00:00,40.6554742,-73.9565777,BEDFORD AVE,11226,71,UNKNOWN,Street,64.02236224499555,False,BROOKLYN,"(40.6554742, -73.9565777)",trafficstat,False,False,False,False,False,False,False,False,False,,,,,,,
2026-08-28,00:00,40.6548823,-73.9618803,OCEAN AVE,11226,71,OTHER,Street,0.2189328213318448,False,BROOKLYN,"(40.6548823, -73.9618803)",trafficstat,True,False,True,False,False,False,False,False,False,,,,,,,
2026-08-28,00:00,40.6562409,-73.9366834,TROY AVE,11203,71,UNKNOWN,Street,0.43950954541664417,False,BROOKLYN,"(40.6562409, -73.9366834)",trafficstat,True,False,False,False,False,False,False,False,False,,,,,,,
2026-08-27,00:00,40.6598508,-73.9395448,ALBANY AVE,11203,71,OTHER,Street,45.77417820940409,False,BROOKLYN,"(40.6598508, -73.9395448)",trafficstat,False,False,False,False,False,False,False,False,False,,,,,,,
2026-08-26,00:00,40.6687408,-73.9532409,ROGERS AVE,11225,71,OTHER,Street,41.48431797831898,False,BROOKLYN,"(40.6687408, -73.9532409)",trafficstat,True,False,False,False,False,True,False,False,False,,,,,,,
2026-08-25,00:00,40.6676812,-73.9618081,WASHINGTON AVE,11225,71,OTHER,Street,0.5002830640111272,False,BROOKLYN,"(40.6676812, -73.9618081)",trafficstat,False,False,False,False,False,False,False,False,False,,,,,,,
2026-08-25,00:00,40.6576449,-73.9310896,UTICA AVE,11203,71,UNKNOWN,Street,20.84412438157162,False,BROOKLYN,"(40.6576449, -73.9310896)",trafficstat,True,False,False,True,False,False,False,False,False,,,,,,,
2026-08-25,00:00,40.6652325,-73.9314554,UTICA AVE,11213,71,UNKNOWN,Street,0.6282325975953734,False,BROOKLYN,"(40.6652325, -73.9314554)",trafficstat,True,False,False,False,False,False,False,False,True,,,,,,,
2026-08-25,00:00,40.6640039,-73.9494071,EMPIRE BLVD,11225,71,UNKNOWN,Street,3.5128920064410654,False,BROOKLYN,"(40.6640039, -73.9494071)",trafficstat,True,False,False,False,False,False,False,True,False,,,,,,,
2026-08-24,00:00,40.6582393,-73.9393579,ALBANY AVE,11203,71,UNKNOWN,Street,63.91806913165917,False,BROOKLYN,"(40.6582393, -73.9393579)",trafficstat,True,False,False,True,False,False,False,False,False,,,,,,,
2026-08-24,00:00,40.6572645,-73.9399689,ALBANY AVE,11203,71,OTHER,Street,89.03024485278725,False,BROOKLYN,"(40.6572645, -73.9399689)",trafficstat,True,False,False,False,False,False,False,False,False,,,,,,,
2026-08-23,00:00,40.6564945,-73.9571418,WINTHROP ST,11225,71,UNKNOWN,Street,66.47697924214467,False,BROOKLYN,"(40.6564945, -73.9571418)",trafficstat,False,False,False,False,False,False,False,False,False,,,,,,,
2026-08-23,00:00,40.6663718,-73.9312023,UTICA AVE,11213,71,UNKNOWN,Street,43.17986370326526,False,BROOKLYN,"(40.6663718, -73.9312023)",trafficstat,False,False,False,False,False,False,False,False,False,,,,,,,
2026-08-21,00:00,40.6682244,-73.9534376,ROGERS AVE,11225,71,UNKNOWN,Street,0.8113494252642428,False,BROOKLYN,"(40.6682244, -73.9534376)",trafficstat,True,False,True,False,False,False,False,False,False,,,,,,,
2026-08-21,00:00,40.6680051,-73.9583068,CARROLL ST,11225,71,UNKNOWN,Street,35.37329810865129,False,BROOKLYN,"(40.6680051, -73.9583068)",trafficstat,True,False,False,False,False,False,False,True,True,,,,,,,
2026-08-21,00:00,40.6574397,-73.9621299,OCEAN AVE,11225,71,UNKNOWN,Street,50.20507154886106,False,BROOKLYN,"(40.6574397, -73.9621299)",trafficstat,False,False,False,False,False,False,False,False,False,,,,,,,
2026-08-20,00:00,40.6597307,-73.9589378,MIDWOOD ST,11225,71,UNKNOWN,Street,45.66727539423886,False,BROOKLYN,"(40.6597307, -73.9589378)",trafficstat,False,False,False,False,False,False,False,False,False,,,,,,,
2026-08-20,00:00,40.6685793,-73.9340958,SCHENECTADY AVE,11213,71,UNKNOWN,Street,47.09471764270074,False,BROOKLYN,"(40.6685793, -73.9340958)",trafficstat,False,False,False,False,False,False,False,False,False,,,,,,,
2026-08-19,00:00,40.666428,-73.936905,TROY AVE,11213,71,OTHER,Street,1.01718470460938,False,BROOKLYN,"(40.666428, -73.936905)",trafficstat,True,False,False,False,False,False,False,True,True,,,,,,,
2026-08-19,00:00,40.6605094,-73.9628142,OCEAN AVE,11225,71,UNKNOWN,Street,0.34545432774580925,False,BROOKLYN,"(40.6605094, -73.9628142)",trafficstat,True,False,True,False,False,False,False,False,False,,,,,,,
2026-07-06,00:00,40.6605094,-73.9628142,OCEAN AVE,11225,71,UNKNOWN,Street,0.34545432774580925,False,BROOKLYN,"(40.6605094, -73.9628142)",trafficstat,True,False,False,True,False,False,False,False,False,,,,,,,
2026-08-18,00:00,40.6604415,-73.9568743,BEDFORD AVE,11225,71,UNKNOWN,Street,0.5262375905892871,False,BROOKLYN,"(40.6604415, -73.9568743)",trafficstat,True,False,False,False,False,False,False,True,False,,,,,,,
2026-07-29,00:00,40.6604415,-73.9568743,BEDFORD AVE,11225,71,OTHER,Street,0.5262375905892871,False,BROOKLYN,"(40.6604415, -73.9568743)",trafficstat,True,False,False,True,False,False,False,False,False,,,,,,,
2026-08-18,00:00,40.6672186,-73.9379028,PRESIDENT ST,11213,71,UNKNOWN,Street,60.260258622996986,False,BROOKLYN,"(40.6672186, -73.9379028)",trafficstat,True,False,False,False,False,False,False,False,True,,,,,,,
2026-08-17,00:00,40.6662614,-73.9595632,FRANKLIN AVE,11225,71,UNKNOWN,Street,0.9175592504159327,False,BROOKLYN,"(40.6662614, -73.9595632)",trafficstat,False,False,False,False,False,False,False,False,False,,,,,,,
2026-08-17,00:00,40.664801,-73.953611,ROGERS AVE,11225,71,UNKNOWN,Street,41.63881858843101,False,BROOKLYN,"(40.664801, -73.953611)",trafficstat,True,False,False,False,False,False,False,True,False,,,,,,,
2026-08-17,00:00,40.6628653,-73.9327887,E  NEW YORK AVE,11203,71,UNKNOWN,Street,46.17133993953302,False,BROOKLYN,"(40.6628653, -73.9327887)",trafficstat,True,False,False,True,False,False,False,False,False,,,,,,,
2026-08-17,00:00,40.6619649,-73.9570428,BEDFORD AVE,11225,71,UNKNOWN,Street,0.2738467304086771,False,BROOKLYN,"(40.6619649, -73.9570428)",trafficstat,False,False,False,False,False,False,False,False,False,,,,,,,
2026-08-17,00:00,40.6637536,-73.9371592,TROY AVE,11203,71,UNKNOWN,Street,0.523468225782078,False,BROOKLYN,"(40.6637536, -73.9371592)",trafficstat,False,False,False,False,False,False,False,False,False,,,,,,,
2026-08-16,00:00,40.6552496,-73.9529601,ROGERS AVE,11226,71,UNKNOWN,Street,0.1223860596048459,False,BROOKLYN,"(40.6552496, -73.9529601)",trafficstat,True,False,True,False,False,False,False,False,False,,,,,,,
2026-08-15,00:00,40.6575654,-73.9529587,HAWTHORNE ST,11225,71,UNKNOWN,Street,43.46786286605397,False,BROOKLYN,"(40.6575654, -73.9529587)",trafficstat,False,False,False,False,False,False,False,False,False,,,,,,,
2026-08-15,00:00,40.6622059,-73.9615584,FLATBUSH AVE,11225,71,UNKNOWN,Street,54.16663561115401,False,BROOKLYN,"(40.6622059, -73.9615584)",trafficstat,True,False,False,False,False,False,False,True,False,,,,,,,
2026-08-15,00:00,40.6627267,-73.9471377,LEFFERTS AVE,11225,71,UNKNOWN,Street,49.68290214301488,False,BROOKLYN,"(40.6627267, -73.9471377)",trafficstat,True,False,False,False,False,False,False,True,False,,,,,,,
2026-08-14,00:00,40.6618805,-73.9455664,BROOKLYN AVE,11225,71,UNKNOWN,Street,0.1449475131460928,False,BROOKLYN,"(40.6618805, -73.9455664)",trafficstat,True,False,False,True,False,False,False,False,False,,,,,,,
2026-08-03,00:00,40.6618805,-73.9455664,BROOKLYN AVE,11225,71,OTHER,Street,0.1449475131460928,False,BROOKLYN,"(40.6618805, -73.9455664)",trafficstat,False,False,False,False,False,False,False,False,False,,,,,,,
2026-08-14,00:00,40.6585288,-73.9395682,ALBANY AVE,11203,71,UNKNOWN,Street,0.8500996688196848,False,BROOKLYN,"(40.6585288, -73.9395682)",trafficstat,True,False,False,False,False,False,True,False,False,,,,,,,
2026-08-14,00:00,40.6704781,-73.9616623,CLASSON AVE,11225,71,UNKNOWN,Street,1.2841331511822556,False,BROOKLYN,"(40.6704781, -73.9616623)",trafficstat,False,False,False,False,False,False,False,False,False,,,,,,,
2026-08-13,00:00,40.6689504,-73.9338884,SCHENECTADY AVE,11213,71,UNKNOWN,Street,0.3899906185049242,False,BROOKLYN,"(40.6689504, -73.9338884)",trafficstat,True,False,False,False,False,False,False,True,False,,,,,,,
2026-08-09,00:00,40.6689504,-73.9338884,SCHENECTADY AVE,11213,71,OTHER,Street,0.3899906185049242,False,BROOKLYN,"(40.6689504, -73.9338884)",trafficstat,False,False,False,False,False,False,False,False,False,,,,,,,
2026-07-15,00:00,40.6689504,-73.9338884,SCHENECTADY AVE,11213,71,UNKNOWN,Street,0.3899906185049242,False,BROOKLYN,"(40.6689504, -73.9338884)",trafficstat,True,False,False,False,False,False,False,False,True,,,,,,,
2026-08-13,00:00,40.6571381,-73.9475042,NEW YORK AVE,11203,71,UNKNOWN,Street,45.62783697801231,False,BROOKLYN,"(40.6571381, -73.9475042)",trafficstat,False,False,False,False,False,False,False,False,False,,,,,,,
2026-08-12,00:00,40.670658,-73.9579744,FRANKLIN AVE,11225,71,UNKNOWN,Street,0.7427690170389439,False,BROOKLYN,"(40.670658, -73.9579744)",trafficstat,True,False,False,False,False,False,False,False,True,,,,,,,
2026-07-25,00:00,40.670658,-73.9579744,FRANKLIN AVE,11225,71,UNKNOWN,Street,0.7427690170389439,False,BROOKLYN,"(40.670658, -73.9579744)",trafficstat,True,False,False,False,True,False,False,False,False,,,,,,,
2026-08-11,00:00,40.6561288,-73.9508097,PARKSIDE AVE,11226,71,OTHER,Street,36.08473418922843,False,BROOKLYN,"(40.6561288, -73.9508097)",trafficstat,False,False,False,False,False,False,False,False,False,,,,,,,
2026-08-11,00:00,40.662516,-73.9505181,LEFFERTS AVE,11225,71,UNKNOWN,Street,49.36104155462978,False,BROOKLYN,"(40.662516, -73.9505181)",trafficstat,False,False,False,False,False,False,False,False,False,,,,,,,
2026-08-11,00:00,40.6636038,-73.9343911,SCHENECTADY AVE,11213,71,OTHER,Street,1.544969856619202,False,BROOKLYN,"(40.6636038, -73.9343911)",trafficstat,True,False,True,False,False,False,False,False,False,,,,,,,
2026-08-10,00:00,40.6605938,-73.9313268,UTICA AVE,11203,71,UNKNOWN,Street,0.17844303983219206,False,BROOKLYN,"(40.6605938, -73.9313268)",trafficstat,True,False,False,False,False,False,False,True,True,,,,,,,
2026-08-10,00:00,40.6639258,-73.9453513,BROOKLYN AVE,11225,71,UNKNOWN,Street,39.40494440946413,False,BROOKLYN,"(40.6639258, -73.9453513)",trafficstat,True,False,False,False,False,False,False,True,False,,,,,,,
2026-08-10,00:00,40.6550478,-73.9563012,BEDFORD AVE,11226,71,OTHER,Street,0.1384762962326794,False,BROOKLYN,"(40.6550478, -73.9563012)",trafficstat,True,False,False,True,False,False,False,False,False,,,,,,,
2026-08-10,00:00,40.6566713,-73.9592416,WINTHROP ST,11225,71,UNKNOWN,Street,45.42319363454712,False,BROOKLYN,"(40.6566713, -73.9592416)",trafficstat,True,False,False,False,False,False,False,False,True,,,,,,,
2026-08-10,00:00,40.6578368,-73.9503272,NOSTRAND AVE,11225,71,UNKNOWN,Street,0.24773472032354432,False,BROOKLYN,"(40.6578368, -73.9503272)",trafficstat,False,False,False,False,False,False,False,False,False,,,,,,,
2026-08-10,00:00,40.6678235,-73.9312148,UTICA AVE,11213,71,UNKNOWN,Street,0.15962433931908443,False,BROOKLYN,"(40.6678235, -73.9312148)",trafficstat,True,False,True,False,False,False,False,False,False,,,,,,,
2026-08-09,00:00,40.667976,-73.93398,SCHENECTADY AVE,11213,71,UNKNOWN,Street,1.028238029591494,False,BROOKLYN,"(40.667976, -73.93398)",trafficstat,False,False,False,False,False,False,False,False,False,,,,,,,
2026-08-09,00:00,40.6593332,-73.9531108,RUTLAND RD,11225,71,UNKNOWN,Street,29.570550977185896,False,BROOKLYN,"(40.6593332, -73.9531108)",trafficstat,False,False,False,False,False,False,False,False,False,,,,,,,
2026-08-09,00:00,40.6612686,-73.9314757,UTICA AVE,11203,71,OTHER,Street,20.83183099412482,False,BROOKLYN,"(40.6612686, -73.9314757)",trafficstat,False,False,False,False,False,False,False,False,False,,,,,,,
2026-08-08,00:00,40.6614961,-73.9398863,ALBANY AVE,11203,71,UNKNOWN,Street,0.07250025383216306,False,BROOKLYN,"(40.6614961, -73.9398863)",trafficstat,True,False,False,False,False,False,False,False,True,,,,,,,