crash_date,crash_time,latitude,longitude,on_street_name,zip_code,precinct,collision_type,roadway_type,geocode_dist_feet,time_is_known,borough,location,source,injury,fatality,injured_pedestrian,injured_cyclist,injured_ebike_rider,injured_motorcyclist,injured_moped_rider,injured_car_occupant,injured_suv_occupant,number_of_persons_injured,number_of_persons_killed,contributing_factor_vehicle_1,collision_id,cross_street_name,off_street_name,vehicle_type_code1
2026-08-08,00:00,40.6548404,-73.9596963,FLATBUSH AVE,11226,71,UNKNOWN,Street,0.07588772932248605,False,BROOKLYN,"(40.6548404, -73.9596963)",trafficstat,False,False,False,False,False,False,False,False,False,,,,,,,
2026-07-29,00:00,40.6548404,-73.9596963,FLATBUSH AVE,11226,71,UNKNOWN,Street,0.07588772932248605,False,BROOKLYN,"(40.6548404, -73.9596963)",trafficstat,False,False,False,False,False,False,False,False,False,,,,,,,
2026-08-07,00:00,40.6639033,-73.9399273,ALBANY AVE,11203,71,UNKNOWN,Street,0.31458888216321246,False,BROOKLYN,"(40.6639033, -73.9399273)",trafficstat,False,False,False,False,False,False,False,False,False,,,,,,,
2026-08-07,00:00,40.664303,-73.95729,BEDFORD AVE,11225,71,UNKNOWN,Street,0.6039640636924128,False,BROOKLYN,"(40.664303, -73.95729)",trafficstat,True,False,False,False,False,False,False,False,False,,,,,,,
2026-08-05,00:00,40.6666848,-73.9441346,CARROLL ST,11213,71,UNKNOWN,Street,52.248256920561246,False,BROOKLYN,"(40.6666848, -73.9441346)",trafficstat,True,False,False,False,False,False,True,False,False,,,,,,,
2026-08-04,00:00,40.6633602,-73.959738,EMPIRE BLVD,11225,71,UNKNOWN,Street,3.204220945658086,False,BROOKLYN,"(40.6633602, -73.959738)",trafficstat,True,False,False,False,False,False,False,True,True,,,,,,,
2026-08-04,00:00,40.6564847,-73.9600737,FLATBUSH AVE,11225,71,UNKNOWN,Street,0.5422957119453709,False,BROOKLYN,"(40.6564847, -73.9600737)",trafficstat,True,False,False,False,False,False,True,False,False,,,,,,,
2026-08-03,00:00,40.6567043,-73.9581902,WINTHROP ST,11225,71,UNKNOWN,Street,33.51818609105985,False,BROOKLYN,"(40.6567043, -73.9581902)",trafficstat,True,False,True,False,False,False,False,False,False,,,,,,,
2026-08-02,00:00,40.6576559,-73.9312159,UTICA AVE,11203,71,UNKNOWN,Street,55.447735093440265,False,BROOKLYN,"(40.6576559, -73.9312159)",trafficstat,True,False,False,False,False,True,False,False,False,,,,,,,
2026-08-02,00:00,40.6622317,-73.9399649,ALBANY AVE,11203,71,UNKNOWN,Street,0.032017556017177366,False,BROOKLYN,"(40.6622317, -73.9399649)",trafficstat,False,False,False,False,False,False,False,False,False,,,,,,,
2026-08-02,00:00,40.6616892,-73.9614295,FLATBUSH AVE,11225,71,OTHER,Street,1.4150538392538279,False,BROOKLYN,"(40.6616892, -73.9614295)",trafficstat,False,False,False,False,False,False,False,False,False,,,,,,,
2026-08-02,00:00,40.6640557,-73.9426955,KINGSTON AVE,11225,71,UNKNOWN,Street,0.8041127012548815,False,BROOKLYN,"(40.6640557, -73.9426955)",trafficstat,True,False,False,False,False,False,False,False,False,,,,,,,
2026-08-02,00:00,40.6688588,-73.9391664,EASTERN PKWY,11213,71,UNKNOWN,Street,63.63526306178321,False,BROOKLYN,"(40.6688588, -73.9391664)",trafficstat,False,False,False,False,False,False,False,False,False,,,,,,,
2026-08-02,00:00,40.6698645,-73.9505021,NOSTRAND AVE,11225,71,UNKNOWN,Street,0.6111779414181653,False,BROOKLYN,"(40.6698645, -73.9505021)",trafficstat,True,False,True,False,False,False,False,False,False,,,,,,,
2026-08-01,00:00,40.66733,-73.95352,ROGERS AVE,11225,71,UNKNOWN,Street,1.0418795009286868,False,BROOKLYN,"(40.66733, -73.95352)",trafficstat,False,False,False,False,False,False,False,False,False,,,,,,,
2026-08-01,00:00,40.657608,-73.9423154,WINTHROP ST,11203,71,UNKNOWN,Street,3.35572653867915,False,BROOKLYN,"(40.657608, -73.9423154)",trafficstat,False,False,False,False,False,False,False,False,False,,,,,,,
2026-07-31,00:00,40.6622237,-73.9502543,LEFFERTS AVE,11225,71,OTHER,Street,62.73467551422224,False,BROOKLYN,"(40.6622237, -73.9502543)",trafficstat,False,False,False,False,False,False,False,False,False,,,,,,,
2026-07-31,00:00,40.6705742,-73.9594865,EASTERN PKWY,11225,71,UNKNOWN,Street,63.04591605193456,False,BROOKLYN,"(40.6705742, -73.9594865)",trafficstat,False,False,False,False,False,False,False,False,False,,,,,,,
2026-07-30,00:00,40.658512,-73.95331,ROGERS AVE,11225,71,UNKNOWN,Street,0.20065177038477058,False,BROOKLYN,"(40.658512, -73.95331)",trafficstat,True,False,False,False,False,False,False,True,False,,,,,,,
2026-07-30,00:00,40.65878,-73.96052,FLATBUSH AVE,11225,71,UNKNOWN,Street,0.06619922933918827,False,BROOKLYN,"(40.65878, -73.96052)",trafficstat,True,False,False,False,False,False,False,True,False,,,,,,,
2026-07-30,00:00,40.6572313,-73.9602427,FLATBUSH AVE,11225,71,UNKNOWN,Street,0.12614845917660966,False,BROOKLYN,"(40.6572313, -73.9602427)",trafficstat,True,False,False,False,True,False,False,False,False,,,,,,,
2026-07-29,00:00,40.6585776,-73.9372359,HAWTHORNE ST,11203,71,UNKNOWN,Street,39.89632159024913,False,BROOKLYN,"(40.6585776, -73.9372359)",trafficstat,False,False,False,False,False,False,False,False,False,,,,,,,
2026-07-29,00:00,40.6666034,-73.9565423,BEDFORD AVE,11225,71,UNKNOWN,Street,0.5924807534421924,False,BROOKLYN,"(40.6666034, -73.9565423)",trafficstat,True,False,False,False,False,False,False,True,False,,,,,,,
2026-07-13,00:00,40.6666034,-73.9565423,BEDFORD AVE,11225,71,UNKNOWN,Street,0.5924807534421924,False,BROOKLYN,"(40.6666034, -73.9565423)",trafficstat,False,False,False,False,False,False,False,False,False,,,,,,,
2026-07-05,00:00,40.6666034,-73.9565423,BEDFORD AVE,11225,71,UNKNOWN,Street,0.5924807534421924,False,BROOKLYN,"(40.6666034, -73.9565423)",trafficstat,False,False,False,False,False,False,False,False,False,,,,,,,
2026-07-29,00:00,40.669636,-73.961945,CLASSON AVE,11225,71,UNKNOWN,Street,2.1135826486865597,False,BROOKLYN,"(40.669636, -73.961945)",trafficstat,True,False,False,False,False,False,False,False,True,,,,,,,
2026-07-28,00:00,40.6588014,-73.9621654,OCEAN AVE,11225,71,UNKNOWN,Street,102.63909235607828,False,BROOKLYN,"(40.6588014, -73.9621654)",trafficstat,False,False,False,False,False,False,False,False,False,,,,,,,
2026-07-27,00:00,40.6610059,-73.9477514,NEW YORK AVE,11225,71,OTHER,Street,0.4485369104457229,False,BROOKLYN,"(40.6610059, -73.9477514)",trafficstat,True,False,False,True,False,False,False,False,False,,,,,,,
2026-07-27,00:00,40.657297,-73.9493372,WINTHROP ST,11225,71,UNKNOWN,Street,49.14582616182414,False,BROOKLYN,"(40.657297, -73.9493372)",trafficstat,False,False,False,False,False,False,False,False,False,,,,,,,
2026-07-27,00:00,40.6656978,-73.9612623,WASHINGTON AVE,11225,71,UNKNOWN,Street,45.28482820455261,False,BROOKLYN,"(40.6656978, -73.9612623)",trafficstat,True,False,False,False,False,False,False,False,False,,,,,,,
2026-07-25,00:00,40.6670165,-73.9312914,UTICA AVE,11213,71,UNKNOWN,Street,0.3162600750324356,False,BROOKLYN,"(40.6670165, -73.9312914)",trafficstat,True,False,False,False,False,False,False,True,False,,,,,,,
2026-06-23,00:00,40.6670165,-73.9312914,UTICA AVE,11213,71,UNKNOWN,Street,0.3162600750324356,False,BROOKLYN,"(40.6670165, -73.9312914)",trafficstat,False,False,False,False,False,False,False,False,False,,,,,,,
2026-07-25,00:00,40.6701195,-73.9573155,EASTERN PKWY,11225,71,OTHER,Street,65.15840031666478,False,BROOKLYN,"(40.6701195, -73.9573155)",trafficstat,True,False,True,False,False,False,False,False,False,,,,,,,
2026-07-23,00:00,40.6701195,-73.9573155,EASTERN PKWY,11225,71,UNKNOWN,Street,65.15840031666478,False,BROOKLYN,"(40.6701195, -73.9573155)",trafficstat,False,False,False,False,False,False,False,False,False,,,,,,,
2026-07-25,00:00,40.6626765,-73.9456126,BROOKLYN AVE,11225,71,OTHER,Street,0.5386815329271426,False,BROOKLYN,"(40.6626765, -73.9456126)",trafficstat,True,False,False,True,False,False,False,False,False,,,,,,,
2026-07-25,00:00,40.664684,-73.951004,NOSTRAND AVE,11225,71,UNKNOWN,Street,0.18669360492969758,False,BROOKLYN,"(40.664684, -73.951004)",trafficstat,True,False,False,False,False,False,False,True,True,,,,,,,
2026-07-24,00:00,40.6660309,-73.9507154,NOSTRAND AVE,11225,71,UNKNOWN,Street,40.53623616611833,False,BROOKLYN,"(40.6660309, -73.9507154)",trafficstat,True,False,False,False,False,False,False,True,False,,,,,,,
2026-07-23,00:00,40.662354,-73.95081,NOSTRAND AVE,11225,71,OTHER,Street,0.23181381185417615,False,BROOKLYN,"(40.662354, -73.95081)",trafficstat,True,False,False,True,False,False,False,False,False,,,,,,,
2026-07-22,00:00,40.6673161,-73.9368242,TROY AVE,11213,71,UNKNOWN,Street,0.866098267635097,False,BROOKLYN,"(40.6673161, -73.9368242)",trafficstat,False,False,False,False,False,False,False,False,False,,,,,,,
2026-07-22,00:00,40.6684357,-73.9315415,EASTERN PKWY,11213,71,UNKNOWN,Street,66.50911897217138,False,BROOKLYN,"(40.6684357, -73.9315415)",trafficstat,False,False,False,False,False,False,False,False,False,,,,,,,
2026-07-21,00:00,40.6635185,-73.9572076,BEDFORD AVE,11225,71,OTHER,Street,0.6165081837576973,False,BROOKLYN,"(40.6635185, -73.9572076)",trafficstat,True,False,True,False,False,False,False,False,False,,,,,,,
2026-07-20,00:00,40.6607852,-73.9398112,ALBANY AVE,11203,71,OTHER,Street,0.570972101853578,False,BROOKLYN,"(40.6607852, -73.9398112)",trafficstat,True,False,False,False,False,False,False,True,False,,,,,,,
2026-07-19,00:00,40.65766,-73.95322,ROGERS AVE,11225,71,UNKNOWN,Street,0.2827728669784497,False,BROOKLYN,"(40.65766, -73.95322)",trafficstat,False,False,False,False,False,False,False,False,False,,,,,,,
2026-07-17,00:00,40.6562332,-73.944854,CLARKSON AVE,11203,71,OTHER,Street,177.59757136810993,False,BROOKLYN,"(40.6562332, -73.944854)",trafficstat,False,False,False,False,False,False,False,False,False,,,,,,,
2026-07-17,00:00,40.6667666,-73.9304677,PRESIDENT ST,11213,71,OTHER,Street,77.27593340694706,False,BROOKLYN,"(40.6667666, -73.9304677)",trafficstat,True,False,False,False,False,False,False,False,True,,,,,,,
2026-07-16,00:00,40.6641271,-73.9576746,SULLIVAN PL,11225,71,OTHER,Street,59.18745674493965,False,BROOKLYN,"(40.6641271, -73.9576746)",trafficstat,True,False,True,False,False,False,False,False,False,,,,,,,
2026-07-15,00:00,40.6609534,-73.9606802,FLATBUSH AVE,11225,71,UNKNOWN,Street,0.030883023351418966,False,BROOKLYN,"(40.6609534, -73.9606802)",trafficstat,True,False,False,True,False,False,False,False,False,,,,,,,
2026-07-15,00:00,40.6700084,-73.9532705,ROGERS AVE,11225,71,UNKNOWN,Street,0.4510071794797105,False,BROOKLYN,"(40.6700084, -73.9532705)",trafficstat,False,False,False,False,False,False,False,False,False,,,,,,,
2026-07-15,00:00,40.669391,-73.9490507,EASTERN PKWY,11225,71,UNKNOWN,Street,66.31254705419676,False,BROOKLYN,"(40.669391, -73.9490507)",trafficstat,False,False,False,False,False,False,False,False,False,,,,,,,
2026-07-14,00:00,40.6602291,-73.9471622,MIDWOOD ST,11225,71,UNKNOWN,Street,39.85927522440874,False,BROOKLYN,"(40.6602291, -73.9471622)",trafficstat,False,False,False,False,False,False,False,False,False,,,,,,,
2026-07-13,00:00,40.65812,-73.934,WINTHROP ST,11203,71,OTHER,Street,2.4353235697657385,False,BROOKLYN,"(40.65812, -73.934)",trafficstat,False,False,False,False,False,False,False,False,False,,,,,,,
2026-07-12,00:00,40.656082,-73.95306,ROGERS AVE,11226,71,UNKNOWN,Street,1.7443158051049732,False,BROOKLYN,"(40.656082, -73.95306)",trafficstat,True,False,False,False,False,False,True,False,False,,,,,,,
2026-07-12,00:00,40.6671664,-73.934056,SCHENECTADY AVE,11213,71,UNKNOWN,Street,1.0320615071700234,False,BROOKLYN,"(40.6671664, -73.934056)",trafficstat,False,False,False,False,False,False,False,False,False,,,,,,,
2026-07-11,00:00,40.667625,-73.94236,KINGSTON AVE,11213,71,UNKNOWN,Street,0.6354200985142131,False,BROOKLYN,"(40.667625, -73.94236)",trafficstat,False,False,False,False,False,False,False,False,False,,,,,,,
2026-07-10,00:00,40.6630279,-73.9422977,LEFFERTS AVE,11203,71,UNKNOWN,Street,50.55401888627334,False,BROOKLYN,"(40.6630279, -73.9422977)",trafficstat,False,False,False,False,False,False,False,False,False,,,,,,,
2026-07-09,00:00,40.6594824,-73.9358922,E  45 ST,11203,71,UNKNOWN,Street,44.886325835901644,False,BROOKLYN,"(40.6594824, -73.9358922)",trafficstat,False,False,False,False,False,False,False,False,False,,,,,,,
2026-07-09,00:00,40.6708305,-73.9607614,EASTERN PKWY,11225,71,UNKNOWN,Street,68.26232779591086,False,BROOKLYN,"(40.6708305, -73.9607614)",trafficstat,False,False,False,False,False,False,False,False,False,,,,,,,
2026-07-08,00:00,40.6686851,-73.9368383,TROY AVE,11213,71,OTHER,Street,38.66836346215364,False,BROOKLYN,"(40.6686851, -73.9368383)",trafficstat,True,False,False,False,False,False,False,True,False,,,,,,,
2026-07-08,00:00,40.6658281,-73.9538077,ROGERS AVE,11225,71,UNKNOWN,Street,39.396689663274245,False,BROOKLYN,"(40.6658281, -73.9538077)",trafficstat,True,False,False,False,False,False,False,True,False,,,,,,,
2026-07-08,00:00,40.664513,-73.95379,ROGERS AVE,11225,71,OTHER,Street,0.4505302013902517,False,BROOKLYN,"(40.664513, -73.95379)",trafficstat,False,False,False,False,False,False,False,False,False,,,,,,,
2026-07-08,00:00,40.6639058,-73.9509751,NOSTRAND AVE,11225,71,UNKNOWN,Street,0.13260487465683896,False,BROOKLYN,"(40.6639058, -73.9509751)",trafficstat,True,False,False,True,False,False,False,False,False,,,,,,,
2026-06-25,00:00,40.6639058,-73.9509751,NOSTRAND AVE,11225,71,UNKNOWN,Street,0.13260487465683896,False,BROOKLYN,"(40.6639058, -73.9509751)",trafficstat,True,False,False,False,False,False,False,False,True,,,,,,,
2026-07-08,00:00,40.6605722,-73.941343,MIDWOOD ST,11203,71,OTHER,Street,45.60875780688312,False,BROOKLYN,"(40.6605722, -73.941343)",trafficstat,False,False,False,False,False,False,False,False,False,,,,,,,
2026-07-07,00:00,40.6608112,-73.9489026,MAPLE ST,11225,71,UNKNOWN,Street,48.125075899875334,False,BROOKLYN,"(40.6608112, -73.9489026)",trafficstat,False,False,False,False,False,False,False,False,False,,,,,,,
2026-07-07,00:00,40.6643606,-73.9541596,SULLIVAN PL,11225,71,UNKNOWN,Street,50.341153338844414,False,BROOKLYN,"(40.6643606, -73.9541596)",trafficstat,False,False,False,False,False,False,False,False,False,,,,,,,
2026-07-07,00:00,40.6657197,-73.9568601,BEDFORD AVE,11225,71,UNKNOWN,Street,1.0580331505921763,False,BROOKLYN,"(40.6657197, -73.9568601)",trafficstat,False,False,False,False,False,False,False,False,False,,,,,,,
2026-07-07,00:00,40.6642272,-73.9454636,BROOKLYN AVE,11225,71,UNKNOWN,Street,0.35894099880946334,False,BROOKLYN,"(40.6642272, -73.9454636)",trafficstat,False,False,False,False,False,False,False,False,False,,,,,,,
2026-07-06,00:00,40.6644714,-73.9478888,NEW YORK AVE,11225,71,UNKNOWN,Street,91.10662303723838,False,BROOKLYN,"(40.6644714, -73.9478888)",trafficstat,True,False,False,True,False,False,False,False,False,,,,,,,
2026-07-06,00:00,40.6644958,-73.9343073,SCHENECTADY AVE,11213,71,UNKNOWN,Street,0.28958789213475017,False,BROOKLYN,"(40.6644958, -73.9343073)",trafficstat,False,False,False,False,False,False,False,False,False,,,,,,,
2026-06-30,00:00,40.6644958,-73.9343073,SCHENECTADY AVE,11213,71,UNKNOWN,Street,0.28958789213475017,False,BROOKLYN,"(40.6644958, -73.9343073)",trafficstat,False,False,False,False,False,False,False,False,False,,,,,,,
2026-07-05,00:00,40.6670099,-73.9448963,CARROLL ST,11213,71,UNKNOWN,Street,50.67507084370718,False,BROOKLYN,"(40.6670099, -73.9448963)",trafficstat,True,False,False,False,False,False,False,False,True,,,,,,,
2026-07-05,00:00,40.6680199,-73.9594778,CARROLL ST,11225,71,UNKNOWN,Street,42.06333448429804,False,BROOKLYN,"(40.6680199, -73.9594778)",trafficstat,False,False,False,False,False,False,False,False,False,,,,,,,
2026-06-23,00:00,40.6680199,-73.9594778,CARROLL ST,11225,71,OTHER,Street,42.06333448429804,False,BROOKLYN,"(40.6680199, -73.9594778)",trafficstat,False,False,False,False,False,False,False,False,False,,,,,,,
2026-07-04,00:00,40.667824,-73.93121,UTICA AVE,11213,71,UNKNOWN,Street,1.4744826089398742,False,BROOKLYN,"(40.667824, -73.93121)",trafficstat,False,False,False,False,False,False,False,False,False,,,,,,,
2026-07-04,00:00,40.6648326,-73.9483364,NEW YORK AVE,11225,71,UNKNOWN,Street,41.24159263552867,False,BROOKLYN,"(40.6648326, -73.9483364)",trafficstat,True,False,False,False,False,False,False,False,False,,,,,,,
2026-07-03,00:00,40.6702427,-73.9579065,FRANKLIN AVE,11225,71,OTHER,Street,59.18106654638105,False,BROOKLYN,"(40.6702427, -73.9579065)",trafficstat,False,False,False,False,False,False,False,False,False,,,,,,,
2026-07-02,00:00,40.6631895,-73.9600165,EMPIRE BLVD,11225,71,UNKNOWN,Street,58.486559420894636,False,BROOKLYN,"(40.6631895, -73.9600165)",trafficstat,True,False,False,False,False,False,False,False,True,,,,,,,
2026-07-02,00:00,40.6599379,-73.9534614,ROGERS AVE,11225,71,UNKNOWN,Street,0.23427987473140474,False,BROOKLYN,"(40.6599379, -73.9534614)",trafficstat,False,False,False,False,False,False,False,False,False,,,,,,,
2026-07-02,00:00,40.6607688,-73.9409924,ALLEY,,71,UNKNOWN,Alley,0.8897667338766264,False,BROOKLYN,"(40.6607688, -73.9409924)",trafficstat,True,False,False,False,False,False,False,False,True,,,,,,,
2026-07-02,00:00,40.660076,-73.939735,ALBANY AVE,11203,71,UNKNOWN,Street,0.3536803761453177,False,BROOKLYN,"(40.660076, -73.939735)",trafficstat,False,False,False,False,False,False,False,False,False,,,,,,,
2026-07-02,00:00,40.6622405,-73.9418662,E  NEW YORK AVE,11203,71,UNKNOWN,Street,42.23501405302956,False,BROOKLYN,"(40.6622405, -73.9418662)",trafficstat,False,False,False,False,False,False,False,False,False,,,,,,,
2026-07-02,00:00,40.6589536,-73.9342838,SCHENECTADY AVE,11203,71,UNKNOWN,Street,55.94692598547297,False,BROOKLYN,"(40.6589536, -73.9342838)",trafficstat,True,False,False,False,False,False,False,True,False,,,,,,,
2026-07-01,00:00,40.6660976,-73.9423595,KINGSTON AVE,11213,71,UNKNOWN,Street,40.51562572188356,False,BROOKLYN,"(40.6660976, -73.9423595)",trafficstat,False,False,False,False,False,False,False,False,False,,,,,,,
2026-07-01,00:00,40.6638133,-73.9549291,EMPIRE BLVD,11225,71,UNKNOWN,Street,52.584981682943884,False,BROOKLYN,"(40.6638133, -73.9549291)",trafficstat,True,False,False,False,False,False,False,False,True,,,,,,,
2026-07-01,00:00,40.6690028,-73.9419617,EASTERN PKWY,11213,71,UNKNOWN,Street,67.7023684786139,False,BROOKLYN,"(40.6690028, -73.9419617)",trafficstat,False,False,False,False,False,False,False,False,False,,,,,,,
2026-06-30,00:00,40.6691136,-73.9533541,ROGERS AVE,11225,71,UNKNOWN,Street,0.235580264898294,False,BROOKLYN,"(40.6691136, -73.9533541)",trafficstat,True,False,False,False,False,False,False,True,False,,,,,,,
2026-06-30,00:00,40.66188,-73.945564,BROOKLYN AVE,11225,71,OTHER,Street,0.5039654790643262,False,BROOKLYN,"(40.66188, -73.945564)",trafficstat,False,False,False,False,False,False,False,False,False,,,,,,,
2026-06-30,00:00,40.6607972,-73.9374228,MIDWOOD ST,11203,71,UNKNOWN,Street,52.10327461391751,False,BROOKLYN,"(40.6607972, -73.9374228)",trafficstat,True,False,False,False,False,False,False,False,True,,,,,,,
2026-06-29,00:00,40.6632531,-73.9470523,STERLING ST,11225,71,UNKNOWN,Street,42.19867291118721,False,BROOKLYN,"(40.6632531, -73.9470523)",trafficstat,False,False,False,False,False,False,False,False,False,,,,,,,
2026-06-28,00:00,40.6619982,-73.9538437,ROGERS AVE,11225,71,UNKNOWN,Street,44.91977485594062,False,BROOKLYN,"(40.6619982, -73.9538437)",trafficstat,False,False,False,False,False,False,False,False,False,,,,,,,
2026-06-28,00:00,40.6561537,-73.9491568,PARKSIDE AVE,11226,71,UNKNOWN,Street,63.99228487623683,False,BROOKLYN,"(40.6561537, -73.9491568)",trafficstat,False,False,False,False,False,False,False,False,False,,,,,,,
2026-06-28,00:00,40.6553435,-73.9596261,FLATBUSH AVE,11226,71,UNKNOWN,Street,47.782957363486716,False,BROOKLYN,"(40.6553435, -73.9596261)",trafficstat,False,False,False,False,False,False,False,False,False,,,,,,,
2026-06-27,00:00,40.6689643,-73.9505857,NOSTRAND AVE,11225,71,UNKNOWN,Street,0.3426575563242312,False,BROOKLYN,"(40.6689643, -73.9505857)",trafficstat,False,False,False,False,False,False,False,False,False,,,,,,,
2026-06-26,00:00,40.6683591,-73.9313003,UTICA AVE,11213,71,OTHER,Street,37.769030523466114,False,BROOKLYN,"(40.6683591, -73.9313003)",trafficstat,True,False,False,True,False,False,False,False,False,,,,,,,
2026-06-26,00:00,40.6607776,-73.9494481,MAPLE ST,11225,71,OTHER,Street,48.01216682518027,False,BROOKLYN,"(40.6607776, -73.9494481)",trafficstat,False,False,False,False,False,False,False,False,False,,,,,,,
2026-06-26,00:00,40.662537,-73.947914,NEW YORK AVE,11225,71,UNKNOWN,Street,0.1945591181042186,False,BROOKLYN,"(40.662537, -73.947914)",trafficstat,True,False,True,False,False,False,False,False,False,,,,,,,
2026-06-24,00:00,40.6586932,-73.9504167,NOSTRAND AVE,11225,71,OTHER,Street,0.24223493134206825,False,BROOKLYN,"(40.6586932, -73.9504167)",trafficstat,True,False,False,False,True,False,False,False,False,,,,,,,
2026-06-24,00:00,40.6680722,-73.9506693,NOSTRAND AVE,11225,71,UNKNOWN,Street,0.23582285059092895,False,BROOKLYN,"(40.6680722, -73.9506693)",trafficstat,False,False,False,False,False,False,False,False,False,,,,,,,
2026-06-23,00:00,40.6602617,-73.9452292,BROOKLYN AVE,11203,71,UNKNOWN,Street,45.740953877829575,False,BROOKLYN,"(40.6602617, -73.9452292)",trafficstat,False,False,False,False,False,False,False,False,False,,,,,,,
2026-06-22,00:00,40.6582521,-73.9621615,OCEAN AVE,11225,71,UNKNOWN,Street,79.2219603736437,False,BROOKLYN,"(40.6582521, -73.9621615)",trafficstat,False,False,False,False,False,False,False,False,False,,,,,,,
2026-06-22,00:00,40.6643433,-73.9315392,UTICA AVE,11213,71,UNKNOWN,Street,0.5044722475813401,False,BROOKLYN,"(40.6643433, -73.9315392)",trafficstat,True,False,True,False,False,False,False,False,False,,,,,,,
2026-06-22,00:00,40.6633029,-73.9606139,FRANKLIN AVE,11225,71,OTHER,Street,1.5845593954055552,False,BROOKLYN,"(40.6633029, -73.9606139)",trafficstat,False,False,False,False,False,False,False,False,False,,,,,,,
2026-06-21,00:00,40.662938,-73.9457274,BROOKLYN AVE,11225,71,UNKNOWN,Street,38.05040627152034,False,BROOKLYN,"(40.662938, -73.9457274)",trafficstat,False,False,False,False,False,False,False,False,False,,,,,,,
2026-06-21,00:00,40.6683961,-73.930888,EASTERN PKWY,11213,71,UNKNOWN,Street,68.05797439622243,False,BROOKLYN,"(40.6683961, -73.930888)",trafficstat,False,False,False,False,False,False,False,False,False,,,,,,,
2026-06-20,00:00,40.659908,-73.9445735,RUTLAND RD,11203,71,UNKNOWN,Street,48.61544128656144,False,BROOKLYN,"(40.659908, -73.9445735)",trafficstat,False,False,False,False,False,False,False,False,False,,,,,,,
2026-06-20,00:00,40.658987,-73.9593598,RUTLAND RD,11225,71,UNKNOWN,Street,45.90201700351919,False,BROOKLYN,"(40.658987, -73.9593598)",trafficstat,False,False,False,False,False,False,False,False,False,,,,,,,
2026-06-20,00:00,40.65777,-73.93961,ALBANY AVE,11203,71,UNKNOWN,Street,1.8261407143636907,False,BROOKLYN,"(40.65777, -73.93961)",trafficstat,False,False,False,False,False,False,False,False,False,,,,,,,
2026-06-19,00:00,40.6613177,-73.9524537,LINCOLN RD,11225,71,UNKNOWN,Street,54.92090715112486,False,BROOKLYN,"(40.6613177, -73.9524537)",trafficstat,True,False,False,False,False,False,False,True,False,,,,,,,
2026-06-19,00:00,40.6691002,-73.9366567,TROY AVE,11213,71,UNKNOWN,Street,0.6678025399797718,False,BROOKLYN,"(40.6691002, -73.9366567)",trafficstat,True,False,False,False,False,False,False,False,True,,,,,,,
2026-06-18,00:00,40.6697123,-73.9477301,NEW YORK AVE,11213,71,UNKNOWN,Street,0.5674653923564427,False,BROOKLYN,"(40.6697123, -73.9477301)",trafficstat,False,False,False,False,False,False,False,False,False,,,,,,,
2026-06-18,00:00,40.6661245,-73.9313824,UTICA AVE,11213,71,OTHER,Street,0.3056569911410614,False,BROOKLYN,"(40.6661245, -73.9313824)",trafficstat,False,False,False,False,False,False,False,False,False,,,,,,,
2026-06-18,00:00,40.6666332,-73.9434101,CARROLL ST,11213,71,UNKNOWN,Street,56.527552035052274,False,BROOKLYN,"(40.6666332, -73.9434101)",trafficstat,False,False,False,False,False,False,False,False,False,,,,,,,
2026-06-18,00:00,40.6598918,-73.9425513,KINGSTON AVE,11203,71,UNKNOWN,Street,0.29993981625455124,False,BROOKLYN,"(40.6598918, -73.9425513)",trafficstat,True,False,False,False,False,False,True,False,False,,,,,,,
2026-06-17,00:00,40.6600013,-73.9543776,MIDWOOD ST,11225,71,OTHER,Street,41.03400567746904,False,BROOKLYN,"(40.6600013, -73.9543776)",trafficstat,False,False,False,False,False,False,False,False,False,,,,,,,
2026-06-16,00:00,40.6592555,-73.9623986,OCEAN AVE,11225,71,UNKNOWN,Street,58.54024498752767,False,BROOKLYN,"(40.6592555, -73.9623986)",trafficstat,False,False,False,False,False,False,False,False,False,,,,,,,
2026-06-16,00:00,40.66555,-73.95369,ROGERS AVE,11225,71,UNKNOWN,Street,0.3150709424263633,False,BROOKLYN,"(40.66555, -73.95369)",trafficstat,True,False,False,False,False,False,False,False,True,,,,,,,
2026-06-16,00:00,40.668053,-73.9524586,PRESIDENT ST,11225,71,UNKNOWN,Street,45.635382800419066,False,BROOKLYN,"(40.668053, -73.9524586)",trafficstat,False,False,False,False,False,False,False,False,False,,,,,,,
2026-06-15,00:00,40.6660819,-73.9515539,CROWN ST,11225,71,UNKNOWN,Street,92.35651938808627,False,BROOKLYN,"(40.6660819, -73.9515539)",trafficstat,False,False,False,False,False,False,False,False,False,,,,,,,
2026-06-15,00:00,40.6595917,-73.9496825,RUTLAND RD,11225,71,OTHER,Street,46.34653278700763,False,BROOKLYN,"(40.6595917, -73.9496825)",trafficstat,False,False,False,False,False,False,False,False,False,,,,,,,
2026-06-15,00:00,40.6562393,-73.948477,PARKSIDE AVE,11226,71,UNKNOWN,Street,48.01206605926514,False,BROOKLYN,"(40.6562393, -73.948477)",trafficstat,False,False,False,False,False,False,False,False,False,,,,,,,
2026-06-15,00:00,40.657281,-73.9473542,NEW YORK AVE,11203,71,UNKNOWN,Street,0.09045083470623913,False,BROOKLYN,"(40.657281, -73.9473542)",trafficstat,False,False,False,False,False,False,False,False,False,,,,,,,
2026-06-13,00:00,40.657281,-73.9473542,NEW YORK AVE,11203,71,OTHER,Street,0.09045083470623913,False,BROOKLYN,"(40.657281, -73.9473542)",trafficstat,True,False,False,False,False,False,False,False,False,,,,,,,