crash_date,crash_time,latitude,longitude,on_street_name,zip_code,precinct,collision_type,roadway_type,geocode_dist_feet,time_is_known,borough,location,source,injury,fatality,injured_pedestrian,injured_cyclist,injured_ebike_rider,injured_motorcyclist,injured_moped_rider,injured_car_occupant,injured_suv_occupant,number_of_persons_injured,number_of_persons_killed,contributing_factor_vehicle_1,collision_id,cross_street_name,off_street_name,vehicle_type_code1
2026-06-15,00:00,40.66169,-73.961426,FLATBUSH AVE,11225,71,OTHER,Street,0.42057061524239664,False,BROOKLYN,"(40.66169, -73.961426)",trafficstat,True,False,False,False,False,False,False,False,False,,,,,,,
2026-06-14,00:00,40.6633529,-73.9398331,ALBANY AVE,11203,71,OTHER,Street,44.19424650246195,False,BROOKLYN,"(40.6633529, -73.9398331)",trafficstat,False,False,False,False,False,False,False,False,False,,,,,,,
2026-06-14,00:00,40.6681021,-73.9532494,PRESIDENT ST,11225,71,UNKNOWN,Street,43.51159256822379,False,BROOKLYN,"(40.6681021, -73.9532494)",trafficstat,False,False,False,False,False,False,False,False,False,,,,,,,
2026-06-13,00:00,40.6676194,-73.9338702,SCHENECTADY AVE,11213,71,UNKNOWN,Street,40.6793561736906,False,BROOKLYN,"(40.6676194, -73.9338702)",trafficstat,True,False,False,False,False,False,False,False,True,,,,,,,
2026-06-13,00:00,40.662395,-73.9373407,TROY AVE,11203,71,OTHER,Street,0.06577628911594363,False,BROOKLYN,"(40.662395, -73.9373407)",trafficstat,True,False,False,False,True,False,False,False,False,,,,,,,
2026-06-12,00:00,40.659496,-73.960556,FLATBUSH AVE,11225,71,UNKNOWN,Street,0.838387333494153,False,BROOKLYN,"(40.659496, -73.960556)",trafficstat,True,False,False,False,False,False,False,True,False,,,,,,,
2026-09-13,00:00,40.6464697,-74.0125764,50 ST,11220,72,OTHER,Street,2.2395524032559453,False,BROOKLYN,"(40.6464697, -74.0125764)",trafficstat,True,False,False,False,False,False,True,False,False,,,,,,,
2026-09-13,00:00,40.6590131,-73.9850856,PROSPECT EXPRESSWAY WB EXIT 3,11215,72,UNKNOWN,Ramp,1.457479886276166,False,BROOKLYN,"(40.6590131, -73.9850856)",trafficstat,False,False,False,False,False,False,False,False,False,,,,,,,
2026-09-12,00:00,40.6388991,-74.016769,5 AVE,11220,72,OTHER,Street,1.9909299513712233,False,BROOKLYN,"(40.6388991, -74.016769)",trafficstat,False,False,False,False,False,False,False,False,False,,,,,,,
2026-09-11,00:00,40.6485094,-74.0021297,41 ST,11232,72,UNKNOWN,Street,36.13793094869979,False,BROOKLYN,"(40.6485094, -74.0021297)",trafficstat,True,False,False,False,False,False,True,False,False,,,,,,,
2026-09-11,00:00,40.6581167,-73.9756537,11 AVE,11215,72,UNKNOWN,Street,1.5226645054591734,False,BROOKLYN,"(40.6581167, -73.9756537)",trafficstat,False,False,False,False,False,False,False,False,False,,,,,,,
2026-09-11,00:00,40.6603668,-73.9879411,18 ST,11215,72,UNKNOWN,Street,87.27117117937598,False,BROOKLYN,"(40.6603668, -73.9879411)",trafficstat,True,False,False,True,False,False,False,False,False,,,,,,,
2026-09-10,00:00,40.6623073,-73.9887304,PROSPECT EXPY,11215,72,UNKNOWN,Highway,0.4938019089567419,False,BROOKLYN,"(40.6623073, -73.9887304)",trafficstat,True,False,False,False,False,False,False,False,True,,,,,,,
2026-07-12,00:00,40.6623073,-73.9887304,PROSPECT EXPY,11215,72,OTHER,Highway,0.4938019089567419,False,BROOKLYN,"(40.6623073, -73.9887304)",trafficstat,False,False,False,False,False,False,False,False,False,,,,,,,
2026-09-10,00:00,40.664955,-73.99335,17 ST,11215,72,UNKNOWN,Street,2.3785609151771365,False,BROOKLYN,"(40.664955, -73.99335)",trafficstat,True,False,False,True,False,False,False,False,False,,,,,,,
2026-09-10,00:00,40.6480341,-74.0140808,GOWANUS EXPY,11232,72,UNKNOWN,Highway,5.269537679555319,False,BROOKLYN,"(40.6480341, -74.0140808)",trafficstat,False,False,False,False,False,False,False,False,False,,,,,,,
2026-07-31,00:00,40.6480341,-74.0140808,GOWANUS EXPY,11232,72,UNKNOWN,Highway,5.269537679555319,False,BROOKLYN,"(40.6480341, -74.0140808)",trafficstat,False,False,False,False,False,False,False,False,False,,,,,,,
2026-09-10,00:00,40.6472719,-73.9973009,8 AVE,11232,72,UNKNOWN,Street,2.0792053034968165,False,BROOKLYN,"(40.6472719, -73.9973009)",trafficstat,True,False,False,False,False,False,False,True,False,,,,,,,
2026-09-10,00:00,40.6414634,-74.0143159,5 AVE,11220,72,UNKNOWN,Street,43.20440497189184,False,BROOKLYN,"(40.6414634, -74.0143159)",trafficstat,False,False,False,False,False,False,False,False,False,,,,,,,
2026-09-09,00:00,40.6383155,-74.0066225,55 ST,11220,72,UNKNOWN,Street,1.908935558820598,False,BROOKLYN,"(40.6383155, -74.0066225)",trafficstat,True,False,True,False,False,False,False,False,False,,,,,,,
2026-06-21,00:00,40.6383155,-74.0066225,55 ST,11220,72,UNKNOWN,Street,1.908935558820598,False,BROOKLYN,"(40.6383155, -74.0066225)",trafficstat,True,False,True,False,False,False,False,False,False,,,,,,,
2026-09-09,00:00,40.6476772,-74.0145874,50 ST,11220,72,UNKNOWN,Street,2.0720136937387683,False,BROOKLYN,"(40.6476772, -74.0145874)",trafficstat,True,False,False,False,False,False,False,False,False,,,,,,,
2026-08-18,00:00,40.6476772,-74.0145874,50 ST,11220,72,UNKNOWN,Street,2.0720136937387683,False,BROOKLYN,"(40.6476772, -74.0145874)",trafficstat,False,False,False,False,False,False,False,False,False,,,,,,,
2026-09-08,00:00,40.6508616,-73.9726363,PARK CIR,11218,72,UNKNOWN,Street,1.6617765782608387,False,BROOKLYN,"(40.6508616, -73.9726363)",trafficstat,True,False,False,False,False,False,False,True,False,,,,,,,
2026-09-08,00:00,40.6510543,-74.0075054,4 AVE,11232,72,OTHER,Street,43.033468499096244,False,BROOKLYN,"(40.6510543, -74.0075054)",trafficstat,True,False,False,False,False,False,False,False,False,,,,,,,
2026-09-08,00:00,40.6364663,-74.0119139,7 AVE,11220,72,UNKNOWN,Street,49.257045286027214,False,BROOKLYN,"(40.6364663, -74.0119139)",trafficstat,True,False,False,False,False,False,False,False,True,,,,,,,
2026-09-08,00:00,40.6430067,-74.0055387,49 ST,11220,72,UNKNOWN,Street,38.12745838909854,False,BROOKLYN,"(40.6430067, -74.0055387)",trafficstat,False,False,False,False,False,False,False,False,False,,,,,,,
2026-09-08,00:00,40.65211,-74.01738,47 ST,11232,72,UNKNOWN,Street,1.6663045273767836,False,BROOKLYN,"(40.65211, -74.01738)",trafficstat,True,False,False,False,False,False,False,True,False,,,,,,,
2026-09-08,00:00,40.6531977,-74.0055788,38 ST,11232,72,OTHER,Street,2.0308958330122158,False,BROOKLYN,"(40.6531977, -74.0055788)",trafficstat,False,False,False,False,False,False,False,False,False,,,,,,,
2026-06-18,00:00,40.6531977,-74.0055788,38 ST,11232,72,OTHER,Street,2.0308958330122158,False,BROOKLYN,"(40.6531977, -74.0055788)",trafficstat,False,False,False,False,False,False,False,False,False,,,,,,,
2026-09-07,00:00,40.654696,-74.0111039,2 AVE,11232,72,UNKNOWN,Street,1.7884771348630366,False,BROOKLYN,"(40.654696, -74.0111039)",trafficstat,False,False,False,False,False,False,False,False,False,,,,,,,
2026-09-07,00:00,40.6650745,-73.9965684,19 ST,11232,72,UNKNOWN,Street,2.6435016828058626,False,BROOKLYN,"(40.6650745, -73.9965684)",trafficstat,True,False,False,False,False,False,False,False,True,,,,,,,
2026-09-01,00:00,40.6650745,-73.9965684,19 ST,11232,72,OTHER,Street,2.6435016828058626,False,BROOKLYN,"(40.6650745, -73.9965684)",trafficstat,False,False,False,False,False,False,False,False,False,,,,,,,
2026-08-04,00:00,40.6650745,-73.9965684,19 ST,11232,72,UNKNOWN,Street,2.6435016828058626,False,BROOKLYN,"(40.6650745, -73.9965684)",trafficstat,False,False,False,False,False,False,False,False,False,,,,,,,
2026-09-07,00:00,40.6453497,-74.0137437,52 ST,11220,72,UNKNOWN,Street,2.299824410201111,False,BROOKLYN,"(40.6453497, -74.0137437)",trafficstat,True,False,False,False,True,False,False,False,False,,,,,,,
2026-09-06,00:00,40.6440501,-74.0221646,59 ST,11220,72,UNKNOWN,Street,2.267443471234115,False,BROOKLYN,"(40.6440501, -74.0221646)",trafficstat,False,False,False,False,False,False,False,False,False,,,,,,,
2026-09-06,00:00,40.6397337,-74.0077382,ALLEY,,72,OTHER,Alley,7.337632991476638,False,BROOKLYN,"(40.6397337, -74.0077382)",trafficstat,True,False,False,False,True,False,False,False,False,,,,,,,
2026-09-06,00:00,40.6529481,-74.0021659,5 AVE,11232,72,OTHER,Street,2.339806165067639,False,BROOKLYN,"(40.6529481, -74.0021659)",trafficstat,False,False,False,False,False,False,False,False,False,,,,,,,
2026-09-05,00:00,40.646294,-74.01984,2 AVE,11220,72,UNKNOWN,Street,0.9577646784663442,False,BROOKLYN,"(40.646294, -74.01984)",trafficstat,False,False,False,False,False,False,False,False,False,,,,,,,
2026-09-05,00:00,40.6679263,-73.9964111,GOWANUS EXPY,11232,72,UNKNOWN,Highway,0.4887138782761649,False,BROOKLYN,"(40.6679263, -73.9964111)",trafficstat,True,False,False,False,False,False,False,False,True,,,,,,,
2026-09-05,00:00,40.6639355,-73.9941043,4 AVE,11232,72,OTHER,Street,49.76832376792984,False,BROOKLYN,"(40.6639355, -73.9941043)",trafficstat,True,False,False,True,False,False,False,False,False,,,,,,,
2026-09-05,00:00,40.656086,-74.005844,35 ST,11232,72,UNKNOWN,Street,2.619423149925788,False,BROOKLYN,"(40.656086, -74.005844)",trafficstat,False,False,False,False,False,False,False,False,False,,,,,,,
2026-09-04,00:00,40.6571092,-74.0015101,31 ST,11232,72,OTHER,Street,1.8011476837573126,False,BROOKLYN,"(40.6571092, -74.0015101)",trafficstat,False,False,False,False,False,False,False,False,False,,,,,,,
2026-09-03,00:00,40.654068,-74.0009946,5 AVE,11232,72,UNKNOWN,Street,2.104489054314191,False,BROOKLYN,"(40.654068, -74.0009946)",trafficstat,True,False,False,True,False,False,False,False,False,,,,,,,
2026-09-02,00:00,40.6383918,-74.0109781,58 ST,11220,72,UNKNOWN,Street,49.82690204659702,False,BROOKLYN,"(40.6383918, -74.0109781)",trafficstat,False,False,False,False,False,False,False,False,False,,,,,,,
2026-09-01,00:00,40.6410282,-74.0218285,3 AVE,11220,72,OTHER,Street,2.9332763842008784,False,BROOKLYN,"(40.6410282, -74.0218285)",trafficstat,False,False,False,False,False,False,False,False,False,,,,,,,
2026-06-15,00:00,40.6410282,-74.0218285,3 AVE,11220,72,UNKNOWN,Street,2.9332763842008784,False,BROOKLYN,"(40.6410282, -74.0218285)",trafficstat,False,False,False,False,False,False,False,False,False,,,,,,,
2026-09-01,00:00,40.6422279,-74.004271,49 ST,11220,72,UNKNOWN,Street,41.80408884314538,False,BROOKLYN,"(40.6422279, -74.004271)",trafficstat,False,False,False,False,False,False,False,False,False,,,,,,,
2026-09-01,00:00,40.6556267,-74.0088077,37 ST,11232,72,UNKNOWN,Street,116.74975423298228,False,BROOKLYN,"(40.6556267, -74.0088077)",trafficstat,True,False,False,False,False,False,False,False,True,,,,,,,
2026-08-01,00:00,40.6556267,-74.0088077,37 ST,11232,72,UNKNOWN,Street,116.74975423298228,False,BROOKLYN,"(40.6556267, -74.0088077)",trafficstat,False,False,False,False,False,False,False,False,False,,,,,,,
2026-07-27,00:00,40.6556267,-74.0088077,37 ST,11232,72,UNKNOWN,Street,116.74975423298228,False,BROOKLYN,"(40.6556267, -74.0088077)",trafficstat,True,False,True,False,False,False,False,False,False,,,,,,,
2026-07-25,00:00,40.6556267,-74.0088077,37 ST,11232,72,OTHER,Street,116.74975423298228,False,BROOKLYN,"(40.6556267, -74.0088077)",trafficstat,True,False,True,False,False,False,False,False,False,,,,,,,
2026-07-10,00:00,40.6556267,-74.0088077,37 ST,11232,72,UNKNOWN,Street,116.74975423298228,False,BROOKLYN,"(40.6556267, -74.0088077)",trafficstat,True,False,False,False,False,False,False,True,False,,,,,,,
2026-09-01,00:00,40.654718,-74.0071655,GOWANUS EXPY,11232,72,UNKNOWN,Highway,4.232793036439945,False,BROOKLYN,"(40.654718, -74.0071655)",trafficstat,False,False,False,False,False,False,False,False,False,,,,,,,
2026-09-01,00:00,40.6668448,-73.9948597,3 AVE,11215,72,UNKNOWN,Street,0.3198408630993432,False,BROOKLYN,"(40.6668448, -73.9948597)",trafficstat,True,False,False,False,False,False,False,False,True,,,,,,,
2026-08-29,00:00,40.6668448,-73.9948597,3 AVE,11215,72,UNKNOWN,Street,0.3198408630993432,False,BROOKLYN,"(40.6668448, -73.9948597)",trafficstat,False,False,False,False,False,False,False,False,False,,,,,,,
2026-07-01,00:00,40.6668448,-73.9948597,3 AVE,11215,72,UNKNOWN,Street,0.3198408630993432,False,BROOKLYN,"(40.6668448, -73.9948597)",trafficstat,False,False,False,False,False,False,False,False,False,,,,,,,
2026-06-27,00:00,40.6668448,-73.9948597,3 AVE,11215,72,UNKNOWN,Street,0.3198408630993432,False,BROOKLYN,"(40.6668448, -73.9948597)",trafficstat,False,False,False,False,False,False,False,False,False,,,,,,,
2026-08-31,00:00,40.6699296,-73.9722555,PROSPECT PARK W,11215,72,UNKNOWN,Street,35.80767616115249,False,BROOKLYN,"(40.6699296, -73.9722555)",trafficstat,True,False,False,True,False,False,False,False,False,,,,,,,
2026-08-31,00:00,40.6543094,-74.0044184,36 ST,11232,72,UNKNOWN,Street,1.9047645100177568,False,BROOKLYN,"(40.6543094, -74.0044184)",trafficstat,True,False,False,True,False,False,False,False,False,,,,,,,
2026-08-31,00:00,40.6586252,-74.0012427,29 ST,11232,72,UNKNOWN,Street,47.93529015368638,False,BROOKLYN,"(40.6586252, -74.0012427)",trafficstat,False,False,False,False,False,False,False,False,False,,,,,,,
2026-08-31,00:00,40.6491826,-73.9766083,E  5 ST,11218,72,UNKNOWN,Street,0.4554639507156646,False,BROOKLYN,"(40.6491826, -73.9766083)",trafficstat,True,False,True,False,False,True,False,False,False,,,,,,,
2026-08-30,00:00,40.6503924,-74.0084976,43 ST,11232,72,UNKNOWN,Street,2.1025696521255455,False,BROOKLYN,"(40.6503924, -74.0084976)",trafficstat,True,False,False,True,False,False,False,False,False,,,,,,,
2026-08-30,00:00,40.6628623,-73.9989489,23 ST,11232,72,UNKNOWN,Street,3.3087347922180324,False,BROOKLYN,"(40.6628623, -73.9989489)",trafficstat,True,False,False,False,False,False,False,True,False,,,,,,,
2026-08-29,00:00,40.6604715,-73.998014,25 ST,11232,72,OTHER,Street,2.3922544741020593,False,BROOKLYN,"(40.6604715, -73.998014)",trafficstat,False,False,False,False,False,False,False,False,False,,,,,,,
2026-07-31,00:00,40.6604715,-73.998014,25 ST,11232,72,OTHER,Street,2.3922544741020593,False,BROOKLYN,"(40.6604715, -73.998014)",trafficstat,False,False,False,False,False,False,False,False,False,,,,,,,
2026-08-29,00:00,40.6490994,-74.0006254,39 ST,11232,72,UNKNOWN,Street,54.62962915832765,False,BROOKLYN,"(40.6490994, -74.0006254)",trafficstat,False,False,False,False,False,False,False,False,False,,,,,,,
2026-08-29,00:00,40.6448634,-74.0174696,55 ST,11220,72,UNKNOWN,Street,2.1074863585658594,False,BROOKLYN,"(40.6448634, -74.0174696)",trafficstat,True,True,True,False,False,False,False,False,False,,,,,,,
2026-07-31,00:00,40.6448634,-74.0174696,55 ST,11220,72,UNKNOWN,Street,2.1074863585658594,False,BROOKLYN,"(40.6448634, -74.0174696)",trafficstat,True,False,True,False,False,False,False,False,False,,,,,,,
2026-07-14,00:00,40.6448634,-74.0174696,55 ST,11220,72,OTHER,Street,2.1074863585658594,False,BROOKLYN,"(40.6448634, -74.0174696)",trafficstat,True,False,False,False,False,False,False,False,True,,,,,,,
2026-06-25,00:00,40.6448634,-74.0174696,55 ST,11220,72,UNKNOWN,Street,2.1074863585658594,False,BROOKLYN,"(40.6448634, -74.0174696)",trafficstat,True,False,False,False,False,False,True,False,False,,,,,,,
2026-08-29,00:00,40.6430984,-74.0163828,4 AVE,11220,72,UNKNOWN,Street,45.17267735534391,False,BROOKLYN,"(40.6430984, -74.0163828)",trafficstat,True,False,False,False,False,False,False,False,True,,,,,,,
2026-08-29,00:00,40.6406294,-74.0257235,65 ST,11220,72,UNKNOWN,Street,2.383242053251205,False,BROOKLYN,"(40.6406294, -74.0257235)",trafficstat,False,False,False,False,False,False,False,False,False,,,,,,,
2026-08-29,00:00,40.6392715,-74.0175843,61 ST,11220,72,UNKNOWN,Street,36.66347435786735,False,BROOKLYN,"(40.6392715, -74.0175843)",trafficstat,True,False,True,False,False,False,False,False,False,,,,,,,
2026-08-28,00:00,40.6384775,-74.0071483,55 ST,11220,72,UNKNOWN,Street,46.309751973208925,False,BROOKLYN,"(40.6384775, -74.0071483)",trafficstat,False,False,False,False,False,False,False,False,False,,,,,,,
2026-08-28,00:00,40.6383418,-74.0173526,5 AVE,11220,72,OTHER,Street,1.6658888423736578,False,BROOKLYN,"(40.6383418, -74.0173526)",trafficstat,False,False,False,False,False,False,False,False,False,,,,,,,
2026-08-28,00:00,40.6485332,-74.0175102,2 AVE,11232,72,UNKNOWN,Street,1.8707198870540027,False,BROOKLYN,"(40.6485332, -74.0175102)",trafficstat,True,False,False,False,False,False,False,True,False,,,,,,,
2026-08-28,00:00,40.6549543,-74.007017,37 ST,11232,72,UNKNOWN,Street,2.0775683489193253,False,BROOKLYN,"(40.6549543, -74.007017)",trafficstat,True,False,True,False,False,False,False,False,False,,,,,,,
2026-08-28,00:00,40.652525,-74.0094003,GOWANUS EXPY,11232,72,UNKNOWN,Highway,5.713874547757789,False,BROOKLYN,"(40.652525, -74.0094003)",trafficstat,True,False,False,False,False,False,False,False,True,,,,,,,
2026-07-27,00:00,40.652525,-74.0094003,GOWANUS EXPY,11232,72,UNKNOWN,Highway,5.713874547757789,False,BROOKLYN,"(40.652525, -74.0094003)",trafficstat,True,False,False,False,False,False,False,False,True,,,,,,,
2026-08-27,00:00,40.6647833,-73.9917145,PROSPECT EXPRESSWAY WB EXIT 2,11215,72,UNKNOWN,Ramp,0.5576150962721375,False,BROOKLYN,"(40.6647833, -73.9917145)",trafficstat,False,False,False,False,False,False,False,False,False,,,,,,,
2026-08-26,00:00,40.6595851,-73.9915712,6 AVE,11215,72,UNKNOWN,Street,23.09345778354444,False,BROOKLYN,"(40.6595851, -73.9915712)",trafficstat,False,False,False,False,False,False,False,False,False,,,,,,,
2026-08-26,00:00,40.6558258,-73.9812228,10 AVE,11215,72,UNKNOWN,Street,2.2560385403339094,False,BROOKLYN,"(40.6558258, -73.9812228)",trafficstat,False,False,False,False,False,False,False,False,False,,,,,,,
2026-08-26,00:00,40.6475021,-74.0076211,5 AVE,11220,72,OTHER,Street,46.32301531767266,False,BROOKLYN,"(40.6475021, -74.0076211)",trafficstat,False,False,False,False,False,False,False,False,False,,,,,,,
2026-08-26,00:00,40.646293,-74.0198375,2 AVE,11220,72,UNKNOWN,Street,1.7277932301218741,False,BROOKLYN,"(40.646293, -74.0198375)",trafficstat,False,False,False,False,False,False,False,False,False,,,,,,,
2026-06-23,00:00,40.646293,-74.0198375,2 AVE,11220,72,UNKNOWN,Street,1.7277932301218741,False,BROOKLYN,"(40.646293, -74.0198375)",trafficstat,True,False,False,True,False,False,False,False,False,,,,,,,
2026-08-25,00:00,40.6418053,-74.0099536,6 AVE,11220,72,UNKNOWN,Street,48.45948814230122,False,BROOKLYN,"(40.6418053, -74.0099536)",trafficstat,False,False,False,False,False,False,False,False,False,,,,,,,
2026-08-24,00:00,40.6445458,-74.0109004,51 ST,11220,72,UNKNOWN,Street,2.1525660622546647,False,BROOKLYN,"(40.6445458, -74.0109004)",trafficstat,True,False,False,False,False,False,True,False,False,,,,,,,
2026-08-24,00:00,40.6402038,-74.0082405,54 ST,11220,72,UNKNOWN,Street,2.3136396856576353,False,BROOKLYN,"(40.6402038, -74.0082405)",trafficstat,True,False,True,False,False,False,False,False,False,,,,,,,
2026-08-23,00:00,40.6400291,-74.0183985,61 ST,11220,72,UNKNOWN,Street,38.975145377113954,False,BROOKLYN,"(40.6400291, -74.0183985)",trafficstat,False,False,False,False,False,False,False,False,False,,,,,,,
2026-08-23,00:00,40.647486,-74.000663,7 AVE,11232,72,UNKNOWN,Street,2.283667757229884,False,BROOKLYN,"(40.647486, -74.000663)",trafficstat,True,False,False,False,False,False,True,False,False,,,,,,,
2026-08-23,00:00,40.6471227,-74.0151603,51 ST,11220,72,UNKNOWN,Street,2.3617063241912595,False,BROOKLYN,"(40.6471227, -74.0151603)",trafficstat,True,False,False,False,False,True,False,False,False,,,,,,,
2026-08-22,00:00,40.6520911,-74.0054794,39 ST,11232,72,UNKNOWN,Street,37.30345131459961,False,BROOKLYN,"(40.6520911, -74.0054794)",trafficstat,True,False,False,False,False,False,False,True,False,,,,,,,
2026-08-21,00:00,40.6459752,-74.0163023,53 ST,11220,72,UNKNOWN,Street,2.5988905189981266,False,BROOKLYN,"(40.6459752, -74.0163023)",trafficstat,False,False,False,False,False,False,False,False,False,,,,,,,
2026-08-19,00:00,40.6459752,-74.0163023,53 ST,11220,72,UNKNOWN,Street,2.5988905189981266,False,BROOKLYN,"(40.6459752, -74.0163023)",trafficstat,True,False,False,False,False,False,False,True,True,,,,,,,
2026-08-20,00:00,40.6621681,-73.993061,20 ST,11232,72,UNKNOWN,Street,34.27011086341884,False,BROOKLYN,"(40.6621681, -73.993061)",trafficstat,False,False,False,False,False,False,False,False,False,,,,,,,
2026-08-20,00:00,40.6661257,-73.9952959,17 ST,11215,72,UNKNOWN,Street,2.1515454138913057,False,BROOKLYN,"(40.6661257, -73.9952959)",trafficstat,False,False,False,False,False,False,False,False,False,,,,,,,
2026-08-15,00:00,40.6661257,-73.9952959,17 ST,11215,72,UNKNOWN,Street,2.1515454138913057,False,BROOKLYN,"(40.6661257, -73.9952959)",trafficstat,True,False,False,False,False,False,False,False,True,,,,,,,
2026-08-20,00:00,40.6643992,-73.9939263,18 ST,11215,72,UNKNOWN,Street,2.047671408683692,False,BROOKLYN,"(40.6643992, -73.9939263)",trafficstat,False,False,False,False,False,False,False,False,False,,,,,,,
2026-08-19,00:00,40.6614698,-73.9861231,7 AVE,11215,72,UNKNOWN,Street,1.8792627446465366,False,BROOKLYN,"(40.6614698, -73.9861231)",trafficstat,False,False,False,False,False,False,False,False,False,,,,,,,
2026-08-18,00:00,40.661531,-74.0000699,GOWANUS EXPY,11232,72,OTHER,Highway,3.4778447885377353,False,BROOKLYN,"(40.661531, -74.0000699)",trafficstat,True,False,False,False,False,False,False,True,False,,,,,,,
2026-08-18,00:00,40.6385196,-74.0212166,GOWANUS EXPY,11220,72,UNKNOWN,Highway,0.05780082693542637,False,BROOKLYN,"(40.6385196, -74.0212166)",trafficstat,False,False,False,False,False,False,False,False,False,,,,,,,
2026-07-02,00:00,40.6385196,-74.0212166,GOWANUS EXPY,11220,72,UNKNOWN,Highway,0.05780082693542637,False,BROOKLYN,"(40.6385196, -74.0212166)",trafficstat,False,False,False,False,False,False,False,False,False,,,,,,,
2026-08-17,00:00,40.6667376,-73.9917345,15 ST,11215,72,UNKNOWN,Street,2.194350994845557,False,BROOKLYN,"(40.6667376, -73.9917345)",trafficstat,True,False,False,False,False,False,False,True,False,,,,,,,
2026-08-16,00:00,40.6353085,-74.0106145,61 ST,11220,72,UNKNOWN,Street,32.758635509144575,False,BROOKLYN,"(40.6353085, -74.0106145)",trafficstat,False,False,False,False,False,False,False,False,False,,,,,,,
2026-08-16,00:00,40.6408366,-74.0184306,60 ST,11220,72,UNKNOWN,Street,2.318455456489048,False,BROOKLYN,"(40.6408366, -74.0184306)",trafficstat,True,False,True,False,False,False,False,False,False,,,,,,,
2026-06-17,00:00,40.6408366,-74.0184306,60 ST,11220,72,UNKNOWN,Street,2.318455456489048,False,BROOKLYN,"(40.6408366, -74.0184306)",trafficstat,False,False,False,False,False,False,False,False,False,,,,,,,
2026-08-16,00:00,40.6502884,-73.9977944,7 AVE,11215,72,UNKNOWN,Street,2.1899640679966783,False,BROOKLYN,"(40.6502884, -73.9977944)",trafficstat,False,False,False,False,False,False,False,False,False,,,,,,,
2026-08-03,00:00,40.6502884,-73.9977944,7 AVE,11215,72,UNKNOWN,Street,2.1899640679966783,False,BROOKLYN,"(40.6502884, -73.9977944)",trafficstat,False,False,False,False,False,False,False,False,False,,,,,,,
2026-08-15,00:00,40.6486113,-73.9995135,39 ST,11232,72,UNKNOWN,Street,1.8784366353035777,False,BROOKLYN,"(40.6486113, -73.9995135)",trafficstat,True,False,False,False,False,False,False,False,False,,,,,,,
2026-08-15,00:00,40.6401883,-74.0217829,3 AVE,11220,72,UNKNOWN,Street,0.8920302808348161,False,BROOKLYN,"(40.6401883, -74.0217829)",trafficstat,False,False,False,False,False,False,False,False,False,,,,,,,
2026-08-14,00:00,40.6512655,-74.0039065,39 ST,11232,72,UNKNOWN,Street,1.9746807834441158,False,BROOKLYN,"(40.6512655, -74.0039065)",trafficstat,True,False,False,False,False,False,False,False,False,,,,,,,
2026-08-14,00:00,40.6549928,-74.0071085,GOWANUS EXPY,11232,72,UNKNOWN,Highway,1.334560600648653,False,BROOKLYN,"(40.6549928, -74.0071085)",trafficstat,True,False,False,False,False,False,False,True,False,,,,,,,
2026-08-13,00:00,40.6651431,-73.9966852,19 ST,11232,72,UNKNOWN,Street,4.339686864371638,False,BROOKLYN,"(40.6651431, -73.9966852)",trafficstat,True,False,False,False,False,False,False,False,True,,,,,,,
2026-06-17,00:00,40.6651431,-73.9966852,19 ST,11232,72,UNKNOWN,Street,4.339686864371638,False,BROOKLYN,"(40.6651431, -73.9966852)",trafficstat,True,False,False,False,False,False,False,True,False,,,,,,,
2026-08-13,00:00,40.651073,-74.0124128,45 ST,11220,72,UNKNOWN,Street,39.04944831664344,False,BROOKLYN,"(40.651073, -74.0124128)",trafficstat,False,False,False,False,False,False,False,False,False,,,,,,,
2026-08-13,00:00,40.6411858,-74.014395,57 ST,11220,72,UNKNOWN,Street,1.9049516546242722,False,BROOKLYN,"(40.6411858, -74.014395)",trafficstat,False,False,False,False,False,False,False,False,False,,,,,,,
2026-08-11,00:00,40.6468531,-74.0192539,54 ST,11220,72,OTHER,Street,1.794063588056344,False,BROOKLYN,"(40.6468531, -74.0192539)",trafficstat,True,False,True,False,False,False,False,False,False,,,,,,,
2026-06-29,00:00,40.6468531,-74.0192539,54 ST,11220,72,UNKNOWN,Street,1.794063588056344,False,BROOKLYN,"(40.6468531, -74.0192539)",trafficstat,False,False,False,False,False,False,False,False,False,,,,,,,
2026-08-11,00:00,40.6439025,-74.0202052,58 ST,11220,72,UNKNOWN,Street,36.86592364812508,False,BROOKLYN,"(40.6439025, -74.0202052)",trafficstat,False,False,False,False,False,False,False,False,False,,,,,,,
2026-08-11,00:00,40.645466,-74.0091878,49 ST,11220,72,UNKNOWN,Street,34.92961850224288,False,BROOKLYN,"(40.645466, -74.0091878)",trafficstat,False,False,False,False,False,False,False,False,False,,,,,,,
2026-08-10,00:00,40.6445992,-74.0215991,2 AVE,11220,72,UNKNOWN,Street,1.648359582376002,False,BROOKLYN,"(40.6445992, -74.0215991)",trafficstat,False,False,False,False,False,False,False,False,False,,,,,,,
2026-08-09,00:00,40.6481928,-73.9993523,39 ST,11232,72,UNKNOWN,Street,93.47158491511165,False,BROOKLYN,"(40.6481928, -73.9993523)",trafficstat,False,False,False,False,False,False,False,False,False,,,,,,,
2026-08-09,00:00,40.650307,-73.9769223,E  5 ST,11218,72,UNKNOWN,Street,22.80024933880965,False,BROOKLYN,"(40.650307, -73.9769223)",trafficstat,False,False,False,False,False,False,False,False,False,,,,,,,