crash_date,crash_time,latitude,longitude,on_street_name,zip_code,precinct,collision_type,roadway_type,geocode_dist_feet,time_is_known,borough,location,source,injury,fatality,injured_pedestrian,injured_cyclist,injured_ebike_rider,injured_motorcyclist,injured_moped_rider,injured_car_occupant,injured_suv_occupant,number_of_persons_injured,number_of_persons_killed,contributing_factor_vehicle_1,collision_id,cross_street_name,off_street_name,vehicle_type_code1
2026-08-09,00:00,40.66335,-73.99828,22 ST,11232,72,UNKNOWN,Street,0.9026922263718402,False,BROOKLYN,"(40.66335, -73.99828)",trafficstat,True,False,False,False,False,False,False,True,False,,,,,,,
2026-08-08,00:00,40.6578295,-73.9770343,WINDSOR PL,11215,72,OTHER,Street,36.381640543521605,False,BROOKLYN,"(40.6578295, -73.9770343)",trafficstat,False,False,False,False,False,False,False,False,False,,,,,,,
2026-08-08,00:00,40.6559041,-74.0059049,GOWANUS EXPY,11232,72,OTHER,Highway,2.360365840120001,False,BROOKLYN,"(40.6559041, -74.0059049)",trafficstat,False,False,False,False,False,False,False,False,False,,,,,,,
2026-08-01,00:00,40.6559041,-74.0059049,GOWANUS EXPY,11232,72,OTHER,Highway,2.360365840120001,False,BROOKLYN,"(40.6559041, -74.0059049)",trafficstat,False,False,False,False,False,False,False,False,False,,,,,,,
2026-07-08,00:00,40.6559041,-74.0059049,GOWANUS EXPY,11232,72,UNKNOWN,Highway,2.360365840120001,False,BROOKLYN,"(40.6559041, -74.0059049)",trafficstat,True,False,False,False,False,False,False,True,False,,,,,,,
2026-08-08,00:00,40.6506966,-73.9741992,OCEAN PKWY,11218,72,UNKNOWN,Street,60.488928142313846,False,BROOKLYN,"(40.6506966, -73.9741992)",trafficstat,True,False,False,False,False,False,True,False,False,,,,,,,
2026-08-08,00:00,40.6506652,-74.0085124,4 AVE,11232,72,UNKNOWN,Street,40.49164381124905,False,BROOKLYN,"(40.6506652, -74.0085124)",trafficstat,True,False,True,False,False,False,False,False,False,,,,,,,
2026-08-07,00:00,40.6642192,-73.988006,16 ST,11215,72,UNKNOWN,Street,37.373785261814696,False,BROOKLYN,"(40.6642192, -73.988006)",trafficstat,False,False,False,False,False,False,False,False,False,,,,,,,
2026-08-06,00:00,40.653969,-74.0069823,GOWANUS EXPRESSWAY EB EXIT 23,11220,72,UNKNOWN,Ramp,0.03788168185607575,False,BROOKLYN,"(40.653969, -74.0069823)",trafficstat,True,False,False,False,False,False,False,False,True,,,,,,,
2026-08-06,00:00,40.6588768,-74.0029374,30 ST,11232,72,OTHER,Street,2.2805974569714462,False,BROOKLYN,"(40.6588768, -74.0029374)",trafficstat,False,False,False,False,False,False,False,False,False,,,,,,,
2026-08-06,00:00,40.6563812,-74.0092733,37 ST,11232,72,UNKNOWN,Street,18.78801172466246,False,BROOKLYN,"(40.6563812, -74.0092733)",trafficstat,False,False,False,False,False,False,False,False,False,,,,,,,
2026-08-04,00:00,40.6432082,-74.0174867,57 ST,11220,72,UNKNOWN,Street,43.322004464725126,False,BROOKLYN,"(40.6432082, -74.0174867)",trafficstat,False,False,False,False,False,False,False,False,False,,,,,,,
2026-08-04,00:00,40.6565397,-74.0037844,33 ST,11232,72,UNKNOWN,Street,36.39090723168345,False,BROOKLYN,"(40.6565397, -74.0037844)",trafficstat,False,False,False,False,False,False,False,False,False,,,,,,,
2026-08-04,00:00,40.667076,-73.99507,HAMILTON AVE,11215,72,UNKNOWN,Street,1.1006668054043915,False,BROOKLYN,"(40.667076, -73.99507)",trafficstat,False,False,False,False,False,False,False,False,False,,,,,,,
2026-08-04,00:00,40.66651,-73.9961913,GOWANUS EXPY,11232,72,UNKNOWN,Highway,1.0540979778334771,False,BROOKLYN,"(40.66651, -73.9961913)",trafficstat,False,False,False,False,False,False,False,False,False,,,,,,,
2026-07-13,00:00,40.66651,-73.9961913,GOWANUS EXPY,11232,72,UNKNOWN,Highway,1.0540979778334771,False,BROOKLYN,"(40.66651, -73.9961913)",trafficstat,False,False,False,False,False,False,False,False,False,,,,,,,
2026-07-07,00:00,40.66651,-73.9961913,GOWANUS EXPY,11232,72,UNKNOWN,Highway,1.0540979778334771,False,BROOKLYN,"(40.66651, -73.9961913)",trafficstat,False,False,False,False,False,False,False,False,False,,,,,,,
2026-07-03,00:00,40.66651,-73.9961913,GOWANUS EXPY,11232,72,UNKNOWN,Highway,1.0540979778334771,False,BROOKLYN,"(40.66651, -73.9961913)",trafficstat,True,False,False,False,False,False,False,True,False,,,,,,,
2026-08-03,00:00,40.6485032,-73.9718502,KERMIT PL,11218,72,UNKNOWN,Street,99.13132454233174,False,BROOKLYN,"(40.6485032, -73.9718502)",trafficstat,False,False,False,False,False,False,False,False,False,,,,,,,
2026-08-02,00:00,40.6410391,-74.0174412,59 ST,11220,72,UNKNOWN,Street,52.48496192084386,False,BROOKLYN,"(40.6410391, -74.0174412)",trafficstat,False,False,False,False,False,False,False,False,False,,,,,,,
2026-08-02,00:00,40.6514051,-74.0105786,GOWANUS EXPY,11232,72,UNKNOWN,Highway,4.656029181492574,False,BROOKLYN,"(40.6514051, -74.0105786)",trafficstat,False,False,False,False,False,False,False,False,False,,,,,,,
2026-08-01,00:00,40.6476145,-74.007504,5 AVE,11220,72,OTHER,Street,46.35985746023934,False,BROOKLYN,"(40.6476145, -74.007504)",trafficstat,True,False,False,False,False,True,False,False,False,,,,,,,
2026-08-01,00:00,40.6526268,-74.0061626,39 ST,11232,72,UNKNOWN,Street,2.0777895805465905,False,BROOKLYN,"(40.6526268, -74.0061626)",trafficstat,True,False,False,True,False,False,False,False,False,,,,,,,
2026-07-06,00:00,40.6526268,-74.0061626,39 ST,11232,72,OTHER,Street,2.0777895805465905,False,BROOKLYN,"(40.6526268, -74.0061626)",trafficstat,False,False,False,False,False,False,False,False,False,,,,,,,
2026-08-01,00:00,40.6472976,-73.9802918,MCDONALD AVE,11218,72,UNKNOWN,Street,0.22441915574740265,False,BROOKLYN,"(40.6472976, -73.9802918)",trafficstat,True,False,False,False,False,False,True,False,False,,,,,,,
2026-07-31,00:00,40.6532,-74.00558,38 ST,11232,72,UNKNOWN,Street,1.5801581684097818,False,BROOKLYN,"(40.6532, -74.00558)",trafficstat,True,False,False,False,False,False,False,False,True,,,,,,,
2026-07-30,00:00,40.66135,-73.99342,21 ST,11215,72,UNKNOWN,Street,1.6742606714614419,False,BROOKLYN,"(40.66135, -73.99342)",trafficstat,False,False,False,False,False,False,False,False,False,,,,,,,
2026-07-30,00:00,40.6638447,-73.9945067,19 ST,11232,72,UNKNOWN,Street,2.069671503730437,False,BROOKLYN,"(40.6638447, -73.9945067)",trafficstat,False,False,False,False,False,False,False,False,False,,,,,,,
2026-07-30,00:00,40.6672511,-73.9969348,HAMILTON AVE,11232,72,UNKNOWN,Street,161.78850147181478,False,BROOKLYN,"(40.6672511, -73.9969348)",trafficstat,False,False,False,False,False,False,False,False,False,,,,,,,
2026-07-11,00:00,40.6672511,-73.9969348,HAMILTON AVE,11232,72,UNKNOWN,Street,161.78850147181478,False,BROOKLYN,"(40.6672511, -73.9969348)",trafficstat,False,False,False,False,False,False,False,False,False,,,,,,,
2026-07-30,00:00,40.666138,-73.99223,16 ST,11215,72,UNKNOWN,Street,1.541360714837011,False,BROOKLYN,"(40.666138, -73.99223)",trafficstat,True,False,False,False,False,False,False,False,False,,,,,,,
2026-07-30,00:00,40.6670754,-73.9950724,HAMILTON AVE,11215,72,UNKNOWN,Street,1.7715603996486815,False,BROOKLYN,"(40.6670754, -73.9950724)",trafficstat,False,False,False,False,False,False,False,False,False,,,,,,,
2026-07-30,00:00,40.6481525,-74.0108217,47 ST,11220,72,UNKNOWN,Street,2.3210296972237483,False,BROOKLYN,"(40.6481525, -74.0108217)",trafficstat,True,False,False,True,False,False,False,False,False,,,,,,,
2026-07-29,00:00,40.6656371,-73.995988,GOWANUS EXPRESSWAY EB EXIT 24,11215,72,OTHER,Ramp,1.4862009350051424,False,BROOKLYN,"(40.6656371, -73.995988)",trafficstat,True,False,True,False,False,False,False,False,False,,,,,,,
2026-07-28,00:00,40.6450431,-73.9996396,8 AVE,11232,72,UNKNOWN,Street,1.690105558169828,False,BROOKLYN,"(40.6450431, -73.9996396)",trafficstat,False,False,False,False,False,False,False,False,False,,,,,,,
2026-07-28,00:00,40.6367852,-74.0189663,5 AVE,11220,72,OTHER,Street,1.8169147775326935,False,BROOKLYN,"(40.6367852, -74.0189663)",trafficstat,True,False,False,False,False,False,False,True,True,,,,,,,
2026-07-27,00:00,40.64647,-74.01257,50 ST,11220,72,UNKNOWN,Street,1.0503722889570035,False,BROOKLYN,"(40.64647, -74.01257)",trafficstat,False,False,False,False,False,False,False,False,False,,,,,,,
2026-07-27,00:00,40.6484657,-74.0068217,44 ST,11220,72,UNKNOWN,Street,1.574306146739836,False,BROOKLYN,"(40.6484657, -74.0068217)",trafficstat,True,False,False,False,False,False,False,False,False,,,,,,,
2026-07-14,00:00,40.6484657,-74.0068217,44 ST,11220,72,OTHER,Street,1.574306146739836,False,BROOKLYN,"(40.6484657, -74.0068217)",trafficstat,True,False,False,False,False,False,False,False,False,,,,,,,
2026-07-27,00:00,40.6493992,-73.9752907,OCEAN PKWY,11218,72,OTHER,Highway,0.1848915038507232,False,BROOKLYN,"(40.6493992, -73.9752907)",trafficstat,False,False,False,False,False,False,False,False,False,,,,,,,
2026-06-15,00:00,40.6493992,-73.9752907,OCEAN PKWY,11218,72,UNKNOWN,Highway,0.1848915038507232,False,BROOKLYN,"(40.6493992, -73.9752907)",trafficstat,True,False,False,False,False,False,False,False,True,,,,,,,
2026-07-27,00:00,40.64812,-73.97925,E  2 ST,11218,72,UNKNOWN,Street,0.21180749585281855,False,BROOKLYN,"(40.64812, -73.97925)",trafficstat,False,False,False,False,False,False,False,False,False,,,,,,,
2026-07-27,00:00,40.6592111,-73.9776934,16 ST,11215,72,OTHER,Street,31.272962777431836,False,BROOKLYN,"(40.6592111, -73.9776934)",trafficstat,False,False,False,False,False,False,False,False,False,,,,,,,
2026-07-26,00:00,40.6587232,-73.9751561,PROSPECT PARK SW,11218,72,OTHER,Street,1.8591411070193433,False,BROOKLYN,"(40.6587232, -73.9751561)",trafficstat,True,False,False,True,False,False,False,False,False,,,,,,,
2026-07-26,00:00,40.6532826,-74.0087575,40 ST,11232,72,UNKNOWN,Street,1.8653883263006301,False,BROOKLYN,"(40.6532826, -74.0087575)",trafficstat,True,False,False,False,False,False,False,True,False,,,,,,,
2026-07-26,00:00,40.6420413,-74.0203947,60 ST,11220,72,UNKNOWN,Street,1.587031527768248,False,BROOKLYN,"(40.6420413, -74.0203947)",trafficstat,True,False,False,False,False,False,False,False,True,,,,,,,
2026-07-25,00:00,40.6437982,-74.0188401,3 AVE,11220,72,UNKNOWN,Street,0.238097438964187,False,BROOKLYN,"(40.6437982, -74.0188401)",trafficstat,False,False,False,False,False,False,False,False,False,,,,,,,
2026-07-24,00:00,40.6396438,-74.0088242,55 ST,11220,72,UNKNOWN,Street,2.255085614585032,False,BROOKLYN,"(40.6396438, -74.0088242)",trafficstat,True,False,False,False,False,False,True,False,False,,,,,,,
2026-07-24,00:00,40.6411153,-74.0037113,50 ST,11220,72,UNKNOWN,Street,2.0831141776951965,False,BROOKLYN,"(40.6411153, -74.0037113)",trafficstat,True,False,True,False,False,False,False,False,False,,,,,,,
2026-07-24,00:00,40.6542734,-74.0071187,38 ST,11232,72,UNKNOWN,Street,36.37636730813984,False,BROOKLYN,"(40.6542734, -74.0071187)",trafficstat,False,False,False,False,False,False,False,False,False,,,,,,,
2026-07-23,00:00,40.6384111,-74.0085483,ALLEY,11220,72,UNKNOWN,Alley,16.60581133980275,False,BROOKLYN,"(40.6384111, -74.0085483)",trafficstat,True,False,True,False,False,False,False,False,False,,,,,,,
2026-07-23,00:00,40.6392098,-74.0198264,4 AVE,11220,72,UNKNOWN,Street,38.85665969148263,False,BROOKLYN,"(40.6392098, -74.0198264)",trafficstat,False,False,False,False,False,False,False,False,False,,,,,,,
2026-07-23,00:00,40.645919,-74.0238337,58 ST,11220,72,UNKNOWN,Street,1.908522707863723,False,BROOKLYN,"(40.645919, -74.0238337)",trafficstat,True,False,True,False,False,False,False,False,False,,,,,,,
2026-07-22,00:00,40.645794,-74.0164299,GOWANUS EXPY,11220,72,UNKNOWN,Highway,0.6157359352542522,False,BROOKLYN,"(40.645794, -74.0164299)",trafficstat,False,False,False,False,False,False,False,False,False,,,,,,,
2026-06-18,00:00,40.645794,-74.0164299,GOWANUS EXPY,11220,72,UNKNOWN,Highway,0.6157359352542522,False,BROOKLYN,"(40.645794, -74.0164299)",trafficstat,False,False,False,False,False,False,False,False,False,,,,,,,
2026-07-22,00:00,40.6479169,-73.9988216,39 ST,11232,72,UNKNOWN,Street,80.61765648169106,False,BROOKLYN,"(40.6479169, -73.9988216)",trafficstat,False,False,False,False,False,False,False,False,False,,,,,,,
2026-07-22,00:00,40.6389366,-74.019642,63 ST,11220,72,OTHER,Street,36.62106079295514,False,BROOKLYN,"(40.6389366, -74.019642)",trafficstat,False,False,False,False,False,False,False,False,False,,,,,,,
2026-07-22,00:00,40.6417715,-74.0245673,63 ST,11220,72,UNKNOWN,Street,1.9351992910455038,False,BROOKLYN,"(40.6417715, -74.0245673)",trafficstat,True,False,False,False,False,False,False,True,False,,,,,,,
2026-07-22,00:00,40.64479,-74.0115402,51 ST,11220,72,OTHER,Street,42.73044458758579,False,BROOKLYN,"(40.64479, -74.0115402)",trafficstat,True,False,True,False,False,False,False,False,False,,,,,,,
2026-07-22,00:00,40.6594405,-73.9930772,23 ST,11215,72,UNKNOWN,Street,33.07562761745186,False,BROOKLYN,"(40.6594405, -73.9930772)",trafficstat,False,False,False,False,False,False,False,False,False,,,,,,,
2026-07-21,00:00,40.6424937,-74.0026911,48 ST,11220,72,UNKNOWN,Street,46.2483112776356,False,BROOKLYN,"(40.6424937, -74.0026911)",trafficstat,False,False,False,False,False,False,False,False,False,,,,,,,
2026-07-21,00:00,40.6430122,-74.0021218,47 ST,11220,72,UNKNOWN,Street,30.969834025739388,False,BROOKLYN,"(40.6430122, -74.0021218)",trafficstat,False,False,False,False,False,False,False,False,False,,,,,,,
2026-07-21,00:00,40.645173,-74.0210011,57 ST,11220,72,UNKNOWN,Street,1.9357535267428307,False,BROOKLYN,"(40.645173, -74.0210011)",trafficstat,True,False,False,False,False,False,False,True,False,,,,,,,
2026-07-20,00:00,40.66023,-73.99458,23 ST,11215,72,UNKNOWN,Street,0.17646554306352588,False,BROOKLYN,"(40.66023, -73.99458)",trafficstat,True,False,False,False,False,True,False,False,False,,,,,,,
2026-07-19,00:00,40.6600024,-73.9940067,23 ST,11215,72,UNKNOWN,Street,33.52784809994065,False,BROOKLYN,"(40.6600024, -73.9940067)",trafficstat,False,False,False,False,False,False,False,False,False,,,,,,,
2026-07-19,00:00,40.6492697,-74.0096651,45 ST,11220,72,UNKNOWN,Street,2.1675426852556074,False,BROOKLYN,"(40.6492697, -74.0096651)",trafficstat,True,False,False,False,False,False,False,True,False,,,,,,,
2026-07-18,00:00,40.6482399,-74.0140001,49 ST,11220,72,UNKNOWN,Street,2.2175447337168257,False,BROOKLYN,"(40.6482399, -74.0140001)",trafficstat,True,False,False,False,False,False,False,False,False,,,,,,,
2026-07-18,00:00,40.6442154,-74.0217925,2 AVE,11220,72,UNKNOWN,Street,46.240349750426795,False,BROOKLYN,"(40.6442154, -74.0217925)",trafficstat,False,False,False,False,False,False,False,False,False,,,,,,,
2026-07-17,00:00,40.6465773,-74.0052035,6 AVE,11220,72,UNKNOWN,Street,1.9556727690154097,False,BROOKLYN,"(40.6465773, -74.0052035)",trafficstat,True,False,True,False,False,False,False,False,False,,,,,,,
2026-07-17,00:00,40.6498214,-74.0090886,44 ST,11220,72,UNKNOWN,Street,1.7302188139436112,False,BROOKLYN,"(40.6498214, -74.0090886)",trafficstat,False,False,False,False,False,False,False,False,False,,,,,,,
2026-07-17,00:00,40.6601383,-73.9839176,PROSPECT AVE,11215,72,UNKNOWN,Street,1.8396991604016564,False,BROOKLYN,"(40.6601383, -73.9839176)",trafficstat,True,False,False,False,False,False,False,True,False,,,,,,,
2026-07-16,00:00,40.6577569,-74.0041015,32 ST,11232,72,UNKNOWN,Street,2.375745026917676,False,BROOKLYN,"(40.6577569, -74.0041015)",trafficstat,True,False,False,False,False,False,False,False,True,,,,,,,
2026-07-16,00:00,40.64936,-74.01283,47 ST,11220,72,OTHER,Street,1.6973636156671474,False,BROOKLYN,"(40.64936, -74.01283)",trafficstat,False,False,False,False,False,False,False,False,False,,,,,,,
2026-07-14,00:00,40.6481762,-74.0069202,5 AVE,11220,72,UNKNOWN,Street,46.359221505544724,False,BROOKLYN,"(40.6481762, -74.0069202)",trafficstat,True,False,False,True,False,False,False,False,False,,,,,,,
2026-07-14,00:00,40.6456658,-74.0097366,5 AVE,11220,72,OTHER,Street,2.112371870496375,False,BROOKLYN,"(40.6456658, -74.0097366)",trafficstat,True,False,True,False,False,False,False,False,False,,,,,,,
2026-07-14,00:00,40.6382643,-74.021089,GOWANUS EXPY,11220,72,UNKNOWN,Highway,9.600606128083427,False,BROOKLYN,"(40.6382643, -74.021089)",trafficstat,False,False,False,False,False,False,False,False,False,,,,,,,
2026-07-14,00:00,40.6582116,-74.0007637,4 AVE,11232,72,UNKNOWN,Street,67.89715719803304,False,BROOKLYN,"(40.6582116, -74.0007637)",trafficstat,False,False,False,False,False,False,False,False,False,,,,,,,
2026-07-13,00:00,40.6639555,-73.9900869,PROSPECT AVE,11215,72,UNKNOWN,Street,18.791901517862236,False,BROOKLYN,"(40.6639555, -73.9900869)",trafficstat,True,False,False,False,False,False,False,True,False,,,,,,,
2026-07-13,00:00,40.65104,-74.01109,44 ST,11220,72,OTHER,Street,0.9697597051275597,False,BROOKLYN,"(40.65104, -74.01109)",trafficstat,True,False,False,False,False,True,False,False,False,,,,,,,
2026-07-13,00:00,40.6516054,-74.0105087,43 ST,11232,72,UNKNOWN,Street,1.7816855594464245,False,BROOKLYN,"(40.6516054, -74.0105087)",trafficstat,True,False,True,False,False,False,False,False,False,,,,,,,
2026-07-03,00:00,40.6516054,-74.0105087,43 ST,11232,72,UNKNOWN,Street,1.7816855594464245,False,BROOKLYN,"(40.6516054, -74.0105087)",trafficstat,False,False,False,False,False,False,False,False,False,,,,,,,
2026-07-13,00:00,40.6538563,-74.0081665,39 ST,11232,72,UNKNOWN,Street,2.133198054895915,False,BROOKLYN,"(40.6538563, -74.0081665)",trafficstat,True,False,False,False,False,False,False,False,True,,,,,,,
2026-07-13,00:00,40.6497423,-73.9755306,FORT HAMILTON PKWY,11218,72,UNKNOWN,Street,6.839603293858128,False,BROOKLYN,"(40.6497423, -73.9755306)",trafficstat,True,False,False,False,False,False,False,True,False,,,,,,,
2026-07-12,00:00,40.6481739,-74.0145043,3 AVE,11220,72,UNKNOWN,Street,41.64008270886221,False,BROOKLYN,"(40.6481739, -74.0145043)",trafficstat,True,False,False,False,False,False,False,False,True,,,,,,,
2026-07-12,00:00,40.6466585,-74.0089013,5 AVE,11220,72,UNKNOWN,Street,40.878799210238405,False,BROOKLYN,"(40.6466585, -74.0089013)",trafficstat,True,False,False,True,False,False,False,False,False,,,,,,,
2026-07-11,00:00,40.667507,-73.9941291,3 AVE,11215,72,UNKNOWN,Street,47.94032854821202,False,BROOKLYN,"(40.667507, -73.9941291)",trafficstat,False,False,False,False,False,False,False,False,False,,,,,,,
2026-07-10,00:00,40.6639409,-73.9976787,21 ST,11232,72,UNKNOWN,Street,1.9223939407575206,False,BROOKLYN,"(40.6639409, -73.9976787)",trafficstat,True,False,False,True,False,False,False,False,False,,,,,,,
2026-06-24,00:00,40.6639409,-73.9976787,21 ST,11232,72,UNKNOWN,Street,1.9223939407575206,False,BROOKLYN,"(40.6639409, -73.9976787)",trafficstat,False,False,False,False,False,False,False,False,False,,,,,,,
2026-07-10,00:00,40.6515123,-74.0073337,41 ST,11232,72,UNKNOWN,Street,1.6724169471233872,False,BROOKLYN,"(40.6515123, -74.0073337)",trafficstat,True,False,False,True,False,False,False,False,False,,,,,,,
2026-07-10,00:00,40.6588095,-73.9817157,PROSPECT AVE,11215,72,UNKNOWN,Street,1.8913936735288115,False,BROOKLYN,"(40.6588095, -73.9817157)",trafficstat,False,False,False,False,False,False,False,False,False,,,,,,,
2026-07-10,00:00,40.640078,-74.0174294,60 ST,11220,72,UNKNOWN,Street,47.938012944493444,False,BROOKLYN,"(40.640078, -74.0174294)",trafficstat,False,False,False,False,False,False,False,False,False,,,,,,,
2026-07-10,00:00,40.647861,-73.9729613,CATON AVE,11218,72,UNKNOWN,Street,55.434011253261,False,BROOKLYN,"(40.647861, -73.9729613)",trafficstat,False,False,False,False,False,False,False,False,False,,,,,,,
2026-07-09,00:00,40.6432175,-74.0086985,51 ST,11220,72,OTHER,Street,1.787620074839521,False,BROOKLYN,"(40.6432175, -74.0086985)",trafficstat,False,False,False,False,False,False,False,False,False,,,,,,,
2026-07-09,00:00,40.6566425,-74.0052619,34 ST,11232,72,UNKNOWN,Street,2.5535888353488274,False,BROOKLYN,"(40.6566425, -74.0052619)",trafficstat,True,False,False,False,False,False,False,False,True,,,,,,,
2026-07-09,00:00,40.6516219,-74.0106111,GOWANUS EXPY,11232,72,UNKNOWN,Highway,5.061614173249706,False,BROOKLYN,"(40.6516219, -74.0106111)",trafficstat,True,False,False,False,False,False,False,True,False,,,,,,,
2026-07-09,00:00,40.6524533,-74.0134316,2 AVE,11232,72,OTHER,Street,2.0177830331838984,False,BROOKLYN,"(40.6524533, -74.0134316)",trafficstat,True,False,False,False,False,False,False,False,True,,,,,,,
2026-07-08,00:00,40.6631938,-73.9948727,20 ST,11232,72,UNKNOWN,Street,18.749369163569668,False,BROOKLYN,"(40.6631938, -73.9948727)",trafficstat,False,False,False,False,False,False,False,False,False,,,,,,,
2026-07-08,00:00,40.6649482,-73.9966383,GOWANUS EXPY,11232,72,UNKNOWN,Highway,13.139579424679617,False,BROOKLYN,"(40.6649482, -73.9966383)",trafficstat,False,False,False,False,False,False,False,False,False,,,,,,,
2026-07-08,00:00,40.6365042,-74.0114954,60 ST,11220,72,OTHER,Street,47.75434148129376,False,BROOKLYN,"(40.6365042, -74.0114954)",trafficstat,False,False,False,False,False,False,False,False,False,,,,,,,
2026-07-08,00:00,40.6379638,-74.0105714,58 ST,11220,72,OTHER,Street,2.204880916621871,False,BROOKLYN,"(40.6379638, -74.0105714)",trafficstat,False,False,False,False,False,False,False,False,False,,,,,,,
2026-07-07,00:00,40.6658869,-73.9963989,3 AVE,11232,72,OTHER,Street,1.2377468899842239,False,BROOKLYN,"(40.6658869, -73.9963989)",trafficstat,True,False,False,True,False,False,False,False,False,,,,,,,
2026-07-07,00:00,40.6688156,-73.996716,2 AVE,11215,72,UNKNOWN,Street,3.496000468665994,False,BROOKLYN,"(40.6688156, -73.996716)",trafficstat,False,False,False,False,False,False,False,False,False,,,,,,,
2026-07-07,00:00,40.6649536,-73.9933495,17 ST,11215,72,UNKNOWN,Street,2.6826029452987954,False,BROOKLYN,"(40.6649536, -73.9933495)",trafficstat,True,False,False,False,False,False,False,True,False,,,,,,,
2026-07-03,00:00,40.6649536,-73.9933495,17 ST,11215,72,UNKNOWN,Street,2.6826029452987954,False,BROOKLYN,"(40.6649536, -73.9933495)",trafficstat,True,False,True,False,False,False,False,False,False,,,,,,,
2026-07-07,00:00,40.6603995,-73.9871484,PROSPECT EXPY,11215,72,UNKNOWN,Highway,0.22990688392166375,False,BROOKLYN,"(40.6603995, -73.9871484)",trafficstat,True,False,False,False,False,True,False,False,False,,,,,,,
2026-07-07,00:00,40.6592575,-73.9859737,PROSPECT EXPY,11215,72,UNKNOWN,Highway,0.8890003629614289,False,BROOKLYN,"(40.6592575, -73.9859737)",trafficstat,False,False,False,False,False,False,False,False,False,,,,,,,
2026-07-07,00:00,40.6582291,-74.0003423,29 ST,11232,72,UNKNOWN,Street,2.23127576804753,False,BROOKLYN,"(40.6582291, -74.0003423)",trafficstat,True,False,False,False,False,False,False,True,False,,,,,,,
2026-06-24,00:00,40.6582291,-74.0003423,29 ST,11232,72,UNKNOWN,Street,2.23127576804753,False,BROOKLYN,"(40.6582291, -74.0003423)",trafficstat,True,False,False,False,False,False,False,True,False,,,,,,,
2026-07-07,00:00,40.6510399,-74.0110961,44 ST,11220,72,UNKNOWN,Street,1.9855094828397561,False,BROOKLYN,"(40.6510399, -74.0110961)",trafficstat,False,False,False,False,False,False,False,False,False,,,,,,,
2026-07-06,00:00,40.6626947,-73.9956963,21 ST,11232,72,UNKNOWN,Street,2.0931143972072035,False,BROOKLYN,"(40.6626947, -73.9956963)",trafficstat,True,False,False,False,False,False,False,True,False,,,,,,,
2026-07-06,00:00,40.6603745,-73.9946376,23 ST,11232,72,UNKNOWN,Street,31.16495615347196,False,BROOKLYN,"(40.6603745, -73.9946376)",trafficstat,False,False,False,False,False,False,False,False,False,,,,,,,
2026-07-06,00:00,40.637699,-74.0165111,62 ST,11220,72,UNKNOWN,Street,41.27054419182103,False,BROOKLYN,"(40.637699, -74.0165111)",trafficstat,False,False,False,False,False,False,False,False,False,,,,,,,
2026-07-05,00:00,40.6407322,-74.0074109,53 ST,11220,72,UNKNOWN,Street,31.340715216311082,False,BROOKLYN,"(40.6407322, -74.0074109)",trafficstat,True,False,False,False,False,False,False,False,True,,,,,,,
2026-07-05,00:00,40.6423058,-74.0132314,55 ST,11220,72,UNKNOWN,Street,1.8405217838455565,False,BROOKLYN,"(40.6423058, -74.0132314)",trafficstat,True,False,False,False,False,False,True,False,False,,,,,,,
2026-07-05,00:00,40.649304,-74.0202961,1 AVE,11232,72,OTHER,Street,1.4797483867639751,False,BROOKLYN,"(40.649304, -74.0202961)",trafficstat,True,False,False,False,False,False,False,True,False,,,,,,,
2026-07-05,00:00,40.6538701,-74.0082797,GOWANUS EXPY,11232,72,UNKNOWN,Highway,0.38697379499452883,False,BROOKLYN,"(40.6538701, -74.0082797)",trafficstat,True,False,False,False,False,False,False,False,True,,,,,,,
2026-07-04,00:00,40.64982,-74.0013025,39 ST,11232,72,UNKNOWN,Street,34.004996552710494,False,BROOKLYN,"(40.64982, -74.0013025)",trafficstat,False,False,False,False,False,False,False,False,False,,,,,,,
2026-07-04,00:00,40.6443398,-74.0027772,46 ST,11220,72,UNKNOWN,Street,37.0701125474148,False,BROOKLYN,"(40.6443398, -74.0027772)",trafficstat,False,False,False,False,False,False,False,False,False,,,,,,,
2026-07-03,00:00,40.6541333,-74.011684,41 ST,11232,72,UNKNOWN,Street,2.3773778267261796,False,BROOKLYN,"(40.6541333, -74.011684)",trafficstat,True,False,False,False,False,False,False,True,False,,,,,,,
2026-07-03,00:00,40.6622419,-73.9994377,24 ST,11232,72,UNKNOWN,Street,2.0884765903572116,False,BROOKLYN,"(40.6622419, -73.9994377)",trafficstat,True,False,False,True,False,False,False,False,False,,,,,,,
2026-07-03,00:00,40.667679,-73.9973244,ALLEY,11232,72,UNKNOWN,Alley,105.3820459082246,False,BROOKLYN,"(40.667679, -73.9973244)",trafficstat,False,False,False,False,False,False,False,False,False,,,,,,,
2026-07-02,00:00,40.6678494,-73.9940341,15 ST,11215,72,UNKNOWN,Street,1.7723260458637444,False,BROOKLYN,"(40.6678494, -73.9940341)",trafficstat,False,False,False,False,False,False,False,False,False,,,,,,,
2026-07-01,00:00,40.666608,-73.9934666,16 ST,11215,72,UNKNOWN,Street,40.782396598851484,False,BROOKLYN,"(40.666608, -73.9934666)",trafficstat,False,False,False,False,False,False,False,False,False,,,,,,,
2026-07-01,00:00,40.6803917,-73.9943985,SMITH ST,11231,72,OTHER,Street,89.57701836728097,False,BROOKLYN,"(40.6803917, -73.9943985)",trafficstat,True,True,False,False,False,False,True,False,False,,,,,,,