crash_date,crash_time,latitude,longitude,on_street_name,zip_code,precinct,collision_type,roadway_type,geocode_dist_feet,time_is_known,borough,location,source,injury,fatality,injured_pedestrian,injured_cyclist,injured_ebike_rider,injured_motorcyclist,injured_moped_rider,injured_car_occupant,injured_suv_occupant,number_of_persons_injured,number_of_persons_killed,contributing_factor_vehicle_1,collision_id,cross_street_name,off_street_name,vehicle_type_code1
2026-07-01,00:00,40.6535733,-74.0122678,2 AVE,11232,72,UNKNOWN,Street,1.8202458605568463,False,BROOKLYN,"(40.6535733, -74.0122678)",trafficstat,False,False,False,False,False,False,False,False,False,,,,,,,
2026-07-01,00:00,40.6423197,-74.0160166,57 ST,11220,72,OTHER,Street,42.6245268202538,False,BROOKLYN,"(40.6423197, -74.0160166)",trafficstat,True,False,True,False,False,False,False,False,False,,,,,,,
2026-07-01,00:00,40.6364509,-74.0157379,6 AVE,11220,72,UNKNOWN,Street,2.7942223609470713,False,BROOKLYN,"(40.6364509, -74.0157379)",trafficstat,True,False,False,True,False,False,False,False,False,,,,,,,
2026-06-30,00:00,40.667255,-73.994545,3 AVE,11215,72,UNKNOWN,Street,1.1494940818223458,False,BROOKLYN,"(40.667255, -73.994545)",trafficstat,False,False,False,False,False,False,False,False,False,,,,,,,
2026-06-29,00:00,40.6594834,-74.0024379,GOWANUS EXPY,11232,72,OTHER,Highway,0.1350369911221467,False,BROOKLYN,"(40.6594834, -74.0024379)",trafficstat,False,False,False,False,False,False,False,False,False,,,,,,,
2026-06-29,00:00,40.6406258,-74.0149786,58 ST,11220,72,OTHER,Street,1.8518742490890765,False,BROOKLYN,"(40.6406258, -74.0149786)",trafficstat,False,False,False,False,False,False,False,False,False,,,,,,,
2026-06-28,00:00,40.6430064,-74.0053293,49 ST,11220,72,UNKNOWN,Street,2.1120756933274163,False,BROOKLYN,"(40.6430064, -74.0053293)",trafficstat,False,False,False,False,False,False,False,False,False,,,,,,,
2026-06-28,00:00,40.6533507,-73.9764741,VANDERBILT ST,11218,72,UNKNOWN,Street,23.783347311681897,False,BROOKLYN,"(40.6533507, -73.9764741)",trafficstat,True,False,False,True,False,False,False,False,False,,,,,,,
2026-06-27,00:00,40.665508,-73.9927691,PROSPECT AVE,11215,72,UNKNOWN,Street,1.6407802404239977,False,BROOKLYN,"(40.665508, -73.9927691)",trafficstat,True,False,False,False,False,False,False,True,False,,,,,,,
2026-06-26,00:00,40.6625274,-73.9850355,16 ST,11215,72,OTHER,Street,40.890653232940906,False,BROOKLYN,"(40.6625274, -73.9850355)",trafficstat,True,False,False,True,False,False,False,False,False,,,,,,,
2026-06-26,00:00,40.6426754,-74.0200072,GOWANUS EXPY,11220,72,UNKNOWN,Highway,5.587680888446651,False,BROOKLYN,"(40.6426754, -74.0200072)",trafficstat,True,False,False,False,False,False,False,False,True,,,,,,,
2026-06-26,00:00,40.650967,-73.976974,E  5 ST,11218,72,UNKNOWN,Street,0.6139998592368245,False,BROOKLYN,"(40.650967, -73.976974)",trafficstat,False,False,False,False,False,False,False,False,False,,,,,,,
2026-06-25,00:00,40.6481209,-73.9792501,E  2 ST,11218,72,UNKNOWN,Street,0.19237383420040396,False,BROOKLYN,"(40.6481209, -73.9792501)",trafficstat,True,False,False,True,False,False,False,False,False,,,,,,,
2026-06-25,00:00,40.6447897,-74.0143237,53 ST,11220,72,UNKNOWN,Street,2.035645712459359,False,BROOKLYN,"(40.6447897, -74.0143237)",trafficstat,True,False,False,False,False,False,False,True,False,,,,,,,
2026-06-14,00:00,40.6447897,-74.0143237,53 ST,11220,72,UNKNOWN,Street,2.035645712459359,False,BROOKLYN,"(40.6447897, -74.0143237)",trafficstat,True,False,True,False,False,False,False,False,False,,,,,,,
2026-06-25,00:00,40.647346,-74.00799,5 AVE,11220,72,UNKNOWN,Street,1.4105539770814624,False,BROOKLYN,"(40.647346, -74.00799)",trafficstat,True,False,True,False,False,False,False,False,False,,,,,,,
2026-06-25,00:00,40.6551655,-73.9763426,PROSPECT AVE,11218,72,OTHER,Street,55.043273050152834,False,BROOKLYN,"(40.6551655, -73.9763426)",trafficstat,False,False,False,False,False,False,False,False,False,,,,,,,
2026-06-24,00:00,40.6554293,-74.0032616,34 ST,11232,72,OTHER,Street,2.1010278455324856,False,BROOKLYN,"(40.6554293, -74.0032616)",trafficstat,True,False,False,True,False,False,False,False,False,,,,,,,
2026-06-24,00:00,40.6569042,-74.0039418,33 ST,11232,72,UNKNOWN,Street,40.36400839956621,False,BROOKLYN,"(40.6569042, -74.0039418)",trafficstat,False,False,False,False,False,False,False,False,False,,,,,,,
2026-06-24,00:00,40.6482509,-74.0141097,GOWANUS EXPY,11232,72,UNKNOWN,Highway,1.6700795180121366,False,BROOKLYN,"(40.6482509, -74.0141097)",trafficstat,False,False,False,False,False,False,False,False,False,,,,,,,
2026-06-24,00:00,40.6410807,-74.0253511,2 AVE,11220,72,UNKNOWN,Street,18.75903087726899,False,BROOKLYN,"(40.6410807, -74.0253511)",trafficstat,False,False,False,False,False,False,False,False,False,,,,,,,
2026-06-24,00:00,40.6409232,-74.0126933,56 ST,11220,72,UNKNOWN,Street,43.76480318713913,False,BROOKLYN,"(40.6409232, -74.0126933)",trafficstat,False,False,False,False,False,False,False,False,False,,,,,,,
2026-06-23,00:00,40.648707,-74.0102488,46 ST,11220,72,UNKNOWN,Street,2.3481028206457855,False,BROOKLYN,"(40.648707, -74.0102488)",trafficstat,True,False,False,False,True,False,False,False,False,,,,,,,
2026-06-23,00:00,40.6447081,-74.0199853,57 ST,11220,72,UNKNOWN,Street,40.501567036343104,False,BROOKLYN,"(40.6447081, -74.0199853)",trafficstat,False,False,False,False,False,False,False,False,False,,,,,,,
2026-06-22,00:00,40.6380508,-74.0071103,56 ST,11220,72,UNKNOWN,Street,98.93028985981466,False,BROOKLYN,"(40.6380508, -74.0071103)",trafficstat,False,False,False,False,False,False,False,False,False,,,,,,,
2026-06-22,00:00,40.6600132,-74.0017552,28 ST,11232,72,UNKNOWN,Street,1.8152954545321736,False,BROOKLYN,"(40.6600132, -74.0017552)",trafficstat,False,False,False,False,False,False,False,False,False,,,,,,,
2026-06-21,00:00,40.6502132,-74.0157592,48 ST,11220,72,OTHER,Street,2.138423357707138,False,BROOKLYN,"(40.6502132, -74.0157592)",trafficstat,True,False,False,False,False,False,False,True,False,,,,,,,
2026-06-21,00:00,40.6435663,-74.0047456,48 ST,11220,72,OTHER,Street,2.167937192379103,False,BROOKLYN,"(40.6435663, -74.0047456)",trafficstat,True,False,False,False,True,False,False,False,False,,,,,,,
2026-06-20,00:00,40.6356854,-74.0129454,7 AVE,11220,72,UNKNOWN,Street,1.9372360361320895,False,BROOKLYN,"(40.6356854, -74.0129454)",trafficstat,False,False,False,False,False,False,False,False,False,,,,,,,
2026-06-19,00:00,40.6436697,-74.015491,55 ST,11220,72,UNKNOWN,Street,2.2661938586751247,False,BROOKLYN,"(40.6436697, -74.015491)",trafficstat,True,False,True,False,False,False,False,False,False,,,,,,,
2026-06-17,00:00,40.6672538,-73.9945425,3 AVE,11215,72,OTHER,Street,1.968903941174281,False,BROOKLYN,"(40.6672538, -73.9945425)",trafficstat,False,False,False,False,False,False,False,False,False,,,,,,,
2026-06-16,00:00,40.6476929,-73.9803638,MCDONALD AVE,11218,72,OTHER,Street,0.22415332112920544,False,BROOKLYN,"(40.6476929, -73.9803638)",trafficstat,True,False,False,True,False,False,False,False,False,,,,,,,
2026-06-15,00:00,40.6512933,-74.0072423,4 AVE,11232,72,OTHER,Street,47.57071827410204,False,BROOKLYN,"(40.6512933, -74.0072423)",trafficstat,False,False,False,False,False,False,False,False,False,,,,,,,
2026-06-15,00:00,40.6445962,-74.0082041,49 ST,11220,72,UNKNOWN,Street,43.82105892481678,False,BROOKLYN,"(40.6445962, -74.0082041)",trafficstat,False,False,False,False,False,False,False,False,False,,,,,,,
2026-06-15,00:00,40.6429326,-74.0099459,52 ST,11220,72,UNKNOWN,Street,37.831487834869385,False,BROOKLYN,"(40.6429326, -74.0099459)",trafficstat,True,False,True,False,False,False,False,False,False,,,,,,,
2026-06-15,00:00,40.6380845,-74.0102464,7 AVE,11220,72,OTHER,Street,45.90647252597508,False,BROOKLYN,"(40.6380845, -74.0102464)",trafficstat,False,False,False,False,False,False,False,False,False,,,,,,,
2026-06-15,00:00,40.6526402,-73.9726824,PROSPECT PARK SW,11218,72,UNKNOWN,Street,0.08506432217458211,False,BROOKLYN,"(40.6526402, -73.9726824)",trafficstat,True,False,False,False,False,True,False,False,False,,,,,,,
2026-06-14,00:00,40.6619096,-73.992838,20 ST,11215,72,UNKNOWN,Street,1.7548238937140201,False,BROOKLYN,"(40.6619096, -73.992838)",trafficstat,True,False,False,True,False,False,False,False,False,,,,,,,
2026-06-14,00:00,40.6611533,-73.9801724,PROSPECT PARK W,11215,72,UNKNOWN,Street,1.7871546709694814,False,BROOKLYN,"(40.6611533, -73.9801724)",trafficstat,False,False,False,False,False,False,False,False,False,,,,,,,
2026-06-14,00:00,40.6477251,-73.9763349,E  5 ST,11218,72,UNKNOWN,Street,0.006979071870762552,False,BROOKLYN,"(40.6477251, -73.9763349)",trafficstat,True,False,False,True,False,False,False,False,False,,,,,,,
2026-06-13,00:00,40.6402629,-74.019025,61 ST,11220,72,UNKNOWN,Street,2.4387565161798337,False,BROOKLYN,"(40.6402629, -74.019025)",trafficstat,True,False,False,True,False,False,False,False,False,,,,,,,
2026-06-13,00:00,40.6398548,-74.0121932,57 ST,11220,72,UNKNOWN,Street,1.8258484221242728,False,BROOKLYN,"(40.6398548, -74.0121932)",trafficstat,True,False,False,True,False,False,False,False,False,,,,,,,
2026-06-13,00:00,40.6662685,-73.9959498,GOWANUS EXPY,11232,72,UNKNOWN,Highway,6.768682033966048,False,BROOKLYN,"(40.6662685, -73.9959498)",trafficstat,False,False,False,False,False,False,False,False,False,,,,,,,
2026-06-12,00:00,40.6705284,-73.9979719,GOWANUS EXPY,11232,72,UNKNOWN,Highway,12.751962589363607,False,BROOKLYN,"(40.6705284, -73.9979719)",trafficstat,False,False,False,False,False,False,False,False,False,,,,,,,
2026-06-12,00:00,40.6568786,-73.9983103,29 ST,11232,72,UNKNOWN,Street,36.05188631863577,False,BROOKLYN,"(40.6568786, -73.9983103)",trafficstat,False,False,False,False,False,False,False,False,False,,,,,,,
2026-06-12,00:00,40.6509496,-74.0079175,42 ST,11232,72,UNKNOWN,Street,2.5993322215835444,False,BROOKLYN,"(40.6509496, -74.0079175)",trafficstat,True,False,False,True,False,False,False,False,False,,,,,,,
2026-06-12,00:00,40.6369949,-74.015373,6 AVE,11220,72,UNKNOWN,Street,42.48896050434362,False,BROOKLYN,"(40.6369949, -74.015373)",trafficstat,True,False,False,True,False,False,False,False,False,,,,,,,
2026-09-11,00:00,40.6728944,-73.9992191,GOWANUS EXPY,11231,76,UNKNOWN,Highway,11.35111968999271,False,BROOKLYN,"(40.6728944, -73.9992191)",trafficstat,True,False,False,False,False,False,False,True,True,,,,,,,
2026-09-11,00:00,40.6805688,-74.0011212,HENRY ST,11231,76,UNKNOWN,Street,1.6234065624467513,False,BROOKLYN,"(40.6805688, -74.0011212)",trafficstat,False,False,False,False,False,False,False,False,False,,,,,,,
2026-09-11,00:00,40.6884613,-73.9965086,CONGRESS ST,11201,76,UNKNOWN,Street,34.82557854523203,False,BROOKLYN,"(40.6884613, -73.9965086)",trafficstat,False,False,False,False,False,False,False,False,False,,,,,,,
2026-09-10,00:00,40.6839613,-74.0014746,UNION ST,11231,76,UNKNOWN,Street,2.765719255125621,False,BROOKLYN,"(40.6839613, -74.0014746)",trafficstat,True,False,False,False,False,False,False,False,True,,,,,,,
2026-09-10,00:00,40.6830692,-73.9955579,COURT ST,11231,76,UNKNOWN,Street,1.1618286965756919,False,BROOKLYN,"(40.6830692, -73.9955579)",trafficstat,True,False,False,True,False,False,False,False,False,,,,,,,
2026-09-10,00:00,40.6775884,-74.0029768,NELSON ST,11231,76,UNKNOWN,Street,35.019879411782355,False,BROOKLYN,"(40.6775884, -74.0029768)",trafficstat,False,False,False,False,False,False,False,False,False,,,,,,,
2026-09-10,00:00,40.6890025,-73.9957722,AMITY ST,11201,76,UNKNOWN,Street,45.64111730883627,False,BROOKLYN,"(40.6890025, -73.9957722)",trafficstat,False,False,False,False,False,False,False,False,False,,,,,,,
2026-09-09,00:00,40.6875845,-73.9997995,BROOKLYN QUEENS EXPY,11231,76,UNKNOWN,Highway,0.8306299057129657,False,BROOKLYN,"(40.6875845, -73.9997995)",trafficstat,False,False,False,False,False,False,False,False,False,,,,,,,
2026-09-09,00:00,40.6731168,-73.9995832,GOWANUS EXPY,11231,76,UNKNOWN,Highway,10.336620740364326,False,BROOKLYN,"(40.6731168, -73.9995832)",trafficstat,False,False,False,False,False,False,False,False,False,,,,,,,
2026-08-20,00:00,40.6731168,-73.9995832,GOWANUS EXPY,11231,76,UNKNOWN,Highway,10.336620740364326,False,BROOKLYN,"(40.6731168, -73.9995832)",trafficstat,True,False,False,False,False,False,False,False,True,,,,,,,
2026-07-30,00:00,40.6731168,-73.9995832,GOWANUS EXPY,11231,76,UNKNOWN,Highway,10.336620740364326,False,BROOKLYN,"(40.6731168, -73.9995832)",trafficstat,False,False,False,False,False,False,False,False,False,,,,,,,
2026-09-09,00:00,40.6834027,-73.9946261,DEGRAW ST,11231,76,UNKNOWN,Street,37.329955860378796,False,BROOKLYN,"(40.6834027, -73.9946261)",trafficstat,False,False,False,False,False,False,False,False,False,,,,,,,
2026-09-08,00:00,40.6764398,-74.0080537,DWIGHT ST,11231,76,UNKNOWN,Street,103.17589030564152,False,BROOKLYN,"(40.6764398, -74.0080537)",trafficstat,False,False,False,False,False,False,False,False,False,,,,,,,
2026-09-07,00:00,40.67816,-74.01415,WOLCOTT ST,11231,76,UNKNOWN,Street,2.043521424863445,False,BROOKLYN,"(40.67816, -74.01415)",trafficstat,True,False,False,False,False,False,False,False,True,,,,,,,
2026-09-07,00:00,40.6718513,-74.0032408,CLINTON ST,11231,76,UNKNOWN,Street,1.732071568390243,False,BROOKLYN,"(40.6718513, -74.0032408)",trafficstat,False,False,False,False,False,False,False,False,False,,,,,,,
2026-08-09,00:00,40.6718513,-74.0032408,CLINTON ST,11231,76,UNKNOWN,Street,1.732071568390243,False,BROOKLYN,"(40.6718513, -74.0032408)",trafficstat,True,False,False,False,False,False,False,True,False,,,,,,,
2026-09-07,00:00,40.6808625,-74.003048,BROOKLYN QUEENS EXPY,11231,76,UNKNOWN,Highway,1.9442187344690103,False,BROOKLYN,"(40.6808625, -74.003048)",trafficstat,False,False,False,False,False,False,False,False,False,,,,,,,
2026-09-06,00:00,40.6819488,-73.9982108,CLINTON ST,11231,76,UNKNOWN,Street,39.1120785838746,False,BROOKLYN,"(40.6819488, -73.9982108)",trafficstat,False,False,False,False,False,False,False,False,False,,,,,,,
2026-09-05,00:00,40.672989,-74.0068046,BAY ST,11231,76,UNKNOWN,Street,45.214775294033316,False,BROOKLYN,"(40.672989, -74.0068046)",trafficstat,True,False,False,True,False,False,False,False,False,,,,,,,
2026-06-17,00:00,40.672989,-74.0068046,BAY ST,11231,76,UNKNOWN,Street,45.214775294033316,False,BROOKLYN,"(40.672989, -74.0068046)",trafficstat,False,False,False,False,False,False,False,False,False,,,,,,,
2026-09-05,00:00,40.679921,-74.0022511,BQE EB ENTRANCE HAMILTON AVE,11231,76,UNKNOWN,Ramp,1.733563576738039,False,BROOKLYN,"(40.679921, -74.0022511)",trafficstat,False,False,False,False,False,False,False,False,False,,,,,,,
2026-08-24,00:00,40.679921,-74.0022511,BQE EB ENTRANCE HAMILTON AVE,11231,76,UNKNOWN,Ramp,1.733563576738039,False,BROOKLYN,"(40.679921, -74.0022511)",trafficstat,True,False,False,False,False,False,False,True,False,,,,,,,
2026-07-25,00:00,40.679921,-74.0022511,BQE EB ENTRANCE HAMILTON AVE,11231,76,UNKNOWN,Ramp,1.733563576738039,False,BROOKLYN,"(40.679921, -74.0022511)",trafficstat,False,False,False,False,False,False,False,False,False,,,,,,,
2026-06-26,00:00,40.679921,-74.0022511,BQE EB ENTRANCE HAMILTON AVE,11231,76,UNKNOWN,Ramp,1.733563576738039,False,BROOKLYN,"(40.679921, -74.0022511)",trafficstat,False,False,False,False,False,False,False,False,False,,,,,,,
2026-09-04,00:00,40.6776797,-74.0033131,NELSON ST,11231,76,UNKNOWN,Street,34.691120484777116,False,BROOKLYN,"(40.6776797, -74.0033131)",trafficstat,True,False,True,False,False,False,False,False,False,,,,,,,
2026-09-04,00:00,40.6857317,-74.0023581,COLUMBIA ST,11231,76,UNKNOWN,Street,1.4188400874786105,False,BROOKLYN,"(40.6857317, -74.0023581)",trafficstat,False,False,False,False,False,False,False,False,False,,,,,,,
2026-07-15,00:00,40.6857317,-74.0023581,COLUMBIA ST,11231,76,UNKNOWN,Street,1.4188400874786105,False,BROOKLYN,"(40.6857317, -74.0023581)",trafficstat,False,False,False,False,False,False,False,False,False,,,,,,,
2026-09-03,00:00,40.6915452,-73.9991143,BROOKLYN QUEENS EXPY,11201,76,UNKNOWN,Highway,3.3084310377565007,False,BROOKLYN,"(40.6915452, -73.9991143)",trafficstat,False,False,False,False,False,False,False,False,False,,,,,,,
2026-07-25,00:00,40.6915452,-73.9991143,BROOKLYN QUEENS EXPY,11201,76,UNKNOWN,Highway,3.3084310377565007,False,BROOKLYN,"(40.6915452, -73.9991143)",trafficstat,False,False,False,False,False,False,False,False,False,,,,,,,
2026-07-21,00:00,40.6915452,-73.9991143,BROOKLYN QUEENS EXPY,11201,76,UNKNOWN,Highway,3.3084310377565007,False,BROOKLYN,"(40.6915452, -73.9991143)",trafficstat,False,False,False,False,False,False,False,False,False,,,,,,,
2026-07-19,00:00,40.6915452,-73.9991143,BROOKLYN QUEENS EXPY,11201,76,UNKNOWN,Highway,3.3084310377565007,False,BROOKLYN,"(40.6915452, -73.9991143)",trafficstat,True,False,False,False,False,False,False,False,True,,,,,,,
2026-07-05,00:00,40.6915452,-73.9991143,BROOKLYN QUEENS EXPY,11201,76,UNKNOWN,Highway,3.3084310377565007,False,BROOKLYN,"(40.6915452, -73.9991143)",trafficstat,True,False,False,False,False,False,False,True,False,,,,,,,
2026-06-29,00:00,40.6915452,-73.9991143,BROOKLYN QUEENS EXPY,11201,76,UNKNOWN,Highway,3.3084310377565007,False,BROOKLYN,"(40.6915452, -73.9991143)",trafficstat,False,False,False,False,False,False,False,False,False,,,,,,,
2026-06-27,00:00,40.6915452,-73.9991143,BROOKLYN QUEENS EXPY,11201,76,UNKNOWN,Highway,3.3084310377565007,False,BROOKLYN,"(40.6915452, -73.9991143)",trafficstat,False,False,False,False,False,False,False,False,False,,,,,,,
2026-06-25,00:00,40.6915452,-73.9991143,BROOKLYN QUEENS EXPY,11201,76,OTHER,Highway,3.3084310377565007,False,BROOKLYN,"(40.6915452, -73.9991143)",trafficstat,True,False,False,False,False,False,False,True,False,,,,,,,
2026-09-03,00:00,40.6765642,-74.0015574,GOWANUS EP WB EN HUGH CAREY TNNL,11231,76,UNKNOWN,Ramp,20.81642892294633,False,BROOKLYN,"(40.6765642, -74.0015574)",trafficstat,False,False,False,False,False,False,False,False,False,,,,,,,
2026-08-31,00:00,40.6819734,-73.9974343,PRESIDENT ST,11231,76,UNKNOWN,Street,36.305848964953995,False,BROOKLYN,"(40.6819734, -73.9974343)",trafficstat,False,False,False,False,False,False,False,False,False,,,,,,,
2026-08-31,00:00,40.6831418,-73.9919297,DOUGLASS ST,11231,76,UNKNOWN,Street,46.06250819377899,False,BROOKLYN,"(40.6831418, -73.9919297)",trafficstat,False,False,False,False,False,False,False,False,False,,,,,,,
2026-08-30,00:00,40.6843895,-74.0030106,COLUMBIA ST,11231,76,UNKNOWN,Street,1.4092777348114154,False,BROOKLYN,"(40.6843895, -74.0030106)",trafficstat,True,False,False,False,False,True,False,False,False,,,,,,,
2026-06-17,00:00,40.6843895,-74.0030106,COLUMBIA ST,11231,76,UNKNOWN,Street,1.4092777348114154,False,BROOKLYN,"(40.6843895, -74.0030106)",trafficstat,False,False,False,False,False,False,False,False,False,,,,,,,
2026-08-29,00:00,40.684996,-74.0051776,VAN BRUNT ST,11231,76,OTHER,Street,1.5964812908482076,False,BROOKLYN,"(40.684996, -74.0051776)",trafficstat,True,False,False,True,False,False,False,False,False,,,,,,,
2026-08-26,00:00,40.684996,-74.0051776,VAN BRUNT ST,11231,76,UNKNOWN,Street,1.5964812908482076,False,BROOKLYN,"(40.684996, -74.0051776)",trafficstat,False,False,False,False,False,False,False,False,False,,,,,,,
2026-08-29,00:00,40.6754413,-73.9979048,HUNTINGTON ST,11231,76,UNKNOWN,Street,31.67959552175572,False,BROOKLYN,"(40.6754413, -73.9979048)",trafficstat,False,False,False,False,False,False,False,False,False,,,,,,,
2026-08-24,00:00,40.6754413,-73.9979048,HUNTINGTON ST,11231,76,UNKNOWN,Street,31.67959552175572,False,BROOKLYN,"(40.6754413, -73.9979048)",trafficstat,False,False,False,False,False,False,False,False,False,,,,,,,
2026-08-28,00:00,40.6792951,-73.9992229,3 PL,11231,76,UNKNOWN,Street,59.3926607908025,False,BROOKLYN,"(40.6792951, -73.9992229)",trafficstat,False,False,False,False,False,False,False,False,False,,,,,,,
2026-08-28,00:00,40.6835956,-74.0013236,HICKS ST,11231,76,UNKNOWN,Street,30.118026542012352,False,BROOKLYN,"(40.6835956, -74.0013236)",trafficstat,False,False,False,False,False,False,False,False,False,,,,,,,
2026-08-27,00:00,40.6803548,-73.9963596,1 PL,11231,76,OTHER,Street,61.29138697076396,False,BROOKLYN,"(40.6803548, -73.9963596)",trafficstat,True,False,True,False,False,False,False,False,False,,,,,,,
2026-08-27,00:00,40.6756913,-74.0011875,GOWANUS EXPY,11231,76,UNKNOWN,Highway,2.262032848658114,False,BROOKLYN,"(40.6756913, -74.0011875)",trafficstat,False,False,False,False,False,False,False,False,False,,,,,,,
2026-08-25,00:00,40.6731826,-74.0026064,CLINTON ST,11231,76,UNKNOWN,Street,1.745414996310461,False,BROOKLYN,"(40.6731826, -74.0026064)",trafficstat,False,False,False,False,False,False,False,False,False,,,,,,,
2026-08-25,00:00,40.6746261,-74.0077112,COLUMBIA ST,11231,76,UNKNOWN,Street,1.2205681976785234,False,BROOKLYN,"(40.6746261, -74.0077112)",trafficstat,True,False,True,False,False,False,False,False,False,,,,,,,
2026-08-25,00:00,40.6848946,-74.0010975,BROOKLYN QUEENS EXPY,11231,76,UNKNOWN,Highway,0.1755953601436967,False,BROOKLYN,"(40.6848946, -74.0010975)",trafficstat,True,False,False,False,False,False,False,True,False,,,,,,,
2026-08-24,00:00,40.6787023,-74.002745,BROOKLYN QUEENS EXPWY EB ET 26,11231,76,OTHER,Ramp,7.564856845995144,False,BROOKLYN,"(40.6787023, -74.002745)",trafficstat,True,False,False,False,False,False,False,True,False,,,,,,,
2026-07-31,00:00,40.6787023,-74.002745,BROOKLYN QUEENS EXPWY EB ET 26,11231,76,UNKNOWN,Ramp,7.564856845995144,False,BROOKLYN,"(40.6787023, -74.002745)",trafficstat,True,False,False,False,False,False,False,True,False,,,,,,,
2026-06-27,00:00,40.6787023,-74.002745,BROOKLYN QUEENS EXPWY EB ET 26,11231,76,UNKNOWN,Ramp,7.564856845995144,False,BROOKLYN,"(40.6787023, -74.002745)",trafficstat,False,False,False,False,False,False,False,False,False,,,,,,,
2026-08-24,00:00,40.6762704,-74.0031941,HENRY ST,11231,76,UNKNOWN,Street,1.3336937765012895,False,BROOKLYN,"(40.6762704, -74.0031941)",trafficstat,True,False,False,False,False,False,False,False,False,,,,,,,
2026-08-22,00:00,40.6723317,-73.9989329,SMITH ST,11231,76,UNKNOWN,Street,2.5554093012208896,False,BROOKLYN,"(40.6723317, -73.9989329)",trafficstat,True,False,False,False,False,False,True,False,False,,,,,,,
2026-08-19,00:00,40.6807033,-74.0029687,BROOKLYN QUEENS EXPY,11231,76,UNKNOWN,Highway,0.42366860722237387,False,BROOKLYN,"(40.6807033, -74.0029687)",trafficstat,True,False,False,False,False,False,False,True,False,,,,,,,
2026-08-17,00:00,40.6718185,-73.9987865,GOWANUS EXPY,11231,76,OTHER,Highway,14.485642088948754,False,BROOKLYN,"(40.6718185, -73.9987865)",trafficstat,True,False,False,False,False,False,False,False,True,,,,,,,
2026-08-17,00:00,40.6730069,-73.9993438,BUSH ST,11231,76,UNKNOWN,Street,2.4233588772644246,False,BROOKLYN,"(40.6730069, -73.9993438)",trafficstat,False,False,False,False,False,False,False,False,False,,,,,,,
2026-07-20,00:00,40.6730069,-73.9993438,BUSH ST,11231,76,UNKNOWN,Street,2.4233588772644246,False,BROOKLYN,"(40.6730069, -73.9993438)",trafficstat,False,False,False,False,False,False,False,False,False,,,,,,,
2026-08-17,00:00,40.6764641,-74.0029755,HENRY ST,11231,76,UNKNOWN,Street,34.06282908195618,False,BROOKLYN,"(40.6764641, -74.0029755)",trafficstat,False,False,False,False,False,False,False,False,False,,,,,,,
2026-08-16,00:00,40.6903182,-73.9988042,BROOKLYN QUEENS EXPY,11201,76,UNKNOWN,Highway,1.7366020667406759,False,BROOKLYN,"(40.6903182, -73.9988042)",trafficstat,False,False,False,False,False,False,False,False,False,,,,,,,
2026-08-14,00:00,40.6742064,-73.9999798,GOWANUS EXPY,11231,76,UNKNOWN,Highway,4.432020160711781,False,BROOKLYN,"(40.6742064, -73.9999798)",trafficstat,True,False,False,False,False,False,False,False,True,,,,,,,
2026-08-14,00:00,40.681216,-73.9887005,BOND ST,11217,76,UNKNOWN,Street,1.5957043385157255,False,BROOKLYN,"(40.681216, -73.9887005)",trafficstat,True,False,True,False,False,False,False,False,False,,,,,,,
2026-08-14,00:00,40.6830473,-74.003656,COLUMBIA ST,11231,76,UNKNOWN,Street,1.289504954099979,False,BROOKLYN,"(40.6830473, -74.003656)",trafficstat,True,False,False,False,False,False,False,False,True,,,,,,,
2026-08-13,00:00,40.6833437,-74.0019686,HICKS ST,11231,76,UNKNOWN,Street,1.9403245054910538,False,BROOKLYN,"(40.6833437, -74.0019686)",trafficstat,False,False,False,False,False,False,False,False,False,,,,,,,
2026-08-13,00:00,40.6879945,-74.0010715,COLUMBIA ST,11201,76,UNKNOWN,Street,53.18553521108172,False,BROOKLYN,"(40.6879945, -74.0010715)",trafficstat,False,False,False,False,False,False,False,False,False,,,,,,,
2026-08-12,00:00,40.6837417,-73.9952334,COURT ST,11231,76,UNKNOWN,Street,1.000886114162009,False,BROOKLYN,"(40.6837417, -73.9952334)",trafficstat,True,False,False,True,False,False,False,False,False,,,,,,,
2026-08-12,00:00,40.6788483,-74.0009441,4 PL,11231,76,UNKNOWN,Street,59.20020557982774,False,BROOKLYN,"(40.6788483, -74.0009441)",trafficstat,False,False,False,False,False,False,False,False,False,,,,,,,
2026-08-11,00:00,40.6773629,-74.0004191,CLINTON ST,11231,76,UNKNOWN,Street,38.91075977076677,False,BROOKLYN,"(40.6773629, -74.0004191)",trafficstat,False,False,False,False,False,False,False,False,False,,,,,,,
2026-08-10,00:00,40.6759521,-74.0011897,CLINTON ST,11231,76,UNKNOWN,Street,1.8096122239335626,False,BROOKLYN,"(40.6759521, -74.0011897)",trafficstat,True,False,False,False,False,False,False,True,False,,,,,,,
2026-07-28,00:00,40.6759521,-74.0011897,CLINTON ST,11231,76,UNKNOWN,Street,1.8096122239335626,False,BROOKLYN,"(40.6759521, -74.0011897)",trafficstat,False,False,False,False,False,False,False,False,False,,,,,,,
2026-08-10,00:00,40.6855643,-74.0021453,DEGRAW ST,11231,76,UNKNOWN,Street,39.84151665842287,False,BROOKLYN,"(40.6855643, -74.0021453)",trafficstat,False,False,False,False,False,False,False,False,False,,,,,,,
2026-08-10,00:00,40.6833959,-74.0016744,BROOKLYN QUEENS EXPY,11231,76,OTHER,Highway,1.388103550353954,False,BROOKLYN,"(40.6833959, -74.0016744)",trafficstat,False,False,False,False,False,False,False,False,False,,,,,,,