crash_date,crash_time,latitude,longitude,on_street_name,zip_code,precinct,collision_type,roadway_type,geocode_dist_feet,time_is_known,borough,location,source,injury,fatality,injured_pedestrian,injured_cyclist,injured_ebike_rider,injured_motorcyclist,injured_moped_rider,injured_car_occupant,injured_suv_occupant,number_of_persons_injured,number_of_persons_killed,contributing_factor_vehicle_1,collision_id,cross_street_name,off_street_name,vehicle_type_code1
2026-08-09,00:00,40.682776,-74.0050184,SUMMIT ST,11231,76,UNKNOWN,Street,29.503411116274357,False,BROOKLYN,"(40.682776, -74.0050184)",trafficstat,False,False,False,False,False,False,False,False,False,,,,,,,
2026-08-08,00:00,40.6851003,-73.9945771,COURT ST,11231,76,UNKNOWN,Street,1.6034070961188258,False,BROOKLYN,"(40.6851003, -73.9945771)",trafficstat,False,False,False,False,False,False,False,False,False,,,,,,,
2026-08-08,00:00,40.6753976,-73.9974475,SMITH ST,11231,76,UNKNOWN,Street,1.6644125215689436,False,BROOKLYN,"(40.6753976, -73.9974475)",trafficstat,False,False,False,False,False,False,False,False,False,,,,,,,
2026-08-07,00:00,40.6860967,-73.9963582,CLINTON ST,11231,76,UNKNOWN,Street,1.2864409600739661,False,BROOKLYN,"(40.6860967, -73.9963582)",trafficstat,True,False,False,True,False,False,False,False,False,,,,,,,
2026-08-06,00:00,40.6754445,-74.0090813,OTSEGO ST,11231,76,UNKNOWN,Street,104.40006475233164,False,BROOKLYN,"(40.6754445, -74.0090813)",trafficstat,False,False,False,False,False,False,False,False,False,,,,,,,
2026-08-05,00:00,40.6856685,-74.0048532,VAN BRUNT ST,11231,76,UNKNOWN,Street,1.1268106839690435,False,BROOKLYN,"(40.6856685, -74.0048532)",trafficstat,True,False,False,True,False,False,False,False,False,,,,,,,
2026-08-04,00:00,40.6837938,-73.9923104,SMITH ST,11231,76,UNKNOWN,Street,36.81341749835543,False,BROOKLYN,"(40.6837938, -73.9923104)",trafficstat,True,False,False,False,False,False,False,False,False,,,,,,,
2026-08-03,00:00,40.6790893,-74.0034394,HUGH L CAREY TUNL,11231,76,UNKNOWN,Street,23.632781945103925,False,BROOKLYN,"(40.6790893, -74.0034394)",trafficstat,False,False,False,False,False,False,False,False,False,,,,,,,
2026-08-01,00:00,40.6812686,-74.0049553,HUGH L CAREY TUNL,11231,76,UNKNOWN,Street,18.921267721625632,False,BROOKLYN,"(40.6812686, -74.0049553)",trafficstat,False,False,False,False,False,False,False,False,False,,,,,,,
2026-07-29,00:00,40.6812686,-74.0049553,HUGH L CAREY TUNL,11231,76,OTHER,Street,18.921267721625632,False,BROOKLYN,"(40.6812686, -74.0049553)",trafficstat,False,False,False,False,False,False,False,False,False,,,,,,,
2026-07-25,00:00,40.6812686,-74.0049553,HUGH L CAREY TUNL,11231,76,UNKNOWN,Street,18.921267721625632,False,BROOKLYN,"(40.6812686, -74.0049553)",trafficstat,True,False,False,False,False,False,False,False,False,,,,,,,
2026-07-31,00:00,40.6785397,-73.9897915,CARROLL ST,11231,76,OTHER,Street,31.179663103994052,False,BROOKLYN,"(40.6785397, -73.9897915)",trafficstat,False,False,False,False,False,False,False,False,False,,,,,,,
2026-07-31,00:00,40.6901697,-74.0002794,COLUMBIA ST,11201,76,UNKNOWN,Street,19.53948470827705,False,BROOKLYN,"(40.6901697, -74.0002794)",trafficstat,True,False,False,False,False,False,False,True,False,,,,,,,
2026-07-29,00:00,40.6901041,-73.9965491,HENRY ST,11201,76,UNKNOWN,Street,1.0327827505423024,False,BROOKLYN,"(40.6901041, -73.9965491)",trafficstat,True,False,False,True,False,False,False,False,False,,,,,,,
2026-07-29,00:00,40.6843267,-73.9882209,HOYT ST,11217,76,UNKNOWN,Street,269.6026248388911,False,BROOKLYN,"(40.6843267, -73.9882209)",trafficstat,False,False,False,False,False,False,False,False,False,,,,,,,
2026-07-29,00:00,40.678458,-74.0028878,PEDESTRIAN OPAS,11231,76,UNKNOWN,Bridge,2.705509397809945,False,BROOKLYN,"(40.678458, -74.0028878)",trafficstat,False,False,False,False,False,False,False,False,False,,,,,,,
2026-07-29,00:00,40.6829483,-74.0063385,VAN BRUNT ST,11231,76,UNKNOWN,Street,2.351521883680933,False,BROOKLYN,"(40.6829483, -74.0063385)",trafficstat,False,False,False,False,False,False,False,False,False,,,,,,,
2026-06-12,00:00,40.6829483,-74.0063385,VAN BRUNT ST,11231,76,UNKNOWN,Street,2.351521883680933,False,BROOKLYN,"(40.6829483, -74.0063385)",trafficstat,False,False,False,False,False,False,False,False,False,,,,,,,
2026-07-28,00:00,40.6777755,-74.0098975,RICHARDS ST,11231,76,UNKNOWN,Street,40.7909045408676,False,BROOKLYN,"(40.6777755, -74.0098975)",trafficstat,False,False,False,False,False,False,False,False,False,,,,,,,
2026-07-28,00:00,40.6911938,-73.9977679,HICKS ST,11201,76,UNKNOWN,Street,1.8316721504024824,False,BROOKLYN,"(40.6911938, -73.9977679)",trafficstat,True,False,False,False,False,False,False,True,True,,,,,,,
2026-07-24,00:00,40.6911938,-73.9977679,HICKS ST,11201,76,UNKNOWN,Street,1.8316721504024824,False,BROOKLYN,"(40.6911938, -73.9977679)",trafficstat,False,False,False,False,False,False,False,False,False,,,,,,,
2026-07-23,00:00,40.6911938,-73.9977679,HICKS ST,11201,76,UNKNOWN,Street,1.8316721504024824,False,BROOKLYN,"(40.6911938, -73.9977679)",trafficstat,False,False,False,False,False,False,False,False,False,,,,,,,
2026-07-26,00:00,40.6802339,-74.0048038,BQE EB ENTRANCE HAMILTON AVE,11231,76,UNKNOWN,Ramp,12.98760476121504,False,BROOKLYN,"(40.6802339, -74.0048038)",trafficstat,False,False,False,False,False,False,False,False,False,,,,,,,
2026-07-24,00:00,40.6865576,-74.0081179,HUGH L CAREY TUNL,10004,76,UNKNOWN,Tunnel,163.9211478897252,False,BROOKLYN,"(40.6865576, -74.0081179)",trafficstat,False,False,False,False,False,False,False,False,False,,,,,,,
2026-07-24,00:00,40.6736898,-74.0118028,VAN DYKE ST,11231,76,OTHER,Street,1.8901082252356032,False,BROOKLYN,"(40.6736898, -74.0118028)",trafficstat,False,False,False,False,False,False,False,False,False,,,,,,,
2026-07-24,00:00,40.6895825,-73.9946777,CLINTON ST,11201,76,UNKNOWN,Street,1.3883981429927317,False,BROOKLYN,"(40.6895825, -73.9946777)",trafficstat,False,False,False,False,False,False,False,False,False,,,,,,,
2026-07-23,00:00,40.6783977,-74.0024638,BROOKLYN QUEENS EXPWY EB ET 26,11231,76,UNKNOWN,Ramp,1.7050137140093555,False,BROOKLYN,"(40.6783977, -74.0024638)",trafficstat,True,False,False,False,False,False,False,True,False,,,,,,,
2026-07-14,00:00,40.6783977,-74.0024638,BROOKLYN QUEENS EXPWY EB ET 26,11231,76,UNKNOWN,Ramp,1.7050137140093555,False,BROOKLYN,"(40.6783977, -74.0024638)",trafficstat,True,False,False,False,False,False,False,True,False,,,,,,,
2026-07-13,00:00,40.6783977,-74.0024638,BROOKLYN QUEENS EXPWY EB ET 26,11231,76,UNKNOWN,Ramp,1.7050137140093555,False,BROOKLYN,"(40.6783977, -74.0024638)",trafficstat,False,False,False,False,False,False,False,False,False,,,,,,,
2026-06-15,00:00,40.6783977,-74.0024638,BROOKLYN QUEENS EXPWY EB ET 26,11231,76,UNKNOWN,Ramp,1.7050137140093555,False,BROOKLYN,"(40.6783977, -74.0024638)",trafficstat,False,False,False,False,False,False,False,False,False,,,,,,,
2026-07-23,00:00,40.6793281,-74.0033255,GOWANUS EXPY,11231,76,UNKNOWN,Ramp,3.1662398299218992,False,BROOKLYN,"(40.6793281, -74.0033255)",trafficstat,False,False,False,False,False,False,False,False,False,,,,,,,
2026-07-23,00:00,40.6876893,-73.9962841,WARREN ST,11201,76,UNKNOWN,Street,34.20338095665875,False,BROOKLYN,"(40.6876893, -73.9962841)",trafficstat,False,False,False,False,False,False,False,False,False,,,,,,,
2026-07-23,00:00,40.685062,-74.0026862,COLUMBIA ST,11231,76,UNKNOWN,Street,1.299633434989655,False,BROOKLYN,"(40.685062, -74.0026862)",trafficstat,False,False,False,False,False,False,False,False,False,,,,,,,
2026-07-23,00:00,40.6814603,-73.9964935,COURT ST,11231,76,UNKNOWN,Street,39.853363526249886,False,BROOKLYN,"(40.6814603, -73.9964935)",trafficstat,True,False,False,False,False,False,False,False,True,,,,,,,
2026-07-20,00:00,40.6739319,-73.9999459,COURT ST,11231,76,UNKNOWN,Street,1.8174227519182085,False,BROOKLYN,"(40.6739319, -73.9999459)",trafficstat,True,False,False,False,False,False,False,False,True,,,,,,,
2026-07-12,00:00,40.6739319,-73.9999459,COURT ST,11231,76,UNKNOWN,Street,1.8174227519182085,False,BROOKLYN,"(40.6739319, -73.9999459)",trafficstat,True,False,False,False,False,False,False,True,False,,,,,,,
2026-07-18,00:00,40.6776895,-74.0004037,CLINTON ST,11231,76,UNKNOWN,Street,1.615658685724865,False,BROOKLYN,"(40.6776895, -74.0004037)",trafficstat,False,False,False,False,False,False,False,False,False,,,,,,,
2026-07-12,00:00,40.6776895,-74.0004037,CLINTON ST,11231,76,UNKNOWN,Street,1.615658685724865,False,BROOKLYN,"(40.6776895, -74.0004037)",trafficstat,False,False,False,False,False,False,False,False,False,,,,,,,
2026-07-17,00:00,40.6759755,-73.9999359,HUNTINGTON ST,11231,76,UNKNOWN,Street,45.41067175486384,False,BROOKLYN,"(40.6759755, -73.9999359)",trafficstat,False,False,False,False,False,False,False,False,False,,,,,,,
2026-07-17,00:00,40.6846832,-74.0013268,HICKS ST,11231,76,UNKNOWN,Street,1.3537766454617552,False,BROOKLYN,"(40.6846832, -74.0013268)",trafficstat,True,False,False,False,False,False,False,False,False,,,,,,,
2026-07-16,00:00,40.6761195,-74.001287,W  9 ST,11231,76,UNKNOWN,Street,2.836078747448508,False,BROOKLYN,"(40.6761195, -74.001287)",trafficstat,False,False,False,False,False,False,False,False,False,,,,,,,
2026-07-16,00:00,40.667511,-74.0110869,COLUMBIA ST,11231,76,UNKNOWN,Street,138.9331300351824,False,BROOKLYN,"(40.667511, -74.0110869)",trafficstat,False,False,False,False,False,False,False,False,False,,,,,,,
2026-07-15,00:00,40.6744202,-74.0053169,HICKS ST,11231,76,UNKNOWN,Street,150.5331612132713,False,BROOKLYN,"(40.6744202, -74.0053169)",trafficstat,False,False,False,False,False,False,False,False,False,,,,,,,
2026-07-15,00:00,40.690535,-73.9980852,HICKS ST,11201,76,UNKNOWN,Street,1.7035869250817839,False,BROOKLYN,"(40.690535, -73.9980852)",trafficstat,False,False,False,False,False,False,False,False,False,,,,,,,
2026-07-14,00:00,40.672694,-73.9991528,GOWANUS EXPY,11231,76,UNKNOWN,Highway,26.78155781752844,False,BROOKLYN,"(40.672694, -73.9991528)",trafficstat,False,False,False,False,False,False,False,False,False,,,,,,,
2026-07-14,00:00,40.6861131,-73.9940902,COURT ST,11201,76,UNKNOWN,Street,1.7485391037694724,False,BROOKLYN,"(40.6861131, -73.9940902)",trafficstat,True,False,False,True,False,False,False,False,False,,,,,,,
2026-07-13,00:00,40.6857593,-73.9977538,STRONG PL,11231,76,UNKNOWN,Street,42.08617492128779,False,BROOKLYN,"(40.6857593, -73.9977538)",trafficstat,False,False,False,False,False,False,False,False,False,,,,,,,
2026-07-13,00:00,40.6788368,-73.9957926,SMITH ST,11231,76,UNKNOWN,Street,1.8271666179372879,False,BROOKLYN,"(40.6788368, -73.9957926)",trafficstat,False,False,False,False,False,False,False,False,False,,,,,,,
2026-07-12,00:00,40.67512,-74.0096112,OTSEGO ST,11231,76,UNKNOWN,Street,1.6993105047983987,False,BROOKLYN,"(40.67512, -74.0096112)",trafficstat,True,False,False,False,False,False,False,False,True,,,,,,,
2026-07-12,00:00,40.6834728,-73.9997259,HENRY ST,11231,76,OTHER,Street,1.3275035382103093,False,BROOKLYN,"(40.6834728, -73.9997259)",trafficstat,True,False,False,False,False,False,False,True,False,,,,,,,
2026-07-10,00:00,40.6809777,-74.0049718,HUGH L CAREY TUNL,11231,76,UNKNOWN,Street,39.7109569550824,False,BROOKLYN,"(40.6809777, -74.0049718)",trafficstat,False,False,False,False,False,False,False,False,False,,,,,,,
2026-07-10,00:00,40.6792281,-74.012797,KING ST,11231,76,OTHER,Street,18.296755672501433,False,BROOKLYN,"(40.6792281, -74.012797)",trafficstat,False,False,False,False,False,False,False,False,False,,,,,,,
2026-07-10,00:00,40.679992,-74.0098066,VAN BRUNT ST,11231,76,UNKNOWN,Street,1.6739182638234906,False,BROOKLYN,"(40.679992, -74.0098066)",trafficstat,True,False,True,False,False,False,False,False,False,,,,,,,
2026-07-09,00:00,40.6876841,-73.9941085,CONGRESS ST,11201,76,UNKNOWN,Street,73.33598870038169,False,BROOKLYN,"(40.6876841, -73.9941085)",trafficstat,False,False,False,False,False,False,False,False,False,,,,,,,
2026-07-09,00:00,40.6767967,-74.0135519,DIKEMAN ST,11231,76,UNKNOWN,Street,1.4746961443516469,False,BROOKLYN,"(40.6767967, -74.0135519)",trafficstat,False,False,False,False,False,False,False,False,False,,,,,,,
2026-07-09,00:00,40.6765631,-74.0160286,CONOVER ST,11231,76,UNKNOWN,Street,2.2247586892487337,False,BROOKLYN,"(40.6765631, -74.0160286)",trafficstat,False,False,False,False,False,False,False,False,False,,,,,,,
2026-07-06,00:00,40.6792376,-73.9996647,CLINTON ST,11231,76,OTHER,Street,1.0211759023280729,False,BROOKLYN,"(40.6792376, -73.9996647)",trafficstat,False,False,False,False,False,False,False,False,False,,,,,,,
2026-07-04,00:00,40.682957,-73.99787,CLINTON ST,11231,76,UNKNOWN,Street,1.709834246516272,False,BROOKLYN,"(40.682957, -73.99787)",trafficstat,False,False,False,False,False,False,False,False,False,,,,,,,
2026-07-04,00:00,40.6740946,-74.0169172,VAN BRUNT ST,11231,76,UNKNOWN,Street,37.03341162884149,False,BROOKLYN,"(40.6740946, -74.0169172)",trafficstat,False,False,False,False,False,False,False,False,False,,,,,,,
2026-07-04,00:00,40.6917675,-73.9999134,COLUMBIA ST,11201,76,UNKNOWN,Ramp,1.7273292704980823,False,BROOKLYN,"(40.6917675, -73.9999134)",trafficstat,True,False,False,False,False,False,False,False,True,,,,,,,
2026-07-01,00:00,40.6917675,-73.9999134,COLUMBIA ST,11201,76,UNKNOWN,Ramp,1.7273292704980823,False,BROOKLYN,"(40.6917675, -73.9999134)",trafficstat,False,False,False,False,False,False,False,False,False,,,,,,,
2026-06-29,00:00,40.6917675,-73.9999134,COLUMBIA ST,11201,76,UNKNOWN,Ramp,1.7273292704980823,False,BROOKLYN,"(40.6917675, -73.9999134)",trafficstat,False,False,False,False,False,False,False,False,False,,,,,,,
2026-06-17,00:00,40.6917675,-73.9999134,COLUMBIA ST,11201,76,UNKNOWN,Ramp,1.7273292704980823,False,BROOKLYN,"(40.6917675, -73.9999134)",trafficstat,False,False,False,False,False,False,False,False,False,,,,,,,
2026-06-15,00:00,40.6917675,-73.9999134,COLUMBIA ST,11201,76,UNKNOWN,Ramp,1.7273292704980823,False,BROOKLYN,"(40.6917675, -73.9999134)",trafficstat,False,False,False,False,False,False,False,False,False,,,,,,,
2026-07-03,00:00,40.6872551,-73.9998737,KANE ST,11231,76,UNKNOWN,Street,2.2357337506208093,False,BROOKLYN,"(40.6872551, -73.9998737)",trafficstat,False,False,False,False,False,False,False,False,False,,,,,,,
2026-07-02,00:00,40.6741459,-74.006006,HICKS ST,11231,76,UNKNOWN,Street,1.2394339237918655,False,BROOKLYN,"(40.6741459, -74.006006)",trafficstat,True,False,True,False,False,False,False,False,False,,,,,,,
2026-07-02,00:00,40.6820699,-73.9879982,BOND ST,11217,76,UNKNOWN,Street,35.76634458712379,False,BROOKLYN,"(40.6820699, -73.9879982)",trafficstat,True,False,True,False,False,False,False,False,False,,,,,,,
2026-07-01,00:00,40.6771621,-73.9938279,4 ST,11231,76,UNKNOWN,Street,33.23655938969549,False,BROOKLYN,"(40.6771621, -73.9938279)",trafficstat,True,False,True,False,False,False,False,False,False,,,,,,,
2026-06-30,00:00,40.6719213,-74.0116096,IKEA BUS TERMINAL DY,11231,76,OTHER,Driveway,124.98419147946453,False,BROOKLYN,"(40.6719213, -74.0116096)",trafficstat,True,False,False,False,False,False,False,True,False,,,,,,,
2026-06-30,00:00,40.6761735,-73.9997942,HUNTINGTON ST,11231,76,UNKNOWN,Street,35.95049186744625,False,BROOKLYN,"(40.6761735, -73.9997942)",trafficstat,False,False,False,False,False,False,False,False,False,,,,,,,
2026-06-30,00:00,40.6909206,-73.9975079,HICKS ST,11201,76,OTHER,Street,103.75521708894571,False,BROOKLYN,"(40.6909206, -73.9975079)",trafficstat,True,False,False,False,False,False,True,False,False,,,,,,,
2026-06-26,00:00,40.6747416,-73.9977684,SMITH ST,11231,76,UNKNOWN,Street,1.7323785255349473,False,BROOKLYN,"(40.6747416, -73.9977684)",trafficstat,True,False,True,False,False,False,False,False,False,,,,,,,
2026-06-26,00:00,40.6819355,-74.0057182,WOODHULL ST,11231,76,UNKNOWN,Street,3.1535237941630467,False,BROOKLYN,"(40.6819355, -74.0057182)",trafficstat,True,False,False,False,False,True,False,False,False,,,,,,,
2026-06-24,00:00,40.6762437,-73.9907304,3 ST,11231,76,UNKNOWN,Bridge,48.662449435514894,False,BROOKLYN,"(40.6762437, -73.9907304)",trafficstat,True,False,False,True,False,False,False,False,False,,,,,,,
2026-06-24,00:00,40.6795201,-73.9925874,HOYT ST,11231,76,UNKNOWN,Street,1.5374721632133204,False,BROOKLYN,"(40.6795201, -73.9925874)",trafficstat,False,False,False,False,False,False,False,False,False,,,,,,,
2026-06-23,00:00,40.6820961,-73.9970543,PRESIDENT ST,11231,76,UNKNOWN,Street,42.442608196502135,False,BROOKLYN,"(40.6820961, -73.9970543)",trafficstat,False,False,False,False,False,False,False,False,False,,,,,,,
2026-06-23,00:00,40.6792814,-74.0036017,GOWANUS EXPY,11231,76,UNKNOWN,Highway,0.2776491729210262,False,BROOKLYN,"(40.6792814, -74.0036017)",trafficstat,False,False,False,False,False,False,False,False,False,,,,,,,
2026-06-23,00:00,40.6847409,-74.0010182,BROOKLYN QUEENS EXPY,11231,76,OTHER,Highway,0.29147945246766116,False,BROOKLYN,"(40.6847409, -74.0010182)",trafficstat,False,False,False,False,False,False,False,False,False,,,,,,,
2026-06-23,00:00,40.6821058,-73.9984316,CLINTON ST,11231,76,UNKNOWN,Street,38.11648750620381,False,BROOKLYN,"(40.6821058, -73.9984316)",trafficstat,False,False,False,False,False,False,False,False,False,,,,,,,
2026-06-22,00:00,40.6833142,-73.9967919,SACKETT ST,11231,76,UNKNOWN,Street,37.312013930231785,False,BROOKLYN,"(40.6833142, -73.9967919)",trafficstat,True,False,True,False,False,False,False,False,False,,,,,,,
2026-06-20,00:00,40.6820482,-74.0023161,BROOKLYN QUEENS EXPY,11231,76,UNKNOWN,Highway,0.8287153799105673,False,BROOKLYN,"(40.6820482, -74.0023161)",trafficstat,True,False,False,False,False,False,False,False,True,,,,,,,
2026-06-20,00:00,40.6865988,-74.0084208,HUGH L CAREY TUNL,10004,76,UNKNOWN,Tunnel,91.3156066299719,False,BROOKLYN,"(40.6865988, -74.0084208)",trafficstat,True,False,False,False,False,False,False,True,False,,,,,,,
2026-06-18,00:00,40.6865988,-74.0084208,HUGH L CAREY TUNL,10004,76,UNKNOWN,Tunnel,91.3156066299719,False,BROOKLYN,"(40.6865988, -74.0084208)",trafficstat,True,False,False,False,False,False,False,False,True,,,,,,,
2026-06-20,00:00,40.6819884,-73.9930422,SACKETT ST,11231,76,UNKNOWN,Street,39.95241489703354,False,BROOKLYN,"(40.6819884, -73.9930422)",trafficstat,False,False,False,False,False,False,False,False,False,,,,,,,
2026-06-19,00:00,40.6797617,-74.0052205,COLUMBIA ST,11231,76,UNKNOWN,Street,1.5949330906203774,False,BROOKLYN,"(40.6797617, -74.0052205)",trafficstat,False,False,False,False,False,False,False,False,False,,,,,,,
2026-06-19,00:00,40.6771925,-74.0064929,COLUMBIA ST,11231,76,UNKNOWN,Street,1.1174753827519244,False,BROOKLYN,"(40.6771925, -74.0064929)",trafficstat,True,False,False,False,False,False,False,False,True,,,,,,,
2026-06-19,00:00,40.689894,-73.9936578,ATLANTIC AVE,11201,76,UNKNOWN,Street,54.81120486658793,False,BROOKLYN,"(40.689894, -73.9936578)",trafficstat,False,False,False,False,False,False,False,False,False,,,,,,,
2026-06-18,00:00,40.6798693,-73.9959477,1 PL,11231,76,UNKNOWN,Street,65.1698837317818,False,BROOKLYN,"(40.6798693, -73.9959477)",trafficstat,False,False,False,False,False,False,False,False,False,,,,,,,
2026-06-18,00:00,40.6886165,-73.9994302,HICKS ST,11201,76,UNKNOWN,Street,1.6009744840210403,False,BROOKLYN,"(40.6886165, -73.9994302)",trafficstat,True,False,False,False,False,False,False,True,False,,,,,,,
2026-06-18,00:00,40.6829567,-73.9978727,CLINTON ST,11231,76,UNKNOWN,Street,1.0437501848201365,False,BROOKLYN,"(40.6829567, -73.9978727)",trafficstat,True,False,False,True,False,False,True,False,False,,,,,,,
2026-06-14,00:00,40.6809337,-74.0049358,HUGH L CAREY TUNL,11231,76,UNKNOWN,Street,39.43491141534426,False,BROOKLYN,"(40.6809337, -74.0049358)",trafficstat,False,False,False,False,False,False,False,False,False,,,,,,,
2026-06-14,00:00,40.6817078,-74.0043013,COLUMBIA ST,11231,76,UNKNOWN,Street,1.3350922799672151,False,BROOKLYN,"(40.6817078, -74.0043013)",trafficstat,True,False,False,True,False,False,False,False,False,,,,,,,
2026-06-12,00:00,40.6820582,-73.9864648,BUTLER ST,11217,76,UNKNOWN,Street,32.42593234310548,False,BROOKLYN,"(40.6820582, -73.9864648)",trafficstat,True,False,False,True,False,False,False,False,False,,,,,,,
2026-06-12,00:00,40.6747576,-74.010552,DWIGHT ST,11231,76,UNKNOWN,Street,2.5062415036288135,False,BROOKLYN,"(40.6747576, -74.010552)",trafficstat,True,False,False,False,False,False,False,False,True,,,,,,,
2026-09-13,00:00,40.6667376,-73.9917345,15 ST,11215,78,UNKNOWN,Street,2.194350994845557,False,BROOKLYN,"(40.6667376, -73.9917345)",trafficstat,False,False,False,False,False,False,False,False,False,,,,,,,
2026-09-10,00:00,40.6685789,-73.9867993,5 AVE,11215,78,UNKNOWN,Street,1.9109818796787188,False,BROOKLYN,"(40.6685789, -73.9867993)",trafficstat,True,False,False,True,False,False,False,False,False,,,,,,,
2026-09-09,00:00,40.674856,-73.9707807,GRAND ARMY PLZ,11238,78,UNKNOWN,Street,0.2539998585779655,False,BROOKLYN,"(40.674856, -73.9707807)",trafficstat,True,False,False,False,False,False,False,True,False,,,,,,,
2026-08-23,00:00,40.674856,-73.9707807,GRAND ARMY PLZ,11238,78,UNKNOWN,Street,0.2539998585779655,False,BROOKLYN,"(40.674856, -73.9707807)",trafficstat,True,False,False,False,False,False,False,True,True,,,,,,,
2026-08-16,00:00,40.674856,-73.9707807,GRAND ARMY PLZ,11238,78,UNKNOWN,Street,0.2539998585779655,False,BROOKLYN,"(40.674856, -73.9707807)",trafficstat,False,False,False,False,False,False,False,False,False,,,,,,,
2026-07-24,00:00,40.674856,-73.9707807,GRAND ARMY PLZ,11238,78,UNKNOWN,Street,0.2539998585779655,False,BROOKLYN,"(40.674856, -73.9707807)",trafficstat,True,False,False,False,False,False,False,False,False,,,,,,,
2026-07-17,00:00,40.674856,-73.9707807,GRAND ARMY PLZ,11238,78,OTHER,Street,0.2539998585779655,False,BROOKLYN,"(40.674856, -73.9707807)",trafficstat,True,False,False,False,False,False,False,True,False,,,,,,,
2026-07-12,00:00,40.674856,-73.9707807,GRAND ARMY PLZ,11238,78,UNKNOWN,Street,0.2539998585779655,False,BROOKLYN,"(40.674856, -73.9707807)",trafficstat,False,False,False,False,False,False,False,False,False,,,,,,,
2026-06-25,00:00,40.674856,-73.9707807,GRAND ARMY PLZ,11238,78,UNKNOWN,Street,0.2539998585779655,False,BROOKLYN,"(40.674856, -73.9707807)",trafficstat,True,False,False,False,False,False,False,False,True,,,,,,,
2026-09-09,00:00,40.6840524,-73.9774578,FLATBUSH AVE,11217,78,UNKNOWN,Street,1.268142565446953,False,BROOKLYN,"(40.6840524, -73.9774578)",trafficstat,False,False,False,False,False,False,False,False,False,,,,,,,
2026-08-06,00:00,40.6840524,-73.9774578,FLATBUSH AVE,11217,78,UNKNOWN,Street,1.268142565446953,False,BROOKLYN,"(40.6840524, -73.9774578)",trafficstat,True,False,False,False,False,False,False,True,False,,,,,,,
2026-06-26,00:00,40.6840524,-73.9774578,FLATBUSH AVE,11217,78,UNKNOWN,Street,1.268142565446953,False,BROOKLYN,"(40.6840524, -73.9774578)",trafficstat,False,False,False,False,False,False,False,False,False,,,,,,,
2026-06-18,00:00,40.6840524,-73.9774578,FLATBUSH AVE,11217,78,UNKNOWN,Street,1.268142565446953,False,BROOKLYN,"(40.6840524, -73.9774578)",trafficstat,True,False,False,True,False,False,False,False,False,,,,,,,
2026-06-15,00:00,40.6840524,-73.9774578,FLATBUSH AVE,11217,78,UNKNOWN,Street,1.268142565446953,False,BROOKLYN,"(40.6840524, -73.9774578)",trafficstat,False,False,False,False,False,False,False,False,False,,,,,,,
2026-09-08,00:00,40.6783697,-73.9873308,PRESIDENT ST,11215,78,OTHER,Street,27.281161139813687,False,BROOKLYN,"(40.6783697, -73.9873308)",trafficstat,False,False,False,False,False,False,False,False,False,,,,,,,
2026-09-08,00:00,40.6744673,-73.9754674,7 AVE,11215,78,UNKNOWN,Street,1.3514794027095987,False,BROOKLYN,"(40.6744673, -73.9754674)",trafficstat,False,False,False,False,False,False,False,False,False,,,,,,,
2026-09-08,00:00,40.672748,-73.9710087,UNION ST,11215,78,UNKNOWN,Street,2.759460824672676,False,BROOKLYN,"(40.672748, -73.9710087)",trafficstat,False,False,False,False,False,False,False,False,False,,,,,,,
2026-09-07,00:00,40.6749587,-73.9709399,FLATBUSH AVE,11238,78,OTHER,Street,22.037966418664205,False,BROOKLYN,"(40.6749587, -73.9709399)",trafficstat,True,False,True,False,False,False,False,False,False,,,,,,,
2026-09-06,00:00,40.6844232,-73.9783879,4 AVE,11217,78,UNKNOWN,Street,0.02540130581935823,False,BROOKLYN,"(40.6844232, -73.9783879)",trafficstat,True,False,True,False,False,False,True,False,False,,,,,,,
2026-09-04,00:00,40.6721582,-73.9658545,EASTERN PKWY,11238,78,UNKNOWN,Street,120.52199390049375,False,BROOKLYN,"(40.6721582, -73.9658545)",trafficstat,True,False,True,False,False,False,False,False,False,,,,,,,
2026-09-03,00:00,40.6776955,-73.9799227,DEGRAW ST,11217,78,OTHER,Street,38.040206905663624,False,BROOKLYN,"(40.6776955, -73.9799227)",trafficstat,False,False,False,False,False,False,False,False,False,,,,,,,
2026-09-03,00:00,40.6693428,-73.9851251,8 ST,11215,78,UNKNOWN,Street,37.99097925367675,False,BROOKLYN,"(40.6693428, -73.9851251)",trafficstat,True,False,False,False,False,False,False,False,False,,,,,,,
2026-09-03,00:00,40.6654081,-73.9653509,EAST DR,11226,78,UNKNOWN,Street,223.6376516958439,False,BROOKLYN,"(40.6654081, -73.9653509)",trafficstat,True,False,True,False,False,False,False,False,False,,,,,,,
2026-08-16,00:00,40.6654081,-73.9653509,EAST DR,11226,78,OTHER,Street,223.6376516958439,False,BROOKLYN,"(40.6654081, -73.9653509)",trafficstat,True,False,True,False,False,False,False,True,False,,,,,,,
2026-08-07,00:00,40.6654081,-73.9653509,EAST DR,11226,78,UNKNOWN,Street,223.6376516958439,False,BROOKLYN,"(40.6654081, -73.9653509)",trafficstat,True,False,False,False,False,False,False,False,True,,,,,,,
2026-07-02,00:00,40.6654081,-73.9653509,EAST DR,11226,78,UNKNOWN,Street,223.6376516958439,False,BROOKLYN,"(40.6654081, -73.9653509)",trafficstat,False,False,False,False,False,False,False,False,False,,,,,,,
2026-06-25,00:00,40.6654081,-73.9653509,EAST DR,11226,78,OTHER,Street,223.6376516958439,False,BROOKLYN,"(40.6654081, -73.9653509)",trafficstat,True,False,True,False,True,False,False,False,False,,,,,,,