crash_date,crash_time,latitude,longitude,on_street_name,zip_code,precinct,collision_type,roadway_type,geocode_dist_feet,time_is_known,borough,location,source,injury,fatality,injured_pedestrian,injured_cyclist,injured_ebike_rider,injured_motorcyclist,injured_moped_rider,injured_car_occupant,injured_suv_occupant,number_of_persons_injured,number_of_persons_killed,contributing_factor_vehicle_1,collision_id,cross_street_name,off_street_name,vehicle_type_code1
2026-06-22,00:00,40.6654081,-73.9653509,EAST DR,11226,78,OTHER,Street,223.6376516958439,False,BROOKLYN,"(40.6654081, -73.9653509)",trafficstat,True,False,False,False,True,False,False,False,False,,,,,,,
2026-09-02,00:00,40.6636062,-73.9802864,12 ST,11215,78,UNKNOWN,Street,42.94814489116766,False,BROOKLYN,"(40.6636062, -73.9802864)",trafficstat,False,False,False,False,False,False,False,False,False,,,,,,,
2026-09-02,00:00,40.6764115,-73.9804599,5 AVE,11215,78,OTHER,Street,1.8761126740546712,False,BROOKLYN,"(40.6764115, -73.9804599)",trafficstat,True,False,True,False,False,False,False,False,False,,,,,,,
2026-09-02,00:00,40.6808805,-73.9837107,3 AVE,11217,78,OTHER,Street,1.813969080797313,False,BROOKLYN,"(40.6808805, -73.9837107)",trafficstat,True,False,False,False,False,False,False,False,True,,,,,,,
2026-09-02,00:00,40.6796273,-73.9752947,6 AVE,11217,78,UNKNOWN,Street,40.3306444803097,False,BROOKLYN,"(40.6796273, -73.9752947)",trafficstat,False,False,False,False,False,False,False,False,False,,,,,,,
2026-09-02,00:00,40.6796752,-73.9731797,ST MARKS AVE,11217,78,UNKNOWN,Street,57.251268207608206,False,BROOKLYN,"(40.6796752, -73.9731797)",trafficstat,True,False,False,False,False,False,False,True,False,,,,,,,
2026-09-01,00:00,40.6799525,-73.9813241,BUTLER ST,11217,78,UNKNOWN,Street,2.2399160327243672,False,BROOKLYN,"(40.6799525, -73.9813241)",trafficstat,True,False,False,True,False,False,False,False,False,,,,,,,
2026-07-03,00:00,40.6799525,-73.9813241,BUTLER ST,11217,78,UNKNOWN,Street,2.2399160327243672,False,BROOKLYN,"(40.6799525, -73.9813241)",trafficstat,False,False,False,False,False,False,False,False,False,,,,,,,
2026-06-25,00:00,40.6799525,-73.9813241,BUTLER ST,11217,78,UNKNOWN,Street,2.2399160327243672,False,BROOKLYN,"(40.6799525, -73.9813241)",trafficstat,True,False,False,False,False,False,False,True,False,,,,,,,
2026-09-01,00:00,40.6709615,-73.988212,8 ST,11215,78,UNKNOWN,Street,2.1374879509711233,False,BROOKLYN,"(40.6709615, -73.988212)",trafficstat,False,False,False,False,False,False,False,False,False,,,,,,,
2026-08-31,00:00,40.6790944,-73.9740674,FLATBUSH AVE,11217,78,UNKNOWN,Street,55.78326955614846,False,BROOKLYN,"(40.6790944, -73.9740674)",trafficstat,True,False,False,False,False,False,False,True,False,,,,,,,
2026-07-17,00:00,40.6790944,-73.9740674,FLATBUSH AVE,11217,78,UNKNOWN,Street,55.78326955614846,False,BROOKLYN,"(40.6790944, -73.9740674)",trafficstat,False,False,False,False,False,False,False,False,False,,,,,,,
2026-08-31,00:00,40.6809568,-73.9676773,VANDERBILT AVE,11238,78,UNKNOWN,Street,1.2703261573284867,False,BROOKLYN,"(40.6809568, -73.9676773)",trafficstat,False,False,False,False,False,False,False,False,False,,,,,,,
2026-08-29,00:00,40.6675701,-73.9777157,6 ST,11215,78,UNKNOWN,Street,1.9676466934849333,False,BROOKLYN,"(40.6675701, -73.9777157)",trafficstat,True,False,False,False,False,False,True,False,False,,,,,,,
2026-07-24,00:00,40.6675701,-73.9777157,6 ST,11215,78,UNKNOWN,Street,1.9676466934849333,False,BROOKLYN,"(40.6675701, -73.9777157)",trafficstat,False,False,False,False,False,False,False,False,False,,,,,,,
2026-08-27,00:00,40.6697837,-73.985797,5 AVE,11215,78,UNKNOWN,Street,1.289715145457799,False,BROOKLYN,"(40.6697837, -73.985797)",trafficstat,True,False,False,False,False,False,True,False,False,,,,,,,
2026-08-27,00:00,40.6816854,-73.9772732,BERGEN ST,11217,78,OTHER,Street,30.405898705239355,False,BROOKLYN,"(40.6816854, -73.9772732)",trafficstat,False,False,False,False,False,False,False,False,False,,,,,,,
2026-08-27,00:00,40.6726463,-73.9704067,PROSPECT PARK W,11215,78,UNKNOWN,Street,1.6327028704785915,False,BROOKLYN,"(40.6726463, -73.9704067)",trafficstat,False,False,False,False,False,False,False,False,False,,,,,,,
2026-08-14,00:00,40.6726463,-73.9704067,PROSPECT PARK W,11215,78,UNKNOWN,Street,1.6327028704785915,False,BROOKLYN,"(40.6726463, -73.9704067)",trafficstat,False,False,False,False,False,False,False,False,False,,,,,,,
2026-08-26,00:00,40.6754679,-73.9848571,1 ST,11215,78,OTHER,Street,64.80104699093043,False,BROOKLYN,"(40.6754679, -73.9848571)",trafficstat,False,False,False,False,False,False,False,False,False,,,,,,,
2026-08-26,00:00,40.6681031,-73.9805705,7 AVE,11215,78,UNKNOWN,Street,1.607604790911146,False,BROOKLYN,"(40.6681031, -73.9805705)",trafficstat,False,False,False,False,False,False,False,False,False,,,,,,,
2026-08-25,00:00,40.6698499,-73.9961918,14 ST,11215,78,UNKNOWN,Street,31.29810587045659,False,BROOKLYN,"(40.6698499, -73.9961918)",trafficstat,False,False,False,False,False,False,False,False,False,,,,,,,
2026-08-25,00:00,40.6777079,-73.9858602,3 AVE,11215,78,UNKNOWN,Street,1.9067639082604508,False,BROOKLYN,"(40.6777079, -73.9858602)",trafficstat,True,False,False,False,False,False,False,False,False,,,,,,,
2026-08-23,00:00,40.6818516,-73.9800365,ST MARKS PL,11217,78,UNKNOWN,Street,2.9800637413757762,False,BROOKLYN,"(40.6818516, -73.9800365)",trafficstat,False,False,False,False,False,False,False,False,False,,,,,,,
2026-08-23,00:00,40.6680075,-73.9852876,10 ST,11215,78,UNKNOWN,Street,46.88787531502773,False,BROOKLYN,"(40.6680075, -73.9852876)",trafficstat,False,False,False,False,False,False,False,False,False,,,,,,,
2026-08-23,00:00,40.6719879,-73.9778885,1 ST,11215,78,UNKNOWN,Street,32.296018900063935,False,BROOKLYN,"(40.6719879, -73.9778885)",trafficstat,False,False,False,False,False,False,False,False,False,,,,,,,
2026-08-22,00:00,40.6836717,-73.9755725,ATLANTIC AVE,11217,78,UNKNOWN,Street,56.55239618451448,False,BROOKLYN,"(40.6836717, -73.9755725)",trafficstat,True,False,False,False,False,False,False,True,False,,,,,,,
2026-07-24,00:00,40.6836717,-73.9755725,ATLANTIC AVE,11217,78,OTHER,Street,56.55239618451448,False,BROOKLYN,"(40.6836717, -73.9755725)",trafficstat,False,False,False,False,False,False,False,False,False,,,,,,,
2026-07-15,00:00,40.6836717,-73.9755725,ATLANTIC AVE,11217,78,UNKNOWN,Street,56.55239618451448,False,BROOKLYN,"(40.6836717, -73.9755725)",trafficstat,False,False,False,False,False,False,False,False,False,,,,,,,
2026-07-04,00:00,40.6836717,-73.9755725,ATLANTIC AVE,11217,78,UNKNOWN,Street,56.55239618451448,False,BROOKLYN,"(40.6836717, -73.9755725)",trafficstat,False,False,False,False,False,False,False,False,False,,,,,,,
2026-06-30,00:00,40.6836717,-73.9755725,ATLANTIC AVE,11217,78,UNKNOWN,Street,56.55239618451448,False,BROOKLYN,"(40.6836717, -73.9755725)",trafficstat,False,False,False,False,False,False,False,False,False,,,,,,,
2026-06-26,00:00,40.6836717,-73.9755725,ATLANTIC AVE,11217,78,UNKNOWN,Street,56.55239618451448,False,BROOKLYN,"(40.6836717, -73.9755725)",trafficstat,True,False,True,False,False,False,False,False,False,,,,,,,
2026-08-21,00:00,40.6746582,-73.970258,GRAND ARMY PLZ,11238,78,UNKNOWN,Street,2.4001337582225313,False,BROOKLYN,"(40.6746582, -73.970258)",trafficstat,False,False,False,False,False,False,False,False,False,,,,,,,
2026-08-06,00:00,40.6746582,-73.970258,GRAND ARMY PLZ,11238,78,UNKNOWN,Street,2.4001337582225313,False,BROOKLYN,"(40.6746582, -73.970258)",trafficstat,True,False,False,False,False,False,False,False,True,,,,,,,
2026-07-01,00:00,40.6746582,-73.970258,GRAND ARMY PLZ,11238,78,UNKNOWN,Street,2.4001337582225313,False,BROOKLYN,"(40.6746582, -73.970258)",trafficstat,True,False,False,False,False,False,False,True,False,,,,,,,
2026-08-20,00:00,40.6829708,-73.976665,PACIFIC ST,11217,78,OTHER,Street,3.605298313161981,False,BROOKLYN,"(40.6829708, -73.976665)",trafficstat,True,False,False,False,False,False,False,True,False,,,,,,,
2026-08-18,00:00,40.6739102,-73.9888881,3 AVE,11215,78,UNKNOWN,Street,22.8619879413648,False,BROOKLYN,"(40.6739102, -73.9888881)",trafficstat,False,False,False,False,False,False,False,False,False,,,,,,,
2026-08-18,00:00,40.6681474,-73.9873466,5 AVE,11215,78,UNKNOWN,Street,42.321241150526504,False,BROOKLYN,"(40.6681474, -73.9873466)",trafficstat,False,False,False,False,False,False,False,False,False,,,,,,,
2026-08-17,00:00,40.6707081,-73.9914654,10 ST,11215,78,UNKNOWN,Street,41.1145674010099,False,BROOKLYN,"(40.6707081, -73.9914654)",trafficstat,False,False,False,False,False,False,False,False,False,,,,,,,
2026-08-15,00:00,40.6711301,-73.9848575,6 ST,11215,78,UNKNOWN,Street,30.926975558392396,False,BROOKLYN,"(40.6711301, -73.9848575)",trafficstat,False,False,False,False,False,False,False,False,False,,,,,,,
2026-08-14,00:00,40.6680295,-73.9839445,6 AVE,11215,78,OTHER,Street,1.8169126494188896,False,BROOKLYN,"(40.6680295, -73.9839445)",trafficstat,True,False,False,True,False,False,False,False,False,,,,,,,
2026-08-14,00:00,40.6808935,-73.9742954,6 AVE,11217,78,UNKNOWN,Street,41.51361178600859,False,BROOKLYN,"(40.6808935, -73.9742954)",trafficstat,False,False,False,False,False,False,False,False,False,,,,,,,
2026-08-14,00:00,40.6795477,-73.9738915,ST MARKS AVE,11217,78,UNKNOWN,Street,38.637485998072854,False,BROOKLYN,"(40.6795477, -73.9738915)",trafficstat,False,False,False,False,False,False,False,False,False,,,,,,,
2026-08-14,00:00,40.6815046,-73.9742282,6 AVE,11217,78,UNKNOWN,Street,0.7424839572972126,False,BROOKLYN,"(40.6815046, -73.9742282)",trafficstat,True,False,False,True,False,False,False,False,False,,,,,,,
2026-08-13,00:00,40.6709017,-73.9968493,HAMILTON PL,11215,78,UNKNOWN,Street,2.2471042792442195,False,BROOKLYN,"(40.6709017, -73.9968493)",trafficstat,False,False,False,False,False,False,False,False,False,,,,,,,
2026-08-12,00:00,40.6711011,-73.9956858,12 ST,11215,78,UNKNOWN,Street,23.271672328513876,False,BROOKLYN,"(40.6711011, -73.9956858)",trafficstat,False,False,False,False,False,False,False,False,False,,,,,,,
2026-08-12,00:00,40.6760734,-73.9775326,6 AVE,11217,78,UNKNOWN,Street,1.1866836276122228,False,BROOKLYN,"(40.6760734, -73.9775326)",trafficstat,False,False,False,False,False,False,False,False,False,,,,,,,
2026-08-12,00:00,40.6794198,-73.9682261,VANDERBILT AVE,11238,78,UNKNOWN,Street,1.215506023372185,False,BROOKLYN,"(40.6794198, -73.9682261)",trafficstat,True,False,True,False,False,False,False,False,False,,,,,,,
2026-07-13,00:00,40.6794198,-73.9682261,VANDERBILT AVE,11238,78,UNKNOWN,Street,1.215506023372185,False,BROOKLYN,"(40.6794198, -73.9682261)",trafficstat,True,False,True,False,False,False,False,False,False,,,,,,,
2026-08-12,00:00,40.6670838,-73.9892754,13 ST,11215,78,OTHER,Street,49.87278427661311,False,BROOKLYN,"(40.6670838, -73.9892754)",trafficstat,False,False,False,False,False,False,False,False,False,,,,,,,
2026-08-12,00:00,40.6720049,-73.9938788,2 AVE,11215,78,UNKNOWN,Street,1.8157910905872936,False,BROOKLYN,"(40.6720049, -73.9938788)",trafficstat,True,False,True,False,False,False,False,False,False,,,,,,,
2026-08-11,00:00,40.6652148,-73.9763323,PROSPECT PARK W,11215,78,UNKNOWN,Street,2.0490283271189695,False,BROOKLYN,"(40.6652148, -73.9763323)",trafficstat,False,False,False,False,False,False,False,False,False,,,,,,,
2026-08-11,00:00,40.6663599,-73.9787146,8 AVE,11215,78,UNKNOWN,Street,2.1815613460561463,False,BROOKLYN,"(40.6663599, -73.9787146)",trafficstat,False,False,False,False,False,False,False,False,False,,,,,,,
2026-08-11,00:00,40.6808708,-73.9751442,FLATBUSH AVE,11217,78,OTHER,Street,1.619725540482521,False,BROOKLYN,"(40.6808708, -73.9751442)",trafficstat,True,False,False,True,False,False,False,False,False,,,,,,,
2026-07-13,00:00,40.6808708,-73.9751442,FLATBUSH AVE,11217,78,OTHER,Street,1.619725540482521,False,BROOKLYN,"(40.6808708, -73.9751442)",trafficstat,True,False,False,False,False,False,False,False,True,,,,,,,
2026-08-10,00:00,40.6814098,-73.9757518,FLATBUSH AVE,11217,78,OTHER,Street,55.41997054709851,False,BROOKLYN,"(40.6814098, -73.9757518)",trafficstat,False,False,False,False,False,False,False,False,False,,,,,,,
2026-08-10,00:00,40.661595,-73.9793505,PROSPECT PARK W,11215,78,OTHER,Street,1.9313591551782097,False,BROOKLYN,"(40.661595, -73.9793505)",trafficstat,False,False,False,False,False,False,False,False,False,,,,,,,
2026-08-10,00:00,40.6817482,-73.9721352,PACIFIC ST,11217,78,UNKNOWN,Street,52.412877704601,False,BROOKLYN,"(40.6817482, -73.9721352)",trafficstat,False,False,False,False,False,False,False,False,False,,,,,,,
2026-08-09,00:00,40.6802668,-73.9746901,FLATBUSH AVE,11217,78,UNKNOWN,Street,0.8258117093507277,False,BROOKLYN,"(40.6802668, -73.9746901)",trafficstat,False,False,False,False,False,False,False,False,False,,,,,,,
2026-08-09,00:00,40.6690711,-73.9762167,8 AVE,11215,78,OTHER,Street,57.18767378231788,False,BROOKLYN,"(40.6690711, -73.9762167)",trafficstat,True,False,False,True,False,False,False,False,False,,,,,,,
2026-08-09,00:00,40.6699089,-73.9790631,7 AVE,11215,78,OTHER,Street,2.112173676366884,False,BROOKLYN,"(40.6699089, -73.9790631)",trafficstat,True,False,True,False,False,False,False,False,False,,,,,,,
2026-08-09,00:00,40.6821172,-73.9765967,5 AVE,11217,78,UNKNOWN,Street,1.681548414701608,False,BROOKLYN,"(40.6821172, -73.9765967)",trafficstat,False,False,False,False,False,False,False,False,False,,,,,,,
2026-06-24,00:00,40.6821172,-73.9765967,5 AVE,11217,78,UNKNOWN,Street,1.681548414701608,False,BROOKLYN,"(40.6821172, -73.9765967)",trafficstat,True,False,False,True,False,False,False,False,False,,,,,,,
2026-08-07,00:00,40.681858,-73.9761831,DEAN ST,11217,78,UNKNOWN,Street,37.6423936632456,False,BROOKLYN,"(40.681858, -73.9761831)",trafficstat,False,False,False,False,False,False,False,False,False,,,,,,,
2026-08-06,00:00,40.6799166,-73.9796074,BALTIC ST,11217,78,UNKNOWN,Street,57.478829124150984,False,BROOKLYN,"(40.6799166, -73.9796074)",trafficstat,False,False,False,False,False,False,False,False,False,,,,,,,
2026-08-06,00:00,40.6745733,-73.9852011,2 ST,11215,78,UNKNOWN,Street,2.072069653787231,False,BROOKLYN,"(40.6745733, -73.9852011)",trafficstat,True,False,False,False,False,False,False,True,False,,,,,,,
2026-08-06,00:00,40.6704853,-73.989445,9 ST,11215,78,UNKNOWN,Street,70.47490687658316,False,BROOKLYN,"(40.6704853, -73.989445)",trafficstat,False,False,False,False,False,False,False,False,False,,,,,,,
2026-08-06,00:00,40.6726033,-73.9933776,9 ST,11215,78,UNKNOWN,Street,2.3784660942809976,False,BROOKLYN,"(40.6726033, -73.9933776)",trafficstat,False,False,False,False,False,False,False,False,False,,,,,,,
2026-08-05,00:00,40.6744684,-73.9758247,UNION ST,11215,78,UNKNOWN,Street,47.06300855718322,False,BROOKLYN,"(40.6744684, -73.9758247)",trafficstat,False,False,False,False,False,False,False,False,False,,,,,,,
2026-08-04,00:00,40.6698516,-73.983888,7 ST,11215,78,UNKNOWN,Street,42.34265305381842,False,BROOKLYN,"(40.6698516, -73.983888)",trafficstat,False,False,False,False,False,False,False,False,False,,,,,,,
2026-08-03,00:00,40.6699296,-73.9722555,PROSPECT PARK W,11215,78,OTHER,Street,35.80767616115249,False,BROOKLYN,"(40.6699296, -73.9722555)",trafficstat,True,False,False,True,False,False,True,False,False,,,,,,,
2026-08-03,00:00,40.6819655,-73.9742223,6 AVE,11217,78,UNKNOWN,Street,41.360753009360934,False,BROOKLYN,"(40.6819655, -73.9742223)",trafficstat,False,False,False,False,False,False,False,False,False,,,,,,,
2026-08-02,00:00,40.673975,-73.9856987,3 ST,11215,78,UNKNOWN,Street,2.456879556968366,False,BROOKLYN,"(40.673975, -73.9856987)",trafficstat,True,False,False,False,False,False,True,False,False,,,,,,,
2026-08-02,00:00,40.6753607,-73.9696917,VANDERBILT AVE,11238,78,OTHER,Street,1.577778576540824,False,BROOKLYN,"(40.6753607, -73.9696917)",trafficstat,True,False,False,False,True,False,False,False,False,,,,,,,
2026-08-01,00:00,40.6780423,-73.982619,SACKETT ST,11217,78,UNKNOWN,Street,2.695084847210301,False,BROOKLYN,"(40.6780423, -73.982619)",trafficstat,True,False,False,False,True,False,False,False,False,,,,,,,
2026-07-31,00:00,40.6755039,-73.9709528,PLAZA ST  E,11238,78,UNKNOWN,Street,50.17953396517887,False,BROOKLYN,"(40.6755039, -73.9709528)",trafficstat,True,False,False,False,False,False,False,False,True,,,,,,,
2026-07-20,00:00,40.6755039,-73.9709528,PLAZA ST  E,11238,78,UNKNOWN,Street,50.17953396517887,False,BROOKLYN,"(40.6755039, -73.9709528)",trafficstat,True,False,False,True,False,False,False,False,False,,,,,,,
2026-07-31,00:00,40.6784123,-73.9791073,5 AVE,11217,78,UNKNOWN,Street,1.283427498139108,False,BROOKLYN,"(40.6784123, -73.9791073)",trafficstat,False,False,False,False,False,False,False,False,False,,,,,,,
2026-07-31,00:00,40.6702564,-73.992026,3 AVE,11215,78,UNKNOWN,Street,1.7674462673868547,False,BROOKLYN,"(40.6702564, -73.992026)",trafficstat,True,False,False,False,False,False,False,True,False,,,,,,,
2026-07-31,00:00,40.6841886,-73.9774691,FLATBUSH AVE,11217,78,UNKNOWN,Street,19.822602282518712,False,BROOKLYN,"(40.6841886, -73.9774691)",trafficstat,False,False,False,False,False,False,False,False,False,,,,,,,
2026-07-30,00:00,40.6834914,-73.9786265,4 AVE,11217,78,UNKNOWN,Street,61.22830558909031,False,BROOKLYN,"(40.6834914, -73.9786265)",trafficstat,False,False,False,False,False,False,False,False,False,,,,,,,
2026-07-30,00:00,40.6703577,-73.9887132,9 ST,11215,78,UNKNOWN,Street,2.084313335411051,False,BROOKLYN,"(40.6703577, -73.9887132)",trafficstat,False,False,False,False,False,False,False,False,False,,,,,,,
2026-07-24,00:00,40.6703577,-73.9887132,9 ST,11215,78,OTHER,Street,2.084313335411051,False,BROOKLYN,"(40.6703577, -73.9887132)",trafficstat,False,False,False,False,False,False,False,False,False,,,,,,,
2026-07-30,00:00,40.6717147,-73.9775593,7 AVE,11215,78,UNKNOWN,Street,1.6185060687908486,False,BROOKLYN,"(40.6717147, -73.9775593)",trafficstat,False,False,False,False,False,False,False,False,False,,,,,,,
2026-07-29,00:00,40.680852,-73.9774553,5 AVE,11217,78,UNKNOWN,Street,1.6427870930966149,False,BROOKLYN,"(40.680852, -73.9774553)",trafficstat,True,False,True,False,False,False,False,False,False,,,,,,,
2026-07-28,00:00,40.6809652,-73.9772264,5 AVE,11217,78,UNKNOWN,Street,39.067976695763946,False,BROOKLYN,"(40.6809652, -73.9772264)",trafficstat,False,False,False,False,False,False,False,False,False,,,,,,,
2026-07-28,00:00,40.6752375,-73.9710509,FLATBUSH AVE,11238,78,UNKNOWN,Street,1.4474547048875348,False,BROOKLYN,"(40.6752375, -73.9710509)",trafficstat,True,False,True,False,False,False,False,False,False,,,,,,,
2026-07-26,00:00,40.6727855,-73.971276,UNION ST,11215,78,UNKNOWN,Street,23.41496688727275,False,BROOKLYN,"(40.6727855, -73.971276)",trafficstat,True,False,False,False,False,False,False,True,False,,,,,,,
2026-07-26,00:00,40.681835,-73.97583,FLATBUSH AVE,11217,78,OTHER,Street,0.24549140590271973,False,BROOKLYN,"(40.681835, -73.97583)",trafficstat,True,False,True,False,False,False,False,False,False,,,,,,,
2026-07-25,00:00,40.683514,-73.97595,ATLANTIC AVE,11217,78,UNKNOWN,Street,1.3351504944099464,False,BROOKLYN,"(40.683514, -73.97595)",trafficstat,True,False,False,False,False,False,False,False,True,,,,,,,
2026-07-25,00:00,40.6797343,-73.9743118,FLATBUSH AVE,11217,78,OTHER,Street,1.5597167623281816,False,BROOKLYN,"(40.6797343, -73.9743118)",trafficstat,True,False,False,True,False,False,False,False,False,,,,,,,
2026-07-25,00:00,40.6783446,-73.9854274,3 AVE,11215,78,UNKNOWN,Street,2.0109604328949593,False,BROOKLYN,"(40.6783446, -73.9854274)",trafficstat,False,False,False,False,False,False,False,False,False,,,,,,,
2026-07-24,00:00,40.6724518,-73.9682872,FLATBUSH AVE,11238,78,UNKNOWN,Street,176.97124249828025,False,BROOKLYN,"(40.6724518, -73.9682872)",trafficstat,True,False,False,True,False,False,False,False,False,,,,,,,
2026-07-19,00:00,40.6724518,-73.9682872,FLATBUSH AVE,11238,78,OTHER,Street,176.97124249828025,False,BROOKLYN,"(40.6724518, -73.9682872)",trafficstat,True,False,False,True,False,False,False,False,False,,,,,,,
2026-07-24,00:00,40.6757776,-73.9808891,5 AVE,11215,78,UNKNOWN,Street,1.8249303808355684,False,BROOKLYN,"(40.6757776, -73.9808891)",trafficstat,True,False,False,True,False,False,False,False,False,,,,,,,
2026-07-24,00:00,40.6792714,-73.9860301,SACKETT ST,11217,78,UNKNOWN,Street,37.82640506141873,False,BROOKLYN,"(40.6792714, -73.9860301)",trafficstat,True,False,False,True,False,False,False,False,False,,,,,,,
2026-07-23,00:00,40.6815985,-73.9776177,BERGEN ST,11217,78,UNKNOWN,Street,41.20894432060237,False,BROOKLYN,"(40.6815985, -73.9776177)",trafficstat,True,False,False,False,False,False,True,False,False,,,,,,,
2026-07-23,00:00,40.6751743,-73.9846999,1 ST,11215,78,UNKNOWN,Street,2.94191544598398,False,BROOKLYN,"(40.6751743, -73.9846999)",trafficstat,True,False,False,False,False,False,False,True,False,,,,,,,
2026-07-23,00:00,40.6681164,-73.9855538,10 ST,11215,78,UNKNOWN,Street,40.80726858344571,False,BROOKLYN,"(40.6681164, -73.9855538)",trafficstat,False,False,False,False,False,False,False,False,False,,,,,,,
2026-07-22,00:00,40.6754367,-73.9779582,6 AVE,11215,78,UNKNOWN,Street,2.3596872859587426,False,BROOKLYN,"(40.6754367, -73.9779582)",trafficstat,True,False,False,False,False,False,False,False,True,,,,,,,
2026-07-22,00:00,40.6774111,-73.9830554,UNION ST,11215,78,UNKNOWN,Street,1.970866941438919,False,BROOKLYN,"(40.6774111, -73.9830554)",trafficstat,False,False,False,False,False,False,False,False,False,,,,,,,
2026-06-16,00:00,40.6774111,-73.9830554,UNION ST,11215,78,UNKNOWN,Street,1.970866941438919,False,BROOKLYN,"(40.6774111, -73.9830554)",trafficstat,True,False,True,False,False,False,False,False,False,,,,,,,
2026-07-21,00:00,40.6747575,-73.9720966,8 AVE,11217,78,UNKNOWN,Street,1.6116792239874174,False,BROOKLYN,"(40.6747575, -73.9720966)",trafficstat,True,False,False,False,False,False,True,False,False,,,,,,,
2026-07-21,00:00,40.6791292,-73.9815303,DOUGLASS ST,11217,78,UNKNOWN,Street,34.02136355597266,False,BROOKLYN,"(40.6791292, -73.9815303)",trafficstat,True,False,True,False,False,False,False,False,False,,,,,,,
2026-07-20,00:00,40.6791035,-73.9756858,6 AVE,11217,78,UNKNOWN,Street,49.89317186391329,False,BROOKLYN,"(40.6791035, -73.9756858)",trafficstat,False,False,False,False,False,False,False,False,False,,,,,,,
2026-07-19,00:00,40.6820077,-73.9733491,PACIFIC ST,11217,78,OTHER,Street,50.32417445544038,False,BROOKLYN,"(40.6820077, -73.9733491)",trafficstat,False,False,False,False,False,False,False,False,False,,,,,,,
2026-07-18,00:00,40.6818714,-73.979766,ST MARKS PL,11217,78,UNKNOWN,Street,37.9056510486759,False,BROOKLYN,"(40.6818714, -73.979766)",trafficstat,True,False,False,False,False,False,False,True,False,,,,,,,
2026-07-18,00:00,40.6803715,-73.9733519,BERGEN ST,11217,78,UNKNOWN,Street,45.23395093406165,False,BROOKLYN,"(40.6803715, -73.9733519)",trafficstat,True,False,False,False,False,False,True,False,False,,,,,,,
2026-07-18,00:00,40.6645513,-73.9802219,8 AVE,11215,78,UNKNOWN,Street,1.9276100800583118,False,BROOKLYN,"(40.6645513, -73.9802219)",trafficstat,True,False,True,False,False,False,False,False,True,,,,,,,
2026-07-17,00:00,40.668549,-73.9902239,12 ST,11215,78,UNKNOWN,Street,2.3280483030412924,False,BROOKLYN,"(40.668549, -73.9902239)",trafficstat,True,False,False,False,False,False,False,True,False,,,,,,,
2026-07-16,00:00,40.6670233,-73.9748322,PROSPECT PARK W,11215,78,OTHER,Street,1.9281254008103257,False,BROOKLYN,"(40.6670233, -73.9748322)",trafficstat,True,False,False,True,False,False,False,False,False,,,,,,,
2026-07-16,00:00,40.6693338,-73.9859793,5 AVE,11215,78,UNKNOWN,Street,46.51759370235993,False,BROOKLYN,"(40.6693338, -73.9859793)",trafficstat,True,False,False,False,False,False,True,False,False,,,,,,,
2026-07-15,00:00,40.6693134,-73.9795644,7 AVE,11215,78,UNKNOWN,Street,1.571948870547798,False,BROOKLYN,"(40.6693134, -73.9795644)",trafficstat,False,False,False,False,False,False,False,False,False,,,,,,,
2026-07-15,00:00,40.6807334,-73.9745025,6 AVE,11217,78,UNKNOWN,Street,1.5843736698908166,False,BROOKLYN,"(40.6807334, -73.9745025)",trafficstat,False,False,False,False,False,False,False,False,False,,,,,,,
2026-07-15,00:00,40.6777001,-73.9834153,4 AVE,11217,78,UNKNOWN,Street,109.69026530322984,False,BROOKLYN,"(40.6777001, -73.9834153)",trafficstat,False,False,False,False,False,False,False,False,False,,,,,,,
2026-07-15,00:00,40.6769347,-73.9830991,4 AVE,11215,78,UNKNOWN,Street,46.51229574555285,False,BROOKLYN,"(40.6769347, -73.9830991)",trafficstat,False,False,False,False,False,False,False,False,False,,,,,,,
2026-07-15,00:00,40.681503,-73.97423,6 AVE,11217,78,UNKNOWN,Street,0.4147288474924379,False,BROOKLYN,"(40.681503, -73.97423)",trafficstat,False,False,False,False,False,False,False,False,False,,,,,,,
2026-07-14,00:00,40.6830735,-73.9759847,ATLANTIC AVE,11217,78,UNKNOWN,Street,135.51508913081807,False,BROOKLYN,"(40.6830735, -73.9759847)",trafficstat,False,False,False,False,False,False,False,False,False,,,,,,,
2026-07-14,00:00,40.6768442,-73.971994,FLATBUSH AVE,11238,78,UNKNOWN,Street,52.08405211501044,False,BROOKLYN,"(40.6768442, -73.971994)",trafficstat,True,False,False,False,False,False,False,True,False,,,,,,,
2026-07-14,00:00,40.6668085,-73.9880892,13 ST,11215,78,UNKNOWN,Street,41.82693408794135,False,BROOKLYN,"(40.6668085, -73.9880892)",trafficstat,False,False,False,False,False,False,False,False,False,,,,,,,
2026-07-14,00:00,40.6664196,-73.975337,PROSPECT PARK W,11215,78,UNKNOWN,Street,1.8262601926715096,False,BROOKLYN,"(40.6664196, -73.975337)",trafficstat,True,False,False,False,False,False,False,True,False,,,,,,,
2026-07-14,00:00,40.6668929,-73.9815837,7 AVE,11215,78,UNKNOWN,Street,1.7311433004683747,False,BROOKLYN,"(40.6668929, -73.9815837)",trafficstat,True,False,True,False,False,False,False,False,False,,,,,,,
2026-07-13,00:00,40.6681684,-73.9772072,8 AVE,11215,78,OTHER,Street,1.9854235527957576,False,BROOKLYN,"(40.6681684, -73.9772072)",trafficstat,False,False,False,False,False,False,False,False,False,,,,,,,