crash_date,crash_time,latitude,longitude,on_street_name,zip_code,precinct,collision_type,roadway_type,geocode_dist_feet,time_is_known,borough,location,source,injury,fatality,injured_pedestrian,injured_cyclist,injured_ebike_rider,injured_motorcyclist,injured_moped_rider,injured_car_occupant,injured_suv_occupant,number_of_persons_injured,number_of_persons_killed,contributing_factor_vehicle_1,collision_id,cross_street_name,off_street_name,vehicle_type_code1
2026-07-11,00:00,40.6680611,-73.9936633,3 AVE,11215,78,UNKNOWN,Street,47.2653461149568,False,BROOKLYN,"(40.6680611, -73.9936633)",trafficstat,False,False,False,False,False,False,False,False,False,,,,,,,
2026-07-11,00:00,40.6663592,-73.9800952,9 ST,11215,78,UNKNOWN,Street,53.356295976913295,False,BROOKLYN,"(40.6663592, -73.9800952)",trafficstat,False,False,False,False,False,False,False,False,False,,,,,,,
2026-07-11,00:00,40.6711669,-73.984827,5 AVE,11215,78,UNKNOWN,Street,41.46018222572934,False,BROOKLYN,"(40.6711669, -73.984827)",trafficstat,True,False,False,True,False,False,False,False,False,,,,,,,
2026-07-11,00:00,40.6837645,-73.9787595,PACIFIC ST,11217,78,OTHER,Street,2.756019196872601,False,BROOKLYN,"(40.6837645, -73.9787595)",trafficstat,False,False,False,False,False,False,False,False,False,,,,,,,
2026-07-10,00:00,40.6837645,-73.9787595,PACIFIC ST,11217,78,UNKNOWN,Street,2.756019196872601,False,BROOKLYN,"(40.6837645, -73.9787595)",trafficstat,False,False,False,False,False,False,False,False,False,,,,,,,
2026-06-16,00:00,40.6837645,-73.9787595,PACIFIC ST,11217,78,UNKNOWN,Street,2.756019196872601,False,BROOKLYN,"(40.6837645, -73.9787595)",trafficstat,False,False,False,False,False,False,False,False,False,,,,,,,
2026-07-10,00:00,40.6739908,-73.9891175,3 AVE,11215,78,OTHER,Street,46.595600843409535,False,BROOKLYN,"(40.6739908, -73.9891175)",trafficstat,False,False,False,False,False,False,False,False,False,,,,,,,
2026-07-10,00:00,40.6692453,-73.9829313,6 AVE,11215,78,OTHER,Street,2.0469478831666623,False,BROOKLYN,"(40.6692453, -73.9829313)",trafficstat,True,False,True,False,False,False,False,False,False,,,,,,,
2026-07-09,00:00,40.6714585,-73.9910237,3 AVE,11215,78,UNKNOWN,Street,1.7523922559945984,False,BROOKLYN,"(40.6714585, -73.9910237)",trafficstat,False,False,False,False,False,False,False,False,False,,,,,,,
2026-07-09,00:00,40.6826888,-73.9739579,6 AVE,11217,78,UNKNOWN,Street,38.271880801080904,False,BROOKLYN,"(40.6826888, -73.9739579)",trafficstat,False,False,False,False,False,False,False,False,False,,,,,,,
2026-07-08,00:00,40.6811924,-73.9708212,CARLTON AVE,11238,78,UNKNOWN,Street,45.56326310635896,False,BROOKLYN,"(40.6811924, -73.9708212)",trafficstat,False,False,False,False,False,False,False,False,False,,,,,,,
2026-07-05,00:00,40.6753159,-73.9810506,5 AVE,11215,78,UNKNOWN,Street,40.487471464973225,False,BROOKLYN,"(40.6753159, -73.9810506)",trafficstat,True,False,False,False,True,False,True,False,False,,,,,,,
2026-07-04,00:00,40.6787004,-73.9733011,PROSPECT PL,11217,78,OTHER,Street,34.05316167102066,False,BROOKLYN,"(40.6787004, -73.9733011)",trafficstat,False,False,False,False,False,False,False,False,False,,,,,,,
2026-07-04,00:00,40.6760147,-73.9718448,FLATBUSH AVE,11238,78,UNKNOWN,Street,57.91943667210352,False,BROOKLYN,"(40.6760147, -73.9718448)",trafficstat,True,False,False,True,False,False,False,False,False,,,,,,,
2026-07-04,00:00,40.6623084,-73.9805246,14 ST,11215,78,UNKNOWN,Street,42.69600242427431,False,BROOKLYN,"(40.6623084, -73.9805246)",trafficstat,False,False,False,False,False,False,False,False,False,,,,,,,
2026-07-03,00:00,40.684484,-73.9774823,FLATBUSH AVE,11217,78,UNKNOWN,Street,68.2720644416991,False,BROOKLYN,"(40.684484, -73.9774823)",trafficstat,False,False,False,False,False,False,False,False,False,,,,,,,
2026-07-02,00:00,40.6666812,-73.975346,PROSPECT PARK W,11215,78,UNKNOWN,Street,51.42286379045273,False,BROOKLYN,"(40.6666812, -73.975346)",trafficstat,True,False,False,False,False,False,False,False,False,,,,,,,
2026-07-02,00:00,40.6767898,-73.9818245,UNION ST,11215,78,UNKNOWN,Street,50.06876301402429,False,BROOKLYN,"(40.6767898, -73.9818245)",trafficstat,True,False,False,False,False,False,False,False,False,,,,,,,
2026-07-02,00:00,40.6772874,-73.9823652,UNION ST,11215,78,UNKNOWN,Street,44.32849969115187,False,BROOKLYN,"(40.6772874, -73.9823652)",trafficstat,False,False,False,False,False,False,False,False,False,,,,,,,
2026-07-01,00:00,40.6733427,-73.9760478,7 AVE,11215,78,UNKNOWN,Street,44.80182360188892,False,BROOKLYN,"(40.6733427, -73.9760478)",trafficstat,False,False,False,False,False,False,False,False,False,,,,,,,
2026-07-01,00:00,40.6684504,-73.9935294,14 ST,11215,78,UNKNOWN,Street,2.272862979421991,False,BROOKLYN,"(40.6684504, -73.9935294)",trafficstat,False,False,False,False,False,False,False,False,False,,,,,,,
2026-07-01,00:00,40.677407,-73.9828849,UNION ST,11215,78,UNKNOWN,Street,18.366752476272122,False,BROOKLYN,"(40.677407, -73.9828849)",trafficstat,False,False,False,False,False,False,False,False,False,,,,,,,
2026-06-30,00:00,40.6669734,-73.9903402,14 ST,11215,78,UNKNOWN,Street,18.530287329464926,False,BROOKLYN,"(40.6669734, -73.9903402)",trafficstat,False,False,False,False,False,False,False,False,False,,,,,,,
2026-06-30,00:00,40.67327,-73.9895094,6 ST,11215,78,UNKNOWN,Street,2.3517377710136884,False,BROOKLYN,"(40.67327, -73.9895094)",trafficstat,False,False,False,False,False,False,False,False,False,,,,,,,
2026-06-30,00:00,40.672857,-73.9799166,6 AVE,11215,78,OTHER,Street,2.170155419075464,False,BROOKLYN,"(40.672857, -73.9799166)",trafficstat,True,False,False,True,False,False,False,False,False,,,,,,,
2026-06-30,00:00,40.679313,-73.9817534,DOUGLASS ST,11217,78,UNKNOWN,Street,2.5847353122825405,False,BROOKLYN,"(40.679313, -73.9817534)",trafficstat,True,False,False,True,False,False,False,False,False,,,,,,,
2026-06-29,00:00,40.6698464,-73.98243,6 AVE,11215,78,UNKNOWN,Street,1.6885592469601287,False,BROOKLYN,"(40.6698464, -73.98243)",trafficstat,False,False,False,False,False,False,False,False,False,,,,,,,
2026-06-28,00:00,40.6722174,-73.9708171,PROSPECT PARK W,11215,78,UNKNOWN,Street,42.85976553012055,False,BROOKLYN,"(40.6722174, -73.9708171)",trafficstat,False,False,False,False,False,False,False,False,False,,,,,,,
2026-06-27,00:00,40.6730836,-73.9946135,9 ST,11215,78,OTHER,Street,39.44885145564711,False,BROOKLYN,"(40.6730836, -73.9946135)",trafficstat,True,False,False,True,False,False,False,False,False,,,,,,,
2026-06-27,00:00,40.6781284,-73.9823003,4 AVE,11217,78,OTHER,Street,45.41116943332699,False,BROOKLYN,"(40.6781284, -73.9823003)",trafficstat,True,False,False,False,False,False,False,True,False,,,,,,,
2026-06-27,00:00,40.6654592,-73.9825937,7 AVE,11215,78,UNKNOWN,Street,44.806557369921464,False,BROOKLYN,"(40.6654592, -73.9825937)",trafficstat,False,False,False,False,False,False,False,False,False,,,,,,,
2026-06-26,00:00,40.6692164,-73.9808385,6 ST,11215,78,UNKNOWN,Street,40.232308636700765,False,BROOKLYN,"(40.6692164, -73.9808385)",trafficstat,False,False,False,False,False,False,False,False,False,,,,,,,
2026-06-26,00:00,40.6733982,-73.9827824,5 AVE,11215,78,UNKNOWN,Street,1.7084570305701536,False,BROOKLYN,"(40.6733982, -73.9827824)",trafficstat,True,False,False,True,False,False,False,False,False,,,,,,,
2026-06-25,00:00,40.67035,-73.99741,HAMILTON AVE,11215,78,UNKNOWN,Street,0.7525353311943945,False,BROOKLYN,"(40.67035, -73.99741)",trafficstat,True,False,False,False,False,False,False,True,True,,,,,,,
2026-06-24,00:00,40.6767074,-73.9771034,6 AVE,11217,78,OTHER,Street,1.3856173542130992,False,BROOKLYN,"(40.6767074, -73.9771034)",trafficstat,True,False,True,False,False,False,False,False,False,,,,,,,
2026-06-24,00:00,40.6741235,-73.9725258,8 AVE,11217,78,UNKNOWN,Street,1.853605316831841,False,BROOKLYN,"(40.6741235, -73.9725258)",trafficstat,True,False,True,False,False,False,False,False,False,,,,,,,
2026-06-24,00:00,40.6721775,-73.9892731,7 ST,11215,78,UNKNOWN,Street,43.145198741395895,False,BROOKLYN,"(40.6721775, -73.9892731)",trafficstat,False,False,False,False,False,False,False,False,False,,,,,,,
2026-06-24,00:00,40.67146,-73.99102,9 ST,11215,78,OTHER,Street,1.4305892454177596,False,BROOKLYN,"(40.67146, -73.99102)",trafficstat,True,False,True,False,False,False,False,False,False,,,,,,,
2026-06-23,00:00,40.6656622,-73.9761952,PROSPECT PARK W,11215,78,OTHER,Street,53.36224594795525,False,BROOKLYN,"(40.6656622, -73.9761952)",trafficstat,False,False,False,False,False,False,False,False,False,,,,,,,
2026-06-23,00:00,40.6818564,-73.9776578,BERGEN ST,11217,78,UNKNOWN,Street,37.441297144350315,False,BROOKLYN,"(40.6818564, -73.9776578)",trafficstat,False,False,False,False,False,False,False,False,False,,,,,,,
2026-06-21,00:00,40.6812231,-73.9804621,WARREN ST,11217,78,UNKNOWN,Street,2.4076623807850006,False,BROOKLYN,"(40.6812231, -73.9804621)",trafficstat,False,False,False,False,False,False,False,False,False,,,,,,,
2026-06-21,00:00,40.6716665,-73.9683625,FLATBUSH AVE,11238,78,UNKNOWN,Street,17.14468461384356,False,BROOKLYN,"(40.6716665, -73.9683625)",trafficstat,False,False,False,False,False,False,False,False,False,,,,,,,
2026-06-20,00:00,40.6759315,-73.9746508,7 AVE,11217,78,UNKNOWN,Street,45.11294839054751,False,BROOKLYN,"(40.6759315, -73.9746508)",trafficstat,True,False,False,False,False,False,False,False,True,,,,,,,
2026-06-20,00:00,40.6835896,-73.9759859,FORT GREENE PL,11217,78,UNKNOWN,Street,14.084198741147924,False,BROOKLYN,"(40.6835896, -73.9759859)",trafficstat,True,False,False,False,False,False,False,True,False,,,,,,,
2026-06-19,00:00,40.6703472,-73.9974153,HAMILTON AVE,11215,78,UNKNOWN,Street,1.0194219905358834,False,BROOKLYN,"(40.6703472, -73.9974153)",trafficstat,True,False,False,True,False,False,False,False,False,,,,,,,
2026-06-18,00:00,40.6615772,-73.9794548,PROSPECT PARK W,11215,78,UNKNOWN,Street,18.705005671513987,False,BROOKLYN,"(40.6615772, -73.9794548)",trafficstat,True,False,False,False,False,False,False,True,False,,,,,,,
2026-06-18,00:00,40.6703061,-73.997597,HAMILTON PL,11215,78,UNKNOWN,Street,10.194464445058216,False,BROOKLYN,"(40.6703061, -73.997597)",trafficstat,False,False,False,False,False,False,False,False,False,,,,,,,
2026-06-18,00:00,40.6790086,-73.9762824,PARK PL,11217,78,UNKNOWN,Street,29.856131374526857,False,BROOKLYN,"(40.6790086, -73.9762824)",trafficstat,False,False,False,False,False,False,False,False,False,,,,,,,
2026-06-15,00:00,40.6690077,-73.9964024,2 AVE,11215,78,UNKNOWN,Street,2.287943943953625,False,BROOKLYN,"(40.6690077, -73.9964024)",trafficstat,False,False,False,False,False,False,False,False,False,,,,,,,
2026-06-15,00:00,40.6791071,-73.9847132,3 AVE,11217,78,UNKNOWN,Street,50.49287255268493,False,BROOKLYN,"(40.6791071, -73.9847132)",trafficstat,False,False,False,False,False,False,False,False,False,,,,,,,
2026-06-14,00:00,40.6673671,-73.9815178,7 AVE,11215,78,UNKNOWN,Street,76.52327024526716,False,BROOKLYN,"(40.6673671, -73.9815178)",trafficstat,False,False,False,False,False,False,False,False,False,,,,,,,
2026-06-14,00:00,40.6770483,-73.9800307,5 AVE,11217,78,UNKNOWN,Street,2.0327158858578107,False,BROOKLYN,"(40.6770483, -73.9800307)",trafficstat,True,False,False,True,False,False,False,False,False,,,,,,,
2026-06-12,00:00,40.6711137,-73.9780606,7 AVE,11215,78,UNKNOWN,Street,1.6035148741018748,False,BROOKLYN,"(40.6711137, -73.9780606)",trafficstat,True,False,False,False,False,False,True,False,False,,,,,,,
2026-06-12,00:00,40.6771477,-73.9716014,PARK PL,11238,78,UNKNOWN,Street,53.36847103926818,False,BROOKLYN,"(40.6771477, -73.9716014)",trafficstat,True,False,False,True,False,False,False,False,False,,,,,,,
2026-06-12,00:00,40.6718053,-73.9877861,4 AVE,11215,78,OTHER,Street,43.638157341760355,False,BROOKLYN,"(40.6718053, -73.9877861)",trafficstat,False,False,False,False,False,False,False,False,False,,,,,,,
2026-09-13,00:00,40.7601917,-73.9680985,E  57 ST,10022,19,UNKNOWN,Street,98.63372301756011,False,MANHATTAN,"(40.7601917, -73.9680985)",trafficstat,True,False,False,False,False,False,False,False,True,,,,,,,
2026-07-03,00:00,40.7601917,-73.9680985,E  57 ST,10022,19,UNKNOWN,Street,98.63372301756011,False,MANHATTAN,"(40.7601917, -73.9680985)",trafficstat,True,False,False,True,False,False,False,False,False,,,,,,,
2026-06-25,00:00,40.7601917,-73.9680985,E  57 ST,10022,19,UNKNOWN,Street,98.63372301756011,False,MANHATTAN,"(40.7601917, -73.9680985)",trafficstat,False,False,False,False,False,False,False,False,False,,,,,,,
2026-09-11,00:00,40.7834177,-73.9569463,MADISON AVE,10128,19,OTHER,Street,1.4554929055586796,False,MANHATTAN,"(40.7834177, -73.9569463)",trafficstat,False,False,False,False,False,False,False,False,False,,,,,,,
2026-07-16,00:00,40.7834177,-73.9569463,MADISON AVE,10128,19,UNKNOWN,Street,1.4554929055586796,False,MANHATTAN,"(40.7834177, -73.9569463)",trafficstat,True,False,False,True,False,False,False,False,False,,,,,,,
2026-09-10,00:00,40.783309,-73.952801,LEXINGTON AVE,10128,19,UNKNOWN,Street,1.74449616951484,False,MANHATTAN,"(40.783309, -73.952801)",trafficstat,True,False,True,False,False,False,False,False,False,,,,,,,
2026-09-10,00:00,40.7632909,-73.95938,1 AVE,10065,19,UNKNOWN,Street,19.140866008298225,False,MANHATTAN,"(40.7632909, -73.95938)",trafficstat,False,False,False,False,False,False,False,False,False,,,,,,,
2026-09-10,00:00,40.7710841,-73.9467567,FRANKLIN D ROOSEVELT DR,10028,19,UNKNOWN,Highway,1.3427460820591564,False,MANHATTAN,"(40.7710841, -73.9467567)",trafficstat,False,False,False,False,False,False,False,False,False,,,,,,,
2026-09-09,00:00,40.7723378,-73.9453079,FRANKLIN D ROOSEVELT DR,10028,19,UNKNOWN,Highway,1.3047666548582388,False,MANHATTAN,"(40.7723378, -73.9453079)",trafficstat,False,False,False,False,False,False,False,False,False,,,,,,,
2026-08-28,00:00,40.7723378,-73.9453079,FRANKLIN D ROOSEVELT DR,10028,19,UNKNOWN,Highway,1.3047666548582388,False,MANHATTAN,"(40.7723378, -73.9453079)",trafficstat,False,False,False,False,False,False,False,False,False,,,,,,,
2026-07-16,00:00,40.7723378,-73.9453079,FRANKLIN D ROOSEVELT DR,10028,19,UNKNOWN,Highway,1.3047666548582388,False,MANHATTAN,"(40.7723378, -73.9453079)",trafficstat,True,False,False,False,False,False,False,True,False,,,,,,,
2026-09-09,00:00,40.7831818,-73.9572977,MADISON AVE,10128,19,UNKNOWN,Street,41.74837941828997,False,MANHATTAN,"(40.7831818, -73.9572977)",trafficstat,True,False,False,True,False,False,False,False,False,,,,,,,
2026-09-08,00:00,40.7840433,-73.9564873,MADISON AVE,10128,19,UNKNOWN,Street,1.9237709926569195,False,MANHATTAN,"(40.7840433, -73.9564873)",trafficstat,True,False,False,True,False,False,False,False,False,,,,,,,
2026-09-08,00:00,40.7791917,-73.9544491,E  86 ST,10028,19,OTHER,Street,52.80062071676136,False,MANHATTAN,"(40.7791917, -73.9544491)",trafficstat,True,False,True,False,False,False,False,False,False,,,,,,,
2026-09-08,00:00,40.7605353,-73.9583509,YORK AVE,10065,19,UNKNOWN,Street,1.9139874695510586,False,MANHATTAN,"(40.7605353, -73.9583509)",trafficstat,False,False,False,False,False,False,False,False,False,,,,,,,
2026-08-06,00:00,40.7605353,-73.9583509,YORK AVE,10065,19,UNKNOWN,Street,1.9139874695510586,False,MANHATTAN,"(40.7605353, -73.9583509)",trafficstat,False,False,False,False,False,False,False,False,False,,,,,,,
2026-07-08,00:00,40.7605353,-73.9583509,YORK AVE,10065,19,UNKNOWN,Street,1.9139874695510586,False,MANHATTAN,"(40.7605353, -73.9583509)",trafficstat,False,False,False,False,False,False,False,False,False,,,,,,,
2026-09-08,00:00,40.7621221,-73.9623625,E  62 ST,10065,19,UNKNOWN,Street,36.41182983197949,False,MANHATTAN,"(40.7621221, -73.9623625)",trafficstat,False,False,False,False,False,False,False,False,False,,,,,,,
2026-09-07,00:00,40.7611802,-73.9579029,YORK AVE,10065,19,UNKNOWN,Street,1.457640686181588,False,MANHATTAN,"(40.7611802, -73.9579029)",trafficstat,False,False,False,False,False,False,False,False,False,,,,,,,
2026-09-01,00:00,40.7611802,-73.9579029,YORK AVE,10065,19,OTHER,Street,1.457640686181588,False,MANHATTAN,"(40.7611802, -73.9579029)",trafficstat,False,False,False,False,False,False,False,False,False,,,,,,,
2026-08-10,00:00,40.7611802,-73.9579029,YORK AVE,10065,19,UNKNOWN,Street,1.457640686181588,False,MANHATTAN,"(40.7611802, -73.9579029)",trafficstat,True,False,False,False,False,False,False,True,False,,,,,,,
2026-09-07,00:00,40.7622125,-73.9633911,2 AVE,10065,19,UNKNOWN,Street,51.844402770487356,False,MANHATTAN,"(40.7622125, -73.9633911)",trafficstat,True,False,False,False,False,False,False,True,False,,,,,,,
2026-09-06,00:00,40.7775047,-73.9549463,3 AVE,10028,19,UNKNOWN,Street,1.3678439325553458,False,MANHATTAN,"(40.7775047, -73.9549463)",trafficstat,True,False,False,True,False,False,False,False,False,,,,,,,
2026-09-05,00:00,40.7815248,-73.9483044,E  92 ST,10128,19,UNKNOWN,Street,33.340730113032514,False,MANHATTAN,"(40.7815248, -73.9483044)",trafficstat,False,False,False,False,False,False,False,False,False,,,,,,,
2026-09-05,00:00,40.7868917,-73.9502985,LEXINGTON AVE,10029,19,UNKNOWN,Street,26.513502030374692,False,MANHATTAN,"(40.7868917, -73.9502985)",trafficstat,False,False,False,False,False,False,False,False,False,,,,,,,
2026-07-25,00:00,40.7868917,-73.9502985,LEXINGTON AVE,10029,19,OTHER,Street,26.513502030374692,False,MANHATTAN,"(40.7868917, -73.9502985)",trafficstat,True,False,True,False,False,False,False,False,False,,,,,,,
2026-09-05,00:00,40.7596404,-73.9581637,FDR DRIVE EXIT 12 NB,10065,19,OTHER,Ramp,1.2215678971331985,False,MANHATTAN,"(40.7596404, -73.9581637)",trafficstat,True,False,False,False,False,False,False,True,False,,,,,,,
2026-09-04,00:00,40.7646819,-73.9642975,3 AVE,10065,19,OTHER,Street,1.8877415743684358,False,MANHATTAN,"(40.7646819, -73.9642975)",trafficstat,True,False,False,False,False,False,False,False,False,,,,,,,
2026-07-11,00:00,40.7646819,-73.9642975,3 AVE,10065,19,UNKNOWN,Street,1.8877415743684358,False,MANHATTAN,"(40.7646819, -73.9642975)",trafficstat,False,False,False,False,False,False,False,False,False,,,,,,,
2026-09-03,00:00,40.7820355,-73.9500508,E  92 ST,10128,19,OTHER,Street,38.478667305831166,False,MANHATTAN,"(40.7820355, -73.9500508)",trafficstat,True,False,False,True,False,False,False,False,False,,,,,,,
2026-09-03,00:00,40.7826331,-73.9511983,3 AVE,10128,19,UNKNOWN,Street,2.0654187172573684,False,MANHATTAN,"(40.7826331, -73.9511983)",trafficstat,True,False,False,True,False,False,False,False,False,,,,,,,
2026-08-28,00:00,40.7826331,-73.9511983,3 AVE,10128,19,UNKNOWN,Street,2.0654187172573684,False,MANHATTAN,"(40.7826331, -73.9511983)",trafficstat,True,False,False,True,False,False,False,False,False,,,,,,,
2026-09-02,00:00,40.7794366,-73.9475068,1 AVE,10128,19,UNKNOWN,Street,2.195418567291993,False,MANHATTAN,"(40.7794366, -73.9475068)",trafficstat,False,False,False,False,False,False,False,False,False,,,,,,,
2026-09-02,00:00,40.7831135,-73.9584301,E  89 ST,10128,19,OTHER,Street,35.74976161771626,False,MANHATTAN,"(40.7831135, -73.9584301)",trafficstat,True,False,False,False,False,True,False,False,False,,,,,,,
2026-09-01,00:00,40.7802968,-73.9438534,FRANKLIN D ROOSEVELT DR,10128,19,UNKNOWN,Highway,4.379020461735538,False,MANHATTAN,"(40.7802968, -73.9438534)",trafficstat,False,False,False,False,False,False,False,False,False,,,,,,,
2026-07-25,00:00,40.7802968,-73.9438534,FRANKLIN D ROOSEVELT DR,10128,19,UNKNOWN,Highway,4.379020461735538,False,MANHATTAN,"(40.7802968, -73.9438534)",trafficstat,True,False,False,False,False,False,False,True,False,,,,,,,
2026-07-06,00:00,40.7802968,-73.9438534,FRANKLIN D ROOSEVELT DR,10128,19,UNKNOWN,Highway,4.379020461735538,False,MANHATTAN,"(40.7802968, -73.9438534)",trafficstat,False,False,False,False,False,False,False,False,False,,,,,,,
2026-09-01,00:00,40.7801515,-73.9443962,YORK AVE,10128,19,UNKNOWN,Street,54.27422596321655,False,MANHATTAN,"(40.7801515, -73.9443962)",trafficstat,False,False,False,False,False,False,False,False,False,,,,,,,
2026-09-01,00:00,40.7612837,-73.9557023,FRANKLIN D ROOSEVELT DR,10021,19,UNKNOWN,Highway,2.6331148652234466,False,MANHATTAN,"(40.7612837, -73.9557023)",trafficstat,False,False,False,False,False,False,False,False,False,,,,,,,
2026-08-22,00:00,40.7612837,-73.9557023,FRANKLIN D ROOSEVELT DR,10021,19,UNKNOWN,Highway,2.6331148652234466,False,MANHATTAN,"(40.7612837, -73.9557023)",trafficstat,False,False,False,False,False,False,False,False,False,,,,,,,
2026-09-01,00:00,40.761234,-73.96388,QUEENSBORO BRIDGE EXIT,10022,19,OTHER,Bridge,0.6813290376744333,False,MANHATTAN,"(40.761234, -73.96388)",trafficstat,True,False,True,False,False,False,False,False,True,,,,,,,
2026-09-01,00:00,40.7733414,-73.9624961,PARK AVE,10021,19,OTHER,Street,38.78213842921103,False,MANHATTAN,"(40.7733414, -73.9624961)",trafficstat,False,False,False,False,False,False,False,False,False,,,,,,,
2026-08-31,00:00,40.7678602,-73.9640756,LEXINGTON AVE,10065,19,UNKNOWN,Street,1.9453556565402708,False,MANHATTAN,"(40.7678602, -73.9640756)",trafficstat,False,False,False,False,False,False,False,False,False,,,,,,,
2026-08-31,00:00,40.7665461,-73.9510151,FRANKLIN D ROOSEVELT DR,10021,19,OTHER,Street,1.5148108239125346,False,MANHATTAN,"(40.7665461, -73.9510151)",trafficstat,True,False,False,False,False,False,False,True,False,,,,,,,
2026-06-20,00:00,40.7665461,-73.9510151,FRANKLIN D ROOSEVELT DR,10021,19,UNKNOWN,Street,1.5148108239125346,False,MANHATTAN,"(40.7665461, -73.9510151)",trafficstat,False,False,False,False,False,False,False,False,False,,,,,,,
2026-08-30,00:00,40.7673802,-73.9500593,FRANKLIN D ROOSEVELT DR,10021,19,UNKNOWN,Highway,0.017524761527299506,False,MANHATTAN,"(40.7673802, -73.9500593)",trafficstat,False,False,False,False,False,False,False,False,False,,,,,,,
2026-08-30,00:00,40.7681728,-73.9615242,3 AVE,10021,19,UNKNOWN,Street,54.33102304284357,False,MANHATTAN,"(40.7681728, -73.9615242)",trafficstat,False,False,False,False,False,False,False,False,False,,,,,,,
2026-08-30,00:00,40.7675625,-73.9578425,E  71 ST,10021,19,OTHER,Street,42.62358109572428,False,MANHATTAN,"(40.7675625, -73.9578425)",trafficstat,False,False,False,False,False,False,False,False,False,,,,,,,
2026-08-30,00:00,40.7686505,-73.9490294,FRANKLIN D ROOSEVELT DR,10021,19,UNKNOWN,Highway,1.4044843759820074,False,MANHATTAN,"(40.7686505, -73.9490294)",trafficstat,False,False,False,False,False,False,False,False,False,,,,,,,
2026-08-30,00:00,40.7828074,-73.9474737,E  94 ST,10128,19,UNKNOWN,Street,30.2125661798993,False,MANHATTAN,"(40.7828074, -73.9474737)",trafficstat,False,False,False,False,False,False,False,False,False,,,,,,,
2026-08-30,00:00,40.777705,-73.9485439,1 AVE,10128,19,UNKNOWN,Street,56.59099198053039,False,MANHATTAN,"(40.777705, -73.9485439)",trafficstat,False,False,False,False,False,False,False,False,False,,,,,,,
2026-08-30,00:00,40.7788775,-73.9432372,FRANKLIN D ROOSEVELT DR,10128,19,UNKNOWN,Highway,0.6208240955276865,False,MANHATTAN,"(40.7788775, -73.9432372)",trafficstat,True,False,False,False,False,False,False,True,False,,,,,,,
2026-06-19,00:00,40.7788775,-73.9432372,FRANKLIN D ROOSEVELT DR,10128,19,UNKNOWN,Highway,0.6208240955276865,False,MANHATTAN,"(40.7788775, -73.9432372)",trafficstat,False,False,False,False,False,False,False,False,False,,,,,,,
2026-08-28,00:00,40.781688,-73.9489602,2 AVE,10128,19,OTHER,Street,2.306101373510313,False,MANHATTAN,"(40.781688, -73.9489602)",trafficstat,True,False,False,False,True,False,False,False,False,,,,,,,
2026-08-28,00:00,40.7813755,-73.9489186,2 AVE,10128,19,UNKNOWN,Street,67.61658772516901,False,MANHATTAN,"(40.7813755, -73.9489186)",trafficstat,False,False,False,False,False,False,False,False,False,,,,,,,
2026-06-17,00:00,40.7813755,-73.9489186,2 AVE,10128,19,OTHER,Street,67.61658772516901,False,MANHATTAN,"(40.7813755, -73.9489186)",trafficstat,False,False,False,False,False,False,False,False,False,,,,,,,
2026-08-28,00:00,40.7754634,-73.9523173,E  83 ST,10028,19,UNKNOWN,Street,35.30820921890542,False,MANHATTAN,"(40.7754634, -73.9523173)",trafficstat,False,False,False,False,False,False,False,False,False,,,,,,,
2026-08-28,00:00,40.760777,-73.957016,FRANKLIN D ROOSEVELT DR,10065,19,UNKNOWN,Street,0.3809056079047588,False,MANHATTAN,"(40.760777, -73.957016)",trafficstat,False,False,False,False,False,False,False,False,False,,,,,,,
2026-08-22,00:00,40.760777,-73.957016,FRANKLIN D ROOSEVELT DR,10065,19,UNKNOWN,Street,0.3809056079047588,False,MANHATTAN,"(40.760777, -73.957016)",trafficstat,False,False,False,False,False,False,False,False,False,,,,,,,
2026-08-05,00:00,40.760777,-73.957016,FRANKLIN D ROOSEVELT DR,10065,19,UNKNOWN,Street,0.3809056079047588,False,MANHATTAN,"(40.760777, -73.957016)",trafficstat,False,False,False,False,False,False,False,False,False,,,,,,,
2026-08-28,00:00,40.7583476,-73.9577437,ED KOCH QUEENSBORO BRG,10022,19,UNKNOWN,Bridge,8.2953016242968,False,MANHATTAN,"(40.7583476, -73.9577437)",trafficstat,False,False,False,False,False,False,False,False,False,,,,,,,
2026-08-23,00:00,40.7583476,-73.9577437,ED KOCH QUEENSBORO BRG,10022,19,UNKNOWN,Bridge,8.2953016242968,False,MANHATTAN,"(40.7583476, -73.9577437)",trafficstat,False,False,False,False,False,False,False,False,False,,,,,,,
2026-07-15,00:00,40.7583476,-73.9577437,ED KOCH QUEENSBORO BRG,10022,19,UNKNOWN,Bridge,8.2953016242968,False,MANHATTAN,"(40.7583476, -73.9577437)",trafficstat,True,False,False,False,False,False,False,True,False,,,,,,,
2026-08-27,00:00,40.7733446,-73.9442023,FRANKLIN D ROOSEVELT DR,10028,19,UNKNOWN,Highway,0.3928456304889752,False,MANHATTAN,"(40.7733446, -73.9442023)",trafficstat,False,False,False,False,False,False,False,False,False,,,,,,,
2026-08-26,00:00,40.7842452,-73.9470877,E  96 ST,10128,19,UNKNOWN,Street,2.1195890907016324,False,MANHATTAN,"(40.7842452, -73.9470877)",trafficstat,False,False,False,False,False,False,False,False,False,,,,,,,
2026-07-19,00:00,40.7842452,-73.9470877,E  96 ST,10128,19,UNKNOWN,Street,2.1195890907016324,False,MANHATTAN,"(40.7842452, -73.9470877)",trafficstat,True,False,False,True,False,False,False,False,False,,,,,,,
2026-08-25,00:00,40.7754266,-73.9556795,E  81 ST,10028,19,UNKNOWN,Street,30.0155845116403,False,MANHATTAN,"(40.7754266, -73.9556795)",trafficstat,False,False,False,False,False,False,False,False,False,,,,,,,