crash_date,crash_time,latitude,longitude,on_street_name,zip_code,precinct,collision_type,roadway_type,geocode_dist_feet,time_is_known,borough,location,source,injury,fatality,injured_pedestrian,injured_cyclist,injured_ebike_rider,injured_motorcyclist,injured_moped_rider,injured_car_occupant,injured_suv_occupant,number_of_persons_injured,number_of_persons_killed,contributing_factor_vehicle_1,collision_id,cross_street_name,off_street_name,vehicle_type_code1
2026-08-25,00:00,40.7620736,-73.9619922,QUEENSBORO BRIDGE EXIT,10065,19,UNKNOWN,Bridge,1.7404954990781947,False,MANHATTAN,"(40.7620736, -73.9619922)",trafficstat,False,False,False,False,False,False,False,False,False,,,,,,,
2026-08-23,00:00,40.7620736,-73.9619922,QUEENSBORO BRIDGE EXIT,10065,19,UNKNOWN,Bridge,1.7404954990781947,False,MANHATTAN,"(40.7620736, -73.9619922)",trafficstat,False,False,False,False,False,False,False,False,False,,,,,,,
2026-08-20,00:00,40.7620736,-73.9619922,QUEENSBORO BRIDGE EXIT,10065,19,UNKNOWN,Bridge,1.7404954990781947,False,MANHATTAN,"(40.7620736, -73.9619922)",trafficstat,False,False,False,False,False,False,False,False,False,,,,,,,
2026-08-25,00:00,40.7757955,-73.9564109,E  81 ST,10028,19,OTHER,Street,49.38415621333906,False,MANHATTAN,"(40.7757955, -73.9564109)",trafficstat,True,False,False,True,False,False,False,False,False,,,,,,,
2026-08-24,00:00,40.773773,-73.9660762,5 AVE,10021,19,UNKNOWN,Street,1.3555527981118745,False,MANHATTAN,"(40.773773, -73.9660762)",trafficstat,False,False,False,False,False,False,False,False,False,,,,,,,
2026-08-24,00:00,40.7688,-73.95837,2 AVE,10021,19,UNKNOWN,Street,0.24362686845670442,False,MANHATTAN,"(40.7688, -73.95837)",trafficstat,True,False,False,False,False,False,False,False,True,,,,,,,
2026-08-22,00:00,40.7688838,-73.9489751,FRANKLIN D ROOSEVELT DR,10075,19,UNKNOWN,Highway,2.806795870382721,False,MANHATTAN,"(40.7688838, -73.9489751)",trafficstat,False,False,False,False,False,False,False,False,False,,,,,,,
2026-07-17,00:00,40.7688838,-73.9489751,FRANKLIN D ROOSEVELT DR,10075,19,UNKNOWN,Highway,2.806795870382721,False,MANHATTAN,"(40.7688838, -73.9489751)",trafficstat,False,False,False,False,False,False,False,False,False,,,,,,,
2026-08-21,00:00,40.7729256,-73.9544888,E  79 ST,10075,19,OTHER,Street,57.838201197694964,False,MANHATTAN,"(40.7729256, -73.9544888)",trafficstat,False,False,False,False,False,False,False,False,False,,,,,,,
2026-08-21,00:00,40.7736553,-73.9517247,1 AVE,10028,19,UNKNOWN,Street,1.6641714369446954,False,MANHATTAN,"(40.7736553, -73.9517247)",trafficstat,True,False,True,False,False,False,False,False,False,,,,,,,
2026-08-02,00:00,40.7736553,-73.9517247,1 AVE,10028,19,OTHER,Street,1.6641714369446954,False,MANHATTAN,"(40.7736553, -73.9517247)",trafficstat,True,False,True,False,False,False,False,False,False,,,,,,,
2026-08-21,00:00,40.7626857,-73.9543368,FRANKLIN D ROOSEVELT DR,10065,19,UNKNOWN,Highway,0.24294331255871146,False,MANHATTAN,"(40.7626857, -73.9543368)",trafficstat,True,False,False,False,False,False,False,True,False,,,,,,,
2026-08-19,00:00,40.7626857,-73.9543368,FRANKLIN D ROOSEVELT DR,10065,19,OTHER,Highway,0.24294331255871146,False,MANHATTAN,"(40.7626857, -73.9543368)",trafficstat,False,False,False,False,False,False,False,False,False,,,,,,,
2026-08-12,00:00,40.7626857,-73.9543368,FRANKLIN D ROOSEVELT DR,10065,19,OTHER,Highway,0.24294331255871146,False,MANHATTAN,"(40.7626857, -73.9543368)",trafficstat,True,False,False,False,False,True,False,False,False,,,,,,,
2026-08-03,00:00,40.7626857,-73.9543368,FRANKLIN D ROOSEVELT DR,10065,19,UNKNOWN,Highway,0.24294331255871146,False,MANHATTAN,"(40.7626857, -73.9543368)",trafficstat,True,False,False,False,False,False,False,False,True,,,,,,,
2026-08-21,00:00,40.7618572,-73.9634254,2 AVE,10065,19,UNKNOWN,Street,1.6644191485293236,False,MANHATTAN,"(40.7618572, -73.9634254)",trafficstat,False,False,False,False,False,False,False,False,False,,,,,,,
2026-08-20,00:00,40.7653782,-73.9550542,YORK AVE,10021,19,UNKNOWN,Street,54.30598022007697,False,MANHATTAN,"(40.7653782, -73.9550542)",trafficstat,True,False,False,True,False,False,False,False,False,,,,,,,
2026-08-20,00:00,40.7713904,-73.9504303,YORK AVE,10075,19,OTHER,Street,2.0112307195531827,False,MANHATTAN,"(40.7713904, -73.9504303)",trafficstat,False,False,False,False,False,False,False,False,False,,,,,,,
2026-08-20,00:00,40.7700882,-73.9478297,FRANKLIN D ROOSEVELT DR,10075,19,OTHER,Highway,3.671331518460256,False,MANHATTAN,"(40.7700882, -73.9478297)",trafficstat,True,False,False,False,False,False,False,False,True,,,,,,,
2026-08-20,00:00,40.7817709,-73.9441375,FRANKLIN D ROOSEVELT DR,10028,19,UNKNOWN,Highway,0.8962970890774719,False,MANHATTAN,"(40.7817709, -73.9441375)",trafficstat,False,False,False,False,False,False,False,False,False,,,,,,,
2026-08-16,00:00,40.7817709,-73.9441375,FRANKLIN D ROOSEVELT DR,10028,19,UNKNOWN,Highway,0.8962970890774719,False,MANHATTAN,"(40.7817709, -73.9441375)",trafficstat,True,False,False,False,False,False,False,True,False,,,,,,,
2026-08-11,00:00,40.7817709,-73.9441375,FRANKLIN D ROOSEVELT DR,10028,19,UNKNOWN,Highway,0.8962970890774719,False,MANHATTAN,"(40.7817709, -73.9441375)",trafficstat,True,False,False,False,False,False,False,True,True,,,,,,,
2026-07-31,00:00,40.7817709,-73.9441375,FRANKLIN D ROOSEVELT DR,10028,19,UNKNOWN,Highway,0.8962970890774719,False,MANHATTAN,"(40.7817709, -73.9441375)",trafficstat,False,False,False,False,False,False,False,False,False,,,,,,,
2026-07-23,00:00,40.7817709,-73.9441375,FRANKLIN D ROOSEVELT DR,10028,19,UNKNOWN,Highway,0.8962970890774719,False,MANHATTAN,"(40.7817709, -73.9441375)",trafficstat,False,False,False,False,False,False,False,False,False,,,,,,,
2026-07-06,00:00,40.7817709,-73.9441375,FRANKLIN D ROOSEVELT DR,10028,19,UNKNOWN,Highway,0.8962970890774719,False,MANHATTAN,"(40.7817709, -73.9441375)",trafficstat,True,False,False,False,False,False,False,False,True,,,,,,,
2026-06-25,00:00,40.7817709,-73.9441375,FRANKLIN D ROOSEVELT DR,10028,19,UNKNOWN,Highway,0.8962970890774719,False,MANHATTAN,"(40.7817709, -73.9441375)",trafficstat,True,False,False,False,False,False,False,False,True,,,,,,,
2026-08-20,00:00,40.7788144,-73.9560828,LEXINGTON AVE,10028,19,UNKNOWN,Street,1.5783939178527195,False,MANHATTAN,"(40.7788144, -73.9560828)",trafficstat,False,False,False,False,False,False,False,False,False,,,,,,,
2026-08-19,00:00,40.7828878,-73.9438931,E  96 ST,10128,19,UNKNOWN,Street,16.08976354344442,False,MANHATTAN,"(40.7828878, -73.9438931)",trafficstat,True,False,False,False,False,False,False,False,True,,,,,,,
2026-08-04,00:00,40.7828878,-73.9438931,E  96 ST,10128,19,UNKNOWN,Street,16.08976354344442,False,MANHATTAN,"(40.7828878, -73.9438931)",trafficstat,False,False,False,False,False,False,False,False,False,,,,,,,
2026-08-03,00:00,40.7828878,-73.9438931,E  96 ST,10128,19,UNKNOWN,Street,16.08976354344442,False,MANHATTAN,"(40.7828878, -73.9438931)",trafficstat,False,False,False,False,False,False,False,False,False,,,,,,,
2026-07-29,00:00,40.7828878,-73.9438931,E  96 ST,10128,19,UNKNOWN,Street,16.08976354344442,False,MANHATTAN,"(40.7828878, -73.9438931)",trafficstat,False,False,False,False,False,False,False,False,False,,,,,,,
2026-07-01,00:00,40.7828878,-73.9438931,E  96 ST,10128,19,UNKNOWN,Street,16.08976354344442,False,MANHATTAN,"(40.7828878, -73.9438931)",trafficstat,True,False,False,False,False,False,False,False,True,,,,,,,
2026-08-19,00:00,40.7847136,-73.9581047,E  91 ST,10128,19,UNKNOWN,Street,2.435181653076708,False,MANHATTAN,"(40.7847136, -73.9581047)",trafficstat,True,False,True,False,False,False,False,False,False,,,,,,,
2026-07-06,00:00,40.7847136,-73.9581047,E  91 ST,10128,19,UNKNOWN,Street,2.435181653076708,False,MANHATTAN,"(40.7847136, -73.9581047)",trafficstat,True,False,False,False,False,False,False,True,False,,,,,,,
2026-08-18,00:00,40.7823401,-73.9454685,1 AVE,10128,19,UNKNOWN,Street,19.150481265931834,False,MANHATTAN,"(40.7823401, -73.9454685)",trafficstat,False,False,False,False,False,False,False,False,False,,,,,,,
2026-08-18,00:00,40.7671845,-73.9624695,3 AVE,10065,19,UNKNOWN,Street,1.9700924978853935,False,MANHATTAN,"(40.7671845, -73.9624695)",trafficstat,False,False,False,False,False,False,False,False,False,,,,,,,
2026-08-16,00:00,40.7671845,-73.9624695,3 AVE,10065,19,UNKNOWN,Street,1.9700924978853935,False,MANHATTAN,"(40.7671845, -73.9624695)",trafficstat,True,False,False,True,False,False,False,False,False,,,,,,,
2026-06-26,00:00,40.7671845,-73.9624695,3 AVE,10065,19,UNKNOWN,Street,1.9700924978853935,False,MANHATTAN,"(40.7671845, -73.9624695)",trafficstat,True,False,False,True,False,False,False,False,False,,,,,,,
2026-08-18,00:00,40.7651331,-73.9521222,FRANKLIN D ROOSEVELT DR,10021,19,UNKNOWN,Highway,2.2023085410758902,False,MANHATTAN,"(40.7651331, -73.9521222)",trafficstat,True,False,False,False,False,False,False,True,False,,,,,,,
2026-08-17,00:00,40.7612343,-73.9638842,QUEENSBORO BRIDGE EXIT,10022,19,UNKNOWN,Bridge,0.44110068643090805,False,MANHATTAN,"(40.7612343, -73.9638842)",trafficstat,True,False,False,False,False,False,False,True,False,,,,,,,
2026-08-11,00:00,40.7612343,-73.9638842,QUEENSBORO BRIDGE EXIT,10022,19,UNKNOWN,Bridge,0.44110068643090805,False,MANHATTAN,"(40.7612343, -73.9638842)",trafficstat,True,False,False,True,False,False,False,False,False,,,,,,,
2026-08-16,00:00,40.7621792,-73.966129,3 AVE,10022,19,UNKNOWN,Street,1.4122949003688474,False,MANHATTAN,"(40.7621792, -73.966129)",trafficstat,False,False,False,False,False,False,False,False,False,,,,,,,
2026-08-16,00:00,40.7663595,-73.9510203,FRANKLIN D ROOSEVELT DR,10021,19,UNKNOWN,Highway,1.274748991045107,False,MANHATTAN,"(40.7663595, -73.9510203)",trafficstat,False,False,False,False,False,False,False,False,False,,,,,,,
2026-06-28,00:00,40.7663595,-73.9510203,FRANKLIN D ROOSEVELT DR,10021,19,UNKNOWN,Highway,1.274748991045107,False,MANHATTAN,"(40.7663595, -73.9510203)",trafficstat,False,False,False,False,False,False,False,False,False,,,,,,,
2026-08-16,00:00,40.7704806,-73.9546351,E  76 ST,10021,19,UNKNOWN,Street,43.5275914208726,False,MANHATTAN,"(40.7704806, -73.9546351)",trafficstat,False,False,False,False,False,False,False,False,False,,,,,,,
2026-08-16,00:00,40.7670384,-73.9638232,E  67 ST,10065,19,OTHER,Street,30.22454137421193,False,MANHATTAN,"(40.7670384, -73.9638232)",trafficstat,False,False,False,False,False,False,False,False,False,,,,,,,
2026-08-16,00:00,40.7851932,-73.9493331,3 AVE,10128,19,UNKNOWN,Street,1.414933397199358,False,MANHATTAN,"(40.7851932, -73.9493331)",trafficstat,True,False,True,False,False,False,False,False,False,,,,,,,
2026-08-15,00:00,40.7801252,-73.9530344,3 AVE,10128,19,UNKNOWN,Street,1.6401969731235408,False,MANHATTAN,"(40.7801252, -73.9530344)",trafficstat,True,False,True,False,False,False,False,False,False,,,,,,,
2026-08-05,00:00,40.7801252,-73.9530344,3 AVE,10128,19,UNKNOWN,Street,1.6401969731235408,False,MANHATTAN,"(40.7801252, -73.9530344)",trafficstat,False,False,False,False,False,False,False,False,False,,,,,,,
2026-07-19,00:00,40.7801252,-73.9530344,3 AVE,10128,19,UNKNOWN,Street,1.6401969731235408,False,MANHATTAN,"(40.7801252, -73.9530344)",trafficstat,False,False,False,False,False,False,False,False,False,,,,,,,
2026-08-15,00:00,40.7832615,-73.9507392,3 AVE,10128,19,UNKNOWN,Street,1.7965723711337893,False,MANHATTAN,"(40.7832615, -73.9507392)",trafficstat,True,False,True,False,False,False,False,False,False,,,,,,,
2026-08-15,00:00,40.7765624,-73.9527047,2 AVE,10028,19,UNKNOWN,Street,1.4702186021917218,False,MANHATTAN,"(40.7765624, -73.9527047)",trafficstat,False,False,False,False,False,False,False,False,False,,,,,,,
2026-07-27,00:00,40.7765624,-73.9527047,2 AVE,10028,19,UNKNOWN,Street,1.4702186021917218,False,MANHATTAN,"(40.7765624, -73.9527047)",trafficstat,False,False,False,False,False,False,False,False,False,,,,,,,
2026-07-23,00:00,40.7765624,-73.9527047,2 AVE,10028,19,UNKNOWN,Street,1.4702186021917218,False,MANHATTAN,"(40.7765624, -73.9527047)",trafficstat,False,False,False,False,False,False,False,False,False,,,,,,,
2026-08-14,00:00,40.766253,-73.954936,E  71 ST,10021,19,UNKNOWN,Street,67.42546494873913,False,MANHATTAN,"(40.766253, -73.954936)",trafficstat,False,False,False,False,False,False,False,False,False,,,,,,,
2026-08-14,00:00,40.7812795,-73.958689,MADISON AVE,10028,19,UNKNOWN,Street,41.917496455720176,False,MANHATTAN,"(40.7812795, -73.958689)",trafficstat,True,False,False,False,False,False,False,True,False,,,,,,,
2026-08-14,00:00,40.7723323,-73.9587154,E  76 ST,10021,19,UNKNOWN,Street,2.031455073302222,False,MANHATTAN,"(40.7723323, -73.9587154)",trafficstat,True,False,False,False,False,False,True,False,False,,,,,,,
2026-08-14,00:00,40.7832478,-73.9447234,E  96 ST,10128,19,UNKNOWN,Street,0.6946020146599345,False,MANHATTAN,"(40.7832478, -73.9447234)",trafficstat,False,False,False,False,False,False,False,False,False,,,,,,,
2026-07-30,00:00,40.7832478,-73.9447234,E  96 ST,10128,19,OTHER,Street,0.6946020146599345,False,MANHATTAN,"(40.7832478, -73.9447234)",trafficstat,False,False,False,False,False,False,False,False,False,,,,,,,
2026-07-09,00:00,40.7832478,-73.9447234,E  96 ST,10128,19,UNKNOWN,Street,0.6946020146599345,False,MANHATTAN,"(40.7832478, -73.9447234)",trafficstat,False,False,False,False,False,False,False,False,False,,,,,,,
2026-06-27,00:00,40.7832478,-73.9447234,E  96 ST,10128,19,UNKNOWN,Street,0.6946020146599345,False,MANHATTAN,"(40.7832478, -73.9447234)",trafficstat,True,False,True,False,False,False,False,False,False,,,,,,,
2026-06-26,00:00,40.7832478,-73.9447234,E  96 ST,10128,19,UNKNOWN,Street,0.6946020146599345,False,MANHATTAN,"(40.7832478, -73.9447234)",trafficstat,False,False,False,False,False,False,False,False,False,,,,,,,
2026-06-14,00:00,40.7832478,-73.9447234,E  96 ST,10128,19,UNKNOWN,Street,0.6946020146599345,False,MANHATTAN,"(40.7832478, -73.9447234)",trafficstat,False,False,False,False,False,False,False,False,False,,,,,,,
2026-08-13,00:00,40.7746554,-73.9540925,2 AVE,10028,19,UNKNOWN,Street,1.9633154231696897,False,MANHATTAN,"(40.7746554, -73.9540925)",trafficstat,False,False,False,False,False,False,False,False,False,,,,,,,
2026-08-13,00:00,40.763114,-73.9625151,2 AVE,10065,19,UNKNOWN,Street,1.5863368801487272,False,MANHATTAN,"(40.763114, -73.9625151)",trafficstat,False,False,False,False,False,False,False,False,False,,,,,,,
2026-08-13,00:00,40.7640562,-73.9647563,3 AVE,10065,19,UNKNOWN,Street,1.7220147226052052,False,MANHATTAN,"(40.7640562, -73.9647563)",trafficstat,True,False,True,False,False,False,False,False,False,,,,,,,
2026-07-28,00:00,40.7640562,-73.9647563,3 AVE,10065,19,OTHER,Street,1.7220147226052052,False,MANHATTAN,"(40.7640562, -73.9647563)",trafficstat,True,False,False,False,False,False,False,True,False,,,,,,,
2026-06-22,00:00,40.7640562,-73.9647563,3 AVE,10065,19,OTHER,Street,1.7220147226052052,False,MANHATTAN,"(40.7640562, -73.9647563)",trafficstat,True,False,False,True,False,False,False,False,False,,,,,,,
2026-06-21,00:00,40.7640562,-73.9647563,3 AVE,10065,19,UNKNOWN,Street,1.7220147226052052,False,MANHATTAN,"(40.7640562, -73.9647563)",trafficstat,True,False,False,False,False,False,False,False,True,,,,,,,
2026-08-12,00:00,40.7819439,-73.9442745,FRANKLIN D ROOSEVELT DR,10028,19,UNKNOWN,Highway,2.1379402099573612,False,MANHATTAN,"(40.7819439, -73.9442745)",trafficstat,False,False,False,False,False,False,False,False,False,,,,,,,
2026-08-06,00:00,40.7819439,-73.9442745,FRANKLIN D ROOSEVELT DR,10028,19,UNKNOWN,Highway,2.1379402099573612,False,MANHATTAN,"(40.7819439, -73.9442745)",trafficstat,True,False,False,False,False,False,False,True,False,,,,,,,
2026-06-19,00:00,40.7819439,-73.9442745,FRANKLIN D ROOSEVELT DR,10028,19,OTHER,Highway,2.1379402099573612,False,MANHATTAN,"(40.7819439, -73.9442745)",trafficstat,True,False,False,False,False,False,False,True,False,,,,,,,
2026-08-12,00:00,40.7825837,-73.948073,2 AVE,10128,19,UNKNOWN,Street,59.26532562527539,False,MANHATTAN,"(40.7825837, -73.948073)",trafficstat,True,False,False,False,True,False,False,False,False,,,,,,,
2026-08-11,00:00,40.7823329,-73.9521702,E  91 ST,10128,19,UNKNOWN,Street,32.51192543119378,False,MANHATTAN,"(40.7823329, -73.9521702)",trafficstat,False,False,False,False,False,False,False,False,False,,,,,,,
2026-08-11,00:00,40.7614858,-73.9605992,1 AVE,10065,19,UNKNOWN,Street,1.8825568621529585,False,MANHATTAN,"(40.7614858, -73.9605992)",trafficstat,False,False,False,False,False,False,False,False,False,,,,,,,
2026-06-17,00:00,40.7614858,-73.9605992,1 AVE,10065,19,UNKNOWN,Street,1.8825568621529585,False,MANHATTAN,"(40.7614858, -73.9605992)",trafficstat,False,False,False,False,False,False,False,False,False,,,,,,,
2026-08-11,00:00,40.7666671,-73.9670654,E  65 ST,10065,19,UNKNOWN,Street,2.453086297137799,False,MANHATTAN,"(40.7666671, -73.9670654)",trafficstat,False,False,False,False,False,False,False,False,False,,,,,,,
2026-08-11,00:00,40.7646691,-73.9554263,YORK AVE,10065,19,UNKNOWN,Street,19.152746497281335,False,MANHATTAN,"(40.7646691, -73.9554263)",trafficstat,False,False,False,False,False,False,False,False,False,,,,,,,
2026-08-10,00:00,40.7710646,-73.959644,3 AVE,10021,19,UNKNOWN,Street,1.8188358671189706,False,MANHATTAN,"(40.7710646, -73.959644)",trafficstat,True,False,False,True,False,False,False,False,False,,,,,,,
2026-08-08,00:00,40.7774826,-73.9504099,E  86 ST,10028,19,UNKNOWN,Street,51.70196523014426,False,MANHATTAN,"(40.7774826, -73.9504099)",trafficstat,False,False,False,False,False,False,False,False,False,,,,,,,
2026-08-08,00:00,40.7779734,-73.9538306,E  85 ST,10028,19,UNKNOWN,Street,32.39484347534745,False,MANHATTAN,"(40.7779734, -73.9538306)",trafficstat,False,False,False,False,False,False,False,False,False,,,,,,,
2026-08-06,00:00,40.7733413,-73.9490099,YORK AVE,10028,19,UNKNOWN,Street,1.8951354382667376,False,MANHATTAN,"(40.7733413, -73.9490099)",trafficstat,False,False,False,False,False,False,False,False,False,,,,,,,
2026-08-06,00:00,40.7804368,-73.9498819,2 AVE,10128,19,OTHER,Street,1.3346577633796761,False,MANHATTAN,"(40.7804368, -73.9498819)",trafficstat,True,False,False,True,False,False,False,False,False,,,,,,,
2026-08-06,00:00,40.7730187,-73.9521873,1 AVE,10075,19,UNKNOWN,Street,1.7298105101495171,False,MANHATTAN,"(40.7730187, -73.9521873)",trafficstat,False,False,False,False,False,False,False,False,False,,,,,,,
2026-07-04,00:00,40.7730187,-73.9521873,1 AVE,10075,19,UNKNOWN,Street,1.7298105101495171,False,MANHATTAN,"(40.7730187, -73.9521873)",trafficstat,True,False,True,False,False,False,False,False,False,,,,,,,
2026-08-06,00:00,40.7713063,-73.9644614,E  72 ST,10021,19,UNKNOWN,Street,23.364587744451647,False,MANHATTAN,"(40.7713063, -73.9644614)",trafficstat,True,False,False,True,False,False,False,False,False,,,,,,,
2026-08-06,00:00,40.76944,-73.95186,YORK AVE,10021,19,UNKNOWN,Street,1.414821555458554,False,MANHATTAN,"(40.76944, -73.95186)",trafficstat,True,False,False,True,False,False,False,False,False,,,,,,,
2026-08-06,00:00,40.767311,-73.9546783,E  72 ST,10021,19,UNKNOWN,Street,18.438172783329403,False,MANHATTAN,"(40.767311, -73.9546783)",trafficstat,False,False,False,False,False,False,False,False,False,,,,,,,
2026-08-05,00:00,40.7831394,-73.9453072,E  96 ST,10128,19,OTHER,Street,115.40616388963352,False,MANHATTAN,"(40.7831394, -73.9453072)",trafficstat,False,False,False,False,False,False,False,False,False,,,,,,,
2026-08-04,00:00,40.783286,-73.9485907,E  94 ST,10128,19,UNKNOWN,Street,32.718221036129094,False,MANHATTAN,"(40.783286, -73.9485907)",trafficstat,True,False,False,False,False,False,False,True,False,,,,,,,
2026-08-03,00:00,40.7756004,-73.956334,3 AVE,10028,19,UNKNOWN,Street,2.0611936104570376,False,MANHATTAN,"(40.7756004, -73.956334)",trafficstat,True,False,False,True,False,False,False,False,False,,,,,,,
2026-08-03,00:00,40.770096,-73.9545841,1 AVE,10021,19,UNKNOWN,Street,60.645017264084544,False,MANHATTAN,"(40.770096, -73.9545841)",trafficstat,False,False,False,False,False,False,False,False,False,,,,,,,
2026-08-02,00:00,40.7707535,-73.9569401,2 AVE,10021,19,UNKNOWN,Street,1.9805258371989116,False,MANHATTAN,"(40.7707535, -73.9569401)",trafficstat,True,False,False,False,False,False,False,True,False,,,,,,,
2026-08-02,00:00,40.7676217,-73.9499977,FRANKLIN D ROOSEVELT DR,10021,19,UNKNOWN,Highway,0.268949653403048,False,MANHATTAN,"(40.7676217, -73.9499977)",trafficstat,False,False,False,False,False,False,False,False,False,,,,,,,
2026-07-31,00:00,40.7676217,-73.9499977,FRANKLIN D ROOSEVELT DR,10021,19,UNKNOWN,Highway,0.268949653403048,False,MANHATTAN,"(40.7676217, -73.9499977)",trafficstat,False,False,False,False,False,False,False,False,False,,,,,,,
2026-07-22,00:00,40.7676217,-73.9499977,FRANKLIN D ROOSEVELT DR,10021,19,OTHER,Highway,0.268949653403048,False,MANHATTAN,"(40.7676217, -73.9499977)",trafficstat,False,False,False,False,False,False,False,False,False,,,,,,,
2026-07-21,00:00,40.7676217,-73.9499977,FRANKLIN D ROOSEVELT DR,10021,19,OTHER,Highway,0.268949653403048,False,MANHATTAN,"(40.7676217, -73.9499977)",trafficstat,False,False,False,False,False,False,False,False,False,,,,,,,
2026-07-15,00:00,40.7676217,-73.9499977,FRANKLIN D ROOSEVELT DR,10021,19,UNKNOWN,Highway,0.268949653403048,False,MANHATTAN,"(40.7676217, -73.9499977)",trafficstat,True,False,False,False,False,False,False,False,True,,,,,,,
2026-06-15,00:00,40.7676217,-73.9499977,FRANKLIN D ROOSEVELT DR,10021,19,OTHER,Highway,0.268949653403048,False,MANHATTAN,"(40.7676217, -73.9499977)",trafficstat,False,False,False,False,False,False,False,False,False,,,,,,,
2026-08-02,00:00,40.7794969,-73.9534934,3 AVE,10028,19,UNKNOWN,Street,1.4111492147072795,False,MANHATTAN,"(40.7794969, -73.9534934)",trafficstat,True,False,False,False,False,False,False,False,True,,,,,,,
2026-08-01,00:00,40.777694,-73.9456143,E  89 ST,10128,19,UNKNOWN,Street,42.028199923353334,False,MANHATTAN,"(40.777694, -73.9456143)",trafficstat,False,False,False,False,False,False,False,False,False,,,,,,,
2026-08-01,00:00,40.7624884,-73.9629739,2 AVE,10065,19,UNKNOWN,Street,1.6901485662690374,False,MANHATTAN,"(40.7624884, -73.9629739)",trafficstat,False,False,False,False,False,False,False,False,False,,,,,,,
2026-07-20,00:00,40.7624884,-73.9629739,2 AVE,10065,19,UNKNOWN,Street,1.6901485662690374,False,MANHATTAN,"(40.7624884, -73.9629739)",trafficstat,True,False,False,True,False,False,False,False,False,,,,,,,
2026-07-31,00:00,40.7708631,-73.9628437,E  72 ST,10021,19,OTHER,Street,52.559587239032545,False,MANHATTAN,"(40.7708631, -73.9628437)",trafficstat,True,False,False,True,False,False,False,False,False,,,,,,,
2026-07-31,00:00,40.7790514,-73.956386,E  85 ST,10028,19,UNKNOWN,Street,32.455643582448616,False,MANHATTAN,"(40.7790514, -73.956386)",trafficstat,False,False,False,False,False,False,False,False,False,,,,,,,
2026-07-30,00:00,40.7749544,-73.96101,E  78 ST,10075,19,UNKNOWN,Street,2.9170714966019924,False,MANHATTAN,"(40.7749544, -73.96101)",trafficstat,True,False,False,False,False,False,False,True,False,,,,,,,
2026-07-30,00:00,40.7624177,-73.9569852,YORK AVE,10065,19,UNKNOWN,Street,1.256565297000309,False,MANHATTAN,"(40.7624177, -73.9569852)",trafficstat,False,False,False,False,False,False,False,False,False,,,,,,,
2026-07-16,00:00,40.7624177,-73.9569852,YORK AVE,10065,19,UNKNOWN,Street,1.256565297000309,False,MANHATTAN,"(40.7624177, -73.9569852)",trafficstat,False,False,False,False,False,False,False,False,False,,,,,,,
2026-07-30,00:00,40.7656139,-73.9606906,2 AVE,10065,19,OTHER,Street,1.4904986666383484,False,MANHATTAN,"(40.7656139, -73.9606906)",trafficstat,True,False,False,False,False,False,False,True,False,,,,,,,
2026-07-29,00:00,40.7655458,-73.9547017,YORK AVE,10021,19,UNKNOWN,Street,1.4872868270941764,False,MANHATTAN,"(40.7655458, -73.9547017)",trafficstat,True,False,True,False,False,False,False,False,False,,,,,,,
2026-06-22,00:00,40.7655458,-73.9547017,YORK AVE,10021,19,UNKNOWN,Street,1.4872868270941764,False,MANHATTAN,"(40.7655458, -73.9547017)",trafficstat,False,False,False,False,False,False,False,False,False,,,,,,,
2026-07-29,00:00,40.7771058,-73.962161,E  80 ST,10075,19,UNKNOWN,Street,41.10516937899915,False,MANHATTAN,"(40.7771058, -73.962161)",trafficstat,True,False,False,False,False,False,True,False,False,,,,,,,
2026-07-29,00:00,40.7791801,-73.9507928,2 AVE,10128,19,UNKNOWN,Street,1.5701042275091672,False,MANHATTAN,"(40.7791801, -73.9507928)",trafficstat,True,False,False,False,True,False,False,False,False,,,,,,,
2026-07-29,00:00,40.7775544,-73.9488803,1 AVE,10028,19,UNKNOWN,Street,1.6019535469756585,False,MANHATTAN,"(40.7775544, -73.9488803)",trafficstat,False,False,False,False,False,False,False,False,False,,,,,,,
2026-07-29,00:00,40.7871227,-73.954415,MADISON AVE,10128,19,UNKNOWN,Street,40.37710346645662,False,MANHATTAN,"(40.7871227, -73.954415)",trafficstat,True,False,True,False,False,False,False,False,False,,,,,,,
2026-07-28,00:00,40.7606004,-73.9643141,2 AVE,10022,19,UNKNOWN,Street,1.5006404601926493,False,MANHATTAN,"(40.7606004, -73.9643141)",trafficstat,False,False,False,False,False,False,False,False,False,,,,,,,
2026-07-28,00:00,40.7700733,-73.9513988,YORK AVE,10075,19,OTHER,Street,1.5099560048879506,False,MANHATTAN,"(40.7700733, -73.9513988)",trafficstat,False,False,False,False,False,False,False,False,False,,,,,,,
2026-07-27,00:00,40.7770001,-73.9540036,E  84 ST,10028,19,UNKNOWN,Street,36.83352498916552,False,MANHATTAN,"(40.7770001, -73.9540036)",trafficstat,False,False,False,False,False,False,False,False,False,,,,,,,
2026-07-27,00:00,40.7637316,-73.9603368,E  65 ST,10065,19,OTHER,Street,33.68284008503532,False,MANHATTAN,"(40.7637316, -73.9603368)",trafficstat,False,False,False,False,False,False,False,False,False,,,,,,,
2026-07-27,00:00,40.7773193,-73.9596002,PARK AVE,10028,19,OTHER,Street,39.003896562215814,False,MANHATTAN,"(40.7773193, -73.9596002)",trafficstat,False,False,False,False,False,False,False,False,False,,,,,,,