crash_date,crash_time,latitude,longitude,on_street_name,zip_code,precinct,collision_type,roadway_type,geocode_dist_feet,time_is_known,borough,location,source,injury,fatality,injured_pedestrian,injured_cyclist,injured_ebike_rider,injured_motorcyclist,injured_moped_rider,injured_car_occupant,injured_suv_occupant,number_of_persons_injured,number_of_persons_killed,contributing_factor_vehicle_1,collision_id,cross_street_name,off_street_name,vehicle_type_code1
2026-07-26,00:00,40.7800019,-73.9533394,3 AVE,10128,19,UNKNOWN,Street,50.467137704114776,False,MANHATTAN,"(40.7800019, -73.9533394)",trafficstat,False,False,False,False,False,False,False,False,False,,,,,,,
2026-07-26,00:00,40.760229,-73.9615204,1 AVE,10022,19,UNKNOWN,Street,2.4129577313484893,False,MANHATTAN,"(40.760229, -73.9615204)",trafficstat,True,False,False,False,False,False,False,False,False,,,,,,,
2026-06-19,00:00,40.760229,-73.9615204,1 AVE,10022,19,UNKNOWN,Street,2.4129577313484893,False,MANHATTAN,"(40.760229, -73.9615204)",trafficstat,True,False,False,True,False,False,False,False,False,,,,,,,
2026-07-26,00:00,40.76687,-73.95978,2 AVE,10065,19,OTHER,Street,0.5610197865833192,False,MANHATTAN,"(40.76687, -73.95978)",trafficstat,True,False,False,False,False,True,False,True,False,,,,,,,
2026-07-25,00:00,40.765413,-73.9679757,E  63 ST,10065,19,OTHER,Street,2.625891435417612,False,MANHATTAN,"(40.765413, -73.9679757)",trafficstat,True,False,False,True,False,False,False,False,False,,,,,,,
2026-06-28,00:00,40.765413,-73.9679757,E  63 ST,10065,19,UNKNOWN,Street,2.625891435417612,False,MANHATTAN,"(40.765413, -73.9679757)",trafficstat,True,False,False,False,False,False,False,True,True,,,,,,,
2026-07-24,00:00,40.7659112,-73.9634016,E  66 ST,10065,19,OTHER,Street,0.9530623701351048,False,MANHATTAN,"(40.7659112, -73.9634016)",trafficstat,True,False,False,False,True,False,False,False,False,,,,,,,
2026-07-24,00:00,40.7679157,-73.9661514,E  67 ST,10065,19,UNKNOWN,Street,3.0540954298774428,False,MANHATTAN,"(40.7679157, -73.9661514)",trafficstat,True,False,False,False,False,False,False,True,False,,,,,,,
2026-07-24,00:00,40.761486,-73.9606,1 AVE,10065,19,UNKNOWN,Street,1.6538256697334701,False,MANHATTAN,"(40.761486, -73.9606)",trafficstat,False,False,False,False,False,False,False,False,False,,,,,,,
2026-07-24,00:00,40.7694395,-73.9518578,YORK AVE,10021,19,UNKNOWN,Street,2.036113203060759,False,MANHATTAN,"(40.7694395, -73.9518578)",trafficstat,False,False,False,False,False,False,False,False,False,,,,,,,
2026-07-24,00:00,40.7668519,-73.9537477,YORK AVE,10021,19,OTHER,Street,2.1558493488484745,False,MANHATTAN,"(40.7668519, -73.9537477)",trafficstat,False,False,False,False,False,False,False,False,False,,,,,,,
2026-07-24,00:00,40.7788218,-73.9539849,3 AVE,10028,19,UNKNOWN,Street,1.5349114638197077,False,MANHATTAN,"(40.7788218, -73.9539849)",trafficstat,False,False,False,False,False,False,False,False,False,,,,,,,
2026-07-24,00:00,40.7741455,-73.9551117,E  80 ST,10075,19,UNKNOWN,Street,37.35849513130191,False,MANHATTAN,"(40.7741455, -73.9551117)",trafficstat,False,False,False,False,False,False,False,False,False,,,,,,,
2026-07-23,00:00,40.7730455,-73.9525919,E  80 ST,10075,19,OTHER,Street,48.851165814624515,False,MANHATTAN,"(40.7730455, -73.9525919)",trafficstat,True,False,False,False,True,False,False,False,False,,,,,,,
2026-07-22,00:00,40.7729662,-73.9582565,3 AVE,10075,19,UNKNOWN,Street,1.338038743715104,False,MANHATTAN,"(40.7729662, -73.9582565)",trafficstat,False,False,False,False,False,False,False,False,False,,,,,,,
2026-06-27,00:00,40.7729662,-73.9582565,3 AVE,10075,19,UNKNOWN,Street,1.338038743715104,False,MANHATTAN,"(40.7729662, -73.9582565)",trafficstat,True,False,True,False,False,False,False,False,False,,,,,,,
2026-06-14,00:00,40.7729662,-73.9582565,3 AVE,10075,19,UNKNOWN,Street,1.338038743715104,False,MANHATTAN,"(40.7729662, -73.9582565)",trafficstat,False,False,False,False,False,False,False,False,False,,,,,,,
2026-07-22,00:00,40.7599124,-73.9588097,YORK AVE,10065,19,UNKNOWN,Street,1.793401243706656,False,MANHATTAN,"(40.7599124, -73.9588097)",trafficstat,False,False,False,False,False,False,False,False,False,,,,,,,
2026-07-22,00:00,40.7666929,-73.9509639,FDR DRIVE EXIT 13 SB,10021,19,UNKNOWN,Ramp,17.790559711459778,False,MANHATTAN,"(40.7666929, -73.9509639)",trafficstat,True,False,True,False,False,False,False,False,False,,,,,,,
2026-07-20,00:00,40.7651866,-73.9710617,E  61 ST,10065,19,UNKNOWN,Street,31.663282152611703,False,MANHATTAN,"(40.7651866, -73.9710617)",trafficstat,False,False,False,False,False,False,False,False,False,,,,,,,
2026-07-20,00:00,40.760084,-73.9630799,E  59 ST,10022,19,UNKNOWN,Street,2.0872303579034526,False,MANHATTAN,"(40.760084, -73.9630799)",trafficstat,True,False,False,True,False,False,False,False,False,,,,,,,
2026-07-20,00:00,40.764576,-73.9553213,YORK AVE,10065,19,UNKNOWN,Street,22.737287645245175,False,MANHATTAN,"(40.764576, -73.9553213)",trafficstat,False,False,False,False,False,False,False,False,False,,,,,,,
2026-07-20,00:00,40.7756774,-73.9646888,E  77 ST,10075,19,UNKNOWN,Street,2.5487073017121684,False,MANHATTAN,"(40.7756774, -73.9646888)",trafficstat,False,False,False,False,False,False,False,False,False,,,,,,,
2026-07-20,00:00,40.7820075,-73.9516609,3 AVE,10128,19,UNKNOWN,Street,1.4161931414482984,False,MANHATTAN,"(40.7820075, -73.9516609)",trafficstat,False,False,False,False,False,False,False,False,False,,,,,,,
2026-07-17,00:00,40.7717792,-73.9468502,E  END AVE,10028,19,UNKNOWN,Street,55.11310067999557,False,MANHATTAN,"(40.7717792, -73.9468502)",trafficstat,False,False,False,False,False,False,False,False,False,,,,,,,
2026-07-16,00:00,40.7788619,-73.9581661,E  84 ST,10028,19,UNKNOWN,Street,2.4583058969233234,False,MANHATTAN,"(40.7788619, -73.9581661)",trafficstat,True,False,False,False,False,False,False,False,True,,,,,,,
2026-07-16,00:00,40.7865477,-73.9525532,E  96 ST,10128,19,UNKNOWN,Street,2.947786111851651,False,MANHATTAN,"(40.7865477, -73.9525532)",trafficstat,False,False,False,False,False,False,False,False,False,,,,,,,
2026-07-15,00:00,40.7767066,-73.9586656,E  81 ST,10028,19,UNKNOWN,Street,36.45499700201813,False,MANHATTAN,"(40.7767066, -73.9586656)",trafficstat,False,False,False,False,False,False,False,False,False,,,,,,,
2026-07-15,00:00,40.7756589,-73.9541661,E  82 ST,10028,19,OTHER,Street,42.49246144186079,False,MANHATTAN,"(40.7756589, -73.9541661)",trafficstat,False,False,False,False,False,False,False,False,False,,,,,,,
2026-07-15,00:00,40.7743232,-73.9614762,E  77 ST,10075,19,UNKNOWN,Street,2.7708534996015066,False,MANHATTAN,"(40.7743232, -73.9614762)",trafficstat,True,False,True,False,False,False,False,False,False,,,,,,,
2026-07-14,00:00,40.7721649,-73.9454055,FRANKLIN D ROOSEVELT DR,10028,19,UNKNOWN,Highway,1.2281313609696798,False,MANHATTAN,"(40.7721649, -73.9454055)",trafficstat,False,False,False,False,False,False,False,False,False,,,,,,,
2026-07-13,00:00,40.7714628,-73.9603036,E  74 ST,10021,19,UNKNOWN,Street,36.05835790518797,False,MANHATTAN,"(40.7714628, -73.9603036)",trafficstat,False,False,False,False,False,False,False,False,False,,,,,,,
2026-07-13,00:00,40.7642845,-73.9583129,1 AVE,10065,19,UNKNOWN,Street,62.74232598742848,False,MANHATTAN,"(40.7642845, -73.9583129)",trafficstat,False,False,False,False,False,False,False,False,False,,,,,,,
2026-07-13,00:00,40.7667316,-73.9647166,LEXINGTON AVE,10065,19,UNKNOWN,Street,45.905226069191954,False,MANHATTAN,"(40.7667316, -73.9647166)",trafficstat,False,False,False,False,False,False,False,False,False,,,,,,,
2026-07-13,00:00,40.7840825,-73.9585673,E  90 ST,10128,19,UNKNOWN,Street,2.673893534202888,False,MANHATTAN,"(40.7840825, -73.9585673)",trafficstat,True,False,False,True,False,False,False,False,False,,,,,,,
2026-07-12,00:00,40.776127,-73.9527531,2 AVE,10028,19,UNKNOWN,Street,66.1544899372431,False,MANHATTAN,"(40.776127, -73.9527531)",trafficstat,True,False,False,True,False,False,False,False,False,,,,,,,
2026-07-11,00:00,40.7639911,-73.9587819,1 AVE,10065,19,UNKNOWN,Street,1.321825701152513,False,MANHATTAN,"(40.7639911, -73.9587819)",trafficstat,True,False,True,False,False,False,False,False,False,,,,,,,
2026-07-10,00:00,40.7701159,-73.9492819,E  78 ST,10075,19,UNKNOWN,Street,30.696611846408242,False,MANHATTAN,"(40.7701159, -73.9492819)",trafficstat,False,False,False,False,False,False,False,False,False,,,,,,,
2026-07-10,00:00,40.7763189,-73.9621249,MADISON AVE,10075,19,UNKNOWN,Street,1.909204311225718,False,MANHATTAN,"(40.7763189, -73.9621249)",trafficstat,True,False,False,False,False,False,False,False,True,,,,,,,
2026-07-07,00:00,40.7763189,-73.9621249,MADISON AVE,10075,19,OTHER,Street,1.909204311225718,False,MANHATTAN,"(40.7763189, -73.9621249)",trafficstat,True,False,True,False,False,False,False,False,False,,,,,,,
2026-07-09,00:00,40.7785517,-73.9512482,2 AVE,10028,19,UNKNOWN,Street,1.5457628263089136,False,MANHATTAN,"(40.7785517, -73.9512482)",trafficstat,True,False,False,False,False,False,False,True,False,,,,,,,
2026-07-09,00:00,40.7787589,-73.9482275,E  89 ST,10128,19,UNKNOWN,Street,52.62295773232502,False,MANHATTAN,"(40.7787589, -73.9482275)",trafficstat,False,False,False,False,False,False,False,False,False,,,,,,,
2026-07-09,00:00,40.7625917,-73.9703985,PARK AVE,10022,19,OTHER,Street,53.800444435787,False,MANHATTAN,"(40.7625917, -73.9703985)",trafficstat,True,False,True,False,False,False,False,False,False,,,,,,,
2026-06-16,00:00,40.7625917,-73.9703985,PARK AVE,10022,19,OTHER,Street,53.800444435787,False,MANHATTAN,"(40.7625917, -73.9703985)",trafficstat,True,False,False,False,False,False,False,False,True,,,,,,,
2026-07-08,00:00,40.76249,-73.962975,2 AVE,10065,19,UNKNOWN,Street,1.1440226756509198,False,MANHATTAN,"(40.76249, -73.962975)",trafficstat,False,False,False,False,False,False,False,False,False,,,,,,,
2026-07-08,00:00,40.7662395,-73.9602318,2 AVE,10065,19,UNKNOWN,Street,2.2054384931558677,False,MANHATTAN,"(40.7662395, -73.9602318)",trafficstat,False,False,False,False,False,False,False,False,False,,,,,,,
2026-07-08,00:00,40.7647319,-73.9663588,LEXINGTON AVE,10065,19,UNKNOWN,Street,1.8608862492357403,False,MANHATTAN,"(40.7647319, -73.9663588)",trafficstat,True,False,True,False,False,False,False,False,False,,,,,,,
2026-07-08,00:00,40.7796415,-73.9482424,E  90 ST,10128,19,UNKNOWN,Street,35.825883796213134,False,MANHATTAN,"(40.7796415, -73.9482424)",trafficstat,False,False,False,False,False,False,False,False,False,,,,,,,
2026-07-07,00:00,40.7780406,-73.9525768,E  86 ST,10028,19,UNKNOWN,Street,61.85581436652605,False,MANHATTAN,"(40.7780406, -73.9525768)",trafficstat,False,False,False,False,False,False,False,False,False,,,,,,,
2026-07-07,00:00,40.7865513,-73.9546549,MADISON AVE,10128,19,OTHER,Street,2.2506195277751604,False,MANHATTAN,"(40.7865513, -73.9546549)",trafficstat,True,False,False,False,False,False,False,True,False,,,,,,,
2026-07-07,00:00,40.7645247,-73.9719589,E  60 ST,10022,19,UNKNOWN,Street,40.26587910405764,False,MANHATTAN,"(40.7645247, -73.9719589)",trafficstat,True,False,False,False,True,False,False,False,False,,,,,,,
2026-07-07,00:00,40.7652731,-73.9521279,FDR DRIVE SB ENTRANCE E 73 ST,10021,19,UNKNOWN,Ramp,1.4857914241493282,False,MANHATTAN,"(40.7652731, -73.9521279)",trafficstat,True,False,False,False,False,False,False,False,True,,,,,,,
2026-07-06,00:00,40.7833284,-73.945333,E  96 ST,10128,19,OTHER,Street,58.643033599853894,False,MANHATTAN,"(40.7833284, -73.945333)",trafficstat,True,False,False,False,False,False,False,True,False,,,,,,,
2026-07-06,00:00,40.7832147,-73.9476207,2 AVE,10128,19,UNKNOWN,Street,54.26529273272132,False,MANHATTAN,"(40.7832147, -73.9476207)",trafficstat,True,False,False,False,True,False,False,False,False,,,,,,,
2026-07-05,00:00,40.7666089,-73.9649896,LEXINGTON AVE,10065,19,OTHER,Street,1.5336256275888236,False,MANHATTAN,"(40.7666089, -73.9649896)",trafficstat,False,False,False,False,False,False,False,False,False,,,,,,,
2026-07-04,00:00,40.769753,-73.954575,1 AVE,10021,19,UNKNOWN,Street,2.1932124339948316,False,MANHATTAN,"(40.769753, -73.954575)",trafficstat,False,False,False,False,False,False,False,False,False,,,,,,,
2026-07-04,00:00,40.7768766,-73.9493755,1 AVE,10028,19,UNKNOWN,Street,1.4194328434274497,False,MANHATTAN,"(40.7768766, -73.9493755)",trafficstat,False,False,False,False,False,False,False,False,False,,,,,,,
2026-07-02,00:00,40.7768766,-73.9493755,1 AVE,10028,19,UNKNOWN,Street,1.4194328434274497,False,MANHATTAN,"(40.7768766, -73.9493755)",trafficstat,False,False,False,False,False,False,False,False,False,,,,,,,
2026-06-20,00:00,40.7768766,-73.9493755,1 AVE,10028,19,OTHER,Street,1.4194328434274497,False,MANHATTAN,"(40.7768766, -73.9493755)",trafficstat,True,False,False,True,False,False,False,False,False,,,,,,,
2026-07-02,00:00,40.7741595,-73.9596577,LEXINGTON AVE,10075,19,UNKNOWN,Street,41.21566622859675,False,MANHATTAN,"(40.7741595, -73.9596577)",trafficstat,False,False,False,False,False,False,False,False,False,,,,,,,
2026-07-02,00:00,40.7872263,-73.9541633,MADISON AVE,10128,19,UNKNOWN,Street,2.347050356141271,False,MANHATTAN,"(40.7872263, -73.9541633)",trafficstat,True,False,False,False,False,False,False,True,False,,,,,,,
2026-07-01,00:00,40.7760995,-73.9518526,E  84 ST,10028,19,UNKNOWN,Street,35.13199210129498,False,MANHATTAN,"(40.7760995, -73.9518526)",trafficstat,False,False,False,False,False,False,False,False,False,,,,,,,
2026-07-01,00:00,40.7761962,-73.9498743,1 AVE,10028,19,UNKNOWN,Street,1.6032097628572548,False,MANHATTAN,"(40.7761962, -73.9498743)",trafficstat,True,False,True,False,False,False,False,False,False,,,,,,,
2026-07-01,00:00,40.7711286,-73.9502186,E  79 ST,10075,19,UNKNOWN,Street,56.97328826536222,False,MANHATTAN,"(40.7711286, -73.9502186)",trafficstat,False,False,False,False,False,False,False,False,False,,,,,,,
2026-06-30,00:00,40.7741682,-73.9515832,1 AVE,10028,19,UNKNOWN,Street,54.37638370540359,False,MANHATTAN,"(40.7741682, -73.9515832)",trafficstat,False,False,False,False,False,False,False,False,False,,,,,,,
2026-06-30,00:00,40.7686468,-73.9698262,E  66 ST,10065,19,UNKNOWN,Street,2.4252203905425582,False,MANHATTAN,"(40.7686468, -73.9698262)",trafficstat,True,False,False,False,False,False,False,True,False,,,,,,,
2026-06-30,00:00,40.763992,-73.95878,1 AVE,10065,19,OTHER,Street,1.6214432375028716,False,MANHATTAN,"(40.763992, -73.95878)",trafficstat,True,False,True,False,False,False,False,False,False,,,,,,,
2026-06-30,00:00,40.7768681,-73.9554089,3 AVE,10028,19,UNKNOWN,Street,1.4515100467902458,False,MANHATTAN,"(40.7768681, -73.9554089)",trafficstat,True,False,False,True,False,False,False,False,False,,,,,,,
2026-06-29,00:00,40.7740215,-73.9545587,2 AVE,10075,19,OTHER,Street,1.3995242444135065,False,MANHATTAN,"(40.7740215, -73.9545587)",trafficstat,True,False,False,True,False,False,False,False,False,,,,,,,
2026-06-29,00:00,40.7698027,-73.9684225,E  68 ST,10065,19,OTHER,Street,31.468652956892488,False,MANHATTAN,"(40.7698027, -73.9684225)",trafficstat,False,False,False,False,False,False,False,False,False,,,,,,,
2026-06-29,00:00,40.7669668,-73.9636481,E  67 ST,10065,19,OTHER,Street,30.93614371243214,False,MANHATTAN,"(40.7669668, -73.9636481)",trafficstat,False,False,False,False,False,False,False,False,False,,,,,,,
2026-06-28,00:00,40.7675352,-73.953249,YORK AVE,10021,19,OTHER,Street,2.2080154650375063,False,MANHATTAN,"(40.7675352, -73.953249)",trafficstat,True,False,False,False,False,False,False,True,False,,,,,,,
2026-06-28,00:00,40.775292,-73.9536263,E  82 ST,10028,19,UNKNOWN,Street,1.8550576208917027,False,MANHATTAN,"(40.775292, -73.9536263)",trafficstat,True,False,True,False,False,False,False,False,False,,,,,,,
2026-06-27,00:00,40.7712954,-73.9466951,FRANKLIN D ROOSEVELT DR,10075,19,UNKNOWN,Highway,3.6522918481753104,False,MANHATTAN,"(40.7712954, -73.9466951)",trafficstat,False,False,False,False,False,False,False,False,False,,,,,,,
2026-06-27,00:00,40.7659178,-73.9515426,FRANKLIN D ROOSEVELT DR,10021,19,UNKNOWN,Street,2.3281360265519067,False,MANHATTAN,"(40.7659178, -73.9515426)",trafficstat,False,False,False,False,False,False,False,False,False,,,,,,,
2026-06-26,00:00,40.7641062,-73.9668139,LEXINGTON AVE,10065,19,UNKNOWN,Street,1.486408559416582,False,MANHATTAN,"(40.7641062, -73.9668139)",trafficstat,True,False,False,False,False,False,False,False,True,,,,,,,
2026-06-26,00:00,40.7688783,-73.9508386,E  76 ST,10021,19,UNKNOWN,Street,45.542665194597696,False,MANHATTAN,"(40.7688783, -73.9508386)",trafficstat,False,False,False,False,False,False,False,False,False,,,,,,,
2026-06-26,00:00,40.7784859,-73.9452545,YORK AVE,10128,19,UNKNOWN,Street,1.7709382362667636,False,MANHATTAN,"(40.7784859, -73.9452545)",trafficstat,True,False,False,True,False,False,False,False,False,,,,,,,
2026-06-24,00:00,40.7770056,-73.9637276,5 AVE,10075,19,UNKNOWN,Street,1.2694030560156646,False,MANHATTAN,"(40.7770056, -73.9637276)",trafficstat,True,False,False,False,False,False,False,True,False,,,,,,,
2026-06-24,00:00,40.7789237,-73.9619728,E  82 ST,10028,19,OTHER,Street,34.535441003605065,False,MANHATTAN,"(40.7789237, -73.9619728)",trafficstat,True,False,False,False,False,False,False,False,False,,,,,,,
2026-06-24,00:00,40.7608574,-73.9610688,1 AVE,10065,19,OTHER,Street,1.5796751057763405,False,MANHATTAN,"(40.7608574, -73.9610688)",trafficstat,True,False,False,True,False,False,False,False,False,,,,,,,
2026-06-19,00:00,40.7608574,-73.9610688,1 AVE,10065,19,UNKNOWN,Street,1.5796751057763405,False,MANHATTAN,"(40.7608574, -73.9610688)",trafficstat,True,False,False,True,False,False,False,False,False,,,,,,,
2026-06-23,00:00,40.7628049,-73.9656702,3 AVE,10065,19,UNKNOWN,Street,1.5683727642545116,False,MANHATTAN,"(40.7628049, -73.9656702)",trafficstat,False,False,False,False,False,False,False,False,False,,,,,,,
2026-06-23,00:00,40.7692698,-73.9693638,5 AVE,10065,19,UNKNOWN,Street,2.1856982479398575,False,MANHATTAN,"(40.7692698, -73.9693638)",trafficstat,False,False,False,False,False,False,False,False,False,,,,,,,
2026-06-23,00:00,40.7711995,-73.9523927,E  78 ST,10075,19,UNKNOWN,Street,41.73080821058033,False,MANHATTAN,"(40.7711995, -73.9523927)",trafficstat,False,False,False,False,False,False,False,False,False,,,,,,,
2026-06-22,00:00,40.7737339,-73.964011,MADISON AVE,10021,19,OTHER,Street,1.7754805272161667,False,MANHATTAN,"(40.7737339, -73.964011)",trafficstat,True,False,False,True,False,False,False,False,False,,,,,,,
2026-06-22,00:00,40.7700415,-73.9535394,E  76 ST,10021,19,UNKNOWN,Street,36.38296602910281,False,MANHATTAN,"(40.7700415, -73.9535394)",trafficstat,False,False,False,False,False,False,False,False,False,,,,,,,
2026-06-22,00:00,40.763367,-73.95924,1 AVE,10065,19,UNKNOWN,Street,1.3967065065303184,False,MANHATTAN,"(40.763367, -73.95924)",trafficstat,True,False,False,False,False,False,False,True,False,,,,,,,
2026-06-22,00:00,40.7788237,-73.950828,2 AVE,10128,19,UNKNOWN,Street,55.670752164290946,False,MANHATTAN,"(40.7788237, -73.950828)",trafficstat,True,False,False,False,True,False,False,False,False,,,,,,,
2026-06-21,00:00,40.7788835,-73.9498305,E  88 ST,10128,19,OTHER,Street,32.12283143501957,False,MANHATTAN,"(40.7788835, -73.9498305)",trafficstat,True,False,True,False,False,False,False,False,False,,,,,,,
2026-06-21,00:00,40.7794977,-73.955584,LEXINGTON AVE,10028,19,UNKNOWN,Street,1.7090731556452954,False,MANHATTAN,"(40.7794977, -73.955584)",trafficstat,True,False,False,False,False,False,False,True,False,,,,,,,
2026-06-21,00:00,40.7634305,-73.9652115,3 AVE,10065,19,UNKNOWN,Street,2.3516406019833407,False,MANHATTAN,"(40.7634305, -73.9652115)",trafficstat,True,False,False,False,False,False,False,True,False,,,,,,,
2026-06-20,00:00,40.7672901,-73.9666066,E  66 ST,10065,19,OTHER,Street,2.6939086637719702,False,MANHATTAN,"(40.7672901, -73.9666066)",trafficstat,False,False,False,False,False,False,False,False,False,,,,,,,
2026-06-20,00:00,40.7710239,-73.9536473,1 AVE,10075,19,UNKNOWN,Street,2.1230841336393187,False,MANHATTAN,"(40.7710239, -73.9536473)",trafficstat,False,False,False,False,False,False,False,False,False,,,,,,,
2026-06-20,00:00,40.7782253,-73.9586287,E  83 ST,10028,19,OTHER,Street,3.0599697276854982,False,MANHATTAN,"(40.7782253, -73.9586287)",trafficstat,True,False,False,True,False,False,False,False,False,,,,,,,
2026-06-20,00:00,40.7740664,-73.9594617,LEXINGTON AVE,10075,19,UNKNOWN,Street,22.708078242842944,False,MANHATTAN,"(40.7740664, -73.9594617)",trafficstat,False,False,False,False,False,False,False,False,False,,,,,,,
2026-06-19,00:00,40.7617062,-73.9653203,E  60 ST,10022,19,UNKNOWN,Street,44.79770347718361,False,MANHATTAN,"(40.7617062, -73.9653203)",trafficstat,True,False,False,True,False,False,False,False,False,,,,,,,
2026-06-17,00:00,40.7749666,-73.9567966,3 AVE,10075,19,OTHER,Street,1.93233785479947,False,MANHATTAN,"(40.7749666, -73.9567966)",trafficstat,False,False,False,False,False,False,False,False,False,,,,,,,
2026-06-17,00:00,40.7802299,-73.961368,E  84 ST,10028,19,UNKNOWN,Street,2.2916505598720245,False,MANHATTAN,"(40.7802299, -73.961368)",trafficstat,False,False,False,False,False,False,False,False,False,,,,,,,
2026-06-14,00:00,40.7802299,-73.961368,E  84 ST,10028,19,UNKNOWN,Street,2.2916505598720245,False,MANHATTAN,"(40.7802299, -73.961368)",trafficstat,False,False,False,False,False,False,False,False,False,,,,,,,
2026-06-16,00:00,40.7720212,-73.956015,2 AVE,10075,19,OTHER,Street,1.573422832519887,False,MANHATTAN,"(40.7720212, -73.956015)",trafficstat,False,False,False,False,False,False,False,False,False,,,,,,,
2026-06-16,00:00,40.7717752,-73.9675322,5 AVE,10021,19,UNKNOWN,Street,2.3783538448812003,False,MANHATTAN,"(40.7717752, -73.9675322)",trafficstat,True,False,False,False,False,False,False,False,False,,,,,,,
2026-06-15,00:00,40.7688182,-73.9641535,E  69 ST,10021,19,UNKNOWN,Street,31.270056502631846,False,MANHATTAN,"(40.7688182, -73.9641535)",trafficstat,False,False,False,False,False,False,False,False,False,,,,,,,
2026-06-15,00:00,40.780854,-73.9567097,E  87 ST,10128,19,UNKNOWN,Street,3.055684260965628,False,MANHATTAN,"(40.780854, -73.9567097)",trafficstat,True,False,False,False,False,False,False,True,False,,,,,,,
2026-06-14,00:00,40.7667698,-73.9711844,5 AVE,10065,19,UNKNOWN,Street,2.0644510086842947,False,MANHATTAN,"(40.7667698, -73.9711844)",trafficstat,False,False,False,False,False,False,False,False,False,,,,,,,
2026-06-14,00:00,40.7724944,-73.9568753,E  77 ST,10075,19,UNKNOWN,Street,33.0390353938556,False,MANHATTAN,"(40.7724944, -73.9568753)",trafficstat,False,False,False,False,False,False,False,False,False,,,,,,,
2026-06-14,00:00,40.7607763,-73.9570187,FRANKLIN D ROOSEVELT DR,10065,19,UNKNOWN,Street,1.1491579458101506,False,MANHATTAN,"(40.7607763, -73.9570187)",trafficstat,False,False,False,False,False,False,False,False,False,,,,,,,
2026-06-13,00:00,40.7627075,-73.9615587,QUEENSBORO BRIDGE EXIT,10065,19,OTHER,Ramp,1.4443252557581483,False,MANHATTAN,"(40.7627075, -73.9615587)",trafficstat,False,False,False,False,False,False,False,False,False,,,,,,,
2026-06-12,00:00,40.7699009,-73.968905,5 AVE,10065,19,UNKNOWN,Street,1.6509500373492194,False,MANHATTAN,"(40.7699009, -73.968905)",trafficstat,True,False,False,True,False,False,False,False,False,,,,,,,
2026-06-12,00:00,40.7800661,-73.9575959,PARK AVE,10028,19,UNKNOWN,Street,39.79149719664717,False,MANHATTAN,"(40.7800661, -73.9575959)",trafficstat,True,False,False,True,False,False,False,False,False,,,,,,,
2026-09-13,00:00,40.7728635,-73.989537,W  END AVE,10023,20,OTHER,Street,2.016374492946999,False,MANHATTAN,"(40.7728635, -73.989537)",trafficstat,True,False,False,False,False,False,False,True,False,,,,,,,
2026-09-13,00:00,40.7810253,-73.9813102,W  75 ST,10023,20,UNKNOWN,Street,2.3911168430918575,False,MANHATTAN,"(40.7810253, -73.9813102)",trafficstat,True,False,False,True,False,False,False,False,False,,,,,,,
2026-09-09,00:00,40.775531,-73.980587,W  69 ST,10023,20,UNKNOWN,Street,37.40340149016129,False,MANHATTAN,"(40.775531, -73.980587)",trafficstat,False,False,False,False,False,False,False,False,False,,,,,,,
2026-09-09,00:00,40.7715594,-73.9860948,W  61 ST,10023,20,UNKNOWN,Street,44.230428460678866,False,MANHATTAN,"(40.7715594, -73.9860948)",trafficstat,False,False,False,False,False,False,False,False,False,,,,,,,
2026-07-13,00:00,40.7715594,-73.9860948,W  61 ST,10023,20,OTHER,Street,44.230428460678866,False,MANHATTAN,"(40.7715594, -73.9860948)",trafficstat,False,False,False,False,False,False,False,False,False,,,,,,,
2026-06-12,00:00,40.7715594,-73.9860948,W  61 ST,10023,20,UNKNOWN,Street,44.230428460678866,False,MANHATTAN,"(40.7715594, -73.9860948)",trafficstat,False,False,False,False,False,False,False,False,False,,,,,,,
2026-09-09,00:00,40.7867499,-73.9759209,AMSTERDAM AVE,10024,20,UNKNOWN,Street,52.31472792188016,False,MANHATTAN,"(40.7867499, -73.9759209)",trafficstat,False,False,False,False,False,False,False,False,False,,,,,,,
2026-09-08,00:00,40.7844637,-73.977366,AMSTERDAM AVE,10024,20,UNKNOWN,Street,1.6828838964380732,False,MANHATTAN,"(40.7844637, -73.977366)",trafficstat,True,False,True,False,False,False,False,False,False,,,,,,,
2026-09-05,00:00,40.7786072,-73.9816214,AMSTERDAM AVE,10023,20,UNKNOWN,Street,1.7659498313821234,False,MANHATTAN,"(40.7786072, -73.9816214)",trafficstat,True,False,False,True,False,False,False,False,False,,,,,,,
2026-08-08,00:00,40.7786072,-73.9816214,AMSTERDAM AVE,10023,20,UNKNOWN,Street,1.7659498313821234,False,MANHATTAN,"(40.7786072, -73.9816214)",trafficstat,False,False,False,False,False,False,False,False,False,,,,,,,
2026-07-23,00:00,40.7786072,-73.9816214,AMSTERDAM AVE,10023,20,UNKNOWN,Street,1.7659498313821234,False,MANHATTAN,"(40.7786072, -73.9816214)",trafficstat,True,False,False,True,False,False,False,False,False,,,,,,,
2026-09-03,00:00,40.778794,-73.9820547,BROADWAY,10023,20,UNKNOWN,Street,1.0286635515117515,False,MANHATTAN,"(40.778794, -73.9820547)",trafficstat,True,False,False,False,False,False,False,True,False,,,,,,,
2026-09-02,00:00,40.7768296,-73.989132,RIVERSIDE BLVD,10069,20,UNKNOWN,Street,1.6047681855887357,False,MANHATTAN,"(40.7768296, -73.989132)",trafficstat,True,False,False,True,False,False,False,False,False,,,,,,,