crash_date,crash_time,latitude,longitude,on_street_name,zip_code,precinct,collision_type,roadway_type,geocode_dist_feet,time_is_known,borough,location,source,injury,fatality,injured_pedestrian,injured_cyclist,injured_ebike_rider,injured_motorcyclist,injured_moped_rider,injured_car_occupant,injured_suv_occupant,number_of_persons_injured,number_of_persons_killed,contributing_factor_vehicle_1,collision_id,cross_street_name,off_street_name,vehicle_type_code1
2026-09-01,00:00,40.776221,-73.9759535,CENTRAL PARK EXIT WEST 72 ST,10000,20,UNKNOWN,Bridge,1.854669043842634,False,MANHATTAN,"(40.776221, -73.9759535)",trafficstat,True,False,False,False,False,False,False,False,False,,,,,,,
2026-07-21,00:00,40.776221,-73.9759535,CENTRAL PARK EXIT WEST 72 ST,10000,20,OTHER,Bridge,1.854669043842634,False,MANHATTAN,"(40.776221, -73.9759535)",trafficstat,False,False,False,False,False,False,False,False,False,,,,,,,
2026-07-01,00:00,40.776221,-73.9759535,CENTRAL PARK EXIT WEST 72 ST,10000,20,OTHER,Bridge,1.854669043842634,False,MANHATTAN,"(40.776221, -73.9759535)",trafficstat,False,False,False,False,False,False,False,False,False,,,,,,,
2026-08-31,00:00,40.7785229,-73.987413,FREEDOM PL,10069,20,UNKNOWN,Street,1.291040132202642,False,MANHATTAN,"(40.7785229, -73.987413)",trafficstat,False,False,False,False,False,False,False,False,False,,,,,,,
2026-08-30,00:00,40.7794785,-73.9735728,CENTRAL PARK W,10024,20,UNKNOWN,Street,1.2759785516515387,False,MANHATTAN,"(40.7794785, -73.9735728)",trafficstat,True,False,False,True,False,False,False,False,False,,,,,,,
2026-06-20,00:00,40.7794785,-73.9735728,CENTRAL PARK W,10024,20,UNKNOWN,Street,1.2759785516515387,False,MANHATTAN,"(40.7794785, -73.9735728)",trafficstat,True,False,False,True,False,False,False,False,False,,,,,,,
2026-08-30,00:00,40.7760467,-73.983496,AMSTERDAM AVE,10023,20,UNKNOWN,Street,1.711274849359837,False,MANHATTAN,"(40.7760467, -73.983496)",trafficstat,False,False,False,False,False,False,False,False,False,,,,,,,
2026-08-30,00:00,40.7781662,-73.9886118,RIVERSIDE BLVD,10069,20,UNKNOWN,Street,1.3024512822505983,False,MANHATTAN,"(40.7781662, -73.9886118)",trafficstat,False,False,False,False,False,False,False,False,False,,,,,,,
2026-08-30,00:00,40.7722405,-73.9899956,W  END AVE,10023,20,OTHER,Street,1.6131661486881137,False,MANHATTAN,"(40.7722405, -73.9899956)",trafficstat,True,False,True,False,False,False,False,False,False,,,,,,,
2026-08-28,00:00,40.778606,-73.98162,AMSTERDAM AVE,10023,20,UNKNOWN,Street,2.3074571249534954,False,MANHATTAN,"(40.778606, -73.98162)",trafficstat,True,False,True,False,False,False,False,False,False,,,,,,,
2026-08-28,00:00,40.7846102,-73.9698334,CENTRAL PARK W,10024,20,OTHER,Street,1.6327170927281898,False,MANHATTAN,"(40.7846102, -73.9698334)",trafficstat,True,False,True,False,False,False,False,False,False,,,,,,,
2026-08-27,00:00,40.7784696,-73.9777984,COLUMBUS AVE,10023,20,UNKNOWN,Street,56.00020646475088,False,MANHATTAN,"(40.7784696, -73.9777984)",trafficstat,False,False,False,False,False,False,False,False,False,,,,,,,
2026-08-26,00:00,40.77481,-73.98441,W  66 ST,10023,20,UNKNOWN,Street,1.5601499616135914,False,MANHATTAN,"(40.77481, -73.98441)",trafficstat,True,False,False,True,False,False,False,False,False,,,,,,,
2026-08-24,00:00,40.785736,-73.97644,AMSTERDAM AVE,10024,20,UNKNOWN,Street,1.4481452643146622,False,MANHATTAN,"(40.785736, -73.97644)",trafficstat,True,False,False,False,True,False,False,False,False,,,,,,,
2026-08-12,00:00,40.785736,-73.97644,AMSTERDAM AVE,10024,20,UNKNOWN,Street,1.4481452643146622,False,MANHATTAN,"(40.785736, -73.97644)",trafficstat,False,False,False,False,False,False,False,False,False,,,,,,,
2026-08-24,00:00,40.7867468,-73.9751479,W  85 ST,10024,20,OTHER,Street,34.8869360829881,False,MANHATTAN,"(40.7867468, -73.9751479)",trafficstat,False,False,False,False,False,False,False,False,False,,,,,,,
2026-08-23,00:00,40.7854283,-73.9839899,HENRY HUDSON PKWY,10024,20,UNKNOWN,Highway,1.9942210364941781,False,MANHATTAN,"(40.7854283, -73.9839899)",trafficstat,True,False,False,False,False,False,False,True,False,,,,,,,
2026-08-17,00:00,40.7854283,-73.9839899,HENRY HUDSON PKWY,10024,20,UNKNOWN,Highway,1.9942210364941781,False,MANHATTAN,"(40.7854283, -73.9839899)",trafficstat,False,False,False,False,False,False,False,False,False,,,,,,,
2026-08-11,00:00,40.7854283,-73.9839899,HENRY HUDSON PKWY,10024,20,OTHER,Highway,1.9942210364941781,False,MANHATTAN,"(40.7854283, -73.9839899)",trafficstat,True,False,False,False,False,False,False,True,False,,,,,,,
2026-06-15,00:00,40.7854283,-73.9839899,HENRY HUDSON PKWY,10024,20,UNKNOWN,Highway,1.9942210364941781,False,MANHATTAN,"(40.7854283, -73.9839899)",trafficstat,True,False,False,False,False,False,False,True,False,,,,,,,
2026-08-21,00:00,40.7891102,-73.9787901,W  86 ST,10024,20,UNKNOWN,Street,55.540680107950195,False,MANHATTAN,"(40.7891102, -73.9787901)",trafficstat,False,False,False,False,False,False,False,False,False,,,,,,,
2026-08-21,00:00,40.7771561,-73.9785717,W  72 ST,10023,20,UNKNOWN,Street,53.81465180127253,False,MANHATTAN,"(40.7771561, -73.9785717)",trafficstat,False,False,False,False,False,False,False,False,False,,,,,,,
2026-08-20,00:00,40.7746796,-73.9822002,W  67 ST,10023,20,OTHER,Street,2.411479867453256,False,MANHATTAN,"(40.7746796, -73.9822002)",trafficstat,True,False,False,True,False,False,False,False,False,,,,,,,
2026-07-24,00:00,40.7746796,-73.9822002,W  67 ST,10023,20,UNKNOWN,Street,2.411479867453256,False,MANHATTAN,"(40.7746796, -73.9822002)",trafficstat,False,False,False,False,False,False,False,False,False,,,,,,,
2026-08-20,00:00,40.7690919,-73.9814059,CENTRAL PARK W,10023,20,OTHER,Street,58.10580617460373,False,MANHATTAN,"(40.7690919, -73.9814059)",trafficstat,True,False,False,False,False,False,False,True,True,,,,,,,
2026-08-19,00:00,40.7744436,-73.984446,AMSTERDAM AVE,10023,20,OTHER,Street,57.008463026152754,False,MANHATTAN,"(40.7744436, -73.984446)",trafficstat,False,False,False,False,False,False,False,False,False,,,,,,,
2026-08-19,00:00,40.7816184,-73.9759395,COLUMBUS AVE,10024,20,OTHER,Street,47.94603181939852,False,MANHATTAN,"(40.7816184, -73.9759395)",trafficstat,False,False,False,False,False,False,False,False,False,,,,,,,
2026-08-18,00:00,40.7811299,-73.9835273,W  END AVE,10023,20,OTHER,Street,1.4443868089065317,False,MANHATTAN,"(40.7811299, -73.9835273)",trafficstat,True,False,True,False,False,False,False,False,False,,,,,,,
2026-08-17,00:00,40.7716692,-73.9866959,AMSTERDAM AVE,10023,20,OTHER,Street,1.522636051319748,False,MANHATTAN,"(40.7716692, -73.9866959)",trafficstat,True,False,False,False,False,False,False,True,False,,,,,,,
2026-08-17,00:00,40.7717807,-73.9791936,65 ST TRANSVERSE,10000,20,UNKNOWN,Street,2.9464390415147212,False,MANHATTAN,"(40.7717807, -73.9791936)",trafficstat,False,False,False,False,False,False,False,False,False,,,,,,,
2026-08-15,00:00,40.7717807,-73.9791936,65 ST TRANSVERSE,10000,20,UNKNOWN,Street,2.9464390415147212,False,MANHATTAN,"(40.7717807, -73.9791936)",trafficstat,True,False,False,True,False,False,False,False,False,,,,,,,
2026-07-07,00:00,40.7717807,-73.9791936,65 ST TRANSVERSE,10000,20,UNKNOWN,Street,2.9464390415147212,False,MANHATTAN,"(40.7717807, -73.9791936)",trafficstat,True,False,False,True,False,False,False,False,False,,,,,,,
2026-06-28,00:00,40.7717807,-73.9791936,65 ST TRANSVERSE,10000,20,UNKNOWN,Street,2.9464390415147212,False,MANHATTAN,"(40.7717807, -73.9791936)",trafficstat,True,False,False,True,False,False,False,False,False,,,,,,,
2026-08-17,00:00,40.7819519,-73.975482,COLUMBUS AVE,10024,20,UNKNOWN,Street,1.2660211867936786,False,MANHATTAN,"(40.7819519, -73.975482)",trafficstat,False,False,False,False,False,False,False,False,False,,,,,,,
2026-08-12,00:00,40.7845218,-73.9794712,W  80 ST,10024,20,UNKNOWN,Street,2.949149652110199,False,MANHATTAN,"(40.7845218, -73.9794712)",trafficstat,False,False,False,False,False,False,False,False,False,,,,,,,
2026-08-11,00:00,40.7830353,-73.9712025,CENTRAL PARK W,10024,20,UNKNOWN,Street,51.45345187866232,False,MANHATTAN,"(40.7830353, -73.9712025)",trafficstat,False,False,False,False,False,False,False,False,False,,,,,,,
2026-08-09,00:00,40.7742808,-73.9773695,CENTRAL PARK W,10023,20,UNKNOWN,Street,3.167942827200943,False,MANHATTAN,"(40.7742808, -73.9773695)",trafficstat,False,False,False,False,False,False,False,False,False,,,,,,,
2026-08-09,00:00,40.7831465,-73.978327,AMSTERDAM AVE,10024,20,UNKNOWN,Street,1.5201964571194173,False,MANHATTAN,"(40.7831465, -73.978327)",trafficstat,False,False,False,False,False,False,False,False,False,,,,,,,
2026-08-08,00:00,40.7841812,-73.9749862,W  82 ST,10024,20,UNKNOWN,Street,37.66036097745202,False,MANHATTAN,"(40.7841812, -73.9749862)",trafficstat,False,False,False,False,False,False,False,False,False,,,,,,,
2026-07-23,00:00,40.7841812,-73.9749862,W  82 ST,10024,20,OTHER,Street,37.66036097745202,False,MANHATTAN,"(40.7841812, -73.9749862)",trafficstat,True,False,True,False,False,False,False,False,False,,,,,,,
2026-08-08,00:00,40.7839763,-73.9702995,CENTRAL PARK W,10024,20,OTHER,Street,1.8940339362301062,False,MANHATTAN,"(40.7839763, -73.9702995)",trafficstat,True,False,False,True,False,False,False,False,False,,,,,,,
2026-08-07,00:00,40.7798595,-73.9876285,RIVERSIDE BLVD,10069,20,OTHER,Bridge,38.22049162870009,False,MANHATTAN,"(40.7798595, -73.9876285)",trafficstat,False,False,False,False,False,False,False,False,False,,,,,,,
2026-08-07,00:00,40.7753891,-73.9824626,BROADWAY,10023,20,UNKNOWN,Street,50.21808099378314,False,MANHATTAN,"(40.7753891, -73.9824626)",trafficstat,True,False,False,True,False,False,False,False,False,,,,,,,
2026-08-05,00:00,40.773289,-73.9905659,FREEDOM PL S,10023,20,UNKNOWN,Street,1.9759068269100293,False,MANHATTAN,"(40.773289, -73.9905659)",trafficstat,False,False,False,False,False,False,False,False,False,,,,,,,
2026-08-05,00:00,40.7538917,-73.9785985,MADISON AVE,10173,20,UNKNOWN,Street,26.04469621670776,False,MANHATTAN,"(40.7538917, -73.9785985)",trafficstat,True,False,False,True,False,False,False,False,False,,,,,,,
2026-08-03,00:00,40.7538917,-73.9785985,MADISON AVE,10173,20,UNKNOWN,Street,26.04469621670776,False,MANHATTAN,"(40.7538917, -73.9785985)",trafficstat,True,False,False,True,False,False,False,False,False,,,,,,,
2026-06-26,00:00,40.7538917,-73.9785985,MADISON AVE,10173,20,UNKNOWN,Street,26.04469621670776,False,MANHATTAN,"(40.7538917, -73.9785985)",trafficstat,False,False,False,False,False,False,False,False,False,,,,,,,
2026-08-05,00:00,40.7841253,-73.9782795,W  80 ST,10024,20,OTHER,Street,30.51220946141473,False,MANHATTAN,"(40.7841253, -73.9782795)",trafficstat,False,False,False,False,False,False,False,False,False,,,,,,,
2026-08-03,00:00,40.785171,-73.9731336,COLUMBUS AVE,10024,20,UNKNOWN,Street,1.6978347977443724,False,MANHATTAN,"(40.785171, -73.9731336)",trafficstat,False,False,False,False,False,False,False,False,False,,,,,,,
2026-07-29,00:00,40.785171,-73.9731336,COLUMBUS AVE,10024,20,UNKNOWN,Street,1.6978347977443724,False,MANHATTAN,"(40.785171, -73.9731336)",trafficstat,True,False,False,True,False,False,False,False,False,,,,,,,
2026-07-28,00:00,40.785171,-73.9731336,COLUMBUS AVE,10024,20,UNKNOWN,Street,1.6978347977443724,False,MANHATTAN,"(40.785171, -73.9731336)",trafficstat,True,False,False,False,True,False,False,False,False,,,,,,,
2026-06-23,00:00,40.785171,-73.9731336,COLUMBUS AVE,10024,20,UNKNOWN,Street,1.6978347977443724,False,MANHATTAN,"(40.785171, -73.9731336)",trafficstat,False,False,False,False,False,False,False,False,False,,,,,,,
2026-08-03,00:00,40.7811952,-73.9797467,AMSTERDAM AVE,10023,20,UNKNOWN,Street,2.0811129346602737,False,MANHATTAN,"(40.7811952, -73.9797467)",trafficstat,False,False,False,False,False,False,False,False,False,,,,,,,
2026-08-01,00:00,40.7705292,-73.980111,W  63 ST,10023,20,OTHER,Street,2.7660975426259573,False,MANHATTAN,"(40.7705292, -73.980111)",trafficstat,True,False,True,False,False,False,False,False,False,,,,,,,
2026-08-01,00:00,40.7751762,-73.9811687,W  68 ST,10023,20,OTHER,Street,32.54586659405594,False,MANHATTAN,"(40.7751762, -73.9811687)",trafficstat,False,False,False,False,False,False,False,False,False,,,,,,,
2026-07-30,00:00,40.7710545,-73.9871437,W  60 ST,10023,20,OTHER,Street,2.053351908150607,False,MANHATTAN,"(40.7710545, -73.9871437)",trafficstat,True,True,False,False,False,False,False,False,False,,,,,,,
2026-07-30,00:00,40.7849752,-73.982638,RIVERSIDE DR,10024,20,UNKNOWN,Street,1.9692918520171048,False,MANHATTAN,"(40.7849752, -73.982638)",trafficstat,True,False,False,False,True,False,False,False,False,,,,,,,
2026-07-25,00:00,40.7827853,-73.9731215,W  81 ST,10024,20,OTHER,Street,47.48474226837662,False,MANHATTAN,"(40.7827853, -73.9731215)",trafficstat,True,False,False,True,False,False,False,False,False,,,,,,,
2026-07-25,00:00,40.7854997,-73.984109,HENRY HUDSON PKWY,10024,20,UNKNOWN,Highway,0.02218416540286204,False,MANHATTAN,"(40.7854997, -73.984109)",trafficstat,False,False,False,False,False,False,False,False,False,,,,,,,
2026-06-18,00:00,40.7854997,-73.984109,HENRY HUDSON PKWY,10024,20,UNKNOWN,Highway,0.02218416540286204,False,MANHATTAN,"(40.7854997, -73.984109)",trafficstat,True,False,False,False,False,False,False,True,False,,,,,,,
2026-07-24,00:00,40.7824659,-73.9788219,AMSTERDAM AVE,10024,20,OTHER,Street,1.8417980305965076,False,MANHATTAN,"(40.7824659, -73.9788219)",trafficstat,True,False,False,True,False,False,False,False,False,,,,,,,
2026-06-12,00:00,40.7824659,-73.9788219,AMSTERDAM AVE,10024,20,UNKNOWN,Street,1.8417980305965076,False,MANHATTAN,"(40.7824659, -73.9788219)",trafficstat,False,False,False,False,False,False,False,False,False,,,,,,,
2026-07-24,00:00,40.7768553,-73.9778555,W  72 ST,10023,20,UNKNOWN,Street,53.59655764925533,False,MANHATTAN,"(40.7768553, -73.9778555)",trafficstat,False,False,False,False,False,False,False,False,False,,,,,,,
2026-07-23,00:00,40.786148,-73.977668,W  83 ST,10024,20,UNKNOWN,Street,36.46560763999879,False,MANHATTAN,"(40.786148, -73.977668)",trafficstat,False,False,False,False,False,False,False,False,False,,,,,,,
2026-07-20,00:00,40.7754292,-73.9839728,AMSTERDAM AVE,10023,20,UNKNOWN,Street,1.4412240003134482,False,MANHATTAN,"(40.7754292, -73.9839728)",trafficstat,False,False,False,False,False,False,False,False,False,,,,,,,
2026-07-20,00:00,40.7724201,-73.978724,CENTRAL PARK W,10023,20,UNKNOWN,Street,1.19791204305387,False,MANHATTAN,"(40.7724201, -73.978724)",trafficstat,False,False,False,False,False,False,False,False,False,,,,,,,
2026-07-07,00:00,40.7724201,-73.978724,CENTRAL PARK W,10023,20,UNKNOWN,Street,1.19791204305387,False,MANHATTAN,"(40.7724201, -73.978724)",trafficstat,True,False,False,True,False,False,False,False,False,,,,,,,
2026-06-16,00:00,40.7724201,-73.978724,CENTRAL PARK W,10023,20,UNKNOWN,Street,1.19791204305387,False,MANHATTAN,"(40.7724201, -73.978724)",trafficstat,True,False,False,False,False,False,False,False,False,,,,,,,
2026-07-19,00:00,40.7817807,-73.9850726,RIVERSIDE DR,10023,20,OTHER,Street,0.9521046240708122,False,MANHATTAN,"(40.7817807, -73.9850726)",trafficstat,False,False,False,False,False,False,False,False,False,,,,,,,
2026-07-18,00:00,40.7864855,-73.9721725,COLUMBUS AVE,10024,20,OTHER,Street,2.342973559928234,False,MANHATTAN,"(40.7864855, -73.9721725)",trafficstat,False,False,False,False,False,False,False,False,False,,,,,,,
2026-07-16,00:00,40.7798071,-73.9844772,W  END AVE,10023,20,UNKNOWN,Street,1.6753661498235648,False,MANHATTAN,"(40.7798071, -73.9844772)",trafficstat,False,False,False,False,False,False,False,False,False,,,,,,,
2026-06-12,00:00,40.7798071,-73.9844772,W  END AVE,10023,20,UNKNOWN,Street,1.6753661498235648,False,MANHATTAN,"(40.7798071, -73.9844772)",trafficstat,False,False,False,False,False,False,False,False,False,,,,,,,
2026-07-16,00:00,40.7803123,-73.9856795,W  72 ST,10023,20,OTHER,Street,2.584279198666418,False,MANHATTAN,"(40.7803123, -73.9856795)",trafficstat,True,False,False,False,False,False,False,False,False,,,,,,,
2026-07-15,00:00,40.777371,-73.9782832,W  72 ST,10023,20,UNKNOWN,Street,53.38781063178101,False,MANHATTAN,"(40.777371, -73.9782832)",trafficstat,True,False,False,True,False,False,False,False,False,,,,,,,
2026-07-15,00:00,40.7759288,-73.9809945,W  69 ST,10023,20,UNKNOWN,Street,34.07349419380229,False,MANHATTAN,"(40.7759288, -73.9809945)",trafficstat,False,False,False,False,False,False,False,False,False,,,,,,,
2026-07-14,00:00,40.7860026,-73.9792842,W  82 ST,10024,20,UNKNOWN,Street,34.54040968673944,False,MANHATTAN,"(40.7860026, -73.9792842)",trafficstat,True,False,False,False,False,False,False,True,False,,,,,,,
2026-07-11,00:00,40.777095,-73.9821021,W  70 ST,10023,20,UNKNOWN,Street,2.6997221106444393,False,MANHATTAN,"(40.777095, -73.9821021)",trafficstat,False,False,False,False,False,False,False,False,False,,,,,,,
2026-07-10,00:00,40.775372,-73.9877097,W  END AVE,10023,20,UNKNOWN,Street,2.3532498826287913,False,MANHATTAN,"(40.775372, -73.9877097)",trafficstat,False,False,False,False,False,False,False,False,False,,,,,,,
2026-06-29,00:00,40.775372,-73.9877097,W  END AVE,10023,20,UNKNOWN,Street,2.3532498826287913,False,MANHATTAN,"(40.775372, -73.9877097)",trafficstat,True,False,True,False,False,False,False,False,False,,,,,,,
2026-07-09,00:00,40.7755322,-73.9764592,CENTRAL PARK W,10023,20,OTHER,Street,1.483859398006865,False,MANHATTAN,"(40.7755322, -73.9764592)",trafficstat,False,False,False,False,False,False,False,False,False,,,,,,,
2026-07-09,00:00,40.779545,-73.98799,W  70 ST,10069,20,UNKNOWN,Bridge,2.0301146921764888,False,MANHATTAN,"(40.779545, -73.98799)",trafficstat,True,False,False,True,False,False,False,False,False,,,,,,,
2026-07-08,00:00,40.7730321,-73.9782834,CENTRAL PARK EXIT WEST 67 ST,10000,20,UNKNOWN,Street,2.6000663863014433,False,MANHATTAN,"(40.7730321, -73.9782834)",trafficstat,False,False,False,False,False,False,False,False,False,,,,,,,
2026-07-04,00:00,40.776112,-73.9797446,COLUMBUS AVE,10023,20,OTHER,Street,1.9515767919567348,False,MANHATTAN,"(40.776112, -73.9797446)",trafficstat,True,False,False,True,False,False,False,False,False,,,,,,,
2026-07-04,00:00,40.781726,-73.9868145,HENRY HUDSON PKWY,10023,20,UNKNOWN,Highway,4.362077499176319,False,MANHATTAN,"(40.781726, -73.9868145)",trafficstat,True,False,False,False,False,False,False,True,False,,,,,,,
2026-07-03,00:00,40.7739314,-73.9920064,W  61 ST,10023,20,OTHER,Street,0.9537380406055342,False,MANHATTAN,"(40.7739314, -73.9920064)",trafficstat,True,False,False,True,False,False,False,False,False,,,,,,,
2026-07-02,00:00,40.7804071,-73.9820754,W  74 ST,10023,20,UNKNOWN,Street,37.741672701443555,False,MANHATTAN,"(40.7804071, -73.9820754)",trafficstat,True,False,True,False,False,False,False,False,False,,,,,,,
2026-07-01,00:00,40.77604,-73.9779544,W  71 ST,10023,20,UNKNOWN,Street,42.378954585502065,False,MANHATTAN,"(40.77604, -73.9779544)",trafficstat,False,False,False,False,False,False,False,False,False,,,,,,,
2026-06-29,00:00,40.7752788,-73.9794232,W  69 ST,10023,20,UNKNOWN,Street,38.978509949734516,False,MANHATTAN,"(40.7752788, -73.9794232)",trafficstat,False,False,False,False,False,False,False,False,False,,,,,,,
2026-06-27,00:00,40.7702823,-73.9856248,W  60 ST,10023,20,UNKNOWN,Street,41.83207037543495,False,MANHATTAN,"(40.7702823, -73.9856248)",trafficstat,True,False,False,False,False,False,False,True,False,,,,,,,
2026-06-25,00:00,40.7699062,-73.9805624,CENTRAL PARK W,10023,20,UNKNOWN,Street,1.9298001444975856,False,MANHATTAN,"(40.7699062, -73.9805624)",trafficstat,False,False,False,False,False,False,False,False,False,,,,,,,
2026-06-25,00:00,40.7713942,-73.9821578,W  63 ST,10023,20,UNKNOWN,Street,2.000644777644884,False,MANHATTAN,"(40.7713942, -73.9821578)",trafficstat,True,False,False,True,False,False,False,False,False,,,,,,,
2026-06-23,00:00,40.7764991,-73.9876473,W  66 ST,10023,20,UNKNOWN,Street,94.58041508393129,False,MANHATTAN,"(40.7764991, -73.9876473)",trafficstat,False,False,False,False,False,False,False,False,False,,,,,,,
2026-06-23,00:00,40.7876856,-73.975014,AMSTERDAM AVE,10024,20,UNKNOWN,Street,1.8153576165244487,False,MANHATTAN,"(40.7876856, -73.975014)",trafficstat,False,False,False,False,False,False,False,False,False,,,,,,,
2026-06-23,00:00,40.7833584,-73.973061,W  82 ST,10024,20,UNKNOWN,Street,41.486417975515295,False,MANHATTAN,"(40.7833584, -73.973061)",trafficstat,False,False,False,False,False,False,False,False,False,,,,,,,
2026-06-22,00:00,40.786937,-73.9750418,W  85 ST,10024,20,UNKNOWN,Street,39.962247347150765,False,MANHATTAN,"(40.786937, -73.9750418)",trafficstat,False,False,False,False,False,False,False,False,False,,,,,,,
2026-06-22,00:00,40.7697497,-73.980763,CENTRAL PARK W,10023,20,UNKNOWN,Street,19.16275723514687,False,MANHATTAN,"(40.7697497, -73.980763)",trafficstat,True,False,False,False,False,False,False,False,True,,,,,,,
2026-06-21,00:00,40.7838298,-73.9778248,AMSTERDAM AVE,10024,20,UNKNOWN,Street,2.297386356104769,False,MANHATTAN,"(40.7838298, -73.9778248)",trafficstat,True,False,False,False,False,False,False,False,True,,,,,,,
2026-06-19,00:00,40.7859608,-73.9842772,W  79 ST,10024,20,UNKNOWN,Ramp,19.26874831382537,False,MANHATTAN,"(40.7859608, -73.9842772)",trafficstat,True,False,False,False,True,False,False,False,False,,,,,,,
2026-06-16,00:00,40.7729916,-73.9820779,BROADWAY,10023,20,UNKNOWN,Street,0.6928605076582263,False,MANHATTAN,"(40.7729916, -73.9820779)",trafficstat,False,False,False,False,False,False,False,False,False,,,,,,,
2026-06-16,00:00,40.77353,-73.9853308,AMSTERDAM AVE,10023,20,UNKNOWN,Street,2.317679502216656,False,MANHATTAN,"(40.77353, -73.9853308)",trafficstat,False,False,False,False,False,False,False,False,False,,,,,,,
2026-06-16,00:00,40.7742266,-73.9811136,COLUMBUS AVE,10023,20,UNKNOWN,Street,2.0163947766193036,False,MANHATTAN,"(40.7742266, -73.9811136)",trafficstat,False,False,False,False,False,False,False,False,False,,,,,,,
2026-06-14,00:00,40.776016,-73.98724,W  END AVE,10023,20,UNKNOWN,Street,2.022572852522688,False,MANHATTAN,"(40.776016, -73.98724)",trafficstat,True,False,False,False,False,False,False,False,True,,,,,,,
2026-06-14,00:00,40.7807442,-73.9803145,W  75 ST,10023,20,UNKNOWN,Street,42.04129428834462,False,MANHATTAN,"(40.7807442, -73.9803145)",trafficstat,False,False,False,False,False,False,False,False,False,,,,,,,
2026-06-12,00:00,40.7869155,-73.9812291,W  82 ST,10024,20,OTHER,Street,2.7868286798917565,False,MANHATTAN,"(40.7869155, -73.9812291)",trafficstat,True,False,False,False,False,False,False,False,False,,,,,,,
2026-06-12,00:00,40.7850977,-73.9769036,AMSTERDAM AVE,10024,20,UNKNOWN,Street,1.4195082526445588,False,MANHATTAN,"(40.7850977, -73.9769036)",trafficstat,False,False,False,False,False,False,False,False,False,,,,,,,
2026-09-12,00:00,40.7879311,-73.9559763,97 ST TRANSVERSE,10000,22,UNKNOWN,Street,23.37551776536964,False,MANHATTAN,"(40.7879311, -73.9559763)",trafficstat,True,False,False,False,False,False,False,True,False,,,,,,,
2026-09-09,00:00,40.7783728,-73.9729175,WEST DR,10000,22,OTHER,Street,23.570591513446683,False,MANHATTAN,"(40.7783728, -73.9729175)",trafficstat,False,False,False,False,False,False,False,False,False,,,,,,,
2026-09-08,00:00,40.7734418,-73.968941,EAST DR,10000,22,UNKNOWN,Street,19.61486472022132,False,MANHATTAN,"(40.7734418, -73.968941)",trafficstat,True,False,False,True,False,False,False,False,False,,,,,,,
2026-08-15,00:00,40.7734418,-73.968941,EAST DR,10000,22,UNKNOWN,Street,19.61486472022132,False,MANHATTAN,"(40.7734418, -73.968941)",trafficstat,True,False,False,True,False,False,False,False,False,,,,,,,
2026-08-15,00:00,40.7734418,-73.968941,EAST DR,10000,22,OTHER,Street,19.61486472022132,False,MANHATTAN,"(40.7734418, -73.968941)",trafficstat,True,False,False,True,False,False,False,False,False,,,,,,,
2026-07-26,00:00,40.7734418,-73.968941,EAST DR,10000,22,OTHER,Street,19.61486472022132,False,MANHATTAN,"(40.7734418, -73.968941)",trafficstat,True,False,False,True,False,False,False,False,False,,,,,,,
2026-07-24,00:00,40.7734418,-73.968941,EAST DR,10000,22,UNKNOWN,Street,19.61486472022132,False,MANHATTAN,"(40.7734418, -73.968941)",trafficstat,False,False,False,False,False,False,False,False,False,,,,,,,
2026-07-01,00:00,40.7734418,-73.968941,EAST DR,10000,22,OTHER,Street,19.61486472022132,False,MANHATTAN,"(40.7734418, -73.968941)",trafficstat,True,False,False,True,False,False,False,False,False,,,,,,,
2026-06-29,00:00,40.7734418,-73.968941,EAST DR,10000,22,OTHER,Street,19.61486472022132,False,MANHATTAN,"(40.7734418, -73.968941)",trafficstat,True,False,False,True,False,False,False,False,False,,,,,,,
2026-06-24,00:00,40.7734418,-73.968941,EAST DR,10000,22,UNKNOWN,Street,19.61486472022132,False,MANHATTAN,"(40.7734418, -73.968941)",trafficstat,False,False,False,False,False,False,False,False,False,,,,,,,
2026-06-21,00:00,40.7734418,-73.968941,EAST DR,10000,22,OTHER,Street,19.61486472022132,False,MANHATTAN,"(40.7734418, -73.968941)",trafficstat,True,False,True,False,False,False,False,False,False,,,,,,,
2026-06-14,00:00,40.7734418,-73.968941,EAST DR,10000,22,OTHER,Street,19.61486472022132,False,MANHATTAN,"(40.7734418, -73.968941)",trafficstat,False,False,False,False,False,False,False,False,False,,,,,,,
2026-09-06,00:00,40.7960393,-73.9540496,EAST DR,10000,22,OTHER,Street,18.05354019905746,False,MANHATTAN,"(40.7960393, -73.9540496)",trafficstat,True,False,False,True,False,False,False,False,False,,,,,,,
2026-09-05,00:00,40.7960393,-73.9540496,EAST DR,10000,22,OTHER,Street,18.05354019905746,False,MANHATTAN,"(40.7960393, -73.9540496)",trafficstat,True,False,False,True,False,False,False,False,False,,,,,,,
2026-09-06,00:00,40.7762585,-73.967426,EAST DR,10000,22,UNKNOWN,Street,20.385646550722406,False,MANHATTAN,"(40.7762585, -73.967426)",trafficstat,True,False,True,True,False,False,False,False,False,,,,,,,
2026-07-28,00:00,40.7762585,-73.967426,EAST DR,10000,22,UNKNOWN,Street,20.385646550722406,False,MANHATTAN,"(40.7762585, -73.967426)",trafficstat,True,False,False,True,False,False,False,False,False,,,,,,,