crash_date,crash_time,latitude,longitude,on_street_name,zip_code,precinct,collision_type,roadway_type,geocode_dist_feet,time_is_known,borough,location,source,injury,fatality,injured_pedestrian,injured_cyclist,injured_ebike_rider,injured_motorcyclist,injured_moped_rider,injured_car_occupant,injured_suv_occupant,number_of_persons_injured,number_of_persons_killed,contributing_factor_vehicle_1,collision_id,cross_street_name,off_street_name,vehicle_type_code1
2026-09-05,00:00,40.7741186,-73.9692137,EAST DR,10000,22,UNKNOWN,Street,19.38408563711271,False,MANHATTAN,"(40.7741186, -73.9692137)",trafficstat,True,False,True,False,False,False,False,False,False,,,,,,,
2026-09-03,00:00,40.7969844,-73.9568285,WEST DR,10000,22,OTHER,Street,20.163093625208155,False,MANHATTAN,"(40.7969844, -73.9568285)",trafficstat,True,False,False,True,False,False,False,False,False,,,,,,,
2026-08-29,00:00,40.7715388,-73.9774065,65 ST TRANSVERSE,10000,22,OTHER,Street,2.0945570740078248,False,MANHATTAN,"(40.7715388, -73.9774065)",trafficstat,False,False,False,False,False,False,False,False,False,,,,,,,
2026-08-29,00:00,40.7800071,-73.9704367,WEST DR,10000,22,OTHER,Street,98.67807583985048,False,MANHATTAN,"(40.7800071, -73.9704367)",trafficstat,True,False,False,True,False,False,False,False,False,,,,,,,
2026-07-08,00:00,40.7800071,-73.9704367,WEST DR,10000,22,OTHER,Street,98.67807583985048,False,MANHATTAN,"(40.7800071, -73.9704367)",trafficstat,True,False,False,True,False,False,False,False,False,,,,,,,
2026-08-28,00:00,40.796345,-73.9553176,EAST DR,10000,22,UNKNOWN,Street,23.148930634096843,False,MANHATTAN,"(40.796345, -73.9553176)",trafficstat,True,False,False,True,False,False,False,False,False,,,,,,,
2026-08-17,00:00,40.796345,-73.9553176,EAST DR,10000,22,OTHER,Street,23.148930634096843,False,MANHATTAN,"(40.796345, -73.9553176)",trafficstat,True,False,False,True,False,False,False,False,False,,,,,,,
2026-08-23,00:00,40.7888408,-73.9569142,EAST DR,10000,22,OTHER,Street,20.10185234462957,False,MANHATTAN,"(40.7888408, -73.9569142)",trafficstat,False,False,False,False,False,False,False,False,False,,,,,,,
2026-06-25,00:00,40.7888408,-73.9569142,EAST DR,10000,22,OTHER,Street,20.10185234462957,False,MANHATTAN,"(40.7888408, -73.9569142)",trafficstat,True,False,False,True,False,False,False,False,False,,,,,,,
2026-08-20,00:00,40.7702846,-73.9758737,65 ST TRANSVERSE,10000,22,UNKNOWN,Street,88.02978052725926,False,MANHATTAN,"(40.7702846, -73.9758737)",trafficstat,True,False,True,False,False,False,False,False,False,,,,,,,
2026-07-27,00:00,40.7702846,-73.9758737,65 ST TRANSVERSE,10000,22,UNKNOWN,Street,88.02978052725926,False,MANHATTAN,"(40.7702846, -73.9758737)",trafficstat,True,False,True,False,False,False,False,False,False,,,,,,,
2026-08-19,00:00,40.7858872,-73.9674911,WEST DR,10000,22,OTHER,Street,21.972038867332515,False,MANHATTAN,"(40.7858872, -73.9674911)",trafficstat,True,False,False,True,False,False,False,False,False,,,,,,,
2026-08-19,00:00,40.7852344,-73.9672182,WEST DR,10000,22,OTHER,Street,20.827363734710882,False,MANHATTAN,"(40.7852344, -73.9672182)",trafficstat,True,False,False,True,False,False,False,False,False,,,,,,,
2026-08-18,00:00,40.7953107,-73.958625,WEST DR,10000,22,OTHER,Street,18.11054699894238,False,MANHATTAN,"(40.7953107, -73.958625)",trafficstat,True,False,True,False,False,False,False,False,False,,,,,,,
2026-08-17,00:00,40.7707226,-73.9784728,WEST DR,10000,22,UNKNOWN,Bridge,23.296964322670462,False,MANHATTAN,"(40.7707226, -73.9784728)",trafficstat,True,False,False,True,False,False,False,False,False,,,,,,,
2026-07-07,00:00,40.7707226,-73.9784728,WEST DR,10000,22,UNKNOWN,Bridge,23.296964322670462,False,MANHATTAN,"(40.7707226, -73.9784728)",trafficstat,True,False,True,False,False,False,False,False,False,,,,,,,
2026-08-15,00:00,40.7751231,-73.9686206,EAST DR,10000,22,OTHER,Street,86.91885957833226,False,MANHATTAN,"(40.7751231, -73.9686206)",trafficstat,True,False,True,False,False,False,False,False,False,,,,,,,
2026-06-19,00:00,40.7751231,-73.9686206,EAST DR,10000,22,UNKNOWN,Street,86.91885957833226,False,MANHATTAN,"(40.7751231, -73.9686206)",trafficstat,True,False,False,True,False,False,False,False,False,,,,,,,
2026-08-15,00:00,40.785928,-73.9673488,WEST DR,10000,22,UNKNOWN,Street,19.90078495578594,False,MANHATTAN,"(40.785928, -73.9673488)",trafficstat,True,False,True,False,False,False,False,False,False,,,,,,,
2026-07-22,00:00,40.785928,-73.9673488,WEST DR,10000,22,OTHER,Street,19.90078495578594,False,MANHATTAN,"(40.785928, -73.9673488)",trafficstat,True,False,False,False,False,False,False,False,False,,,,,,,
2026-08-14,00:00,40.7754909,-73.9739139,WEST DR,10000,22,OTHER,Street,21.595110626397815,False,MANHATTAN,"(40.7754909, -73.9739139)",trafficstat,True,False,False,True,False,False,False,False,False,,,,,,,
2026-07-27,00:00,40.7754909,-73.9739139,WEST DR,10000,22,UNKNOWN,Street,21.595110626397815,False,MANHATTAN,"(40.7754909, -73.9739139)",trafficstat,True,False,False,True,False,False,False,False,False,,,,,,,
2026-06-17,00:00,40.7754909,-73.9739139,WEST DR,10000,22,UNKNOWN,Street,21.595110626397815,False,MANHATTAN,"(40.7754909, -73.9739139)",trafficstat,True,False,False,False,False,False,False,False,False,,,,,,,
2026-08-12,00:00,40.7880006,-73.956897,EAST DR,10000,22,UNKNOWN,Street,22.288801997651454,False,MANHATTAN,"(40.7880006, -73.956897)",trafficstat,False,False,False,False,False,False,False,False,False,,,,,,,
2026-08-07,00:00,40.7813175,-73.9693415,WEST DR,10000,22,OTHER,Street,21.889330745918954,False,MANHATTAN,"(40.7813175, -73.9693415)",trafficstat,True,False,False,True,False,False,False,False,False,,,,,,,
2026-08-06,00:00,40.7690534,-73.9727721,65 ST TRANSVERSE,10000,22,OTHER,Street,19.293812219998884,False,MANHATTAN,"(40.7690534, -73.9727721)",trafficstat,True,False,False,False,False,False,False,False,False,,,,,,,
2026-06-22,00:00,40.7690534,-73.9727721,65 ST TRANSVERSE,10000,22,UNKNOWN,Street,19.293812219998884,False,MANHATTAN,"(40.7690534, -73.9727721)",trafficstat,True,False,True,True,False,False,False,False,False,,,,,,,
2026-08-04,00:00,40.791294,-73.956041,EAST DR,10000,22,UNKNOWN,Street,23.235070714660182,False,MANHATTAN,"(40.791294, -73.956041)",trafficstat,True,False,True,False,False,False,False,False,False,,,,,,,
2026-07-16,00:00,40.791294,-73.956041,EAST DR,10000,22,OTHER,Street,23.235070714660182,False,MANHATTAN,"(40.791294, -73.956041)",trafficstat,True,False,False,False,False,False,False,False,False,,,,,,,
2026-08-01,00:00,40.790818,-73.9565362,EAST DR,10000,22,UNKNOWN,Street,23.018618360576966,False,MANHATTAN,"(40.790818, -73.9565362)",trafficstat,True,False,True,False,False,False,False,False,False,,,,,,,
2026-08-01,00:00,40.7924381,-73.9548994,EAST DR,10000,22,UNKNOWN,Street,20.87723997804646,False,MANHATTAN,"(40.7924381, -73.9548994)",trafficstat,True,False,False,False,False,False,False,False,False,,,,,,,
2026-07-31,00:00,40.7711403,-73.9779034,WEST DR,10000,22,UNKNOWN,Bridge,23.384368547242275,False,MANHATTAN,"(40.7711403, -73.9779034)",trafficstat,True,False,True,True,False,False,False,False,False,,,,,,,
2026-07-27,00:00,40.7803593,-73.9703423,WEST DR,10000,22,OTHER,Street,23.370689238639294,False,MANHATTAN,"(40.7803593, -73.9703423)",trafficstat,True,False,False,True,False,False,False,False,False,,,,,,,
2026-06-13,00:00,40.7803593,-73.9703423,WEST DR,10000,22,UNKNOWN,Street,23.370689238639294,False,MANHATTAN,"(40.7803593, -73.9703423)",trafficstat,True,False,False,True,False,False,False,False,False,,,,,,,
2026-07-26,00:00,40.7659245,-73.9725733,EAST DR,10000,22,OTHER,Street,22.320057315798785,False,MANHATTAN,"(40.7659245, -73.9725733)",trafficstat,True,False,False,True,False,False,False,False,False,,,,,,,
2026-07-24,00:00,40.7759048,-73.9740932,WEST DR,10000,22,UNKNOWN,Street,20.771552582952513,False,MANHATTAN,"(40.7759048, -73.9740932)",trafficstat,False,False,False,False,False,False,False,False,False,,,,,,,
2026-07-24,00:00,40.7955915,-73.9533785,EAST DR,10000,22,OTHER,Street,20.64193528388516,False,MANHATTAN,"(40.7955915, -73.9533785)",trafficstat,True,False,False,True,False,False,False,False,False,,,,,,,
2026-07-20,00:00,40.797754,-73.9571261,WEST DR,10000,22,UNKNOWN,Street,21.70383782464603,False,MANHATTAN,"(40.797754, -73.9571261)",trafficstat,False,False,False,False,False,False,False,False,False,,,,,,,
2026-07-20,00:00,40.7793026,-73.9715943,WEST DR,10000,22,UNKNOWN,Street,23.08406609500364,False,MANHATTAN,"(40.7793026, -73.9715943)",trafficstat,True,False,True,True,False,False,False,False,False,,,,,,,
2026-07-20,00:00,40.7814498,-73.961617,EAST DR,10000,22,UNKNOWN,Street,23.86721905863501,False,MANHATTAN,"(40.7814498, -73.961617)",trafficstat,False,False,False,False,False,False,False,False,False,,,,,,,
2026-07-19,00:00,40.795429,-73.9577026,WEST DR,10000,22,OTHER,Street,23.819862536087886,False,MANHATTAN,"(40.795429, -73.9577026)",trafficstat,True,False,False,True,False,False,False,False,False,,,,,,,
2026-07-18,00:00,40.7842493,-73.9587814,E  90 ST,83,22,UNKNOWN,Street,19.32063183888316,False,MANHATTAN,"(40.7842493, -73.9587814)",trafficstat,True,False,False,True,False,False,False,False,False,,,,,,,
2026-06-13,00:00,40.7842493,-73.9587814,E  90 ST,83,22,UNKNOWN,Street,19.32063183888316,False,MANHATTAN,"(40.7842493, -73.9587814)",trafficstat,True,False,False,True,False,False,False,False,False,,,,,,,
2026-07-14,00:00,40.7902893,-73.9640793,WEST DR,10000,22,UNKNOWN,Street,22.214913002517434,False,MANHATTAN,"(40.7902893, -73.9640793)",trafficstat,False,False,False,False,False,False,False,False,False,,,,,,,
2026-07-13,00:00,40.7678045,-73.9787015,WEST DR,10000,22,UNKNOWN,Street,18.704083092424888,False,MANHATTAN,"(40.7678045, -73.9787015)",trafficstat,False,False,False,False,False,False,False,False,False,,,,,,,
2026-07-13,00:00,40.7695072,-73.9721315,EAST DR,10000,22,OTHER,Street,23.86668598140624,False,MANHATTAN,"(40.7695072, -73.9721315)",trafficstat,True,False,False,False,True,False,False,False,False,,,,,,,
2026-07-10,00:00,40.7895362,-73.9573327,EAST DR,10000,22,OTHER,Street,21.584102409867665,False,MANHATTAN,"(40.7895362, -73.9573327)",trafficstat,True,False,False,True,False,False,False,False,False,,,,,,,
2026-06-14,00:00,40.7895362,-73.9573327,EAST DR,10000,22,OTHER,Street,21.584102409867665,False,MANHATTAN,"(40.7895362, -73.9573327)",trafficstat,True,False,False,True,False,False,False,False,False,,,,,,,
2026-07-07,00:00,40.797984,-73.9542142,CENTRAL PARK LENOX AVE ACCESS RD,10000,22,OTHER,Street,4.507870870025603,False,MANHATTAN,"(40.797984, -73.9542142)",trafficstat,False,False,False,False,False,False,False,False,False,,,,,,,
2026-07-02,00:00,40.7769789,-73.963827,79 ST TRANSVERSE,10000,22,UNKNOWN,Street,9.100959335502363,False,MANHATTAN,"(40.7769789, -73.963827)",trafficstat,False,False,False,False,False,False,False,False,False,,,,,,,
2026-06-30,00:00,40.7812598,-73.9636382,EAST DR,10000,22,UNKNOWN,Street,23.618269575481623,False,MANHATTAN,"(40.7812598, -73.9636382)",trafficstat,False,False,False,False,False,False,False,False,False,,,,,,,
2026-06-29,00:00,40.7971136,-73.9546518,EAST DR,10000,22,OTHER,Street,22.657933673392453,False,MANHATTAN,"(40.7971136, -73.9546518)",trafficstat,False,False,False,False,False,False,False,False,False,,,,,,,
2026-06-29,00:00,40.767713,-73.9787925,WEST DR,10000,22,UNKNOWN,Street,23.08920348296919,False,MANHATTAN,"(40.767713, -73.9787925)",trafficstat,False,False,False,False,False,False,False,False,False,,,,,,,
2026-06-27,00:00,40.7687197,-73.9698687,65 ST TRANSVERSE,10000,22,OTHER,Street,15.994362218863108,False,MANHATTAN,"(40.7687197, -73.9698687)",trafficstat,False,False,False,False,False,False,False,False,False,,,,,,,
2026-06-24,00:00,40.7719537,-73.9691364,EAST DR,10000,22,UNKNOWN,Street,22.74598478068243,False,MANHATTAN,"(40.7719537, -73.9691364)",trafficstat,False,False,False,False,False,False,False,False,False,,,,,,,
2026-06-21,00:00,40.7787553,-73.9722215,WEST DR,10000,22,UNKNOWN,Street,23.571183289209696,False,MANHATTAN,"(40.7787553, -73.9722215)",trafficstat,True,False,False,True,False,False,False,False,False,,,,,,,
2026-06-20,00:00,40.7774261,-73.9668086,EAST DR,10000,22,OTHER,Street,22.336948899180598,False,MANHATTAN,"(40.7774261, -73.9668086)",trafficstat,True,False,False,False,False,False,False,False,False,,,,,,,
2026-06-13,00:00,40.7691702,-73.9751412,CENTER DR,10000,22,UNKNOWN,Street,24.157002879607322,False,MANHATTAN,"(40.7691702, -73.9751412)",trafficstat,False,False,False,False,False,False,False,False,False,,,,,,,
2026-09-13,00:00,40.788805,-73.9375446,FRANKLIN D ROOSEVELT DR,10029,23,UNKNOWN,Highway,0.6408964729858351,False,MANHATTAN,"(40.788805, -73.9375446)",trafficstat,False,False,False,False,False,False,False,False,False,,,,,,,
2026-09-12,00:00,40.7914993,-73.9357653,FRANKLIN D ROOSEVELT DR,10029,23,UNKNOWN,Highway,0.7319380177018587,False,MANHATTAN,"(40.7914993, -73.9357653)",trafficstat,False,False,False,False,False,False,False,False,False,,,,,,,
2026-09-08,00:00,40.7914993,-73.9357653,FRANKLIN D ROOSEVELT DR,10029,23,UNKNOWN,Highway,0.7319380177018587,False,MANHATTAN,"(40.7914993, -73.9357653)",trafficstat,True,False,False,False,False,False,False,True,False,,,,,,,
2026-08-21,00:00,40.7914993,-73.9357653,FRANKLIN D ROOSEVELT DR,10029,23,UNKNOWN,Highway,0.7319380177018587,False,MANHATTAN,"(40.7914993, -73.9357653)",trafficstat,False,False,False,False,False,False,False,False,False,,,,,,,
2026-09-12,00:00,40.7939721,-73.9453251,LEXINGTON AVE,10029,23,UNKNOWN,Street,72.77219226499503,False,MANHATTAN,"(40.7939721, -73.9453251)",trafficstat,False,False,False,False,False,False,False,False,False,,,,,,,
2026-09-11,00:00,40.7947553,-73.9423482,3 AVE,10029,23,OTHER,Street,2.1918991823608853,False,MANHATTAN,"(40.7947553, -73.9423482)",trafficstat,True,False,False,True,False,False,False,False,False,,,,,,,
2026-07-28,00:00,40.7947553,-73.9423482,3 AVE,10029,23,OTHER,Street,2.1918991823608853,False,MANHATTAN,"(40.7947553, -73.9423482)",trafficstat,True,False,False,True,False,False,False,False,False,,,,,,,
2026-09-11,00:00,40.7910851,-73.9534383,E  101 ST,10029,23,UNKNOWN,Street,2.675230402621773,False,MANHATTAN,"(40.7910851, -73.9534383)",trafficstat,False,False,False,False,False,False,False,False,False,,,,,,,
2026-09-11,00:00,40.7850381,-73.9405742,FRANKLIN D ROOSEVELT DR,10029,23,UNKNOWN,Highway,5.263571458213927,False,MANHATTAN,"(40.7850381, -73.9405742)",trafficstat,False,False,False,False,False,False,False,False,False,,,,,,,
2026-06-14,00:00,40.7850381,-73.9405742,FRANKLIN D ROOSEVELT DR,10029,23,UNKNOWN,Highway,5.263571458213927,False,MANHATTAN,"(40.7850381, -73.9405742)",trafficstat,False,False,False,False,False,False,False,False,False,,,,,,,
2026-09-11,00:00,40.78638,-73.949885,E  97 ST,10029,23,UNKNOWN,Street,18.39751976077342,False,MANHATTAN,"(40.78638, -73.949885)",trafficstat,False,False,False,False,False,False,False,False,False,,,,,,,
2026-09-11,00:00,40.7874028,-73.9382212,FRANKLIN D ROOSEVELT DR,10029,23,UNKNOWN,Highway,0.7460429161304359,False,MANHATTAN,"(40.7874028, -73.9382212)",trafficstat,False,False,False,False,False,False,False,False,False,,,,,,,
2026-07-25,00:00,40.7874028,-73.9382212,FRANKLIN D ROOSEVELT DR,10029,23,OTHER,Highway,0.7460429161304359,False,MANHATTAN,"(40.7874028, -73.9382212)",trafficstat,False,False,False,False,False,False,False,False,False,,,,,,,
2026-07-11,00:00,40.7874028,-73.9382212,FRANKLIN D ROOSEVELT DR,10029,23,UNKNOWN,Highway,0.7460429161304359,False,MANHATTAN,"(40.7874028, -73.9382212)",trafficstat,True,False,False,False,False,False,False,True,True,,,,,,,
2026-09-11,00:00,40.7885854,-73.9552818,E  97 ST,10029,23,UNKNOWN,Street,2.0796182189125716,False,MANHATTAN,"(40.7885854, -73.9552818)",trafficstat,False,False,False,False,False,False,False,False,False,,,,,,,
2026-09-10,00:00,40.7872263,-73.9541633,MADISON AVE,10128,23,UNKNOWN,Street,2.347050356141271,False,MANHATTAN,"(40.7872263, -73.9541633)",trafficstat,False,False,False,False,False,False,False,False,False,,,,,,,
2026-09-01,00:00,40.7872263,-73.9541633,MADISON AVE,10128,23,UNKNOWN,Street,2.347050356141271,False,MANHATTAN,"(40.7872263, -73.9541633)",trafficstat,False,False,False,False,False,False,False,False,False,,,,,,,
2026-07-22,00:00,40.7872263,-73.9541633,MADISON AVE,10128,23,UNKNOWN,Street,2.347050356141271,False,MANHATTAN,"(40.7872263, -73.9541633)",trafficstat,False,False,False,False,False,False,False,False,False,,,,,,,
2026-07-01,00:00,40.7872263,-73.9541633,MADISON AVE,10128,23,UNKNOWN,Street,2.347050356141271,False,MANHATTAN,"(40.7872263, -73.9541633)",trafficstat,False,False,False,False,False,False,False,False,False,,,,,,,
2026-09-10,00:00,40.7906272,-73.9424348,2 AVE,10029,23,UNKNOWN,Street,1.545844787579221,False,MANHATTAN,"(40.7906272, -73.9424348)",trafficstat,False,False,False,False,False,False,False,False,False,,,,,,,
2026-09-10,00:00,40.7942845,-73.9511103,5 AVE,10029,23,UNKNOWN,Street,2.0352625193919374,False,MANHATTAN,"(40.7942845, -73.9511103)",trafficstat,False,False,False,False,False,False,False,False,False,,,,,,,
2026-09-09,00:00,40.7912506,-73.9524902,E  102 ST,10029,23,UNKNOWN,Street,87.30530985882847,False,MANHATTAN,"(40.7912506, -73.9524902)",trafficstat,False,False,False,False,False,False,False,False,False,,,,,,,
2026-09-09,00:00,40.7839337,-73.9442245,1 AVE,10029,23,OTHER,Street,1.4197175299083968,False,MANHATTAN,"(40.7839337, -73.9442245)",trafficstat,True,False,True,False,False,False,False,False,False,,,,,,,
2026-07-22,00:00,40.7839337,-73.9442245,1 AVE,10029,23,UNKNOWN,Street,1.4197175299083968,False,MANHATTAN,"(40.7839337, -73.9442245)",trafficstat,True,False,False,True,False,False,False,False,False,,,,,,,
2026-06-12,00:00,40.7839337,-73.9442245,1 AVE,10029,23,UNKNOWN,Street,1.4197175299083968,False,MANHATTAN,"(40.7839337, -73.9442245)",trafficstat,False,False,False,False,False,False,False,False,False,,,,,,,
2026-09-08,00:00,40.7954055,-73.9418745,3 AVE,10029,23,OTHER,Street,2.2080470547947364,False,MANHATTAN,"(40.7954055, -73.9418745)",trafficstat,False,False,False,False,False,False,False,False,False,,,,,,,
2026-07-23,00:00,40.7954055,-73.9418745,3 AVE,10029,23,UNKNOWN,Street,2.2080470547947364,False,MANHATTAN,"(40.7954055, -73.9418745)",trafficstat,True,False,True,False,False,False,False,False,False,,,,,,,
2026-09-08,00:00,40.7914142,-73.9356823,FRANKLIN D ROOSEVELT DR,10029,23,UNKNOWN,Highway,3.8952055219228163,False,MANHATTAN,"(40.7914142, -73.9356823)",trafficstat,False,False,False,False,False,False,False,False,False,,,,,,,
2026-06-27,00:00,40.7914142,-73.9356823,FRANKLIN D ROOSEVELT DR,10029,23,OTHER,Highway,3.8952055219228163,False,MANHATTAN,"(40.7914142, -73.9356823)",trafficstat,True,False,False,False,False,False,False,False,True,,,,,,,
2026-09-07,00:00,40.7904175,-73.9518354,MADISON AVE,10029,23,UNKNOWN,Street,1.8049037111405497,False,MANHATTAN,"(40.7904175, -73.9518354)",trafficstat,False,False,False,False,False,False,False,False,False,,,,,,,
2026-07-27,00:00,40.7904175,-73.9518354,MADISON AVE,10029,23,UNKNOWN,Street,1.8049037111405497,False,MANHATTAN,"(40.7904175, -73.9518354)",trafficstat,True,False,False,False,False,False,False,True,False,,,,,,,
2026-07-08,00:00,40.7904175,-73.9518354,MADISON AVE,10029,23,OTHER,Street,1.8049037111405497,False,MANHATTAN,"(40.7904175, -73.9518354)",trafficstat,True,False,True,False,False,False,False,False,False,,,,,,,
2026-09-05,00:00,40.7903112,-73.9520975,MADISON AVE,10029,23,UNKNOWN,Street,43.02710574615669,False,MANHATTAN,"(40.7903112, -73.9520975)",trafficstat,False,False,False,False,False,False,False,False,False,,,,,,,
2026-08-13,00:00,40.7903112,-73.9520975,MADISON AVE,10029,23,UNKNOWN,Street,43.02710574615669,False,MANHATTAN,"(40.7903112, -73.9520975)",trafficstat,False,False,False,False,False,False,False,False,False,,,,,,,
2026-09-05,00:00,40.7937819,-73.9367143,1 AVE,10029,23,UNKNOWN,Street,78.56440257166722,False,MANHATTAN,"(40.7937819, -73.9367143)",trafficstat,False,False,False,False,False,False,False,False,False,,,,,,,
2026-08-19,00:00,40.7937819,-73.9367143,1 AVE,10029,23,UNKNOWN,Street,78.56440257166722,False,MANHATTAN,"(40.7937819, -73.9367143)",trafficstat,False,False,False,False,False,False,False,False,False,,,,,,,
2026-09-05,00:00,40.7938182,-73.9401063,2 AVE,10029,23,UNKNOWN,Street,1.5915299193488632,False,MANHATTAN,"(40.7938182, -73.9401063)",trafficstat,False,False,False,False,False,False,False,False,False,,,,,,,
2026-08-27,00:00,40.7938182,-73.9401063,2 AVE,10029,23,UNKNOWN,Street,1.5915299193488632,False,MANHATTAN,"(40.7938182, -73.9401063)",trafficstat,False,False,False,False,False,False,False,False,False,,,,,,,
2026-09-04,00:00,40.7915585,-73.9386493,1 AVE,10029,23,UNKNOWN,Street,1.5388471678626887,False,MANHATTAN,"(40.7915585, -73.9386493)",trafficstat,True,False,False,False,False,False,False,True,False,,,,,,,
2026-09-04,00:00,40.7889148,-73.9376456,FRANKLIN D ROOSEVELT DR,10029,23,UNKNOWN,Highway,2.3710469827202485,False,MANHATTAN,"(40.7889148, -73.9376456)",trafficstat,False,False,False,False,False,False,False,False,False,,,,,,,
2026-09-03,00:00,40.7909055,-73.9391302,1 AVE,10029,23,OTHER,Street,2.1056441456816937,False,MANHATTAN,"(40.7909055, -73.9391302)",trafficstat,True,False,False,True,False,False,False,False,False,,,,,,,
2026-09-03,00:00,40.7902528,-73.9456348,3 AVE,10029,23,OTHER,Street,1.5242896398547898,False,MANHATTAN,"(40.7902528, -73.9456348)",trafficstat,True,False,True,False,True,False,False,False,False,,,,,,,
2026-08-26,00:00,40.7902528,-73.9456348,3 AVE,10029,23,UNKNOWN,Street,1.5242896398547898,False,MANHATTAN,"(40.7902528, -73.9456348)",trafficstat,True,False,False,False,False,False,False,False,True,,,,,,,
2026-08-08,00:00,40.7902528,-73.9456348,3 AVE,10029,23,OTHER,Street,1.5242896398547898,False,MANHATTAN,"(40.7902528, -73.9456348)",trafficstat,True,False,False,False,False,False,False,True,False,,,,,,,
2026-07-16,00:00,40.7902528,-73.9456348,3 AVE,10029,23,OTHER,Street,1.5242896398547898,False,MANHATTAN,"(40.7902528, -73.9456348)",trafficstat,False,False,False,False,False,False,False,False,False,,,,,,,
2026-09-02,00:00,40.7871193,-73.9479232,3 AVE,10029,23,OTHER,Street,2.270402867460817,False,MANHATTAN,"(40.7871193, -73.9479232)",trafficstat,False,False,False,False,False,False,False,False,False,,,,,,,
2026-08-23,00:00,40.7871193,-73.9479232,3 AVE,10029,23,UNKNOWN,Street,2.270402867460817,False,MANHATTAN,"(40.7871193, -73.9479232)",trafficstat,False,False,False,False,False,False,False,False,False,,,,,,,
2026-07-14,00:00,40.7871193,-73.9479232,3 AVE,10029,23,UNKNOWN,Street,2.270402867460817,False,MANHATTAN,"(40.7871193, -73.9479232)",trafficstat,False,False,False,False,False,False,False,False,False,,,,,,,
2026-09-02,00:00,40.7992855,-73.9453602,MADISON AVE,10029,23,UNKNOWN,Street,1.7373607485172105,False,MANHATTAN,"(40.7992855, -73.9453602)",trafficstat,True,False,False,True,False,False,False,False,False,,,,,,,
2026-09-01,00:00,40.7952914,-73.9433091,E  111 ST,10029,23,OTHER,Street,38.146488236412296,False,MANHATTAN,"(40.7952914, -73.9433091)",trafficstat,False,False,False,False,False,False,False,False,False,,,,,,,
2026-09-01,00:00,40.7910425,-73.9438401,E  106 ST,10029,23,UNKNOWN,Street,58.07219750341128,False,MANHATTAN,"(40.7910425, -73.9438401)",trafficstat,False,False,False,False,False,False,False,False,False,,,,,,,
2026-08-30,00:00,40.7928731,-73.9437222,3 AVE,10029,23,OTHER,Street,2.263479332784663,False,MANHATTAN,"(40.7928731, -73.9437222)",trafficstat,True,False,False,False,False,False,False,True,False,,,,,,,
2026-08-09,00:00,40.7928731,-73.9437222,3 AVE,10029,23,UNKNOWN,Street,2.263479332784663,False,MANHATTAN,"(40.7928731, -73.9437222)",trafficstat,False,False,False,False,False,False,False,False,False,,,,,,,
2026-08-29,00:00,40.7931871,-73.9405619,2 AVE,10029,23,UNKNOWN,Street,2.1414017131455156,False,MANHATTAN,"(40.7931871, -73.9405619)",trafficstat,True,False,False,False,False,False,False,True,False,,,,,,,
2026-08-04,00:00,40.7931871,-73.9405619,2 AVE,10029,23,OTHER,Street,2.1414017131455156,False,MANHATTAN,"(40.7931871, -73.9405619)",trafficstat,True,False,True,False,False,False,False,False,False,,,,,,,
2026-08-29,00:00,40.7954368,-73.9439476,LEXINGTON AVE,10029,23,UNKNOWN,Street,1.5771403505192563,False,MANHATTAN,"(40.7954368, -73.9439476)",trafficstat,False,False,False,False,False,False,False,False,False,,,,,,,
2026-08-29,00:00,40.7961127,-73.9455578,E  111 ST,10029,23,UNKNOWN,Street,2.516092620321648,False,MANHATTAN,"(40.7961127, -73.9455578)",trafficstat,False,False,False,False,False,False,False,False,False,,,,,,,
2026-08-04,00:00,40.7961127,-73.9455578,E  111 ST,10029,23,UNKNOWN,Street,2.516092620321648,False,MANHATTAN,"(40.7961127, -73.9455578)",trafficstat,True,False,False,False,True,False,False,False,False,,,,,,,
2026-08-28,00:00,40.7934736,-73.9372571,1 AVE,10029,23,OTHER,Street,1.880808568246342,False,MANHATTAN,"(40.7934736, -73.9372571)",trafficstat,True,False,False,True,False,False,False,False,False,,,,,,,
2026-08-28,00:00,40.7944657,-73.9396289,2 AVE,10029,23,UNKNOWN,Street,2.2827732046024383,False,MANHATTAN,"(40.7944657, -73.9396289)",trafficstat,False,False,False,False,False,False,False,False,False,,,,,,,
2026-07-02,00:00,40.7944657,-73.9396289,2 AVE,10029,23,UNKNOWN,Street,2.2827732046024383,False,MANHATTAN,"(40.7944657, -73.9396289)",trafficstat,False,False,False,False,False,False,False,False,False,,,,,,,
2026-08-28,00:00,40.7831896,-73.9436127,FRANKLIN D ROOSEVELT DR,10029,23,UNKNOWN,Highway,0.9160782292830186,False,MANHATTAN,"(40.7831896, -73.9436127)",trafficstat,True,False,False,False,False,False,False,True,False,,,,,,,
2026-07-29,00:00,40.7831896,-73.9436127,FRANKLIN D ROOSEVELT DR,10029,23,OTHER,Highway,0.9160782292830186,False,MANHATTAN,"(40.7831896, -73.9436127)",trafficstat,True,False,False,False,False,True,False,False,False,,,,,,,
2026-08-26,00:00,40.7889493,-73.9405584,1 AVE,10029,23,OTHER,Street,2.0983306117128264,False,MANHATTAN,"(40.7889493, -73.9405584)",trafficstat,False,False,False,False,False,False,False,False,False,,,,,,,