crash_date,crash_time,latitude,longitude,on_street_name,zip_code,precinct,collision_type,roadway_type,geocode_dist_feet,time_is_known,borough,location,source,injury,fatality,injured_pedestrian,injured_cyclist,injured_ebike_rider,injured_motorcyclist,injured_moped_rider,injured_car_occupant,injured_suv_occupant,number_of_persons_injured,number_of_persons_killed,contributing_factor_vehicle_1,collision_id,cross_street_name,off_street_name,vehicle_type_code1
2026-07-27,00:00,40.7889493,-73.9405584,1 AVE,10029,23,OTHER,Street,2.0983306117128264,False,MANHATTAN,"(40.7889493, -73.9405584)",trafficstat,False,False,False,False,False,False,False,False,False,,,,,,,
2026-07-04,00:00,40.7889493,-73.9405584,1 AVE,10029,23,UNKNOWN,Street,2.0983306117128264,False,MANHATTAN,"(40.7889493, -73.9405584)",trafficstat,True,False,False,False,False,False,False,True,True,,,,,,,
2026-08-25,00:00,40.7870379,-73.9412406,E  102 ST,10029,23,OTHER,Street,82.90223075726719,False,MANHATTAN,"(40.7870379, -73.9412406)",trafficstat,True,False,False,True,False,False,False,False,False,,,,,,,
2026-08-25,00:00,40.7892055,-73.9548156,E  98 ST,10029,23,UNKNOWN,Street,2.004033382082261,False,MANHATTAN,"(40.7892055, -73.9548156)",trafficstat,True,False,False,False,False,False,False,True,False,,,,,,,
2026-06-29,00:00,40.7892055,-73.9548156,E  98 ST,10029,23,UNKNOWN,Street,2.004033382082261,False,MANHATTAN,"(40.7892055, -73.9548156)",trafficstat,True,False,True,False,False,False,False,False,False,,,,,,,
2026-08-25,00:00,40.793186,-73.94056,E  110 ST,10029,23,UNKNOWN,Street,2.6919816059890564,False,MANHATTAN,"(40.793186, -73.94056)",trafficstat,False,False,False,False,False,False,False,False,False,,,,,,,
2026-06-16,00:00,40.793186,-73.94056,E  110 ST,10029,23,UNKNOWN,Street,2.6919816059890564,False,MANHATTAN,"(40.793186, -73.94056)",trafficstat,False,False,False,False,False,False,False,False,False,,,,,,,
2026-08-24,00:00,40.7950754,-73.9486201,E  108 ST,10029,23,UNKNOWN,Street,41.4536934084717,False,MANHATTAN,"(40.7950754, -73.9486201)",trafficstat,False,False,False,False,False,False,False,False,False,,,,,,,
2026-08-23,00:00,40.7858819,-73.948827,3 AVE,10029,23,OTHER,Street,1.5684587029776071,False,MANHATTAN,"(40.7858819, -73.948827)",trafficstat,True,False,False,True,False,False,False,False,False,,,,,,,
2026-07-26,00:00,40.7858819,-73.948827,3 AVE,10029,23,OTHER,Street,1.5684587029776071,False,MANHATTAN,"(40.7858819, -73.948827)",trafficstat,True,False,False,True,False,False,False,False,False,,,,,,,
2026-08-22,00:00,40.7894337,-73.9448281,E  104 ST,10029,23,UNKNOWN,Street,155.10391640828607,False,MANHATTAN,"(40.7894337, -73.9448281)",trafficstat,False,False,False,False,False,False,False,False,False,,,,,,,
2026-08-21,00:00,40.7990699,-73.9462058,MADISON AVE,10029,23,UNKNOWN,Street,164.84177130684733,False,MANHATTAN,"(40.7990699, -73.9462058)",trafficstat,True,False,False,False,False,False,False,True,False,,,,,,,
2026-08-18,00:00,40.7950761,-73.9413949,E  112 ST,10029,23,UNKNOWN,Street,43.543715534275464,False,MANHATTAN,"(40.7950761, -73.9413949)",trafficstat,True,False,False,False,False,False,False,False,True,,,,,,,
2026-08-18,00:00,40.7941774,-73.944866,LEXINGTON AVE,10029,23,OTHER,Street,1.9641529553240595,False,MANHATTAN,"(40.7941774, -73.944866)",trafficstat,False,False,False,False,False,False,False,False,False,,,,,,,
2026-07-02,00:00,40.7941774,-73.944866,LEXINGTON AVE,10029,23,UNKNOWN,Street,1.9641529553240595,False,MANHATTAN,"(40.7941774, -73.944866)",trafficstat,True,False,False,False,False,False,False,True,False,,,,,,,
2026-08-18,00:00,40.796763,-73.945095,E  112 ST,10029,23,UNKNOWN,Street,2.4566825064786886,False,MANHATTAN,"(40.796763, -73.945095)",trafficstat,True,False,False,True,False,False,False,False,False,,,,,,,
2026-08-18,00:00,40.791551,-73.9464858,E  105 ST,10029,23,OTHER,Street,30.07080619143296,False,MANHATTAN,"(40.791551, -73.9464858)",trafficstat,True,False,False,True,False,False,False,False,False,,,,,,,
2026-08-18,00:00,40.7851932,-73.9493331,3 AVE,10128,23,OTHER,Street,1.414933397199358,False,MANHATTAN,"(40.7851932, -73.9493331)",trafficstat,False,False,False,False,False,False,False,False,False,,,,,,,
2026-06-27,00:00,40.7851932,-73.9493331,3 AVE,10128,23,OTHER,Street,1.414933397199358,False,MANHATTAN,"(40.7851932, -73.9493331)",trafficstat,True,False,False,False,False,True,False,False,False,,,,,,,
2026-06-16,00:00,40.7851932,-73.9493331,3 AVE,10128,23,UNKNOWN,Street,1.414933397199358,False,MANHATTAN,"(40.7851932, -73.9493331)",trafficstat,False,False,False,False,False,False,False,False,False,,,,,,,
2026-08-17,00:00,40.7901544,-73.9540343,5 AVE,10029,23,UNKNOWN,Street,169.04167305547531,False,MANHATTAN,"(40.7901544, -73.9540343)",trafficstat,False,False,False,False,False,False,False,False,False,,,,,,,
2026-06-25,00:00,40.7901544,-73.9540343,5 AVE,10029,23,UNKNOWN,Street,169.04167305547531,False,MANHATTAN,"(40.7901544, -73.9540343)",trafficstat,True,False,False,False,False,False,False,True,False,,,,,,,
2026-08-16,00:00,40.7848225,-73.943344,1 AVE,10029,23,UNKNOWN,Street,57.66133413950118,False,MANHATTAN,"(40.7848225, -73.943344)",trafficstat,False,False,False,False,False,False,False,False,False,,,,,,,
2026-08-07,00:00,40.7848225,-73.943344,1 AVE,10029,23,UNKNOWN,Street,57.66133413950118,False,MANHATTAN,"(40.7848225, -73.943344)",trafficstat,False,False,False,False,False,False,False,False,False,,,,,,,
2026-08-15,00:00,40.7908948,-73.9451684,3 AVE,10029,23,UNKNOWN,Street,1.6015205544586042,False,MANHATTAN,"(40.7908948, -73.9451684)",trafficstat,False,False,False,False,False,False,False,False,False,,,,,,,
2026-08-15,00:00,40.7955878,-73.9501594,E  108 ST,10029,23,UNKNOWN,Street,2.593909617904794,False,MANHATTAN,"(40.7955878, -73.9501594)",trafficstat,False,False,False,False,False,False,False,False,False,,,,,,,
2026-08-14,00:00,40.7958125,-73.9383757,2 AVE,10029,23,OTHER,Street,66.70460699446718,False,MANHATTAN,"(40.7958125, -73.9383757)",trafficstat,True,False,False,False,False,False,False,True,False,,,,,,,
2026-08-14,00:00,40.7889961,-73.9465567,3 AVE,10029,23,UNKNOWN,Street,1.5082196213445462,False,MANHATTAN,"(40.7889961, -73.9465567)",trafficstat,True,False,False,False,False,False,False,False,False,,,,,,,
2026-08-14,00:00,40.7967969,-73.9471753,MADISON AVE,10029,23,OTHER,Street,1.930308772759587,False,MANHATTAN,"(40.7967969, -73.9471753)",trafficstat,True,False,False,False,False,True,False,False,False,,,,,,,
2026-07-12,00:00,40.7967969,-73.9471753,MADISON AVE,10029,23,OTHER,Street,1.930308772759587,False,MANHATTAN,"(40.7967969, -73.9471753)",trafficstat,True,False,True,False,False,False,False,False,False,,,,,,,
2026-08-12,00:00,40.7901632,-73.9367488,FRANKLIN D ROOSEVELT DR,10029,23,UNKNOWN,Highway,3.228186765818199,False,MANHATTAN,"(40.7901632, -73.9367488)",trafficstat,True,False,False,False,False,False,False,True,False,,,,,,,
2026-08-11,00:00,40.7919058,-73.9415056,2 AVE,10029,23,UNKNOWN,Street,1.5222634037841192,False,MANHATTAN,"(40.7919058, -73.9415056)",trafficstat,True,False,False,False,False,False,False,True,True,,,,,,,
2026-08-07,00:00,40.7919058,-73.9415056,2 AVE,10029,23,UNKNOWN,Street,1.5222634037841192,False,MANHATTAN,"(40.7919058, -73.9415056)",trafficstat,True,False,False,False,False,False,False,False,True,,,,,,,
2026-06-28,00:00,40.7919058,-73.9415056,2 AVE,10029,23,UNKNOWN,Street,1.5222634037841192,False,MANHATTAN,"(40.7919058, -73.9415056)",trafficstat,True,False,False,True,False,False,False,False,False,,,,,,,
2026-08-10,00:00,40.7842452,-73.9470877,E  96 ST,10128,23,UNKNOWN,Street,2.1195890907016324,False,MANHATTAN,"(40.7842452, -73.9470877)",trafficstat,True,False,True,False,False,False,False,False,False,,,,,,,
2026-08-08,00:00,40.7842452,-73.9470877,E  96 ST,10128,23,OTHER,Street,2.1195890907016324,False,MANHATTAN,"(40.7842452, -73.9470877)",trafficstat,True,False,False,False,True,False,False,False,False,,,,,,,
2026-08-09,00:00,40.7545917,-73.9781985,MADISON AVE,10017,23,OTHER,Street,52.53091758645891,False,MANHATTAN,"(40.7545917, -73.9781985)",trafficstat,True,False,True,False,False,False,False,False,False,,,,,,,
2026-08-08,00:00,40.7861741,-73.9456959,2 AVE,10029,23,UNKNOWN,Street,1.4087028766932705,False,MANHATTAN,"(40.7861741, -73.9456959)",trafficstat,True,False,False,False,False,False,False,False,True,,,,,,,
2026-07-22,00:00,40.7861741,-73.9456959,2 AVE,10029,23,OTHER,Street,1.4087028766932705,False,MANHATTAN,"(40.7861741, -73.9456959)",trafficstat,True,False,False,False,False,False,False,False,False,,,,,,,
2026-07-04,00:00,40.7861741,-73.9456959,2 AVE,10029,23,UNKNOWN,Street,1.4087028766932705,False,MANHATTAN,"(40.7861741, -73.9456959)",trafficstat,True,False,False,False,True,False,False,False,False,,,,,,,
2026-08-07,00:00,40.7902772,-73.9395894,1 AVE,10029,23,UNKNOWN,Street,1.9258631069424206,False,MANHATTAN,"(40.7902772, -73.9395894)",trafficstat,True,False,False,False,False,False,False,True,False,,,,,,,
2026-08-07,00:00,40.7934877,-73.9432739,3 AVE,10029,23,UNKNOWN,Street,1.5131229898792387,False,MANHATTAN,"(40.7934877, -73.9432739)",trafficstat,True,False,False,True,False,False,False,False,False,,,,,,,
2026-08-07,00:00,40.7955375,-73.9480864,MADISON AVE,10029,23,UNKNOWN,Street,1.3084904530003896,False,MANHATTAN,"(40.7955375, -73.9480864)",trafficstat,True,False,False,False,False,False,False,False,True,,,,,,,
2026-06-15,00:00,40.7955375,-73.9480864,MADISON AVE,10029,23,OTHER,Street,1.3084904530003896,False,MANHATTAN,"(40.7955375, -73.9480864)",trafficstat,True,False,False,False,False,True,False,False,False,,,,,,,
2026-08-07,00:00,40.7954625,-73.9460278,E  110 ST,10029,23,UNKNOWN,Street,2.0801445202307067,False,MANHATTAN,"(40.7954625, -73.9460278)",trafficstat,True,False,False,False,False,False,False,False,False,,,,,,,
2026-08-02,00:00,40.7954625,-73.9460278,E  110 ST,10029,23,UNKNOWN,Street,2.0801445202307067,False,MANHATTAN,"(40.7954625, -73.9460278)",trafficstat,True,False,False,False,True,False,False,False,False,,,,,,,
2026-07-21,00:00,40.7954625,-73.9460278,E  110 ST,10029,23,OTHER,Street,2.0801445202307067,False,MANHATTAN,"(40.7954625, -73.9460278)",trafficstat,False,False,False,False,False,False,False,False,False,,,,,,,
2026-06-26,00:00,40.7954625,-73.9460278,E  110 ST,10029,23,UNKNOWN,Street,2.0801445202307067,False,MANHATTAN,"(40.7954625, -73.9460278)",trafficstat,True,False,False,False,False,False,False,False,True,,,,,,,
2026-06-13,00:00,40.7954625,-73.9460278,E  110 ST,10029,23,UNKNOWN,Street,2.0801445202307067,False,MANHATTAN,"(40.7954625, -73.9460278)",trafficstat,True,False,False,False,False,False,False,False,False,,,,,,,
2026-08-06,00:00,40.7908787,-73.9516925,MADISON AVE,10029,23,OTHER,Street,45.60166117101536,False,MANHATTAN,"(40.7908787, -73.9516925)",trafficstat,True,False,True,False,False,False,False,False,False,,,,,,,
2026-08-06,00:00,40.7896242,-73.9400667,1 AVE,10029,23,UNKNOWN,Street,1.7309322124406978,False,MANHATTAN,"(40.7896242, -73.9400667)",trafficstat,True,False,False,False,True,False,False,False,False,,,,,,,
2026-07-10,00:00,40.7896242,-73.9400667,1 AVE,10029,23,OTHER,Street,1.7309322124406978,False,MANHATTAN,"(40.7896242, -73.9400667)",trafficstat,True,False,False,False,False,False,False,False,True,,,,,,,
2026-07-04,00:00,40.7896242,-73.9400667,1 AVE,10029,23,UNKNOWN,Street,1.7309322124406978,False,MANHATTAN,"(40.7896242, -73.9400667)",trafficstat,True,False,False,False,False,False,False,False,True,,,,,,,
2026-08-05,00:00,40.7887801,-73.9496374,E  100 ST,10029,23,UNKNOWN,Street,31.762373346718793,False,MANHATTAN,"(40.7887801, -73.9496374)",trafficstat,False,False,False,False,False,False,False,False,False,,,,,,,
2026-08-05,00:00,40.7939555,-73.9341885,E  114 ST,10029,23,UNKNOWN,Street,46.75658767133593,False,MANHATTAN,"(40.7939555, -73.9341885)",trafficstat,False,False,False,False,False,False,False,False,False,,,,,,,
2026-08-05,00:00,40.7929353,-73.940505,2 AVE,10029,23,OTHER,Street,60.69112199382889,False,MANHATTAN,"(40.7929353, -73.940505)",trafficstat,False,False,False,False,False,False,False,False,False,,,,,,,
2026-08-05,00:00,40.7948616,-73.9464798,E  109 ST,10029,23,OTHER,Street,2.2556826901738725,False,MANHATTAN,"(40.7948616, -73.9464798)",trafficstat,True,False,False,True,False,False,False,False,False,,,,,,,
2026-06-23,00:00,40.7948616,-73.9464798,E  109 ST,10029,23,UNKNOWN,Street,2.2556826901738725,False,MANHATTAN,"(40.7948616, -73.9464798)",trafficstat,False,False,False,False,False,False,False,False,False,,,,,,,
2026-08-02,00:00,40.7969671,-73.9422902,LEXINGTON AVE,10029,23,UNKNOWN,Street,132.95099455176359,False,MANHATTAN,"(40.7969671, -73.9422902)",trafficstat,True,False,False,True,False,False,False,False,False,,,,,,,
2026-08-02,00:00,40.7948084,-73.9444068,LEXINGTON AVE,10029,23,OTHER,Street,1.7380680557607837,False,MANHATTAN,"(40.7948084, -73.9444068)",trafficstat,False,False,False,False,False,False,False,False,False,,,,,,,
2026-08-02,00:00,40.7948084,-73.9444068,LEXINGTON AVE,10029,23,UNKNOWN,Street,1.7380680557607837,False,MANHATTAN,"(40.7948084, -73.9444068)",trafficstat,False,False,False,False,False,False,False,False,False,,,,,,,
2026-08-02,00:00,40.7903699,-73.9497661,E  102 ST,10029,23,OTHER,Street,2.9289054077347396,False,MANHATTAN,"(40.7903699, -73.9497661)",trafficstat,True,False,False,True,False,False,False,False,False,,,,,,,
2026-08-02,00:00,40.7903699,-73.9497661,E  102 ST,10029,23,UNKNOWN,Street,2.9289054077347396,False,MANHATTAN,"(40.7903699, -73.9497661)",trafficstat,True,False,False,True,False,False,False,False,False,,,,,,,
2026-08-01,00:00,40.7951435,-73.9435304,E  111 ST,10029,23,UNKNOWN,Street,38.8109089046826,False,MANHATTAN,"(40.7951435, -73.9435304)",trafficstat,True,False,True,False,False,False,False,False,False,,,,,,,
2026-07-31,00:00,40.7968067,-73.9455215,E  112 ST,10029,23,UNKNOWN,Street,46.71898893285504,False,MANHATTAN,"(40.7968067, -73.9455215)",trafficstat,True,False,False,False,False,False,False,False,False,,,,,,,
2026-07-29,00:00,40.7886953,-73.9378611,FRANKLIN D ROOSEVELT DR,10029,23,UNKNOWN,Street,0.8383757076101204,False,MANHATTAN,"(40.7886953, -73.9378611)",trafficstat,False,False,False,False,False,False,False,False,False,,,,,,,
2026-07-29,00:00,40.7875154,-73.9382969,FRANKLIN D ROOSEVELT DR,10029,23,UNKNOWN,Highway,0.021862973950980927,False,MANHATTAN,"(40.7875154, -73.9382969)",trafficstat,False,False,False,False,False,False,False,False,False,,,,,,,
2026-07-27,00:00,40.7895151,-73.9404641,1 AVE,10029,23,OTHER,Street,75.1676150489528,False,MANHATTAN,"(40.7895151, -73.9404641)",trafficstat,False,False,False,False,False,False,False,False,False,,,,,,,
2026-07-27,00:00,40.7870643,-73.941936,1 AVE,10029,23,UNKNOWN,Street,2.115594105299587,False,MANHATTAN,"(40.7870643, -73.941936)",trafficstat,True,False,False,False,False,False,False,False,False,,,,,,,
2026-07-26,00:00,40.7879517,-73.9381831,E  105 ST,10029,23,OTHER,Street,2.9175851746916104,False,MANHATTAN,"(40.7879517, -73.9381831)",trafficstat,True,False,False,False,False,True,False,False,False,,,,,,,
2026-07-12,00:00,40.7879517,-73.9381831,E  105 ST,10029,23,UNKNOWN,Street,2.9175851746916104,False,MANHATTAN,"(40.7879517, -73.9381831)",trafficstat,False,False,False,False,False,False,False,False,False,,,,,,,
2026-07-26,00:00,40.7601917,-73.9680985,E  57 ST,10022,23,OTHER,Street,98.63372301756011,False,MANHATTAN,"(40.7601917, -73.9680985)",trafficstat,False,False,False,False,False,False,False,False,False,,,,,,,
2026-07-23,00:00,40.7601917,-73.9680985,E  57 ST,10022,23,UNKNOWN,Street,98.63372301756011,False,MANHATTAN,"(40.7601917, -73.9680985)",trafficstat,True,False,True,False,False,False,False,False,False,,,,,,,
2026-07-25,00:00,40.7858016,-73.947502,E  97 ST,10029,23,UNKNOWN,Street,149.52262592388527,False,MANHATTAN,"(40.7858016, -73.947502)",trafficstat,False,False,False,False,False,False,False,False,False,,,,,,,
2026-07-25,00:00,40.7962448,-73.9480756,E  110 ST,10029,23,UNKNOWN,Street,36.12946677262014,False,MANHATTAN,"(40.7962448, -73.9480756)",trafficstat,False,False,False,False,False,False,False,False,False,,,,,,,
2026-07-24,00:00,40.7942072,-73.9510811,5 AVE,10029,23,UNKNOWN,Street,22.71918728793208,False,MANHATTAN,"(40.7942072, -73.9510811)",trafficstat,False,False,False,False,False,False,False,False,False,,,,,,,
2026-07-23,00:00,40.7941325,-73.942811,3 AVE,10029,23,UNKNOWN,Street,1.3463390507376902,False,MANHATTAN,"(40.7941325, -73.942811)",trafficstat,True,False,False,False,False,False,False,True,False,,,,,,,
2026-07-23,00:00,40.7896867,-73.9508624,PARK AVE,10029,23,UNKNOWN,Street,105.32423471889936,False,MANHATTAN,"(40.7896867, -73.9508624)",trafficstat,False,False,False,False,False,False,False,False,False,,,,,,,
2026-06-18,00:00,40.7896867,-73.9508624,PARK AVE,10029,23,UNKNOWN,Street,105.32423471889936,False,MANHATTAN,"(40.7896867, -73.9508624)",trafficstat,False,False,False,False,False,False,False,False,False,,,,,,,
2026-07-22,00:00,40.7972603,-73.9405185,3 AVE,10029,23,OTHER,Street,1.7914683274617857,False,MANHATTAN,"(40.7972603, -73.9405185)",trafficstat,False,False,False,False,False,False,False,False,False,,,,,,,
2026-07-21,00:00,40.7951602,-73.9449771,E  110 ST,10029,23,UNKNOWN,Street,36.10829336050435,False,MANHATTAN,"(40.7951602, -73.9449771)",trafficstat,True,False,False,True,False,False,False,False,False,,,,,,,
2026-07-21,00:00,40.7942332,-73.9469462,E  108 ST,10029,23,UNKNOWN,Street,2.5395425301534003,False,MANHATTAN,"(40.7942332, -73.9469462)",trafficstat,False,False,False,False,False,False,False,False,False,,,,,,,
2026-07-21,00:00,40.7906372,-73.9505514,E  102 ST,10029,23,UNKNOWN,Street,23.346908240112,False,MANHATTAN,"(40.7906372, -73.9505514)",trafficstat,False,False,False,False,False,False,False,False,False,,,,,,,
2026-07-20,00:00,40.7828878,-73.9438931,E  96 ST,10128,23,UNKNOWN,Street,16.08976354344442,False,MANHATTAN,"(40.7828878, -73.9438931)",trafficstat,True,False,False,False,False,False,False,False,True,,,,,,,
2026-07-20,00:00,40.7962162,-73.9496858,5 AVE,10029,23,UNKNOWN,Street,2.1876029994701276,False,MANHATTAN,"(40.7962162, -73.9496858)",trafficstat,False,False,False,False,False,False,False,False,False,,,,,,,
2026-07-20,00:00,40.7929327,-73.9479006,E  106 ST,10029,23,UNKNOWN,Street,2.2663663315136766,False,MANHATTAN,"(40.7929327, -73.9479006)",trafficstat,True,False,False,True,False,False,False,False,False,,,,,,,
2026-07-11,00:00,40.7929327,-73.9479006,E  106 ST,10029,23,OTHER,Street,2.2663663315136766,False,MANHATTAN,"(40.7929327, -73.9479006)",trafficstat,True,False,False,False,True,False,False,False,False,,,,,,,
2026-07-06,00:00,40.7929327,-73.9479006,E  106 ST,10029,23,OTHER,Street,2.2663663315136766,False,MANHATTAN,"(40.7929327, -73.9479006)",trafficstat,True,False,False,False,False,False,False,True,False,,,,,,,
2026-06-22,00:00,40.7929327,-73.9479006,E  106 ST,10029,23,OTHER,Street,2.2663663315136766,False,MANHATTAN,"(40.7929327, -73.9479006)",trafficstat,False,False,False,False,False,False,False,False,False,,,,,,,
2026-07-19,00:00,40.7963012,-73.9382837,2 AVE,10029,23,UNKNOWN,Street,2.160542987003216,False,MANHATTAN,"(40.7963012, -73.9382837)",trafficstat,True,False,False,False,False,False,False,True,False,,,,,,,
2026-06-29,00:00,40.7963012,-73.9382837,2 AVE,10029,23,OTHER,Street,2.160542987003216,False,MANHATTAN,"(40.7963012, -73.9382837)",trafficstat,True,False,True,False,False,False,False,False,False,,,,,,,
2026-07-17,00:00,40.7902621,-73.9368426,FRANKLIN D ROOSEVELT DR,10029,23,UNKNOWN,Highway,1.2778900535575453,False,MANHATTAN,"(40.7902621, -73.9368426)",trafficstat,False,False,False,False,False,False,False,False,False,,,,,,,
2026-06-23,00:00,40.7902621,-73.9368426,FRANKLIN D ROOSEVELT DR,10029,23,UNKNOWN,Highway,1.2778900535575453,False,MANHATTAN,"(40.7902621, -73.9368426)",trafficstat,False,False,False,False,False,False,False,False,False,,,,,,,
2026-07-16,00:00,40.7909445,-73.952738,E  101 ST,10029,23,UNKNOWN,Street,45.47612932392711,False,MANHATTAN,"(40.7909445, -73.952738)",trafficstat,False,False,False,False,False,False,False,False,False,,,,,,,
2026-07-16,00:00,40.788073,-73.9421264,E  103 ST,10029,23,UNKNOWN,Street,32.934821970104885,False,MANHATTAN,"(40.788073, -73.9421264)",trafficstat,False,False,False,False,False,False,False,False,False,,,,,,,
2026-07-16,00:00,40.7849422,-73.9465889,2 AVE,10029,23,UNKNOWN,Street,1.436846212444276,False,MANHATTAN,"(40.7849422, -73.9465889)",trafficstat,True,False,True,False,False,False,False,True,False,,,,,,,
2026-07-14,00:00,40.7849422,-73.9465889,2 AVE,10029,23,UNKNOWN,Street,1.436846212444276,False,MANHATTAN,"(40.7849422, -73.9465889)",trafficstat,False,False,False,False,False,False,False,False,False,,,,,,,
2026-06-27,00:00,40.7849422,-73.9465889,2 AVE,10029,23,UNKNOWN,Street,1.436846212444276,False,MANHATTAN,"(40.7849422, -73.9465889)",trafficstat,False,False,False,False,False,False,False,False,False,,,,,,,
2026-07-16,00:00,40.793108,-73.9437716,3 AVE,10029,23,UNKNOWN,Street,51.3884087019826,False,MANHATTAN,"(40.793108, -73.9437716)",trafficstat,False,False,False,False,False,False,False,False,False,,,,,,,
2026-07-15,00:00,40.794464,-73.93963,2 AVE,10029,23,UNKNOWN,Street,2.3180929669830683,False,MANHATTAN,"(40.794464, -73.93963)",trafficstat,True,False,False,False,False,False,False,False,True,,,,,,,
2026-07-15,00:00,40.7885324,-73.953209,MADISON AVE,10029,23,UNKNOWN,Street,2.114747372017275,False,MANHATTAN,"(40.7885324, -73.953209)",trafficstat,False,False,False,False,False,False,False,False,False,,,,,,,
2026-07-08,00:00,40.7885324,-73.953209,MADISON AVE,10029,23,UNKNOWN,Street,2.114747372017275,False,MANHATTAN,"(40.7885324, -73.953209)",trafficstat,False,False,False,False,False,False,False,False,False,,,,,,,
2026-07-13,00:00,40.7880444,-73.9533934,MADISON AVE,10029,23,OTHER,Street,43.11745982628994,False,MANHATTAN,"(40.7880444, -73.9533934)",trafficstat,False,False,False,False,False,False,False,False,False,,,,,,,
2026-07-13,00:00,40.7872227,-73.952058,E  97 ST,10029,23,UNKNOWN,Bridge,2.2122993020403987,False,MANHATTAN,"(40.7872227, -73.952058)",trafficstat,False,False,False,False,False,False,False,False,False,,,,,,,
2026-07-13,00:00,40.786425,-73.9423807,1 AVE,10029,23,OTHER,Street,1.9697779865301435,False,MANHATTAN,"(40.786425, -73.9423807)",trafficstat,True,False,False,False,False,False,False,True,False,,,,,,,
2026-07-12,00:00,40.7842631,-73.9433252,FRANKLIN D ROOSEVELT DR,10029,23,UNKNOWN,Street,120.07881512912212,False,MANHATTAN,"(40.7842631, -73.9433252)",trafficstat,False,False,False,False,False,False,False,False,False,,,,,,,
2026-07-12,00:00,40.7933994,-73.9471752,E  107 ST,10029,23,UNKNOWN,Street,35.149499539827815,False,MANHATTAN,"(40.7933994, -73.9471752)",trafficstat,False,False,False,False,False,False,False,False,False,,,,,,,
2026-07-11,00:00,40.7913486,-73.9484758,E  104 ST,10029,23,OTHER,Street,40.225458233597884,False,MANHATTAN,"(40.7913486, -73.9484758)",trafficstat,False,False,False,False,False,False,False,False,False,,,,,,,
2026-07-11,00:00,40.7878986,-73.9536681,MADISON AVE,10029,23,UNKNOWN,Street,2.1537463804399968,False,MANHATTAN,"(40.7878986, -73.9536681)",trafficstat,False,False,False,False,False,False,False,False,False,,,,,,,
2026-06-12,00:00,40.7878986,-73.9536681,MADISON AVE,10029,23,UNKNOWN,Street,2.1537463804399968,False,MANHATTAN,"(40.7878986, -73.9536681)",trafficstat,False,False,False,False,False,False,False,False,False,,,,,,,
2026-07-10,00:00,40.7851739,-73.9433171,E  99 ST,10029,23,OTHER,Street,2.0023062790981605,False,MANHATTAN,"(40.7851739, -73.9433171)",trafficstat,True,False,False,True,False,False,False,False,False,,,,,,,
2026-07-09,00:00,40.7861525,-73.9439355,E  100 ST,10029,23,UNKNOWN,Street,37.92844377426691,False,MANHATTAN,"(40.7861525, -73.9439355)",trafficstat,False,False,False,False,False,False,False,False,False,,,,,,,
2026-07-09,00:00,40.7922457,-73.9462796,LEXINGTON AVE,10029,23,UNKNOWN,Street,1.5991955609581967,False,MANHATTAN,"(40.7922457, -73.9462796)",trafficstat,True,False,False,True,False,False,False,False,False,,,,,,,
2026-07-08,00:00,40.7869486,-73.9484263,3 AVE,10029,23,OTHER,Street,90.59869474701215,False,MANHATTAN,"(40.7869486, -73.9484263)",trafficstat,False,False,False,False,False,False,False,False,False,,,,,,,
2026-07-07,00:00,40.7896858,-73.9481451,E  102 ST,10029,23,OTHER,Street,1.8889210846956577,False,MANHATTAN,"(40.7896858, -73.9481451)",trafficstat,False,False,False,False,False,False,False,False,False,,,,,,,
2026-07-07,00:00,40.7899237,-73.9481476,LEXINGTON AVE,10029,23,OTHER,Street,40.63050931774618,False,MANHATTAN,"(40.7899237, -73.9481476)",trafficstat,False,False,False,False,False,False,False,False,False,,,,,,,
2026-07-07,00:00,40.7935473,-73.9450639,E  108 ST,10029,23,UNKNOWN,Street,31.019719050799715,False,MANHATTAN,"(40.7935473, -73.9450639)",trafficstat,False,False,False,False,False,False,False,False,False,,,,,,,
2026-07-06,00:00,40.7915698,-73.9446767,3 AVE,10029,23,UNKNOWN,Street,1.5581464976674537,False,MANHATTAN,"(40.7915698, -73.9446767)",trafficstat,True,False,True,False,False,False,False,False,False,,,,,,,
2026-07-06,00:00,40.7969364,-73.9468898,MADISON AVE,10029,23,UNKNOWN,Street,46.50403987585616,False,MANHATTAN,"(40.7969364, -73.9468898)",trafficstat,True,False,True,False,False,False,False,False,False,,,,,,,
2026-07-06,00:00,40.7961576,-73.9476453,MADISON AVE,10029,23,OTHER,Street,1.5417067805234774,False,MANHATTAN,"(40.7961576, -73.9476453)",trafficstat,True,False,False,True,False,False,False,False,False,,,,,,,
2026-07-06,00:00,40.78893,-73.9454215,E  102 ST,10029,23,UNKNOWN,Street,128.59472297391582,False,MANHATTAN,"(40.78893, -73.9454215)",trafficstat,False,False,False,False,False,False,False,False,False,,,,,,,
2026-07-06,00:00,40.7864608,-73.9483968,3 AVE,10029,23,UNKNOWN,Street,1.2910905564651722,False,MANHATTAN,"(40.7864608, -73.9483968)",trafficstat,False,False,False,False,False,False,False,False,False,,,,,,,