crash_date,crash_time,latitude,longitude,on_street_name,zip_code,precinct,collision_type,roadway_type,geocode_dist_feet,time_is_known,borough,location,source,injury,fatality,injured_pedestrian,injured_cyclist,injured_ebike_rider,injured_motorcyclist,injured_moped_rider,injured_car_occupant,injured_suv_occupant,number_of_persons_injured,number_of_persons_killed,contributing_factor_vehicle_1,collision_id,cross_street_name,off_street_name,vehicle_type_code1
2026-07-06,00:00,40.7865477,-73.9525532,E  96 ST,10128,23,OTHER,Street,2.947786111851651,False,MANHATTAN,"(40.7865477, -73.9525532)",trafficstat,False,False,False,False,False,False,False,False,False,,,,,,,
2026-06-22,00:00,40.7865477,-73.9525532,E  96 ST,10128,23,UNKNOWN,Street,2.947786111851651,False,MANHATTAN,"(40.7865477, -73.9525532)",trafficstat,True,False,True,False,False,False,False,False,False,,,,,,,
2026-07-05,00:00,40.7973925,-73.9453044,PARK AVE,10029,23,UNKNOWN,Street,118.3380906316984,False,MANHATTAN,"(40.7973925, -73.9453044)",trafficstat,True,False,True,False,False,False,False,False,False,,,,,,,
2026-07-04,00:00,40.7924454,-73.934262,FRANKLIN D ROOSEVELT DR,10035,23,UNKNOWN,Highway,5.374000331951801,False,MANHATTAN,"(40.7924454, -73.934262)",trafficstat,False,False,False,False,False,False,False,False,False,,,,,,,
2026-07-04,00:00,40.787884,-73.9520505,E  98 ST,10029,23,UNKNOWN,Street,53.47742820025185,False,MANHATTAN,"(40.787884, -73.9520505)",trafficstat,False,False,False,False,False,False,False,False,False,,,,,,,
2026-07-04,00:00,40.7880564,-73.9443221,2 AVE,10029,23,OTHER,Street,1.4867409348701013,False,MANHATTAN,"(40.7880564, -73.9443221)",trafficstat,True,False,False,True,False,False,False,False,False,,,,,,,
2026-07-02,00:00,40.7898024,-73.9408748,E  106 ST,10029,23,UNKNOWN,Street,54.76402787734084,False,MANHATTAN,"(40.7898024, -73.9408748)",trafficstat,False,False,False,False,False,False,False,False,False,,,,,,,
2026-07-02,00:00,40.7899178,-73.9471236,E  103 ST,10029,23,OTHER,Street,54.85753257592923,False,MANHATTAN,"(40.7899178, -73.9471236)",trafficstat,False,False,False,False,False,False,False,False,False,,,,,,,
2026-07-02,00:00,40.7862616,-73.9393417,FRANKLIN D ROOSEVELT DR,10029,23,UNKNOWN,Highway,0.29276795614290435,False,MANHATTAN,"(40.7862616, -73.9393417)",trafficstat,True,False,False,False,False,False,False,True,False,,,,,,,
2026-06-30,00:00,40.7858644,-73.9432457,E  100 ST,10029,23,UNKNOWN,Street,37.130443292279026,False,MANHATTAN,"(40.7858644, -73.9432457)",trafficstat,False,False,False,False,False,False,False,False,False,,,,,,,
2026-06-29,00:00,40.7940246,-73.9493935,MADISON AVE,10029,23,UNKNOWN,Street,44.64872449513372,False,MANHATTAN,"(40.7940246, -73.9493935)",trafficstat,False,False,False,False,False,False,False,False,False,,,,,,,
2026-06-27,00:00,40.792187,-73.938194,1 AVE,10029,23,UNKNOWN,Street,1.8397723976492302,False,MANHATTAN,"(40.792187, -73.938194)",trafficstat,False,False,False,False,False,False,False,False,False,,,,,,,
2026-06-27,00:00,40.7926858,-73.9396366,E  110 ST,10029,23,UNKNOWN,Street,37.91805397679766,False,MANHATTAN,"(40.7926858, -73.9396366)",trafficstat,False,False,False,False,False,False,False,False,False,,,,,,,
2026-06-27,00:00,40.7858663,-73.9509287,LEXINGTON AVE,10128,23,OTHER,Street,1.4814088968810089,False,MANHATTAN,"(40.7858663, -73.9509287)",trafficstat,True,False,True,False,False,False,False,False,False,,,,,,,
2026-06-20,00:00,40.7858663,-73.9509287,LEXINGTON AVE,10128,23,UNKNOWN,Street,1.4814088968810089,False,MANHATTAN,"(40.7858663, -73.9509287)",trafficstat,False,False,False,False,False,False,False,False,False,,,,,,,
2026-06-26,00:00,40.7860998,-73.9396582,FRANKLIN D ROOSEVELT DR,10029,23,UNKNOWN,Street,1.8524123491342,False,MANHATTAN,"(40.7860998, -73.9396582)",trafficstat,True,False,False,False,False,False,False,False,True,,,,,,,
2026-06-26,00:00,40.7923473,-73.9525238,E  103 ST,10029,23,OTHER,Street,2.774718463325535,False,MANHATTAN,"(40.7923473, -73.9525238)",trafficstat,True,False,True,False,False,False,False,False,False,,,,,,,
2026-06-25,00:00,40.7986151,-73.9437426,E  115 ST,10029,23,OTHER,Street,2.5596970016245186,False,MANHATTAN,"(40.7986151, -73.9437426)",trafficstat,True,False,False,False,False,False,False,True,False,,,,,,,
2026-06-25,00:00,40.7875581,-73.9521261,PARK AVE,10029,23,OTHER,Street,30.3957627122316,False,MANHATTAN,"(40.7875581, -73.9521261)",trafficstat,False,False,False,False,False,False,False,False,False,,,,,,,
2026-06-25,00:00,40.7974838,-73.9487856,5 AVE,10026,23,UNKNOWN,Street,1.9442117887949442,False,MANHATTAN,"(40.7974838, -73.9487856)",trafficstat,True,False,False,False,False,False,False,False,False,,,,,,,
2026-06-24,00:00,40.7957085,-73.9443388,E  111 ST,10029,23,OTHER,Street,32.01206557981844,False,MANHATTAN,"(40.7957085, -73.9443388)",trafficstat,False,False,False,False,False,False,False,False,False,,,,,,,
2026-06-24,00:00,40.7868079,-73.9452296,2 AVE,10029,23,UNKNOWN,Street,2.099968249975151,False,MANHATTAN,"(40.7868079, -73.9452296)",trafficstat,True,False,True,False,False,False,False,False,False,,,,,,,
2026-06-23,00:00,40.794745,-73.940629,E  112 ST,10029,23,OTHER,Street,47.05166403036285,False,MANHATTAN,"(40.794745, -73.940629)",trafficstat,False,False,False,False,False,False,False,False,False,,,,,,,
2026-06-21,00:00,40.7951994,-73.943945,LEXINGTON AVE,10029,23,UNKNOWN,Street,44.2467627425149,False,MANHATTAN,"(40.7951994, -73.943945)",trafficstat,True,False,False,False,False,False,False,False,True,,,,,,,
2026-06-20,00:00,40.7947509,-73.9390047,E  113 ST,10029,23,UNKNOWN,Street,76.48216995264751,False,MANHATTAN,"(40.7947509, -73.9390047)",trafficstat,False,False,False,False,False,False,False,False,False,,,,,,,
2026-06-20,00:00,40.7942745,-73.939548,E  112 ST,10029,23,UNKNOWN,Street,52.9919987903923,False,MANHATTAN,"(40.7942745, -73.939548)",trafficstat,False,False,False,False,False,False,False,False,False,,,,,,,
2026-06-20,00:00,40.7979445,-73.9421215,LEXINGTON AVE,10029,23,UNKNOWN,Street,1.30874997429113,False,MANHATTAN,"(40.7979445, -73.9421215)",trafficstat,True,False,False,True,False,False,False,False,False,,,,,,,
2026-06-20,00:00,40.7910486,-73.9513727,MADISON AVE,10029,23,UNKNOWN,Street,1.5068004167661369,False,MANHATTAN,"(40.7910486, -73.9513727)",trafficstat,True,False,False,False,False,False,False,False,False,,,,,,,
2026-06-19,00:00,40.7935159,-73.9410897,E  110 ST,10029,23,OTHER,Street,31.58279202575908,False,MANHATTAN,"(40.7935159, -73.9410897)",trafficstat,False,False,False,False,False,False,False,False,False,,,,,,,
2026-06-19,00:00,40.7942808,-73.949012,MADISON AVE,10029,23,OTHER,Street,2.2647833481287774,False,MANHATTAN,"(40.7942808, -73.949012)",trafficstat,False,False,False,False,False,False,False,False,False,,,,,,,
2026-06-15,00:00,40.7974499,-73.9467016,MADISON AVE,10029,23,OTHER,Street,1.5685345016510397,False,MANHATTAN,"(40.7974499, -73.9467016)",trafficstat,True,False,False,True,False,False,False,False,False,,,,,,,
2026-06-13,00:00,40.7920112,-73.9453106,E  106 ST,10029,23,UNKNOWN,Street,53.01856857017919,False,MANHATTAN,"(40.7920112, -73.9453106)",trafficstat,True,False,False,False,False,False,False,True,False,,,,,,,
2026-06-12,00:00,40.7921868,-73.9381937,1 AVE,10029,23,UNKNOWN,Street,1.9476557899675295,False,MANHATTAN,"(40.7921868, -73.9381937)",trafficstat,True,False,False,False,False,False,False,False,False,,,,,,,
2026-06-12,00:00,40.7865413,-73.9504334,LEXINGTON AVE,10029,23,UNKNOWN,Street,1.8427915510221142,False,MANHATTAN,"(40.7865413, -73.9504334)",trafficstat,False,False,False,False,False,False,False,False,False,,,,,,,
2026-09-12,00:00,40.7955275,-73.9759285,RIVERSIDE DR,10025,24,UNKNOWN,Street,0.4132509820380702,False,MANHATTAN,"(40.7955275, -73.9759285)",trafficstat,False,False,False,False,False,False,False,False,False,,,,,,,
2026-08-12,00:00,40.7955275,-73.9759285,RIVERSIDE DR,10025,24,OTHER,Street,0.4132509820380702,False,MANHATTAN,"(40.7955275, -73.9759285)",trafficstat,True,False,False,False,False,False,False,False,True,,,,,,,
2026-09-12,00:00,40.7993276,-73.9609849,MANHATTAN AVE,10025,24,UNKNOWN,Street,1.5627219742075278,False,MANHATTAN,"(40.7993276, -73.9609849)",trafficstat,True,False,True,False,False,False,False,False,False,,,,,,,
2026-09-12,00:00,40.7985061,-73.9671218,AMSTERDAM AVE,10025,24,UNKNOWN,Street,1.1183899174782665,False,MANHATTAN,"(40.7985061, -73.9671218)",trafficstat,False,False,False,False,False,False,False,False,False,,,,,,,
2026-09-08,00:00,40.7965403,-73.9759584,HENRY HUDSON PKWY,10024,24,UNKNOWN,Highway,4.9256058149844195,False,MANHATTAN,"(40.7965403, -73.9759584)",trafficstat,False,False,False,False,False,False,False,False,False,,,,,,,
2026-06-25,00:00,40.7965403,-73.9759584,HENRY HUDSON PKWY,10024,24,UNKNOWN,Highway,4.9256058149844195,False,MANHATTAN,"(40.7965403, -73.9759584)",trafficstat,False,False,False,False,False,False,False,False,False,,,,,,,
2026-09-05,00:00,40.7950238,-73.9657233,COLUMBUS AVE,10025,24,UNKNOWN,Street,55.25808169072308,False,MANHATTAN,"(40.7950238, -73.9657233)",trafficstat,False,False,False,False,False,False,False,False,False,,,,,,,
2026-08-01,00:00,40.7950238,-73.9657233,COLUMBUS AVE,10025,24,UNKNOWN,Street,55.25808169072308,False,MANHATTAN,"(40.7950238, -73.9657233)",trafficstat,False,False,False,False,False,False,False,False,False,,,,,,,
2026-09-04,00:00,40.794735,-73.96987,AMSTERDAM AVE,10025,24,UNKNOWN,Street,1.958625502528693,False,MANHATTAN,"(40.794735, -73.96987)",trafficstat,False,False,False,False,False,False,False,False,False,,,,,,,
2026-06-12,00:00,40.794735,-73.96987,AMSTERDAM AVE,10025,24,UNKNOWN,Street,1.958625502528693,False,MANHATTAN,"(40.794735, -73.96987)",trafficstat,False,False,False,False,False,False,False,False,False,,,,,,,
2026-09-04,00:00,40.7984709,-73.9690036,W  102 ST,10025,24,UNKNOWN,Street,2.8413885285169713,False,MANHATTAN,"(40.7984709, -73.9690036)",trafficstat,False,False,False,False,False,False,False,False,False,,,,,,,
2026-09-02,00:00,40.796562,-73.9742,RIVERSIDE DR,10025,24,UNKNOWN,Street,1.8721194955802405,False,MANHATTAN,"(40.796562, -73.9742)",trafficstat,False,False,False,False,False,False,False,False,False,,,,,,,
2026-09-01,00:00,40.7915966,-73.9663232,W  95 ST,10025,24,UNKNOWN,Street,37.11086328322009,False,MANHATTAN,"(40.7915966, -73.9663232)",trafficstat,False,False,False,False,False,False,False,False,False,,,,,,,
2026-08-31,00:00,40.7897336,-73.9660933,CENTRAL PARK W,10025,24,UNKNOWN,Street,2.323380831012219,False,MANHATTAN,"(40.7897336, -73.9660933)",trafficstat,True,False,False,True,False,False,False,False,False,,,,,,,
2026-08-31,00:00,40.7996815,-73.970198,W  103 ST,10025,24,UNKNOWN,Street,40.292893878818525,False,MANHATTAN,"(40.7996815, -73.970198)",trafficstat,False,False,False,False,False,False,False,False,False,,,,,,,
2026-08-31,00:00,40.8041683,-73.9667,CATHEDRAL PKWY,10025,24,UNKNOWN,Street,2.3473567036984577,False,MANHATTAN,"(40.8041683, -73.9667)",trafficstat,False,False,False,False,False,False,False,False,False,,,,,,,
2026-08-06,00:00,40.8041683,-73.9667,CATHEDRAL PKWY,10025,24,OTHER,Street,2.3473567036984577,False,MANHATTAN,"(40.8041683, -73.9667)",trafficstat,False,False,False,False,False,False,False,False,False,,,,,,,
2026-08-28,00:00,40.8035673,-73.967141,W  109 ST,10025,24,UNKNOWN,Street,2.758924561938955,False,MANHATTAN,"(40.8035673, -73.967141)",trafficstat,False,False,False,False,False,False,False,False,False,,,,,,,
2026-08-28,00:00,40.7852935,-73.9693347,86 ST TRANSVERSE,10000,24,UNKNOWN,Street,1.2143678440678196,False,MANHATTAN,"(40.7852935, -73.9693347)",trafficstat,True,False,False,True,False,False,False,False,False,,,,,,,
2026-07-04,00:00,40.7852935,-73.9693347,86 ST TRANSVERSE,10000,24,UNKNOWN,Street,1.2143678440678196,False,MANHATTAN,"(40.7852935, -73.9693347)",trafficstat,True,False,False,False,False,False,False,True,True,,,,,,,
2026-08-25,00:00,40.7954562,-73.9656281,COLUMBUS AVE,10025,24,UNKNOWN,Street,1.8121721234627972,False,MANHATTAN,"(40.7954562, -73.9656281)",trafficstat,False,False,False,False,False,False,False,False,False,,,,,,,
2026-06-26,00:00,40.7954562,-73.9656281,COLUMBUS AVE,10025,24,OTHER,Street,1.8121721234627972,False,MANHATTAN,"(40.7954562, -73.9656281)",trafficstat,False,False,False,False,False,False,False,False,False,,,,,,,
2026-08-25,00:00,40.80111,-73.96521,W  107 ST,10025,24,UNKNOWN,Street,2.1370083931082733,False,MANHATTAN,"(40.80111, -73.96521)",trafficstat,False,False,False,False,False,False,False,False,False,,,,,,,
2026-07-30,00:00,40.80111,-73.96521,W  107 ST,10025,24,UNKNOWN,Street,2.1370083931082733,False,MANHATTAN,"(40.80111, -73.96521)",trafficstat,False,False,False,False,False,False,False,False,False,,,,,,,
2026-08-24,00:00,40.7994917,-73.9606985,MANHATTAN AVE,10025,24,UNKNOWN,Street,42.139536199935286,False,MANHATTAN,"(40.7994917, -73.9606985)",trafficstat,True,False,False,True,False,False,False,False,False,,,,,,,
2026-08-24,00:00,40.7965614,-73.972255,W  END AVE,10025,24,UNKNOWN,Street,2.066928191533631,False,MANHATTAN,"(40.7965614, -73.972255)",trafficstat,False,False,False,False,False,False,False,False,False,,,,,,,
2026-08-24,00:00,40.7890897,-73.9755178,BROADWAY,10024,24,UNKNOWN,Street,47.40346789387231,False,MANHATTAN,"(40.7890897, -73.9755178)",trafficstat,False,False,False,False,False,False,False,False,False,,,,,,,
2026-08-23,00:00,40.79831,-73.9722422,W  100 ST,10025,24,UNKNOWN,Street,34.47483987638859,False,MANHATTAN,"(40.79831, -73.9722422)",trafficstat,False,False,False,False,False,False,False,False,False,,,,,,,
2026-08-23,00:00,40.8020704,-73.9735111,HENRY HUDSON PKWY,10024,24,UNKNOWN,Highway,0.5027975605321584,False,MANHATTAN,"(40.8020704, -73.9735111)",trafficstat,False,False,False,False,False,False,False,False,False,,,,,,,
2026-08-01,00:00,40.8020704,-73.9735111,HENRY HUDSON PKWY,10024,24,UNKNOWN,Highway,0.5027975605321584,False,MANHATTAN,"(40.8020704, -73.9735111)",trafficstat,True,False,False,True,False,False,False,False,False,,,,,,,
2026-08-21,00:00,40.7992684,-73.9748847,HENRY HUDSON PKWY,10024,24,UNKNOWN,Highway,0.1912124739845632,False,MANHATTAN,"(40.7992684, -73.9748847)",trafficstat,False,False,False,False,False,False,False,False,False,,,,,,,
2026-08-21,00:00,40.793285,-73.9703484,W  95 ST,10025,24,UNKNOWN,Street,35.44623046411838,False,MANHATTAN,"(40.793285, -73.9703484)",trafficstat,False,False,False,False,False,False,False,False,False,,,,,,,
2026-08-21,00:00,40.79275,-73.97131,W  94 ST,10025,24,OTHER,Street,2.662910342996735,False,MANHATTAN,"(40.79275, -73.97131)",trafficstat,False,False,False,False,False,False,False,False,False,,,,,,,
2026-08-20,00:00,40.7921852,-73.968017,COLUMBUS AVE,10025,24,OTHER,Street,1.4260584810586485,False,MANHATTAN,"(40.7921852, -73.968017)",trafficstat,True,False,True,False,False,False,False,False,False,,,,,,,
2026-08-19,00:00,40.7923625,-73.9641743,97 ST TRANSVERSE,10000,24,OTHER,Street,1.6490137767742972,False,MANHATTAN,"(40.7923625, -73.9641743)",trafficstat,True,False,False,True,False,False,False,False,False,,,,,,,
2026-07-14,00:00,40.7923625,-73.9641743,97 ST TRANSVERSE,10000,24,UNKNOWN,Street,1.6490137767742972,False,MANHATTAN,"(40.7923625, -73.9641743)",trafficstat,False,False,False,False,False,False,False,False,False,,,,,,,
2026-06-18,00:00,40.7923625,-73.9641743,97 ST TRANSVERSE,10000,24,UNKNOWN,Street,1.6490137767742972,False,MANHATTAN,"(40.7923625, -73.9641743)",trafficstat,True,False,False,True,False,False,False,False,False,,,,,,,
2026-08-18,00:00,40.8008787,-73.9624447,W  108 ST,10025,24,UNKNOWN,Street,33.50520250255407,False,MANHATTAN,"(40.8008787, -73.9624447)",trafficstat,True,False,True,False,False,False,False,False,False,,,,,,,
2026-08-17,00:00,40.8009664,-73.9710107,RIVERSIDE DR,10025,24,UNKNOWN,Street,1.5784037257487447,False,MANHATTAN,"(40.8009664, -73.9710107)",trafficstat,False,False,False,False,False,False,False,False,False,,,,,,,
2026-08-17,00:00,40.7940523,-73.9703672,AMSTERDAM AVE,10025,24,UNKNOWN,Street,1.8332699658166287,False,MANHATTAN,"(40.7940523, -73.9703672)",trafficstat,True,False,False,False,False,False,False,False,False,,,,,,,
2026-08-13,00:00,40.7999772,-73.9586188,CENTRAL PARK W,10025,24,UNKNOWN,Street,2.9666865469862973,False,MANHATTAN,"(40.7999772, -73.9586188)",trafficstat,False,False,False,False,False,False,False,False,False,,,,,,,
2026-08-13,00:00,40.790936,-73.96892,COLUMBUS AVE,10025,24,UNKNOWN,Street,0.6589244409363663,False,MANHATTAN,"(40.790936, -73.96892)",trafficstat,False,False,False,False,False,False,False,False,False,,,,,,,
2026-06-23,00:00,40.790936,-73.96892,COLUMBUS AVE,10025,24,UNKNOWN,Street,0.6589244409363663,False,MANHATTAN,"(40.790936, -73.96892)",trafficstat,True,False,True,False,False,False,False,False,False,,,,,,,
2026-08-13,00:00,40.8043975,-73.9716355,HENRY HUDSON PKWY,10024,24,OTHER,Highway,1.9816979393166734,False,MANHATTAN,"(40.8043975, -73.9716355)",trafficstat,True,False,False,False,True,False,False,False,False,,,,,,,
2026-08-12,00:00,40.7903648,-73.9656271,CENTRAL PARK W,10025,24,UNKNOWN,Street,2.236624329248368,False,MANHATTAN,"(40.7903648, -73.9656271)",trafficstat,False,False,False,False,False,False,False,False,False,,,,,,,
2026-06-21,00:00,40.7903648,-73.9656271,CENTRAL PARK W,10025,24,UNKNOWN,Street,2.236624329248368,False,MANHATTAN,"(40.7903648, -73.9656271)",trafficstat,False,False,False,False,False,False,False,False,False,,,,,,,
2026-08-11,00:00,40.7933799,-73.9708587,AMSTERDAM AVE,10025,24,UNKNOWN,Street,1.6682185734658233,False,MANHATTAN,"(40.7933799, -73.9708587)",trafficstat,True,False,False,True,False,False,False,False,False,,,,,,,
2026-08-11,00:00,40.8004379,-73.9657122,AMSTERDAM AVE,10025,24,UNKNOWN,Street,1.2383043093959427,False,MANHATTAN,"(40.8004379, -73.9657122)",trafficstat,True,False,False,True,False,False,False,False,False,,,,,,,
2026-08-10,00:00,40.7861917,-73.9758985,W  84 ST,10024,24,UNKNOWN,Street,48.526320814382416,False,MANHATTAN,"(40.7861917, -73.9758985)",trafficstat,True,False,False,False,False,False,False,True,False,,,,,,,
2026-06-19,00:00,40.7861917,-73.9758985,W  84 ST,10024,24,OTHER,Street,48.526320814382416,False,MANHATTAN,"(40.7861917, -73.9758985)",trafficstat,False,False,False,False,False,False,False,False,False,,,,,,,
2026-08-08,00:00,40.7978961,-73.9753837,HENRY HUDSON PKWY,10024,24,UNKNOWN,Highway,0.3741604739331441,False,MANHATTAN,"(40.7978961, -73.9753837)",trafficstat,False,False,False,False,False,False,False,False,False,,,,,,,
2026-07-15,00:00,40.7978961,-73.9753837,HENRY HUDSON PKWY,10024,24,UNKNOWN,Highway,0.3741604739331441,False,MANHATTAN,"(40.7978961, -73.9753837)",trafficstat,False,False,False,False,False,False,False,False,False,,,,,,,
2026-08-08,00:00,40.796727,-73.9761751,HENRY HUDSON PKWY,10024,24,OTHER,Highway,13.180226175693848,False,MANHATTAN,"(40.796727, -73.9761751)",trafficstat,False,False,False,False,False,False,False,False,False,,,,,,,
2026-06-14,00:00,40.796727,-73.9761751,HENRY HUDSON PKWY,10024,24,OTHER,Highway,13.180226175693848,False,MANHATTAN,"(40.796727, -73.9761751)",trafficstat,False,False,False,False,False,False,False,False,False,,,,,,,
2026-06-12,00:00,40.796727,-73.9761751,HENRY HUDSON PKWY,10024,24,UNKNOWN,Highway,13.180226175693848,False,MANHATTAN,"(40.796727, -73.9761751)",trafficstat,True,False,False,False,False,False,False,False,True,,,,,,,
2026-08-07,00:00,40.7914676,-73.9666021,W  95 ST,10025,24,UNKNOWN,Street,41.407140565493066,False,MANHATTAN,"(40.7914676, -73.9666021)",trafficstat,False,False,False,False,False,False,False,False,False,,,,,,,
2026-08-05,00:00,40.7912436,-73.9793969,RIVERSIDE DR,10024,24,UNKNOWN,Street,1.6452072613328756,False,MANHATTAN,"(40.7912436, -73.9793969)",trafficstat,True,False,False,True,False,False,False,False,False,,,,,,,
2026-08-02,00:00,40.8005072,-73.9679733,W  105 ST,10025,24,UNKNOWN,Street,2.4587573765246136,False,MANHATTAN,"(40.8005072, -73.9679733)",trafficstat,False,False,False,False,False,False,False,False,False,,,,,,,
2026-06-16,00:00,40.8005072,-73.9679733,W  105 ST,10025,24,UNKNOWN,Street,2.4587573765246136,False,MANHATTAN,"(40.8005072, -73.9679733)",trafficstat,False,False,False,False,False,False,False,False,False,,,,,,,
2026-08-01,00:00,40.8022644,-73.9700457,RIVERSIDE DR,10025,24,UNKNOWN,Street,2.3071316870876264,False,MANHATTAN,"(40.8022644, -73.9700457)",trafficstat,False,False,False,False,False,False,False,False,False,,,,,,,
2026-07-17,00:00,40.8022644,-73.9700457,RIVERSIDE DR,10025,24,OTHER,Street,2.3071316870876264,False,MANHATTAN,"(40.8022644, -73.9700457)",trafficstat,False,False,False,False,False,False,False,False,False,,,,,,,
2026-07-29,00:00,40.80117,-73.96146,COLUMBUS AVE,10025,24,UNKNOWN,Street,1.4541260393564588,False,MANHATTAN,"(40.80117, -73.96146)",trafficstat,True,False,False,True,False,False,False,False,False,,,,,,,
2026-07-29,00:00,40.799706,-73.971924,RIVERSIDE DR,10025,24,UNKNOWN,Street,1.8915775959736718,False,MANHATTAN,"(40.799706, -73.971924)",trafficstat,True,False,True,False,False,False,False,False,False,,,,,,,
2026-07-28,00:00,40.7965966,-73.9703697,W  99 ST,10025,24,UNKNOWN,Street,2.7086817513256074,False,MANHATTAN,"(40.7965966, -73.9703697)",trafficstat,False,False,False,False,False,False,False,False,False,,,,,,,
2026-07-28,00:00,40.7859741,-73.9688505,CENTRAL PARK W,10024,24,UNKNOWN,Street,1.696003021451419,False,MANHATTAN,"(40.7859741, -73.9688505)",trafficstat,False,False,False,False,False,False,False,False,False,,,,,,,
2026-07-28,00:00,40.8005843,-73.9600668,MANHATTAN AVE,10025,24,UNKNOWN,Street,1.6082148677395518,False,MANHATTAN,"(40.8005843, -73.9600668)",trafficstat,True,False,False,False,False,False,False,True,False,,,,,,,
2026-07-26,00:00,40.7877287,-73.9677767,CENTRAL PARK W,10024,24,UNKNOWN,Street,53.313179057990766,False,MANHATTAN,"(40.7877287, -73.9677767)",trafficstat,False,False,False,False,False,False,False,False,False,,,,,,,
2026-07-25,00:00,40.8031516,-73.9725499,HENRY HUDSON PKWY,10024,24,UNKNOWN,Highway,1.0086052019896365,False,MANHATTAN,"(40.8031516, -73.9725499)",trafficstat,True,False,False,False,False,False,False,False,True,,,,,,,
2026-07-24,00:00,40.79156,-73.968475,COLUMBUS AVE,10025,24,OTHER,Street,1.8156500043863666,False,MANHATTAN,"(40.79156, -73.968475)",trafficstat,False,False,False,False,False,False,False,False,False,,,,,,,
2026-07-24,00:00,40.7952524,-73.973209,W  END AVE,10025,24,UNKNOWN,Street,2.083782324783738,False,MANHATTAN,"(40.7952524, -73.973209)",trafficstat,False,False,False,False,False,False,False,False,False,,,,,,,
2026-06-24,00:00,40.7952524,-73.973209,W  END AVE,10025,24,UNKNOWN,Street,2.083782324783738,False,MANHATTAN,"(40.7952524, -73.973209)",trafficstat,False,False,False,False,False,False,False,False,False,,,,,,,
2026-07-23,00:00,40.7916627,-73.9646839,CENTRAL PARK W,10025,24,UNKNOWN,Street,2.3713942272968747,False,MANHATTAN,"(40.7916627, -73.9646839)",trafficstat,True,False,False,True,False,False,False,False,False,,,,,,,
2026-07-03,00:00,40.7916627,-73.9646839,CENTRAL PARK W,10025,24,UNKNOWN,Street,2.3713942272968747,False,MANHATTAN,"(40.7916627, -73.9646839)",trafficstat,True,False,False,True,False,False,False,False,False,,,,,,,
2026-07-23,00:00,40.7902945,-73.9693902,COLUMBUS AVE,10025,24,OTHER,Street,2.2050870563688725,False,MANHATTAN,"(40.7902945, -73.9693902)",trafficstat,True,False,True,False,False,False,False,False,False,,,,,,,
2026-07-23,00:00,40.7901454,-73.9673755,W  93 ST,10025,24,OTHER,Street,45.27025319684362,False,MANHATTAN,"(40.7901454, -73.9673755)",trafficstat,False,False,False,False,False,False,False,False,False,,,,,,,
2026-07-23,00:00,40.7991021,-73.968541,W  103 ST,10025,24,OTHER,Street,2.6427367262359196,False,MANHATTAN,"(40.7991021, -73.968541)",trafficstat,True,False,False,True,False,False,False,False,False,,,,,,,
2026-07-06,00:00,40.7991021,-73.968541,W  103 ST,10025,24,UNKNOWN,Street,2.6427367262359196,False,MANHATTAN,"(40.7991021, -73.968541)",trafficstat,True,False,True,False,False,False,False,False,False,,,,,,,
2026-07-22,00:00,40.79553,-73.97593,RIVERSIDE DR,10025,24,UNKNOWN,Street,0.4219729084669329,False,MANHATTAN,"(40.79553, -73.97593)",trafficstat,True,False,False,False,True,False,False,False,False,,,,,,,
2026-07-22,00:00,40.79286,-73.96753,COLUMBUS AVE,10025,24,UNKNOWN,Street,1.4964359657787454,False,MANHATTAN,"(40.79286, -73.96753)",trafficstat,False,False,False,False,False,False,False,False,False,,,,,,,
2026-07-20,00:00,40.7865943,-73.9683844,CENTRAL PARK W,10024,24,UNKNOWN,Street,2.145500047012852,False,MANHATTAN,"(40.7865943, -73.9683844)",trafficstat,False,False,False,False,False,False,False,False,False,,,,,,,
2026-07-18,00:00,40.7887822,-73.9700919,W  90 ST,10024,24,UNKNOWN,Street,61.14404176318758,False,MANHATTAN,"(40.7887822, -73.9700919)",trafficstat,False,False,False,False,False,False,False,False,False,,,,,,,
2026-07-17,00:00,40.790245,-73.973145,W  90 ST,10024,24,OTHER,Street,1.5131852409699238,False,MANHATTAN,"(40.790245, -73.973145)",trafficstat,False,False,False,False,False,False,False,False,False,,,,,,,
2026-07-11,00:00,40.790245,-73.973145,W  90 ST,10024,24,UNKNOWN,Street,1.5131852409699238,False,MANHATTAN,"(40.790245, -73.973145)",trafficstat,False,False,False,False,False,False,False,False,False,,,,,,,
2026-07-14,00:00,40.7906337,-73.9796637,W  87 ST,10024,24,UNKNOWN,Street,30.496862882246177,False,MANHATTAN,"(40.7906337, -73.9796637)",trafficstat,True,False,False,False,True,False,False,False,False,,,,,,,
2026-07-08,00:00,40.7917166,-73.9729874,W  92 ST,10025,24,UNKNOWN,Street,34.11708658410009,False,MANHATTAN,"(40.7917166, -73.9729874)",trafficstat,True,False,False,False,True,False,False,False,False,,,,,,,
2026-07-08,00:00,40.7987177,-73.959537,CENTRAL PARK W,10025,24,UNKNOWN,Street,1.811143085727398,False,MANHATTAN,"(40.7987177, -73.959537)",trafficstat,False,False,False,False,False,False,False,False,False,,,,,,,
2026-07-08,00:00,40.8038076,-73.9688083,RIVERSIDE DR,10025,24,UNKNOWN,Street,31.897382759676706,False,MANHATTAN,"(40.8038076, -73.9688083)",trafficstat,False,False,False,False,False,False,False,False,False,,,,,,,