crash_date,crash_time,latitude,longitude,on_street_name,zip_code,precinct,collision_type,roadway_type,geocode_dist_feet,time_is_known,borough,location,source,injury,fatality,injured_pedestrian,injured_cyclist,injured_ebike_rider,injured_motorcyclist,injured_moped_rider,injured_car_occupant,injured_suv_occupant,number_of_persons_injured,number_of_persons_killed,contributing_factor_vehicle_1,collision_id,cross_street_name,off_street_name,vehicle_type_code1
2026-08-14,00:00,40.8026452,-73.9303134,RFK BRIDGE ET HARLEM RVR DRV NB,10035,25,UNKNOWN,Ramp,8.884554769640468,False,MANHATTAN,"(40.8026452, -73.9303134)",trafficstat,False,False,False,False,False,False,False,False,False,,,,,,,
2026-08-14,00:00,40.8025616,-73.9429916,MADISON AVE,10035,25,UNKNOWN,Street,2.0866201666149093,False,MANHATTAN,"(40.8025616, -73.9429916)",trafficstat,True,False,True,False,False,False,False,False,False,,,,,,,
2026-07-24,00:00,40.8025616,-73.9429916,MADISON AVE,10035,25,UNKNOWN,Street,2.0866201666149093,False,MANHATTAN,"(40.8025616, -73.9429916)",trafficstat,False,False,False,False,False,False,False,False,False,,,,,,,
2026-06-12,00:00,40.8025616,-73.9429916,MADISON AVE,10035,25,OTHER,Street,2.0866201666149093,False,MANHATTAN,"(40.8025616, -73.9429916)",trafficstat,True,False,True,False,False,False,False,False,False,,,,,,,
2026-08-12,00:00,40.80098,-73.93178,1 AVE,10035,25,UNKNOWN,Street,0.07111826642847331,False,MANHATTAN,"(40.80098, -73.93178)",trafficstat,False,False,False,False,False,False,False,False,False,,,,,,,
2026-08-07,00:00,40.80098,-73.93178,1 AVE,10035,25,OTHER,Street,0.07111826642847331,False,MANHATTAN,"(40.80098, -73.93178)",trafficstat,True,False,False,False,True,False,False,False,False,,,,,,,
2026-08-11,00:00,40.7978943,-73.9373485,2 AVE,10035,25,UNKNOWN,Street,52.75681510919556,False,MANHATTAN,"(40.7978943, -73.9373485)",trafficstat,False,False,False,False,False,False,False,False,False,,,,,,,
2026-08-11,00:00,40.8092609,-73.9356621,PARK AVE,10037,25,UNKNOWN,Street,43.65614821512476,False,MANHATTAN,"(40.8092609, -73.9356621)",trafficstat,False,False,False,False,False,False,False,False,False,,,,,,,
2026-08-10,00:00,40.7979445,-73.9421215,LEXINGTON AVE,10029,25,OTHER,Street,1.30874997429113,False,MANHATTAN,"(40.7979445, -73.9421215)",trafficstat,True,False,True,False,False,False,False,False,False,,,,,,,
2026-08-10,00:00,40.812739,-73.9376182,5 AVE,10037,25,UNKNOWN,Street,1.823900067958283,False,MANHATTAN,"(40.812739, -73.9376182)",trafficstat,False,False,False,False,False,False,False,False,False,,,,,,,
2026-08-09,00:00,40.8007924,-73.9410199,E  119 ST,10035,25,UNKNOWN,Street,36.778264244518695,False,MANHATTAN,"(40.8007924, -73.9410199)",trafficstat,False,False,False,False,False,False,False,False,False,,,,,,,
2026-08-04,00:00,40.8007924,-73.9410199,E  119 ST,10035,25,UNKNOWN,Street,36.778264244518695,False,MANHATTAN,"(40.8007924, -73.9410199)",trafficstat,False,False,False,False,False,False,False,False,False,,,,,,,
2026-08-08,00:00,40.80498,-73.931984,2 AVE,10035,25,UNKNOWN,Street,3.258336430459437,False,MANHATTAN,"(40.80498, -73.931984)",trafficstat,False,False,False,False,False,False,False,False,False,,,,,,,
2026-08-08,00:00,40.8021069,-73.9358223,E  123 ST,10035,25,OTHER,Street,32.71574793655461,False,MANHATTAN,"(40.8021069, -73.9358223)",trafficstat,False,False,False,False,False,False,False,False,False,,,,,,,
2026-08-08,00:00,40.802876,-73.9426963,MADISON AVE,10035,25,UNKNOWN,Street,22.63806054376167,False,MANHATTAN,"(40.802876, -73.9426963)",trafficstat,False,False,False,False,False,False,False,False,False,,,,,,,
2026-08-07,00:00,40.7986222,-73.9416189,LEXINGTON AVE,10029,25,UNKNOWN,Street,2.115435352249303,False,MANHATTAN,"(40.7986222, -73.9416189)",trafficstat,True,False,False,True,False,False,False,False,False,,,,,,,
2026-08-07,00:00,40.7985507,-73.9330652,E  120 ST,10035,25,UNKNOWN,Street,47.48745811893503,False,MANHATTAN,"(40.7985507, -73.9330652)",trafficstat,False,False,False,False,False,False,False,False,False,,,,,,,
2026-08-07,00:00,40.7981104,-73.9380405,E  117 ST,10035,25,UNKNOWN,Street,32.717053769655905,False,MANHATTAN,"(40.7981104, -73.9380405)",trafficstat,False,False,False,False,False,False,False,False,False,,,,,,,
2026-08-06,00:00,40.7992549,-73.9390503,3 AVE,10035,25,UNKNOWN,Street,1.9100609492631293,False,MANHATTAN,"(40.7992549, -73.9390503)",trafficstat,True,False,True,False,False,False,False,False,False,,,,,,,
2026-07-01,00:00,40.7992549,-73.9390503,3 AVE,10035,25,UNKNOWN,Street,1.9100609492631293,False,MANHATTAN,"(40.7992549, -73.9390503)",trafficstat,True,False,True,False,False,False,False,False,False,,,,,,,
2026-06-17,00:00,40.7992549,-73.9390503,3 AVE,10035,25,OTHER,Street,1.9100609492631293,False,MANHATTAN,"(40.7992549, -73.9390503)",trafficstat,True,False,False,True,False,False,False,True,False,,,,,,,
2026-08-06,00:00,40.7963582,-73.9322016,PLEASANT AVE,10035,25,OTHER,Street,1.76833026813142,False,MANHATTAN,"(40.7963582, -73.9322016)",trafficstat,True,False,True,False,False,False,False,False,False,,,,,,,
2026-08-05,00:00,40.7979319,-73.9339915,1 AVE,10035,25,UNKNOWN,Street,1.5307403067538987,False,MANHATTAN,"(40.7979319, -73.9339915)",trafficstat,True,False,False,False,True,False,False,False,False,,,,,,,
2026-08-01,00:00,40.7979319,-73.9339915,1 AVE,10035,25,UNKNOWN,Street,1.5307403067538987,False,MANHATTAN,"(40.7979319, -73.9339915)",trafficstat,True,False,False,True,False,False,False,False,False,,,,,,,
2026-07-28,00:00,40.7979319,-73.9339915,1 AVE,10035,25,UNKNOWN,Street,1.5307403067538987,False,MANHATTAN,"(40.7979319, -73.9339915)",trafficstat,True,False,False,False,False,False,False,False,False,,,,,,,
2026-08-05,00:00,40.8041363,-73.9344616,E  126 ST,10035,25,OTHER,Street,38.940774150749625,False,MANHATTAN,"(40.8041363, -73.9344616)",trafficstat,False,False,False,False,False,False,False,False,False,,,,,,,
2026-08-04,00:00,40.7995771,-73.9358969,2 AVE,10035,25,UNKNOWN,Street,1.5719573031294602,False,MANHATTAN,"(40.7995771, -73.9358969)",trafficstat,True,False,False,True,False,False,False,False,False,,,,,,,
2026-08-03,00:00,40.8027514,-73.9335749,2 AVE,10035,25,OTHER,Street,2.349126459302344,False,MANHATTAN,"(40.8027514, -73.9335749)",trafficstat,True,False,False,False,False,False,False,True,False,,,,,,,
2026-07-19,00:00,40.8027514,-73.9335749,2 AVE,10035,25,UNKNOWN,Street,2.349126459302344,False,MANHATTAN,"(40.8027514, -73.9335749)",trafficstat,True,False,True,False,False,False,False,False,False,,,,,,,
2026-07-10,00:00,40.8027514,-73.9335749,2 AVE,10035,25,UNKNOWN,Street,2.349126459302344,False,MANHATTAN,"(40.8027514, -73.9335749)",trafficstat,True,False,True,False,False,False,False,False,False,,,,,,,
2026-06-15,00:00,40.8027514,-73.9335749,2 AVE,10035,25,UNKNOWN,Street,2.349126459302344,False,MANHATTAN,"(40.8027514, -73.9335749)",trafficstat,True,False,False,False,False,True,False,False,False,,,,,,,
2026-08-03,00:00,40.8033637,-73.9292196,WILLIS AVE  BRIDGE,10035,25,UNKNOWN,Bridge,2.2366644838256766,False,MANHATTAN,"(40.8033637, -73.9292196)",trafficstat,False,False,False,False,False,False,False,False,False,,,,,,,
2026-08-02,00:00,40.7992213,-73.9304637,PALADINO AVE,10035,25,UNKNOWN,Street,119.08133594932126,False,MANHATTAN,"(40.7992213, -73.9304637)",trafficstat,False,False,False,False,False,False,False,False,False,,,,,,,
2026-08-02,00:00,40.7946894,-73.9318628,E  116 ST,10029,25,UNKNOWN,Street,55.79390304874782,False,MANHATTAN,"(40.7946894, -73.9318628)",trafficstat,False,False,False,False,False,False,False,False,False,,,,,,,
2026-08-01,00:00,40.8043757,-73.9374202,LEXINGTON AVE,10035,25,UNKNOWN,Street,1.1899196250507436,False,MANHATTAN,"(40.8043757, -73.9374202)",trafficstat,False,False,False,False,False,False,False,False,False,,,,,,,
2026-07-14,00:00,40.8043757,-73.9374202,LEXINGTON AVE,10035,25,UNKNOWN,Street,1.1899196250507436,False,MANHATTAN,"(40.8043757, -73.9374202)",trafficstat,False,False,False,False,False,False,False,False,False,,,,,,,
2026-07-31,00:00,40.8009923,-73.9292582,ROBERT F KENNEDY BRG,10035,25,UNKNOWN,Bridge,1.6225781987056815,False,MANHATTAN,"(40.8009923, -73.9292582)",trafficstat,False,False,False,False,False,False,False,False,False,,,,,,,
2026-07-26,00:00,40.8009923,-73.9292582,ROBERT F KENNEDY BRG,10035,25,UNKNOWN,Bridge,1.6225781987056815,False,MANHATTAN,"(40.8009923, -73.9292582)",trafficstat,False,False,False,False,False,False,False,False,False,,,,,,,
2026-07-31,00:00,40.7973742,-73.9329473,E  119 ST,10035,25,UNKNOWN,Street,40.61710780312056,False,MANHATTAN,"(40.7973742, -73.9329473)",trafficstat,False,False,False,False,False,False,False,False,False,,,,,,,
2026-07-31,00:00,40.7983068,-73.9368227,2 AVE,10035,25,UNKNOWN,Street,1.5308296021898153,False,MANHATTAN,"(40.7983068, -73.9368227)",trafficstat,False,False,False,False,False,False,False,False,False,,,,,,,
2026-07-28,00:00,40.7983068,-73.9368227,2 AVE,10035,25,OTHER,Street,1.5308296021898153,False,MANHATTAN,"(40.7983068, -73.9368227)",trafficstat,True,False,False,False,False,False,False,True,False,,,,,,,
2026-07-22,00:00,40.7983068,-73.9368227,2 AVE,10035,25,UNKNOWN,Street,1.5308296021898153,False,MANHATTAN,"(40.7983068, -73.9368227)",trafficstat,True,False,True,False,False,False,False,False,False,,,,,,,
2026-07-30,00:00,40.7960334,-73.9234522,,,25,OTHER,,376.4589422994705,False,MANHATTAN,"(40.7960334, -73.9234522)",trafficstat,False,False,False,False,False,False,False,False,False,,,,,,,
2026-07-30,00:00,40.7960059,-73.9354091,E  116 ST,10029,25,UNKNOWN,Street,2.0934889459440464,False,MANHATTAN,"(40.7960059, -73.9354091)",trafficstat,True,False,False,True,False,False,False,False,False,,,,,,,
2026-07-08,00:00,40.7960059,-73.9354091,E  116 ST,10029,25,UNKNOWN,Street,2.0934889459440464,False,MANHATTAN,"(40.7960059, -73.9354091)",trafficstat,False,False,False,False,False,False,False,False,False,,,,,,,
2026-07-30,00:00,40.798236,-73.9359437,E  118 ST,10035,25,UNKNOWN,Street,92.71113224481815,False,MANHATTAN,"(40.798236, -73.9359437)",trafficstat,True,False,False,False,False,False,False,True,False,,,,,,,
2026-07-29,00:00,40.8006639,-73.9464607,5 AVE,10026,25,OTHER,Street,2.1711159310119097,False,MANHATTAN,"(40.8006639, -73.9464607)",trafficstat,True,False,True,False,False,False,False,False,False,,,,,,,
2026-07-29,00:00,40.809034,-73.9380609,MADISON AVE,10037,25,OTHER,Street,45.46757018865007,False,MANHATTAN,"(40.809034, -73.9380609)",trafficstat,False,False,False,False,False,False,False,False,False,,,,,,,
2026-07-29,00:00,40.8113413,-73.9353775,PARK AVE,10037,25,OTHER,Street,108.73864361382952,False,MANHATTAN,"(40.8113413, -73.9353775)",trafficstat,False,False,False,False,False,False,False,False,False,,,,,,,
2026-07-28,00:00,40.7982416,-73.9340243,1 AVE,10035,25,OTHER,Street,60.430545055931425,False,MANHATTAN,"(40.7982416, -73.9340243)",trafficstat,True,False,False,False,False,False,False,True,False,,,,,,,
2026-07-28,00:00,40.7989008,-73.9418777,E  116 ST,10029,25,UNKNOWN,Street,50.98909791978305,False,MANHATTAN,"(40.7989008, -73.9418777)",trafficstat,False,False,False,False,False,False,False,False,False,,,,,,,
2026-07-28,00:00,40.7972213,-73.9386984,E  116 ST,10029,25,UNKNOWN,Street,56.46636312792745,False,MANHATTAN,"(40.7972213, -73.9386984)",trafficstat,False,False,False,False,False,False,False,False,False,,,,,,,
2026-07-27,00:00,40.7964872,-73.9308198,E  119 ST,10035,25,UNKNOWN,Street,37.47008695176778,False,MANHATTAN,"(40.7964872, -73.9308198)",trafficstat,False,False,False,False,False,False,False,False,False,,,,,,,
2026-07-27,00:00,40.7987875,-73.9376928,E  118 ST,10035,25,UNKNOWN,Street,32.2701136423247,False,MANHATTAN,"(40.7987875, -73.9376928)",trafficstat,False,False,False,False,False,False,False,False,False,,,,,,,
2026-07-27,00:00,40.8046994,-73.9321967,2 AVE,10035,25,OTHER,Street,1.5060568472860065,False,MANHATTAN,"(40.8046994, -73.9321967)",trafficstat,False,False,False,False,False,False,False,False,False,,,,,,,
2026-07-06,00:00,40.8046994,-73.9321967,2 AVE,10035,25,OTHER,Street,1.5060568472860065,False,MANHATTAN,"(40.8046994, -73.9321967)",trafficstat,False,False,False,False,False,False,False,False,False,,,,,,,
2026-06-23,00:00,40.8046994,-73.9321967,2 AVE,10035,25,UNKNOWN,Street,1.5060568472860065,False,MANHATTAN,"(40.8046994, -73.9321967)",trafficstat,True,False,False,False,False,False,False,True,False,,,,,,,
2026-06-16,00:00,40.8046994,-73.9321967,2 AVE,10035,25,UNKNOWN,Street,1.5060568472860065,False,MANHATTAN,"(40.8046994, -73.9321967)",trafficstat,False,False,False,False,False,False,False,False,False,,,,,,,
2026-07-25,00:00,40.8000735,-73.9454552,E  116 ST,10029,25,OTHER,Street,56.1583684936328,False,MANHATTAN,"(40.8000735, -73.9454552)",trafficstat,False,False,False,False,False,False,False,False,False,,,,,,,
2026-07-24,00:00,40.7967462,-73.9292483,FRANKLIN D ROOSEVELT DR,10035,25,UNKNOWN,Highway,1.4162260525616166,False,MANHATTAN,"(40.7967462, -73.9292483)",trafficstat,True,False,False,False,False,False,False,True,False,,,,,,,
2026-07-22,00:00,40.7967462,-73.9292483,FRANKLIN D ROOSEVELT DR,10035,25,UNKNOWN,Highway,1.4162260525616166,False,MANHATTAN,"(40.7967462, -73.9292483)",trafficstat,False,False,False,False,False,False,False,False,False,,,,,,,
2026-07-21,00:00,40.7967462,-73.9292483,FRANKLIN D ROOSEVELT DR,10035,25,OTHER,Highway,1.4162260525616166,False,MANHATTAN,"(40.7967462, -73.9292483)",trafficstat,True,False,False,False,False,True,False,False,False,,,,,,,
2026-07-16,00:00,40.7967462,-73.9292483,FRANKLIN D ROOSEVELT DR,10035,25,UNKNOWN,Highway,1.4162260525616166,False,MANHATTAN,"(40.7967462, -73.9292483)",trafficstat,False,False,False,False,False,False,False,False,False,,,,,,,
2026-06-27,00:00,40.7967462,-73.9292483,FRANKLIN D ROOSEVELT DR,10035,25,UNKNOWN,Highway,1.4162260525616166,False,MANHATTAN,"(40.7967462, -73.9292483)",trafficstat,False,False,False,False,False,False,False,False,False,,,,,,,
2026-06-19,00:00,40.7967462,-73.9292483,FRANKLIN D ROOSEVELT DR,10035,25,UNKNOWN,Highway,1.4162260525616166,False,MANHATTAN,"(40.7967462, -73.9292483)",trafficstat,False,False,False,False,False,False,False,False,False,,,,,,,
2026-07-24,00:00,40.8064148,-73.9422623,5 AVE,10035,25,OTHER,Street,2.13367871078133,False,MANHATTAN,"(40.8064148, -73.9422623)",trafficstat,True,False,True,False,False,False,False,False,False,,,,,,,
2026-07-04,00:00,40.8064148,-73.9422623,5 AVE,10035,25,OTHER,Street,2.13367871078133,False,MANHATTAN,"(40.8064148, -73.9422623)",trafficstat,False,False,False,False,False,False,False,False,False,,,,,,,
2026-07-23,00:00,40.8057295,-73.9385423,E  126 ST,10035,25,UNKNOWN,Street,2.2775119862922155,False,MANHATTAN,"(40.8057295, -73.9385423)",trafficstat,True,False,True,False,False,False,False,False,False,,,,,,,
2026-06-25,00:00,40.8057295,-73.9385423,E  126 ST,10035,25,UNKNOWN,Street,2.2775119862922155,False,MANHATTAN,"(40.8057295, -73.9385423)",trafficstat,True,False,False,False,False,False,False,False,False,,,,,,,
2026-07-23,00:00,40.7970374,-73.9298208,E  120 ST,10035,25,OTHER,Street,2.4847309572415766,False,MANHATTAN,"(40.7970374, -73.9298208)",trafficstat,True,False,False,False,False,False,False,False,True,,,,,,,
2026-07-23,00:00,40.8003146,-73.9402076,LEXINGTON AVE,10035,25,UNKNOWN,Street,44.38495955534537,False,MANHATTAN,"(40.8003146, -73.9402076)",trafficstat,False,False,False,False,False,False,False,False,False,,,,,,,
2026-07-22,00:00,40.8005565,-73.9402049,LEXINGTON AVE,10035,25,UNKNOWN,Street,2.1717005623870382,False,MANHATTAN,"(40.8005565, -73.9402049)",trafficstat,False,False,False,False,False,False,False,False,False,,,,,,,
2026-07-21,00:00,40.8012353,-73.9418153,E  119 ST,10035,25,UNKNOWN,Street,2.9514991576135556,False,MANHATTAN,"(40.8012353, -73.9418153)",trafficstat,False,False,False,False,False,False,False,False,False,,,,,,,
2026-07-21,00:00,40.8050452,-73.9369283,LEXINGTON AVE,10035,25,UNKNOWN,Street,1.8510784367606836,False,MANHATTAN,"(40.8050452, -73.9369283)",trafficstat,False,False,False,False,False,False,False,False,False,,,,,,,
2026-07-21,00:00,40.8010963,-73.9330888,E  124 ST,10035,25,UNKNOWN,Street,145.12721249572894,False,MANHATTAN,"(40.8010963, -73.9330888)",trafficstat,False,False,False,False,False,False,False,False,False,,,,,,,
2026-07-21,00:00,40.7979933,-73.9324644,E  120 ST,10035,25,UNKNOWN,Street,51.18625796626136,False,MANHATTAN,"(40.7979933, -73.9324644)",trafficstat,False,False,False,False,False,False,False,False,False,,,,,,,
2026-07-20,00:00,40.803754,-73.9399817,E  123 ST,10035,25,UNKNOWN,Street,1.9589169830173636,False,MANHATTAN,"(40.803754, -73.9399817)",trafficstat,False,False,False,False,False,False,False,False,False,,,,,,,
2026-07-18,00:00,40.7995655,-73.9381149,E  119 ST,10035,25,UNKNOWN,Street,41.93890792378326,False,MANHATTAN,"(40.7995655, -73.9381149)",trafficstat,False,False,False,False,False,False,False,False,False,,,,,,,
2026-07-18,00:00,40.7970275,-73.9382439,E  116 ST,10029,25,UNKNOWN,Street,57.3993237274118,False,MANHATTAN,"(40.7970275, -73.9382439)",trafficstat,True,False,False,True,False,False,False,False,False,,,,,,,
2026-07-15,00:00,40.7986266,-73.9395204,3 AVE,10035,25,OTHER,Street,1.8162827806018884,False,MANHATTAN,"(40.7986266, -73.9395204)",trafficstat,False,False,False,False,False,False,False,False,False,,,,,,,
2026-07-13,00:00,40.7986266,-73.9395204,3 AVE,10035,25,UNKNOWN,Street,1.8162827806018884,False,MANHATTAN,"(40.7986266, -73.9395204)",trafficstat,False,False,False,False,False,False,False,False,False,,,,,,,
2026-07-15,00:00,40.8068388,-73.9343164,3 AVE  BRIDGE,10035,25,UNKNOWN,Bridge,18.950568452514275,False,MANHATTAN,"(40.8068388, -73.9343164)",trafficstat,False,False,False,False,False,False,False,False,False,,,,,,,
2026-06-16,00:00,40.8068388,-73.9343164,3 AVE  BRIDGE,10035,25,UNKNOWN,Bridge,18.950568452514275,False,MANHATTAN,"(40.8068388, -73.9343164)",trafficstat,True,False,False,False,False,False,False,True,False,,,,,,,
2026-07-14,00:00,40.8089437,-73.9402135,E  129 ST,10035,25,UNKNOWN,Street,18.430741431877156,False,MANHATTAN,"(40.8089437, -73.9402135)",trafficstat,False,False,False,False,False,False,False,False,False,,,,,,,
2026-07-13,00:00,40.8044652,-73.9380362,E  125 ST,10035,25,UNKNOWN,Street,56.445359298231615,False,MANHATTAN,"(40.8044652, -73.9380362)",trafficstat,False,False,False,False,False,False,False,False,False,,,,,,,
2026-06-23,00:00,40.8044652,-73.9380362,E  125 ST,10035,25,UNKNOWN,Street,56.445359298231615,False,MANHATTAN,"(40.8044652, -73.9380362)",trafficstat,True,False,True,False,False,False,False,False,False,,,,,,,
2026-07-13,00:00,40.7891393,-73.9298302,RIVERS EDGE RD,10035,25,OTHER,Street,139.99792464506876,False,MANHATTAN,"(40.7891393, -73.9298302)",trafficstat,False,False,False,False,False,False,False,False,False,,,,,,,
2026-07-12,00:00,40.8059979,-73.937936,PARK AVE,10035,25,UNKNOWN,Street,57.12861130548014,False,MANHATTAN,"(40.8059979, -73.937936)",trafficstat,False,False,False,False,False,False,False,False,False,,,,,,,
2026-07-12,00:00,40.81201,-73.9352534,E  135 ST,10037,25,OTHER,Street,47.25015247758164,False,MANHATTAN,"(40.81201, -73.9352534)",trafficstat,False,False,False,False,False,False,False,False,False,,,,,,,
2026-07-09,00:00,40.798984,-73.9420752,E  116 ST,10029,25,UNKNOWN,Street,50.89114875558155,False,MANHATTAN,"(40.798984, -73.9420752)",trafficstat,False,False,False,False,False,False,False,False,False,,,,,,,
2026-07-08,00:00,40.7954707,-73.9317962,UNNAMED ST,10035,25,OTHER,Street,41.23651736448466,False,MANHATTAN,"(40.7954707, -73.9317962)",trafficstat,True,False,False,False,False,False,False,True,True,,,,,,,
2026-07-07,00:00,40.8095251,-73.9378813,MADISON AVE,10037,25,UNKNOWN,Street,1.451784993815035,False,MANHATTAN,"(40.8095251, -73.9378813)",trafficstat,True,False,True,False,False,False,False,False,False,,,,,,,
2026-07-07,00:00,40.8012912,-73.9438957,MADISON AVE,10035,25,UNKNOWN,Street,1.5440570290953646,False,MANHATTAN,"(40.8012912, -73.9438957)",trafficstat,False,False,False,False,False,False,False,False,False,,,,,,,
2026-07-07,00:00,40.8011326,-73.9298757,HARLEM RIVER DR,10035,25,OTHER,Highway,0.2700742563046373,False,MANHATTAN,"(40.8011326, -73.9298757)",trafficstat,True,False,False,False,False,False,False,True,False,,,,,,,
2026-06-19,00:00,40.8011326,-73.9298757,HARLEM RIVER DR,10035,25,UNKNOWN,Highway,0.2700742563046373,False,MANHATTAN,"(40.8011326, -73.9298757)",trafficstat,False,False,False,False,False,False,False,False,False,,,,,,,
2026-07-07,00:00,40.8156109,-73.9342969,HARLEM RIVER DR,10037,25,UNKNOWN,Highway,0.18458397199768892,False,MANHATTAN,"(40.8156109, -73.9342969)",trafficstat,True,False,False,False,False,False,False,True,False,,,,,,,
2026-07-06,00:00,40.8008645,-73.934949,2 AVE,10035,25,UNKNOWN,Street,2.7111550281621732,False,MANHATTAN,"(40.8008645, -73.934949)",trafficstat,False,False,False,False,False,False,False,False,False,,,,,,,
2026-07-06,00:00,40.7972603,-73.9405185,3 AVE,10029,25,UNKNOWN,Street,1.7914683274617857,False,MANHATTAN,"(40.7972603, -73.9405185)",trafficstat,True,False,False,True,False,False,False,False,False,,,,,,,
2026-07-06,00:00,40.7973647,-73.9377309,2 AVE,10035,25,UNKNOWN,Street,51.63960373044017,False,MANHATTAN,"(40.7973647, -73.9377309)",trafficstat,False,False,False,False,False,False,False,False,False,,,,,,,
2026-07-06,00:00,40.8006674,-73.940723,E  119 ST,10035,25,UNKNOWN,Street,36.72624161345934,False,MANHATTAN,"(40.8006674, -73.940723)",trafficstat,False,False,False,False,False,False,False,False,False,,,,,,,
2026-07-05,00:00,40.8009425,-73.9434433,E  118 ST,10035,25,UNKNOWN,Street,53.022945587216405,False,MANHATTAN,"(40.8009425, -73.9434433)",trafficstat,False,False,False,False,False,False,False,False,False,,,,,,,
2026-07-05,00:00,40.7992939,-73.935511,E  120 ST,10035,25,OTHER,Street,44.557555529569214,False,MANHATTAN,"(40.7992939, -73.935511)",trafficstat,False,False,False,False,False,False,False,False,False,,,,,,,
2026-07-05,00:00,40.811223,-73.9371437,MADISON AVE,10037,25,OTHER,Street,119.83717722405615,False,MANHATTAN,"(40.811223, -73.9371437)",trafficstat,True,False,True,False,False,False,False,False,False,,,,,,,
2026-07-05,00:00,40.8087959,-73.9386217,MADISON AVE,10035,25,UNKNOWN,Street,47.95637770684859,False,MANHATTAN,"(40.8087959, -73.9386217)",trafficstat,False,False,False,False,False,False,False,False,False,,,,,,,
2026-07-04,00:00,40.799931,-73.9406642,LEXINGTON AVE,10035,25,UNKNOWN,Street,1.9038062772744093,False,MANHATTAN,"(40.799931, -73.9406642)",trafficstat,True,False,False,False,True,False,False,False,False,,,,,,,
2026-07-03,00:00,40.7999237,-73.944293,E  116 ST,10029,25,UNKNOWN,Street,51.95426511155375,False,MANHATTAN,"(40.7999237, -73.944293)",trafficstat,False,False,False,False,False,False,False,False,False,,,,,,,
2026-07-03,00:00,40.8077126,-73.9413183,5 AVE,10035,25,UNKNOWN,Street,1.6860581316229932,False,MANHATTAN,"(40.8077126, -73.9413183)",trafficstat,True,False,True,False,False,False,False,False,False,,,,,,,
2026-06-18,00:00,40.8077126,-73.9413183,5 AVE,10035,25,UNKNOWN,Street,1.6860581316229932,False,MANHATTAN,"(40.8077126, -73.9413183)",trafficstat,True,False,False,True,False,False,False,False,False,,,,,,,
2026-07-02,00:00,40.8031954,-73.9425685,MADISON AVE,10035,25,OTHER,Street,1.1022269474990243,False,MANHATTAN,"(40.8031954, -73.9425685)",trafficstat,True,False,False,True,False,False,False,False,False,,,,,,,
2026-07-02,00:00,40.8005088,-73.9381462,3 AVE,10035,25,OTHER,Street,1.5087671564264509,False,MANHATTAN,"(40.8005088, -73.9381462)",trafficstat,True,False,False,False,False,False,False,True,False,,,,,,,
2026-07-02,00:00,40.7989351,-73.9363598,2 AVE,10035,25,UNKNOWN,Street,2.1708790623193637,False,MANHATTAN,"(40.7989351, -73.9363598)",trafficstat,True,False,False,False,False,False,False,False,True,,,,,,,
2026-06-19,00:00,40.7989351,-73.9363598,2 AVE,10035,25,UNKNOWN,Street,2.1708790623193637,False,MANHATTAN,"(40.7989351, -73.9363598)",trafficstat,True,False,False,False,False,False,False,True,False,,,,,,,
2026-07-02,00:00,40.7545917,-73.9781985,MADISON AVE,10017,25,UNKNOWN,Street,52.53091758645891,False,MANHATTAN,"(40.7545917, -73.9781985)",trafficstat,False,False,False,False,False,False,False,False,False,,,,,,,
2026-07-01,00:00,40.7966809,-73.9349137,1 AVE,10035,25,OTHER,Street,1.4646758490533225,False,MANHATTAN,"(40.7966809, -73.9349137)",trafficstat,True,False,False,False,False,True,False,False,False,,,,,,,
2026-07-01,00:00,40.80197,-73.9455097,5 AVE,10035,25,UNKNOWN,Street,1.5574881854091696,False,MANHATTAN,"(40.80197, -73.9455097)",trafficstat,False,False,False,False,False,False,False,False,False,,,,,,,
2026-07-01,00:00,40.8017537,-73.9312028,1 AVE,10035,25,UNKNOWN,Street,1.6238239670611503,False,MANHATTAN,"(40.8017537, -73.9312028)",trafficstat,True,False,False,False,False,False,False,False,True,,,,,,,
2026-06-21,00:00,40.8017537,-73.9312028,1 AVE,10035,25,UNKNOWN,Street,1.6238239670611503,False,MANHATTAN,"(40.8017537, -73.9312028)",trafficstat,True,False,False,False,True,False,False,False,False,,,,,,,
2026-06-30,00:00,40.8063523,-73.9331754,HARLEM RIVER DR,10035,25,UNKNOWN,Bridge,0.6805228497549269,False,MANHATTAN,"(40.8063523, -73.9331754)",trafficstat,False,False,False,False,False,False,False,False,False,,,,,,,
2026-06-29,00:00,40.7982105,-73.9382768,E  117 ST,10035,25,UNKNOWN,Street,32.801772863639876,False,MANHATTAN,"(40.7982105, -73.9382768)",trafficstat,False,False,False,False,False,False,False,False,False,,,,,,,
2026-06-28,00:00,40.7994516,-73.9228895,BRONX SHORE RD,10035,25,UNKNOWN,Street,111.00079760019563,False,MANHATTAN,"(40.7994516, -73.9228895)",trafficstat,False,False,False,False,False,False,False,False,False,,,,,,,
2026-06-28,00:00,40.8069163,-73.9355611,LEXINGTON AVE,10035,25,UNKNOWN,Street,2.15640690300253,False,MANHATTAN,"(40.8069163, -73.9355611)",trafficstat,False,False,False,False,False,False,False,False,False,,,,,,,