crash_date,crash_time,latitude,longitude,on_street_name,zip_code,precinct,collision_type,roadway_type,geocode_dist_feet,time_is_known,borough,location,source,injury,fatality,injured_pedestrian,injured_cyclist,injured_ebike_rider,injured_motorcyclist,injured_moped_rider,injured_car_occupant,injured_suv_occupant,number_of_persons_injured,number_of_persons_killed,contributing_factor_vehicle_1,collision_id,cross_street_name,off_street_name,vehicle_type_code1
2026-06-26,00:00,40.8101493,-73.9350248,HARLEM RIVER DR,10037,25,UNKNOWN,Highway,5.7305841412416685,False,MANHATTAN,"(40.8101493, -73.9350248)",trafficstat,False,False,False,False,False,False,False,False,False,,,,,,,
2026-06-21,00:00,40.7953935,-73.9299323,FRANKLIN D ROOSEVELT DR,10035,25,UNKNOWN,Highway,11.311054049941493,False,MANHATTAN,"(40.7953935, -73.9299323)",trafficstat,False,False,False,False,False,False,False,False,False,,,,,,,
2026-06-20,00:00,40.8026038,-73.9330611,E  125 ST,10035,25,UNKNOWN,Street,18.426138700400376,False,MANHATTAN,"(40.8026038, -73.9330611)",trafficstat,False,False,False,False,False,False,False,False,False,,,,,,,
2026-06-19,00:00,40.8056394,-73.934392,3 AVE,10035,25,UNKNOWN,Street,1.3068983105114915,False,MANHATTAN,"(40.8056394, -73.934392)",trafficstat,False,False,False,False,False,False,False,False,False,,,,,,,
2026-06-19,00:00,40.8000303,-73.9320816,1 AVE,10035,25,UNKNOWN,Street,94.80789000602773,False,MANHATTAN,"(40.8000303, -73.9320816)",trafficstat,False,False,False,False,False,False,False,False,False,,,,,,,
2026-06-19,00:00,40.7983057,-73.9390108,E  117 ST,10035,25,UNKNOWN,Street,35.630198786976315,False,MANHATTAN,"(40.7983057, -73.9390108)",trafficstat,False,False,False,False,False,False,False,False,False,,,,,,,
2026-06-18,00:00,40.8013416,-73.9459689,5 AVE,10035,25,UNKNOWN,Street,1.6668607231661583,False,MANHATTAN,"(40.8013416, -73.9459689)",trafficstat,True,False,False,True,False,False,False,False,False,,,,,,,
2026-06-18,00:00,40.7973693,-73.932364,E  119 ST,10035,25,UNKNOWN,Street,36.02651933658597,False,MANHATTAN,"(40.7973693, -73.932364)",trafficstat,False,False,False,False,False,False,False,False,False,,,,,,,
2026-06-18,00:00,40.7966866,-73.9332321,E  118 ST,10035,25,UNKNOWN,Street,36.73459806381927,False,MANHATTAN,"(40.7966866, -73.9332321)",trafficstat,False,False,False,False,False,False,False,False,False,,,,,,,
2026-06-17,00:00,40.8031677,-73.9349448,E  125 ST,10035,25,UNKNOWN,Street,54.50184887355128,False,MANHATTAN,"(40.8031677, -73.9349448)",trafficstat,True,False,False,False,False,False,False,True,False,,,,,,,
2026-06-16,00:00,40.8064083,-73.9401563,MADISON AVE,10035,25,UNKNOWN,Street,2.300239842494898,False,MANHATTAN,"(40.8064083, -73.9401563)",trafficstat,True,False,False,True,False,False,False,False,False,,,,,,,
2026-06-15,00:00,40.8032497,-73.9337796,E  125 ST,10035,25,UNKNOWN,Street,128.54415628610155,False,MANHATTAN,"(40.8032497, -73.9337796)",trafficstat,False,False,False,False,False,False,False,False,False,,,,,,,
2026-06-15,00:00,40.8078621,-73.9356048,E  130 ST,10037,25,UNKNOWN,Street,32.850845063373676,False,MANHATTAN,"(40.8078621, -73.9356048)",trafficstat,False,False,False,False,False,False,False,False,False,,,,,,,
2026-06-14,00:00,40.8089756,-73.938796,E  130 ST,10037,25,UNKNOWN,Street,41.0267446415482,False,MANHATTAN,"(40.8089756, -73.938796)",trafficstat,False,False,False,False,False,False,False,False,False,,,,,,,
2026-06-13,00:00,40.8040073,-73.9314115,HARLEM RIVER DRV NB EN E 126 ST,10035,25,UNKNOWN,Ramp,0.815782293746229,False,MANHATTAN,"(40.8040073, -73.9314115)",trafficstat,False,False,False,False,False,False,False,False,False,,,,,,,
2026-06-13,00:00,40.8031258,-73.9326309,E  126 ST,10035,25,UNKNOWN,Street,36.707375902616825,False,MANHATTAN,"(40.8031258, -73.9326309)",trafficstat,False,False,False,False,False,False,False,False,False,,,,,,,
2026-06-13,00:00,40.8026715,-73.9376848,E  123 ST,10035,25,UNKNOWN,Street,37.67985700082147,False,MANHATTAN,"(40.8026715, -73.9376848)",trafficstat,False,False,False,False,False,False,False,False,False,,,,,,,
2026-06-13,00:00,40.7974639,-73.9341237,1 AVE,10035,25,UNKNOWN,Street,54.02297091320024,False,MANHATTAN,"(40.7974639, -73.9341237)",trafficstat,False,False,False,False,False,False,False,False,False,,,,,,,
2026-06-13,00:00,40.80066,-73.92949,HARLEM RIVER DRIVE EXIT 18 NB,10035,25,OTHER,Ramp,4.621814804782275,False,MANHATTAN,"(40.80066, -73.92949)",trafficstat,False,False,False,False,False,False,False,False,False,,,,,,,
2026-06-13,00:00,40.8027142,-73.9388116,LEXINGTON AVE,10035,25,UNKNOWN,Street,41.68782173115737,False,MANHATTAN,"(40.8027142, -73.9388116)",trafficstat,False,False,False,False,False,False,False,False,False,,,,,,,
2026-06-12,00:00,40.7995293,-73.9354534,E  120 ST,10035,25,UNKNOWN,Street,13.065207582771844,False,MANHATTAN,"(40.7995293, -73.9354534)",trafficstat,True,False,False,False,False,False,False,True,False,,,,,,,
2026-06-12,00:00,40.796112,-73.9338189,E  117 ST,10035,25,UNKNOWN,Street,36.796051541559336,False,MANHATTAN,"(40.796112, -73.9338189)",trafficstat,False,False,False,False,False,False,False,False,False,,,,,,,
2026-09-12,00:00,40.8109929,-73.9542878,HANCOCK PL,10027,26,UNKNOWN,Street,1.161759717545192,False,MANHATTAN,"(40.8109929, -73.9542878)",trafficstat,True,False,True,False,False,False,False,False,False,,,,,,,
2026-09-12,00:00,40.8119111,-73.9662497,HENRY HUDSON PKWY,10027,26,UNKNOWN,Highway,6.911256935188134,False,MANHATTAN,"(40.8119111, -73.9662497)",trafficstat,True,False,False,False,False,True,False,False,False,,,,,,,
2026-09-12,00:00,40.8096304,-73.9535484,MANHATTAN AVE,10027,26,OTHER,Street,19.12998032110307,False,MANHATTAN,"(40.8096304, -73.9535484)",trafficstat,False,False,False,False,False,False,False,False,False,,,,,,,
2026-09-10,00:00,40.8107644,-73.9525901,ST NICHOLAS AVE,10027,26,UNKNOWN,Street,2.2111822092756195,False,MANHATTAN,"(40.8107644, -73.9525901)",trafficstat,False,False,False,False,False,False,False,False,False,,,,,,,
2026-09-10,00:00,40.8137555,-73.9535845,W  128 ST,10027,26,UNKNOWN,Street,18.439823412613666,False,MANHATTAN,"(40.8137555, -73.9535845)",trafficstat,False,False,False,False,False,False,False,False,False,,,,,,,
2026-09-09,00:00,40.8129359,-73.9556546,W  125 ST,10027,26,UNKNOWN,Street,50.306695351069976,False,MANHATTAN,"(40.8129359, -73.9556546)",trafficstat,False,False,False,False,False,False,False,False,False,,,,,,,
2026-09-08,00:00,40.8113689,-73.9540094,MORNINGSIDE AVE,10027,26,UNKNOWN,Street,2.3041127843447766,False,MANHATTAN,"(40.8113689, -73.9540094)",trafficstat,True,False,True,False,False,False,False,False,False,,,,,,,
2026-09-06,00:00,40.8151553,-73.957829,W  125 ST,10027,26,UNKNOWN,Street,1.7001127928869368,False,MANHATTAN,"(40.8151553, -73.957829)",trafficstat,True,False,True,False,False,False,False,False,False,,,,,,,
2026-09-01,00:00,40.8151553,-73.957829,W  125 ST,10027,26,UNKNOWN,Street,1.7001127928869368,False,MANHATTAN,"(40.8151553, -73.957829)",trafficstat,True,False,False,False,True,False,False,False,False,,,,,,,
2026-09-04,00:00,40.8068446,-73.9671394,RIVERSIDE DR,10025,26,UNKNOWN,Street,0.5854370415893098,False,MANHATTAN,"(40.8068446, -73.9671394)",trafficstat,True,False,False,False,True,False,False,False,False,,,,,,,
2026-09-02,00:00,40.8044914,-73.9651501,W  111 ST,10025,26,OTHER,Street,33.94530944093881,False,MANHATTAN,"(40.8044914, -73.9651501)",trafficstat,True,False,True,False,False,False,False,False,False,,,,,,,
2026-08-31,00:00,40.8181205,-73.9605042,W  125 ST,10027,26,OTHER,Street,1.2645432517939965,False,MANHATTAN,"(40.8181205, -73.9605042)",trafficstat,False,False,False,False,False,False,False,False,False,,,,,,,
2026-08-05,00:00,40.8181205,-73.9605042,W  125 ST,10027,26,OTHER,Street,1.2645432517939965,False,MANHATTAN,"(40.8181205, -73.9605042)",trafficstat,False,False,False,False,False,False,False,False,False,,,,,,,
2026-08-29,00:00,40.8197316,-73.9601637,MARGINAL ST,10027,26,UNKNOWN,Street,1.9072066952648323,False,MANHATTAN,"(40.8197316, -73.9601637)",trafficstat,True,False,False,False,False,False,False,True,False,,,,,,,
2026-08-29,00:00,40.8054526,-73.9657638,W  112 ST,10025,26,UNKNOWN,Street,2.5609859208526538,False,MANHATTAN,"(40.8054526, -73.9657638)",trafficstat,False,False,False,False,False,False,False,False,False,,,,,,,
2026-08-28,00:00,40.8181232,-73.9602369,RIVERSIDE DR,10027,26,UNKNOWN,Bridge,1.6519084492310894,False,MANHATTAN,"(40.8181232, -73.9602369)",trafficstat,True,False,True,False,False,False,False,False,False,,,,,,,
2026-08-28,00:00,40.818612,-73.9609519,W  125 ST,10027,26,UNKNOWN,Street,1.0810778898279774,False,MANHATTAN,"(40.818612, -73.9609519)",trafficstat,True,False,False,False,False,False,False,False,True,,,,,,,
2026-08-15,00:00,40.818612,-73.9609519,W  125 ST,10027,26,UNKNOWN,Street,1.0810778898279774,False,MANHATTAN,"(40.818612, -73.9609519)",trafficstat,False,False,False,False,False,False,False,False,False,,,,,,,
2026-08-27,00:00,40.8147719,-73.9551633,AMSTERDAM AVE,10027,26,OTHER,Street,22.728491927313797,False,MANHATTAN,"(40.8147719, -73.9551633)",trafficstat,False,False,False,False,False,False,False,False,False,,,,,,,
2026-08-26,00:00,40.8133898,-73.9562586,W  125 ST,10027,26,OTHER,Street,1.1824280002416334,False,MANHATTAN,"(40.8133898, -73.9562586)",trafficstat,False,False,False,False,False,False,False,False,False,,,,,,,
2026-08-17,00:00,40.8133898,-73.9562586,W  125 ST,10027,26,UNKNOWN,Street,1.1824280002416334,False,MANHATTAN,"(40.8133898, -73.9562586)",trafficstat,True,False,True,False,False,False,False,False,False,,,,,,,
2026-07-04,00:00,40.8133898,-73.9562586,W  125 ST,10027,26,UNKNOWN,Street,1.1824280002416334,False,MANHATTAN,"(40.8133898, -73.9562586)",trafficstat,True,False,False,False,False,False,False,True,False,,,,,,,
2026-07-02,00:00,40.8133898,-73.9562586,W  125 ST,10027,26,UNKNOWN,Street,1.1824280002416334,False,MANHATTAN,"(40.8133898, -73.9562586)",trafficstat,True,False,False,True,False,False,False,False,False,,,,,,,
2026-06-17,00:00,40.8133898,-73.9562586,W  125 ST,10027,26,UNKNOWN,Street,1.1824280002416334,False,MANHATTAN,"(40.8133898, -73.9562586)",trafficstat,True,False,False,False,False,False,False,False,True,,,,,,,
2026-08-26,00:00,40.8080729,-73.9582907,W  119 ST,10027,26,UNKNOWN,Street,41.37857523941386,False,MANHATTAN,"(40.8080729, -73.9582907)",trafficstat,False,False,False,False,False,False,False,False,False,,,,,,,
2026-08-24,00:00,40.804256,-73.96292,AMSTERDAM AVE,10025,26,UNKNOWN,Street,2.6029249796661307,False,MANHATTAN,"(40.804256, -73.96292)",trafficstat,True,False,True,False,False,False,False,False,False,,,,,,,
2026-08-23,00:00,40.811266,-73.9578098,AMSTERDAM AVE,10027,26,UNKNOWN,Street,1.774612756409846,False,MANHATTAN,"(40.811266, -73.9578098)",trafficstat,True,False,False,False,False,False,False,True,False,,,,,,,
2026-07-20,00:00,40.811266,-73.9578098,AMSTERDAM AVE,10027,26,OTHER,Street,1.774612756409846,False,MANHATTAN,"(40.811266, -73.9578098)",trafficstat,False,False,False,False,False,False,False,False,False,,,,,,,
2026-08-22,00:00,40.8175484,-73.9569351,W  131 ST,10027,26,OTHER,Street,2.2055904304016063,False,MANHATTAN,"(40.8175484, -73.9569351)",trafficstat,True,False,False,False,False,False,False,True,False,,,,,,,
2026-08-21,00:00,40.8118298,-73.9611113,W  122 ST,10027,26,UNKNOWN,Street,2.645058646580438,False,MANHATTAN,"(40.8118298, -73.9611113)",trafficstat,False,False,False,False,False,False,False,False,False,,,,,,,
2026-08-17,00:00,40.8036293,-73.963388,AMSTERDAM AVE,10025,26,UNKNOWN,Street,1.672169221421326,False,MANHATTAN,"(40.8036293, -73.963388)",trafficstat,False,False,False,False,False,False,False,False,False,,,,,,,
2026-08-17,00:00,40.815626,-73.9569133,W  126 ST,10027,26,UNKNOWN,Street,15.96359410954604,False,MANHATTAN,"(40.815626, -73.9569133)",trafficstat,False,False,False,False,False,False,False,False,False,,,,,,,
2026-08-16,00:00,40.8138846,-73.9564788,W  125 ST,10027,26,UNKNOWN,Street,50.438829274093344,False,MANHATTAN,"(40.8138846, -73.9564788)",trafficstat,False,False,False,False,False,False,False,False,False,,,,,,,
2026-08-15,00:00,40.8083053,-73.9688813,HENRY HUDSON PKWY,10024,26,UNKNOWN,Highway,5.807061646224227,False,MANHATTAN,"(40.8083053, -73.9688813)",trafficstat,True,False,False,False,False,True,False,True,False,,,,,,,
2026-08-14,00:00,40.8069,-73.9655689,W  114 ST,10025,26,UNKNOWN,Street,36.71562861449265,False,MANHATTAN,"(40.8069, -73.9655689)",trafficstat,False,False,False,False,False,False,False,False,False,,,,,,,
2026-08-14,00:00,40.8156907,-73.9582947,W  125 ST,10027,26,UNKNOWN,Street,1.4176005862533416,False,MANHATTAN,"(40.8156907, -73.9582947)",trafficstat,True,False,True,False,False,False,False,False,False,,,,,,,
2026-08-09,00:00,40.8156907,-73.9582947,W  125 ST,10027,26,OTHER,Street,1.4176005862533416,False,MANHATTAN,"(40.8156907, -73.9582947)",trafficstat,False,False,False,False,False,False,False,False,False,,,,,,,
2026-08-12,00:00,40.8160555,-73.9575376,W  126 ST,10027,26,UNKNOWN,Street,42.140787315501335,False,MANHATTAN,"(40.8160555, -73.9575376)",trafficstat,False,False,False,False,False,False,False,False,False,,,,,,,
2026-08-11,00:00,40.8070512,-73.9697957,HENRY HUDSON PKWY,10024,26,UNKNOWN,Highway,9.16708251824519,False,MANHATTAN,"(40.8070512, -73.9697957)",trafficstat,False,False,False,False,False,False,False,False,False,,,,,,,
2026-08-09,00:00,40.8200028,-73.9588665,RIVERSIDE DR,10027,26,UNKNOWN,Bridge,2.159998574955458,False,MANHATTAN,"(40.8200028, -73.9588665)",trafficstat,False,False,False,False,False,False,False,False,False,,,,,,,
2026-07-15,00:00,40.8200028,-73.9588665,RIVERSIDE DR,10027,26,OTHER,Bridge,2.159998574955458,False,MANHATTAN,"(40.8200028, -73.9588665)",trafficstat,False,False,False,False,False,False,False,False,False,,,,,,,
2026-08-08,00:00,40.8103669,-73.9537428,W  124 ST,10027,26,UNKNOWN,Street,2.7388732520623735,False,MANHATTAN,"(40.8103669, -73.9537428)",trafficstat,False,False,False,False,False,False,False,False,False,,,,,,,
2026-08-04,00:00,40.8128599,-73.9634046,RIVERSIDE DR W,10027,26,UNKNOWN,Street,131.22851926108885,False,MANHATTAN,"(40.8128599, -73.9634046)",trafficstat,False,False,False,False,False,False,False,False,False,,,,,,,
2026-06-15,00:00,40.8128599,-73.9634046,RIVERSIDE DR W,10027,26,OTHER,Street,131.22851926108885,False,MANHATTAN,"(40.8128599, -73.9634046)",trafficstat,False,False,False,False,False,False,False,False,False,,,,,,,
2026-08-02,00:00,40.8113907,-73.9536679,W  125 ST,10027,26,UNKNOWN,Street,50.61686978257473,False,MANHATTAN,"(40.8113907, -73.9536679)",trafficstat,True,False,False,True,False,False,False,False,False,,,,,,,
2026-08-01,00:00,40.8110458,-73.9536701,W  125 ST,10027,26,UNKNOWN,Street,59.302211327853726,False,MANHATTAN,"(40.8110458, -73.9536701)",trafficstat,True,False,False,False,False,False,False,True,False,,,,,,,
2026-08-01,00:00,40.8155265,-73.9597182,CLAREMONT AVE,10027,26,UNKNOWN,Street,1.8819228849420235,False,MANHATTAN,"(40.8155265, -73.9597182)",trafficstat,False,False,False,False,False,False,False,False,False,,,,,,,
2026-08-01,00:00,40.8193772,-73.9593221,12 AVE,10027,26,UNKNOWN,Street,2.2197198855182005,False,MANHATTAN,"(40.8193772, -73.9593221)",trafficstat,True,False,False,True,False,False,False,False,False,,,,,,,
2026-08-01,00:00,40.816319,-73.9578319,W  126 ST,10027,26,UNKNOWN,Street,2.6204452864051633,False,MANHATTAN,"(40.816319, -73.9578319)",trafficstat,False,False,False,False,False,False,False,False,False,,,,,,,
2026-07-30,00:00,40.8170526,-73.9533554,AMSTERDAM AVE,10027,26,UNKNOWN,Street,57.23973698889476,False,MANHATTAN,"(40.8170526, -73.9533554)",trafficstat,True,False,True,False,False,False,False,False,False,,,,,,,
2026-07-29,00:00,40.8180222,-73.9618194,HENRY HUDSON PY SB EN W 125 ST,10027,26,UNKNOWN,Ramp,2.1240097897131616,False,MANHATTAN,"(40.8180222, -73.9618194)",trafficstat,True,False,False,True,False,False,False,False,False,,,,,,,
2026-07-27,00:00,40.8178349,-73.9548455,W  133 ST,10027,26,OTHER,Street,147.91939869267702,False,MANHATTAN,"(40.8178349, -73.9548455)",trafficstat,False,False,False,False,False,False,False,False,False,,,,,,,
2026-07-25,00:00,40.8194073,-73.9501693,CONVENT AVE,10031,26,UNKNOWN,Street,25.707853750015442,False,MANHATTAN,"(40.8194073, -73.9501693)",trafficstat,False,False,False,False,False,False,False,False,False,,,,,,,
2026-07-20,00:00,40.8110867,-73.9590265,W  122 ST,10027,26,UNKNOWN,Street,41.90828785446533,False,MANHATTAN,"(40.8110867, -73.9590265)",trafficstat,False,False,False,False,False,False,False,False,False,,,,,,,
2026-07-18,00:00,40.8121928,-73.954151,W  126 ST,10027,26,UNKNOWN,Street,39.73042193266714,False,MANHATTAN,"(40.8121928, -73.954151)",trafficstat,False,False,False,False,False,False,False,False,False,,,,,,,
2026-07-17,00:00,40.8142998,-73.9530753,CONVENT AVE,10027,26,UNKNOWN,Street,0.39583921906373204,False,MANHATTAN,"(40.8142998, -73.9530753)",trafficstat,True,False,True,False,False,False,False,False,False,,,,,,,
2026-07-17,00:00,40.8182197,-73.9614341,HENRY HUDSON PKWY,10027,26,UNKNOWN,Highway,1.9805295730601369,False,MANHATTAN,"(40.8182197, -73.9614341)",trafficstat,True,False,False,False,False,False,False,True,False,,,,,,,
2026-06-17,00:00,40.8182197,-73.9614341,HENRY HUDSON PKWY,10027,26,UNKNOWN,Highway,1.9805295730601369,False,MANHATTAN,"(40.8182197, -73.9614341)",trafficstat,True,False,False,False,False,False,False,True,True,,,,,,,
2026-07-16,00:00,40.8134957,-73.9531084,CONVENT AVE,10027,26,UNKNOWN,Street,0.7962430101728467,False,MANHATTAN,"(40.8134957, -73.9531084)",trafficstat,False,False,False,False,False,False,False,False,False,,,,,,,
2026-07-15,00:00,40.8145314,-73.9528962,CONVENT AVE,10027,26,UNKNOWN,Street,41.538977707548064,False,MANHATTAN,"(40.8145314, -73.9528962)",trafficstat,True,False,True,False,False,False,False,False,False,,,,,,,
2026-07-14,00:00,40.8121718,-73.9573702,AMSTERDAM AVE,10027,26,UNKNOWN,Street,52.1175432824197,False,MANHATTAN,"(40.8121718, -73.9573702)",trafficstat,False,False,False,False,False,False,False,False,False,,,,,,,
2026-07-14,00:00,40.8157387,-73.9545483,AMSTERDAM AVE,10027,26,UNKNOWN,Street,1.3365401481572454,False,MANHATTAN,"(40.8157387, -73.9545483)",trafficstat,True,False,False,False,False,False,False,False,True,,,,,,,
2026-07-11,00:00,40.805509,-73.9620072,AMSTERDAM AVE,10025,26,UNKNOWN,Street,2.011677489372003,False,MANHATTAN,"(40.805509, -73.9620072)",trafficstat,True,False,False,True,False,False,False,False,False,,,,,,,
2026-06-29,00:00,40.805509,-73.9620072,AMSTERDAM AVE,10025,26,UNKNOWN,Street,2.011677489372003,False,MANHATTAN,"(40.805509, -73.9620072)",trafficstat,False,False,False,False,False,False,False,False,False,,,,,,,
2026-06-23,00:00,40.805509,-73.9620072,AMSTERDAM AVE,10025,26,UNKNOWN,Street,2.011677489372003,False,MANHATTAN,"(40.805509, -73.9620072)",trafficstat,True,False,False,True,False,False,False,False,False,,,,,,,
2026-07-10,00:00,40.8180166,-73.9614812,HENRY HUDSON PKWY,10027,26,UNKNOWN,Highway,0.9481283775239776,False,MANHATTAN,"(40.8180166, -73.9614812)",trafficstat,True,False,False,False,False,False,False,True,False,,,,,,,
2026-06-27,00:00,40.8180166,-73.9614812,HENRY HUDSON PKWY,10027,26,UNKNOWN,Highway,0.9481283775239776,False,MANHATTAN,"(40.8180166, -73.9614812)",trafficstat,True,False,False,False,False,False,False,True,False,,,,,,,
2026-07-09,00:00,40.8068563,-73.9697308,HENRY HUDSON PKWY,10024,26,UNKNOWN,Highway,1.280630160306446,False,MANHATTAN,"(40.8068563, -73.9697308)",trafficstat,True,False,False,False,False,False,False,True,True,,,,,,,
2026-07-07,00:00,40.8076357,-73.9645065,BROADWAY,10025,26,UNKNOWN,Street,49.66478664063896,False,MANHATTAN,"(40.8076357, -73.9645065)",trafficstat,False,False,False,False,False,False,False,False,False,,,,,,,
2026-07-06,00:00,40.8065119,-73.9665988,W  113 ST,10025,26,UNKNOWN,Street,36.54560860070051,False,MANHATTAN,"(40.8065119, -73.9665988)",trafficstat,False,False,False,False,False,False,False,False,False,,,,,,,
2026-07-05,00:00,40.8145509,-73.9583701,BROADWAY,10027,26,OTHER,Street,143.1564207995072,False,MANHATTAN,"(40.8145509, -73.9583701)",trafficstat,False,False,False,False,False,False,False,False,False,,,,,,,
2026-07-03,00:00,40.8143,-73.95307,W  129 ST,10027,26,UNKNOWN,Street,1.5556612241603003,False,MANHATTAN,"(40.8143, -73.95307)",trafficstat,False,False,False,False,False,False,False,False,False,,,,,,,
2026-07-01,00:00,40.8155881,-73.9579649,W  125 ST,10027,26,UNKNOWN,Street,54.26693528334349,False,MANHATTAN,"(40.8155881, -73.9579649)",trafficstat,False,False,False,False,False,False,False,False,False,,,,,,,
2026-07-01,00:00,40.8153842,-73.9569556,W  126 ST,10027,26,OTHER,Street,42.2237201822701,False,MANHATTAN,"(40.8153842, -73.9569556)",trafficstat,False,False,False,False,False,False,False,False,False,,,,,,,
2026-07-01,00:00,40.8166831,-73.95394,AMSTERDAM AVE,10027,26,OTHER,Street,19.146330977437604,False,MANHATTAN,"(40.8166831, -73.95394)",trafficstat,True,False,False,True,False,False,False,False,False,,,,,,,
2026-06-30,00:00,40.8159594,-73.9540916,AMSTERDAM AVE,10027,26,UNKNOWN,Street,72.63761011484615,False,MANHATTAN,"(40.8159594, -73.9540916)",trafficstat,False,False,False,False,False,False,False,False,False,,,,,,,
2026-06-28,00:00,40.8135663,-73.9513201,ST NICHOLAS TER,10027,26,UNKNOWN,Street,2.3775345936851044,False,MANHATTAN,"(40.8135663, -73.9513201)",trafficstat,False,False,False,False,False,False,False,False,False,,,,,,,
2026-06-27,00:00,40.8123309,-73.9657076,HENRY HUDSON PARKWAY ET 12 NB,10027,26,UNKNOWN,Ramp,5.845199747646014,False,MANHATTAN,"(40.8123309, -73.9657076)",trafficstat,False,False,False,False,False,False,False,False,False,,,,,,,
2026-06-26,00:00,40.8060132,-73.9618725,AMSTERDAM AVE,10027,26,UNKNOWN,Street,54.827731518989204,False,MANHATTAN,"(40.8060132, -73.9618725)",trafficstat,True,False,False,False,False,False,False,True,False,,,,,,,
2026-06-26,00:00,40.8158328,-73.9578609,BROADWAY,10027,26,UNKNOWN,Street,42.006647402862185,False,MANHATTAN,"(40.8158328, -73.9578609)",trafficstat,False,False,False,False,False,False,False,False,False,,,,,,,
2026-06-23,00:00,40.8108332,-73.9531546,W  125 ST,10027,26,UNKNOWN,Street,57.114795023240404,False,MANHATTAN,"(40.8108332, -73.9531546)",trafficstat,True,False,False,True,False,False,False,False,False,,,,,,,
2026-06-23,00:00,40.8155447,-73.9569183,W  126 ST,10027,26,UNKNOWN,Street,1.4940886524513306,False,MANHATTAN,"(40.8155447, -73.9569183)",trafficstat,False,False,False,False,False,False,False,False,False,,,,,,,
2026-06-22,00:00,40.8121472,-73.9663579,HENRY HUDSON PKWY,10024,26,UNKNOWN,Highway,13.516773746577053,False,MANHATTAN,"(40.8121472, -73.9663579)",trafficstat,True,False,False,False,False,False,False,True,False,,,,,,,
2026-06-21,00:00,40.8044972,-73.9637463,W  112 ST,10025,26,UNKNOWN,Street,36.580890459984246,False,MANHATTAN,"(40.8044972, -73.9637463)",trafficstat,False,False,False,False,False,False,False,False,False,,,,,,,
2026-06-20,00:00,40.8100949,-73.9530783,ST NICHOLAS AVE,10027,26,OTHER,Street,0.29005560567668603,False,MANHATTAN,"(40.8100949, -73.9530783)",trafficstat,True,False,False,True,False,False,False,False,False,,,,,,,
2026-06-19,00:00,40.807203,-73.9606883,AMSTERDAM AVE,10027,26,UNKNOWN,Street,22.72900657884983,False,MANHATTAN,"(40.807203, -73.9606883)",trafficstat,True,False,False,False,False,False,False,True,False,,,,,,,
2026-06-19,00:00,40.8088423,-73.9658127,W  116 ST,10027,26,UNKNOWN,Street,1.7239430376524785,False,MANHATTAN,"(40.8088423, -73.9658127)",trafficstat,False,False,False,False,False,False,False,False,False,,,,,,,
2026-06-19,00:00,40.8137781,-73.9596867,LA SALLE ST,10027,26,UNKNOWN,Street,2.668755492964126,False,MANHATTAN,"(40.8137781, -73.9596867)",trafficstat,True,False,False,True,False,False,False,False,False,,,,,,,
2026-06-17,00:00,40.8119101,-73.9547198,W  125 ST,10027,26,UNKNOWN,Street,62.297593562513036,False,MANHATTAN,"(40.8119101, -73.9547198)",trafficstat,False,False,False,False,False,False,False,False,False,,,,,,,
2026-06-16,00:00,40.8091818,-73.9584472,W  120 ST,10027,26,UNKNOWN,Street,49.6750795327304,False,MANHATTAN,"(40.8091818, -73.9584472)",trafficstat,False,False,False,False,False,False,False,False,False,,,,,,,
2026-06-15,00:00,40.8221092,-73.9480837,CONVENT AVE,10031,26,UNKNOWN,Street,1.3788070017558771,False,MANHATTAN,"(40.8221092, -73.9480837)",trafficstat,True,False,False,False,False,False,False,True,False,,,,,,,
2026-06-14,00:00,40.8191663,-73.9603714,HENRY HUDSON PKWY,10027,26,UNKNOWN,Highway,0.389874670783951,False,MANHATTAN,"(40.8191663, -73.9603714)",trafficstat,True,False,False,False,False,False,False,True,True,,,,,,,
2026-06-13,00:00,40.8203023,-73.9596611,MARGINAL ST,10027,26,UNKNOWN,Ramp,1.8175360341071034,False,MANHATTAN,"(40.8203023, -73.9596611)",trafficstat,True,False,True,False,False,False,False,False,False,,,,,,,
2026-09-13,00:00,40.8112157,-73.9520378,ST NICHOLAS AVE,10027,28,UNKNOWN,Street,57.012185628932464,False,MANHATTAN,"(40.8112157, -73.9520378)",trafficstat,True,False,False,False,False,False,False,True,False,,,,,,,
2026-09-10,00:00,40.7976635,-73.9506937,CENTRAL PARK N,10026,28,UNKNOWN,Street,50.2755851556962,False,MANHATTAN,"(40.7976635, -73.9506937)",trafficstat,True,False,False,True,False,False,False,False,False,,,,,,,
2026-09-10,00:00,40.800798,-73.951086,W  114 ST,10026,28,UNKNOWN,Street,37.94041081874835,False,MANHATTAN,"(40.800798, -73.951086)",trafficstat,False,False,False,False,False,False,False,False,False,,,,,,,
2026-09-09,00:00,40.8006591,-73.9543924,W  112 ST,10026,28,OTHER,Street,2.146883648270698,False,MANHATTAN,"(40.8006591, -73.9543924)",trafficstat,True,False,False,True,False,False,False,False,False,,,,,,,
2026-08-12,00:00,40.8006591,-73.9543924,W  112 ST,10026,28,OTHER,Street,2.146883648270698,False,MANHATTAN,"(40.8006591, -73.9543924)",trafficstat,True,False,False,False,True,False,False,False,False,,,,,,,
2026-07-31,00:00,40.8006591,-73.9543924,W  112 ST,10026,28,OTHER,Street,2.146883648270698,False,MANHATTAN,"(40.8006591, -73.9543924)",trafficstat,True,False,False,False,False,False,False,False,False,,,,,,,