crash_date,crash_time,latitude,longitude,on_street_name,zip_code,precinct,collision_type,roadway_type,geocode_dist_feet,time_is_known,borough,location,source,injury,fatality,injured_pedestrian,injured_cyclist,injured_ebike_rider,injured_motorcyclist,injured_moped_rider,injured_car_occupant,injured_suv_occupant,number_of_persons_injured,number_of_persons_killed,contributing_factor_vehicle_1,collision_id,cross_street_name,off_street_name,vehicle_type_code1
2026-06-19,00:00,40.8006591,-73.9543924,W  112 ST,10026,28,UNKNOWN,Street,2.146883648270698,False,MANHATTAN,"(40.8006591, -73.9543924)",trafficstat,True,True,False,False,False,False,False,False,False,,,,,,,
2026-09-09,00:00,40.8099043,-73.9501274,W  125 ST,10027,28,UNKNOWN,Street,51.794355590470154,False,MANHATTAN,"(40.8099043, -73.9501274)",trafficstat,True,False,False,False,False,False,False,True,False,,,,,,,
2026-09-08,00:00,40.8094635,-73.949905,W  125 ST,10027,28,UNKNOWN,Street,58.58998384781986,False,MANHATTAN,"(40.8094635, -73.949905)",trafficstat,True,False,False,True,False,False,False,False,False,,,,,,,
2026-09-08,00:00,40.8070973,-73.9459787,W  124 ST,10027,28,UNKNOWN,Street,2.8664074899906486,False,MANHATTAN,"(40.8070973, -73.9459787)",trafficstat,True,False,False,False,False,False,False,False,True,,,,,,,
2026-08-13,00:00,40.8070973,-73.9459787,W  124 ST,10027,28,UNKNOWN,Street,2.8664074899906486,False,MANHATTAN,"(40.8070973, -73.9459787)",trafficstat,False,False,False,False,False,False,False,False,False,,,,,,,
2026-07-06,00:00,40.8070973,-73.9459787,W  124 ST,10027,28,OTHER,Street,2.8664074899906486,False,MANHATTAN,"(40.8070973, -73.9459787)",trafficstat,True,False,False,True,False,False,False,False,False,,,,,,,
2026-09-06,00:00,40.8020646,-73.9530422,ADAM CLAYTON POWELL JR BLVD,10026,28,UNKNOWN,Street,44.48218581002828,False,MANHATTAN,"(40.8020646, -73.9530422)",trafficstat,False,False,False,False,False,False,False,False,False,,,,,,,
2026-09-06,00:00,40.808733,-73.952451,FREDERICK DOUGLASS BLVD,10027,28,UNKNOWN,Street,53.91192111263775,False,MANHATTAN,"(40.808733, -73.952451)",trafficstat,False,False,False,False,False,False,False,False,False,,,,,,,
2026-09-05,00:00,40.8101737,-73.9511672,FREDERICK DOUGLASS BLVD,10027,28,UNKNOWN,Street,1.2143186176474705,False,MANHATTAN,"(40.8101737, -73.9511672)",trafficstat,True,False,False,True,False,False,False,False,False,,,,,,,
2026-08-06,00:00,40.8101737,-73.9511672,FREDERICK DOUGLASS BLVD,10027,28,UNKNOWN,Street,1.2143186176474705,False,MANHATTAN,"(40.8101737, -73.9511672)",trafficstat,True,False,True,False,False,False,False,False,False,,,,,,,
2026-07-19,00:00,40.8101737,-73.9511672,FREDERICK DOUGLASS BLVD,10027,28,UNKNOWN,Street,1.2143186176474705,False,MANHATTAN,"(40.8101737, -73.9511672)",trafficstat,True,False,True,True,False,False,False,False,False,,,,,,,
2026-07-12,00:00,40.8101737,-73.9511672,FREDERICK DOUGLASS BLVD,10027,28,UNKNOWN,Street,1.2143186176474705,False,MANHATTAN,"(40.8101737, -73.9511672)",trafficstat,True,False,False,False,False,False,False,True,False,,,,,,,
2026-09-05,00:00,40.8075505,-73.952903,ST NICHOLAS AVE,10027,28,UNKNOWN,Street,0.6598527182542124,False,MANHATTAN,"(40.8075505, -73.952903)",trafficstat,True,False,False,False,False,False,False,False,False,,,,,,,
2026-09-03,00:00,40.8094905,-73.9516626,FREDERICK DOUGLASS BLVD,10027,28,UNKNOWN,Street,1.9857379279038088,False,MANHATTAN,"(40.8094905, -73.9516626)",trafficstat,True,False,False,False,False,False,False,True,True,,,,,,,
2026-08-05,00:00,40.8094905,-73.9516626,FREDERICK DOUGLASS BLVD,10027,28,UNKNOWN,Street,1.9857379279038088,False,MANHATTAN,"(40.8094905, -73.9516626)",trafficstat,True,False,True,False,False,False,False,False,False,,,,,,,
2026-06-22,00:00,40.8094905,-73.9516626,FREDERICK DOUGLASS BLVD,10027,28,UNKNOWN,Street,1.9857379279038088,False,MANHATTAN,"(40.8094905, -73.9516626)",trafficstat,True,False,False,True,False,False,False,False,False,,,,,,,
2026-06-21,00:00,40.8094905,-73.9516626,FREDERICK DOUGLASS BLVD,10027,28,UNKNOWN,Street,1.9857379279038088,False,MANHATTAN,"(40.8094905, -73.9516626)",trafficstat,True,False,True,False,False,False,False,False,False,,,,,,,
2026-09-03,00:00,40.8006639,-73.9464607,5 AVE,10026,28,OTHER,Street,2.1711159310119097,False,MANHATTAN,"(40.8006639, -73.9464607)",trafficstat,True,False,True,False,False,False,False,False,False,,,,,,,
2026-06-22,00:00,40.8006639,-73.9464607,5 AVE,10026,28,OTHER,Street,2.1711159310119097,False,MANHATTAN,"(40.8006639, -73.9464607)",trafficstat,False,False,False,False,False,False,False,False,False,,,,,,,
2026-09-03,00:00,40.7974835,-73.9490755,W  111 ST,10026,28,UNKNOWN,Street,40.74684408150069,False,MANHATTAN,"(40.7974835, -73.9490755)",trafficstat,False,False,False,False,False,False,False,False,False,,,,,,,
2026-09-01,00:00,40.8046753,-73.9563875,W  116 ST,10026,28,OTHER,Street,57.996811997860334,False,MANHATTAN,"(40.8046753, -73.9563875)",trafficstat,False,False,False,False,False,False,False,False,False,,,,,,,
2026-09-01,00:00,40.8068112,-73.953401,W  120 ST,10027,28,UNKNOWN,Street,43.272161081237925,False,MANHATTAN,"(40.8068112, -73.953401)",trafficstat,True,False,False,False,False,False,False,True,False,,,,,,,
2026-08-31,00:00,40.8092765,-73.9528264,W  123 ST,10027,28,UNKNOWN,Street,34.2202681527954,False,MANHATTAN,"(40.8092765, -73.9528264)",trafficstat,False,False,False,False,False,False,False,False,False,,,,,,,
2026-08-31,00:00,40.8108432,-73.9506791,FREDERICK DOUGLASS BLVD,10027,28,UNKNOWN,Street,1.8819742232754457,False,MANHATTAN,"(40.8108432, -73.9506791)",trafficstat,True,False,False,True,False,False,False,False,False,,,,,,,
2026-08-30,00:00,40.8101875,-73.9516184,W  125 ST,10027,28,UNKNOWN,Street,57.959326494976935,False,MANHATTAN,"(40.8101875, -73.9516184)",trafficstat,False,False,False,False,False,False,False,False,False,,,,,,,
2026-08-30,00:00,40.8026968,-73.9570327,W  113 ST,10026,28,OTHER,Street,30.10923413296271,False,MANHATTAN,"(40.8026968, -73.9570327)",trafficstat,True,False,False,False,False,False,False,False,True,,,,,,,
2026-08-29,00:00,40.8071,-73.94598,W  124 ST,10027,28,UNKNOWN,Street,2.181231013981114,False,MANHATTAN,"(40.8071, -73.94598)",trafficstat,False,False,False,False,False,False,False,False,False,,,,,,,
2026-08-28,00:00,40.8045253,-73.9515723,W  118 ST,10026,28,UNKNOWN,Street,2.934777136020512,False,MANHATTAN,"(40.8045253, -73.9515723)",trafficstat,False,False,False,False,False,False,False,False,False,,,,,,,
2026-08-28,00:00,40.7991486,-73.9542248,CENTRAL PARK N,10026,28,UNKNOWN,Street,49.30818320332236,False,MANHATTAN,"(40.7991486, -73.9542248)",trafficstat,True,False,False,True,False,False,False,False,False,,,,,,,
2026-08-27,00:00,40.8038938,-73.9582046,MORNINGSIDE AVE,10026,28,UNKNOWN,Street,0.056945120343338027,False,MANHATTAN,"(40.8038938, -73.9582046)",trafficstat,True,False,False,False,False,False,False,True,False,,,,,,,
2026-08-25,00:00,40.8095221,-73.9491122,W  125 ST,10027,28,UNKNOWN,Street,66.80234077660023,False,MANHATTAN,"(40.8095221, -73.9491122)",trafficstat,True,False,False,True,False,False,False,False,False,,,,,,,
2026-08-24,00:00,40.8071253,-73.9421274,W  126 ST,10027,28,OTHER,Street,38.674869097406685,False,MANHATTAN,"(40.8071253, -73.9421274)",trafficstat,False,False,False,False,False,False,False,False,False,,,,,,,
2026-08-23,00:00,40.808973,-73.9483252,W  125 ST,10027,28,UNKNOWN,Street,2.043096687272118,False,MANHATTAN,"(40.808973, -73.9483252)",trafficstat,True,False,False,False,False,False,False,False,True,,,,,,,
2026-08-02,00:00,40.808973,-73.9483252,W  125 ST,10027,28,UNKNOWN,Street,2.043096687272118,False,MANHATTAN,"(40.808973, -73.9483252)",trafficstat,True,False,False,False,False,False,False,False,True,,,,,,,
2026-08-23,00:00,40.8013326,-73.9501877,W  115 ST,10026,28,OTHER,Street,2.3306476969620404,False,MANHATTAN,"(40.8013326, -73.9501877)",trafficstat,True,False,False,True,False,False,False,False,False,,,,,,,
2026-06-12,00:00,40.8013326,-73.9501877,W  115 ST,10026,28,UNKNOWN,Street,2.3306476969620404,False,MANHATTAN,"(40.8013326, -73.9501877)",trafficstat,True,False,False,False,False,False,False,False,True,,,,,,,
2026-08-22,00:00,40.805214,-73.94735,W  121 ST,10027,28,OTHER,Street,1.9364706549431987,False,MANHATTAN,"(40.805214, -73.94735)",trafficstat,True,False,False,False,False,False,False,False,False,,,,,,,
2026-07-18,00:00,40.805214,-73.94735,W  121 ST,10027,28,UNKNOWN,Street,1.9364706549431987,False,MANHATTAN,"(40.805214, -73.94735)",trafficstat,False,False,False,False,False,False,False,False,False,,,,,,,
2026-08-22,00:00,40.8064148,-73.9422623,5 AVE,10035,28,UNKNOWN,Street,2.13367871078133,False,MANHATTAN,"(40.8064148, -73.9422623)",trafficstat,False,False,False,False,False,False,False,False,False,,,,,,,
2026-08-09,00:00,40.8064148,-73.9422623,5 AVE,10035,28,UNKNOWN,Street,2.13367871078133,False,MANHATTAN,"(40.8064148, -73.9422623)",trafficstat,True,False,False,True,False,False,False,False,False,,,,,,,
2026-08-21,00:00,40.8090475,-73.95479,W  122 ST,10027,28,UNKNOWN,Street,39.78461881329986,False,MANHATTAN,"(40.8090475, -73.95479)",trafficstat,False,False,False,False,False,False,False,False,False,,,,,,,
2026-08-19,00:00,40.8093437,-73.9477221,ADAM CLAYTON POWELL JR BLVD,10027,28,OTHER,Street,51.80591002740322,False,MANHATTAN,"(40.8093437, -73.9477221)",trafficstat,True,False,True,False,False,False,False,False,False,,,,,,,
2026-06-30,00:00,40.8093437,-73.9477221,ADAM CLAYTON POWELL JR BLVD,10027,28,OTHER,Street,51.80591002740322,False,MANHATTAN,"(40.8093437, -73.9477221)",trafficstat,False,False,False,False,False,False,False,False,False,,,,,,,
2026-08-19,00:00,40.8019158,-73.9534777,W  114 ST,10026,28,UNKNOWN,Street,2.791677656725119,False,MANHATTAN,"(40.8019158, -73.9534777)",trafficstat,True,False,False,False,False,False,False,True,False,,,,,,,
2026-08-18,00:00,40.8044197,-73.9553687,FREDERICK DOUGLASS BLVD,10026,28,UNKNOWN,Street,1.7449573836224657,False,MANHATTAN,"(40.8044197, -73.9553687)",trafficstat,True,False,False,True,False,False,False,False,False,,,,,,,
2026-06-27,00:00,40.8044197,-73.9553687,FREDERICK DOUGLASS BLVD,10026,28,OTHER,Street,1.7449573836224657,False,MANHATTAN,"(40.8044197, -73.9553687)",trafficstat,False,False,False,False,False,False,False,False,False,,,,,,,
2026-08-17,00:00,40.8038969,-73.9520351,W  117 ST,10026,28,UNKNOWN,Street,2.8528605787306316,False,MANHATTAN,"(40.8038969, -73.9520351)",trafficstat,False,False,False,False,False,False,False,False,False,,,,,,,
2026-07-17,00:00,40.8038969,-73.9520351,W  117 ST,10026,28,UNKNOWN,Street,2.8528605787306316,False,MANHATTAN,"(40.8038969, -73.9520351)",trafficstat,False,False,False,False,False,False,False,False,False,,,,,,,
2026-08-17,00:00,40.8085466,-73.9510841,W  123 ST,10027,28,UNKNOWN,Street,36.17322202751315,False,MANHATTAN,"(40.8085466, -73.9510841)",trafficstat,False,False,False,False,False,False,False,False,False,,,,,,,
2026-08-16,00:00,40.8032164,-73.9525305,W  116 ST,10026,28,UNKNOWN,Street,2.6338935485846324,False,MANHATTAN,"(40.8032164, -73.9525305)",trafficstat,True,False,True,False,False,False,False,False,False,,,,,,,
2026-08-07,00:00,40.8032164,-73.9525305,W  116 ST,10026,28,UNKNOWN,Street,2.6338935485846324,False,MANHATTAN,"(40.8032164, -73.9525305)",trafficstat,False,False,False,False,False,False,False,False,False,,,,,,,
2026-08-16,00:00,40.8016785,-73.9533203,ADAM CLAYTON POWELL JR BLVD,10026,28,UNKNOWN,Street,45.65446501263399,False,MANHATTAN,"(40.8016785, -73.9533203)",trafficstat,False,False,False,False,False,False,False,False,False,,,,,,,
2026-08-13,00:00,40.8031061,-73.9582484,MANHATTAN AVE,10026,28,UNKNOWN,Street,1.873809045814623,False,MANHATTAN,"(40.8031061, -73.9582484)",trafficstat,True,False,False,True,False,False,False,False,False,,,,,,,
2026-08-13,00:00,40.8080117,-73.9464504,W  125 ST,10027,28,OTHER,Street,56.409531242036934,False,MANHATTAN,"(40.8080117, -73.9464504)",trafficstat,False,False,False,False,False,False,False,False,False,,,,,,,
2026-08-12,00:00,40.8084473,-73.944995,W  126 ST,10027,28,UNKNOWN,Street,2.2907322507063523,False,MANHATTAN,"(40.8084473, -73.944995)",trafficstat,True,False,False,False,False,False,False,True,False,,,,,,,
2026-08-11,00:00,40.807774,-73.94548,W  125 ST,10027,28,OTHER,Street,1.7596975825167935,False,MANHATTAN,"(40.807774, -73.94548)",trafficstat,True,False,False,False,True,False,False,False,False,,,,,,,
2026-08-10,00:00,40.8039584,-73.9482713,W  119 ST,10026,28,OTHER,Street,1.8473531360070192,False,MANHATTAN,"(40.8039584, -73.9482713)",trafficstat,False,False,False,False,False,False,False,False,False,,,,,,,
2026-07-11,00:00,40.8039584,-73.9482713,W  119 ST,10026,28,UNKNOWN,Street,1.8473531360070192,False,MANHATTAN,"(40.8039584, -73.9482713)",trafficstat,False,False,False,False,False,False,False,False,False,,,,,,,
2026-07-10,00:00,40.8039584,-73.9482713,W  119 ST,10026,28,UNKNOWN,Street,1.8473531360070192,False,MANHATTAN,"(40.8039584, -73.9482713)",trafficstat,False,False,False,False,False,False,False,False,False,,,,,,,
2026-08-09,00:00,40.8057847,-73.9506539,W  120 ST,10027,28,UNKNOWN,Street,2.417141973512008,False,MANHATTAN,"(40.8057847, -73.9506539)",trafficstat,True,False,False,True,False,False,False,False,False,,,,,,,
2026-06-23,00:00,40.8057847,-73.9506539,W  120 ST,10027,28,OTHER,Street,2.417141973512008,False,MANHATTAN,"(40.8057847, -73.9506539)",trafficstat,True,False,True,False,False,False,False,False,False,,,,,,,
2026-08-09,00:00,40.8095901,-73.952134,W  124 ST,10027,28,UNKNOWN,Street,34.434064112067105,False,MANHATTAN,"(40.8095901, -73.952134)",trafficstat,False,False,False,False,False,False,False,False,False,,,,,,,
2026-08-08,00:00,40.806413,-73.9501947,W  121 ST,10027,28,UNKNOWN,Street,2.094001708397002,False,MANHATTAN,"(40.806413, -73.9501947)",trafficstat,False,False,False,False,False,False,False,False,False,,,,,,,
2026-08-04,00:00,40.8000307,-73.9548552,W  111 ST,10026,28,UNKNOWN,Street,2.7235063192918836,False,MANHATTAN,"(40.8000307, -73.9548552)",trafficstat,True,False,False,False,True,False,False,False,False,,,,,,,
2026-08-03,00:00,40.8005564,-73.9519421,W  113 ST,10026,28,UNKNOWN,Street,32.418476756332325,False,MANHATTAN,"(40.8005564, -73.9519421)",trafficstat,False,False,False,False,False,False,False,False,False,,,,,,,
2026-08-03,00:00,40.8002926,-73.9537864,W  112 ST,10026,28,UNKNOWN,Street,37.58778228959203,False,MANHATTAN,"(40.8002926, -73.9537864)",trafficstat,False,False,False,False,False,False,False,False,False,,,,,,,
2026-08-03,00:00,40.8090701,-73.9445394,W  127 ST,10027,28,UNKNOWN,Street,2.718714541743737,False,MANHATTAN,"(40.8090701, -73.9445394)",trafficstat,False,False,False,False,False,False,False,False,False,,,,,,,
2026-08-02,00:00,40.8001229,-73.9528521,W  112 ST,10026,28,UNKNOWN,Street,33.75387877423135,False,MANHATTAN,"(40.8001229, -73.9528521)",trafficstat,False,False,False,False,False,False,False,False,False,,,,,,,
2026-08-02,00:00,40.8057074,-73.9563251,MANHATTAN AVE,10026,28,UNKNOWN,Street,1.9473755747391712,False,MANHATTAN,"(40.8057074, -73.9563251)",trafficstat,False,False,False,False,False,False,False,False,False,,,,,,,
2026-06-13,00:00,40.8057074,-73.9563251,MANHATTAN AVE,10026,28,UNKNOWN,Street,1.9473755747391712,False,MANHATTAN,"(40.8057074, -73.9563251)",trafficstat,True,False,False,False,True,False,False,False,False,,,,,,,
2026-07-30,00:00,40.7987902,-73.9500692,W  112 ST,10026,28,UNKNOWN,Street,23.383815017011756,False,MANHATTAN,"(40.7987902, -73.9500692)",trafficstat,False,False,False,False,False,False,False,False,False,,,,,,,
2026-07-29,00:00,40.8022737,-73.9565369,W  113 ST,10026,28,OTHER,Street,38.12196384043121,False,MANHATTAN,"(40.8022737, -73.9565369)",trafficstat,False,False,False,False,False,False,False,False,False,,,,,,,
2026-07-29,00:00,40.8070386,-73.9497391,W  122 ST,10027,28,OTHER,Street,2.7070217558779577,False,MANHATTAN,"(40.8070386, -73.9497391)",trafficstat,False,False,False,False,False,False,False,False,False,,,,,,,
2026-07-28,00:00,40.807552,-73.9529,W  121 ST,10027,28,UNKNOWN,Street,1.0512678905138741,False,MANHATTAN,"(40.807552, -73.9529)",trafficstat,True,False,False,True,False,False,False,False,False,,,,,,,
2026-07-26,00:00,40.8016227,-73.9523637,W  114 ST,10026,28,UNKNOWN,Street,53.159052904854356,False,MANHATTAN,"(40.8016227, -73.9523637)",trafficstat,False,False,False,False,False,False,False,False,False,,,,,,,
2026-07-25,00:00,40.8025332,-73.9530258,W  115 ST,10026,28,UNKNOWN,Street,2.343654847898894,False,MANHATTAN,"(40.8025332, -73.9530258)",trafficstat,True,False,False,False,False,False,False,True,False,,,,,,,
2026-07-25,00:00,40.8074548,-73.9442982,W  125 ST,10027,28,OTHER,Street,55.25416344429826,False,MANHATTAN,"(40.8074548, -73.9442982)",trafficstat,True,False,True,False,False,False,False,False,False,,,,,,,
2026-07-24,00:00,40.801334,-73.95019,W  115 ST,10026,28,OTHER,Street,2.197474562368686,False,MANHATTAN,"(40.801334, -73.95019)",trafficstat,True,False,False,True,False,False,False,False,False,,,,,,,
2026-07-22,00:00,40.8034396,-73.9534387,W  116 ST,10026,28,UNKNOWN,Street,55.06801184657563,False,MANHATTAN,"(40.8034396, -73.9534387)",trafficstat,False,False,False,False,False,False,False,False,False,,,,,,,
2026-07-21,00:00,40.8059895,-73.9552985,W  118 ST,10026,28,OTHER,Street,36.539625397814966,False,MANHATTAN,"(40.8059895, -73.9552985)",trafficstat,False,False,False,False,False,False,False,False,False,,,,,,,
2026-07-21,00:00,40.8083959,-73.952953,ST NICHOLAS AVE,10027,28,UNKNOWN,Street,0.14560706356342143,False,MANHATTAN,"(40.8083959, -73.952953)",trafficstat,False,False,False,False,False,False,False,False,False,,,,,,,
2026-07-20,00:00,40.807667,-73.9492798,W  123 ST,10027,28,OTHER,Street,2.948986810798118,False,MANHATTAN,"(40.807667, -73.9492798)",trafficstat,True,False,True,False,False,False,False,False,False,,,,,,,
2026-07-20,00:00,40.8016405,-73.9491877,W  116 ST,10026,28,UNKNOWN,Street,58.23929361990508,False,MANHATTAN,"(40.8016405, -73.9491877)",trafficstat,True,False,False,True,False,False,False,False,False,,,,,,,
2026-07-20,00:00,40.7982775,-73.9517771,CENTRAL PARK N,10026,28,UNKNOWN,Street,99.59797190223432,False,MANHATTAN,"(40.7982775, -73.9517771)",trafficstat,False,False,False,False,False,False,False,False,False,,,,,,,
2026-07-19,00:00,40.8073459,-73.9421159,W  126 ST,10027,28,UNKNOWN,Street,33.162724446326955,False,MANHATTAN,"(40.8073459, -73.9421159)",trafficstat,False,False,False,False,False,False,False,False,False,,,,,,,
2026-07-19,00:00,40.8083213,-73.947184,W  125 ST,10027,28,OTHER,Street,56.339031546221754,False,MANHATTAN,"(40.8083213, -73.947184)",trafficstat,True,False,False,True,False,False,False,False,False,,,,,,,
2026-07-18,00:00,40.80442,-73.95537,FREDERICK DOUGLASS BLVD,10026,28,UNKNOWN,Street,1.3772998813827302,False,MANHATTAN,"(40.80442, -73.95537)",trafficstat,True,False,True,False,False,False,False,False,False,,,,,,,
2026-07-17,00:00,40.7988329,-73.9520171,W  111 ST,10026,28,UNKNOWN,Street,2.5476852458866026,False,MANHATTAN,"(40.7988329, -73.9520171)",trafficstat,False,False,False,False,False,False,False,False,False,,,,,,,
2026-07-12,00:00,40.8015284,-73.9525569,ST NICHOLAS AVE,10026,28,UNKNOWN,Street,0.16667009642429237,False,MANHATTAN,"(40.8015284, -73.9525569)",trafficstat,False,False,False,False,False,False,False,False,False,,,,,,,
2026-07-11,00:00,40.8063542,-73.953955,W  119 ST,10026,28,UNKNOWN,Street,1.9293580971894626,False,MANHATTAN,"(40.8063542, -73.953955)",trafficstat,True,False,False,True,False,False,False,False,False,,,,,,,
2026-07-11,00:00,40.804523,-73.95157,W  118 ST,10026,28,UNKNOWN,Street,3.3597330122399796,False,MANHATTAN,"(40.804523, -73.95157)",trafficstat,True,False,False,True,False,False,False,False,False,,,,,,,
2026-07-11,00:00,40.8039671,-73.9561322,W  115 ST,10026,28,OTHER,Street,32.39744670388338,False,MANHATTAN,"(40.8039671, -73.9561322)",trafficstat,False,False,False,False,False,False,False,False,False,,,,,,,
2026-07-11,00:00,40.8091282,-73.9491178,W  125 ST,10027,28,OTHER,Street,59.34689868366398,False,MANHATTAN,"(40.8091282, -73.9491178)",trafficstat,True,False,True,False,False,False,False,False,False,,,,,,,
2026-07-08,00:00,40.8098829,-73.9482549,W  126 ST,10027,28,UNKNOWN,Street,18.42992009582972,False,MANHATTAN,"(40.8098829, -73.9482549)",trafficstat,False,False,False,False,False,False,False,False,False,,,,,,,
2026-07-07,00:00,40.802488,-73.9567787,FREDERICK DOUGLASS BLVD,10026,28,OTHER,Street,1.5312287440567638,False,MANHATTAN,"(40.802488, -73.9567787)",trafficstat,True,False,True,False,False,False,False,False,False,,,,,,,
2026-07-05,00:00,40.8070455,-73.943341,W  125 ST,10027,28,UNKNOWN,Street,53.40896976578418,False,MANHATTAN,"(40.8070455, -73.943341)",trafficstat,False,False,False,False,False,False,False,False,False,,,,,,,
2026-07-05,00:00,40.8069758,-73.943175,W  125 ST,10027,28,OTHER,Street,53.49778327859858,False,MANHATTAN,"(40.8069758, -73.943175)",trafficstat,True,False,True,False,False,False,False,False,False,,,,,,,
2026-07-04,00:00,40.8077723,-73.9454832,W  125 ST,10027,28,UNKNOWN,Street,2.730958837006596,False,MANHATTAN,"(40.8077723, -73.9454832)",trafficstat,True,False,False,False,False,True,False,False,True,,,,,,,
2026-07-04,00:00,40.8083633,-73.9464717,W  125 ST,10027,28,UNKNOWN,Street,52.73340924200472,False,MANHATTAN,"(40.8083633, -73.9464717)",trafficstat,True,False,False,False,False,False,False,False,False,,,,,,,
2026-07-03,00:00,40.8067681,-73.950736,W  121 ST,10027,28,OTHER,Street,38.673061665091105,False,MANHATTAN,"(40.8067681, -73.950736)",trafficstat,False,False,False,False,False,False,False,False,False,,,,,,,
2026-07-03,00:00,40.8072722,-73.9486256,W  123 ST,10027,28,UNKNOWN,Street,41.243240815325734,False,MANHATTAN,"(40.8072722, -73.9486256)",trafficstat,False,False,False,False,False,False,False,False,False,,,,,,,
2026-07-02,00:00,40.7981286,-73.9483119,5 AVE,10026,28,OTHER,Street,1.7337394113847624,False,MANHATTAN,"(40.7981286, -73.9483119)",trafficstat,True,False,True,False,False,False,False,False,False,,,,,,,
2026-06-30,00:00,40.7988611,-73.9535406,CENTRAL PARK N,10026,28,OTHER,Street,49.54576132923596,False,MANHATTAN,"(40.7988611, -73.9535406)",trafficstat,True,False,False,True,False,False,False,False,False,,,,,,,
2026-06-30,00:00,40.8027507,-73.9518895,W  116 ST,10026,28,UNKNOWN,Street,66.03082556224797,False,MANHATTAN,"(40.8027507, -73.9518895)",trafficstat,True,False,False,True,False,False,False,False,False,,,,,,,
2026-06-30,00:00,40.8018448,-73.9488407,W  116 ST,10026,28,OTHER,Street,53.47062592552709,False,MANHATTAN,"(40.8018448, -73.9488407)",trafficstat,False,False,False,False,False,False,False,False,False,,,,,,,
2026-06-30,00:00,40.8051536,-73.9511131,W  119 ST,10026,28,UNKNOWN,Street,2.61204668101183,False,MANHATTAN,"(40.8051536, -73.9511131)",trafficstat,False,False,False,False,False,False,False,False,False,,,,,,,
2026-06-28,00:00,40.8071266,-73.9443585,W  125 ST,10027,28,UNKNOWN,Street,57.40559163119058,False,MANHATTAN,"(40.8071266, -73.9443585)",trafficstat,False,False,False,False,False,False,False,False,False,,,,,,,
2026-06-26,00:00,40.8066877,-73.9459448,LENOX AVE,10027,28,OTHER,Street,56.13529935087664,False,MANHATTAN,"(40.8066877, -73.9459448)",trafficstat,True,False,False,False,False,False,False,False,True,,,,,,,
2026-06-23,00:00,40.7992062,-73.9497859,W  112 ST,10026,28,UNKNOWN,Street,147.23768575009402,False,MANHATTAN,"(40.7992062, -73.9497859)",trafficstat,False,False,False,False,False,False,False,False,False,,,,,,,
2026-06-21,00:00,40.7992062,-73.9497859,W  112 ST,10026,28,OTHER,Street,147.23768575009402,False,MANHATTAN,"(40.7992062, -73.9497859)",trafficstat,False,False,False,False,False,False,False,False,False,,,,,,,
2026-06-22,00:00,40.8058379,-73.9469008,W  122 ST,10027,28,UNKNOWN,Street,2.869825366185629,False,MANHATTAN,"(40.8058379, -73.9469008)",trafficstat,False,False,False,False,False,False,False,False,False,,,,,,,
2026-06-22,00:00,40.8087893,-73.9461169,W  126 ST,10027,28,UNKNOWN,Street,43.50549010541296,False,MANHATTAN,"(40.8087893, -73.9461169)",trafficstat,False,False,False,False,False,False,False,False,False,,,,,,,
2026-06-21,00:00,40.8067854,-73.9435452,W  125 ST,10027,28,OTHER,Street,56.88072975607849,False,MANHATTAN,"(40.8067854, -73.9435452)",trafficstat,True,False,True,False,False,False,False,False,False,,,,,,,
2026-06-20,00:00,40.8097391,-73.9505565,W  125 ST,10027,28,OTHER,Street,58.56622341996408,False,MANHATTAN,"(40.8097391, -73.9505565)",trafficstat,False,False,False,False,False,False,False,False,False,,,,,,,
2026-06-20,00:00,40.8107971,-73.9503128,W  126 ST,10027,28,OTHER,Street,32.35264636148789,False,MANHATTAN,"(40.8107971, -73.9503128)",trafficstat,True,False,False,False,False,False,False,False,False,,,,,,,
2026-06-17,00:00,40.8070138,-73.9440826,W  125 ST,10027,28,OTHER,Street,56.28899464052041,False,MANHATTAN,"(40.8070138, -73.9440826)",trafficstat,False,False,False,False,False,False,False,False,False,,,,,,,
2026-06-17,00:00,40.808187,-73.9460513,W  125 ST,10027,28,OTHER,Street,53.05076948878752,False,MANHATTAN,"(40.808187, -73.9460513)",trafficstat,True,False,True,False,False,False,False,False,False,,,,,,,
2026-06-16,00:00,40.805096,-73.95487,W  117 ST,10026,28,UNKNOWN,Street,2.134587349186025,False,MANHATTAN,"(40.805096, -73.95487)",trafficstat,False,False,False,False,False,False,False,False,False,,,,,,,
2026-06-15,00:00,40.8062653,-73.9426013,5 AVE,10035,28,UNKNOWN,Street,53.49780445585086,False,MANHATTAN,"(40.8062653, -73.9426013)",trafficstat,True,False,False,False,False,False,False,True,False,,,,,,,
2026-06-14,00:00,40.800489,-73.9517806,W  113 ST,10026,28,UNKNOWN,Street,32.66932865061934,False,MANHATTAN,"(40.800489, -73.9517806)",trafficstat,False,False,False,False,False,False,False,False,False,,,,,,,
2026-06-12,00:00,40.8001072,-73.9533524,W  112 ST,10026,28,UNKNOWN,Street,38.40729042496038,False,MANHATTAN,"(40.8001072, -73.9533524)",trafficstat,False,False,False,False,False,False,False,False,False,,,,,,,