crash_date,crash_time,latitude,longitude,on_street_name,zip_code,precinct,collision_type,roadway_type,geocode_dist_feet,time_is_known,borough,location,source,injury,fatality,injured_pedestrian,injured_cyclist,injured_ebike_rider,injured_motorcyclist,injured_moped_rider,injured_car_occupant,injured_suv_occupant,number_of_persons_injured,number_of_persons_killed,contributing_factor_vehicle_1,collision_id,cross_street_name,off_street_name,vehicle_type_code1
2026-06-12,00:00,40.8025198,-73.9465462,W  118 ST,10026,28,UNKNOWN,Street,32.90791021082277,False,MANHATTAN,"(40.8025198, -73.9465462)",trafficstat,False,False,False,False,False,False,False,False,False,,,,,,,
2026-06-12,00:00,40.8035739,-73.9557557,W  115 ST,10026,28,UNKNOWN,Street,42.11147233200772,False,MANHATTAN,"(40.8035739, -73.9557557)",trafficstat,False,False,False,False,False,False,False,False,False,,,,,,,
2026-09-12,00:00,40.8262441,-73.9428906,ST NICHOLAS AVE,10031,30,UNKNOWN,Street,62.848402452773286,False,MANHATTAN,"(40.8262441, -73.9428906)",trafficstat,True,False,False,False,True,False,False,False,False,,,,,,,
2026-09-11,00:00,40.8257582,-73.950939,W  144 ST,10031,30,UNKNOWN,Street,2.103900610588508,False,MANHATTAN,"(40.8257582, -73.950939)",trafficstat,False,False,False,False,False,False,False,False,False,,,,,,,
2026-09-11,00:00,40.8240317,-73.9447581,ST NICHOLAS AVE,10030,30,UNKNOWN,Street,0.9245115828492833,False,MANHATTAN,"(40.8240317, -73.9447581)",trafficstat,False,False,False,False,False,False,False,False,False,,,,,,,
2026-09-10,00:00,40.8214599,-73.956835,RIVERSIDE DR,10031,30,UNKNOWN,Street,37.139197623923984,False,MANHATTAN,"(40.8214599, -73.956835)",trafficstat,False,False,False,False,False,False,False,False,False,,,,,,,
2026-09-09,00:00,40.8214795,-73.9521579,W  138 ST,10031,30,UNKNOWN,Street,28.398373497069297,False,MANHATTAN,"(40.8214795, -73.9521579)",trafficstat,False,False,False,False,False,False,False,False,False,,,,,,,
2026-09-07,00:00,40.8256617,-73.9432819,ST NICHOLAS AVE,10031,30,OTHER,Street,71.9221773930207,False,MANHATTAN,"(40.8256617, -73.9432819)",trafficstat,False,False,False,False,False,False,False,False,False,,,,,,,
2026-09-05,00:00,40.8308918,-73.9413665,ST NICHOLAS AVE,10032,30,UNKNOWN,Street,1.5230422558812629,False,MANHATTAN,"(40.8308918, -73.9413665)",trafficstat,True,False,False,False,False,False,False,True,False,,,,,,,
2026-07-05,00:00,40.8308918,-73.9413665,ST NICHOLAS AVE,10032,30,UNKNOWN,Street,1.5230422558812629,False,MANHATTAN,"(40.8308918, -73.9413665)",trafficstat,True,False,False,False,False,False,False,True,True,,,,,,,
2026-07-05,00:00,40.8308918,-73.9413665,ST NICHOLAS AVE,10032,30,OTHER,Street,1.5230422558812629,False,MANHATTAN,"(40.8308918, -73.9413665)",trafficstat,True,False,False,False,False,False,False,True,True,,,,,,,
2026-06-25,00:00,40.8308918,-73.9413665,ST NICHOLAS AVE,10032,30,UNKNOWN,Street,1.5230422558812629,False,MANHATTAN,"(40.8308918, -73.9413665)",trafficstat,False,False,False,False,False,False,False,False,False,,,,,,,
2026-09-05,00:00,40.82965,-73.94438,AMSTERDAM AVE,10031,30,UNKNOWN,Street,2.1403739112266424,False,MANHATTAN,"(40.82965, -73.94438)",trafficstat,True,False,False,False,True,False,False,False,False,,,,,,,
2026-06-15,00:00,40.82965,-73.94438,AMSTERDAM AVE,10031,30,OTHER,Street,2.1403739112266424,False,MANHATTAN,"(40.82965, -73.94438)",trafficstat,True,False,False,True,False,False,False,False,False,,,,,,,
2026-09-04,00:00,40.8232595,-73.9429233,BRADHURST AVE,10030,30,OTHER,Street,2.3272931234353442,False,MANHATTAN,"(40.8232595, -73.9429233)",trafficstat,True,False,True,False,False,False,False,False,False,,,,,,,
2026-07-10,00:00,40.8232595,-73.9429233,BRADHURST AVE,10030,30,OTHER,Street,2.3272931234353442,False,MANHATTAN,"(40.8232595, -73.9429233)",trafficstat,True,False,False,False,True,False,False,False,False,,,,,,,
2026-06-22,00:00,40.8232595,-73.9429233,BRADHURST AVE,10030,30,OTHER,Street,2.3272931234353442,False,MANHATTAN,"(40.8232595, -73.9429233)",trafficstat,False,False,False,False,False,False,False,False,False,,,,,,,
2026-09-03,00:00,40.8225038,-73.9445712,EDGECOMBE AVE,10030,30,OTHER,Street,45.97277077690496,False,MANHATTAN,"(40.8225038, -73.9445712)",trafficstat,False,False,False,False,False,False,False,False,False,,,,,,,
2026-09-02,00:00,40.8227697,-73.9508486,HAMILTON PL,10031,30,UNKNOWN,Street,44.22585626165206,False,MANHATTAN,"(40.8227697, -73.9508486)",trafficstat,False,False,False,False,False,False,False,False,False,,,,,,,
2026-09-02,00:00,40.8266122,-73.9499894,BROADWAY,10031,30,UNKNOWN,Street,48.46147289260247,False,MANHATTAN,"(40.8266122, -73.9499894)",trafficstat,False,False,False,False,False,False,False,False,False,,,,,,,
2026-09-01,00:00,40.8270074,-73.948066,W  147 ST,10031,30,UNKNOWN,Street,38.85429614047809,False,MANHATTAN,"(40.8270074, -73.948066)",trafficstat,False,False,False,False,False,False,False,False,False,,,,,,,
2026-08-31,00:00,40.8291945,-73.9449402,W  151 ST,10031,30,UNKNOWN,Street,38.17368598548823,False,MANHATTAN,"(40.8291945, -73.9449402)",trafficstat,False,False,False,False,False,False,False,False,False,,,,,,,
2026-08-28,00:00,40.8278464,-73.9423677,W  151 ST,10031,30,UNKNOWN,Street,45.58244373631737,False,MANHATTAN,"(40.8278464, -73.9423677)",trafficstat,False,False,False,False,False,False,False,False,False,,,,,,,
2026-08-26,00:00,40.8270376,-73.9401378,BRADHURST AVE,10039,30,UNKNOWN,Street,2.3822490478830183,False,MANHATTAN,"(40.8270376, -73.9401378)",trafficstat,False,False,False,False,False,False,False,False,False,,,,,,,
2026-08-26,00:00,40.8236056,-73.9452066,ST NICHOLAS AVE,10030,30,UNKNOWN,Street,62.830717909365454,False,MANHATTAN,"(40.8236056, -73.9452066)",trafficstat,True,False,False,True,False,False,False,False,False,,,,,,,
2026-08-26,00:00,40.8220182,-73.9536696,W  138 ST,10031,30,UNKNOWN,Street,2.050983662635157,False,MANHATTAN,"(40.8220182, -73.9536696)",trafficstat,False,False,False,False,False,False,False,False,False,,,,,,,
2026-07-29,00:00,40.8220182,-73.9536696,W  138 ST,10031,30,UNKNOWN,Street,2.050983662635157,False,MANHATTAN,"(40.8220182, -73.9536696)",trafficstat,True,False,True,False,False,False,False,False,False,,,,,,,
2026-08-23,00:00,40.8207697,-73.9545846,W  136 ST,10031,30,UNKNOWN,Street,2.241474084971688,False,MANHATTAN,"(40.8207697, -73.9545846)",trafficstat,True,False,False,False,False,False,True,False,False,,,,,,,
2026-08-23,00:00,40.825855,-73.949496,W  145 ST,10031,30,UNKNOWN,Street,57.68222732289532,False,MANHATTAN,"(40.825855, -73.949496)",trafficstat,True,False,True,False,False,False,False,False,False,,,,,,,
2026-08-22,00:00,40.8220716,-73.9499228,AMSTERDAM AVE,10031,30,UNKNOWN,Street,1.6850281405594854,False,MANHATTAN,"(40.8220716, -73.9499228)",trafficstat,True,False,True,False,False,False,False,False,False,,,,,,,
2026-08-19,00:00,40.8251782,-73.9510381,BROADWAY,10031,30,UNKNOWN,Street,51.39807046237223,False,MANHATTAN,"(40.8251782, -73.9510381)",trafficstat,True,False,True,False,False,False,False,False,False,,,,,,,
2026-08-18,00:00,40.8289739,-73.9485915,W  149 ST,10031,30,OTHER,Street,2.848234487982153,False,MANHATTAN,"(40.8289739, -73.9485915)",trafficstat,True,False,False,True,False,False,False,False,False,,,,,,,
2026-08-18,00:00,40.8214625,-73.9446049,W  142 ST,10030,30,UNKNOWN,Street,2.4579950420559413,False,MANHATTAN,"(40.8214625, -73.9446049)",trafficstat,False,False,False,False,False,False,False,False,False,,,,,,,
2026-08-18,00:00,40.8248777,-73.9540453,RIVERSIDE DR,10031,30,UNKNOWN,Street,31.71095338541448,False,MANHATTAN,"(40.8248777, -73.9540453)",trafficstat,False,False,False,False,False,False,False,False,False,,,,,,,
2026-08-15,00:00,40.8229896,-73.9450753,ST NICHOLAS AVE,10030,30,UNKNOWN,Street,47.857539826176,False,MANHATTAN,"(40.8229896, -73.9450753)",trafficstat,True,False,False,True,False,False,False,False,False,,,,,,,
2026-08-13,00:00,40.8220899,-73.9459467,ST NICHOLAS AVE,10030,30,UNKNOWN,Street,67.09805363633244,False,MANHATTAN,"(40.8220899, -73.9459467)",trafficstat,True,False,False,False,False,False,False,False,False,,,,,,,
2026-08-10,00:00,40.8254215,-73.9503875,W  144 ST,10031,30,UNKNOWN,Street,35.53715922595325,False,MANHATTAN,"(40.8254215, -73.9503875)",trafficstat,True,False,False,False,False,False,False,False,True,,,,,,,
2026-08-09,00:00,40.8241,-73.948906,W  143 ST,10031,30,UNKNOWN,Street,1.1459099731248308,False,MANHATTAN,"(40.8241, -73.948906)",trafficstat,False,False,False,False,False,False,False,False,False,,,,,,,
2026-08-07,00:00,40.82394,-73.948555,AMSTERDAM AVE,10031,30,UNKNOWN,Street,1.2788650343752808,False,MANHATTAN,"(40.82394, -73.948555)",trafficstat,True,False,True,False,False,False,False,False,False,,,,,,,
2026-08-07,00:00,40.817799,-73.9532735,W  133 ST,10027,30,UNKNOWN,Street,49.93819558055058,False,MANHATTAN,"(40.817799, -73.9532735)",trafficstat,True,False,True,False,False,False,False,False,False,,,,,,,
2026-08-06,00:00,40.8292386,-73.9449081,AMSTERDAM AVE,10031,30,OTHER,Street,53.69235617629026,False,MANHATTAN,"(40.8292386, -73.9449081)",trafficstat,False,False,False,False,False,False,False,False,False,,,,,,,
2026-08-06,00:00,40.8290216,-73.9448371,AMSTERDAM AVE,10031,30,UNKNOWN,Street,1.6502003945109445,False,MANHATTAN,"(40.8290216, -73.9448371)",trafficstat,False,False,False,False,False,False,False,False,False,,,,,,,
2026-06-20,00:00,40.8290216,-73.9448371,AMSTERDAM AVE,10031,30,OTHER,Street,1.6502003945109445,False,MANHATTAN,"(40.8290216, -73.9448371)",trafficstat,True,True,False,False,True,False,False,False,False,,,,,,,
2026-08-04,00:00,40.8214383,-73.9506229,W  139 ST,10031,30,UNKNOWN,Street,37.76852564089379,False,MANHATTAN,"(40.8214383, -73.9506229)",trafficstat,False,False,False,False,False,False,False,False,False,,,,,,,
2026-08-04,00:00,40.8265303,-73.9466603,AMSTERDAM AVE,10031,30,OTHER,Street,1.844328206633827,False,MANHATTAN,"(40.8265303, -73.9466603)",trafficstat,False,False,False,False,False,False,False,False,False,,,,,,,
2026-07-26,00:00,40.8265303,-73.9466603,AMSTERDAM AVE,10031,30,OTHER,Street,1.844328206633827,False,MANHATTAN,"(40.8265303, -73.9466603)",trafficstat,False,False,False,False,False,False,False,False,False,,,,,,,
2026-07-22,00:00,40.8265303,-73.9466603,AMSTERDAM AVE,10031,30,UNKNOWN,Street,1.844328206633827,False,MANHATTAN,"(40.8265303, -73.9466603)",trafficstat,True,False,False,True,False,False,False,False,False,,,,,,,
2026-08-04,00:00,40.8250603,-73.9509512,W  143 ST,10031,30,UNKNOWN,Street,34.45274031879752,False,MANHATTAN,"(40.8250603, -73.9509512)",trafficstat,True,False,True,False,False,False,False,False,False,,,,,,,
2026-08-04,00:00,40.8264148,-73.9405936,BRADHURST AVE,10039,30,UNKNOWN,Street,1.8334064313985783,False,MANHATTAN,"(40.8264148, -73.9405936)",trafficstat,False,False,False,False,False,False,False,False,False,,,,,,,
2026-08-03,00:00,40.8239401,-73.948552,AMSTERDAM AVE,10031,30,UNKNOWN,Street,1.988795925485321,False,MANHATTAN,"(40.8239401, -73.948552)",trafficstat,True,False,False,False,False,False,False,True,False,,,,,,,
2026-08-03,00:00,40.8315678,-73.9429812,AMSTERDAM AVE,10032,30,UNKNOWN,Street,1.4275204510797999,False,MANHATTAN,"(40.8315678, -73.9429812)",trafficstat,True,False,False,False,True,False,False,False,False,,,,,,,
2026-08-02,00:00,40.8300216,-73.9415143,ST NICHOLAS AVE,10032,30,UNKNOWN,Street,54.3599207543704,False,MANHATTAN,"(40.8300216, -73.9415143)",trafficstat,True,False,False,True,False,False,False,False,False,,,,,,,
2026-08-02,00:00,40.8248974,-73.9510758,W  143 ST,10031,30,UNKNOWN,Street,34.16937678428191,False,MANHATTAN,"(40.8248974, -73.9510758)",trafficstat,False,False,False,False,False,False,False,False,False,,,,,,,
2026-08-02,00:00,40.8206256,-73.9559346,W  135 ST,10031,30,UNKNOWN,Street,49.119343591574975,False,MANHATTAN,"(40.8206256, -73.9559346)",trafficstat,False,False,False,False,False,False,False,False,False,,,,,,,
2026-08-01,00:00,40.8200975,-73.9550764,W  135 ST,10031,30,UNKNOWN,Street,2.3296098427907537,False,MANHATTAN,"(40.8200975, -73.9550764)",trafficstat,False,False,False,False,False,False,False,False,False,,,,,,,
2026-08-01,00:00,40.8307021,-73.9494392,RIVERSIDE DR,10031,30,UNKNOWN,Street,29.096886734512996,False,MANHATTAN,"(40.8307021, -73.9494392)",trafficstat,False,False,False,False,False,False,False,False,False,,,,,,,
2026-07-31,00:00,40.8212369,-73.9507543,AMSTERDAM AVE,10031,30,UNKNOWN,Street,52.55893364582809,False,MANHATTAN,"(40.8212369, -73.9507543)",trafficstat,True,False,False,True,False,False,False,False,False,,,,,,,
2026-07-31,00:00,40.823647,-73.9438443,EDGECOMBE AVE,10030,30,UNKNOWN,Street,1.0599926919008025,False,MANHATTAN,"(40.823647, -73.9438443)",trafficstat,False,False,False,False,False,False,False,False,False,,,,,,,
2026-07-14,00:00,40.823647,-73.9438443,EDGECOMBE AVE,10030,30,UNKNOWN,Street,1.0599926919008025,False,MANHATTAN,"(40.823647, -73.9438443)",trafficstat,False,False,False,False,False,False,False,False,False,,,,,,,
2026-07-30,00:00,40.8251799,-73.9531526,W  142 ST,10031,30,UNKNOWN,Street,29.42822381650461,False,MANHATTAN,"(40.8251799, -73.9531526)",trafficstat,False,False,False,False,False,False,False,False,False,,,,,,,
2026-07-29,00:00,40.8271531,-73.9462009,AMSTERDAM AVE,10031,30,UNKNOWN,Street,2.303773274944496,False,MANHATTAN,"(40.8271531, -73.9462009)",trafficstat,False,False,False,False,False,False,False,False,False,,,,,,,
2026-07-29,00:00,40.82403,-73.944756,ST NICHOLAS AVE,10030,30,UNKNOWN,Street,1.6820815018989412,False,MANHATTAN,"(40.82403, -73.944756)",trafficstat,False,False,False,False,False,False,False,False,False,,,,,,,
2026-07-19,00:00,40.82403,-73.944756,ST NICHOLAS AVE,10030,30,OTHER,Street,1.6820815018989412,False,MANHATTAN,"(40.82403, -73.944756)",trafficstat,True,False,True,False,False,False,False,False,False,,,,,,,
2026-07-28,00:00,40.8327865,-73.9460293,BROADWAY,10032,30,UNKNOWN,Street,19.801588925173938,False,MANHATTAN,"(40.8327865, -73.9460293)",trafficstat,False,False,False,False,False,False,False,False,False,,,,,,,
2026-07-27,00:00,40.8284487,-73.9405272,EDGECOMBE AVE,10032,30,UNKNOWN,Street,41.12355057299977,False,MANHATTAN,"(40.8284487, -73.9405272)",trafficstat,False,False,False,False,False,False,False,False,False,,,,,,,
2026-07-27,00:00,40.8298698,-73.9490374,W  150 ST,10031,30,UNKNOWN,Street,35.34507317374533,False,MANHATTAN,"(40.8298698, -73.9490374)",trafficstat,False,False,False,False,False,False,False,False,False,,,,,,,
2026-07-26,00:00,40.8291713,-73.9399984,EDGECOMBE AVE,10032,30,UNKNOWN,Street,40.36011589226322,False,MANHATTAN,"(40.8291713, -73.9399984)",trafficstat,True,False,True,False,False,False,False,False,False,,,,,,,
2026-07-25,00:00,40.8308901,-73.9434732,AMSTERDAM AVE,10032,30,UNKNOWN,Street,1.6822735142637528,False,MANHATTAN,"(40.8308901, -73.9434732)",trafficstat,True,False,False,True,False,False,False,False,False,,,,,,,
2026-07-25,00:00,40.7538917,-73.9785985,MADISON AVE,10173,30,OTHER,Street,26.04469621670776,False,MANHATTAN,"(40.7538917, -73.9785985)",trafficstat,True,False,False,False,False,False,False,True,True,,,,,,,
2026-07-20,00:00,40.7538917,-73.9785985,MADISON AVE,10173,30,UNKNOWN,Street,26.04469621670776,False,MANHATTAN,"(40.7538917, -73.9785985)",trafficstat,True,False,False,False,True,False,False,False,False,,,,,,,
2026-07-15,00:00,40.7538917,-73.9785985,MADISON AVE,10173,30,OTHER,Street,26.04469621670776,False,MANHATTAN,"(40.7538917, -73.9785985)",trafficstat,True,False,False,False,False,False,False,False,False,,,,,,,
2026-07-13,00:00,40.7538917,-73.9785985,MADISON AVE,10173,30,UNKNOWN,Street,26.04469621670776,False,MANHATTAN,"(40.7538917, -73.9785985)",trafficstat,True,False,True,False,False,False,False,False,False,,,,,,,
2026-07-01,00:00,40.7538917,-73.9785985,MADISON AVE,10173,30,UNKNOWN,Street,26.04469621670776,False,MANHATTAN,"(40.7538917, -73.9785985)",trafficstat,False,False,False,False,False,False,False,False,False,,,,,,,
2026-06-16,00:00,40.7538917,-73.9785985,MADISON AVE,10173,30,UNKNOWN,Street,26.04469621670776,False,MANHATTAN,"(40.7538917, -73.9785985)",trafficstat,True,False,False,False,False,False,False,False,True,,,,,,,
2026-07-24,00:00,40.8226889,-73.9494635,AMSTERDAM AVE,10031,30,UNKNOWN,Street,2.2888625668684144,False,MANHATTAN,"(40.8226889, -73.9494635)",trafficstat,True,False,False,True,False,False,False,False,False,,,,,,,
2026-07-23,00:00,40.8226889,-73.9494635,AMSTERDAM AVE,10031,30,UNKNOWN,Street,2.2888625668684144,False,MANHATTAN,"(40.8226889, -73.9494635)",trafficstat,True,False,False,False,False,False,False,False,False,,,,,,,
2026-07-23,00:00,40.828445,-73.94154,ST NICHOLAS PL,10031,30,UNKNOWN,Street,2.2926497414788782,False,MANHATTAN,"(40.828445, -73.94154)",trafficstat,False,False,False,False,False,False,False,False,False,,,,,,,
2026-07-22,00:00,40.8219935,-73.9454918,ST NICHOLAS AVE,10030,30,UNKNOWN,Street,63.236700734733844,False,MANHATTAN,"(40.8219935, -73.9454918)",trafficstat,True,False,False,True,False,False,False,False,False,,,,,,,
2026-07-21,00:00,40.8242425,-73.9529964,W  141 ST,10031,30,UNKNOWN,Street,18.420725167210232,False,MANHATTAN,"(40.8242425, -73.9529964)",trafficstat,False,False,False,False,False,False,False,False,False,,,,,,,
2026-07-19,00:00,40.8274283,-73.9493888,BROADWAY,10031,30,UNKNOWN,Street,49.811242938199484,False,MANHATTAN,"(40.8274283, -73.9493888)",trafficstat,False,False,False,False,False,False,False,False,False,,,,,,,
2026-07-18,00:00,40.8200028,-73.9588665,RIVERSIDE DR,10027,30,UNKNOWN,Bridge,2.159998574955458,False,MANHATTAN,"(40.8200028, -73.9588665)",trafficstat,True,False,False,False,False,False,False,False,True,,,,,,,
2026-07-18,00:00,40.8219987,-73.9526405,HAMILTON PL,10031,30,OTHER,Street,38.1967309107638,False,MANHATTAN,"(40.8219987, -73.9526405)",trafficstat,False,False,False,False,False,False,False,False,False,,,,,,,
2026-07-14,00:00,40.8283099,-73.943143,CONVENT AVE,10031,30,UNKNOWN,Street,2.1298573729550436,False,MANHATTAN,"(40.8283099, -73.943143)",trafficstat,False,False,False,False,False,False,False,False,False,,,,,,,
2026-07-13,00:00,40.8252324,-73.9476044,AMSTERDAM AVE,10031,30,UNKNOWN,Street,2.008089400080249,False,MANHATTAN,"(40.8252324, -73.9476044)",trafficstat,True,False,False,True,False,False,False,False,False,,,,,,,
2026-07-13,00:00,40.8249272,-73.9530937,W  142 ST,10031,30,UNKNOWN,Street,42.110422266042235,False,MANHATTAN,"(40.8249272, -73.9530937)",trafficstat,False,False,False,False,False,False,False,False,False,,,,,,,
2026-07-12,00:00,40.8235477,-73.9553848,W  139 ST,10031,30,UNKNOWN,Street,2.670864996461201,False,MANHATTAN,"(40.8235477, -73.9553848)",trafficstat,True,False,False,False,False,False,False,True,False,,,,,,,
2026-06-19,00:00,40.8235477,-73.9553848,W  139 ST,10031,30,UNKNOWN,Street,2.670864996461201,False,MANHATTAN,"(40.8235477, -73.9553848)",trafficstat,False,False,False,False,False,False,False,False,False,,,,,,,
2026-07-12,00:00,40.8287367,-73.9522066,HENRY HUDSON PKWY,10032,30,UNKNOWN,Highway,1.0821837920701711,False,MANHATTAN,"(40.8287367, -73.9522066)",trafficstat,False,False,False,False,False,False,False,False,False,,,,,,,
2026-07-10,00:00,40.827778,-73.94575,AMSTERDAM AVE,10031,30,UNKNOWN,Street,0.785385318081135,False,MANHATTAN,"(40.827778, -73.94575)",trafficstat,False,False,False,False,False,False,False,False,False,,,,,,,
2026-07-09,00:00,40.827778,-73.94575,AMSTERDAM AVE,10031,30,UNKNOWN,Street,0.785385318081135,False,MANHATTAN,"(40.827778, -73.94575)",trafficstat,True,False,False,False,False,True,False,True,False,,,,,,,
2026-06-12,00:00,40.827778,-73.94575,AMSTERDAM AVE,10031,30,UNKNOWN,Street,0.785385318081135,False,MANHATTAN,"(40.827778, -73.94575)",trafficstat,False,False,False,False,False,False,False,False,False,,,,,,,
2026-07-10,00:00,40.8216244,-73.9449641,EDGECOMBE AVE,10030,30,UNKNOWN,Street,38.89969615165761,False,MANHATTAN,"(40.8216244, -73.9449641)",trafficstat,True,False,False,True,False,False,False,False,False,,,,,,,
2026-07-09,00:00,40.8290064,-73.9464178,W  150 ST,10031,30,UNKNOWN,Street,40.066982692633935,False,MANHATTAN,"(40.8290064, -73.9464178)",trafficstat,False,False,False,False,False,False,False,False,False,,,,,,,
2026-07-07,00:00,40.8231551,-73.954705,W  139 ST,10031,30,UNKNOWN,Street,37.50585759557975,False,MANHATTAN,"(40.8231551, -73.954705)",trafficstat,False,False,False,False,False,False,False,False,False,,,,,,,
2026-07-07,00:00,40.821787,-73.9514529,W  139 ST,10031,30,OTHER,Street,38.00030938796779,False,MANHATTAN,"(40.821787, -73.9514529)",trafficstat,False,False,False,False,False,False,False,False,False,,,,,,,
2026-07-06,00:00,40.8208049,-73.9579727,RIVERSIDE DR,10031,30,UNKNOWN,Bridge,48.17528101680924,False,MANHATTAN,"(40.8208049, -73.9579727)",trafficstat,False,False,False,False,False,False,False,False,False,,,,,,,
2026-07-05,00:00,40.8232206,-73.9474496,CONVENT AVE,10031,30,UNKNOWN,Street,42.36952651095946,False,MANHATTAN,"(40.8232206, -73.9474496)",trafficstat,False,False,False,False,False,False,False,False,False,,,,,,,
2026-07-05,00:00,40.8301553,-73.9396255,W  155 ST,10032,30,UNKNOWN,Bridge,2.6144072240495926,False,MANHATTAN,"(40.8301553, -73.9396255)",trafficstat,True,False,True,False,False,False,False,False,False,,,,,,,
2026-07-05,00:00,40.8277759,-73.9457487,AMSTERDAM AVE,10031,30,OTHER,Street,1.4715098306790877,False,MANHATTAN,"(40.8277759, -73.9457487)",trafficstat,True,False,False,False,False,False,False,False,True,,,,,,,
2026-07-05,00:00,40.8310352,-73.9421956,W  155 ST,10032,30,UNKNOWN,Street,67.29667868986422,False,MANHATTAN,"(40.8310352, -73.9421956)",trafficstat,False,False,False,False,False,False,False,False,False,,,,,,,
2026-07-05,00:00,40.8273671,-73.9440232,CONVENT AVE,10031,30,UNKNOWN,Street,52.72896237146183,False,MANHATTAN,"(40.8273671, -73.9440232)",trafficstat,False,False,False,False,False,False,False,False,False,,,,,,,
2026-07-01,00:00,40.8276576,-73.9396892,BRADHURST AVE,10039,30,OTHER,Street,1.6676165639035467,False,MANHATTAN,"(40.8276576, -73.9396892)",trafficstat,False,False,False,False,False,False,False,False,False,,,,,,,
2026-06-30,00:00,40.8278094,-73.9509952,RIVERSIDE DR,10031,30,UNKNOWN,Street,40.211722102248736,False,MANHATTAN,"(40.8278094, -73.9509952)",trafficstat,False,False,False,False,False,False,False,False,False,,,,,,,
2026-06-29,00:00,40.8273436,-73.9427825,ST NICHOLAS AVE,10031,30,OTHER,Street,1.0014449485026402,False,MANHATTAN,"(40.8273436, -73.9427825)",trafficstat,True,False,False,False,False,False,False,True,True,,,,,,,
2026-06-27,00:00,40.8250171,-73.9494396,W  144 ST,10031,30,UNKNOWN,Street,37.43398340955071,False,MANHATTAN,"(40.8250171, -73.9494396)",trafficstat,False,False,False,False,False,False,False,False,False,,,,,,,
2026-06-26,00:00,40.8327103,-73.9502234,HENRY HUDSON PKWY,10032,30,UNKNOWN,Bridge,0.5734349559174077,False,MANHATTAN,"(40.8327103, -73.9502234)",trafficstat,True,False,False,False,False,False,False,False,True,,,,,,,
2026-06-26,00:00,40.8195719,-73.9517456,AMSTERDAM AVE,10031,30,UNKNOWN,Street,1.7152675488380575,False,MANHATTAN,"(40.8195719, -73.9517456)",trafficstat,True,False,False,True,False,False,False,False,False,,,,,,,
2026-06-25,00:00,40.8226438,-73.9532175,W  139 ST,10031,30,OTHER,Street,2.398496916852459,False,MANHATTAN,"(40.8226438, -73.9532175)",trafficstat,True,False,False,True,False,False,False,False,False,,,,,,,
2026-06-25,00:00,40.8274711,-73.9433573,W  150 ST,10031,30,UNKNOWN,Street,39.44941439380967,False,MANHATTAN,"(40.8274711, -73.9433573)",trafficstat,False,False,False,False,False,False,False,False,False,,,,,,,
2026-06-25,00:00,40.8259334,-73.9474243,W  146 ST,10031,30,UNKNOWN,Street,34.57574162994152,False,MANHATTAN,"(40.8259334, -73.9474243)",trafficstat,False,False,False,False,False,False,False,False,False,,,,,,,
2026-06-25,00:00,40.8313523,-73.9492308,RIVERSIDE DR,10031,30,UNKNOWN,Street,33.83580367057876,False,MANHATTAN,"(40.8313523, -73.9492308)",trafficstat,False,False,False,False,False,False,False,False,False,,,,,,,
2026-06-24,00:00,40.8199623,-73.9529274,W  136 ST,10031,30,UNKNOWN,Street,37.045547362401244,False,MANHATTAN,"(40.8199623, -73.9529274)",trafficstat,False,False,False,False,False,False,False,False,False,,,,,,,
2026-06-24,00:00,40.8203544,-73.9593301,HENRY HUDSON PKWY,10027,30,UNKNOWN,Highway,0.3032818614879062,False,MANHATTAN,"(40.8203544, -73.9593301)",trafficstat,True,False,False,False,False,False,False,True,True,,,,,,,
2026-06-19,00:00,40.8188023,-73.9560202,W  133 ST,10027,30,OTHER,Street,2.322402591389422,False,MANHATTAN,"(40.8188023, -73.9560202)",trafficstat,True,False,False,False,False,False,False,False,True,,,,,,,
2026-06-19,00:00,40.8289507,-73.9419217,ST NICHOLAS AVE,10031,30,OTHER,Street,55.91202517724158,False,MANHATTAN,"(40.8289507, -73.9419217)",trafficstat,True,False,True,True,False,False,False,False,False,,,,,,,
2026-06-18,00:00,40.8212629,-73.9460792,ST NICHOLAS AVE,10030,30,UNKNOWN,Street,1.148069665968588,False,MANHATTAN,"(40.8212629, -73.9460792)",trafficstat,True,False,False,True,False,False,False,False,False,,,,,,,
2026-06-18,00:00,40.821806,-73.9583321,HENRY HUDSON PKWY,10027,30,UNKNOWN,Highway,0.037663694010193094,False,MANHATTAN,"(40.821806, -73.9583321)",trafficstat,True,False,False,False,False,False,False,False,True,,,,,,,
2026-06-17,00:00,40.818949,-73.9522013,AMSTERDAM AVE,10031,30,OTHER,Street,1.6113453776509334,False,MANHATTAN,"(40.818949, -73.9522013)",trafficstat,True,False,False,True,False,False,False,False,False,,,,,,,
2026-06-16,00:00,40.818949,-73.9522013,AMSTERDAM AVE,10031,30,UNKNOWN,Street,1.6113453776509334,False,MANHATTAN,"(40.818949, -73.9522013)",trafficstat,False,False,False,False,False,False,False,False,False,,,,,,,
2026-06-16,00:00,40.8225729,-73.949773,AMSTERDAM AVE,10031,30,UNKNOWN,Street,51.6653433049811,False,MANHATTAN,"(40.8225729, -73.949773)",trafficstat,False,False,False,False,False,False,False,False,False,,,,,,,
2026-06-15,00:00,40.823647,-73.94385,EDGECOMBE AVE,10030,30,OTHER,Street,0.4229471164553431,False,MANHATTAN,"(40.823647, -73.94385)",trafficstat,True,False,False,True,False,False,False,True,False,,,,,,,