crash_date,crash_time,latitude,longitude,on_street_name,zip_code,precinct,collision_type,roadway_type,geocode_dist_feet,time_is_known,borough,location,source,injury,fatality,injured_pedestrian,injured_cyclist,injured_ebike_rider,injured_motorcyclist,injured_moped_rider,injured_car_occupant,injured_suv_occupant,number_of_persons_injured,number_of_persons_killed,contributing_factor_vehicle_1,collision_id,cross_street_name,off_street_name,vehicle_type_code1
2026-06-13,00:00,40.8245097,-73.9518504,W  142 ST,10031,30,UNKNOWN,Street,2.304394950101328,False,MANHATTAN,"(40.8245097, -73.9518504)",trafficstat,False,False,False,False,False,False,False,False,False,,,,,,,
2026-06-13,00:00,40.8215947,-73.9586537,HENRY HUDSON PARKWAY ET 12 SB,10027,30,UNKNOWN,Ramp,3.230205094672796,False,MANHATTAN,"(40.8215947, -73.9586537)",trafficstat,False,False,False,False,False,False,False,False,False,,,,,,,
2026-09-13,00:00,40.8228363,-73.9419156,FREDERICK DOUGLASS BLVD,10030,32,UNKNOWN,Street,2.379173927943732,False,MANHATTAN,"(40.8228363, -73.9419156)",trafficstat,True,False,False,True,False,False,False,False,False,,,,,,,
2026-09-04,00:00,40.8228363,-73.9419156,FREDERICK DOUGLASS BLVD,10030,32,UNKNOWN,Street,2.379173927943732,False,MANHATTAN,"(40.8228363, -73.9419156)",trafficstat,True,False,False,False,False,False,False,True,False,,,,,,,
2026-08-22,00:00,40.8228363,-73.9419156,FREDERICK DOUGLASS BLVD,10030,32,UNKNOWN,Street,2.379173927943732,False,MANHATTAN,"(40.8228363, -73.9419156)",trafficstat,True,False,False,False,False,False,False,True,False,,,,,,,
2026-08-20,00:00,40.8228363,-73.9419156,FREDERICK DOUGLASS BLVD,10030,32,UNKNOWN,Street,2.379173927943732,False,MANHATTAN,"(40.8228363, -73.9419156)",trafficstat,True,False,False,True,False,False,False,False,False,,,,,,,
2026-08-10,00:00,40.8228363,-73.9419156,FREDERICK DOUGLASS BLVD,10030,32,UNKNOWN,Street,2.379173927943732,False,MANHATTAN,"(40.8228363, -73.9419156)",trafficstat,False,False,False,False,False,False,False,False,False,,,,,,,
2026-07-04,00:00,40.8228363,-73.9419156,FREDERICK DOUGLASS BLVD,10030,32,UNKNOWN,Street,2.379173927943732,False,MANHATTAN,"(40.8228363, -73.9419156)",trafficstat,False,False,False,False,False,False,False,False,False,,,,,,,
2026-06-19,00:00,40.8228363,-73.9419156,FREDERICK DOUGLASS BLVD,10030,32,UNKNOWN,Street,2.379173927943732,False,MANHATTAN,"(40.8228363, -73.9419156)",trafficstat,True,False,False,True,False,False,False,False,False,,,,,,,
2026-09-12,00:00,40.8153057,-73.9436996,W  135 ST,10030,32,UNKNOWN,Street,2.736463251690428,False,MANHATTAN,"(40.8153057, -73.9436996)",trafficstat,True,False,False,False,False,False,False,False,False,,,,,,,
2026-09-11,00:00,40.8153057,-73.9436996,W  135 ST,10030,32,UNKNOWN,Street,2.736463251690428,False,MANHATTAN,"(40.8153057, -73.9436996)",trafficstat,False,False,False,False,False,False,False,False,False,,,,,,,
2026-09-04,00:00,40.8153057,-73.9436996,W  135 ST,10030,32,UNKNOWN,Street,2.736463251690428,False,MANHATTAN,"(40.8153057, -73.9436996)",trafficstat,False,False,False,False,False,False,False,False,False,,,,,,,
2026-07-20,00:00,40.8153057,-73.9436996,W  135 ST,10030,32,OTHER,Street,2.736463251690428,False,MANHATTAN,"(40.8153057, -73.9436996)",trafficstat,True,False,False,False,False,False,False,False,True,,,,,,,
2026-07-17,00:00,40.8153057,-73.9436996,W  135 ST,10030,32,UNKNOWN,Street,2.736463251690428,False,MANHATTAN,"(40.8153057, -73.9436996)",trafficstat,False,False,False,False,False,False,False,False,False,,,,,,,
2026-06-20,00:00,40.8153057,-73.9436996,W  135 ST,10030,32,UNKNOWN,Street,2.736463251690428,False,MANHATTAN,"(40.8153057, -73.9436996)",trafficstat,False,False,False,False,False,False,False,False,False,,,,,,,
2026-09-11,00:00,40.812739,-73.9376182,5 AVE,10037,32,UNKNOWN,Street,1.823900067958283,False,MANHATTAN,"(40.812739, -73.9376182)",trafficstat,False,False,False,False,False,False,False,False,False,,,,,,,
2026-06-13,00:00,40.812739,-73.9376182,5 AVE,10037,32,UNKNOWN,Street,1.823900067958283,False,MANHATTAN,"(40.812739, -73.9376182)",trafficstat,True,False,False,False,False,False,False,True,False,,,,,,,
2026-09-11,00:00,40.8176466,-73.9412027,W  139 ST,10030,32,UNKNOWN,Street,18.42157759103506,False,MANHATTAN,"(40.8176466, -73.9412027)",trafficstat,False,False,False,False,False,False,False,False,False,,,,,,,
2026-09-10,00:00,40.8203404,-73.940021,W  143 ST,10030,32,UNKNOWN,Street,2.7385241530143776,False,MANHATTAN,"(40.8203404, -73.940021)",trafficstat,False,False,False,False,False,False,False,False,False,,,,,,,
2026-09-10,00:00,40.8288537,-73.937749,FREDERICK DOUGLASS BLVD,10039,32,UNKNOWN,Street,55.63074628276392,False,MANHATTAN,"(40.8288537, -73.937749)",trafficstat,True,False,True,False,False,False,False,False,False,,,,,,,
2026-09-10,00:00,40.8141048,-73.9408539,W  135 ST,10030,32,UNKNOWN,Street,2.5974369098895544,False,MANHATTAN,"(40.8141048, -73.9408539)",trafficstat,False,False,False,False,False,False,False,False,False,,,,,,,
2026-08-18,00:00,40.8141048,-73.9408539,W  135 ST,10030,32,UNKNOWN,Street,2.5974369098895544,False,MANHATTAN,"(40.8141048, -73.9408539)",trafficstat,True,False,False,False,False,False,False,True,False,,,,,,,
2026-08-12,00:00,40.8141048,-73.9408539,W  135 ST,10030,32,OTHER,Street,2.5974369098895544,False,MANHATTAN,"(40.8141048, -73.9408539)",trafficstat,True,False,False,False,False,False,False,True,False,,,,,,,
2026-07-22,00:00,40.8141048,-73.9408539,W  135 ST,10030,32,OTHER,Street,2.5974369098895544,False,MANHATTAN,"(40.8141048, -73.9408539)",trafficstat,True,False,True,False,False,False,False,False,False,,,,,,,
2026-09-10,00:00,40.8154026,-73.9399098,W  137 ST,10037,32,UNKNOWN,Street,2.6048495467814825,False,MANHATTAN,"(40.8154026, -73.9399098)",trafficstat,True,False,True,False,False,False,False,False,False,,,,,,,
2026-08-16,00:00,40.8154026,-73.9399098,W  137 ST,10037,32,UNKNOWN,Street,2.6048495467814825,False,MANHATTAN,"(40.8154026, -73.9399098)",trafficstat,False,False,False,False,False,False,False,False,False,,,,,,,
2026-09-10,00:00,40.8158067,-73.9452976,W  135 ST,10030,32,OTHER,Street,57.01165126330107,False,MANHATTAN,"(40.8158067, -73.9452976)",trafficstat,True,False,True,False,False,False,False,False,False,,,,,,,
2026-07-08,00:00,40.8158067,-73.9452976,W  135 ST,10030,32,UNKNOWN,Street,57.01165126330107,False,MANHATTAN,"(40.8158067, -73.9452976)",trafficstat,False,False,False,False,False,False,False,False,False,,,,,,,
2026-09-10,00:00,40.8172263,-73.9422998,W  138 ST,10030,32,UNKNOWN,Street,2.328127711959392,False,MANHATTAN,"(40.8172263, -73.9422998)",trafficstat,True,False,True,False,False,False,False,False,False,,,,,,,
2026-09-09,00:00,40.8195037,-73.9421594,W  141 ST,10030,32,UNKNOWN,Street,37.75793972142661,False,MANHATTAN,"(40.8195037, -73.9421594)",trafficstat,False,False,False,False,False,False,False,False,False,,,,,,,
2026-09-09,00:00,40.8115083,-73.9464772,W  129 ST,10027,32,UNKNOWN,Street,3.0994895884353184,False,MANHATTAN,"(40.8115083, -73.9464772)",trafficstat,True,False,False,False,False,False,False,True,False,,,,,,,
2026-07-15,00:00,40.8115083,-73.9464772,W  129 ST,10027,32,OTHER,Street,3.0994895884353184,False,MANHATTAN,"(40.8115083, -73.9464772)",trafficstat,True,False,False,True,False,False,False,False,False,,,,,,,
2026-09-08,00:00,40.8279217,-73.9379854,W  153 ST,10039,32,UNKNOWN,Street,46.04180105921844,False,MANHATTAN,"(40.8279217, -73.9379854)",trafficstat,False,False,False,False,False,False,False,False,False,,,,,,,
2026-09-07,00:00,40.8211424,-73.9428306,FREDERICK DOUGLASS BLVD,10030,32,UNKNOWN,Street,80.64278024052737,False,MANHATTAN,"(40.8211424, -73.9428306)",trafficstat,False,False,False,False,False,False,False,False,False,,,,,,,
2026-09-07,00:00,40.8221459,-73.9356838,W  147 ST,10039,32,UNKNOWN,Street,76.23511188495276,False,MANHATTAN,"(40.8221459, -73.9356838)",trafficstat,False,False,False,False,False,False,False,False,False,,,,,,,
2026-09-07,00:00,40.8179137,-73.9342643,5 AVE,10037,32,UNKNOWN,Street,0.16424603890283188,False,MANHATTAN,"(40.8179137, -73.9342643)",trafficstat,True,False,False,True,False,False,False,False,False,,,,,,,
2026-09-07,00:00,40.8159927,-73.9479845,W  134 ST,10030,32,UNKNOWN,Street,75.67965312381719,False,MANHATTAN,"(40.8159927, -73.9479845)",trafficstat,False,False,False,False,False,False,False,False,False,,,,,,,
2026-09-06,00:00,40.818472,-73.9413919,W  140 ST,10030,32,OTHER,Street,2.2580580167194295,False,MANHATTAN,"(40.818472, -73.9413919)",trafficstat,False,False,False,False,False,False,False,False,False,,,,,,,
2026-09-06,00:00,40.8291632,-73.9372668,FREDERICK DOUGLASS BLVD,10039,32,OTHER,Street,2.039863741904011,False,MANHATTAN,"(40.8291632, -73.9372668)",trafficstat,True,False,False,False,False,False,False,True,False,,,,,,,
2026-07-25,00:00,40.8291632,-73.9372668,FREDERICK DOUGLASS BLVD,10039,32,OTHER,Street,2.039863741904011,False,MANHATTAN,"(40.8291632, -73.9372668)",trafficstat,True,False,False,False,False,False,False,True,True,,,,,,,
2026-09-06,00:00,40.8280918,-73.9370859,W  154 ST,10039,32,UNKNOWN,Street,37.37638728331101,False,MANHATTAN,"(40.8280918, -73.9370859)",trafficstat,False,False,False,False,False,False,False,False,False,,,,,,,
2026-09-05,00:00,40.8149356,-73.9424272,W  135 ST,10030,32,UNKNOWN,Street,50.46088360433145,False,MANHATTAN,"(40.8149356, -73.9424272)",trafficstat,False,False,False,False,False,False,False,False,False,,,,,,,
2026-09-05,00:00,40.8114771,-73.9502162,FREDERICK DOUGLASS BLVD,10027,32,OTHER,Street,1.744599380655364,False,MANHATTAN,"(40.8114771, -73.9502162)",trafficstat,False,False,False,False,False,False,False,False,False,,,,,,,
2026-09-04,00:00,40.8178464,-73.9418441,W  139 ST,10030,32,OTHER,Street,2.91317946046107,False,MANHATTAN,"(40.8178464, -73.9418441)",trafficstat,True,False,False,False,False,False,False,True,False,,,,,,,
2026-07-01,00:00,40.8178464,-73.9418441,W  139 ST,10030,32,UNKNOWN,Street,2.91317946046107,False,MANHATTAN,"(40.8178464, -73.9418441)",trafficstat,True,False,False,False,False,True,False,False,False,,,,,,,
2026-06-14,00:00,40.8178464,-73.9418441,W  139 ST,10030,32,OTHER,Street,2.91317946046107,False,MANHATTAN,"(40.8178464, -73.9418441)",trafficstat,True,False,True,False,False,False,False,False,False,,,,,,,
2026-09-03,00:00,40.8141018,-73.9465134,W  132 ST,10027,32,UNKNOWN,Street,36.7906184123518,False,MANHATTAN,"(40.8141018, -73.9465134)",trafficstat,False,False,False,False,False,False,False,False,False,,,,,,,
2026-09-03,00:00,40.8077126,-73.9413183,5 AVE,10035,32,UNKNOWN,Street,1.6860581316229932,False,MANHATTAN,"(40.8077126, -73.9413183)",trafficstat,True,False,False,False,False,False,False,False,True,,,,,,,
2026-09-03,00:00,40.8187127,-73.9417134,W  140 ST,10030,32,UNKNOWN,Street,31.076592238719968,False,MANHATTAN,"(40.8187127, -73.9417134)",trafficstat,False,False,False,False,False,False,False,False,False,,,,,,,
2026-09-03,00:00,40.8257919,-73.9410494,BRADHURST AVE,10039,32,UNKNOWN,Street,1.663649181651855,False,MANHATTAN,"(40.8257919, -73.9410494)",trafficstat,True,False,False,False,False,False,True,False,False,,,,,,,
2026-09-02,00:00,40.822166,-73.94241,W  144 ST,10030,32,UNKNOWN,Street,1.91102863929129,False,MANHATTAN,"(40.822166, -73.94241)",trafficstat,True,False,True,False,False,False,False,False,False,,,,,,,
2026-08-21,00:00,40.822166,-73.94241,W  144 ST,10030,32,UNKNOWN,Street,1.91102863929129,False,MANHATTAN,"(40.822166, -73.94241)",trafficstat,True,False,False,True,False,False,False,True,False,,,,,,,
2026-08-31,00:00,40.8125753,-73.950927,W  128 ST,10027,32,UNKNOWN,Street,2.204042428650411,False,MANHATTAN,"(40.8125753, -73.950927)",trafficstat,True,False,False,True,False,False,False,False,False,,,,,,,
2026-08-16,00:00,40.8125753,-73.950927,W  128 ST,10027,32,UNKNOWN,Street,2.204042428650411,False,MANHATTAN,"(40.8125753, -73.950927)",trafficstat,True,False,False,False,True,False,False,False,False,,,,,,,
2026-08-30,00:00,40.8090701,-73.9445394,W  127 ST,10027,32,UNKNOWN,Street,2.718714541743737,False,MANHATTAN,"(40.8090701, -73.9445394)",trafficstat,True,False,False,False,False,False,False,False,False,,,,,,,
2026-08-30,00:00,40.8139383,-73.9484189,FREDERICK DOUGLASS BLVD,10027,32,UNKNOWN,Street,1.774167548372341,False,MANHATTAN,"(40.8139383, -73.9484189)",trafficstat,False,False,False,False,False,False,False,False,False,,,,,,,
2026-08-29,00:00,40.8090085,-73.9407774,W  129 ST,10027,32,UNKNOWN,Street,36.67058283223694,False,MANHATTAN,"(40.8090085, -73.9407774)",trafficstat,True,False,True,False,False,False,False,False,False,,,,,,,
2026-08-28,00:00,40.8130942,-73.9460885,W  131 ST,10027,32,OTHER,Street,38.67656081732745,False,MANHATTAN,"(40.8130942, -73.9460885)",trafficstat,False,False,False,False,False,False,False,False,False,,,,,,,
2026-08-28,00:00,40.827529,-73.9352701,ADAM CLAYTON POWELL JR BLVD,10039,32,UNKNOWN,Street,18.072255828506627,False,MANHATTAN,"(40.827529, -73.9352701)",trafficstat,False,False,False,False,False,False,False,False,False,,,,,,,
2026-07-27,00:00,40.827529,-73.9352701,ADAM CLAYTON POWELL JR BLVD,10039,32,UNKNOWN,Street,18.072255828506627,False,MANHATTAN,"(40.827529, -73.9352701)",trafficstat,False,False,False,False,False,False,False,False,False,,,,,,,
2026-08-28,00:00,40.818839,-73.9377309,LENOX AVE,10037,32,UNKNOWN,Street,59.564653647128466,False,MANHATTAN,"(40.818839, -73.9377309)",trafficstat,False,False,False,False,False,False,False,False,False,,,,,,,
2026-08-27,00:00,40.8132486,-73.9464111,W  131 ST,10027,32,OTHER,Street,44.99598409535576,False,MANHATTAN,"(40.8132486, -73.9464111)",trafficstat,False,False,False,False,False,False,False,False,False,,,,,,,
2026-08-26,00:00,40.8204067,-73.9379748,W  144 ST,10030,32,UNKNOWN,Street,32.52574764079679,False,MANHATTAN,"(40.8204067, -73.9379748)",trafficstat,False,False,False,False,False,False,False,False,False,,,,,,,
2026-08-22,00:00,40.8166619,-73.938991,W  139 ST,10030,32,UNKNOWN,Street,2.52623250407781,False,MANHATTAN,"(40.8166619, -73.938991)",trafficstat,True,False,False,True,False,False,False,False,False,,,,,,,
2026-08-04,00:00,40.8166619,-73.938991,W  139 ST,10030,32,UNKNOWN,Street,2.52623250407781,False,MANHATTAN,"(40.8166619, -73.938991)",trafficstat,True,False,False,True,False,False,False,False,False,,,,,,,
2026-07-27,00:00,40.8166619,-73.938991,W  139 ST,10030,32,OTHER,Street,2.52623250407781,False,MANHATTAN,"(40.8166619, -73.938991)",trafficstat,False,False,False,False,False,False,False,False,False,,,,,,,
2026-06-18,00:00,40.8166619,-73.938991,W  139 ST,10030,32,UNKNOWN,Street,2.52623250407781,False,MANHATTAN,"(40.8166619, -73.938991)",trafficstat,True,False,False,True,False,False,False,False,False,,,,,,,
2026-08-21,00:00,40.8216382,-73.9390768,W  145 ST,10039,32,UNKNOWN,Street,2.1968756818589252,False,MANHATTAN,"(40.8216382, -73.9390768)",trafficstat,True,False,False,True,False,False,False,False,False,,,,,,,
2026-07-12,00:00,40.8216382,-73.9390768,W  145 ST,10039,32,UNKNOWN,Street,2.1968756818589252,False,MANHATTAN,"(40.8216382, -73.9390768)",trafficstat,True,False,False,False,False,False,False,True,False,,,,,,,
2026-08-20,00:00,40.8202956,-73.9437749,W  141 ST,10030,32,UNKNOWN,Street,1.9365399472662732,False,MANHATTAN,"(40.8202956, -73.9437749)",trafficstat,False,False,False,False,False,False,False,False,False,,,,,,,
2026-06-24,00:00,40.8202956,-73.9437749,W  141 ST,10030,32,OTHER,Street,1.9365399472662732,False,MANHATTAN,"(40.8202956, -73.9437749)",trafficstat,False,False,False,False,False,False,False,False,False,,,,,,,
2026-08-20,00:00,40.8239098,-73.9424277,W  146 ST,10039,32,OTHER,Street,2.052882158717439,False,MANHATTAN,"(40.8239098, -73.9424277)",trafficstat,False,False,False,False,False,False,False,False,False,,,,,,,
2026-08-20,00:00,40.8109657,-73.9449087,W  129 ST,10027,32,UNKNOWN,Street,32.61402570635311,False,MANHATTAN,"(40.8109657, -73.9449087)",trafficstat,False,False,False,False,False,False,False,False,False,,,,,,,
2026-08-19,00:00,40.8173744,-73.9409834,W  139 ST,10030,32,UNKNOWN,Street,39.452764691651154,False,MANHATTAN,"(40.8173744, -73.9409834)",trafficstat,False,False,False,False,False,False,False,False,False,,,,,,,
2026-08-18,00:00,40.8129295,-73.9494301,W  129 ST,10027,32,UNKNOWN,Street,45.468479756908614,False,MANHATTAN,"(40.8129295, -73.9494301)",trafficstat,False,False,False,False,False,False,False,False,False,,,,,,,
2026-08-16,00:00,40.81275,-73.94557,W  131 ST,10027,32,OTHER,Street,3.509350019826719,False,MANHATTAN,"(40.81275, -73.94557)",trafficstat,True,False,False,False,True,False,False,False,False,,,,,,,
2026-08-16,00:00,40.8146335,-73.9441915,W  134 ST,10030,32,UNKNOWN,Street,2.605517054132553,False,MANHATTAN,"(40.8146335, -73.9441915)",trafficstat,False,False,False,False,False,False,False,False,False,,,,,,,
2026-08-16,00:00,40.8187814,-73.9367457,W  143 ST,10037,32,OTHER,Street,58.938737908810864,False,MANHATTAN,"(40.8187814, -73.9367457)",trafficstat,True,False,True,False,False,False,False,False,False,,,,,,,
2026-08-15,00:00,40.8163756,-73.9483556,ST NICHOLAS AVE,10030,32,UNKNOWN,Street,1.2983671942743844,False,MANHATTAN,"(40.8163756, -73.9483556)",trafficstat,False,False,False,False,False,False,False,False,False,,,,,,,
2026-08-15,00:00,40.8166007,-73.9427556,W  137 ST,10030,32,OTHER,Street,2.6378916249277964,False,MANHATTAN,"(40.8166007, -73.9427556)",trafficstat,True,False,False,False,False,False,False,True,False,,,,,,,
2026-08-09,00:00,40.8166007,-73.9427556,W  137 ST,10030,32,UNKNOWN,Street,2.6378916249277964,False,MANHATTAN,"(40.8166007, -73.9427556)",trafficstat,True,False,False,False,False,False,False,True,False,,,,,,,
2026-08-02,00:00,40.8166007,-73.9427556,W  137 ST,10030,32,OTHER,Street,2.6378916249277964,False,MANHATTAN,"(40.8166007, -73.9427556)",trafficstat,False,False,False,False,False,False,False,False,False,,,,,,,
2026-08-15,00:00,40.8144489,-73.9373876,W  137 ST,10037,32,OTHER,Street,33.13778314304806,False,MANHATTAN,"(40.8144489, -73.9373876)",trafficstat,False,False,False,False,False,False,False,False,False,,,,,,,
2026-08-13,00:00,40.8093831,-73.9451181,W  127 ST,10027,32,UNKNOWN,Street,18.42527080734238,False,MANHATTAN,"(40.8093831, -73.9451181)",trafficstat,False,False,False,False,False,False,False,False,False,,,,,,,
2026-08-12,00:00,40.8153169,-73.9413754,W  136 ST,10030,32,UNKNOWN,Street,34.748954459244615,False,MANHATTAN,"(40.8153169, -73.9413754)",trafficstat,False,False,False,False,False,False,False,False,False,,,,,,,
2026-08-12,00:00,40.8192208,-73.9395681,W  142 ST,10030,32,UNKNOWN,Street,38.75010705015754,False,MANHATTAN,"(40.8192208, -73.9395681)",trafficstat,False,False,False,False,False,False,False,False,False,,,,,,,
2026-08-12,00:00,40.8209549,-73.9417432,W  143 ST,10030,32,UNKNOWN,Street,38.588910822538075,False,MANHATTAN,"(40.8209549, -73.9417432)",trafficstat,False,False,False,False,False,False,False,False,False,,,,,,,
2026-08-12,00:00,40.8269683,-73.9375129,MACOMBS PL,10039,32,UNKNOWN,Street,50.816745254453735,False,MANHATTAN,"(40.8269683, -73.9375129)",trafficstat,True,False,False,False,False,False,False,True,False,,,,,,,
2026-08-11,00:00,40.8265718,-73.9394242,FREDERICK DOUGLASS BLVD,10039,32,OTHER,Street,55.328354656141244,False,MANHATTAN,"(40.8265718, -73.9394242)",trafficstat,True,False,False,True,False,False,False,False,False,,,,,,,
2026-08-11,00:00,40.8303724,-73.940142,MACOMBS DAM BRIDGE PEDESTRIAN PATH,10039,32,OTHER,Bridge,2.8623575544110773,False,MANHATTAN,"(40.8303724, -73.940142)",trafficstat,True,False,False,False,False,False,False,True,False,,,,,,,
2026-07-28,00:00,40.8303724,-73.940142,MACOMBS DAM BRIDGE PEDESTRIAN PATH,10039,32,UNKNOWN,Bridge,2.8623575544110773,False,MANHATTAN,"(40.8303724, -73.940142)",trafficstat,True,False,False,False,False,False,False,True,False,,,,,,,
2026-07-23,00:00,40.8303724,-73.940142,MACOMBS DAM BRIDGE PEDESTRIAN PATH,10039,32,UNKNOWN,Bridge,2.8623575544110773,False,MANHATTAN,"(40.8303724, -73.940142)",trafficstat,False,False,False,False,False,False,False,False,False,,,,,,,
2026-07-16,00:00,40.8303724,-73.940142,MACOMBS DAM BRIDGE PEDESTRIAN PATH,10039,32,UNKNOWN,Bridge,2.8623575544110773,False,MANHATTAN,"(40.8303724, -73.940142)",trafficstat,True,False,False,False,False,False,False,True,False,,,,,,,
2026-07-12,00:00,40.8303724,-73.940142,MACOMBS DAM BRIDGE PEDESTRIAN PATH,10039,32,OTHER,Bridge,2.8623575544110773,False,MANHATTAN,"(40.8303724, -73.940142)",trafficstat,False,False,False,False,False,False,False,False,False,,,,,,,
2026-06-25,00:00,40.8303724,-73.940142,MACOMBS DAM BRIDGE PEDESTRIAN PATH,10039,32,UNKNOWN,Bridge,2.8623575544110773,False,MANHATTAN,"(40.8303724, -73.940142)",trafficstat,True,False,False,False,False,False,False,False,True,,,,,,,
2026-06-15,00:00,40.8303724,-73.940142,MACOMBS DAM BRIDGE PEDESTRIAN PATH,10039,32,OTHER,Bridge,2.8623575544110773,False,MANHATTAN,"(40.8303724, -73.940142)",trafficstat,True,False,False,False,False,False,True,False,False,,,,,,,
2026-06-14,00:00,40.8303724,-73.940142,MACOMBS DAM BRIDGE PEDESTRIAN PATH,10039,32,UNKNOWN,Bridge,2.8623575544110773,False,MANHATTAN,"(40.8303724, -73.940142)",trafficstat,False,False,False,False,False,False,False,False,False,,,,,,,
2026-08-10,00:00,40.8190948,-73.9409289,W  141 ST,10030,32,UNKNOWN,Street,2.8134048528361357,False,MANHATTAN,"(40.8190948, -73.9409289)",trafficstat,True,False,False,True,False,False,False,True,False,,,,,,,
2026-08-10,00:00,40.8171892,-73.9344529,HARLEM RIVER DR,10037,32,UNKNOWN,Street,0.2528711227181049,False,MANHATTAN,"(40.8171892, -73.9344529)",trafficstat,True,False,False,False,False,False,False,True,False,,,,,,,
2026-08-09,00:00,40.8139579,-73.9495037,ST NICHOLAS AVE,10027,32,OTHER,Street,57.524055645096794,False,MANHATTAN,"(40.8139579, -73.9495037)",trafficstat,True,False,False,False,True,False,False,False,False,,,,,,,
2026-08-09,00:00,40.8147885,-73.9361351,5 AVE,10037,32,UNKNOWN,Street,1.727986368525862,False,MANHATTAN,"(40.8147885, -73.9361351)",trafficstat,False,False,False,False,False,False,False,False,False,,,,,,,
2026-08-09,00:00,40.8215413,-73.9428633,FREDERICK DOUGLASS BLVD,10030,32,UNKNOWN,Street,2.133304149364033,False,MANHATTAN,"(40.8215413, -73.9428633)",trafficstat,False,False,False,False,False,False,False,False,False,,,,,,,
2026-06-13,00:00,40.8215413,-73.9428633,FREDERICK DOUGLASS BLVD,10030,32,OTHER,Street,2.133304149364033,False,MANHATTAN,"(40.8215413, -73.9428633)",trafficstat,True,False,True,False,False,False,False,False,False,,,,,,,
2026-08-08,00:00,40.8174644,-73.9431706,W  138 ST,10030,32,UNKNOWN,Street,43.42401420686103,False,MANHATTAN,"(40.8174644, -73.9431706)",trafficstat,False,False,False,False,False,False,False,False,False,,,,,,,
2026-08-07,00:00,40.8140422,-73.9366886,5 AVE,10037,32,UNKNOWN,Street,1.6631631592754936,False,MANHATTAN,"(40.8140422, -73.9366886)",trafficstat,False,False,False,False,False,False,False,False,False,,,,,,,
2026-08-06,00:00,40.8105701,-73.9439648,W  129 ST,10027,32,UNKNOWN,Street,32.64800869927702,False,MANHATTAN,"(40.8105701, -73.9439648)",trafficstat,False,False,False,False,False,False,False,False,False,,,,,,,
2026-08-05,00:00,40.812145,-73.946014,W  130 ST,10027,32,UNKNOWN,Street,2.522246904007015,False,MANHATTAN,"(40.812145, -73.946014)",trafficstat,True,False,True,False,False,False,False,False,False,,,,,,,
2026-08-05,00:00,40.8140107,-73.9446472,W  133 ST,10030,32,UNKNOWN,Street,1.9319694110889318,False,MANHATTAN,"(40.8140107, -73.9446472)",trafficstat,False,False,False,False,False,False,False,False,False,,,,,,,
2026-08-05,00:00,40.82885,-73.9383473,W  154 ST,10039,32,UNKNOWN,Street,34.8487688773812,False,MANHATTAN,"(40.82885, -73.9383473)",trafficstat,False,False,False,False,False,False,False,False,False,,,,,,,
2026-08-04,00:00,40.8197233,-73.9409148,W  142 ST,10030,32,UNKNOWN,Street,60.29705929660695,False,MANHATTAN,"(40.8197233, -73.9409148)",trafficstat,False,False,False,False,False,False,False,False,False,,,,,,,
2026-08-04,00:00,40.8245863,-73.9417531,W  147 ST,10039,32,UNKNOWN,Street,35.23266800506111,False,MANHATTAN,"(40.8245863, -73.9417531)",trafficstat,False,False,False,False,False,False,False,False,False,,,,,,,
2026-08-03,00:00,40.8177387,-73.9399509,W  140 ST,10030,32,UNKNOWN,Street,44.528437683215095,False,MANHATTAN,"(40.8177387, -73.9399509)",trafficstat,True,False,False,False,False,False,False,True,False,,,,,,,
2026-08-01,00:00,40.8131001,-73.9388838,W  135 ST,10037,32,OTHER,Street,57.471116228505174,False,MANHATTAN,"(40.8131001, -73.9388838)",trafficstat,True,False,False,False,False,False,False,True,False,,,,,,,
2026-08-01,00:00,40.8133878,-73.9451029,W  132 ST,10027,32,UNKNOWN,Street,2.333288329904104,False,MANHATTAN,"(40.8133878, -73.9451029)",trafficstat,False,False,False,False,False,False,False,False,False,,,,,,,
2026-07-31,00:00,40.8179843,-73.9405405,W  140 ST,10030,32,OTHER,Street,44.619901847178376,False,MANHATTAN,"(40.8179843, -73.9405405)",trafficstat,False,False,False,False,False,False,False,False,False,,,,,,,
2026-07-30,00:00,40.8226868,-73.9392023,W  146 ST,10039,32,UNKNOWN,Street,34.780318029991435,False,MANHATTAN,"(40.8226868, -73.9392023)",trafficstat,False,False,False,False,False,False,False,False,False,,,,,,,
2026-07-28,00:00,40.8204372,-73.9362273,LENOX AVE,10037,32,UNKNOWN,Street,0.24138949103637472,False,MANHATTAN,"(40.8204372, -73.9362273)",trafficstat,False,False,False,False,False,False,False,False,False,,,,,,,
2026-07-24,00:00,40.8204372,-73.9362273,LENOX AVE,10037,32,UNKNOWN,Street,0.24138949103637472,False,MANHATTAN,"(40.8204372, -73.9362273)",trafficstat,False,False,False,False,False,False,False,False,False,,,,,,,
2026-06-25,00:00,40.8204372,-73.9362273,LENOX AVE,10037,32,OTHER,Street,0.24138949103637472,False,MANHATTAN,"(40.8204372, -73.9362273)",trafficstat,True,False,False,False,False,False,False,True,False,,,,,,,
2026-07-27,00:00,40.8260636,-73.9358461,ADAM CLAYTON POWELL JR BLVD,10039,32,UNKNOWN,Street,3.4135952221303487,False,MANHATTAN,"(40.8260636, -73.9358461)",trafficstat,True,False,False,True,False,False,False,False,False,,,,,,,