crash_date,crash_time,latitude,longitude,on_street_name,zip_code,precinct,collision_type,roadway_type,geocode_dist_feet,time_is_known,borough,location,source,injury,fatality,injured_pedestrian,injured_cyclist,injured_ebike_rider,injured_motorcyclist,injured_moped_rider,injured_car_occupant,injured_suv_occupant,number_of_persons_injured,number_of_persons_killed,contributing_factor_vehicle_1,collision_id,cross_street_name,off_street_name,vehicle_type_code1
2026-07-27,00:00,40.7341917,-73.9946985,5 AVE,10011,32,UNKNOWN,Street,59.19984802875128,False,MANHATTAN,"(40.7341917, -73.9946985)",trafficstat,True,False,False,True,False,False,False,False,False,,,,,,,
2026-07-26,00:00,40.8197203,-73.9404768,W  142 ST,10030,32,OTHER,Street,2.5128907160764404,False,MANHATTAN,"(40.8197203, -73.9404768)",trafficstat,True,False,False,False,False,False,False,True,False,,,,,,,
2026-07-25,00:00,40.8235669,-73.9376731,W  148 ST,10039,32,UNKNOWN,Street,2.177704506280938,False,MANHATTAN,"(40.8235669, -73.9376731)",trafficstat,False,False,False,False,False,False,False,False,False,,,,,,,
2026-07-24,00:00,40.81181,-73.9480026,W  129 ST,10027,32,UNKNOWN,Street,113.86462915334556,False,MANHATTAN,"(40.81181, -73.9480026)",trafficstat,False,False,False,False,False,False,False,False,False,,,,,,,
2026-07-07,00:00,40.81181,-73.9480026,W  129 ST,10027,32,UNKNOWN,Street,113.86462915334556,False,MANHATTAN,"(40.81181, -73.9480026)",trafficstat,False,False,False,False,False,False,False,False,False,,,,,,,
2026-07-23,00:00,40.812817,-73.9418,W  133 ST,10030,32,UNKNOWN,Street,1.3533457734408538,False,MANHATTAN,"(40.812817, -73.9418)",trafficstat,False,False,False,False,False,False,False,False,False,,,,,,,
2026-07-23,00:00,40.8290657,-73.9375915,FREDERICK DOUGLASS BLVD,10039,32,UNKNOWN,Street,57.319112792340015,False,MANHATTAN,"(40.8290657, -73.9375915)",trafficstat,True,False,False,False,False,False,False,True,False,,,,,,,
2026-07-22,00:00,40.811611,-73.9430578,W  131 ST,10027,32,OTHER,Street,33.85014349015447,False,MANHATTAN,"(40.811611, -73.9430578)",trafficstat,True,False,True,False,False,False,False,False,False,,,,,,,
2026-07-20,00:00,40.821893,-73.9385591,ADAM CLAYTON POWELL JR BLVD,10039,32,UNKNOWN,Street,50.9641740301683,False,MANHATTAN,"(40.821893, -73.9385591)",trafficstat,False,False,False,False,False,False,False,False,False,,,,,,,
2026-07-18,00:00,40.8165242,-73.9431375,ADAM CLAYTON POWELL JR BLVD,10030,32,UNKNOWN,Street,52.8821052972013,False,MANHATTAN,"(40.8165242, -73.9431375)",trafficstat,True,False,False,False,False,False,False,False,False,,,,,,,
2026-07-17,00:00,40.81151,-73.94648,W  129 ST,10027,32,UNKNOWN,Street,2.895883651758766,False,MANHATTAN,"(40.81151, -73.94648)",trafficstat,True,False,False,False,True,False,False,False,False,,,,,,,
2026-07-17,00:00,40.8093508,-73.9410672,W  129 ST,10027,32,UNKNOWN,Street,33.398348665446385,False,MANHATTAN,"(40.8093508, -73.9410672)",trafficstat,False,False,False,False,False,False,False,False,False,,,,,,,
2026-07-15,00:00,40.8307408,-73.9361126,HARLEM RIVER DR,10039,32,UNKNOWN,Street,3.0279870824173405,False,MANHATTAN,"(40.8307408, -73.9361126)",trafficstat,True,False,False,True,False,False,False,False,False,,,,,,,
2026-06-21,00:00,40.8307408,-73.9361126,HARLEM RIVER DR,10039,32,UNKNOWN,Street,3.0279870824173405,False,MANHATTAN,"(40.8307408, -73.9361126)",trafficstat,False,False,False,False,False,False,False,False,False,,,,,,,
2026-07-14,00:00,40.8101089,-73.9428674,W  129 ST,10027,32,UNKNOWN,Street,32.88500259912793,False,MANHATTAN,"(40.8101089, -73.9428674)",trafficstat,False,False,False,False,False,False,False,False,False,,,,,,,
2026-07-13,00:00,40.816936,-73.9363283,W  141 ST,10037,32,UNKNOWN,Street,79.34863399915075,False,MANHATTAN,"(40.816936, -73.9363283)",trafficstat,False,False,False,False,False,False,False,False,False,,,,,,,
2026-07-13,00:00,40.82611,-73.9381606,W  151 ST,10039,32,UNKNOWN,Street,34.04425474762761,False,MANHATTAN,"(40.82611, -73.9381606)",trafficstat,False,False,False,False,False,False,False,False,False,,,,,,,
2026-07-12,00:00,40.8179586,-73.9376721,LENOX AVE,10037,32,UNKNOWN,Street,66.50643351931609,False,MANHATTAN,"(40.8179586, -73.9376721)",trafficstat,True,False,True,False,False,False,False,False,False,,,,,,,
2026-07-12,00:00,40.816501,-73.9465455,FREDERICK DOUGLASS BLVD,10030,32,UNKNOWN,Street,2.2516918057120345,False,MANHATTAN,"(40.816501, -73.9465455)",trafficstat,True,False,False,False,False,False,False,True,False,,,,,,,
2026-07-11,00:00,40.8209185,-73.9433227,FREDERICK DOUGLASS BLVD,10030,32,UNKNOWN,Street,1.2153073041326576,False,MANHATTAN,"(40.8209185, -73.9433227)",trafficstat,False,False,False,False,False,False,False,False,False,,,,,,,
2026-07-10,00:00,40.8196484,-73.9343146,HARLEM RIVER DR,10039,32,OTHER,Highway,0.06784383384447656,False,MANHATTAN,"(40.8196484, -73.9343146)",trafficstat,True,False,False,False,False,False,False,True,False,,,,,,,
2026-07-10,00:00,40.8145478,-73.9376236,W  137 ST,10037,32,OTHER,Street,32.86753404077949,False,MANHATTAN,"(40.8145478, -73.9376236)",trafficstat,False,False,False,False,False,False,False,False,False,,,,,,,
2026-07-09,00:00,40.8236761,-73.9415213,W  146 ST,10039,32,UNKNOWN,Street,39.58107956532843,False,MANHATTAN,"(40.8236761, -73.9415213)",trafficstat,False,False,False,False,False,False,False,False,False,,,,,,,
2026-07-08,00:00,40.8139342,-73.9382109,W  136 ST,10037,32,UNKNOWN,Street,18.40249892057986,False,MANHATTAN,"(40.8139342, -73.9382109)",trafficstat,False,False,False,False,False,False,False,False,False,,,,,,,
2026-07-07,00:00,40.8282894,-73.9375423,W  154 ST,10039,32,UNKNOWN,Street,36.740670373586674,False,MANHATTAN,"(40.8282894, -73.9375423)",trafficstat,False,False,False,False,False,False,False,False,False,,,,,,,
2026-07-06,00:00,40.8258804,-73.9392458,W  150 ST,10039,32,UNKNOWN,Street,6.210392695387546,False,MANHATTAN,"(40.8258804, -73.9392458)",trafficstat,False,False,False,False,False,False,False,False,False,,,,,,,
2026-07-06,00:00,40.8126452,-73.9463172,ADAM CLAYTON POWELL JR BLVD,10027,32,OTHER,Street,133.88781360077803,False,MANHATTAN,"(40.8126452, -73.9463172)",trafficstat,False,False,False,False,False,False,False,False,False,,,,,,,
2026-07-03,00:00,40.8214625,-73.9446049,W  142 ST,10030,32,OTHER,Street,2.4579950420559413,False,MANHATTAN,"(40.8214625, -73.9446049)",trafficstat,False,False,False,False,False,False,False,False,False,,,,,,,
2026-07-02,00:00,40.8272,-73.936676,MACOMBS PL,10039,32,OTHER,Street,3.823943179867949,False,MANHATTAN,"(40.8272, -73.936676)",trafficstat,True,False,True,False,False,False,False,False,False,,,,,,,
2026-06-30,00:00,40.8128637,-73.9436119,W  132 ST,10027,32,UNKNOWN,Street,28.322823134645066,False,MANHATTAN,"(40.8128637, -73.9436119)",trafficstat,False,False,False,False,False,False,False,False,False,,,,,,,
2026-06-30,00:00,40.8094201,-73.945108,W  127 ST,10027,32,UNKNOWN,Street,31.55129291930723,False,MANHATTAN,"(40.8094201, -73.945108)",trafficstat,False,False,False,False,False,False,False,False,False,,,,,,,
2026-06-14,00:00,40.8094201,-73.945108,W  127 ST,10027,32,UNKNOWN,Street,31.55129291930723,False,MANHATTAN,"(40.8094201, -73.945108)",trafficstat,False,False,False,False,False,False,False,False,False,,,,,,,
2026-06-29,00:00,40.8108997,-73.9478143,W  127 ST,10027,32,OTHER,Street,136.2907150628696,False,MANHATTAN,"(40.8108997, -73.9478143)",trafficstat,True,False,False,False,False,False,False,False,True,,,,,,,
2026-06-26,00:00,40.8122007,-73.94225,W  132 ST,10037,32,OTHER,Street,2.562444788319944,False,MANHATTAN,"(40.8122007, -73.94225)",trafficstat,True,False,False,True,False,False,False,False,False,,,,,,,
2026-06-18,00:00,40.8122007,-73.94225,W  132 ST,10037,32,OTHER,Street,2.562444788319944,False,MANHATTAN,"(40.8122007, -73.94225)",trafficstat,False,False,False,False,False,False,False,False,False,,,,,,,
2026-06-26,00:00,40.8102764,-73.9473705,W  127 ST,10027,32,UNKNOWN,Street,2.5614770140234304,False,MANHATTAN,"(40.8102764, -73.9473705)",trafficstat,False,False,False,False,False,False,False,False,False,,,,,,,
2026-06-26,00:00,40.8188139,-73.9419231,W  140 ST,10030,32,UNKNOWN,Street,35.05206760111618,False,MANHATTAN,"(40.8188139, -73.9419231)",trafficstat,True,False,False,True,False,False,False,False,False,,,,,,,
2026-06-25,00:00,40.8122722,-73.9490943,W  129 ST,10027,32,UNKNOWN,Street,117.22388430155841,False,MANHATTAN,"(40.8122722, -73.9490943)",trafficstat,False,False,False,False,False,False,False,False,False,,,,,,,
2026-06-25,00:00,40.8169961,-73.9400897,W  139 ST,10030,32,UNKNOWN,Street,41.65360085070682,False,MANHATTAN,"(40.8169961, -73.9400897)",trafficstat,False,False,False,False,False,False,False,False,False,,,,,,,
2026-06-24,00:00,40.8211066,-73.9357425,ESPLANADE GARDENS PLZ,10039,32,UNKNOWN,Street,2.0086715298786655,False,MANHATTAN,"(40.8211066, -73.9357425)",trafficstat,True,False,False,False,False,False,False,True,False,,,,,,,
2026-06-24,00:00,40.8239979,-73.9384634,W  148 ST,10039,32,UNKNOWN,Street,29.684952254524315,False,MANHATTAN,"(40.8239979, -73.9384634)",trafficstat,False,False,False,False,False,False,False,False,False,,,,,,,
2026-06-24,00:00,40.824757,-73.94051,W  148 ST,10039,32,UNKNOWN,Street,1.6548536763343602,False,MANHATTAN,"(40.824757, -73.94051)",trafficstat,True,False,False,True,False,False,False,False,False,,,,,,,
2026-06-24,00:00,40.829163,-73.93726,W  155 ST,10039,32,UNKNOWN,Bridge,1.3415433063789002,False,MANHATTAN,"(40.829163, -73.93726)",trafficstat,True,False,False,False,False,False,False,True,False,,,,,,,
2026-06-23,00:00,40.8196298,-73.9460661,EDGECOMBE AVE,10030,32,UNKNOWN,Street,1.5840060018902349,False,MANHATTAN,"(40.8196298, -73.9460661)",trafficstat,True,False,False,False,False,False,False,True,False,,,,,,,
2026-06-22,00:00,40.8119047,-73.9510045,W  127 ST,10027,32,UNKNOWN,Street,30.495067608177486,False,MANHATTAN,"(40.8119047, -73.9510045)",trafficstat,False,False,False,False,False,False,False,False,False,,,,,,,
2026-06-20,00:00,40.8180744,-73.9427001,W  139 ST,10030,32,UNKNOWN,Street,45.315570866792115,False,MANHATTAN,"(40.8180744, -73.9427001)",trafficstat,False,False,False,False,False,False,False,False,False,,,,,,,
2026-06-19,00:00,40.820906,-73.9449299,W  141 ST,10030,32,UNKNOWN,Street,37.08087426571838,False,MANHATTAN,"(40.820906, -73.9449299)",trafficstat,False,False,False,False,False,False,False,False,False,,,,,,,
2026-06-19,00:00,40.8172006,-73.9405723,W  139 ST,10030,32,UNKNOWN,Street,40.396180818805895,False,MANHATTAN,"(40.8172006, -73.9405723)",trafficstat,False,False,False,False,False,False,False,False,False,,,,,,,
2026-06-18,00:00,40.8251929,-73.9345476,HARLEM RIVER DR,10039,32,UNKNOWN,Highway,1.7057037093753675,False,MANHATTAN,"(40.8251929, -73.9345476)",trafficstat,True,False,False,False,False,False,False,False,True,,,,,,,
2026-06-17,00:00,40.8115259,-73.9473504,W  129 ST,10027,32,OTHER,Street,115.00855873947478,False,MANHATTAN,"(40.8115259, -73.9473504)",trafficstat,True,False,True,False,False,False,False,False,False,,,,,,,
2026-06-16,00:00,40.8124062,-73.9483063,W  129 ST,10027,32,UNKNOWN,Street,33.54376490140169,False,MANHATTAN,"(40.8124062, -73.9483063)",trafficstat,False,False,False,False,False,False,False,False,False,,,,,,,
2026-06-16,00:00,40.8248583,-73.9390811,W  149 ST,10039,32,UNKNOWN,Street,37.77747137633789,False,MANHATTAN,"(40.8248583, -73.9390811)",trafficstat,False,False,False,False,False,False,False,False,False,,,,,,,
2026-06-14,00:00,40.8285,-73.93778,W  154 ST,10039,32,UNKNOWN,Street,2.23832459741307,False,MANHATTAN,"(40.8285, -73.93778)",trafficstat,True,False,True,False,False,False,False,False,False,,,,,,,
2026-06-14,00:00,40.8224481,-73.9344455,HARLEM RIVER DR,10039,32,UNKNOWN,Highway,0.021393925883985476,False,MANHATTAN,"(40.8224481, -73.9344455)",trafficstat,True,False,False,False,False,False,False,True,False,,,,,,,
2026-06-14,00:00,40.8191422,-73.9371787,W  143 ST,10037,32,UNKNOWN,Street,2.2377589882360875,False,MANHATTAN,"(40.8191422, -73.9371787)",trafficstat,False,False,False,False,False,False,False,False,False,,,,,,,
2026-06-13,00:00,40.828031,-73.934836,HARLEM RIVER DR,10039,32,UNKNOWN,Highway,0.2844639518451149,False,MANHATTAN,"(40.828031, -73.934836)",trafficstat,True,False,False,False,False,False,False,False,False,,,,,,,
2026-09-13,00:00,40.8354508,-73.9396236,ST NICHOLAS AVE,10032,33,UNKNOWN,Street,37.66035217234679,False,MANHATTAN,"(40.8354508, -73.9396236)",trafficstat,True,False,False,False,False,False,False,True,False,,,,,,,
2026-09-13,00:00,40.8418534,-73.9453845,HENRY HUDSON PKWY,10033,33,UNKNOWN,Highway,0.9164596966542073,False,MANHATTAN,"(40.8418534, -73.9453845)",trafficstat,False,False,False,False,False,False,False,False,False,,,,,,,
2026-09-11,00:00,40.8418534,-73.9453845,HENRY HUDSON PKWY,10033,33,UNKNOWN,Highway,0.9164596966542073,False,MANHATTAN,"(40.8418534, -73.9453845)",trafficstat,False,False,False,False,False,False,False,False,False,,,,,,,
2026-09-05,00:00,40.8418534,-73.9453845,HENRY HUDSON PKWY,10033,33,UNKNOWN,Highway,0.9164596966542073,False,MANHATTAN,"(40.8418534, -73.9453845)",trafficstat,False,False,False,False,False,False,False,False,False,,,,,,,
2026-08-31,00:00,40.8418534,-73.9453845,HENRY HUDSON PKWY,10033,33,UNKNOWN,Highway,0.9164596966542073,False,MANHATTAN,"(40.8418534, -73.9453845)",trafficstat,False,False,False,False,False,False,False,False,False,,,,,,,
2026-08-16,00:00,40.8418534,-73.9453845,HENRY HUDSON PKWY,10033,33,OTHER,Highway,0.9164596966542073,False,MANHATTAN,"(40.8418534, -73.9453845)",trafficstat,True,False,False,False,False,False,False,True,False,,,,,,,
2026-07-26,00:00,40.8418534,-73.9453845,HENRY HUDSON PKWY,10033,33,UNKNOWN,Highway,0.9164596966542073,False,MANHATTAN,"(40.8418534, -73.9453845)",trafficstat,True,False,False,False,False,False,False,True,False,,,,,,,
2026-07-10,00:00,40.8418534,-73.9453845,HENRY HUDSON PKWY,10033,33,OTHER,Highway,0.9164596966542073,False,MANHATTAN,"(40.8418534, -73.9453845)",trafficstat,True,False,False,False,False,False,False,False,True,,,,,,,
2026-09-13,00:00,40.8423426,-73.9310864,HARLEM RIVER DY,10033,33,OTHER,Highway,0.8438294669363114,False,MANHATTAN,"(40.8423426, -73.9310864)",trafficstat,True,True,True,False,False,False,False,False,False,,,,,,,
2026-09-12,00:00,40.847211,-73.9397799,FORT WASHINGTON AVE,10033,33,UNKNOWN,Street,0.7781369937100233,False,MANHATTAN,"(40.847211, -73.9397799)",trafficstat,True,False,False,False,False,False,False,False,False,,,,,,,
2026-06-27,00:00,40.847211,-73.9397799,FORT WASHINGTON AVE,10033,33,UNKNOWN,Street,0.7781369937100233,False,MANHATTAN,"(40.847211, -73.9397799)",trafficstat,False,False,False,False,False,False,False,False,False,,,,,,,
2026-09-11,00:00,40.8414042,-73.9428366,FORT WASHINGTON AVE,10032,33,UNKNOWN,Street,66.79870967817374,False,MANHATTAN,"(40.8414042, -73.9428366)",trafficstat,False,False,False,False,False,False,False,False,False,,,,,,,
2026-08-20,00:00,40.8414042,-73.9428366,FORT WASHINGTON AVE,10032,33,UNKNOWN,Street,66.79870967817374,False,MANHATTAN,"(40.8414042, -73.9428366)",trafficstat,False,False,False,False,False,False,False,False,False,,,,,,,
2026-09-11,00:00,40.8409529,-73.9394711,ST NICHOLAS AVE,10032,33,UNKNOWN,Street,1.1233715629015442,False,MANHATTAN,"(40.8409529, -73.9394711)",trafficstat,True,False,False,False,True,False,False,False,False,,,,,,,
2026-09-11,00:00,40.8353596,-73.940217,AMSTERDAM AVE,10032,33,UNKNOWN,Street,1.4498233838596981,False,MANHATTAN,"(40.8353596, -73.940217)",trafficstat,False,False,False,False,False,False,False,False,False,,,,,,,
2026-06-21,00:00,40.8353596,-73.940217,AMSTERDAM AVE,10032,33,UNKNOWN,Street,1.4498233838596981,False,MANHATTAN,"(40.8353596, -73.940217)",trafficstat,False,False,False,False,False,False,False,False,False,,,,,,,
2026-09-10,00:00,40.8398674,-73.9369134,AMSTERDAM AVE,10032,33,UNKNOWN,Street,1.623901081816218,False,MANHATTAN,"(40.8398674, -73.9369134)",trafficstat,True,False,False,False,False,False,False,False,False,,,,,,,
2026-07-05,00:00,40.8398674,-73.9369134,AMSTERDAM AVE,10032,33,OTHER,Street,1.623901081816218,False,MANHATTAN,"(40.8398674, -73.9369134)",trafficstat,True,False,True,False,False,False,False,False,False,,,,,,,
2026-09-10,00:00,40.8471388,-73.9350993,ST NICHOLAS AVE,10033,33,UNKNOWN,Street,57.32770905393469,False,MANHATTAN,"(40.8471388, -73.9350993)",trafficstat,True,False,False,False,False,False,True,False,False,,,,,,,
2026-09-09,00:00,40.8303724,-73.940142,MACOMBS DAM BRIDGE PEDESTRIAN PATH,10039,33,UNKNOWN,Bridge,2.8623575544110773,False,MANHATTAN,"(40.8303724, -73.940142)",trafficstat,True,False,True,True,False,False,False,False,False,,,,,,,
2026-09-09,00:00,40.8335474,-73.9433907,W  157 ST,10032,33,OTHER,Street,33.31551077340541,False,MANHATTAN,"(40.8335474, -73.9433907)",trafficstat,False,False,False,False,False,False,False,False,False,,,,,,,
2026-09-08,00:00,40.8455729,-73.9307,HARLEM RVR DR SB EN AMSTERDAM AV,10033,33,UNKNOWN,Ramp,5.353761175162492,False,MANHATTAN,"(40.8455729, -73.9307)",trafficstat,True,False,False,False,False,False,False,False,True,,,,,,,
2026-09-07,00:00,40.8455729,-73.9307,HARLEM RVR DR SB EN AMSTERDAM AV,10033,33,OTHER,Ramp,5.353761175162492,False,MANHATTAN,"(40.8455729, -73.9307)",trafficstat,False,False,False,False,False,False,False,False,False,,,,,,,
2026-09-08,00:00,40.8436504,-73.942362,W  170 ST,10032,33,UNKNOWN,Street,35.69695747809176,False,MANHATTAN,"(40.8436504, -73.942362)",trafficstat,False,False,False,False,False,False,False,False,False,,,,,,,
2026-09-07,00:00,40.8479987,-73.9346936,ST NICHOLAS AVE,10033,33,OTHER,Street,1.6435818655930932,False,MANHATTAN,"(40.8479987, -73.9346936)",trafficstat,True,False,True,False,False,False,False,False,False,,,,,,,
2026-08-18,00:00,40.8479987,-73.9346936,ST NICHOLAS AVE,10033,33,OTHER,Street,1.6435818655930932,False,MANHATTAN,"(40.8479987, -73.9346936)",trafficstat,True,False,True,False,False,False,False,False,False,,,,,,,
2026-09-06,00:00,40.8325152,-73.9406325,ST NICHOLAS AVE,10032,33,UNKNOWN,Street,56.96201390009813,False,MANHATTAN,"(40.8325152, -73.9406325)",trafficstat,False,False,False,False,False,False,False,False,False,,,,,,,
2026-09-05,00:00,40.839643,-73.9435109,FORT WASHINGTON AVE,10032,33,UNKNOWN,Street,59.796977730658085,False,MANHATTAN,"(40.839643, -73.9435109)",trafficstat,True,False,False,False,True,False,False,False,False,,,,,,,
2026-09-04,00:00,40.8419161,-73.941422,W  168 ST,10032,33,UNKNOWN,Street,38.484205098691326,False,MANHATTAN,"(40.8419161, -73.941422)",trafficstat,False,False,False,False,False,False,False,False,False,,,,,,,
2026-09-04,00:00,40.8334381,-73.9453357,W  156 ST,10032,33,UNKNOWN,Street,2.343198690081775,False,MANHATTAN,"(40.8334381, -73.9453357)",trafficstat,False,False,False,False,False,False,False,False,False,,,,,,,
2026-07-31,00:00,40.8334381,-73.9453357,W  156 ST,10032,33,UNKNOWN,Street,2.343198690081775,False,MANHATTAN,"(40.8334381, -73.9453357)",trafficstat,True,False,True,False,False,False,False,False,False,,,,,,,
2026-09-04,00:00,40.8467631,-73.9337767,AUDUBON AVE,10033,33,OTHER,Street,1.9196432124940221,False,MANHATTAN,"(40.8467631, -73.9337767)",trafficstat,True,False,True,False,False,False,False,True,False,,,,,,,
2026-09-03,00:00,40.8406014,-73.9431491,FORT WASHINGTON AVE,10032,33,OTHER,Street,64.34418821061227,False,MANHATTAN,"(40.8406014, -73.9431491)",trafficstat,True,False,True,False,False,False,False,False,False,,,,,,,
2026-09-03,00:00,40.8394668,-73.9372065,W  167 ST,10032,33,UNKNOWN,Street,1.5641141365880464,False,MANHATTAN,"(40.8394668, -73.9372065)",trafficstat,False,False,False,False,False,False,False,False,False,,,,,,,
2026-07-03,00:00,40.8394668,-73.9372065,W  167 ST,10032,33,UNKNOWN,Street,1.5641141365880464,False,MANHATTAN,"(40.8394668, -73.9372065)",trafficstat,True,False,False,False,False,False,False,False,True,,,,,,,
2026-09-02,00:00,40.8448917,-73.9348804,W  175 ST,10033,33,UNKNOWN,Street,51.39109522020317,False,MANHATTAN,"(40.8448917, -73.9348804)",trafficstat,False,False,False,False,False,False,False,False,False,,,,,,,
2026-09-01,00:00,40.8445994,-73.9424604,HAVEN AVE,10032,33,UNKNOWN,Street,0.8598302910110978,False,MANHATTAN,"(40.8445994, -73.9424604)",trafficstat,False,False,False,False,False,False,False,False,False,,,,,,,
2026-06-18,00:00,40.8445994,-73.9424604,HAVEN AVE,10032,33,UNKNOWN,Street,0.8598302910110978,False,MANHATTAN,"(40.8445994, -73.9424604)",trafficstat,False,False,False,False,False,False,False,False,False,,,,,,,
2026-09-01,00:00,40.8358169,-73.9494477,HENRY HUDSON PKWY,10032,33,OTHER,Bridge,1.8252912957462706,False,MANHATTAN,"(40.8358169, -73.9494477)",trafficstat,True,False,False,False,False,False,False,True,False,,,,,,,
2026-08-28,00:00,40.8358169,-73.9494477,HENRY HUDSON PKWY,10032,33,UNKNOWN,Bridge,1.8252912957462706,False,MANHATTAN,"(40.8358169, -73.9494477)",trafficstat,True,False,False,False,False,True,False,False,False,,,,,,,
2026-06-15,00:00,40.8358169,-73.9494477,HENRY HUDSON PKWY,10032,33,OTHER,Bridge,1.8252912957462706,False,MANHATTAN,"(40.8358169, -73.9494477)",trafficstat,True,False,False,False,False,False,False,True,False,,,,,,,
2026-09-01,00:00,40.8338436,-73.938491,EDGECOMBE AVE,10032,33,UNKNOWN,Street,2.5163557614560936,False,MANHATTAN,"(40.8338436, -73.938491)",trafficstat,False,False,False,False,False,False,False,False,False,,,,,,,
2026-08-31,00:00,40.835493,-73.9493974,HENRY HUDSON PKWY,10032,33,UNKNOWN,Bridge,0.5854795286305686,False,MANHATTAN,"(40.835493, -73.9493974)",trafficstat,False,False,False,False,False,False,False,False,False,,,,,,,
2026-08-21,00:00,40.835493,-73.9493974,HENRY HUDSON PKWY,10032,33,UNKNOWN,Bridge,0.5854795286305686,False,MANHATTAN,"(40.835493, -73.9493974)",trafficstat,False,False,False,False,False,False,False,False,False,,,,,,,
2026-08-15,00:00,40.835493,-73.9493974,HENRY HUDSON PKWY,10032,33,OTHER,Bridge,0.5854795286305686,False,MANHATTAN,"(40.835493, -73.9493974)",trafficstat,False,False,False,False,False,False,False,False,False,,,,,,,
2026-07-27,00:00,40.835493,-73.9493974,HENRY HUDSON PKWY,10032,33,UNKNOWN,Bridge,0.5854795286305686,False,MANHATTAN,"(40.835493, -73.9493974)",trafficstat,True,False,False,False,False,False,False,True,False,,,,,,,
2026-08-31,00:00,40.8404857,-73.9383656,AUDUBON AVE,10032,33,UNKNOWN,Street,1.628877120013492,False,MANHATTAN,"(40.8404857, -73.9383656)",trafficstat,True,False,False,False,False,False,False,False,False,,,,,,,
2026-08-30,00:00,40.8429166,-73.9365888,AUDUBON AVE,10032,33,UNKNOWN,Street,1.7697259172930315,False,MANHATTAN,"(40.8429166, -73.9365888)",trafficstat,False,False,False,False,False,False,False,False,False,,,,,,,
2026-07-05,00:00,40.8429166,-73.9365888,AUDUBON AVE,10032,33,OTHER,Street,1.7697259172930315,False,MANHATTAN,"(40.8429166, -73.9365888)",trafficstat,True,False,False,False,False,False,False,False,True,,,,,,,
2026-06-28,00:00,40.8429166,-73.9365888,AUDUBON AVE,10032,33,OTHER,Street,1.7697259172930315,False,MANHATTAN,"(40.8429166, -73.9365888)",trafficstat,True,False,False,True,False,False,False,False,False,,,,,,,
2026-08-30,00:00,40.8473567,-73.9351713,ST NICHOLAS AVE,10033,33,OTHER,Street,2.0034923391047483,False,MANHATTAN,"(40.8473567, -73.9351713)",trafficstat,True,False,False,False,False,False,False,True,False,,,,,,,
2026-08-28,00:00,40.8493299,-73.9451398,HENRY HUDSON PKWY,10033,33,UNKNOWN,Highway,4.447020458272933,False,MANHATTAN,"(40.8493299, -73.9451398)",trafficstat,True,False,False,False,False,False,False,True,False,,,,,,,
2026-08-28,00:00,40.8445035,-73.9400957,W  172 ST,10032,33,UNKNOWN,Street,32.86370753422012,False,MANHATTAN,"(40.8445035, -73.9400957)",trafficstat,False,False,False,False,False,False,False,False,False,,,,,,,
2026-08-28,00:00,40.8337043,-73.9418293,W  158 ST,10032,33,OTHER,Street,33.01786355762298,False,MANHATTAN,"(40.8337043, -73.9418293)",trafficstat,False,False,False,False,False,False,False,False,False,,,,,,,
2026-08-28,00:00,40.840482,-73.9364646,AMSTERDAM AVE,10032,33,UNKNOWN,Street,1.4910493605166852,False,MANHATTAN,"(40.840482, -73.9364646)",trafficstat,True,False,False,True,False,False,False,False,False,,,,,,,
2026-08-27,00:00,40.8335185,-73.9390919,EDGECOMBE AVE,10032,33,UNKNOWN,Street,42.964213777366744,False,MANHATTAN,"(40.8335185, -73.9390919)",trafficstat,False,False,False,False,False,False,False,False,False,,,,,,,
2026-08-27,00:00,40.847355,-73.93517,ST NICHOLAS AVE,10033,33,UNKNOWN,Street,2.6147238155461148,False,MANHATTAN,"(40.847355, -73.93517)",trafficstat,False,False,False,False,False,False,False,False,False,,,,,,,
2026-08-26,00:00,40.846153,-73.93233,AMSTERDAM AVE,10033,33,UNKNOWN,Street,0.7503181296434933,False,MANHATTAN,"(40.846153, -73.93233)",trafficstat,True,False,False,False,False,False,False,True,False,,,,,,,
2026-08-26,00:00,40.8357931,-73.9398878,AMSTERDAM AVE,10032,33,UNKNOWN,Street,1.973916543876972,False,MANHATTAN,"(40.8357931, -73.9398878)",trafficstat,False,False,False,False,False,False,False,False,False,,,,,,,
2026-08-25,00:00,40.8423119,-73.9351401,AMSTERDAM AVE,10032,33,UNKNOWN,Street,1.725042882221717,False,MANHATTAN,"(40.8423119, -73.9351401)",trafficstat,True,False,True,False,False,False,False,False,False,,,,,,,
2026-08-04,00:00,40.8423119,-73.9351401,AMSTERDAM AVE,10032,33,UNKNOWN,Street,1.725042882221717,False,MANHATTAN,"(40.8423119, -73.9351401)",trafficstat,True,False,True,False,False,False,False,False,False,,,,,,,
2026-08-24,00:00,40.8404835,-73.9380183,W  168 ST,10032,33,UNKNOWN,Street,43.55078196584819,False,MANHATTAN,"(40.8404835, -73.9380183)",trafficstat,False,False,False,False,False,False,False,False,False,,,,,,,
2026-08-24,00:00,40.846192,-73.9384507,BROADWAY,10033,33,UNKNOWN,Street,1.2258984482241873,False,MANHATTAN,"(40.846192, -73.9384507)",trafficstat,True,False,True,False,True,False,False,False,False,,,,,,,