crash_date,crash_time,latitude,longitude,on_street_name,zip_code,precinct,collision_type,roadway_type,geocode_dist_feet,time_is_known,borough,location,source,injury,fatality,injured_pedestrian,injured_cyclist,injured_ebike_rider,injured_motorcyclist,injured_moped_rider,injured_car_occupant,injured_suv_occupant,number_of_persons_injured,number_of_persons_killed,contributing_factor_vehicle_1,collision_id,cross_street_name,off_street_name,vehicle_type_code1
2026-08-23,00:00,40.8474133,-73.9333062,AUDUBON AVE,10033,33,UNKNOWN,Street,1.58121697581197,False,MANHATTAN,"(40.8474133, -73.9333062)",trafficstat,True,False,True,False,False,False,False,False,False,,,,,,,
2026-08-23,00:00,40.8386414,-73.9334755,HARLEM RIVER DR,10032,33,OTHER,Highway,0.5969168197372482,False,MANHATTAN,"(40.8386414, -73.9334755)",trafficstat,False,False,False,False,False,False,False,False,False,,,,,,,
2026-08-22,00:00,40.8428436,-73.9343618,AMSTERDAM AVE,10033,33,UNKNOWN,Street,96.64470801324956,False,MANHATTAN,"(40.8428436, -73.9343618)",trafficstat,False,False,False,False,False,False,False,False,False,,,,,,,
2026-08-20,00:00,40.8452999,-73.93826,WADSWORTH AVE,10033,33,UNKNOWN,Street,2.2336363467278573,False,MANHATTAN,"(40.8452999, -73.93826)",trafficstat,True,False,False,False,False,False,False,True,False,,,,,,,
2026-08-19,00:00,40.846285,-73.9361794,W  176 ST,10033,33,UNKNOWN,Street,41.49603051827467,False,MANHATTAN,"(40.846285, -73.9361794)",trafficstat,True,False,False,False,False,False,False,False,False,,,,,,,
2026-08-18,00:00,40.842957,-73.93467,AMSTERDAM AVE,10032,33,UNKNOWN,Street,2.0671643240649877,False,MANHATTAN,"(40.842957, -73.93467)",trafficstat,False,False,False,False,False,False,False,False,False,,,,,,,
2026-08-18,00:00,40.8448236,-73.9347224,W  175 ST,10033,33,UNKNOWN,Street,50.31373821434792,False,MANHATTAN,"(40.8448236, -73.9347224)",trafficstat,True,False,True,False,False,False,False,False,False,,,,,,,
2026-08-18,00:00,40.8368079,-73.941457,W  162 ST,10032,33,UNKNOWN,Street,30.546847912561198,False,MANHATTAN,"(40.8368079, -73.941457)",trafficstat,True,False,False,False,False,False,False,True,False,,,,,,,
2026-08-16,00:00,40.8439417,-73.9390238,BROADWAY,10032,33,OTHER,Street,1.0850749641371946,False,MANHATTAN,"(40.8439417, -73.9390238)",trafficstat,True,False,True,False,False,False,False,False,False,,,,,,,
2026-08-02,00:00,40.8439417,-73.9390238,BROADWAY,10032,33,OTHER,Street,1.0850749641371946,False,MANHATTAN,"(40.8439417, -73.9390238)",trafficstat,True,False,True,False,False,False,False,False,False,,,,,,,
2026-07-04,00:00,40.8439417,-73.9390238,BROADWAY,10032,33,UNKNOWN,Street,1.0850749641371946,False,MANHATTAN,"(40.8439417, -73.9390238)",trafficstat,False,False,False,False,False,False,False,False,False,,,,,,,
2026-08-16,00:00,40.8465604,-73.9368995,W  176 ST,10033,33,OTHER,Street,32.892146706455485,False,MANHATTAN,"(40.8465604, -73.9368995)",trafficstat,False,False,False,False,False,False,False,False,False,,,,,,,
2026-08-13,00:00,40.8487354,-73.9375887,CROSS BRONX EXPY,10033,33,UNKNOWN,Highway,26.02036520005233,False,MANHATTAN,"(40.8487354, -73.9375887)",trafficstat,True,False,False,True,False,False,False,False,False,,,,,,,
2026-08-13,00:00,40.8430764,-73.9442063,RIVERSIDE DR,10032,33,UNKNOWN,Street,58.437164961263214,False,MANHATTAN,"(40.8430764, -73.9442063)",trafficstat,True,False,False,False,False,False,False,True,False,,,,,,,
2026-07-07,00:00,40.8430764,-73.9442063,RIVERSIDE DR,10032,33,OTHER,Street,58.437164961263214,False,MANHATTAN,"(40.8430764, -73.9442063)",trafficstat,False,False,False,False,False,False,False,False,False,,,,,,,
2026-07-02,00:00,40.8430764,-73.9442063,RIVERSIDE DR,10032,33,OTHER,Street,58.437164961263214,False,MANHATTAN,"(40.8430764, -73.9442063)",trafficstat,False,False,False,False,False,False,False,False,False,,,,,,,
2026-08-13,00:00,40.8405061,-73.9459891,HENRY HUDSON PKWY,10032,33,UNKNOWN,Highway,0.6262531617770549,False,MANHATTAN,"(40.8405061, -73.9459891)",trafficstat,True,False,False,False,False,False,False,True,True,,,,,,,
2026-07-06,00:00,40.8405061,-73.9459891,HENRY HUDSON PKWY,10032,33,OTHER,Highway,0.6262531617770549,False,MANHATTAN,"(40.8405061, -73.9459891)",trafficstat,False,False,False,False,False,False,False,False,False,,,,,,,
2026-06-12,00:00,40.8405061,-73.9459891,HENRY HUDSON PKWY,10032,33,UNKNOWN,Highway,0.6262531617770549,False,MANHATTAN,"(40.8405061, -73.9459891)",trafficstat,True,False,False,False,False,False,False,True,False,,,,,,,
2026-08-13,00:00,40.8332785,-73.9391565,EDGECOMBE AVE,10032,33,OTHER,Street,2.1049176588507166,False,MANHATTAN,"(40.8332785, -73.9391565)",trafficstat,False,False,False,False,False,False,False,False,False,,,,,,,
2026-08-12,00:00,40.8398348,-73.9325635,HARLEM RIVER DY,10033,33,UNKNOWN,Highway,1.2894385462311797,False,MANHATTAN,"(40.8398348, -73.9325635)",trafficstat,False,False,False,False,False,False,False,False,False,,,,,,,
2026-08-02,00:00,40.8398348,-73.9325635,HARLEM RIVER DY,10033,33,UNKNOWN,Highway,1.2894385462311797,False,MANHATTAN,"(40.8398348, -73.9325635)",trafficstat,True,False,False,False,False,False,False,True,False,,,,,,,
2026-07-02,00:00,40.8398348,-73.9325635,HARLEM RIVER DY,10033,33,UNKNOWN,Highway,1.2894385462311797,False,MANHATTAN,"(40.8398348, -73.9325635)",trafficstat,True,False,False,False,False,False,False,True,True,,,,,,,
2026-06-16,00:00,40.8398348,-73.9325635,HARLEM RIVER DY,10033,33,OTHER,Highway,1.2894385462311797,False,MANHATTAN,"(40.8398348, -73.9325635)",trafficstat,True,False,False,False,False,False,False,True,False,,,,,,,
2026-08-12,00:00,40.8449521,-73.9299633,HARLEM RIVER DY,10033,33,UNKNOWN,Highway,5.975519733641854,False,MANHATTAN,"(40.8449521, -73.9299633)",trafficstat,False,False,False,False,False,False,False,False,False,,,,,,,
2026-08-11,00:00,40.8489957,-73.9410867,CABRINI BLVD,10033,33,UNKNOWN,Street,0.589934649678884,False,MANHATTAN,"(40.8489957, -73.9410867)",trafficstat,False,False,False,False,False,False,False,False,False,,,,,,,
2026-06-20,00:00,40.8489957,-73.9410867,CABRINI BLVD,10033,33,UNKNOWN,Street,0.589934649678884,False,MANHATTAN,"(40.8489957, -73.9410867)",trafficstat,True,False,False,False,False,False,False,False,True,,,,,,,
2026-08-11,00:00,40.844246,-73.933716,AMSTERDAM AVE,10033,33,OTHER,Street,1.7304992862050683,False,MANHATTAN,"(40.844246, -73.933716)",trafficstat,False,False,False,False,False,False,False,False,False,,,,,,,
2026-08-11,00:00,40.8447157,-73.942289,HAVEN AVE,10032,33,UNKNOWN,Street,36.044081153301896,False,MANHATTAN,"(40.8447157, -73.942289)",trafficstat,False,False,False,False,False,False,False,False,False,,,,,,,
2026-08-11,00:00,40.8365577,-73.9430528,W  161 ST,10032,33,OTHER,Street,2.2702169243938597,False,MANHATTAN,"(40.8365577, -73.9430528)",trafficstat,True,False,False,False,False,False,False,True,False,,,,,,,
2026-08-10,00:00,40.8468,-73.93185,AMSTERDAM AVE,10033,33,OTHER,Street,2.213759548175873,False,MANHATTAN,"(40.8468, -73.93185)",trafficstat,True,False,False,False,False,False,False,False,True,,,,,,,
2026-08-09,00:00,40.846764,-73.93378,AUDUBON AVE,10033,33,UNKNOWN,Street,0.9622295968310863,False,MANHATTAN,"(40.846764, -73.93378)",trafficstat,True,False,False,True,False,False,False,False,False,,,,,,,
2026-08-09,00:00,40.8424112,-73.9311066,HIGH BRG,10033,33,OTHER,Bridge,2.981900544237038,False,MANHATTAN,"(40.8424112, -73.9311066)",trafficstat,False,False,False,False,False,False,False,False,False,,,,,,,
2026-08-09,00:00,40.836931,-73.9392987,AMSTERDAM AVE,10032,33,UNKNOWN,Street,55.606142598664135,False,MANHATTAN,"(40.836931, -73.9392987)",trafficstat,False,False,False,False,False,False,False,False,False,,,,,,,
2026-08-07,00:00,40.8350705,-73.9401077,AMSTERDAM AVE,10032,33,UNKNOWN,Street,78.2465095247838,False,MANHATTAN,"(40.8350705, -73.9401077)",trafficstat,False,False,False,False,False,False,False,False,False,,,,,,,
2026-08-07,00:00,40.8348917,-73.9377529,EDGECOMBE AVE,10032,33,UNKNOWN,Street,0.7021397128972956,False,MANHATTAN,"(40.8348917, -73.9377529)",trafficstat,True,False,False,True,False,False,False,False,False,,,,,,,
2026-08-07,00:00,40.8447887,-73.9370424,ST NICHOLAS AVE,10033,33,OTHER,Street,1.8695528478331078,False,MANHATTAN,"(40.8447887, -73.9370424)",trafficstat,True,False,False,False,False,False,False,True,False,,,,,,,
2026-08-06,00:00,40.8334884,-73.9415775,AMSTERDAM AVE,10032,33,UNKNOWN,Street,1.5439583555273821,False,MANHATTAN,"(40.8334884, -73.9415775)",trafficstat,True,False,False,True,False,False,False,False,False,,,,,,,
2026-06-27,00:00,40.8334884,-73.9415775,AMSTERDAM AVE,10032,33,UNKNOWN,Street,1.5439583555273821,False,MANHATTAN,"(40.8334884, -73.9415775)",trafficstat,False,False,False,False,False,False,False,False,False,,,,,,,
2026-08-06,00:00,40.8421189,-73.9400994,W  169 ST,10032,33,UNKNOWN,Street,34.4205346209307,False,MANHATTAN,"(40.8421189, -73.9400994)",trafficstat,True,False,False,False,False,False,False,True,False,,,,,,,
2026-08-04,00:00,40.8410516,-73.9446789,RIVERSIDE DR,10032,33,UNKNOWN,Street,0.947937510508576,False,MANHATTAN,"(40.8410516, -73.9446789)",trafficstat,False,False,False,False,False,False,False,False,False,,,,,,,
2026-08-04,00:00,40.8392323,-73.9455442,RIVERSIDE DR,10032,33,UNKNOWN,Street,0.15869595035661807,False,MANHATTAN,"(40.8392323, -73.9455442)",trafficstat,False,False,False,False,False,False,False,False,False,,,,,,,
2026-06-13,00:00,40.8392323,-73.9455442,RIVERSIDE DR,10032,33,UNKNOWN,Street,0.15869595035661807,False,MANHATTAN,"(40.8392323, -73.9455442)",trafficstat,False,False,False,False,False,False,False,False,False,,,,,,,
2026-08-02,00:00,40.8436795,-73.9315043,HARLEM RIVER DRIVE EXIT 24 NB,10033,33,OTHER,Ramp,3.2962311129097994,False,MANHATTAN,"(40.8436795, -73.9315043)",trafficstat,False,False,False,False,False,False,False,False,False,,,,,,,
2026-08-02,00:00,40.8379503,-73.9466257,RIVERSIDE DR,10032,33,UNKNOWN,Street,21.50961588504072,False,MANHATTAN,"(40.8379503, -73.9466257)",trafficstat,False,False,False,False,False,False,False,False,False,,,,,,,
2026-08-02,00:00,40.8461057,-73.9360798,ST NICHOLAS AVE,10033,33,UNKNOWN,Street,1.1978013447774618,False,MANHATTAN,"(40.8461057, -73.9360798)",trafficstat,True,False,True,False,False,False,False,False,False,,,,,,,
2026-08-02,00:00,40.8480183,-73.940437,S  PINEHURST AVE,10033,33,OTHER,Street,1.134693028379479,False,MANHATTAN,"(40.8480183, -73.940437)",trafficstat,False,False,False,False,False,False,False,False,False,,,,,,,
2026-07-08,00:00,40.8480183,-73.940437,S  PINEHURST AVE,10033,33,UNKNOWN,Street,1.134693028379479,False,MANHATTAN,"(40.8480183, -73.940437)",trafficstat,False,False,False,False,False,False,False,False,False,,,,,,,
2026-07-31,00:00,40.8456077,-73.9292867,ALEXANDER HAMILTON BRG,10033,33,OTHER,Bridge,3.1177557861834067,False,MANHATTAN,"(40.8456077, -73.9292867)",trafficstat,False,False,False,False,False,False,False,False,False,,,,,,,
2026-06-21,00:00,40.8456077,-73.9292867,ALEXANDER HAMILTON BRG,10033,33,UNKNOWN,Bridge,3.1177557861834067,False,MANHATTAN,"(40.8456077, -73.9292867)",trafficstat,False,False,False,False,False,False,False,False,False,,,,,,,
2026-07-31,00:00,40.8383525,-73.9459957,RIVERSIDE DR,10032,33,UNKNOWN,Street,35.440664796653394,False,MANHATTAN,"(40.8383525, -73.9459957)",trafficstat,False,False,False,False,False,False,False,False,False,,,,,,,
2026-07-31,00:00,40.836111,-73.9387807,W  163 ST,10032,33,UNKNOWN,Street,51.001452300536556,False,MANHATTAN,"(40.836111, -73.9387807)",trafficstat,False,False,False,False,False,False,False,False,False,,,,,,,
2026-07-31,00:00,40.8367178,-73.9426179,BROADWAY,10032,33,OTHER,Street,46.34935746899442,False,MANHATTAN,"(40.8367178, -73.9426179)",trafficstat,False,False,False,False,False,False,False,False,False,,,,,,,
2026-07-30,00:00,40.8330982,-73.9406527,ST NICHOLAS AVE,10032,33,OTHER,Street,1.0842656986092598,False,MANHATTAN,"(40.8330982, -73.9406527)",trafficstat,True,False,False,False,False,False,False,False,False,,,,,,,
2026-07-30,00:00,40.8481591,-73.9359745,CROSS BRONX EXPY,10033,33,UNKNOWN,Highway,25.238139307221036,False,MANHATTAN,"(40.8481591, -73.9359745)",trafficstat,False,False,False,False,False,False,False,False,False,,,,,,,
2026-07-28,00:00,40.8483567,-73.9381224,W  178 ST,10033,33,UNKNOWN,Street,44.80662511686621,False,MANHATTAN,"(40.8483567, -73.9381224)",trafficstat,True,False,False,False,False,False,False,True,False,,,,,,,
2026-07-27,00:00,40.8429567,-73.9346696,AMSTERDAM AVE,10032,33,OTHER,Street,2.2168735032964206,False,MANHATTAN,"(40.8429567, -73.9346696)",trafficstat,False,False,False,False,False,False,False,False,False,,,,,,,
2026-07-27,00:00,40.845334,-73.9339915,W  176 ST,10033,33,UNKNOWN,Street,31.236329464624916,False,MANHATTAN,"(40.845334, -73.9339915)",trafficstat,False,False,False,False,False,False,False,False,False,,,,,,,
2026-07-26,00:00,40.8458162,-73.9292034,ALEXANDER HAMILTON BRG,10033,33,OTHER,Bridge,15.797141247875023,False,MANHATTAN,"(40.8458162, -73.9292034)",trafficstat,False,False,False,False,False,False,False,False,False,,,,,,,
2026-07-21,00:00,40.8458162,-73.9292034,ALEXANDER HAMILTON BRG,10033,33,OTHER,Bridge,15.797141247875023,False,MANHATTAN,"(40.8458162, -73.9292034)",trafficstat,False,False,False,False,False,False,False,False,False,,,,,,,
2026-06-30,00:00,40.8458162,-73.9292034,ALEXANDER HAMILTON BRG,10033,33,UNKNOWN,Bridge,15.797141247875023,False,MANHATTAN,"(40.8458162, -73.9292034)",trafficstat,False,False,False,False,False,False,False,False,False,,,,,,,
2026-07-26,00:00,40.8392467,-73.9468684,HENRY HUDSON PKWY,10032,33,UNKNOWN,Highway,5.810298445374982,False,MANHATTAN,"(40.8392467, -73.9468684)",trafficstat,True,False,False,False,False,False,False,False,True,,,,,,,
2026-07-25,00:00,40.8417047,-73.9425383,FORT WASHINGTON AVE,10032,33,UNKNOWN,Street,19.720931870331434,False,MANHATTAN,"(40.8417047, -73.9425383)",trafficstat,False,False,False,False,False,False,False,False,False,,,,,,,
2026-07-24,00:00,40.8328656,-73.9420333,AMSTERDAM AVE,10032,33,UNKNOWN,Street,1.2777376209933342,False,MANHATTAN,"(40.8328656, -73.9420333)",trafficstat,True,False,True,False,False,False,False,False,False,,,,,,,
2026-06-25,00:00,40.8328656,-73.9420333,AMSTERDAM AVE,10032,33,UNKNOWN,Street,1.2777376209933342,False,MANHATTAN,"(40.8328656, -73.9420333)",trafficstat,False,False,False,False,False,False,False,False,False,,,,,,,
2026-07-23,00:00,40.8333179,-73.9403553,ST NICHOLAS AVE,10032,33,OTHER,Street,55.00657963368994,False,MANHATTAN,"(40.8333179, -73.9403553)",trafficstat,False,False,False,False,False,False,False,False,False,,,,,,,
2026-07-23,00:00,40.8347313,-73.9406657,AMSTERDAM AVE,10032,33,UNKNOWN,Street,1.4507025434498817,False,MANHATTAN,"(40.8347313, -73.9406657)",trafficstat,True,False,False,False,True,False,False,False,False,,,,,,,
2026-07-22,00:00,40.8301553,-73.9396255,W  155 ST,10032,33,OTHER,Bridge,2.6144072240495926,False,MANHATTAN,"(40.8301553, -73.9396255)",trafficstat,True,False,True,False,False,False,False,False,False,,,,,,,
2026-07-22,00:00,40.8412945,-73.9406467,W  168 ST,10032,33,UNKNOWN,Street,53.3259264416954,False,MANHATTAN,"(40.8412945, -73.9406467)",trafficstat,False,False,False,False,False,False,False,False,False,,,,,,,
2026-07-03,00:00,40.8412945,-73.9406467,W  168 ST,10032,33,UNKNOWN,Street,53.3259264416954,False,MANHATTAN,"(40.8412945, -73.9406467)",trafficstat,False,False,False,False,False,False,False,False,False,,,,,,,
2026-07-21,00:00,40.8486681,-73.9391822,FORT WASHINGTON AVE,10033,33,UNKNOWN,Street,1.6605781579475045,False,MANHATTAN,"(40.8486681, -73.9391822)",trafficstat,True,False,False,False,False,False,False,True,False,,,,,,,
2026-07-18,00:00,40.8486681,-73.9391822,FORT WASHINGTON AVE,10033,33,OTHER,Street,1.6605781579475045,False,MANHATTAN,"(40.8486681, -73.9391822)",trafficstat,False,False,False,False,False,False,False,False,False,,,,,,,
2026-07-19,00:00,40.83037,-73.94014,MACOMBS DAM BRIDGE PEDESTRIAN PATH,10039,33,UNKNOWN,Bridge,3.739756494361308,False,MANHATTAN,"(40.83037, -73.94014)",trafficstat,False,False,False,False,False,False,False,False,False,,,,,,,
2026-07-19,00:00,40.8346242,-73.9420931,W  159 ST,10032,33,UNKNOWN,Street,29.922655340608262,False,MANHATTAN,"(40.8346242, -73.9420931)",trafficstat,False,False,False,False,False,False,False,False,False,,,,,,,
2026-07-18,00:00,40.8486885,-73.9398049,W  178 ST,10033,33,OTHER,Street,32.78908446066415,False,MANHATTAN,"(40.8486885, -73.9398049)",trafficstat,False,False,False,False,False,False,False,False,False,,,,,,,
2026-07-17,00:00,40.8516963,-73.9523744,GEORGE WASHINGTON BRG,10033,33,OTHER,Bridge,0.1971109796789469,False,MANHATTAN,"(40.8516963, -73.9523744)",trafficstat,False,False,False,False,False,False,False,False,False,,,,,,,
2026-07-17,00:00,40.8338664,-73.9427416,W  158 ST,10032,33,OTHER,Street,37.208011665217015,False,MANHATTAN,"(40.8338664, -73.9427416)",trafficstat,True,False,True,False,False,False,False,False,False,,,,,,,
2026-07-17,00:00,40.8369416,-73.9422837,W  162 ST,10032,33,OTHER,Street,36.63398871240402,False,MANHATTAN,"(40.8369416, -73.9422837)",trafficstat,False,False,False,False,False,False,False,False,False,,,,,,,
2026-07-16,00:00,40.8398931,-73.9387926,AUDUBON AVE,10032,33,UNKNOWN,Street,2.324621700444456,False,MANHATTAN,"(40.8398931, -73.9387926)",trafficstat,False,False,False,False,False,False,False,False,False,,,,,,,
2026-07-16,00:00,40.8448453,-73.935181,AUDUBON AVE,10033,33,UNKNOWN,Street,1.952512670426711,False,MANHATTAN,"(40.8448453, -73.935181)",trafficstat,True,True,True,False,False,False,False,False,False,,,,,,,
2026-07-14,00:00,40.8468031,-73.9318502,AMSTERDAM AVE,10033,33,UNKNOWN,Street,1.631689502886922,False,MANHATTAN,"(40.8468031, -73.9318502)",trafficstat,True,False,False,False,False,False,True,False,False,,,,,,,
2026-07-13,00:00,40.8423564,-73.931184,HARLEM RIVER DY,10033,33,UNKNOWN,Highway,4.293178514796315,False,MANHATTAN,"(40.8423564, -73.931184)",trafficstat,False,False,False,False,False,False,False,False,False,,,,,,,
2026-07-12,00:00,40.8446799,-73.9388533,BROADWAY,10032,33,UNKNOWN,Street,1.3052414623890736,False,MANHATTAN,"(40.8446799, -73.9388533)",trafficstat,False,False,False,False,False,False,False,False,False,,,,,,,
2026-07-10,00:00,40.8461403,-73.9342328,AUDUBON AVE,10033,33,OTHER,Street,1.7184433455336108,False,MANHATTAN,"(40.8461403, -73.9342328)",trafficstat,True,False,False,False,False,False,False,True,False,,,,,,,
2026-07-10,00:00,40.8401945,-73.9430642,FORT WASHINGTON AVE,10032,33,UNKNOWN,Street,1.2858219489499647,False,MANHATTAN,"(40.8401945, -73.9430642)",trafficstat,False,False,False,False,False,False,False,False,False,,,,,,,
2026-07-09,00:00,40.8392163,-73.937303,AMSTERDAM AVE,10032,33,UNKNOWN,Street,22.733454084695904,False,MANHATTAN,"(40.8392163, -73.937303)",trafficstat,False,False,False,False,False,False,False,False,False,,,,,,,
2026-07-09,00:00,40.8408354,-73.94596,HENRY HUDSON PKWY,10032,33,OTHER,Highway,0.3201041005126563,False,MANHATTAN,"(40.8408354, -73.94596)",trafficstat,True,False,False,False,False,False,False,True,False,,,,,,,
2026-07-09,00:00,40.8435504,-73.9361256,AUDUBON AVE,10032,33,OTHER,Street,1.740106859574922,False,MANHATTAN,"(40.8435504, -73.9361256)",trafficstat,True,False,True,True,False,False,False,False,False,,,,,,,
2026-07-08,00:00,40.8461529,-73.9323244,AMSTERDAM AVE,10033,33,UNKNOWN,Street,2.1246224083236935,False,MANHATTAN,"(40.8461529, -73.9323244)",trafficstat,False,False,False,False,False,False,False,False,False,,,,,,,
2026-06-19,00:00,40.8461529,-73.9323244,AMSTERDAM AVE,10033,33,UNKNOWN,Street,2.1246224083236935,False,MANHATTAN,"(40.8461529, -73.9323244)",trafficstat,True,False,False,False,False,True,False,False,False,,,,,,,
2026-07-08,00:00,40.8339864,-73.9468938,W  156 ST,10032,33,OTHER,Street,32.379215203893786,False,MANHATTAN,"(40.8339864, -73.9468938)",trafficstat,False,False,False,False,False,False,False,False,False,,,,,,,
2026-07-08,00:00,40.8429011,-73.9384212,ST NICHOLAS AVE,10032,33,UNKNOWN,Street,1.4399252359802972,False,MANHATTAN,"(40.8429011, -73.9384212)",trafficstat,True,False,False,False,False,False,False,True,False,,,,,,,
2026-07-07,00:00,40.8456478,-73.9393804,W  174 ST,10033,33,UNKNOWN,Street,23.41539100295881,False,MANHATTAN,"(40.8456478, -73.9393804)",trafficstat,False,False,False,False,False,False,False,False,False,,,,,,,
2026-07-06,00:00,40.839178,-73.9411352,W  165 ST,10032,33,UNKNOWN,Street,2.3922857757908242,False,MANHATTAN,"(40.839178, -73.9411352)",trafficstat,True,False,False,False,False,False,False,True,False,,,,,,,
2026-07-05,00:00,40.8442006,-73.9356515,AUDUBON AVE,10033,33,UNKNOWN,Street,2.072506307183266,False,MANHATTAN,"(40.8442006, -73.9356515)",trafficstat,True,False,True,False,False,False,False,False,False,,,,,,,
2026-07-04,00:00,40.8440308,-73.9387961,W  172 ST,10032,33,UNKNOWN,Street,56.55201754663876,False,MANHATTAN,"(40.8440308, -73.9387961)",trafficstat,True,False,False,False,False,False,False,False,True,,,,,,,
2026-07-02,00:00,40.8462463,-73.9426108,HAVEN AVE,10032,33,UNKNOWN,Street,0.05372286375817659,False,MANHATTAN,"(40.8462463, -73.9426108)",trafficstat,False,False,False,False,False,False,False,False,False,,,,,,,
2026-07-01,00:00,40.8458938,-73.9304285,ALEXANDER HAMILTON BRG,10033,33,OTHER,Bridge,0.1428243583694318,False,MANHATTAN,"(40.8458938, -73.9304285)",trafficstat,False,False,False,False,False,False,False,False,False,,,,,,,
2026-06-29,00:00,40.8478394,-73.9395227,FORT WASHINGTON AVE,10033,33,UNKNOWN,Street,1.3465760610866222,False,MANHATTAN,"(40.8478394, -73.9395227)",trafficstat,False,False,False,False,False,False,False,False,False,,,,,,,
2026-06-28,00:00,40.8366396,-73.9375875,W  164 ST,10032,33,UNKNOWN,Street,23.38667383664691,False,MANHATTAN,"(40.8366396, -73.9375875)",trafficstat,False,False,False,False,False,False,False,False,False,,,,,,,
2026-06-27,00:00,40.846476,-73.9393145,W  175 ST,10033,33,UNKNOWN,Street,35.50611400546452,False,MANHATTAN,"(40.846476, -73.9393145)",trafficstat,False,False,False,False,False,False,False,False,False,,,,,,,
2026-06-26,00:00,40.8431489,-73.9373861,W  172 ST,10032,33,UNKNOWN,Street,34.75517144229772,False,MANHATTAN,"(40.8431489, -73.9373861)",trafficstat,False,False,False,False,False,False,False,False,False,,,,,,,
2026-06-26,00:00,40.8341915,-73.9481972,RIVERSIDE DR,10032,33,OTHER,Street,18.790031065128545,False,MANHATTAN,"(40.8341915, -73.9481972)",trafficstat,True,False,False,True,False,False,False,False,False,,,,,,,
2026-06-23,00:00,40.8398666,-73.9406394,W  166 ST,10032,33,UNKNOWN,Street,2.8359808623025686,False,MANHATTAN,"(40.8398666, -73.9406394)",trafficstat,False,False,False,False,False,False,False,False,False,,,,,,,
2026-06-22,00:00,40.8428096,-73.9420138,FORT WASHINGTON AVE,10032,33,UNKNOWN,Street,1.2292017420028711,False,MANHATTAN,"(40.8428096, -73.9420138)",trafficstat,True,False,True,False,False,False,False,False,False,,,,,,,
2026-06-21,00:00,40.839295,-73.9392377,AUDUBON AVE,10032,33,OTHER,Street,2.154358686962993,False,MANHATTAN,"(40.839295, -73.9392377)",trafficstat,True,False,False,False,False,False,False,True,False,,,,,,,
2026-06-20,00:00,40.8376582,-73.9459313,W  161 ST,10032,33,UNKNOWN,Street,35.50740734773401,False,MANHATTAN,"(40.8376582, -73.9459313)",trafficstat,False,False,False,False,False,False,False,False,False,,,,,,,
2026-06-20,00:00,40.8351617,-73.9397221,ST NICHOLAS AVE,10032,33,OTHER,Street,1.8799389626020053,False,MANHATTAN,"(40.8351617, -73.9397221)",trafficstat,False,False,False,False,False,False,False,False,False,,,,,,,
2026-06-20,00:00,40.8453342,-73.9359177,W  175 ST,10033,33,UNKNOWN,Street,53.631380027019716,False,MANHATTAN,"(40.8453342, -73.9359177)",trafficstat,False,False,False,False,False,False,False,False,False,,,,,,,
2026-06-13,00:00,40.8453342,-73.9359177,W  175 ST,10033,33,UNKNOWN,Street,53.631380027019716,False,MANHATTAN,"(40.8453342, -73.9359177)",trafficstat,False,False,False,False,False,False,False,False,False,,,,,,,
2026-06-19,00:00,40.8496501,-73.9432151,HENRY HUDSON PARKWAY ENTRANCE NB,10033,33,UNKNOWN,Ramp,0.31810483689608715,False,MANHATTAN,"(40.8496501, -73.9432151)",trafficstat,False,False,False,False,False,False,False,False,False,,,,,,,
2026-06-19,00:00,40.8339786,-73.9443781,W  157 ST,10032,33,UNKNOWN,Street,38.72142845501718,False,MANHATTAN,"(40.8339786, -73.9443781)",trafficstat,False,False,False,False,False,False,False,False,False,,,,,,,
2026-06-17,00:00,40.8441385,-73.9375165,ST NICHOLAS AVE,10032,33,OTHER,Street,1.783501141828595,False,MANHATTAN,"(40.8441385, -73.9375165)",trafficstat,True,False,False,False,False,False,False,True,False,,,,,,,
2026-06-15,00:00,40.8493526,-73.9411168,CROSS BRONX EXPY,10033,33,UNKNOWN,Highway,2.5796167779828356,False,MANHATTAN,"(40.8493526, -73.9411168)",trafficstat,False,False,False,False,False,False,False,False,False,,,,,,,
2026-06-14,00:00,40.8401559,-73.9325162,HARLEM RIVER DRIVE EXIT 24 NB,10033,33,OTHER,Ramp,0.21330364573392346,False,MANHATTAN,"(40.8401559, -73.9325162)",trafficstat,True,False,False,False,False,False,False,True,False,,,,,,,
2026-06-12,00:00,40.8401559,-73.9325162,HARLEM RIVER DRIVE EXIT 24 NB,10033,33,UNKNOWN,Ramp,0.21330364573392346,False,MANHATTAN,"(40.8401559, -73.9325162)",trafficstat,False,False,False,False,False,False,False,False,False,,,,,,,
2026-06-14,00:00,40.8362828,-73.9469151,RIVERSIDE DR,10032,33,UNKNOWN,Street,59.50555664955311,False,MANHATTAN,"(40.8362828, -73.9469151)",trafficstat,True,False,True,False,False,False,False,False,True,,,,,,,
2026-06-12,00:00,40.8340609,-73.9448799,W  157 ST,10032,33,UNKNOWN,Street,2.1708829824153657,False,MANHATTAN,"(40.8340609, -73.9448799)",trafficstat,True,False,False,False,False,False,False,True,False,,,,,,,
2026-06-12,00:00,40.8452846,-73.9305665,HARLEM RIVER DRIVE EXIT 24 NB,10033,33,OTHER,Ramp,5.891713492706441,False,MANHATTAN,"(40.8452846, -73.9305665)",trafficstat,True,False,False,False,False,False,False,False,True,,,,,,,
2026-06-12,00:00,40.8471723,-73.9390912,W  176 ST,10033,33,UNKNOWN,Street,31.012620446949935,False,MANHATTAN,"(40.8471723, -73.9390912)",trafficstat,False,False,False,False,False,False,False,False,False,,,,,,,