crash_date,crash_time,latitude,longitude,on_street_name,zip_code,precinct,collision_type,roadway_type,geocode_dist_feet,time_is_known,borough,location,source,injury,fatality,injured_pedestrian,injured_cyclist,injured_ebike_rider,injured_motorcyclist,injured_moped_rider,injured_car_occupant,injured_suv_occupant,number_of_persons_injured,number_of_persons_killed,contributing_factor_vehicle_1,collision_id,cross_street_name,off_street_name,vehicle_type_code1
2026-09-13,00:00,40.847427,-73.9314,AMSTERDAM AVE,10033,34,OTHER,Street,0.4286540003285932,False,MANHATTAN,"(40.847427, -73.9314)",trafficstat,False,False,False,False,False,False,False,False,False,,,,,,,
2026-09-13,00:00,40.851697,-73.9319934,W  185 ST,10033,34,UNKNOWN,Street,1.85044418598695,False,MANHATTAN,"(40.851697, -73.9319934)",trafficstat,True,False,False,False,False,False,False,True,False,,,,,,,
2026-06-23,00:00,40.851697,-73.9319934,W  185 ST,10033,34,UNKNOWN,Street,1.85044418598695,False,MANHATTAN,"(40.851697, -73.9319934)",trafficstat,True,False,False,True,False,False,False,False,False,,,,,,,
2026-09-12,00:00,40.8501889,-73.9396362,PINEHURST AVE,10033,34,UNKNOWN,Street,1.5548676394119056,False,MANHATTAN,"(40.8501889, -73.9396362)",trafficstat,False,False,False,False,False,False,False,False,False,,,,,,,
2026-09-11,00:00,40.84812,-73.9308838,WASHINGTON BRG,10033,34,UNKNOWN,Bridge,0.8265215379867494,False,MANHATTAN,"(40.84812, -73.9308838)",trafficstat,True,False,False,False,False,False,False,False,False,,,,,,,
2026-08-26,00:00,40.84812,-73.9308838,WASHINGTON BRG,10033,34,UNKNOWN,Bridge,0.8265215379867494,False,MANHATTAN,"(40.84812, -73.9308838)",trafficstat,False,False,False,False,False,False,False,False,False,,,,,,,
2026-08-21,00:00,40.84812,-73.9308838,WASHINGTON BRG,10033,34,OTHER,Bridge,0.8265215379867494,False,MANHATTAN,"(40.84812, -73.9308838)",trafficstat,True,False,False,False,False,False,False,True,False,,,,,,,
2026-08-12,00:00,40.84812,-73.9308838,WASHINGTON BRG,10033,34,UNKNOWN,Bridge,0.8265215379867494,False,MANHATTAN,"(40.84812, -73.9308838)",trafficstat,False,False,False,False,False,False,False,False,False,,,,,,,
2026-07-12,00:00,40.84812,-73.9308838,WASHINGTON BRG,10033,34,UNKNOWN,Bridge,0.8265215379867494,False,MANHATTAN,"(40.84812, -73.9308838)",trafficstat,False,False,False,False,False,False,False,False,False,,,,,,,
2026-07-02,00:00,40.84812,-73.9308838,WASHINGTON BRG,10033,34,UNKNOWN,Bridge,0.8265215379867494,False,MANHATTAN,"(40.84812, -73.9308838)",trafficstat,False,False,False,False,False,False,False,False,False,,,,,,,
2026-06-30,00:00,40.84812,-73.9308838,WASHINGTON BRG,10033,34,UNKNOWN,Bridge,0.8265215379867494,False,MANHATTAN,"(40.84812, -73.9308838)",trafficstat,False,False,False,False,False,False,False,False,False,,,,,,,
2026-06-25,00:00,40.84812,-73.9308838,WASHINGTON BRG,10033,34,OTHER,Bridge,0.8265215379867494,False,MANHATTAN,"(40.84812, -73.9308838)",trafficstat,False,False,False,False,False,False,False,False,False,,,,,,,
2026-06-23,00:00,40.84812,-73.9308838,WASHINGTON BRG,10033,34,UNKNOWN,Bridge,0.8265215379867494,False,MANHATTAN,"(40.84812, -73.9308838)",trafficstat,False,False,False,False,False,False,False,False,False,,,,,,,
2026-09-07,00:00,40.86631,-73.9322713,HENRY HUDSON PKWY,10034,34,UNKNOWN,Highway,1.7574722282711102,False,MANHATTAN,"(40.86631, -73.9322713)",trafficstat,True,False,False,False,False,True,False,False,False,,,,,,,
2026-09-06,00:00,40.8651012,-73.9218819,W  204 ST,10034,34,UNKNOWN,Street,0.6056044644335776,False,MANHATTAN,"(40.8651012, -73.9218819)",trafficstat,True,False,False,False,False,False,False,True,False,,,,,,,
2026-08-20,00:00,40.8651012,-73.9218819,W  204 ST,10034,34,OTHER,Street,0.6056044644335776,False,MANHATTAN,"(40.8651012, -73.9218819)",trafficstat,True,False,True,False,False,False,False,True,True,,,,,,,
2026-08-15,00:00,40.8651012,-73.9218819,W  204 ST,10034,34,UNKNOWN,Street,0.6056044644335776,False,MANHATTAN,"(40.8651012, -73.9218819)",trafficstat,False,False,False,False,False,False,False,False,False,,,,,,,
2026-06-12,00:00,40.8651012,-73.9218819,W  204 ST,10034,34,OTHER,Street,0.6056044644335776,False,MANHATTAN,"(40.8651012, -73.9218819)",trafficstat,False,False,False,False,False,False,False,False,False,,,,,,,
2026-09-05,00:00,40.8644624,-73.9189433,10 AVE,10034,34,OTHER,Street,1.5724546637589025,False,MANHATTAN,"(40.8644624, -73.9189433)",trafficstat,False,False,False,False,False,False,False,False,False,,,,,,,
2026-08-30,00:00,40.8644624,-73.9189433,10 AVE,10034,34,OTHER,Street,1.5724546637589025,False,MANHATTAN,"(40.8644624, -73.9189433)",trafficstat,False,False,False,False,False,False,False,False,False,,,,,,,
2026-08-15,00:00,40.8644624,-73.9189433,10 AVE,10034,34,UNKNOWN,Street,1.5724546637589025,False,MANHATTAN,"(40.8644624, -73.9189433)",trafficstat,True,False,False,False,False,False,False,False,False,,,,,,,
2026-08-12,00:00,40.8644624,-73.9189433,10 AVE,10034,34,UNKNOWN,Street,1.5724546637589025,False,MANHATTAN,"(40.8644624, -73.9189433)",trafficstat,False,False,False,False,False,False,False,False,False,,,,,,,
2026-08-03,00:00,40.8644624,-73.9189433,10 AVE,10034,34,UNKNOWN,Street,1.5724546637589025,False,MANHATTAN,"(40.8644624, -73.9189433)",trafficstat,True,False,False,False,False,False,False,True,False,,,,,,,
2026-09-05,00:00,40.8566907,-73.9246063,FORT GEORGE AVE,10040,34,UNKNOWN,Street,19.88010074574118,False,MANHATTAN,"(40.8566907, -73.9246063)",trafficstat,False,False,False,False,False,False,False,False,False,,,,,,,
2026-09-05,00:00,40.8567147,-73.9326317,BROADWAY,10040,34,OTHER,Street,1.748931383472713,False,MANHATTAN,"(40.8567147, -73.9326317)",trafficstat,False,False,False,False,False,False,False,False,False,,,,,,,
2026-07-14,00:00,40.8567147,-73.9326317,BROADWAY,10040,34,UNKNOWN,Street,1.748931383472713,False,MANHATTAN,"(40.8567147, -73.9326317)",trafficstat,True,True,False,True,False,False,False,False,False,,,,,,,
2026-07-12,00:00,40.8567147,-73.9326317,BROADWAY,10040,34,UNKNOWN,Street,1.748931383472713,False,MANHATTAN,"(40.8567147, -73.9326317)",trafficstat,False,False,False,False,False,False,False,False,False,,,,,,,
2026-09-04,00:00,40.86258,-73.92538,DYCKMAN ST,10040,34,UNKNOWN,Street,2.824976718207788,False,MANHATTAN,"(40.86258, -73.92538)",trafficstat,True,False,False,True,False,False,False,False,False,,,,,,,
2026-07-26,00:00,40.86258,-73.92538,DYCKMAN ST,10040,34,UNKNOWN,Street,2.824976718207788,False,MANHATTAN,"(40.86258, -73.92538)",trafficstat,False,False,False,False,False,False,False,False,False,,,,,,,
2026-09-04,00:00,40.8527277,-73.9344287,BROADWAY,10033,34,UNKNOWN,Street,1.7779322451816555,False,MANHATTAN,"(40.8527277, -73.9344287)",trafficstat,False,False,False,False,False,False,False,False,False,,,,,,,
2026-09-04,00:00,40.8553345,-73.9333127,BROADWAY,10040,34,UNKNOWN,Street,0.9525011643573424,False,MANHATTAN,"(40.8553345, -73.9333127)",trafficstat,False,False,False,False,False,False,False,False,False,,,,,,,
2026-09-03,00:00,40.850272,-73.9302398,W  184 ST,10033,34,UNKNOWN,Street,29.900894389855516,False,MANHATTAN,"(40.850272, -73.9302398)",trafficstat,False,False,False,False,False,False,False,False,False,,,,,,,
2026-09-03,00:00,40.8637859,-73.9169955,9 AVE,10034,34,UNKNOWN,Street,1.403527029718731,False,MANHATTAN,"(40.8637859, -73.9169955)",trafficstat,False,False,False,False,False,False,False,False,False,,,,,,,
2026-08-25,00:00,40.8637859,-73.9169955,9 AVE,10034,34,UNKNOWN,Street,1.403527029718731,False,MANHATTAN,"(40.8637859, -73.9169955)",trafficstat,False,False,False,False,False,False,False,False,False,,,,,,,
2026-07-09,00:00,40.8637859,-73.9169955,9 AVE,10034,34,UNKNOWN,Street,1.403527029718731,False,MANHATTAN,"(40.8637859, -73.9169955)",trafficstat,True,False,False,False,False,False,False,True,False,,,,,,,
2026-06-26,00:00,40.8637859,-73.9169955,9 AVE,10034,34,UNKNOWN,Street,1.403527029718731,False,MANHATTAN,"(40.8637859, -73.9169955)",trafficstat,True,False,False,False,False,False,False,False,True,,,,,,,
2026-09-03,00:00,40.8648086,-73.9193623,W  207 ST,10034,34,UNKNOWN,Street,1.496348375837795,False,MANHATTAN,"(40.8648086, -73.9193623)",trafficstat,True,False,True,False,False,False,False,False,False,,,,,,,
2026-09-01,00:00,40.8648086,-73.9193623,W  207 ST,10034,34,OTHER,Street,1.496348375837795,False,MANHATTAN,"(40.8648086, -73.9193623)",trafficstat,True,False,True,False,False,False,False,False,False,,,,,,,
2026-08-08,00:00,40.8648086,-73.9193623,W  207 ST,10034,34,UNKNOWN,Street,1.496348375837795,False,MANHATTAN,"(40.8648086, -73.9193623)",trafficstat,False,False,False,False,False,False,False,False,False,,,,,,,
2026-08-07,00:00,40.8648086,-73.9193623,W  207 ST,10034,34,UNKNOWN,Street,1.496348375837795,False,MANHATTAN,"(40.8648086, -73.9193623)",trafficstat,False,False,False,False,False,False,False,False,False,,,,,,,
2026-09-01,00:00,40.8544899,-73.9346258,BENNETT AVE,10033,34,UNKNOWN,Street,1.6407486759380743,False,MANHATTAN,"(40.8544899, -73.9346258)",trafficstat,True,False,True,False,False,False,False,False,False,,,,,,,
2026-09-01,00:00,40.86065,-73.92733,SICKLES ST,10040,34,UNKNOWN,Street,1.4651052726271259,False,MANHATTAN,"(40.86065, -73.92733)",trafficstat,False,False,False,False,False,False,False,False,False,,,,,,,
2026-09-01,00:00,40.8680662,-73.9168866,W  212 ST,10034,34,UNKNOWN,Street,94.12835327856884,False,MANHATTAN,"(40.8680662, -73.9168866)",trafficstat,False,False,False,False,False,False,False,False,False,,,,,,,
2026-09-01,00:00,40.8486962,-73.9304675,AMSTERDAM AVE,10033,34,UNKNOWN,Street,1.7635937308649265,False,MANHATTAN,"(40.8486962, -73.9304675)",trafficstat,True,False,False,True,False,False,False,False,False,,,,,,,
2026-08-16,00:00,40.8486962,-73.9304675,AMSTERDAM AVE,10033,34,UNKNOWN,Street,1.7635937308649265,False,MANHATTAN,"(40.8486962, -73.9304675)",trafficstat,True,False,False,True,False,False,False,False,False,,,,,,,
2026-09-01,00:00,40.8511796,-73.9392377,PINEHURST AVE,10033,34,OTHER,Street,0.667015618800047,False,MANHATTAN,"(40.8511796, -73.9392377)",trafficstat,True,False,True,False,False,False,False,False,False,,,,,,,
2026-09-01,00:00,40.84812,-73.930885,WASHINGTON BRG,10033,34,UNKNOWN,Bridge,1.117811269712067,False,MANHATTAN,"(40.84812, -73.930885)",trafficstat,False,False,False,False,False,False,False,False,False,,,,,,,
2026-08-31,00:00,40.8501676,-73.9357542,BROADWAY,10033,34,OTHER,Street,2.2102956342457274,False,MANHATTAN,"(40.8501676, -73.9357542)",trafficstat,False,False,False,False,False,False,False,False,False,,,,,,,
2026-08-31,00:00,40.8513919,-73.9412075,HAVEN AVE,10033,34,OTHER,Street,0.4695753690297255,False,MANHATTAN,"(40.8513919, -73.9412075)",trafficstat,False,False,False,False,False,False,False,False,False,,,,,,,
2026-08-31,00:00,40.8589127,-73.9229592,HARLEM RIVER DY,10033,34,OTHER,Highway,1.7340100440798862,False,MANHATTAN,"(40.8589127, -73.9229592)",trafficstat,False,False,False,False,False,False,False,False,False,,,,,,,
2026-08-10,00:00,40.8589127,-73.9229592,HARLEM RIVER DY,10033,34,UNKNOWN,Highway,1.7340100440798862,False,MANHATTAN,"(40.8589127, -73.9229592)",trafficstat,False,False,False,False,False,False,False,False,False,,,,,,,
2026-07-31,00:00,40.8589127,-73.9229592,HARLEM RIVER DY,10033,34,OTHER,Highway,1.7340100440798862,False,MANHATTAN,"(40.8589127, -73.9229592)",trafficstat,True,False,False,False,False,False,True,False,False,,,,,,,
2026-07-25,00:00,40.8589127,-73.9229592,HARLEM RIVER DY,10033,34,UNKNOWN,Highway,1.7340100440798862,False,MANHATTAN,"(40.8589127, -73.9229592)",trafficstat,False,False,False,False,False,False,False,False,False,,,,,,,
2026-07-19,00:00,40.8589127,-73.9229592,HARLEM RIVER DY,10033,34,UNKNOWN,Highway,1.7340100440798862,False,MANHATTAN,"(40.8589127, -73.9229592)",trafficstat,False,False,False,False,False,False,False,False,False,,,,,,,
2026-06-21,00:00,40.8589127,-73.9229592,HARLEM RIVER DY,10033,34,UNKNOWN,Highway,1.7340100440798862,False,MANHATTAN,"(40.8589127, -73.9229592)",trafficstat,False,False,False,False,False,False,False,False,False,,,,,,,
2026-06-17,00:00,40.8589127,-73.9229592,HARLEM RIVER DY,10033,34,UNKNOWN,Highway,1.7340100440798862,False,MANHATTAN,"(40.8589127, -73.9229592)",trafficstat,False,False,False,False,False,False,False,False,False,,,,,,,
2026-08-31,00:00,40.8660623,-73.922499,W  204 ST,10034,34,OTHER,Street,1.5180664156812005,False,MANHATTAN,"(40.8660623, -73.922499)",trafficstat,False,False,False,False,False,False,False,False,False,,,,,,,
2026-08-29,00:00,40.863424,-73.9300255,BROADWAY,10040,34,UNKNOWN,Street,1.4605918894248922,False,MANHATTAN,"(40.863424, -73.9300255)",trafficstat,False,False,False,False,False,False,False,False,False,,,,,,,
2026-08-29,00:00,40.8578397,-73.9320414,BROADWAY,10040,34,UNKNOWN,Street,2.0136295727546463,False,MANHATTAN,"(40.8578397, -73.9320414)",trafficstat,False,False,False,False,False,False,False,False,False,,,,,,,
2026-07-02,00:00,40.8578397,-73.9320414,BROADWAY,10040,34,OTHER,Street,2.0136295727546463,False,MANHATTAN,"(40.8578397, -73.9320414)",trafficstat,True,False,True,False,False,False,False,False,False,,,,,,,
2026-06-12,00:00,40.8578397,-73.9320414,BROADWAY,10040,34,OTHER,Street,2.0136295727546463,False,MANHATTAN,"(40.8578397, -73.9320414)",trafficstat,False,False,False,False,False,False,False,False,False,,,,,,,
2026-08-29,00:00,40.8474287,-73.9313942,AMSTERDAM AVE,10033,34,OTHER,Street,1.5319841561918521,False,MANHATTAN,"(40.8474287, -73.9313942)",trafficstat,True,False,True,False,False,False,False,False,False,,,,,,,
2026-08-24,00:00,40.8474287,-73.9313942,AMSTERDAM AVE,10033,34,UNKNOWN,Street,1.5319841561918521,False,MANHATTAN,"(40.8474287, -73.9313942)",trafficstat,False,False,False,False,False,False,False,False,False,,,,,,,
2026-07-17,00:00,40.8474287,-73.9313942,AMSTERDAM AVE,10033,34,UNKNOWN,Street,1.5319841561918521,False,MANHATTAN,"(40.8474287, -73.9313942)",trafficstat,True,False,False,True,False,False,False,False,False,,,,,,,
2026-07-16,00:00,40.8474287,-73.9313942,AMSTERDAM AVE,10033,34,UNKNOWN,Street,1.5319841561918521,False,MANHATTAN,"(40.8474287, -73.9313942)",trafficstat,False,False,False,False,False,False,False,False,False,,,,,,,
2026-08-28,00:00,40.8635724,-73.9260124,DYCKMAN ST,10040,34,UNKNOWN,Street,1.5695765720327528,False,MANHATTAN,"(40.8635724, -73.9260124)",trafficstat,False,False,False,False,False,False,False,False,False,,,,,,,
2026-08-22,00:00,40.8635724,-73.9260124,DYCKMAN ST,10040,34,UNKNOWN,Street,1.5695765720327528,False,MANHATTAN,"(40.8635724, -73.9260124)",trafficstat,False,False,False,False,False,False,False,False,False,,,,,,,
2026-08-15,00:00,40.8635724,-73.9260124,DYCKMAN ST,10040,34,UNKNOWN,Street,1.5695765720327528,False,MANHATTAN,"(40.8635724, -73.9260124)",trafficstat,False,False,False,False,False,False,False,False,False,,,,,,,
2026-08-03,00:00,40.8635724,-73.9260124,DYCKMAN ST,10040,34,UNKNOWN,Street,1.5695765720327528,False,MANHATTAN,"(40.8635724, -73.9260124)",trafficstat,False,False,False,False,False,False,False,False,False,,,,,,,
2026-07-17,00:00,40.8635724,-73.9260124,DYCKMAN ST,10040,34,UNKNOWN,Street,1.5695765720327528,False,MANHATTAN,"(40.8635724, -73.9260124)",trafficstat,True,False,False,True,False,False,False,False,False,,,,,,,
2026-07-08,00:00,40.8635724,-73.9260124,DYCKMAN ST,10040,34,UNKNOWN,Street,1.5695765720327528,False,MANHATTAN,"(40.8635724, -73.9260124)",trafficstat,True,False,False,False,False,False,False,True,False,,,,,,,
2026-06-28,00:00,40.8635724,-73.9260124,DYCKMAN ST,10040,34,OTHER,Street,1.5695765720327528,False,MANHATTAN,"(40.8635724, -73.9260124)",trafficstat,False,False,False,False,False,False,False,False,False,,,,,,,
2026-08-27,00:00,40.8645252,-73.9266187,DYCKMAN ST,10040,34,UNKNOWN,Street,0.6572648312572685,False,MANHATTAN,"(40.8645252, -73.9266187)",trafficstat,False,False,False,False,False,False,False,False,False,,,,,,,
2026-06-18,00:00,40.8645252,-73.9266187,DYCKMAN ST,10040,34,UNKNOWN,Street,0.6572648312572685,False,MANHATTAN,"(40.8645252, -73.9266187)",trafficstat,True,False,False,False,False,False,False,True,False,,,,,,,
2026-08-27,00:00,40.8549069,-73.9296441,ST NICHOLAS AVE,10040,34,UNKNOWN,Street,2.033032845680549,False,MANHATTAN,"(40.8549069, -73.9296441)",trafficstat,False,False,False,False,False,False,False,False,False,,,,,,,
2026-08-26,00:00,40.8602933,-73.9363965,HENRY HUDSON PKWY,10040,34,UNKNOWN,Highway,4.135708768891151,False,MANHATTAN,"(40.8602933, -73.9363965)",trafficstat,False,False,False,False,False,False,False,False,False,,,,,,,
2026-08-26,00:00,40.8702232,-73.9146951,10 AVE,10034,34,OTHER,Street,1.775778525083742,False,MANHATTAN,"(40.8702232, -73.9146951)",trafficstat,False,False,False,False,False,False,False,False,False,,,,,,,
2026-08-25,00:00,40.8626052,-73.920276,W  204 ST,10034,34,UNKNOWN,Street,0.9652578793223117,False,MANHATTAN,"(40.8626052, -73.920276)",trafficstat,False,False,False,False,False,False,False,False,False,,,,,,,
2026-08-10,00:00,40.8626052,-73.920276,W  204 ST,10034,34,OTHER,Street,0.9652578793223117,False,MANHATTAN,"(40.8626052, -73.920276)",trafficstat,False,False,False,False,False,False,False,False,False,,,,,,,
2026-08-04,00:00,40.8626052,-73.920276,W  204 ST,10034,34,UNKNOWN,Street,0.9652578793223117,False,MANHATTAN,"(40.8626052, -73.920276)",trafficstat,False,False,False,False,False,False,False,False,False,,,,,,,
2026-08-25,00:00,40.8667415,-73.9287277,DYCKMAN ST,10034,34,UNKNOWN,Street,2.038928038129778,False,MANHATTAN,"(40.8667415, -73.9287277)",trafficstat,False,False,False,False,False,False,False,False,False,,,,,,,
2026-08-09,00:00,40.8667415,-73.9287277,DYCKMAN ST,10034,34,OTHER,Street,2.038928038129778,False,MANHATTAN,"(40.8667415, -73.9287277)",trafficstat,False,False,False,False,False,False,False,False,False,,,,,,,
2026-06-26,00:00,40.8667415,-73.9287277,DYCKMAN ST,10034,34,UNKNOWN,Street,2.038928038129778,False,MANHATTAN,"(40.8667415, -73.9287277)",trafficstat,False,False,False,False,False,False,False,False,False,,,,,,,
2026-06-19,00:00,40.8667415,-73.9287277,DYCKMAN ST,10034,34,UNKNOWN,Street,2.038928038129778,False,MANHATTAN,"(40.8667415, -73.9287277)",trafficstat,False,False,False,False,False,False,False,False,False,,,,,,,
2026-08-25,00:00,40.8613104,-73.921232,10 AVE,10034,34,UNKNOWN,Street,1.993546173603403,False,MANHATTAN,"(40.8613104, -73.921232)",trafficstat,False,False,False,False,False,False,False,False,False,,,,,,,
2026-08-25,00:00,40.8591869,-73.9313676,BROADWAY,10040,34,OTHER,Street,8.180914133088764,False,MANHATTAN,"(40.8591869, -73.9313676)",trafficstat,True,False,True,False,False,False,False,False,False,,,,,,,
2026-08-05,00:00,40.8591869,-73.9313676,BROADWAY,10040,34,UNKNOWN,Street,8.180914133088764,False,MANHATTAN,"(40.8591869, -73.9313676)",trafficstat,False,False,False,False,False,False,False,False,False,,,,,,,
2026-08-23,00:00,40.86302,-73.91756,9 AVE,10034,34,UNKNOWN,Street,0.6190619931332554,False,MANHATTAN,"(40.86302, -73.91756)",trafficstat,False,False,False,False,False,False,False,False,False,,,,,,,
2026-06-15,00:00,40.86302,-73.91756,9 AVE,10034,34,OTHER,Street,0.6190619931332554,False,MANHATTAN,"(40.86302, -73.91756)",trafficstat,False,False,False,False,False,False,False,False,False,,,,,,,
2026-08-23,00:00,40.7538917,-73.9785985,MADISON AVE,10173,34,UNKNOWN,Street,26.04469621670776,False,MANHATTAN,"(40.7538917, -73.9785985)",trafficstat,False,False,False,False,False,False,False,False,False,,,,,,,
2026-08-15,00:00,40.7538917,-73.9785985,MADISON AVE,10173,34,OTHER,Street,26.04469621670776,False,MANHATTAN,"(40.7538917, -73.9785985)",trafficstat,True,False,False,False,False,False,False,True,False,,,,,,,
2026-07-31,00:00,40.7538917,-73.9785985,MADISON AVE,10173,34,OTHER,Street,26.04469621670776,False,MANHATTAN,"(40.7538917, -73.9785985)",trafficstat,False,False,False,False,False,False,False,False,False,,,,,,,
2026-07-09,00:00,40.7538917,-73.9785985,MADISON AVE,10173,34,UNKNOWN,Street,26.04469621670776,False,MANHATTAN,"(40.7538917, -73.9785985)",trafficstat,False,False,False,False,False,False,False,False,False,,,,,,,
2026-07-07,00:00,40.7538917,-73.9785985,MADISON AVE,10173,34,UNKNOWN,Street,26.04469621670776,False,MANHATTAN,"(40.7538917, -73.9785985)",trafficstat,False,False,False,False,False,False,False,False,False,,,,,,,
2026-08-22,00:00,40.8676918,-73.9212136,W  207 ST,10034,34,UNKNOWN,Street,1.27708277761339,False,MANHATTAN,"(40.8676918, -73.9212136)",trafficstat,False,False,False,False,False,False,False,False,False,,,,,,,
2026-08-22,00:00,40.8631132,-73.9206116,W  204 ST,10034,34,OTHER,Street,1.0476152308103495,False,MANHATTAN,"(40.8631132, -73.9206116)",trafficstat,False,False,False,False,False,False,False,False,False,,,,,,,
2026-08-20,00:00,40.8670151,-73.9231089,W  204 ST,10034,34,UNKNOWN,Street,0.8367481343743958,False,MANHATTAN,"(40.8670151, -73.9231089)",trafficstat,True,False,False,False,True,False,False,False,False,,,,,,,
2026-08-20,00:00,40.8629258,-73.9277665,ARDEN ST,10040,34,OTHER,Street,1.0212069084397326,False,MANHATTAN,"(40.8629258, -73.9277665)",trafficstat,True,False,False,False,False,False,False,True,False,,,,,,,
2026-07-23,00:00,40.8629258,-73.9277665,ARDEN ST,10040,34,OTHER,Street,1.0212069084397326,False,MANHATTAN,"(40.8629258, -73.9277665)",trafficstat,True,False,False,False,False,False,False,True,False,,,,,,,
2026-08-19,00:00,40.8561799,-73.9287137,ST NICHOLAS AVE,10040,34,OTHER,Street,2.4364982265351065,False,MANHATTAN,"(40.8561799, -73.9287137)",trafficstat,False,False,False,False,False,False,False,False,False,,,,,,,
2026-07-19,00:00,40.8561799,-73.9287137,ST NICHOLAS AVE,10040,34,UNKNOWN,Street,2.4364982265351065,False,MANHATTAN,"(40.8561799, -73.9287137)",trafficstat,True,False,True,False,False,False,False,False,False,,,,,,,
2026-07-05,00:00,40.8561799,-73.9287137,ST NICHOLAS AVE,10040,34,OTHER,Street,2.4364982265351065,False,MANHATTAN,"(40.8561799, -73.9287137)",trafficstat,True,False,True,False,False,False,False,False,False,,,,,,,
2026-08-18,00:00,40.8663149,-73.9185976,ISHAM ST,10034,34,UNKNOWN,Street,1.360640876006207,False,MANHATTAN,"(40.8663149, -73.9185976)",trafficstat,True,False,False,False,False,True,False,False,False,,,,,,,
2026-08-18,00:00,40.8655927,-73.9181068,10 AVE,10034,34,UNKNOWN,Street,1.9244690064194017,False,MANHATTAN,"(40.8655927, -73.9181068)",trafficstat,True,False,False,True,False,False,False,False,False,,,,,,,
2026-08-18,00:00,40.8657971,-73.9199974,W  207 ST,10034,34,UNKNOWN,Street,1.3279376013934046,False,MANHATTAN,"(40.8657971, -73.9199974)",trafficstat,True,False,True,False,False,False,False,False,False,,,,,,,
2026-07-14,00:00,40.8657971,-73.9199974,W  207 ST,10034,34,UNKNOWN,Street,1.3279376013934046,False,MANHATTAN,"(40.8657971, -73.9199974)",trafficstat,False,False,False,False,False,False,False,False,False,,,,,,,
2026-07-03,00:00,40.8657971,-73.9199974,W  207 ST,10034,34,OTHER,Street,1.3279376013934046,False,MANHATTAN,"(40.8657971, -73.9199974)",trafficstat,True,False,False,False,False,False,False,True,False,,,,,,,
2026-07-01,00:00,40.8657971,-73.9199974,W  207 ST,10034,34,UNKNOWN,Street,1.3279376013934046,False,MANHATTAN,"(40.8657971, -73.9199974)",trafficstat,False,False,False,False,False,False,False,False,False,,,,,,,
2026-08-16,00:00,40.8651071,-73.9184472,10 AVE,10034,34,UNKNOWN,Street,1.9359033655966777,False,MANHATTAN,"(40.8651071, -73.9184472)",trafficstat,True,False,True,False,False,False,False,False,False,,,,,,,
2026-08-16,00:00,40.851334,-73.940216,CABRINI BLVD,10033,34,UNKNOWN,Street,2.6506756572115027,False,MANHATTAN,"(40.851334, -73.940216)",trafficstat,False,False,False,False,False,False,False,False,False,,,,,,,
2026-08-16,00:00,40.8531997,-73.9341933,BROADWAY,10033,34,OTHER,Street,1.4668139929293618,False,MANHATTAN,"(40.8531997, -73.9341933)",trafficstat,False,False,False,False,False,False,False,False,False,,,,,,,
2026-08-14,00:00,40.8542028,-73.931774,WADSWORTH AVE,10040,34,UNKNOWN,Street,1.6258635264976042,False,MANHATTAN,"(40.8542028, -73.931774)",trafficstat,True,False,False,False,False,True,False,False,False,,,,,,,
2026-08-14,00:00,40.8489387,-73.937071,BROADWAY,10033,34,UNKNOWN,Street,1.9315149650993575,False,MANHATTAN,"(40.8489387, -73.937071)",trafficstat,True,False,False,False,False,False,False,True,False,,,,,,,
2026-08-14,00:00,40.8729442,-73.9281873,HENRY HUDSON PKWY,10034,34,UNKNOWN,Highway,1.0440654329348564,False,MANHATTAN,"(40.8729442, -73.9281873)",trafficstat,False,False,False,False,False,False,False,False,False,,,,,,,
2026-08-13,00:00,40.8469548,-73.9284178,WASHINGTON BRG,10033,34,UNKNOWN,Bridge,0.6634410545017794,False,MANHATTAN,"(40.8469548, -73.9284178)",trafficstat,True,False,False,False,False,False,False,True,False,,,,,,,
2026-08-13,00:00,40.8492883,-73.9389358,FORT WASHINGTON AVE,10033,34,OTHER,Street,1.1225328113490043,False,MANHATTAN,"(40.8492883, -73.9389358)",trafficstat,True,False,True,False,False,False,False,False,False,,,,,,,
2026-08-05,00:00,40.8492883,-73.9389358,FORT WASHINGTON AVE,10033,34,OTHER,Street,1.1225328113490043,False,MANHATTAN,"(40.8492883, -73.9389358)",trafficstat,False,False,False,False,False,False,False,False,False,,,,,,,
2026-08-12,00:00,40.8571089,-73.9356028,FORT WASHINGTON AVE,10040,34,UNKNOWN,Street,1.6948152033451545,False,MANHATTAN,"(40.8571089, -73.9356028)",trafficstat,False,False,False,False,False,False,False,False,False,,,,,,,
2026-08-12,00:00,40.8517656,-73.9419048,RIVERSIDE DR,10033,34,UNKNOWN,Street,1.662306320380291,False,MANHATTAN,"(40.8517656, -73.9419048)",trafficstat,False,False,False,False,False,False,False,False,False,,,,,,,
2026-08-11,00:00,40.8521285,-73.9378199,FORT WASHINGTON AVE,10033,34,UNKNOWN,Street,1.0643523036367535,False,MANHATTAN,"(40.8521285, -73.9378199)",trafficstat,False,False,False,False,False,False,False,False,False,,,,,,,
2026-08-11,00:00,40.8659572,-73.9298674,PAYSON AVE,10034,34,UNKNOWN,Street,2.8041848281124073,False,MANHATTAN,"(40.8659572, -73.9298674)",trafficstat,False,False,False,False,False,False,False,False,False,,,,,,,