crash_date,crash_time,latitude,longitude,on_street_name,zip_code,precinct,collision_type,roadway_type,geocode_dist_feet,time_is_known,borough,location,source,injury,fatality,injured_pedestrian,injured_cyclist,injured_ebike_rider,injured_motorcyclist,injured_moped_rider,injured_car_occupant,injured_suv_occupant,number_of_persons_injured,number_of_persons_killed,contributing_factor_vehicle_1,collision_id,cross_street_name,off_street_name,vehicle_type_code1
2026-08-11,00:00,40.866314,-73.918594,ISHAM ST,10034,34,UNKNOWN,Street,0.6250210532022218,False,MANHATTAN,"(40.866314, -73.918594)",trafficstat,False,False,False,False,False,False,False,False,False,,,,,,,
2026-08-10,00:00,40.8617723,-73.9184694,9 AVE,10034,34,UNKNOWN,Street,1.9060850856678235,False,MANHATTAN,"(40.8617723, -73.9184694)",trafficstat,True,False,False,False,False,False,False,True,False,,,,,,,
2026-08-10,00:00,40.860957,-73.9265033,NAGLE AVE,10040,34,OTHER,Street,2.3816108067900146,False,MANHATTAN,"(40.860957, -73.9265033)",trafficstat,True,False,False,False,False,False,False,False,True,,,,,,,
2026-08-08,00:00,40.8571677,-73.9282319,ST NICHOLAS AVE,10040,34,UNKNOWN,Street,0.8485718927474653,False,MANHATTAN,"(40.8571677, -73.9282319)",trafficstat,True,False,True,False,False,False,False,False,False,,,,,,,
2026-08-08,00:00,40.8625042,-73.9341891,HENRY HUDSON PARKWAY ET 16 NB,10040,34,UNKNOWN,Ramp,6.193551285732658,False,MANHATTAN,"(40.8625042, -73.9341891)",trafficstat,False,False,False,False,False,False,False,False,False,,,,,,,
2026-08-04,00:00,40.8625042,-73.9341891,HENRY HUDSON PARKWAY ET 16 NB,10040,34,UNKNOWN,Ramp,6.193551285732658,False,MANHATTAN,"(40.8625042, -73.9341891)",trafficstat,False,False,False,False,False,False,False,False,False,,,,,,,
2026-08-08,00:00,40.8682509,-73.9161366,10 AVE,10034,34,UNKNOWN,Street,2.157511372775985,False,MANHATTAN,"(40.8682509, -73.9161366)",trafficstat,False,False,False,False,False,False,False,False,False,,,,,,,
2026-06-25,00:00,40.8682509,-73.9161366,10 AVE,10034,34,UNKNOWN,Street,2.157511372775985,False,MANHATTAN,"(40.8682509, -73.9161366)",trafficstat,False,False,False,False,False,False,False,False,False,,,,,,,
2026-08-08,00:00,40.8728867,-73.9124595,BROADWAY,10034,34,OTHER,Street,61.61378257966575,False,MANHATTAN,"(40.8728867, -73.9124595)",trafficstat,False,False,False,False,False,False,False,False,False,,,,,,,
2026-08-06,00:00,40.8565035,-73.9327621,BROADWAY,10040,34,OTHER,Street,0.88469193775563,False,MANHATTAN,"(40.8565035, -73.9327621)",trafficstat,True,False,False,True,False,False,False,False,False,,,,,,,
2026-07-04,00:00,40.8565035,-73.9327621,BROADWAY,10040,34,OTHER,Street,0.88469193775563,False,MANHATTAN,"(40.8565035, -73.9327621)",trafficstat,True,False,False,True,False,False,False,False,False,,,,,,,
2026-08-05,00:00,40.861579,-73.9247782,FORT GEORGE HL,10040,34,UNKNOWN,Street,1.3553834275160825,False,MANHATTAN,"(40.861579, -73.9247782)",trafficstat,True,False,False,False,False,False,False,False,False,,,,,,,
2026-08-04,00:00,40.8511845,-73.9286612,AMSTERDAM AVE,10033,34,UNKNOWN,Street,1.5486188977552078,False,MANHATTAN,"(40.8511845, -73.9286612)",trafficstat,False,False,False,False,False,False,False,False,False,,,,,,,
2026-08-02,00:00,40.8493211,-73.9337308,ST NICHOLAS AVE,10033,34,UNKNOWN,Street,1.8081784983833729,False,MANHATTAN,"(40.8493211, -73.9337308)",trafficstat,True,False,False,False,False,False,False,False,False,,,,,,,
2026-07-31,00:00,40.8615927,-73.924742,DYCKMAN ST,10040,34,UNKNOWN,Street,1.190552592573288,False,MANHATTAN,"(40.8615927, -73.924742)",trafficstat,False,False,False,False,False,False,False,False,False,,,,,,,
2026-06-17,00:00,40.8615927,-73.924742,DYCKMAN ST,10040,34,UNKNOWN,Street,1.190552592573288,False,MANHATTAN,"(40.8615927, -73.924742)",trafficstat,False,False,False,False,False,False,False,False,False,,,,,,,
2026-06-12,00:00,40.8615927,-73.924742,DYCKMAN ST,10040,34,UNKNOWN,Street,1.190552592573288,False,MANHATTAN,"(40.8615927, -73.924742)",trafficstat,True,False,False,False,False,False,False,True,False,,,,,,,
2026-07-28,00:00,40.8531159,-73.9272386,AMSTERDAM AVE,10040,34,UNKNOWN,Street,1.8556867786536768,False,MANHATTAN,"(40.8531159, -73.9272386)",trafficstat,False,False,False,False,False,False,False,False,False,,,,,,,
2026-07-28,00:00,40.8628779,-73.9347817,HENRY HUDSON PKWY,10040,34,UNKNOWN,Highway,5.538714794710393,False,MANHATTAN,"(40.8628779, -73.9347817)",trafficstat,True,False,False,False,False,False,False,True,False,,,,,,,
2026-07-27,00:00,40.8560855,-73.9312924,WADSWORTH TER,10040,34,UNKNOWN,Street,30.874382196818694,False,MANHATTAN,"(40.8560855, -73.9312924)",trafficstat,True,False,False,False,False,False,False,False,True,,,,,,,
2026-07-27,00:00,40.8642454,-73.9246341,SHERMAN AVE,10034,34,UNKNOWN,Street,50.33863990971198,False,MANHATTAN,"(40.8642454, -73.9246341)",trafficstat,False,False,False,False,False,False,False,False,False,,,,,,,
2026-07-27,00:00,40.8513338,-73.9402171,CABRINI BLVD,10033,34,UNKNOWN,Street,2.4611480681975846,False,MANHATTAN,"(40.8513338, -73.9402171)",trafficstat,True,False,False,False,False,False,False,False,False,,,,,,,
2026-07-27,00:00,40.8685653,-73.924164,SEAMAN AVE,10034,34,UNKNOWN,Street,44.202815758506084,False,MANHATTAN,"(40.8685653, -73.924164)",trafficstat,False,False,False,False,False,False,False,False,False,,,,,,,
2026-07-25,00:00,40.8681309,-73.9190615,BROADWAY,10034,34,UNKNOWN,Street,69.33036392745097,False,MANHATTAN,"(40.8681309, -73.9190615)",trafficstat,True,False,False,False,False,False,False,True,False,,,,,,,
2026-07-24,00:00,40.8493134,-73.9300151,AMSTERDAM AVE,10033,34,OTHER,Street,1.4139408939235365,False,MANHATTAN,"(40.8493134, -73.9300151)",trafficstat,False,False,False,False,False,False,False,False,False,,,,,,,
2026-07-22,00:00,40.8535368,-73.9383788,PINEHURST AVE,10033,34,OTHER,Street,0.9360904377567415,False,MANHATTAN,"(40.8535368, -73.9383788)",trafficstat,True,False,True,False,False,False,False,False,False,,,,,,,
2026-07-22,00:00,40.8710088,-73.9192535,SEAMAN AVE,10034,34,OTHER,Street,2.456988917824422,False,MANHATTAN,"(40.8710088, -73.9192535)",trafficstat,False,False,False,False,False,False,False,False,False,,,,,,,
2026-07-21,00:00,40.8676336,-73.9165894,10 AVE,10034,34,UNKNOWN,Street,1.3307977282857408,False,MANHATTAN,"(40.8676336, -73.9165894)",trafficstat,False,False,False,False,False,False,False,False,False,,,,,,,
2026-07-20,00:00,40.8541683,-73.9337043,BROADWAY,10033,34,OTHER,Street,1.6439709983443769,False,MANHATTAN,"(40.8541683, -73.9337043)",trafficstat,False,False,False,False,False,False,False,False,False,,,,,,,
2026-07-20,00:00,40.85623,-73.926865,AUDUBON AVE,10040,34,UNKNOWN,Street,1.2977190147567623,False,MANHATTAN,"(40.85623, -73.926865)",trafficstat,False,False,False,False,False,False,False,False,False,,,,,,,
2026-07-20,00:00,40.8506434,-73.9373658,W  181 ST,10033,34,UNKNOWN,Street,3.135735269355401,False,MANHATTAN,"(40.8506434, -73.9373658)",trafficstat,False,False,False,False,False,False,False,False,False,,,,,,,
2026-07-18,00:00,40.8624118,-73.9224924,NAGLE AVE,10034,34,UNKNOWN,Street,3.4337095476330073,False,MANHATTAN,"(40.8624118, -73.9224924)",trafficstat,False,False,False,False,False,False,False,False,False,,,,,,,
2026-07-18,00:00,40.8672759,-73.9192147,ISHAM ST,10034,34,OTHER,Street,0.9385237087723258,False,MANHATTAN,"(40.8672759, -73.9192147)",trafficstat,False,False,False,False,False,False,False,False,False,,,,,,,
2026-07-17,00:00,40.868774,-73.91335,W  215 ST,10034,34,UNKNOWN,Street,3.165899763450275,False,MANHATTAN,"(40.868774, -73.91335)",trafficstat,True,False,False,False,False,False,False,True,False,,,,,,,
2026-07-08,00:00,40.868774,-73.91335,W  215 ST,10034,34,UNKNOWN,Street,3.165899763450275,False,MANHATTAN,"(40.868774, -73.91335)",trafficstat,True,False,False,False,False,False,False,False,True,,,,,,,
2026-07-17,00:00,40.857351,-73.936575,CABRINI BLVD,10040,34,UNKNOWN,Street,2.066736496755652,False,MANHATTAN,"(40.857351, -73.936575)",trafficstat,False,False,False,False,False,False,False,False,False,,,,,,,
2026-07-16,00:00,40.8487357,-73.9323362,AUDUBON AVE,10033,34,UNKNOWN,Street,1.8730791520614176,False,MANHATTAN,"(40.8487357, -73.9323362)",trafficstat,True,False,False,False,False,False,False,False,False,,,,,,,
2026-07-15,00:00,40.8499963,-73.9386532,FORT WASHINGTON AVE,10033,34,OTHER,Street,1.5808827830160637,False,MANHATTAN,"(40.8499963, -73.9386532)",trafficstat,True,False,True,False,False,False,False,False,False,,,,,,,
2026-07-15,00:00,40.8524876,-73.9276947,AMSTERDAM AVE,10040,34,UNKNOWN,Street,2.034503391366327,False,MANHATTAN,"(40.8524876, -73.9276947)",trafficstat,True,False,False,False,True,False,False,False,False,,,,,,,
2026-06-18,00:00,40.8524876,-73.9276947,AMSTERDAM AVE,10040,34,UNKNOWN,Street,2.034503391366327,False,MANHATTAN,"(40.8524876, -73.9276947)",trafficstat,True,False,False,True,False,False,False,False,False,,,,,,,
2026-07-15,00:00,40.8514353,-73.9350842,BROADWAY,10033,34,UNKNOWN,Street,1.0485307160159334,False,MANHATTAN,"(40.8514353, -73.9350842)",trafficstat,False,False,False,False,False,False,False,False,False,,,,,,,
2026-07-14,00:00,40.8468031,-73.9318502,AMSTERDAM AVE,10033,34,UNKNOWN,Street,1.631689502886922,False,MANHATTAN,"(40.8468031, -73.9318502)",trafficstat,True,False,False,False,False,False,True,False,False,,,,,,,
2026-07-14,00:00,40.8626134,-73.9285984,SICKLES ST,10040,34,UNKNOWN,Street,1.072379298260147,False,MANHATTAN,"(40.8626134, -73.9285984)",trafficstat,False,False,False,False,False,False,False,False,False,,,,,,,
2026-07-12,00:00,40.8610551,-73.9203628,W  202 ST,10034,34,UNKNOWN,Street,33.03751866385394,False,MANHATTAN,"(40.8610551, -73.9203628)",trafficstat,False,False,False,False,False,False,False,False,False,,,,,,,
2026-07-11,00:00,40.8495422,-73.9363981,BROADWAY,10033,34,OTHER,Street,1.7160112202107063,False,MANHATTAN,"(40.8495422, -73.9363981)",trafficstat,True,False,False,False,False,False,False,False,False,,,,,,,
2026-06-18,00:00,40.8495422,-73.9363981,BROADWAY,10033,34,UNKNOWN,Street,1.7160112202107063,False,MANHATTAN,"(40.8495422, -73.9363981)",trafficstat,True,False,False,False,False,False,False,True,False,,,,,,,
2026-07-09,00:00,40.854038,-73.9393159,CABRINI BLVD,10033,34,OTHER,Street,43.39323984780823,False,MANHATTAN,"(40.854038, -73.9393159)",trafficstat,True,False,True,False,False,False,False,False,False,,,,,,,
2026-07-09,00:00,40.8688017,-73.9237051,PAYSON AVE,10034,34,UNKNOWN,Street,42.54985644242857,False,MANHATTAN,"(40.8688017, -73.9237051)",trafficstat,False,False,False,False,False,False,False,False,False,,,,,,,
2026-07-08,00:00,40.852337,-73.935715,BENNETT AVE,10033,34,UNKNOWN,Street,1.7866871021689943,False,MANHATTAN,"(40.852337, -73.935715)",trafficstat,False,False,False,False,False,False,False,False,False,,,,,,,
2026-06-16,00:00,40.852337,-73.935715,BENNETT AVE,10033,34,OTHER,Street,1.7866871021689943,False,MANHATTAN,"(40.852337, -73.935715)",trafficstat,True,False,False,False,False,False,False,False,True,,,,,,,
2026-07-08,00:00,40.8505833,-73.9364784,BENNETT AVE,10033,34,OTHER,Street,31.168313151247776,False,MANHATTAN,"(40.8505833, -73.9364784)",trafficstat,True,False,True,False,False,False,False,False,False,,,,,,,
2026-07-08,00:00,40.8580567,-73.9275786,FORT GEORGE HL,10040,34,OTHER,Street,95.4265317381285,False,MANHATTAN,"(40.8580567, -73.9275786)",trafficstat,False,False,False,False,False,False,False,False,False,,,,,,,
2026-07-07,00:00,40.8655357,-73.9272684,DYCKMAN ST,10040,34,UNKNOWN,Street,0.6340853721201553,False,MANHATTAN,"(40.8655357, -73.9272684)",trafficstat,False,False,False,False,False,False,False,False,False,,,,,,,
2026-07-07,00:00,40.8563232,-73.931116,WADSWORTH TER,10040,34,UNKNOWN,Street,34.96807180463021,False,MANHATTAN,"(40.8563232, -73.931116)",trafficstat,False,False,False,False,False,False,False,False,False,,,,,,,
2026-07-07,00:00,40.8539933,-73.9295903,W  189 ST,10040,34,UNKNOWN,Street,37.066979777945654,False,MANHATTAN,"(40.8539933, -73.9295903)",trafficstat,False,False,False,False,False,False,False,False,False,,,,,,,
2026-07-07,00:00,40.865368,-73.924385,ACADEMY ST,10034,34,OTHER,Street,0.8190694594788854,False,MANHATTAN,"(40.865368, -73.924385)",trafficstat,False,False,False,False,False,False,False,False,False,,,,,,,
2026-07-05,00:00,40.8647259,-73.9200752,POST AVE,10034,34,OTHER,Street,56.13601942292072,False,MANHATTAN,"(40.8647259, -73.9200752)",trafficstat,False,False,False,False,False,False,False,False,False,,,,,,,
2026-07-05,00:00,40.8606657,-73.9217027,10 AVE,10034,34,UNKNOWN,Street,1.50036985567985,False,MANHATTAN,"(40.8606657, -73.9217027)",trafficstat,False,False,False,False,False,False,False,False,False,,,,,,,
2026-07-05,00:00,40.8625812,-73.9253736,DYCKMAN ST,10040,34,UNKNOWN,Street,1.041861887919191,False,MANHATTAN,"(40.8625812, -73.9253736)",trafficstat,False,False,False,False,False,False,False,False,False,,,,,,,
2026-07-04,00:00,40.8571534,-73.9273968,AUDUBON AVE,10040,34,UNKNOWN,Street,2.007215655662217,False,MANHATTAN,"(40.8571534, -73.9273968)",trafficstat,False,False,False,False,False,False,False,False,False,,,,,,,
2026-07-03,00:00,40.86131,-73.921234,10 AVE,10034,34,OTHER,Street,1.5800939882347353,False,MANHATTAN,"(40.86131, -73.921234)",trafficstat,False,False,False,False,False,False,False,False,False,,,,,,,
2026-07-03,00:00,40.851097,-73.932434,ST NICHOLAS AVE,10033,34,OTHER,Street,1.3485646516359189,False,MANHATTAN,"(40.851097, -73.932434)",trafficstat,True,False,False,True,False,False,False,False,False,,,,,,,
2026-07-02,00:00,40.850906,-73.938286,FORT WASHINGTON AVE,10033,34,UNKNOWN,Street,1.0114772101656995,False,MANHATTAN,"(40.850906, -73.938286)",trafficstat,True,False,True,False,False,False,False,False,False,,,,,,,
2026-07-02,00:00,40.86241,-73.92249,NAGLE AVE,10034,34,UNKNOWN,Street,4.312241623160703,False,MANHATTAN,"(40.86241, -73.92249)",trafficstat,False,False,False,False,False,False,False,False,False,,,,,,,
2026-07-01,00:00,40.8504167,-73.934543,WADSWORTH AVE,10033,34,OTHER,Street,1.9966429500545169,False,MANHATTAN,"(40.8504167, -73.934543)",trafficstat,False,False,False,False,False,False,False,False,False,,,,,,,
2026-07-01,00:00,40.851696,-73.93199,W  185 ST,10033,34,UNKNOWN,Street,1.7127671758719796,False,MANHATTAN,"(40.851696, -73.93199)",trafficstat,False,False,False,False,False,False,False,False,False,,,,,,,
2026-06-30,00:00,40.8556765,-73.9377283,CABRINI BLVD,10040,34,UNKNOWN,Street,36.35791574771598,False,MANHATTAN,"(40.8556765, -73.9377283)",trafficstat,False,False,False,False,False,False,False,False,False,,,,,,,
2026-06-28,00:00,40.8510078,-73.9384185,W  181 ST,10033,34,UNKNOWN,Street,18.176143004457195,False,MANHATTAN,"(40.8510078, -73.9384185)",trafficstat,False,False,False,False,False,False,False,False,False,,,,,,,
2026-06-28,00:00,40.863792,-73.91941,W  206 ST,10034,34,UNKNOWN,Street,2.295163438732233,False,MANHATTAN,"(40.863792, -73.91941)",trafficstat,False,False,False,False,False,False,False,False,False,,,,,,,
2026-06-28,00:00,40.8667609,-73.9206109,W  207 ST,10034,34,UNKNOWN,Street,0.6009903667505342,False,MANHATTAN,"(40.8667609, -73.9206109)",trafficstat,True,False,True,False,False,False,False,True,False,,,,,,,
2026-06-28,00:00,40.8596126,-73.9346143,CABRINI BLVD,10040,34,UNKNOWN,Street,75.33939811497429,False,MANHATTAN,"(40.8596126, -73.9346143)",trafficstat,False,False,False,False,False,False,False,False,False,,,,,,,
2026-06-28,00:00,40.8726569,-73.9177245,W  218 ST,10034,34,UNKNOWN,Street,23.37843007563321,False,MANHATTAN,"(40.8726569, -73.9177245)",trafficstat,False,False,False,False,False,False,False,False,False,,,,,,,
2026-06-27,00:00,40.8461895,-73.9292463,HARLEM RIVER DY,10033,34,OTHER,Highway,0.30347904528052166,False,MANHATTAN,"(40.8461895, -73.9292463)",trafficstat,False,False,False,False,False,False,False,False,False,,,,,,,
2026-06-27,00:00,40.8514676,-73.9418298,PLZ LAFAYETTE,10033,34,UNKNOWN,Street,37.73724451234191,False,MANHATTAN,"(40.8514676, -73.9418298)",trafficstat,False,False,False,False,False,False,False,False,False,,,,,,,
2026-06-27,00:00,40.862396,-73.918015,9 AVE,10034,34,UNKNOWN,Street,1.238007269109766,False,MANHATTAN,"(40.862396, -73.918015)",trafficstat,False,False,False,False,False,False,False,False,False,,,,,,,
2026-06-27,00:00,40.8524751,-73.9296033,AUDUBON AVE,10033,34,OTHER,Street,1.8361145382593886,False,MANHATTAN,"(40.8524751, -73.9296033)",trafficstat,True,True,False,False,False,False,True,False,False,,,,,,,
2026-06-25,00:00,40.8609348,-73.9267295,NAGLE AVE,10040,34,UNKNOWN,Street,17.9954966390768,False,MANHATTAN,"(40.8609348, -73.9267295)",trafficstat,True,False,False,False,False,False,True,False,False,,,,,,,
2026-06-25,00:00,40.872316,-73.9127363,W  220 ST,10034,34,UNKNOWN,Street,2.8919631952021296,False,MANHATTAN,"(40.872316, -73.9127363)",trafficstat,True,False,True,False,False,False,False,False,False,,,,,,,
2026-06-24,00:00,40.8711944,-73.91409,W  218 ST,10034,34,UNKNOWN,Street,2.4849034207705403,False,MANHATTAN,"(40.8711944, -73.91409)",trafficstat,False,False,False,False,False,False,False,False,False,,,,,,,
2026-06-24,00:00,40.8531006,-73.9291472,AUDUBON AVE,10040,34,OTHER,Street,1.3065173999208533,False,MANHATTAN,"(40.8531006, -73.9291472)",trafficstat,True,False,True,False,False,False,False,False,False,,,,,,,
2026-06-24,00:00,40.8557535,-73.9316567,WADSWORTH TER,10040,34,OTHER,Street,1.6820489526105273,False,MANHATTAN,"(40.8557535, -73.9316567)",trafficstat,False,False,False,False,False,False,False,False,False,,,,,,,
2026-06-24,00:00,40.8494895,-73.9354078,WADSWORTH AVE,10033,34,OTHER,Street,43.681409449483674,False,MANHATTAN,"(40.8494895, -73.9354078)",trafficstat,True,False,True,False,False,False,False,False,False,,,,,,,
2026-06-23,00:00,40.8523211,-73.938774,PINEHURST AVE,10033,34,UNKNOWN,Street,1.7820777236484528,False,MANHATTAN,"(40.8523211, -73.938774)",trafficstat,True,False,True,False,False,False,False,False,False,,,,,,,
2026-06-21,00:00,40.8552273,-73.9291824,ST NICHOLAS AVE,10040,34,UNKNOWN,Street,56.87131245812733,False,MANHATTAN,"(40.8552273, -73.9291824)",trafficstat,False,False,False,False,False,False,False,False,False,,,,,,,
2026-06-21,00:00,40.864525,-73.92662,DYCKMAN ST,10040,34,UNKNOWN,Street,1.012520588538932,False,MANHATTAN,"(40.864525, -73.92662)",trafficstat,False,False,False,False,False,False,False,False,False,,,,,,,
2026-06-20,00:00,40.853687,-73.93054,ST NICHOLAS AVE,10040,34,OTHER,Street,1.1065774410107732,False,MANHATTAN,"(40.853687, -73.93054)",trafficstat,False,False,False,False,False,False,False,False,False,,,,,,,
2026-06-18,00:00,40.8537167,-73.9268005,AMSTERDAM AVE,10040,34,OTHER,Street,1.5803365695964398,False,MANHATTAN,"(40.8537167, -73.9268005)",trafficstat,True,False,True,False,False,False,False,False,False,,,,,,,
2026-06-17,00:00,40.848627,-73.9342412,ST NICHOLAS AVE,10033,34,UNKNOWN,Street,1.2016567374124985,False,MANHATTAN,"(40.848627, -73.9342412)",trafficstat,False,False,False,False,False,False,False,False,False,,,,,,,
2026-06-17,00:00,40.8589195,-73.9224277,DRIVEWAY,10040,34,UNKNOWN,Driveway,105.49331811665701,False,MANHATTAN,"(40.8589195, -73.9224277)",trafficstat,False,False,False,False,False,False,False,False,False,,,,,,,
2026-06-16,00:00,40.8523359,-73.9357159,BENNETT AVE,10033,34,UNKNOWN,Street,1.6963093288199307,False,MANHATTAN,"(40.8523359, -73.9357159)",trafficstat,True,False,False,False,False,False,False,False,True,,,,,,,
2026-06-16,00:00,40.8662004,-73.9280594,DYCKMAN ST,10034,34,UNKNOWN,Street,1.8486991801403916,False,MANHATTAN,"(40.8662004, -73.9280594)",trafficstat,False,False,False,False,False,False,False,False,False,,,,,,,
2026-06-15,00:00,40.8602365,-73.920374,W  201 ST,10034,34,UNKNOWN,Street,35.483460858858024,False,MANHATTAN,"(40.8602365, -73.920374)",trafficstat,False,False,False,False,False,False,False,False,False,,,,,,,
2026-06-15,00:00,40.8659917,-73.9197985,SHERMAN AVE,10034,34,UNKNOWN,Street,37.06007273880053,False,MANHATTAN,"(40.8659917, -73.9197985)",trafficstat,False,False,False,False,False,False,False,False,False,,,,,,,
2026-06-14,00:00,40.8619358,-73.9207721,10 AVE,10034,34,UNKNOWN,Street,2.229289344760297,False,MANHATTAN,"(40.8619358, -73.9207721)",trafficstat,False,False,False,False,False,False,False,False,False,,,,,,,
2026-06-14,00:00,40.848736,-73.932335,W  181 ST,10033,34,UNKNOWN,Street,1.8620336800899027,False,MANHATTAN,"(40.848736, -73.932335)",trafficstat,False,False,False,False,False,False,False,False,False,,,,,,,
2026-06-13,00:00,40.8515061,-73.9352777,BROADWAY,10033,34,UNKNOWN,Street,58.17040580024563,False,MANHATTAN,"(40.8515061, -73.9352777)",trafficstat,True,False,False,False,True,False,False,False,False,,,,,,,
2026-06-13,00:00,40.8664489,-73.9304887,HENSHAW ST,10034,34,UNKNOWN,Street,3.0067031117300833,False,MANHATTAN,"(40.8664489, -73.9304887)",trafficstat,False,False,False,False,False,False,False,False,False,,,,,,,
2026-09-10,00:00,40.7236998,-74.0079117,HUDSON ST,10013,1,UNKNOWN,Street,0.7719025318909315,False,MANHATTAN,"(40.7236998, -74.0079117)",trafficstat,False,False,False,False,False,False,False,False,False,,,,,,,
2026-07-11,00:00,40.7236998,-74.0079117,HUDSON ST,10013,1,OTHER,Street,0.7719025318909315,False,MANHATTAN,"(40.7236998, -74.0079117)",trafficstat,False,False,False,False,False,False,False,False,False,,,,,,,
2026-09-09,00:00,40.7096929,-74.0116866,TRINITY PL,10006,1,UNKNOWN,Street,1.3384443327089077,False,MANHATTAN,"(40.7096929, -74.0116866)",trafficstat,True,False,True,False,False,False,False,False,False,,,,,,,
2026-09-09,00:00,40.7116778,-74.0058506,SPRUCE ST,10038,1,UNKNOWN,Street,1.6180838693378776,False,MANHATTAN,"(40.7116778, -74.0058506)",trafficstat,False,False,False,False,False,False,False,False,False,,,,,,,
2026-09-08,00:00,40.7105799,-74.0073763,NASSAU ST,10038,1,UNKNOWN,Street,1.6963446198910042,False,MANHATTAN,"(40.7105799, -74.0073763)",trafficstat,True,False,False,False,False,False,False,True,False,,,,,,,
2026-09-08,00:00,40.7110403,-74.0145508,LIBERTY ST,10006,1,UNKNOWN,Street,2.155079203447543,False,MANHATTAN,"(40.7110403, -74.0145508)",trafficstat,True,False,False,True,False,False,False,False,False,,,,,,,
2026-08-15,00:00,40.7110403,-74.0145508,LIBERTY ST,10006,1,OTHER,Street,2.155079203447543,False,MANHATTAN,"(40.7110403, -74.0145508)",trafficstat,False,False,False,False,False,False,False,False,False,,,,,,,
2026-08-07,00:00,40.7110403,-74.0145508,LIBERTY ST,10006,1,UNKNOWN,Street,2.155079203447543,False,MANHATTAN,"(40.7110403, -74.0145508)",trafficstat,False,False,False,False,False,False,False,False,False,,,,,,,
2026-06-21,00:00,40.7110403,-74.0145508,LIBERTY ST,10006,1,OTHER,Street,2.155079203447543,False,MANHATTAN,"(40.7110403, -74.0145508)",trafficstat,False,False,False,False,False,False,False,False,False,,,,,,,
2026-09-08,00:00,40.7286048,-74.0053145,VARICK ST,10014,1,OTHER,Street,0.4770068250933282,False,MANHATTAN,"(40.7286048, -74.0053145)",trafficstat,True,False,True,False,False,False,False,False,False,,,,,,,
2026-06-30,00:00,40.7286048,-74.0053145,VARICK ST,10014,1,OTHER,Street,0.4770068250933282,False,MANHATTAN,"(40.7286048, -74.0053145)",trafficstat,False,False,False,False,False,False,False,False,False,,,,,,,
2026-09-06,00:00,40.7193962,-74.0018831,CANAL ST,10013,1,UNKNOWN,Street,2.1252394450391696,False,MANHATTAN,"(40.7193962, -74.0018831)",trafficstat,False,False,False,False,False,False,False,False,False,,,,,,,
2026-08-03,00:00,40.7193962,-74.0018831,CANAL ST,10013,1,UNKNOWN,Street,2.1252394450391696,False,MANHATTAN,"(40.7193962, -74.0018831)",trafficstat,False,False,False,False,False,False,False,False,False,,,,,,,
2026-07-09,00:00,40.7193962,-74.0018831,CANAL ST,10013,1,OTHER,Street,2.1252394450391696,False,MANHATTAN,"(40.7193962, -74.0018831)",trafficstat,True,False,True,False,False,False,False,False,False,,,,,,,
2026-07-02,00:00,40.7193962,-74.0018831,CANAL ST,10013,1,OTHER,Street,2.1252394450391696,False,MANHATTAN,"(40.7193962, -74.0018831)",trafficstat,True,False,False,False,False,False,False,True,False,,,,,,,
2026-09-05,00:00,40.719058,-74.0124422,WEST ST,10013,1,UNKNOWN,Highway,32.35601278980249,False,MANHATTAN,"(40.719058, -74.0124422)",trafficstat,False,False,False,False,False,False,False,False,False,,,,,,,
2026-09-05,00:00,40.7139418,-74.0123258,WASHINGTON ST,10007,1,OTHER,Street,1.3315785654294177,False,MANHATTAN,"(40.7139418, -74.0123258)",trafficstat,False,False,False,False,False,False,False,False,False,,,,,,,
2026-09-05,00:00,40.7189154,-74.0029642,WALKER ST,10013,1,UNKNOWN,Street,26.754926792413954,False,MANHATTAN,"(40.7189154, -74.0029642)",trafficstat,False,False,False,False,False,False,False,False,False,,,,,,,
2026-09-05,00:00,40.7244153,-74.0031319,THOMPSON ST,10012,1,UNKNOWN,Street,25.680170412955523,False,MANHATTAN,"(40.7244153, -74.0031319)",trafficstat,False,False,False,False,False,False,False,False,False,,,,,,,
2026-09-02,00:00,40.7077574,-74.015643,HUGH L CAREY TUNNEL EN,10280,1,UNKNOWN,Street,13.859590013717767,False,MANHATTAN,"(40.7077574, -74.015643)",trafficstat,False,False,False,False,False,False,False,False,False,,,,,,,
2026-08-03,00:00,40.7077574,-74.015643,HUGH L CAREY TUNNEL EN,10280,1,UNKNOWN,Street,13.859590013717767,False,MANHATTAN,"(40.7077574, -74.015643)",trafficstat,True,False,False,False,False,False,False,True,False,,,,,,,
2026-09-02,00:00,40.7163029,-74.0107217,CHAMBERS ST,10007,1,OTHER,Street,32.37950872686132,False,MANHATTAN,"(40.7163029, -74.0107217)",trafficstat,True,False,True,False,False,False,False,False,False,,,,,,,
2026-09-02,00:00,40.7005305,-74.0155057,HUGH L CAREY TUNL,10004,1,UNKNOWN,Tunnel,6.809726130972338,False,MANHATTAN,"(40.7005305, -74.0155057)",trafficstat,True,False,False,False,False,True,False,True,False,,,,,,,
2026-09-01,00:00,40.707859,-74.0067309,PLATT ST,10038,1,OTHER,Street,18.989669124052707,False,MANHATTAN,"(40.707859, -74.0067309)",trafficstat,False,False,False,False,False,False,False,False,False,,,,,,,