crash_date,crash_time,latitude,longitude,on_street_name,zip_code,precinct,collision_type,roadway_type,geocode_dist_feet,time_is_known,borough,location,source,injury,fatality,injured_pedestrian,injured_cyclist,injured_ebike_rider,injured_motorcyclist,injured_moped_rider,injured_car_occupant,injured_suv_occupant,number_of_persons_injured,number_of_persons_killed,contributing_factor_vehicle_1,collision_id,cross_street_name,off_street_name,vehicle_type_code1
2026-06-29,00:00,40.707859,-74.0067309,PLATT ST,10038,1,OTHER,Street,18.989669124052707,False,MANHATTAN,"(40.707859, -74.0067309)",trafficstat,False,False,False,False,False,False,False,False,False,,,,,,,
2026-09-01,00:00,40.7170434,-74.0059303,WORTH ST,10013,1,UNKNOWN,Street,33.56423136895487,False,MANHATTAN,"(40.7170434, -74.0059303)",trafficstat,False,False,False,False,False,False,False,False,False,,,,,,,
2026-08-31,00:00,40.7101032,-74.0090909,JOHN ST,10038,1,OTHER,Street,23.652382730378225,False,MANHATTAN,"(40.7101032, -74.0090909)",trafficstat,False,False,False,False,False,False,False,False,False,,,,,,,
2026-08-29,00:00,40.7051727,-74.0092614,BEAVER ST,10004,1,OTHER,Street,37.829488124721486,False,MANHATTAN,"(40.7051727, -74.0092614)",trafficstat,False,False,False,False,False,False,False,False,False,,,,,,,
2026-08-26,00:00,40.7077204,-74.0135571,GREENWICH ST,10006,1,UNKNOWN,Street,38.452148873611534,False,MANHATTAN,"(40.7077204, -74.0135571)",trafficstat,False,False,False,False,False,False,False,False,False,,,,,,,
2026-08-26,00:00,40.7291122,-74.0106725,W  HOUSTON ST,10014,1,UNKNOWN,Street,3.15727852807532,False,MANHATTAN,"(40.7291122, -74.0106725)",trafficstat,True,False,False,True,False,False,False,False,False,,,,,,,
2026-08-26,00:00,40.7261676,-73.998362,GREENE ST,10012,1,UNKNOWN,Street,1.7167239954874318,False,MANHATTAN,"(40.7261676, -73.998362)",trafficstat,True,False,False,True,False,False,False,False,False,,,,,,,
2026-07-16,00:00,40.7261676,-73.998362,GREENE ST,10012,1,OTHER,Street,1.7167239954874318,False,MANHATTAN,"(40.7261676, -73.998362)",trafficstat,True,False,True,False,False,False,False,False,False,,,,,,,
2026-08-25,00:00,40.7264364,-74.0056571,VARICK ST,10013,1,OTHER,Street,0.8524499718321267,False,MANHATTAN,"(40.7264364, -74.0056571)",trafficstat,True,False,True,False,False,False,False,False,False,,,,,,,
2026-07-02,00:00,40.7264364,-74.0056571,VARICK ST,10013,1,UNKNOWN,Street,0.8524499718321267,False,MANHATTAN,"(40.7264364, -74.0056571)",trafficstat,True,False,False,False,False,False,False,False,False,,,,,,,
2026-08-24,00:00,40.7194908,-74.0096527,FRANKLIN ST,10013,1,UNKNOWN,Street,33.96038914953671,False,MANHATTAN,"(40.7194908, -74.0096527)",trafficstat,False,False,False,False,False,False,False,False,False,,,,,,,
2026-08-23,00:00,40.7250513,-73.9972915,BROADWAY,10012,1,UNKNOWN,Street,44.09788780996614,False,MANHATTAN,"(40.7250513, -73.9972915)",trafficstat,True,False,True,False,False,False,False,False,False,,,,,,,
2026-08-23,00:00,40.7115348,-74.0104641,CHURCH ST,10007,1,UNKNOWN,Street,1.9197272994212746,False,MANHATTAN,"(40.7115348, -74.0104641)",trafficstat,True,False,True,False,False,False,False,False,False,,,,,,,
2026-08-23,00:00,40.71449,-74.01359,WEST ST,10282,1,UNKNOWN,Highway,38.93449316136991,False,MANHATTAN,"(40.71449, -74.01359)",trafficstat,True,False,True,False,False,False,False,False,False,,,,,,,
2026-08-22,00:00,40.7257723,-74.0008983,W  BROADWAY,10012,1,OTHER,Street,1.9502009537622842,False,MANHATTAN,"(40.7257723, -74.0008983)",trafficstat,False,False,False,False,False,False,False,False,False,,,,,,,
2026-08-21,00:00,40.7176613,-74.0075358,W  BROADWAY,10013,1,OTHER,Street,1.8657640988552269,False,MANHATTAN,"(40.7176613, -74.0075358)",trafficstat,True,False,False,False,True,False,False,False,False,,,,,,,
2026-08-21,00:00,40.7047984,-74.0166846,BATTERY PL,10280,1,UNKNOWN,Street,3.344797242089766,False,MANHATTAN,"(40.7047984, -74.0166846)",trafficstat,True,False,False,False,False,False,False,False,False,,,,,,,
2026-08-20,00:00,40.707905,-74.00602,JOHN ST,10038,1,UNKNOWN,Street,1.3388378382888078,False,MANHATTAN,"(40.707905, -74.00602)",trafficstat,False,False,False,False,False,False,False,False,False,,,,,,,
2026-08-19,00:00,40.7079663,-74.0135907,GREENWICH ST,10006,1,OTHER,Street,1.7294629392992673,False,MANHATTAN,"(40.7079663, -74.0135907)",trafficstat,True,False,False,True,False,False,False,False,False,,,,,,,
2026-08-19,00:00,40.7119934,-74.0081015,BROADWAY,10007,1,UNKNOWN,Street,1.6902612269517148,False,MANHATTAN,"(40.7119934, -74.0081015)",trafficstat,False,False,False,False,False,False,False,False,False,,,,,,,
2026-08-04,00:00,40.7119934,-74.0081015,BROADWAY,10007,1,UNKNOWN,Street,1.6902612269517148,False,MANHATTAN,"(40.7119934, -74.0081015)",trafficstat,False,False,False,False,False,False,False,False,False,,,,,,,
2026-08-19,00:00,40.719904,-74.002601,CANAL ST,10013,1,OTHER,Street,1.9867094314816385,False,MANHATTAN,"(40.719904, -74.002601)",trafficstat,True,False,False,False,False,True,False,True,False,,,,,,,
2026-06-29,00:00,40.719904,-74.002601,CANAL ST,10013,1,UNKNOWN,Street,1.9867094314816385,False,MANHATTAN,"(40.719904, -74.002601)",trafficstat,True,False,False,False,False,False,False,False,True,,,,,,,
2026-08-18,00:00,40.7182735,-74.0053245,CHURCH ST,10013,1,UNKNOWN,Street,1.5948780790345554,False,MANHATTAN,"(40.7182735, -74.0053245)",trafficstat,False,False,False,False,False,False,False,False,False,,,,,,,
2026-08-17,00:00,40.706237,-74.0143369,GREENWICH ST,10006,1,UNKNOWN,Street,1.21068104340581,False,MANHATTAN,"(40.706237, -74.0143369)",trafficstat,False,False,False,False,False,False,False,False,False,,,,,,,
2026-08-17,00:00,40.7075003,-74.0023664,FRONT ST,10038,1,UNKNOWN,Street,25.18063525593688,False,MANHATTAN,"(40.7075003, -74.0023664)",trafficstat,False,False,False,False,False,False,False,False,False,,,,,,,
2026-08-17,00:00,40.7061416,-74.0060197,MAIDEN LN,10038,1,UNKNOWN,Street,2.0282955413524846,False,MANHATTAN,"(40.7061416, -74.0060197)",trafficstat,True,False,False,False,True,False,False,False,False,,,,,,,
2026-08-16,00:00,40.7087166,-74.018122,W  THAMES ST,10280,1,OTHER,Street,23.302023357023078,False,MANHATTAN,"(40.7087166, -74.018122)",trafficstat,False,False,False,False,False,False,False,False,False,,,,,,,
2026-08-15,00:00,40.7033091,-74.0106882,WATER ST,10004,1,UNKNOWN,Street,48.225699378987606,False,MANHATTAN,"(40.7033091, -74.0106882)",trafficstat,False,False,False,False,False,False,False,False,False,,,,,,,
2026-08-15,00:00,40.7037729,-74.0065727,FRANKLIN D ROOSEVELT DR,10004,1,UNKNOWN,Highway,13.962258223397889,False,MANHATTAN,"(40.7037729, -74.0065727)",trafficstat,False,False,False,False,False,False,False,False,False,,,,,,,
2026-08-14,00:00,40.7236258,-74.0047874,AVE OF THE AMERICAS,10013,1,UNKNOWN,Street,0.7186116501468377,False,MANHATTAN,"(40.7236258, -74.0047874)",trafficstat,True,False,True,False,False,False,False,False,False,,,,,,,
2026-08-13,00:00,40.723423,-73.99961,MERCER ST,10012,1,UNKNOWN,Street,1.768190928310327,False,MANHATTAN,"(40.723423, -73.99961)",trafficstat,False,False,False,False,False,False,False,False,False,,,,,,,
2026-08-13,00:00,40.71906,-74.01244,WEST ST,10013,1,UNKNOWN,Highway,32.819180599687854,False,MANHATTAN,"(40.71906, -74.01244)",trafficstat,True,False,False,False,True,False,False,False,False,,,,,,,
2026-08-12,00:00,40.7137132,-74.009105,CHURCH ST,10007,1,OTHER,Street,47.764016692078954,False,MANHATTAN,"(40.7137132, -74.009105)",trafficstat,False,False,False,False,False,False,False,False,False,,,,,,,
2026-08-12,00:00,40.7222534,-74.0059129,CANAL ST,10013,1,UNKNOWN,Street,1.8277687655743426,False,MANHATTAN,"(40.7222534, -74.0059129)",trafficstat,False,False,False,False,False,False,False,False,False,,,,,,,
2026-06-24,00:00,40.7222534,-74.0059129,CANAL ST,10013,1,UNKNOWN,Street,1.8277687655743426,False,MANHATTAN,"(40.7222534, -74.0059129)",trafficstat,False,False,False,False,False,False,False,False,False,,,,,,,
2026-08-11,00:00,40.7213532,-74.0046357,W  BROADWAY,10013,1,UNKNOWN,Street,1.8105497526817458,False,MANHATTAN,"(40.7213532, -74.0046357)",trafficstat,False,False,False,False,False,False,False,False,False,,,,,,,
2026-07-17,00:00,40.7213532,-74.0046357,W  BROADWAY,10013,1,UNKNOWN,Street,1.8105497526817458,False,MANHATTAN,"(40.7213532, -74.0046357)",trafficstat,True,False,True,False,False,False,False,False,False,,,,,,,
2026-08-11,00:00,40.7146741,-74.0082279,CHURCH ST,10007,1,OTHER,Street,19.050830273264665,False,MANHATTAN,"(40.7146741, -74.0082279)",trafficstat,False,False,False,False,False,False,False,False,False,,,,,,,
2026-08-10,00:00,40.7082276,-74.006532,GOLD ST,10038,1,UNKNOWN,Street,1.6211323055900202,False,MANHATTAN,"(40.7082276, -74.006532)",trafficstat,False,False,False,False,False,False,False,False,False,,,,,,,
2026-08-10,00:00,40.7048584,-74.0072116,WALL ST,10005,1,UNKNOWN,Street,52.67081729808479,False,MANHATTAN,"(40.7048584, -74.0072116)",trafficstat,False,False,False,False,False,False,False,False,False,,,,,,,
2026-08-10,00:00,40.7095233,-74.0016664,PEARL ST,10038,1,UNKNOWN,Street,1.836471745037799,False,MANHATTAN,"(40.7095233, -74.0016664)",trafficstat,False,False,False,False,False,False,False,False,False,,,,,,,
2026-08-10,00:00,40.7217924,-73.999852,BROOME ST,10013,1,OTHER,Street,2.0233823943171054,False,MANHATTAN,"(40.7217924, -73.999852)",trafficstat,True,False,False,False,False,False,False,False,True,,,,,,,
2026-08-09,00:00,40.7095561,-74.0064348,WILLIAM ST,10038,1,UNKNOWN,Street,2.521876645356536,False,MANHATTAN,"(40.7095561, -74.0064348)",trafficstat,False,False,False,False,False,False,False,False,False,,,,,,,
2026-08-09,00:00,40.703649,-74.0074568,SOUTH ST,10005,1,UNKNOWN,Street,39.10888479226487,False,MANHATTAN,"(40.703649, -74.0074568)",trafficstat,True,False,True,False,False,False,False,False,False,,,,,,,
2026-08-08,00:00,40.706234,-74.00316,SOUTH ST,10038,1,UNKNOWN,Street,2.186827061843166,False,MANHATTAN,"(40.706234, -74.00316)",trafficstat,False,False,False,False,False,False,False,False,False,,,,,,,
2026-07-05,00:00,40.706234,-74.00316,SOUTH ST,10038,1,UNKNOWN,Street,2.186827061843166,False,MANHATTAN,"(40.706234, -74.00316)",trafficstat,False,False,False,False,False,False,False,False,False,,,,,,,
2026-08-08,00:00,40.7237052,-74.0046166,SULLIVAN ST,10013,1,UNKNOWN,Street,23.01059571984078,False,MANHATTAN,"(40.7237052, -74.0046166)",trafficstat,False,False,False,False,False,False,False,False,False,,,,,,,
2026-08-07,00:00,40.721752,-74.00572,ST JOHNS LN,10013,1,UNKNOWN,Street,1.2227360868017498,False,MANHATTAN,"(40.721752, -74.00572)",trafficstat,False,False,False,False,False,False,False,False,False,,,,,,,
2026-08-07,00:00,40.7284179,-74.0073676,HUDSON ST,10014,1,UNKNOWN,Street,60.45470419892094,False,MANHATTAN,"(40.7284179, -74.0073676)",trafficstat,True,False,False,False,False,False,False,True,False,,,,,,,
2026-08-07,00:00,40.7203761,-74.0032612,CANAL ST,10013,1,UNKNOWN,Street,2.513477058368721,False,MANHATTAN,"(40.7203761, -74.0032612)",trafficstat,True,False,True,False,False,False,False,False,False,,,,,,,
2026-07-03,00:00,40.7203761,-74.0032612,CANAL ST,10013,1,UNKNOWN,Street,2.513477058368721,False,MANHATTAN,"(40.7203761, -74.0032612)",trafficstat,False,False,False,False,False,False,False,False,False,,,,,,,
2026-08-06,00:00,40.7084958,-74.0153438,HUGH L CAREY TUNNEL EN,10006,1,UNKNOWN,Street,1.2094533303576323,False,MANHATTAN,"(40.7084958, -74.0153438)",trafficstat,False,False,False,False,False,False,False,False,False,,,,,,,
2026-08-06,00:00,40.727123,-74.0057921,CHARLTON ST,10014,1,OTHER,Street,23.827571828849738,False,MANHATTAN,"(40.727123, -74.0057921)",trafficstat,False,False,False,False,False,False,False,False,False,,,,,,,
2026-08-06,00:00,40.727471,-74.0088466,GREENWICH ST,10013,1,OTHER,Street,0.29451719555176964,False,MANHATTAN,"(40.727471, -74.0088466)",trafficstat,True,False,False,True,False,False,False,False,False,,,,,,,
2026-08-05,00:00,40.7060125,-74.0088113,HANOVER ST,10005,1,UNKNOWN,Street,1.810510428154495,False,MANHATTAN,"(40.7060125, -74.0088113)",trafficstat,False,False,False,False,False,False,False,False,False,,,,,,,
2026-08-05,00:00,40.714241,-74.0066929,BROADWAY,10007,1,UNKNOWN,Street,102.26477304842885,False,MANHATTAN,"(40.714241, -74.0066929)",trafficstat,False,False,False,False,False,False,False,False,False,,,,,,,
2026-08-05,00:00,40.7225498,-74.0062989,VARICK ST,10013,1,UNKNOWN,Street,0.5912108097592159,False,MANHATTAN,"(40.7225498, -74.0062989)",trafficstat,False,False,False,False,False,False,False,False,False,,,,,,,
2026-06-28,00:00,40.7225498,-74.0062989,VARICK ST,10013,1,UNKNOWN,Street,0.5912108097592159,False,MANHATTAN,"(40.7225498, -74.0062989)",trafficstat,True,False,False,False,False,False,False,False,False,,,,,,,
2026-06-25,00:00,40.7225498,-74.0062989,VARICK ST,10013,1,OTHER,Street,0.5912108097592159,False,MANHATTAN,"(40.7225498, -74.0062989)",trafficstat,True,False,False,False,True,False,False,False,False,,,,,,,
2026-08-04,00:00,40.71552,-74.00924,W  BROADWAY,10007,1,UNKNOWN,Street,1.6702011081317683,False,MANHATTAN,"(40.71552, -74.00924)",trafficstat,False,False,False,False,False,False,False,False,False,,,,,,,
2026-08-04,00:00,40.717175,-74.0128675,CHAMBERS ST,10007,1,UNKNOWN,Street,2.8509280911926234,False,MANHATTAN,"(40.717175, -74.0128675)",trafficstat,False,False,False,False,False,False,False,False,False,,,,,,,
2026-08-01,00:00,40.717175,-74.0128675,CHAMBERS ST,10007,1,UNKNOWN,Street,2.8509280911926234,False,MANHATTAN,"(40.717175, -74.0128675)",trafficstat,True,False,False,False,False,False,False,False,True,,,,,,,
2026-08-04,00:00,40.7086153,-74.0034811,PEARL ST,10038,1,OTHER,Street,143.4585656339916,False,MANHATTAN,"(40.7086153, -74.0034811)",trafficstat,False,False,False,False,False,False,False,False,False,,,,,,,
2026-08-03,00:00,40.7081333,-74.0166241,W  THAMES ST,10280,1,UNKNOWN,Street,2.2470041257497195,False,MANHATTAN,"(40.7081333, -74.0166241)",trafficstat,False,False,False,False,False,False,False,False,False,,,,,,,
2026-08-02,00:00,40.70729,-74.0051762,JOHN ST,10038,1,UNKNOWN,Street,48.64140872787211,False,MANHATTAN,"(40.70729, -74.0051762)",trafficstat,False,False,False,False,False,False,False,False,False,,,,,,,
2026-08-01,00:00,40.7101275,-74.0095209,BROADWAY,10007,1,UNKNOWN,Street,46.66390167355224,False,MANHATTAN,"(40.7101275, -74.0095209)",trafficstat,False,False,False,False,False,False,False,False,False,,,,,,,
2026-08-01,00:00,40.7204363,-74.0066956,VARICK ST,10013,1,UNKNOWN,Street,0.506597873469619,False,MANHATTAN,"(40.7204363, -74.0066956)",trafficstat,False,False,False,False,False,False,False,False,False,,,,,,,
2026-07-07,00:00,40.7204363,-74.0066956,VARICK ST,10013,1,UNKNOWN,Street,0.506597873469619,False,MANHATTAN,"(40.7204363, -74.0066956)",trafficstat,False,False,False,False,False,False,False,False,False,,,,,,,
2026-07-31,00:00,40.7087258,-74.0071463,JOHN ST,10038,1,OTHER,Street,26.86213870319082,False,MANHATTAN,"(40.7087258, -74.0071463)",trafficstat,True,False,False,True,False,False,False,False,False,,,,,,,
2026-07-30,00:00,40.7168303,-74.0136523,WARREN ST,10282,1,UNKNOWN,Street,127.68272440796743,False,MANHATTAN,"(40.7168303, -74.0136523)",trafficstat,False,False,False,False,False,False,False,False,False,,,,,,,
2026-07-30,00:00,40.7223852,-74.0037664,GRAND ST,10013,1,UNKNOWN,Street,1.8564134151256717,False,MANHATTAN,"(40.7223852, -74.0037664)",trafficstat,True,False,False,False,False,False,False,True,False,,,,,,,
2026-07-22,00:00,40.7223852,-74.0037664,GRAND ST,10013,1,UNKNOWN,Street,1.8564134151256717,False,MANHATTAN,"(40.7223852, -74.0037664)",trafficstat,False,False,False,False,False,False,False,False,False,,,,,,,
2026-07-30,00:00,40.7271432,-74.0065139,CHARLTON ST,10014,1,UNKNOWN,Street,41.768385801975995,False,MANHATTAN,"(40.7271432, -74.0065139)",trafficstat,False,False,False,False,False,False,False,False,False,,,,,,,
2026-07-30,00:00,40.7257938,-74.0110255,CANAL ST,10013,1,UNKNOWN,Street,3.0257071566901277,False,MANHATTAN,"(40.7257938, -74.0110255)",trafficstat,True,False,False,False,False,False,False,True,False,,,,,,,
2026-06-17,00:00,40.7257938,-74.0110255,CANAL ST,10013,1,UNKNOWN,Street,3.0257071566901277,False,MANHATTAN,"(40.7257938, -74.0110255)",trafficstat,False,False,False,False,False,False,False,False,False,,,,,,,
2026-07-29,00:00,40.71174,-74.00699,BEEKMAN ST,10038,1,UNKNOWN,Street,1.6646853798431016,False,MANHATTAN,"(40.71174, -74.00699)",trafficstat,True,False,True,False,False,False,False,False,False,,,,,,,
2026-07-29,00:00,40.710679,-74.0163336,S  END AVE,10280,1,UNKNOWN,Street,49.766610377807055,False,MANHATTAN,"(40.710679, -74.0163336)",trafficstat,False,False,False,False,False,False,False,False,False,,,,,,,
2026-07-29,00:00,40.7006732,-74.0154155,HUGH L CAREY TUNL,10004,1,UNKNOWN,Tunnel,40.95331774415249,False,MANHATTAN,"(40.7006732, -74.0154155)",trafficstat,False,False,False,False,False,False,False,False,False,,,,,,,
2026-07-05,00:00,40.7006732,-74.0154155,HUGH L CAREY TUNL,10004,1,UNKNOWN,Tunnel,40.95331774415249,False,MANHATTAN,"(40.7006732, -74.0154155)",trafficstat,True,False,False,False,False,False,False,False,True,,,,,,,
2026-07-28,00:00,40.7252449,-74.0100549,CANAL ST,10013,1,UNKNOWN,Street,2.0124032045476845,False,MANHATTAN,"(40.7252449, -74.0100549)",trafficstat,True,False,False,False,False,False,False,False,True,,,,,,,
2026-07-08,00:00,40.7252449,-74.0100549,CANAL ST,10013,1,UNKNOWN,Street,2.0124032045476845,False,MANHATTAN,"(40.7252449, -74.0100549)",trafficstat,True,False,False,True,False,False,False,False,False,,,,,,,
2026-07-27,00:00,40.7067235,-74.0067808,MAIDEN LN,10038,1,UNKNOWN,Street,1.9039534389958168,False,MANHATTAN,"(40.7067235, -74.0067808)",trafficstat,True,False,True,False,False,False,False,False,False,,,,,,,
2026-06-22,00:00,40.7067235,-74.0067808,MAIDEN LN,10038,1,UNKNOWN,Street,1.9039534389958168,False,MANHATTAN,"(40.7067235, -74.0067808)",trafficstat,True,False,False,True,False,False,False,False,False,,,,,,,
2026-07-26,00:00,40.7113063,-74.006241,NASSAU ST,10038,1,OTHER,Street,27.283624057392526,False,MANHATTAN,"(40.7113063, -74.006241)",trafficstat,False,False,False,False,False,False,False,False,False,,,,,,,
2026-07-25,00:00,40.7075251,-74.0057218,JOHN ST,10038,1,UNKNOWN,Street,22.511874063333405,False,MANHATTAN,"(40.7075251, -74.0057218)",trafficstat,True,False,True,False,False,False,False,False,False,,,,,,,
2026-07-24,00:00,40.7042119,-74.0087894,OLD SLIP,10005,1,UNKNOWN,Street,1.5242521100736588,False,MANHATTAN,"(40.7042119, -74.0087894)",trafficstat,True,False,False,False,False,False,False,False,True,,,,,,,
2026-07-24,00:00,40.70296,-74.011505,BROAD ST,10004,1,UNKNOWN,Street,0.019296189379345605,False,MANHATTAN,"(40.70296, -74.011505)",trafficstat,False,False,False,False,False,False,False,False,False,,,,,,,
2026-07-24,00:00,40.7203149,-74.0028937,CANAL ST,10013,1,UNKNOWN,Street,51.198587928486674,False,MANHATTAN,"(40.7203149, -74.0028937)",trafficstat,False,False,False,False,False,False,False,False,False,,,,,,,
2026-07-24,00:00,40.7216222,-74.0022078,GREENE ST,10013,1,UNKNOWN,Street,1.810118993769625,False,MANHATTAN,"(40.7216222, -74.0022078)",trafficstat,False,False,False,False,False,False,False,False,False,,,,,,,
2026-07-23,00:00,40.7242352,-73.9977848,BROADWAY,10012,1,UNKNOWN,Street,1.934846541436815,False,MANHATTAN,"(40.7242352, -73.9977848)",trafficstat,True,False,False,True,False,False,False,False,False,,,,,,,
2026-07-22,00:00,40.7242352,-73.9977848,BROADWAY,10012,1,UNKNOWN,Street,1.934846541436815,False,MANHATTAN,"(40.7242352, -73.9977848)",trafficstat,True,False,True,False,False,False,False,False,False,,,,,,,
2026-07-23,00:00,40.7087783,-74.0164118,RECTOR PL,10280,1,UNKNOWN,Street,44.73316995746478,False,MANHATTAN,"(40.7087783, -74.0164118)",trafficstat,True,False,True,False,False,False,False,False,False,,,,,,,
2026-07-23,00:00,40.7079778,-74.0080036,MAIDEN LN,10038,1,UNKNOWN,Street,0.7893815024452507,False,MANHATTAN,"(40.7079778, -74.0080036)",trafficstat,True,False,False,True,False,False,False,False,False,,,,,,,
2026-07-23,00:00,40.7100794,-74.0163829,S  END AVE,10280,1,OTHER,Street,0.9126506628593903,False,MANHATTAN,"(40.7100794, -74.0163829)",trafficstat,False,False,False,False,False,False,False,False,False,,,,,,,
2026-07-23,00:00,40.7148064,-74.0091223,WARREN ST,10007,1,UNKNOWN,Street,32.62891023204963,False,MANHATTAN,"(40.7148064, -74.0091223)",trafficstat,True,False,False,False,False,False,False,False,True,,,,,,,
2026-07-22,00:00,40.7079122,-74.0001298,SOUTH ST,10038,1,UNKNOWN,Street,3.195050307043396,False,MANHATTAN,"(40.7079122, -74.0001298)",trafficstat,False,False,False,False,False,False,False,False,False,,,,,,,
2026-07-22,00:00,40.7081039,-74.000393,DOVER ST,10038,1,UNKNOWN,Street,26.877964542156178,False,MANHATTAN,"(40.7081039, -74.000393)",trafficstat,False,False,False,False,False,False,False,False,False,,,,,,,
2026-07-22,00:00,40.7242212,-74.0086441,CANAL ST,10013,1,UNKNOWN,Street,0.4578244476559667,False,MANHATTAN,"(40.7242212, -74.0086441)",trafficstat,False,False,False,False,False,False,False,False,False,,,,,,,
2026-07-21,00:00,40.7013089,-74.0118167,SOUTH ST,10004,1,OTHER,Street,25.365575336345394,False,MANHATTAN,"(40.7013089, -74.0118167)",trafficstat,False,False,False,False,False,False,False,False,False,,,,,,,
2026-07-20,00:00,40.7151481,-74.0156573,N  END AVE,10282,1,UNKNOWN,Street,61.807823753861165,False,MANHATTAN,"(40.7151481, -74.0156573)",trafficstat,False,False,False,False,False,False,False,False,False,,,,,,,
2026-07-18,00:00,40.707102,-74.007474,MAIDEN LN,10038,1,UNKNOWN,Street,35.6860842206604,False,MANHATTAN,"(40.707102, -74.007474)",trafficstat,False,False,False,False,False,False,False,False,False,,,,,,,
2026-07-18,00:00,40.7095313,-74.0084186,JOHN ST,10038,1,UNKNOWN,Street,1.7310744359686696,False,MANHATTAN,"(40.7095313, -74.0084186)",trafficstat,False,False,False,False,False,False,False,False,False,,,,,,,
2026-07-18,00:00,40.7162425,-74.0105801,CHAMBERS ST,10007,1,OTHER,Street,33.55193462488816,False,MANHATTAN,"(40.7162425, -74.0105801)",trafficstat,False,False,False,False,False,False,False,False,False,,,,,,,
2026-07-17,00:00,40.7074373,-74.0040577,WATER ST,10038,1,UNKNOWN,Street,2.2187104410781426,False,MANHATTAN,"(40.7074373, -74.0040577)",trafficstat,True,False,False,False,False,False,False,True,False,,,,,,,
2026-07-15,00:00,40.704302,-74.0083739,WATER ST,10005,1,UNKNOWN,Street,55.63374911831426,False,MANHATTAN,"(40.704302, -74.0083739)",trafficstat,False,False,False,False,False,False,False,False,False,,,,,,,
2026-07-14,00:00,40.7225555,-74.0014033,GREENE ST,10013,1,OTHER,Street,2.08279608273034,False,MANHATTAN,"(40.7225555, -74.0014033)",trafficstat,True,False,False,False,False,False,False,True,False,,,,,,,
2026-07-14,00:00,40.7170079,-74.009548,DUANE ST,10013,1,OTHER,Street,43.81892828095288,False,MANHATTAN,"(40.7170079, -74.009548)",trafficstat,True,False,True,False,False,False,False,False,False,,,,,,,
2026-07-14,00:00,40.7180266,-74.0030446,BROADWAY,10013,1,UNKNOWN,Street,1.9437990291847216,False,MANHATTAN,"(40.7180266, -74.0030446)",trafficstat,False,False,False,False,False,False,False,False,False,,,,,,,
2026-07-14,00:00,40.7256734,-74.0057797,VARICK ST,10013,1,OTHER,Street,1.177798205287244,False,MANHATTAN,"(40.7256734, -74.0057797)",trafficstat,True,False,True,False,False,False,False,False,False,,,,,,,
2026-06-27,00:00,40.7256734,-74.0057797,VARICK ST,10013,1,UNKNOWN,Street,1.177798205287244,False,MANHATTAN,"(40.7256734, -74.0057797)",trafficstat,False,False,False,False,False,False,False,False,False,,,,,,,
2026-07-14,00:00,40.7288898,-74.0103883,WEST ST,10014,1,UNKNOWN,Highway,50.83233739746008,False,MANHATTAN,"(40.7288898, -74.0103883)",trafficstat,True,False,False,False,False,False,False,False,True,,,,,,,
2026-07-13,00:00,40.7164669,-74.0130802,WARREN ST,10007,1,OTHER,Street,2.6204687259183066,False,MANHATTAN,"(40.7164669, -74.0130802)",trafficstat,True,False,False,True,False,False,False,False,False,,,,,,,
2026-07-13,00:00,40.7049302,-74.0074874,WATER ST,10005,1,OTHER,Street,52.53649240156602,False,MANHATTAN,"(40.7049302, -74.0074874)",trafficstat,True,False,True,False,False,False,False,False,False,,,,,,,
2026-07-13,00:00,40.704549,-74.0142897,STATE ST,10004,1,UNKNOWN,Street,1.241506635758875,False,MANHATTAN,"(40.704549, -74.0142897)",trafficstat,True,False,False,False,True,False,False,False,False,,,,,,,
2026-07-12,00:00,40.7127808,-74.0116799,GREENWICH ST,10007,1,OTHER,Street,0.9586097702705662,False,MANHATTAN,"(40.7127808, -74.0116799)",trafficstat,False,False,False,False,False,False,False,False,False,,,,,,,
2026-07-12,00:00,40.7265744,-74.0060504,VANDAM ST,10013,1,UNKNOWN,Street,34.1797584391811,False,MANHATTAN,"(40.7265744, -74.0060504)",trafficstat,False,False,False,False,False,False,False,False,False,,,,,,,
2026-07-11,00:00,40.7160835,-74.0102309,CHAMBERS ST,10007,1,UNKNOWN,Street,33.29830472015921,False,MANHATTAN,"(40.7160835, -74.0102309)",trafficstat,False,False,False,False,False,False,False,False,False,,,,,,,
2026-07-10,00:00,40.719937,-74.0014249,BROADWAY,10013,1,OTHER,Street,1.8862978158381871,False,MANHATTAN,"(40.719937, -74.0014249)",trafficstat,True,False,True,False,False,False,False,False,False,,,,,,,
2026-07-10,00:00,40.7083041,-74.0112499,BROADWAY,10006,1,UNKNOWN,Street,1.6575561747858816,False,MANHATTAN,"(40.7083041, -74.0112499)",trafficstat,False,False,False,False,False,False,False,False,False,,,,,,,
2026-07-10,00:00,40.7068526,-74.0050026,JOHN ST,10038,1,OTHER,Street,1.5841214528764005,False,MANHATTAN,"(40.7068526, -74.0050026)",trafficstat,True,False,False,True,False,False,False,False,False,,,,,,,
2026-07-10,00:00,40.7229287,-74.0021718,BROOME ST,10013,1,UNKNOWN,Street,2.3190490302563433,False,MANHATTAN,"(40.7229287, -74.0021718)",trafficstat,False,False,False,False,False,False,False,False,False,,,,,,,
2026-07-09,00:00,40.7277301,-74.0028571,KING ST,10012,1,OTHER,Street,31.62644025606836,False,MANHATTAN,"(40.7277301, -74.0028571)",trafficstat,False,False,False,False,False,False,False,False,False,,,,,,,