crash_date,crash_time,latitude,longitude,on_street_name,zip_code,precinct,collision_type,roadway_type,geocode_dist_feet,time_is_known,borough,location,source,injury,fatality,injured_pedestrian,injured_cyclist,injured_ebike_rider,injured_motorcyclist,injured_moped_rider,injured_car_occupant,injured_suv_occupant,number_of_persons_injured,number_of_persons_killed,contributing_factor_vehicle_1,collision_id,cross_street_name,off_street_name,vehicle_type_code1
2026-07-09,00:00,40.7019639,-74.0096922,FDR DRIVE EXIT 1 NB,10004,1,UNKNOWN,Ramp,7.058067986116782,False,MANHATTAN,"(40.7019639, -74.0096922)",trafficstat,True,False,False,False,False,False,False,True,False,,,,,,,
2026-07-08,00:00,40.7056067,-74.0070848,WATER ST,10005,1,UNKNOWN,Street,53.080097703559105,False,MANHATTAN,"(40.7056067, -74.0070848)",trafficstat,False,False,False,False,False,False,False,False,False,,,,,,,
2026-07-08,00:00,40.7103654,-74.0112322,CHURCH ST,10007,1,UNKNOWN,Street,1.6402942217718772,False,MANHATTAN,"(40.7103654, -74.0112322)",trafficstat,True,False,False,True,False,False,False,False,False,,,,,,,
2026-07-08,00:00,40.7112262,-74.0153896,LIBERTY ST,10281,1,UNKNOWN,Street,63.23742992020803,False,MANHATTAN,"(40.7112262, -74.0153896)",trafficstat,False,False,False,False,False,False,False,False,False,,,,,,,
2026-07-07,00:00,40.7154326,-74.0075428,CHURCH ST,10007,1,UNKNOWN,Street,2.115816362024108,False,MANHATTAN,"(40.7154326, -74.0075428)",trafficstat,False,False,False,False,False,False,False,False,False,,,,,,,
2026-07-03,00:00,40.7154326,-74.0075428,CHURCH ST,10007,1,UNKNOWN,Street,2.115816362024108,False,MANHATTAN,"(40.7154326, -74.0075428)",trafficstat,False,False,False,False,False,False,False,False,False,,,,,,,
2026-06-18,00:00,40.7154326,-74.0075428,CHURCH ST,10007,1,UNKNOWN,Street,2.115816362024108,False,MANHATTAN,"(40.7154326, -74.0075428)",trafficstat,False,False,False,False,False,False,False,False,False,,,,,,,
2026-07-06,00:00,40.7144425,-74.0158488,VESEY ST,10281,1,UNKNOWN,Street,56.11382667898421,False,MANHATTAN,"(40.7144425, -74.0158488)",trafficstat,False,False,False,False,False,False,False,False,False,,,,,,,
2026-07-06,00:00,40.7067006,-74.0160467,BATTERY PARK UNDERPASS,10004,1,UNKNOWN,Highway,28.048052036318737,False,MANHATTAN,"(40.7067006, -74.0160467)",trafficstat,False,False,False,False,False,False,False,False,False,,,,,,,
2026-07-06,00:00,40.706051,-74.0074516,PINE ST,10005,1,UNKNOWN,Street,2.0208039675016507,False,MANHATTAN,"(40.706051, -74.0074516)",trafficstat,True,False,False,False,True,False,False,False,False,,,,,,,
2026-07-06,00:00,40.7015052,-74.0125507,SOUTH ST,10004,1,UNKNOWN,Street,3.200304178597544,False,MANHATTAN,"(40.7015052, -74.0125507)",trafficstat,False,False,False,False,False,False,False,False,False,,,,,,,
2026-07-05,00:00,40.7078745,-74.01185,BROADWAY,10006,1,OTHER,Street,55.759209440515775,False,MANHATTAN,"(40.7078745, -74.01185)",trafficstat,True,False,True,False,False,False,False,False,False,,,,,,,
2026-07-04,00:00,40.7076861,-74.0076664,MAIDEN LN,10038,1,OTHER,Street,30.10512252120599,False,MANHATTAN,"(40.7076861, -74.0076664)",trafficstat,True,False,True,False,False,False,False,False,False,,,,,,,
2026-07-04,00:00,40.7219678,-74.0082326,HUDSON ST,10013,1,OTHER,Street,0.541665127751977,False,MANHATTAN,"(40.7219678, -74.0082326)",trafficstat,True,False,False,False,False,False,False,True,True,,,,,,,
2026-07-04,00:00,40.7160144,-74.0088235,W  BROADWAY,10007,1,OTHER,Street,1.7599549854301917,False,MANHATTAN,"(40.7160144, -74.0088235)",trafficstat,True,False,False,False,False,False,False,True,True,,,,,,,
2026-07-03,00:00,40.7182252,-74.0032797,WHITE ST,10013,1,UNKNOWN,Street,25.954133939673174,False,MANHATTAN,"(40.7182252, -74.0032797)",trafficstat,True,False,False,True,False,False,False,False,False,,,,,,,
2026-07-03,00:00,40.7034958,-74.0118255,PEARL ST,10004,1,OTHER,Street,33.60053066313906,False,MANHATTAN,"(40.7034958, -74.0118255)",trafficstat,False,False,False,False,False,False,False,False,False,,,,,,,
2026-07-02,00:00,40.7189751,-74.008935,HUDSON ST,10013,1,UNKNOWN,Street,47.97938571996541,False,MANHATTAN,"(40.7189751, -74.008935)",trafficstat,False,False,False,False,False,False,False,False,False,,,,,,,
2026-06-29,00:00,40.7216999,-74.0048201,CANAL ST,10013,1,UNKNOWN,Street,59.70990752997215,False,MANHATTAN,"(40.7216999, -74.0048201)",trafficstat,False,False,False,False,False,False,False,False,False,,,,,,,
2026-06-29,00:00,40.7075802,-74.0136138,GREENWICH ST,10006,1,UNKNOWN,Street,39.40181920752125,False,MANHATTAN,"(40.7075802, -74.0136138)",trafficstat,False,False,False,False,False,False,False,False,False,,,,,,,
2026-06-28,00:00,40.7194672,-74.0022731,CANAL ST,10013,1,OTHER,Street,56.74911339632717,False,MANHATTAN,"(40.7194672, -74.0022731)",trafficstat,True,False,True,False,False,False,False,False,False,,,,,,,
2026-06-26,00:00,40.709835,-74.01488,ALBANY ST,10280,1,UNKNOWN,Street,3.0715198010183733,False,MANHATTAN,"(40.709835, -74.01488)",trafficstat,False,False,False,False,False,False,False,False,False,,,,,,,
2026-06-24,00:00,40.7208622,-74.0059469,ST JOHNS LN,10013,1,UNKNOWN,Street,17.013871176268726,False,MANHATTAN,"(40.7208622, -74.0059469)",trafficstat,False,False,False,False,False,False,False,False,False,,,,,,,
2026-06-24,00:00,40.7198779,-74.010019,GREENWICH ST,10013,1,OTHER,Street,56.58255988042972,False,MANHATTAN,"(40.7198779, -74.010019)",trafficstat,False,False,False,False,False,False,False,False,False,,,,,,,
2026-06-24,00:00,40.726958,-74.0034455,AVE OF THE AMERICAS,10013,1,UNKNOWN,Street,1.1556899957055191,False,MANHATTAN,"(40.726958, -74.0034455)",trafficstat,False,False,False,False,False,False,False,False,False,,,,,,,
2026-06-23,00:00,40.7232317,-74.0069711,CANAL ST,10013,1,UNKNOWN,Street,51.99151927553947,False,MANHATTAN,"(40.7232317, -74.0069711)",trafficstat,True,False,False,False,False,False,False,False,True,,,,,,,
2026-06-23,00:00,40.72331,-74.00298,BROOME ST,10013,1,UNKNOWN,Street,1.6612521568430123,False,MANHATTAN,"(40.72331, -74.00298)",trafficstat,False,False,False,False,False,False,False,False,False,,,,,,,
2026-06-23,00:00,40.7210619,-74.0085749,HUDSON ST,10013,1,UNKNOWN,Street,49.77365874503682,False,MANHATTAN,"(40.7210619, -74.0085749)",trafficstat,True,False,False,False,True,False,False,False,False,,,,,,,
2026-06-23,00:00,40.7172664,-74.0046744,LEONARD ST,10013,1,UNKNOWN,Street,27.893520511101848,False,MANHATTAN,"(40.7172664, -74.0046744)",trafficstat,False,False,False,False,False,False,False,False,False,,,,,,,
2026-06-22,00:00,40.7153213,-74.0106583,WARREN ST,10007,1,UNKNOWN,Street,23.304147833976774,False,MANHATTAN,"(40.7153213, -74.0106583)",trafficstat,False,False,False,False,False,False,False,False,False,,,,,,,
2026-06-22,00:00,40.7190751,-74.0023688,BROADWAY,10013,1,UNKNOWN,Street,47.17580822184589,False,MANHATTAN,"(40.7190751, -74.0023688)",trafficstat,False,False,False,False,False,False,False,False,False,,,,,,,
2026-06-22,00:00,40.7248275,-73.9983312,MERCER ST,10012,1,UNKNOWN,Street,22.86801601038064,False,MANHATTAN,"(40.7248275, -73.9983312)",trafficstat,False,False,False,False,False,False,False,False,False,,,,,,,
2026-06-22,00:00,40.7228637,-74.0018006,BROOME ST,10013,1,OTHER,Street,33.08197973753568,False,MANHATTAN,"(40.7228637, -74.0018006)",trafficstat,False,False,False,False,False,False,False,False,False,,,,,,,
2026-06-21,00:00,40.720318,-74.01217,N  MOORE ST,10013,1,OTHER,Street,3.177130297436637,False,MANHATTAN,"(40.720318, -74.01217)",trafficstat,False,False,False,False,False,False,False,False,False,,,,,,,
2026-06-21,00:00,40.7080649,-74.0039436,PEARL ST,10038,1,OTHER,Street,112.66425305143494,False,MANHATTAN,"(40.7080649, -74.0039436)",trafficstat,True,False,True,False,False,False,False,False,False,,,,,,,
2026-06-21,00:00,40.710639,-74.0115725,CORTLANDT WAY,10007,1,UNKNOWN,Street,36.573531304709036,False,MANHATTAN,"(40.710639, -74.0115725)",trafficstat,False,False,False,False,False,False,False,False,False,,,,,,,
2026-06-21,00:00,40.7056494,-74.0145105,GREENWICH ST,10004,1,UNKNOWN,Street,22.23239382801592,False,MANHATTAN,"(40.7056494, -74.0145105)",trafficstat,False,False,False,False,False,False,False,False,False,,,,,,,
2026-06-21,00:00,40.7048793,-74.0114229,BROAD ST,10004,1,UNKNOWN,Street,36.358612203956916,False,MANHATTAN,"(40.7048793, -74.0114229)",trafficstat,False,False,False,False,False,False,False,False,False,,,,,,,
2026-06-20,00:00,40.7050975,-74.0090365,HANOVER ST,10005,1,UNKNOWN,Street,19.266373812693995,False,MANHATTAN,"(40.7050975, -74.0090365)",trafficstat,False,False,False,False,False,False,False,False,False,,,,,,,
2026-06-20,00:00,40.7071924,-74.008635,WILLIAM ST,10005,1,UNKNOWN,Street,34.68800496417618,False,MANHATTAN,"(40.7071924, -74.008635)",trafficstat,False,False,False,False,False,False,False,False,False,,,,,,,
2026-06-20,00:00,40.7125314,-74.0076651,BROADWAY,10279,1,UNKNOWN,Street,2.257106097691857,False,MANHATTAN,"(40.7125314, -74.0076651)",trafficstat,True,False,False,False,False,False,False,False,True,,,,,,,
2026-06-20,00:00,40.7229803,-74.0116023,VESTRY ST,10013,1,OTHER,Street,2.860913756629811,False,MANHATTAN,"(40.7229803, -74.0116023)",trafficstat,True,False,False,False,False,False,True,False,True,,,,,,,
2026-06-20,00:00,40.7252606,-73.9971133,BROADWAY,10012,1,UNKNOWN,Street,43.85974335704138,False,MANHATTAN,"(40.7252606, -73.9971133)",trafficstat,False,False,False,False,False,False,False,False,False,,,,,,,
2026-06-19,00:00,40.71827,-74.00705,LEONARD ST,10013,1,UNKNOWN,Street,1.7917461908633843,False,MANHATTAN,"(40.71827, -74.00705)",trafficstat,False,False,False,False,False,False,False,False,False,,,,,,,
2026-06-18,00:00,40.7141646,-74.006309,BROADWAY,10007,1,UNKNOWN,Street,2.3292286067255414,False,MANHATTAN,"(40.7141646, -74.006309)",trafficstat,False,False,False,False,False,False,False,False,False,,,,,,,
2026-06-18,00:00,40.7143621,-74.0083868,CHURCH ST,10007,1,UNKNOWN,Street,1.9124044768265775,False,MANHATTAN,"(40.7143621, -74.0083868)",trafficstat,False,False,False,False,False,False,False,False,False,,,,,,,
2026-06-18,00:00,40.7046323,-74.0114259,BROAD ST,10004,1,OTHER,Street,37.70377877646872,False,MANHATTAN,"(40.7046323, -74.0114259)",trafficstat,False,False,False,False,False,False,False,False,False,,,,,,,
2026-06-17,00:00,40.7051836,-74.0073938,WATER ST,10005,1,OTHER,Street,1.9119054230590484,False,MANHATTAN,"(40.7051836, -74.0073938)",trafficstat,False,False,False,False,False,False,False,False,False,,,,,,,
2026-06-17,00:00,40.7092305,-74.0017415,PEARL ST,10038,1,UNKNOWN,Street,59.807781528055806,False,MANHATTAN,"(40.7092305, -74.0017415)",trafficstat,False,False,False,False,False,False,False,False,False,,,,,,,
2026-06-17,00:00,40.7245262,-74.0063621,BROOME ST,10013,1,UNKNOWN,Street,30.629801571581293,False,MANHATTAN,"(40.7245262, -74.0063621)",trafficstat,False,False,False,False,False,False,False,False,False,,,,,,,
2026-06-16,00:00,40.7124684,-74.0079293,BROADWAY,10279,1,UNKNOWN,Street,48.16177411573953,False,MANHATTAN,"(40.7124684, -74.0079293)",trafficstat,False,False,False,False,False,False,False,False,False,,,,,,,
2026-06-15,00:00,40.713257,-74.009254,CHURCH ST,10007,1,UNKNOWN,Street,1.7803045041709948,False,MANHATTAN,"(40.713257, -74.009254)",trafficstat,False,False,False,False,False,False,False,False,False,,,,,,,
2026-06-15,00:00,40.7038136,-74.0117409,BROAD ST,10004,1,UNKNOWN,Street,42.89057811820867,False,MANHATTAN,"(40.7038136, -74.0117409)",trafficstat,False,False,False,False,False,False,False,False,False,,,,,,,
2026-06-14,00:00,40.710395,-74.0068858,ANN ST,10038,1,UNKNOWN,Street,18.785186663626686,False,MANHATTAN,"(40.710395, -74.0068858)",trafficstat,False,False,False,False,False,False,False,False,False,,,,,,,
2026-06-12,00:00,40.7061383,-74.0153892,WASHINGTON ST,10004,1,UNKNOWN,Street,53.76854542970517,False,MANHATTAN,"(40.7061383, -74.0153892)",trafficstat,False,False,False,False,False,False,False,False,False,,,,,,,
2026-09-13,00:00,40.7230221,-73.998813,BROADWAY,10012,5,UNKNOWN,Street,1.4953282137115897,False,MANHATTAN,"(40.7230221, -73.998813)",trafficstat,False,False,False,False,False,False,False,False,False,,,,,,,
2026-09-10,00:00,40.7166459,-73.9958082,CANAL ST,10002,5,UNKNOWN,Street,0.4583065148813476,False,MANHATTAN,"(40.7166459, -73.9958082)",trafficstat,True,True,True,False,False,False,False,False,True,,,,,,,
2026-07-09,00:00,40.7166459,-73.9958082,CANAL ST,10002,5,OTHER,Street,0.4583065148813476,False,MANHATTAN,"(40.7166459, -73.9958082)",trafficstat,True,False,True,False,False,False,False,False,False,,,,,,,
2026-06-25,00:00,40.7166459,-73.9958082,CANAL ST,10002,5,UNKNOWN,Street,0.4583065148813476,False,MANHATTAN,"(40.7166459, -73.9958082)",trafficstat,True,False,False,False,False,False,False,True,False,,,,,,,
2026-06-16,00:00,40.7166459,-73.9958082,CANAL ST,10002,5,OTHER,Street,0.4583065148813476,False,MANHATTAN,"(40.7166459, -73.9958082)",trafficstat,False,False,False,False,False,False,False,False,False,,,,,,,
2026-09-09,00:00,40.7208921,-73.9957502,MOTT ST,10012,5,UNKNOWN,Street,1.7468621559896618,False,MANHATTAN,"(40.7208921, -73.9957502)",trafficstat,False,False,False,False,False,False,False,False,False,,,,,,,
2026-09-09,00:00,40.7168703,-73.9954553,BOWERY,10013,5,UNKNOWN,Street,56.702351102540455,False,MANHATTAN,"(40.7168703, -73.9954553)",trafficstat,True,False,False,True,False,False,False,False,False,,,,,,,
2026-07-14,00:00,40.7168703,-73.9954553,BOWERY,10013,5,UNKNOWN,Street,56.702351102540455,False,MANHATTAN,"(40.7168703, -73.9954553)",trafficstat,True,False,False,True,False,False,False,False,False,,,,,,,
2026-09-08,00:00,40.7092074,-73.9917703,MANHATTAN BRG,10002,5,UNKNOWN,Bridge,12.23232359451214,False,MANHATTAN,"(40.7092074, -73.9917703)",trafficstat,True,False,False,False,False,False,False,True,False,,,,,,,
2026-09-04,00:00,40.7092074,-73.9917703,MANHATTAN BRG,10002,5,UNKNOWN,Bridge,12.23232359451214,False,MANHATTAN,"(40.7092074, -73.9917703)",trafficstat,False,False,False,False,False,False,False,False,False,,,,,,,
2026-07-25,00:00,40.7092074,-73.9917703,MANHATTAN BRG,10002,5,UNKNOWN,Bridge,12.23232359451214,False,MANHATTAN,"(40.7092074, -73.9917703)",trafficstat,True,False,False,True,False,False,False,False,False,,,,,,,
2026-09-05,00:00,40.713506,-73.9986292,WORTH ST,10013,5,UNKNOWN,Street,1.9665403721745878,False,MANHATTAN,"(40.713506, -73.9986292)",trafficstat,True,False,False,False,False,False,False,True,False,,,,,,,
2026-07-31,00:00,40.713506,-73.9986292,WORTH ST,10013,5,UNKNOWN,Street,1.9665403721745878,False,MANHATTAN,"(40.713506, -73.9986292)",trafficstat,False,False,False,False,False,False,False,False,False,,,,,,,
2026-09-05,00:00,40.7123613,-73.9937416,MECHANICS ALY,10002,5,UNKNOWN,Street,0.47126994606254863,False,MANHATTAN,"(40.7123613, -73.9937416)",trafficstat,True,False,False,False,True,False,False,False,False,,,,,,,
2026-09-05,00:00,40.7195801,-73.9980555,GRAND ST,10013,5,UNKNOWN,Street,3.165192961132963,False,MANHATTAN,"(40.7195801, -73.9980555)",trafficstat,False,False,False,False,False,False,False,False,False,,,,,,,
2026-09-05,00:00,40.7197449,-73.9972493,MULBERRY ST,10013,5,OTHER,Street,28.692257956087392,False,MANHATTAN,"(40.7197449, -73.9972493)",trafficstat,True,False,True,False,False,False,False,False,False,,,,,,,
2026-09-04,00:00,40.7169752,-73.9944554,CHRYSTIE ST,10002,5,OTHER,Street,1.2194595558456778,False,MANHATTAN,"(40.7169752, -73.9944554)",trafficstat,True,False,True,False,True,False,False,False,False,,,,,,,
2026-09-04,00:00,40.7193249,-73.9973015,MULBERRY ST,10013,5,UNKNOWN,Street,1.6445892974208047,False,MANHATTAN,"(40.7193249, -73.9973015)",trafficstat,True,False,False,True,False,False,False,False,False,,,,,,,
2026-09-03,00:00,40.7185835,-73.9917461,ELDRIDGE ST,10002,5,UNKNOWN,Street,1.6048560962699032,False,MANHATTAN,"(40.7185835, -73.9917461)",trafficstat,False,False,False,False,False,False,False,False,False,,,,,,,
2026-09-03,00:00,40.7150813,-73.9924896,CANAL ST,10002,5,OTHER,Street,2.2283478286813505,False,MANHATTAN,"(40.7150813, -73.9924896)",trafficstat,True,False,True,False,False,False,False,False,False,,,,,,,
2026-09-02,00:00,40.7182198,-73.9958488,ELIZABETH ST,10013,5,UNKNOWN,Street,28.559958026624894,False,MANHATTAN,"(40.7182198, -73.9958488)",trafficstat,False,False,False,False,False,False,False,False,False,,,,,,,
2026-09-01,00:00,40.7228188,-73.9930912,STANTON ST,10002,5,UNKNOWN,Street,3.0459426234532656,False,MANHATTAN,"(40.7228188, -73.9930912)",trafficstat,False,False,False,False,False,False,False,False,False,,,,,,,
2026-08-16,00:00,40.7228188,-73.9930912,STANTON ST,10002,5,UNKNOWN,Street,3.0459426234532656,False,MANHATTAN,"(40.7228188, -73.9930912)",trafficstat,False,False,False,False,False,False,False,False,False,,,,,,,
2026-08-31,00:00,40.7206258,-73.9983721,LAFAYETTE ST,10013,5,UNKNOWN,Street,47.3955431972522,False,MANHATTAN,"(40.7206258, -73.9983721)",trafficstat,False,False,False,False,False,False,False,False,False,,,,,,,
2026-08-29,00:00,40.7163346,-73.9927888,ELDRIDGE ST,10002,5,UNKNOWN,Street,29.137837960843715,False,MANHATTAN,"(40.7163346, -73.9927888)",trafficstat,False,False,False,False,False,False,False,False,False,,,,,,,
2026-08-29,00:00,40.708774,-73.9981114,FRANKLIN D ROOSEVELT DR,10038,5,OTHER,Highway,1.3573475152379093,False,MANHATTAN,"(40.708774, -73.9981114)",trafficstat,True,True,False,False,False,True,False,False,False,,,,,,,
2026-07-20,00:00,40.708774,-73.9981114,FRANKLIN D ROOSEVELT DR,10038,5,UNKNOWN,Highway,1.3573475152379093,False,MANHATTAN,"(40.708774, -73.9981114)",trafficstat,False,False,False,False,False,False,False,False,False,,,,,,,
2026-07-16,00:00,40.708774,-73.9981114,FRANKLIN D ROOSEVELT DR,10038,5,UNKNOWN,Highway,1.3573475152379093,False,MANHATTAN,"(40.708774, -73.9981114)",trafficstat,True,False,False,False,False,False,False,True,False,,,,,,,
2026-07-08,00:00,40.708774,-73.9981114,FRANKLIN D ROOSEVELT DR,10038,5,UNKNOWN,Highway,1.3573475152379093,False,MANHATTAN,"(40.708774, -73.9981114)",trafficstat,False,False,False,False,False,False,False,False,False,,,,,,,
2026-08-28,00:00,40.7136459,-74.0036035,CENTRE ST,10007,5,UNKNOWN,Street,1.7300340432627699,False,MANHATTAN,"(40.7136459, -74.0036035)",trafficstat,False,False,False,False,False,False,False,False,False,,,,,,,
2026-08-26,00:00,40.7125975,-73.9988853,JAMES ST,10038,5,OTHER,Street,0.12950562009898509,False,MANHATTAN,"(40.7125975, -73.9988853)",trafficstat,True,False,False,True,False,False,False,False,False,,,,,,,
2026-08-26,00:00,40.7078353,-73.9991754,BROOKLYN BRG,10038,5,OTHER,Bridge,4.901424504183634,False,MANHATTAN,"(40.7078353, -73.9991754)",trafficstat,False,False,False,False,False,False,False,False,False,,,,,,,
2026-08-26,00:00,40.7140687,-73.9975038,CATHERINE ST,10038,5,UNKNOWN,Street,0.267220688799419,False,MANHATTAN,"(40.7140687, -73.9975038)",trafficstat,False,False,False,False,False,False,False,False,False,,,,,,,
2026-08-26,00:00,40.7210623,-73.9981962,LAFAYETTE ST,10013,5,UNKNOWN,Street,2.008960661693067,False,MANHATTAN,"(40.7210623, -73.9981962)",trafficstat,False,False,False,False,False,False,False,False,False,,,,,,,
2026-08-26,00:00,40.7254319,-73.9967709,BROADWAY,10012,5,UNKNOWN,Street,2.137067971920533,False,MANHATTAN,"(40.7254319, -73.9967709)",trafficstat,True,False,False,False,False,False,False,True,False,,,,,,,
2026-08-25,00:00,40.71654,-73.99699,ELIZABETH ST,10013,5,UNKNOWN,Street,0.1273046922124297,False,MANHATTAN,"(40.71654, -73.99699)",trafficstat,False,False,False,False,False,False,False,False,False,,,,,,,
2026-08-24,00:00,40.71397,-74.0036388,LAFAYETTE ST,10007,5,UNKNOWN,Street,42.336442064954134,False,MANHATTAN,"(40.71397, -74.0036388)",trafficstat,False,False,False,False,False,False,False,False,False,,,,,,,
2026-08-24,00:00,40.7134758,-73.9985859,WORTH ST,10013,5,UNKNOWN,Street,1.941430034090551,False,MANHATTAN,"(40.7134758, -73.9985859)",trafficstat,False,False,False,False,False,False,False,False,False,,,,,,,
2026-08-24,00:00,40.7093145,-73.9916657,MANHATTAN BRG,10002,5,UNKNOWN,Bridge,9.281968004858335,False,MANHATTAN,"(40.7093145, -73.9916657)",trafficstat,False,False,False,False,False,False,False,False,False,,,,,,,
2026-08-23,00:00,40.72195,-73.99627,MULBERRY ST,10012,5,UNKNOWN,Street,0.920098653563932,False,MANHATTAN,"(40.72195, -73.99627)",trafficstat,False,False,False,False,False,False,False,False,False,,,,,,,
2026-08-22,00:00,40.719786,-73.9985245,CENTRE ST,10013,5,UNKNOWN,Street,1.436917107904253,False,MANHATTAN,"(40.719786, -73.9985245)",trafficstat,True,False,False,False,False,False,False,False,False,,,,,,,
2026-08-22,00:00,40.7198925,-73.9909937,ELDRIDGE ST,10002,5,UNKNOWN,Street,22.374976697555148,False,MANHATTAN,"(40.7198925, -73.9909937)",trafficstat,False,False,False,False,False,False,False,False,False,,,,,,,
2026-08-22,00:00,40.7180184,-73.9999567,CENTRE ST,10013,5,UNKNOWN,Street,1.5052750447468497,False,MANHATTAN,"(40.7180184, -73.9999567)",trafficstat,True,False,False,False,False,False,False,True,False,,,,,,,
2026-08-15,00:00,40.7180184,-73.9999567,CENTRE ST,10013,5,OTHER,Street,1.5052750447468497,False,MANHATTAN,"(40.7180184, -73.9999567)",trafficstat,True,False,True,False,False,False,False,False,False,,,,,,,
2026-07-21,00:00,40.7180184,-73.9999567,CENTRE ST,10013,5,UNKNOWN,Street,1.5052750447468497,False,MANHATTAN,"(40.7180184, -73.9999567)",trafficstat,False,False,False,False,False,False,False,False,False,,,,,,,
2026-07-10,00:00,40.7180184,-73.9999567,CENTRE ST,10013,5,UNKNOWN,Street,1.5052750447468497,False,MANHATTAN,"(40.7180184, -73.9999567)",trafficstat,False,False,False,False,False,False,False,False,False,,,,,,,
2026-06-17,00:00,40.7180184,-73.9999567,CENTRE ST,10013,5,UNKNOWN,Street,1.5052750447468497,False,MANHATTAN,"(40.7180184, -73.9999567)",trafficstat,False,False,False,False,False,False,False,False,False,,,,,,,
2026-06-12,00:00,40.7180184,-73.9999567,CENTRE ST,10013,5,OTHER,Street,1.5052750447468497,False,MANHATTAN,"(40.7180184, -73.9999567)",trafficstat,False,False,False,False,False,False,False,False,False,,,,,,,
2026-08-21,00:00,40.7241362,-73.992604,BOWERY,10002,5,OTHER,Street,20.193474390360915,False,MANHATTAN,"(40.7241362, -73.992604)",trafficstat,True,False,False,True,False,False,False,False,False,,,,,,,
2026-08-21,00:00,40.7216057,-73.9944751,ELIZABETH ST,10012,5,UNKNOWN,Street,31.50184210019156,False,MANHATTAN,"(40.7216057, -73.9944751)",trafficstat,False,False,False,False,False,False,False,False,False,,,,,,,
2026-08-20,00:00,40.7125512,-74.0010962,PARK ROW,10038,5,UNKNOWN,Street,143.59177274358316,False,MANHATTAN,"(40.7125512, -74.0010962)",trafficstat,False,False,False,False,False,False,False,False,False,,,,,,,
2026-08-14,00:00,40.7125512,-74.0010962,PARK ROW,10038,5,UNKNOWN,Street,143.59177274358316,False,MANHATTAN,"(40.7125512, -74.0010962)",trafficstat,True,False,True,False,False,False,False,False,False,,,,,,,
2026-08-20,00:00,40.7150375,-73.9968075,BAYARD ST,10002,5,UNKNOWN,Street,2.590557480642281,False,MANHATTAN,"(40.7150375, -73.9968075)",trafficstat,True,False,True,False,False,False,False,False,False,,,,,,,
2026-06-23,00:00,40.7150375,-73.9968075,BAYARD ST,10002,5,OTHER,Street,2.590557480642281,False,MANHATTAN,"(40.7150375, -73.9968075)",trafficstat,False,False,False,False,False,False,False,False,False,,,,,,,
2026-08-19,00:00,40.7091061,-73.9962141,FRANKLIN D ROOSEVELT DR,10038,5,UNKNOWN,Highway,0.6875091552068626,False,MANHATTAN,"(40.7091061, -73.9962141)",trafficstat,False,False,False,False,False,False,False,False,False,,,,,,,
2026-08-18,00:00,40.7079095,-73.9989987,BROOKLYN BRG,10038,5,UNKNOWN,Bridge,6.836819332710766,False,MANHATTAN,"(40.7079095, -73.9989987)",trafficstat,False,False,False,False,False,False,False,False,False,,,,,,,
2026-08-15,00:00,40.7079095,-73.9989987,BROOKLYN BRG,10038,5,UNKNOWN,Bridge,6.836819332710766,False,MANHATTAN,"(40.7079095, -73.9989987)",trafficstat,True,False,False,False,False,False,False,False,True,,,,,,,
2026-08-18,00:00,40.7167311,-74.0020778,LAFAYETTE ST,10013,5,OTHER,Street,1.9011978060839927,False,MANHATTAN,"(40.7167311, -74.0020778)",trafficstat,True,False,False,True,False,False,False,False,False,,,,,,,
2026-08-17,00:00,40.7149937,-73.9988673,MOTT ST,10013,5,UNKNOWN,Street,0.2033481492526355,False,MANHATTAN,"(40.7149937, -73.9988673)",trafficstat,False,False,False,False,False,False,False,False,False,,,,,,,
2026-08-17,00:00,40.7122349,-73.9963355,MADISON ST,10002,5,UNKNOWN,Street,35.76504007936724,False,MANHATTAN,"(40.7122349, -73.9963355)",trafficstat,False,False,False,False,False,False,False,False,False,,,,,,,
2026-08-17,00:00,40.7223002,-73.997121,CLEVELAND PL,10012,5,OTHER,Street,1.5744893388634909,False,MANHATTAN,"(40.7223002, -73.997121)",trafficstat,True,False,True,False,False,False,False,False,False,,,,,,,
2026-06-12,00:00,40.7223002,-73.997121,CLEVELAND PL,10012,5,UNKNOWN,Street,1.5744893388634909,False,MANHATTAN,"(40.7223002, -73.997121)",trafficstat,True,False,False,True,False,False,False,False,False,,,,,,,
2026-08-16,00:00,40.7095233,-74.0016664,PEARL ST,10038,5,UNKNOWN,Street,1.836471745037799,False,MANHATTAN,"(40.7095233, -74.0016664)",trafficstat,True,False,False,False,False,False,False,False,True,,,,,,,
2026-08-16,00:00,40.7113571,-73.9998191,ST JAMES PL,10038,5,UNKNOWN,Street,70.6399160465461,False,MANHATTAN,"(40.7113571, -73.9998191)",trafficstat,True,False,False,True,False,False,False,False,False,,,,,,,
2026-08-16,00:00,40.7096466,-73.9923763,FRANKLIN D ROOSEVELT DR,10038,5,UNKNOWN,Highway,1.4137839980525189,False,MANHATTAN,"(40.7096466, -73.9923763)",trafficstat,False,False,False,False,False,False,False,False,False,,,,,,,
2026-08-15,00:00,40.709065,-74.0003152,FDR DRIVE ENTRY RAMP,10038,5,UNKNOWN,Ramp,9.918274621463375,False,MANHATTAN,"(40.709065, -74.0003152)",trafficstat,True,False,False,False,False,True,False,False,False,,,,,,,
2026-06-30,00:00,40.709065,-74.0003152,FDR DRIVE ENTRY RAMP,10038,5,UNKNOWN,Ramp,9.918274621463375,False,MANHATTAN,"(40.709065, -74.0003152)",trafficstat,True,False,False,False,False,True,False,False,False,,,,,,,