crash_date,crash_time,latitude,longitude,on_street_name,zip_code,precinct,collision_type,roadway_type,geocode_dist_feet,time_is_known,borough,location,source,injury,fatality,injured_pedestrian,injured_cyclist,injured_ebike_rider,injured_motorcyclist,injured_moped_rider,injured_car_occupant,injured_suv_occupant,number_of_persons_injured,number_of_persons_killed,contributing_factor_vehicle_1,collision_id,cross_street_name,off_street_name,vehicle_type_code1
2026-08-15,00:00,40.7184301,-74.0005302,CANAL ST,10013,5,UNKNOWN,Street,1.6400422732424438,False,MANHATTAN,"(40.7184301, -74.0005302)",trafficstat,False,False,False,False,False,False,False,False,False,,,,,,,
2026-08-15,00:00,40.7192037,-73.9903643,DELANCEY ST,10002,5,UNKNOWN,Street,29.78121172271706,False,MANHATTAN,"(40.7192037, -73.9903643)",trafficstat,True,False,False,False,False,False,False,False,True,,,,,,,
2026-06-12,00:00,40.7192037,-73.9903643,DELANCEY ST,10002,5,UNKNOWN,Street,29.78121172271706,False,MANHATTAN,"(40.7192037, -73.9903643)",trafficstat,False,False,False,False,False,False,False,False,False,,,,,,,
2026-08-15,00:00,40.7178697,-73.9994753,CANAL ST,10013,5,UNKNOWN,Street,51.17548115526401,False,MANHATTAN,"(40.7178697, -73.9994753)",trafficstat,False,False,False,False,False,False,False,False,False,,,,,,,
2026-08-14,00:00,40.712949,-73.9983309,ST JAMES PL,10038,5,UNKNOWN,Street,45.120936935055504,False,MANHATTAN,"(40.712949, -73.9983309)",trafficstat,False,False,False,False,False,False,False,False,False,,,,,,,
2026-08-12,00:00,40.7124627,-73.9924033,MADISON ST,10002,5,UNKNOWN,Street,2.880133665965465,False,MANHATTAN,"(40.7124627, -73.9924033)",trafficstat,True,False,False,True,False,False,False,False,False,,,,,,,
2026-08-11,00:00,40.7161395,-73.9973488,ELIZABETH ST,10013,5,OTHER,Street,27.433300576958302,False,MANHATTAN,"(40.7161395, -73.9973488)",trafficstat,False,False,False,False,False,False,False,False,False,,,,,,,
2026-08-09,00:00,40.7144178,-73.9931737,DIVISION ST,10002,5,OTHER,Street,23.506525883312914,False,MANHATTAN,"(40.7144178, -73.9931737)",trafficstat,True,False,True,False,False,False,False,False,False,,,,,,,
2026-08-09,00:00,40.7092129,-73.991893,MANHATTAN BRG,10038,5,OTHER,Bridge,8.43895167094125,False,MANHATTAN,"(40.7092129, -73.991893)",trafficstat,False,False,False,False,False,False,False,False,False,,,,,,,
2026-08-02,00:00,40.7092129,-73.991893,MANHATTAN BRG,10038,5,UNKNOWN,Bridge,8.43895167094125,False,MANHATTAN,"(40.7092129, -73.991893)",trafficstat,False,False,False,False,False,False,False,False,False,,,,,,,
2026-08-07,00:00,40.7215856,-73.9922609,CHRYSTIE ST,10002,5,OTHER,Street,49.12556931122682,False,MANHATTAN,"(40.7215856, -73.9922609)",trafficstat,True,False,False,False,False,False,False,False,False,,,,,,,
2026-08-06,00:00,40.7194838,-73.9912842,ELDRIDGE ST,10002,5,OTHER,Street,1.1963708391222074,False,MANHATTAN,"(40.7194838, -73.9912842)",trafficstat,True,False,False,False,True,False,False,False,False,,,,,,,
2026-08-01,00:00,40.7194838,-73.9912842,ELDRIDGE ST,10002,5,OTHER,Street,1.1963708391222074,False,MANHATTAN,"(40.7194838, -73.9912842)",trafficstat,False,False,False,False,False,False,False,False,False,,,,,,,
2026-08-06,00:00,40.721212,-74.0001538,BROADWAY,10013,5,UNKNOWN,Street,46.474236859019335,False,MANHATTAN,"(40.721212, -74.0001538)",trafficstat,False,False,False,False,False,False,False,False,False,,,,,,,
2026-08-06,00:00,40.7179643,-74.0001789,CENTRE ST,10013,5,OTHER,Street,40.85594230740558,False,MANHATTAN,"(40.7179643, -74.0001789)",trafficstat,True,False,False,True,False,False,False,False,False,,,,,,,
2026-08-05,00:00,40.7156332,-73.9984921,MOTT ST,10013,5,UNKNOWN,Street,1.355885447287837,False,MANHATTAN,"(40.7156332, -73.9984921)",trafficstat,False,False,False,False,False,False,False,False,False,,,,,,,
2026-08-05,00:00,40.7205051,-73.9968361,MULBERRY ST,10013,5,OTHER,Street,1.1919061053555895,False,MANHATTAN,"(40.7205051, -73.9968361)",trafficstat,False,False,False,False,False,False,False,False,False,,,,,,,
2026-08-05,00:00,40.7196827,-73.9995877,LAFAYETTE ST,10013,5,UNKNOWN,Street,42.449142920455614,False,MANHATTAN,"(40.7196827, -73.9995877)",trafficstat,False,False,False,False,False,False,False,False,False,,,,,,,
2026-08-05,00:00,40.7236503,-73.9910239,CHRYSTIE ST,10002,5,UNKNOWN,Street,1.0337150781926283,False,MANHATTAN,"(40.7236503, -73.9910239)",trafficstat,True,False,False,False,False,False,False,True,False,,,,,,,
2026-07-04,00:00,40.7236503,-73.9910239,CHRYSTIE ST,10002,5,UNKNOWN,Street,1.0337150781926283,False,MANHATTAN,"(40.7236503, -73.9910239)",trafficstat,True,False,True,False,False,False,False,False,False,,,,,,,
2026-08-04,00:00,40.7199724,-73.9928967,CHRYSTIE ST,10002,5,UNKNOWN,Street,1.227600281772886,False,MANHATTAN,"(40.7199724, -73.9928967)",trafficstat,True,False,False,True,False,False,False,False,False,,,,,,,
2026-07-10,00:00,40.7199724,-73.9928967,CHRYSTIE ST,10002,5,UNKNOWN,Street,1.227600281772886,False,MANHATTAN,"(40.7199724, -73.9928967)",trafficstat,True,False,False,False,False,False,False,True,False,,,,,,,
2026-06-29,00:00,40.7199724,-73.9928967,CHRYSTIE ST,10002,5,OTHER,Street,1.227600281772886,False,MANHATTAN,"(40.7199724, -73.9928967)",trafficstat,True,False,False,True,False,False,False,False,False,,,,,,,
2026-08-04,00:00,40.7088619,-74.0006182,BROOKLYN BRIDGE EN RP FDR DR,10038,5,OTHER,Bridge,1.8686661226249703,False,MANHATTAN,"(40.7088619, -74.0006182)",trafficstat,False,False,False,False,False,False,False,False,False,,,,,,,
2026-06-18,00:00,40.7088619,-74.0006182,BROOKLYN BRIDGE EN RP FDR DR,10038,5,OTHER,Bridge,1.8686661226249703,False,MANHATTAN,"(40.7088619, -74.0006182)",trafficstat,False,False,False,False,False,False,False,False,False,,,,,,,
2026-08-03,00:00,40.7187647,-74.0012829,CORTLANDT ALY,10013,5,UNKNOWN,Street,38.70372040464308,False,MANHATTAN,"(40.7187647, -74.0012829)",trafficstat,False,False,False,False,False,False,False,False,False,,,,,,,
2026-08-02,00:00,40.7250833,-73.9953278,LAFAYETTE ST,10012,5,UNKNOWN,Street,2.270736619105473,False,MANHATTAN,"(40.7250833, -73.9953278)",trafficstat,True,False,False,True,False,False,False,False,False,,,,,,,
2026-08-02,00:00,40.7121136,-73.9956193,MADISON ST,10002,5,UNKNOWN,Street,31.815645971006223,False,MANHATTAN,"(40.7121136, -73.9956193)",trafficstat,True,False,True,False,False,False,False,False,False,,,,,,,
2026-08-01,00:00,40.7184525,-74.0008441,CANAL ST,10013,5,UNKNOWN,Street,55.381265265496324,False,MANHATTAN,"(40.7184525, -74.0008441)",trafficstat,True,False,False,True,False,False,False,False,False,,,,,,,
2026-07-31,00:00,40.7168134,-73.9977634,MOTT ST,10013,5,UNKNOWN,Street,1.5478422577276463,False,MANHATTAN,"(40.7168134, -73.9977634)",trafficstat,False,False,False,False,False,False,False,False,False,,,,,,,
2026-07-30,00:00,40.7203211,-73.9940403,DELANCEY ST,10002,5,UNKNOWN,Street,0.06960049930561124,False,MANHATTAN,"(40.7203211, -73.9940403)",trafficstat,False,False,False,False,False,False,False,False,False,,,,,,,
2026-07-30,00:00,40.7216099,-73.9998179,BROADWAY,10013,5,OTHER,Street,46.10704541135285,False,MANHATTAN,"(40.7216099, -73.9998179)",trafficstat,False,False,False,False,False,False,False,False,False,,,,,,,
2026-07-29,00:00,40.7131354,-74.004058,CENTRE ST,10007,5,OTHER,Street,2.198125894864099,False,MANHATTAN,"(40.7131354, -74.004058)",trafficstat,True,True,False,False,True,False,False,False,True,,,,,,,
2026-06-19,00:00,40.7131354,-74.004058,CENTRE ST,10007,5,UNKNOWN,Street,2.198125894864099,False,MANHATTAN,"(40.7131354, -74.004058)",trafficstat,True,False,False,True,False,False,False,False,False,,,,,,,
2026-07-28,00:00,40.7146134,-73.9987147,MOTT ST,10013,5,UNKNOWN,Street,26.636746424298035,False,MANHATTAN,"(40.7146134, -73.9987147)",trafficstat,False,False,False,False,False,False,False,False,False,,,,,,,
2026-07-27,00:00,40.715157,-74.00211,WORTH ST,10013,5,UNKNOWN,Street,2.312562237532495,False,MANHATTAN,"(40.715157, -74.00211)",trafficstat,False,False,False,False,False,False,False,False,False,,,,,,,
2026-07-27,00:00,40.71997,-73.9929,CHRYSTIE ST,10002,5,UNKNOWN,Street,0.7245052910106266,False,MANHATTAN,"(40.71997, -73.9929)",trafficstat,False,False,False,False,False,False,False,False,False,,,,,,,
2026-07-24,00:00,40.7211141,-73.9924989,CHRYSTIE ST,10002,5,OTHER,Street,48.251010522985,False,MANHATTAN,"(40.7211141, -73.9924989)",trafficstat,True,False,False,False,True,False,False,False,False,,,,,,,
2026-07-23,00:00,40.7211141,-73.9924989,CHRYSTIE ST,10002,5,OTHER,Street,48.251010522985,False,MANHATTAN,"(40.7211141, -73.9924989)",trafficstat,True,False,True,False,False,False,False,False,False,,,,,,,
2026-07-24,00:00,40.7136815,-73.9945459,MARKET ST,10002,5,UNKNOWN,Street,0.3464837979596306,False,MANHATTAN,"(40.7136815, -73.9945459)",trafficstat,True,False,True,False,False,False,False,False,False,,,,,,,
2026-07-23,00:00,40.7193962,-74.0018831,CANAL ST,10013,5,UNKNOWN,Street,2.1252394450391696,False,MANHATTAN,"(40.7193962, -74.0018831)",trafficstat,True,False,True,False,False,False,False,False,False,,,,,,,
2026-07-23,00:00,40.718777,-73.9957,ELIZABETH ST,10013,5,UNKNOWN,Street,0.9166808545888353,False,MANHATTAN,"(40.718777, -73.9957)",trafficstat,False,False,False,False,False,False,False,False,False,,,,,,,
2026-07-22,00:00,40.7242352,-73.9977848,BROADWAY,10012,5,UNKNOWN,Street,1.934846541436815,False,MANHATTAN,"(40.7242352, -73.9977848)",trafficstat,True,False,True,False,False,False,False,False,False,,,,,,,
2026-07-22,00:00,40.7143084,-73.9995014,MULBERRY ST,10013,5,UNKNOWN,Street,22.778376008549852,False,MANHATTAN,"(40.7143084, -73.9995014)",trafficstat,True,False,True,False,False,False,False,False,False,,,,,,,
2026-07-22,00:00,40.7160714,-74.0011683,CENTRE ST,10013,5,OTHER,Street,68.6935773391671,False,MANHATTAN,"(40.7160714, -74.0011683)",trafficstat,False,False,False,False,False,False,False,False,False,,,,,,,
2026-07-22,00:00,40.7160714,-74.0011683,CENTRE ST,10013,5,UNKNOWN,Street,68.6935773391671,False,MANHATTAN,"(40.7160714, -74.0011683)",trafficstat,False,False,False,False,False,False,False,False,False,,,,,,,
2026-07-21,00:00,40.7159186,-73.9993218,MULBERRY ST,10013,5,UNKNOWN,Street,0.8334677650839865,False,MANHATTAN,"(40.7159186, -73.9993218)",trafficstat,False,False,False,False,False,False,False,False,False,,,,,,,
2026-07-21,00:00,40.7184574,-73.9948088,BOWERY,10013,5,OTHER,Street,1.1950732106504514,False,MANHATTAN,"(40.7184574, -73.9948088)",trafficstat,True,False,False,True,False,False,False,False,False,,,,,,,
2026-07-20,00:00,40.7246935,-73.9941806,MOTT ST,10012,5,UNKNOWN,Street,0.8278454912638531,False,MANHATTAN,"(40.7246935, -73.9941806)",trafficstat,True,False,False,True,False,False,False,False,False,,,,,,,
2026-06-28,00:00,40.7246935,-73.9941806,MOTT ST,10012,5,UNKNOWN,Street,0.8278454912638531,False,MANHATTAN,"(40.7246935, -73.9941806)",trafficstat,True,False,True,False,False,False,False,False,False,,,,,,,
2026-07-19,00:00,40.7200679,-73.9954616,BROOME ST,10013,5,UNKNOWN,Street,35.64893111791602,False,MANHATTAN,"(40.7200679, -73.9954616)",trafficstat,False,False,False,False,False,False,False,False,False,,,,,,,
2026-07-19,00:00,40.7233752,-73.9972525,CROSBY ST,10012,5,UNKNOWN,Street,31.330140892533148,False,MANHATTAN,"(40.7233752, -73.9972525)",trafficstat,False,False,False,False,False,False,False,False,False,,,,,,,
2026-07-19,00:00,40.7121365,-73.9952605,MADISON ST,10002,5,UNKNOWN,Street,35.40644665714803,False,MANHATTAN,"(40.7121365, -73.9952605)",trafficstat,True,False,False,True,False,False,False,False,False,,,,,,,
2026-07-15,00:00,40.7101766,-74.0011362,FDR DRIVE ENTRY RAMP,10038,5,OTHER,Ramp,0.05713881841441164,False,MANHATTAN,"(40.7101766, -74.0011362)",trafficstat,True,False,False,False,False,False,False,True,False,,,,,,,
2026-07-01,00:00,40.7101766,-74.0011362,FDR DRIVE ENTRY RAMP,10038,5,UNKNOWN,Ramp,0.05713881841441164,False,MANHATTAN,"(40.7101766, -74.0011362)",trafficstat,False,False,False,False,False,False,False,False,False,,,,,,,
2026-07-14,00:00,40.7132425,-73.9982252,OLIVER ST,10038,5,OTHER,Street,2.3275718863108756,False,MANHATTAN,"(40.7132425, -73.9982252)",trafficstat,True,False,False,False,False,True,False,False,False,,,,,,,
2026-07-14,00:00,40.7189902,-74.0010477,CANAL ST,10013,5,UNKNOWN,Street,48.47465795775298,False,MANHATTAN,"(40.7189902, -74.0010477)",trafficstat,False,False,False,False,False,False,False,False,False,,,,,,,
2026-07-12,00:00,40.7211707,-73.9939357,BOWERY,10012,5,UNKNOWN,Street,40.777534287111806,False,MANHATTAN,"(40.7211707, -73.9939357)",trafficstat,False,False,False,False,False,False,False,False,False,,,,,,,
2026-07-12,00:00,40.7212487,-73.9922364,CHRYSTIE ST,10002,5,UNKNOWN,Street,1.550242771742367,False,MANHATTAN,"(40.7212487, -73.9922364)",trafficstat,True,False,True,False,False,False,False,False,False,,,,,,,
2026-07-12,00:00,40.7224015,-73.9916482,CHRYSTIE ST,10002,5,UNKNOWN,Street,1.8818616324886337,False,MANHATTAN,"(40.7224015, -73.9916482)",trafficstat,True,False,True,False,False,False,False,False,False,,,,,,,
2026-06-15,00:00,40.7224015,-73.9916482,CHRYSTIE ST,10002,5,UNKNOWN,Street,1.8818616324886337,False,MANHATTAN,"(40.7224015, -73.9916482)",trafficstat,False,False,False,False,False,False,False,False,False,,,,,,,
2026-07-11,00:00,40.7137446,-73.9939435,FORSYTH ST,10002,5,UNKNOWN,Street,0.3953420307199886,False,MANHATTAN,"(40.7137446, -73.9939435)",trafficstat,True,False,False,True,False,False,False,False,False,,,,,,,
2026-06-19,00:00,40.7137446,-73.9939435,FORSYTH ST,10002,5,OTHER,Street,0.3953420307199886,False,MANHATTAN,"(40.7137446, -73.9939435)",trafficstat,True,False,False,True,False,False,False,False,False,,,,,,,
2026-07-08,00:00,40.7093723,-73.9942952,FRANKLIN D ROOSEVELT DR,10038,5,UNKNOWN,Highway,0.515536739461939,False,MANHATTAN,"(40.7093723, -73.9942952)",trafficstat,False,False,False,False,False,False,False,False,False,,,,,,,
2026-07-08,00:00,40.7162038,-73.9919051,ALLEN ST,10002,5,UNKNOWN,Street,31.139237854739857,False,MANHATTAN,"(40.7162038, -73.9919051)",trafficstat,True,False,False,True,False,False,False,False,False,,,,,,,
2026-06-13,00:00,40.7162038,-73.9919051,ALLEN ST,10002,5,OTHER,Street,31.139237854739857,False,MANHATTAN,"(40.7162038, -73.9919051)",trafficstat,True,False,True,False,False,False,False,False,False,,,,,,,
2026-07-07,00:00,40.715743,-74.0016846,CENTRE ST,10013,5,UNKNOWN,Street,1.6114518902450388,False,MANHATTAN,"(40.715743, -74.0016846)",trafficstat,False,False,False,False,False,False,False,False,False,,,,,,,
2026-07-07,00:00,40.7163949,-74.0026005,LAFAYETTE ST,10013,5,UNKNOWN,Street,51.007958137346314,False,MANHATTAN,"(40.7163949, -74.0026005)",trafficstat,True,False,True,False,False,False,False,False,False,,,,,,,
2026-07-07,00:00,40.7203962,-73.9909931,ELDRIDGE ST,10002,5,UNKNOWN,Street,43.87458546092176,False,MANHATTAN,"(40.7203962, -73.9909931)",trafficstat,False,False,False,False,False,False,False,False,False,,,,,,,
2026-07-07,00:00,40.7226625,-73.9979797,CROSBY ST,10012,5,UNKNOWN,Street,2.2272929218397373,False,MANHATTAN,"(40.7226625, -73.9979797)",trafficstat,True,False,False,False,False,False,False,True,False,,,,,,,
2026-07-05,00:00,40.7232917,-73.9900181,E  HOUSTON ST,10002,5,OTHER,Street,5.673312604322905,False,MANHATTAN,"(40.7232917, -73.9900181)",trafficstat,False,False,False,False,False,False,False,False,False,,,,,,,
2026-07-05,00:00,40.7210263,-73.9897342,ALLEN ST,10002,5,UNKNOWN,Street,37.704537340473735,False,MANHATTAN,"(40.7210263, -73.9897342)",trafficstat,False,False,False,False,False,False,False,False,False,,,,,,,
2026-07-05,00:00,40.72032,-73.99404,DELANCEY ST,10002,5,UNKNOWN,Street,0.06672793223924746,False,MANHATTAN,"(40.72032, -73.99404)",trafficstat,False,False,False,False,False,False,False,False,False,,,,,,,
2026-07-05,00:00,40.7123091,-73.994362,MARKET ST,10002,5,OTHER,Street,0.278178949481122,False,MANHATTAN,"(40.7123091, -73.994362)",trafficstat,True,False,False,True,False,False,False,False,False,,,,,,,
2026-07-03,00:00,40.7120705,-73.9969483,CATHERINE ST,10038,5,OTHER,Street,0.5174297855433613,False,MANHATTAN,"(40.7120705, -73.9969483)",trafficstat,False,False,False,False,False,False,False,False,False,,,,,,,
2026-07-03,00:00,40.7194565,-73.9943975,BROOME ST,10002,5,OTHER,Street,1.4049915481889272,False,MANHATTAN,"(40.7194565, -73.9943975)",trafficstat,True,False,True,False,False,False,False,False,False,,,,,,,
2026-07-02,00:00,40.7121063,-73.9954385,MADISON ST,10002,5,UNKNOWN,Street,40.43977500604517,False,MANHATTAN,"(40.7121063, -73.9954385)",trafficstat,False,False,False,False,False,False,False,False,False,,,,,,,
2026-07-01,00:00,40.7165456,-73.9990501,MULBERRY ST,10013,5,OTHER,Street,28.027251072478904,False,MANHATTAN,"(40.7165456, -73.9990501)",trafficstat,False,False,False,False,False,False,False,False,False,,,,,,,
2026-06-29,00:00,40.7123424,-73.9951091,MADISON ST,10002,5,UNKNOWN,Street,34.06239322729371,False,MANHATTAN,"(40.7123424, -73.9951091)",trafficstat,False,False,False,False,False,False,False,False,False,,,,,,,
2026-06-29,00:00,40.71883,-73.9936747,CHRYSTIE ST,10002,5,OTHER,Street,48.7161910945959,False,MANHATTAN,"(40.71883, -73.9936747)",trafficstat,True,False,False,True,False,False,False,False,False,,,,,,,
2026-06-28,00:00,40.7160694,-73.9983374,MOTT ST,10013,5,UNKNOWN,Street,27.307754079230016,False,MANHATTAN,"(40.7160694, -73.9983374)",trafficstat,False,False,False,False,False,False,False,False,False,,,,,,,
2026-06-26,00:00,40.7209386,-73.9937949,SPRING ST,10002,5,UNKNOWN,Street,2.1156696523784273,False,MANHATTAN,"(40.7209386, -73.9937949)",trafficstat,True,False,True,False,False,False,False,False,False,,,,,,,
2026-06-25,00:00,40.7190476,-73.996479,MOTT ST,10013,5,OTHER,Street,1.1165821681174422,False,MANHATTAN,"(40.7190476, -73.996479)",trafficstat,True,False,False,True,False,False,False,False,False,,,,,,,
2026-06-24,00:00,40.7179025,-74.0026047,WHITE ST,10013,5,OTHER,Street,26.102600338976444,False,MANHATTAN,"(40.7179025, -74.0026047)",trafficstat,True,False,True,False,False,False,False,False,False,,,,,,,
2026-06-24,00:00,40.7097731,-73.9962162,WATER ST,10038,5,UNKNOWN,Street,2.8568122940265557,False,MANHATTAN,"(40.7097731, -73.9962162)",trafficstat,False,False,False,False,False,False,False,False,False,,,,,,,
2026-06-23,00:00,40.7154869,-73.9983355,BAYARD ST,10013,5,UNKNOWN,Street,32.28817412304225,False,MANHATTAN,"(40.7154869, -73.9983355)",trafficstat,False,False,False,False,False,False,False,False,False,,,,,,,
2026-06-23,00:00,40.7189382,-74.0020737,BROADWAY,10013,5,OTHER,Street,48.60212919564221,False,MANHATTAN,"(40.7189382, -74.0020737)",trafficstat,True,False,True,False,False,False,False,False,False,,,,,,,
2026-06-23,00:00,40.722491,-73.9905977,FORSYTH ST,10002,5,UNKNOWN,Street,41.99100382782011,False,MANHATTAN,"(40.722491, -73.9905977)",trafficstat,False,False,False,False,False,False,False,False,False,,,,,,,
2026-06-22,00:00,40.7179221,-73.9930953,FORSYTH ST,10002,5,UNKNOWN,Street,1.2282066212310594,False,MANHATTAN,"(40.7179221, -73.9930953)",trafficstat,False,False,False,False,False,False,False,False,False,,,,,,,
2026-06-22,00:00,40.7136861,-74.0012206,CARDINAL HAYES PL,10007,5,UNKNOWN,Street,43.9746610682594,False,MANHATTAN,"(40.7136861, -74.0012206)",trafficstat,False,False,False,False,False,False,False,False,False,,,,,,,
2026-06-22,00:00,40.7229337,-73.9886393,ALLEN ST,10002,5,UNKNOWN,Street,0.8345650439366528,False,MANHATTAN,"(40.7229337, -73.9886393)",trafficstat,True,False,True,False,False,False,False,False,False,,,,,,,
2026-06-14,00:00,40.7229337,-73.9886393,ALLEN ST,10002,5,UNKNOWN,Street,0.8345650439366528,False,MANHATTAN,"(40.7229337, -73.9886393)",trafficstat,True,False,False,True,False,False,False,False,False,,,,,,,
2026-06-20,00:00,40.7212715,-73.9938985,BOWERY,10012,5,UNKNOWN,Street,41.129119436897916,False,MANHATTAN,"(40.7212715, -73.9938985)",trafficstat,True,False,True,False,False,False,False,False,False,,,,,,,
2026-06-19,00:00,40.7178339,-73.9994255,CANAL ST,10013,5,UNKNOWN,Street,51.258076854587564,False,MANHATTAN,"(40.7178339, -73.9994255)",trafficstat,True,False,False,False,False,False,False,False,True,,,,,,,
2026-06-18,00:00,40.7141646,-74.006309,BROADWAY,10007,5,OTHER,Street,2.3292286067255414,False,MANHATTAN,"(40.7141646, -74.006309)",trafficstat,False,False,False,False,False,False,False,False,False,,,,,,,
2026-06-18,00:00,40.7219516,-73.9962697,MULBERRY ST,10012,5,UNKNOWN,Street,0.8326563025799719,False,MANHATTAN,"(40.7219516, -73.9962697)",trafficstat,True,False,True,False,False,False,False,False,False,,,,,,,
2026-06-18,00:00,40.7252096,-73.9958474,CROSBY ST,10012,5,UNKNOWN,Street,1.0854971417558525,False,MANHATTAN,"(40.7252096, -73.9958474)",trafficstat,False,False,False,False,False,False,False,False,False,,,,,,,
2026-06-16,00:00,40.7197444,-73.9913523,DELANCEY ST,10002,5,OTHER,Street,47.49500287895601,False,MANHATTAN,"(40.7197444, -73.9913523)",trafficstat,False,False,False,False,False,False,False,False,False,,,,,,,
2026-06-15,00:00,40.7197501,-73.9921608,FORSYTH ST,10002,5,UNKNOWN,Street,1.1681330930225213,False,MANHATTAN,"(40.7197501, -73.9921608)",trafficstat,False,False,False,False,False,False,False,False,False,,,,,,,
2026-06-14,00:00,40.7173813,-73.9913025,GRAND ST,10002,5,UNKNOWN,Street,2.616643751239133,False,MANHATTAN,"(40.7173813, -73.9913025)",trafficstat,False,False,False,False,False,False,False,False,False,,,,,,,
2026-09-12,00:00,40.7320973,-74.0008916,AVE OF THE AMERICAS,10014,6,UNKNOWN,Street,52.08652592705584,False,MANHATTAN,"(40.7320973, -74.0008916)",trafficstat,False,False,False,False,False,False,False,False,False,,,,,,,
2026-09-11,00:00,40.7358454,-74.005961,HUDSON ST,10014,6,UNKNOWN,Street,0.46232926850573314,False,MANHATTAN,"(40.7358454, -74.005961)",trafficstat,True,False,False,True,False,False,False,False,False,,,,,,,
2026-09-10,00:00,40.7353072,-74.0101034,WEST ST,10014,6,UNKNOWN,Highway,26.93464255249962,False,MANHATTAN,"(40.7353072, -74.0101034)",trafficstat,True,False,False,True,False,False,False,False,False,,,,,,,
2026-06-12,00:00,40.7353072,-74.0101034,WEST ST,10014,6,OTHER,Highway,26.93464255249962,False,MANHATTAN,"(40.7353072, -74.0101034)",trafficstat,False,False,False,False,False,False,False,False,False,,,,,,,
2026-09-08,00:00,40.7254319,-73.9967709,BROADWAY,10012,6,UNKNOWN,Street,2.137067971920533,False,MANHATTAN,"(40.7254319, -73.9967709)",trafficstat,False,False,False,False,False,False,False,False,False,,,,,,,
2026-09-08,00:00,40.72881,-73.99506,MERCER ST,10012,6,UNKNOWN,Street,2.3409173987063796,False,MANHATTAN,"(40.72881, -73.99506)",trafficstat,True,False,False,True,False,False,False,False,False,,,,,,,
2026-09-07,00:00,40.7355598,-73.999014,W  11 ST,10011,6,OTHER,Street,48.19790731838072,False,MANHATTAN,"(40.7355598, -73.999014)",trafficstat,False,False,False,False,False,False,False,False,False,,,,,,,
2026-09-05,00:00,40.7372289,-74.0006459,7 AVE,10011,6,OTHER,Street,2.121109121946282,False,MANHATTAN,"(40.7372289, -74.0006459)",trafficstat,True,False,False,True,False,False,False,False,False,,,,,,,
2026-09-04,00:00,40.7290032,-74.0010849,BLEECKER ST,10012,6,OTHER,Street,36.59439320112635,False,MANHATTAN,"(40.7290032, -74.0010849)",trafficstat,False,False,False,False,False,False,False,False,False,,,,,,,
2026-09-03,00:00,40.7296534,-74.0022045,AVE OF THE AMERICAS,10014,6,UNKNOWN,Street,1.0937597423833345,False,MANHATTAN,"(40.7296534, -74.0022045)",trafficstat,False,False,False,False,False,False,False,False,False,,,,,,,
2026-07-21,00:00,40.7296534,-74.0022045,AVE OF THE AMERICAS,10014,6,UNKNOWN,Street,1.0937597423833345,False,MANHATTAN,"(40.7296534, -74.0022045)",trafficstat,True,False,False,True,False,False,False,False,False,,,,,,,
2026-06-20,00:00,40.7296534,-74.0022045,AVE OF THE AMERICAS,10014,6,UNKNOWN,Street,1.0937597423833345,False,MANHATTAN,"(40.7296534, -74.0022045)",trafficstat,False,False,False,False,False,False,False,False,False,,,,,,,
2026-09-03,00:00,40.7296863,-73.9986036,W  3 ST,10012,6,UNKNOWN,Street,1.7502909681435563,False,MANHATTAN,"(40.7296863, -73.9986036)",trafficstat,False,False,False,False,False,False,False,False,False,,,,,,,
2026-09-03,00:00,40.7341383,-73.9991845,AVE OF THE AMERICAS,10011,6,UNKNOWN,Street,2.154571774941338,False,MANHATTAN,"(40.7341383, -73.9991845)",trafficstat,False,False,False,False,False,False,False,False,False,,,,,,,
2026-07-09,00:00,40.7341383,-73.9991845,AVE OF THE AMERICAS,10011,6,UNKNOWN,Street,2.154571774941338,False,MANHATTAN,"(40.7341383, -73.9991845)",trafficstat,False,False,False,False,False,False,False,False,False,,,,,,,
2026-06-14,00:00,40.7341383,-73.9991845,AVE OF THE AMERICAS,10011,6,UNKNOWN,Street,2.154571774941338,False,MANHATTAN,"(40.7341383, -73.9991845)",trafficstat,True,False,False,True,False,False,False,False,False,,,,,,,
2026-09-02,00:00,40.7301556,-73.9960635,WASHINGTON SQ E,10011,6,UNKNOWN,Street,1.7767823496076292,False,MANHATTAN,"(40.7301556, -73.9960635)",trafficstat,False,False,False,False,False,False,False,False,False,,,,,,,
2026-09-02,00:00,40.7286048,-74.0053145,VARICK ST,10014,6,UNKNOWN,Street,0.4770068250933282,False,MANHATTAN,"(40.7286048, -74.0053145)",trafficstat,False,False,False,False,False,False,False,False,False,,,,,,,
2026-07-27,00:00,40.7286048,-74.0053145,VARICK ST,10014,6,UNKNOWN,Street,0.4770068250933282,False,MANHATTAN,"(40.7286048, -74.0053145)",trafficstat,False,False,False,False,False,False,False,False,False,,,,,,,
2026-09-02,00:00,40.7399317,-74.0058393,9 AVE,10014,6,OTHER,Street,66.96605202407888,False,MANHATTAN,"(40.7399317, -74.0058393)",trafficstat,True,False,False,True,False,False,False,False,False,,,,,,,
2026-09-01,00:00,40.742375,-74.0087909,W  14 ST,10014,6,OTHER,Street,2.9380613077067346,False,MANHATTAN,"(40.742375, -74.0087909)",trafficstat,False,False,False,False,False,False,False,False,False,,,,,,,
2026-08-19,00:00,40.742375,-74.0087909,W  14 ST,10014,6,UNKNOWN,Street,2.9380613077067346,False,MANHATTAN,"(40.742375, -74.0087909)",trafficstat,True,False,False,False,False,False,False,True,True,,,,,,,