crash_date,crash_time,latitude,longitude,on_street_name,zip_code,precinct,collision_type,roadway_type,geocode_dist_feet,time_is_known,borough,location,source,injury,fatality,injured_pedestrian,injured_cyclist,injured_ebike_rider,injured_motorcyclist,injured_moped_rider,injured_car_occupant,injured_suv_occupant,number_of_persons_injured,number_of_persons_killed,contributing_factor_vehicle_1,collision_id,cross_street_name,off_street_name,vehicle_type_code1
2026-08-06,00:00,40.742375,-74.0087909,W  14 ST,10014,6,UNKNOWN,Street,2.9380613077067346,False,MANHATTAN,"(40.742375, -74.0087909)",trafficstat,False,False,False,False,False,False,False,False,False,,,,,,,
2026-08-31,00:00,40.735214,-73.9917152,UNIVERSITY PL,10003,6,UNKNOWN,Street,2.075789906121117,False,MANHATTAN,"(40.735214, -73.9917152)",trafficstat,True,False,True,False,False,False,False,False,False,,,,,,,
2026-08-31,00:00,40.7348494,-73.9994065,W  10 ST,10011,6,UNKNOWN,Street,26.896600659751705,False,MANHATTAN,"(40.7348494, -73.9994065)",trafficstat,True,False,False,True,False,False,False,False,False,,,,,,,
2026-08-29,00:00,40.7285592,-73.9951378,MERCER ST,10012,6,OTHER,Street,34.37799727393709,False,MANHATTAN,"(40.7285592, -73.9951378)",trafficstat,True,False,True,False,False,False,False,False,False,,,,,,,
2026-08-28,00:00,40.7298258,-74.0106004,CLARKSON ST,10014,6,UNKNOWN,Street,3.1665744999637218,False,MANHATTAN,"(40.7298258, -74.0106004)",trafficstat,True,False,False,True,False,False,False,False,False,,,,,,,
2026-08-28,00:00,40.732384,-74.0103519,WEST ST,10014,6,OTHER,Highway,27.480524118879654,False,MANHATTAN,"(40.732384, -74.0103519)",trafficstat,True,False,False,False,False,False,True,False,False,,,,,,,
2026-08-28,00:00,40.73043,-74.00012,W  3 ST,10012,6,OTHER,Street,2.3319795782266084,False,MANHATTAN,"(40.73043, -74.00012)",trafficstat,False,False,False,False,False,False,False,False,False,,,,,,,
2026-08-27,00:00,40.7311273,-74.0042251,7 AVE S,10014,6,UNKNOWN,Street,1.1707905238421372,False,MANHATTAN,"(40.7311273, -74.0042251)",trafficstat,True,False,False,False,True,False,False,False,False,,,,,,,
2026-08-26,00:00,40.730303,-74.0003563,MAC DOUGAL ST,10012,6,UNKNOWN,Street,27.130536508937755,False,MANHATTAN,"(40.730303, -74.0003563)",trafficstat,False,False,False,False,False,False,False,False,False,,,,,,,
2026-08-25,00:00,40.7296967,-74.0040573,CARMINE ST,10014,6,UNKNOWN,Street,44.824735384614975,False,MANHATTAN,"(40.7296967, -74.0040573)",trafficstat,False,False,False,False,False,False,False,False,False,,,,,,,
2026-08-25,00:00,40.7312998,-74.01046,WEST ST,10014,6,UNKNOWN,Highway,27.147795192230944,False,MANHATTAN,"(40.7312998, -74.01046)",trafficstat,True,False,False,False,False,True,False,False,False,,,,,,,
2026-08-24,00:00,40.7367769,-73.999347,W  12 ST,10011,6,OTHER,Street,27.485723760727133,False,MANHATTAN,"(40.7367769, -73.999347)",trafficstat,True,False,False,True,False,False,False,False,False,,,,,,,
2026-08-23,00:00,40.7323158,-74.0005123,AVE OF THE AMERICAS,10014,6,OTHER,Street,1.272437730931809,False,MANHATTAN,"(40.7323158, -74.0005123)",trafficstat,True,True,True,False,False,False,False,False,False,,,,,,,
2026-08-23,00:00,40.7348793,-73.9913532,E  14 ST,10003,6,UNKNOWN,Street,65.1959544621875,False,MANHATTAN,"(40.7348793, -73.9913532)",trafficstat,False,False,False,False,False,False,False,False,False,,,,,,,
2026-07-15,00:00,40.7348793,-73.9913532,E  14 ST,10003,6,OTHER,Street,65.1959544621875,False,MANHATTAN,"(40.7348793, -73.9913532)",trafficstat,True,False,False,False,True,False,False,False,False,,,,,,,
2026-08-21,00:00,40.7340941,-74.0084903,WASHINGTON ST,10014,6,UNKNOWN,Street,0.9474801785816774,False,MANHATTAN,"(40.7340941, -74.0084903)",trafficstat,True,False,False,False,False,True,False,False,False,,,,,,,
2026-07-29,00:00,40.7340941,-74.0084903,WASHINGTON ST,10014,6,UNKNOWN,Street,0.9474801785816774,False,MANHATTAN,"(40.7340941, -74.0084903)",trafficstat,True,False,True,False,False,False,False,False,False,,,,,,,
2026-08-20,00:00,40.7326833,-74.0000115,AVE OF THE AMERICAS,10014,6,OTHER,Street,58.07534134490353,False,MANHATTAN,"(40.7326833, -74.0000115)",trafficstat,False,False,False,False,False,False,False,False,False,,,,,,,
2026-08-16,00:00,40.7301581,-73.9928636,BROADWAY,10003,6,OTHER,Street,18.99700642392001,False,MANHATTAN,"(40.7301581, -73.9928636)",trafficstat,True,False,True,False,False,False,False,False,False,,,,,,,
2026-08-14,00:00,40.7385519,-73.9996824,7 AVE,10011,6,UNKNOWN,Street,2.3119264759862066,False,MANHATTAN,"(40.7385519, -73.9996824)",trafficstat,False,False,False,False,False,False,False,False,False,,,,,,,
2026-08-14,00:00,40.7295376,-74.0038736,BEDFORD ST,10014,6,UNKNOWN,Street,27.29079533915773,False,MANHATTAN,"(40.7295376, -74.0038736)",trafficstat,False,False,False,False,False,False,False,False,False,,,,,,,
2026-08-14,00:00,40.7269334,-73.999917,W  BROADWAY,10012,6,UNKNOWN,Street,1.9043393149077548,False,MANHATTAN,"(40.7269334, -73.999917)",trafficstat,True,False,False,False,False,False,False,True,False,,,,,,,
2026-08-13,00:00,40.7336333,-74.0027855,W  4 ST,10014,6,OTHER,Street,0.9148921090438872,False,MANHATTAN,"(40.7336333, -74.0027855)",trafficstat,False,False,False,False,False,False,False,False,False,,,,,,,
2026-08-12,00:00,40.7291122,-74.0106725,W  HOUSTON ST,10014,6,UNKNOWN,Street,3.15727852807532,False,MANHATTAN,"(40.7291122, -74.0106725)",trafficstat,False,False,False,False,False,False,False,False,False,,,,,,,
2026-07-31,00:00,40.7291122,-74.0106725,W  HOUSTON ST,10014,6,UNKNOWN,Street,3.15727852807532,False,MANHATTAN,"(40.7291122, -74.0106725)",trafficstat,True,False,False,False,False,False,False,True,False,,,,,,,
2026-07-13,00:00,40.7291122,-74.0106725,W  HOUSTON ST,10014,6,UNKNOWN,Street,3.15727852807532,False,MANHATTAN,"(40.7291122, -74.0106725)",trafficstat,False,False,False,False,False,False,False,False,False,,,,,,,
2026-08-07,00:00,40.7293432,-74.0036549,BEDFORD ST,10014,6,UNKNOWN,Street,0.5482965596552473,False,MANHATTAN,"(40.7293432, -74.0036549)",trafficstat,False,False,False,False,False,False,False,False,False,,,,,,,
2026-08-07,00:00,40.7375661,-74.0099197,WEST ST,10014,6,UNKNOWN,Highway,26.895239703199547,False,MANHATTAN,"(40.7375661, -74.0099197)",trafficstat,False,False,False,False,False,False,False,False,False,,,,,,,
2026-08-07,00:00,40.7337429,-74.0062928,HUDSON ST,10014,6,UNKNOWN,Street,1.0877937795963708,False,MANHATTAN,"(40.7337429, -74.0062928)",trafficstat,True,False,False,False,False,False,False,True,False,,,,,,,
2026-08-06,00:00,40.7290977,-74.0021969,AVE OF THE AMERICAS,10014,6,UNKNOWN,Street,75.03862105835299,False,MANHATTAN,"(40.7290977, -74.0021969)",trafficstat,False,False,False,False,False,False,False,False,False,,,,,,,
2026-08-05,00:00,40.728424,-73.99968,THOMPSON ST,10012,6,UNKNOWN,Street,1.0693628325410736,False,MANHATTAN,"(40.728424, -73.99968)",trafficstat,False,False,False,False,False,False,False,False,False,,,,,,,
2026-08-05,00:00,40.7287825,-74.0001761,BLEECKER ST,10012,6,UNKNOWN,Street,32.87772507443791,False,MANHATTAN,"(40.7287825, -74.0001761)",trafficstat,True,False,False,False,False,False,False,False,False,,,,,,,
2026-08-05,00:00,40.7334356,-73.9954896,5 AVE,10011,6,UNKNOWN,Street,1.9546970180157237,False,MANHATTAN,"(40.7334356, -73.9954896)",trafficstat,False,False,False,False,False,False,False,False,False,,,,,,,
2026-08-04,00:00,40.732677,-74.0004729,AVE OF THE AMERICAS,10014,6,UNKNOWN,Street,52.76680486703509,False,MANHATTAN,"(40.732677, -74.0004729)",trafficstat,True,False,False,False,False,False,False,False,True,,,,,,,
2026-08-04,00:00,40.729494,-74.0069743,HUDSON ST,10014,6,UNKNOWN,Street,0.4092947789878907,False,MANHATTAN,"(40.729494, -74.0069743)",trafficstat,False,False,False,False,False,False,False,False,False,,,,,,,
2026-08-04,00:00,40.7378657,-74.000184,7 AVE,10011,6,UNKNOWN,Street,1.4179891852860012,False,MANHATTAN,"(40.7378657, -74.000184)",trafficstat,False,False,False,False,False,False,False,False,False,,,,,,,
2026-08-03,00:00,40.7338222,-74.0102186,WEST ST,10014,6,UNKNOWN,Highway,30.101271172405895,False,MANHATTAN,"(40.7338222, -74.0102186)",trafficstat,True,False,True,False,False,False,False,False,False,,,,,,,
2026-06-29,00:00,40.7338222,-74.0102186,WEST ST,10014,6,UNKNOWN,Highway,30.101271172405895,False,MANHATTAN,"(40.7338222, -74.0102186)",trafficstat,True,False,False,False,False,False,False,True,False,,,,,,,
2026-08-03,00:00,40.7330983,-74.003691,GROVE ST,10014,6,UNKNOWN,Street,28.241151582790057,False,MANHATTAN,"(40.7330983, -74.003691)",trafficstat,False,False,False,False,False,False,False,False,False,,,,,,,
2026-08-02,00:00,40.7287789,-73.9992448,THOMPSON ST,10012,6,UNKNOWN,Street,32.22087967099822,False,MANHATTAN,"(40.7287789, -73.9992448)",trafficstat,False,False,False,False,False,False,False,False,False,,,,,,,
2026-08-01,00:00,40.7393751,-74.0080507,WASHINGTON ST,10014,6,UNKNOWN,Street,0.5450360974484013,False,MANHATTAN,"(40.7393751, -74.0080507)",trafficstat,False,False,False,False,False,False,False,False,False,,,,,,,
2026-07-09,00:00,40.7393751,-74.0080507,WASHINGTON ST,10014,6,UNKNOWN,Street,0.5450360974484013,False,MANHATTAN,"(40.7393751, -74.0080507)",trafficstat,True,False,False,True,False,False,False,False,False,,,,,,,
2026-07-31,00:00,40.7352811,-73.9957505,W  12 ST,10011,6,UNKNOWN,Street,34.29946403292698,False,MANHATTAN,"(40.7352811, -73.9957505)",trafficstat,False,False,False,False,False,False,False,False,False,,,,,,,
2026-07-31,00:00,40.7302269,-74.0068553,HUDSON ST,10014,6,OTHER,Street,1.194445803198819,False,MANHATTAN,"(40.7302269, -74.0068553)",trafficstat,True,False,True,False,False,False,False,False,False,,,,,,,
2026-07-31,00:00,40.7345704,-74.0063425,HUDSON ST,10014,6,UNKNOWN,Street,49.35376091468693,False,MANHATTAN,"(40.7345704, -74.0063425)",trafficstat,False,False,False,False,False,False,False,False,False,,,,,,,
2026-07-29,00:00,40.7310667,-74.0080064,GREENWICH ST,10014,6,UNKNOWN,Street,1.081932191389584,False,MANHATTAN,"(40.7310667, -74.0080064)",trafficstat,True,False,True,False,False,False,False,False,False,,,,,,,
2026-07-26,00:00,40.73697,-74.00995,WEST ST,10014,6,OTHER,Highway,28.88258159548369,False,MANHATTAN,"(40.73697, -74.00995)",trafficstat,True,False,True,False,False,False,False,False,False,,,,,,,
2026-07-25,00:00,40.7414692,-74.008733,10 AVE,10014,6,OTHER,Street,1.3512131508632328,False,MANHATTAN,"(40.7414692, -74.008733)",trafficstat,True,False,True,False,False,False,False,False,False,,,,,,,
2026-07-25,00:00,40.7317065,-74.0009561,AVE OF THE AMERICAS,10014,6,UNKNOWN,Street,1.272788247987001,False,MANHATTAN,"(40.7317065, -74.0009561)",trafficstat,False,False,False,False,False,False,False,False,False,,,,,,,
2026-07-23,00:00,40.7283935,-74.0031281,AVE OF THE AMERICAS,10014,6,UNKNOWN,Street,0.8550194537264869,False,MANHATTAN,"(40.7283935, -74.0031281)",trafficstat,True,False,False,True,False,False,False,False,False,,,,,,,
2026-07-23,00:00,40.7342936,-73.991043,BROADWAY,10003,6,UNKNOWN,Street,45.09996295126863,False,MANHATTAN,"(40.7342936, -73.991043)",trafficstat,False,False,False,False,False,False,False,False,False,,,,,,,
2026-07-22,00:00,40.7343387,-74.0023923,7 AVE S,10014,6,UNKNOWN,Street,1.3514704855381372,False,MANHATTAN,"(40.7343387, -74.0023923)",trafficstat,False,False,False,False,False,False,False,False,False,,,,,,,
2026-07-21,00:00,40.7324225,-74.0002012,AVE OF THE AMERICAS,10014,6,UNKNOWN,Street,57.96586991974325,False,MANHATTAN,"(40.7324225, -74.0002012)",trafficstat,True,False,False,False,False,False,False,False,True,,,,,,,
2026-07-20,00:00,40.7365592,-74.0010933,GREENWICH AVE,10014,6,UNKNOWN,Street,0.8832233174487106,False,MANHATTAN,"(40.7365592, -74.0010933)",trafficstat,False,False,False,False,False,False,False,False,False,,,,,,,
2026-07-07,00:00,40.7365592,-74.0010933,GREENWICH AVE,10014,6,UNKNOWN,Street,0.8832233174487106,False,MANHATTAN,"(40.7365592, -74.0010933)",trafficstat,True,False,True,False,False,False,False,False,False,,,,,,,
2026-07-19,00:00,40.7332473,-74.0062991,HUDSON ST,10014,6,OTHER,Street,21.704962121024778,False,MANHATTAN,"(40.7332473, -74.0062991)",trafficstat,True,False,False,False,False,False,False,True,False,,,,,,,
2026-07-19,00:00,40.7272105,-73.99527,BROADWAY,10012,6,UNKNOWN,Street,2.00211047813255,False,MANHATTAN,"(40.7272105, -73.99527)",trafficstat,True,False,False,False,False,True,False,False,False,,,,,,,
2026-07-17,00:00,40.7303231,-74.0024679,BLEECKER ST,10014,6,UNKNOWN,Street,0.7935720633786947,False,MANHATTAN,"(40.7303231, -74.0024679)",trafficstat,True,False,True,False,False,False,False,False,False,,,,,,,
2026-06-28,00:00,40.7303231,-74.0024679,BLEECKER ST,10014,6,UNKNOWN,Street,0.7935720633786947,False,MANHATTAN,"(40.7303231, -74.0024679)",trafficstat,True,False,False,True,False,False,False,False,False,,,,,,,
2026-07-17,00:00,40.735313,-73.9941183,5 AVE,10011,6,UNKNOWN,Street,1.7731845524873844,False,MANHATTAN,"(40.735313, -73.9941183)",trafficstat,True,False,False,True,False,False,False,False,False,,,,,,,
2026-07-17,00:00,40.7368775,-74.0055353,HUDSON ST,10014,6,OTHER,Street,1.9297500923672284,False,MANHATTAN,"(40.7368775, -74.0055353)",trafficstat,True,False,False,False,False,False,False,False,False,,,,,,,
2026-07-15,00:00,40.7273898,-74.0004064,THOMPSON ST,10012,6,OTHER,Street,34.44005585409965,False,MANHATTAN,"(40.7273898, -74.0004064)",trafficstat,True,False,False,True,False,False,False,False,False,,,,,,,
2026-07-14,00:00,40.73251,-73.9935442,E  10 ST,10003,6,OTHER,Street,36.566254197287535,False,MANHATTAN,"(40.73251, -73.9935442)",trafficstat,False,False,False,False,False,False,False,False,False,,,,,,,
2026-07-12,00:00,40.7357554,-74.007253,W  11 ST,10014,6,UNKNOWN,Street,31.130468398689718,False,MANHATTAN,"(40.7357554, -74.007253)",trafficstat,True,False,False,True,False,False,False,False,False,,,,,,,
2026-07-11,00:00,40.7343276,-74.0047856,BLEECKER ST,10014,6,UNKNOWN,Street,36.40820190093545,False,MANHATTAN,"(40.7343276, -74.0047856)",trafficstat,False,False,False,False,False,False,False,False,False,,,,,,,
2026-07-10,00:00,40.728065,-73.998955,LA GUARDIA PL,10012,6,UNKNOWN,Street,2.4714673468857273,False,MANHATTAN,"(40.728065, -73.998955)",trafficstat,True,False,True,False,False,False,False,False,False,,,,,,,
2026-07-06,00:00,40.7287266,-74.005089,W  HOUSTON ST,10014,6,UNKNOWN,Street,49.02705614508827,False,MANHATTAN,"(40.7287266, -74.005089)",trafficstat,False,False,False,False,False,False,False,False,False,,,,,,,
2026-07-06,00:00,40.734594,-74.0057526,CHARLES ST,10014,6,OTHER,Street,28.75036053514414,False,MANHATTAN,"(40.734594, -74.0057526)",trafficstat,False,False,False,False,False,False,False,False,False,,,,,,,
2026-07-03,00:00,40.7316706,-74.0066245,HUDSON ST,10014,6,OTHER,Street,0.5431280502090059,False,MANHATTAN,"(40.7316706, -74.0066245)",trafficstat,False,False,False,False,False,False,False,False,False,,,,,,,
2026-07-02,00:00,40.7287784,-74.0050825,DOWNING ST,10014,6,UNKNOWN,Street,40.0292848281079,False,MANHATTAN,"(40.7287784, -74.0050825)",trafficstat,False,False,False,False,False,False,False,False,False,,,,,,,
2026-07-02,00:00,40.7368826,-74.0000924,W  12 ST,10011,6,UNKNOWN,Street,38.716672196873716,False,MANHATTAN,"(40.7368826, -74.0000924)",trafficstat,False,False,False,False,False,False,False,False,False,,,,,,,
2026-06-30,00:00,40.7329252,-74.0000685,AVE OF THE AMERICAS,10014,6,UNKNOWN,Street,1.6545854465828918,False,MANHATTAN,"(40.7329252, -74.0000685)",trafficstat,True,False,False,True,False,False,False,False,False,,,,,,,
2026-06-30,00:00,40.7316089,-74.0031192,BLEECKER ST,10014,6,UNKNOWN,Street,25.27651831722546,False,MANHATTAN,"(40.7316089, -74.0031192)",trafficstat,False,False,False,False,False,False,False,False,False,,,,,,,
2026-06-29,00:00,40.7328336,-74.0099391,WEEHAWKEN ST,10014,6,UNKNOWN,Street,28.47945031775702,False,MANHATTAN,"(40.7328336, -74.0099391)",trafficstat,False,False,False,False,False,False,False,False,False,,,,,,,
2026-06-29,00:00,40.7297094,-73.9988581,W  3 ST,10012,6,OTHER,Street,32.94488102202741,False,MANHATTAN,"(40.7297094, -73.9988581)",trafficstat,True,False,False,True,False,False,False,False,False,,,,,,,
2026-06-29,00:00,40.7397363,-74.0044604,W  13 ST,10014,6,OTHER,Street,18.443832315062647,False,MANHATTAN,"(40.7397363, -74.0044604)",trafficstat,False,False,False,False,False,False,False,False,False,,,,,,,
2026-06-28,00:00,40.7344401,-74.006181,HUDSON ST,10014,6,OTHER,Street,0.9002810906993948,False,MANHATTAN,"(40.7344401, -74.006181)",trafficstat,False,False,False,False,False,False,False,False,False,,,,,,,
2026-06-27,00:00,40.731155,-74.00893,WASHINGTON ST,10014,6,UNKNOWN,Street,0.3872709335432651,False,MANHATTAN,"(40.731155, -74.00893)",trafficstat,True,False,False,False,False,False,False,True,False,,,,,,,
2026-06-27,00:00,40.7280669,-73.9989536,LA GUARDIA PL,10012,6,UNKNOWN,Street,2.4222748602033928,False,MANHATTAN,"(40.7280669, -73.9989536)",trafficstat,False,False,False,False,False,False,False,False,False,,,,,,,
2026-06-26,00:00,40.7375472,-74.0048281,8 AVE,10014,6,OTHER,Street,2.5421844201223407,False,MANHATTAN,"(40.7375472, -74.0048281)",trafficstat,True,False,True,False,False,False,False,False,False,,,,,,,
2026-06-21,00:00,40.7332161,-74.0030309,7 AVE S,10014,6,UNKNOWN,Street,1.6814177854271808,False,MANHATTAN,"(40.7332161, -74.0030309)",trafficstat,False,False,False,False,False,False,False,False,False,,,,,,,
2026-06-20,00:00,40.7330906,-74.0102125,WEST ST,10014,6,UNKNOWN,Highway,11.216542849284274,False,MANHATTAN,"(40.7330906, -74.0102125)",trafficstat,False,False,False,False,False,False,False,False,False,,,,,,,
2026-06-19,00:00,40.7350688,-74.0019701,7 AVE S,10014,6,UNKNOWN,Street,2.0094211000040874,False,MANHATTAN,"(40.7350688, -74.0019701)",trafficstat,False,False,False,False,False,False,False,False,False,,,,,,,
2026-06-16,00:00,40.7329676,-73.9957413,5 AVE,10011,6,UNKNOWN,Street,22.735536930533012,False,MANHATTAN,"(40.7329676, -73.9957413)",trafficstat,False,False,False,False,False,False,False,False,False,,,,,,,
2026-06-15,00:00,40.7326158,-74.0046174,GROVE ST,10014,6,UNKNOWN,Street,35.84502905731696,False,MANHATTAN,"(40.7326158, -74.0046174)",trafficstat,False,False,False,False,False,False,False,False,False,,,,,,,
2026-06-15,00:00,40.737553,-74.005684,HUDSON ST,10014,6,UNKNOWN,Street,1.6271673256266472,False,MANHATTAN,"(40.737553, -74.005684)",trafficstat,False,False,False,False,False,False,False,False,False,,,,,,,
2026-06-14,00:00,40.7305544,-74.0037418,LEROY ST,10014,6,OTHER,Street,26.06766519594626,False,MANHATTAN,"(40.7305544, -74.0037418)",trafficstat,False,False,False,False,False,False,False,False,False,,,,,,,
2026-06-14,00:00,40.7309379,-74.0042506,7 AVE S,10014,6,UNKNOWN,Street,22.51009620498372,False,MANHATTAN,"(40.7309379, -74.0042506)",trafficstat,False,False,False,False,False,False,False,False,False,,,,,,,
2026-06-13,00:00,40.7310642,-74.0014107,AVE OF THE AMERICAS,10014,6,UNKNOWN,Street,2.104230947519947,False,MANHATTAN,"(40.7310642, -74.0014107)",trafficstat,False,False,False,False,False,False,False,False,False,,,,,,,
2026-06-13,00:00,40.7323542,-74.0035216,7 AVE S,10014,6,UNKNOWN,Street,1.4725004598128695,False,MANHATTAN,"(40.7323542, -74.0035216)",trafficstat,True,False,False,True,False,False,False,False,False,,,,,,,
2026-06-13,00:00,40.7398531,-74.0063923,9 AVE,10014,6,UNKNOWN,Street,52.31569648341849,False,MANHATTAN,"(40.7398531, -74.0063923)",trafficstat,True,False,True,False,False,False,False,False,False,,,,,,,
2026-09-13,00:00,40.720982,-73.9869513,ESSEX ST,10002,7,OTHER,Street,1.1488396888693833,False,MANHATTAN,"(40.720982, -73.9869513)",trafficstat,True,False,False,False,False,False,False,False,False,,,,,,,
2026-09-11,00:00,40.7109047,-73.9827121,FRANKLIN D ROOSEVELT DR,10002,7,UNKNOWN,Street,17.832380985657483,False,MANHATTAN,"(40.7109047, -73.9827121)",trafficstat,False,False,False,False,False,False,False,False,False,,,,,,,
2026-09-11,00:00,40.7165434,-73.9856268,BROOME ST,10002,7,UNKNOWN,Street,63.685154781532084,False,MANHATTAN,"(40.7165434, -73.9856268)",trafficstat,False,False,False,False,False,False,False,False,False,,,,,,,
2026-09-10,00:00,40.7147012,-73.9758123,WILLIAMSBURG BRIDGE BIKE PATH,10002,7,UNKNOWN,Bridge,19.020080949493387,False,MANHATTAN,"(40.7147012, -73.9758123)",trafficstat,False,False,False,False,False,False,False,False,False,,,,,,,
2026-08-04,00:00,40.7147012,-73.9758123,WILLIAMSBURG BRIDGE BIKE PATH,10002,7,UNKNOWN,Bridge,19.020080949493387,False,MANHATTAN,"(40.7147012, -73.9758123)",trafficstat,True,False,False,True,False,False,False,False,False,,,,,,,
2026-09-09,00:00,40.7183032,-73.9873955,NORFOLK ST,10002,7,UNKNOWN,Street,0.9261433024432535,False,MANHATTAN,"(40.7183032, -73.9873955)",trafficstat,True,False,False,False,False,False,False,True,False,,,,,,,
2026-09-08,00:00,40.7191399,-73.9793708,COLUMBIA ST,10002,7,OTHER,Street,50.83168016994759,False,MANHATTAN,"(40.7191399, -73.9793708)",trafficstat,True,False,False,False,True,False,False,False,False,,,,,,,
2026-09-06,00:00,40.7191331,-73.9763565,BARUCH PL,10002,7,UNKNOWN,Street,1.0763828033765246,False,MANHATTAN,"(40.7191331, -73.9763565)",trafficstat,True,False,False,False,False,False,False,False,False,,,,,,,
2026-09-05,00:00,40.7199797,-73.9836434,ATTORNEY ST,10002,7,OTHER,Street,0.8169120115762369,False,MANHATTAN,"(40.7199797, -73.9836434)",trafficstat,False,False,False,False,False,False,False,False,False,,,,,,,
2026-09-04,00:00,40.7187946,-73.9890116,LUDLOW ST,10002,7,UNKNOWN,Street,1.4403028204820327,False,MANHATTAN,"(40.7187946, -73.9890116)",trafficstat,False,False,False,False,False,False,False,False,False,,,,,,,
2026-07-28,00:00,40.7187946,-73.9890116,LUDLOW ST,10002,7,UNKNOWN,Street,1.4403028204820327,False,MANHATTAN,"(40.7187946, -73.9890116)",trafficstat,False,False,False,False,False,False,False,False,False,,,,,,,
2026-07-24,00:00,40.7187946,-73.9890116,LUDLOW ST,10002,7,UNKNOWN,Street,1.4403028204820327,False,MANHATTAN,"(40.7187946, -73.9890116)",trafficstat,True,False,False,False,False,False,False,False,True,,,,,,,
2026-06-14,00:00,40.7187946,-73.9890116,LUDLOW ST,10002,7,OTHER,Street,1.4403028204820327,False,MANHATTAN,"(40.7187946, -73.9890116)",trafficstat,False,False,False,False,False,False,False,False,False,,,,,,,
2026-09-04,00:00,40.7101828,-73.9860536,FRANKLIN D ROOSEVELT DR,10002,7,OTHER,Highway,67.69892389276252,False,MANHATTAN,"(40.7101828, -73.9860536)",trafficstat,True,False,True,False,False,False,False,False,False,,,,,,,
2026-09-03,00:00,40.7101828,-73.9860536,FRANKLIN D ROOSEVELT DR,10002,7,UNKNOWN,Highway,67.69892389276252,False,MANHATTAN,"(40.7101828, -73.9860536)",trafficstat,False,False,False,False,False,False,False,False,False,,,,,,,
2026-09-03,00:00,40.7159902,-73.9757855,FRANKLIN D ROOSEVELT DR,10002,7,UNKNOWN,Highway,7.496833469059412,False,MANHATTAN,"(40.7159902, -73.9757855)",trafficstat,True,False,False,False,False,False,False,True,False,,,,,,,
2026-08-25,00:00,40.7159902,-73.9757855,FRANKLIN D ROOSEVELT DR,10002,7,UNKNOWN,Highway,7.496833469059412,False,MANHATTAN,"(40.7159902, -73.9757855)",trafficstat,True,False,False,False,False,False,False,False,True,,,,,,,
2026-09-02,00:00,40.7219136,-73.9866357,ESSEX ST,10002,7,UNKNOWN,Street,44.03135756636069,False,MANHATTAN,"(40.7219136, -73.9866357)",trafficstat,False,False,False,False,False,False,False,False,False,,,,,,,
2026-08-31,00:00,40.7177238,-73.9857651,WILLIAMSBURG BR BIKE AND PED PATH,10002,7,OTHER,Bridge,2.4395432126270435,False,MANHATTAN,"(40.7177238, -73.9857651)",trafficstat,False,False,False,False,False,False,False,False,False,,,,,,,
2026-08-28,00:00,40.7177238,-73.9857651,WILLIAMSBURG BR BIKE AND PED PATH,10002,7,UNKNOWN,Bridge,2.4395432126270435,False,MANHATTAN,"(40.7177238, -73.9857651)",trafficstat,False,False,False,False,False,False,False,False,False,,,,,,,
2026-08-14,00:00,40.7177238,-73.9857651,WILLIAMSBURG BR BIKE AND PED PATH,10002,7,UNKNOWN,Bridge,2.4395432126270435,False,MANHATTAN,"(40.7177238, -73.9857651)",trafficstat,True,False,False,True,False,False,False,False,False,,,,,,,
2026-07-30,00:00,40.7177238,-73.9857651,WILLIAMSBURG BR BIKE AND PED PATH,10002,7,OTHER,Bridge,2.4395432126270435,False,MANHATTAN,"(40.7177238, -73.9857651)",trafficstat,True,False,False,False,False,False,False,False,False,,,,,,,
2026-06-15,00:00,40.7177238,-73.9857651,WILLIAMSBURG BR BIKE AND PED PATH,10002,7,UNKNOWN,Bridge,2.4395432126270435,False,MANHATTAN,"(40.7177238, -73.9857651)",trafficstat,False,False,False,False,False,False,False,False,False,,,,,,,
2026-08-31,00:00,40.7107241,-73.9815406,FRANKLIN D ROOSEVELT DR,10002,7,UNKNOWN,Highway,5.76671768138926,False,MANHATTAN,"(40.7107241, -73.9815406)",trafficstat,False,False,False,False,False,False,False,False,False,,,,,,,
2026-08-01,00:00,40.7107241,-73.9815406,FRANKLIN D ROOSEVELT DR,10002,7,UNKNOWN,Highway,5.76671768138926,False,MANHATTAN,"(40.7107241, -73.9815406)",trafficstat,False,False,False,False,False,False,False,False,False,,,,,,,
2026-08-30,00:00,40.7180039,-73.9865839,WILLIAMSBURG BR BIKE AND PED PATH,10002,7,UNKNOWN,Bridge,2.0567404774619185,False,MANHATTAN,"(40.7180039, -73.9865839)",trafficstat,True,False,False,True,False,False,False,False,False,,,,,,,
2026-07-07,00:00,40.7180039,-73.9865839,WILLIAMSBURG BR BIKE AND PED PATH,10002,7,UNKNOWN,Bridge,2.0567404774619185,False,MANHATTAN,"(40.7180039, -73.9865839)",trafficstat,False,False,False,False,False,False,False,False,False,,,,,,,
2026-08-30,00:00,40.7192903,-73.9898964,DELANCEY ST,10002,7,UNKNOWN,Street,45.94289235425175,False,MANHATTAN,"(40.7192903, -73.9898964)",trafficstat,False,False,False,False,False,False,False,False,False,,,,,,,
2026-08-29,00:00,40.7205654,-73.9888713,ORCHARD ST,10002,7,UNKNOWN,Street,29.86016003759704,False,MANHATTAN,"(40.7205654, -73.9888713)",trafficstat,False,False,False,False,False,False,False,False,False,,,,,,,