crash_date,crash_time,latitude,longitude,on_street_name,zip_code,precinct,collision_type,roadway_type,geocode_dist_feet,time_is_known,borough,location,source,injury,fatality,injured_pedestrian,injured_cyclist,injured_ebike_rider,injured_motorcyclist,injured_moped_rider,injured_car_occupant,injured_suv_occupant,number_of_persons_injured,number_of_persons_killed,contributing_factor_vehicle_1,collision_id,cross_street_name,off_street_name,vehicle_type_code1
2026-08-28,00:00,40.7196305,-73.9884691,LUDLOW ST,10002,7,OTHER,Street,30.787180436029885,False,MANHATTAN,"(40.7196305, -73.9884691)",trafficstat,False,False,False,False,False,False,False,False,False,,,,,,,
2026-08-27,00:00,40.7169248,-73.9832149,PITT ST,10002,7,UNKNOWN,Street,0.9320894018663504,False,MANHATTAN,"(40.7169248, -73.9832149)",trafficstat,False,False,False,False,False,False,False,False,False,,,,,,,
2026-08-26,00:00,40.7214729,-73.9838234,CLINTON ST,10002,7,UNKNOWN,Street,1.5691869316640898,False,MANHATTAN,"(40.7214729, -73.9838234)",trafficstat,True,False,True,False,False,False,False,False,False,,,,,,,
2026-08-25,00:00,40.719832,-73.9875432,ESSEX ST,10002,7,UNKNOWN,Street,1.1599454793536974,False,MANHATTAN,"(40.719832, -73.9875432)",trafficstat,True,False,False,False,False,False,False,True,False,,,,,,,
2026-08-25,00:00,40.71088,-73.9910586,CHERRY ST,10002,7,OTHER,Street,62.43588250602432,False,MANHATTAN,"(40.71088, -73.9910586)",trafficstat,False,False,False,False,False,False,False,False,False,,,,,,,
2026-08-23,00:00,40.714405,-73.99022,RUTGERS ST,10002,7,UNKNOWN,Street,0.19331358821210717,False,MANHATTAN,"(40.714405, -73.99022)",trafficstat,True,False,False,True,False,False,False,False,False,,,,,,,
2026-08-23,00:00,40.7189207,-73.9886548,DELANCEY ST,10002,7,UNKNOWN,Street,47.89620588227102,False,MANHATTAN,"(40.7189207, -73.9886548)",trafficstat,False,False,False,False,False,False,False,False,False,,,,,,,
2026-08-23,00:00,40.7185558,-73.9882,ESSEX ST,10002,7,OTHER,Street,1.8657252331801242,False,MANHATTAN,"(40.7185558, -73.9882)",trafficstat,True,False,False,False,False,True,False,False,False,,,,,,,
2026-08-22,00:00,40.722147,-73.987227,LUDLOW ST,10002,7,OTHER,Street,22.37551279814083,False,MANHATTAN,"(40.722147, -73.987227)",trafficstat,False,False,False,False,False,False,False,False,False,,,,,,,
2026-08-22,00:00,40.7183631,-73.9830139,RIVINGTON ST,10002,7,UNKNOWN,Street,33.400932539130444,False,MANHATTAN,"(40.7183631, -73.9830139)",trafficstat,False,False,False,False,False,False,False,False,False,,,,,,,
2026-08-22,00:00,40.7158769,-73.98975,ESSEX ST,10002,7,UNKNOWN,Street,40.879961085258074,False,MANHATTAN,"(40.7158769, -73.98975)",trafficstat,False,False,False,False,False,False,False,False,False,,,,,,,
2026-08-22,00:00,40.7144447,-73.9747508,WILLIAMSBURG BRIDGE BIKE PATH,,7,UNKNOWN,Bridge,3.44567934479478,False,MANHATTAN,"(40.7144447, -73.9747508)",trafficstat,False,False,False,False,False,False,False,False,False,,,,,,,
2026-07-19,00:00,40.7144447,-73.9747508,WILLIAMSBURG BRIDGE BIKE PATH,,7,UNKNOWN,Bridge,3.44567934479478,False,MANHATTAN,"(40.7144447, -73.9747508)",trafficstat,False,False,False,False,False,False,False,False,False,,,,,,,
2026-07-10,00:00,40.7144447,-73.9747508,WILLIAMSBURG BRIDGE BIKE PATH,,7,UNKNOWN,Bridge,3.44567934479478,False,MANHATTAN,"(40.7144447, -73.9747508)",trafficstat,False,False,False,False,False,False,False,False,False,,,,,,,
2026-08-21,00:00,40.7149446,-73.9766502,FRANKLIN D ROOSEVELT DR,10002,7,UNKNOWN,Street,1.8028873614877536,False,MANHATTAN,"(40.7149446, -73.9766502)",trafficstat,False,False,False,False,False,False,False,False,False,,,,,,,
2026-08-21,00:00,40.718827,-73.9842317,ATTORNEY ST,10002,7,UNKNOWN,Street,1.5194934906686164,False,MANHATTAN,"(40.718827, -73.9842317)",trafficstat,False,False,False,False,False,False,False,False,False,,,,,,,
2026-08-21,00:00,40.7200012,-73.9815153,PITT ST,10002,7,UNKNOWN,Street,39.032388421421864,False,MANHATTAN,"(40.7200012, -73.9815153)",trafficstat,False,False,False,False,False,False,False,False,False,,,,,,,
2026-08-18,00:00,40.714324,-73.9748049,WILLIAMSBURG BR PEDESTRIAN PATH,11249,7,OTHER,Bridge,2.7286115444925434,False,MANHATTAN,"(40.714324, -73.9748049)",trafficstat,True,False,False,True,False,False,False,False,False,,,,,,,
2026-07-11,00:00,40.714324,-73.9748049,WILLIAMSBURG BR PEDESTRIAN PATH,11249,7,UNKNOWN,Bridge,2.7286115444925434,False,MANHATTAN,"(40.714324, -73.9748049)",trafficstat,True,False,False,False,False,False,False,True,True,,,,,,,
2026-08-17,00:00,40.7172001,-73.9907037,ORCHARD ST,10002,7,OTHER,Street,1.2909575995615923,False,MANHATTAN,"(40.7172001, -73.9907037)",trafficstat,True,False,False,True,False,False,False,False,False,,,,,,,
2026-08-17,00:00,40.7113742,-73.9789686,FRANKLIN D ROOSEVELT DR,10002,7,UNKNOWN,Highway,1.867115737867044,False,MANHATTAN,"(40.7113742, -73.9789686)",trafficstat,True,False,False,False,False,False,False,True,True,,,,,,,
2026-08-03,00:00,40.7113742,-73.9789686,FRANKLIN D ROOSEVELT DR,10002,7,OTHER,Highway,1.867115737867044,False,MANHATTAN,"(40.7113742, -73.9789686)",trafficstat,False,False,False,False,False,False,False,False,False,,,,,,,
2026-08-17,00:00,40.7125075,-73.9777562,FRANKLIN D ROOSEVELT DR,10002,7,OTHER,Highway,0.2894622778303875,False,MANHATTAN,"(40.7125075, -73.9777562)",trafficstat,False,False,False,False,False,False,False,False,False,,,,,,,
2026-08-16,00:00,40.7158342,-73.9912998,ORCHARD ST,10002,7,OTHER,Street,29.069111059637034,False,MANHATTAN,"(40.7158342, -73.9912998)",trafficstat,False,False,False,False,False,False,False,False,False,,,,,,,
2026-08-16,00:00,40.7219864,-73.9855153,NORFOLK ST,10002,7,UNKNOWN,Street,1.6790812867670046,False,MANHATTAN,"(40.7219864, -73.9855153)",trafficstat,True,False,False,True,False,False,False,False,False,,,,,,,
2026-08-15,00:00,40.7189462,-73.9754511,MANGIN ST,10002,7,UNKNOWN,Street,1.6598080085203466,False,MANHATTAN,"(40.7189462, -73.9754511)",trafficstat,True,False,False,False,False,False,False,False,False,,,,,,,
2026-08-15,00:00,40.71908,-73.98507,CLINTON ST,10002,7,UNKNOWN,Street,2.7333520137405127,False,MANHATTAN,"(40.71908, -73.98507)",trafficstat,True,False,False,True,False,False,False,False,False,,,,,,,
2026-08-15,00:00,40.721233,-73.98777,LUDLOW ST,10002,7,UNKNOWN,Street,1.2233730207486806,False,MANHATTAN,"(40.721233, -73.98777)",trafficstat,False,False,False,False,False,False,False,False,False,,,,,,,
2026-08-14,00:00,40.7128259,-73.9847825,MONTGOMERY ST,10002,7,UNKNOWN,Street,65.52523305122244,False,MANHATTAN,"(40.7128259, -73.9847825)",trafficstat,True,False,False,False,False,False,False,True,False,,,,,,,
2026-08-14,00:00,40.7143122,-73.9871654,CLINTON ST,10002,7,OTHER,Street,1.1205182714267183,False,MANHATTAN,"(40.7143122, -73.9871654)",trafficstat,True,False,False,False,False,True,False,False,False,,,,,,,
2026-06-16,00:00,40.7143122,-73.9871654,CLINTON ST,10002,7,UNKNOWN,Street,1.1205182714267183,False,MANHATTAN,"(40.7143122, -73.9871654)",trafficstat,False,False,False,False,False,False,False,False,False,,,,,,,
2026-08-11,00:00,40.7207095,-73.9813091,PITT ST,10002,7,UNKNOWN,Street,1.0844101963687947,False,MANHATTAN,"(40.7207095, -73.9813091)",trafficstat,False,False,False,False,False,False,False,False,False,,,,,,,
2026-07-28,00:00,40.7207095,-73.9813091,PITT ST,10002,7,UNKNOWN,Street,1.0844101963687947,False,MANHATTAN,"(40.7207095, -73.9813091)",trafficstat,True,False,False,False,True,False,False,False,False,,,,,,,
2026-06-24,00:00,40.7207095,-73.9813091,PITT ST,10002,7,OTHER,Street,1.0844101963687947,False,MANHATTAN,"(40.7207095, -73.9813091)",trafficstat,True,False,False,False,True,False,False,False,False,,,,,,,
2026-08-10,00:00,40.717452,-73.9849355,WILLIAMSBURG BR BIKE AND PED PATH,10002,7,UNKNOWN,Bridge,2.7324890174094145,False,MANHATTAN,"(40.717452, -73.9849355)",trafficstat,True,False,False,False,False,False,False,True,False,,,,,,,
2026-08-09,00:00,40.7140545,-73.9901883,RUTGERS ST,10002,7,UNKNOWN,Street,0.374960980375828,False,MANHATTAN,"(40.7140545, -73.9901883)",trafficstat,True,False,True,False,False,False,False,False,False,,,,,,,
2026-06-30,00:00,40.7140545,-73.9901883,RUTGERS ST,10002,7,OTHER,Street,0.374960980375828,False,MANHATTAN,"(40.7140545, -73.9901883)",trafficstat,True,False,True,False,False,False,False,False,False,,,,,,,
2026-08-08,00:00,40.7187023,-73.9903118,ALLEN ST,10002,7,UNKNOWN,Street,46.47768402499767,False,MANHATTAN,"(40.7187023, -73.9903118)",trafficstat,False,False,False,False,False,False,False,False,False,,,,,,,
2026-08-06,00:00,40.7172,-73.99071,ORCHARD ST,10002,7,UNKNOWN,Street,0.3217557503500108,False,MANHATTAN,"(40.7172, -73.99071)",trafficstat,True,False,False,True,False,False,False,False,False,,,,,,,
2026-08-06,00:00,40.7223373,-73.987323,LUDLOW ST,10002,7,UNKNOWN,Street,27.31782395029336,False,MANHATTAN,"(40.7223373, -73.987323)",trafficstat,False,False,False,False,False,False,False,False,False,,,,,,,
2026-07-08,00:00,40.7223373,-73.987323,LUDLOW ST,10002,7,UNKNOWN,Street,27.31782395029336,False,MANHATTAN,"(40.7223373, -73.987323)",trafficstat,False,False,False,False,False,False,False,False,False,,,,,,,
2026-08-06,00:00,40.7202351,-73.9844767,CLINTON ST,10002,7,OTHER,Street,1.4788405089444192,False,MANHATTAN,"(40.7202351, -73.9844767)",trafficstat,True,False,False,False,False,False,False,False,True,,,,,,,
2026-08-04,00:00,40.7192037,-73.9903643,DELANCEY ST,10002,7,UNKNOWN,Street,29.78121172271706,False,MANHATTAN,"(40.7192037, -73.9903643)",trafficstat,True,False,False,False,False,False,False,False,True,,,,,,,
2026-07-30,00:00,40.7192037,-73.9903643,DELANCEY ST,10002,7,OTHER,Street,29.78121172271706,False,MANHATTAN,"(40.7192037, -73.9903643)",trafficstat,True,False,False,True,False,False,False,False,False,,,,,,,
2026-07-26,00:00,40.7192037,-73.9903643,DELANCEY ST,10002,7,UNKNOWN,Street,29.78121172271706,False,MANHATTAN,"(40.7192037, -73.9903643)",trafficstat,False,False,False,False,False,False,False,False,False,,,,,,,
2026-07-24,00:00,40.7192037,-73.9903643,DELANCEY ST,10002,7,UNKNOWN,Street,29.78121172271706,False,MANHATTAN,"(40.7192037, -73.9903643)",trafficstat,False,False,False,False,False,False,False,False,False,,,,,,,
2026-08-03,00:00,40.7207458,-73.9861577,NORFOLK ST,10002,7,UNKNOWN,Street,1.305874572782612,False,MANHATTAN,"(40.7207458, -73.9861577)",trafficstat,False,False,False,False,False,False,False,False,False,,,,,,,
2026-07-14,00:00,40.7207458,-73.9861577,NORFOLK ST,10002,7,UNKNOWN,Street,1.305874572782612,False,MANHATTAN,"(40.7207458, -73.9861577)",trafficstat,False,False,False,False,False,False,False,False,False,,,,,,,
2026-08-03,00:00,40.7164451,-73.9883663,GRAND ST,10002,7,UNKNOWN,Street,2.869929234720319,False,MANHATTAN,"(40.7164451, -73.9883663)",trafficstat,False,False,False,False,False,False,False,False,False,,,,,,,
2026-08-03,00:00,40.7144625,-73.9816499,GRAND ST,10002,7,OTHER,Street,2.3558717384282506,False,MANHATTAN,"(40.7144625, -73.9816499)",trafficstat,True,False,False,True,False,False,False,False,False,,,,,,,
2026-08-02,00:00,40.713254,-73.977585,FDR DRIVE SB ENTRANCE GRAND ST,10002,7,UNKNOWN,Ramp,0.28283317507759803,False,MANHATTAN,"(40.713254, -73.977585)",trafficstat,True,False,False,True,False,False,False,False,False,,,,,,,
2026-08-01,00:00,40.71035,-73.98655,CLINTON ST,10002,7,UNKNOWN,Street,0.7298348527931351,False,MANHATTAN,"(40.71035, -73.98655)",trafficstat,False,False,False,False,False,False,False,False,False,,,,,,,
2026-08-01,00:00,40.71765,-73.9886691,ESSEX ST,10002,7,UNKNOWN,Street,1.7276059671891943,False,MANHATTAN,"(40.71765, -73.9886691)",trafficstat,False,False,False,False,False,False,False,False,False,,,,,,,
2026-06-21,00:00,40.71765,-73.9886691,ESSEX ST,10002,7,OTHER,Street,1.7276059671891943,False,MANHATTAN,"(40.71765, -73.9886691)",trafficstat,True,False,False,True,False,False,False,False,False,,,,,,,
2026-07-31,00:00,40.7144059,-73.9902207,RUTGERS ST,10002,7,UNKNOWN,Street,0.021713128050801812,False,MANHATTAN,"(40.7144059, -73.9902207)",trafficstat,False,False,False,False,False,False,False,False,False,,,,,,,
2026-07-30,00:00,40.717227,-73.9779987,BARUCH DR,10002,7,UNKNOWN,Street,85.0965933062385,False,MANHATTAN,"(40.717227, -73.9779987)",trafficstat,False,False,False,False,False,False,False,False,False,,,,,,,
2026-07-30,00:00,40.7222418,-73.9862873,ESSEX ST,10002,7,UNKNOWN,Street,1.0663088546972341,False,MANHATTAN,"(40.7222418, -73.9862873)",trafficstat,True,False,False,True,False,False,False,True,False,,,,,,,
2026-07-16,00:00,40.7222418,-73.9862873,ESSEX ST,10002,7,UNKNOWN,Street,1.0663088546972341,False,MANHATTAN,"(40.7222418, -73.9862873)",trafficstat,False,False,False,False,False,False,False,False,False,,,,,,,
2026-06-28,00:00,40.7222418,-73.9862873,ESSEX ST,10002,7,UNKNOWN,Street,1.0663088546972341,False,MANHATTAN,"(40.7222418, -73.9862873)",trafficstat,False,False,False,False,False,False,False,False,False,,,,,,,
2026-07-30,00:00,40.718872,-73.9748248,FRANKLIN D ROOSEVELT DR,,7,UNKNOWN,Highway,9.53875232508744,False,MANHATTAN,"(40.718872, -73.9748248)",trafficstat,True,False,False,False,False,False,False,False,False,,,,,,,
2026-07-27,00:00,40.718872,-73.9748248,FRANKLIN D ROOSEVELT DR,,7,UNKNOWN,Highway,9.53875232508744,False,MANHATTAN,"(40.718872, -73.9748248)",trafficstat,True,False,False,False,False,False,False,True,False,,,,,,,
2026-07-30,00:00,40.7199168,-73.982823,RIDGE ST,10002,7,OTHER,Street,29.201746992288673,False,MANHATTAN,"(40.7199168, -73.982823)",trafficstat,True,False,True,False,True,False,False,False,False,,,,,,,
2026-07-28,00:00,40.7190348,-73.9852061,CLINTON ST,10002,7,UNKNOWN,Street,26.53298328284863,False,MANHATTAN,"(40.7190348, -73.9852061)",trafficstat,False,False,False,False,False,False,False,False,False,,,,,,,
2026-07-28,00:00,40.715667,-73.9790632,LEWIS ST,10002,7,UNKNOWN,Street,1.832416609742223,False,MANHATTAN,"(40.715667, -73.9790632)",trafficstat,True,False,False,False,False,False,False,False,False,,,,,,,
2026-06-21,00:00,40.715667,-73.9790632,LEWIS ST,10002,7,UNKNOWN,Street,1.832416609742223,False,MANHATTAN,"(40.715667, -73.9790632)",trafficstat,True,False,False,False,False,False,False,True,False,,,,,,,
2026-07-28,00:00,40.7124627,-73.9924033,MADISON ST,10002,7,OTHER,Street,2.880133665965465,False,MANHATTAN,"(40.7124627, -73.9924033)",trafficstat,True,False,False,False,False,False,False,False,True,,,,,,,
2026-07-26,00:00,40.7104723,-73.9865674,CLINTON ST,10002,7,OTHER,Street,0.5476600287501677,False,MANHATTAN,"(40.7104723, -73.9865674)",trafficstat,False,False,False,False,False,False,False,False,False,,,,,,,
2026-07-25,00:00,40.7204979,-73.9816436,PITT ST,10002,7,UNKNOWN,Street,58.320635307295305,False,MANHATTAN,"(40.7204979, -73.9816436)",trafficstat,False,False,False,False,False,False,False,False,False,,,,,,,
2026-07-24,00:00,40.711699,-73.9848538,MONTGOMERY ST,10002,7,UNKNOWN,Street,0.21448682326966853,False,MANHATTAN,"(40.711699, -73.9848538)",trafficstat,False,False,False,False,False,False,False,False,False,,,,,,,
2026-07-14,00:00,40.711699,-73.9848538,MONTGOMERY ST,10002,7,UNKNOWN,Street,0.21448682326966853,False,MANHATTAN,"(40.711699, -73.9848538)",trafficstat,True,False,False,False,False,False,False,True,False,,,,,,,
2026-07-23,00:00,40.710612,-73.9846788,FRANKLIN D ROOSEVELT DR,10002,7,UNKNOWN,Highway,0.6365908905615839,False,MANHATTAN,"(40.710612, -73.9846788)",trafficstat,False,False,False,False,False,False,False,False,False,,,,,,,
2026-07-23,00:00,40.7132101,-73.9772221,FRANKLIN D ROOSEVELT DR,10002,7,UNKNOWN,Highway,0.276650667211568,False,MANHATTAN,"(40.7132101, -73.9772221)",trafficstat,False,False,False,False,False,False,False,False,False,,,,,,,
2026-07-23,00:00,40.7190253,-73.9897691,ORCHARD ST,10002,7,OTHER,Street,1.4844780843457164,False,MANHATTAN,"(40.7190253, -73.9897691)",trafficstat,False,False,False,False,False,False,False,False,False,,,,,,,
2026-07-23,00:00,40.7190253,-73.9897691,ORCHARD ST,10002,7,UNKNOWN,Street,1.4844780843457164,False,MANHATTAN,"(40.7190253, -73.9897691)",trafficstat,False,False,False,False,False,False,False,False,False,,,,,,,
2026-07-21,00:00,40.7138825,-73.9770199,FRANKLIN D ROOSEVELT DR,10002,7,OTHER,Highway,2.109542485339259,False,MANHATTAN,"(40.7138825, -73.9770199)",trafficstat,True,False,False,False,False,False,False,False,True,,,,,,,
2026-07-21,00:00,40.714538,-73.9748012,WILLIAMSBURG BRG,10002,7,UNKNOWN,Bridge,2.757796215933392,False,MANHATTAN,"(40.714538, -73.9748012)",trafficstat,True,False,False,False,False,False,False,True,False,,,,,,,
2026-07-11,00:00,40.714538,-73.9748012,WILLIAMSBURG BRG,10002,7,UNKNOWN,Bridge,2.757796215933392,False,MANHATTAN,"(40.714538, -73.9748012)",trafficstat,True,False,False,False,False,False,False,True,True,,,,,,,
2026-07-02,00:00,40.714538,-73.9748012,WILLIAMSBURG BRG,10002,7,UNKNOWN,Bridge,2.757796215933392,False,MANHATTAN,"(40.714538, -73.9748012)",trafficstat,False,False,False,False,False,False,False,False,False,,,,,,,
2026-06-28,00:00,40.714538,-73.9748012,WILLIAMSBURG BRG,10002,7,UNKNOWN,Bridge,2.757796215933392,False,MANHATTAN,"(40.714538, -73.9748012)",trafficstat,False,False,False,False,False,False,False,False,False,,,,,,,
2026-06-15,00:00,40.714538,-73.9748012,WILLIAMSBURG BRG,10002,7,UNKNOWN,Bridge,2.757796215933392,False,MANHATTAN,"(40.714538, -73.9748012)",trafficstat,False,False,False,False,False,False,False,False,False,,,,,,,
2026-07-20,00:00,40.7112034,-73.982371,WATER ST,10002,7,OTHER,Street,77.49654498783187,False,MANHATTAN,"(40.7112034, -73.982371)",trafficstat,False,False,False,False,False,False,False,False,False,,,,,,,
2026-07-17,00:00,40.7190824,-73.9850722,CLINTON ST,10002,7,UNKNOWN,Street,1.8495556709110466,False,MANHATTAN,"(40.7190824, -73.9850722)",trafficstat,True,False,True,False,False,False,False,False,False,,,,,,,
2026-07-17,00:00,40.7154334,-73.9899801,ESSEX ST,10002,7,UNKNOWN,Street,41.51524092156344,False,MANHATTAN,"(40.7154334, -73.9899801)",trafficstat,False,False,False,False,False,False,False,False,False,,,,,,,
2026-07-17,00:00,40.7212346,-73.9877702,LUDLOW ST,10002,7,UNKNOWN,Street,0.9623462856555328,False,MANHATTAN,"(40.7212346, -73.9877702)",trafficstat,False,False,False,False,False,False,False,False,False,,,,,,,
2026-07-16,00:00,40.7185689,-73.9833948,RIDGE ST,10002,7,UNKNOWN,Street,1.6903038053203447,False,MANHATTAN,"(40.7185689, -73.9833948)",trafficstat,False,False,False,False,False,False,False,False,False,,,,,,,
2026-07-12,00:00,40.7159637,-73.9873687,GRAND ST,10002,7,UNKNOWN,Street,64.66905683426111,False,MANHATTAN,"(40.7159637, -73.9873687)",trafficstat,True,False,False,False,True,False,False,False,False,,,,,,,
2026-07-12,00:00,40.7210399,-73.9877457,LUDLOW ST,10002,7,UNKNOWN,Street,32.7680955888362,False,MANHATTAN,"(40.7210399, -73.9877457)",trafficstat,False,False,False,False,False,False,False,False,False,,,,,,,
2026-07-10,00:00,40.7163394,-73.9885545,GRAND ST,10002,7,UNKNOWN,Street,59.02599755792528,False,MANHATTAN,"(40.7163394, -73.9885545)",trafficstat,False,False,False,False,False,False,False,False,False,,,,,,,
2026-07-09,00:00,40.7101678,-73.9885347,FRANKLIN D ROOSEVELT DR,10002,7,UNKNOWN,Highway,0.02979132402494109,False,MANHATTAN,"(40.7101678, -73.9885347)",trafficstat,False,False,False,False,False,False,False,False,False,,,,,,,
2026-07-08,00:00,40.7171939,-73.9841022,RIDGE ST,10002,7,OTHER,Street,1.7238496171931394,False,MANHATTAN,"(40.7171939, -73.9841022)",trafficstat,False,False,False,False,False,False,False,False,False,,,,,,,
2026-07-08,00:00,40.718125,-73.9860267,DELANCEY ST,10002,7,UNKNOWN,Street,62.473889542711305,False,MANHATTAN,"(40.718125, -73.9860267)",trafficstat,False,False,False,False,False,False,False,False,False,,,,,,,
2026-07-08,00:00,40.720234,-73.984474,CLINTON ST,10002,7,UNKNOWN,Street,2.322087560450672,False,MANHATTAN,"(40.720234, -73.984474)",trafficstat,True,False,True,False,False,False,False,False,False,,,,,,,
2026-07-08,00:00,40.7189574,-73.9817455,PITT ST,10002,7,OTHER,Street,110.94994826756192,False,MANHATTAN,"(40.7189574, -73.9817455)",trafficstat,False,False,False,False,False,False,False,False,False,,,,,,,
2026-07-06,00:00,40.71946,-73.98193,PITT ST,10002,7,UNKNOWN,Street,1.3226397931597211,False,MANHATTAN,"(40.71946, -73.98193)",trafficstat,True,False,False,False,False,False,False,False,False,,,,,,,
2026-07-05,00:00,40.719935,-73.9787516,COLUMBIA ST,10002,7,UNKNOWN,Street,1.4625204083902275,False,MANHATTAN,"(40.719935, -73.9787516)",trafficstat,True,False,False,False,False,False,False,False,True,,,,,,,
2026-07-05,00:00,40.716183,-73.98074,WILLIAMSBURG BR BIKE AND PED PATH,10002,7,UNKNOWN,Bridge,2.6018844900503777,False,MANHATTAN,"(40.716183, -73.98074)",trafficstat,False,False,False,False,False,False,False,False,False,,,,,,,
2026-07-04,00:00,40.7186704,-73.9898366,ORCHARD ST,10002,7,OTHER,Street,31.233077206217207,False,MANHATTAN,"(40.7186704, -73.9898366)",trafficstat,False,False,False,False,False,False,False,False,False,,,,,,,
2026-06-29,00:00,40.7200134,-73.9834785,STANTON ST,10002,7,UNKNOWN,Street,26.012380422022215,False,MANHATTAN,"(40.7200134, -73.9834785)",trafficstat,True,False,False,True,False,False,False,False,False,,,,,,,
2026-06-28,00:00,40.7107,-73.9847,MONTGOMERY ST,10002,7,UNKNOWN,Street,0.5627573753973459,False,MANHATTAN,"(40.7107, -73.9847)",trafficstat,True,False,False,False,False,False,False,False,True,,,,,,,
2026-06-28,00:00,40.7190824,-73.9887512,LUDLOW ST,10002,7,UNKNOWN,Street,30.555924917461653,False,MANHATTAN,"(40.7190824, -73.9887512)",trafficstat,False,False,False,False,False,False,False,False,False,,,,,,,
2026-06-27,00:00,40.7174084,-73.9878791,NORFOLK ST,10002,7,UNKNOWN,Street,1.554535594734928,False,MANHATTAN,"(40.7174084, -73.9878791)",trafficstat,True,False,True,False,False,False,False,False,False,,,,,,,
2026-06-27,00:00,40.7152712,-73.9763232,FRANKLIN D ROOSEVELT DR,10002,7,UNKNOWN,Highway,6.300119202832068,False,MANHATTAN,"(40.7152712, -73.9763232)",trafficstat,True,False,False,False,False,False,False,True,False,,,,,,,
2026-06-26,00:00,40.7166489,-73.9756049,FRANKLIN D ROOSEVELT DR,10002,7,UNKNOWN,Highway,1.071308358334864,False,MANHATTAN,"(40.7166489, -73.9756049)",trafficstat,True,False,False,False,False,False,False,True,True,,,,,,,
2026-06-26,00:00,40.7212029,-73.983572,E  HOUSTON ST,10002,7,UNKNOWN,Street,40.435791836011305,False,MANHATTAN,"(40.7212029, -73.983572)",trafficstat,True,False,False,False,False,False,False,True,False,,,,,,,
2026-06-26,00:00,40.7195931,-73.9867496,NORFOLK ST,10002,7,UNKNOWN,Street,1.8245158311822565,False,MANHATTAN,"(40.7195931, -73.9867496)",trafficstat,False,False,False,False,False,False,False,False,False,,,,,,,
2026-06-25,00:00,40.7218063,-73.9875908,LUDLOW ST,10002,7,UNKNOWN,Street,27.273310093002774,False,MANHATTAN,"(40.7218063, -73.9875908)",trafficstat,True,False,False,False,False,False,False,True,False,,,,,,,
2026-06-25,00:00,40.7173813,-73.9913025,GRAND ST,10002,7,UNKNOWN,Street,2.616643751239133,False,MANHATTAN,"(40.7173813, -73.9913025)",trafficstat,True,False,False,False,False,False,False,False,True,,,,,,,
2026-06-24,00:00,40.7161833,-73.980744,COLUMBIA ST,10002,7,UNKNOWN,Street,1.6635028733591182,False,MANHATTAN,"(40.7161833, -73.980744)",trafficstat,True,False,True,False,False,False,False,False,False,,,,,,,
2026-06-23,00:00,40.7164359,-73.9815845,SHERIFF ST,10002,7,UNKNOWN,Street,1.3882951503659515,False,MANHATTAN,"(40.7164359, -73.9815845)",trafficstat,True,False,False,True,False,False,False,False,False,,,,,,,
2026-06-23,00:00,40.7108119,-73.9910806,CHERRY ST,10002,7,OTHER,Street,85.64149980021797,False,MANHATTAN,"(40.7108119, -73.9910806)",trafficstat,True,False,False,True,False,False,False,False,False,,,,,,,
2026-06-21,00:00,40.7193089,-73.9772222,E  HOUSTON ST,10002,7,OTHER,Street,19.680739009076525,False,MANHATTAN,"(40.7193089, -73.9772222)",trafficstat,False,False,False,False,False,False,False,False,False,,,,,,,
2026-06-20,00:00,40.7182723,-73.9874926,DELANCEY ST,10002,7,UNKNOWN,Street,11.321254536804158,False,MANHATTAN,"(40.7182723, -73.9874926)",trafficstat,False,False,False,False,False,False,False,False,False,,,,,,,
2026-06-20,00:00,40.719568,-73.9829977,RIDGE ST,10002,7,UNKNOWN,Street,28.157544434670175,False,MANHATTAN,"(40.719568, -73.9829977)",trafficstat,False,False,False,False,False,False,False,False,False,,,,,,,
2026-06-19,00:00,40.718861,-73.9749136,FRANKLIN D ROOSEVELT DR,,7,UNKNOWN,Highway,14.408082794170618,False,MANHATTAN,"(40.718861, -73.9749136)",trafficstat,False,False,False,False,False,False,False,False,False,,,,,,,
2026-06-15,00:00,40.718861,-73.9749136,FRANKLIN D ROOSEVELT DR,,7,OTHER,Highway,14.408082794170618,False,MANHATTAN,"(40.718861, -73.9749136)",trafficstat,True,False,False,False,False,False,False,False,True,,,,,,,
2026-06-18,00:00,40.7187245,-73.9788602,COLUMBIA ST,10002,7,UNKNOWN,Street,136.6556255654666,False,MANHATTAN,"(40.7187245, -73.9788602)",trafficstat,False,False,False,False,False,False,False,False,False,,,,,,,
2026-06-17,00:00,40.7204772,-73.9897184,RIVINGTON ST,10002,7,UNKNOWN,Street,2.94371171702588,False,MANHATTAN,"(40.7204772, -73.9897184)",trafficstat,True,False,False,False,True,False,False,False,False,,,,,,,
2026-06-12,00:00,40.718398,-73.9869329,DELANCEY ST,10002,7,UNKNOWN,Street,50.88400624879659,False,MANHATTAN,"(40.718398, -73.9869329)",trafficstat,False,False,False,False,False,False,False,False,False,,,,,,,
2026-09-13,00:00,40.7284624,-73.9756676,AVE C,10009,9,UNKNOWN,Street,1.8310971913316398,False,MANHATTAN,"(40.7284624, -73.9756676)",trafficstat,False,False,False,False,False,False,False,False,False,,,,,,,
2026-09-12,00:00,40.723506,-73.9792808,AVE C,10009,9,OTHER,Street,1.4758050513647891,False,MANHATTAN,"(40.723506, -73.9792808)",trafficstat,True,False,False,True,False,False,False,False,False,,,,,,,
2026-08-24,00:00,40.723506,-73.9792808,AVE C,10009,9,OTHER,Street,1.4758050513647891,False,MANHATTAN,"(40.723506, -73.9792808)",trafficstat,True,False,False,False,False,False,False,False,False,,,,,,,
2026-09-10,00:00,40.7266745,-73.9893003,2 AVE,10003,9,UNKNOWN,Street,55.24411560453465,False,MANHATTAN,"(40.7266745, -73.9893003)",trafficstat,False,False,False,False,False,False,False,False,False,,,,,,,