crash_date,crash_time,latitude,longitude,on_street_name,zip_code,precinct,collision_type,roadway_type,geocode_dist_feet,time_is_known,borough,location,source,injury,fatality,injured_pedestrian,injured_cyclist,injured_ebike_rider,injured_motorcyclist,injured_moped_rider,injured_car_occupant,injured_suv_occupant,number_of_persons_injured,number_of_persons_killed,contributing_factor_vehicle_1,collision_id,cross_street_name,off_street_name,vehicle_type_code1
2026-09-09,00:00,40.7279758,-73.9881189,2 AVE,10003,9,UNKNOWN,Street,1.9686639585627395,False,MANHATTAN,"(40.7279758, -73.9881189)",trafficstat,True,False,False,False,False,False,False,False,False,,,,,,,
2026-08-18,00:00,40.7279758,-73.9881189,2 AVE,10003,9,UNKNOWN,Street,1.9686639585627395,False,MANHATTAN,"(40.7279758, -73.9881189)",trafficstat,False,False,False,False,False,False,False,False,False,,,,,,,
2026-07-27,00:00,40.7279758,-73.9881189,2 AVE,10003,9,UNKNOWN,Street,1.9686639585627395,False,MANHATTAN,"(40.7279758, -73.9881189)",trafficstat,True,False,False,True,False,False,False,False,False,,,,,,,
2026-09-09,00:00,40.7239135,-73.9879717,1 AVE,10003,9,UNKNOWN,Street,1.6930579610978862,False,MANHATTAN,"(40.7239135, -73.9879717)",trafficstat,True,False,True,False,False,False,False,False,False,,,,,,,
2026-09-09,00:00,40.7229337,-73.9886393,ALLEN ST,10002,9,OTHER,Street,0.8345650439366528,False,MANHATTAN,"(40.7229337, -73.9886393)",trafficstat,True,False,False,False,False,False,False,False,True,,,,,,,
2026-06-15,00:00,40.7229337,-73.9886393,ALLEN ST,10002,9,OTHER,Street,0.8345650439366528,False,MANHATTAN,"(40.7229337, -73.9886393)",trafficstat,True,False,False,True,False,False,False,False,True,,,,,,,
2026-09-07,00:00,40.7215865,-73.9745136,FRANKLIN D ROOSEVELT DR,10009,9,UNKNOWN,Highway,3.233069543563275,False,MANHATTAN,"(40.7215865, -73.9745136)",trafficstat,True,False,False,False,False,True,False,True,False,,,,,,,
2026-07-28,00:00,40.7215865,-73.9745136,FRANKLIN D ROOSEVELT DR,10009,9,UNKNOWN,Highway,3.233069543563275,False,MANHATTAN,"(40.7215865, -73.9745136)",trafficstat,False,False,False,False,False,False,False,False,False,,,,,,,
2026-06-15,00:00,40.7215865,-73.9745136,FRANKLIN D ROOSEVELT DR,10009,9,OTHER,Highway,3.233069543563275,False,MANHATTAN,"(40.7215865, -73.9745136)",trafficstat,False,False,False,False,False,False,False,False,False,,,,,,,
2026-09-07,00:00,40.7323505,-73.9849465,2 AVE,10003,9,UNKNOWN,Street,1.3716813170214566,False,MANHATTAN,"(40.7323505, -73.9849465)",trafficstat,False,False,False,False,False,False,False,False,False,,,,,,,
2026-08-17,00:00,40.7323505,-73.9849465,2 AVE,10003,9,OTHER,Street,1.3716813170214566,False,MANHATTAN,"(40.7323505, -73.9849465)",trafficstat,True,False,False,True,False,False,False,False,False,,,,,,,
2026-07-03,00:00,40.7323505,-73.9849465,2 AVE,10003,9,UNKNOWN,Street,1.3716813170214566,False,MANHATTAN,"(40.7323505, -73.9849465)",trafficstat,True,False,True,False,False,False,False,False,False,,,,,,,
2026-06-13,00:00,40.7323505,-73.9849465,2 AVE,10003,9,OTHER,Street,1.3716813170214566,False,MANHATTAN,"(40.7323505, -73.9849465)",trafficstat,True,False,False,False,False,False,False,False,True,,,,,,,
2026-09-06,00:00,40.7251845,-73.9727335,FRANKLIN D ROOSEVELT DR,10009,9,UNKNOWN,Highway,6.456950372454512,False,MANHATTAN,"(40.7251845, -73.9727335)",trafficstat,False,False,False,False,False,False,False,False,False,,,,,,,
2026-09-06,00:00,40.7237821,-73.9734701,FRANKLIN D ROOSEVELT DR,10009,9,OTHER,Highway,1.8140583065793496,False,MANHATTAN,"(40.7237821, -73.9734701)",trafficstat,True,False,False,False,False,False,False,False,True,,,,,,,
2026-09-04,00:00,40.7236503,-73.9910239,CHRYSTIE ST,10002,9,UNKNOWN,Street,1.0337150781926283,False,MANHATTAN,"(40.7236503, -73.9910239)",trafficstat,True,False,False,True,False,False,False,False,False,,,,,,,
2026-07-12,00:00,40.7236503,-73.9910239,CHRYSTIE ST,10002,9,UNKNOWN,Street,1.0337150781926283,False,MANHATTAN,"(40.7236503, -73.9910239)",trafficstat,True,False,False,True,False,False,False,False,False,,,,,,,
2026-07-04,00:00,40.7236503,-73.9910239,CHRYSTIE ST,10002,9,UNKNOWN,Street,1.0337150781926283,False,MANHATTAN,"(40.7236503, -73.9910239)",trafficstat,True,False,True,False,False,False,False,False,False,,,,,,,
2026-09-04,00:00,40.7254319,-73.9967709,BROADWAY,10012,9,UNKNOWN,Street,2.137067971920533,False,MANHATTAN,"(40.7254319, -73.9967709)",trafficstat,False,False,False,False,False,False,False,False,False,,,,,,,
2026-08-27,00:00,40.7254319,-73.9967709,BROADWAY,10012,9,UNKNOWN,Street,2.137067971920533,False,MANHATTAN,"(40.7254319, -73.9967709)",trafficstat,True,False,False,False,False,False,False,True,False,,,,,,,
2026-08-23,00:00,40.7254319,-73.9967709,BROADWAY,10012,9,UNKNOWN,Street,2.137067971920533,False,MANHATTAN,"(40.7254319, -73.9967709)",trafficstat,True,False,False,False,False,False,False,False,True,,,,,,,
2026-09-04,00:00,40.7260086,-73.9857807,E  6 ST,10009,9,UNKNOWN,Street,75.51094344002142,False,MANHATTAN,"(40.7260086, -73.9857807)",trafficstat,False,False,False,False,False,False,False,False,False,,,,,,,
2026-09-03,00:00,40.7260894,-73.9916567,BOWERY,10003,9,UNKNOWN,Street,47.158560525246415,False,MANHATTAN,"(40.7260894, -73.9916567)",trafficstat,False,False,False,False,False,False,False,False,False,,,,,,,
2026-08-01,00:00,40.7260894,-73.9916567,BOWERY,10003,9,UNKNOWN,Street,47.158560525246415,False,MANHATTAN,"(40.7260894, -73.9916567)",trafficstat,False,False,False,False,False,False,False,False,False,,,,,,,
2026-09-02,00:00,40.7256103,-73.9836658,AVE A,10009,9,UNKNOWN,Street,48.26229851086945,False,MANHATTAN,"(40.7256103, -73.9836658)",trafficstat,False,False,False,False,False,False,False,False,False,,,,,,,
2026-08-30,00:00,40.7196267,-73.9775053,E  HOUSTON ST,10002,9,OTHER,Street,35.012911936157145,False,MANHATTAN,"(40.7196267, -73.9775053)",trafficstat,False,False,False,False,False,False,False,False,False,,,,,,,
2026-08-30,00:00,40.7274668,-73.9794708,AVE B,10009,9,OTHER,Street,1.5163877196909104,False,MANHATTAN,"(40.7274668, -73.9794708)",trafficstat,True,False,True,False,False,False,False,False,False,,,,,,,
2026-08-04,00:00,40.7274668,-73.9794708,AVE B,10009,9,UNKNOWN,Street,1.5163877196909104,False,MANHATTAN,"(40.7274668, -73.9794708)",trafficstat,False,False,False,False,False,False,False,False,False,,,,,,,
2026-08-30,00:00,40.7313511,-73.9825546,E  14 ST,10009,9,UNKNOWN,Street,0.8225299933646804,False,MANHATTAN,"(40.7313511, -73.9825546)",trafficstat,True,False,False,False,False,False,False,False,False,,,,,,,
2026-08-29,00:00,40.7265858,-73.988734,E  5 ST,10003,9,UNKNOWN,Street,30.417321091358918,False,MANHATTAN,"(40.7265858, -73.988734)",trafficstat,False,False,False,False,False,False,False,False,False,,,,,,,
2026-08-29,00:00,40.723507,-73.97928,AVE C,10009,9,UNKNOWN,Street,1.493670329652807,False,MANHATTAN,"(40.723507, -73.97928)",trafficstat,True,False,False,True,False,False,False,False,False,,,,,,,
2026-08-29,00:00,40.7238425,-73.9735675,FRANKLIN D ROOSEVELT DR,10009,9,OTHER,Highway,2.736650168797434,False,MANHATTAN,"(40.7238425, -73.9735675)",trafficstat,True,False,False,False,False,False,False,False,True,,,,,,,
2026-08-27,00:00,40.727846,-73.9822271,AVE A,10009,9,UNKNOWN,Street,2.0093597754486474,False,MANHATTAN,"(40.727846, -73.9822271)",trafficstat,True,False,False,True,False,False,False,False,False,,,,,,,
2026-08-09,00:00,40.727846,-73.9822271,AVE A,10009,9,UNKNOWN,Street,2.0093597754486474,False,MANHATTAN,"(40.727846, -73.9822271)",trafficstat,False,False,False,False,False,False,False,False,False,,,,,,,
2026-08-27,00:00,40.730654,-73.9830707,1 AVE,10003,9,UNKNOWN,Street,1.6736452075133317,False,MANHATTAN,"(40.730654, -73.9830707)",trafficstat,True,False,True,False,False,False,False,False,False,,,,,,,
2026-08-24,00:00,40.7272614,-73.9826566,AVE A,10009,9,UNKNOWN,Street,1.7482156084310092,False,MANHATTAN,"(40.7272614, -73.9826566)",trafficstat,True,False,False,True,False,False,False,False,False,,,,,,,
2026-06-20,00:00,40.7272614,-73.9826566,AVE A,10009,9,UNKNOWN,Street,1.7482156084310092,False,MANHATTAN,"(40.7272614, -73.9826566)",trafficstat,False,False,False,False,False,False,False,False,False,,,,,,,
2026-08-22,00:00,40.7271326,-73.9854247,1 AVE,10003,9,UNKNOWN,Street,50.40741892484924,False,MANHATTAN,"(40.7271326, -73.9854247)",trafficstat,True,False,False,False,True,False,False,False,False,,,,,,,
2026-08-22,00:00,40.7307234,-73.9890529,3 AVE,10003,9,OTHER,Street,1.3348811516465244,False,MANHATTAN,"(40.7307234, -73.9890529)",trafficstat,True,False,False,False,True,False,False,True,False,,,,,,,
2026-08-04,00:00,40.7307234,-73.9890529,3 AVE,10003,9,UNKNOWN,Street,1.3348811516465244,False,MANHATTAN,"(40.7307234, -73.9890529)",trafficstat,False,False,False,False,False,False,False,False,False,,,,,,,
2026-08-22,00:00,40.73038,-73.9863758,2 AVE,10003,9,UNKNOWN,Street,1.3836323697832738,False,MANHATTAN,"(40.73038, -73.9863758)",trafficstat,False,False,False,False,False,False,False,False,False,,,,,,,
2026-07-22,00:00,40.73038,-73.9863758,2 AVE,10003,9,OTHER,Street,1.3836323697832738,False,MANHATTAN,"(40.73038, -73.9863758)",trafficstat,True,False,False,False,True,False,False,False,False,,,,,,,
2026-08-20,00:00,40.7601917,-73.9680985,E  57 ST,10022,9,UNKNOWN,Street,98.63372301756011,False,MANHATTAN,"(40.7601917, -73.9680985)",trafficstat,True,False,False,False,True,False,False,False,False,,,,,,,
2026-08-20,00:00,40.7247819,-73.9781664,AVE C,10009,9,UNKNOWN,Street,46.220801844418034,False,MANHATTAN,"(40.7247819, -73.9781664)",trafficstat,False,False,False,False,False,False,False,False,False,,,,,,,
2026-06-18,00:00,40.7247819,-73.9781664,AVE C,10009,9,UNKNOWN,Street,46.220801844418034,False,MANHATTAN,"(40.7247819, -73.9781664)",trafficstat,False,False,False,False,False,False,False,False,False,,,,,,,
2026-08-20,00:00,40.7232788,-73.9825242,AVE B,10009,9,UNKNOWN,Street,1.690991188131772,False,MANHATTAN,"(40.7232788, -73.9825242)",trafficstat,False,False,False,False,False,False,False,False,False,,,,,,,
2026-08-19,00:00,40.7265677,-73.9720403,FRANKLIN D ROOSEVELT DR,10009,9,UNKNOWN,Highway,2.768092708433881,False,MANHATTAN,"(40.7265677, -73.9720403)",trafficstat,True,False,False,False,False,False,False,True,False,,,,,,,
2026-08-18,00:00,40.7207095,-73.9813091,PITT ST,10002,9,OTHER,Street,1.0844101963687947,False,MANHATTAN,"(40.7207095, -73.9813091)",trafficstat,False,False,False,False,False,False,False,False,False,,,,,,,
2026-07-22,00:00,40.7207095,-73.9813091,PITT ST,10002,9,OTHER,Street,1.0844101963687947,False,MANHATTAN,"(40.7207095, -73.9813091)",trafficstat,True,False,False,False,False,False,False,True,True,,,,,,,
2026-08-17,00:00,40.7227338,-73.9741235,FRANKLIN D ROOSEVELT DR,10009,9,OTHER,Highway,1.7796341044589523,False,MANHATTAN,"(40.7227338, -73.9741235)",trafficstat,False,False,False,False,False,False,False,False,False,,,,,,,
2026-08-17,00:00,40.7290865,-73.9813248,AVE A,10009,9,UNKNOWN,Street,1.6143452951150041,False,MANHATTAN,"(40.7290865, -73.9813248)",trafficstat,False,False,False,False,False,False,False,False,False,,,,,,,
2026-08-16,00:00,40.7290781,-73.9781527,AVE B,10009,9,UNKNOWN,Street,33.716479002476696,False,MANHATTAN,"(40.7290781, -73.9781527)",trafficstat,False,False,False,False,False,False,False,False,False,,,,,,,
2026-08-16,00:00,40.7295597,-73.9899299,COOPER SQ,10003,9,UNKNOWN,Street,0.3355995223751821,False,MANHATTAN,"(40.7295597, -73.9899299)",trafficstat,False,False,False,False,False,False,False,False,False,,,,,,,
2026-08-12,00:00,40.726978,-73.9872548,E  6 ST,10003,9,OTHER,Street,35.32908478648579,False,MANHATTAN,"(40.726978, -73.9872548)",trafficstat,True,False,False,True,False,False,False,False,False,,,,,,,
2026-08-10,00:00,40.7312889,-73.9903915,4 AVE,10003,9,UNKNOWN,Street,0.3170519300309469,False,MANHATTAN,"(40.7312889, -73.9903915)",trafficstat,True,False,False,False,False,False,False,False,False,,,,,,,
2026-08-09,00:00,40.7263263,-73.9835167,AVE A,10009,9,UNKNOWN,Street,41.91276675639714,False,MANHATTAN,"(40.7263263, -73.9835167)",trafficstat,True,False,False,True,False,False,False,False,False,,,,,,,
2026-08-09,00:00,40.7269457,-73.9890858,E  5 ST,10003,9,UNKNOWN,Street,37.15315173243,False,MANHATTAN,"(40.7269457, -73.9890858)",trafficstat,False,False,False,False,False,False,False,False,False,,,,,,,
2026-08-08,00:00,40.7284126,-73.9942524,BROADWAY,10012,9,OTHER,Street,1.981059410736596,False,MANHATTAN,"(40.7284126, -73.9942524)",trafficstat,True,False,True,False,False,False,False,False,False,,,,,,,
2026-08-07,00:00,40.7288419,-73.9783202,AVE B,10009,9,UNKNOWN,Street,36.27256049253286,False,MANHATTAN,"(40.7288419, -73.9783202)",trafficstat,False,False,False,False,False,False,False,False,False,,,,,,,
2026-08-07,00:00,40.7265845,-73.9862968,E  6 ST,10003,9,UNKNOWN,Street,38.942892594184805,False,MANHATTAN,"(40.7265845, -73.9862968)",trafficstat,True,False,False,True,False,False,False,False,False,,,,,,,
2026-08-06,00:00,40.7245749,-73.9874918,1 AVE,10003,9,UNKNOWN,Street,1.3856685076903745,False,MANHATTAN,"(40.7245749, -73.9874918)",trafficstat,True,False,False,False,False,False,False,False,False,,,,,,,
2026-08-05,00:00,40.7344343,-73.9899039,4 AVE,10003,9,UNKNOWN,Street,0.36041479913206154,False,MANHATTAN,"(40.7344343, -73.9899039)",trafficstat,True,False,False,True,False,False,False,False,False,,,,,,,
2026-08-02,00:00,40.7344343,-73.9899039,4 AVE,10003,9,UNKNOWN,Street,0.36041479913206154,False,MANHATTAN,"(40.7344343, -73.9899039)",trafficstat,True,False,False,True,False,False,False,False,False,,,,,,,
2026-08-04,00:00,40.7295306,-73.9931232,BROADWAY,10003,9,UNKNOWN,Street,43.904788016287185,False,MANHATTAN,"(40.7295306, -73.9931232)",trafficstat,False,False,False,False,False,False,False,False,False,,,,,,,
2026-08-04,00:00,40.7249515,-73.9949093,MULBERRY ST,10012,9,OTHER,Street,1.1093962076443626,False,MANHATTAN,"(40.7249515, -73.9949093)",trafficstat,True,False,False,False,True,False,False,False,False,,,,,,,
2026-07-31,00:00,40.7222736,-73.9779788,E  5 ST,10009,9,UNKNOWN,Street,35.99265519341081,False,MANHATTAN,"(40.7222736, -73.9779788)",trafficstat,False,False,False,False,False,False,False,False,False,,,,,,,
2026-07-31,00:00,40.7246935,-73.9941806,MOTT ST,10012,9,OTHER,Street,0.8278454912638531,False,MANHATTAN,"(40.7246935, -73.9941806)",trafficstat,True,False,False,True,False,False,False,False,False,,,,,,,
2026-07-30,00:00,40.7266471,-73.9846565,E  7 ST,10009,9,UNKNOWN,Street,37.49261926069315,False,MANHATTAN,"(40.7266471, -73.9846565)",trafficstat,False,False,False,False,False,False,False,False,False,,,,,,,
2026-07-30,00:00,40.7270623,-73.9917978,BOWERY,10012,9,UNKNOWN,Street,43.266699222472795,False,MANHATTAN,"(40.7270623, -73.9917978)",trafficstat,False,False,False,False,False,False,False,False,False,,,,,,,
2026-07-30,00:00,40.7276521,-73.9857329,ST MARKS PL,10003,9,UNKNOWN,Street,42.54877603060082,False,MANHATTAN,"(40.7276521, -73.9857329)",trafficstat,True,False,False,True,False,False,False,False,False,,,,,,,
2026-07-29,00:00,40.7295791,-73.9932601,BROADWAY,10003,9,UNKNOWN,Street,2.4330320794860953,False,MANHATTAN,"(40.7295791, -73.9932601)",trafficstat,True,False,False,True,False,False,False,False,False,,,,,,,
2026-07-29,00:00,40.7242733,-73.9908182,2 AVE,10003,9,UNKNOWN,Street,2.0411180070705175,False,MANHATTAN,"(40.7242733, -73.9908182)",trafficstat,False,False,False,False,False,False,False,False,False,,,,,,,
2026-07-28,00:00,40.7278664,-73.9931448,E  4 ST,10003,9,OTHER,Street,2.322418163099177,False,MANHATTAN,"(40.7278664, -73.9931448)",trafficstat,True,False,False,True,False,False,False,False,False,,,,,,,
2026-07-28,00:00,40.7252853,-73.9919535,BOWERY,10003,9,UNKNOWN,Street,45.86325653763475,False,MANHATTAN,"(40.7252853, -73.9919535)",trafficstat,False,False,False,False,False,False,False,False,False,,,,,,,
2026-07-27,00:00,40.7229272,-73.9853591,E  2 ST,10009,9,OTHER,Street,25.02460265798222,False,MANHATTAN,"(40.7229272, -73.9853591)",trafficstat,False,False,False,False,False,False,False,False,False,,,,,,,
2026-07-26,00:00,40.727625,-73.9875095,E  7 ST,10003,9,OTHER,Street,32.7868089125861,False,MANHATTAN,"(40.727625, -73.9875095)",trafficstat,True,False,False,False,False,False,False,False,True,,,,,,,
2026-07-24,00:00,40.7311255,-73.9829631,1 AVE,10003,9,OTHER,Street,56.429927380293776,False,MANHATTAN,"(40.7311255, -73.9829631)",trafficstat,True,False,False,True,False,False,False,False,False,,,,,,,
2026-07-18,00:00,40.7311255,-73.9829631,1 AVE,10003,9,UNKNOWN,Street,56.429927380293776,False,MANHATTAN,"(40.7311255, -73.9829631)",trafficstat,True,False,False,False,False,False,False,True,False,,,,,,,
2026-07-24,00:00,40.73129,-73.990395,LAFAYETTE ST,10003,9,UNKNOWN,Street,0.28253511233991185,False,MANHATTAN,"(40.73129, -73.990395)",trafficstat,True,False,False,False,False,False,True,False,False,,,,,,,
2026-07-23,00:00,40.721596,-73.97476,FRANKLIN D ROOSEVELT DR,10009,9,OTHER,Street,1.4830708376968227,False,MANHATTAN,"(40.721596, -73.97476)",trafficstat,False,False,False,False,False,False,False,False,False,,,,,,,
2026-07-22,00:00,40.7268801,-73.9831148,AVE A,10009,9,OTHER,Street,41.94679646811498,False,MANHATTAN,"(40.7268801, -73.9831148)",trafficstat,False,False,False,False,False,False,False,False,False,,,,,,,
2026-07-22,00:00,40.7246572,-73.9762306,E  9 ST,10009,9,UNKNOWN,Street,31.017062022303076,False,MANHATTAN,"(40.7246572, -73.9762306)",trafficstat,False,False,False,False,False,False,False,False,False,,,,,,,
2026-07-21,00:00,40.7255042,-73.9894347,E  3 ST,10003,9,UNKNOWN,Street,31.410412441805807,False,MANHATTAN,"(40.7255042, -73.9894347)",trafficstat,True,False,False,False,False,False,False,True,False,,,,,,,
2026-07-20,00:00,40.7224983,-73.9768928,AVE D,10009,9,UNKNOWN,Street,1.4779027884891223,False,MANHATTAN,"(40.7224983, -73.9768928)",trafficstat,True,False,False,True,False,False,False,False,False,,,,,,,
2026-07-18,00:00,40.7256458,-73.9920627,E  2 ST,10003,9,UNKNOWN,Street,2.278441795929649,False,MANHATTAN,"(40.7256458, -73.9920627)",trafficstat,True,False,False,True,False,False,False,False,False,,,,,,,
2026-07-18,00:00,40.72729,-73.9936392,LAFAYETTE ST,10012,9,OTHER,Street,1.6287006778175412,False,MANHATTAN,"(40.72729, -73.9936392)",trafficstat,True,False,False,True,False,False,False,False,False,,,,,,,
2026-06-15,00:00,40.72729,-73.9936392,LAFAYETTE ST,10012,9,OTHER,Street,1.6287006778175412,False,MANHATTAN,"(40.72729, -73.9936392)",trafficstat,True,False,False,True,False,False,False,False,False,,,,,,,
2026-07-16,00:00,40.7236921,-73.9760338,AVE D,10009,9,UNKNOWN,Street,1.4283748026316454,False,MANHATTAN,"(40.7236921, -73.9760338)",trafficstat,False,False,False,False,False,False,False,False,False,,,,,,,
2026-07-15,00:00,40.7242562,-73.9848437,AVE A,10009,9,UNKNOWN,Street,1.6180480357082396,False,MANHATTAN,"(40.7242562, -73.9848437)",trafficstat,True,False,False,True,False,False,False,False,False,,,,,,,
2026-06-28,00:00,40.7242562,-73.9848437,AVE A,10009,9,UNKNOWN,Street,1.6180480357082396,False,MANHATTAN,"(40.7242562, -73.9848437)",trafficstat,False,False,False,False,False,False,False,False,False,,,,,,,
2026-06-18,00:00,40.7242562,-73.9848437,AVE A,10009,9,OTHER,Street,1.6180480357082396,False,MANHATTAN,"(40.7242562, -73.9848437)",trafficstat,True,False,True,False,False,False,False,False,False,,,,,,,
2026-07-15,00:00,40.732482,-73.9856733,E  14 ST,10003,9,UNKNOWN,Street,58.083277936092024,False,MANHATTAN,"(40.732482, -73.9856733)",trafficstat,True,False,False,False,True,False,False,False,False,,,,,,,
2026-07-14,00:00,40.733213,-73.9911128,BROADWAY,10003,9,UNKNOWN,Street,1.1062409485409135,False,MANHATTAN,"(40.733213, -73.9911128)",trafficstat,True,False,False,False,False,False,False,False,False,,,,,,,
2026-07-14,00:00,40.7233365,-73.9773455,E  7 ST,10009,9,UNKNOWN,Street,36.68689754830448,False,MANHATTAN,"(40.7233365, -73.9773455)",trafficstat,False,False,False,False,False,False,False,False,False,,,,,,,
2026-07-13,00:00,40.721277,-73.9777915,AVE D,10009,9,UNKNOWN,Street,1.9163032963932505,False,MANHATTAN,"(40.721277, -73.9777915)",trafficstat,True,False,False,False,False,False,False,False,True,,,,,,,
2026-07-12,00:00,40.7224727,-73.9810064,E  4 ST,10009,9,UNKNOWN,Street,54.84535144540752,False,MANHATTAN,"(40.7224727, -73.9810064)",trafficstat,False,False,False,False,False,False,False,False,False,,,,,,,
2026-07-12,00:00,40.72639,-73.9918,E  3 ST,10003,9,UNKNOWN,Street,3.8337713467444425,False,MANHATTAN,"(40.72639, -73.9918)",trafficstat,True,False,True,False,False,False,False,False,False,,,,,,,
2026-07-10,00:00,40.7327546,-73.990034,4 AVE,10003,9,OTHER,Street,0.9740936215593226,False,MANHATTAN,"(40.7327546, -73.990034)",trafficstat,True,False,False,True,False,False,False,False,False,,,,,,,
2026-07-10,00:00,40.7287686,-73.9844314,1 AVE,10003,9,UNKNOWN,Street,1.7814313217355342,False,MANHATTAN,"(40.7287686, -73.9844314)",trafficstat,False,False,False,False,False,False,False,False,False,,,,,,,
2026-07-07,00:00,40.7287686,-73.9844314,1 AVE,10003,9,UNKNOWN,Street,1.7814313217355342,False,MANHATTAN,"(40.7287686, -73.9844314)",trafficstat,False,False,False,False,False,False,False,False,False,,,,,,,
2026-07-09,00:00,40.7241362,-73.992604,BOWERY,10002,9,UNKNOWN,Street,20.193474390360915,False,MANHATTAN,"(40.7241362, -73.992604)",trafficstat,False,False,False,False,False,False,False,False,False,,,,,,,
2026-07-04,00:00,40.7241362,-73.992604,BOWERY,10002,9,UNKNOWN,Street,20.193474390360915,False,MANHATTAN,"(40.7241362, -73.992604)",trafficstat,False,False,False,False,False,False,False,False,False,,,,,,,
2026-07-08,00:00,40.7195582,-73.9748931,FRANKLIN D ROOSEVELT DR,10009,9,UNKNOWN,Highway,0.6249973670095067,False,MANHATTAN,"(40.7195582, -73.9748931)",trafficstat,True,False,False,False,False,False,False,False,True,,,,,,,
2026-07-08,00:00,40.7224697,-73.987135,LUDLOW ST,10002,9,UNKNOWN,Street,1.8409310018453524,False,MANHATTAN,"(40.7224697, -73.987135)",trafficstat,False,False,False,False,False,False,False,False,False,,,,,,,
2026-06-29,00:00,40.7224697,-73.987135,LUDLOW ST,10002,9,UNKNOWN,Street,1.8409310018453524,False,MANHATTAN,"(40.7224697, -73.987135)",trafficstat,False,False,False,False,False,False,False,False,False,,,,,,,
2026-07-08,00:00,40.7295806,-73.989667,ST MARKS PL,10003,9,UNKNOWN,Street,39.98249262489816,False,MANHATTAN,"(40.7295806, -73.989667)",trafficstat,True,False,False,False,False,False,False,True,False,,,,,,,
2026-07-07,00:00,40.7252871,-73.9779778,AVE C,10009,9,UNKNOWN,Street,1.7851934135666916,False,MANHATTAN,"(40.7252871, -73.9779778)",trafficstat,True,False,False,False,False,False,False,False,False,,,,,,,
2026-07-06,00:00,40.7214729,-73.9838234,CLINTON ST,10002,9,OTHER,Street,1.5691869316640898,False,MANHATTAN,"(40.7214729, -73.9838234)",trafficstat,True,False,False,False,False,False,False,True,False,,,,,,,
2026-07-06,00:00,40.7280242,-73.980532,E  11 ST,10009,9,OTHER,Street,32.11919969489442,False,MANHATTAN,"(40.7280242, -73.980532)",trafficstat,False,False,False,False,False,False,False,False,False,,,,,,,
2026-07-06,00:00,40.7284465,-73.9844737,1 AVE,10003,9,OTHER,Street,47.88035505316849,False,MANHATTAN,"(40.7284465, -73.9844737)",trafficstat,False,False,False,False,False,False,False,False,False,,,,,,,
2026-07-03,00:00,40.725154,-73.973273,FRANKLIN D ROOSEVELT DR,10009,9,OTHER,Highway,125.71458183317918,False,MANHATTAN,"(40.725154, -73.973273)",trafficstat,True,False,False,True,False,False,False,False,False,,,,,,,
2026-07-03,00:00,40.7263973,-73.9861637,1 AVE,10003,9,OTHER,Street,1.87360377244172,False,MANHATTAN,"(40.7263973, -73.9861637)",trafficstat,True,False,False,False,False,True,False,False,False,,,,,,,
2026-07-02,00:00,40.7253151,-73.9889821,E  3 ST,10003,9,OTHER,Street,32.296069693057895,False,MANHATTAN,"(40.7253151, -73.9889821)",trafficstat,False,False,False,False,False,False,False,False,False,,,,,,,
2026-07-02,00:00,40.7335258,-73.9898679,4 AVE,10003,9,UNKNOWN,Street,1.0862389000455113,False,MANHATTAN,"(40.7335258, -73.9898679)",trafficstat,True,False,False,False,False,False,True,False,False,,,,,,,
2026-06-30,00:00,40.734126,-73.9907426,BROADWAY,10003,9,UNKNOWN,Street,47.142956888500144,False,MANHATTAN,"(40.734126, -73.9907426)",trafficstat,False,False,False,False,False,False,False,False,False,,,,,,,
2026-06-30,00:00,40.7285881,-73.9911423,E  6 ST,10003,9,UNKNOWN,Street,1.0331111113064768,False,MANHATTAN,"(40.7285881, -73.9911423)",trafficstat,True,False,False,True,False,False,False,False,False,,,,,,,
2026-06-27,00:00,40.7266895,-73.9955208,BROADWAY,10012,9,UNKNOWN,Street,45.44122845127833,False,MANHATTAN,"(40.7266895, -73.9955208)",trafficstat,True,False,False,True,False,False,False,False,False,,,,,,,
2026-06-21,00:00,40.7266895,-73.9955208,BROADWAY,10012,9,OTHER,Street,45.44122845127833,False,MANHATTAN,"(40.7266895, -73.9955208)",trafficstat,True,False,False,True,False,False,False,False,False,,,,,,,
2026-06-26,00:00,40.7210199,-73.9781566,AVE D,10009,9,UNKNOWN,Street,41.610989305648886,False,MANHATTAN,"(40.7210199, -73.9781566)",trafficstat,True,False,False,False,True,False,False,False,False,,,,,,,
2026-06-22,00:00,40.7222096,-73.9831543,AVE B,10009,9,OTHER,Street,37.826873596033764,False,MANHATTAN,"(40.7222096, -73.9831543)",trafficstat,True,False,True,False,False,False,False,False,False,,,,,,,
2026-06-21,00:00,40.7251576,-73.9940863,MOTT ST,10012,9,UNKNOWN,Street,28.356770188545784,False,MANHATTAN,"(40.7251576, -73.9940863)",trafficstat,False,False,False,False,False,False,False,False,False,,,,,,,
2026-06-21,00:00,40.727095,-73.9915538,BOWERY,10003,9,OTHER,Street,1.0624904276891414,False,MANHATTAN,"(40.727095, -73.9915538)",trafficstat,True,False,False,True,False,False,False,False,False,,,,,,,
2026-06-21,00:00,40.7277229,-73.9835147,E  9 ST,10009,9,OTHER,Street,31.189628628784373,False,MANHATTAN,"(40.7277229, -73.9835147)",trafficstat,False,False,False,False,False,False,False,False,False,,,,,,,