crash_date,crash_time,latitude,longitude,on_street_name,zip_code,precinct,collision_type,roadway_type,geocode_dist_feet,time_is_known,borough,location,source,injury,fatality,injured_pedestrian,injured_cyclist,injured_ebike_rider,injured_motorcyclist,injured_moped_rider,injured_car_occupant,injured_suv_occupant,number_of_persons_injured,number_of_persons_killed,contributing_factor_vehicle_1,collision_id,cross_street_name,off_street_name,vehicle_type_code1
2026-06-21,00:00,40.7304075,-73.9897901,E  9 ST,10003,9,OTHER,Street,44.27262564966267,False,MANHATTAN,"(40.7304075, -73.9897901)",trafficstat,False,False,False,False,False,False,False,False,False,,,,,,,
2026-06-21,00:00,40.732754,-73.990036,4 AVE,10003,9,UNKNOWN,Street,0.4633183735159788,False,MANHATTAN,"(40.732754, -73.990036)",trafficstat,False,False,False,False,False,False,False,False,False,,,,,,,
2026-06-19,00:00,40.73234,-73.9873042,E  13 ST,10003,9,UNKNOWN,Street,35.45607579587833,False,MANHATTAN,"(40.73234, -73.9873042)",trafficstat,True,False,False,True,False,False,False,False,False,,,,,,,
2026-06-18,00:00,40.7348379,-73.9907554,BROADWAY,10003,9,UNKNOWN,Street,0.5383159687643285,False,MANHATTAN,"(40.7348379, -73.9907554)",trafficstat,True,False,True,False,False,False,False,False,False,,,,,,,
2026-06-18,00:00,40.7240298,-73.9840676,E  4 ST,10009,9,UNKNOWN,Street,28.121905091324578,False,MANHATTAN,"(40.7240298, -73.9840676)",trafficstat,True,False,False,True,False,False,False,False,False,,,,,,,
2026-06-18,00:00,40.719935,-73.9787516,COLUMBIA ST,10002,9,UNKNOWN,Street,1.4625204083902275,False,MANHATTAN,"(40.719935, -73.9787516)",trafficstat,False,False,False,False,False,False,False,False,False,,,,,,,
2026-06-17,00:00,40.725777,-73.986604,1 AVE,10003,9,OTHER,Street,1.808585786173131,False,MANHATTAN,"(40.725777, -73.986604)",trafficstat,True,False,False,True,False,False,False,False,False,,,,,,,
2026-06-16,00:00,40.7267791,-73.988985,2 AVE,10003,9,OTHER,Street,1.7183043464163974,False,MANHATTAN,"(40.7267791, -73.988985)",trafficstat,False,False,False,False,False,False,False,False,False,,,,,,,
2026-06-14,00:00,40.724776,-73.9876983,E  3 ST,10003,9,UNKNOWN,Street,33.94827465557123,False,MANHATTAN,"(40.724776, -73.9876983)",trafficstat,False,False,False,False,False,False,False,False,False,,,,,,,
2026-06-13,00:00,40.7272105,-73.99527,BROADWAY,10012,9,UNKNOWN,Street,2.00211047813255,False,MANHATTAN,"(40.7272105, -73.99527)",trafficstat,False,False,False,False,False,False,False,False,False,,,,,,,
2026-06-13,00:00,40.7309297,-73.9819875,E  14 ST,10009,9,OTHER,Street,45.910174177843246,False,MANHATTAN,"(40.7309297, -73.9819875)",trafficstat,False,False,False,False,False,False,False,False,False,,,,,,,
2026-09-13,00:00,40.7441162,-73.998007,W  22 ST,10011,10,UNKNOWN,Street,36.43246233055674,False,MANHATTAN,"(40.7441162, -73.998007)",trafficstat,False,False,False,False,False,False,False,False,False,,,,,,,
2026-09-13,00:00,40.7428638,-74.0039696,9 AVE,10011,10,UNKNOWN,Street,1.5389117241933141,False,MANHATTAN,"(40.7428638, -74.0039696)",trafficstat,False,False,False,False,False,False,False,False,False,,,,,,,
2026-09-12,00:00,40.7485061,-74.0033525,10 AVE,10001,10,UNKNOWN,Street,56.79946970581029,False,MANHATTAN,"(40.7485061, -74.0033525)",trafficstat,True,False,False,False,False,False,False,False,True,,,,,,,
2026-09-12,00:00,40.7517511,-74.0079259,W  26 ST,10001,10,OTHER,Street,2.338060773951224,False,MANHATTAN,"(40.7517511, -74.0079259)",trafficstat,True,False,False,True,False,False,False,False,False,,,,,,,
2026-08-18,00:00,40.7517511,-74.0079259,W  26 ST,10001,10,OTHER,Street,2.338060773951224,False,MANHATTAN,"(40.7517511, -74.0079259)",trafficstat,False,False,False,False,False,False,False,False,False,,,,,,,
2026-09-11,00:00,40.760155,-73.998795,W  41 ST,10036,10,UNKNOWN,Bridge,2.354307407153111,False,MANHATTAN,"(40.760155, -73.998795)",trafficstat,True,False,False,True,False,False,False,False,False,,,,,,,
2026-09-11,00:00,40.754585,-73.999146,10 AVE,10001,10,OTHER,Street,0.9594698516888903,False,MANHATTAN,"(40.754585, -73.999146)",trafficstat,False,False,False,False,False,False,False,False,False,,,,,,,
2026-06-28,00:00,40.754585,-73.999146,10 AVE,10001,10,UNKNOWN,Street,0.9594698516888903,False,MANHATTAN,"(40.754585, -73.999146)",trafficstat,False,False,False,False,False,False,False,False,False,,,,,,,
2026-09-11,00:00,40.7601585,-74.0026386,W  39 ST,10018,10,OTHER,Street,1.97141529601667,False,MANHATTAN,"(40.7601585, -74.0026386)",trafficstat,False,False,False,False,False,False,False,False,False,,,,,,,
2026-08-27,00:00,40.7601585,-74.0026386,W  39 ST,10018,10,UNKNOWN,Street,1.97141529601667,False,MANHATTAN,"(40.7601585, -74.0026386)",trafficstat,False,False,False,False,False,False,False,False,False,,,,,,,
2026-06-13,00:00,40.7601585,-74.0026386,W  39 ST,10018,10,UNKNOWN,Street,1.97141529601667,False,MANHATTAN,"(40.7601585, -74.0026386)",trafficstat,False,False,False,False,False,False,False,False,False,,,,,,,
2026-09-08,00:00,40.7578281,-73.9930696,W  41 ST,10036,10,UNKNOWN,Street,1.7327285740652758,False,MANHATTAN,"(40.7578281, -73.9930696)",trafficstat,False,False,False,False,False,False,False,False,False,,,,,,,
2026-08-17,00:00,40.7578281,-73.9930696,W  41 ST,10036,10,UNKNOWN,Street,1.7327285740652758,False,MANHATTAN,"(40.7578281, -73.9930696)",trafficstat,False,False,False,False,False,False,False,False,False,,,,,,,
2026-09-08,00:00,40.7558713,-73.9982133,10 AVE,10018,10,UNKNOWN,Street,1.626960918761292,False,MANHATTAN,"(40.7558713, -73.9982133)",trafficstat,False,False,False,False,False,False,False,False,False,,,,,,,
2026-09-08,00:00,40.7445057,-74.0003485,W  21 ST,10011,10,OTHER,Street,31.31282840028911,False,MANHATTAN,"(40.7445057, -74.0003485)",trafficstat,False,False,False,False,False,False,False,False,False,,,,,,,
2026-09-06,00:00,40.7425755,-73.9975946,W  20 ST,10011,10,OTHER,Street,29.37546400582197,False,MANHATTAN,"(40.7425755, -73.9975946)",trafficstat,False,False,False,False,False,False,False,False,False,,,,,,,
2026-09-06,00:00,40.755207,-73.996654,DYER AVE,10018,10,UNKNOWN,Street,2.0942665948754358,False,MANHATTAN,"(40.755207, -73.996654)",trafficstat,True,False,False,True,False,False,False,False,False,,,,,,,
2026-08-19,00:00,40.755207,-73.996654,DYER AVE,10018,10,OTHER,Street,2.0942665948754358,False,MANHATTAN,"(40.755207, -73.996654)",trafficstat,False,False,False,False,False,False,False,False,False,,,,,,,
2026-09-06,00:00,40.754584,-73.9991445,10 AVE,10001,10,UNKNOWN,Street,1.4972287389627148,False,MANHATTAN,"(40.754584, -73.9991445)",trafficstat,True,False,True,False,False,False,False,False,False,,,,,,,
2026-07-04,00:00,40.754584,-73.9991445,10 AVE,10001,10,UNKNOWN,Street,1.4972287389627148,False,MANHATTAN,"(40.754584, -73.9991445)",trafficstat,False,False,False,False,False,False,False,False,False,,,,,,,
2026-09-05,00:00,40.7473595,-74.0037859,W  23 ST,10011,10,OTHER,Street,56.21926566949145,False,MANHATTAN,"(40.7473595, -74.0037859)",trafficstat,True,False,False,False,False,True,False,False,False,,,,,,,
2026-09-02,00:00,40.75449,-74.00674,W  30 ST,10001,10,UNKNOWN,Street,2.987877321958718,False,MANHATTAN,"(40.75449, -74.00674)",trafficstat,True,False,False,False,False,False,False,True,False,,,,,,,
2026-08-29,00:00,40.7589782,-73.9939357,DYER AVE,10018,10,OTHER,Street,2.1614189803943997,False,MANHATTAN,"(40.7589782, -73.9939357)",trafficstat,True,False,False,True,False,False,False,False,False,,,,,,,
2026-08-29,00:00,40.74702,-74.004654,10 AVE,10011,10,OTHER,Street,1.371334210725777,False,MANHATTAN,"(40.74702, -74.004654)",trafficstat,False,False,False,False,False,False,False,False,False,,,,,,,
2026-08-28,00:00,40.75224,-73.9994766,LINCOLN TUNNEL EXIT 9 AV,10001,10,OTHER,Ramp,1.3781607988919062,False,MANHATTAN,"(40.75224, -73.9994766)",trafficstat,False,False,False,False,False,False,False,False,False,,,,,,,
2026-08-28,00:00,40.74844,-73.99619,W  28 ST,10001,10,UNKNOWN,Street,1.349642461394549,False,MANHATTAN,"(40.74844, -73.99619)",trafficstat,False,False,False,False,False,False,False,False,False,,,,,,,
2026-08-27,00:00,40.7449417,-74.0025441,9 AVE,10011,10,UNKNOWN,Street,19.148611017846846,False,MANHATTAN,"(40.7449417, -74.0025441)",trafficstat,False,False,False,False,False,False,False,False,False,,,,,,,
2026-08-26,00:00,40.7471828,-73.9972018,8 AVE,10001,10,UNKNOWN,Street,19.245676872862646,False,MANHATTAN,"(40.7471828, -73.9972018)",trafficstat,False,False,False,False,False,False,False,False,False,,,,,,,
2026-08-26,00:00,40.745293,-73.9984878,8 AVE,10011,10,UNKNOWN,Street,1.6729432581566965,False,MANHATTAN,"(40.745293, -73.9984878)",trafficstat,False,False,False,False,False,False,False,False,False,,,,,,,
2026-07-06,00:00,40.745293,-73.9984878,8 AVE,10011,10,UNKNOWN,Street,1.6729432581566965,False,MANHATTAN,"(40.745293, -73.9984878)",trafficstat,False,False,False,False,False,False,False,False,False,,,,,,,
2026-07-01,00:00,40.745293,-73.9984878,8 AVE,10011,10,UNKNOWN,Street,1.6729432581566965,False,MANHATTAN,"(40.745293, -73.9984878)",trafficstat,False,False,False,False,False,False,False,False,False,,,,,,,
2026-06-16,00:00,40.745293,-73.9984878,8 AVE,10011,10,UNKNOWN,Street,1.6729432581566965,False,MANHATTAN,"(40.745293, -73.9984878)",trafficstat,True,False,False,False,False,False,False,True,False,,,,,,,
2026-08-26,00:00,40.7446451,-74.006384,10 AVE,10011,10,UNKNOWN,Street,2.1027314687971974,False,MANHATTAN,"(40.7446451, -74.006384)",trafficstat,False,False,False,False,False,False,False,False,False,,,,,,,
2026-08-26,00:00,40.7589975,-73.9959319,10 AVE,10018,10,UNKNOWN,Street,1.4872195138703566,False,MANHATTAN,"(40.7589975, -73.9959319)",trafficstat,False,False,False,False,False,False,False,False,False,,,,,,,
2026-08-09,00:00,40.7589975,-73.9959319,10 AVE,10018,10,OTHER,Street,1.4872195138703566,False,MANHATTAN,"(40.7589975, -73.9959319)",trafficstat,False,False,False,False,False,False,False,False,False,,,,,,,
2026-08-02,00:00,40.7589975,-73.9959319,10 AVE,10018,10,UNKNOWN,Street,1.4872195138703566,False,MANHATTAN,"(40.7589975, -73.9959319)",trafficstat,False,False,False,False,False,False,False,False,False,,,,,,,
2026-08-25,00:00,40.762025,-74.0011515,W  42 ST,10036,10,OTHER,Street,2.7041582899117813,False,MANHATTAN,"(40.762025, -74.0011515)",trafficstat,True,False,True,False,False,False,False,False,False,,,,,,,
2026-07-10,00:00,40.762025,-74.0011515,W  42 ST,10036,10,UNKNOWN,Street,2.7041582899117813,False,MANHATTAN,"(40.762025, -74.0011515)",trafficstat,True,False,False,False,False,False,False,False,False,,,,,,,
2026-07-03,00:00,40.762025,-74.0011515,W  42 ST,10036,10,UNKNOWN,Street,2.7041582899117813,False,MANHATTAN,"(40.762025, -74.0011515)",trafficstat,False,False,False,False,False,False,False,False,False,,,,,,,
2026-07-02,00:00,40.762025,-74.0011515,W  42 ST,10036,10,UNKNOWN,Street,2.7041582899117813,False,MANHATTAN,"(40.762025, -74.0011515)",trafficstat,False,False,False,False,False,False,False,False,False,,,,,,,
2026-06-28,00:00,40.762025,-74.0011515,W  42 ST,10036,10,UNKNOWN,Street,2.7041582899117813,False,MANHATTAN,"(40.762025, -74.0011515)",trafficstat,False,False,False,False,False,False,False,False,False,,,,,,,
2026-08-24,00:00,40.7595273,-73.9992419,W  40 ST,10018,10,UNKNOWN,Street,1.9633855153549298,False,MANHATTAN,"(40.7595273, -73.9992419)",trafficstat,True,False,False,False,False,False,False,True,False,,,,,,,
2026-08-11,00:00,40.7595273,-73.9992419,W  40 ST,10018,10,UNKNOWN,Street,1.9633855153549298,False,MANHATTAN,"(40.7595273, -73.9992419)",trafficstat,False,False,False,False,False,False,False,False,False,,,,,,,
2026-07-23,00:00,40.7595273,-73.9992419,W  40 ST,10018,10,UNKNOWN,Street,1.9633855153549298,False,MANHATTAN,"(40.7595273, -73.9992419)",trafficstat,False,False,False,False,False,False,False,False,False,,,,,,,
2026-06-14,00:00,40.7595273,-73.9992419,W  40 ST,10018,10,UNKNOWN,Street,1.9633855153549298,False,MANHATTAN,"(40.7595273, -73.9992419)",trafficstat,False,False,False,False,False,False,False,False,False,,,,,,,
2026-08-24,00:00,40.7503074,-74.008366,W  24 ST,10011,10,OTHER,Street,2.4940506918486163,False,MANHATTAN,"(40.7503074, -74.008366)",trafficstat,False,False,False,False,False,False,False,False,False,,,,,,,
2026-08-24,00:00,40.7421278,-73.998317,W  19 ST,10011,10,UNKNOWN,Street,33.67051373629019,False,MANHATTAN,"(40.7421278, -73.998317)",trafficstat,False,False,False,False,False,False,False,False,False,,,,,,,
2026-08-23,00:00,40.7551145,-73.9980909,W  35 ST,10001,10,UNKNOWN,Street,30.298050928932167,False,MANHATTAN,"(40.7551145, -73.9980909)",trafficstat,False,False,False,False,False,False,False,False,False,,,,,,,
2026-08-23,00:00,40.7551999,-73.9982981,W  35 ST,10001,10,UNKNOWN,Street,29.69600259987174,False,MANHATTAN,"(40.7551999, -73.9982981)",trafficstat,False,False,False,False,False,False,False,False,False,,,,,,,
2026-08-22,00:00,40.7388743,-74.0000145,W  14 ST,10011,10,UNKNOWN,Street,55.58318200399235,False,MANHATTAN,"(40.7388743, -74.0000145)",trafficstat,False,False,False,False,False,False,False,False,False,,,,,,,
2026-08-22,00:00,40.743312,-74.0038899,9 AVE,10011,10,OTHER,Street,58.42954122438353,False,MANHATTAN,"(40.743312, -74.0038899)",trafficstat,True,False,False,True,False,False,False,False,False,,,,,,,
2026-08-22,00:00,40.752723,-73.9967877,9 AVE,10001,10,UNKNOWN,Street,2.270381077056713,False,MANHATTAN,"(40.752723, -73.9967877)",trafficstat,False,False,False,False,False,False,False,False,False,,,,,,,
2026-08-21,00:00,40.7449746,-74.0038415,W  20 ST,10011,10,UNKNOWN,Street,43.90058064508165,False,MANHATTAN,"(40.7449746, -74.0038415)",trafficstat,False,False,False,False,False,False,False,False,False,,,,,,,
2026-08-20,00:00,40.7447771,-73.99684,W  23 ST,10011,10,UNKNOWN,Street,53.56341718002672,False,MANHATTAN,"(40.7447771, -73.99684)",trafficstat,False,False,False,False,False,False,False,False,False,,,,,,,
2026-08-20,00:00,40.7615007,-73.9978196,11 AVE,10036,10,OTHER,Street,1.8669602850505083,False,MANHATTAN,"(40.7615007, -73.9978196)",trafficstat,False,False,False,False,False,False,False,False,False,,,,,,,
2026-07-01,00:00,40.7615007,-73.9978196,11 AVE,10036,10,UNKNOWN,Street,1.8669602850505083,False,MANHATTAN,"(40.7615007, -73.9978196)",trafficstat,True,False,False,False,False,False,False,False,False,,,,,,,
2026-08-19,00:00,40.7570212,-74.004927,W  34 ST,10001,10,OTHER,Street,2.9106470717135857,False,MANHATTAN,"(40.7570212, -74.004927)",trafficstat,False,False,False,False,False,False,False,False,False,,,,,,,
2026-07-27,00:00,40.7570212,-74.004927,W  34 ST,10001,10,UNKNOWN,Street,2.9106470717135857,False,MANHATTAN,"(40.7570212, -74.004927)",trafficstat,True,False,True,False,False,False,False,False,False,,,,,,,
2026-07-09,00:00,40.7570212,-74.004927,W  34 ST,10001,10,UNKNOWN,Street,2.9106470717135857,False,MANHATTAN,"(40.7570212, -74.004927)",trafficstat,True,False,False,True,False,False,False,False,False,,,,,,,
2026-08-19,00:00,40.7434703,-74.007232,10 AVE,10011,10,UNKNOWN,Street,1.9012897635217343,False,MANHATTAN,"(40.7434703, -74.007232)",trafficstat,False,False,False,False,False,False,False,False,False,,,,,,,
2026-08-18,00:00,40.7476891,-74.0041684,10 AVE,10011,10,UNKNOWN,Street,1.7750764506004042,False,MANHATTAN,"(40.7476891, -74.0041684)",trafficstat,True,False,False,True,False,False,False,False,False,,,,,,,
2026-08-10,00:00,40.7476891,-74.0041684,10 AVE,10011,10,UNKNOWN,Street,1.7750764506004042,False,MANHATTAN,"(40.7476891, -74.0041684)",trafficstat,False,False,False,False,False,False,False,False,False,,,,,,,
2026-07-28,00:00,40.7476891,-74.0041684,10 AVE,10011,10,UNKNOWN,Street,1.7750764506004042,False,MANHATTAN,"(40.7476891, -74.0041684)",trafficstat,False,False,False,False,False,False,False,False,False,,,,,,,
2026-06-30,00:00,40.7476891,-74.0041684,10 AVE,10011,10,OTHER,Street,1.7750764506004042,False,MANHATTAN,"(40.7476891, -74.0041684)",trafficstat,False,False,False,False,False,False,False,False,False,,,,,,,
2026-08-18,00:00,40.7488912,-74.0070233,11 AVE,10011,10,UNKNOWN,Street,0.08128271432292879,False,MANHATTAN,"(40.7488912, -74.0070233)",trafficstat,False,False,False,False,False,False,False,False,False,,,,,,,
2026-08-18,00:00,40.759626,-73.9954734,10 AVE,10036,10,UNKNOWN,Street,2.1843553071703146,False,MANHATTAN,"(40.759626, -73.9954734)",trafficstat,False,False,False,False,False,False,False,False,False,,,,,,,
2026-08-04,00:00,40.759626,-73.9954734,10 AVE,10036,10,UNKNOWN,Street,2.1843553071703146,False,MANHATTAN,"(40.759626, -73.9954734)",trafficstat,False,False,False,False,False,False,False,False,False,,,,,,,
2026-07-25,00:00,40.759626,-73.9954734,10 AVE,10036,10,UNKNOWN,Street,2.1843553071703146,False,MANHATTAN,"(40.759626, -73.9954734)",trafficstat,False,False,False,False,False,False,False,False,False,,,,,,,
2026-08-18,00:00,40.7557807,-74.0019852,11 AVE,10001,10,UNKNOWN,Street,1.8442947774346183,False,MANHATTAN,"(40.7557807, -74.0019852)",trafficstat,False,False,False,False,False,False,False,False,False,,,,,,,
2026-07-24,00:00,40.7557807,-74.0019852,11 AVE,10001,10,UNKNOWN,Street,1.8442947774346183,False,MANHATTAN,"(40.7557807, -74.0019852)",trafficstat,False,False,False,False,False,False,False,False,False,,,,,,,
2026-07-18,00:00,40.7557807,-74.0019852,11 AVE,10001,10,UNKNOWN,Street,1.8442947774346183,False,MANHATTAN,"(40.7557807, -74.0019852)",trafficstat,False,False,False,False,False,False,False,False,False,,,,,,,
2026-06-22,00:00,40.7557807,-74.0019852,11 AVE,10001,10,OTHER,Street,1.8442947774346183,False,MANHATTAN,"(40.7557807, -74.0019852)",trafficstat,True,False,True,False,False,False,False,False,False,,,,,,,
2026-08-14,00:00,40.7607761,-74.0021838,12 AVE,10018,10,UNKNOWN,Highway,33.39977193383389,False,MANHATTAN,"(40.7607761, -74.0021838)",trafficstat,False,False,False,False,False,False,False,False,False,,,,,,,
2026-06-22,00:00,40.7607761,-74.0021838,12 AVE,10018,10,OTHER,Highway,33.39977193383389,False,MANHATTAN,"(40.7607761, -74.0021838)",trafficstat,False,False,False,False,False,False,False,False,False,,,,,,,
2026-06-13,00:00,40.7607761,-74.0021838,12 AVE,10018,10,OTHER,Highway,33.39977193383389,False,MANHATTAN,"(40.7607761, -74.0021838)",trafficstat,False,False,False,False,False,False,False,False,False,,,,,,,
2026-08-13,00:00,40.7416672,-74.0011295,8 AVE,10011,10,UNKNOWN,Street,1.84463771082021,False,MANHATTAN,"(40.7416672, -74.0011295)",trafficstat,True,False,False,False,False,False,False,False,False,,,,,,,
2026-08-10,00:00,40.7482034,-74.0029598,W  24 ST,10011,10,UNKNOWN,Street,47.47472356428513,False,MANHATTAN,"(40.7482034, -74.0029598)",trafficstat,False,False,False,False,False,False,False,False,False,,,,,,,
2026-08-09,00:00,40.7438467,-74.0029258,W  19 ST,10011,10,UNKNOWN,Street,36.75367136690621,False,MANHATTAN,"(40.7438467, -74.0029258)",trafficstat,False,False,False,False,False,False,False,False,False,,,,,,,
2026-08-09,00:00,40.7515994,-74.0016393,W  29 ST,10001,10,UNKNOWN,Street,18.438769953520303,False,MANHATTAN,"(40.7515994, -74.0016393)",trafficstat,False,False,False,False,False,False,False,False,False,,,,,,,
2026-08-08,00:00,40.7520588,-74.0009817,10 AVE,10001,10,UNKNOWN,Street,1.7086607716459388,False,MANHATTAN,"(40.7520588, -74.0009817)",trafficstat,False,False,False,False,False,False,False,False,False,,,,,,,
2026-07-06,00:00,40.7520588,-74.0009817,10 AVE,10001,10,OTHER,Street,1.7086607716459388,False,MANHATTAN,"(40.7520588, -74.0009817)",trafficstat,True,False,False,True,False,False,False,False,False,,,,,,,
2026-08-08,00:00,40.7447026,-74.0083473,W  17 ST,10011,10,UNKNOWN,Street,2.8797541870440173,False,MANHATTAN,"(40.7447026, -74.0083473)",trafficstat,False,False,False,False,False,False,False,False,False,,,,,,,
2026-08-07,00:00,40.7539562,-73.9999711,W  33 ST,10001,10,UNKNOWN,Street,35.84901230552392,False,MANHATTAN,"(40.7539562, -73.9999711)",trafficstat,True,False,True,False,False,False,False,False,False,,,,,,,
2026-08-07,00:00,40.755076,-74.0057334,12 AVE,10001,10,OTHER,Highway,112.3267563807289,False,MANHATTAN,"(40.755076, -74.0057334)",trafficstat,True,False,False,False,False,True,False,False,False,,,,,,,
2026-08-07,00:00,40.7531565,-74.0004338,10 AVE,10001,10,UNKNOWN,Street,58.228714407822345,False,MANHATTAN,"(40.7531565, -74.0004338)",trafficstat,True,False,True,False,False,False,False,False,False,,,,,,,
2026-08-07,00:00,40.760822,-73.998314,11 AVE,10036,10,OTHER,Street,1.3265472985036275,False,MANHATTAN,"(40.760822, -73.998314)",trafficstat,False,False,False,False,False,False,False,False,False,,,,,,,
2026-08-05,00:00,40.7555178,-73.9990426,W  35 ST,10001,10,UNKNOWN,Street,30.93580116313994,False,MANHATTAN,"(40.7555178, -73.9990426)",trafficstat,False,False,False,False,False,False,False,False,False,,,,,,,
2026-08-05,00:00,40.7544302,-74.0024462,11 AVE,10001,10,UNKNOWN,Street,128.83330254365973,False,MANHATTAN,"(40.7544302, -74.0024462)",trafficstat,False,False,False,False,False,False,False,False,False,,,,,,,
2026-08-05,00:00,40.753261,-74.0038222,11 AVE,10001,10,UNKNOWN,Street,1.7056873624555344,False,MANHATTAN,"(40.753261, -74.0038222)",trafficstat,False,False,False,False,False,False,False,False,False,,,,,,,
2026-07-02,00:00,40.753261,-74.0038222,11 AVE,10001,10,UNKNOWN,Street,1.7056873624555344,False,MANHATTAN,"(40.753261, -74.0038222)",trafficstat,False,False,False,False,False,False,False,False,False,,,,,,,
2026-08-05,00:00,40.7435054,-74.0046941,W  17 ST,10011,10,UNKNOWN,Street,104.8371290277467,False,MANHATTAN,"(40.7435054, -74.0046941)",trafficstat,False,False,False,False,False,False,False,False,False,,,,,,,
2026-08-05,00:00,40.7450565,-73.9975033,W  23 ST,10011,10,OTHER,Street,53.662407060370825,False,MANHATTAN,"(40.7450565, -73.9975033)",trafficstat,False,False,False,False,False,False,False,False,False,,,,,,,
2026-08-04,00:00,40.7544905,-74.0067387,W  30 ST,10001,10,UNKNOWN,Street,2.6504410374270333,False,MANHATTAN,"(40.7544905, -74.0067387)",trafficstat,False,False,False,False,False,False,False,False,False,,,,,,,
2026-08-02,00:00,40.7607212,-73.9999827,W  41 ST,10036,10,UNKNOWN,Street,18.431498027762864,False,MANHATTAN,"(40.7607212, -73.9999827)",trafficstat,False,False,False,False,False,False,False,False,False,,,,,,,
2026-08-02,00:00,40.7546992,-73.9979606,CONNECTOR,10001,10,UNKNOWN,Street,1.0772468454316244,False,MANHATTAN,"(40.7546992, -73.9979606)",trafficstat,True,False,False,True,False,False,False,False,False,,,,,,,
2026-08-02,00:00,40.743423,-73.99985,8 AVE,10011,10,UNKNOWN,Street,1.6998001563908003,False,MANHATTAN,"(40.743423, -73.99985)",trafficstat,True,False,False,True,False,False,False,False,False,,,,,,,
2026-08-01,00:00,40.7440057,-73.9994153,8 AVE,10011,10,OTHER,Street,2.2045210891169638,False,MANHATTAN,"(40.7440057, -73.9994153)",trafficstat,False,False,False,False,False,False,False,False,False,,,,,,,
2026-08-01,00:00,40.7453954,-74.0024495,W  21 ST,10011,10,UNKNOWN,Street,32.87435339106204,False,MANHATTAN,"(40.7453954, -74.0024495)",trafficstat,True,False,False,True,False,False,False,False,False,,,,,,,
2026-08-01,00:00,40.7538317,-74.0071393,W  29 ST,10001,10,OTHER,Street,2.1532526512930086,False,MANHATTAN,"(40.7538317, -74.0071393)",trafficstat,False,False,False,False,False,False,False,False,False,,,,,,,
2026-07-30,00:00,40.7450452,-74.0002449,W  22 ST,10011,10,OTHER,Street,41.04650246308525,False,MANHATTAN,"(40.7450452, -74.0002449)",trafficstat,False,False,False,False,False,False,False,False,False,,,,,,,
2026-07-28,00:00,40.7526874,-74.0005269,10 AVE,10001,10,UNKNOWN,Street,1.895998224496924,False,MANHATTAN,"(40.7526874, -74.0005269)",trafficstat,False,False,False,False,False,False,False,False,False,,,,,,,
2026-07-25,00:00,40.7397513,-74.0025224,8 AVE,10014,10,UNKNOWN,Street,2.376431590988617,False,MANHATTAN,"(40.7397513, -74.0025224)",trafficstat,False,False,False,False,False,False,False,False,False,,,,,,,
2026-06-12,00:00,40.7397513,-74.0025224,8 AVE,10014,10,OTHER,Street,2.376431590988617,False,MANHATTAN,"(40.7397513, -74.0025224)",trafficstat,True,False,False,True,False,False,False,True,False,,,,,,,
2026-07-23,00:00,40.7422271,-73.9970083,7 AVE,10011,10,UNKNOWN,Street,1.6893992619153828,False,MANHATTAN,"(40.7422271, -73.9970083)",trafficstat,False,False,False,False,False,False,False,False,False,,,,,,,
2026-07-23,00:00,40.7483561,-74.0036884,10 AVE,10011,10,UNKNOWN,Street,2.2098271180193567,False,MANHATTAN,"(40.7483561, -74.0036884)",trafficstat,False,False,False,False,False,False,False,False,False,,,,,,,
2026-07-21,00:00,40.7584291,-73.9926327,9 AVE,10036,10,OTHER,Street,1.947868733608324,False,MANHATTAN,"(40.7584291, -73.9926327)",trafficstat,False,False,False,False,False,False,False,False,False,,,,,,,
2026-07-19,00:00,40.7472361,-73.9933594,7 AVE,10001,10,OTHER,Street,1.5321174934657633,False,MANHATTAN,"(40.7472361, -73.9933594)",trafficstat,False,False,False,False,False,False,False,False,False,,,,,,,
2026-07-19,00:00,40.7422847,-74.004417,9 AVE,10011,10,UNKNOWN,Street,0.5505404983339783,False,MANHATTAN,"(40.7422847, -74.004417)",trafficstat,False,False,False,False,False,False,False,False,False,,,,,,,
2026-07-18,00:00,40.7427446,-73.9979933,W  20 ST,10011,10,OTHER,Street,29.737185090018198,False,MANHATTAN,"(40.7427446, -73.9979933)",trafficstat,False,False,False,False,False,False,False,False,False,,,,,,,
2026-07-18,00:00,40.7410798,-74.0015553,8 AVE,10011,10,UNKNOWN,Street,1.8165155163219306,False,MANHATTAN,"(40.7410798, -74.0015553)",trafficstat,True,False,False,False,False,False,False,True,False,,,,,,,
2026-07-17,00:00,40.7436605,-74.0061403,W  17 ST,10011,10,OTHER,Street,40.01499052909859,False,MANHATTAN,"(40.7436605, -74.0061403)",trafficstat,False,False,False,False,False,False,False,False,False,,,,,,,
2026-07-17,00:00,40.7582781,-73.9997544,LINCOLN TUNL,10018,10,UNKNOWN,Tunnel,0.3410201221830738,False,MANHATTAN,"(40.7582781, -73.9997544)",trafficstat,False,False,False,False,False,False,False,False,False,,,,,,,