crash_date,crash_time,latitude,longitude,on_street_name,zip_code,precinct,collision_type,roadway_type,geocode_dist_feet,time_is_known,borough,location,source,injury,fatality,injured_pedestrian,injured_cyclist,injured_ebike_rider,injured_motorcyclist,injured_moped_rider,injured_car_occupant,injured_suv_occupant,number_of_persons_injured,number_of_persons_killed,contributing_factor_vehicle_1,collision_id,cross_street_name,off_street_name,vehicle_type_code1
2026-07-17,00:00,40.75578,-74.00198,W  34 ST,10001,10,UNKNOWN,Street,2.172134501597948,False,MANHATTAN,"(40.75578, -74.00198)",trafficstat,False,False,False,False,False,False,False,False,False,,,,,,,
2026-07-16,00:00,40.7514055,-74.0051756,11 AVE,10001,10,UNKNOWN,Street,2.2535784680584188,False,MANHATTAN,"(40.7514055, -74.0051756)",trafficstat,False,False,False,False,False,False,False,False,False,,,,,,,
2026-07-15,00:00,40.7426008,-73.998148,W  20 ST,10011,10,OTHER,Street,36.86384136269063,False,MANHATTAN,"(40.7426008, -73.998148)",trafficstat,False,False,False,False,False,False,False,False,False,,,,,,,
2026-07-13,00:00,40.7441757,-73.9981589,W  22 ST,10011,10,UNKNOWN,Street,37.88968250287494,False,MANHATTAN,"(40.7441757, -73.9981589)",trafficstat,False,False,False,False,False,False,False,False,False,,,,,,,
2026-07-13,00:00,40.7530237,-74.0037671,11 AVE,10001,10,UNKNOWN,Street,57.0629119845014,False,MANHATTAN,"(40.7530237, -74.0037671)",trafficstat,False,False,False,False,False,False,False,False,False,,,,,,,
2026-07-12,00:00,40.755207,-73.99665,W  36 ST,10018,10,UNKNOWN,Street,1.626818531406371,False,MANHATTAN,"(40.755207, -73.99665)",trafficstat,False,False,False,False,False,False,False,False,False,,,,,,,
2026-07-12,00:00,40.744099,-73.9956441,7 AVE,10011,10,OTHER,Street,1.8875966114799234,False,MANHATTAN,"(40.744099, -73.9956441)",trafficstat,True,False,True,False,False,False,False,False,False,,,,,,,
2026-07-04,00:00,40.744099,-73.9956441,7 AVE,10011,10,UNKNOWN,Street,1.8875966114799234,False,MANHATTAN,"(40.744099, -73.9956441)",trafficstat,False,False,False,False,False,False,False,False,False,,,,,,,
2026-07-10,00:00,40.7538942,-73.9971059,W  34 ST,10001,10,UNKNOWN,Street,52.391095282405225,False,MANHATTAN,"(40.7538942, -73.9971059)",trafficstat,False,False,False,False,False,False,False,False,False,,,,,,,
2026-07-10,00:00,40.7429562,-74.0049635,W  17 ST,10011,10,UNKNOWN,Street,106.35850422667303,False,MANHATTAN,"(40.7429562, -74.0049635)",trafficstat,False,False,False,False,False,False,False,False,False,,,,,,,
2026-07-08,00:00,40.742375,-74.0087909,W  14 ST,10014,10,OTHER,Street,2.9380613077067346,False,MANHATTAN,"(40.742375, -74.0087909)",trafficstat,False,False,False,False,False,False,False,False,False,,,,,,,
2026-07-08,00:00,40.7613333,-74.0017796,W  41 ST,10036,10,OTHER,Street,3.313418291740576,False,MANHATTAN,"(40.7613333, -74.0017796)",trafficstat,False,False,False,False,False,False,False,False,False,,,,,,,
2026-07-07,00:00,40.760835,-73.9965029,W  43 ST,10036,10,UNKNOWN,Street,36.6580995842557,False,MANHATTAN,"(40.760835, -73.9965029)",trafficstat,False,False,False,False,False,False,False,False,False,,,,,,,
2026-07-07,00:00,40.7608228,-73.9983106,11 AVE,10036,10,UNKNOWN,Street,2.0092262241323113,False,MANHATTAN,"(40.7608228, -73.9983106)",trafficstat,True,False,True,False,False,False,False,False,False,,,,,,,
2026-07-02,00:00,40.7608228,-73.9983106,11 AVE,10036,10,UNKNOWN,Street,2.0092262241323113,False,MANHATTAN,"(40.7608228, -73.9983106)",trafficstat,True,False,True,False,False,False,False,False,False,,,,,,,
2026-06-26,00:00,40.7608228,-73.9983106,11 AVE,10036,10,UNKNOWN,Street,2.0092262241323113,False,MANHATTAN,"(40.7608228, -73.9983106)",trafficstat,False,False,False,False,False,False,False,False,False,,,,,,,
2026-06-14,00:00,40.7608228,-73.9983106,11 AVE,10036,10,UNKNOWN,Street,2.0092262241323113,False,MANHATTAN,"(40.7608228, -73.9983106)",trafficstat,False,False,False,False,False,False,False,False,False,,,,,,,
2026-06-13,00:00,40.7608228,-73.9983106,11 AVE,10036,10,UNKNOWN,Street,2.0092262241323113,False,MANHATTAN,"(40.7608228, -73.9983106)",trafficstat,True,False,False,False,False,False,False,False,False,,,,,,,
2026-07-07,00:00,40.7459517,-73.9980078,8 AVE,10011,10,UNKNOWN,Street,1.8017202245242012,False,MANHATTAN,"(40.7459517, -73.9980078)",trafficstat,True,False,True,False,False,False,False,False,False,,,,,,,
2026-07-03,00:00,40.7601558,-73.9987979,11 AVE,10018,10,OTHER,Street,1.6502374788593146,False,MANHATTAN,"(40.7601558, -73.9987979)",trafficstat,True,False,False,False,False,False,False,False,False,,,,,,,
2026-07-01,00:00,40.7601558,-73.9987979,11 AVE,10018,10,OTHER,Street,1.6502374788593146,False,MANHATTAN,"(40.7601558, -73.9987979)",trafficstat,False,False,False,False,False,False,False,False,False,,,,,,,
2026-07-02,00:00,40.7603012,-73.9949824,10 AVE,10036,10,UNKNOWN,Street,1.875086968523256,False,MANHATTAN,"(40.7603012, -73.9949824)",trafficstat,True,False,False,True,False,False,False,False,False,,,,,,,
2026-06-29,00:00,40.762024,-74.00115,W  42 ST,10036,10,UNKNOWN,Street,2.7797065473222733,False,MANHATTAN,"(40.762024, -74.00115)",trafficstat,False,False,False,False,False,False,False,False,False,,,,,,,
2026-06-26,00:00,40.755251,-73.9986608,10 AVE,10001,10,UNKNOWN,Street,1.8667058173758189,False,MANHATTAN,"(40.755251, -73.9986608)",trafficstat,False,False,False,False,False,False,False,False,False,,,,,,,
2026-06-26,00:00,40.7625822,-74.0003862,W  43 ST,10036,10,UNKNOWN,Street,1.7334982228449434,False,MANHATTAN,"(40.7625822, -74.0003862)",trafficstat,False,False,False,False,False,False,False,False,False,,,,,,,
2026-06-26,00:00,40.7476736,-74.0045653,W  23 ST,10011,10,UNKNOWN,Street,60.700896857388486,False,MANHATTAN,"(40.7476736, -74.0045653)",trafficstat,False,False,False,False,False,False,False,False,False,,,,,,,
2026-06-25,00:00,40.7478262,-74.0007687,W  25 ST,10001,10,UNKNOWN,Street,33.962832167205036,False,MANHATTAN,"(40.7478262, -74.0007687)",trafficstat,False,False,False,False,False,False,False,False,False,,,,,,,
2026-06-25,00:00,40.7484384,-73.996196,8 AVE,10001,10,UNKNOWN,Street,2.0726266799702935,False,MANHATTAN,"(40.7484384, -73.996196)",trafficstat,False,False,False,False,False,False,False,False,False,,,,,,,
2026-06-25,00:00,40.7591043,-73.9921381,9 AVE,10036,10,OTHER,Street,1.6175379637206437,False,MANHATTAN,"(40.7591043, -73.9921381)",trafficstat,False,False,False,False,False,False,False,False,False,,,,,,,
2026-06-24,00:00,40.7541949,-73.9978169,W  34 ST,10001,10,UNKNOWN,Street,52.40941099087773,False,MANHATTAN,"(40.7541949, -73.9978169)",trafficstat,True,False,True,False,False,False,False,False,False,,,,,,,
2026-06-24,00:00,40.753928,-73.9976033,W  34 ST,10001,10,UNKNOWN,Street,2.9480476538618983,False,MANHATTAN,"(40.753928, -73.9976033)",trafficstat,True,False,True,False,False,False,False,False,False,,,,,,,
2026-06-12,00:00,40.753928,-73.9976033,W  34 ST,10001,10,UNKNOWN,Street,2.9480476538618983,False,MANHATTAN,"(40.753928, -73.9976033)",trafficstat,True,False,False,True,False,False,False,False,False,,,,,,,
2026-06-23,00:00,40.7460261,-74.0061875,W  20 ST,10011,10,OTHER,Street,23.351231698524273,False,MANHATTAN,"(40.7460261, -74.0061875)",trafficstat,True,False,False,False,False,False,False,False,False,,,,,,,
2026-06-23,00:00,40.7426433,-73.9977546,W  20 ST,10011,10,UNKNOWN,Street,29.50124184929594,False,MANHATTAN,"(40.7426433, -73.9977546)",trafficstat,False,False,False,False,False,False,False,False,False,,,,,,,
2026-06-22,00:00,40.7476309,-73.9964685,W  27 ST,10001,10,OTHER,Street,39.30757630620223,False,MANHATTAN,"(40.7476309, -73.9964685)",trafficstat,True,False,True,False,False,False,False,False,False,,,,,,,
2026-06-22,00:00,40.7588164,-73.9975454,W  40 ST,10018,10,UNKNOWN,Bridge,1.698965431318046,False,MANHATTAN,"(40.7588164, -73.9975454)",trafficstat,False,False,False,False,False,False,False,False,False,,,,,,,
2026-06-22,00:00,40.7577322,-73.9968524,10 AVE,10018,10,UNKNOWN,Street,1.8737361324488666,False,MANHATTAN,"(40.7577322, -73.9968524)",trafficstat,True,False,False,False,False,False,False,True,False,,,,,,,
2026-06-19,00:00,40.7583387,-73.9964084,10 AVE,10018,10,UNKNOWN,Street,2.045638185384336,False,MANHATTAN,"(40.7583387, -73.9964084)",trafficstat,False,False,False,False,False,False,False,False,False,,,,,,,
2026-06-18,00:00,40.7613716,-73.9987561,W  42 ST,10036,10,OTHER,Street,113.14819705388064,False,MANHATTAN,"(40.7613716, -73.9987561)",trafficstat,True,False,False,False,False,False,False,True,False,,,,,,,
2026-06-18,00:00,40.7440604,-74.0068098,10 AVE,10011,10,OTHER,Street,2.3360357599179684,False,MANHATTAN,"(40.7440604, -74.0068098)",trafficstat,False,False,False,False,False,False,False,False,False,,,,,,,
2026-06-16,00:00,40.748586,-74.0002155,W  26 ST,10001,10,UNKNOWN,Street,18.469247100496748,False,MANHATTAN,"(40.748586, -74.0002155)",trafficstat,False,False,False,False,False,False,False,False,False,,,,,,,
2026-06-16,00:00,40.7571447,-73.9935605,9 AVE,10018,10,UNKNOWN,Street,1.9893250534233262,False,MANHATTAN,"(40.7571447, -73.9935605)",trafficstat,False,False,False,False,False,False,False,False,False,,,,,,,
2026-06-14,00:00,40.7560587,-73.9976915,10 AVE,10018,10,OTHER,Street,94.35059052279192,False,MANHATTAN,"(40.7560587, -73.9976915)",trafficstat,False,False,False,False,False,False,False,False,False,,,,,,,
2026-06-14,00:00,40.7526434,-74.0042734,11 AVE,10001,10,OTHER,Street,1.7911673947192812,False,MANHATTAN,"(40.7526434, -74.0042734)",trafficstat,True,False,False,False,False,False,True,False,False,,,,,,,
2026-06-13,00:00,40.752023,-74.0047209,11 AVE,10001,10,UNKNOWN,Street,2.265486068466995,False,MANHATTAN,"(40.752023, -74.0047209)",trafficstat,True,False,False,True,False,False,False,False,False,,,,,,,
2026-06-12,00:00,40.7595851,-74.0031531,12 AVE,10018,10,UNKNOWN,Highway,11.571152087022769,False,MANHATTAN,"(40.7595851, -74.0031531)",trafficstat,False,False,False,False,False,False,False,False,False,,,,,,,
2026-06-12,00:00,40.7465803,-73.9975531,8 AVE,10001,10,UNKNOWN,Street,1.51905375267999,False,MANHATTAN,"(40.7465803, -73.9975531)",trafficstat,False,False,False,False,False,False,False,False,False,,,,,,,
2026-09-13,00:00,40.738171,-73.9776019,1 AVE,10010,13,UNKNOWN,Street,2.1031059329563075,False,MANHATTAN,"(40.738171, -73.9776019)",trafficstat,False,False,False,False,False,False,False,False,False,,,,,,,
2026-07-15,00:00,40.738171,-73.9776019,1 AVE,10010,13,UNKNOWN,Street,2.1031059329563075,False,MANHATTAN,"(40.738171, -73.9776019)",trafficstat,False,False,False,False,False,False,False,False,False,,,,,,,
2026-09-12,00:00,40.734386,-73.9802,1 AVE,10009,13,UNKNOWN,Street,17.49999190718881,False,MANHATTAN,"(40.734386, -73.9802)",trafficstat,True,False,True,False,False,False,False,False,False,,,,,,,
2026-09-11,00:00,40.7387967,-73.977147,1 AVE,10010,13,UNKNOWN,Street,1.7089929301564206,False,MANHATTAN,"(40.7387967, -73.977147)",trafficstat,False,False,False,False,False,False,False,False,False,,,,,,,
2026-08-13,00:00,40.7387967,-73.977147,1 AVE,10010,13,OTHER,Street,1.7089929301564206,False,MANHATTAN,"(40.7387967, -73.977147)",trafficstat,True,False,False,True,False,False,False,False,False,,,,,,,
2026-06-29,00:00,40.7387967,-73.977147,1 AVE,10010,13,UNKNOWN,Street,1.7089929301564206,False,MANHATTAN,"(40.7387967, -73.977147)",trafficstat,True,False,False,False,False,False,False,True,False,,,,,,,
2026-06-24,00:00,40.7387967,-73.977147,1 AVE,10010,13,OTHER,Street,1.7089929301564206,False,MANHATTAN,"(40.7387967, -73.977147)",trafficstat,True,False,False,True,False,False,False,False,False,,,,,,,
2026-09-10,00:00,40.7422117,-73.9830905,E  27 ST,10016,13,UNKNOWN,Street,32.79255767038858,False,MANHATTAN,"(40.7422117, -73.9830905)",trafficstat,False,False,False,False,False,False,False,False,False,,,,,,,
2026-09-09,00:00,40.7331787,-73.976194,E  20 ST,10009,13,UNKNOWN,Street,35.19655532594493,False,MANHATTAN,"(40.7331787, -73.976194)",trafficstat,False,False,False,False,False,False,False,False,False,,,,,,,
2026-09-09,00:00,40.7601917,-73.9680985,E  57 ST,10022,13,UNKNOWN,Street,98.63372301756011,False,MANHATTAN,"(40.7601917, -73.9680985)",trafficstat,False,False,False,False,False,False,False,False,False,,,,,,,
2026-09-08,00:00,40.7437859,-73.9953092,W  23 ST,10011,13,UNKNOWN,Street,57.43660092682228,False,MANHATTAN,"(40.7437859, -73.9953092)",trafficstat,False,False,False,False,False,False,False,False,False,,,,,,,
2026-09-08,00:00,40.730968,-73.973989,FDR DRIVE SB ENTRANCE E 20 ST,10009,13,UNKNOWN,Ramp,2.5470398384428297,False,MANHATTAN,"(40.730968, -73.973989)",trafficstat,True,False,False,False,False,False,False,True,False,,,,,,,
2026-09-07,00:00,40.7373303,-73.9926531,5 AVE,10011,13,OTHER,Street,2.0922918813082902,False,MANHATTAN,"(40.7373303, -73.9926531)",trafficstat,True,False,True,False,False,False,False,False,False,,,,,,,
2026-08-03,00:00,40.7373303,-73.9926531,5 AVE,10011,13,UNKNOWN,Street,2.0922918813082902,False,MANHATTAN,"(40.7373303, -73.9926531)",trafficstat,True,False,True,False,False,False,False,False,False,,,,,,,
2026-09-05,00:00,40.7389025,-73.9873014,E  21 ST,10010,13,UNKNOWN,Street,2.571638546078908,False,MANHATTAN,"(40.7389025, -73.9873014)",trafficstat,False,False,False,False,False,False,False,False,False,,,,,,,
2026-08-05,00:00,40.7389025,-73.9873014,E  21 ST,10010,13,OTHER,Street,2.571638546078908,False,MANHATTAN,"(40.7389025, -73.9873014)",trafficstat,True,False,True,False,False,False,False,False,False,,,,,,,
2026-06-14,00:00,40.7389025,-73.9873014,E  21 ST,10010,13,OTHER,Street,2.571638546078908,False,MANHATTAN,"(40.7389025, -73.9873014)",trafficstat,True,False,False,True,False,False,False,False,False,,,,,,,
2026-09-03,00:00,40.7365374,-73.9850431,E  19 ST,10003,13,UNKNOWN,Street,34.170147833370926,False,MANHATTAN,"(40.7365374, -73.9850431)",trafficstat,True,False,True,False,False,False,False,False,False,,,,,,,
2026-09-03,00:00,40.7403945,-73.9790771,2 AVE,10016,13,UNKNOWN,Street,1.5368666743102226,False,MANHATTAN,"(40.7403945, -73.9790771)",trafficstat,False,False,False,False,False,False,False,False,False,,,,,,,
2026-09-02,00:00,40.739105,-73.9875156,E  21 ST,10010,13,UNKNOWN,Street,33.62370377478164,False,MANHATTAN,"(40.739105, -73.9875156)",trafficstat,False,False,False,False,False,False,False,False,False,,,,,,,
2026-09-02,00:00,40.7380192,-73.9873238,PARK AVE S,10003,13,UNKNOWN,Street,134.41792652620944,False,MANHATTAN,"(40.7380192, -73.9873238)",trafficstat,False,False,False,False,False,False,False,False,False,,,,,,,
2026-09-02,00:00,40.7366287,-73.9821789,E  21 ST,10010,13,UNKNOWN,Street,39.48118009695072,False,MANHATTAN,"(40.7366287, -73.9821789)",trafficstat,True,False,False,True,False,False,False,False,False,,,,,,,
2026-09-01,00:00,40.7342607,-73.9835497,2 AVE,10003,13,UNKNOWN,Street,1.5204492054159078,False,MANHATTAN,"(40.7342607, -73.9835497)",trafficstat,True,False,False,False,False,False,False,True,False,,,,,,,
2026-08-05,00:00,40.7342607,-73.9835497,2 AVE,10003,13,UNKNOWN,Street,1.5204492054159078,False,MANHATTAN,"(40.7342607, -73.9835497)",trafficstat,False,False,False,False,False,False,False,False,False,,,,,,,
2026-09-01,00:00,40.7306522,-73.9732833,FRANKLIN D ROOSEVELT DR,10009,13,UNKNOWN,Bridge,2.454287662325272,False,MANHATTAN,"(40.7306522, -73.9732833)",trafficstat,False,False,False,False,False,False,False,False,False,,,,,,,
2026-08-31,00:00,40.742237,-73.99329,AVE OF THE AMERICAS,10010,13,UNKNOWN,Street,1.2227560380066052,False,MANHATTAN,"(40.742237, -73.99329)",trafficstat,False,False,False,False,False,False,False,False,False,,,,,,,
2026-08-30,00:00,40.7440104,-73.9891198,BROADWAY,10001,13,OTHER,Street,40.36399781771778,False,MANHATTAN,"(40.7440104, -73.9891198)",trafficstat,True,False,True,False,False,False,False,False,False,,,,,,,
2026-08-30,00:00,40.736885,-73.97854,1 AVE,10010,13,UNKNOWN,Street,2.3976418953268395,False,MANHATTAN,"(40.736885, -73.97854)",trafficstat,True,False,False,False,False,False,False,True,False,,,,,,,
2026-08-30,00:00,40.7386214,-73.9863283,GRAMERCY PARK N,10010,13,UNKNOWN,Street,38.15308330254076,False,MANHATTAN,"(40.7386214, -73.9863283)",trafficstat,False,False,False,False,False,False,False,False,False,,,,,,,
2026-08-29,00:00,40.7427726,-73.986597,MADISON AVE,10010,13,UNKNOWN,Street,1.669420405272636,False,MANHATTAN,"(40.7427726, -73.986597)",trafficstat,True,False,True,False,False,False,False,False,False,,,,,,,
2026-06-18,00:00,40.7427726,-73.986597,MADISON AVE,10010,13,OTHER,Street,1.669420405272636,False,MANHATTAN,"(40.7427726, -73.986597)",trafficstat,False,False,False,False,False,False,False,False,False,,,,,,,
2026-08-29,00:00,40.7297989,-73.9748012,E  16 ST,10009,13,UNKNOWN,Street,2.100343412589299,False,MANHATTAN,"(40.7297989, -73.9748012)",trafficstat,True,False,False,False,False,False,False,False,True,,,,,,,
2026-08-05,00:00,40.7297989,-73.9748012,E  16 ST,10009,13,UNKNOWN,Street,2.100343412589299,False,MANHATTAN,"(40.7297989, -73.9748012)",trafficstat,False,False,False,False,False,False,False,False,False,,,,,,,
2026-08-29,00:00,40.7464904,-73.9899662,W  29 ST,10001,13,UNKNOWN,Street,42.64091502186939,False,MANHATTAN,"(40.7464904, -73.9899662)",trafficstat,False,False,False,False,False,False,False,False,False,,,,,,,
2026-08-28,00:00,40.7368866,-73.9785405,1 AVE,10010,13,UNKNOWN,Street,2.0038045325914107,False,MANHATTAN,"(40.7368866, -73.9785405)",trafficstat,True,False,False,False,False,False,False,False,False,,,,,,,
2026-07-29,00:00,40.7368866,-73.9785405,1 AVE,10010,13,UNKNOWN,Street,2.0038045325914107,False,MANHATTAN,"(40.7368866, -73.9785405)",trafficstat,True,False,False,True,False,False,False,False,False,,,,,,,
2026-07-11,00:00,40.7368866,-73.9785405,1 AVE,10010,13,OTHER,Street,2.0038045325914107,False,MANHATTAN,"(40.7368866, -73.9785405)",trafficstat,False,False,False,False,False,False,False,False,False,,,,,,,
2026-07-07,00:00,40.7368866,-73.9785405,1 AVE,10010,13,UNKNOWN,Street,2.0038045325914107,False,MANHATTAN,"(40.7368866, -73.9785405)",trafficstat,False,False,False,False,False,False,False,False,False,,,,,,,
2026-08-28,00:00,40.7353848,-73.974417,E  23 ST,10002,13,UNKNOWN,Street,71.44876255193762,False,MANHATTAN,"(40.7353848, -73.974417)",trafficstat,False,False,False,False,False,False,False,False,False,,,,,,,
2026-08-27,00:00,40.7448358,-73.9917625,W  26 ST,10001,13,OTHER,Street,38.17430567341755,False,MANHATTAN,"(40.7448358, -73.9917625)",trafficstat,True,False,False,True,False,False,False,False,False,,,,,,,
2026-08-25,00:00,40.7377967,-73.9901235,BROADWAY,10003,13,UNKNOWN,Street,0.6048066885656765,False,MANHATTAN,"(40.7377967, -73.9901235)",trafficstat,True,False,True,False,False,False,False,False,False,,,,,,,
2026-08-25,00:00,40.7415487,-73.9895744,5 AVE,10010,13,UNKNOWN,Street,1.9801600304031157,False,MANHATTAN,"(40.7415487, -73.9895744)",trafficstat,False,False,False,False,False,False,False,False,False,,,,,,,
2026-08-24,00:00,40.7415487,-73.9895744,5 AVE,10010,13,UNKNOWN,Street,1.9801600304031157,False,MANHATTAN,"(40.7415487, -73.9895744)",trafficstat,True,False,False,False,False,False,False,False,False,,,,,,,
2026-08-01,00:00,40.7415487,-73.9895744,5 AVE,10010,13,UNKNOWN,Street,1.9801600304031157,False,MANHATTAN,"(40.7415487, -73.9895744)",trafficstat,False,False,False,False,False,False,False,False,False,,,,,,,
2026-06-24,00:00,40.7415487,-73.9895744,5 AVE,10010,13,UNKNOWN,Street,1.9801600304031157,False,MANHATTAN,"(40.7415487, -73.9895744)",trafficstat,True,False,False,False,False,False,False,True,False,,,,,,,
2026-08-23,00:00,40.7415209,-73.9932487,W  21 ST,10010,13,OTHER,Street,30.604112726295465,False,MANHATTAN,"(40.7415209, -73.9932487)",trafficstat,True,False,False,False,False,False,False,False,True,,,,,,,
2026-08-22,00:00,40.7373606,-73.9968389,AVE OF THE AMERICAS,10011,13,UNKNOWN,Street,2.0667820668100276,False,MANHATTAN,"(40.7373606, -73.9968389)",trafficstat,False,False,False,False,False,False,False,False,False,,,,,,,
2026-08-22,00:00,40.742912,-73.992805,AVE OF THE AMERICAS,10010,13,UNKNOWN,Street,1.0250710412136341,False,MANHATTAN,"(40.742912, -73.992805)",trafficstat,False,False,False,False,False,False,False,False,False,,,,,,,
2026-08-21,00:00,40.7366017,-73.9818423,2 AVE,10010,13,UNKNOWN,Street,1.6315101555577316,False,MANHATTAN,"(40.7366017, -73.9818423)",trafficstat,False,False,False,False,False,False,False,False,False,,,,,,,
2026-07-07,00:00,40.7366017,-73.9818423,2 AVE,10010,13,OTHER,Street,1.6315101555577316,False,MANHATTAN,"(40.7366017, -73.9818423)",trafficstat,False,False,False,False,False,False,False,False,False,,,,,,,
2026-06-17,00:00,40.7366017,-73.9818423,2 AVE,10010,13,UNKNOWN,Street,1.6315101555577316,False,MANHATTAN,"(40.7366017, -73.9818423)",trafficstat,True,False,False,True,False,False,False,False,False,,,,,,,
2026-08-20,00:00,40.7356729,-73.9758923,E  23 ST,10010,13,UNKNOWN,Street,17.68740088281429,False,MANHATTAN,"(40.7356729, -73.9758923)",trafficstat,True,False,False,True,False,False,False,False,False,,,,,,,
2026-08-20,00:00,40.7397923,-73.9868734,PARK AVE S,10010,13,UNKNOWN,Street,35.65569138384029,False,MANHATTAN,"(40.7397923, -73.9868734)",trafficstat,True,False,False,True,False,False,False,False,False,,,,,,,
2026-08-20,00:00,40.7401842,-73.9863629,E  23 ST,10010,13,UNKNOWN,Street,2.8534211342474385,False,MANHATTAN,"(40.7401842, -73.9863629)",trafficstat,True,False,True,False,False,False,False,False,False,,,,,,,
2026-08-20,00:00,40.7397825,-73.9795031,2 AVE,10010,13,OTHER,Street,1.5924264361432119,False,MANHATTAN,"(40.7397825, -73.9795031)",trafficstat,False,False,False,False,False,False,False,False,False,,,,,,,
2026-08-19,00:00,40.7280443,-73.9718268,FRANKLIN D ROOSEVELT DR,10009,13,UNKNOWN,Highway,7.240055927513192,False,MANHATTAN,"(40.7280443, -73.9718268)",trafficstat,True,False,False,False,False,False,False,False,True,,,,,,,
2026-08-19,00:00,40.7868917,-73.9502985,LEXINGTON AVE,10029,13,UNKNOWN,Street,26.513502030374692,False,MANHATTAN,"(40.7868917, -73.9502985)",trafficstat,False,False,False,False,False,False,False,False,False,,,,,,,
2026-08-12,00:00,40.7868917,-73.9502985,LEXINGTON AVE,10029,13,UNKNOWN,Street,26.513502030374692,False,MANHATTAN,"(40.7868917, -73.9502985)",trafficstat,True,False,False,False,False,False,False,True,False,,,,,,,
2026-08-10,00:00,40.7868917,-73.9502985,LEXINGTON AVE,10029,13,UNKNOWN,Street,26.513502030374692,False,MANHATTAN,"(40.7868917, -73.9502985)",trafficstat,True,False,False,False,False,False,False,True,False,,,,,,,
2026-08-18,00:00,40.738386,-73.9948609,W  16 ST,10011,13,UNKNOWN,Street,37.89474462657547,False,MANHATTAN,"(40.738386, -73.9948609)",trafficstat,False,False,False,False,False,False,False,False,False,,,,,,,
2026-08-17,00:00,40.7395799,-73.9811914,E  25 ST,10010,13,UNKNOWN,Street,35.765886277112635,False,MANHATTAN,"(40.7395799, -73.9811914)",trafficstat,False,False,False,False,False,False,False,False,False,,,,,,,
2026-08-17,00:00,40.7414135,-73.9833603,LEXINGTON AVE,10010,13,UNKNOWN,Street,1.3670562584963801,False,MANHATTAN,"(40.7414135, -73.9833603)",trafficstat,False,False,False,False,False,False,False,False,False,,,,,,,
2026-06-21,00:00,40.7414135,-73.9833603,LEXINGTON AVE,10010,13,OTHER,Street,1.3670562584963801,False,MANHATTAN,"(40.7414135, -73.9833603)",trafficstat,True,False,False,False,False,False,False,True,False,,,,,,,
2026-08-17,00:00,40.7363771,-73.9849348,3 AVE,10003,13,UNKNOWN,Street,1.3031516529589815,False,MANHATTAN,"(40.7363771, -73.9849348)",trafficstat,True,False,True,False,False,False,False,False,False,,,,,,,
2026-08-16,00:00,40.7384198,-73.9844762,E  22 ST,10010,13,UNKNOWN,Street,34.84169034092981,False,MANHATTAN,"(40.7384198, -73.9844762)",trafficstat,False,False,False,False,False,False,False,False,False,,,,,,,
2026-08-16,00:00,40.7424788,-73.9965292,7 AVE,10011,13,UNKNOWN,Street,73.02137002519558,False,MANHATTAN,"(40.7424788, -73.9965292)",trafficstat,False,False,False,False,False,False,False,False,False,,,,,,,
2026-08-15,00:00,40.7372042,-73.9744643,FDR DRIVE EXIT 8 NB,10010,13,OTHER,Ramp,1.209757365040827,False,MANHATTAN,"(40.7372042, -73.9744643)",trafficstat,False,False,False,False,False,False,False,False,False,,,,,,,
2026-08-15,00:00,40.7365614,-73.9890159,E  17 ST,10003,13,UNKNOWN,Street,2.0298067841032674,False,MANHATTAN,"(40.7365614, -73.9890159)",trafficstat,False,False,False,False,False,False,False,False,False,,,,,,,
2026-08-15,00:00,40.7345639,-73.9885253,IRVING PL,10003,13,UNKNOWN,Street,40.0959374703624,False,MANHATTAN,"(40.7345639, -73.9885253)",trafficstat,False,False,False,False,False,False,False,False,False,,,,,,,
2026-08-15,00:00,40.7404429,-73.9945942,AVE OF THE AMERICAS,10011,13,UNKNOWN,Street,1.2358205661235608,False,MANHATTAN,"(40.7404429, -73.9945942)",trafficstat,True,False,False,False,True,False,False,False,False,,,,,,,
2026-08-13,00:00,40.7410275,-73.9941611,AVE OF THE AMERICAS,10011,13,UNKNOWN,Street,1.939979947732522,False,MANHATTAN,"(40.7410275, -73.9941611)",trafficstat,False,False,False,False,False,False,False,False,False,,,,,,,
2026-08-13,00:00,40.7419703,-73.9808593,3 AVE,10016,13,UNKNOWN,Street,1.764440892709667,False,MANHATTAN,"(40.7419703, -73.9808593)",trafficstat,False,False,False,False,False,False,False,False,False,,,,,,,
2026-08-13,00:00,40.7384288,-73.9920736,5 AVE,10011,13,UNKNOWN,Street,51.90523300569301,False,MANHATTAN,"(40.7384288, -73.9920736)",trafficstat,True,False,False,False,False,False,False,True,False,,,,,,,
2026-08-13,00:00,40.7389935,-73.9734749,FDR DRIVE SB ENTRANCE E 30 ST,10016,13,UNKNOWN,Ramp,3.112611765572897,False,MANHATTAN,"(40.7389935, -73.9734749)",trafficstat,False,False,False,False,False,False,False,False,False,,,,,,,
2026-08-12,00:00,40.7368819,-73.9827577,E  21 ST,10010,13,OTHER,Street,36.39003622849853,False,MANHATTAN,"(40.7368819, -73.9827577)",trafficstat,False,False,False,False,False,False,False,False,False,,,,,,,
2026-08-12,00:00,40.7467455,-73.9905207,W  29 ST,10001,13,UNKNOWN,Street,35.76113009097356,False,MANHATTAN,"(40.7467455, -73.9905207)",trafficstat,False,False,False,False,False,False,False,False,False,,,,,,,