crash_date,crash_time,latitude,longitude,on_street_name,zip_code,precinct,collision_type,roadway_type,geocode_dist_feet,time_is_known,borough,location,source,injury,fatality,injured_pedestrian,injured_cyclist,injured_ebike_rider,injured_motorcyclist,injured_moped_rider,injured_car_occupant,injured_suv_occupant,number_of_persons_injured,number_of_persons_killed,contributing_factor_vehicle_1,collision_id,cross_street_name,off_street_name,vehicle_type_code1
2026-08-11,00:00,40.7388442,-73.9850862,E  22 ST,10010,13,OTHER,Street,18.433767151557518,False,MANHATTAN,"(40.7388442, -73.9850862)",trafficstat,True,False,False,True,False,False,False,False,False,,,,,,,
2026-08-11,00:00,40.7334329,-73.9744657,FRANKLIN D ROOSEVELT DR,10010,13,UNKNOWN,Bridge,0.0633494950872491,False,MANHATTAN,"(40.7334329, -73.9744657)",trafficstat,True,False,False,False,False,False,False,True,False,,,,,,,
2026-08-11,00:00,40.7436378,-73.9942768,W  23 ST,10011,13,UNKNOWN,Street,33.135635039449745,False,MANHATTAN,"(40.7436378, -73.9942768)",trafficstat,True,False,False,False,False,False,False,True,False,,,,,,,
2026-08-09,00:00,40.7389973,-73.9839591,E  23 ST,10010,13,OTHER,Street,59.69839596653379,False,MANHATTAN,"(40.7389973, -73.9839591)",trafficstat,False,False,False,False,False,False,False,False,False,,,,,,,
2026-06-12,00:00,40.7389973,-73.9839591,E  23 ST,10010,13,UNKNOWN,Street,59.69839596653379,False,MANHATTAN,"(40.7389973, -73.9839591)",trafficstat,True,False,False,False,False,False,False,True,False,,,,,,,
2026-08-09,00:00,40.7388306,-73.983148,3 AVE,10010,13,UNKNOWN,Street,1.6303297358588715,False,MANHATTAN,"(40.7388306, -73.983148)",trafficstat,False,False,False,False,False,False,False,False,False,,,,,,,
2026-07-05,00:00,40.7388306,-73.983148,3 AVE,10010,13,UNKNOWN,Street,1.6303297358588715,False,MANHATTAN,"(40.7388306, -73.983148)",trafficstat,True,False,False,True,False,False,False,False,False,,,,,,,
2026-08-09,00:00,40.7453005,-73.9868455,5 AVE,10001,13,UNKNOWN,Street,1.788051365984831,False,MANHATTAN,"(40.7453005, -73.9868455)",trafficstat,False,False,False,False,False,False,False,False,False,,,,,,,
2026-08-08,00:00,40.7445322,-73.9888702,BROADWAY,10001,13,UNKNOWN,Street,0.4727895161836019,False,MANHATTAN,"(40.7445322, -73.9888702)",trafficstat,True,False,True,False,False,False,False,False,False,,,,,,,
2026-08-07,00:00,40.7460038,-73.9942617,7 AVE,10001,13,UNKNOWN,Street,2.0026466868194763,False,MANHATTAN,"(40.7460038, -73.9942617)",trafficstat,True,False,False,True,False,False,False,False,False,,,,,,,
2026-08-07,00:00,40.7341917,-73.9946985,5 AVE,10011,13,UNKNOWN,Street,59.19984802875128,False,MANHATTAN,"(40.7341917, -73.9946985)",trafficstat,True,False,False,False,False,False,False,True,False,,,,,,,
2026-08-07,00:00,40.7359025,-73.9799324,E  21 ST,10010,13,UNKNOWN,Street,30.84591018887271,False,MANHATTAN,"(40.7359025, -73.9799324)",trafficstat,True,False,False,True,False,False,False,False,False,,,,,,,
2026-08-05,00:00,40.7301243,-73.9748059,AVE C,10009,13,UNKNOWN,Street,32.245433365044576,False,MANHATTAN,"(40.7301243, -73.9748059)",trafficstat,False,False,False,False,False,False,False,False,False,,,,,,,
2026-07-29,00:00,40.7301243,-73.9748059,AVE C,10009,13,OTHER,Street,32.245433365044576,False,MANHATTAN,"(40.7301243, -73.9748059)",trafficstat,False,False,False,False,False,False,False,False,False,,,,,,,
2026-08-05,00:00,40.7401675,-73.9842591,LEXINGTON AVE,10010,13,UNKNOWN,Street,1.6415810857432132,False,MANHATTAN,"(40.7401675, -73.9842591)",trafficstat,True,False,False,False,False,False,False,True,True,,,,,,,
2026-08-04,00:00,40.741024,-73.978615,2 AVE,10016,13,UNKNOWN,Street,1.754748880200652,False,MANHATTAN,"(40.741024, -73.978615)",trafficstat,True,False,True,False,False,False,False,False,False,,,,,,,
2026-08-04,00:00,40.7396917,-73.9894227,E  21 ST,10010,13,UNKNOWN,Street,36.12777473501135,False,MANHATTAN,"(40.7396917, -73.9894227)",trafficstat,False,False,False,False,False,False,False,False,False,,,,,,,
2026-08-03,00:00,40.7346079,-73.9822649,E  18 ST,10003,13,UNKNOWN,Street,39.11587466807384,False,MANHATTAN,"(40.7346079, -73.9822649)",trafficstat,False,False,False,False,False,False,False,False,False,,,,,,,
2026-08-03,00:00,40.73426,-73.98355,2 AVE,10003,13,UNKNOWN,Street,1.5710676341911398,False,MANHATTAN,"(40.73426, -73.98355)",trafficstat,False,False,False,False,False,False,False,False,False,,,,,,,
2026-07-08,00:00,40.73426,-73.98355,2 AVE,10003,13,UNKNOWN,Street,1.5710676341911398,False,MANHATTAN,"(40.73426, -73.98355)",trafficstat,False,False,False,False,False,False,False,False,False,,,,,,,
2026-08-03,00:00,40.7358358,-73.9797744,E  21 ST,10010,13,UNKNOWN,Street,30.888799321741118,False,MANHATTAN,"(40.7358358, -73.9797744)",trafficstat,False,False,False,False,False,False,False,False,False,,,,,,,
2026-08-03,00:00,40.7448,-73.99142,AVE OF THE AMERICAS,10010,13,UNKNOWN,Street,1.9108778934901784,False,MANHATTAN,"(40.7448, -73.99142)",trafficstat,False,False,False,False,False,False,False,False,False,,,,,,,
2026-07-09,00:00,40.7448,-73.99142,AVE OF THE AMERICAS,10010,13,UNKNOWN,Street,1.9108778934901784,False,MANHATTAN,"(40.7448, -73.99142)",trafficstat,True,False,False,False,False,False,False,False,False,,,,,,,
2026-08-02,00:00,40.7390319,-73.9733485,FRANKLIN D ROOSEVELT DR,10010,13,OTHER,Highway,0.7458693951074588,False,MANHATTAN,"(40.7390319, -73.9733485)",trafficstat,True,False,False,False,False,False,False,False,True,,,,,,,
2026-08-01,00:00,40.7395639,-73.994086,W  18 ST,10011,13,UNKNOWN,Street,28.277188269769027,False,MANHATTAN,"(40.7395639, -73.994086)",trafficstat,True,False,False,True,False,False,False,False,False,,,,,,,
2026-08-01,00:00,40.7416231,-73.9937352,AVE OF THE AMERICAS,10010,13,UNKNOWN,Street,1.2151523091330267,False,MANHATTAN,"(40.7416231, -73.9937352)",trafficstat,False,False,False,False,False,False,False,False,False,,,,,,,
2026-07-31,00:00,40.7403466,-73.9731337,FDR DRIVE SB ENTRANCE E 30 ST,10016,13,UNKNOWN,Ramp,0.1505555716637399,False,MANHATTAN,"(40.7403466, -73.9731337)",trafficstat,True,False,False,True,False,False,False,True,False,,,,,,,
2026-07-31,00:00,40.7388392,-73.9852337,LEXINGTON AVE,10010,13,OTHER,Street,1.5702603554753918,False,MANHATTAN,"(40.7388392, -73.9852337)",trafficstat,True,False,False,False,False,False,False,True,False,,,,,,,
2026-07-31,00:00,40.7429103,-73.9928041,AVE OF THE AMERICAS,10010,13,UNKNOWN,Street,1.5412261442827586,False,MANHATTAN,"(40.7429103, -73.9928041)",trafficstat,True,False,False,False,False,False,False,False,True,,,,,,,
2026-07-09,00:00,40.7429103,-73.9928041,AVE OF THE AMERICAS,10010,13,UNKNOWN,Street,1.5412261442827586,False,MANHATTAN,"(40.7429103, -73.9928041)",trafficstat,True,False,False,False,False,False,False,False,False,,,,,,,
2026-06-23,00:00,40.7429103,-73.9928041,AVE OF THE AMERICAS,10010,13,UNKNOWN,Street,1.5412261442827586,False,MANHATTAN,"(40.7429103, -73.9928041)",trafficstat,False,False,False,False,False,False,False,False,False,,,,,,,
2026-07-30,00:00,40.7390868,-73.9913755,5 AVE,10011,13,UNKNOWN,Street,1.6626151767868165,False,MANHATTAN,"(40.7390868, -73.9913755)",trafficstat,True,False,False,False,False,False,False,False,True,,,,,,,
2026-07-30,00:00,40.7360199,-73.9822683,2 AVE,10003,13,OTHER,Street,1.4810326310420365,False,MANHATTAN,"(40.7360199, -73.9822683)",trafficstat,True,False,False,False,True,False,False,False,False,,,,,,,
2026-07-29,00:00,40.7369617,-73.9845089,3 AVE,10003,13,UNKNOWN,Street,1.5844704793769981,False,MANHATTAN,"(40.7369617, -73.9845089)",trafficstat,False,False,False,False,False,False,False,False,False,,,,,,,
2026-07-18,00:00,40.7369617,-73.9845089,3 AVE,10003,13,UNKNOWN,Street,1.5844704793769981,False,MANHATTAN,"(40.7369617, -73.9845089)",trafficstat,True,False,False,False,False,False,False,True,False,,,,,,,
2026-06-20,00:00,40.7369617,-73.9845089,3 AVE,10003,13,UNKNOWN,Street,1.5844704793769981,False,MANHATTAN,"(40.7369617, -73.9845089)",trafficstat,False,False,False,False,False,False,False,False,False,,,,,,,
2026-07-29,00:00,40.7399427,-73.9880802,E  22 ST,10010,13,UNKNOWN,Street,33.430357302265655,False,MANHATTAN,"(40.7399427, -73.9880802)",trafficstat,False,False,False,False,False,False,False,False,False,,,,,,,
2026-07-29,00:00,40.7390033,-73.9932784,W  18 ST,10011,13,UNKNOWN,Street,41.986438746027915,False,MANHATTAN,"(40.7390033, -73.9932784)",trafficstat,False,False,False,False,False,False,False,False,False,,,,,,,
2026-07-28,00:00,40.7416093,-73.9836015,E  26 ST,10010,13,UNKNOWN,Street,28.11290823311895,False,MANHATTAN,"(40.7416093, -73.9836015)",trafficstat,False,False,False,False,False,False,False,False,False,,,,,,,
2026-07-28,00:00,40.7354914,-73.9788357,1 AVE,10010,13,UNKNOWN,Street,118.74758224876346,False,MANHATTAN,"(40.7354914, -73.9788357)",trafficstat,False,False,False,False,False,False,False,False,False,,,,,,,
2026-07-27,00:00,40.731806,-73.9743993,AVE C,10009,13,UNKNOWN,Street,34.57592698352172,False,MANHATTAN,"(40.731806, -73.9743993)",trafficstat,False,False,False,False,False,False,False,False,False,,,,,,,
2026-07-27,00:00,40.7447821,-73.9930206,W  25 ST,10001,13,UNKNOWN,Street,33.11823431972196,False,MANHATTAN,"(40.7447821, -73.9930206)",trafficstat,False,False,False,False,False,False,False,False,False,,,,,,,
2026-07-26,00:00,40.7354256,-73.9747486,FRANKLIN D ROOSEVELT DR,10010,13,UNKNOWN,Street,0.050164244097874476,False,MANHATTAN,"(40.7354256, -73.9747486)",trafficstat,False,False,False,False,False,False,False,False,False,,,,,,,
2026-07-25,00:00,40.7403125,-73.9786418,2 AVE,10016,13,OTHER,Street,121.49370330201863,False,MANHATTAN,"(40.7403125, -73.9786418)",trafficstat,False,False,False,False,False,False,False,False,False,,,,,,,
2026-07-25,00:00,40.7440137,-73.995044,W  23 ST,10011,13,OTHER,Street,50.697822882908795,False,MANHATTAN,"(40.7440137, -73.995044)",trafficstat,True,False,False,True,False,False,False,False,False,,,,,,,
2026-07-24,00:00,40.74147,-73.98543,E  25 ST,10010,13,UNKNOWN,Street,2.891318263150127,False,MANHATTAN,"(40.74147, -73.98543)",trafficstat,True,False,False,True,False,False,False,False,False,,,,,,,
2026-07-24,00:00,40.7357125,-73.9830321,E  19 ST,10003,13,OTHER,Street,42.26184103435193,False,MANHATTAN,"(40.7357125, -73.9830321)",trafficstat,False,False,False,False,False,False,False,False,False,,,,,,,
2026-07-24,00:00,40.7319216,-73.9817734,1 AVE,10009,13,UNKNOWN,Street,33.72472877446359,False,MANHATTAN,"(40.7319216, -73.9817734)",trafficstat,False,False,False,False,False,False,False,False,False,,,,,,,
2026-07-24,00:00,40.7451364,-73.9900429,W  27 ST,10001,13,UNKNOWN,Street,31.590901731983525,False,MANHATTAN,"(40.7451364, -73.9900429)",trafficstat,True,False,False,True,False,False,False,False,False,,,,,,,
2026-07-23,00:00,40.7380441,-73.9963409,AVE OF THE AMERICAS,10011,13,UNKNOWN,Street,2.324739473396061,False,MANHATTAN,"(40.7380441, -73.9963409)",trafficstat,False,False,False,False,False,False,False,False,False,,,,,,,
2026-07-08,00:00,40.7380441,-73.9963409,AVE OF THE AMERICAS,10011,13,UNKNOWN,Street,2.324739473396061,False,MANHATTAN,"(40.7380441, -73.9963409)",trafficstat,True,False,False,True,False,False,False,False,False,,,,,,,
2026-06-25,00:00,40.7380441,-73.9963409,AVE OF THE AMERICAS,10011,13,UNKNOWN,Street,2.324739473396061,False,MANHATTAN,"(40.7380441, -73.9963409)",trafficstat,False,False,False,False,False,False,False,False,False,,,,,,,
2026-07-22,00:00,40.7349627,-73.9797896,E  20 ST,10010,13,UNKNOWN,Street,2.3521409504769792,False,MANHATTAN,"(40.7349627, -73.9797896)",trafficstat,True,False,False,False,False,False,False,False,False,,,,,,,
2026-07-07,00:00,40.7349627,-73.9797896,E  20 ST,10010,13,OTHER,Street,2.3521409504769792,False,MANHATTAN,"(40.7349627, -73.9797896)",trafficstat,True,False,True,False,False,False,False,False,False,,,,,,,
2026-07-22,00:00,40.7373485,-73.9886346,PARK AVE S,10003,13,OTHER,Street,19.956577174171603,False,MANHATTAN,"(40.7373485, -73.9886346)",trafficstat,True,False,False,True,False,False,False,False,False,,,,,,,
2026-07-22,00:00,40.7470032,-73.9933092,7 AVE,10001,13,UNKNOWN,Street,55.059173166771245,False,MANHATTAN,"(40.7470032, -73.9933092)",trafficstat,True,False,True,False,False,False,False,False,False,,,,,,,
2026-07-21,00:00,40.7416767,-73.9903043,W  23 ST,10010,13,UNKNOWN,Street,59.42941260456528,False,MANHATTAN,"(40.7416767, -73.9903043)",trafficstat,False,False,False,False,False,False,False,False,False,,,,,,,
2026-07-21,00:00,40.7376172,-73.986364,GRAMERCY PARK S,10003,13,UNKNOWN,Street,42.40952394075697,False,MANHATTAN,"(40.7376172, -73.986364)",trafficstat,False,False,False,False,False,False,False,False,False,,,,,,,
2026-07-21,00:00,40.7383125,-73.9877418,E  20 ST,10003,13,UNKNOWN,Street,2.5411602382781076,False,MANHATTAN,"(40.7383125, -73.9877418)",trafficstat,True,False,False,True,False,False,False,False,False,,,,,,,
2026-07-21,00:00,40.7392333,-73.9781933,E  26 ST,10010,13,UNKNOWN,Street,2.047106948057783,False,MANHATTAN,"(40.7392333, -73.9781933)",trafficstat,False,False,False,False,False,False,False,False,False,,,,,,,
2026-07-19,00:00,40.7401966,-73.9924556,W  20 ST,10011,13,UNKNOWN,Street,38.60938737585534,False,MANHATTAN,"(40.7401966, -73.9924556)",trafficstat,False,False,False,False,False,False,False,False,False,,,,,,,
2026-07-19,00:00,40.7422042,-73.9811647,E  28 ST,10016,13,UNKNOWN,Street,30.94429766958353,False,MANHATTAN,"(40.7422042, -73.9811647)",trafficstat,True,False,False,False,False,False,False,True,False,,,,,,,
2026-07-18,00:00,40.7391677,-73.9799688,2 AVE,10010,13,UNKNOWN,Street,1.555563258771083,False,MANHATTAN,"(40.7391677, -73.9799688)",trafficstat,True,False,False,False,False,False,False,True,True,,,,,,,
2026-07-18,00:00,40.7323505,-73.9849465,2 AVE,10003,13,UNKNOWN,Street,1.3716813170214566,False,MANHATTAN,"(40.7323505, -73.9849465)",trafficstat,False,False,False,False,False,False,False,False,False,,,,,,,
2026-07-17,00:00,40.7326927,-73.9839669,E  15 ST,10003,13,UNKNOWN,Street,47.43621839074482,False,MANHATTAN,"(40.7326927, -73.9839669)",trafficstat,False,False,False,False,False,False,False,False,False,,,,,,,
2026-07-17,00:00,40.7427596,-73.9791978,E  30 ST,10016,13,UNKNOWN,Street,43.997949669405905,False,MANHATTAN,"(40.7427596, -73.9791978)",trafficstat,False,False,False,False,False,False,False,False,False,,,,,,,
2026-07-17,00:00,40.7446802,-73.9872967,5 AVE,10001,13,OTHER,Street,2.3282605740078375,False,MANHATTAN,"(40.7446802, -73.9872967)",trafficstat,True,False,False,True,False,False,False,False,False,,,,,,,
2026-07-16,00:00,40.7433901,-73.9861458,MADISON AVE,10010,13,UNKNOWN,Street,1.876780813938165,False,MANHATTAN,"(40.7433901, -73.9861458)",trafficstat,False,False,False,False,False,False,False,False,False,,,,,,,
2026-07-16,00:00,40.7382667,-73.9921858,5 AVE,10011,13,UNKNOWN,Street,50.492662283341446,False,MANHATTAN,"(40.7382667, -73.9921858)",trafficstat,False,False,False,False,False,False,False,False,False,,,,,,,
2026-07-15,00:00,40.7393167,-73.9787284,E  26 ST,10010,13,UNKNOWN,Street,46.72037873897627,False,MANHATTAN,"(40.7393167, -73.9787284)",trafficstat,False,False,False,False,False,False,False,False,False,,,,,,,
2026-07-15,00:00,40.7359878,-73.9894562,E  16 ST,10003,13,UNKNOWN,Street,2.4720899165082173,False,MANHATTAN,"(40.7359878, -73.9894562)",trafficstat,False,False,False,False,False,False,False,False,False,,,,,,,
2026-07-15,00:00,40.7468278,-73.990717,W  29 ST,10001,13,UNKNOWN,Street,35.85504193635406,False,MANHATTAN,"(40.7468278, -73.990717)",trafficstat,False,False,False,False,False,False,False,False,False,,,,,,,
2026-07-14,00:00,40.7419331,-73.990899,W  23 ST,10010,13,UNKNOWN,Street,57.68905721388995,False,MANHATTAN,"(40.7419331, -73.990899)",trafficstat,False,False,False,False,False,False,False,False,False,,,,,,,
2026-07-14,00:00,40.7446336,-73.9855208,E  29 ST,10016,13,UNKNOWN,Street,37.39762881742096,False,MANHATTAN,"(40.7446336, -73.9855208)",trafficstat,False,False,False,False,False,False,False,False,False,,,,,,,
2026-07-13,00:00,40.7427064,-73.9845256,E  27 ST,10016,13,UNKNOWN,Street,2.5042518997232577,False,MANHATTAN,"(40.7427064, -73.9845256)",trafficstat,True,False,False,True,False,False,False,False,False,,,,,,,
2026-07-12,00:00,40.7445502,-73.9905799,W  26 ST,10010,13,UNKNOWN,Street,28.930022236226087,False,MANHATTAN,"(40.7445502, -73.9905799)",trafficstat,False,False,False,False,False,False,False,False,False,,,,,,,
2026-07-11,00:00,40.740115,-73.982213,3 AVE,10010,13,UNKNOWN,Street,1.304397792385023,False,MANHATTAN,"(40.740115, -73.982213)",trafficstat,False,False,False,False,False,False,False,False,False,,,,,,,
2026-07-11,00:00,40.7375462,-73.9840829,3 AVE,10010,13,UNKNOWN,Street,1.4640542163719281,False,MANHATTAN,"(40.7375462, -73.9840829)",trafficstat,False,False,False,False,False,False,False,False,False,,,,,,,
2026-07-10,00:00,40.7424675,-73.9921864,W  23 ST,10010,13,UNKNOWN,Street,60.49561371129758,False,MANHATTAN,"(40.7424675, -73.9921864)",trafficstat,False,False,False,False,False,False,False,False,False,,,,,,,
2026-07-10,00:00,40.7428433,-73.9821359,LEXINGTON AVE,10016,13,UNKNOWN,Street,44.83717241425802,False,MANHATTAN,"(40.7428433, -73.9821359)",trafficstat,True,False,False,True,False,False,False,False,False,,,,,,,
2026-07-09,00:00,40.7410047,-73.9877035,MADISON AVE,10010,13,UNKNOWN,Street,48.07014387391721,False,MANHATTAN,"(40.7410047, -73.9877035)",trafficstat,False,False,False,False,False,False,False,False,False,,,,,,,
2026-07-09,00:00,40.7416432,-73.9781673,2 AVE,10016,13,UNKNOWN,Street,1.8475470704748276,False,MANHATTAN,"(40.7416432, -73.9781673)",trafficstat,False,False,False,False,False,False,False,False,False,,,,,,,
2026-07-09,00:00,40.7371316,-73.9945508,W  15 ST,10011,13,UNKNOWN,Street,53.98202493477312,False,MANHATTAN,"(40.7371316, -73.9945508)",trafficstat,False,False,False,False,False,False,False,False,False,,,,,,,
2026-07-09,00:00,40.7344424,-73.9875018,E  15 ST,10003,13,OTHER,Street,34.392691045079175,False,MANHATTAN,"(40.7344424, -73.9875018)",trafficstat,True,False,False,True,False,False,False,False,False,,,,,,,
2026-07-07,00:00,40.736338,-73.9936026,5 AVE,10011,13,UNKNOWN,Street,53.40868938273245,False,MANHATTAN,"(40.736338, -73.9936026)",trafficstat,True,False,False,True,False,False,False,False,False,,,,,,,
2026-06-25,00:00,40.736338,-73.9936026,5 AVE,10011,13,OTHER,Street,53.40868938273245,False,MANHATTAN,"(40.736338, -73.9936026)",trafficstat,True,False,False,True,False,False,False,False,False,,,,,,,
2026-07-07,00:00,40.7429093,-73.9794033,E  30 ST,10016,13,UNKNOWN,Street,23.381679951275913,False,MANHATTAN,"(40.7429093, -73.9794033)",trafficstat,True,False,False,True,False,False,False,False,False,,,,,,,
2026-07-07,00:00,40.7457657,-73.9901322,W  28 ST,10001,13,OTHER,Street,38.4517785329527,False,MANHATTAN,"(40.7457657, -73.9901322)",trafficstat,False,False,False,False,False,False,False,False,False,,,,,,,
2026-07-07,00:00,40.7436711,-73.9813085,E  30 ST,10016,13,UNKNOWN,Street,35.73008542337481,False,MANHATTAN,"(40.7436711, -73.9813085)",trafficstat,False,False,False,False,False,False,False,False,False,,,,,,,
2026-07-06,00:00,40.7387601,-73.9793122,E  25 ST,10010,13,UNKNOWN,Street,44.551696604845816,False,MANHATTAN,"(40.7387601, -73.9793122)",trafficstat,True,False,True,False,False,False,False,False,False,,,,,,,
2026-07-04,00:00,40.7400961,-73.9857348,E  23 ST,10010,13,UNKNOWN,Street,52.58387507797062,False,MANHATTAN,"(40.7400961, -73.9857348)",trafficstat,False,False,False,False,False,False,False,False,False,,,,,,,
2026-07-04,00:00,40.7304422,-73.9803394,AVE A,10009,13,OTHER,Street,1.9172832442640084,False,MANHATTAN,"(40.7304422, -73.9803394)",trafficstat,False,False,False,False,False,False,False,False,False,,,,,,,
2026-07-04,00:00,40.7429372,-73.9799196,3 AVE,10016,13,UNKNOWN,Street,58.69922262826312,False,MANHATTAN,"(40.7429372, -73.9799196)",trafficstat,False,False,False,False,False,False,False,False,False,,,,,,,
2026-07-02,00:00,40.7420962,-73.9776143,E  30 ST,10016,13,UNKNOWN,Street,44.55150098808308,False,MANHATTAN,"(40.7420962, -73.9776143)",trafficstat,True,False,False,False,False,False,False,False,False,,,,,,,
2026-07-01,00:00,40.7402644,-73.9818787,3 AVE,10010,13,UNKNOWN,Street,56.004168469270176,False,MANHATTAN,"(40.7402644, -73.9818787)",trafficstat,False,False,False,False,False,False,False,False,False,,,,,,,
2026-06-30,00:00,40.7434293,-73.9961277,7 AVE,10011,13,UNKNOWN,Street,2.3268694137670214,False,MANHATTAN,"(40.7434293, -73.9961277)",trafficstat,True,False,True,False,False,False,False,False,False,,,,,,,
2026-06-30,00:00,40.7371325,-73.9903293,UNION SQ W,10003,13,UNKNOWN,Street,1.9648024875871875,False,MANHATTAN,"(40.7371325, -73.9903293)",trafficstat,True,False,True,False,False,False,False,False,False,,,,,,,
2026-06-29,00:00,40.7377306,-73.9881785,E  19 ST,10003,13,UNKNOWN,Street,2.472475545684483,False,MANHATTAN,"(40.7377306, -73.9881785)",trafficstat,True,False,False,True,False,False,False,False,False,,,,,,,
2026-06-28,00:00,40.7431151,-73.9802457,3 AVE,10016,13,UNKNOWN,Street,51.76345965319135,False,MANHATTAN,"(40.7431151, -73.9802457)",trafficstat,True,False,True,False,False,False,False,False,False,,,,,,,
2026-06-28,00:00,40.7466595,-73.990068,AVE OF THE AMERICAS,10001,13,UNKNOWN,Street,1.6014148366241083,False,MANHATTAN,"(40.7466595, -73.990068)",trafficstat,True,False,True,False,False,False,False,False,False,,,,,,,
2026-06-27,00:00,40.7407325,-73.9817618,3 AVE,10010,13,UNKNOWN,Street,1.805245234426448,False,MANHATTAN,"(40.7407325, -73.9817618)",trafficstat,False,False,False,False,False,False,False,False,False,,,,,,,
2026-06-27,00:00,40.742285,-73.9780398,E  30 ST,10016,13,UNKNOWN,Street,41.49467852985649,False,MANHATTAN,"(40.742285, -73.9780398)",trafficstat,True,False,False,False,False,False,False,True,False,,,,,,,
2026-06-27,00:00,40.739861,-73.9950165,W  18 ST,10011,13,UNKNOWN,Street,1.9391061330495913,False,MANHATTAN,"(40.739861, -73.9950165)",trafficstat,False,False,False,False,False,False,False,False,False,,,,,,,
2026-06-24,00:00,40.7361359,-73.9838559,E  19 ST,10003,13,UNKNOWN,Street,65.98832255063094,False,MANHATTAN,"(40.7361359, -73.9838559)",trafficstat,False,False,False,False,False,False,False,False,False,,,,,,,
2026-06-21,00:00,40.7358583,-73.9824729,2 AVE,10003,13,UNKNOWN,Street,19.139762278392535,False,MANHATTAN,"(40.7358583, -73.9824729)",trafficstat,False,False,False,False,False,False,False,False,False,,,,,,,
2026-06-19,00:00,40.7427303,-73.9920024,W  23 ST,10010,13,OTHER,Street,47.96447670848657,False,MANHATTAN,"(40.7427303, -73.9920024)",trafficstat,True,False,False,True,False,False,False,False,False,,,,,,,
2026-06-19,00:00,40.7432715,-73.9954962,W  22 ST,10011,13,UNKNOWN,Street,31.7997990579958,False,MANHATTAN,"(40.7432715, -73.9954962)",trafficstat,False,False,False,False,False,False,False,False,False,,,,,,,
2026-06-18,00:00,40.7376398,-73.9861217,IRVING PL,10003,13,UNKNOWN,Street,1.460020223564824,False,MANHATTAN,"(40.7376398, -73.9861217)",trafficstat,True,False,True,False,False,False,False,False,False,,,,,,,
2026-06-18,00:00,40.73589,-73.99121,UNION SQ W,10003,13,OTHER,Street,1.6553471321795898,False,MANHATTAN,"(40.73589, -73.99121)",trafficstat,True,False,False,True,False,False,False,False,False,,,,,,,
2026-06-17,00:00,40.7344343,-73.9899039,4 AVE,10003,13,UNKNOWN,Street,0.36041479913206154,False,MANHATTAN,"(40.7344343, -73.9899039)",trafficstat,True,False,True,False,False,False,False,False,False,,,,,,,
2026-06-14,00:00,40.7435779,-73.9919228,W  24 ST,10010,13,UNKNOWN,Street,54.52849393663936,False,MANHATTAN,"(40.7435779, -73.9919228)",trafficstat,False,False,False,False,False,False,False,False,False,,,,,,,
2026-06-13,00:00,40.7406596,-73.9890224,E  22 ST,10010,13,UNKNOWN,Street,68.40577724354853,False,MANHATTAN,"(40.7406596, -73.9890224)",trafficstat,True,False,False,True,False,False,False,False,False,,,,,,,
2026-06-13,00:00,40.7433239,-73.9840743,E  28 ST,10016,13,UNKNOWN,Street,2.7103492667448883,False,MANHATTAN,"(40.7433239, -73.9840743)",trafficstat,False,False,False,False,False,False,False,False,False,,,,,,,
2026-06-13,00:00,40.7359911,-73.984939,3 AVE,10003,13,OTHER,Street,68.47059291272518,False,MANHATTAN,"(40.7359911, -73.984939)",trafficstat,False,False,False,False,False,False,False,False,False,,,,,,,
2026-06-12,00:00,40.7363589,-73.9750131,FRANKLIN D ROOSEVELT DR,10010,13,UNKNOWN,Bridge,0.5505905935572224,False,MANHATTAN,"(40.7363589, -73.9750131)",trafficstat,True,False,False,False,False,False,False,True,False,,,,,,,
2026-06-12,00:00,40.7415758,-73.9951935,W  20 ST,10011,13,UNKNOWN,Street,33.18548454392679,False,MANHATTAN,"(40.7415758, -73.9951935)",trafficstat,False,False,False,False,False,False,False,False,False,,,,,,,
2026-09-13,00:00,40.7451792,-73.9827278,E  31 ST,10016,14,UNKNOWN,Street,2.9669860144579996,False,MANHATTAN,"(40.7451792, -73.9827278)",trafficstat,True,False,False,False,False,False,False,False,True,,,,,,,
2026-06-17,00:00,40.7451792,-73.9827278,E  31 ST,10016,14,UNKNOWN,Street,2.9669860144579996,False,MANHATTAN,"(40.7451792, -73.9827278)",trafficstat,True,False,False,True,False,False,False,False,False,,,,,,,
2026-09-12,00:00,40.750294,-73.99484,W  31 ST,10001,14,UNKNOWN,Street,1.748728937722421,False,MANHATTAN,"(40.750294, -73.99484)",trafficstat,False,False,False,False,False,False,False,False,False,,,,,,,
2026-07-02,00:00,40.750294,-73.99484,W  31 ST,10001,14,UNKNOWN,Street,1.748728937722421,False,MANHATTAN,"(40.750294, -73.99484)",trafficstat,False,False,False,False,False,False,False,False,False,,,,,,,
2026-06-20,00:00,40.750294,-73.99484,W  31 ST,10001,14,UNKNOWN,Street,1.748728937722421,False,MANHATTAN,"(40.750294, -73.99484)",trafficstat,False,False,False,False,False,False,False,False,False,,,,,,,
2026-09-12,00:00,40.7573389,-73.9860129,7 AVE,10036,14,UNKNOWN,Street,2.2101057385602934,False,MANHATTAN,"(40.7573389, -73.9860129)",trafficstat,False,False,False,False,False,False,False,False,False,,,,,,,