crash_date,crash_time,latitude,longitude,on_street_name,zip_code,precinct,collision_type,roadway_type,geocode_dist_feet,time_is_known,borough,location,source,injury,fatality,injured_pedestrian,injured_cyclist,injured_ebike_rider,injured_motorcyclist,injured_moped_rider,injured_car_occupant,injured_suv_occupant,number_of_persons_injured,number_of_persons_killed,contributing_factor_vehicle_1,collision_id,cross_street_name,off_street_name,vehicle_type_code1
2026-08-24,00:00,40.7573389,-73.9860129,7 AVE,10036,14,UNKNOWN,Street,2.2101057385602934,False,MANHATTAN,"(40.7573389, -73.9860129)",trafficstat,True,False,True,False,False,False,False,False,False,,,,,,,
2026-08-17,00:00,40.7573389,-73.9860129,7 AVE,10036,14,UNKNOWN,Street,2.2101057385602934,False,MANHATTAN,"(40.7573389, -73.9860129)",trafficstat,True,False,False,True,False,False,False,False,False,,,,,,,
2026-07-15,00:00,40.7573389,-73.9860129,7 AVE,10036,14,UNKNOWN,Street,2.2101057385602934,False,MANHATTAN,"(40.7573389, -73.9860129)",trafficstat,True,False,False,True,False,False,False,False,False,,,,,,,
2026-09-11,00:00,40.756035,-73.986946,W  42 ST,10036,14,UNKNOWN,Street,2.3815896821418625,False,MANHATTAN,"(40.756035, -73.986946)",trafficstat,True,False,False,True,False,False,False,False,False,,,,,,,
2026-09-01,00:00,40.756035,-73.986946,W  42 ST,10036,14,UNKNOWN,Street,2.3815896821418625,False,MANHATTAN,"(40.756035, -73.986946)",trafficstat,False,False,False,False,False,False,False,False,False,,,,,,,
2026-07-07,00:00,40.756035,-73.986946,W  42 ST,10036,14,UNKNOWN,Street,2.3815896821418625,False,MANHATTAN,"(40.756035, -73.986946)",trafficstat,False,False,False,False,False,False,False,False,False,,,,,,,
2026-09-11,00:00,40.7517012,-73.9864003,AVE OF THE AMERICAS,10018,14,UNKNOWN,Street,1.3161715188736067,False,MANHATTAN,"(40.7517012, -73.9864003)",trafficstat,False,False,False,False,False,False,False,False,False,,,,,,,
2026-09-11,00:00,40.7476267,-73.9891387,AVE OF THE AMERICAS,10001,14,UNKNOWN,Street,55.91179903349052,False,MANHATTAN,"(40.7476267, -73.9891387)",trafficstat,False,False,False,False,False,False,False,False,False,,,,,,,
2026-09-11,00:00,40.7493902,-73.995727,8 AVE,10001,14,UNKNOWN,Street,52.58606596463364,False,MANHATTAN,"(40.7493902, -73.995727)",trafficstat,False,False,False,False,False,False,False,False,False,,,,,,,
2026-09-10,00:00,40.7452426,-73.984792,MADISON AVE,10016,14,UNKNOWN,Street,2.295695241446116,False,MANHATTAN,"(40.7452426, -73.984792)",trafficstat,True,False,False,True,False,False,False,False,False,,,,,,,
2026-06-27,00:00,40.7452426,-73.984792,MADISON AVE,10016,14,UNKNOWN,Street,2.295695241446116,False,MANHATTAN,"(40.7452426, -73.984792)",trafficstat,False,False,False,False,False,False,False,False,False,,,,,,,
2026-09-10,00:00,40.7625917,-73.9703985,PARK AVE,10022,14,OTHER,Street,53.800444435787,False,MANHATTAN,"(40.7625917, -73.9703985)",trafficstat,True,False,True,False,False,False,False,False,False,,,,,,,
2026-09-09,00:00,40.7545917,-73.9781985,MADISON AVE,10017,14,OTHER,Street,52.53091758645891,False,MANHATTAN,"(40.7545917, -73.9781985)",trafficstat,True,True,False,False,False,False,False,False,True,,,,,,,
2026-09-09,00:00,40.7479604,-73.9909762,W  30 ST,10001,14,OTHER,Street,33.9291096827976,False,MANHATTAN,"(40.7479604, -73.9909762)",trafficstat,False,False,False,False,False,False,False,False,False,,,,,,,
2026-09-09,00:00,40.7497883,-73.9877685,AVE OF THE AMERICAS,10001,14,OTHER,Street,1.6369508323398398,False,MANHATTAN,"(40.7497883, -73.9877685)",trafficstat,True,False,True,False,False,False,False,False,False,,,,,,,
2026-06-27,00:00,40.7497883,-73.9877685,AVE OF THE AMERICAS,10001,14,UNKNOWN,Street,1.6369508323398398,False,MANHATTAN,"(40.7497883, -73.9877685)",trafficstat,False,False,False,False,False,False,False,False,False,,,,,,,
2026-06-12,00:00,40.7497883,-73.9877685,AVE OF THE AMERICAS,10001,14,UNKNOWN,Street,1.6369508323398398,False,MANHATTAN,"(40.7497883, -73.9877685)",trafficstat,True,False,True,False,False,False,False,False,False,,,,,,,
2026-09-09,00:00,40.7548409,-73.9841185,AVE OF THE AMERICAS,10036,14,UNKNOWN,Street,1.7271648879310335,False,MANHATTAN,"(40.7548409, -73.9841185)",trafficstat,False,False,False,False,False,False,False,False,False,,,,,,,
2026-08-19,00:00,40.7548409,-73.9841185,AVE OF THE AMERICAS,10036,14,OTHER,Street,1.7271648879310335,False,MANHATTAN,"(40.7548409, -73.9841185)",trafficstat,True,False,True,False,False,False,False,False,False,,,,,,,
2026-06-28,00:00,40.7548409,-73.9841185,AVE OF THE AMERICAS,10036,14,OTHER,Street,1.7271648879310335,False,MANHATTAN,"(40.7548409, -73.9841185)",trafficstat,True,False,False,False,False,False,False,True,False,,,,,,,
2026-09-09,00:00,40.7516015,-73.9859059,W  37 ST,10018,14,UNKNOWN,Street,32.36156655283413,False,MANHATTAN,"(40.7516015, -73.9859059)",trafficstat,True,False,False,True,False,False,False,False,False,,,,,,,
2026-09-09,00:00,40.7509907,-73.9906232,7 AVE,10001,14,OTHER,Street,1.7091189629559367,False,MANHATTAN,"(40.7509907, -73.9906232)",trafficstat,True,False,True,False,False,False,False,False,False,,,,,,,
2026-06-26,00:00,40.7509907,-73.9906232,7 AVE,10001,14,UNKNOWN,Street,1.7091189629559367,False,MANHATTAN,"(40.7509907, -73.9906232)",trafficstat,True,False,False,False,False,False,False,True,False,,,,,,,
2026-09-07,00:00,40.7565805,-73.9886472,W  41 ST,10036,14,UNKNOWN,Street,220.71913634382065,False,MANHATTAN,"(40.7565805, -73.9886472)",trafficstat,False,False,False,False,False,False,False,False,False,,,,,,,
2026-09-06,00:00,40.7546882,-73.9953546,9 AVE,10018,14,UNKNOWN,Street,1.569418610547539,False,MANHATTAN,"(40.7546882, -73.9953546)",trafficstat,True,False,False,False,False,False,False,False,True,,,,,,,
2026-08-26,00:00,40.7546882,-73.9953546,9 AVE,10018,14,UNKNOWN,Street,1.569418610547539,False,MANHATTAN,"(40.7546882, -73.9953546)",trafficstat,True,False,False,False,True,False,False,False,False,,,,,,,
2026-08-20,00:00,40.7546882,-73.9953546,9 AVE,10018,14,UNKNOWN,Street,1.569418610547539,False,MANHATTAN,"(40.7546882, -73.9953546)",trafficstat,False,False,False,False,False,False,False,False,False,,,,,,,
2026-09-06,00:00,40.7484317,-73.9824707,MADISON AVE,10016,14,UNKNOWN,Street,2.0769751414413045,False,MANHATTAN,"(40.7484317, -73.9824707)",trafficstat,False,False,False,False,False,False,False,False,False,,,,,,,
2026-09-06,00:00,40.7478945,-73.9891656,AVE OF THE AMERICAS,10001,14,UNKNOWN,Street,2.1563066739559895,False,MANHATTAN,"(40.7478945, -73.9891656)",trafficstat,False,False,False,False,False,False,False,False,False,,,,,,,
2026-09-05,00:00,40.7551261,-73.990436,W  39 ST,10018,14,UNKNOWN,Street,32.33274458073647,False,MANHATTAN,"(40.7551261, -73.990436)",trafficstat,True,False,False,False,False,False,False,True,False,,,,,,,
2026-09-05,00:00,40.7576268,-73.9888935,W  43 ST,10036,14,UNKNOWN,Street,37.400019064371186,False,MANHATTAN,"(40.7576268, -73.9888935)",trafficstat,True,False,True,False,False,False,False,False,False,,,,,,,
2026-09-04,00:00,40.7538369,-73.9883229,7 AVE,10018,14,OTHER,Street,57.02460487447326,False,MANHATTAN,"(40.7538369, -73.9883229)",trafficstat,False,False,False,False,False,False,False,False,False,,,,,,,
2026-08-15,00:00,40.7538369,-73.9883229,7 AVE,10018,14,UNKNOWN,Street,57.02460487447326,False,MANHATTAN,"(40.7538369, -73.9883229)",trafficstat,True,False,True,False,False,False,False,False,False,,,,,,,
2026-09-04,00:00,40.7497063,-73.9915618,7 AVE,10121,14,UNKNOWN,Street,2.0009778577577126,False,MANHATTAN,"(40.7497063, -73.9915618)",trafficstat,True,False,True,False,False,False,False,False,False,,,,,,,
2026-08-24,00:00,40.7497063,-73.9915618,7 AVE,10121,14,OTHER,Street,2.0009778577577126,False,MANHATTAN,"(40.7497063, -73.9915618)",trafficstat,True,False,False,True,False,False,False,False,False,,,,,,,
2026-08-03,00:00,40.7497063,-73.9915618,7 AVE,10121,14,OTHER,Street,2.0009778577577126,False,MANHATTAN,"(40.7497063, -73.9915618)",trafficstat,True,False,True,False,False,False,False,False,False,,,,,,,
2026-09-03,00:00,40.7485121,-73.9887144,AVE OF THE AMERICAS,10001,14,OTHER,Street,1.899644830445766,False,MANHATTAN,"(40.7485121, -73.9887144)",trafficstat,True,False,True,False,False,False,False,False,False,,,,,,,
2026-06-16,00:00,40.7485121,-73.9887144,AVE OF THE AMERICAS,10001,14,UNKNOWN,Street,1.899644830445766,False,MANHATTAN,"(40.7485121, -73.9887144)",trafficstat,True,False,False,True,False,False,False,False,False,,,,,,,
2026-09-03,00:00,40.7480576,-73.9873835,W  32 ST,10001,14,OTHER,Street,31.019339683567804,False,MANHATTAN,"(40.7480576, -73.9873835)",trafficstat,False,False,False,False,False,False,False,False,False,,,,,,,
2026-09-03,00:00,40.75484,-73.984116,AVE OF THE AMERICAS,10036,14,UNKNOWN,Street,2.4921909143137237,False,MANHATTAN,"(40.75484, -73.984116)",trafficstat,False,False,False,False,False,False,False,False,False,,,,,,,
2026-09-03,00:00,40.7582884,-73.9918685,W  42 ST,10036,14,UNKNOWN,Street,55.098103241720935,False,MANHATTAN,"(40.7582884, -73.9918685)",trafficstat,False,False,False,False,False,False,False,False,False,,,,,,,
2026-09-02,00:00,40.7520225,-73.9896562,7 AVE,10018,14,OTHER,Street,55.347389829994405,False,MANHATTAN,"(40.7520225, -73.9896562)",trafficstat,True,False,True,True,False,False,False,False,False,,,,,,,
2026-09-02,00:00,40.7499642,-73.9975391,W  29 ST,10001,14,UNKNOWN,Street,49.9390550878245,False,MANHATTAN,"(40.7499642, -73.9975391)",trafficstat,False,False,False,False,False,False,False,False,False,,,,,,,
2026-08-31,00:00,40.7579723,-73.9910721,W  42 ST,10036,14,UNKNOWN,Street,61.21234783749912,False,MANHATTAN,"(40.7579723, -73.9910721)",trafficstat,True,False,False,True,False,False,False,False,False,,,,,,,
2026-08-30,00:00,40.7584291,-73.9926327,9 AVE,10036,14,UNKNOWN,Street,1.947868733608324,False,MANHATTAN,"(40.7584291, -73.9926327)",trafficstat,False,False,False,False,False,False,False,False,False,,,,,,,
2026-08-22,00:00,40.7584291,-73.9926327,9 AVE,10036,14,UNKNOWN,Street,1.947868733608324,False,MANHATTAN,"(40.7584291, -73.9926327)",trafficstat,False,False,False,False,False,False,False,False,False,,,,,,,
2026-06-18,00:00,40.7584291,-73.9926327,9 AVE,10036,14,UNKNOWN,Street,1.947868733608324,False,MANHATTAN,"(40.7584291, -73.9926327)",trafficstat,False,False,False,False,False,False,False,False,False,,,,,,,
2026-08-30,00:00,40.7571613,-73.9872792,W  43 ST,10036,14,UNKNOWN,Street,31.07215391773069,False,MANHATTAN,"(40.7571613, -73.9872792)",trafficstat,False,False,False,False,False,False,False,False,False,,,,,,,
2026-08-30,00:00,40.7450206,-73.9820928,E  31 ST,10016,14,UNKNOWN,Street,31.783890915509772,False,MANHATTAN,"(40.7450206, -73.9820928)",trafficstat,False,False,False,False,False,False,False,False,False,,,,,,,
2026-08-30,00:00,40.747153,-73.9854954,5 AVE,10001,14,UNKNOWN,Street,1.80983614803021,False,MANHATTAN,"(40.747153, -73.9854954)",trafficstat,False,False,False,False,False,False,False,False,False,,,,,,,
2026-08-19,00:00,40.747153,-73.9854954,5 AVE,10001,14,UNKNOWN,Street,1.80983614803021,False,MANHATTAN,"(40.747153, -73.9854954)",trafficstat,True,False,False,False,False,False,False,True,False,,,,,,,
2026-08-29,00:00,40.7505697,-73.9857884,W  36 ST,10018,14,UNKNOWN,Street,23.34591350196554,False,MANHATTAN,"(40.7505697, -73.9857884)",trafficstat,True,False,True,False,False,False,False,False,False,,,,,,,
2026-08-28,00:00,40.7439442,-73.9836267,E  29 ST,10016,14,UNKNOWN,Street,2.345275719521561,False,MANHATTAN,"(40.7439442, -73.9836267)",trafficstat,True,False,False,True,False,False,False,False,False,,,,,,,
2026-08-27,00:00,40.7503183,-73.9911105,7 AVE,10121,14,OTHER,Street,1.8262245833479118,False,MANHATTAN,"(40.7503183, -73.9911105)",trafficstat,True,False,True,False,False,False,False,False,False,,,,,,,
2026-08-12,00:00,40.7503183,-73.9911105,7 AVE,10121,14,UNKNOWN,Street,1.8262245833479118,False,MANHATTAN,"(40.7503183, -73.9911105)",trafficstat,False,False,False,False,False,False,False,False,False,,,,,,,
2026-08-11,00:00,40.7503183,-73.9911105,7 AVE,10121,14,OTHER,Street,1.8262245833479118,False,MANHATTAN,"(40.7503183, -73.9911105)",trafficstat,False,False,False,False,False,False,False,False,False,,,,,,,
2026-08-09,00:00,40.7503183,-73.9911105,7 AVE,10121,14,OTHER,Street,1.8262245833479118,False,MANHATTAN,"(40.7503183, -73.9911105)",trafficstat,True,False,True,False,False,False,False,False,False,,,,,,,
2026-08-27,00:00,40.7525415,-73.9897208,7 AVE,10018,14,OTHER,Street,51.14436301065558,False,MANHATTAN,"(40.7525415, -73.9897208)",trafficstat,True,False,False,False,False,False,True,False,False,,,,,,,
2026-08-27,00:00,40.755955,-73.9836332,AVE OF THE AMERICAS,10036,14,UNKNOWN,Street,78.06062576461872,False,MANHATTAN,"(40.755955, -73.9836332)",trafficstat,False,False,False,False,False,False,False,False,False,,,,,,,
2026-08-25,00:00,40.7491296,-73.9882379,AVE OF THE AMERICAS,10001,14,UNKNOWN,Street,1.8685182936599936,False,MANHATTAN,"(40.7491296, -73.9882379)",trafficstat,False,False,False,False,False,False,False,False,False,,,,,,,
2026-08-24,00:00,40.7572322,-73.9897921,8 AVE,10036,14,OTHER,Street,1.6346494763350432,False,MANHATTAN,"(40.7572322, -73.9897921)",trafficstat,True,False,True,False,False,False,False,False,False,,,,,,,
2026-08-11,00:00,40.7572322,-73.9897921,8 AVE,10036,14,UNKNOWN,Street,1.6346494763350432,False,MANHATTAN,"(40.7572322, -73.9897921)",trafficstat,True,False,False,False,False,False,False,False,True,,,,,,,
2026-07-30,00:00,40.7572322,-73.9897921,8 AVE,10036,14,UNKNOWN,Street,1.6346494763350432,False,MANHATTAN,"(40.7572322, -73.9897921)",trafficstat,False,False,False,False,False,False,False,False,False,,,,,,,
2026-08-24,00:00,40.7511484,-73.9846684,W  37 ST,10018,14,UNKNOWN,Street,53.99638542699864,False,MANHATTAN,"(40.7511484, -73.9846684)",trafficstat,False,False,False,False,False,False,False,False,False,,,,,,,
2026-08-24,00:00,40.7504524,-73.987292,W  35 ST,10001,14,UNKNOWN,Street,1.9684759708323185,False,MANHATTAN,"(40.7504524, -73.987292)",trafficstat,True,False,False,True,False,False,False,False,False,,,,,,,
2026-06-12,00:00,40.7504524,-73.987292,W  35 ST,10001,14,UNKNOWN,Street,1.9684759708323185,False,MANHATTAN,"(40.7504524, -73.987292)",trafficstat,False,False,False,False,False,False,False,False,False,,,,,,,
2026-08-23,00:00,40.752285,-73.9784639,E  42 ST,10017,14,UNKNOWN,Street,57.76914907212676,False,MANHATTAN,"(40.752285, -73.9784639)",trafficstat,False,False,False,False,False,False,False,False,False,,,,,,,
2026-08-23,00:00,40.7509033,-73.9981196,9 AVE,10001,14,UNKNOWN,Street,1.8284737199281387,False,MANHATTAN,"(40.7509033, -73.9981196)",trafficstat,True,False,True,False,False,False,False,False,False,,,,,,,
2026-08-19,00:00,40.7509033,-73.9981196,9 AVE,10001,14,UNKNOWN,Street,1.8284737199281387,False,MANHATTAN,"(40.7509033, -73.9981196)",trafficstat,True,False,False,True,False,False,False,False,False,,,,,,,
2026-08-22,00:00,40.7484375,-73.9845603,5 AVE,10118,14,UNKNOWN,Street,2.1214090607986003,False,MANHATTAN,"(40.7484375, -73.9845603)",trafficstat,False,False,False,False,False,False,False,False,False,,,,,,,
2026-06-18,00:00,40.7484375,-73.9845603,5 AVE,10118,14,OTHER,Street,2.1214090607986003,False,MANHATTAN,"(40.7484375, -73.9845603)",trafficstat,False,False,False,False,False,False,False,False,False,,,,,,,
2026-08-22,00:00,40.7585331,-73.9888426,8 AVE,10036,14,UNKNOWN,Street,1.8217490085486416,False,MANHATTAN,"(40.7585331, -73.9888426)",trafficstat,False,False,False,False,False,False,False,False,False,,,,,,,
2026-08-21,00:00,40.7515771,-73.982275,5 AVE,10018,14,OTHER,Street,1.7785084217947569,False,MANHATTAN,"(40.7515771, -73.982275)",trafficstat,False,False,False,False,False,False,False,False,False,,,,,,,
2026-06-13,00:00,40.7515771,-73.982275,5 AVE,10018,14,UNKNOWN,Street,1.7785084217947569,False,MANHATTAN,"(40.7515771, -73.982275)",trafficstat,False,False,False,False,False,False,False,False,False,,,,,,,
2026-08-21,00:00,40.7535537,-73.9850428,AVE OF THE AMERICAS,10018,14,UNKNOWN,Street,2.0377708319558456,False,MANHATTAN,"(40.7535537, -73.9850428)",trafficstat,False,False,False,False,False,False,False,False,False,,,,,,,
2026-08-20,00:00,40.7564021,-73.985466,W  43 ST,10036,14,UNKNOWN,Street,32.90017419422658,False,MANHATTAN,"(40.7564021, -73.985466)",trafficstat,False,False,False,False,False,False,False,False,False,,,,,,,
2026-08-20,00:00,40.7545297,-73.9909311,W  38 ST,10018,14,UNKNOWN,Street,34.650679006714,False,MANHATTAN,"(40.7545297, -73.9909311)",trafficstat,False,False,False,False,False,False,False,False,False,,,,,,,
2026-08-19,00:00,40.7516577,-73.9901323,7 AVE,10123,14,UNKNOWN,Street,2.3338255103389565,False,MANHATTAN,"(40.7516577, -73.9901323)",trafficstat,False,False,False,False,False,False,False,False,False,,,,,,,
2026-08-09,00:00,40.7516577,-73.9901323,7 AVE,10123,14,UNKNOWN,Street,2.3338255103389565,False,MANHATTAN,"(40.7516577, -73.9901323)",trafficstat,True,False,False,True,False,False,False,False,False,,,,,,,
2026-07-03,00:00,40.7516577,-73.9901323,7 AVE,10123,14,UNKNOWN,Street,2.3338255103389565,False,MANHATTAN,"(40.7516577, -73.9901323)",trafficstat,True,False,False,True,False,False,False,False,False,,,,,,,
2026-08-19,00:00,40.752316,-73.9859454,AVE OF THE AMERICAS,10018,14,UNKNOWN,Street,2.1950977073828657,False,MANHATTAN,"(40.752316, -73.9859454)",trafficstat,False,False,False,False,False,False,False,False,False,,,,,,,
2026-08-19,00:00,40.7510461,-73.9903304,W  34 ST,10001,14,UNKNOWN,Street,54.171827860682235,False,MANHATTAN,"(40.7510461, -73.9903304)",trafficstat,True,False,True,False,False,False,False,False,False,,,,,,,
2026-08-19,00:00,40.7575535,-73.9860893,7 AVE,10036,14,UNKNOWN,Street,54.93695632971855,False,MANHATTAN,"(40.7575535, -73.9860893)",trafficstat,False,False,False,False,False,False,False,False,False,,,,,,,
2026-06-15,00:00,40.7575535,-73.9860893,7 AVE,10036,14,UNKNOWN,Street,54.93695632971855,False,MANHATTAN,"(40.7575535, -73.9860893)",trafficstat,False,False,False,False,False,False,False,False,False,,,,,,,
2026-08-19,00:00,40.7559096,-73.9944666,W  38 ST,10018,14,OTHER,Street,1.9926177966403094,False,MANHATTAN,"(40.7559096, -73.9944666)",trafficstat,True,False,False,False,True,False,False,False,False,,,,,,,
2026-08-18,00:00,40.7581349,-73.9876353,W  44 ST,10036,14,UNKNOWN,Street,33.1630046104014,False,MANHATTAN,"(40.7581349, -73.9876353)",trafficstat,False,False,False,False,False,False,False,False,False,,,,,,,
2026-08-17,00:00,40.7534749,-73.9925286,8 AVE,10018,14,OTHER,Street,1.5844640911755306,False,MANHATTAN,"(40.7534749, -73.9925286)",trafficstat,True,False,True,False,False,False,False,False,False,,,,,,,
2026-08-15,00:00,40.7477648,-73.9829581,MADISON AVE,10016,14,UNKNOWN,Street,1.4099158119548363,False,MANHATTAN,"(40.7477648, -73.9829581)",trafficstat,False,False,False,False,False,False,False,False,False,,,,,,,
2026-08-15,00:00,40.7454825,-73.9805684,LEXINGTON AVE,10016,14,OTHER,Street,41.015031969007886,False,MANHATTAN,"(40.7454825, -73.9805684)",trafficstat,True,False,False,True,False,False,False,False,False,,,,,,,
2026-08-14,00:00,40.7470783,-73.9813414,PARK AVE,10016,14,UNKNOWN,Street,1.6862327697780541,False,MANHATTAN,"(40.7470783, -73.9813414)",trafficstat,True,False,False,True,False,False,False,False,False,,,,,,,
2026-07-22,00:00,40.7470783,-73.9813414,PARK AVE,10016,14,UNKNOWN,Street,1.6862327697780541,False,MANHATTAN,"(40.7470783, -73.9813414)",trafficstat,True,False,False,False,True,False,False,False,False,,,,,,,
2026-07-12,00:00,40.7470783,-73.9813414,PARK AVE,10016,14,OTHER,Street,1.6862327697780541,False,MANHATTAN,"(40.7470783, -73.9813414)",trafficstat,True,False,True,False,False,False,False,True,False,,,,,,,
2026-08-13,00:00,40.7469732,-73.9900659,AVE OF THE AMERICAS,10001,14,UNKNOWN,Street,53.36287092471714,False,MANHATTAN,"(40.7469732, -73.9900659)",trafficstat,False,False,False,False,False,False,False,False,False,,,,,,,
2026-08-13,00:00,40.7502938,-73.9948424,8 AVE,10001,14,OTHER,Street,1.9879337968271658,False,MANHATTAN,"(40.7502938, -73.9948424)",trafficstat,True,False,True,False,False,False,False,False,False,,,,,,,
2026-08-08,00:00,40.7502938,-73.9948424,8 AVE,10001,14,UNKNOWN,Street,1.9879337968271658,False,MANHATTAN,"(40.7502938, -73.9948424)",trafficstat,False,False,False,False,False,False,False,False,False,,,,,,,
2026-08-13,00:00,40.7497246,-73.9836217,5 AVE,10018,14,UNKNOWN,Street,1.5999388486522406,False,MANHATTAN,"(40.7497246, -73.9836217)",trafficstat,False,False,False,False,False,False,False,False,False,,,,,,,
2026-08-04,00:00,40.7497246,-73.9836217,5 AVE,10018,14,UNKNOWN,Street,1.5999388486522406,False,MANHATTAN,"(40.7497246, -73.9836217)",trafficstat,True,False,True,False,False,False,False,False,False,,,,,,,
2026-06-25,00:00,40.7497246,-73.9836217,5 AVE,10018,14,UNKNOWN,Street,1.5999388486522406,False,MANHATTAN,"(40.7497246, -73.9836217)",trafficstat,True,False,False,True,False,False,False,False,False,,,,,,,
2026-06-23,00:00,40.7497246,-73.9836217,5 AVE,10018,14,UNKNOWN,Street,1.5999388486522406,False,MANHATTAN,"(40.7497246, -73.9836217)",trafficstat,False,False,False,False,False,False,False,False,False,,,,,,,
2026-08-13,00:00,40.751522,-73.99395,8 AVE,10001,14,UNKNOWN,Street,1.387988438834444,False,MANHATTAN,"(40.751522, -73.99395)",trafficstat,True,False,False,False,False,False,False,True,False,,,,,,,
2026-08-13,00:00,40.7567104,-73.986457,7 AVE,10036,14,UNKNOWN,Street,2.015550734979078,False,MANHATTAN,"(40.7567104, -73.986457)",trafficstat,True,False,False,False,False,False,False,False,False,,,,,,,
2026-07-20,00:00,40.7567104,-73.986457,7 AVE,10036,14,UNKNOWN,Street,2.015550734979078,False,MANHATTAN,"(40.7567104, -73.986457)",trafficstat,True,False,False,False,False,False,True,False,False,,,,,,,
2026-07-09,00:00,40.7567104,-73.986457,7 AVE,10036,14,UNKNOWN,Street,2.015550734979078,False,MANHATTAN,"(40.7567104, -73.986457)",trafficstat,False,False,False,False,False,False,False,False,False,,,,,,,
2026-08-12,00:00,40.7522807,-73.9896918,7 AVE,10018,14,UNKNOWN,Street,2.027971776852205,False,MANHATTAN,"(40.7522807, -73.9896918)",trafficstat,False,False,False,False,False,False,False,False,False,,,,,,,
2026-08-04,00:00,40.7522807,-73.9896918,7 AVE,10018,14,UNKNOWN,Street,2.027971776852205,False,MANHATTAN,"(40.7522807, -73.9896918)",trafficstat,True,False,False,True,False,False,False,False,False,,,,,,,
2026-08-11,00:00,40.7533872,-73.996304,9 AVE,10001,14,OTHER,Street,1.773401188248786,False,MANHATTAN,"(40.7533872, -73.996304)",trafficstat,False,False,False,False,False,False,False,False,False,,,,,,,
2026-08-10,00:00,40.7552039,-73.9886978,W  40 ST,10018,14,UNKNOWN,Street,33.495095227139295,False,MANHATTAN,"(40.7552039, -73.9886978)",trafficstat,False,False,False,False,False,False,False,False,False,,,,,,,
2026-08-10,00:00,40.7510809,-73.9868516,AVE OF THE AMERICAS,10018,14,UNKNOWN,Street,1.4573289876102256,False,MANHATTAN,"(40.7510809, -73.9868516)",trafficstat,False,False,False,False,False,False,False,False,False,,,,,,,
2026-07-01,00:00,40.7510809,-73.9868516,AVE OF THE AMERICAS,10018,14,UNKNOWN,Street,1.4573289876102256,False,MANHATTAN,"(40.7510809, -73.9868516)",trafficstat,False,False,False,False,False,False,False,False,False,,,,,,,
2026-08-10,00:00,40.7523246,-73.9894219,W  36 ST,10018,14,UNKNOWN,Street,48.05036792254284,False,MANHATTAN,"(40.7523246, -73.9894219)",trafficstat,False,False,False,False,False,False,False,False,False,,,,,,,
2026-08-10,00:00,40.7475503,-73.9891962,AVE OF THE AMERICAS,10001,14,UNKNOWN,Street,55.44609777300881,False,MANHATTAN,"(40.7475503, -73.9891962)",trafficstat,False,False,False,False,False,False,False,False,False,,,,,,,
2026-08-10,00:00,40.7477273,-73.9890629,W  31 ST,10001,14,UNKNOWN,Street,42.317635993519964,False,MANHATTAN,"(40.7477273, -73.9890629)",trafficstat,False,False,False,False,False,False,False,False,False,,,,,,,
2026-06-29,00:00,40.7477273,-73.9890629,W  31 ST,10001,14,UNKNOWN,Street,42.317635993519964,False,MANHATTAN,"(40.7477273, -73.9890629)",trafficstat,False,False,False,False,False,False,False,False,False,,,,,,,
2026-08-09,00:00,40.7502873,-73.9951036,W  31 ST,10001,14,UNKNOWN,Street,39.251194865965566,False,MANHATTAN,"(40.7502873, -73.9951036)",trafficstat,True,False,True,False,False,False,False,False,False,,,,,,,
2026-08-09,00:00,40.7578822,-73.9875466,W  44 ST,10036,14,UNKNOWN,Street,35.358263747368795,False,MANHATTAN,"(40.7578822, -73.9875466)",trafficstat,False,False,False,False,False,False,False,False,False,,,,,,,
2026-08-09,00:00,40.7603531,-73.9912319,9 AVE,10036,14,UNKNOWN,Street,1.6439253275756318,False,MANHATTAN,"(40.7603531, -73.9912319)",trafficstat,True,False,True,False,False,False,False,False,False,,,,,,,
2026-06-22,00:00,40.7603531,-73.9912319,9 AVE,10036,14,UNKNOWN,Street,1.6439253275756318,False,MANHATTAN,"(40.7603531, -73.9912319)",trafficstat,False,False,False,False,False,False,False,False,False,,,,,,,
2026-08-07,00:00,40.7458828,-73.9879238,W  29 ST,10001,14,UNKNOWN,Street,38.2264850016146,False,MANHATTAN,"(40.7458828, -73.9879238)",trafficstat,False,False,False,False,False,False,False,False,False,,,,,,,
2026-08-07,00:00,40.7499948,-73.9900609,W  33 ST,10001,14,UNKNOWN,Street,32.72518557766778,False,MANHATTAN,"(40.7499948, -73.9900609)",trafficstat,True,False,True,False,False,False,False,False,False,,,,,,,
2026-08-06,00:00,40.7517726,-73.9810487,E  40 ST,10016,14,UNKNOWN,Street,33.793910606964566,False,MANHATTAN,"(40.7517726, -73.9810487)",trafficstat,False,False,False,False,False,False,False,False,False,,,,,,,
2026-08-06,00:00,40.7584386,-73.9891432,8 AVE,10036,14,OTHER,Street,54.46827982674804,False,MANHATTAN,"(40.7584386, -73.9891432)",trafficstat,True,False,False,True,False,False,False,False,False,,,,,,,
2026-08-05,00:00,40.7493023,-73.9953544,8 AVE,10001,14,UNKNOWN,Street,53.25866531308154,False,MANHATTAN,"(40.7493023, -73.9953544)",trafficstat,False,False,False,False,False,False,False,False,False,,,,,,,