crash_date,crash_time,latitude,longitude,on_street_name,zip_code,precinct,collision_type,roadway_type,geocode_dist_feet,time_is_known,borough,location,source,injury,fatality,injured_pedestrian,injured_cyclist,injured_ebike_rider,injured_motorcyclist,injured_moped_rider,injured_car_occupant,injured_suv_occupant,number_of_persons_injured,number_of_persons_killed,contributing_factor_vehicle_1,collision_id,cross_street_name,off_street_name,vehicle_type_code1
2026-08-05,00:00,40.745216,-73.9824731,PARK AVE S,10016,14,OTHER,Street,35.074288061629964,False,MANHATTAN,"(40.745216, -73.9824731)",trafficstat,True,False,False,False,False,True,False,False,False,,,,,,,
2026-08-03,00:00,40.753963,-73.9934197,W  36 ST,10018,14,UNKNOWN,Street,31.282839340719043,False,MANHATTAN,"(40.753963, -73.9934197)",trafficstat,False,False,False,False,False,False,False,False,False,,,,,,,
2026-08-02,00:00,40.7601492,-73.9909866,W  45 ST,10036,14,UNKNOWN,Street,35.234382818988195,False,MANHATTAN,"(40.7601492, -73.9909866)",trafficstat,True,False,False,False,False,False,False,False,False,,,,,,,
2026-08-02,00:00,40.7473551,-73.9881841,W  31 ST,10001,14,UNKNOWN,Street,43.49266525247681,False,MANHATTAN,"(40.7473551, -73.9881841)",trafficstat,True,False,False,True,False,False,False,False,False,,,,,,,
2026-08-01,00:00,40.7528955,-73.9892442,7 AVE,10018,14,OTHER,Street,1.5794629988457294,False,MANHATTAN,"(40.7528955, -73.9892442)",trafficstat,True,False,True,False,False,False,False,False,False,,,,,,,
2026-07-31,00:00,40.7520355,-73.9907644,W  35 ST,10001,14,UNKNOWN,Street,33.250214911424784,False,MANHATTAN,"(40.7520355, -73.9907644)",trafficstat,True,False,False,True,False,False,False,False,False,,,,,,,
2026-07-30,00:00,40.7490492,-73.982023,MADISON AVE,10016,14,UNKNOWN,Street,2.222730689875649,False,MANHATTAN,"(40.7490492, -73.982023)",trafficstat,False,False,False,False,False,False,False,False,False,,,,,,,
2026-07-04,00:00,40.7490492,-73.982023,MADISON AVE,10016,14,OTHER,Street,2.222730689875649,False,MANHATTAN,"(40.7490492, -73.982023)",trafficstat,True,False,False,False,False,False,False,False,False,,,,,,,
2026-07-30,00:00,40.7560352,-73.986948,7 AVE,10036,14,UNKNOWN,Street,2.1065817861188982,False,MANHATTAN,"(40.7560352, -73.986948)",trafficstat,True,False,True,False,False,False,False,False,False,,,,,,,
2026-07-29,00:00,40.7558073,-73.9864031,BROADWAY,10036,14,UNKNOWN,Street,1.4277188590591947,False,MANHATTAN,"(40.7558073, -73.9864031)",trafficstat,True,False,False,True,False,False,False,False,False,,,,,,,
2026-07-29,00:00,40.7570963,-73.9864004,7 AVE,10036,14,UNKNOWN,Street,50.63315330524558,False,MANHATTAN,"(40.7570963, -73.9864004)",trafficstat,True,False,True,False,False,False,False,False,False,,,,,,,
2026-06-18,00:00,40.7570963,-73.9864004,7 AVE,10036,14,UNKNOWN,Street,50.63315330524558,False,MANHATTAN,"(40.7570963, -73.9864004)",trafficstat,False,False,False,False,False,False,False,False,False,,,,,,,
2026-07-29,00:00,40.7540569,-73.9958167,9 AVE,10001,14,UNKNOWN,Street,1.674801472923954,False,MANHATTAN,"(40.7540569, -73.9958167)",trafficstat,False,False,False,False,False,False,False,False,False,,,,,,,
2026-07-28,00:00,40.7521597,-73.9874902,BROADWAY,10018,14,UNKNOWN,Street,1.0040821344145443,False,MANHATTAN,"(40.7521597, -73.9874902)",trafficstat,False,False,False,False,False,False,False,False,False,,,,,,,
2026-07-27,00:00,40.7531793,-73.9915633,W  36 ST,10018,14,OTHER,Street,33.16473276356727,False,MANHATTAN,"(40.7531793, -73.9915633)",trafficstat,True,False,False,True,False,False,False,False,False,,,,,,,
2026-07-27,00:00,40.7515234,-73.9939473,8 AVE,10001,14,UNKNOWN,Street,1.7951228225918394,False,MANHATTAN,"(40.7515234, -73.9939473)",trafficstat,False,False,False,False,False,False,False,False,False,,,,,,,
2026-06-23,00:00,40.7515234,-73.9939473,8 AVE,10001,14,UNKNOWN,Street,1.7951228225918394,False,MANHATTAN,"(40.7515234, -73.9939473)",trafficstat,False,False,False,False,False,False,False,False,False,,,,,,,
2026-06-21,00:00,40.7515234,-73.9939473,8 AVE,10001,14,OTHER,Street,1.7951228225918394,False,MANHATTAN,"(40.7515234, -73.9939473)",trafficstat,False,False,False,False,False,False,False,False,False,,,,,,,
2026-07-27,00:00,40.7529882,-73.9839625,W  40 ST,10018,14,UNKNOWN,Street,37.672149876440145,False,MANHATTAN,"(40.7529882, -73.9839625)",trafficstat,False,False,False,False,False,False,False,False,False,,,,,,,
2026-07-27,00:00,40.7506036,-73.9954251,W  31 ST,10001,14,UNKNOWN,Street,18.43509567597705,False,MANHATTAN,"(40.7506036, -73.9954251)",trafficstat,False,False,False,False,False,False,False,False,False,,,,,,,
2026-07-27,00:00,40.7562202,-73.9877961,W  41 ST,10036,14,UNKNOWN,Street,220.39998833378948,False,MANHATTAN,"(40.7562202, -73.9877961)",trafficstat,True,False,True,False,False,False,False,False,False,,,,,,,
2026-07-26,00:00,40.7497781,-73.9854271,W  35 ST,10001,14,UNKNOWN,Street,32.448387799597675,False,MANHATTAN,"(40.7497781, -73.9854271)",trafficstat,False,False,False,False,False,False,False,False,False,,,,,,,
2026-07-25,00:00,40.75271,-73.9852247,W  39 ST,10018,14,UNKNOWN,Street,38.706173019223094,False,MANHATTAN,"(40.75271, -73.9852247)",trafficstat,False,False,False,False,False,False,False,False,False,,,,,,,
2026-07-25,00:00,40.7528925,-73.9873096,BROADWAY,10018,14,UNKNOWN,Street,1.0975813090625754,False,MANHATTAN,"(40.7528925, -73.9873096)",trafficstat,True,False,False,False,False,False,False,True,False,,,,,,,
2026-07-25,00:00,40.7533432,-73.980151,E  42 ST,10017,14,UNKNOWN,Street,53.273371968713455,False,MANHATTAN,"(40.7533432, -73.980151)",trafficstat,False,False,False,False,False,False,False,False,False,,,,,,,
2026-07-25,00:00,40.7509857,-73.9910165,W  34 ST,10119,14,UNKNOWN,Street,57.35854180191476,False,MANHATTAN,"(40.7509857, -73.9910165)",trafficstat,False,False,False,False,False,False,False,False,False,,,,,,,
2026-07-24,00:00,40.7499079,-73.9839037,W  36 ST,10018,14,UNKNOWN,Street,18.4106257464467,False,MANHATTAN,"(40.7499079, -73.9839037)",trafficstat,False,False,False,False,False,False,False,False,False,,,,,,,
2026-07-24,00:00,40.7480907,-73.9894717,W  31 ST,10001,14,UNKNOWN,Street,18.42358539416333,False,MANHATTAN,"(40.7480907, -73.9894717)",trafficstat,True,False,False,False,False,False,False,False,False,,,,,,,
2026-07-22,00:00,40.7541545,-73.9846986,AVE OF THE AMERICAS,10018,14,OTHER,Street,19.29995079584503,False,MANHATTAN,"(40.7541545, -73.9846986)",trafficstat,False,False,False,False,False,False,False,False,False,,,,,,,
2026-07-22,00:00,40.757908,-73.989296,8 AVE,10036,14,UNKNOWN,Street,1.844038337019786,False,MANHATTAN,"(40.757908, -73.989296)",trafficstat,False,False,False,False,False,False,False,False,False,,,,,,,
2026-07-21,00:00,40.754093,-73.99208,8 AVE,10018,14,UNKNOWN,Street,1.1959391962785664,False,MANHATTAN,"(40.754093, -73.99208)",trafficstat,False,False,False,False,False,False,False,False,False,,,,,,,
2026-07-21,00:00,40.7516127,-73.9865492,AVE OF THE AMERICAS,10018,14,UNKNOWN,Street,19.137901341157754,False,MANHATTAN,"(40.7516127, -73.9865492)",trafficstat,True,False,False,False,False,False,False,False,False,,,,,,,
2026-07-21,00:00,40.7586054,-73.9912176,W  43 ST,10036,14,UNKNOWN,Street,37.94504314400463,False,MANHATTAN,"(40.7586054, -73.9912176)",trafficstat,False,False,False,False,False,False,False,False,False,,,,,,,
2026-07-20,00:00,40.752895,-73.98924,W  37 ST,10018,14,UNKNOWN,Street,2.1460338380888695,False,MANHATTAN,"(40.752895, -73.98924)",trafficstat,True,False,True,False,False,False,False,False,False,,,,,,,
2026-07-20,00:00,40.7543032,-73.9930479,W  37 ST,10018,14,UNKNOWN,Street,65.31654028344903,False,MANHATTAN,"(40.7543032, -73.9930479)",trafficstat,True,False,False,True,False,False,False,False,False,,,,,,,
2026-07-20,00:00,40.7473002,-73.9898305,W  30 ST,10001,14,OTHER,Street,23.371577108506497,False,MANHATTAN,"(40.7473002, -73.9898305)",trafficstat,False,False,False,False,False,False,False,False,False,,,,,,,
2026-07-19,00:00,40.7489025,-73.9932124,W  30 ST,10001,14,UNKNOWN,Street,34.107217245555944,False,MANHATTAN,"(40.7489025, -73.9932124)",trafficstat,False,False,False,False,False,False,False,False,False,,,,,,,
2026-07-19,00:00,40.7534818,-73.9808885,5 AVE,10018,14,UNKNOWN,Street,1.2838986381873572,False,MANHATTAN,"(40.7534818, -73.9808885)",trafficstat,True,False,True,True,False,False,False,False,False,,,,,,,
2026-06-30,00:00,40.7534818,-73.9808885,5 AVE,10018,14,OTHER,Street,1.2838986381873572,False,MANHATTAN,"(40.7534818, -73.9808885)",trafficstat,False,False,False,False,False,False,False,False,False,,,,,,,
2026-07-19,00:00,40.7519584,-73.9955647,W  33 ST,10001,14,UNKNOWN,Street,81.18069569833972,False,MANHATTAN,"(40.7519584, -73.9955647)",trafficstat,True,False,True,False,False,False,False,False,False,,,,,,,
2026-07-18,00:00,40.7524166,-73.9826076,W  40 ST,10018,14,UNKNOWN,Street,37.92882133179168,False,MANHATTAN,"(40.7524166, -73.9826076)",trafficstat,True,False,False,False,False,False,False,True,False,,,,,,,
2026-07-18,00:00,40.748512,-73.988716,AVE OF THE AMERICAS,10001,14,OTHER,Street,1.530065953193289,False,MANHATTAN,"(40.748512, -73.988716)",trafficstat,True,False,True,False,False,False,False,False,False,,,,,,,
2026-07-16,00:00,40.756568,-73.9902759,8 AVE,10018,14,UNKNOWN,Street,1.7714471331561286,False,MANHATTAN,"(40.756568, -73.9902759)",trafficstat,False,False,False,False,False,False,False,False,False,,,,,,,
2026-07-15,00:00,40.7549252,-73.9943146,W  37 ST,10018,14,UNKNOWN,Street,37.71618679325327,False,MANHATTAN,"(40.7549252, -73.9943146)",trafficstat,True,False,False,False,False,False,False,True,False,,,,,,,
2026-07-15,00:00,40.7521974,-73.9818236,5 AVE,10018,14,UNKNOWN,Street,1.4438475603388792,False,MANHATTAN,"(40.7521974, -73.9818236)",trafficstat,True,False,False,True,False,False,False,False,False,,,,,,,
2026-07-15,00:00,40.7566395,-73.9926311,W  40 ST,10018,14,OTHER,Street,38.34518484403634,False,MANHATTAN,"(40.7566395, -73.9926311)",trafficstat,False,False,False,False,False,False,False,False,False,,,,,,,
2026-07-15,00:00,40.755292,-73.9949215,9 AVE,10018,14,UNKNOWN,Street,1.801836830328432,False,MANHATTAN,"(40.755292, -73.9949215)",trafficstat,False,False,False,False,False,False,False,False,False,,,,,,,
2026-06-28,00:00,40.755292,-73.9949215,9 AVE,10018,14,UNKNOWN,Street,1.801836830328432,False,MANHATTAN,"(40.755292, -73.9949215)",trafficstat,False,False,False,False,False,False,False,False,False,,,,,,,
2026-07-15,00:00,40.7542665,-73.9903118,W  38 ST,10018,14,OTHER,Street,33.289077271931085,False,MANHATTAN,"(40.7542665, -73.9903118)",trafficstat,True,False,True,False,False,False,False,False,False,,,,,,,
2026-07-14,00:00,40.7538917,-73.9785985,MADISON AVE,10173,14,UNKNOWN,Street,26.04469621670776,False,MANHATTAN,"(40.7538917, -73.9785985)",trafficstat,True,False,False,True,False,False,False,False,False,,,,,,,
2026-07-13,00:00,40.7522461,-73.9917773,W  35 ST,10001,14,UNKNOWN,Street,35.206496864772106,False,MANHATTAN,"(40.7522461, -73.9917773)",trafficstat,True,False,False,True,False,False,False,False,False,,,,,,,
2026-07-13,00:00,40.752723,-73.9967877,9 AVE,10001,14,UNKNOWN,Street,2.270381077056713,False,MANHATTAN,"(40.752723, -73.9967877)",trafficstat,False,False,False,False,False,False,False,False,False,,,,,,,
2026-07-13,00:00,40.7514746,-73.9861315,W  37 ST,10018,14,UNKNOWN,Street,38.360823363967555,False,MANHATTAN,"(40.7514746, -73.9861315)",trafficstat,False,False,False,False,False,False,False,False,False,,,,,,,
2026-07-13,00:00,40.7509596,-73.9827227,5 AVE,10018,14,UNKNOWN,Street,1.941201287927143,False,MANHATTAN,"(40.7509596, -73.9827227)",trafficstat,True,False,False,False,False,False,False,False,True,,,,,,,
2026-07-12,00:00,40.7477733,-73.9850441,5 AVE,10001,14,UNKNOWN,Street,2.122962310466912,False,MANHATTAN,"(40.7477733, -73.9850441)",trafficstat,False,False,False,False,False,False,False,False,False,,,,,,,
2026-07-09,00:00,40.7514529,-73.9781532,PARK AVE,10017,14,UNKNOWN,Street,1.5824448287276187,False,MANHATTAN,"(40.7514529, -73.9781532)",trafficstat,False,False,False,False,False,False,False,False,False,,,,,,,
2026-07-09,00:00,40.7475299,-73.9904902,W  30 ST,10001,14,UNKNOWN,Street,38.37442319615549,False,MANHATTAN,"(40.7475299, -73.9904902)",trafficstat,False,False,False,False,False,False,False,False,False,,,,,,,
2026-06-23,00:00,40.7475299,-73.9904902,W  30 ST,10001,14,OTHER,Street,38.37442319615549,False,MANHATTAN,"(40.7475299, -73.9904902)",trafficstat,False,False,False,False,False,False,False,False,False,,,,,,,
2026-06-20,00:00,40.7475299,-73.9904902,W  30 ST,10001,14,UNKNOWN,Street,38.37442319615549,False,MANHATTAN,"(40.7475299, -73.9904902)",trafficstat,False,False,False,False,False,False,False,False,False,,,,,,,
2026-07-09,00:00,40.749976,-73.9943617,W  31 ST,10001,14,UNKNOWN,Street,39.1109868410688,False,MANHATTAN,"(40.749976, -73.9943617)",trafficstat,False,False,False,False,False,False,False,False,False,,,,,,,
2026-07-08,00:00,40.7572277,-73.9861789,7 AVE,10036,14,UNKNOWN,Street,19.17492477452944,False,MANHATTAN,"(40.7572277, -73.9861789)",trafficstat,False,False,False,False,False,False,False,False,False,,,,,,,
2026-07-07,00:00,40.7488517,-73.9932088,W  30 ST,10001,14,UNKNOWN,Street,18.42604597921534,False,MANHATTAN,"(40.7488517, -73.9932088)",trafficstat,False,False,False,False,False,False,False,False,False,,,,,,,
2026-07-06,00:00,40.7537172,-73.9774342,VANDERBILT AVE,10017,14,OTHER,Street,1.3395821400184094,False,MANHATTAN,"(40.7537172, -73.9774342)",trafficstat,True,False,False,False,False,False,False,True,False,,,,,,,
2026-07-05,00:00,40.7545829,-73.9882422,7 AVE,10018,14,UNKNOWN,Street,54.463730091495506,False,MANHATTAN,"(40.7545829, -73.9882422)",trafficstat,True,False,False,True,False,False,False,False,False,,,,,,,
2026-07-05,00:00,40.7494624,-73.9888827,W  33 ST,10001,14,UNKNOWN,Street,18.405083894177217,False,MANHATTAN,"(40.7494624, -73.9888827)",trafficstat,False,False,False,False,False,False,False,False,False,,,,,,,
2026-07-03,00:00,40.7478536,-73.9929082,7 AVE,10001,14,UNKNOWN,Street,2.2684358222937115,False,MANHATTAN,"(40.7478536, -73.9929082)",trafficstat,False,False,False,False,False,False,False,False,False,,,,,,,
2026-07-03,00:00,40.754773,-73.9835432,W  42 ST,10036,14,UNKNOWN,Street,52.65393628723331,False,MANHATTAN,"(40.754773, -73.9835432)",trafficstat,False,False,False,False,False,False,False,False,False,,,,,,,
2026-07-03,00:00,40.75166,-73.990135,7 AVE,10123,14,UNKNOWN,Street,1.2725811938580054,False,MANHATTAN,"(40.75166, -73.990135)",trafficstat,False,False,False,False,False,False,False,False,False,,,,,,,
2026-07-02,00:00,40.7491025,-73.9920058,7 AVE,10001,14,UNKNOWN,Street,1.512243728813398,False,MANHATTAN,"(40.7491025, -73.9920058)",trafficstat,False,False,False,False,False,False,False,False,False,,,,,,,
2026-06-22,00:00,40.7491025,-73.9920058,7 AVE,10001,14,UNKNOWN,Street,1.512243728813398,False,MANHATTAN,"(40.7491025, -73.9920058)",trafficstat,False,False,False,False,False,False,False,False,False,,,,,,,
2026-07-01,00:00,40.750454,-73.98729,W  35 ST,10001,14,UNKNOWN,Street,1.190416286423213,False,MANHATTAN,"(40.750454, -73.98729)",trafficstat,False,False,False,False,False,False,False,False,False,,,,,,,
2026-07-01,00:00,40.75228,-73.98969,W  36 ST,10018,14,UNKNOWN,Street,2.100206830363273,False,MANHATTAN,"(40.75228, -73.98969)",trafficstat,True,False,False,True,False,False,False,False,False,,,,,,,
2026-06-30,00:00,40.7554235,-73.9897339,W  40 ST,10018,14,OTHER,Street,36.3245813105277,False,MANHATTAN,"(40.7554235, -73.9897339)",trafficstat,True,False,True,False,False,False,False,False,False,,,,,,,
2026-06-30,00:00,40.7468744,-73.9903212,W  29 ST,10001,14,UNKNOWN,Street,32.09185908824326,False,MANHATTAN,"(40.7468744, -73.9903212)",trafficstat,True,False,False,True,False,False,False,False,False,,,,,,,
2026-06-30,00:00,40.7459699,-73.9802451,LEXINGTON AVE,10016,14,OTHER,Street,48.483691242821656,False,MANHATTAN,"(40.7459699, -73.9802451)",trafficstat,True,False,False,False,False,False,False,True,False,,,,,,,
2026-06-30,00:00,40.7553302,-73.9911785,8 AVE,10018,14,UNKNOWN,Street,1.4411358918317534,False,MANHATTAN,"(40.7553302, -73.9911785)",trafficstat,True,False,False,True,False,False,False,False,False,,,,,,,
2026-06-13,00:00,40.7553302,-73.9911785,8 AVE,10018,14,UNKNOWN,Street,1.4411358918317534,False,MANHATTAN,"(40.7553302, -73.9911785)",trafficstat,True,False,False,False,False,False,False,True,False,,,,,,,
2026-06-29,00:00,40.7464776,-73.9838967,MADISON AVE,10016,14,UNKNOWN,Street,1.9190762911284174,False,MANHATTAN,"(40.7464776, -73.9838967)",trafficstat,True,False,False,False,True,False,False,False,False,,,,,,,
2026-06-29,00:00,40.7467883,-73.9884512,BROADWAY,10001,14,UNKNOWN,Street,1.192907266327907,False,MANHATTAN,"(40.7467883, -73.9884512)",trafficstat,False,False,False,False,False,False,False,False,False,,,,,,,
2026-06-29,00:00,40.7491016,-73.9840766,5 AVE,10001,14,UNKNOWN,Street,1.8078338803255285,False,MANHATTAN,"(40.7491016, -73.9840766)",trafficstat,False,False,False,False,False,False,False,False,False,,,,,,,
2026-06-29,00:00,40.7517111,-73.9802578,MADISON AVE,10017,14,OTHER,Street,40.636254415991296,False,MANHATTAN,"(40.7517111, -73.9802578)",trafficstat,False,False,False,False,False,False,False,False,False,,,,,,,
2026-06-29,00:00,40.7530703,-73.9841596,W  40 ST,10018,14,OTHER,Street,37.96932055303445,False,MANHATTAN,"(40.7530703, -73.9841596)",trafficstat,False,False,False,False,False,False,False,False,False,,,,,,,
2026-06-28,00:00,40.747894,-73.98917,AVE OF THE AMERICAS,10001,14,UNKNOWN,Street,1.1777211148259443,False,MANHATTAN,"(40.747894, -73.98917)",trafficstat,False,False,False,False,False,False,False,False,False,,,,,,,
2026-06-27,00:00,40.7459208,-73.9863943,5 AVE,10001,14,UNKNOWN,Street,1.589704598820291,False,MANHATTAN,"(40.7459208, -73.9863943)",trafficstat,True,False,True,False,False,False,False,False,False,,,,,,,
2026-06-26,00:00,40.7493622,-73.9948075,W  30 ST,10001,14,UNKNOWN,Street,34.75237329986049,False,MANHATTAN,"(40.7493622, -73.9948075)",trafficstat,True,False,True,False,False,False,False,False,False,,,,,,,
2026-06-26,00:00,40.754509,-73.9856556,W  41 ST,10036,14,UNKNOWN,Street,38.417734682208696,False,MANHATTAN,"(40.754509, -73.9856556)",trafficstat,True,False,False,False,False,False,False,True,False,,,,,,,
2026-06-25,00:00,40.7560987,-73.9848527,W  43 ST,10036,14,UNKNOWN,Street,18.43639065548605,False,MANHATTAN,"(40.7560987, -73.9848527)",trafficstat,True,False,False,False,False,False,False,False,False,,,,,,,
2026-06-25,00:00,40.7559505,-73.9907272,8 AVE,10018,14,OTHER,Street,1.5489098529297738,False,MANHATTAN,"(40.7559505, -73.9907272)",trafficstat,True,False,True,False,True,False,False,False,False,,,,,,,
2026-06-14,00:00,40.7559505,-73.9907272,8 AVE,10018,14,UNKNOWN,Street,1.5489098529297738,False,MANHATTAN,"(40.7559505, -73.9907272)",trafficstat,False,False,False,False,False,False,False,False,False,,,,,,,
2026-06-24,00:00,40.75671,-73.98646,7 AVE,10036,14,OTHER,Street,1.358842503393547,False,MANHATTAN,"(40.75671, -73.98646)",trafficstat,True,False,False,False,True,False,False,False,False,,,,,,,
2026-06-24,00:00,40.756139,-73.9831689,AVE OF THE AMERICAS,10036,14,UNKNOWN,Street,1.763767561193175,False,MANHATTAN,"(40.756139, -73.9831689)",trafficstat,False,False,False,False,False,False,False,False,False,,,,,,,
2026-06-24,00:00,40.7505864,-73.9900698,W  34 ST,10001,14,OTHER,Street,57.04943231928287,False,MANHATTAN,"(40.7505864, -73.9900698)",trafficstat,True,False,False,False,False,False,False,False,False,,,,,,,
2026-06-23,00:00,40.7525372,-73.9796973,MADISON AVE,10017,14,OTHER,Street,51.065895482958545,False,MANHATTAN,"(40.7525372, -73.9796973)",trafficstat,True,False,False,True,False,False,False,False,False,,,,,,,
2026-06-22,00:00,40.7464029,-73.9797248,LEXINGTON AVE,10016,14,OTHER,Street,1.4386545284632533,False,MANHATTAN,"(40.7464029, -73.9797248)",trafficstat,True,False,False,False,False,False,False,True,False,,,,,,,
2026-06-21,00:00,40.7557574,-73.9920362,W  39 ST,10018,14,OTHER,Street,18.443357152940393,False,MANHATTAN,"(40.7557574, -73.9920362)",trafficstat,True,False,False,True,False,False,False,False,False,,,,,,,
2026-06-20,00:00,40.7519636,-73.9947251,W  33 ST,10001,14,OTHER,Street,33.508944874389464,False,MANHATTAN,"(40.7519636, -73.9947251)",trafficstat,False,False,False,False,False,False,False,False,False,,,,,,,
2026-06-20,00:00,40.7514186,-73.9876455,BROADWAY,10018,14,UNKNOWN,Street,0.5244776681814327,False,MANHATTAN,"(40.7514186, -73.9876455)",trafficstat,False,False,False,False,False,False,False,False,False,,,,,,,
2026-06-12,00:00,40.7514186,-73.9876455,BROADWAY,10018,14,UNKNOWN,Street,0.5244776681814327,False,MANHATTAN,"(40.7514186, -73.9876455)",trafficstat,False,False,False,False,False,False,False,False,False,,,,,,,
2026-06-19,00:00,40.7544098,-73.9925625,W  37 ST,10018,14,OTHER,Street,33.960201924242284,False,MANHATTAN,"(40.7544098, -73.9925625)",trafficstat,False,False,False,False,False,False,False,False,False,,,,,,,
2026-06-19,00:00,40.7562294,-73.9916674,W  40 ST,10018,14,UNKNOWN,Street,39.77746775826136,False,MANHATTAN,"(40.7562294, -73.9916674)",trafficstat,False,False,False,False,False,False,False,False,False,,,,,,,
2026-06-18,00:00,40.7555159,-73.9858681,BROADWAY,10036,14,UNKNOWN,Street,169.72761671260574,False,MANHATTAN,"(40.7555159, -73.9858681)",trafficstat,True,False,False,True,False,False,False,False,False,,,,,,,
2026-06-18,00:00,40.751527,-73.9914744,W  34 ST,10119,14,UNKNOWN,Street,53.596799961931794,False,MANHATTAN,"(40.751527, -73.9914744)",trafficstat,True,False,False,False,False,False,False,True,False,,,,,,,
2026-06-17,00:00,40.7541541,-73.9803938,5 AVE,10110,14,OTHER,Street,2.333231344730471,False,MANHATTAN,"(40.7541541, -73.9803938)",trafficstat,True,False,False,True,False,False,False,False,False,,,,,,,
2026-06-17,00:00,40.754317,-73.9868654,BROADWAY,10018,14,OTHER,Street,1.1640601186084294,False,MANHATTAN,"(40.754317, -73.9868654)",trafficstat,False,False,False,False,False,False,False,False,False,,,,,,,
2026-06-17,00:00,40.7486903,-73.9932088,W  30 ST,10001,14,UNKNOWN,Street,32.93845803229643,False,MANHATTAN,"(40.7486903, -73.9932088)",trafficstat,True,False,False,True,False,False,False,False,False,,,,,,,
2026-06-16,00:00,40.7465355,-73.9859502,5 AVE,10001,14,UNKNOWN,Street,1.4289567695564476,False,MANHATTAN,"(40.7465355, -73.9859502)",trafficstat,True,False,False,True,False,False,False,False,False,,,,,,,
2026-06-16,00:00,40.7462369,-73.9849663,E  31 ST,10016,14,UNKNOWN,Street,34.01933662721718,False,MANHATTAN,"(40.7462369, -73.9849663)",trafficstat,True,False,True,False,False,False,False,False,False,,,,,,,
2026-06-16,00:00,40.7540924,-73.9920774,W  37 ST,10018,14,OTHER,Street,1.829340073230909,False,MANHATTAN,"(40.7540924, -73.9920774)",trafficstat,True,False,False,True,False,False,False,False,False,,,,,,,
2026-06-15,00:00,40.7565271,-73.994019,9 AVE,10018,14,UNKNOWN,Street,1.9764740075133496,False,MANHATTAN,"(40.7565271, -73.994019)",trafficstat,False,False,False,False,False,False,False,False,False,,,,,,,
2026-06-15,00:00,40.7571447,-73.9935605,9 AVE,10018,14,UNKNOWN,Street,1.9893250534233262,False,MANHATTAN,"(40.7571447, -73.9935605)",trafficstat,False,False,False,False,False,False,False,False,False,,,,,,,
2026-06-12,00:00,40.7571447,-73.9935605,9 AVE,10018,14,UNKNOWN,Street,1.9893250534233262,False,MANHATTAN,"(40.7571447, -73.9935605)",trafficstat,False,False,False,False,False,False,False,False,False,,,,,,,
2026-06-15,00:00,40.7500024,-73.9948386,8 AVE,10001,14,UNKNOWN,Street,54.507818650843205,False,MANHATTAN,"(40.7500024, -73.9948386)",trafficstat,True,False,False,False,False,False,False,False,False,,,,,,,
2026-06-14,00:00,40.753716,-73.97743,VANDERBILT AVE,10017,14,UNKNOWN,Street,2.5707236289814652,False,MANHATTAN,"(40.753716, -73.97743)",trafficstat,False,False,False,False,False,False,False,False,False,,,,,,,
2026-06-14,00:00,40.7523584,-73.9969657,9 AVE,10001,14,OTHER,Street,22.711807126781274,False,MANHATTAN,"(40.7523584, -73.9969657)",trafficstat,False,False,False,False,False,False,False,False,False,,,,,,,
2026-06-14,00:00,40.7529362,-73.9854869,AVE OF THE AMERICAS,10018,14,OTHER,Street,1.9174312844310517,False,MANHATTAN,"(40.7529362, -73.9854869)",trafficstat,True,False,False,True,False,False,False,False,False,,,,,,,
2026-06-14,00:00,40.7509891,-73.9767789,E  41 ST,10017,14,OTHER,Street,32.85124771428781,False,MANHATTAN,"(40.7509891, -73.9767789)",trafficstat,False,False,False,False,False,False,False,False,False,,,,,,,
2026-06-14,00:00,40.755516,-73.9836238,AVE OF THE AMERICAS,10036,14,OTHER,Street,1.9647365546057418,False,MANHATTAN,"(40.755516, -73.9836238)",trafficstat,True,False,False,True,False,False,False,False,False,,,,,,,
2026-06-13,00:00,40.7567629,-73.9898395,8 AVE,10036,14,UNKNOWN,Street,73.06916370406067,False,MANHATTAN,"(40.7567629, -73.9898395)",trafficstat,True,False,False,False,False,False,False,False,False,,,,,,,
2026-06-13,00:00,40.7549199,-73.9841467,AVE OF THE AMERICAS,10036,14,UNKNOWN,Street,19.07008141173203,False,MANHATTAN,"(40.7549199, -73.9841467)",trafficstat,False,False,False,False,False,False,False,False,False,,,,,,,
2026-06-13,00:00,40.7597301,-73.9916832,W  44 ST,10036,14,OTHER,Street,1.8343622262637698,False,MANHATTAN,"(40.7597301, -73.9916832)",trafficstat,True,False,False,True,False,False,False,False,False,,,,,,,
2026-06-13,00:00,40.7587575,-73.9915816,W  43 ST,10036,14,OTHER,Street,38.41098221056143,False,MANHATTAN,"(40.7587575, -73.9915816)",trafficstat,False,False,False,False,False,False,False,False,False,,,,,,,
2026-06-12,00:00,40.7563966,-73.9900267,W  41 ST,10036,14,OTHER,Street,23.360934922179986,False,MANHATTAN,"(40.7563966, -73.9900267)",trafficstat,False,False,False,False,False,False,False,False,False,,,,,,,
2026-06-12,00:00,40.7503421,-73.983174,5 AVE,10018,14,UNKNOWN,Street,1.8217675442633805,False,MANHATTAN,"(40.7503421, -73.983174)",trafficstat,True,False,True,False,False,False,False,False,False,,,,,,,