crash_date,crash_time,latitude,longitude,on_street_name,zip_code,precinct,collision_type,roadway_type,geocode_dist_feet,time_is_known,borough,location,source,injury,fatality,injured_pedestrian,injured_cyclist,injured_ebike_rider,injured_motorcyclist,injured_moped_rider,injured_car_occupant,injured_suv_occupant,number_of_persons_injured,number_of_persons_killed,contributing_factor_vehicle_1,collision_id,cross_street_name,off_street_name,vehicle_type_code1
2026-06-12,00:00,40.752937,-73.98549,AVE OF THE AMERICAS,10018,14,UNKNOWN,Street,1.026098797101762,False,MANHATTAN,"(40.752937, -73.98549)",trafficstat,False,False,False,False,False,False,False,False,False,,,,,,,
2026-06-12,00:00,40.7576728,-73.9851226,W  45 ST,10036,14,UNKNOWN,Street,41.89257303184538,False,MANHATTAN,"(40.7576728, -73.9851226)",trafficstat,True,False,False,False,False,False,False,True,False,,,,,,,
2026-09-13,00:00,40.7431872,-73.9720607,FRANKLIN D ROOSEVELT DR,10010,17,UNKNOWN,Street,1.706292531377297,False,MANHATTAN,"(40.7431872, -73.9720607)",trafficstat,True,False,False,False,False,False,False,True,False,,,,,,,
2026-08-18,00:00,40.7431872,-73.9720607,FRANKLIN D ROOSEVELT DR,10010,17,UNKNOWN,Street,1.706292531377297,False,MANHATTAN,"(40.7431872, -73.9720607)",trafficstat,False,False,False,False,False,False,False,False,False,,,,,,,
2026-08-15,00:00,40.7431872,-73.9720607,FRANKLIN D ROOSEVELT DR,10010,17,UNKNOWN,Street,1.706292531377297,False,MANHATTAN,"(40.7431872, -73.9720607)",trafficstat,True,False,False,False,False,False,False,True,False,,,,,,,
2026-09-13,00:00,40.748302,-73.9783383,LEXINGTON AVE,10016,17,UNKNOWN,Street,1.8676468138139737,False,MANHATTAN,"(40.748302, -73.9783383)",trafficstat,True,False,False,False,False,False,False,True,False,,,,,,,
2026-07-06,00:00,40.748302,-73.9783383,LEXINGTON AVE,10016,17,UNKNOWN,Street,1.8676468138139737,False,MANHATTAN,"(40.748302, -73.9783383)",trafficstat,False,False,False,False,False,False,False,False,False,,,,,,,
2026-06-26,00:00,40.748302,-73.9783383,LEXINGTON AVE,10016,17,UNKNOWN,Street,1.8676468138139737,False,MANHATTAN,"(40.748302, -73.9783383)",trafficstat,False,False,False,False,False,False,False,False,False,,,,,,,
2026-09-13,00:00,40.7540502,-73.9707007,E  48 ST,10017,17,UNKNOWN,Street,36.93025571312827,False,MANHATTAN,"(40.7540502, -73.9707007)",trafficstat,False,False,False,False,False,False,False,False,False,,,,,,,
2026-09-12,00:00,40.759983,-73.9648018,2 AVE,10022,17,OTHER,Street,1.3759587191461327,False,MANHATTAN,"(40.759983, -73.9648018)",trafficstat,True,False,False,False,True,False,False,False,False,,,,,,,
2026-09-08,00:00,40.759983,-73.9648018,2 AVE,10022,17,UNKNOWN,Street,1.3759587191461327,False,MANHATTAN,"(40.759983, -73.9648018)",trafficstat,True,False,False,False,False,False,False,False,True,,,,,,,
2026-06-30,00:00,40.759983,-73.9648018,2 AVE,10022,17,OTHER,Street,1.3759587191461327,False,MANHATTAN,"(40.759983, -73.9648018)",trafficstat,True,False,False,False,False,False,False,False,False,,,,,,,
2026-06-17,00:00,40.759983,-73.9648018,2 AVE,10022,17,UNKNOWN,Street,1.3759587191461327,False,MANHATTAN,"(40.759983, -73.9648018)",trafficstat,False,False,False,False,False,False,False,False,False,,,,,,,
2026-06-14,00:00,40.759983,-73.9648018,2 AVE,10022,17,UNKNOWN,Street,1.3759587191461327,False,MANHATTAN,"(40.759983, -73.9648018)",trafficstat,False,False,False,False,False,False,False,False,False,,,,,,,
2026-09-12,00:00,40.7482467,-73.9762884,3 AVE,10016,17,UNKNOWN,Street,1.3615810454424193,False,MANHATTAN,"(40.7482467, -73.9762884)",trafficstat,True,False,False,True,False,False,False,False,False,,,,,,,
2026-06-18,00:00,40.7482467,-73.9762884,3 AVE,10016,17,UNKNOWN,Street,1.3615810454424193,False,MANHATTAN,"(40.7482467, -73.9762884)",trafficstat,True,False,False,False,False,True,False,False,False,,,,,,,
2026-09-12,00:00,40.7472964,-73.9712086,1 AVE,10016,17,UNKNOWN,Street,59.32352001259548,False,MANHATTAN,"(40.7472964, -73.9712086)",trafficstat,True,False,True,False,False,False,False,False,False,,,,,,,
2026-09-11,00:00,40.7457983,-73.9731375,QUEENS MIDTOWN TUNL  EXIT,10016,17,OTHER,Ramp,59.77487116961072,False,MANHATTAN,"(40.7457983, -73.9731375)",trafficstat,False,False,False,False,False,False,False,False,False,,,,,,,
2026-09-11,00:00,40.7601917,-73.9680985,E  57 ST,10022,17,OTHER,Street,98.63372301756011,False,MANHATTAN,"(40.7601917, -73.9680985)",trafficstat,True,False,False,True,False,False,False,False,False,,,,,,,
2026-07-29,00:00,40.7601917,-73.9680985,E  57 ST,10022,17,OTHER,Street,98.63372301756011,False,MANHATTAN,"(40.7601917, -73.9680985)",trafficstat,True,False,False,True,False,False,False,False,False,,,,,,,
2026-07-11,00:00,40.7601917,-73.9680985,E  57 ST,10022,17,OTHER,Street,98.63372301756011,False,MANHATTAN,"(40.7601917, -73.9680985)",trafficstat,False,False,False,False,False,False,False,False,False,,,,,,,
2026-09-11,00:00,40.7523789,-73.9703424,2 AVE,10017,17,UNKNOWN,Street,1.5254158461127219,False,MANHATTAN,"(40.7523789, -73.9703424)",trafficstat,False,False,False,False,False,False,False,False,False,,,,,,,
2026-09-08,00:00,40.7487996,-73.969846,E  42 ST,10017,17,OTHER,Street,2.842466446414951,False,MANHATTAN,"(40.7487996, -73.969846)",trafficstat,True,False,False,False,False,False,False,True,False,,,,,,,
2026-09-08,00:00,40.7454896,-73.9703289,FRANKLIN D ROOSEVELT DR,10016,17,OTHER,Highway,10.831122851640593,False,MANHATTAN,"(40.7454896, -73.9703289)",trafficstat,False,False,False,False,False,False,False,False,False,,,,,,,
2026-09-05,00:00,40.7514415,-73.9760491,LEXINGTON AVE,10017,17,UNKNOWN,Street,1.548099875145068,False,MANHATTAN,"(40.7514415, -73.9760491)",trafficstat,False,False,False,False,False,False,False,False,False,,,,,,,
2026-09-05,00:00,40.7517477,-73.9708047,2 AVE,10017,17,UNKNOWN,Street,1.601337389739668,False,MANHATTAN,"(40.7517477, -73.9708047)",trafficstat,False,False,False,False,False,False,False,False,False,,,,,,,
2026-07-12,00:00,40.7517477,-73.9708047,2 AVE,10017,17,OTHER,Street,1.601337389739668,False,MANHATTAN,"(40.7517477, -73.9708047)",trafficstat,False,False,False,False,False,False,False,False,False,,,,,,,
2026-06-15,00:00,40.7517477,-73.9708047,2 AVE,10017,17,UNKNOWN,Street,1.601337389739668,False,MANHATTAN,"(40.7517477, -73.9708047)",trafficstat,True,False,True,False,False,False,False,False,False,,,,,,,
2026-09-05,00:00,40.7555045,-73.9680671,2 AVE,10022,17,OTHER,Street,1.3684821745028748,False,MANHATTAN,"(40.7555045, -73.9680671)",trafficstat,False,False,False,False,False,False,False,False,False,,,,,,,
2026-09-04,00:00,40.7478814,-73.9754224,QUEENS MIDTOWN TUNL  EXIT,10016,17,OTHER,Ramp,1.5973846860999614,False,MANHATTAN,"(40.7478814, -73.9754224)",trafficstat,True,False,False,False,False,False,False,False,False,,,,,,,
2026-08-05,00:00,40.7478814,-73.9754224,QUEENS MIDTOWN TUNL  EXIT,10016,17,UNKNOWN,Ramp,1.5973846860999614,False,MANHATTAN,"(40.7478814, -73.9754224)",trafficstat,True,False,False,False,False,False,False,False,False,,,,,,,
2026-09-03,00:00,40.7438807,-73.9815588,LEXINGTON AVE,10016,17,OTHER,Street,2.260437639887404,False,MANHATTAN,"(40.7438807, -73.9815588)",trafficstat,True,False,True,False,False,False,False,False,False,,,,,,,
2026-09-03,00:00,40.747177,-73.9797884,E  35 ST,10016,17,OTHER,Street,42.05459982044186,False,MANHATTAN,"(40.747177, -73.9797884)",trafficstat,False,False,False,False,False,False,False,False,False,,,,,,,
2026-09-03,00:00,40.751366,-73.96797,E  46 ST,10017,17,UNKNOWN,Street,1.9060849484807405,False,MANHATTAN,"(40.751366, -73.96797)",trafficstat,True,False,False,False,False,False,False,True,True,,,,,,,
2026-09-03,00:00,40.7551925,-73.9712183,3 AVE,10017,17,UNKNOWN,Street,1.6259435861424067,False,MANHATTAN,"(40.7551925, -73.9712183)",trafficstat,True,False,False,False,False,False,False,True,False,,,,,,,
2026-09-03,00:00,40.754169,-73.9626984,FRANKLIN D ROOSEVELT DR,10022,17,UNKNOWN,Highway,0.792579449671163,False,MANHATTAN,"(40.754169, -73.9626984)",trafficstat,False,False,False,False,False,False,False,False,False,,,,,,,
2026-09-01,00:00,40.754169,-73.9626984,FRANKLIN D ROOSEVELT DR,10022,17,UNKNOWN,Highway,0.792579449671163,False,MANHATTAN,"(40.754169, -73.9626984)",trafficstat,False,False,False,False,False,False,False,False,False,,,,,,,
2026-08-29,00:00,40.7422552,-73.9776835,2 AVE,10016,17,UNKNOWN,Street,1.7807045190311492,False,MANHATTAN,"(40.7422552, -73.9776835)",trafficstat,False,False,False,False,False,False,False,False,False,,,,,,,
2026-08-12,00:00,40.7422552,-73.9776835,2 AVE,10016,17,UNKNOWN,Street,1.7807045190311492,False,MANHATTAN,"(40.7422552, -73.9776835)",trafficstat,True,False,True,False,False,False,False,False,False,,,,,,,
2026-06-16,00:00,40.7422552,-73.9776835,2 AVE,10016,17,OTHER,Street,1.7807045190311492,False,MANHATTAN,"(40.7422552, -73.9776835)",trafficstat,True,False,False,False,False,False,True,False,False,,,,,,,
2026-08-28,00:00,40.7472557,-73.9758593,QUEENS MIDTOWN TUNL  EXIT,10016,17,UNKNOWN,Ramp,0.03340939385943959,False,MANHATTAN,"(40.7472557, -73.9758593)",trafficstat,True,False,False,False,False,False,False,True,True,,,,,,,
2026-08-04,00:00,40.7472557,-73.9758593,QUEENS MIDTOWN TUNL  EXIT,10016,17,UNKNOWN,Ramp,0.03340939385943959,False,MANHATTAN,"(40.7472557, -73.9758593)",trafficstat,False,False,False,False,False,False,False,False,False,,,,,,,
2026-08-28,00:00,40.752064,-73.9735043,3 AVE,10017,17,UNKNOWN,Street,1.5178530058870783,False,MANHATTAN,"(40.752064, -73.9735043)",trafficstat,True,False,False,False,False,False,False,True,False,,,,,,,
2026-08-28,00:00,40.746078,-73.9749358,2 AVE,10016,17,UNKNOWN,Street,1.8498146594873737,False,MANHATTAN,"(40.746078, -73.9749358)",trafficstat,True,False,False,True,False,False,False,False,False,,,,,,,
2026-08-22,00:00,40.746078,-73.9749358,2 AVE,10016,17,UNKNOWN,Street,1.8498146594873737,False,MANHATTAN,"(40.746078, -73.9749358)",trafficstat,True,False,False,False,False,False,False,True,False,,,,,,,
2026-08-12,00:00,40.746078,-73.9749358,2 AVE,10016,17,UNKNOWN,Street,1.8498146594873737,False,MANHATTAN,"(40.746078, -73.9749358)",trafficstat,False,False,False,False,False,False,False,False,False,,,,,,,
2026-07-13,00:00,40.746078,-73.9749358,2 AVE,10016,17,UNKNOWN,Street,1.8498146594873737,False,MANHATTAN,"(40.746078, -73.9749358)",trafficstat,True,False,False,True,False,False,False,False,False,,,,,,,
2026-08-28,00:00,40.7533508,-73.9694019,2 AVE,10017,17,UNKNOWN,Street,56.9609479984712,False,MANHATTAN,"(40.7533508, -73.9694019)",trafficstat,True,False,False,False,False,True,False,False,False,,,,,,,
2026-08-27,00:00,40.7514411,-73.9739593,3 AVE,10017,17,OTHER,Street,1.7030642787807149,False,MANHATTAN,"(40.7514411, -73.9739593)",trafficstat,True,False,True,False,False,False,False,False,False,,,,,,,
2026-08-26,00:00,40.751122,-73.9712633,2 AVE,10017,17,UNKNOWN,Street,1.562122634447778,False,MANHATTAN,"(40.751122, -73.9712633)",trafficstat,False,False,False,False,False,False,False,False,False,,,,,,,
2026-08-25,00:00,40.755756,-73.96478,E  53 ST,10022,17,UNKNOWN,Street,1.5194827748542532,False,MANHATTAN,"(40.755756, -73.96478)",trafficstat,True,False,True,False,False,False,False,False,False,,,,,,,
2026-08-25,00:00,40.759458,-73.9623057,1 AVE,10022,17,UNKNOWN,Street,51.9599029601535,False,MANHATTAN,"(40.759458, -73.9623057)",trafficstat,True,False,False,True,False,False,False,False,False,,,,,,,
2026-08-24,00:00,40.7566531,-73.9647126,E  54 ST,10022,17,UNKNOWN,Street,32.22005233084426,False,MANHATTAN,"(40.7566531, -73.9647126)",trafficstat,False,False,False,False,False,False,False,False,False,,,,,,,
2026-08-24,00:00,40.7546123,-73.9662195,E  51 ST,10022,17,UNKNOWN,Street,38.598217519382565,False,MANHATTAN,"(40.7546123, -73.9662195)",trafficstat,False,False,False,False,False,False,False,False,False,,,,,,,
2026-08-24,00:00,40.7573816,-73.9667018,2 AVE,10022,17,UNKNOWN,Street,1.6514277547223983,False,MANHATTAN,"(40.7573816, -73.9667018)",trafficstat,True,False,False,False,True,False,False,False,False,,,,,,,
2026-08-24,00:00,40.7446774,-73.9711413,FRANKLIN D ROOSEVELT DR,10016,17,UNKNOWN,Highway,7.566823392275157,False,MANHATTAN,"(40.7446774, -73.9711413)",trafficstat,True,False,False,False,False,False,False,True,False,,,,,,,
2026-08-23,00:00,40.7533181,-73.972587,3 AVE,10017,17,OTHER,Street,2.156395315418605,False,MANHATTAN,"(40.7533181, -73.972587)",trafficstat,False,False,False,False,False,False,False,False,False,,,,,,,
2026-08-22,00:00,40.7555271,-73.9611023,FRANKLIN D ROOSEVELT DR,10022,17,UNKNOWN,Highway,32.17472897830649,False,MANHATTAN,"(40.7555271, -73.9611023)",trafficstat,True,False,False,False,False,False,False,False,True,,,,,,,
2026-07-07,00:00,40.7555271,-73.9611023,FRANKLIN D ROOSEVELT DR,10022,17,UNKNOWN,Highway,32.17472897830649,False,MANHATTAN,"(40.7555271, -73.9611023)",trafficstat,False,False,False,False,False,False,False,False,False,,,,,,,
2026-06-28,00:00,40.7555271,-73.9611023,FRANKLIN D ROOSEVELT DR,10022,17,UNKNOWN,Highway,32.17472897830649,False,MANHATTAN,"(40.7555271, -73.9611023)",trafficstat,True,False,False,False,False,False,False,True,True,,,,,,,
2026-08-22,00:00,40.7476292,-73.9767361,3 AVE,10016,17,UNKNOWN,Street,1.2633354025131571,False,MANHATTAN,"(40.7476292, -73.9767361)",trafficstat,False,False,False,False,False,False,False,False,False,,,,,,,
2026-08-03,00:00,40.7476292,-73.9767361,3 AVE,10016,17,OTHER,Street,1.2633354025131571,False,MANHATTAN,"(40.7476292, -73.9767361)",trafficstat,True,False,False,True,False,False,False,False,False,,,,,,,
2026-07-16,00:00,40.7476292,-73.9767361,3 AVE,10016,17,OTHER,Street,1.2633354025131571,False,MANHATTAN,"(40.7476292, -73.9767361)",trafficstat,False,False,False,False,False,False,False,False,False,,,,,,,
2026-06-29,00:00,40.7476292,-73.9767361,3 AVE,10016,17,OTHER,Street,1.2633354025131571,False,MANHATTAN,"(40.7476292, -73.9767361)",trafficstat,False,False,False,False,False,False,False,False,False,,,,,,,
2026-06-21,00:00,40.7476292,-73.9767361,3 AVE,10016,17,UNKNOWN,Street,1.2633354025131571,False,MANHATTAN,"(40.7476292, -73.9767361)",trafficstat,True,False,False,False,False,False,False,True,False,,,,,,,
2026-08-21,00:00,40.749824,-73.9722023,2 AVE,10017,17,OTHER,Street,1.9433769722176697,False,MANHATTAN,"(40.749824, -73.9722023)",trafficstat,False,False,False,False,False,False,False,False,False,,,,,,,
2026-08-21,00:00,40.7450577,-73.9786064,3 AVE,10016,17,UNKNOWN,Street,1.9792260862268456,False,MANHATTAN,"(40.7450577, -73.9786064)",trafficstat,True,False,False,True,False,False,False,False,False,,,,,,,
2026-08-20,00:00,40.7450458,-73.9769237,E  34 ST,10016,17,UNKNOWN,Street,57.88323782896908,False,MANHATTAN,"(40.7450458, -73.9769237)",trafficstat,False,False,False,False,False,False,False,False,False,,,,,,,
2026-08-20,00:00,40.7558236,-73.9707596,3 AVE,10022,17,UNKNOWN,Street,1.8860230216055125,False,MANHATTAN,"(40.7558236, -73.9707596)",trafficstat,True,False,True,False,False,False,False,False,False,,,,,,,
2026-06-13,00:00,40.7558236,-73.9707596,3 AVE,10022,17,UNKNOWN,Street,1.8860230216055125,False,MANHATTAN,"(40.7558236, -73.9707596)",trafficstat,True,False,False,True,False,False,False,False,False,,,,,,,
2026-08-19,00:00,40.7579358,-73.9616236,E  57 ST,10022,17,OTHER,Street,52.51161402507534,False,MANHATTAN,"(40.7579358, -73.9616236)",trafficstat,False,False,False,False,False,False,False,False,False,,,,,,,
2026-08-19,00:00,40.7539269,-73.9689871,2 AVE,10017,17,UNKNOWN,Street,56.33439029428435,False,MANHATTAN,"(40.7539269, -73.9689871)",trafficstat,True,False,False,True,False,False,False,False,False,,,,,,,
2026-08-04,00:00,40.7539269,-73.9689871,2 AVE,10017,17,UNKNOWN,Street,56.33439029428435,False,MANHATTAN,"(40.7539269, -73.9689871)",trafficstat,False,False,False,False,False,False,False,False,False,,,,,,,
2026-08-17,00:00,40.7500237,-73.980759,E  38 ST,10016,17,UNKNOWN,Street,36.2878682131406,False,MANHATTAN,"(40.7500237, -73.980759)",trafficstat,True,False,False,False,False,False,False,False,True,,,,,,,
2026-08-16,00:00,40.7545695,-73.9716769,3 AVE,10017,17,OTHER,Street,1.8216058193243456,False,MANHATTAN,"(40.7545695, -73.9716769)",trafficstat,False,False,False,False,False,False,False,False,False,,,,,,,
2026-08-15,00:00,40.7580072,-73.9662394,2 AVE,10022,17,UNKNOWN,Street,1.8867573218428404,False,MANHATTAN,"(40.7580072, -73.9662394)",trafficstat,False,False,False,False,False,False,False,False,False,,,,,,,
2026-07-24,00:00,40.7580072,-73.9662394,2 AVE,10022,17,OTHER,Street,1.8867573218428404,False,MANHATTAN,"(40.7580072, -73.9662394)",trafficstat,True,False,False,False,False,False,False,True,False,,,,,,,
2026-08-15,00:00,40.7589493,-73.9684805,3 AVE,10022,17,OTHER,Street,1.7544843769751106,False,MANHATTAN,"(40.7589493, -73.9684805)",trafficstat,True,False,True,False,False,False,False,False,False,,,,,,,
2026-08-14,00:00,40.7520062,-73.9697268,E  46 ST,10017,17,UNKNOWN,Street,37.44389238233109,False,MANHATTAN,"(40.7520062, -73.9697268)",trafficstat,False,False,False,False,False,False,False,False,False,,,,,,,
2026-08-14,00:00,40.7451054,-73.9707715,E  37 ST,10016,17,OTHER,Tunnel,2.319304591660743,False,MANHATTAN,"(40.7451054, -73.9707715)",trafficstat,False,False,False,False,False,False,False,False,False,,,,,,,
2026-08-13,00:00,40.747009,-73.9771875,3 AVE,10016,17,UNKNOWN,Street,1.9348441576773632,False,MANHATTAN,"(40.747009, -73.9771875)",trafficstat,True,False,False,True,False,False,False,False,False,,,,,,,
2026-06-14,00:00,40.747009,-73.9771875,3 AVE,10016,17,OTHER,Street,1.9348441576773632,False,MANHATTAN,"(40.747009, -73.9771875)",trafficstat,True,False,False,False,False,False,False,True,False,,,,,,,
2026-08-13,00:00,40.7428534,-73.9772069,2 AVE,10016,17,OTHER,Street,1.7796041961397417,False,MANHATTAN,"(40.7428534, -73.9772069)",trafficstat,True,False,False,False,False,False,False,False,False,,,,,,,
2026-07-29,00:00,40.7428534,-73.9772069,2 AVE,10016,17,UNKNOWN,Street,1.7796041961397417,False,MANHATTAN,"(40.7428534, -73.9772069)",trafficstat,False,False,False,False,False,False,False,False,False,,,,,,,
2026-08-13,00:00,40.749099,-73.9736973,E  40 ST,10016,17,UNKNOWN,Street,101.59120460650341,False,MANHATTAN,"(40.749099, -73.9736973)",trafficstat,False,False,False,False,False,False,False,False,False,,,,,,,
2026-08-13,00:00,40.7577007,-73.9693944,3 AVE,10022,17,OTHER,Street,1.4933779332066894,False,MANHATTAN,"(40.7577007, -73.9693944)",trafficstat,True,False,False,False,False,False,False,False,False,,,,,,,
2026-07-05,00:00,40.7577007,-73.9693944,3 AVE,10022,17,UNKNOWN,Street,1.4933779332066894,False,MANHATTAN,"(40.7577007, -73.9693944)",trafficstat,True,False,False,False,False,False,False,False,True,,,,,,,
2026-08-12,00:00,40.747925,-73.97361,2 AVE,10016,17,OTHER,Street,1.1526710508714453,False,MANHATTAN,"(40.747925, -73.97361)",trafficstat,True,False,False,False,False,False,False,False,False,,,,,,,
2026-08-12,00:00,40.7505337,-73.980755,MADISON AVE,10016,17,UNKNOWN,Street,47.109674813003764,False,MANHATTAN,"(40.7505337, -73.980755)",trafficstat,True,False,False,False,False,False,False,True,False,,,,,,,
2026-08-12,00:00,40.74478,-73.9758818,2 AVE,10016,17,UNKNOWN,Street,1.4554796156701806,False,MANHATTAN,"(40.74478, -73.9758818)",trafficstat,True,False,True,False,False,False,False,False,False,,,,,,,
2026-07-16,00:00,40.74478,-73.9758818,2 AVE,10016,17,OTHER,Street,1.4554796156701806,False,MANHATTAN,"(40.74478, -73.9758818)",trafficstat,True,False,False,True,False,False,False,False,False,,,,,,,
2026-06-25,00:00,40.74478,-73.9758818,2 AVE,10016,17,UNKNOWN,Street,1.4554796156701806,False,MANHATTAN,"(40.74478, -73.9758818)",trafficstat,True,False,False,False,False,False,False,True,False,,,,,,,
2026-08-12,00:00,40.7454575,-73.9785879,3 AVE,10016,17,UNKNOWN,Street,63.66403633275444,False,MANHATTAN,"(40.7454575, -73.9785879)",trafficstat,False,False,False,False,False,False,False,False,False,,,,,,,
2026-08-11,00:00,40.7441,-73.976364,2 AVE,10016,17,OTHER,Street,1.362238369095996,False,MANHATTAN,"(40.7441, -73.976364)",trafficstat,False,False,False,False,False,False,False,False,False,,,,,,,
2026-08-11,00:00,40.7481331,-73.973143,2 AVE,10016,17,OTHER,Street,75.99776362852573,False,MANHATTAN,"(40.7481331, -73.973143)",trafficstat,True,False,False,False,False,False,False,False,True,,,,,,,
2026-08-09,00:00,40.7507864,-73.9702149,E  44 ST,10017,17,UNKNOWN,Street,33.799721657899134,False,MANHATTAN,"(40.7507864, -73.9702149)",trafficstat,True,False,False,True,False,False,False,False,False,,,,,,,
2026-08-09,00:00,40.750763,-73.96843,1 AVE,10017,17,OTHER,Street,1.1332675150342557,False,MANHATTAN,"(40.750763, -73.96843)",trafficstat,True,False,False,True,False,False,False,False,False,,,,,,,
2026-08-09,00:00,40.7519423,-73.9730555,E  44 ST,10017,17,UNKNOWN,Street,18.420046852994837,False,MANHATTAN,"(40.7519423, -73.9730555)",trafficstat,False,False,False,False,False,False,False,False,False,,,,,,,
2026-08-08,00:00,40.7868917,-73.9502985,LEXINGTON AVE,10029,17,UNKNOWN,Street,26.513502030374692,False,MANHATTAN,"(40.7868917, -73.9502985)",trafficstat,False,False,False,False,False,False,False,False,False,,,,,,,
2026-08-08,00:00,40.7521248,-73.964746,FRANKLIN D ROOSEVELT DR,10017,17,OTHER,Highway,3.0248226021404188,False,MANHATTAN,"(40.7521248, -73.964746)",trafficstat,True,False,False,False,False,False,False,True,False,,,,,,,
2026-08-07,00:00,40.750766,-73.9744432,E  42 ST,10017,17,UNKNOWN,Street,1.863326574048331,False,MANHATTAN,"(40.750766, -73.9744432)",trafficstat,False,False,False,False,False,False,False,False,False,,,,,,,
2026-08-07,00:00,40.7508437,-73.9786082,PARK AVE,10016,17,UNKNOWN,Street,1.309157280123325,False,MANHATTAN,"(40.7508437, -73.9786082)",trafficstat,True,False,False,True,False,False,False,False,False,,,,,,,
2026-08-07,00:00,40.7463915,-73.9776352,3 AVE,10016,17,UNKNOWN,Street,2.1138836860181693,False,MANHATTAN,"(40.7463915, -73.9776352)",trafficstat,False,False,False,False,False,False,False,False,False,,,,,,,
2026-08-06,00:00,40.7550337,-73.9705443,E  49 ST,10017,17,UNKNOWN,Street,36.953445007576924,False,MANHATTAN,"(40.7550337, -73.9705443)",trafficstat,False,False,False,False,False,False,False,False,False,,,,,,,
2026-08-06,00:00,40.7503255,-73.9738259,E  42 ST,10017,17,UNKNOWN,Street,59.567880304164085,False,MANHATTAN,"(40.7503255, -73.9738259)",trafficstat,False,False,False,False,False,False,False,False,False,,,,,,,
2026-08-05,00:00,40.7616008,-73.9686417,LEXINGTON AVE,10022,17,UNKNOWN,Street,1.7602026170109275,False,MANHATTAN,"(40.7616008, -73.9686417)",trafficstat,True,False,False,False,False,False,False,True,False,,,,,,,
2026-08-03,00:00,40.7616008,-73.9686417,LEXINGTON AVE,10022,17,OTHER,Street,1.7602026170109275,False,MANHATTAN,"(40.7616008, -73.9686417)",trafficstat,False,False,False,False,False,False,False,False,False,,,,,,,
2026-07-23,00:00,40.7616008,-73.9686417,LEXINGTON AVE,10022,17,OTHER,Street,1.7602026170109275,False,MANHATTAN,"(40.7616008, -73.9686417)",trafficstat,False,False,False,False,False,False,False,False,False,,,,,,,
2026-08-05,00:00,40.757075,-73.9698494,3 AVE,10022,17,UNKNOWN,Street,1.7750572519784016,False,MANHATTAN,"(40.757075, -73.9698494)",trafficstat,True,False,False,False,False,False,False,True,False,,,,,,,
2026-08-05,00:00,40.7480423,-73.9710037,TUDOR CITY PL,10017,17,OTHER,Street,50.275370169514446,False,MANHATTAN,"(40.7480423, -73.9710037)",trafficstat,True,False,True,False,False,False,False,False,False,,,,,,,
2026-08-04,00:00,40.7615508,-73.9665842,3 AVE,10022,17,UNKNOWN,Street,1.584986000535654,False,MANHATTAN,"(40.7615508, -73.9665842)",trafficstat,True,False,False,False,False,False,False,True,False,,,,,,,
2026-08-04,00:00,40.7521995,-73.9702467,E  46 ST,10017,17,UNKNOWN,Street,46.552273065186945,False,MANHATTAN,"(40.7521995, -73.9702467)",trafficstat,True,False,False,True,False,False,False,False,False,,,,,,,
2026-08-03,00:00,40.7481067,-73.9743823,E  39 ST,10016,17,OTHER,Street,49.113279111005,False,MANHATTAN,"(40.7481067, -73.9743823)",trafficstat,False,False,False,False,False,False,False,False,False,,,,,,,
2026-08-01,00:00,40.7482146,-73.9685398,FRANKLIN D ROOSEVELT DR,10017,17,OTHER,Street,0.9865862130703319,False,MANHATTAN,"(40.7482146, -73.9685398)",trafficstat,True,False,False,False,False,False,False,False,True,,,,,,,
2026-08-01,00:00,40.7472965,-73.9740439,2 AVE,10016,17,OTHER,Street,1.5955823716212156,False,MANHATTAN,"(40.7472965, -73.9740439)",trafficstat,False,False,False,False,False,False,False,False,False,,,,,,,
2026-07-20,00:00,40.7472965,-73.9740439,2 AVE,10016,17,OTHER,Street,1.5955823716212156,False,MANHATTAN,"(40.7472965, -73.9740439)",trafficstat,True,False,False,True,False,False,False,False,False,,,,,,,
2026-06-29,00:00,40.7472965,-73.9740439,2 AVE,10016,17,UNKNOWN,Street,1.5955823716212156,False,MANHATTAN,"(40.7472965, -73.9740439)",trafficstat,True,False,True,False,False,False,False,False,False,,,,,,,
2026-07-31,00:00,40.7460345,-73.9767908,QUEENS MIDTOWN TUNL  EXIT,10016,17,UNKNOWN,Ramp,2.1632206333224744,False,MANHATTAN,"(40.7460345, -73.9767908)",trafficstat,False,False,False,False,False,False,False,False,False,,,,,,,
2026-07-31,00:00,40.743399,-73.9782123,E  31 ST,10016,17,UNKNOWN,Street,35.867109346880916,False,MANHATTAN,"(40.743399, -73.9782123)",trafficstat,False,False,False,False,False,False,False,False,False,,,,,,,
2026-07-31,00:00,40.7579118,-73.9701472,E  53 ST,10022,17,UNKNOWN,Street,35.90570175506028,False,MANHATTAN,"(40.7579118, -73.9701472)",trafficstat,True,False,True,False,False,False,False,False,False,,,,,,,
2026-07-31,00:00,40.7583081,-73.9629257,1 AVE,10022,17,OTHER,Street,1.625047402546221,False,MANHATTAN,"(40.7583081, -73.9629257)",trafficstat,False,False,False,False,False,False,False,False,False,,,,,,,
2026-07-30,00:00,40.7583081,-73.9629257,1 AVE,10022,17,OTHER,Street,1.625047402546221,False,MANHATTAN,"(40.7583081, -73.9629257)",trafficstat,False,False,False,False,False,False,False,False,False,,,,,,,
2026-07-19,00:00,40.7583081,-73.9629257,1 AVE,10022,17,OTHER,Street,1.625047402546221,False,MANHATTAN,"(40.7583081, -73.9629257)",trafficstat,True,False,True,False,False,False,False,False,False,,,,,,,