crash_date,crash_time,latitude,longitude,on_street_name,zip_code,precinct,collision_type,roadway_type,geocode_dist_feet,time_is_known,borough,location,source,injury,fatality,injured_pedestrian,injured_cyclist,injured_ebike_rider,injured_motorcyclist,injured_moped_rider,injured_car_occupant,injured_suv_occupant,number_of_persons_injured,number_of_persons_killed,contributing_factor_vehicle_1,collision_id,cross_street_name,off_street_name,vehicle_type_code1
2026-07-30,00:00,40.7591533,-73.9625238,E  58 ST,10022,17,OTHER,Street,40.133110013115484,False,MANHATTAN,"(40.7591533, -73.9625238)",trafficstat,True,False,False,True,False,False,False,False,False,,,,,,,
2026-07-30,00:00,40.7540841,-73.9718044,3 AVE,10017,17,UNKNOWN,Street,57.075174511840025,False,MANHATTAN,"(40.7540841, -73.9718044)",trafficstat,False,False,False,False,False,False,False,False,False,,,,,,,
2026-07-29,00:00,40.7588679,-73.9637966,E  57 ST,10022,17,UNKNOWN,Street,58.454738370333835,False,MANHATTAN,"(40.7588679, -73.9637966)",trafficstat,True,False,False,True,False,False,False,False,False,,,,,,,
2026-07-27,00:00,40.7580917,-73.9642985,E  56 ST,10022,17,UNKNOWN,Street,23.748281038085725,False,MANHATTAN,"(40.7580917, -73.9642985)",trafficstat,False,False,False,False,False,False,False,False,False,,,,,,,
2026-07-27,00:00,40.7563818,-73.9643236,E  54 ST,10022,17,UNKNOWN,Street,2.133880126018097,False,MANHATTAN,"(40.7563818, -73.9643236)",trafficstat,False,False,False,False,False,False,False,False,False,,,,,,,
2026-06-15,00:00,40.7563818,-73.9643236,E  54 ST,10022,17,UNKNOWN,Street,2.133880126018097,False,MANHATTAN,"(40.7563818, -73.9643236)",trafficstat,False,False,False,False,False,False,False,False,False,,,,,,,
2026-07-26,00:00,40.7457696,-73.9704212,FRANKLIN D ROOSEVELT DR,10016,17,UNKNOWN,Street,1.8968539909827178,False,MANHATTAN,"(40.7457696, -73.9704212)",trafficstat,True,False,False,False,False,False,False,True,False,,,,,,,
2026-07-25,00:00,40.7464029,-73.9797248,LEXINGTON AVE,10016,17,OTHER,Street,1.4386545284632533,False,MANHATTAN,"(40.7464029, -73.9797248)",trafficstat,True,False,True,False,False,False,False,False,False,,,,,,,
2026-06-13,00:00,40.7464029,-73.9797248,LEXINGTON AVE,10016,17,UNKNOWN,Street,1.4386545284632533,False,MANHATTAN,"(40.7464029, -73.9797248)",trafficstat,True,False,False,False,False,False,False,True,True,,,,,,,
2026-07-24,00:00,40.7489857,-73.979955,PARK AVE,10016,17,UNKNOWN,Street,1.8760302108383102,False,MANHATTAN,"(40.7489857, -73.979955)",trafficstat,True,False,False,False,False,False,False,True,False,,,,,,,
2026-07-22,00:00,40.751699,-73.9743194,E  43 ST,10017,17,UNKNOWN,Street,31.26183275838125,False,MANHATTAN,"(40.751699, -73.9743194)",trafficstat,True,False,True,False,False,False,False,False,False,,,,,,,
2026-07-21,00:00,40.7564521,-73.9703154,3 AVE,10022,17,UNKNOWN,Street,1.54292301637386,False,MANHATTAN,"(40.7564521, -73.9703154)",trafficstat,True,False,False,True,False,False,False,False,False,,,,,,,
2026-07-20,00:00,40.7564521,-73.9703154,3 AVE,10022,17,OTHER,Street,1.54292301637386,False,MANHATTAN,"(40.7564521, -73.9703154)",trafficstat,False,False,False,False,False,False,False,False,False,,,,,,,
2026-06-25,00:00,40.7564521,-73.9703154,3 AVE,10022,17,OTHER,Street,1.54292301637386,False,MANHATTAN,"(40.7564521, -73.9703154)",trafficstat,False,False,False,False,False,False,False,False,False,,,,,,,
2026-06-24,00:00,40.7564521,-73.9703154,3 AVE,10022,17,OTHER,Street,1.54292301637386,False,MANHATTAN,"(40.7564521, -73.9703154)",trafficstat,False,False,False,False,False,False,False,False,False,,,,,,,
2026-07-21,00:00,40.7521166,-73.9755579,LEXINGTON AVE,10017,17,UNKNOWN,Street,1.7198027581272843,False,MANHATTAN,"(40.7521166, -73.9755579)",trafficstat,False,False,False,False,False,False,False,False,False,,,,,,,
2026-07-20,00:00,40.7440994,-73.9763621,2 AVE,10016,17,OTHER,Street,1.9314185016530607,False,MANHATTAN,"(40.7440994, -73.9763621)",trafficstat,False,False,False,False,False,False,False,False,False,,,,,,,
2026-07-20,00:00,40.7433429,-73.9758726,E  33 ST,10016,17,OTHER,Street,176.41789238154016,False,MANHATTAN,"(40.7433429, -73.9758726)",trafficstat,False,False,False,False,False,False,False,False,False,,,,,,,
2026-07-16,00:00,40.7522053,-73.9741708,E  44 ST,10017,17,UNKNOWN,Street,47.713951657362,False,MANHATTAN,"(40.7522053, -73.9741708)",trafficstat,True,False,False,True,False,False,False,False,False,,,,,,,
2026-07-16,00:00,40.7586693,-73.9633654,E  57 ST,10022,17,UNKNOWN,Street,53.10893748645715,False,MANHATTAN,"(40.7586693, -73.9633654)",trafficstat,False,False,False,False,False,False,False,False,False,,,,,,,
2026-07-15,00:00,40.7476845,-73.9787861,LEXINGTON AVE,10016,17,UNKNOWN,Street,2.099026462488628,False,MANHATTAN,"(40.7476845, -73.9787861)",trafficstat,True,False,False,False,False,False,False,True,False,,,,,,,
2026-07-14,00:00,40.7476845,-73.9787861,LEXINGTON AVE,10016,17,UNKNOWN,Street,2.099026462488628,False,MANHATTAN,"(40.7476845, -73.9787861)",trafficstat,True,False,False,True,False,False,False,False,False,,,,,,,
2026-07-13,00:00,40.7430256,-73.9791614,E  30 ST,10016,17,UNKNOWN,Street,45.91251942218675,False,MANHATTAN,"(40.7430256, -73.9791614)",trafficstat,False,False,False,False,False,False,False,False,False,,,,,,,
2026-07-13,00:00,40.7587545,-73.9628259,1 AVE,10022,17,OTHER,Street,53.30815963204766,False,MANHATTAN,"(40.7587545, -73.9628259)",trafficstat,True,False,False,True,False,False,False,False,False,,,,,,,
2026-07-13,00:00,40.7551304,-73.9652411,1 AVE,10022,17,UNKNOWN,Street,1.6482183878711583,False,MANHATTAN,"(40.7551304, -73.9652411)",trafficstat,True,False,False,False,False,False,False,True,False,,,,,,,
2026-07-09,00:00,40.7551304,-73.9652411,1 AVE,10022,17,UNKNOWN,Street,1.6482183878711583,False,MANHATTAN,"(40.7551304, -73.9652411)",trafficstat,True,False,False,False,False,False,False,False,True,,,,,,,
2026-07-12,00:00,40.7428324,-73.9744673,1 AVE,10016,17,OTHER,Street,59.45484809394752,False,MANHATTAN,"(40.7428324, -73.9744673)",trafficstat,True,False,False,True,False,False,False,False,False,,,,,,,
2026-07-12,00:00,40.7477507,-73.9808504,PARK AVE,10016,17,UNKNOWN,Street,1.7485143128202325,False,MANHATTAN,"(40.7477507, -73.9808504)",trafficstat,True,False,False,False,False,False,False,True,False,,,,,,,
2026-06-24,00:00,40.7477507,-73.9808504,PARK AVE,10016,17,UNKNOWN,Street,1.7485143128202325,False,MANHATTAN,"(40.7477507, -73.9808504)",trafficstat,True,False,False,False,False,False,False,False,True,,,,,,,
2026-07-12,00:00,40.7470783,-73.9813414,PARK AVE,10016,17,OTHER,Street,1.6862327697780541,False,MANHATTAN,"(40.7470783, -73.9813414)",trafficstat,True,False,True,False,False,False,False,True,False,,,,,,,
2026-07-11,00:00,40.7535981,-73.9657813,E  50 ST,10022,17,UNKNOWN,Street,41.53741117375726,False,MANHATTAN,"(40.7535981, -73.9657813)",trafficstat,True,False,False,False,False,False,False,True,False,,,,,,,
2026-07-08,00:00,40.742889,-73.9768667,2 AVE,10016,17,UNKNOWN,Street,78.10782822254936,False,MANHATTAN,"(40.742889, -73.9768667)",trafficstat,False,False,False,False,False,False,False,False,False,,,,,,,
2026-07-07,00:00,40.7606004,-73.9643141,2 AVE,10022,17,UNKNOWN,Street,1.5006404601926493,False,MANHATTAN,"(40.7606004, -73.9643141)",trafficstat,True,False,False,True,False,False,False,False,False,,,,,,,
2026-07-04,00:00,40.7606004,-73.9643141,2 AVE,10022,17,UNKNOWN,Street,1.5006404601926493,False,MANHATTAN,"(40.7606004, -73.9643141)",trafficstat,True,False,False,True,False,False,False,False,False,,,,,,,
2026-07-06,00:00,40.7437831,-73.9735076,1 AVE,10016,17,UNKNOWN,Street,1.770022876528183,False,MANHATTAN,"(40.7437831, -73.9735076)",trafficstat,True,False,False,True,False,False,False,False,False,,,,,,,
2026-06-19,00:00,40.7437831,-73.9735076,1 AVE,10016,17,OTHER,Street,1.770022876528183,False,MANHATTAN,"(40.7437831, -73.9735076)",trafficstat,True,False,False,True,False,False,False,False,False,,,,,,,
2026-07-04,00:00,40.7548761,-73.9685222,2 AVE,10022,17,UNKNOWN,Street,1.3705887837171922,False,MANHATTAN,"(40.7548761, -73.9685222)",trafficstat,True,False,False,False,False,False,False,False,True,,,,,,,
2026-07-03,00:00,40.7438255,-73.979509,3 AVE,10016,17,UNKNOWN,Street,1.4513303829067268,False,MANHATTAN,"(40.7438255, -73.979509)",trafficstat,True,False,False,True,False,False,False,False,False,,,,,,,
2026-07-03,00:00,40.7471224,-73.9689387,FRANKLIN D ROOSEVELT DR,10016,17,UNKNOWN,Highway,0.44296998071191407,False,MANHATTAN,"(40.7471224, -73.9689387)",trafficstat,False,False,False,False,False,False,False,False,False,,,,,,,
2026-06-14,00:00,40.7471224,-73.9689387,FRANKLIN D ROOSEVELT DR,10016,17,UNKNOWN,Highway,0.44296998071191407,False,MANHATTAN,"(40.7471224, -73.9689387)",trafficstat,True,False,False,False,False,False,False,True,False,,,,,,,
2026-07-02,00:00,40.7500991,-73.9749343,3 AVE,10017,17,UNKNOWN,Street,1.9605433970198065,False,MANHATTAN,"(40.7500991, -73.9749343)",trafficstat,True,False,True,False,False,False,False,False,False,,,,,,,
2026-07-01,00:00,40.7435149,-73.9746843,E  33 ST,10016,17,UNKNOWN,Street,38.909088368685374,False,MANHATTAN,"(40.7435149, -73.9746843)",trafficstat,True,False,False,False,False,False,False,False,False,,,,,,,
2026-07-01,00:00,40.7579199,-73.9634332,1 AVE,10022,17,UNKNOWN,Street,53.273791175144396,False,MANHATTAN,"(40.7579199, -73.9634332)",trafficstat,True,False,False,False,False,True,False,False,False,,,,,,,
2026-06-30,00:00,40.7563749,-73.9601128,FRANKLIN D ROOSEVELT DR,10022,17,UNKNOWN,Highway,72.17942830001759,False,MANHATTAN,"(40.7563749, -73.9601128)",trafficstat,True,False,False,False,False,False,False,False,True,,,,,,,
2026-06-16,00:00,40.7563749,-73.9601128,FRANKLIN D ROOSEVELT DR,10022,17,UNKNOWN,Highway,72.17942830001759,False,MANHATTAN,"(40.7563749, -73.9601128)",trafficstat,True,False,False,False,False,False,False,True,False,,,,,,,
2026-06-30,00:00,40.7419439,-73.9726292,FRANKLIN D ROOSEVELT DR,10010,17,UNKNOWN,Highway,0.15749707801316934,False,MANHATTAN,"(40.7419439, -73.9726292)",trafficstat,True,False,False,False,False,False,False,True,False,,,,,,,
2026-06-29,00:00,40.7507645,-73.9684267,1 AVE,10017,17,UNKNOWN,Street,1.6626738440619895,False,MANHATTAN,"(40.7507645, -73.9684267)",trafficstat,False,False,False,False,False,False,False,False,False,,,,,,,
2026-06-29,00:00,40.7576756,-73.9591482,FRANKLIN D ROOSEVELT DR,10022,17,UNKNOWN,Highway,65.6127617457028,False,MANHATTAN,"(40.7576756, -73.9591482)",trafficstat,False,False,False,False,False,False,False,False,False,,,,,,,
2026-06-28,00:00,40.7491664,-73.9702258,TUDOR CITY PL,10017,17,UNKNOWN,Bridge,31.41205149578264,False,MANHATTAN,"(40.7491664, -73.9702258)",trafficstat,False,False,False,False,False,False,False,False,False,,,,,,,
2026-06-26,00:00,40.756133,-73.9676048,2 AVE,10022,17,UNKNOWN,Street,1.9358581082376192,False,MANHATTAN,"(40.756133, -73.9676048)",trafficstat,True,False,False,False,False,False,False,False,False,,,,,,,
2026-06-26,00:00,40.7496032,-73.9795037,PARK AVE,10016,17,OTHER,Street,1.7980726378042662,False,MANHATTAN,"(40.7496032, -73.9795037)",trafficstat,False,False,False,False,False,False,False,False,False,,,,,,,
2026-06-25,00:00,40.7573803,-73.9603084,E  57 ST,10022,17,UNKNOWN,Street,51.81009575248317,False,MANHATTAN,"(40.7573803, -73.9603084)",trafficstat,False,False,False,False,False,False,False,False,False,,,,,,,
2026-06-25,00:00,40.7491831,-73.9670177,FRANKLIN D ROOSEVELT DR,10017,17,OTHER,Highway,0.8411661420572797,False,MANHATTAN,"(40.7491831, -73.9670177)",trafficstat,True,False,False,False,False,False,False,True,False,,,,,,,
2026-06-12,00:00,40.7491831,-73.9670177,FRANKLIN D ROOSEVELT DR,10017,17,OTHER,Highway,0.8411661420572797,False,MANHATTAN,"(40.7491831, -73.9670177)",trafficstat,True,False,True,False,False,True,False,False,False,,,,,,,
2026-06-25,00:00,40.7488861,-73.9758406,3 AVE,10016,17,OTHER,Street,1.8893995144268971,False,MANHATTAN,"(40.7488861, -73.9758406)",trafficstat,True,False,False,True,False,False,False,False,False,,,,,,,
2026-06-13,00:00,40.7488861,-73.9758406,3 AVE,10016,17,UNKNOWN,Street,1.8893995144268971,False,MANHATTAN,"(40.7488861, -73.9758406)",trafficstat,True,False,False,True,False,False,False,False,False,,,,,,,
2026-06-25,00:00,40.74445,-73.9730273,1 AVE,10016,17,OTHER,Street,1.6210355795986926,False,MANHATTAN,"(40.74445, -73.9730273)",trafficstat,True,False,False,True,False,False,False,False,False,,,,,,,
2026-06-24,00:00,40.7476677,-73.9770756,E  37 ST,10016,17,UNKNOWN,Street,35.47094536874438,False,MANHATTAN,"(40.7476677, -73.9770756)",trafficstat,False,False,False,False,False,False,False,False,False,,,,,,,
2026-06-24,00:00,40.7593141,-73.9657152,E  57 ST,10022,17,UNKNOWN,Street,57.19532652920453,False,MANHATTAN,"(40.7593141, -73.9657152)",trafficstat,True,False,False,False,False,True,False,False,False,,,,,,,
2026-06-24,00:00,40.7530707,-73.972998,3 AVE,10017,17,UNKNOWN,Street,53.76613992662507,False,MANHATTAN,"(40.7530707, -73.972998)",trafficstat,False,False,False,False,False,False,False,False,False,,,,,,,
2026-06-23,00:00,40.7580138,-73.9698791,E  53 ST,10022,17,UNKNOWN,Street,32.59337800575254,False,MANHATTAN,"(40.7580138, -73.9698791)",trafficstat,True,False,True,False,False,False,False,False,False,,,,,,,
2026-06-23,00:00,40.7586329,-73.9657843,2 AVE,10022,17,UNKNOWN,Street,1.636882386576371,False,MANHATTAN,"(40.7586329, -73.9657843)",trafficstat,True,False,False,True,False,False,False,False,False,,,,,,,
2026-06-23,00:00,40.749559,-73.9777333,E  39 ST,10016,17,UNKNOWN,Street,36.28811964225522,False,MANHATTAN,"(40.749559, -73.9777333)",trafficstat,True,False,False,False,False,False,False,False,False,,,,,,,
2026-06-22,00:00,40.7447487,-73.9725315,1 AVE,10016,17,UNKNOWN,Street,68.96453990305379,False,MANHATTAN,"(40.7447487, -73.9725315)",trafficstat,False,False,False,False,False,False,False,False,False,,,,,,,
2026-06-22,00:00,40.7475148,-73.9687963,FRANKLIN D ROOSEVELT DR,10016,17,UNKNOWN,Street,1.5223135711724487,False,MANHATTAN,"(40.7475148, -73.9687963)",trafficstat,True,False,False,False,False,False,False,True,False,,,,,,,
2026-06-22,00:00,40.75899,-73.9688302,E  55 ST,10022,17,UNKNOWN,Street,36.80663259441894,False,MANHATTAN,"(40.75899, -73.9688302)",trafficstat,False,False,False,False,False,False,False,False,False,,,,,,,
2026-06-21,00:00,40.744443,-73.9790577,3 AVE,10016,17,UNKNOWN,Street,2.0575403413805375,False,MANHATTAN,"(40.744443, -73.9790577)",trafficstat,True,False,True,False,False,False,False,False,False,,,,,,,
2026-06-17,00:00,40.744443,-73.9790577,3 AVE,10016,17,UNKNOWN,Street,2.0575403413805375,False,MANHATTAN,"(40.744443, -73.9790577)",trafficstat,True,False,True,False,False,False,False,False,False,,,,,,,
2026-06-20,00:00,40.74568,-73.97212,E  37 ST,10016,17,OTHER,Street,2.2589506355959936,False,MANHATTAN,"(40.74568, -73.97212)",trafficstat,True,False,False,False,True,False,False,False,False,,,,,,,
2026-06-20,00:00,40.7446395,-73.9714011,E  36 ST,10016,17,UNKNOWN,Street,18.178844080260212,False,MANHATTAN,"(40.7446395, -73.9714011)",trafficstat,False,False,False,False,False,False,False,False,False,,,,,,,
2026-06-19,00:00,40.756496,-73.97236,E  50 ST,10022,17,UNKNOWN,Street,2.639586102709937,False,MANHATTAN,"(40.756496, -73.97236)",trafficstat,False,False,False,False,False,False,False,False,False,,,,,,,
2026-06-19,00:00,40.7530213,-73.9697831,E  47 ST,10017,17,UNKNOWN,Street,18.876129064505562,False,MANHATTAN,"(40.7530213, -73.9697831)",trafficstat,True,False,False,False,False,False,False,True,False,,,,,,,
2026-06-18,00:00,40.7457274,-73.9781226,3 AVE,10016,17,OTHER,Street,2.007945325800193,False,MANHATTAN,"(40.7457274, -73.9781226)",trafficstat,True,False,True,False,False,False,False,False,False,,,,,,,
2026-06-18,00:00,40.7454414,-73.9753944,2 AVE,10016,17,UNKNOWN,Street,1.6916243790493033,False,MANHATTAN,"(40.7454414, -73.9753944)",trafficstat,False,False,False,False,False,False,False,False,False,,,,,,,
2026-06-17,00:00,40.7413812,-73.9725104,FRANKLIN D ROOSEVELT DR,10010,17,UNKNOWN,Highway,1.4092536460229628,False,MANHATTAN,"(40.7413812, -73.9725104)",trafficstat,False,False,False,False,False,False,False,False,False,,,,,,,
2026-06-17,00:00,40.7504936,-73.9717112,2 AVE,10017,17,UNKNOWN,Street,2.2078785673463637,False,MANHATTAN,"(40.7504936, -73.9717112)",trafficstat,False,False,False,False,False,False,False,False,False,,,,,,,
2026-06-16,00:00,40.7466383,-73.9763215,QUEENS MIDTOWN TUNL  EXIT,10016,17,UNKNOWN,Ramp,1.759817941586208,False,MANHATTAN,"(40.7466383, -73.9763215)",trafficstat,False,False,False,False,False,False,False,False,False,,,,,,,
2026-06-16,00:00,40.7444202,-73.9759045,2 AVE,10016,17,UNKNOWN,Street,58.14616579973241,False,MANHATTAN,"(40.7444202, -73.9759045)",trafficstat,True,False,False,True,False,False,False,False,False,,,,,,,
2026-06-15,00:00,40.747925,-73.973607,2 AVE,10016,17,UNKNOWN,Street,1.888055686166323,False,MANHATTAN,"(40.747925, -73.973607)",trafficstat,False,False,False,False,False,False,False,False,False,,,,,,,
2026-06-14,00:00,40.753242,-73.96661,E  49 ST,10017,17,UNKNOWN,Street,2.088786847450234,False,MANHATTAN,"(40.753242, -73.96661)",trafficstat,False,False,False,False,False,False,False,False,False,,,,,,,
2026-06-13,00:00,40.7494844,-73.9753821,3 AVE,10016,17,OTHER,Street,1.783555280067942,False,MANHATTAN,"(40.7494844, -73.9753821)",trafficstat,False,False,False,False,False,False,False,False,False,,,,,,,
2026-06-12,00:00,40.7459135,-73.9710191,E  38 ST,10016,17,OTHER,Street,37.52817528925983,False,MANHATTAN,"(40.7459135, -73.9710191)",trafficstat,False,False,False,False,False,False,False,False,False,,,,,,,
2026-06-12,00:00,40.753368,-73.9746479,LEXINGTON AVE,10017,17,UNKNOWN,Street,1.63193443463248,False,MANHATTAN,"(40.753368, -73.9746479)",trafficstat,True,False,False,True,False,False,False,False,False,,,,,,,
2026-09-11,00:00,40.7585739,-73.9850489,7 AVE,10036,18,UNKNOWN,Street,2.0210693904796795,False,MANHATTAN,"(40.7585739, -73.9850489)",trafficstat,True,False,False,False,False,False,False,True,False,,,,,,,
2026-08-07,00:00,40.7585739,-73.9850489,7 AVE,10036,18,UNKNOWN,Street,2.0210693904796795,False,MANHATTAN,"(40.7585739, -73.9850489)",trafficstat,False,False,False,False,False,False,False,False,False,,,,,,,
2026-09-11,00:00,40.7604566,-73.9837309,7 AVE,10019,18,UNKNOWN,Street,1.6635686885614243,False,MANHATTAN,"(40.7604566, -73.9837309)",trafficstat,True,False,False,False,False,False,False,True,False,,,,,,,
2026-08-29,00:00,40.7604566,-73.9837309,7 AVE,10019,18,UNKNOWN,Street,1.6635686885614243,False,MANHATTAN,"(40.7604566, -73.9837309)",trafficstat,True,False,False,False,False,False,False,True,True,,,,,,,
2026-09-10,00:00,40.7603115,-73.9716962,E  55 ST,10022,18,UNKNOWN,Street,2.8438799090691824,False,MANHATTAN,"(40.7603115, -73.9716962)",trafficstat,True,False,False,True,False,False,False,False,False,,,,,,,
2026-08-01,00:00,40.7603115,-73.9716962,E  55 ST,10022,18,UNKNOWN,Street,2.8438799090691824,False,MANHATTAN,"(40.7603115, -73.9716962)",trafficstat,True,False,True,False,False,False,False,False,False,,,,,,,
2026-09-10,00:00,40.7641132,-73.9884951,9 AVE,10019,18,UNKNOWN,Street,1.9012393661291402,False,MANHATTAN,"(40.7641132, -73.9884951)",trafficstat,False,False,False,False,False,False,False,False,False,,,,,,,
2026-09-09,00:00,40.7596716,-73.9816903,W  49 ST,10019,18,OTHER,Street,18.407359095987722,False,MANHATTAN,"(40.7596716, -73.9816903)",trafficstat,True,False,True,False,False,False,False,False,False,,,,,,,
2026-09-08,00:00,40.7610397,-73.9753742,5 AVE,10019,18,UNKNOWN,Street,1.6719805722208536,False,MANHATTAN,"(40.7610397, -73.9753742)",trafficstat,False,False,False,False,False,False,False,False,False,,,,,,,
2026-09-08,00:00,40.7558936,-73.9803866,W  45 ST,10036,18,UNKNOWN,Street,31.401250297678533,False,MANHATTAN,"(40.7558936, -73.9803866)",trafficstat,True,False,True,False,False,False,False,False,False,,,,,,,
2026-09-08,00:00,40.765522,-73.980034,W  57 ST,10019,18,UNKNOWN,Street,1.897704529146983,False,MANHATTAN,"(40.765522, -73.980034)",trafficstat,True,False,False,True,False,False,False,False,False,,,,,,,
2026-09-08,00:00,40.76553,-73.9976715,W  48 ST,10036,18,UNKNOWN,Street,2.628924485538542,False,MANHATTAN,"(40.76553, -73.9976715)",trafficstat,True,False,False,False,False,False,False,True,False,,,,,,,
2026-08-04,00:00,40.76553,-73.9976715,W  48 ST,10036,18,UNKNOWN,Street,2.628924485538542,False,MANHATTAN,"(40.76553, -73.9976715)",trafficstat,True,False,False,False,False,False,False,True,False,,,,,,,
2026-08-02,00:00,40.76553,-73.9976715,W  48 ST,10036,18,UNKNOWN,Street,2.628924485538542,False,MANHATTAN,"(40.76553, -73.9976715)",trafficstat,False,False,False,False,False,False,False,False,False,,,,,,,
2026-06-17,00:00,40.76553,-73.9976715,W  48 ST,10036,18,UNKNOWN,Street,2.628924485538542,False,MANHATTAN,"(40.76553, -73.9976715)",trafficstat,True,False,False,False,False,False,False,True,False,,,,,,,
2026-06-16,00:00,40.76553,-73.9976715,W  48 ST,10036,18,UNKNOWN,Street,2.628924485538542,False,MANHATTAN,"(40.76553, -73.9976715)",trafficstat,True,False,False,False,False,False,False,True,False,,,,,,,
2026-09-08,00:00,40.7702082,-73.9905872,W  57 ST,10019,18,UNKNOWN,Bridge,73.5659662832264,False,MANHATTAN,"(40.7702082, -73.9905872)",trafficstat,False,False,False,False,False,False,False,False,False,,,,,,,
2026-09-06,00:00,40.7647906,-73.9842822,8 AVE,10019,18,UNKNOWN,Street,2.0044354057703795,False,MANHATTAN,"(40.7647906, -73.9842822)",trafficstat,False,False,False,False,False,False,False,False,False,,,,,,,
2026-08-07,00:00,40.7647906,-73.9842822,8 AVE,10019,18,UNKNOWN,Street,2.0044354057703795,False,MANHATTAN,"(40.7647906, -73.9842822)",trafficstat,True,False,True,False,False,False,False,False,False,,,,,,,
2026-09-06,00:00,40.7641142,-73.9901576,W  50 ST,10019,18,UNKNOWN,Street,35.1018749867874,False,MANHATTAN,"(40.7641142, -73.9901576)",trafficstat,False,False,False,False,False,False,False,False,False,,,,,,,
2026-09-05,00:00,40.7592482,-73.9869099,W  46 ST,10036,18,OTHER,Street,37.898408274975985,False,MANHATTAN,"(40.7592482, -73.9869099)",trafficstat,False,False,False,False,False,False,False,False,False,,,,,,,
2026-09-05,00:00,40.7665617,-73.9904225,W  53 ST,10019,18,UNKNOWN,Street,2.425084255602708,False,MANHATTAN,"(40.7665617, -73.9904225)",trafficstat,True,False,False,False,False,False,False,True,False,,,,,,,
2026-09-05,00:00,40.7707422,-73.9945484,W  56 ST,10019,18,OTHER,Street,2.613671411152496,False,MANHATTAN,"(40.7707422, -73.9945484)",trafficstat,True,False,False,False,False,False,False,True,False,,,,,,,
2026-07-04,00:00,40.7707422,-73.9945484,W  56 ST,10019,18,UNKNOWN,Street,2.613671411152496,False,MANHATTAN,"(40.7707422, -73.9945484)",trafficstat,True,False,False,False,False,False,False,True,False,,,,,,,
2026-09-04,00:00,40.7635757,-73.9752613,W  57 ST,10019,18,UNKNOWN,Street,18.43322544292122,False,MANHATTAN,"(40.7635757, -73.9752613)",trafficstat,False,False,False,False,False,False,False,False,False,,,,,,,
2026-09-02,00:00,40.7633125,-73.9771731,W  56 ST,10019,18,OTHER,Street,39.88189701921637,False,MANHATTAN,"(40.7633125, -73.9771731)",trafficstat,False,False,False,False,False,False,False,False,False,,,,,,,
2026-09-02,00:00,40.7631707,-73.9719451,E  58 ST,10022,18,UNKNOWN,Street,52.645571594114685,False,MANHATTAN,"(40.7631707, -73.9719451)",trafficstat,False,False,False,False,False,False,False,False,False,,,,,,,
2026-09-02,00:00,40.7543484,-73.976972,VANDERBILT AVE,10017,18,UNKNOWN,Street,2.2497495525940163,False,MANHATTAN,"(40.7543484, -73.976972)",trafficstat,True,False,False,True,False,False,False,False,False,,,,,,,
2026-09-02,00:00,40.7564226,-73.9802665,W  46 ST,10036,18,UNKNOWN,Street,44.09279355351354,False,MANHATTAN,"(40.7564226, -73.9802665)",trafficstat,True,False,False,False,False,False,False,True,False,,,,,,,
2026-09-02,00:00,40.7659331,-73.9908774,10 AVE,10019,18,UNKNOWN,Street,1.632381849461569,False,MANHATTAN,"(40.7659331, -73.9908774)",trafficstat,False,False,False,False,False,False,False,False,False,,,,,,,
2026-09-02,00:00,40.7677436,-73.9821118,8 AVE,10019,18,UNKNOWN,Street,1.606232537558147,False,MANHATTAN,"(40.7677436, -73.9821118)",trafficstat,True,False,True,False,False,False,False,False,False,,,,,,,
2026-09-01,00:00,40.7652527,-73.9950868,11 AVE,10019,18,UNKNOWN,Street,2.109877690245439,False,MANHATTAN,"(40.7652527, -73.9950868)",trafficstat,True,False,False,True,False,False,False,False,False,,,,,,,
2026-08-09,00:00,40.7652527,-73.9950868,11 AVE,10019,18,UNKNOWN,Street,2.109877690245439,False,MANHATTAN,"(40.7652527, -73.9950868)",trafficstat,False,False,False,False,False,False,False,False,False,,,,,,,
2026-09-01,00:00,40.7545917,-73.9781985,MADISON AVE,10017,18,UNKNOWN,Street,52.53091758645891,False,MANHATTAN,"(40.7545917, -73.9781985)",trafficstat,False,False,False,False,False,False,False,False,False,,,,,,,
2026-08-13,00:00,40.7545917,-73.9781985,MADISON AVE,10017,18,UNKNOWN,Street,52.53091758645891,False,MANHATTAN,"(40.7545917, -73.9781985)",trafficstat,True,False,False,True,False,False,False,False,False,,,,,,,
2026-08-05,00:00,40.7545917,-73.9781985,MADISON AVE,10017,18,OTHER,Street,52.53091758645891,False,MANHATTAN,"(40.7545917, -73.9781985)",trafficstat,True,False,True,True,False,False,False,False,False,,,,,,,
2026-08-31,00:00,40.7593538,-73.9866481,W  46 ST,10036,18,UNKNOWN,Street,31.013109442851153,False,MANHATTAN,"(40.7593538, -73.9866481)",trafficstat,False,False,False,False,False,False,False,False,False,,,,,,,
2026-08-31,00:00,40.7684482,-73.9865676,W  57 ST,10019,18,OTHER,Street,52.340371702999676,False,MANHATTAN,"(40.7684482, -73.9865676)",trafficstat,False,False,False,False,False,False,False,False,False,,,,,,,
2026-08-30,00:00,40.7667788,-73.9967617,W  50 ST,10019,18,UNKNOWN,Street,2.5811755580019273,False,MANHATTAN,"(40.7667788, -73.9967617)",trafficstat,True,False,False,False,False,False,False,True,False,,,,,,,