crash_date,crash_time,latitude,longitude,on_street_name,zip_code,precinct,collision_type,roadway_type,geocode_dist_feet,time_is_known,borough,location,source,injury,fatality,injured_pedestrian,injured_cyclist,injured_ebike_rider,injured_motorcyclist,injured_moped_rider,injured_car_occupant,injured_suv_occupant,number_of_persons_injured,number_of_persons_killed,contributing_factor_vehicle_1,collision_id,cross_street_name,off_street_name,vehicle_type_code1
2026-08-22,00:00,40.7667788,-73.9967617,W  50 ST,10019,18,UNKNOWN,Street,2.5811755580019273,False,MANHATTAN,"(40.7667788, -73.9967617)",trafficstat,False,False,False,False,False,False,False,False,False,,,,,,,
2026-07-14,00:00,40.7667788,-73.9967617,W  50 ST,10019,18,UNKNOWN,Street,2.5811755580019273,False,MANHATTAN,"(40.7667788, -73.9967617)",trafficstat,True,False,False,False,False,False,False,False,False,,,,,,,
2026-08-29,00:00,40.7703138,-73.9914003,11 AVE,10019,18,OTHER,Street,1.7502391498571614,False,MANHATTAN,"(40.7703138, -73.9914003)",trafficstat,True,False,False,False,True,False,False,False,False,,,,,,,
2026-08-29,00:00,40.761772,-73.97906,AVE OF THE AMERICAS,10019,18,UNKNOWN,Street,0.8986330389683848,False,MANHATTAN,"(40.761772, -73.97906)",trafficstat,False,False,False,False,False,False,False,False,False,,,,,,,
2026-06-21,00:00,40.761772,-73.97906,AVE OF THE AMERICAS,10019,18,UNKNOWN,Street,0.8986330389683848,False,MANHATTAN,"(40.761772, -73.97906)",trafficstat,True,False,True,False,False,False,False,False,False,,,,,,,
2026-08-28,00:00,40.7635446,-73.9851922,8 AVE,10019,18,UNKNOWN,Street,1.4372007540354563,False,MANHATTAN,"(40.7635446, -73.9851922)",trafficstat,True,False,False,True,False,False,False,False,False,,,,,,,
2026-07-29,00:00,40.7635446,-73.9851922,8 AVE,10019,18,UNKNOWN,Street,1.4372007540354563,False,MANHATTAN,"(40.7635446, -73.9851922)",trafficstat,True,False,False,True,False,False,False,False,False,,,,,,,
2026-07-08,00:00,40.7635446,-73.9851922,8 AVE,10019,18,UNKNOWN,Street,1.4372007540354563,False,MANHATTAN,"(40.7635446, -73.9851922)",trafficstat,False,False,False,False,False,False,False,False,False,,,,,,,
2026-06-27,00:00,40.7635446,-73.9851922,8 AVE,10019,18,UNKNOWN,Street,1.4372007540354563,False,MANHATTAN,"(40.7635446, -73.9851922)",trafficstat,True,False,True,False,False,False,False,False,False,,,,,,,
2026-08-28,00:00,40.7647824,-73.9937267,W  49 ST,10019,18,OTHER,Street,30.099587295214928,False,MANHATTAN,"(40.7647824, -73.9937267)",trafficstat,False,False,False,False,False,False,False,False,False,,,,,,,
2026-08-28,00:00,40.7630247,-73.9781386,AVE OF THE AMERICAS,10105,18,OTHER,Street,1.8328019565170266,False,MANHATTAN,"(40.7630247, -73.9781386)",trafficstat,True,False,False,True,False,False,False,False,False,,,,,,,
2026-08-28,00:00,40.7631147,-73.9996498,W  44 ST,10036,18,OTHER,Street,2.689872060141427,False,MANHATTAN,"(40.7631147, -73.9996498)",trafficstat,True,False,False,False,False,True,False,False,False,,,,,,,
2026-08-28,00:00,40.7699819,-73.994646,W  55 ST,10019,18,UNKNOWN,Street,2.2328803526905805,False,MANHATTAN,"(40.7699819, -73.994646)",trafficstat,False,False,False,False,False,False,False,False,False,,,,,,,
2026-08-27,00:00,40.771464,-73.9943462,12 AVE,10019,18,OTHER,Highway,34.06556909045062,False,MANHATTAN,"(40.771464, -73.9943462)",trafficstat,True,False,False,False,False,False,False,False,False,,,,,,,
2026-08-27,00:00,40.7674158,-73.9883002,W  55 ST,10019,18,UNKNOWN,Street,32.045865383265365,False,MANHATTAN,"(40.7674158, -73.9883002)",trafficstat,True,False,False,False,True,False,False,True,False,,,,,,,
2026-08-27,00:00,40.7592704,-73.9808868,AVE OF THE AMERICAS,10020,18,OTHER,Street,1.5617292479504072,False,MANHATTAN,"(40.7592704, -73.9808868)",trafficstat,True,False,False,False,False,False,False,False,False,,,,,,,
2026-06-25,00:00,40.7592704,-73.9808868,AVE OF THE AMERICAS,10020,18,UNKNOWN,Street,1.5617292479504072,False,MANHATTAN,"(40.7592704, -73.9808868)",trafficstat,False,False,False,False,False,False,False,False,False,,,,,,,
2026-08-27,00:00,40.7558017,-73.9787413,E  46 ST,10017,18,UNKNOWN,Street,37.84019266664286,False,MANHATTAN,"(40.7558017, -73.9787413)",trafficstat,True,False,True,False,False,False,False,False,False,,,,,,,
2026-08-27,00:00,40.7575951,-73.9739923,PARK AVE,10022,18,UNKNOWN,Street,43.61696166271042,False,MANHATTAN,"(40.7575951, -73.9739923)",trafficstat,False,False,False,False,False,False,False,False,False,,,,,,,
2026-08-26,00:00,40.7623963,-73.9786009,AVE OF THE AMERICAS,10019,18,UNKNOWN,Street,1.9226124284557593,False,MANHATTAN,"(40.7623963, -73.9786009)",trafficstat,False,False,False,False,False,False,False,False,False,,,,,,,
2026-08-25,00:00,40.760768,-73.9769397,W  53 ST,10103,18,UNKNOWN,Street,39.2996239903454,False,MANHATTAN,"(40.760768, -73.9769397)",trafficstat,True,False,False,False,True,False,False,False,False,,,,,,,
2026-08-23,00:00,40.7673869,-73.9823646,8 AVE,10019,18,UNKNOWN,Street,1.7809185400318746,False,MANHATTAN,"(40.7673869, -73.9823646)",trafficstat,False,False,False,False,False,False,False,False,False,,,,,,,
2026-08-22,00:00,40.762342,-73.9823515,7 AVE,10019,18,UNKNOWN,Street,1.7727765480545679,False,MANHATTAN,"(40.762342, -73.9823515)",trafficstat,False,False,False,False,False,False,False,False,False,,,,,,,
2026-08-21,00:00,40.7637292,-73.9936716,W  48 ST,10036,18,UNKNOWN,Street,37.05715085073338,False,MANHATTAN,"(40.7637292, -73.9936716)",trafficstat,False,False,False,False,False,False,False,False,False,,,,,,,
2026-08-21,00:00,40.7566543,-73.9785666,5 AVE,10036,18,OTHER,Street,1.552315126313047,False,MANHATTAN,"(40.7566543, -73.9785666)",trafficstat,True,False,False,False,False,False,False,True,False,,,,,,,
2026-08-17,00:00,40.7566543,-73.9785666,5 AVE,10036,18,UNKNOWN,Street,1.552315126313047,False,MANHATTAN,"(40.7566543, -73.9785666)",trafficstat,True,False,False,False,True,False,False,False,False,,,,,,,
2026-08-19,00:00,40.7579112,-73.977653,5 AVE,10020,18,UNKNOWN,Street,2.2618150562841377,False,MANHATTAN,"(40.7579112, -73.977653)",trafficstat,False,False,False,False,False,False,False,False,False,,,,,,,
2026-06-17,00:00,40.7579112,-73.977653,5 AVE,10020,18,UNKNOWN,Street,2.2618150562841377,False,MANHATTAN,"(40.7579112, -73.977653)",trafficstat,True,False,True,False,False,False,False,False,False,,,,,,,
2026-08-19,00:00,40.7641976,-73.9792424,W  56 ST,10019,18,UNKNOWN,Street,37.765456418034425,False,MANHATTAN,"(40.7641976, -73.9792424)",trafficstat,True,False,True,False,False,False,False,False,False,,,,,,,
2026-08-19,00:00,40.7668251,-73.9912015,W  53 ST,10019,18,UNKNOWN,Street,23.3388791692544,False,MANHATTAN,"(40.7668251, -73.9912015)",trafficstat,False,False,False,False,False,False,False,False,False,,,,,,,
2026-08-18,00:00,40.76448,-73.9915619,W  50 ST,10019,18,OTHER,Street,36.99332923864665,False,MANHATTAN,"(40.76448, -73.9915619)",trafficstat,True,False,True,False,False,False,False,False,False,,,,,,,
2026-08-17,00:00,40.7684389,-73.9890503,10 AVE,10019,18,OTHER,Street,2.0935376633939464,False,MANHATTAN,"(40.7684389, -73.9890503)",trafficstat,True,False,True,False,False,False,False,False,False,,,,,,,
2026-08-17,00:00,40.7635887,-73.9714096,E  59 ST,10022,18,OTHER,Street,1.8280202262598162,False,MANHATTAN,"(40.7635887, -73.9714096)",trafficstat,False,False,False,False,False,False,False,False,False,,,,,,,
2026-08-08,00:00,40.7635887,-73.9714096,E  59 ST,10022,18,UNKNOWN,Street,1.8280202262598162,False,MANHATTAN,"(40.7635887, -73.9714096)",trafficstat,True,False,False,True,False,False,False,False,False,,,,,,,
2026-07-13,00:00,40.7635887,-73.9714096,E  59 ST,10022,18,UNKNOWN,Street,1.8280202262598162,False,MANHATTAN,"(40.7635887, -73.9714096)",trafficstat,True,False,False,True,False,False,False,False,False,,,,,,,
2026-08-16,00:00,40.762963,-73.9718683,MADISON AVE,10022,18,UNKNOWN,Street,2.0021976237517496,False,MANHATTAN,"(40.762963, -73.9718683)",trafficstat,True,False,False,False,False,False,False,True,False,,,,,,,
2026-08-16,00:00,40.7610362,-73.9870157,8 AVE,10036,18,UNKNOWN,Street,1.8406055632862897,False,MANHATTAN,"(40.7610362, -73.9870157)",trafficstat,False,False,False,False,False,False,False,False,False,,,,,,,
2026-08-16,00:00,40.763942,-73.9883352,W  51 ST,10019,18,UNKNOWN,Street,35.38269760011932,False,MANHATTAN,"(40.763942, -73.9883352)",trafficstat,False,False,False,False,False,False,False,False,False,,,,,,,
2026-08-14,00:00,40.7645608,-73.9839894,W  54 ST,10019,18,UNKNOWN,Street,37.085384637876984,False,MANHATTAN,"(40.7645608, -73.9839894)",trafficstat,False,False,False,False,False,False,False,False,False,,,,,,,
2026-08-14,00:00,40.7616682,-73.9749155,5 AVE,10019,18,UNKNOWN,Street,1.430787365208193,False,MANHATTAN,"(40.7616682, -73.9749155)",trafficstat,True,False,True,False,False,False,False,False,False,,,,,,,
2026-08-12,00:00,40.7616682,-73.9749155,5 AVE,10019,18,UNKNOWN,Street,1.430787365208193,False,MANHATTAN,"(40.7616682, -73.9749155)",trafficstat,False,False,False,False,False,False,False,False,False,,,,,,,
2026-06-27,00:00,40.7616682,-73.9749155,5 AVE,10019,18,OTHER,Street,1.430787365208193,False,MANHATTAN,"(40.7616682, -73.9749155)",trafficstat,True,False,False,False,False,False,False,False,False,,,,,,,
2026-06-25,00:00,40.7616682,-73.9749155,5 AVE,10019,18,OTHER,Street,1.430787365208193,False,MANHATTAN,"(40.7616682, -73.9749155)",trafficstat,True,False,True,False,False,False,False,False,False,,,,,,,
2026-08-14,00:00,40.7598418,-73.9841751,7 AVE,10036,18,OTHER,Street,1.3387572498487474,False,MANHATTAN,"(40.7598418, -73.9841751)",trafficstat,False,False,False,False,False,False,False,False,False,,,,,,,
2026-06-28,00:00,40.7598418,-73.9841751,7 AVE,10036,18,UNKNOWN,Street,1.3387572498487474,False,MANHATTAN,"(40.7598418, -73.9841751)",trafficstat,False,False,False,False,False,False,False,False,False,,,,,,,
2026-08-13,00:00,40.7610933,-73.9832615,7 AVE,10019,18,OTHER,Street,2.175571043987202,False,MANHATTAN,"(40.7610933, -73.9832615)",trafficstat,False,False,False,False,False,False,False,False,False,,,,,,,
2026-07-20,00:00,40.7610933,-73.9832615,7 AVE,10019,18,UNKNOWN,Street,2.175571043987202,False,MANHATTAN,"(40.7610933, -73.9832615)",trafficstat,False,False,False,False,False,False,False,False,False,,,,,,,
2026-06-28,00:00,40.7610933,-73.9832615,7 AVE,10019,18,UNKNOWN,Street,2.175571043987202,False,MANHATTAN,"(40.7610933, -73.9832615)",trafficstat,False,False,False,False,False,False,False,False,False,,,,,,,
2026-08-13,00:00,40.766506,-73.99417,W  51 ST,10019,18,UNKNOWN,Street,1.5569899710560235,False,MANHATTAN,"(40.766506, -73.99417)",trafficstat,True,False,False,True,False,False,False,False,False,,,,,,,
2026-08-12,00:00,40.7665043,-73.9941733,11 AVE,10019,18,UNKNOWN,Street,1.8440005456012378,False,MANHATTAN,"(40.7665043, -73.9941733)",trafficstat,True,False,False,False,False,False,False,False,False,,,,,,,
2026-06-14,00:00,40.7665043,-73.9941733,11 AVE,10019,18,UNKNOWN,Street,1.8440005456012378,False,MANHATTAN,"(40.7665043, -73.9941733)",trafficstat,False,False,False,False,False,False,False,False,False,,,,,,,
2026-08-12,00:00,40.7591043,-73.9921381,9 AVE,10036,18,UNKNOWN,Street,1.6175379637206437,False,MANHATTAN,"(40.7591043, -73.9921381)",trafficstat,True,False,False,True,False,False,False,False,False,,,,,,,
2026-08-11,00:00,40.7597901,-73.9879255,8 AVE,10036,18,OTHER,Street,2.0393023244553996,False,MANHATTAN,"(40.7597901, -73.9879255)",trafficstat,True,False,True,False,False,False,False,False,False,,,,,,,
2026-07-11,00:00,40.7597901,-73.9879255,8 AVE,10036,18,UNKNOWN,Street,2.0393023244553996,False,MANHATTAN,"(40.7597901, -73.9879255)",trafficstat,True,False,False,False,False,False,False,True,False,,,,,,,
2026-08-11,00:00,40.7591154,-73.9827596,W  48 ST,10036,18,UNKNOWN,Street,43.53934685744229,False,MANHATTAN,"(40.7591154, -73.9827596)",trafficstat,False,False,False,False,False,False,False,False,False,,,,,,,
2026-08-11,00:00,40.7620504,-73.9865063,8 AVE,10019,18,UNKNOWN,Street,53.598316228914136,False,MANHATTAN,"(40.7620504, -73.9865063)",trafficstat,True,False,False,False,False,False,False,True,False,,,,,,,
2026-08-11,00:00,40.7631234,-73.9844508,W  52 ST,10019,18,UNKNOWN,Street,36.465907283213184,False,MANHATTAN,"(40.7631234, -73.9844508)",trafficstat,False,False,False,False,False,False,False,False,False,,,,,,,
2026-07-01,00:00,40.7631234,-73.9844508,W  52 ST,10019,18,UNKNOWN,Street,36.465907283213184,False,MANHATTAN,"(40.7631234, -73.9844508)",trafficstat,False,False,False,False,False,False,False,False,False,,,,,,,
2026-08-11,00:00,40.7631862,-73.9865246,W  51 ST,10019,18,UNKNOWN,Street,33.60906572170682,False,MANHATTAN,"(40.7631862, -73.9865246)",trafficstat,False,False,False,False,False,False,False,False,False,,,,,,,
2026-08-11,00:00,40.7642941,-73.9843859,8 AVE,10019,18,UNKNOWN,Street,64.200744227708,False,MANHATTAN,"(40.7642941, -73.9843859)",trafficstat,False,False,False,False,False,False,False,False,False,,,,,,,
2026-08-10,00:00,40.7647354,-73.9822173,BROADWAY,10019,18,OTHER,Street,0.5889031767527033,False,MANHATTAN,"(40.7647354, -73.9822173)",trafficstat,True,False,True,False,False,False,False,False,False,,,,,,,
2026-08-10,00:00,40.766716,-73.98288,8 AVE,10019,18,UNKNOWN,Street,1.0076171983974938,False,MANHATTAN,"(40.766716, -73.98288)",trafficstat,True,False,True,False,False,False,False,False,False,,,,,,,
2026-08-10,00:00,40.7671874,-73.9899639,W  54 ST,10019,18,UNKNOWN,Street,2.4880495006614507,False,MANHATTAN,"(40.7671874, -73.9899639)",trafficstat,True,False,False,True,False,False,False,False,False,,,,,,,
2026-07-19,00:00,40.7671874,-73.9899639,W  54 ST,10019,18,UNKNOWN,Street,2.4880495006614507,False,MANHATTAN,"(40.7671874, -73.9899639)",trafficstat,True,False,True,False,False,False,False,False,False,,,,,,,
2026-08-10,00:00,40.759873,-73.9786971,W  51 ST,10020,18,OTHER,Street,39.08772837942471,False,MANHATTAN,"(40.759873, -73.9786971)",trafficstat,True,False,True,False,False,False,False,False,False,,,,,,,
2026-08-10,00:00,40.7577521,-73.9834315,W  46 ST,10036,18,UNKNOWN,Street,45.26586414201472,False,MANHATTAN,"(40.7577521, -73.9834315)",trafficstat,True,False,True,False,False,False,False,False,False,,,,,,,
2026-08-06,00:00,40.7577521,-73.9834315,W  46 ST,10036,18,OTHER,Street,45.26586414201472,False,MANHATTAN,"(40.7577521, -73.9834315)",trafficstat,False,False,False,False,False,False,False,False,False,,,,,,,
2026-08-09,00:00,40.7591996,-73.9846192,7 AVE,10036,18,UNKNOWN,Street,1.6921406566632156,False,MANHATTAN,"(40.7591996, -73.9846192)",trafficstat,False,False,False,False,False,False,False,False,False,,,,,,,
2026-08-06,00:00,40.7591996,-73.9846192,7 AVE,10036,18,UNKNOWN,Street,1.6921406566632156,False,MANHATTAN,"(40.7591996, -73.9846192)",trafficstat,True,False,False,False,False,True,False,False,False,,,,,,,
2026-08-09,00:00,40.7566072,-73.976502,E  48 ST,10017,18,UNKNOWN,Street,1.8738877007971235,False,MANHATTAN,"(40.7566072, -73.976502)",trafficstat,True,False,False,False,False,False,False,True,False,,,,,,,
2026-08-09,00:00,40.7654191,-73.9838236,8 AVE,10019,18,UNKNOWN,Street,1.2470141704381557,False,MANHATTAN,"(40.7654191, -73.9838236)",trafficstat,True,False,True,False,False,False,False,False,False,,,,,,,
2026-08-08,00:00,40.7666162,-73.9866608,9 AVE,10019,18,OTHER,Street,1.4929848560845083,False,MANHATTAN,"(40.7666162, -73.9866608)",trafficstat,True,True,True,False,False,False,False,False,False,,,,,,,
2026-08-08,00:00,40.760743,-73.9880069,W  47 ST,10036,18,UNKNOWN,Street,33.60981483510721,False,MANHATTAN,"(40.760743, -73.9880069)",trafficstat,True,False,False,True,False,False,False,False,False,,,,,,,
2026-08-08,00:00,40.7616096,-73.9707498,E  57 ST,10022,18,UNKNOWN,Street,2.059079280689455,False,MANHATTAN,"(40.7616096, -73.9707498)",trafficstat,True,False,True,False,False,False,False,False,False,,,,,,,
2026-08-07,00:00,40.7636578,-73.9734636,5 AVE,10019,18,UNKNOWN,Street,2.392391407205071,False,MANHATTAN,"(40.7636578, -73.9734636)",trafficstat,True,False,False,False,False,False,False,True,False,,,,,,,
2026-07-02,00:00,40.7636578,-73.9734636,5 AVE,10019,18,UNKNOWN,Street,2.392391407205071,False,MANHATTAN,"(40.7636578, -73.9734636)",trafficstat,True,False,False,True,False,False,False,False,False,,,,,,,
2026-06-12,00:00,40.7636578,-73.9734636,5 AVE,10019,18,OTHER,Street,2.392391407205071,False,MANHATTAN,"(40.7636578, -73.9734636)",trafficstat,True,False,True,False,False,False,False,False,False,,,,,,,
2026-08-07,00:00,40.7616592,-73.9865607,8 AVE,10019,18,UNKNOWN,Street,2.0999394579531825,False,MANHATTAN,"(40.7616592, -73.9865607)",trafficstat,False,False,False,False,False,False,False,False,False,,,,,,,
2026-08-04,00:00,40.7616592,-73.9865607,8 AVE,10019,18,OTHER,Street,2.0999394579531825,False,MANHATTAN,"(40.7616592, -73.9865607)",trafficstat,True,False,False,False,False,False,False,False,False,,,,,,,
2026-08-07,00:00,40.76281,-73.993164,10 AVE,10036,18,UNKNOWN,Street,2.0339786280583785,False,MANHATTAN,"(40.76281, -73.993164)",trafficstat,True,False,True,False,False,False,False,False,False,,,,,,,
2026-08-07,00:00,40.7629662,-73.9739692,5 AVE,10019,18,UNKNOWN,Street,1.5416717152666424,False,MANHATTAN,"(40.7629662, -73.9739692)",trafficstat,True,False,False,False,False,False,False,False,True,,,,,,,
2026-07-03,00:00,40.7629662,-73.9739692,5 AVE,10019,18,UNKNOWN,Street,1.5416717152666424,False,MANHATTAN,"(40.7629662, -73.9739692)",trafficstat,False,False,False,False,False,False,False,False,False,,,,,,,
2026-08-07,00:00,40.7615,-73.99782,11 AVE,10036,18,OTHER,Street,1.8930636041388331,False,MANHATTAN,"(40.7615, -73.99782)",trafficstat,False,False,False,False,False,False,False,False,False,,,,,,,
2026-08-07,00:00,40.7648968,-73.9868024,W  53 ST,10019,18,OTHER,Street,47.69123493353844,False,MANHATTAN,"(40.7648968, -73.9868024)",trafficstat,True,False,False,False,False,False,False,True,False,,,,,,,
2026-08-07,00:00,40.7650076,-73.9850486,W  54 ST,10019,18,UNKNOWN,Street,36.657031723722646,False,MANHATTAN,"(40.7650076, -73.9850486)",trafficstat,False,False,False,False,False,False,False,False,False,,,,,,,
2026-08-07,00:00,40.7627496,-73.9969135,11 AVE,10036,18,UNKNOWN,Street,1.6595799580804516,False,MANHATTAN,"(40.7627496, -73.9969135)",trafficstat,True,False,False,True,False,False,False,False,False,,,,,,,
2026-06-14,00:00,40.7627496,-73.9969135,11 AVE,10036,18,UNKNOWN,Street,1.6595799580804516,False,MANHATTAN,"(40.7627496, -73.9969135)",trafficstat,False,False,False,False,False,False,False,False,False,,,,,,,
2026-08-06,00:00,40.7668758,-73.979076,7 AVE,10019,18,UNKNOWN,Street,1.9052565923935956,False,MANHATTAN,"(40.7668758, -73.979076)",trafficstat,True,False,False,False,True,False,False,False,False,,,,,,,
2026-07-14,00:00,40.7668758,-73.979076,7 AVE,10019,18,UNKNOWN,Street,1.9052565923935956,False,MANHATTAN,"(40.7668758, -73.979076)",trafficstat,True,False,True,False,False,False,False,False,False,,,,,,,
2026-08-05,00:00,40.7649952,-73.9767048,AVE OF THE AMERICAS,10019,18,UNKNOWN,Street,1.4454379723431592,False,MANHATTAN,"(40.7649952, -73.9767048)",trafficstat,False,False,False,False,False,False,False,False,False,,,,,,,
2026-08-05,00:00,40.7660448,-73.9833649,8 AVE,10019,18,UNKNOWN,Street,2.2525604157239045,False,MANHATTAN,"(40.7660448, -73.9833649)",trafficstat,True,False,False,True,False,False,False,False,False,,,,,,,
2026-08-04,00:00,40.7639984,-73.9960038,11 AVE,10036,18,UNKNOWN,Street,1.5754204573621695,False,MANHATTAN,"(40.7639984, -73.9960038)",trafficstat,False,False,False,False,False,False,False,False,False,,,,,,,
2026-08-03,00:00,40.7625917,-73.9703985,PARK AVE,10022,18,UNKNOWN,Street,53.800444435787,False,MANHATTAN,"(40.7625917, -73.9703985)",trafficstat,False,False,False,False,False,False,False,False,False,,,,,,,
2026-08-03,00:00,40.7613264,-73.9957329,W  44 ST,10036,18,UNKNOWN,Street,36.31564060619875,False,MANHATTAN,"(40.7613264, -73.9957329)",trafficstat,True,False,True,False,False,False,False,False,False,,,,,,,
2026-08-03,00:00,40.7597301,-73.9916832,W  44 ST,10036,18,UNKNOWN,Street,1.8343622262637698,False,MANHATTAN,"(40.7597301, -73.9916832)",trafficstat,False,False,False,False,False,False,False,False,False,,,,,,,
2026-08-03,00:00,40.7560313,-73.9790252,5 AVE,10036,18,UNKNOWN,Street,1.5782723583030644,False,MANHATTAN,"(40.7560313, -73.9790252)",trafficstat,True,False,False,False,False,False,False,True,False,,,,,,,
2026-06-25,00:00,40.7560313,-73.9790252,5 AVE,10036,18,UNKNOWN,Street,1.5782723583030644,False,MANHATTAN,"(40.7560313, -73.9790252)",trafficstat,False,False,False,False,False,False,False,False,False,,,,,,,
2026-06-20,00:00,40.7560313,-73.9790252,5 AVE,10036,18,OTHER,Street,1.5782723583030644,False,MANHATTAN,"(40.7560313, -73.9790252)",trafficstat,True,False,False,False,False,False,False,True,True,,,,,,,
2026-08-02,00:00,40.7603012,-73.9949824,10 AVE,10036,18,UNKNOWN,Street,1.875086968523256,False,MANHATTAN,"(40.7603012, -73.9949824)",trafficstat,True,False,False,False,False,False,False,True,False,,,,,,,
2026-06-17,00:00,40.7603012,-73.9949824,10 AVE,10036,18,UNKNOWN,Street,1.875086968523256,False,MANHATTAN,"(40.7603012, -73.9949824)",trafficstat,False,False,False,False,False,False,False,False,False,,,,,,,
2026-08-02,00:00,40.7578146,-73.982208,AVE OF THE AMERICAS,10036,18,UNKNOWN,Street,62.12180363037641,False,MANHATTAN,"(40.7578146, -73.982208)",trafficstat,False,False,False,False,False,False,False,False,False,,,,,,,
2026-08-02,00:00,40.7655201,-73.9800367,7 AVE,10106,18,OTHER,Street,1.7032242026552493,False,MANHATTAN,"(40.7655201, -73.9800367)",trafficstat,True,False,False,False,False,False,False,False,True,,,,,,,
2026-06-18,00:00,40.7655201,-73.9800367,7 AVE,10106,18,OTHER,Street,1.7032242026552493,False,MANHATTAN,"(40.7655201, -73.9800367)",trafficstat,True,False,False,False,False,False,False,False,False,,,,,,,
2026-08-02,00:00,40.77074,-73.994545,W  56 ST,10019,18,UNKNOWN,Street,2.8654718065532623,False,MANHATTAN,"(40.77074, -73.994545)",trafficstat,True,False,False,False,False,False,False,True,False,,,,,,,
2026-08-01,00:00,40.7659904,-73.987123,9 AVE,10019,18,UNKNOWN,Street,1.2691128657766064,False,MANHATTAN,"(40.7659904, -73.987123)",trafficstat,False,False,False,False,False,False,False,False,False,,,,,,,
2026-06-30,00:00,40.7659904,-73.987123,9 AVE,10019,18,UNKNOWN,Street,1.2691128657766064,False,MANHATTAN,"(40.7659904, -73.987123)",trafficstat,False,False,False,False,False,False,False,False,False,,,,,,,
2026-06-22,00:00,40.7659904,-73.987123,9 AVE,10019,18,UNKNOWN,Street,1.2691128657766064,False,MANHATTAN,"(40.7659904, -73.987123)",trafficstat,True,False,True,False,False,False,False,False,False,,,,,,,
2026-08-01,00:00,40.7546194,-73.9737343,LEXINGTON AVE,10017,18,UNKNOWN,Street,1.611425493358813,False,MANHATTAN,"(40.7546194, -73.9737343)",trafficstat,False,False,False,False,False,False,False,False,False,,,,,,,
2026-07-26,00:00,40.7546194,-73.9737343,LEXINGTON AVE,10017,18,UNKNOWN,Street,1.611425493358813,False,MANHATTAN,"(40.7546194, -73.9737343)",trafficstat,True,False,False,False,False,False,False,True,True,,,,,,,
2026-08-01,00:00,40.7634301,-73.9927008,10 AVE,10036,18,OTHER,Street,2.077669374074179,False,MANHATTAN,"(40.7634301, -73.9927008)",trafficstat,True,False,False,True,False,False,False,False,False,,,,,,,
2026-07-31,00:00,40.7642812,-73.9985812,W  46 ST,10036,18,UNKNOWN,Street,2.1723731621551083,False,MANHATTAN,"(40.7642812, -73.9985812)",trafficstat,True,False,False,True,False,False,False,False,False,,,,,,,
2026-06-24,00:00,40.7642812,-73.9985812,W  46 ST,10036,18,UNKNOWN,Street,2.1723731621551083,False,MANHATTAN,"(40.7642812, -73.9985812)",trafficstat,True,False,False,False,False,False,False,False,True,,,,,,,
2026-07-30,00:00,40.7657202,-73.99719,12 AVE,10019,18,UNKNOWN,Highway,54.300929138558054,False,MANHATTAN,"(40.7657202, -73.99719)",trafficstat,True,False,False,False,False,False,False,False,True,,,,,,,
2026-07-30,00:00,40.7690046,-73.99235,11 AVE,10019,18,UNKNOWN,Street,1.7701184535745997,False,MANHATTAN,"(40.7690046, -73.99235)",trafficstat,True,False,False,False,False,False,False,True,False,,,,,,,
2026-07-30,00:00,40.7579728,-73.9855363,7 AVE,10036,18,UNKNOWN,Street,2.1248929951930875,False,MANHATTAN,"(40.7579728, -73.9855363)",trafficstat,False,False,False,False,False,False,False,False,False,,,,,,,
2026-07-30,00:00,40.7573998,-73.9820107,W  46 ST,10036,18,OTHER,Street,34.23819495665976,False,MANHATTAN,"(40.7573998, -73.9820107)",trafficstat,True,False,True,False,False,False,False,False,False,,,,,,,
2026-07-29,00:00,40.7597244,-73.9861192,W  47 ST,10036,18,UNKNOWN,Street,36.96209035849771,False,MANHATTAN,"(40.7597244, -73.9861192)",trafficstat,False,False,False,False,False,False,False,False,False,,,,,,,
2026-07-29,00:00,40.771612,-73.9904542,11 AVE,10019,18,OTHER,Bridge,1.5980900112258818,False,MANHATTAN,"(40.771612, -73.9904542)",trafficstat,False,False,False,False,False,False,False,False,False,,,,,,,
2026-07-28,00:00,40.7589993,-73.9705344,LEXINGTON AVE,10022,18,UNKNOWN,Street,1.9603400496313674,False,MANHATTAN,"(40.7589993, -73.9705344)",trafficstat,True,False,False,False,False,False,False,True,False,,,,,,,
2026-07-27,00:00,40.75927,-73.98089,AVE OF THE AMERICAS,10020,18,UNKNOWN,Street,0.8567361283598774,False,MANHATTAN,"(40.75927, -73.98089)",trafficstat,False,False,False,False,False,False,False,False,False,,,,,,,
2026-07-15,00:00,40.75927,-73.98089,AVE OF THE AMERICAS,10020,18,UNKNOWN,Street,0.8567361283598774,False,MANHATTAN,"(40.75927, -73.98089)",trafficstat,True,False,False,False,False,False,False,False,False,,,,,,,
2026-07-27,00:00,40.7607281,-73.9794872,AVE OF THE AMERICAS,10019,18,UNKNOWN,Street,82.81738971294004,False,MANHATTAN,"(40.7607281, -73.9794872)",trafficstat,True,False,False,True,False,False,False,False,False,,,,,,,
2026-07-27,00:00,40.7609926,-73.990759,9 AVE,10036,18,OTHER,Street,2.4054467440964062,False,MANHATTAN,"(40.7609926, -73.990759)",trafficstat,True,False,False,True,False,False,False,False,False,,,,,,,