crash_date,crash_time,latitude,longitude,on_street_name,zip_code,precinct,collision_type,roadway_type,geocode_dist_feet,time_is_known,borough,location,source,injury,fatality,injured_pedestrian,injured_cyclist,injured_ebike_rider,injured_motorcyclist,injured_moped_rider,injured_car_occupant,injured_suv_occupant,number_of_persons_injured,number_of_persons_killed,contributing_factor_vehicle_1,collision_id,cross_street_name,off_street_name,vehicle_type_code1
2026-07-12,00:00,40.7609926,-73.990759,9 AVE,10036,18,UNKNOWN,Street,2.4054467440964062,False,MANHATTAN,"(40.7609926, -73.990759)",trafficstat,True,False,False,True,False,False,False,False,False,,,,,,,
2026-06-26,00:00,40.7609926,-73.990759,9 AVE,10036,18,OTHER,Street,2.4054467440964062,False,MANHATTAN,"(40.7609926, -73.990759)",trafficstat,True,False,False,True,False,False,False,False,False,,,,,,,
2026-07-27,00:00,40.7685571,-73.9962806,MANHATTAN CRUISE TERMINAL RAMP,10019,18,UNKNOWN,Ramp,8.074873738124237,False,MANHATTAN,"(40.7685571, -73.9962806)",trafficstat,True,False,False,True,False,False,False,False,False,,,,,,,
2026-07-26,00:00,40.767757,-73.99326,W  53 ST,10019,18,UNKNOWN,Street,2.11655702865272,False,MANHATTAN,"(40.767757, -73.99326)",trafficstat,True,False,True,False,False,False,False,False,False,,,,,,,
2026-07-26,00:00,40.7690276,-73.9828011,W  60 ST,10023,18,UNKNOWN,Street,59.83736077409319,False,MANHATTAN,"(40.7690276, -73.9828011)",trafficstat,False,False,False,False,False,False,False,False,False,,,,,,,
2026-07-25,00:00,40.7669613,-73.9928728,W  52 ST,10019,18,UNKNOWN,Bridge,56.834908324334734,False,MANHATTAN,"(40.7669613, -73.9928728)",trafficstat,False,False,False,False,False,False,False,False,False,,,,,,,
2026-07-24,00:00,40.7614371,-73.988225,W  48 ST,10036,18,UNKNOWN,Street,37.30352876207882,False,MANHATTAN,"(40.7614371, -73.988225)",trafficstat,False,False,False,False,False,False,False,False,False,,,,,,,
2026-07-23,00:00,40.764278,-73.9730157,5 AVE,10019,18,UNKNOWN,Street,1.721563683048602,False,MANHATTAN,"(40.764278, -73.9730157)",trafficstat,False,False,False,False,False,False,False,False,False,,,,,,,
2026-07-23,00:00,40.7603531,-73.9912319,9 AVE,10036,18,UNKNOWN,Street,1.6439253275756318,False,MANHATTAN,"(40.7603531, -73.9912319)",trafficstat,True,False,False,False,False,False,True,False,False,,,,,,,
2026-07-23,00:00,40.7584317,-73.9730686,E  52 ST,10022,18,OTHER,Street,2.4166937409942215,False,MANHATTAN,"(40.7584317, -73.9730686)",trafficstat,True,False,False,True,False,False,False,False,False,,,,,,,
2026-07-23,00:00,40.7684079,-73.982043,COLUMBUS CIR,10023,18,UNKNOWN,Street,3.0694206407769613,False,MANHATTAN,"(40.7684079, -73.982043)",trafficstat,True,False,False,True,False,False,False,False,False,,,,,,,
2026-07-22,00:00,40.7678159,-73.9895053,10 AVE,10019,18,UNKNOWN,Street,1.6058556989743145,False,MANHATTAN,"(40.7678159, -73.9895053)",trafficstat,True,False,False,False,False,False,False,False,True,,,,,,,
2026-07-21,00:00,40.7563291,-73.9814231,W  45 ST,10036,18,UNKNOWN,Street,30.42058336431676,False,MANHATTAN,"(40.7563291, -73.9814231)",trafficstat,False,False,False,False,False,False,False,False,False,,,,,,,
2026-07-21,00:00,40.7572855,-73.9781152,5 AVE,10036,18,UNKNOWN,Street,1.774321938962159,False,MANHATTAN,"(40.7572855, -73.9781152)",trafficstat,True,False,False,False,False,False,False,True,False,,,,,,,
2026-07-21,00:00,40.759219,-73.9804997,W  49 ST,10020,18,UNKNOWN,Street,33.040593847343494,False,MANHATTAN,"(40.759219, -73.9804997)",trafficstat,True,False,True,False,False,False,False,False,False,,,,,,,
2026-07-20,00:00,40.7597856,-73.9762879,5 AVE,10019,18,UNKNOWN,Street,2.1741824776683014,False,MANHATTAN,"(40.7597856, -73.9762879)",trafficstat,False,False,False,False,False,False,False,False,False,,,,,,,
2026-07-20,00:00,40.764946,-73.9782608,W  57 ST,10019,18,UNKNOWN,Street,54.238463384335304,False,MANHATTAN,"(40.764946, -73.9782608)",trafficstat,False,False,False,False,False,False,False,False,False,,,,,,,
2026-07-20,00:00,40.768383,-73.992805,11 AVE,10019,18,UNKNOWN,Street,1.8978953142352097,False,MANHATTAN,"(40.768383, -73.992805)",trafficstat,True,False,True,False,False,False,False,False,False,,,,,,,
2026-07-19,00:00,40.7590256,-73.984534,W  47 ST,10036,18,UNKNOWN,Street,46.630894490207076,False,MANHATTAN,"(40.7590256, -73.984534)",trafficstat,True,False,False,True,False,False,False,False,False,,,,,,,
2026-07-19,00:00,40.7575782,-73.984378,W  45 ST,10036,18,UNKNOWN,Street,28.75580229951808,False,MANHATTAN,"(40.7575782, -73.984378)",trafficstat,False,False,False,False,False,False,False,False,False,,,,,,,
2026-07-15,00:00,40.7575782,-73.984378,W  45 ST,10036,18,UNKNOWN,Street,28.75580229951808,False,MANHATTAN,"(40.7575782, -73.984378)",trafficstat,False,False,False,False,False,False,False,False,False,,,,,,,
2026-07-18,00:00,40.75739,-73.982254,W  46 ST,10036,18,UNKNOWN,Street,1.4454588783015914,False,MANHATTAN,"(40.75739, -73.982254)",trafficstat,False,False,False,False,False,False,False,False,False,,,,,,,
2026-07-18,00:00,40.765185,-73.9916876,10 AVE,10019,18,UNKNOWN,Street,62.29642412116521,False,MANHATTAN,"(40.765185, -73.9916876)",trafficstat,False,False,False,False,False,False,False,False,False,,,,,,,
2026-07-18,00:00,40.7649042,-73.9981372,12 AVE,10036,18,UNKNOWN,Highway,28.67807732764168,False,MANHATTAN,"(40.7649042, -73.9981372)",trafficstat,True,False,False,False,False,False,False,False,True,,,,,,,
2026-07-18,00:00,40.7653101,-73.9913324,10 AVE,10019,18,UNKNOWN,Street,1.6844461592147413,False,MANHATTAN,"(40.7653101, -73.9913324)",trafficstat,False,False,False,False,False,False,False,False,False,,,,,,,
2026-07-17,00:00,40.7643228,-73.977196,AVE OF THE AMERICAS,10019,18,UNKNOWN,Street,2.1296147644703973,False,MANHATTAN,"(40.7643228, -73.977196)",trafficstat,False,False,False,False,False,False,False,False,False,,,,,,,
2026-07-17,00:00,40.7617706,-73.9790559,AVE OF THE AMERICAS,10019,18,UNKNOWN,Street,2.139079316256176,False,MANHATTAN,"(40.7617706, -73.9790559)",trafficstat,False,False,False,False,False,False,False,False,False,,,,,,,
2026-06-17,00:00,40.7617706,-73.9790559,AVE OF THE AMERICAS,10019,18,UNKNOWN,Street,2.139079316256176,False,MANHATTAN,"(40.7617706, -73.9790559)",trafficstat,False,False,False,False,False,False,False,False,False,,,,,,,
2026-07-17,00:00,40.7601164,-73.9848356,BROADWAY,10036,18,UNKNOWN,Street,1.2452914355958504,False,MANHATTAN,"(40.7601164, -73.9848356)",trafficstat,True,False,True,False,False,False,False,False,False,,,,,,,
2026-06-16,00:00,40.7601164,-73.9848356,BROADWAY,10036,18,UNKNOWN,Street,1.2452914355958504,False,MANHATTAN,"(40.7601164, -73.9848356)",trafficstat,False,False,False,False,False,False,False,False,False,,,,,,,
2026-07-16,00:00,40.7656185,-73.984042,W  55 ST,10019,18,UNKNOWN,Street,31.672119753714853,False,MANHATTAN,"(40.7656185, -73.984042)",trafficstat,False,False,False,False,False,False,False,False,False,,,,,,,
2026-07-16,00:00,40.767242,-73.9862,W  56 ST,10019,18,OTHER,Street,2.2356597445665383,False,MANHATTAN,"(40.767242, -73.9862)",trafficstat,True,False,False,True,False,False,False,False,False,,,,,,,
2026-07-16,00:00,40.7661941,-73.9778455,CENTRAL PARK S,10019,18,UNKNOWN,Street,53.94054872914791,False,MANHATTAN,"(40.7661941, -73.9778455)",trafficstat,False,False,False,False,False,False,False,False,False,,,,,,,
2026-07-15,00:00,40.7728775,-73.993411,W  59 ST,10019,18,UNKNOWN,Street,2.7133574371410387,False,MANHATTAN,"(40.7728775, -73.993411)",trafficstat,True,False,False,False,False,False,False,False,True,,,,,,,
2026-07-15,00:00,40.7629131,-73.9697999,E  59 ST,10022,18,UNKNOWN,Street,2.530600222822568,False,MANHATTAN,"(40.7629131, -73.9697999)",trafficstat,True,False,False,False,False,False,False,True,False,,,,,,,
2026-07-15,00:00,40.7563096,-73.9774331,E  47 ST,10017,18,UNKNOWN,Street,39.24002165028128,False,MANHATTAN,"(40.7563096, -73.9774331)",trafficstat,False,False,False,False,False,False,False,False,False,,,,,,,
2026-07-14,00:00,40.7642147,-73.9831509,W  54 ST,10019,18,OTHER,Street,35.58226209017426,False,MANHATTAN,"(40.7642147, -73.9831509)",trafficstat,True,False,False,True,False,False,False,False,False,,,,,,,
2026-07-14,00:00,40.7652484,-73.9933864,W  50 ST,10019,18,UNKNOWN,Bridge,37.01570175923052,False,MANHATTAN,"(40.7652484, -73.9933864)",trafficstat,False,False,False,False,False,False,False,False,False,,,,,,,
2026-07-13,00:00,40.7617296,-73.9806295,W  52 ST,10019,18,UNKNOWN,Street,32.568098205671824,False,MANHATTAN,"(40.7617296, -73.9806295)",trafficstat,False,False,False,False,False,False,False,False,False,,,,,,,
2026-07-13,00:00,40.7653658,-73.9792515,W  57 ST,10019,18,UNKNOWN,Street,54.87679156112265,False,MANHATTAN,"(40.7653658, -73.9792515)",trafficstat,False,False,False,False,False,False,False,False,False,,,,,,,
2026-07-13,00:00,40.7560396,-73.9744481,PARK AVE,10171,18,UNKNOWN,Street,56.07366083840227,False,MANHATTAN,"(40.7560396, -73.9744481)",trafficstat,False,False,False,False,False,False,False,False,False,,,,,,,
2026-07-13,00:00,40.7599,-73.98042,W  50 ST,10112,18,UNKNOWN,Street,1.345891173041773,False,MANHATTAN,"(40.7599, -73.98042)",trafficstat,True,False,False,False,False,False,False,False,False,,,,,,,
2026-07-12,00:00,40.762184,-73.9936106,10 AVE,10036,18,UNKNOWN,Street,1.359766712784314,False,MANHATTAN,"(40.762184, -73.9936106)",trafficstat,True,False,False,False,False,False,False,False,True,,,,,,,
2026-07-11,00:00,40.7633132,-73.9849047,W  52 ST,10019,18,UNKNOWN,Street,37.18707642482368,False,MANHATTAN,"(40.7633132, -73.9849047)",trafficstat,False,False,False,False,False,False,False,False,False,,,,,,,
2026-07-10,00:00,40.7582845,-73.9749142,E  51 ST,10022,18,UNKNOWN,Street,37.43068920661217,False,MANHATTAN,"(40.7582845, -73.9749142)",trafficstat,True,False,False,True,False,False,False,False,False,,,,,,,
2026-07-09,00:00,40.7555082,-73.9736656,E  48 ST,10017,18,UNKNOWN,Street,29.405824106852826,False,MANHATTAN,"(40.7555082, -73.9736656)",trafficstat,True,False,False,True,False,False,False,False,False,,,,,,,
2026-07-09,00:00,40.7580217,-73.9817932,AVE OF THE AMERICAS,10036,18,UNKNOWN,Street,1.903254815739423,False,MANHATTAN,"(40.7580217, -73.9817932)",trafficstat,True,False,True,False,False,False,False,False,False,,,,,,,
2026-07-09,00:00,40.7576126,-73.9776626,5 AVE,10020,18,UNKNOWN,Street,53.051675920886886,False,MANHATTAN,"(40.7576126, -73.9776626)",trafficstat,False,False,False,False,False,False,False,False,False,,,,,,,
2026-07-09,00:00,40.7610817,-73.9737979,E  55 ST,10022,18,UNKNOWN,Street,38.68341170334726,False,MANHATTAN,"(40.7610817, -73.9737979)",trafficstat,False,False,False,False,False,False,False,False,False,,,,,,,
2026-07-08,00:00,40.7628562,-73.9894122,9 AVE,10019,18,UNKNOWN,Street,1.9503188920126855,False,MANHATTAN,"(40.7628562, -73.9894122)",trafficstat,True,False,False,False,True,False,False,False,False,,,,,,,
2026-07-08,00:00,40.7598989,-73.9804246,AVE OF THE AMERICAS,10020,18,UNKNOWN,Street,2.16117122518838,False,MANHATTAN,"(40.7598989, -73.9804246)",trafficstat,True,False,False,True,False,False,False,False,False,,,,,,,
2026-07-08,00:00,40.7640328,-73.9824702,BROADWAY,10019,18,UNKNOWN,Street,1.4021640752081164,False,MANHATTAN,"(40.7640328, -73.9824702)",trafficstat,True,False,False,True,False,False,False,False,False,,,,,,,
2026-07-07,00:00,40.7584142,-73.9855977,7 AVE,10036,18,UNKNOWN,Street,96.76604089351677,False,MANHATTAN,"(40.7584142, -73.9855977)",trafficstat,False,False,False,False,False,False,False,False,False,,,,,,,
2026-07-07,00:00,40.7610811,-73.9941852,10 AVE,10036,18,UNKNOWN,Street,57.08970519299708,False,MANHATTAN,"(40.7610811, -73.9941852)",trafficstat,False,False,False,False,False,False,False,False,False,,,,,,,
2026-07-07,00:00,40.7562683,-73.9727035,LEXINGTON AVE,10022,18,UNKNOWN,Street,40.30009900057433,False,MANHATTAN,"(40.7562683, -73.9727035)",trafficstat,True,False,True,False,False,False,False,False,False,,,,,,,
2026-07-03,00:00,40.7578088,-73.9735237,E  51 ST,10022,18,UNKNOWN,Street,2.269885607367163,False,MANHATTAN,"(40.7578088, -73.9735237)",trafficstat,True,False,False,False,False,False,False,True,False,,,,,,,
2026-07-03,00:00,40.7591002,-73.9821363,W  48 ST,10036,18,UNKNOWN,Street,35.46211078262986,False,MANHATTAN,"(40.7591002, -73.9821363)",trafficstat,False,False,False,False,False,False,False,False,False,,,,,,,
2026-07-02,00:00,40.7565574,-73.9744374,E  49 ST,10017,18,UNKNOWN,Street,1.9362783141755104,False,MANHATTAN,"(40.7565574, -73.9744374)",trafficstat,True,False,False,True,False,False,False,False,False,,,,,,,
2026-06-14,00:00,40.7565574,-73.9744374,E  49 ST,10017,18,OTHER,Street,1.9362783141755104,False,MANHATTAN,"(40.7565574, -73.9744374)",trafficstat,True,False,True,False,False,False,False,False,False,,,,,,,
2026-07-02,00:00,40.764324,-73.977196,AVE OF THE AMERICAS,10019,18,UNKNOWN,Street,1.9196629217802506,False,MANHATTAN,"(40.764324, -73.977196)",trafficstat,True,False,False,True,False,False,False,False,False,,,,,,,
2026-07-01,00:00,40.7612313,-73.9702603,E  57 ST,10022,18,OTHER,Street,57.15329010029565,False,MANHATTAN,"(40.7612313, -73.9702603)",trafficstat,True,False,False,False,False,False,False,False,True,,,,,,,
2026-06-30,00:00,40.7615324,-73.9767018,W  54 ST,10019,18,UNKNOWN,Street,23.350568828705352,False,MANHATTAN,"(40.7615324, -73.9767018)",trafficstat,True,False,False,False,False,False,False,True,False,,,,,,,
2026-06-30,00:00,40.7590778,-73.9762805,E  51 ST,10022,18,UNKNOWN,Street,32.0811503099328,False,MANHATTAN,"(40.7590778, -73.9762805)",trafficstat,True,False,False,True,False,False,False,False,False,,,,,,,
2026-06-30,00:00,40.7630962,-73.9916578,W  48 ST,10036,18,UNKNOWN,Street,30.961043507895486,False,MANHATTAN,"(40.7630962, -73.9916578)",trafficstat,False,False,False,False,False,False,False,False,False,,,,,,,
2026-06-30,00:00,40.7661448,-73.9972347,W  49 ST,10019,18,UNKNOWN,Street,2.6854495076777205,False,MANHATTAN,"(40.7661448, -73.9972347)",trafficstat,True,False,True,False,False,False,False,False,False,,,,,,,
2026-06-29,00:00,40.766777,-73.996765,W  50 ST,10019,18,UNKNOWN,Street,3.596613841820729,False,MANHATTAN,"(40.766777, -73.996765)",trafficstat,True,False,False,False,False,False,False,False,True,,,,,,,
2026-06-29,00:00,40.7615158,-73.9918006,W  46 ST,10036,18,OTHER,Street,26.02787728866117,False,MANHATTAN,"(40.7615158, -73.9918006)",trafficstat,True,False,False,True,False,False,False,False,False,,,,,,,
2026-06-28,00:00,40.7615555,-73.9940691,10 AVE,10036,18,UNKNOWN,Street,1.3737120796138895,False,MANHATTAN,"(40.7615555, -73.9940691)",trafficstat,True,False,False,True,False,False,False,False,False,,,,,,,
2026-06-28,00:00,40.76531,-73.99133,W  51 ST,10019,18,UNKNOWN,Street,1.866025964559989,False,MANHATTAN,"(40.76531, -73.99133)",trafficstat,False,False,False,False,False,False,False,False,False,,,,,,,
2026-06-26,00:00,40.75934,-73.9734324,E  53 ST,10022,18,UNKNOWN,Street,23.354030187108865,False,MANHATTAN,"(40.75934, -73.9734324)",trafficstat,True,False,False,False,False,False,False,False,False,,,,,,,
2026-06-25,00:00,40.7592252,-73.9863435,W  46 ST,10036,18,OTHER,Street,31.160551253204815,False,MANHATTAN,"(40.7592252, -73.9863435)",trafficstat,True,False,False,True,False,False,False,False,False,,,,,,,
2026-06-25,00:00,40.7677255,-73.9929245,W  53 ST,10019,18,UNKNOWN,Street,32.786587471700706,False,MANHATTAN,"(40.7677255, -73.9929245)",trafficstat,False,False,False,False,False,False,False,False,False,,,,,,,
2026-06-12,00:00,40.7677255,-73.9929245,W  53 ST,10019,18,UNKNOWN,Street,32.786587471700706,False,MANHATTAN,"(40.7677255, -73.9929245)",trafficstat,False,False,False,False,False,False,False,False,False,,,,,,,
2026-06-24,00:00,40.7667145,-73.9828774,8 AVE,10019,18,UNKNOWN,Street,1.902554276119045,False,MANHATTAN,"(40.7667145, -73.9828774)",trafficstat,True,False,False,True,False,False,False,False,False,,,,,,,
2026-06-24,00:00,40.7646844,-73.9917873,10 AVE,10019,18,UNKNOWN,Street,1.9271602248600066,False,MANHATTAN,"(40.7646844, -73.9917873)",trafficstat,True,False,False,False,True,False,False,False,False,,,,,,,
2026-06-24,00:00,40.7629476,-73.9879242,W  50 ST,10019,18,OTHER,Street,36.92233456986141,False,MANHATTAN,"(40.7629476, -73.9879242)",trafficstat,False,False,False,False,False,False,False,False,False,,,,,,,
2026-06-23,00:00,40.7611476,-73.9795145,AVE OF THE AMERICAS,10019,18,UNKNOWN,Street,1.634421390685897,False,MANHATTAN,"(40.7611476, -73.9795145)",trafficstat,False,False,False,False,False,False,False,False,False,,,,,,,
2026-06-23,00:00,40.76167,-73.974915,5 AVE,10019,18,OTHER,Street,1.2331070712416996,False,MANHATTAN,"(40.76167, -73.974915)",trafficstat,False,False,False,False,False,False,False,False,False,,,,,,,
2026-06-23,00:00,40.7594041,-73.9888068,W  45 ST,10036,18,UNKNOWN,Street,18.430971339366977,False,MANHATTAN,"(40.7594041, -73.9888068)",trafficstat,True,False,False,True,False,False,False,False,False,,,,,,,
2026-06-22,00:00,40.7560522,-73.9807639,W  45 ST,10036,18,OTHER,Street,31.066677860793153,False,MANHATTAN,"(40.7560522, -73.9807639)",trafficstat,False,False,False,False,False,False,False,False,False,,,,,,,
2026-06-21,00:00,40.7666238,-73.9822295,W  57 ST,10107,18,UNKNOWN,Street,54.31399053169293,False,MANHATTAN,"(40.7666238, -73.9822295)",trafficstat,False,False,False,False,False,False,False,False,False,,,,,,,
2026-06-21,00:00,40.7647362,-73.9880329,9 AVE,10019,18,UNKNOWN,Street,1.933860389908806,False,MANHATTAN,"(40.7647362, -73.9880329)",trafficstat,True,False,True,False,False,False,False,False,False,,,,,,,
2026-06-20,00:00,40.7616238,-73.9849231,W  50 ST,10019,18,UNKNOWN,Street,55.913884105127075,False,MANHATTAN,"(40.7616238, -73.9849231)",trafficstat,False,False,False,False,False,False,False,False,False,,,,,,,
2026-06-20,00:00,40.762683,-73.9781033,AVE OF THE AMERICAS,10105,18,UNKNOWN,Street,71.18253440544859,False,MANHATTAN,"(40.762683, -73.9781033)",trafficstat,False,False,False,False,False,False,False,False,False,,,,,,,
2026-06-18,00:00,40.7538917,-73.9785985,MADISON AVE,10173,18,UNKNOWN,Street,26.04469621670776,False,MANHATTAN,"(40.7538917, -73.9785985)",trafficstat,False,False,False,False,False,False,False,False,False,,,,,,,
2026-06-18,00:00,40.7607382,-73.9904498,W  46 ST,10036,18,OTHER,Street,41.74570850398914,False,MANHATTAN,"(40.7607382, -73.9904498)",trafficstat,False,False,False,False,False,False,False,False,False,,,,,,,
2026-06-17,00:00,40.7649384,-73.9763285,W  58 ST,10019,18,UNKNOWN,Street,28.711838716085197,False,MANHATTAN,"(40.7649384, -73.9763285)",trafficstat,False,False,False,False,False,False,False,False,False,,,,,,,
2026-06-16,00:00,40.7700767,-73.9874018,W  59 ST,10019,18,UNKNOWN,Street,82.32922901166955,False,MANHATTAN,"(40.7700767, -73.9874018)",trafficstat,False,False,False,False,False,False,False,False,False,,,,,,,
2026-06-16,00:00,40.7611201,-73.9830128,W  50 ST,10019,18,OTHER,Street,39.551440013836974,False,MANHATTAN,"(40.7611201, -73.9830128)",trafficstat,True,False,False,True,False,False,False,False,False,,,,,,,
2026-06-16,00:00,40.7625019,-73.9692826,E  59 ST,10022,18,OTHER,Street,63.30830322936664,False,MANHATTAN,"(40.7625019, -73.9692826)",trafficstat,True,False,False,True,False,False,False,False,False,,,,,,,
2026-06-15,00:00,40.7639242,-73.974106,W  58 ST,10019,18,OTHER,Street,2.809039554772114,False,MANHATTAN,"(40.7639242, -73.974106)",trafficstat,False,False,False,False,False,False,False,False,False,,,,,,,
2026-06-15,00:00,40.7608627,-73.9772202,W  53 ST,10019,18,UNKNOWN,Street,46.58503059731826,False,MANHATTAN,"(40.7608627, -73.9772202)",trafficstat,True,False,False,False,False,False,False,True,False,,,,,,,
2026-06-15,00:00,40.7597744,-73.9844522,7 AVE,10036,18,UNKNOWN,Street,55.09876196281046,False,MANHATTAN,"(40.7597744, -73.9844522)",trafficstat,False,False,False,False,False,False,False,False,False,,,,,,,
2026-06-13,00:00,40.7596059,-73.9833621,W  48 ST,10036,18,UNKNOWN,Street,31.6435002613251,False,MANHATTAN,"(40.7596059, -73.9833621)",trafficstat,True,False,False,True,False,False,False,False,False,,,,,,,
2026-06-13,00:00,40.7546775,-73.9758061,E  46 ST,10017,18,UNKNOWN,Street,2.2067482874876,False,MANHATTAN,"(40.7546775, -73.9758061)",trafficstat,False,False,False,False,False,False,False,False,False,,,,,,,
2026-06-12,00:00,40.7633753,-73.9964587,11 AVE,10036,18,OTHER,Street,1.5356749734299384,False,MANHATTAN,"(40.7633753, -73.9964587)",trafficstat,True,False,False,False,False,False,False,True,False,,,,,,,
2026-06-12,00:00,40.7615914,-73.9880759,W  48 ST,10036,18,UNKNOWN,Street,31.88280146410596,False,MANHATTAN,"(40.7615914, -73.9880759)",trafficstat,False,False,False,False,False,False,False,False,False,,,,,,,
2026-09-13,00:00,40.6871116,-73.892503,JACKIE ROBINSON PKWY,11385,104,UNKNOWN,Highway,3.0128711290057755,False,QUEENS,"(40.6871116, -73.892503)",trafficstat,True,False,False,False,False,False,False,False,True,,,,,,,
2026-07-30,00:00,40.6871116,-73.892503,JACKIE ROBINSON PKWY,11385,104,UNKNOWN,Highway,3.0128711290057755,False,QUEENS,"(40.6871116, -73.892503)",trafficstat,False,False,False,False,False,False,False,False,False,,,,,,,
2026-09-13,00:00,40.6921823,-73.882483,CYPRESS HILLS ST,11385,104,UNKNOWN,Bridge,1.4821024570354184,False,QUEENS,"(40.6921823, -73.882483)",trafficstat,True,False,False,False,False,False,False,False,True,,,,,,,
2026-09-13,00:00,40.7021236,-73.9095833,CYPRESS AVE,11385,104,OTHER,Street,2.040635783373344,False,QUEENS,"(40.7021236, -73.9095833)",trafficstat,True,False,False,False,False,False,False,False,True,,,,,,,
2026-09-13,00:00,40.7138316,-73.9161504,METROPOLITAN AVE,11385,104,OTHER,Street,110.8026973057985,False,QUEENS,"(40.7138316, -73.9161504)",trafficstat,True,False,False,False,False,False,False,True,False,,,,,,,
2026-09-12,00:00,40.7201549,-73.8753088,80 ST,11379,104,UNKNOWN,Street,1.5150804709225876,False,QUEENS,"(40.7201549, -73.8753088)",trafficstat,False,False,False,False,False,False,False,False,False,,,,,,,
2026-06-24,00:00,40.7201549,-73.8753088,80 ST,11379,104,UNKNOWN,Street,1.5150804709225876,False,QUEENS,"(40.7201549, -73.8753088)",trafficstat,True,False,False,True,False,False,False,False,False,,,,,,,
2026-09-12,00:00,40.7052241,-73.8785648,72 PL,11385,104,UNKNOWN,Street,0.48278371397108616,False,QUEENS,"(40.7052241, -73.8785648)",trafficstat,False,False,False,False,False,False,False,False,False,,,,,,,
2026-09-12,00:00,40.7038176,-73.8910536,OTTO RD,11385,104,OTHER,Street,1.7207122970818505,False,QUEENS,"(40.7038176, -73.8910536)",trafficstat,False,False,False,False,False,False,False,False,False,,,,,,,
2026-09-11,00:00,40.7058783,-73.9128784,HARMAN ST,11385,104,UNKNOWN,Street,2.2838181088442298,False,QUEENS,"(40.7058783, -73.9128784)",trafficstat,False,False,False,False,False,False,False,False,False,,,,,,,
2026-09-11,00:00,40.7055906,-73.8582328,WOODHAVEN BLVD,11385,104,UNKNOWN,Street,17.31074566596936,False,QUEENS,"(40.7055906, -73.8582328)",trafficstat,False,False,False,False,False,False,False,False,False,,,,,,,
2026-08-24,00:00,40.7055906,-73.8582328,WOODHAVEN BLVD,11385,104,OTHER,Street,17.31074566596936,False,QUEENS,"(40.7055906, -73.8582328)",trafficstat,False,False,False,False,False,False,False,False,False,,,,,,,
2026-09-11,00:00,40.7107551,-73.9050917,FOREST AVE,11385,104,UNKNOWN,Street,0.3555624244431609,False,QUEENS,"(40.7107551, -73.9050917)",trafficstat,False,False,False,False,False,False,False,False,False,,,,,,,
2026-09-11,00:00,40.7122146,-73.9111604,GRANDVIEW AVE,11385,104,OTHER,Street,1.6474979625425634,False,QUEENS,"(40.7122146, -73.9111604)",trafficstat,False,False,False,False,False,False,False,False,False,,,,,,,
2026-09-11,00:00,40.7256817,-73.8903937,71 ST,11378,104,UNKNOWN,Street,0.3395427111850103,False,QUEENS,"(40.7256817, -73.8903937)",trafficstat,True,False,False,False,False,False,False,True,False,,,,,,,
2026-08-12,00:00,40.7256817,-73.8903937,71 ST,11378,104,UNKNOWN,Street,0.3395427111850103,False,QUEENS,"(40.7256817, -73.8903937)",trafficstat,True,False,False,False,False,False,False,True,False,,,,,,,
2026-09-10,00:00,40.7156459,-73.9014413,FRESH POND RD,11378,104,OTHER,Street,0.14491498894832658,False,QUEENS,"(40.7156459, -73.9014413)",trafficstat,True,False,False,False,False,False,False,False,True,,,,,,,
2026-09-10,00:00,40.7174165,-73.9193097,GRAND AVE,11378,104,OTHER,Street,3.1252884824669755,False,QUEENS,"(40.7174165, -73.9193097)",trafficstat,True,False,False,False,False,False,False,True,False,,,,,,,
2026-09-09,00:00,40.7128546,-73.9048037,60 ST,11385,104,UNKNOWN,Street,1.6010465426577924,False,QUEENS,"(40.7128546, -73.9048037)",trafficstat,True,False,False,False,False,False,False,True,False,,,,,,,
2026-08-23,00:00,40.7128546,-73.9048037,60 ST,11385,104,UNKNOWN,Street,1.6010465426577924,False,QUEENS,"(40.7128546, -73.9048037)",trafficstat,True,False,False,False,True,False,False,False,False,,,,,,,
2026-06-22,00:00,40.7128546,-73.9048037,60 ST,11385,104,OTHER,Street,1.6010465426577924,False,QUEENS,"(40.7128546, -73.9048037)",trafficstat,True,False,False,False,False,False,False,True,False,,,,,,,
2026-06-13,00:00,40.7128546,-73.9048037,60 ST,11385,104,UNKNOWN,Street,1.6010465426577924,False,QUEENS,"(40.7128546, -73.9048037)",trafficstat,True,False,False,False,True,False,False,False,False,,,,,,,
2026-09-09,00:00,40.7023365,-73.9013672,CATALPA AVE,11385,104,UNKNOWN,Street,2.9888672872951787,False,QUEENS,"(40.7023365, -73.9013672)",trafficstat,True,False,False,True,False,False,False,False,False,,,,,,,
2026-09-09,00:00,40.6995639,-73.911069,WYCKOFF AVE,,104,OTHER,Street,2.017318503093013,False,QUEENS,"(40.6995639, -73.911069)",trafficstat,False,False,False,False,False,False,False,False,False,,,,,,,
2026-07-05,00:00,40.6995639,-73.911069,WYCKOFF AVE,,104,UNKNOWN,Street,2.017318503093013,False,QUEENS,"(40.6995639, -73.911069)",trafficstat,True,False,False,True,False,False,False,False,False,,,,,,,
2026-09-09,00:00,40.7270903,-73.8747077,84 ST,11379,104,OTHER,Street,1.6841692299749047,False,QUEENS,"(40.7270903, -73.8747077)",trafficstat,True,False,False,False,False,False,False,False,True,,,,,,,