crash_date,crash_time,latitude,longitude,on_street_name,zip_code,precinct,collision_type,roadway_type,geocode_dist_feet,time_is_known,borough,location,source,injury,fatality,injured_pedestrian,injured_cyclist,injured_ebike_rider,injured_motorcyclist,injured_moped_rider,injured_car_occupant,injured_suv_occupant,number_of_persons_injured,number_of_persons_killed,contributing_factor_vehicle_1,collision_id,cross_street_name,off_street_name,vehicle_type_code1
2026-09-09,00:00,40.7295158,-73.871492,WOODHAVEN BLVD,11373,104,UNKNOWN,Street,17.45058680427224,False,QUEENS,"(40.7295158, -73.871492)",trafficstat,True,False,False,False,True,False,False,False,False,,,,,,,
2026-08-22,00:00,40.7295158,-73.871492,WOODHAVEN BLVD,11373,104,OTHER,Street,17.45058680427224,False,QUEENS,"(40.7295158, -73.871492)",trafficstat,True,False,False,False,False,False,False,True,False,,,,,,,
2026-08-08,00:00,40.7295158,-73.871492,WOODHAVEN BLVD,11373,104,OTHER,Street,17.45058680427224,False,QUEENS,"(40.7295158, -73.871492)",trafficstat,True,False,False,False,False,False,False,False,True,,,,,,,
2026-09-09,00:00,40.7220065,-73.9165552,PAGE PL,11378,104,UNKNOWN,Street,0.5770020913267572,False,QUEENS,"(40.7220065, -73.9165552)",trafficstat,True,False,False,False,False,False,False,True,False,,,,,,,
2026-09-09,00:00,40.726199,-73.9040825,LONG ISLAND EXPY,11378,104,OTHER,Highway,4.626308466254135,False,QUEENS,"(40.726199, -73.9040825)",trafficstat,False,False,False,False,False,False,False,False,False,,,,,,,
2026-09-08,00:00,40.727209,-73.9074098,BORDEN AVE,11378,104,UNKNOWN,Street,2.0207030608594554,False,QUEENS,"(40.727209, -73.9074098)",trafficstat,True,False,False,False,False,False,False,True,False,,,,,,,
2026-07-28,00:00,40.727209,-73.9074098,BORDEN AVE,11378,104,UNKNOWN,Street,2.0207030608594554,False,QUEENS,"(40.727209, -73.9074098)",trafficstat,False,False,False,False,False,False,False,False,False,,,,,,,
2026-07-24,00:00,40.727209,-73.9074098,BORDEN AVE,11378,104,UNKNOWN,Street,2.0207030608594554,False,QUEENS,"(40.727209, -73.9074098)",trafficstat,True,False,False,False,False,False,False,True,False,,,,,,,
2026-07-17,00:00,40.727209,-73.9074098,BORDEN AVE,11378,104,OTHER,Street,2.0207030608594554,False,QUEENS,"(40.727209, -73.9074098)",trafficstat,True,False,False,False,False,False,False,True,False,,,,,,,
2026-07-10,00:00,40.727209,-73.9074098,BORDEN AVE,11378,104,UNKNOWN,Street,2.0207030608594554,False,QUEENS,"(40.727209, -73.9074098)",trafficstat,True,False,False,False,False,False,False,False,True,,,,,,,
2026-06-29,00:00,40.727209,-73.9074098,BORDEN AVE,11378,104,UNKNOWN,Street,2.0207030608594554,False,QUEENS,"(40.727209, -73.9074098)",trafficstat,True,False,False,False,False,False,False,True,False,,,,,,,
2026-06-26,00:00,40.727209,-73.9074098,BORDEN AVE,11378,104,OTHER,Street,2.0207030608594554,False,QUEENS,"(40.727209, -73.9074098)",trafficstat,True,False,False,False,False,False,False,False,True,,,,,,,
2026-09-08,00:00,40.702988,-73.8556402,WOODHAVEN BLVD,11385,104,UNKNOWN,Street,45.2321018281027,False,QUEENS,"(40.702988, -73.8556402)",trafficstat,True,False,True,False,False,False,False,False,False,,,,,,,
2026-09-07,00:00,40.7133478,-73.8715424,METROPOLITAN AVE,11379,104,UNKNOWN,Street,17.863627553482562,False,QUEENS,"(40.7133478, -73.8715424)",trafficstat,False,False,False,False,False,False,False,False,False,,,,,,,
2026-09-07,00:00,40.7264119,-73.9060291,60 ST,11378,104,OTHER,Street,0.31469068622313706,False,QUEENS,"(40.7264119, -73.9060291)",trafficstat,True,False,True,False,False,False,False,False,False,,,,,,,
2026-07-14,00:00,40.7264119,-73.9060291,60 ST,11378,104,UNKNOWN,Street,0.31469068622313706,False,QUEENS,"(40.7264119, -73.9060291)",trafficstat,True,False,False,False,False,False,False,False,True,,,,,,,
2026-06-19,00:00,40.7264119,-73.9060291,60 ST,11378,104,UNKNOWN,Street,0.31469068622313706,False,QUEENS,"(40.7264119, -73.9060291)",trafficstat,True,False,False,False,False,False,False,False,True,,,,,,,
2026-09-06,00:00,40.712498,-73.8890256,METROPOLITAN AVE,11379,104,OTHER,Bridge,73.49524474278596,False,QUEENS,"(40.712498, -73.8890256)",trafficstat,True,False,False,False,True,False,False,False,False,,,,,,,
2026-09-06,00:00,40.7182556,-73.8931804,ELIOT AVE,11379,104,UNKNOWN,Street,73.14739957495765,False,QUEENS,"(40.7182556, -73.8931804)",trafficstat,True,False,False,False,False,False,False,True,False,,,,,,,
2026-09-05,00:00,40.7124417,-73.894019,65 LN,11379,104,UNKNOWN,Street,0.3698309334108926,False,QUEENS,"(40.7124417, -73.894019)",trafficstat,True,False,False,True,False,False,False,False,False,,,,,,,
2026-07-28,00:00,40.7124417,-73.894019,65 LN,11379,104,OTHER,Street,0.3698309334108926,False,QUEENS,"(40.7124417, -73.894019)",trafficstat,True,False,False,False,False,False,True,False,False,,,,,,,
2026-09-05,00:00,40.712397,-73.8837709,METROPOLITAN AVE,11379,104,UNKNOWN,Street,36.82231351382783,False,QUEENS,"(40.712397, -73.8837709)",trafficstat,True,False,False,False,False,False,False,False,True,,,,,,,
2026-09-05,00:00,40.7116604,-73.8627959,COOPER AVE,11385,104,OTHER,Street,61.742511841350016,False,QUEENS,"(40.7116604, -73.8627959)",trafficstat,True,False,False,True,False,False,False,False,False,,,,,,,
2026-09-05,00:00,40.7122292,-73.8843522,METROPOLITAN AVE,11379,104,UNKNOWN,Street,3.3336301965141284,False,QUEENS,"(40.7122292, -73.8843522)",trafficstat,False,False,False,False,False,False,False,False,False,,,,,,,
2026-09-05,00:00,40.7025952,-73.8552926,MYRTLE AVE,11385,104,UNKNOWN,Street,3.13713209269269,False,QUEENS,"(40.7025952, -73.8552926)",trafficstat,False,False,False,False,False,False,False,False,False,,,,,,,
2026-09-05,00:00,40.7034113,-73.862807,FOREST PARK DR,11385,104,UNKNOWN,Street,0.5063250532372472,False,QUEENS,"(40.7034113, -73.862807)",trafficstat,True,False,False,False,False,False,False,False,False,,,,,,,
2026-09-05,00:00,40.7034113,-73.862807,FOREST PARK DR,11385,104,OTHER,Street,0.5063250532372472,False,QUEENS,"(40.7034113, -73.862807)",trafficstat,True,False,False,False,False,False,False,False,False,,,,,,,
2026-07-13,00:00,40.7034113,-73.862807,FOREST PARK DR,11385,104,UNKNOWN,Street,0.5063250532372472,False,QUEENS,"(40.7034113, -73.862807)",trafficstat,False,False,False,False,False,False,False,False,False,,,,,,,
2026-09-05,00:00,40.6989954,-73.8947802,60 LN,11385,104,UNKNOWN,Street,34.55367283272748,False,QUEENS,"(40.6989954, -73.8947802)",trafficstat,False,False,False,False,False,False,False,False,False,,,,,,,
2026-09-05,00:00,40.7249459,-73.8901748,71 ST,11378,104,UNKNOWN,Street,1.5207485715052647,False,QUEENS,"(40.7249459, -73.8901748)",trafficstat,False,False,False,False,False,False,False,False,False,,,,,,,
2026-09-05,00:00,40.7234833,-73.9086645,59 ST,11378,104,UNKNOWN,Street,35.55840772443132,False,QUEENS,"(40.7234833, -73.9086645)",trafficstat,False,False,False,False,False,False,False,False,False,,,,,,,
2026-09-04,00:00,40.7009643,-73.8924468,MYRTLE AVE,11385,104,UNKNOWN,Street,2.9474014517523104,False,QUEENS,"(40.7009643, -73.8924468)",trafficstat,True,False,False,False,False,False,False,False,False,,,,,,,
2026-09-04,00:00,40.7124479,-73.9185258,WOODWARD AVE,11385,104,UNKNOWN,Street,2.220423964390814,False,QUEENS,"(40.7124479, -73.9185258)",trafficstat,False,False,False,False,False,False,False,False,False,,,,,,,
2026-09-03,00:00,40.7036878,-73.9091736,LINDEN ST,11385,104,UNKNOWN,Street,2.1568802201103585,False,QUEENS,"(40.7036878, -73.9091736)",trafficstat,True,False,False,True,False,False,False,False,False,,,,,,,
2026-09-03,00:00,40.7202811,-73.8654744,FURMANVILLE AVE,11379,104,UNKNOWN,Street,3.002820509540676,False,QUEENS,"(40.7202811, -73.8654744)",trafficstat,True,False,False,False,True,False,False,False,False,,,,,,,
2026-09-03,00:00,40.7328781,-73.8959133,69 ST,11378,104,UNKNOWN,Street,0.11756803148609651,False,QUEENS,"(40.7328781, -73.8959133)",trafficstat,True,False,False,False,False,True,False,False,False,,,,,,,
2026-07-20,00:00,40.7328781,-73.8959133,69 ST,11378,104,UNKNOWN,Street,0.11756803148609651,False,QUEENS,"(40.7328781, -73.8959133)",trafficstat,True,False,False,True,False,False,False,False,False,,,,,,,
2026-09-02,00:00,40.692317,-73.8826775,CYPRESS HILLS ST,11385,104,UNKNOWN,Street,1.951686767323934,False,QUEENS,"(40.692317, -73.8826775)",trafficstat,False,False,False,False,False,False,False,False,False,,,,,,,
2026-08-23,00:00,40.692317,-73.8826775,CYPRESS HILLS ST,11385,104,UNKNOWN,Street,1.951686767323934,False,QUEENS,"(40.692317, -73.8826775)",trafficstat,True,False,False,False,False,False,False,True,False,,,,,,,
2026-07-16,00:00,40.692317,-73.8826775,CYPRESS HILLS ST,11385,104,OTHER,Street,1.951686767323934,False,QUEENS,"(40.692317, -73.8826775)",trafficstat,True,False,False,False,False,False,True,False,False,,,,,,,
2026-06-19,00:00,40.692317,-73.8826775,CYPRESS HILLS ST,11385,104,UNKNOWN,Street,1.951686767323934,False,QUEENS,"(40.692317, -73.8826775)",trafficstat,True,False,False,False,False,False,False,False,True,,,,,,,
2026-09-01,00:00,40.733141,-73.8901826,73 ST,11378,104,UNKNOWN,Street,52.85255287178125,False,QUEENS,"(40.733141, -73.8901826)",trafficstat,False,False,False,False,False,False,False,False,False,,,,,,,
2026-09-01,00:00,40.7258718,-73.9001613,LONG ISLAND EXPY,11378,104,UNKNOWN,Highway,6.15270780489715,False,QUEENS,"(40.7258718, -73.9001613)",trafficstat,True,False,False,False,False,False,False,True,False,,,,,,,
2026-08-25,00:00,40.7258718,-73.9001613,LONG ISLAND EXPY,11378,104,UNKNOWN,Highway,6.15270780489715,False,QUEENS,"(40.7258718, -73.9001613)",trafficstat,True,False,False,False,False,False,False,False,True,,,,,,,
2026-08-14,00:00,40.7258718,-73.9001613,LONG ISLAND EXPY,11378,104,UNKNOWN,Highway,6.15270780489715,False,QUEENS,"(40.7258718, -73.9001613)",trafficstat,True,False,False,False,False,False,False,False,False,,,,,,,
2026-08-13,00:00,40.7258718,-73.9001613,LONG ISLAND EXPY,11378,104,UNKNOWN,Highway,6.15270780489715,False,QUEENS,"(40.7258718, -73.9001613)",trafficstat,False,False,False,False,False,False,False,False,False,,,,,,,
2026-06-30,00:00,40.7258718,-73.9001613,LONG ISLAND EXPY,11378,104,UNKNOWN,Highway,6.15270780489715,False,QUEENS,"(40.7258718, -73.9001613)",trafficstat,True,False,False,False,False,False,False,True,False,,,,,,,
2026-06-15,00:00,40.7258718,-73.9001613,LONG ISLAND EXPY,11378,104,OTHER,Highway,6.15270780489715,False,QUEENS,"(40.7258718, -73.9001613)",trafficstat,True,False,False,False,False,False,False,False,True,,,,,,,
2026-09-01,00:00,40.7249995,-73.8946773,69 ST,11378,104,OTHER,Street,0.07490713398374402,False,QUEENS,"(40.7249995, -73.8946773)",trafficstat,True,False,False,False,False,False,False,True,False,,,,,,,
2026-06-25,00:00,40.7249995,-73.8946773,69 ST,11378,104,UNKNOWN,Street,0.07490713398374402,False,QUEENS,"(40.7249995, -73.8946773)",trafficstat,True,False,False,False,False,False,False,True,False,,,,,,,
2026-09-01,00:00,40.7185226,-73.9083093,FLUSHING AVE,11378,104,UNKNOWN,Street,14.68573332421722,False,QUEENS,"(40.7185226, -73.9083093)",trafficstat,False,False,False,False,False,False,False,False,False,,,,,,,
2026-08-31,00:00,40.7267658,-73.9056692,LONG ISLAND EXPY,11378,104,UNKNOWN,Highway,3.571123121607427,False,QUEENS,"(40.7267658, -73.9056692)",trafficstat,False,False,False,False,False,False,False,False,False,,,,,,,
2026-07-06,00:00,40.7267658,-73.9056692,LONG ISLAND EXPY,11378,104,UNKNOWN,Highway,3.571123121607427,False,QUEENS,"(40.7267658, -73.9056692)",trafficstat,False,False,False,False,False,False,False,False,False,,,,,,,
2026-08-31,00:00,40.6998393,-73.9086812,MYRTLE AVE,11385,104,UNKNOWN,Street,3.543016369036174,False,QUEENS,"(40.6998393, -73.9086812)",trafficstat,False,False,False,False,False,False,False,False,False,,,,,,,
2026-08-31,00:00,40.6884416,-73.8913109,JACKIE ROBINSON PKWY,11385,104,UNKNOWN,Highway,0.7921982855304593,False,QUEENS,"(40.6884416, -73.8913109)",trafficstat,False,False,False,False,False,False,False,False,False,,,,,,,
2026-07-25,00:00,40.6884416,-73.8913109,JACKIE ROBINSON PKWY,11385,104,UNKNOWN,Highway,0.7921982855304593,False,QUEENS,"(40.6884416, -73.8913109)",trafficstat,False,False,False,False,False,False,False,False,False,,,,,,,
2026-08-31,00:00,40.7001893,-73.8851149,COOPER AVE,11385,104,UNKNOWN,Street,37.8354450022987,False,QUEENS,"(40.7001893, -73.8851149)",trafficstat,True,False,True,False,False,False,False,False,False,,,,,,,
2026-08-31,00:00,40.7019681,-73.8804966,COOPER AVE,11385,104,OTHER,Street,3.0214506082694235,False,QUEENS,"(40.7019681, -73.8804966)",trafficstat,True,False,True,False,False,False,False,False,False,,,,,,,
2026-07-05,00:00,40.7019681,-73.8804966,COOPER AVE,11385,104,UNKNOWN,Street,3.0214506082694235,False,QUEENS,"(40.7019681, -73.8804966)",trafficstat,False,False,False,False,False,False,False,False,False,,,,,,,
2026-08-30,00:00,40.7039943,-73.8837318,69 ST,11385,104,UNKNOWN,Street,0.2378643540396029,False,QUEENS,"(40.7039943, -73.8837318)",trafficstat,True,False,False,False,False,False,False,True,False,,,,,,,
2026-07-24,00:00,40.7039943,-73.8837318,69 ST,11385,104,UNKNOWN,Street,0.2378643540396029,False,QUEENS,"(40.7039943, -73.8837318)",trafficstat,True,False,False,True,False,False,False,False,False,,,,,,,
2026-08-30,00:00,40.7223968,-73.9189354,MASPETH AVE,11378,104,UNKNOWN,Street,39.429152174801686,False,QUEENS,"(40.7223968, -73.9189354)",trafficstat,False,False,False,False,False,False,False,False,False,,,,,,,
2026-08-29,00:00,40.7193967,-73.8747042,80 ST,11379,104,UNKNOWN,Street,1.3698473787644398,False,QUEENS,"(40.7193967, -73.8747042)",trafficstat,False,False,False,False,False,False,False,False,False,,,,,,,
2026-08-29,00:00,40.7196229,-73.91132,RUST ST,11378,104,OTHER,Street,1.454763162816244,False,QUEENS,"(40.7196229, -73.91132)",trafficstat,True,False,True,False,False,False,False,False,False,,,,,,,
2026-07-10,00:00,40.7196229,-73.91132,RUST ST,11378,104,OTHER,Street,1.454763162816244,False,QUEENS,"(40.7196229, -73.91132)",trafficstat,True,False,False,False,False,False,False,False,False,,,,,,,
2026-06-24,00:00,40.7196229,-73.91132,RUST ST,11378,104,UNKNOWN,Street,1.454763162816244,False,QUEENS,"(40.7196229, -73.91132)",trafficstat,True,False,True,False,False,False,False,False,False,,,,,,,
2026-08-29,00:00,40.7230998,-73.8776736,80 ST,11379,104,UNKNOWN,Street,1.4114587400622927,False,QUEENS,"(40.7230998, -73.8776736)",trafficstat,False,False,False,False,False,False,False,False,False,,,,,,,
2026-08-29,00:00,40.7048584,-73.8851777,68 PL,11385,104,UNKNOWN,Street,38.72856011218038,False,QUEENS,"(40.7048584, -73.8851777)",trafficstat,True,False,False,False,False,False,False,False,True,,,,,,,
2026-08-29,00:00,40.713055,-73.9173824,FLUSHING AVE,11385,104,UNKNOWN,Street,36.07913997758665,False,QUEENS,"(40.713055, -73.9173824)",trafficstat,True,False,False,False,False,False,False,False,True,,,,,,,
2026-08-29,00:00,40.7133332,-73.9130382,GRANDVIEW AVE,11385,104,UNKNOWN,Street,1.9289910519742632,False,QUEENS,"(40.7133332, -73.9130382)",trafficstat,False,False,False,False,False,False,False,False,False,,,,,,,
2026-08-29,00:00,40.7189687,-73.9032972,61 ST,11378,104,OTHER,Street,51.028381361199095,False,QUEENS,"(40.7189687, -73.9032972)",trafficstat,False,False,False,False,False,False,False,False,False,,,,,,,
2026-08-29,00:00,40.7065016,-73.9169966,DEKALB AVE,11237,104,UNKNOWN,Street,2.090860266713469,False,QUEENS,"(40.7065016, -73.9169966)",trafficstat,True,False,False,False,False,False,False,True,False,,,,,,,
2026-08-29,00:00,40.7061598,-73.9078357,WOODWARD AVE,11385,104,OTHER,Street,2.113744496405237,False,QUEENS,"(40.7061598, -73.9078357)",trafficstat,True,False,True,False,False,False,False,False,False,,,,,,,
2026-08-29,00:00,40.7082576,-73.9199592,CYPRESS AVE,,104,UNKNOWN,Street,2.009348471911879,False,QUEENS,"(40.7082576, -73.9199592)",trafficstat,False,False,False,False,False,False,False,False,False,,,,,,,
2026-08-29,00:00,40.7109542,-73.9090992,HIMROD ST,11385,104,UNKNOWN,Street,45.45007490600451,False,QUEENS,"(40.7109542, -73.9090992)",trafficstat,False,False,False,False,False,False,False,False,False,,,,,,,
2026-08-28,00:00,40.706035,-73.9133787,SENECA AVE,11385,104,UNKNOWN,Street,42.1532149705034,False,QUEENS,"(40.706035, -73.9133787)",trafficstat,True,False,False,False,False,False,False,True,False,,,,,,,
2026-08-28,00:00,40.7128077,-73.8717275,80 ST,11379,104,UNKNOWN,Street,43.85061814785811,False,QUEENS,"(40.7128077, -73.8717275)",trafficstat,False,False,False,False,False,False,False,False,False,,,,,,,
2026-08-28,00:00,40.7030649,-73.9023731,WOODWARD AVE,11385,104,OTHER,Street,32.83574572015188,False,QUEENS,"(40.7030649, -73.9023731)",trafficstat,True,False,False,False,False,False,False,False,True,,,,,,,
2026-08-28,00:00,40.7277707,-73.8965779,68 ST,11378,104,OTHER,Street,0.49133695284640866,False,QUEENS,"(40.7277707, -73.8965779)",trafficstat,False,False,False,False,False,False,False,False,False,,,,,,,
2026-08-27,00:00,40.6988584,-73.9040699,WEIRFIELD ST,11385,104,OTHER,Street,1.838234942174858,False,QUEENS,"(40.6988584, -73.9040699)",trafficstat,False,False,False,False,False,False,False,False,False,,,,,,,
2026-08-26,00:00,40.6946933,-73.9025109,WYCKOFF AVE,11385,104,UNKNOWN,Street,1.6290382058647406,False,QUEENS,"(40.6946933, -73.9025109)",trafficstat,False,False,False,False,False,False,False,False,False,,,,,,,
2026-08-26,00:00,40.7036312,-73.8562692,JACKIE ROBINSON PKWY,11385,104,UNKNOWN,Highway,11.06734463664357,False,QUEENS,"(40.7036312, -73.8562692)",trafficstat,True,False,False,False,False,False,False,True,True,,,,,,,
2026-08-26,00:00,40.7024185,-73.9118545,GROVE ST,11385,104,UNKNOWN,Street,41.10293980712222,False,QUEENS,"(40.7024185, -73.9118545)",trafficstat,False,False,False,False,False,False,False,False,False,,,,,,,
2026-08-26,00:00,40.7286128,-73.8871994,74 ST,11373,104,OTHER,Street,0.8158031254083103,False,QUEENS,"(40.7286128, -73.8871994)",trafficstat,True,False,True,False,False,False,False,False,False,,,,,,,
2026-08-26,00:00,40.7253755,-73.8945302,LONG ISLAND EXPY,11378,104,UNKNOWN,Highway,6.4933657332794255,False,QUEENS,"(40.7253755, -73.8945302)",trafficstat,True,False,False,False,False,False,False,False,True,,,,,,,
2026-08-25,00:00,40.7256347,-73.895856,BORDEN AVE,11378,104,OTHER,Street,2.5944878371593463,False,QUEENS,"(40.7256347, -73.895856)",trafficstat,True,False,True,False,False,False,False,False,False,,,,,,,
2026-06-30,00:00,40.7256347,-73.895856,BORDEN AVE,11378,104,UNKNOWN,Street,2.5944878371593463,False,QUEENS,"(40.7256347, -73.895856)",trafficstat,False,False,False,False,False,False,False,False,False,,,,,,,
2026-08-25,00:00,40.7282302,-73.8861119,LONG ISLAND EXPY,11373,104,OTHER,Highway,1.9641871716500694,False,QUEENS,"(40.7282302, -73.8861119)",trafficstat,True,False,False,False,False,False,False,True,False,,,,,,,
2026-08-21,00:00,40.7282302,-73.8861119,LONG ISLAND EXPY,11373,104,OTHER,Highway,1.9641871716500694,False,QUEENS,"(40.7282302, -73.8861119)",trafficstat,True,False,False,False,False,False,False,False,True,,,,,,,
2026-08-20,00:00,40.7282302,-73.8861119,LONG ISLAND EXPY,11373,104,UNKNOWN,Highway,1.9641871716500694,False,QUEENS,"(40.7282302, -73.8861119)",trafficstat,True,False,False,False,False,False,False,False,True,,,,,,,
2026-08-06,00:00,40.7282302,-73.8861119,LONG ISLAND EXPY,11373,104,UNKNOWN,Highway,1.9641871716500694,False,QUEENS,"(40.7282302, -73.8861119)",trafficstat,True,False,False,False,False,False,False,True,False,,,,,,,
2026-08-25,00:00,40.6928694,-73.8780045,JACKIE ROBINSON PKWY,11385,104,UNKNOWN,Highway,1.3113779198875997,False,QUEENS,"(40.6928694, -73.8780045)",trafficstat,False,False,False,False,False,False,False,False,False,,,,,,,
2026-08-24,00:00,40.7017705,-73.9006972,FOREST AVE,11385,104,UNKNOWN,Street,0.3184022466920493,False,QUEENS,"(40.7017705, -73.9006972)",trafficstat,False,False,False,False,False,False,False,False,False,,,,,,,
2026-08-24,00:00,40.7239138,-73.8739413,DRY HARBOR RD,11379,104,UNKNOWN,Street,52.992763105318694,False,QUEENS,"(40.7239138, -73.8739413)",trafficstat,True,False,False,True,False,False,False,False,False,,,,,,,
2026-08-23,00:00,40.7239205,-73.8943362,69 ST,11378,104,UNKNOWN,Street,0.5763635649977529,False,QUEENS,"(40.7239205, -73.8943362)",trafficstat,False,False,False,False,False,False,False,False,False,,,,,,,
2026-08-23,00:00,40.7030254,-73.8784147,72 ST,11385,104,UNKNOWN,Street,51.56312888762007,False,QUEENS,"(40.7030254, -73.8784147)",trafficstat,False,False,False,False,False,False,False,False,False,,,,,,,
2026-08-23,00:00,40.6914355,-73.8906231,VERMONT PL,11385,104,UNKNOWN,Street,0.22314370774078285,False,QUEENS,"(40.6914355, -73.8906231)",trafficstat,True,False,False,False,False,False,False,False,True,,,,,,,
2026-08-19,00:00,40.6914355,-73.8906231,VERMONT PL,11385,104,UNKNOWN,Street,0.22314370774078285,False,QUEENS,"(40.6914355, -73.8906231)",trafficstat,False,False,False,False,False,False,False,False,False,,,,,,,
2026-08-18,00:00,40.6914355,-73.8906231,VERMONT PL,11385,104,UNKNOWN,Street,0.22314370774078285,False,QUEENS,"(40.6914355, -73.8906231)",trafficstat,True,False,False,False,False,False,False,True,False,,,,,,,
2026-06-19,00:00,40.6914355,-73.8906231,VERMONT PL,11385,104,UNKNOWN,Street,0.22314370774078285,False,QUEENS,"(40.6914355, -73.8906231)",trafficstat,False,False,False,False,False,False,False,False,False,,,,,,,
2026-08-23,00:00,40.6951565,-73.8986155,CYPRESS AVE,11385,104,UNKNOWN,Street,2.1748426255895135,False,QUEENS,"(40.6951565, -73.8986155)",trafficstat,True,False,False,False,False,False,False,False,True,,,,,,,
2026-08-23,00:00,40.7085541,-73.9089614,GREENE AVE,11385,104,OTHER,Street,2.1244729356248184,False,QUEENS,"(40.7085541, -73.9089614)",trafficstat,False,False,False,False,False,False,False,False,False,,,,,,,
2026-08-22,00:00,40.7075088,-73.9069938,FAIRVIEW AVE,11385,104,UNKNOWN,Street,32.11127813362954,False,QUEENS,"(40.7075088, -73.9069938)",trafficstat,False,False,False,False,False,False,False,False,False,,,,,,,
2026-08-22,00:00,40.7132335,-73.8735939,79 ST,11379,104,UNKNOWN,Street,0.1437880526224469,False,QUEENS,"(40.7132335, -73.8735939)",trafficstat,True,False,True,False,False,False,False,False,False,,,,,,,
2026-07-26,00:00,40.7132335,-73.8735939,79 ST,11379,104,UNKNOWN,Street,0.1437880526224469,False,QUEENS,"(40.7132335, -73.8735939)",trafficstat,False,False,False,False,False,False,False,False,False,,,,,,,
2026-08-22,00:00,40.6958,-73.8950421,COOPER AVE,11385,104,UNKNOWN,Street,35.56664380896506,False,QUEENS,"(40.6958, -73.8950421)",trafficstat,False,False,False,False,False,False,False,False,False,,,,,,,
2026-08-22,00:00,40.6910182,-73.8905264,VERMONT PL,11385,104,OTHER,Street,0.4238589084357095,False,QUEENS,"(40.6910182, -73.8905264)",trafficstat,True,False,False,False,False,True,False,False,False,,,,,,,
2026-08-22,00:00,40.7018547,-73.8802491,MYRTLE AVE,11385,104,UNKNOWN,Street,51.38871856948059,False,QUEENS,"(40.7018547, -73.8802491)",trafficstat,False,False,False,False,False,False,False,False,False,,,,,,,
2026-08-22,00:00,40.7215809,-73.8920589,60 AVE,11378,104,UNKNOWN,Street,54.327375565733895,False,QUEENS,"(40.7215809, -73.8920589)",trafficstat,False,False,False,False,False,False,False,False,False,,,,,,,
2026-08-22,00:00,40.728322,-73.8818528,80 ST,11373,104,UNKNOWN,Street,0.8954019284891286,False,QUEENS,"(40.728322, -73.8818528)",trafficstat,True,False,True,False,False,False,False,False,False,,,,,,,
2026-08-21,00:00,40.7226606,-73.8676594,PENELOPE AVE,11379,104,UNKNOWN,Street,2.9351200725378375,False,QUEENS,"(40.7226606, -73.8676594)",trafficstat,False,False,False,False,False,False,False,False,False,,,,,,,
2026-08-21,00:00,40.6941096,-73.8973622,CYPRESS AVE,11385,104,OTHER,Street,2.4316983243820722,False,QUEENS,"(40.6941096, -73.8973622)",trafficstat,True,False,False,False,False,False,False,True,False,,,,,,,
2026-08-13,00:00,40.6941096,-73.8973622,CYPRESS AVE,11385,104,UNKNOWN,Street,2.4316983243820722,False,QUEENS,"(40.6941096, -73.8973622)",trafficstat,False,False,False,False,False,False,False,False,False,,,,,,,
2026-08-01,00:00,40.6941096,-73.8973622,CYPRESS AVE,11385,104,UNKNOWN,Street,2.4316983243820722,False,QUEENS,"(40.6941096, -73.8973622)",trafficstat,True,False,False,False,False,False,False,False,False,,,,,,,
2026-08-21,00:00,40.6955538,-73.9041187,WYCKOFF AVE,11385,104,UNKNOWN,Street,23.14802148848777,False,QUEENS,"(40.6955538, -73.9041187)",trafficstat,False,False,False,False,False,False,False,False,False,,,,,,,
2026-08-21,00:00,40.7174514,-73.875368,78 ST,11379,104,UNKNOWN,Street,0.3723443636617865,False,QUEENS,"(40.7174514, -73.875368)",trafficstat,True,False,False,False,False,False,False,False,True,,,,,,,
2026-08-20,00:00,40.7094172,-73.8702106,80 ST,11379,104,OTHER,Street,0.3125538746046269,False,QUEENS,"(40.7094172, -73.8702106)",trafficstat,True,False,True,False,False,False,False,False,False,,,,,,,
2026-08-01,00:00,40.7094172,-73.8702106,80 ST,11379,104,UNKNOWN,Street,0.3125538746046269,False,QUEENS,"(40.7094172, -73.8702106)",trafficstat,False,False,False,False,False,False,False,False,False,,,,,,,
2026-07-15,00:00,40.7094172,-73.8702106,80 ST,11379,104,UNKNOWN,Street,0.3125538746046269,False,QUEENS,"(40.7094172, -73.8702106)",trafficstat,True,False,False,False,False,False,False,False,True,,,,,,,
2026-08-20,00:00,40.7070923,-73.8972304,FRESH POND RD,11385,104,UNKNOWN,Street,0.37917772492619717,False,QUEENS,"(40.7070923, -73.8972304)",trafficstat,False,False,False,False,False,False,False,False,False,,,,,,,
2026-08-20,00:00,40.7002662,-73.9058686,MYRTLE AVE,11385,104,UNKNOWN,Street,34.74063608579141,False,QUEENS,"(40.7002662, -73.9058686)",trafficstat,False,False,False,False,False,False,False,False,False,,,,,,,
2026-08-20,00:00,40.7004089,-73.9036746,SENECA AVE,11385,104,UNKNOWN,Street,2.1942914502479955,False,QUEENS,"(40.7004089, -73.9036746)",trafficstat,False,False,False,False,False,False,False,False,False,,,,,,,