crash_date,crash_time,latitude,longitude,on_street_name,zip_code,precinct,collision_type,roadway_type,geocode_dist_feet,time_is_known,borough,location,source,injury,fatality,injured_pedestrian,injured_cyclist,injured_ebike_rider,injured_motorcyclist,injured_moped_rider,injured_car_occupant,injured_suv_occupant,number_of_persons_injured,number_of_persons_killed,contributing_factor_vehicle_1,collision_id,cross_street_name,off_street_name,vehicle_type_code1
2026-07-17,00:00,40.7004089,-73.9036746,SENECA AVE,11385,104,OTHER,Street,2.1942914502479955,False,QUEENS,"(40.7004089, -73.9036746)",trafficstat,True,False,False,False,False,False,True,False,False,,,,,,,
2026-08-20,00:00,40.7215556,-73.8786793,JUNIPER BLVD N,11379,104,UNKNOWN,Street,3.355580664809285,False,QUEENS,"(40.7215556, -73.8786793)",trafficstat,False,False,False,False,False,False,False,False,False,,,,,,,
2026-08-04,00:00,40.7215556,-73.8786793,JUNIPER BLVD N,11379,104,UNKNOWN,Street,3.355580664809285,False,QUEENS,"(40.7215556, -73.8786793)",trafficstat,True,False,False,False,False,False,False,True,True,,,,,,,
2026-08-19,00:00,40.7146219,-73.9011579,FRESH POND RD,11379,104,UNKNOWN,Street,0.4183345988454252,False,QUEENS,"(40.7146219, -73.9011579)",trafficstat,False,False,False,False,False,False,False,False,False,,,,,,,
2026-08-01,00:00,40.7146219,-73.9011579,FRESH POND RD,11379,104,UNKNOWN,Street,0.4183345988454252,False,QUEENS,"(40.7146219, -73.9011579)",trafficstat,True,False,False,False,False,False,True,False,False,,,,,,,
2026-08-19,00:00,40.7011301,-73.8892731,MYRTLE AVE,11385,104,UNKNOWN,Street,40.770141352403485,False,QUEENS,"(40.7011301, -73.8892731)",trafficstat,False,False,False,False,False,False,False,False,False,,,,,,,
2026-08-19,00:00,40.711004,-73.9040525,BLEECKER ST,11385,104,OTHER,Street,2.995341935301903,False,QUEENS,"(40.711004, -73.9040525)",trafficstat,False,False,False,False,False,False,False,False,False,,,,,,,
2026-07-30,00:00,40.711004,-73.9040525,BLEECKER ST,11385,104,UNKNOWN,Street,2.995341935301903,False,QUEENS,"(40.711004, -73.9040525)",trafficstat,True,False,False,False,False,False,False,False,True,,,,,,,
2026-08-18,00:00,40.7157431,-73.9060225,60 ST,11378,104,UNKNOWN,Street,0.6063084100736865,False,QUEENS,"(40.7157431, -73.9060225)",trafficstat,True,False,True,False,False,False,False,False,False,,,,,,,
2026-08-18,00:00,40.7280273,-73.8863143,LONG ISLAND EXPY,11373,104,UNKNOWN,Highway,0.8547708387156429,False,QUEENS,"(40.7280273, -73.8863143)",trafficstat,True,False,False,False,False,False,False,True,False,,,,,,,
2026-08-18,00:00,40.7253877,-73.9088266,59 ST,11378,104,OTHER,Street,0.5356971347397141,False,QUEENS,"(40.7253877, -73.9088266)",trafficstat,False,False,False,False,False,False,False,False,False,,,,,,,
2026-08-17,00:00,40.7194601,-73.8911615,69 ST,11379,104,OTHER,Street,1.6328018549873693,False,QUEENS,"(40.7194601, -73.8911615)",trafficstat,True,False,False,False,False,False,False,True,False,,,,,,,
2026-08-11,00:00,40.7194601,-73.8911615,69 ST,11379,104,UNKNOWN,Street,1.6328018549873693,False,QUEENS,"(40.7194601, -73.8911615)",trafficstat,True,False,False,False,False,False,False,True,False,,,,,,,
2026-08-17,00:00,40.7196685,-73.910692,GRAND AVE,11378,104,OTHER,Street,47.62419385082679,False,QUEENS,"(40.7196685, -73.910692)",trafficstat,False,False,False,False,False,False,False,False,False,,,,,,,
2026-08-17,00:00,40.7003674,-73.9066176,CYPRESS AVE,11385,104,OTHER,Street,1.992817333536852,False,QUEENS,"(40.7003674, -73.9066176)",trafficstat,False,False,False,False,False,False,False,False,False,,,,,,,
2026-08-17,00:00,40.6910838,-73.8873256,JACKIE ROBINSON PKWY,11385,104,UNKNOWN,Highway,4.349374761789168,False,QUEENS,"(40.6910838, -73.8873256)",trafficstat,True,False,False,False,False,False,False,True,False,,,,,,,
2026-08-16,00:00,40.7269818,-73.8785395,82 ST,11379,104,OTHER,Street,0.6751660823018539,False,QUEENS,"(40.7269818, -73.8785395)",trafficstat,True,False,False,False,False,False,False,True,False,,,,,,,
2026-08-15,00:00,40.7248374,-73.8970495,GRAND AVE,11378,104,UNKNOWN,Street,49.20305541938228,False,QUEENS,"(40.7248374, -73.8970495)",trafficstat,False,False,False,False,False,False,False,False,False,,,,,,,
2026-08-15,00:00,40.7213777,-73.8818435,JUNIPER BLVD N,11379,104,UNKNOWN,Street,3.420900052549055,False,QUEENS,"(40.7213777, -73.8818435)",trafficstat,False,False,False,False,False,False,False,False,False,,,,,,,
2026-08-15,00:00,40.7025886,-73.874139,MYRTLE AVE,11385,104,UNKNOWN,Street,35.0045569735963,False,QUEENS,"(40.7025886, -73.874139)",trafficstat,False,False,False,False,False,False,False,False,False,,,,,,,
2026-08-15,00:00,40.7088676,-73.9062558,GRANDVIEW AVE,11385,104,OTHER,Street,1.7141007726786563,False,QUEENS,"(40.7088676, -73.9062558)",trafficstat,True,False,True,False,False,False,False,False,False,,,,,,,
2026-08-15,00:00,40.7059066,-73.910469,ONDERDONK AVE,11385,104,OTHER,Street,2.207442003561735,False,QUEENS,"(40.7059066, -73.910469)",trafficstat,True,False,True,False,False,False,False,False,False,,,,,,,
2026-08-14,00:00,40.7067978,-73.9059954,FAIRVIEW AVE,11385,104,UNKNOWN,Street,2.33311530062931,False,QUEENS,"(40.7067978, -73.9059954)",trafficstat,True,False,False,False,False,False,False,True,False,,,,,,,
2026-08-14,00:00,40.7162356,-73.8978223,65 ST,11379,104,OTHER,Street,0.24737925087546425,False,QUEENS,"(40.7162356, -73.8978223)",trafficstat,False,False,False,False,False,False,False,False,False,,,,,,,
2026-08-14,00:00,40.7033997,-73.8649135,84 ST,11385,104,UNKNOWN,Street,45.51199959501144,False,QUEENS,"(40.7033997, -73.8649135)",trafficstat,False,False,False,False,False,False,False,False,False,,,,,,,
2026-08-13,00:00,40.7017052,-73.8837466,MYRTLE AVE,11385,104,UNKNOWN,Street,2.8109094448432086,False,QUEENS,"(40.7017052, -73.8837466)",trafficstat,False,False,False,False,False,False,False,False,False,,,,,,,
2026-08-13,00:00,40.718255,-73.888144,69 PL,11379,104,UNKNOWN,Street,1.412792979071489,False,QUEENS,"(40.718255, -73.888144)",trafficstat,True,False,False,False,False,False,False,True,False,,,,,,,
2026-08-13,00:00,40.7134611,-73.9152132,METROPOLITAN AVE,11385,104,OTHER,Street,3.0560319737739943,False,QUEENS,"(40.7134611, -73.9152132)",trafficstat,True,False,False,True,False,False,False,False,False,,,,,,,
2026-08-02,00:00,40.7134611,-73.9152132,METROPOLITAN AVE,11385,104,UNKNOWN,Street,3.0560319737739943,False,QUEENS,"(40.7134611, -73.9152132)",trafficstat,False,False,False,False,False,False,False,False,False,,,,,,,
2026-06-20,00:00,40.7134611,-73.9152132,METROPOLITAN AVE,11385,104,OTHER,Street,3.0560319737739943,False,QUEENS,"(40.7134611, -73.9152132)",trafficstat,True,False,False,True,False,False,False,False,False,,,,,,,
2026-06-14,00:00,40.7134611,-73.9152132,METROPOLITAN AVE,11385,104,UNKNOWN,Street,3.0560319737739943,False,QUEENS,"(40.7134611, -73.9152132)",trafficstat,True,False,False,True,False,False,False,False,False,,,,,,,
2026-08-13,00:00,40.7288947,-73.8722064,ELIOT AVE,11374,104,UNKNOWN,Street,56.15839705518673,False,QUEENS,"(40.7288947, -73.8722064)",trafficstat,False,False,False,False,False,False,False,False,False,,,,,,,
2026-08-12,00:00,40.7182054,-73.8937573,67 ST,11379,104,OTHER,Street,1.0744761546456147,False,QUEENS,"(40.7182054, -73.8937573)",trafficstat,True,False,False,False,False,False,False,False,False,,,,,,,
2026-08-12,00:00,40.7137481,-73.909003,ANDREWS AVE,11378,104,UNKNOWN,Street,47.83331129790173,False,QUEENS,"(40.7137481, -73.909003)",trafficstat,False,False,False,False,False,False,False,False,False,,,,,,,
2026-08-12,00:00,40.6979089,-73.9073738,JEFFERSON AVE,11385,104,UNKNOWN,Street,27.56045440311039,False,QUEENS,"(40.6979089, -73.9073738)",trafficstat,False,False,False,False,False,False,False,False,False,,,,,,,
2026-08-12,00:00,40.7056277,-73.9155117,CYPRESS AVE,,104,UNKNOWN,Street,1.6602015254529812,False,QUEENS,"(40.7056277, -73.9155117)",trafficstat,False,False,False,False,False,False,False,False,False,,,,,,,
2026-08-10,00:00,40.7040928,-73.9065389,PALMETTO ST,11385,104,OTHER,Street,33.480434442577206,False,QUEENS,"(40.7040928, -73.9065389)",trafficstat,False,False,False,False,False,False,False,False,False,,,,,,,
2026-08-10,00:00,40.7006522,-73.8962701,MYRTLE AVE,11385,104,OTHER,Street,3.190279057509424,False,QUEENS,"(40.7006522, -73.8962701)",trafficstat,True,False,False,False,False,False,False,False,False,,,,,,,
2026-08-10,00:00,40.7215253,-73.9127663,57 DR,11378,104,UNKNOWN,Street,33.34367458590466,False,QUEENS,"(40.7215253, -73.9127663)",trafficstat,False,False,False,False,False,False,False,False,False,,,,,,,
2026-08-09,00:00,40.7191726,-73.9073655,59 AVE,11378,104,UNKNOWN,Street,37.988752180670055,False,QUEENS,"(40.7191726, -73.9073655)",trafficstat,False,False,False,False,False,False,False,False,False,,,,,,,
2026-06-24,00:00,40.7191726,-73.9073655,59 AVE,11378,104,UNKNOWN,Street,37.988752180670055,False,QUEENS,"(40.7191726, -73.9073655)",trafficstat,True,False,False,True,False,False,False,False,False,,,,,,,
2026-08-09,00:00,40.7257511,-73.8775568,82 ST,11379,104,UNKNOWN,Street,1.4094688538991036,False,QUEENS,"(40.7257511, -73.8775568)",trafficstat,True,False,False,False,False,False,False,True,False,,,,,,,
2026-08-09,00:00,40.7284847,-73.8826044,LONG ISLAND EXPY,11373,104,UNKNOWN,Highway,7.534916817946711,False,QUEENS,"(40.7284847, -73.8826044)",trafficstat,False,False,False,False,False,False,False,False,False,,,,,,,
2026-08-05,00:00,40.7284847,-73.8826044,LONG ISLAND EXPY,11373,104,UNKNOWN,Highway,7.534916817946711,False,QUEENS,"(40.7284847, -73.8826044)",trafficstat,True,False,False,False,False,False,False,True,False,,,,,,,
2026-08-09,00:00,40.7005794,-73.9096581,ST NICHOLAS AVE,11385,104,UNKNOWN,Street,37.73663526787347,False,QUEENS,"(40.7005794, -73.9096581)",trafficstat,False,False,False,False,False,False,False,False,False,,,,,,,
2026-08-09,00:00,40.7034407,-73.8550511,83 AVE,11385,104,UNKNOWN,Street,45.60764377960551,False,QUEENS,"(40.7034407, -73.8550511)",trafficstat,False,False,False,False,False,False,False,False,False,,,,,,,
2026-08-09,00:00,40.7178628,-73.9219728,47 ST,11378,104,UNKNOWN,Street,20.244745605416515,False,QUEENS,"(40.7178628, -73.9219728)",trafficstat,False,False,False,False,False,False,False,False,False,,,,,,,
2026-08-08,00:00,40.7182715,-73.8826282,74 ST,11379,104,UNKNOWN,Street,0.9127423187814164,False,QUEENS,"(40.7182715, -73.8826282)",trafficstat,False,False,False,False,False,False,False,False,False,,,,,,,
2026-08-08,00:00,40.71318,-73.9169825,FLUSHING AVE,11385,104,UNKNOWN,Street,36.1783448275961,False,QUEENS,"(40.71318, -73.9169825)",trafficstat,True,False,False,False,False,False,False,False,True,,,,,,,
2026-08-08,00:00,40.691056,-73.8870228,JACKIE ROBINSON PKWY,11385,104,OTHER,Highway,2.1404047242923583,False,QUEENS,"(40.691056, -73.8870228)",trafficstat,True,False,False,False,False,False,True,False,False,,,,,,,
2026-08-08,00:00,40.7250905,-73.8914106,QUEENS MIDTOWN EXPY,11378,104,OTHER,Street,46.39330197844425,False,QUEENS,"(40.7250905, -73.8914106)",trafficstat,False,False,False,False,False,False,False,False,False,,,,,,,
2026-08-08,00:00,40.7258823,-73.8905427,LONG ISLAND EXPY,11378,104,OTHER,Highway,0.3561318799298335,False,QUEENS,"(40.7258823, -73.8905427)",trafficstat,True,True,False,False,False,True,False,False,False,,,,,,,
2026-08-07,00:00,40.7254561,-73.8926504,LONG ISLAND EXPY,11378,104,UNKNOWN,Highway,7.856631191759446,False,QUEENS,"(40.7254561, -73.8926504)",trafficstat,True,False,False,False,False,False,False,False,True,,,,,,,
2026-08-07,00:00,40.7039747,-73.9041239,MADISON ST,11385,104,OTHER,Street,2.031938819387731,False,QUEENS,"(40.7039747, -73.9041239)",trafficstat,True,False,False,True,False,False,False,False,False,,,,,,,
2026-08-07,00:00,40.7125755,-73.9114658,GRANDVIEW AVE,11385,104,UNKNOWN,Street,49.65357235995507,False,QUEENS,"(40.7125755, -73.9114658)",trafficstat,False,False,False,False,False,False,False,False,False,,,,,,,
2026-08-07,00:00,40.7044043,-73.8820106,70 ST,11385,104,OTHER,Street,0.039357900005552844,False,QUEENS,"(40.7044043, -73.8820106)",trafficstat,True,False,False,True,False,False,False,False,False,,,,,,,
2026-08-06,00:00,40.7036678,-73.8682026,80 ST,11385,104,OTHER,Street,38.15821695173889,False,QUEENS,"(40.7036678, -73.8682026)",trafficstat,False,False,False,False,False,False,False,False,False,,,,,,,
2026-08-05,00:00,40.694488,-73.9023868,WYCKOFF AVE,11385,104,UNKNOWN,Street,37.16140485463831,False,QUEENS,"(40.694488, -73.9023868)",trafficstat,False,False,False,False,False,False,False,False,False,,,,,,,
2026-08-05,00:00,40.7043845,-73.901815,FOREST AVE,11385,104,UNKNOWN,Street,0.4857921822467414,False,QUEENS,"(40.7043845, -73.901815)",trafficstat,False,False,False,False,False,False,False,False,False,,,,,,,
2026-07-23,00:00,40.7043845,-73.901815,FOREST AVE,11385,104,UNKNOWN,Street,0.4857921822467414,False,QUEENS,"(40.7043845, -73.901815)",trafficstat,True,False,False,False,False,False,False,False,True,,,,,,,
2026-08-03,00:00,40.7125972,-73.8715463,80 ST,11379,104,UNKNOWN,Street,0.3443165700501156,False,QUEENS,"(40.7125972, -73.8715463)",trafficstat,True,False,False,True,False,False,False,False,False,,,,,,,
2026-08-03,00:00,40.6914689,-73.8854607,JACKIE ROBINSON PKWY,11385,104,UNKNOWN,Highway,2.698872074438301,False,QUEENS,"(40.6914689, -73.8854607)",trafficstat,True,False,False,False,False,False,False,True,False,,,,,,,
2026-08-03,00:00,40.7262488,-73.8998693,BORDEN AVE,11378,104,UNKNOWN,Street,38.54567972363282,False,QUEENS,"(40.7262488, -73.8998693)",trafficstat,True,False,False,False,False,False,False,True,False,,,,,,,
2026-08-03,00:00,40.7193261,-73.891902,ELIOT AVE,11379,104,UNKNOWN,Street,67.21506459507422,False,QUEENS,"(40.7193261, -73.891902)",trafficstat,False,False,False,False,False,False,False,False,False,,,,,,,
2026-08-03,00:00,40.7274024,-73.8872411,74 ST,11379,104,UNKNOWN,Street,0.2973516488604546,False,QUEENS,"(40.7274024, -73.8872411)",trafficstat,False,False,False,False,False,False,False,False,False,,,,,,,
2026-08-02,00:00,40.7006061,-73.9099352,PALMETTO ST,11385,104,UNKNOWN,Street,1.841017871495061,False,QUEENS,"(40.7006061, -73.9099352)",trafficstat,False,False,False,False,False,False,False,False,False,,,,,,,
2026-08-02,00:00,40.7047483,-73.9140304,CYPRESS AVE,,104,UNKNOWN,Street,2.292724946341727,False,QUEENS,"(40.7047483, -73.9140304)",trafficstat,False,False,False,False,False,False,False,False,False,,,,,,,
2026-08-02,00:00,40.7066009,-73.9143267,SENECA AVE,11385,104,UNKNOWN,Street,40.52942658363364,False,QUEENS,"(40.7066009, -73.9143267)",trafficstat,False,False,False,False,False,False,False,False,False,,,,,,,
2026-08-01,00:00,40.6943853,-73.9044631,COVERT ST,11385,104,UNKNOWN,Street,18.812693207665834,False,QUEENS,"(40.6943853, -73.9044631)",trafficstat,True,False,False,False,False,False,True,False,False,,,,,,,
2026-08-01,00:00,40.7260852,-73.8993874,BORDEN AVE,11378,104,OTHER,Street,2.542997140843592,False,QUEENS,"(40.7260852, -73.8993874)",trafficstat,True,False,False,False,False,False,False,True,False,,,,,,,
2026-08-01,00:00,40.7204604,-73.908303,59 ST,11378,104,UNKNOWN,Street,0.4544458982460411,False,QUEENS,"(40.7204604, -73.908303)",trafficstat,True,False,False,False,False,False,False,False,True,,,,,,,
2026-07-31,00:00,40.7265574,-73.9030029,63 ST,11378,104,UNKNOWN,Street,41.70855373000912,False,QUEENS,"(40.7265574, -73.9030029)",trafficstat,False,False,False,False,False,False,False,False,False,,,,,,,
2026-07-31,00:00,40.7010548,-73.9047268,CORNELIA ST,11385,104,OTHER,Street,2.08274663826962,False,QUEENS,"(40.7010548, -73.9047268)",trafficstat,True,False,False,True,False,False,False,False,False,,,,,,,
2026-07-31,00:00,40.700512,-73.8991736,STEPHEN ST,11385,104,UNKNOWN,Street,0.30788372321124624,False,QUEENS,"(40.700512, -73.8991736)",trafficstat,True,False,False,False,False,False,False,False,False,,,,,,,
2026-06-26,00:00,40.700512,-73.8991736,STEPHEN ST,11385,104,UNKNOWN,Street,0.30788372321124624,False,QUEENS,"(40.700512, -73.8991736)",trafficstat,True,False,False,False,False,False,False,False,True,,,,,,,
2026-07-30,00:00,40.7005763,-73.9067545,CYPRESS AVE,11385,104,OTHER,Street,34.93372596914966,False,QUEENS,"(40.7005763, -73.9067545)",trafficstat,False,False,False,False,False,False,False,False,False,,,,,,,
2026-07-30,00:00,40.7028466,-73.903912,PUTNAM AVE,11385,104,OTHER,Street,40.22370207005656,False,QUEENS,"(40.7028466, -73.903912)",trafficstat,False,False,False,False,False,False,False,False,False,,,,,,,
2026-07-30,00:00,40.7005,-73.9002,FOREST AVE,11385,104,UNKNOWN,Street,2.2208039895761065,False,QUEENS,"(40.7005, -73.9002)",trafficstat,False,False,False,False,False,False,False,False,False,,,,,,,
2026-07-30,00:00,40.7105336,-73.9207501,FLUSHING AVE,11237,104,UNKNOWN,Street,1.769981916487488,False,QUEENS,"(40.7105336, -73.9207501)",trafficstat,True,False,False,False,False,False,False,False,True,,,,,,,
2026-07-30,00:00,40.7205366,-73.8888401,69 LN,11379,104,UNKNOWN,Street,1.1485279133859154,False,QUEENS,"(40.7205366, -73.8888401)",trafficstat,True,False,False,False,True,False,False,False,False,,,,,,,
2026-07-30,00:00,40.7212476,-73.902845,FRESH POND RD,11378,104,UNKNOWN,Street,44.870244398742635,False,QUEENS,"(40.7212476, -73.902845)",trafficstat,True,False,False,True,False,False,False,False,False,,,,,,,
2026-07-30,00:00,40.726721,-73.8893002,LONG ISLAND EXPY,11378,104,UNKNOWN,Highway,8.200302156988403,False,QUEENS,"(40.726721, -73.8893002)",trafficstat,False,False,False,False,False,False,False,False,False,,,,,,,
2026-07-29,00:00,40.7308484,-73.891446,72 PL,11378,104,UNKNOWN,Street,0.5740677645820738,False,QUEENS,"(40.7308484, -73.891446)",trafficstat,False,False,False,False,False,False,False,False,False,,,,,,,
2026-07-29,00:00,40.7304267,-73.8871853,GRAND AVE,11373,104,UNKNOWN,Street,50.95125600369094,False,QUEENS,"(40.7304267, -73.8871853)",trafficstat,True,False,False,False,False,False,False,False,True,,,,,,,
2026-07-29,00:00,40.6871772,-73.8923082,JACKIE ROBINSON PKWY,11385,104,UNKNOWN,Highway,7.802976314449488,False,QUEENS,"(40.6871772, -73.8923082)",trafficstat,True,False,False,False,False,False,False,True,True,,,,,,,
2026-07-28,00:00,40.7169884,-73.9018217,FRESH POND RD,11378,104,UNKNOWN,Street,0.46666364019345985,False,QUEENS,"(40.7169884, -73.9018217)",trafficstat,True,False,False,True,False,False,False,False,False,,,,,,,
2026-07-28,00:00,40.7207751,-73.9122219,RUST ST,11378,104,UNKNOWN,Street,23.033305946262495,False,QUEENS,"(40.7207751, -73.9122219)",trafficstat,True,False,False,False,False,False,False,True,False,,,,,,,
2026-07-28,00:00,40.7230827,-73.9131698,57 PL,11378,104,UNKNOWN,Street,0.8800127636820443,False,QUEENS,"(40.7230827, -73.9131698)",trafficstat,False,False,False,False,False,False,False,False,False,,,,,,,
2026-07-27,00:00,40.7224996,-73.8682962,PENELOPE AVE,11379,104,UNKNOWN,Street,38.534169019418115,False,QUEENS,"(40.7224996, -73.8682962)",trafficstat,True,False,False,False,False,False,False,False,False,,,,,,,
2026-07-27,00:00,40.7222389,-73.9130907,57 RD,11378,104,UNKNOWN,Street,43.05153593941853,False,QUEENS,"(40.7222389, -73.9130907)",trafficstat,False,False,False,False,False,False,False,False,False,,,,,,,
2026-07-27,00:00,40.7288333,-73.8989345,66 ST,11378,104,UNKNOWN,Street,33.341589562148336,False,QUEENS,"(40.7288333, -73.8989345)",trafficstat,False,False,False,False,False,False,False,False,False,,,,,,,
2026-07-27,00:00,40.7114036,-73.9167488,STARR ST,11385,104,UNKNOWN,Street,1.712141394285767,False,QUEENS,"(40.7114036, -73.9167488)",trafficstat,True,False,False,True,False,False,False,False,False,,,,,,,
2026-07-27,00:00,40.7127805,-73.8808051,METROPOLITAN AVE,11379,104,UNKNOWN,Street,69.9138735278874,False,QUEENS,"(40.7127805, -73.8808051)",trafficstat,True,False,False,False,False,False,False,False,True,,,,,,,
2026-07-27,00:00,40.7186703,-73.8913255,61 RD,11379,104,UNKNOWN,Street,52.69073705153076,False,QUEENS,"(40.7186703, -73.8913255)",trafficstat,False,False,False,False,False,False,False,False,False,,,,,,,
2026-07-27,00:00,40.7154676,-73.8839545,71 ST,11379,104,OTHER,Street,47.785785004436796,False,QUEENS,"(40.7154676, -73.8839545)",trafficstat,False,False,False,False,False,False,False,False,False,,,,,,,
2026-07-27,00:00,40.7070916,-73.916673,DEKALB AVE,11385,104,UNKNOWN,Street,59.29300419334414,False,QUEENS,"(40.7070916, -73.916673)",trafficstat,False,False,False,False,False,False,False,False,False,,,,,,,
2026-07-27,00:00,40.6914632,-73.8851614,JACKIE ROBINSON PKWY,11385,104,UNKNOWN,Highway,2.0592234143337906,False,QUEENS,"(40.6914632, -73.8851614)",trafficstat,True,False,False,False,False,False,False,False,True,,,,,,,
2026-07-20,00:00,40.6914632,-73.8851614,JACKIE ROBINSON PKWY,11385,104,UNKNOWN,Highway,2.0592234143337906,False,QUEENS,"(40.6914632, -73.8851614)",trafficstat,True,False,False,False,False,False,False,True,False,,,,,,,
2026-07-27,00:00,40.6988578,-73.8881802,CYPRESS HILLS ST,11385,104,UNKNOWN,Street,0.024159044012722352,False,QUEENS,"(40.6988578, -73.8881802)",trafficstat,False,False,False,False,False,False,False,False,False,,,,,,,
2026-06-29,00:00,40.6988578,-73.8881802,CYPRESS HILLS ST,11385,104,UNKNOWN,Street,0.024159044012722352,False,QUEENS,"(40.6988578, -73.8881802)",trafficstat,False,False,False,False,False,False,False,False,False,,,,,,,
2026-07-26,00:00,40.6975471,-73.8710538,JACKIE ROBINSON PKWY,11385,104,UNKNOWN,Highway,1.2728684450520913,False,QUEENS,"(40.6975471, -73.8710538)",trafficstat,False,False,False,False,False,False,False,False,False,,,,,,,
2026-07-26,00:00,40.6998829,-73.9082988,MADISON ST,11385,104,UNKNOWN,Street,1.9407550770233386,False,QUEENS,"(40.6998829, -73.9082988)",trafficstat,False,False,False,False,False,False,False,False,False,,,,,,,
2026-07-26,00:00,40.7014392,-73.89621,71 AVE,11385,104,UNKNOWN,Street,35.90944155590016,False,QUEENS,"(40.7014392, -73.89621)",trafficstat,True,False,False,False,False,False,False,False,True,,,,,,,
2026-07-26,00:00,40.7089911,-73.9097002,FAIRVIEW AVE,11385,104,UNKNOWN,Street,2.112433861858459,False,QUEENS,"(40.7089911, -73.9097002)",trafficstat,False,False,False,False,False,False,False,False,False,,,,,,,
2026-07-26,00:00,40.7182779,-73.8635701,66 AVE,11374,104,UNKNOWN,Street,2.4655288671507787,False,QUEENS,"(40.7182779, -73.8635701)",trafficstat,False,False,False,False,False,False,False,False,False,,,,,,,
2026-07-26,00:00,40.7132889,-73.8716171,80 ST,11379,104,UNKNOWN,Street,0.2313866091982997,False,QUEENS,"(40.7132889, -73.8716171)",trafficstat,False,False,False,False,False,False,False,False,False,,,,,,,
2026-06-27,00:00,40.7132889,-73.8716171,80 ST,11379,104,OTHER,Street,0.2313866091982997,False,QUEENS,"(40.7132889, -73.8716171)",trafficstat,True,False,True,False,False,False,False,False,True,,,,,,,
2026-07-26,00:00,40.712202,-73.8620784,COOPER AVE,11385,104,UNKNOWN,Street,2.478910204874838,False,QUEENS,"(40.712202, -73.8620784)",trafficstat,True,False,False,False,False,False,False,True,False,,,,,,,
2026-07-01,00:00,40.712202,-73.8620784,COOPER AVE,11385,104,UNKNOWN,Street,2.478910204874838,False,QUEENS,"(40.712202, -73.8620784)",trafficstat,True,False,False,False,False,False,True,False,False,,,,,,,
2026-07-26,00:00,40.7308167,-73.8957361,69 ST,11378,104,UNKNOWN,Street,0.37291267956185903,False,QUEENS,"(40.7308167, -73.8957361)",trafficstat,False,False,False,False,False,False,False,False,False,,,,,,,
2026-07-26,00:00,40.7294744,-73.8956227,69 ST,11378,104,UNKNOWN,Street,0.29757219830406617,False,QUEENS,"(40.7294744, -73.8956227)",trafficstat,True,False,False,False,False,False,False,True,False,,,,,,,
2026-07-25,00:00,40.727368,-73.892758,GRAND AVE,11378,104,OTHER,Street,37.38497951395943,False,QUEENS,"(40.727368, -73.892758)",trafficstat,True,False,True,False,False,False,False,False,False,,,,,,,
2026-07-25,00:00,40.7259196,-73.8953397,69 ST,11378,104,UNKNOWN,Street,1.035231191954078,False,QUEENS,"(40.7259196, -73.8953397)",trafficstat,True,False,True,False,False,False,False,False,False,,,,,,,
2026-07-19,00:00,40.7259196,-73.8953397,69 ST,11378,104,UNKNOWN,Street,1.035231191954078,False,QUEENS,"(40.7259196, -73.8953397)",trafficstat,True,False,False,False,False,False,False,True,False,,,,,,,
2026-06-20,00:00,40.7259196,-73.8953397,69 ST,11378,104,OTHER,Street,1.035231191954078,False,QUEENS,"(40.7259196, -73.8953397)",trafficstat,True,False,False,True,False,False,False,False,False,,,,,,,
2026-07-25,00:00,40.7137143,-73.9055636,60 ST,11378,104,UNKNOWN,Street,0.45181736352598717,False,QUEENS,"(40.7137143, -73.9055636)",trafficstat,False,False,False,False,False,False,False,False,False,,,,,,,
2026-07-24,00:00,40.705593,-73.86598,83 ST,11385,104,UNKNOWN,Street,0.6211171208220555,False,QUEENS,"(40.705593, -73.86598)",trafficstat,False,False,False,False,False,False,False,False,False,,,,,,,
2026-07-24,00:00,40.7014945,-73.9054655,SENECA AVE,11385,104,OTHER,Street,1.6169623241971147,False,QUEENS,"(40.7014945, -73.9054655)",trafficstat,True,False,False,False,False,False,False,False,False,,,,,,,
2026-06-21,00:00,40.7014945,-73.9054655,SENECA AVE,11385,104,UNKNOWN,Street,1.6169623241971147,False,QUEENS,"(40.7014945, -73.9054655)",trafficstat,True,False,True,False,False,False,False,False,False,,,,,,,
2026-07-24,00:00,40.70197,-73.88049,MYRTLE AVE,11385,104,UNKNOWN,Street,2.919814590881471,False,QUEENS,"(40.70197, -73.88049)",trafficstat,False,False,False,False,False,False,False,False,False,,,,,,,
2026-07-23,00:00,40.6987389,-73.8930418,62 ST,11385,104,UNKNOWN,Street,0.33010644649410614,False,QUEENS,"(40.6987389, -73.8930418)",trafficstat,True,False,False,False,False,False,True,False,False,,,,,,,
2026-07-23,00:00,40.715866,-73.898605,64 ST,11379,104,UNKNOWN,Street,1.2627425520852482,False,QUEENS,"(40.715866, -73.898605)",trafficstat,False,False,False,False,False,False,False,False,False,,,,,,,
2026-07-23,00:00,40.718276,-73.9021842,FRESH POND RD,11378,104,UNKNOWN,Street,0.45141494846092095,False,QUEENS,"(40.718276, -73.9021842)",trafficstat,True,False,False,False,False,False,False,False,True,,,,,,,