crash_date,crash_time,latitude,longitude,on_street_name,zip_code,precinct,collision_type,roadway_type,geocode_dist_feet,time_is_known,borough,location,source,injury,fatality,injured_pedestrian,injured_cyclist,injured_ebike_rider,injured_motorcyclist,injured_moped_rider,injured_car_occupant,injured_suv_occupant,number_of_persons_injured,number_of_persons_killed,contributing_factor_vehicle_1,collision_id,cross_street_name,off_street_name,vehicle_type_code1
2026-07-23,00:00,40.7119221,-73.9035034,60 PL,11385,104,OTHER,Street,42.049484198808194,False,QUEENS,"(40.7119221, -73.9035034)",trafficstat,False,False,False,False,False,False,False,False,False,,,,,,,
2026-07-23,00:00,40.7255959,-73.9017802,64 ST,11378,104,UNKNOWN,Street,0.9042198518592516,False,QUEENS,"(40.7255959, -73.9017802)",trafficstat,True,False,False,False,False,False,False,True,False,,,,,,,
2026-07-22,00:00,40.7245729,-73.8697084,WOODHAVEN BLVD,11374,104,UNKNOWN,Street,48.338866949781384,False,QUEENS,"(40.7245729, -73.8697084)",trafficstat,False,False,False,False,False,False,False,False,False,,,,,,,
2026-07-22,00:00,40.7066282,-73.8971674,FRESH POND RD,11385,104,OTHER,Street,43.376237336923595,False,QUEENS,"(40.7066282, -73.8971674)",trafficstat,False,False,False,False,False,False,False,False,False,,,,,,,
2026-07-21,00:00,40.7062151,-73.9081327,WOODWARD AVE,11385,104,UNKNOWN,Street,36.6277010141007,False,QUEENS,"(40.7062151, -73.9081327)",trafficstat,False,False,False,False,False,False,False,False,False,,,,,,,
2026-07-21,00:00,40.7042805,-73.9104034,SENECA AVE,11385,104,OTHER,Street,40.85854052994793,False,QUEENS,"(40.7042805, -73.9104034)",trafficstat,True,False,False,False,False,False,False,True,False,,,,,,,
2026-07-21,00:00,40.730037,-73.8902257,73 ST,11378,104,UNKNOWN,Street,40.15274858056297,False,QUEENS,"(40.730037, -73.8902257)",trafficstat,False,False,False,False,False,False,False,False,False,,,,,,,
2026-07-20,00:00,40.7045622,-73.856731,81 RD,11385,104,UNKNOWN,Street,2.711504821641841,False,QUEENS,"(40.7045622, -73.856731)",trafficstat,False,False,False,False,False,False,False,False,False,,,,,,,
2026-07-20,00:00,40.6973479,-73.8907973,64 PL,11385,104,OTHER,Street,0.6916087255524256,False,QUEENS,"(40.6973479, -73.8907973)",trafficstat,False,False,False,False,False,False,False,False,False,,,,,,,
2026-07-19,00:00,40.715805,-73.88792,69 ST,11379,104,UNKNOWN,Bridge,2.568946628624317,False,QUEENS,"(40.715805, -73.88792)",trafficstat,False,False,False,False,False,False,False,False,False,,,,,,,
2026-07-18,00:00,40.7130136,-73.9080102,METROPOLITAN AVE,11385,104,UNKNOWN,Street,2.905349004846837,False,QUEENS,"(40.7130136, -73.9080102)",trafficstat,False,False,False,False,False,False,False,False,False,,,,,,,
2026-07-17,00:00,40.7130136,-73.9080102,METROPOLITAN AVE,11385,104,UNKNOWN,Street,2.905349004846837,False,QUEENS,"(40.7130136, -73.9080102)",trafficstat,True,False,False,False,False,False,False,True,False,,,,,,,
2026-07-18,00:00,40.7245462,-73.8976216,GRAND AVE,11378,104,UNKNOWN,Street,48.602123188941654,False,QUEENS,"(40.7245462, -73.8976216)",trafficstat,True,False,False,True,False,False,False,False,False,,,,,,,
2026-07-17,00:00,40.7062391,-73.8588338,WOODHAVEN BLVD,11385,104,UNKNOWN,Street,19.918045791703356,False,QUEENS,"(40.7062391, -73.8588338)",trafficstat,False,False,False,False,False,False,False,False,False,,,,,,,
2026-07-17,00:00,40.7073769,-73.8622831,88 ST,11385,104,OTHER,Street,1.6099030429277048,False,QUEENS,"(40.7073769, -73.8622831)",trafficstat,True,False,True,False,False,False,False,False,False,,,,,,,
2026-07-16,00:00,40.6984051,-73.8974496,DECATUR ST,11385,104,UNKNOWN,Street,37.79861279915511,False,QUEENS,"(40.6984051, -73.8974496)",trafficstat,False,False,False,False,False,False,False,False,False,,,,,,,
2026-07-15,00:00,40.7054385,-73.912136,SENECA AVE,11385,104,UNKNOWN,Street,2.3522225735020252,False,QUEENS,"(40.7054385, -73.912136)",trafficstat,False,False,False,False,False,False,False,False,False,,,,,,,
2026-07-15,00:00,40.7152442,-73.8802059,74 ST,11379,104,UNKNOWN,Street,1.0974609121015808,False,QUEENS,"(40.7152442, -73.8802059)",trafficstat,True,False,False,False,False,False,False,True,False,,,,,,,
2026-07-14,00:00,40.6992789,-73.9047834,HANCOCK ST,11385,104,UNKNOWN,Street,1.9379937369148599,False,QUEENS,"(40.6992789, -73.9047834)",trafficstat,True,False,True,False,False,False,False,False,False,,,,,,,
2026-07-14,00:00,40.694561,-73.8959573,COOPER AVE,11385,104,UNKNOWN,Street,40.47034842302873,False,QUEENS,"(40.694561, -73.8959573)",trafficstat,True,False,False,False,False,False,False,False,True,,,,,,,
2026-07-14,00:00,40.7086946,-73.9207017,TROUTMAN ST,11237,104,UNKNOWN,Street,1.900948925550528,False,QUEENS,"(40.7086946, -73.9207017)",trafficstat,False,False,False,False,False,False,False,False,False,,,,,,,
2026-07-14,00:00,40.7132183,-73.8722879,METROPOLITAN AVE,11379,104,UNKNOWN,Street,23.919546952445035,False,QUEENS,"(40.7132183, -73.8722879)",trafficstat,True,False,False,False,False,False,False,True,False,,,,,,,
2026-07-14,00:00,40.713287,-73.87162,80 ST,11379,104,UNKNOWN,Street,0.6237285696813182,False,QUEENS,"(40.713287, -73.87162)",trafficstat,False,False,False,False,False,False,False,False,False,,,,,,,
2026-07-14,00:00,40.7171503,-73.9215629,47 ST,11378,104,OTHER,Street,37.44084754786456,False,QUEENS,"(40.7171503, -73.9215629)",trafficstat,True,False,False,True,False,False,False,False,False,,,,,,,
2026-07-02,00:00,40.7171503,-73.9215629,47 ST,11378,104,UNKNOWN,Street,37.44084754786456,False,QUEENS,"(40.7171503, -73.9215629)",trafficstat,False,False,False,False,False,False,False,False,False,,,,,,,
2026-07-13,00:00,40.7151785,-73.8871335,69 ST,11379,104,UNKNOWN,Bridge,62.82967249350745,False,QUEENS,"(40.7151785, -73.8871335)",trafficstat,False,False,False,False,False,False,False,False,False,,,,,,,
2026-07-13,00:00,40.7122066,-73.8863759,METROPOLITAN AVE,11379,104,UNKNOWN,Street,3.3814463217768886,False,QUEENS,"(40.7122066, -73.8863759)",trafficstat,False,False,False,False,False,False,False,False,False,,,,,,,
2026-07-13,00:00,40.7045646,-73.9106548,SENECA AVE,11385,104,OTHER,Street,1.9097770115361774,False,QUEENS,"(40.7045646, -73.9106548)",trafficstat,False,False,False,False,False,False,False,False,False,,,,,,,
2026-07-13,00:00,40.7221435,-73.9022687,63 ST,11378,104,UNKNOWN,Street,0.7827012021519113,False,QUEENS,"(40.7221435, -73.9022687)",trafficstat,False,False,False,False,False,False,False,False,False,,,,,,,
2026-07-13,00:00,40.7271913,-73.8932739,GRAND AVE,11378,104,UNKNOWN,Street,2.722360986601486,False,QUEENS,"(40.7271913, -73.8932739)",trafficstat,True,False,False,False,False,False,True,False,False,,,,,,,
2026-07-12,00:00,40.7121603,-73.8907106,METROPOLITAN AVE,11379,104,UNKNOWN,Bridge,68.20209024352803,False,QUEENS,"(40.7121603, -73.8907106)",trafficstat,False,False,False,False,False,False,False,False,False,,,,,,,
2026-07-12,00:00,40.7162476,-73.9120488,FLUSHING AVE,11378,104,OTHER,Street,32.094778162690616,False,QUEENS,"(40.7162476, -73.9120488)",trafficstat,False,False,False,False,False,False,False,False,False,,,,,,,
2026-07-12,00:00,40.7179017,-73.8834189,72 ST,11379,104,UNKNOWN,Street,1.0453556391203878,False,QUEENS,"(40.7179017, -73.8834189)",trafficstat,True,False,False,False,False,False,False,False,True,,,,,,,
2026-07-12,00:00,40.7156944,-73.9129778,FLUSHING AVE,11378,104,UNKNOWN,Street,89.64250695357715,False,QUEENS,"(40.7156944, -73.9129778)",trafficstat,True,False,False,False,False,False,False,False,False,,,,,,,
2026-07-12,00:00,40.6963994,-73.9032336,STEPHEN ST,11385,104,UNKNOWN,Street,27.26673691078772,False,QUEENS,"(40.6963994, -73.9032336)",trafficstat,True,False,False,False,False,False,False,False,True,,,,,,,
2026-07-12,00:00,40.7007989,-73.8945749,MYRTLE AVE,11385,104,OTHER,Street,2.7052337491683507,False,QUEENS,"(40.7007989, -73.8945749)",trafficstat,True,False,True,False,False,False,False,False,True,,,,,,,
2026-07-12,00:00,40.7008111,-73.8904052,CYPRESS HILLS ST,11385,104,UNKNOWN,Street,15.742020094684747,False,QUEENS,"(40.7008111, -73.8904052)",trafficstat,False,False,False,False,False,False,False,False,False,,,,,,,
2026-07-12,00:00,40.7027616,-73.8889346,66 ST,11385,104,UNKNOWN,Street,0.23384368839418632,False,QUEENS,"(40.7027616, -73.8889346)",trafficstat,True,False,False,True,False,False,False,False,False,,,,,,,
2026-07-11,00:00,40.7047449,-73.860157,88 ST,11385,104,OTHER,Street,1.60135550261542,False,QUEENS,"(40.7047449, -73.860157)",trafficstat,False,False,False,False,False,False,False,False,False,,,,,,,
2026-07-11,00:00,40.7286557,-73.880728,LONG ISLAND EXPY,11373,104,UNKNOWN,Highway,12.145789971796631,False,QUEENS,"(40.7286557, -73.880728)",trafficstat,True,False,False,False,False,True,False,False,False,,,,,,,
2026-07-05,00:00,40.7286557,-73.880728,LONG ISLAND EXPY,11373,104,UNKNOWN,Highway,12.145789971796631,False,QUEENS,"(40.7286557, -73.880728)",trafficstat,True,False,False,False,False,False,False,False,True,,,,,,,
2026-07-11,00:00,40.7250652,-73.8971556,GRAND AVE,11378,104,UNKNOWN,Street,36.06115390640909,False,QUEENS,"(40.7250652, -73.8971556)",trafficstat,True,False,False,False,False,False,False,True,False,,,,,,,
2026-07-11,00:00,40.7179492,-73.8723186,DRY HARBOR RD,11379,104,UNKNOWN,Street,31.153662283967833,False,QUEENS,"(40.7179492, -73.8723186)",trafficstat,True,False,False,False,False,True,False,False,False,,,,,,,
2026-07-10,00:00,40.7027466,-73.8624081,FOREST PARK DR,11385,104,OTHER,Street,1.4864461975280692,False,QUEENS,"(40.7027466, -73.8624081)",trafficstat,True,False,False,False,False,False,True,False,False,,,,,,,
2026-06-13,00:00,40.7027466,-73.8624081,FOREST PARK DR,11385,104,UNKNOWN,Street,1.4864461975280692,False,QUEENS,"(40.7027466, -73.8624081)",trafficstat,True,False,False,False,False,False,False,True,True,,,,,,,
2026-07-10,00:00,40.7108453,-73.9088125,HIMROD ST,11385,104,OTHER,Street,41.66624553719145,False,QUEENS,"(40.7108453, -73.9088125)",trafficstat,False,False,False,False,False,False,False,False,False,,,,,,,
2026-07-09,00:00,40.7137669,-73.9113874,54 ST,11378,104,UNKNOWN,Street,28.097288684215382,False,QUEENS,"(40.7137669, -73.9113874)",trafficstat,False,False,False,False,False,False,False,False,False,,,,,,,
2026-07-09,00:00,40.7063464,-73.9112115,ONDERDONK AVE,11385,104,OTHER,Street,2.0175459584940114,False,QUEENS,"(40.7063464, -73.9112115)",trafficstat,True,False,False,False,False,True,False,False,False,,,,,,,
2026-07-08,00:00,40.6948553,-73.8850593,CYPRESS HILLS ST,11385,104,UNKNOWN,Street,7.87347175391116,False,QUEENS,"(40.6948553, -73.8850593)",trafficstat,True,False,False,True,False,False,False,False,False,,,,,,,
2026-07-08,00:00,40.6962198,-73.8998689,CYPRESS AVE,11385,104,OTHER,Street,1.6781164563015734,False,QUEENS,"(40.6962198, -73.8998689)",trafficstat,False,False,False,False,False,False,False,False,False,,,,,,,
2026-07-08,00:00,40.7315878,-73.90283,MAURICE AVE,11378,104,UNKNOWN,Street,46.569486807884104,False,QUEENS,"(40.7315878, -73.90283)",trafficstat,False,False,False,False,False,False,False,False,False,,,,,,,
2026-07-07,00:00,40.6931942,-73.8957444,CLOVER PL,11385,104,OTHER,Street,1.5987079278651468,False,QUEENS,"(40.6931942, -73.8957444)",trafficstat,True,False,False,False,False,False,False,False,False,,,,,,,
2026-07-07,00:00,40.6981919,-73.9048599,WEIRFIELD ST,11385,104,OTHER,Street,29.957359643480473,False,QUEENS,"(40.6981919, -73.9048599)",trafficstat,True,False,True,False,False,False,False,False,False,,,,,,,
2026-07-07,00:00,40.7029703,-73.8682431,MYRTLE AVE,11385,104,UNKNOWN,Street,2.9742674129817046,False,QUEENS,"(40.7029703, -73.8682431)",trafficstat,True,False,False,True,False,False,False,False,False,,,,,,,
2026-07-06,00:00,40.704004,-73.8559207,WOODHAVEN BLVD,11385,104,UNKNOWN,Street,8.432939848543208,False,QUEENS,"(40.704004, -73.8559207)",trafficstat,False,False,False,False,False,False,False,False,False,,,,,,,
2026-07-06,00:00,40.7139308,-73.9147906,FLUSHING AVE,11378,104,OTHER,Street,37.04652297363285,False,QUEENS,"(40.7139308, -73.9147906)",trafficstat,False,False,False,False,False,False,False,False,False,,,,,,,
2026-07-06,00:00,40.7285197,-73.905723,MAURICE AVE,11378,104,OTHER,Street,2.6732221254880186,False,QUEENS,"(40.7285197, -73.905723)",trafficstat,False,False,False,False,False,False,False,False,False,,,,,,,
2026-07-05,00:00,40.703247,-73.90843,SENECA AVE,11385,104,UNKNOWN,Street,2.4795812671873825,False,QUEENS,"(40.703247, -73.90843)",trafficstat,True,False,False,False,False,False,True,False,False,,,,,,,
2026-07-05,00:00,40.7018029,-73.9033208,ONDERDONK AVE,11385,104,UNKNOWN,Street,33.888428743258494,False,QUEENS,"(40.7018029, -73.9033208)",trafficstat,False,False,False,False,False,False,False,False,False,,,,,,,
2026-07-05,00:00,40.6970111,-73.8876375,CYPRESS HILLS ST,11385,104,UNKNOWN,Street,58.8598495361687,False,QUEENS,"(40.6970111, -73.8876375)",trafficstat,True,False,False,False,True,False,False,False,False,,,,,,,
2026-07-05,00:00,40.6966689,-73.8868099,CYPRESS HILLS ST,11385,104,OTHER,Street,14.84415364237077,False,QUEENS,"(40.6966689, -73.8868099)",trafficstat,True,False,False,False,False,False,False,False,True,,,,,,,
2026-07-04,00:00,40.6963508,-73.9054007,WYCKOFF AVE,,104,UNKNOWN,Street,1.927279379262055,False,QUEENS,"(40.6963508, -73.9054007)",trafficstat,False,False,False,False,False,False,False,False,False,,,,,,,
2026-07-04,00:00,40.715068,-73.9132596,FLUSHING AVE,11378,104,UNKNOWN,Street,2.310807861130474,False,QUEENS,"(40.715068, -73.9132596)",trafficstat,False,False,False,False,False,False,False,False,False,,,,,,,
2026-07-04,00:00,40.7098977,-73.8703215,80 ST,11379,104,UNKNOWN,Street,0.4817650037884833,False,QUEENS,"(40.7098977, -73.8703215)",trafficstat,True,False,False,False,False,False,False,True,False,,,,,,,
2026-07-03,00:00,40.722344,-73.8793056,78 ST,11379,104,OTHER,Street,1.2615745188637486,False,QUEENS,"(40.722344, -73.8793056)",trafficstat,False,False,False,False,False,False,False,False,False,,,,,,,
2026-07-02,00:00,40.723681,-73.8996075,GRAND AVE,11378,104,OTHER,Street,3.2549539106002854,False,QUEENS,"(40.723681, -73.8996075)",trafficstat,True,False,False,True,False,False,False,False,False,,,,,,,
2026-07-02,00:00,40.727789,-73.8954991,69 ST,11378,104,OTHER,Street,0.14910408849624157,False,QUEENS,"(40.727789, -73.8954991)",trafficstat,True,False,False,True,False,False,False,False,False,,,,,,,
2026-07-02,00:00,40.7025579,-73.9103257,LINDEN ST,11385,104,OTHER,Street,2.3876775235170067,False,QUEENS,"(40.7025579, -73.9103257)",trafficstat,True,False,False,True,False,False,False,False,False,,,,,,,
2026-06-21,00:00,40.7025579,-73.9103257,LINDEN ST,11385,104,UNKNOWN,Street,2.3876775235170067,False,QUEENS,"(40.7025579, -73.9103257)",trafficstat,False,False,False,False,False,False,False,False,False,,,,,,,
2026-07-01,00:00,40.6941992,-73.9056723,IRVING AVE,,104,UNKNOWN,Street,39.279605095802445,False,QUEENS,"(40.6941992, -73.9056723)",trafficstat,False,False,False,False,False,False,False,False,False,,,,,,,
2026-07-01,00:00,40.7107782,-73.8650102,88 ST,11385,104,OTHER,Street,1.1259507416430357,False,QUEENS,"(40.7107782, -73.8650102)",trafficstat,False,False,False,False,False,False,False,False,False,,,,,,,
2026-07-01,00:00,40.7118378,-73.9174877,WOODWARD AVE,11385,104,UNKNOWN,Street,1.9781718837619222,False,QUEENS,"(40.7118378, -73.9174877)",trafficstat,False,False,False,False,False,False,False,False,False,,,,,,,
2026-07-01,00:00,40.7261599,-73.9001161,HAMILTON PL,11378,104,UNKNOWN,Street,1.0826946489268356,False,QUEENS,"(40.7261599, -73.9001161)",trafficstat,True,False,False,False,False,False,False,True,False,,,,,,,
2026-06-30,00:00,40.7127748,-73.906815,HIMROD ST,11385,104,UNKNOWN,Street,47.77863882881207,False,QUEENS,"(40.7127748, -73.906815)",trafficstat,False,False,False,False,False,False,False,False,False,,,,,,,
2026-06-30,00:00,40.7214037,-73.8941912,68 ST,11378,104,OTHER,Street,46.17670236453446,False,QUEENS,"(40.7214037, -73.8941912)",trafficstat,False,False,False,False,False,False,False,False,False,,,,,,,
2026-06-29,00:00,40.6948048,-73.8981941,CYPRESS AVE,11385,104,UNKNOWN,Street,1.8583505269268814,False,QUEENS,"(40.6948048, -73.8981941)",trafficstat,False,False,False,False,False,False,False,False,False,,,,,,,
2026-06-29,00:00,40.7018494,-73.8833255,MYRTLE AVE,11385,104,UNKNOWN,Street,37.279179377000524,False,QUEENS,"(40.7018494, -73.8833255)",trafficstat,False,False,False,False,False,False,False,False,False,,,,,,,
2026-06-29,00:00,40.70259,-73.8952,FRESH POND RD,11385,104,UNKNOWN,Street,0.25029253080610947,False,QUEENS,"(40.70259, -73.8952)",trafficstat,False,False,False,False,False,False,False,False,False,,,,,,,
2026-06-28,00:00,40.7016618,-73.8842443,68 ST,11385,104,UNKNOWN,Street,1.0266609921711485,False,QUEENS,"(40.7016618, -73.8842443)",trafficstat,False,False,False,False,False,False,False,False,False,,,,,,,
2026-06-28,00:00,40.7132165,-73.9055823,60 ST,11378,104,UNKNOWN,Street,35.88558238642651,False,QUEENS,"(40.7132165, -73.9055823)",trafficstat,False,False,False,False,False,False,False,False,False,,,,,,,
2026-06-27,00:00,40.7130637,-73.9089047,METROPOLITAN AVE,11385,104,UNKNOWN,Street,3.500155831993713,False,QUEENS,"(40.7130637, -73.9089047)",trafficstat,True,False,False,False,False,False,False,True,False,,,,,,,
2026-06-27,00:00,40.7163953,-73.8866609,69 PL,11379,104,UNKNOWN,Street,1.1395494930181678,False,QUEENS,"(40.7163953, -73.8866609)",trafficstat,True,False,False,False,False,False,False,False,True,,,,,,,
2026-06-27,00:00,40.7001909,-73.9056044,CORNELIA ST,11385,104,UNKNOWN,Street,2.3638975583086252,False,QUEENS,"(40.7001909, -73.9056044)",trafficstat,True,False,False,True,False,True,False,False,False,,,,,,,
2026-06-27,00:00,40.7003803,-73.9064255,CYPRESS AVE,11385,104,UNKNOWN,Street,34.748196129817735,False,QUEENS,"(40.7003803, -73.9064255)",trafficstat,False,False,False,False,False,False,False,False,False,,,,,,,
2026-06-26,00:00,40.6942755,-73.9018516,WYCKOFF AVE,11385,104,UNKNOWN,Street,1.8324876017657312,False,QUEENS,"(40.6942755, -73.9018516)",trafficstat,True,False,False,False,False,False,True,False,False,,,,,,,
2026-06-26,00:00,40.7136535,-73.8811606,66 DR,11379,104,UNKNOWN,Street,37.213383824650336,False,QUEENS,"(40.7136535, -73.8811606)",trafficstat,False,False,False,False,False,False,False,False,False,,,,,,,
2026-06-26,00:00,40.709989,-73.9047429,FOREST AVE,11385,104,UNKNOWN,Street,0.28452543686206827,False,QUEENS,"(40.709989, -73.9047429)",trafficstat,True,False,False,False,False,False,False,False,True,,,,,,,
2026-06-26,00:00,40.7238888,-73.8926551,69 PL,11378,104,UNKNOWN,Street,0.8931165850926905,False,QUEENS,"(40.7238888, -73.8926551)",trafficstat,False,False,False,False,False,False,False,False,False,,,,,,,
2026-06-24,00:00,40.7158137,-73.9121079,FLUSHING AVE,11378,104,UNKNOWN,Street,12.13067519664013,False,QUEENS,"(40.7158137, -73.9121079)",trafficstat,False,False,False,False,False,False,False,False,False,,,,,,,
2026-06-24,00:00,40.7112461,-73.8709429,80 ST,11379,104,UNKNOWN,Street,0.1568261481681959,False,QUEENS,"(40.7112461, -73.8709429)",trafficstat,False,False,False,False,False,False,False,False,False,,,,,,,
2026-06-24,00:00,40.7141568,-73.8719052,80 ST,11379,104,UNKNOWN,Street,60.614314631555914,False,QUEENS,"(40.7141568, -73.8719052)",trafficstat,True,False,False,True,False,False,False,False,False,,,,,,,
2026-06-24,00:00,40.6975805,-73.8714288,JACKIE ROBINSON PKWY,11385,104,UNKNOWN,Highway,0.27773210167764906,False,QUEENS,"(40.6975805, -73.8714288)",trafficstat,True,False,False,False,False,False,False,False,True,,,,,,,
2026-06-23,00:00,40.6995842,-73.9022404,CENTRE ST,11385,104,UNKNOWN,Street,1.6801619450611678,False,QUEENS,"(40.6995842, -73.9022404)",trafficstat,True,False,True,False,False,False,False,False,False,,,,,,,
2026-06-23,00:00,40.7131365,-73.8752714,METROPOLITAN AVE,11379,104,UNKNOWN,Street,3.1940327017049217,False,QUEENS,"(40.7131365, -73.8752714)",trafficstat,False,False,False,False,False,False,False,False,False,,,,,,,
2026-06-23,00:00,40.7172958,-73.9192586,GRAND AVE,11378,104,UNKNOWN,Street,49.28843108034369,False,QUEENS,"(40.7172958, -73.9192586)",trafficstat,True,False,False,True,False,False,False,False,False,,,,,,,
2026-06-23,00:00,40.7057751,-73.8631989,86 ST,11385,104,UNKNOWN,Street,0.09442980081074896,False,QUEENS,"(40.7057751, -73.8631989)",trafficstat,False,False,False,False,False,False,False,False,False,,,,,,,
2026-06-22,00:00,40.7238807,-73.8816334,77 PL,11379,104,OTHER,Street,1.0548961164085342,False,QUEENS,"(40.7238807, -73.8816334)",trafficstat,True,False,False,False,False,False,False,False,False,,,,,,,
2026-06-22,00:00,40.7182392,-73.8726599,DRY HARBOR RD,11379,104,UNKNOWN,Street,29.68919376926507,False,QUEENS,"(40.7182392, -73.8726599)",trafficstat,False,False,False,False,False,False,False,False,False,,,,,,,
2026-06-22,00:00,40.7252044,-73.9061715,60 ST,11378,104,UNKNOWN,Street,0.6627312216999316,False,QUEENS,"(40.7252044, -73.9061715)",trafficstat,False,False,False,False,False,False,False,False,False,,,,,,,
2026-06-21,00:00,40.7008586,-73.893839,MYRTLE AVE,11385,104,OTHER,Street,3.4574427572048787,False,QUEENS,"(40.7008586, -73.893839)",trafficstat,True,False,True,False,False,False,False,False,False,,,,,,,
2026-06-21,00:00,40.7034847,-73.8636434,MYRTLE AVE,11385,104,OTHER,Street,47.30272438475588,False,QUEENS,"(40.7034847, -73.8636434)",trafficstat,True,False,False,False,False,False,True,False,False,,,,,,,
2026-06-20,00:00,40.7030922,-73.8576553,JACKIE ROBINSON PKWY,11385,104,UNKNOWN,Highway,1.5137584058325653,False,QUEENS,"(40.7030922, -73.8576553)",trafficstat,False,False,False,False,False,False,False,False,False,,,,,,,
2026-06-20,00:00,40.6897362,-73.890323,VERMONT PL,11385,104,UNKNOWN,Street,0.46880166120853767,False,QUEENS,"(40.6897362, -73.890323)",trafficstat,False,False,False,False,False,False,False,False,False,,,,,,,
2026-06-19,00:00,40.7029117,-73.8581988,MYRTLE AVE,11385,104,UNKNOWN,Bridge,2.6771439828399517,False,QUEENS,"(40.7029117, -73.8581988)",trafficstat,False,False,False,False,False,False,False,False,False,,,,,,,
2026-06-19,00:00,40.7035223,-73.9044145,MADISON ST,11385,104,OTHER,Street,39.50330843761843,False,QUEENS,"(40.7035223, -73.9044145)",trafficstat,False,False,False,False,False,False,False,False,False,,,,,,,
2026-06-19,00:00,40.7218433,-73.9044337,61 ST,11378,104,UNKNOWN,Street,0.27009648072172404,False,QUEENS,"(40.7218433, -73.9044337)",trafficstat,True,False,True,False,False,False,False,False,False,,,,,,,
2026-06-18,00:00,40.7300569,-73.8903202,73 ST,11378,104,UNKNOWN,Street,19.929233389450186,False,QUEENS,"(40.7300569, -73.8903202)",trafficstat,True,False,False,False,False,False,False,False,True,,,,,,,
2026-06-18,00:00,40.7127264,-73.8793411,73 PL,11379,104,OTHER,Street,0.4066666379513012,False,QUEENS,"(40.7127264, -73.8793411)",trafficstat,False,False,False,False,False,False,False,False,False,,,,,,,
2026-06-17,00:00,40.7130582,-73.9087857,TONSOR ST,11385,104,UNKNOWN,Street,0.4160551508353186,False,QUEENS,"(40.7130582, -73.9087857)",trafficstat,False,False,False,False,False,False,False,False,False,,,,,,,
2026-06-17,00:00,40.7032481,-73.9084313,SENECA AVE,11385,104,UNKNOWN,Street,2.3834397026690786,False,QUEENS,"(40.7032481, -73.9084313)",trafficstat,True,False,False,False,False,False,False,False,True,,,,,,,
2026-06-17,00:00,40.7242537,-73.8987749,GRAND AVE,11378,104,UNKNOWN,Street,41.491760334858775,False,QUEENS,"(40.7242537, -73.8987749)",trafficstat,True,False,False,True,False,False,False,False,False,,,,,,,
2026-06-17,00:00,40.7212527,-73.9034852,FLUSHING AVE,11378,104,OTHER,Street,45.532871090858215,False,QUEENS,"(40.7212527, -73.9034852)",trafficstat,True,False,False,False,False,True,False,False,False,,,,,,,
2026-06-17,00:00,40.7260248,-73.8932361,69 LN,11378,104,OTHER,Street,1.3870105441715086,False,QUEENS,"(40.7260248, -73.8932361)",trafficstat,False,False,False,False,False,False,False,False,False,,,,,,,
2026-06-17,00:00,40.7280959,-73.8808009,81 ST,11379,104,UNKNOWN,Street,66.09602381389712,False,QUEENS,"(40.7280959, -73.8808009)",trafficstat,False,False,False,False,False,False,False,False,False,,,,,,,
2026-06-15,00:00,40.7277586,-73.8922844,71 ST,11378,104,UNKNOWN,Street,1.2123861705373178,False,QUEENS,"(40.7277586, -73.8922844)",trafficstat,True,False,True,False,False,False,False,False,False,,,,,,,
2026-06-15,00:00,40.6971707,-73.9012198,NORMAN ST,11385,104,UNKNOWN,Street,1.9857759896024558,False,QUEENS,"(40.6971707, -73.9012198)",trafficstat,True,False,False,False,False,False,False,False,False,,,,,,,
2026-06-15,00:00,40.7084278,-73.905517,GRANDVIEW AVE,11385,104,UNKNOWN,Street,2.179708937340536,False,QUEENS,"(40.7084278, -73.905517)",trafficstat,True,False,False,False,False,False,False,True,False,,,,,,,
2026-06-14,00:00,40.710643,-73.9056401,BLEECKER ST,11385,104,UNKNOWN,Street,1.7169897608502345,False,QUEENS,"(40.710643, -73.9056401)",trafficstat,False,False,False,False,False,False,False,False,False,,,,,,,
2026-06-14,00:00,40.7053169,-73.9011821,PUTNAM AVE,11385,104,UNKNOWN,Street,37.6931967431786,False,QUEENS,"(40.7053169, -73.9011821)",trafficstat,False,False,False,False,False,False,False,False,False,,,,,,,
2026-06-14,00:00,40.7193491,-73.9123197,57 ST,11378,104,UNKNOWN,Street,0.13476710477980278,False,QUEENS,"(40.7193491, -73.9123197)",trafficstat,True,False,False,False,False,False,False,True,True,,,,,,,
2026-06-14,00:00,40.7016839,-73.9088446,PALMETTO ST,11385,104,UNKNOWN,Street,1.9095218391008626,False,QUEENS,"(40.7016839, -73.9088446)",trafficstat,True,False,False,False,False,False,False,True,False,,,,,,,
2026-06-13,00:00,40.7029577,-73.8875037,CENTRAL AVE,11385,104,OTHER,Street,52.37207792555145,False,QUEENS,"(40.7029577, -73.8875037)",trafficstat,False,False,False,False,False,False,False,False,False,,,,,,,
2026-06-13,00:00,40.7130627,-73.86003,COOPER AVE,11379,104,UNKNOWN,Street,42.772683374899856,False,QUEENS,"(40.7130627, -73.86003)",trafficstat,True,False,False,False,False,False,False,False,True,,,,,,,