crash_date,crash_time,latitude,longitude,on_street_name,zip_code,precinct,collision_type,roadway_type,geocode_dist_feet,time_is_known,borough,location,source,injury,fatality,injured_pedestrian,injured_cyclist,injured_ebike_rider,injured_motorcyclist,injured_moped_rider,injured_car_occupant,injured_suv_occupant,number_of_persons_injured,number_of_persons_killed,contributing_factor_vehicle_1,collision_id,cross_street_name,off_street_name,vehicle_type_code1
2026-06-13,00:00,40.7049701,-73.9124589,GREENE AVE,11385,104,UNKNOWN,Street,36.87972994122978,False,QUEENS,"(40.7049701, -73.9124589)",trafficstat,True,False,True,False,False,False,False,False,False,,,,,,,
2026-06-13,00:00,40.7269692,-73.8965431,68 ST,11378,104,UNKNOWN,Street,0.47152412140643596,False,QUEENS,"(40.7269692, -73.8965431)",trafficstat,True,False,False,False,False,False,False,False,False,,,,,,,
2026-06-13,00:00,40.7355881,-73.9254075,CONNECTOR RD TO BQE WB,11378,104,OTHER,Ramp,1.9905898516174625,False,QUEENS,"(40.7355881, -73.9254075)",trafficstat,True,False,False,False,False,True,False,False,False,,,,,,,
2026-06-12,00:00,40.7201558,-73.8896632,69 PL,11379,104,UNKNOWN,Street,0.9217395414247006,False,QUEENS,"(40.7201558, -73.8896632)",trafficstat,True,False,False,False,False,False,False,False,True,,,,,,,
2026-06-12,00:00,40.7084474,-73.8718609,79 PL,11385,104,OTHER,Street,0.2837513006387416,False,QUEENS,"(40.7084474, -73.8718609)",trafficstat,True,False,False,False,False,True,False,False,False,,,,,,,
2026-06-12,00:00,40.7110966,-73.9184112,TROUTMAN ST,11385,104,OTHER,Street,34.05518807876323,False,QUEENS,"(40.7110966, -73.9184112)",trafficstat,False,False,False,False,False,False,False,False,False,,,,,,,
2026-06-12,00:00,40.7094308,-73.8985521,FRESH POND RD,11385,104,UNKNOWN,Street,41.95144615330402,False,QUEENS,"(40.7094308, -73.8985521)",trafficstat,True,False,False,True,False,False,False,False,False,,,,,,,
2026-06-12,00:00,40.7160361,-73.8751582,78 ST,11379,104,UNKNOWN,Street,45.84012290475724,False,QUEENS,"(40.7160361, -73.8751582)",trafficstat,False,False,False,False,False,False,False,False,False,,,,,,,
2026-06-12,00:00,40.7029967,-73.9010924,FOREST AVE,11385,104,UNKNOWN,Street,33.87679999455209,False,QUEENS,"(40.7029967, -73.9010924)",trafficstat,False,False,False,False,False,False,False,False,False,,,,,,,
2026-09-13,00:00,40.7314243,-73.9172231,LONG ISLAND EXPY,11378,108,OTHER,Highway,0.06414925296737757,False,QUEENS,"(40.7314243, -73.9172231)",trafficstat,True,False,False,False,False,False,False,False,True,,,,,,,
2026-09-13,00:00,40.7421814,-73.958864,2 ST,11101,108,OTHER,Street,0.6779075618944509,False,QUEENS,"(40.7421814, -73.958864)",trafficstat,False,False,False,False,False,False,False,False,False,,,,,,,
2026-08-05,00:00,40.7421814,-73.958864,2 ST,11101,108,OTHER,Street,0.6779075618944509,False,QUEENS,"(40.7421814, -73.958864)",trafficstat,True,False,True,False,False,False,False,False,False,,,,,,,
2026-07-03,00:00,40.7421814,-73.958864,2 ST,11101,108,UNKNOWN,Street,0.6779075618944509,False,QUEENS,"(40.7421814, -73.958864)",trafficstat,True,False,False,False,False,False,False,True,False,,,,,,,
2026-09-13,00:00,40.7444325,-73.9493552,JACKSON AVE,11101,108,UNKNOWN,Street,55.457515487430875,False,QUEENS,"(40.7444325, -73.9493552)",trafficstat,False,False,False,False,False,False,False,False,False,,,,,,,
2026-09-13,00:00,40.7457416,-73.8946062,BROOKLYN QUEENS EXPY,11377,108,UNKNOWN,Highway,17.71899422145257,False,QUEENS,"(40.7457416, -73.8946062)",trafficstat,True,False,False,False,False,False,False,True,False,,,,,,,
2026-09-12,00:00,40.74547,-73.9465411,CRANE ST,11101,108,UNKNOWN,Street,0.7542559641043695,False,QUEENS,"(40.74547, -73.9465411)",trafficstat,False,False,False,False,False,False,False,False,False,,,,,,,
2026-06-16,00:00,40.74547,-73.9465411,CRANE ST,11101,108,UNKNOWN,Street,0.7542559641043695,False,QUEENS,"(40.74547, -73.9465411)",trafficstat,True,False,False,False,False,True,False,False,False,,,,,,,
2026-09-12,00:00,40.7360324,-73.9248802,51 AVE,11104,108,OTHER,Street,2.6754883322927796,False,QUEENS,"(40.7360324, -73.9248802)",trafficstat,False,False,False,False,False,False,False,False,False,,,,,,,
2026-09-12,00:00,40.7378396,-73.9356907,LONG ISLAND EXPY,11101,108,UNKNOWN,Highway,6.202181611030512,False,QUEENS,"(40.7378396, -73.9356907)",trafficstat,False,False,False,False,False,False,False,False,False,,,,,,,
2026-09-12,00:00,40.7402724,-73.8958512,69 ST,11377,108,UNKNOWN,Street,0.37303564270973805,False,QUEENS,"(40.7402724, -73.8958512)",trafficstat,True,False,False,True,False,False,False,False,False,,,,,,,
2026-08-30,00:00,40.7402724,-73.8958512,69 ST,11377,108,UNKNOWN,Street,0.37303564270973805,False,QUEENS,"(40.7402724, -73.8958512)",trafficstat,True,False,False,False,False,False,False,False,True,,,,,,,
2026-08-01,00:00,40.7402724,-73.8958512,69 ST,11377,108,UNKNOWN,Street,0.37303564270973805,False,QUEENS,"(40.7402724, -73.8958512)",trafficstat,True,False,False,False,False,False,False,False,False,,,,,,,
2026-09-12,00:00,40.7384398,-73.8998704,65 PL,11377,108,OTHER,Street,0.05700817565071346,False,QUEENS,"(40.7384398, -73.8998704)",trafficstat,True,False,False,False,False,False,False,False,True,,,,,,,
2026-09-12,00:00,40.7397909,-73.8974413,67 ST,11377,108,UNKNOWN,Street,58.82343932303856,False,QUEENS,"(40.7397909, -73.8974413)",trafficstat,False,False,False,False,False,False,False,False,False,,,,,,,
2026-09-06,00:00,40.7397909,-73.8974413,67 ST,11377,108,OTHER,Street,58.82343932303856,False,QUEENS,"(40.7397909, -73.8974413)",trafficstat,False,False,False,False,False,False,False,False,False,,,,,,,
2026-09-12,00:00,40.7452377,-73.9376959,THOMSON AVE,11101,108,UNKNOWN,Street,3.154742832450273,False,QUEENS,"(40.7452377, -73.9376959)",trafficstat,True,False,False,False,False,True,False,False,False,,,,,,,
2026-09-07,00:00,40.7452377,-73.9376959,THOMSON AVE,11101,108,OTHER,Street,3.154742832450273,False,QUEENS,"(40.7452377, -73.9376959)",trafficstat,False,False,False,False,False,False,False,False,False,,,,,,,
2026-09-03,00:00,40.7452377,-73.9376959,THOMSON AVE,11101,108,UNKNOWN,Street,3.154742832450273,False,QUEENS,"(40.7452377, -73.9376959)",trafficstat,False,False,False,False,False,False,False,False,False,,,,,,,
2026-07-14,00:00,40.7452377,-73.9376959,THOMSON AVE,11101,108,UNKNOWN,Street,3.154742832450273,False,QUEENS,"(40.7452377, -73.9376959)",trafficstat,True,False,False,False,False,True,False,False,False,,,,,,,
2026-07-05,00:00,40.7452377,-73.9376959,THOMSON AVE,11101,108,UNKNOWN,Street,3.154742832450273,False,QUEENS,"(40.7452377, -73.9376959)",trafficstat,True,False,False,False,False,False,False,True,False,,,,,,,
2026-09-11,00:00,40.746783,-73.9198697,44 ST,11104,108,UNKNOWN,Street,0.7092793433868018,False,QUEENS,"(40.746783, -73.9198697)",trafficstat,False,False,False,False,False,False,False,False,False,,,,,,,
2026-09-05,00:00,40.746783,-73.9198697,44 ST,11104,108,UNKNOWN,Street,0.7092793433868018,False,QUEENS,"(40.746783, -73.9198697)",trafficstat,True,False,False,False,False,False,True,False,False,,,,,,,
2026-09-11,00:00,40.7455956,-73.9033891,61 ST,11377,108,UNKNOWN,Street,1.1952284087385674,False,QUEENS,"(40.7455956, -73.9033891)",trafficstat,False,False,False,False,False,False,False,False,False,,,,,,,
2026-09-11,00:00,40.7403637,-73.8997123,65 PL,11377,108,UNKNOWN,Bridge,0.3831421772826513,False,QUEENS,"(40.7403637, -73.8997123)",trafficstat,True,False,False,False,False,False,False,False,True,,,,,,,
2026-09-10,00:00,40.7403637,-73.8997123,65 PL,11377,108,UNKNOWN,Bridge,0.3831421772826513,False,QUEENS,"(40.7403637, -73.8997123)",trafficstat,False,False,False,False,False,False,False,False,False,,,,,,,
2026-09-11,00:00,40.7280377,-73.9147864,55 AVE,11378,108,UNKNOWN,Street,33.66971864192284,False,QUEENS,"(40.7280377, -73.9147864)",trafficstat,True,False,False,False,False,True,False,False,False,,,,,,,
2026-09-11,00:00,40.7440287,-73.9261523,39 ST,11104,108,UNKNOWN,Street,0.7636812237353123,False,QUEENS,"(40.7440287, -73.9261523)",trafficstat,True,False,False,False,False,False,False,True,False,,,,,,,
2026-08-20,00:00,40.7440287,-73.9261523,39 ST,11104,108,UNKNOWN,Street,0.7636812237353123,False,QUEENS,"(40.7440287, -73.9261523)",trafficstat,False,False,False,False,False,False,False,False,False,,,,,,,
2026-07-30,00:00,40.7440287,-73.9261523,39 ST,11104,108,OTHER,Street,0.7636812237353123,False,QUEENS,"(40.7440287, -73.9261523)",trafficstat,False,False,False,False,False,False,False,False,False,,,,,,,
2026-07-06,00:00,40.7440287,-73.9261523,39 ST,11104,108,OTHER,Street,0.7636812237353123,False,QUEENS,"(40.7440287, -73.9261523)",trafficstat,True,False,False,False,False,False,False,True,False,,,,,,,
2026-09-10,00:00,40.7448661,-73.9359346,THOMSON AVE,11101,108,UNKNOWN,Street,58.72317076863264,False,QUEENS,"(40.7448661, -73.9359346)",trafficstat,False,False,False,False,False,False,False,False,False,,,,,,,
2026-09-10,00:00,40.7422554,-73.9539354,VERNON BLVD,11101,108,UNKNOWN,Street,28.819860876054218,False,QUEENS,"(40.7422554, -73.9539354)",trafficstat,False,False,False,False,False,False,False,False,False,,,,,,,
2026-09-10,00:00,40.7519078,-73.9025787,59 ST,11377,108,UNKNOWN,Street,1.1351772270692955,False,QUEENS,"(40.7519078, -73.9025787)",trafficstat,False,False,False,False,False,False,False,False,False,,,,,,,
2026-09-09,00:00,40.7522176,-73.9488059,10 ST,11101,108,UNKNOWN,Street,2.3623990244834627,False,QUEENS,"(40.7522176, -73.9488059)",trafficstat,False,False,False,False,False,False,False,False,False,,,,,,,
2026-08-25,00:00,40.7522176,-73.9488059,10 ST,11101,108,UNKNOWN,Street,2.3623990244834627,False,QUEENS,"(40.7522176, -73.9488059)",trafficstat,False,False,False,False,False,False,False,False,False,,,,,,,
2026-06-24,00:00,40.7522176,-73.9488059,10 ST,11101,108,UNKNOWN,Street,2.3623990244834627,False,QUEENS,"(40.7522176, -73.9488059)",trafficstat,False,False,False,False,False,False,False,False,False,,,,,,,
2026-09-09,00:00,40.7392641,-73.9615933,57 AVE,11101,108,OTHER,Street,46.707309435166536,False,QUEENS,"(40.7392641, -73.9615933)",trafficstat,True,False,False,False,False,False,False,False,True,,,,,,,
2026-09-08,00:00,40.727209,-73.9074098,BORDEN AVE,11378,108,UNKNOWN,Street,2.0207030608594554,False,QUEENS,"(40.727209, -73.9074098)",trafficstat,True,False,False,False,False,False,False,True,False,,,,,,,
2026-08-21,00:00,40.727209,-73.9074098,BORDEN AVE,11378,108,UNKNOWN,Street,2.0207030608594554,False,QUEENS,"(40.727209, -73.9074098)",trafficstat,True,False,False,False,False,False,False,True,False,,,,,,,
2026-08-09,00:00,40.727209,-73.9074098,BORDEN AVE,11378,108,UNKNOWN,Street,2.0207030608594554,False,QUEENS,"(40.727209, -73.9074098)",trafficstat,False,False,False,False,False,False,False,False,False,,,,,,,
2026-07-30,00:00,40.727209,-73.9074098,BORDEN AVE,11378,108,UNKNOWN,Street,2.0207030608594554,False,QUEENS,"(40.727209, -73.9074098)",trafficstat,True,False,False,False,False,False,False,True,False,,,,,,,
2026-07-17,00:00,40.727209,-73.9074098,BORDEN AVE,11378,108,UNKNOWN,Street,2.0207030608594554,False,QUEENS,"(40.727209, -73.9074098)",trafficstat,True,False,False,False,False,False,False,True,False,,,,,,,
2026-07-04,00:00,40.727209,-73.9074098,BORDEN AVE,11378,108,OTHER,Street,2.0207030608594554,False,QUEENS,"(40.727209, -73.9074098)",trafficstat,True,False,False,False,False,False,False,False,True,,,,,,,
2026-07-03,00:00,40.727209,-73.9074098,BORDEN AVE,11378,108,UNKNOWN,Street,2.0207030608594554,False,QUEENS,"(40.727209, -73.9074098)",trafficstat,False,False,False,False,False,False,False,False,False,,,,,,,
2026-06-17,00:00,40.727209,-73.9074098,BORDEN AVE,11378,108,UNKNOWN,Street,2.0207030608594554,False,QUEENS,"(40.727209, -73.9074098)",trafficstat,True,False,False,False,False,False,False,True,False,,,,,,,
2026-09-08,00:00,40.7229398,-73.9205333,MASPETH AVE,11378,108,OTHER,Street,3.2013600429956672,False,QUEENS,"(40.7229398, -73.9205333)",trafficstat,False,False,False,False,False,False,False,False,False,,,,,,,
2026-09-08,00:00,40.7350214,-73.9193678,47 ST,11377,108,OTHER,Street,1.100394118522766,False,QUEENS,"(40.7350214, -73.9193678)",trafficstat,False,False,False,False,False,False,False,False,False,,,,,,,
2026-09-08,00:00,40.748383,-73.9051355,58 ST,11377,108,OTHER,Street,1.5073746612864023,False,QUEENS,"(40.748383, -73.9051355)",trafficstat,False,False,False,False,False,False,False,False,False,,,,,,,
2026-09-08,00:00,40.7430459,-73.9177522,47 ST,11104,108,UNKNOWN,Street,0.7337968089780993,False,QUEENS,"(40.7430459, -73.9177522)",trafficstat,False,False,False,False,False,False,False,False,False,,,,,,,
2026-09-08,00:00,40.7457143,-73.894729,BROOKLYN QUEENS EXPY,11377,108,OTHER,Highway,4.358937246068569,False,QUEENS,"(40.7457143, -73.894729)",trafficstat,False,False,False,False,False,False,False,False,False,,,,,,,
2026-09-07,00:00,40.7501827,-73.9407601,CRESCENT ST,11101,108,UNKNOWN,Street,43.90715133967365,False,QUEENS,"(40.7501827, -73.9407601)",trafficstat,True,False,False,False,False,False,True,False,False,,,,,,,
2026-09-07,00:00,40.745297,-73.8941551,71 ST,11377,108,UNKNOWN,Street,29.788899966639686,False,QUEENS,"(40.745297, -73.8941551)",trafficstat,False,False,False,False,False,False,False,False,False,,,,,,,
2026-09-07,00:00,40.7409162,-73.9522573,11 ST,11101,108,OTHER,Street,1.3314150402872926,False,QUEENS,"(40.7409162, -73.9522573)",trafficstat,False,False,False,False,False,False,False,False,False,,,,,,,
2026-09-07,00:00,40.7380405,-73.9367969,31 ST,11101,108,UNKNOWN,Street,0.5660490773951998,False,QUEENS,"(40.7380405, -73.9367969)",trafficstat,False,False,False,False,False,False,False,False,False,,,,,,,
2026-06-25,00:00,40.7380405,-73.9367969,31 ST,11101,108,OTHER,Street,0.5660490773951998,False,QUEENS,"(40.7380405, -73.9367969)",trafficstat,False,False,False,False,False,False,False,False,False,,,,,,,
2026-09-06,00:00,40.73832,-73.8996732,48 AVE,11377,108,UNKNOWN,Street,45.29237871390444,False,QUEENS,"(40.73832, -73.8996732)",trafficstat,False,False,False,False,False,False,False,False,False,,,,,,,
2026-09-06,00:00,40.7345825,-73.9370921,GREENPOINT AVE,11101,108,OTHER,Street,33.2243127772908,False,QUEENS,"(40.7345825, -73.9370921)",trafficstat,False,False,False,False,False,False,False,False,False,,,,,,,
2026-09-06,00:00,40.7484389,-73.8967371,69 ST,11377,108,UNKNOWN,Street,0.27242635864379766,False,QUEENS,"(40.7484389, -73.8967371)",trafficstat,True,False,False,False,False,False,False,True,False,,,,,,,
2026-09-06,00:00,40.7532267,-73.9467081,11 ST,11101,108,OTHER,Street,1.7176660015565348,False,QUEENS,"(40.7532267, -73.9467081)",trafficstat,True,False,True,False,False,False,False,False,False,,,,,,,
2026-06-28,00:00,40.7532267,-73.9467081,11 ST,11101,108,OTHER,Street,1.7176660015565348,False,QUEENS,"(40.7532267, -73.9467081)",trafficstat,True,False,False,True,False,False,False,False,False,,,,,,,
2026-09-06,00:00,40.7470004,-73.8964542,69 ST,11377,108,UNKNOWN,Street,0.4393107375825262,False,QUEENS,"(40.7470004, -73.8964542)",trafficstat,False,False,False,False,False,False,False,False,False,,,,,,,
2026-07-04,00:00,40.7470004,-73.8964542,69 ST,11377,108,UNKNOWN,Street,0.4393107375825262,False,QUEENS,"(40.7470004, -73.8964542)",trafficstat,False,False,False,False,False,False,False,False,False,,,,,,,
2026-09-06,00:00,40.7451448,-73.933506,VAN DAM ST,11101,108,UNKNOWN,Street,0.46020324611242086,False,QUEENS,"(40.7451448, -73.933506)",trafficstat,True,False,False,False,False,False,False,True,False,,,,,,,
2026-08-25,00:00,40.7451448,-73.933506,VAN DAM ST,11101,108,UNKNOWN,Street,0.46020324611242086,False,QUEENS,"(40.7451448, -73.933506)",trafficstat,False,False,False,False,False,False,False,False,False,,,,,,,
2026-07-15,00:00,40.7451448,-73.933506,VAN DAM ST,11101,108,UNKNOWN,Street,0.46020324611242086,False,QUEENS,"(40.7451448, -73.933506)",trafficstat,True,False,False,False,False,False,True,False,False,,,,,,,
2026-09-05,00:00,40.7478278,-73.9472801,21 ST,11101,108,UNKNOWN,Street,46.41074177118975,False,QUEENS,"(40.7478278, -73.9472801)",trafficstat,False,False,False,False,False,False,False,False,False,,,,,,,
2026-09-05,00:00,40.7343394,-73.9102396,58 ST,11378,108,UNKNOWN,Street,1.1839412700346557,False,QUEENS,"(40.7343394, -73.9102396)",trafficstat,True,False,False,False,False,True,False,False,False,,,,,,,
2026-09-04,00:00,40.7354132,-73.9183462,48 ST,11377,108,UNKNOWN,Street,1.1757410470619134,False,QUEENS,"(40.7354132, -73.9183462)",trafficstat,False,False,False,False,False,False,False,False,False,,,,,,,
2026-07-11,00:00,40.7354132,-73.9183462,48 ST,11377,108,UNKNOWN,Street,1.1757410470619134,False,QUEENS,"(40.7354132, -73.9183462)",trafficstat,True,False,False,False,False,False,False,True,False,,,,,,,
2026-09-04,00:00,40.7318145,-73.9260324,LAUREL HILL BLVD,11378,108,UNKNOWN,Street,2.1143229312560865,False,QUEENS,"(40.7318145, -73.9260324)",trafficstat,True,False,False,False,False,False,False,True,True,,,,,,,
2026-09-04,00:00,40.7379929,-73.903678,61 ST,11377,108,UNKNOWN,Street,0.7468051908922307,False,QUEENS,"(40.7379929, -73.903678)",trafficstat,False,False,False,False,False,False,False,False,False,,,,,,,
2026-09-04,00:00,40.73938,-73.96185,57 AVE,11101,108,UNKNOWN,Street,1.1928955520949092,False,QUEENS,"(40.73938, -73.96185)",trafficstat,False,False,False,False,False,False,False,False,False,,,,,,,
2026-09-04,00:00,40.7446716,-73.8950937,70 ST,11377,108,UNKNOWN,Bridge,0.07671878629728983,False,QUEENS,"(40.7446716, -73.8950937)",trafficstat,False,False,False,False,False,False,False,False,False,,,,,,,
2026-09-04,00:00,40.7443166,-73.9584585,CENTER BLVD,11109,108,UNKNOWN,Street,2.264397415768846,False,QUEENS,"(40.7443166, -73.9584585)",trafficstat,True,False,False,False,False,False,False,False,False,,,,,,,
2026-09-04,00:00,40.7410305,-73.9255792,39 PL,11104,108,UNKNOWN,Street,51.02981236343405,False,QUEENS,"(40.7410305, -73.9255792)",trafficstat,False,False,False,False,False,False,False,False,False,,,,,,,
2026-09-04,00:00,40.7406135,-73.8925211,45 AVE,11377,108,OTHER,Street,39.25835264084929,False,QUEENS,"(40.7406135, -73.8925211)",trafficstat,False,False,False,False,False,False,False,False,False,,,,,,,
2026-09-04,00:00,40.7529958,-73.9106765,WOODSIDE AVE,11377,108,OTHER,Street,1.8130601018406511,False,QUEENS,"(40.7529958, -73.9106765)",trafficstat,True,False,False,True,False,False,False,False,False,,,,,,,
2026-09-03,00:00,40.7501767,-73.9398423,27 ST,11101,108,UNKNOWN,Street,2.1910923109771474,False,QUEENS,"(40.7501767, -73.9398423)",trafficstat,False,False,False,False,False,False,False,False,False,,,,,,,
2026-08-13,00:00,40.7501767,-73.9398423,27 ST,11101,108,OTHER,Street,2.1910923109771474,False,QUEENS,"(40.7501767, -73.9398423)",trafficstat,False,False,False,False,False,False,False,False,False,,,,,,,
2026-09-03,00:00,40.7451831,-73.9359915,THOMSON AVE,11101,108,UNKNOWN,Street,53.12358237382394,False,QUEENS,"(40.7451831, -73.9359915)",trafficstat,True,False,True,False,False,False,False,False,False,,,,,,,
2026-09-03,00:00,40.7408953,-73.9347407,48 AVE,11101,108,OTHER,Street,69.01631930995833,False,QUEENS,"(40.7408953, -73.9347407)",trafficstat,False,False,False,False,False,False,False,False,False,,,,,,,
2026-09-03,00:00,40.7322499,-73.9245128,43 ST,11378,108,UNKNOWN,Street,1.9521996739876468,False,QUEENS,"(40.7322499, -73.9245128)",trafficstat,False,False,False,False,False,False,False,False,False,,,,,,,
2026-08-13,00:00,40.7322499,-73.9245128,43 ST,11378,108,UNKNOWN,Street,1.9521996739876468,False,QUEENS,"(40.7322499, -73.9245128)",trafficstat,False,False,False,False,False,False,False,False,False,,,,,,,
2026-09-03,00:00,40.7309234,-73.9154522,LONG ISLAND EXPY,11378,108,OTHER,Highway,2.35018837945473,False,QUEENS,"(40.7309234, -73.9154522)",trafficstat,True,False,False,False,False,False,False,False,True,,,,,,,
2026-06-30,00:00,40.7309234,-73.9154522,LONG ISLAND EXPY,11378,108,OTHER,Highway,2.35018837945473,False,QUEENS,"(40.7309234, -73.9154522)",trafficstat,True,True,False,False,False,False,False,True,True,,,,,,,
2026-09-02,00:00,40.7407176,-73.9442412,50 AVE,11101,108,OTHER,Street,40.92385271429229,False,QUEENS,"(40.7407176, -73.9442412)",trafficstat,False,False,False,False,False,False,False,False,False,,,,,,,
2026-09-01,00:00,40.742731,-73.9149846,50 ST,11377,108,OTHER,Street,0.8523199512619549,False,QUEENS,"(40.742731, -73.9149846)",trafficstat,True,False,False,False,False,False,False,False,False,,,,,,,
2026-09-01,00:00,40.7404589,-73.9372673,30 PL,11101,108,UNKNOWN,Street,1.0351656935462619,False,QUEENS,"(40.7404589, -73.9372673)",trafficstat,True,False,False,False,False,False,False,True,False,,,,,,,
2026-09-01,00:00,40.7481081,-73.9473546,21 ST,11101,108,UNKNOWN,Street,1.1718306150723041,False,QUEENS,"(40.7481081, -73.9473546)",trafficstat,False,False,False,False,False,False,False,False,False,,,,,,,
2026-08-31,00:00,40.7476206,-73.9565039,CENTER BLVD,11109,108,OTHER,Street,0.5933080717002367,False,QUEENS,"(40.7476206, -73.9565039)",trafficstat,True,False,False,False,False,False,False,True,False,,,,,,,
2026-07-11,00:00,40.7476206,-73.9565039,CENTER BLVD,11109,108,OTHER,Street,0.5933080717002367,False,QUEENS,"(40.7476206, -73.9565039)",trafficstat,True,False,True,False,False,False,False,False,False,,,,,,,
2026-08-31,00:00,40.751453,-73.94947,10 ST,11101,108,UNKNOWN,Street,1.9289517821279207,False,QUEENS,"(40.751453, -73.94947)",trafficstat,False,False,False,False,False,False,False,False,False,,,,,,,
2026-08-31,00:00,40.7365827,-73.9077121,BROOKLYN QUEENS EXPY,11377,108,UNKNOWN,Highway,2.926851262963681,False,QUEENS,"(40.7365827, -73.9077121)",trafficstat,True,False,False,False,False,False,False,False,True,,,,,,,
2026-08-31,00:00,40.7516709,-73.941873,QUEENS PLZ N,11101,108,UNKNOWN,Street,2.043354452031445,False,QUEENS,"(40.7516709, -73.941873)",trafficstat,True,False,False,False,False,False,False,True,False,,,,,,,
2026-08-31,00:00,40.744969,-73.9368437,THOMSON AVE,11101,108,UNKNOWN,Street,59.83237291759405,False,QUEENS,"(40.744969, -73.9368437)",trafficstat,False,False,False,False,False,False,False,False,False,,,,,,,
2026-08-30,00:00,40.7424824,-73.9128919,52 ST,11377,108,OTHER,Street,0.956710297318891,False,QUEENS,"(40.7424824, -73.9128919)",trafficstat,True,False,False,False,False,False,True,False,False,,,,,,,
2026-08-06,00:00,40.7424824,-73.9128919,52 ST,11377,108,UNKNOWN,Street,0.956710297318891,False,QUEENS,"(40.7424824, -73.9128919)",trafficstat,False,False,False,False,False,False,False,False,False,,,,,,,
2026-08-30,00:00,40.7414068,-73.9315124,34 ST,11101,108,UNKNOWN,Street,34.4757261446933,False,QUEENS,"(40.7414068, -73.9315124)",trafficstat,False,False,False,False,False,False,False,False,False,,,,,,,
2026-08-29,00:00,40.7414068,-73.9315124,34 ST,11101,108,UNKNOWN,Street,34.4757261446933,False,QUEENS,"(40.7414068, -73.9315124)",trafficstat,False,False,False,False,False,False,False,False,False,,,,,,,
2026-08-30,00:00,40.7376799,-73.9216921,44 ST,11377,108,UNKNOWN,Street,0.9833888415752716,False,QUEENS,"(40.7376799, -73.9216921)",trafficstat,False,False,False,False,False,False,False,False,False,,,,,,,
2026-08-30,00:00,40.737537,-73.9299448,HUNTERS POINT AVE,11101,108,UNKNOWN,Street,1.8592213697912086,False,QUEENS,"(40.737537, -73.9299448)",trafficstat,False,False,False,False,False,False,False,False,False,,,,,,,
2026-08-30,00:00,40.7384376,-73.8953768,48 AVE,11377,108,UNKNOWN,Street,31.52155571032528,False,QUEENS,"(40.7384376, -73.8953768)",trafficstat,False,False,False,False,False,False,False,False,False,,,,,,,
2026-08-30,00:00,40.7488156,-73.9423971,CRESCENT ST,11101,108,UNKNOWN,Street,41.54629422817853,False,QUEENS,"(40.7488156, -73.9423971)",trafficstat,False,False,False,False,False,False,False,False,False,,,,,,,
2026-08-30,00:00,40.745329,-73.9014549,63 ST,11377,108,UNKNOWN,Street,34.91922795732199,False,QUEENS,"(40.745329, -73.9014549)",trafficstat,False,False,False,False,False,False,False,False,False,,,,,,,
2026-08-29,00:00,40.7524048,-73.9439621,ED KOCH QUEENSBORO BR BIKE PATH,11101,108,UNKNOWN,Bridge,2.0544777547875177,False,QUEENS,"(40.7524048, -73.9439621)",trafficstat,True,False,False,False,False,False,False,False,False,,,,,,,
2026-07-01,00:00,40.7524048,-73.9439621,ED KOCH QUEENSBORO BR BIKE PATH,11101,108,UNKNOWN,Bridge,2.0544777547875177,False,QUEENS,"(40.7524048, -73.9439621)",trafficstat,True,False,False,False,False,False,False,True,False,,,,,,,
2026-06-19,00:00,40.7524048,-73.9439621,ED KOCH QUEENSBORO BR BIKE PATH,11101,108,UNKNOWN,Bridge,2.0544777547875177,False,QUEENS,"(40.7524048, -73.9439621)",trafficstat,False,False,False,False,False,False,False,False,False,,,,,,,
2026-08-29,00:00,40.7470645,-73.8963921,38 AVE,11377,108,UNKNOWN,Street,19.892446891287626,False,QUEENS,"(40.7470645, -73.8963921)",trafficstat,False,False,False,False,False,False,False,False,False,,,,,,,
2026-08-29,00:00,40.745869,-73.8988633,65 PL,11377,108,UNKNOWN,Street,36.511000278768144,False,QUEENS,"(40.745869, -73.8988633)",trafficstat,False,False,False,False,False,False,False,False,False,,,,,,,
2026-08-29,00:00,40.7406064,-73.9236941,41 ST,11104,108,OTHER,Street,69.7207336810433,False,QUEENS,"(40.7406064, -73.9236941)",trafficstat,False,False,False,False,False,False,False,False,False,,,,,,,
2026-08-29,00:00,40.7372017,-73.9061813,BROOKLYN QUEENS EXPY,11377,108,OTHER,Highway,8.393652254790998,False,QUEENS,"(40.7372017, -73.9061813)",trafficstat,False,False,False,False,False,False,False,False,False,,,,,,,
2026-08-29,00:00,40.7380502,-73.8996384,65 PL,11377,108,UNKNOWN,Street,68.5432822858113,False,QUEENS,"(40.7380502, -73.8996384)",trafficstat,False,False,False,False,False,False,False,False,False,,,,,,,
2026-08-29,00:00,40.7299328,-73.9120763,LONG ISLAND EXPY,11378,108,UNKNOWN,Highway,3.2964812141022253,False,QUEENS,"(40.7299328, -73.9120763)",trafficstat,False,False,False,False,False,False,False,False,False,,,,,,,