crash_date,crash_time,latitude,longitude,on_street_name,zip_code,precinct,collision_type,roadway_type,geocode_dist_feet,time_is_known,borough,location,source,injury,fatality,injured_pedestrian,injured_cyclist,injured_ebike_rider,injured_motorcyclist,injured_moped_rider,injured_car_occupant,injured_suv_occupant,number_of_persons_injured,number_of_persons_killed,contributing_factor_vehicle_1,collision_id,cross_street_name,off_street_name,vehicle_type_code1
2026-07-27,00:00,40.7299328,-73.9120763,LONG ISLAND EXPY,11378,108,UNKNOWN,Highway,3.2964812141022253,False,QUEENS,"(40.7299328, -73.9120763)",trafficstat,False,False,False,False,False,False,False,False,False,,,,,,,
2026-06-12,00:00,40.7299328,-73.9120763,LONG ISLAND EXPY,11378,108,UNKNOWN,Highway,3.2964812141022253,False,QUEENS,"(40.7299328, -73.9120763)",trafficstat,False,False,False,False,False,False,False,False,False,,,,,,,
2026-08-29,00:00,40.7337618,-73.9374216,REVIEW AVE,11101,108,UNKNOWN,Street,1.8762990246954958,False,QUEENS,"(40.7337618, -73.9374216)",trafficstat,True,False,False,False,False,False,False,False,True,,,,,,,
2026-08-29,00:00,40.7277844,-73.9290185,KOSCIUSZKO BRG,11378,108,UNKNOWN,Bridge,17.18694314171514,False,QUEENS,"(40.7277844, -73.9290185)",trafficstat,True,False,False,False,False,False,False,False,True,,,,,,,
2026-08-29,00:00,40.7418459,-73.8965994,68 ST,11377,108,UNKNOWN,Street,1.175277236097752,False,QUEENS,"(40.7418459, -73.8965994)",trafficstat,True,False,False,False,False,False,False,True,False,,,,,,,
2026-08-29,00:00,40.7429362,-73.951895,11 ST,11101,108,UNKNOWN,Street,1.6458714649836417,False,QUEENS,"(40.7429362, -73.951895)",trafficstat,False,False,False,False,False,False,False,False,False,,,,,,,
2026-08-15,00:00,40.7429362,-73.951895,11 ST,11101,108,UNKNOWN,Street,1.6458714649836417,False,QUEENS,"(40.7429362, -73.951895)",trafficstat,True,False,False,False,False,True,False,False,False,,,,,,,
2026-08-29,00:00,40.7456591,-73.9557402,5 ST,11101,108,UNKNOWN,Street,34.59235688640483,False,QUEENS,"(40.7456591, -73.9557402)",trafficstat,False,False,False,False,False,False,False,False,False,,,,,,,
2026-08-28,00:00,40.7416722,-73.8957371,69 ST,11377,108,UNKNOWN,Street,0.5783237605701468,False,QUEENS,"(40.7416722, -73.8957371)",trafficstat,True,False,False,True,False,False,False,False,False,,,,,,,
2026-08-28,00:00,40.7289557,-73.9279276,KOSCIUSZKO BRG,11378,108,UNKNOWN,Bridge,33.033033758225706,False,QUEENS,"(40.7289557, -73.9279276)",trafficstat,True,False,False,False,False,False,False,True,False,,,,,,,
2026-07-12,00:00,40.7289557,-73.9279276,KOSCIUSZKO BRG,11378,108,UNKNOWN,Bridge,33.033033758225706,False,QUEENS,"(40.7289557, -73.9279276)",trafficstat,True,False,False,False,False,False,False,True,False,,,,,,,
2026-08-28,00:00,40.7376252,-73.9001155,65 PL,11377,108,OTHER,Street,59.007884163583356,False,QUEENS,"(40.7376252, -73.9001155)",trafficstat,False,False,False,False,False,False,False,False,False,,,,,,,
2026-08-27,00:00,40.7380001,-73.9244702,41 ST,11104,108,OTHER,Street,1.3498720764293606,False,QUEENS,"(40.7380001, -73.9244702)",trafficstat,True,False,True,False,False,False,False,False,False,,,,,,,
2026-08-27,00:00,40.7301463,-73.9269305,KOSCIUSZKO BRG,11378,108,UNKNOWN,Bridge,44.22578175828402,False,QUEENS,"(40.7301463, -73.9269305)",trafficstat,True,False,False,False,False,False,False,True,False,,,,,,,
2026-08-27,00:00,40.7300067,-73.9118705,LONG ISLAND EXPY,11378,108,UNKNOWN,Highway,0.027143675735666985,False,QUEENS,"(40.7300067, -73.9118705)",trafficstat,True,False,False,False,False,False,False,True,False,,,,,,,
2026-07-21,00:00,40.7300067,-73.9118705,LONG ISLAND EXPY,11378,108,UNKNOWN,Highway,0.027143675735666985,False,QUEENS,"(40.7300067, -73.9118705)",trafficstat,True,False,False,False,False,False,False,False,True,,,,,,,
2026-07-18,00:00,40.7300067,-73.9118705,LONG ISLAND EXPY,11378,108,UNKNOWN,Highway,0.027143675735666985,False,QUEENS,"(40.7300067, -73.9118705)",trafficstat,True,False,False,False,False,False,False,False,True,,,,,,,
2026-07-10,00:00,40.7300067,-73.9118705,LONG ISLAND EXPY,11378,108,UNKNOWN,Highway,0.027143675735666985,False,QUEENS,"(40.7300067, -73.9118705)",trafficstat,True,False,False,False,False,False,False,True,False,,,,,,,
2026-08-27,00:00,40.7352924,-73.9183716,48 ST,11377,108,OTHER,Street,1.176896372851305,False,QUEENS,"(40.7352924, -73.9183716)",trafficstat,False,False,False,False,False,False,False,False,False,,,,,,,
2026-08-27,00:00,40.7423228,-73.9021416,63 ST,11377,108,UNKNOWN,Street,1.1853351717828855,False,QUEENS,"(40.7423228, -73.9021416)",trafficstat,False,False,False,False,False,False,False,False,False,,,,,,,
2026-08-27,00:00,40.7490398,-73.9442645,23 ST,11101,108,UNKNOWN,Street,2.267386570117888,False,QUEENS,"(40.7490398, -73.9442645)",trafficstat,True,False,False,False,True,False,False,False,False,,,,,,,
2026-08-26,00:00,40.7492364,-73.9485787,44 RD,11101,108,UNKNOWN,Street,32.76475190814763,False,QUEENS,"(40.7492364, -73.9485787)",trafficstat,True,False,False,True,False,False,False,False,False,,,,,,,
2026-08-26,00:00,40.7464489,-73.8998258,64 ST,11377,108,UNKNOWN,Street,1.3644374878638497,False,QUEENS,"(40.7464489, -73.8998258)",trafficstat,False,False,False,False,False,False,False,False,False,,,,,,,
2026-08-26,00:00,40.7434822,-73.9214795,43 ST,11104,108,OTHER,Street,1.2618798296210592,False,QUEENS,"(40.7434822, -73.9214795)",trafficstat,True,False,True,False,False,False,False,False,False,,,,,,,
2026-06-25,00:00,40.7434822,-73.9214795,43 ST,11104,108,OTHER,Street,1.2618798296210592,False,QUEENS,"(40.7434822, -73.9214795)",trafficstat,True,False,False,True,False,False,False,False,False,,,,,,,
2026-08-26,00:00,40.73725,-73.917984,48 ST,11377,108,UNKNOWN,Street,0.20103728005875887,False,QUEENS,"(40.73725, -73.917984)",trafficstat,True,False,False,False,False,False,False,True,False,,,,,,,
2026-08-25,00:00,40.7365287,-73.9283308,LONG ISLAND EXPY,11104,108,UNKNOWN,Highway,5.922166287199972,False,QUEENS,"(40.7365287, -73.9283308)",trafficstat,True,False,False,False,False,False,False,False,True,,,,,,,
2026-08-25,00:00,40.7413453,-73.9545846,BORDEN AVE,11101,108,UNKNOWN,Street,2.7557178822156314,False,QUEENS,"(40.7413453, -73.9545846)",trafficstat,True,False,False,False,False,False,False,False,True,,,,,,,
2026-07-28,00:00,40.7413453,-73.9545846,BORDEN AVE,11101,108,OTHER,Street,2.7557178822156314,False,QUEENS,"(40.7413453, -73.9545846)",trafficstat,False,False,False,False,False,False,False,False,False,,,,,,,
2026-07-01,00:00,40.7413453,-73.9545846,BORDEN AVE,11101,108,UNKNOWN,Street,2.7557178822156314,False,QUEENS,"(40.7413453, -73.9545846)",trafficstat,True,False,False,False,False,False,False,False,True,,,,,,,
2026-08-25,00:00,40.7524409,-73.9508955,VERNON BLVD,11101,108,UNKNOWN,Street,1.8386724323745385,False,QUEENS,"(40.7524409, -73.9508955)",trafficstat,False,False,False,False,False,False,False,False,False,,,,,,,
2026-07-23,00:00,40.7524409,-73.9508955,VERNON BLVD,11101,108,UNKNOWN,Street,1.8386724323745385,False,QUEENS,"(40.7524409, -73.9508955)",trafficstat,True,False,False,False,False,False,False,False,False,,,,,,,
2026-06-23,00:00,40.7524409,-73.9508955,VERNON BLVD,11101,108,UNKNOWN,Street,1.8386724323745385,False,QUEENS,"(40.7524409, -73.9508955)",trafficstat,False,False,False,False,False,False,False,False,False,,,,,,,
2026-08-25,00:00,40.7487184,-73.8962422,BROADWAY,11377,108,UNKNOWN,Bridge,2.8192906712357924,False,QUEENS,"(40.7487184, -73.8962422)",trafficstat,False,False,False,False,False,False,False,False,False,,,,,,,
2026-06-27,00:00,40.7487184,-73.8962422,BROADWAY,11377,108,UNKNOWN,Bridge,2.8192906712357924,False,QUEENS,"(40.7487184, -73.8962422)",trafficstat,False,False,False,False,False,False,False,False,False,,,,,,,
2026-06-25,00:00,40.7487184,-73.8962422,BROADWAY,11377,108,UNKNOWN,Bridge,2.8192906712357924,False,QUEENS,"(40.7487184, -73.8962422)",trafficstat,True,False,False,False,False,False,False,True,False,,,,,,,
2026-08-25,00:00,40.7522854,-73.9038397,BROADWAY,11377,108,UNKNOWN,Street,101.34069488763326,False,QUEENS,"(40.7522854, -73.9038397)",trafficstat,True,False,False,False,False,False,False,False,False,,,,,,,
2026-08-25,00:00,40.7484095,-73.8976322,68 ST,11377,108,UNKNOWN,Street,0.044925602116900366,False,QUEENS,"(40.7484095, -73.8976322)",trafficstat,True,False,True,False,False,False,False,False,False,,,,,,,
2026-08-24,00:00,40.7368761,-73.9356361,BRADLEY AVE,11101,108,UNKNOWN,Street,1.2205875745814185,False,QUEENS,"(40.7368761, -73.9356361)",trafficstat,False,False,False,False,False,False,False,False,False,,,,,,,
2026-08-24,00:00,40.7392013,-73.9012744,BROOKLYN QUEENS EXPY,11377,108,UNKNOWN,Highway,8.13590004902555,False,QUEENS,"(40.7392013, -73.9012744)",trafficstat,True,False,False,False,False,False,False,False,True,,,,,,,
2026-08-23,00:00,40.7413918,-73.9173189,48 ST,11377,108,UNKNOWN,Street,43.620595015131464,False,QUEENS,"(40.7413918, -73.9173189)",trafficstat,False,False,False,False,False,False,False,False,False,,,,,,,
2026-08-23,00:00,40.7400709,-73.9546205,VERNON BLVD,11101,108,UNKNOWN,Street,79.61498959325743,False,QUEENS,"(40.7400709, -73.9546205)",trafficstat,False,False,False,False,False,False,False,False,False,,,,,,,
2026-08-23,00:00,40.7477935,-73.9498451,45 AVE,11101,108,OTHER,Street,3.0393299069467647,False,QUEENS,"(40.7477935, -73.9498451)",trafficstat,False,False,False,False,False,False,False,False,False,,,,,,,
2026-08-21,00:00,40.7516393,-73.9098445,WOODSIDE AVE,11377,108,UNKNOWN,Street,0.9604848766900267,False,QUEENS,"(40.7516393, -73.9098445)",trafficstat,True,False,False,False,False,True,False,False,False,,,,,,,
2026-08-21,00:00,40.7415055,-73.9017848,QUEENS BLVD,11377,108,UNKNOWN,Street,46.22864331865232,False,QUEENS,"(40.7415055, -73.9017848)",trafficstat,False,False,False,False,False,False,False,False,False,,,,,,,
2026-08-21,00:00,40.7408961,-73.8996068,65 PL,11377,108,UNKNOWN,Street,0.45103113923918836,False,QUEENS,"(40.7408961, -73.8996068)",trafficstat,False,False,False,False,False,False,False,False,False,,,,,,,
2026-08-06,00:00,40.7408961,-73.8996068,65 PL,11377,108,UNKNOWN,Street,0.45103113923918836,False,QUEENS,"(40.7408961, -73.8996068)",trafficstat,False,False,False,False,False,False,False,False,False,,,,,,,
2026-07-18,00:00,40.7408961,-73.8996068,65 PL,11377,108,UNKNOWN,Street,0.45103113923918836,False,QUEENS,"(40.7408961, -73.8996068)",trafficstat,True,False,False,False,False,False,True,False,False,,,,,,,
2026-08-21,00:00,40.7419601,-73.9083023,QUEENS BLVD,11377,108,UNKNOWN,Street,22.956816594676702,False,QUEENS,"(40.7419601, -73.9083023)",trafficstat,True,False,False,False,False,False,False,False,True,,,,,,,
2026-08-21,00:00,40.7507092,-73.9418018,24 ST,11101,108,UNKNOWN,Street,34.33104117020127,False,QUEENS,"(40.7507092, -73.9418018)",trafficstat,True,False,False,True,False,False,False,False,False,,,,,,,
2026-08-21,00:00,40.7384714,-73.9319755,HUNTERS POINT AVE,11101,108,OTHER,Street,2.570774237897608,False,QUEENS,"(40.7384714, -73.9319755)",trafficstat,False,False,False,False,False,False,False,False,False,,,,,,,
2026-08-21,00:00,40.7269515,-73.9093159,,,108,UNKNOWN,,304.9552192769026,False,QUEENS,"(40.7269515, -73.9093159)",trafficstat,False,False,False,False,False,False,False,False,False,,,,,,,
2026-08-10,00:00,40.7269515,-73.9093159,,,108,OTHER,,304.9552192769026,False,QUEENS,"(40.7269515, -73.9093159)",trafficstat,False,False,False,False,False,False,False,False,False,,,,,,,
2026-07-01,00:00,40.7269515,-73.9093159,,,108,UNKNOWN,,304.9552192769026,False,QUEENS,"(40.7269515, -73.9093159)",trafficstat,False,False,False,False,False,False,False,False,False,,,,,,,
2026-06-20,00:00,40.7269515,-73.9093159,,,108,UNKNOWN,,304.9552192769026,False,QUEENS,"(40.7269515, -73.9093159)",trafficstat,False,False,False,False,False,False,False,False,False,,,,,,,
2026-08-20,00:00,40.740345,-73.95671,54 AVE,11101,108,UNKNOWN,Street,18.05147174576612,False,QUEENS,"(40.740345, -73.95671)",trafficstat,False,False,False,False,False,False,False,False,False,,,,,,,
2026-08-20,00:00,40.7385522,-73.9029245,BROOKLYN QUEENS EXPY,11377,108,UNKNOWN,Highway,2.317823298363829,False,QUEENS,"(40.7385522, -73.9029245)",trafficstat,True,False,False,False,False,False,False,True,False,,,,,,,
2026-08-20,00:00,40.7411423,-73.8985939,BROOKLYN QUEENS EXPY,11377,108,OTHER,Highway,0.8433911888552051,False,QUEENS,"(40.7411423, -73.8985939)",trafficstat,False,False,False,False,False,False,False,False,False,,,,,,,
2026-08-20,00:00,40.7429389,-73.9142808,QUEENS BLVD,11377,108,UNKNOWN,Street,30.98936736533713,False,QUEENS,"(40.7429389, -73.9142808)",trafficstat,False,False,False,False,False,False,False,False,False,,,,,,,
2026-08-19,00:00,40.7447332,-73.9335895,VAN DAM ST,11101,108,OTHER,Street,0.4694404831135543,False,QUEENS,"(40.7447332, -73.9335895)",trafficstat,True,False,True,False,False,False,False,False,False,,,,,,,
2026-08-19,00:00,40.7469364,-73.8986161,65 ST,11377,108,UNKNOWN,Street,1.3513116862721628,False,QUEENS,"(40.7469364, -73.8986161)",trafficstat,False,False,False,False,False,False,False,False,False,,,,,,,
2026-08-18,00:00,40.7489155,-73.9373965,QUEENS BLVD,11101,108,UNKNOWN,Bridge,1.8379289214936987,False,QUEENS,"(40.7489155, -73.9373965)",trafficstat,False,False,False,False,False,False,False,False,False,,,,,,,
2026-07-16,00:00,40.7489155,-73.9373965,QUEENS BLVD,11101,108,UNKNOWN,Bridge,1.8379289214936987,False,QUEENS,"(40.7489155, -73.9373965)",trafficstat,False,False,False,False,False,False,False,False,False,,,,,,,
2026-07-10,00:00,40.7489155,-73.9373965,QUEENS BLVD,11101,108,UNKNOWN,Bridge,1.8379289214936987,False,QUEENS,"(40.7489155, -73.9373965)",trafficstat,False,False,False,False,False,False,False,False,False,,,,,,,
2026-07-08,00:00,40.7489155,-73.9373965,QUEENS BLVD,11101,108,UNKNOWN,Bridge,1.8379289214936987,False,QUEENS,"(40.7489155, -73.9373965)",trafficstat,True,False,False,True,False,False,False,False,False,,,,,,,
2026-06-26,00:00,40.7489155,-73.9373965,QUEENS BLVD,11101,108,UNKNOWN,Bridge,1.8379289214936987,False,QUEENS,"(40.7489155, -73.9373965)",trafficstat,True,False,False,False,False,False,False,True,False,,,,,,,
2026-06-16,00:00,40.7489155,-73.9373965,QUEENS BLVD,11101,108,UNKNOWN,Bridge,1.8379289214936987,False,QUEENS,"(40.7489155, -73.9373965)",trafficstat,False,False,False,False,False,False,False,False,False,,,,,,,
2026-08-18,00:00,40.7437731,-73.9138285,51 ST,11377,108,OTHER,Street,0.8748484948559118,False,QUEENS,"(40.7437731, -73.9138285)",trafficstat,True,False,False,False,False,False,False,False,False,,,,,,,
2026-08-18,00:00,40.7406678,-73.9004713,65 ST,11377,108,UNKNOWN,Street,47.5629642619324,False,QUEENS,"(40.7406678, -73.9004713)",trafficstat,True,False,False,False,True,False,False,False,False,,,,,,,
2026-08-18,00:00,40.7415682,-73.9188836,46 ST,11377,108,UNKNOWN,Street,37.680667420215116,False,QUEENS,"(40.7415682, -73.9188836)",trafficstat,False,False,False,False,False,False,False,False,False,,,,,,,
2026-08-18,00:00,40.7401031,-73.8998513,BROOKLYN QUEENS EXPY,11377,108,UNKNOWN,Highway,7.822111002793786,False,QUEENS,"(40.7401031, -73.8998513)",trafficstat,True,False,False,False,False,False,False,True,False,,,,,,,
2026-08-13,00:00,40.7401031,-73.8998513,BROOKLYN QUEENS EXPY,11377,108,UNKNOWN,Highway,7.822111002793786,False,QUEENS,"(40.7401031, -73.8998513)",trafficstat,True,False,False,False,False,False,False,True,False,,,,,,,
2026-06-13,00:00,40.7401031,-73.8998513,BROOKLYN QUEENS EXPY,11377,108,UNKNOWN,Highway,7.822111002793786,False,QUEENS,"(40.7401031, -73.8998513)",trafficstat,True,False,False,False,False,True,False,False,False,,,,,,,
2026-08-18,00:00,40.7364191,-73.9285438,LONG ISLAND EXPY,11104,108,UNKNOWN,Highway,6.469490202014936,False,QUEENS,"(40.7364191, -73.9285438)",trafficstat,True,False,False,False,False,False,False,False,True,,,,,,,
2026-07-05,00:00,40.7364191,-73.9285438,LONG ISLAND EXPY,11104,108,UNKNOWN,Highway,6.469490202014936,False,QUEENS,"(40.7364191, -73.9285438)",trafficstat,True,False,False,False,False,False,False,True,False,,,,,,,
2026-08-18,00:00,40.7343138,-73.9380164,REVIEW AVE,11101,108,UNKNOWN,Street,2.5048956069373385,False,QUEENS,"(40.7343138, -73.9380164)",trafficstat,True,False,True,False,False,False,False,False,False,,,,,,,
2026-08-18,00:00,40.7336164,-73.9238452,BROOKLYN QUEENS EXPY,11378,108,UNKNOWN,Highway,12.19342338234425,False,QUEENS,"(40.7336164, -73.9238452)",trafficstat,True,False,False,False,False,False,False,True,False,,,,,,,
2026-06-24,00:00,40.7336164,-73.9238452,BROOKLYN QUEENS EXPY,11378,108,UNKNOWN,Highway,12.19342338234425,False,QUEENS,"(40.7336164, -73.9238452)",trafficstat,True,False,False,False,False,False,False,True,False,,,,,,,
2026-08-18,00:00,40.736463,-73.9057794,59 PL,11377,108,UNKNOWN,Street,36.638674384893164,False,QUEENS,"(40.736463, -73.9057794)",trafficstat,False,False,False,False,False,False,False,False,False,,,,,,,
2026-08-17,00:00,40.7343155,-73.9226161,BORDEN AVE,11378,108,UNKNOWN,Ramp,2.4355440481222033,False,QUEENS,"(40.7343155, -73.9226161)",trafficstat,False,False,False,False,False,False,False,False,False,,,,,,,
2026-07-17,00:00,40.7343155,-73.9226161,BORDEN AVE,11378,108,UNKNOWN,Ramp,2.4355440481222033,False,QUEENS,"(40.7343155, -73.9226161)",trafficstat,True,False,False,False,False,False,False,False,True,,,,,,,
2026-06-25,00:00,40.7343155,-73.9226161,BORDEN AVE,11378,108,UNKNOWN,Ramp,2.4355440481222033,False,QUEENS,"(40.7343155, -73.9226161)",trafficstat,False,False,False,False,False,False,False,False,False,,,,,,,
2026-08-17,00:00,40.740204,-73.9305988,35 ST,11101,108,UNKNOWN,Street,21.765839439739988,False,QUEENS,"(40.740204, -73.9305988)",trafficstat,False,False,False,False,False,False,False,False,False,,,,,,,
2026-08-17,00:00,40.7414852,-73.95422,VERNON BLVD,11101,108,UNKNOWN,Street,1.0330009323555096,False,QUEENS,"(40.7414852, -73.95422)",trafficstat,True,False,False,False,False,False,False,True,False,,,,,,,
2026-08-17,00:00,40.7452248,-73.921131,43 ST,11104,108,UNKNOWN,Street,0.9055367082643148,False,QUEENS,"(40.7452248, -73.921131)",trafficstat,True,False,False,True,False,False,False,False,False,,,,,,,
2026-08-17,00:00,40.747334,-73.95504,5 ST,11101,108,UNKNOWN,Street,1.2618325771536472,False,QUEENS,"(40.747334, -73.95504)",trafficstat,True,False,False,False,False,False,False,False,False,,,,,,,
2026-08-17,00:00,40.7486207,-73.950803,44 DR,11101,108,UNKNOWN,Street,55.64001855092882,False,QUEENS,"(40.7486207, -73.950803)",trafficstat,True,False,False,False,False,False,False,False,True,,,,,,,
2026-08-16,00:00,40.7499323,-73.9034478,59 ST,11377,108,OTHER,Street,1.0429408377075153,False,QUEENS,"(40.7499323, -73.9034478)",trafficstat,True,False,False,False,False,False,True,False,False,,,,,,,
2026-08-16,00:00,40.7505603,-73.9094815,WOODSIDE AVE,11377,108,UNKNOWN,Street,1.3342928905295828,False,QUEENS,"(40.7505603, -73.9094815)",trafficstat,True,False,False,False,False,False,False,False,False,,,,,,,
2026-08-16,00:00,40.7450696,-73.9363499,30 PL,11101,108,UNKNOWN,Street,0.860240061011204,False,QUEENS,"(40.7450696, -73.9363499)",trafficstat,True,False,False,False,False,False,False,True,False,,,,,,,
2026-08-16,00:00,40.7444047,-73.9403167,27 ST,11101,108,OTHER,Street,0.42840615524807524,False,QUEENS,"(40.7444047, -73.9403167)",trafficstat,False,False,False,False,False,False,False,False,False,,,,,,,
2026-06-12,00:00,40.7444047,-73.9403167,27 ST,11101,108,UNKNOWN,Street,0.42840615524807524,False,QUEENS,"(40.7444047, -73.9403167)",trafficstat,False,False,False,False,False,False,False,False,False,,,,,,,
2026-08-16,00:00,40.74355,-73.9584,2 ST,11101,108,OTHER,Street,0.7897473713439288,False,QUEENS,"(40.74355, -73.9584)",trafficstat,True,False,True,False,False,False,False,False,False,,,,,,,
2026-08-16,00:00,40.7451136,-73.9474328,JACKSON AVE,11101,108,UNKNOWN,Street,2.7634800402787256,False,QUEENS,"(40.7451136, -73.9474328)",trafficstat,True,False,False,False,False,False,False,True,False,,,,,,,
2026-08-16,00:00,40.7472864,-73.9280358,SKILLMAN AVE,11101,108,UNKNOWN,Street,23.912929737610078,False,QUEENS,"(40.7472864, -73.9280358)",trafficstat,False,False,False,False,False,False,False,False,False,,,,,,,
2026-08-16,00:00,40.7425162,-73.9025661,43 AVE,11377,108,OTHER,Street,31.985840919546835,False,QUEENS,"(40.7425162, -73.9025661)",trafficstat,False,False,False,False,False,False,False,False,False,,,,,,,
2026-08-16,00:00,40.7423829,-73.9119429,QUEENS BLVD,11377,108,OTHER,Street,21.99605854587347,False,QUEENS,"(40.7423829, -73.9119429)",trafficstat,False,False,False,False,False,False,False,False,False,,,,,,,
2026-08-16,00:00,40.7408915,-73.9220022,43 ST,11377,108,UNKNOWN,Street,0.6475978240825465,False,QUEENS,"(40.7408915, -73.9220022)",trafficstat,True,False,False,True,False,False,False,False,False,,,,,,,
2026-08-16,00:00,40.7340152,-73.9390956,RAILROAD AVE,11101,108,UNKNOWN,Street,1.1670132271021074,False,QUEENS,"(40.7340152, -73.9390956)",trafficstat,True,False,False,True,False,False,False,False,False,,,,,,,
2026-08-15,00:00,40.7304527,-73.9136668,LONG ISLAND EXPY,11378,108,UNKNOWN,Highway,0.7655725945674232,False,QUEENS,"(40.7304527, -73.9136668)",trafficstat,True,False,False,False,False,False,True,True,False,,,,,,,
2026-08-15,00:00,40.7383654,-73.8913848,48 AVE,11377,108,UNKNOWN,Street,35.910248711495825,False,QUEENS,"(40.7383654, -73.8913848)",trafficstat,False,False,False,False,False,False,False,False,False,,,,,,,
2026-08-15,00:00,40.7489063,-73.9445697,23 ST,11101,108,UNKNOWN,Street,43.96364445208699,False,QUEENS,"(40.7489063, -73.9445697)",trafficstat,True,False,True,False,False,False,False,False,False,,,,,,,
2026-08-14,00:00,40.7487234,-73.8988047,64 ST,11377,108,UNKNOWN,Street,1.8625703266803222,False,QUEENS,"(40.7487234, -73.8988047)",trafficstat,False,False,False,False,False,False,False,False,False,,,,,,,
2026-08-14,00:00,40.7476999,-73.9431937,HUNTER ST,11101,108,UNKNOWN,Street,3.308195160954193,False,QUEENS,"(40.7476999, -73.9431937)",trafficstat,True,False,True,False,False,False,False,False,False,,,,,,,
2026-08-14,00:00,40.7462872,-73.9405997,PURVES ST,11101,108,UNKNOWN,Street,35.48579048878184,False,QUEENS,"(40.7462872, -73.9405997)",trafficstat,False,False,False,False,False,False,False,False,False,,,,,,,
2026-08-14,00:00,40.7402773,-73.9203713,45 ST,11377,108,UNKNOWN,Street,39.53177924006873,False,QUEENS,"(40.7402773, -73.9203713)",trafficstat,False,False,False,False,False,False,False,False,False,,,,,,,
2026-08-14,00:00,40.7395468,-73.9185993,47 ST,11377,108,UNKNOWN,Street,34.26663286168193,False,QUEENS,"(40.7395468, -73.9185993)",trafficstat,False,False,False,False,False,False,False,False,False,,,,,,,
2026-08-14,00:00,40.7412801,-73.9025654,BROOKLYN QUEENS EXPRESSWAY EN SB,11377,108,UNKNOWN,Ramp,1.510314818318791,False,QUEENS,"(40.7412801, -73.9025654)",trafficstat,True,False,False,False,False,False,False,False,True,,,,,,,
2026-08-02,00:00,40.7412801,-73.9025654,BROOKLYN QUEENS EXPRESSWAY EN SB,11377,108,UNKNOWN,Ramp,1.510314818318791,False,QUEENS,"(40.7412801, -73.9025654)",trafficstat,True,False,True,False,False,False,False,False,False,,,,,,,
2026-08-14,00:00,40.7263262,-73.9121626,58 ST,11378,108,UNKNOWN,Street,0.46454963171991465,False,QUEENS,"(40.7263262, -73.9121626)",trafficstat,True,False,True,False,False,False,False,False,False,,,,,,,
2026-08-14,00:00,40.7448736,-73.9578554,CENTER BLVD,11109,108,OTHER,Street,1.721342347750604,False,QUEENS,"(40.7448736, -73.9578554)",trafficstat,True,False,True,False,False,False,False,False,False,,,,,,,
2026-08-13,00:00,40.7441335,-73.8949899,70 ST,11377,108,UNKNOWN,Bridge,0.03327223480531051,False,QUEENS,"(40.7441335, -73.8949899)",trafficstat,True,False,False,False,False,False,False,True,False,,,,,,,
2026-08-13,00:00,40.7444777,-73.9110801,ROOSEVELT AVE,11377,108,OTHER,Street,43.62673199967999,False,QUEENS,"(40.7444777, -73.9110801)",trafficstat,False,False,False,False,False,False,False,False,False,,,,,,,
2026-08-13,00:00,40.7419334,-73.9568964,5 ST,11101,108,OTHER,Street,10.150233988632921,False,QUEENS,"(40.7419334, -73.9568964)",trafficstat,False,False,False,False,False,False,False,False,False,,,,,,,
2026-08-13,00:00,40.7442385,-73.9279746,37 ST,11101,108,UNKNOWN,Street,0.8566484598981087,False,QUEENS,"(40.7442385, -73.9279746)",trafficstat,False,False,False,False,False,False,False,False,False,,,,,,,
2026-08-12,00:00,40.7329471,-73.9203857,LONG ISLAND EXPY,11378,108,UNKNOWN,Highway,8.848556615423847,False,QUEENS,"(40.7329471, -73.9203857)",trafficstat,True,False,False,False,False,False,False,True,False,,,,,,,
2026-07-29,00:00,40.7329471,-73.9203857,LONG ISLAND EXPY,11378,108,UNKNOWN,Highway,8.848556615423847,False,QUEENS,"(40.7329471, -73.9203857)",trafficstat,True,False,False,False,False,False,False,True,False,,,,,,,
2026-07-09,00:00,40.7329471,-73.9203857,LONG ISLAND EXPY,11378,108,UNKNOWN,Highway,8.848556615423847,False,QUEENS,"(40.7329471, -73.9203857)",trafficstat,True,False,False,False,False,False,False,True,False,,,,,,,
2026-06-23,00:00,40.7329471,-73.9203857,LONG ISLAND EXPY,11378,108,UNKNOWN,Highway,8.848556615423847,False,QUEENS,"(40.7329471, -73.9203857)",trafficstat,False,False,False,False,False,False,False,False,False,,,,,,,
2026-08-12,00:00,40.7363419,-73.932656,GREENPOINT AVE,11101,108,UNKNOWN,Street,2.6169911288782717,False,QUEENS,"(40.7363419, -73.932656)",trafficstat,False,False,False,False,False,False,False,False,False,,,,,,,
2026-08-12,00:00,40.7374933,-73.9350798,VAN DAM ST,11101,108,UNKNOWN,Street,2.051030269388125,False,QUEENS,"(40.7374933, -73.9350798)",trafficstat,False,False,False,False,False,False,False,False,False,,,,,,,
2026-08-03,00:00,40.7374933,-73.9350798,VAN DAM ST,11101,108,UNKNOWN,Street,2.051030269388125,False,QUEENS,"(40.7374933, -73.9350798)",trafficstat,True,False,False,False,False,False,False,False,True,,,,,,,
2026-07-24,00:00,40.7374933,-73.9350798,VAN DAM ST,11101,108,OTHER,Street,2.051030269388125,False,QUEENS,"(40.7374933, -73.9350798)",trafficstat,True,False,False,False,False,False,False,True,False,,,,,,,