crash_date,crash_time,latitude,longitude,on_street_name,zip_code,precinct,collision_type,roadway_type,geocode_dist_feet,time_is_known,borough,location,source,injury,fatality,injured_pedestrian,injured_cyclist,injured_ebike_rider,injured_motorcyclist,injured_moped_rider,injured_car_occupant,injured_suv_occupant,number_of_persons_injured,number_of_persons_killed,contributing_factor_vehicle_1,collision_id,cross_street_name,off_street_name,vehicle_type_code1
2026-07-22,00:00,40.7374933,-73.9350798,VAN DAM ST,11101,108,OTHER,Street,2.051030269388125,False,QUEENS,"(40.7374933, -73.9350798)",trafficstat,False,False,False,False,False,False,False,False,False,,,,,,,
2026-07-05,00:00,40.7374933,-73.9350798,VAN DAM ST,11101,108,UNKNOWN,Street,2.051030269388125,False,QUEENS,"(40.7374933, -73.9350798)",trafficstat,False,False,False,False,False,False,False,False,False,,,,,,,
2026-07-01,00:00,40.7374933,-73.9350798,VAN DAM ST,11101,108,UNKNOWN,Street,2.051030269388125,False,QUEENS,"(40.7374933, -73.9350798)",trafficstat,False,False,False,False,False,False,False,False,False,,,,,,,
2026-08-12,00:00,40.7383939,-73.8977053,67 ST,11377,108,UNKNOWN,Street,0.7181540156915133,False,QUEENS,"(40.7383939, -73.8977053)",trafficstat,True,False,False,False,False,False,False,False,True,,,,,,,
2026-08-12,00:00,40.7588917,-73.8730985,32 AVE,11369,108,OTHER,Street,54.14723324466603,False,QUEENS,"(40.7588917, -73.8730985)",trafficstat,False,False,False,False,False,False,False,False,False,,,,,,,
2026-08-11,00:00,40.7418634,-73.9075049,58 ST,11377,108,UNKNOWN,Street,1.043895054525896,False,QUEENS,"(40.7418634, -73.9075049)",trafficstat,True,False,False,False,False,False,False,True,False,,,,,,,
2026-08-04,00:00,40.7418634,-73.9075049,58 ST,11377,108,OTHER,Street,1.043895054525896,False,QUEENS,"(40.7418634, -73.9075049)",trafficstat,True,False,False,True,False,False,False,False,False,,,,,,,
2026-08-01,00:00,40.7418634,-73.9075049,58 ST,11377,108,UNKNOWN,Street,1.043895054525896,False,QUEENS,"(40.7418634, -73.9075049)",trafficstat,True,False,False,False,False,False,False,False,True,,,,,,,
2026-07-20,00:00,40.7418634,-73.9075049,58 ST,11377,108,UNKNOWN,Street,1.043895054525896,False,QUEENS,"(40.7418634, -73.9075049)",trafficstat,True,False,False,False,False,False,False,False,True,,,,,,,
2026-08-11,00:00,40.745594,-73.90339,61 ST,11377,108,OTHER,Street,1.143055332330482,False,QUEENS,"(40.745594, -73.90339)",trafficstat,True,False,True,False,False,False,False,False,False,,,,,,,
2026-08-11,00:00,40.7444234,-73.8980227,66 ST,11377,108,UNKNOWN,Street,30.75366338574106,False,QUEENS,"(40.7444234, -73.8980227)",trafficstat,False,False,False,False,False,False,False,False,False,,,,,,,
2026-08-11,00:00,40.74266,-73.9320831,33 ST,11101,108,UNKNOWN,Street,0.5885441978388467,False,QUEENS,"(40.74266, -73.9320831)",trafficstat,True,False,False,False,False,False,False,False,True,,,,,,,
2026-08-11,00:00,40.7429472,-73.9200247,QUEENS BLVD,11104,108,UNKNOWN,Street,75.60363544123592,False,QUEENS,"(40.7429472, -73.9200247)",trafficstat,True,False,False,True,False,False,False,False,False,,,,,,,
2026-08-10,00:00,40.7465254,-73.9258149,39 ST,11104,108,OTHER,Street,44.45310634719738,False,QUEENS,"(40.7465254, -73.9258149)",trafficstat,True,False,False,False,False,False,True,False,False,,,,,,,
2026-08-10,00:00,40.740437,-73.92304,42 ST,11104,108,OTHER,Street,0.6271328647559529,False,QUEENS,"(40.740437, -73.92304)",trafficstat,True,False,False,False,False,False,False,True,False,,,,,,,
2026-08-10,00:00,40.7371505,-73.9308149,GREENPOINT AVE,11101,108,UNKNOWN,Street,3.0125681233688133,False,QUEENS,"(40.7371505, -73.9308149)",trafficstat,True,False,False,False,False,False,False,True,False,,,,,,,
2026-08-01,00:00,40.7371505,-73.9308149,GREENPOINT AVE,11101,108,UNKNOWN,Street,3.0125681233688133,False,QUEENS,"(40.7371505, -73.9308149)",trafficstat,True,False,False,True,False,False,False,False,False,,,,,,,
2026-07-25,00:00,40.7371505,-73.9308149,GREENPOINT AVE,11101,108,UNKNOWN,Street,3.0125681233688133,False,QUEENS,"(40.7371505, -73.9308149)",trafficstat,False,False,False,False,False,False,False,False,False,,,,,,,
2026-07-12,00:00,40.7371505,-73.9308149,GREENPOINT AVE,11101,108,OTHER,Street,3.0125681233688133,False,QUEENS,"(40.7371505, -73.9308149)",trafficstat,True,False,False,False,False,False,False,True,False,,,,,,,
2026-06-12,00:00,40.7371505,-73.9308149,GREENPOINT AVE,11101,108,UNKNOWN,Street,3.0125681233688133,False,QUEENS,"(40.7371505, -73.9308149)",trafficstat,False,False,False,False,False,False,False,False,False,,,,,,,
2026-08-10,00:00,40.748493,-73.9394939,42 RD,11101,108,OTHER,Street,41.178156566957234,False,QUEENS,"(40.748493, -73.9394939)",trafficstat,True,False,False,True,False,False,False,False,False,,,,,,,
2026-08-09,00:00,40.7451058,-73.9086372,56 ST,11377,108,OTHER,Street,1.0894867016096,False,QUEENS,"(40.7451058, -73.9086372)",trafficstat,False,False,False,False,False,False,False,False,False,,,,,,,
2026-07-17,00:00,40.7451058,-73.9086372,56 ST,11377,108,UNKNOWN,Street,1.0894867016096,False,QUEENS,"(40.7451058, -73.9086372)",trafficstat,False,False,False,False,False,False,False,False,False,,,,,,,
2026-08-09,00:00,40.7436441,-73.9512304,48 AVE,11101,108,UNKNOWN,Street,2.95975617346658,False,QUEENS,"(40.7436441, -73.9512304)",trafficstat,False,False,False,False,False,False,False,False,False,,,,,,,
2026-08-08,00:00,40.743479,-73.9574692,50 AVE,11101,108,UNKNOWN,Street,33.979966144377194,False,QUEENS,"(40.743479, -73.9574692)",trafficstat,False,False,False,False,False,False,False,False,False,,,,,,,
2026-08-08,00:00,40.7376751,-73.9361693,BRADLEY AVE,11101,108,OTHER,Street,1.1298672549607334,False,QUEENS,"(40.7376751, -73.9361693)",trafficstat,True,False,True,False,False,False,False,False,False,,,,,,,
2026-08-08,00:00,40.7390348,-73.9075248,58 LN,11377,108,UNKNOWN,Street,36.13012175876822,False,QUEENS,"(40.7390348, -73.9075248)",trafficstat,False,False,False,False,False,False,False,False,False,,,,,,,
2026-08-08,00:00,40.7486846,-73.9116423,52 ST,11377,108,UNKNOWN,Street,1.3290732198227058,False,QUEENS,"(40.7486846, -73.9116423)",trafficstat,False,False,False,False,False,False,False,False,False,,,,,,,
2026-07-02,00:00,40.7486846,-73.9116423,52 ST,11377,108,UNKNOWN,Street,1.3290732198227058,False,QUEENS,"(40.7486846, -73.9116423)",trafficstat,False,False,False,False,False,False,False,False,False,,,,,,,
2026-08-08,00:00,40.7464619,-73.9410463,PURVES ST,11101,108,OTHER,Street,50.03118239457779,False,QUEENS,"(40.7464619, -73.9410463)",trafficstat,False,False,False,False,False,False,False,False,False,,,,,,,
2026-08-07,00:00,40.7462958,-73.9304084,34 ST,11101,108,UNKNOWN,Street,0.5170058526992865,False,QUEENS,"(40.7462958, -73.9304084)",trafficstat,False,False,False,False,False,False,False,False,False,,,,,,,
2026-07-01,00:00,40.7462958,-73.9304084,34 ST,11101,108,UNKNOWN,Street,0.5170058526992865,False,QUEENS,"(40.7462958, -73.9304084)",trafficstat,False,False,False,False,False,False,False,False,False,,,,,,,
2026-08-07,00:00,40.7396751,-73.934576,VAN DAM ST,11101,108,UNKNOWN,Street,0.8402362078757787,False,QUEENS,"(40.7396751, -73.934576)",trafficstat,True,False,False,False,False,False,False,False,True,,,,,,,
2026-08-06,00:00,40.7376403,-73.8959311,69 ST,11377,108,UNKNOWN,Street,0.07941276547453052,False,QUEENS,"(40.7376403, -73.8959311)",trafficstat,False,False,False,False,False,False,False,False,False,,,,,,,
2026-08-06,00:00,40.7380587,-73.8942506,70 ST,11377,108,UNKNOWN,Street,36.08572487948784,False,QUEENS,"(40.7380587, -73.8942506)",trafficstat,True,False,False,False,False,True,False,False,False,,,,,,,
2026-08-06,00:00,40.7284074,-73.9074382,QUEENS MIDTOWN EXPY,11378,108,UNKNOWN,Street,97.10613467833443,False,QUEENS,"(40.7284074, -73.9074382)",trafficstat,False,False,False,False,False,False,False,False,False,,,,,,,
2026-08-06,00:00,40.7355526,-73.9347785,BRADLEY AVE,11101,108,UNKNOWN,Street,0.5861154649531574,False,QUEENS,"(40.7355526, -73.9347785)",trafficstat,True,False,False,False,False,False,False,True,False,,,,,,,
2026-08-06,00:00,40.7413828,-73.9522822,QUEENS MIDTOWN TUNL,11101,108,UNKNOWN,Tunnel,22.614536044361955,False,QUEENS,"(40.7413828, -73.9522822)",trafficstat,True,False,False,False,False,False,False,True,False,,,,,,,
2026-08-05,00:00,40.7298578,-73.9331402,REVIEW AVE,11101,108,UNKNOWN,Street,105.97777145336707,False,QUEENS,"(40.7298578, -73.9331402)",trafficstat,False,False,False,False,False,False,False,False,False,,,,,,,
2026-08-05,00:00,40.736997,-73.9311939,GREENPOINT AVE,11101,108,UNKNOWN,Street,2.868171939032912,False,QUEENS,"(40.736997, -73.9311939)",trafficstat,True,False,False,False,False,False,False,False,True,,,,,,,
2026-07-28,00:00,40.736997,-73.9311939,GREENPOINT AVE,11101,108,UNKNOWN,Street,2.868171939032912,False,QUEENS,"(40.736997, -73.9311939)",trafficstat,True,False,False,False,False,False,False,True,False,,,,,,,
2026-06-15,00:00,40.736997,-73.9311939,GREENPOINT AVE,11101,108,OTHER,Street,2.868171939032912,False,QUEENS,"(40.736997, -73.9311939)",trafficstat,False,False,False,False,False,False,False,False,False,,,,,,,
2026-08-05,00:00,40.739188,-73.9017529,LAUREL HILL BLVD,11377,108,UNKNOWN,Street,3.0599512260871693,False,QUEENS,"(40.739188, -73.9017529)",trafficstat,False,False,False,False,False,False,False,False,False,,,,,,,
2026-08-05,00:00,40.7468956,-73.9070063,57 ST,11377,108,UNKNOWN,Street,51.902139301023325,False,QUEENS,"(40.7468956, -73.9070063)",trafficstat,False,False,False,False,False,False,False,False,False,,,,,,,
2026-08-04,00:00,40.7460346,-73.9344002,QUEENS BLVD,11101,108,UNKNOWN,Street,1.6088723288515463,False,QUEENS,"(40.7460346, -73.9344002)",trafficstat,True,False,False,True,False,False,False,False,False,,,,,,,
2026-07-26,00:00,40.7460346,-73.9344002,QUEENS BLVD,11101,108,UNKNOWN,Street,1.6088723288515463,False,QUEENS,"(40.7460346, -73.9344002)",trafficstat,False,False,False,False,False,False,False,False,False,,,,,,,
2026-07-19,00:00,40.7460346,-73.9344002,QUEENS BLVD,11101,108,OTHER,Street,1.6088723288515463,False,QUEENS,"(40.7460346, -73.9344002)",trafficstat,True,False,False,False,False,False,False,True,False,,,,,,,
2026-07-11,00:00,40.7460346,-73.9344002,QUEENS BLVD,11101,108,UNKNOWN,Street,1.6088723288515463,False,QUEENS,"(40.7460346, -73.9344002)",trafficstat,False,False,False,False,False,False,False,False,False,,,,,,,
2026-08-04,00:00,40.7496763,-73.9437082,23 ST,11101,108,UNKNOWN,Street,1.8132817718409717,False,QUEENS,"(40.7496763, -73.9437082)",trafficstat,True,False,True,False,False,False,False,False,False,,,,,,,
2026-08-04,00:00,40.7293139,-73.9103777,LONG ISLAND EXPY,11378,108,OTHER,Highway,0.43743052134112687,False,QUEENS,"(40.7293139, -73.9103777)",trafficstat,True,False,False,False,False,False,False,True,False,,,,,,,
2026-08-04,00:00,40.7320184,-73.9190359,48 ST,11378,108,OTHER,Street,1.1466690703634153,False,QUEENS,"(40.7320184, -73.9190359)",trafficstat,False,False,False,False,False,False,False,False,False,,,,,,,
2026-08-04,00:00,40.7343456,-73.9358658,37 ST,11101,108,UNKNOWN,Street,2.613255795602884,False,QUEENS,"(40.7343456, -73.9358658)",trafficstat,False,False,False,False,False,False,False,False,False,,,,,,,
2026-08-04,00:00,40.7411683,-73.9014067,QUEENS BLVD,11377,108,UNKNOWN,Street,1.5354703068349553,False,QUEENS,"(40.7411683, -73.9014067)",trafficstat,False,False,False,False,False,False,False,False,False,,,,,,,
2026-08-04,00:00,40.7429132,-73.9164929,GREENPOINT AVE,11104,108,UNKNOWN,Street,2.5304708853091644,False,QUEENS,"(40.7429132, -73.9164929)",trafficstat,False,False,False,False,False,False,False,False,False,,,,,,,
2026-08-04,00:00,40.7452516,-73.9557404,5 ST,11101,108,OTHER,Street,1.2487184095616264,False,QUEENS,"(40.7452516, -73.9557404)",trafficstat,True,False,False,False,False,True,False,False,False,,,,,,,
2026-08-03,00:00,40.7502717,-73.8990838,63 ST,11377,108,UNKNOWN,Street,1.5740470158178506,False,QUEENS,"(40.7502717, -73.8990838)",trafficstat,False,False,False,False,False,False,False,False,False,,,,,,,
2026-08-03,00:00,40.7496138,-73.9510528,10 ST,11101,108,UNKNOWN,Street,2.6000115736459293,False,QUEENS,"(40.7496138, -73.9510528)",trafficstat,False,False,False,False,False,False,False,False,False,,,,,,,
2026-06-30,00:00,40.7496138,-73.9510528,10 ST,11101,108,UNKNOWN,Street,2.6000115736459293,False,QUEENS,"(40.7496138, -73.9510528)",trafficstat,False,False,False,False,False,False,False,False,False,,,,,,,
2026-08-03,00:00,40.7287913,-73.9198791,55 AVE,11378,108,OTHER,Street,79.94814341293149,False,QUEENS,"(40.7287913, -73.9198791)",trafficstat,True,False,True,False,False,False,False,False,False,,,,,,,
2026-08-02,00:00,40.7326209,-73.9251525,LONG ISLAND EXPWY WB ET 17,11378,108,UNKNOWN,Ramp,6.53757257846949,False,QUEENS,"(40.7326209, -73.9251525)",trafficstat,False,False,False,False,False,False,False,False,False,,,,,,,
2026-08-02,00:00,40.7401648,-73.8952415,QUEENS BLVD,11377,108,UNKNOWN,Street,16.558042853523624,False,QUEENS,"(40.7401648, -73.8952415)",trafficstat,True,False,True,False,False,False,False,False,False,,,,,,,
2026-08-02,00:00,40.7437966,-73.95138,11 ST,11101,108,UNKNOWN,Street,35.64555266622558,False,QUEENS,"(40.7437966, -73.95138)",trafficstat,False,False,False,False,False,False,False,False,False,,,,,,,
2026-08-01,00:00,40.7452096,-73.9534248,VERNON BLVD,11101,108,OTHER,Street,40.16505038038662,False,QUEENS,"(40.7452096, -73.9534248)",trafficstat,True,False,True,False,False,False,False,False,False,,,,,,,
2026-08-01,00:00,40.7451771,-73.9372593,30 ST,11101,108,UNKNOWN,Street,1.2808222843263832,False,QUEENS,"(40.7451771, -73.9372593)",trafficstat,False,False,False,False,False,False,False,False,False,,,,,,,
2026-08-01,00:00,40.7423164,-73.9487771,49 AVE,11101,108,UNKNOWN,Street,44.94043513957648,False,QUEENS,"(40.7423164, -73.9487771)",trafficstat,True,False,False,True,False,False,False,False,False,,,,,,,
2026-08-01,00:00,40.7366478,-73.9201655,46 ST,11377,108,UNKNOWN,Street,45.507852199833145,False,QUEENS,"(40.7366478, -73.9201655)",trafficstat,False,False,False,False,False,False,False,False,False,,,,,,,
2026-08-01,00:00,40.736496,-73.9092155,58 ST,11377,108,UNKNOWN,Street,1.3572496616683227,False,QUEENS,"(40.736496, -73.9092155)",trafficstat,True,False,False,False,False,False,False,True,False,,,,,,,
2026-06-12,00:00,40.736496,-73.9092155,58 ST,11377,108,UNKNOWN,Street,1.3572496616683227,False,QUEENS,"(40.736496, -73.9092155)",trafficstat,True,False,False,False,False,False,False,True,False,,,,,,,
2026-08-01,00:00,40.7321447,-73.9190047,48 ST,11377,108,UNKNOWN,Street,2.2766612094758716,False,QUEENS,"(40.7321447, -73.9190047)",trafficstat,False,False,False,False,False,False,False,False,False,,,,,,,
2026-08-01,00:00,40.7302963,-73.9188251,48 ST,11378,108,UNKNOWN,Street,43.90375042351337,False,QUEENS,"(40.7302963, -73.9188251)",trafficstat,False,False,False,False,False,False,False,False,False,,,,,,,
2026-08-01,00:00,40.7465648,-73.9180149,46 ST,11104,108,UNKNOWN,Street,0.7031783891286406,False,QUEENS,"(40.7465648, -73.9180149)",trafficstat,False,False,False,False,False,False,False,False,False,,,,,,,
2026-08-01,00:00,40.7509674,-73.9402639,ED KOCH QUEENSBORO BRG,11101,108,UNKNOWN,Ramp,2.405760150637955,False,QUEENS,"(40.7509674, -73.9402639)",trafficstat,True,False,False,False,False,False,False,True,False,,,,,,,
2026-08-01,00:00,40.7464285,-73.8954193,70 ST,11377,108,UNKNOWN,Street,0.2858326378653288,False,QUEENS,"(40.7464285, -73.8954193)",trafficstat,True,False,False,False,False,False,False,True,False,,,,,,,
2026-07-31,00:00,40.7467941,-73.943227,THOMSON AVE,11101,108,OTHER,Street,1.2084324299318976,False,QUEENS,"(40.7467941, -73.943227)",trafficstat,False,False,False,False,False,False,False,False,False,,,,,,,
2026-07-31,00:00,40.746876,-73.95271,VERNON BLVD,11101,108,OTHER,Street,1.7149392135089412,False,QUEENS,"(40.746876, -73.95271)",trafficstat,True,False,True,False,False,False,False,False,False,,,,,,,
2026-07-31,00:00,40.748605,-73.9388838,JACKSON AVE,11101,108,OTHER,Street,70.8292573117701,False,QUEENS,"(40.748605, -73.9388838)",trafficstat,True,False,True,False,False,False,False,False,False,,,,,,,
2026-07-31,00:00,40.7278805,-73.9291266,KOSCIUSZKO BRG,11378,108,UNKNOWN,Bridge,28.57598798282617,False,QUEENS,"(40.7278805, -73.9291266)",trafficstat,True,False,False,False,False,False,False,False,True,,,,,,,
2026-07-16,00:00,40.7278805,-73.9291266,KOSCIUSZKO BRG,11378,108,UNKNOWN,Bridge,28.57598798282617,False,QUEENS,"(40.7278805, -73.9291266)",trafficstat,True,False,False,False,False,False,False,False,True,,,,,,,
2026-07-31,00:00,40.7502358,-73.8999362,BROADWAY,11377,108,UNKNOWN,Street,23.32443540820486,False,QUEENS,"(40.7502358, -73.8999362)",trafficstat,True,False,True,False,False,False,False,False,False,,,,,,,
2026-07-30,00:00,40.7457632,-73.925804,39 ST,11104,108,UNKNOWN,Street,0.6869820228815089,False,QUEENS,"(40.7457632, -73.925804)",trafficstat,True,False,False,True,False,False,False,False,False,,,,,,,
2026-07-01,00:00,40.7457632,-73.925804,39 ST,11104,108,UNKNOWN,Street,0.6869820228815089,False,QUEENS,"(40.7457632, -73.925804)",trafficstat,True,False,True,False,False,False,False,False,False,,,,,,,
2026-07-30,00:00,40.7424013,-73.9599356,CENTER BLVD,11101,108,UNKNOWN,Street,0.6844458597745698,False,QUEENS,"(40.7424013, -73.9599356)",trafficstat,True,False,True,False,False,False,False,False,False,,,,,,,
2026-07-30,00:00,40.7425496,-73.9311557,34 ST,11101,108,UNKNOWN,Street,0.6429036959349589,False,QUEENS,"(40.7425496, -73.9311557)",trafficstat,True,False,False,False,False,False,False,True,False,,,,,,,
2026-07-30,00:00,40.752567,-73.90525,56 ST,11377,108,UNKNOWN,Street,1.10131167750949,False,QUEENS,"(40.752567, -73.90525)",trafficstat,True,False,False,True,False,False,False,False,False,,,,,,,
2026-07-29,00:00,40.7462216,-73.94553,23 ST,11101,108,OTHER,Street,0.9794146333548533,False,QUEENS,"(40.7462216, -73.94553)",trafficstat,True,False,True,False,False,False,False,False,False,,,,,,,
2026-07-29,00:00,40.7501202,-73.9083199,54 ST,11377,108,OTHER,Street,0.8261294388850361,False,QUEENS,"(40.7501202, -73.9083199)",trafficstat,True,False,False,False,False,False,False,True,False,,,,,,,
2026-07-29,00:00,40.7420198,-73.9265515,39 ST,11104,108,OTHER,Street,0.4676265670119524,False,QUEENS,"(40.7420198, -73.9265515)",trafficstat,True,False,False,False,False,False,False,True,False,,,,,,,
2026-07-29,00:00,40.7416224,-73.9542127,VERNON BLVD,11101,108,UNKNOWN,Street,0.4161294684377136,False,QUEENS,"(40.7416224, -73.9542127)",trafficstat,True,False,False,False,False,False,False,True,False,,,,,,,
2026-07-29,00:00,40.7400865,-73.8996853,BROOKLYN QUEENS EXPY,11377,108,UNKNOWN,Highway,0.2507072630024061,False,QUEENS,"(40.7400865, -73.8996853)",trafficstat,True,False,False,False,False,False,False,True,False,,,,,,,
2026-07-29,00:00,40.7414019,-73.9518816,PULASKI BRG,11101,108,UNKNOWN,Bridge,19.313613188016944,False,QUEENS,"(40.7414019, -73.9518816)",trafficstat,True,False,False,False,False,False,False,True,False,,,,,,,
2026-07-29,00:00,40.739679,-73.9239123,48 AVE,11104,108,UNKNOWN,Street,55.62138975747537,False,QUEENS,"(40.739679, -73.9239123)",trafficstat,True,False,False,False,False,False,True,False,False,,,,,,,
2026-07-28,00:00,40.7313753,-73.9191704,48 ST,11378,108,OTHER,Street,22.092684646012408,False,QUEENS,"(40.7313753, -73.9191704)",trafficstat,True,False,False,False,False,False,False,True,False,,,,,,,
2026-07-28,00:00,40.7427285,-73.9541073,VERNON BLVD,11101,108,UNKNOWN,Street,0.39998072600610773,False,QUEENS,"(40.7427285, -73.9541073)",trafficstat,False,False,False,False,False,False,False,False,False,,,,,,,
2026-06-29,00:00,40.7427285,-73.9541073,VERNON BLVD,11101,108,UNKNOWN,Street,0.39998072600610773,False,QUEENS,"(40.7427285, -73.9541073)",trafficstat,True,False,False,False,False,False,False,True,False,,,,,,,
2026-07-27,00:00,40.7436827,-73.8977664,67 ST,11377,108,UNKNOWN,Street,35.8159844074507,False,QUEENS,"(40.7436827, -73.8977664)",trafficstat,True,False,False,False,False,False,False,True,False,,,,,,,
2026-07-27,00:00,40.7403568,-73.9608932,CENTER BLVD,11101,108,UNKNOWN,Street,1.0913025022005791,False,QUEENS,"(40.7403568, -73.9608932)",trafficstat,False,False,False,False,False,False,False,False,False,,,,,,,
2026-07-27,00:00,40.7491432,-73.9156008,48 ST,11104,108,OTHER,Street,0.43575477563184806,False,QUEENS,"(40.7491432, -73.9156008)",trafficstat,True,False,True,False,False,False,False,False,False,,,,,,,
2026-07-26,00:00,40.7537087,-73.9029876,58 ST,11377,108,UNKNOWN,Street,0.10410863468638565,False,QUEENS,"(40.7537087, -73.9029876)",trafficstat,False,False,False,False,False,False,False,False,False,,,,,,,
2026-07-26,00:00,40.7384197,-73.8988961,66 ST,11377,108,OTHER,Street,0.7026038390508766,False,QUEENS,"(40.7384197, -73.8988961)",trafficstat,True,False,False,False,False,False,False,True,False,,,,,,,
2026-07-26,00:00,40.7459785,-73.9480673,21 ST,11101,108,UNKNOWN,Street,1.493427843393215,False,QUEENS,"(40.7459785, -73.9480673)",trafficstat,True,False,False,False,False,False,False,False,True,,,,,,,
2026-06-12,00:00,40.7459785,-73.9480673,21 ST,11101,108,UNKNOWN,Street,1.493427843393215,False,QUEENS,"(40.7459785, -73.9480673)",trafficstat,False,False,False,False,False,False,False,False,False,,,,,,,
2026-07-26,00:00,40.7446853,-73.9147215,50 ST,11377,108,UNKNOWN,Street,34.14040513949462,False,QUEENS,"(40.7446853, -73.9147215)",trafficstat,False,False,False,False,False,False,False,False,False,,,,,,,
2026-07-25,00:00,40.7441117,-73.9536372,VERNON BLVD,11101,108,UNKNOWN,Street,1.3869933722663026,False,QUEENS,"(40.7441117, -73.9536372)",trafficstat,False,False,False,False,False,False,False,False,False,,,,,,,
2026-07-25,00:00,40.7403112,-73.9181862,47 ST,11377,108,UNKNOWN,Street,37.142434608986115,False,QUEENS,"(40.7403112, -73.9181862)",trafficstat,False,False,False,False,False,False,False,False,False,,,,,,,
2026-07-25,00:00,40.7393606,-73.8913628,QUEENS BLVD,11377,108,UNKNOWN,Street,5.735705452117656,False,QUEENS,"(40.7393606, -73.8913628)",trafficstat,True,False,False,False,False,False,False,False,False,,,,,,,
2026-07-25,00:00,40.736343,-73.932655,GREENPOINT AVE,11101,108,UNKNOWN,Street,2.378072254282377,False,QUEENS,"(40.736343, -73.932655)",trafficstat,False,False,False,False,False,False,False,False,False,,,,,,,
2026-07-25,00:00,40.734491,-73.9224225,BROOKLYN QUEENS EXPY,11378,108,UNKNOWN,Highway,4.033127079933152,False,QUEENS,"(40.734491, -73.9224225)",trafficstat,True,False,False,False,False,False,False,True,False,,,,,,,
2026-07-25,00:00,40.7461454,-73.8968789,ROOSEVELT AVE,11377,108,UNKNOWN,Street,49.76652959950617,False,QUEENS,"(40.7461454, -73.8968789)",trafficstat,False,False,False,False,False,False,False,False,False,,,,,,,
2026-07-24,00:00,40.7478917,-73.9549194,5 ST,11101,108,UNKNOWN,Street,1.5609332340855733,False,QUEENS,"(40.7478917, -73.9549194)",trafficstat,False,False,False,False,False,False,False,False,False,,,,,,,
2026-07-24,00:00,40.7220065,-73.9165552,PAGE PL,11378,108,UNKNOWN,Street,0.5770020913267572,False,QUEENS,"(40.7220065, -73.9165552)",trafficstat,False,False,False,False,False,False,False,False,False,,,,,,,
2026-07-24,00:00,40.7398662,-73.9428446,LONG ISLAND EXPY,11101,108,UNKNOWN,Highway,1.6482822933884975,False,QUEENS,"(40.7398662, -73.9428446)",trafficstat,True,False,False,False,False,False,False,True,True,,,,,,,
2026-07-23,00:00,40.7323495,-73.9215287,46 ST,11378,108,UNKNOWN,Street,0.7980736576155891,False,QUEENS,"(40.7323495, -73.9215287)",trafficstat,True,False,False,False,False,True,False,False,False,,,,,,,
2026-07-23,00:00,40.7340202,-73.9370348,37 ST,11101,108,UNKNOWN,Street,34.27701596372189,False,QUEENS,"(40.7340202, -73.9370348)",trafficstat,False,False,False,False,False,False,False,False,False,,,,,,,
2026-07-23,00:00,40.7355954,-73.899005,66 ST,11377,108,UNKNOWN,Street,0.5680222595402317,False,QUEENS,"(40.7355954, -73.899005)",trafficstat,False,False,False,False,False,False,False,False,False,,,,,,,
2026-07-23,00:00,40.7421735,-73.9598721,CENTER BLVD,11101,108,UNKNOWN,Street,44.24900750162388,False,QUEENS,"(40.7421735, -73.9598721)",trafficstat,False,False,False,False,False,False,False,False,False,,,,,,,
2026-07-23,00:00,40.7483368,-73.8960891,BROOKLYN QUEENS EXPY,11377,108,UNKNOWN,Highway,2.0172569514747147,False,QUEENS,"(40.7483368, -73.8960891)",trafficstat,True,False,False,False,False,False,False,True,False,,,,,,,
2026-06-13,00:00,40.7483368,-73.8960891,BROOKLYN QUEENS EXPY,11377,108,UNKNOWN,Highway,2.0172569514747147,False,QUEENS,"(40.7483368, -73.8960891)",trafficstat,False,False,False,False,False,False,False,False,False,,,,,,,
2026-07-23,00:00,40.7496752,-73.9361615,QUEENS PLZ E,11101,108,UNKNOWN,Street,1.8277298609072048,False,QUEENS,"(40.7496752, -73.9361615)",trafficstat,True,False,False,False,False,False,False,True,False,,,,,,,
2026-07-23,00:00,40.7460475,-73.8990289,65 PL,11377,108,UNKNOWN,Street,0.14553074575545824,False,QUEENS,"(40.7460475, -73.8990289)",trafficstat,True,False,False,False,False,False,False,True,False,,,,,,,
2026-07-23,00:00,40.7469073,-73.9458042,45 AVE,11101,108,UNKNOWN,Street,39.29263854439703,False,QUEENS,"(40.7469073, -73.9458042)",trafficstat,True,False,False,True,False,False,False,False,False,,,,,,,
2026-07-23,00:00,40.7464019,-73.9422416,THOMSON AVE,11101,108,UNKNOWN,Street,51.16622783992598,False,QUEENS,"(40.7464019, -73.9422416)",trafficstat,False,False,False,False,False,False,False,False,False,,,,,,,
2026-07-23,00:00,40.7480204,-73.9208113,43 ST,11104,108,UNKNOWN,Street,65.02113818175712,False,QUEENS,"(40.7480204, -73.9208113)",trafficstat,False,False,False,False,False,False,False,False,False,,,,,,,
2026-07-22,00:00,40.7434555,-73.9148358,50 ST,11377,108,UNKNOWN,Street,1.1728811682063325,False,QUEENS,"(40.7434555, -73.9148358)",trafficstat,False,False,False,False,False,False,False,False,False,,,,,,,
2026-07-22,00:00,40.73557,-73.9150493,BROOKLYN QUEENS EXPY,11377,108,UNKNOWN,Highway,5.6845781952160435,False,QUEENS,"(40.73557, -73.9150493)",trafficstat,False,False,False,False,False,False,False,False,False,,,,,,,