crash_date,crash_time,latitude,longitude,on_street_name,zip_code,precinct,collision_type,roadway_type,geocode_dist_feet,time_is_known,borough,location,source,injury,fatality,injured_pedestrian,injured_cyclist,injured_ebike_rider,injured_motorcyclist,injured_moped_rider,injured_car_occupant,injured_suv_occupant,number_of_persons_injured,number_of_persons_killed,contributing_factor_vehicle_1,collision_id,cross_street_name,off_street_name,vehicle_type_code1
2026-07-22,00:00,40.7278712,-73.908847,BORDEN AVE,11378,108,UNKNOWN,Street,57.24601474991456,False,QUEENS,"(40.7278712, -73.908847)",trafficstat,True,False,False,False,False,False,False,True,False,,,,,,,
2026-06-21,00:00,40.7278712,-73.908847,BORDEN AVE,11378,108,UNKNOWN,Street,57.24601474991456,False,QUEENS,"(40.7278712, -73.908847)",trafficstat,False,False,False,False,False,False,False,False,False,,,,,,,
2026-07-22,00:00,40.7344527,-73.9077714,52 RD,11377,108,UNKNOWN,Street,2.7885663209902765,False,QUEENS,"(40.7344527, -73.9077714)",trafficstat,False,False,False,False,False,False,False,False,False,,,,,,,
2026-07-21,00:00,40.7356328,-73.9009535,65 ST,11377,108,OTHER,Street,0.7199099720554266,False,QUEENS,"(40.7356328, -73.9009535)",trafficstat,True,False,False,False,False,False,False,True,False,,,,,,,
2026-07-21,00:00,40.7381848,-73.9247872,50 AVE,11104,108,UNKNOWN,Street,49.790330184224196,False,QUEENS,"(40.7381848, -73.9247872)",trafficstat,False,False,False,False,False,False,False,False,False,,,,,,,
2026-07-21,00:00,40.7418029,-73.9361265,31 ST,11101,108,OTHER,Street,20.115806197394033,False,QUEENS,"(40.7418029, -73.9361265)",trafficstat,False,False,False,False,False,False,False,False,False,,,,,,,
2026-07-21,00:00,40.7507839,-73.9010645,61 ST,11377,108,UNKNOWN,Street,0.8355475268338525,False,QUEENS,"(40.7507839, -73.9010645)",trafficstat,True,False,True,False,False,False,False,False,False,,,,,,,
2026-07-20,00:00,40.7349179,-73.9205637,BROOKLYN QUEENS EXPY,11377,108,UNKNOWN,Highway,6.594180333545293,False,QUEENS,"(40.7349179, -73.9205637)",trafficstat,True,False,False,False,False,False,False,True,False,,,,,,,
2026-07-19,00:00,40.732828,-73.9188689,48 ST,11377,108,UNKNOWN,Street,0.7364035187172348,False,QUEENS,"(40.732828, -73.9188689)",trafficstat,False,False,False,False,False,False,False,False,False,,,,,,,
2026-07-19,00:00,40.7413078,-73.893629,44 AVE,11377,108,UNKNOWN,Street,53.20719681532587,False,QUEENS,"(40.7413078, -73.893629)",trafficstat,False,False,False,False,False,False,False,False,False,,,,,,,
2026-07-19,00:00,40.7479402,-73.95634,CENTER BLVD,11109,108,UNKNOWN,Street,76.3584815977805,False,QUEENS,"(40.7479402, -73.95634)",trafficstat,False,False,False,False,False,False,False,False,False,,,,,,,
2026-07-19,00:00,40.7484789,-73.9042768,59 ST,11377,108,OTHER,Street,45.16780062194094,False,QUEENS,"(40.7484789, -73.9042768)",trafficstat,False,False,False,False,False,False,False,False,False,,,,,,,
2026-07-19,00:00,40.7518401,-73.9035714,58 ST,11377,108,UNKNOWN,Street,1.3229601496027923,False,QUEENS,"(40.7518401, -73.9035714)",trafficstat,True,False,False,False,False,False,False,True,False,,,,,,,
2026-07-18,00:00,40.7460165,-73.941977,THOMSON AVE,11101,108,UNKNOWN,Street,64.07543562801588,False,QUEENS,"(40.7460165, -73.941977)",trafficstat,True,False,False,False,False,False,False,True,True,,,,,,,
2026-07-18,00:00,40.7417909,-73.9569011,BORDEN AVE,11101,108,UNKNOWN,Street,2.5768408564862404,False,QUEENS,"(40.7417909, -73.9569011)",trafficstat,True,False,False,False,False,False,False,False,True,,,,,,,
2026-07-18,00:00,40.735725,-73.93676,STARR AVE,11101,108,UNKNOWN,Street,1.252394151571407,False,QUEENS,"(40.735725, -73.93676)",trafficstat,False,False,False,False,False,False,False,False,False,,,,,,,
2026-07-18,00:00,40.7344625,-73.9073695,52 RD,11377,108,UNKNOWN,Street,35.74055551708591,False,QUEENS,"(40.7344625, -73.9073695)",trafficstat,False,False,False,False,False,False,False,False,False,,,,,,,
2026-07-18,00:00,40.7232387,-73.9125707,MASPETH AVE,11378,108,UNKNOWN,Street,2.9828522845068877,False,QUEENS,"(40.7232387, -73.9125707)",trafficstat,True,False,False,False,False,False,False,False,False,,,,,,,
2026-07-18,00:00,40.7439038,-73.9487618,21 ST,11101,108,UNKNOWN,Street,0.8541697128894445,False,QUEENS,"(40.7439038, -73.9487618)",trafficstat,True,False,False,True,False,False,False,False,False,,,,,,,
2026-07-17,00:00,40.743084,-73.93579,31 ST,11101,108,UNKNOWN,Street,0.956095758200842,False,QUEENS,"(40.743084, -73.93579)",trafficstat,False,False,False,False,False,False,False,False,False,,,,,,,
2026-07-17,00:00,40.744619,-73.9223417,42 ST,11104,108,UNKNOWN,Street,37.04136509009732,False,QUEENS,"(40.744619, -73.9223417)",trafficstat,False,False,False,False,False,False,False,False,False,,,,,,,
2026-07-17,00:00,40.7506462,-73.9456563,21 ST,11101,108,UNKNOWN,Street,1.9342619619782275,False,QUEENS,"(40.7506462, -73.9456563)",trafficstat,True,False,False,False,False,False,False,False,True,,,,,,,
2026-07-16,00:00,40.7474492,-73.9414544,PURVES ST,11101,108,UNKNOWN,Street,1.389638010985039,False,QUEENS,"(40.7474492, -73.9414544)",trafficstat,False,False,False,False,False,False,False,False,False,,,,,,,
2026-07-16,00:00,40.7364631,-73.9092242,BROOKLYN QUEENS EXPY,11377,108,OTHER,Highway,0.5205839644090962,False,QUEENS,"(40.7364631, -73.9092242)",trafficstat,True,False,False,False,False,False,False,True,False,,,,,,,
2026-07-16,00:00,40.7405445,-73.9381983,30 ST,11101,108,OTHER,Street,0.8048547020392269,False,QUEENS,"(40.7405445, -73.9381983)",trafficstat,True,False,False,False,False,False,False,False,True,,,,,,,
2026-07-15,00:00,40.7394164,-73.9203945,45 ST,11377,108,UNKNOWN,Street,1.0108112581510522,False,QUEENS,"(40.7394164, -73.9203945)",trafficstat,False,False,False,False,False,False,False,False,False,,,,,,,
2026-07-15,00:00,40.7305493,-73.9263296,KOSCIUSZKO BRG,11378,108,UNKNOWN,Bridge,36.12187235689767,False,QUEENS,"(40.7305493, -73.9263296)",trafficstat,False,False,False,False,False,False,False,False,False,,,,,,,
2026-07-15,00:00,40.7460695,-73.9457542,23 ST,11101,108,UNKNOWN,Street,47.317934403097205,False,QUEENS,"(40.7460695, -73.9457542)",trafficstat,True,False,True,False,False,False,False,False,False,,,,,,,
2026-07-15,00:00,40.748703,-73.9400571,HUNTER ST,11101,108,UNKNOWN,Street,46.80445761211044,False,QUEENS,"(40.748703, -73.9400571)",trafficstat,True,False,False,False,False,False,False,False,True,,,,,,,
2026-07-14,00:00,40.7483702,-73.9389164,ORCHARD ST,11101,108,UNKNOWN,Street,1.0630148692329837,False,QUEENS,"(40.7483702, -73.9389164)",trafficstat,False,False,False,False,False,False,False,False,False,,,,,,,
2026-07-14,00:00,40.7472137,-73.9235828,40 ST,11104,108,OTHER,Street,0.4428333109256687,False,QUEENS,"(40.7472137, -73.9235828)",trafficstat,False,False,False,False,False,False,False,False,False,,,,,,,
2026-06-17,00:00,40.7472137,-73.9235828,40 ST,11104,108,UNKNOWN,Street,0.4428333109256687,False,QUEENS,"(40.7472137, -73.9235828)",trafficstat,True,False,False,True,False,False,False,False,False,,,,,,,
2026-07-13,00:00,40.7408131,-73.8988925,BROOKLYN QUEENS EXPY,11377,108,OTHER,Highway,18.751049765527057,False,QUEENS,"(40.7408131, -73.8988925)",trafficstat,False,False,False,False,False,False,False,False,False,,,,,,,
2026-07-11,00:00,40.7408131,-73.8988925,BROOKLYN QUEENS EXPY,11377,108,OTHER,Highway,18.751049765527057,False,QUEENS,"(40.7408131, -73.8988925)",trafficstat,False,False,False,False,False,False,False,False,False,,,,,,,
2026-06-22,00:00,40.7408131,-73.8988925,BROOKLYN QUEENS EXPY,11377,108,UNKNOWN,Highway,18.751049765527057,False,QUEENS,"(40.7408131, -73.8988925)",trafficstat,False,False,False,False,False,False,False,False,False,,,,,,,
2026-07-12,00:00,40.7424944,-73.9019059,63 ST,11377,108,UNKNOWN,Street,46.5869009070925,False,QUEENS,"(40.7424944, -73.9019059)",trafficstat,False,False,False,False,False,False,False,False,False,,,,,,,
2026-07-12,00:00,40.7427676,-73.9330104,32 PL,11101,108,UNKNOWN,Street,1.1445379393927517,False,QUEENS,"(40.7427676, -73.9330104)",trafficstat,False,False,False,False,False,False,False,False,False,,,,,,,
2026-07-11,00:00,40.7440784,-73.9009193,WOODSIDE AVE,11377,108,UNKNOWN,Bridge,2.1675563521334875,False,QUEENS,"(40.7440784, -73.9009193)",trafficstat,True,False,True,False,False,False,False,False,False,,,,,,,
2026-07-11,00:00,40.7393115,-73.9194673,46 ST,11377,108,UNKNOWN,Street,0.4617442852309327,False,QUEENS,"(40.7393115, -73.9194673)",trafficstat,True,False,False,True,False,False,False,False,False,,,,,,,
2026-07-11,00:00,40.7474718,-73.9566675,CENTER BLVD,11109,108,OTHER,Street,61.389029173643614,False,QUEENS,"(40.7474718, -73.9566675)",trafficstat,False,False,False,False,False,False,False,False,False,,,,,,,
2026-07-11,00:00,40.7505114,-73.8998007,62 ST,11377,108,UNKNOWN,Street,43.051696946614726,False,QUEENS,"(40.7505114, -73.8998007)",trafficstat,False,False,False,False,False,False,False,False,False,,,,,,,
2026-07-10,00:00,40.7377767,-73.9405003,REVIEW AVE,11101,108,UNKNOWN,Street,36.06302166254076,False,QUEENS,"(40.7377767, -73.9405003)",trafficstat,False,False,False,False,False,False,False,False,False,,,,,,,
2026-07-10,00:00,40.7422408,-73.9583816,QUEENS MIDTOWN TUNL,11101,108,OTHER,Tunnel,25.77937486548847,False,QUEENS,"(40.7422408, -73.9583816)",trafficstat,True,False,False,True,False,False,False,False,False,,,,,,,
2026-07-10,00:00,40.7448629,-73.8941912,71 ST,11377,108,UNKNOWN,Street,0.2110547779364007,False,QUEENS,"(40.7448629, -73.8941912)",trafficstat,False,False,False,False,False,False,False,False,False,,,,,,,
2026-07-03,00:00,40.7448629,-73.8941912,71 ST,11377,108,OTHER,Street,0.2110547779364007,False,QUEENS,"(40.7448629, -73.8941912)",trafficstat,False,False,False,False,False,False,False,False,False,,,,,,,
2026-07-10,00:00,40.7410672,-73.9461022,LONG ISLAND EXPY,11101,108,UNKNOWN,Highway,10.934019055555778,False,QUEENS,"(40.7410672, -73.9461022)",trafficstat,True,False,False,False,False,False,False,True,False,,,,,,,
2026-07-08,00:00,40.7420629,-73.9507011,50 AVE,11101,108,UNKNOWN,Street,3.208596867928006,False,QUEENS,"(40.7420629, -73.9507011)",trafficstat,False,False,False,False,False,False,False,False,False,,,,,,,
2026-07-08,00:00,40.7434407,-73.8947129,70 ST,11377,108,UNKNOWN,Bridge,39.57919807189061,False,QUEENS,"(40.7434407, -73.8947129)",trafficstat,False,False,False,False,False,False,False,False,False,,,,,,,
2026-07-08,00:00,40.7416914,-73.9237407,41 ST,11104,108,UNKNOWN,Street,0.3452726768809862,False,QUEENS,"(40.7416914, -73.9237407)",trafficstat,True,False,False,False,False,False,True,False,False,,,,,,,
2026-07-08,00:00,40.7394529,-73.9201977,48 AVE,11377,108,OTHER,Street,17.955482306670284,False,QUEENS,"(40.7394529, -73.9201977)",trafficstat,False,False,False,False,False,False,False,False,False,,,,,,,
2026-07-07,00:00,40.7426172,-73.9578582,51 AVE,11101,108,UNKNOWN,Street,37.73743838212074,False,QUEENS,"(40.7426172, -73.9578582)",trafficstat,True,False,False,True,False,False,False,False,False,,,,,,,
2026-07-07,00:00,40.7430682,-73.9597764,CENTER BLVD,11101,108,UNKNOWN,Street,1.3370595623874506,False,QUEENS,"(40.7430682, -73.9597764)",trafficstat,True,False,True,False,False,False,False,False,False,,,,,,,
2026-07-06,00:00,40.743875,-73.912466,52 ST,11377,108,OTHER,Street,21.810539419789706,False,QUEENS,"(40.743875, -73.912466)",trafficstat,False,False,False,False,False,False,False,False,False,,,,,,,
2026-07-06,00:00,40.7444537,-73.9298257,35 ST,11101,108,OTHER,Street,1.0301148760638885,False,QUEENS,"(40.7444537, -73.9298257)",trafficstat,False,False,False,False,False,False,False,False,False,,,,,,,
2026-07-01,00:00,40.7444537,-73.9298257,35 ST,11101,108,UNKNOWN,Street,1.0301148760638885,False,QUEENS,"(40.7444537, -73.9298257)",trafficstat,True,False,False,False,False,False,False,False,True,,,,,,,
2026-06-12,00:00,40.7444537,-73.9298257,35 ST,11101,108,UNKNOWN,Street,1.0301148760638885,False,QUEENS,"(40.7444537, -73.9298257)",trafficstat,False,False,False,False,False,False,False,False,False,,,,,,,
2026-07-06,00:00,40.7481286,-73.9062438,57 ST,11377,108,UNKNOWN,Street,0.822408880482139,False,QUEENS,"(40.7481286, -73.9062438)",trafficstat,True,False,False,False,False,False,False,True,True,,,,,,,
2026-07-06,00:00,40.7339663,-73.9217195,LONG ISLAND EXPY,11378,108,UNKNOWN,Highway,12.169039525244084,False,QUEENS,"(40.7339663, -73.9217195)",trafficstat,True,False,False,False,False,False,False,True,False,,,,,,,
2026-06-20,00:00,40.7339663,-73.9217195,LONG ISLAND EXPY,11378,108,UNKNOWN,Highway,12.169039525244084,False,QUEENS,"(40.7339663, -73.9217195)",trafficstat,False,False,False,False,False,False,False,False,False,,,,,,,
2026-07-05,00:00,40.7448932,-73.8953135,70 ST,11377,108,OTHER,Street,49.056103114544335,False,QUEENS,"(40.7448932, -73.8953135)",trafficstat,False,False,False,False,False,False,False,False,False,,,,,,,
2026-07-05,00:00,40.7525309,-73.9438357,21 ST,11101,108,UNKNOWN,Street,1.8745508194426916,False,QUEENS,"(40.7525309, -73.9438357)",trafficstat,False,False,False,False,False,False,False,False,False,,,,,,,
2026-07-04,00:00,40.7446863,-73.9164943,48 ST,11104,108,UNKNOWN,Street,0.47234136586297976,False,QUEENS,"(40.7446863, -73.9164943)",trafficstat,True,False,False,False,False,False,False,False,True,,,,,,,
2026-07-04,00:00,40.7358977,-73.9180495,48 ST,11377,108,UNKNOWN,Street,56.02303075688422,False,QUEENS,"(40.7358977, -73.9180495)",trafficstat,True,False,False,False,False,False,False,True,False,,,,,,,
2026-07-04,00:00,40.7320638,-73.9253177,KOSCIUSZKO BRG,11378,108,OTHER,Bridge,22.711470282404846,False,QUEENS,"(40.7320638, -73.9253177)",trafficstat,False,False,False,False,False,False,False,False,False,,,,,,,
2026-07-03,00:00,40.7389884,-73.9166854,48 AVE,11377,108,UNKNOWN,Street,3.046657080798996,False,QUEENS,"(40.7389884, -73.9166854)",trafficstat,False,False,False,False,False,False,False,False,False,,,,,,,
2026-07-03,00:00,40.7458653,-73.9266953,38 ST,11101,108,UNKNOWN,Street,1.1233975194847925,False,QUEENS,"(40.7458653, -73.9266953)",trafficstat,True,False,False,False,False,False,False,True,False,,,,,,,
2026-07-02,00:00,40.7459413,-73.900054,64 ST,11377,108,UNKNOWN,Street,1.3501701212922534,False,QUEENS,"(40.7459413, -73.900054)",trafficstat,True,True,False,False,False,True,False,False,False,,,,,,,
2026-07-02,00:00,40.7414788,-73.9218825,43 ST,11377,108,UNKNOWN,Street,0.7835979914742507,False,QUEENS,"(40.7414788, -73.9218825)",trafficstat,False,False,False,False,False,False,False,False,False,,,,,,,
2026-07-02,00:00,40.7411229,-73.8984135,BROOKLYN QUEENS EXPY,11377,108,UNKNOWN,Highway,2.2296332723507986,False,QUEENS,"(40.7411229, -73.8984135)",trafficstat,True,False,False,False,False,False,False,False,True,,,,,,,
2026-07-02,00:00,40.7371442,-73.9170919,49 ST,11377,108,UNKNOWN,Street,0.8523028784445003,False,QUEENS,"(40.7371442, -73.9170919)",trafficstat,False,False,False,False,False,False,False,False,False,,,,,,,
2026-07-02,00:00,40.7447282,-73.8986211,65 PL,11377,108,UNKNOWN,Street,44.98854086449619,False,QUEENS,"(40.7447282, -73.8986211)",trafficstat,False,False,False,False,False,False,False,False,False,,,,,,,
2026-07-02,00:00,40.7435368,-73.9507108,JACKSON AVE,11101,108,UNKNOWN,Street,2.9706551208210765,False,QUEENS,"(40.7435368, -73.9507108)",trafficstat,True,False,False,False,False,True,False,False,False,,,,,,,
2026-07-01,00:00,40.7349334,-73.9231148,LONG ISLAND EXPY,11378,108,UNKNOWN,Highway,11.097816866788046,False,QUEENS,"(40.7349334, -73.9231148)",trafficstat,True,False,False,False,False,False,False,False,True,,,,,,,
2026-07-01,00:00,40.7404269,-73.8967026,QUEENS BLVD,11377,108,OTHER,Street,16.444179501406133,False,QUEENS,"(40.7404269, -73.8967026)",trafficstat,True,False,False,False,False,False,False,False,False,,,,,,,
2026-06-26,00:00,40.7404269,-73.8967026,QUEENS BLVD,11377,108,UNKNOWN,Street,16.444179501406133,False,QUEENS,"(40.7404269, -73.8967026)",trafficstat,True,False,False,True,False,False,False,False,False,,,,,,,
2026-07-01,00:00,40.7384386,-73.9276453,50 AVE,11104,108,UNKNOWN,Street,1.8209903670372751,False,QUEENS,"(40.7384386, -73.9276453)",trafficstat,True,False,False,False,False,False,False,False,False,,,,,,,
2026-06-30,00:00,40.7278639,-73.9068703,QUEENS MIDTOWN EXPY,11378,108,UNKNOWN,Street,18.48520384933399,False,QUEENS,"(40.7278639, -73.9068703)",trafficstat,False,False,False,False,False,False,False,False,False,,,,,,,
2026-06-30,00:00,40.7422829,-73.9518052,11 ST,11101,108,UNKNOWN,Street,0.9599240369610568,False,QUEENS,"(40.7422829, -73.9518052)",trafficstat,False,False,False,False,False,False,False,False,False,,,,,,,
2026-06-30,00:00,40.7469548,-73.9056516,58 ST,11377,108,OTHER,Street,38.33009987755357,False,QUEENS,"(40.7469548, -73.9056516)",trafficstat,True,False,False,False,False,False,False,False,True,,,,,,,
2026-06-12,00:00,40.7469548,-73.9056516,58 ST,11377,108,UNKNOWN,Street,38.33009987755357,False,QUEENS,"(40.7469548, -73.9056516)",trafficstat,False,False,False,False,False,False,False,False,False,,,,,,,
2026-06-29,00:00,40.7456528,-73.9248441,39 PL,11104,108,OTHER,Street,0.9276140120265164,False,QUEENS,"(40.7456528, -73.9248441)",trafficstat,False,False,False,False,False,False,False,False,False,,,,,,,
2026-06-29,00:00,40.7477377,-73.9445746,44 DR,11101,108,UNKNOWN,Street,56.058964972466235,False,QUEENS,"(40.7477377, -73.9445746)",trafficstat,True,False,False,True,False,False,False,False,False,,,,,,,
2026-06-27,00:00,40.7405422,-73.9445076,LONG ISLAND EXPY,11101,108,UNKNOWN,Highway,0.2841339551598249,False,QUEENS,"(40.7405422, -73.9445076)",trafficstat,False,False,False,False,False,False,False,False,False,,,,,,,
2026-06-26,00:00,40.7505668,-73.9522648,VERNON BLVD,11101,108,UNKNOWN,Street,0.0722363608787158,False,QUEENS,"(40.7505668, -73.9522648)",trafficstat,False,False,False,False,False,False,False,False,False,,,,,,,
2026-06-25,00:00,40.7519331,-73.9047032,57 ST,11377,108,UNKNOWN,Street,40.9515874802058,False,QUEENS,"(40.7519331, -73.9047032)",trafficstat,False,False,False,False,False,False,False,False,False,,,,,,,
2026-06-25,00:00,40.740067,-73.92596,48 AVE,11104,108,UNKNOWN,Street,2.5323226407124597,False,QUEENS,"(40.740067, -73.92596)",trafficstat,False,False,False,False,False,False,False,False,False,,,,,,,
2026-06-25,00:00,40.7411434,-73.9303569,35 ST,11101,108,UNKNOWN,Street,36.54578429089279,False,QUEENS,"(40.7411434, -73.9303569)",trafficstat,False,False,False,False,False,False,False,False,False,,,,,,,
2026-06-25,00:00,40.744425,-73.9131174,43 AVE,11377,108,UNKNOWN,Street,52.5555290124559,False,QUEENS,"(40.744425, -73.9131174)",trafficstat,True,False,False,False,False,False,False,False,False,,,,,,,
2026-06-24,00:00,40.7471203,-73.9423822,44 DR,11101,108,UNKNOWN,Street,1.3750030372647952,False,QUEENS,"(40.7471203, -73.9423822)",trafficstat,False,False,False,False,False,False,False,False,False,,,,,,,
2026-06-23,00:00,40.7434327,-73.957226,50 AVE,11101,108,UNKNOWN,Street,33.881433590007816,False,QUEENS,"(40.7434327, -73.957226)",trafficstat,False,False,False,False,False,False,False,False,False,,,,,,,
2026-06-23,00:00,40.7415206,-73.9045895,60 ST,11377,108,OTHER,Street,1.0802396821831812,False,QUEENS,"(40.7415206, -73.9045895)",trafficstat,True,False,False,False,True,False,False,False,False,,,,,,,
2026-06-23,00:00,40.742664,-73.9189197,46 ST,11104,108,UNKNOWN,Street,32.1709015681331,False,QUEENS,"(40.742664, -73.9189197)",trafficstat,True,False,False,False,False,False,False,False,True,,,,,,,
2026-06-23,00:00,40.7390961,-73.9176127,48 ST,11377,108,UNKNOWN,Street,0.6223021719733804,False,QUEENS,"(40.7390961, -73.9176127)",trafficstat,False,False,False,False,False,False,False,False,False,,,,,,,
2026-06-15,00:00,40.7390961,-73.9176127,48 ST,11377,108,UNKNOWN,Street,0.6223021719733804,False,QUEENS,"(40.7390961, -73.9176127)",trafficstat,False,False,False,False,False,False,False,False,False,,,,,,,
2026-06-23,00:00,40.7519913,-73.9097696,WOODSIDE AVE,11377,108,UNKNOWN,Street,62.4775899952544,False,QUEENS,"(40.7519913, -73.9097696)",trafficstat,True,False,False,False,False,True,False,False,False,,,,,,,
2026-06-23,00:00,40.7490544,-73.9522118,VERNON BLVD,11101,108,UNKNOWN,Street,0.7190563742333718,False,QUEENS,"(40.7490544, -73.9522118)",trafficstat,False,False,False,False,False,False,False,False,False,,,,,,,
2026-06-22,00:00,40.7355881,-73.9254075,CONNECTOR RD TO BQE WB,11378,108,OTHER,Ramp,1.9905898516174625,False,QUEENS,"(40.7355881, -73.9254075)",trafficstat,True,False,False,False,False,False,False,True,False,,,,,,,
2026-06-22,00:00,40.7336933,-73.9239534,BROOKLYN QUEENS EXPY,11378,108,UNKNOWN,Highway,4.510789541652732,False,QUEENS,"(40.7336933, -73.9239534)",trafficstat,True,False,False,False,False,False,False,False,True,,,,,,,
2026-06-22,00:00,40.7364027,-73.9092589,58 ST,11377,108,UNKNOWN,Street,1.4967025099669373,False,QUEENS,"(40.7364027, -73.9092589)",trafficstat,True,False,False,False,False,False,False,True,False,,,,,,,
2026-06-22,00:00,40.7453924,-73.9066122,58 ST,11377,108,UNKNOWN,Street,1.271052541839672,False,QUEENS,"(40.7453924, -73.9066122)",trafficstat,True,False,True,False,False,False,False,False,False,,,,,,,
2026-06-22,00:00,40.7418152,-73.8954154,43 AVE,11377,108,UNKNOWN,Street,34.8843296454983,False,QUEENS,"(40.7418152, -73.8954154)",trafficstat,False,False,False,False,False,False,False,False,False,,,,,,,
2026-06-22,00:00,40.7468907,-73.920797,43 ST,11104,108,OTHER,Street,1.033523055055981,False,QUEENS,"(40.7468907, -73.920797)",trafficstat,True,False,False,False,False,False,False,False,True,,,,,,,
2026-06-21,00:00,40.7421876,-73.9188972,46 ST,11377,108,OTHER,Street,0.8881426768790311,False,QUEENS,"(40.7421876, -73.9188972)",trafficstat,True,False,False,True,False,False,False,False,False,,,,,,,
2026-06-20,00:00,40.7365989,-73.9264679,39 PL,11104,108,UNKNOWN,Street,51.93499064437543,False,QUEENS,"(40.7365989, -73.9264679)",trafficstat,False,False,False,False,False,False,False,False,False,,,,,,,
2026-06-20,00:00,40.752754,-73.9011961,61 ST,11377,108,OTHER,Street,53.981240843764695,False,QUEENS,"(40.752754, -73.9011961)",trafficstat,True,False,False,True,False,False,False,False,False,,,,,,,
2026-06-20,00:00,40.7530014,-73.9021321,60 ST,11377,108,UNKNOWN,Street,58.1959641461725,False,QUEENS,"(40.7530014, -73.9021321)",trafficstat,False,False,False,False,False,False,False,False,False,,,,,,,
2026-06-19,00:00,40.7528254,-73.9064648,BROADWAY,11377,108,OTHER,Street,82.00957177978302,False,QUEENS,"(40.7528254, -73.9064648)",trafficstat,False,False,False,False,False,False,False,False,False,,,,,,,
2026-06-19,00:00,40.749701,-73.9025603,60 ST,11377,108,OTHER,Street,1.0772105765000186,False,QUEENS,"(40.749701, -73.9025603)",trafficstat,False,False,False,False,False,False,False,False,False,,,,,,,
2026-06-19,00:00,40.728865,-73.9278122,KOSCIUSZKO BRG,11378,108,UNKNOWN,Bridge,12.71055190979969,False,QUEENS,"(40.728865, -73.9278122)",trafficstat,False,False,False,False,False,False,False,False,False,,,,,,,
2026-06-19,00:00,40.7407899,-73.9593304,2 ST,11101,108,UNKNOWN,Street,0.9146743191734305,False,QUEENS,"(40.7407899, -73.9593304)",trafficstat,False,False,False,False,False,False,False,False,False,,,,,,,
2026-06-19,00:00,40.744782,-73.9326078,32 PL,11101,108,UNKNOWN,Street,0.927727619248697,False,QUEENS,"(40.744782, -73.9326078)",trafficstat,True,False,False,True,False,False,False,False,False,,,,,,,
2026-06-18,00:00,40.7368677,-73.9182586,48 ST,11377,108,UNKNOWN,Street,54.18423449133802,False,QUEENS,"(40.7368677, -73.9182586)",trafficstat,True,False,False,False,False,False,False,False,True,,,,,,,
2026-06-18,00:00,40.747264,-73.9541809,46 AVE,11101,108,UNKNOWN,Street,32.50540828391978,False,QUEENS,"(40.747264, -73.9541809)",trafficstat,True,False,False,False,False,False,False,False,True,,,,,,,
2026-06-18,00:00,40.7480919,-73.9569775,CENTER BLVD,11109,108,UNKNOWN,Street,77.14633197752948,False,QUEENS,"(40.7480919, -73.9569775)",trafficstat,True,False,False,True,False,False,False,False,False,,,,,,,
2026-06-16,00:00,40.7338262,-73.9103532,58 ST,11378,108,UNKNOWN,Street,40.4843163829338,False,QUEENS,"(40.7338262, -73.9103532)",trafficstat,False,False,False,False,False,False,False,False,False,,,,,,,
2026-06-16,00:00,40.7260684,-73.9088906,59 ST,11378,108,UNKNOWN,Street,0.4516184919135271,False,QUEENS,"(40.7260684, -73.9088906)",trafficstat,True,False,False,False,False,True,False,False,False,,,,,,,
2026-06-16,00:00,40.7428049,-73.9042773,60 ST,11377,108,UNKNOWN,Street,0.8914123435816061,False,QUEENS,"(40.7428049, -73.9042773)",trafficstat,True,False,False,False,False,False,True,False,False,,,,,,,
2026-06-15,00:00,40.7426947,-73.9037939,43 AVE,11377,108,UNKNOWN,Street,2.9731059210423934,False,QUEENS,"(40.7426947, -73.9037939)",trafficstat,False,False,False,False,False,False,False,False,False,,,,,,,
2026-06-15,00:00,40.7453467,-73.9146045,50 ST,11377,108,UNKNOWN,Street,38.34852700155991,False,QUEENS,"(40.7453467, -73.9146045)",trafficstat,False,False,False,False,False,False,False,False,False,,,,,,,
2026-06-14,00:00,40.7500028,-73.8992286,63 ST,11377,108,UNKNOWN,Street,1.0154557868283343,False,QUEENS,"(40.7500028, -73.8992286)",trafficstat,False,False,False,False,False,False,False,False,False,,,,,,,
2026-06-14,00:00,40.7518413,-73.9480519,11 ST,11101,108,UNKNOWN,Street,2.4137324025551425,False,QUEENS,"(40.7518413, -73.9480519)",trafficstat,False,False,False,False,False,False,False,False,False,,,,,,,
2026-06-14,00:00,40.7410282,-73.9343077,VAN DAM ST,11101,108,UNKNOWN,Street,0.5545569121988898,False,QUEENS,"(40.7410282, -73.9343077)",trafficstat,True,False,False,False,False,True,False,True,False,,,,,,,
2026-06-14,00:00,40.7409403,-73.917246,48 ST,11377,108,UNKNOWN,Street,0.3180128005901554,False,QUEENS,"(40.7409403, -73.917246)",trafficstat,False,False,False,False,False,False,False,False,False,,,,,,,