crash_date,crash_time,latitude,longitude,on_street_name,zip_code,precinct,collision_type,roadway_type,geocode_dist_feet,time_is_known,borough,location,source,injury,fatality,injured_pedestrian,injured_cyclist,injured_ebike_rider,injured_motorcyclist,injured_moped_rider,injured_car_occupant,injured_suv_occupant,number_of_persons_injured,number_of_persons_killed,contributing_factor_vehicle_1,collision_id,cross_street_name,off_street_name,vehicle_type_code1
2026-06-14,00:00,40.7429437,-73.9168429,48 ST,11104,108,UNKNOWN,Street,0.4492909243595652,False,QUEENS,"(40.7429437, -73.9168429)",trafficstat,True,False,True,False,False,False,False,False,False,,,,,,,
2026-06-14,00:00,40.7443461,-73.9288983,36 ST,11101,108,OTHER,Street,1.2883288199121605,False,QUEENS,"(40.7443461, -73.9288983)",trafficstat,True,False,False,True,False,False,False,False,False,,,,,,,
2026-06-14,00:00,40.7378083,-73.9292373,GREENPOINT AVE,11101,108,OTHER,Street,3.0434812810637273,False,QUEENS,"(40.7378083, -73.9292373)",trafficstat,True,False,False,True,False,False,False,False,False,,,,,,,
2026-06-13,00:00,40.7489934,-73.8968698,69 ST,11377,108,UNKNOWN,Street,0.35959261145820465,False,QUEENS,"(40.7489934, -73.8968698)",trafficstat,False,False,False,False,False,False,False,False,False,,,,,,,
2026-06-12,00:00,40.7448117,-73.9353671,31 ST,11101,108,UNKNOWN,Street,21.778243367495808,False,QUEENS,"(40.7448117, -73.9353671)",trafficstat,True,False,False,True,False,False,False,False,False,,,,,,,
2026-06-12,00:00,40.7433054,-73.9376508,30 ST,11101,108,UNKNOWN,Street,0.8832123167833636,False,QUEENS,"(40.7433054, -73.9376508)",trafficstat,False,False,False,False,False,False,False,False,False,,,,,,,
2026-06-12,00:00,40.7441676,-73.9268532,QUEENS BLVD,11101,108,UNKNOWN,Street,41.64782153963327,False,QUEENS,"(40.7441676, -73.9268532)",trafficstat,False,False,False,False,False,False,False,False,False,,,,,,,
2026-06-12,00:00,40.7411217,-73.9001492,BROOKLYN QUEENS EXPRESSWAY EN SB,11377,108,UNKNOWN,Ramp,6.20536942593376,False,QUEENS,"(40.7411217, -73.9001492)",trafficstat,True,False,False,False,False,False,False,True,False,,,,,,,
2026-06-12,00:00,40.7424754,-73.9527578,JACKSON AVE,11101,108,UNKNOWN,Street,2.8313582898680894,False,QUEENS,"(40.7424754, -73.9527578)",trafficstat,True,False,True,False,False,False,False,False,False,,,,,,,
2026-06-12,00:00,40.7425735,-73.9543268,VERNON BLVD,11101,108,UNKNOWN,Street,42.20708395915518,False,QUEENS,"(40.7425735, -73.9543268)",trafficstat,False,False,False,False,False,False,False,False,False,,,,,,,
2026-09-13,00:00,40.760532,-73.821556,PARSONS BLVD,11355,109,UNKNOWN,Street,0.41110604512868537,False,QUEENS,"(40.760532, -73.821556)",trafficstat,False,False,False,False,False,False,False,False,False,,,,,,,
2026-09-13,00:00,40.765355,-73.8173234,149 ST,11354,109,UNKNOWN,Street,0.1088253482934107,False,QUEENS,"(40.765355, -73.8173234)",trafficstat,True,False,False,False,False,False,False,False,True,,,,,,,
2026-09-12,00:00,40.7588716,-73.8206368,PARSONS BLVD,11355,109,UNKNOWN,Street,2.38931657554963,False,QUEENS,"(40.7588716, -73.8206368)",trafficstat,False,False,False,False,False,False,False,False,False,,,,,,,
2026-09-12,00:00,40.7419494,-73.8231107,HORACE HARDING EXPY,11367,109,OTHER,Street,43.72117960204367,False,QUEENS,"(40.7419494, -73.8231107)",trafficstat,True,False,False,False,False,False,False,True,False,,,,,,,
2026-09-12,00:00,40.7761377,-73.820782,25 RD,11354,109,OTHER,Street,57.12190357654802,False,QUEENS,"(40.7761377, -73.820782)",trafficstat,False,False,False,False,False,False,False,False,False,,,,,,,
2026-09-12,00:00,40.78531,-73.843025,125 ST,11356,109,OTHER,Street,1.0998025912903422,False,QUEENS,"(40.78531, -73.843025)",trafficstat,False,False,False,False,False,False,False,False,False,,,,,,,
2026-09-12,00:00,40.7867605,-73.8100532,CLINTONVILLE ST,11357,109,UNKNOWN,Bridge,0.5464644645964151,False,QUEENS,"(40.7867605, -73.8100532)",trafficstat,True,False,False,False,False,False,False,False,True,,,,,,,
2026-09-11,00:00,40.784821,-73.8476932,120 ST,11356,109,UNKNOWN,Street,0.47725826186925246,False,QUEENS,"(40.784821, -73.8476932)",trafficstat,True,False,False,True,False,False,False,False,False,,,,,,,
2026-09-11,00:00,40.7745095,-73.8380262,ULMER ST,11354,109,UNKNOWN,Street,0.6262055740648905,False,QUEENS,"(40.7745095, -73.8380262)",trafficstat,False,False,False,False,False,False,False,False,False,,,,,,,
2026-09-10,00:00,40.7627585,-73.822601,PARSONS BLVD,11354,109,UNKNOWN,Street,0.5265976629706224,False,QUEENS,"(40.7627585, -73.822601)",trafficstat,False,False,False,False,False,False,False,False,False,,,,,,,
2026-09-10,00:00,40.7392269,-73.8150928,KISSENA BLVD,11367,109,UNKNOWN,Street,0.5225430011763396,False,QUEENS,"(40.7392269, -73.8150928)",trafficstat,False,False,False,False,False,False,False,False,False,,,,,,,
2026-09-10,00:00,40.7422957,-73.8101331,PARSONS BLVD,11365,109,OTHER,Street,0.3511345273770023,False,QUEENS,"(40.7422957, -73.8101331)",trafficstat,False,False,False,False,False,False,False,False,False,,,,,,,
2026-09-10,00:00,40.7532971,-73.8297474,SAULL ST,11355,109,UNKNOWN,Street,1.4947047005087897,False,QUEENS,"(40.7532971, -73.8297474)",trafficstat,True,False,False,False,False,False,False,False,True,,,,,,,
2026-09-10,00:00,40.7472286,-73.8156765,POPLAR AVE,11355,109,UNKNOWN,Street,54.094582645864485,False,QUEENS,"(40.7472286, -73.8156765)",trafficstat,True,False,True,False,False,False,False,False,False,,,,,,,
2026-09-10,00:00,40.7687544,-73.8130577,MURRAY ST,11354,109,OTHER,Street,0.1763765012377646,False,QUEENS,"(40.7687544, -73.8130577)",trafficstat,True,False,False,False,False,False,False,True,False,,,,,,,
2026-09-10,00:00,40.7914027,-73.8204593,147 ST,11357,109,UNKNOWN,Street,47.46252454623845,False,QUEENS,"(40.7914027, -73.8204593)",trafficstat,False,False,False,False,False,False,False,False,False,,,,,,,
2026-09-10,00:00,40.7888821,-73.7835657,BELL BLVD,11360,109,UNKNOWN,Street,0.652739720243936,False,QUEENS,"(40.7888821, -73.7835657)",trafficstat,False,False,False,False,False,False,False,False,False,,,,,,,
2026-07-20,00:00,40.7888821,-73.7835657,BELL BLVD,11360,109,UNKNOWN,Street,0.652739720243936,False,QUEENS,"(40.7888821, -73.7835657)",trafficstat,False,False,False,False,False,False,False,False,False,,,,,,,
2026-07-13,00:00,40.7888821,-73.7835657,BELL BLVD,11360,109,OTHER,Street,0.652739720243936,False,QUEENS,"(40.7888821, -73.7835657)",trafficstat,True,False,False,False,False,False,False,True,False,,,,,,,
2026-09-10,00:00,40.788407,-73.7908475,CROSS IS PKWY NB EN TOTTEN AVE,11360,109,UNKNOWN,Ramp,2.702641000625932,False,QUEENS,"(40.788407, -73.7908475)",trafficstat,True,False,True,False,False,False,False,False,False,,,,,,,
2026-09-10,00:00,40.7907195,-73.849897,119 ST,11356,109,UNKNOWN,Street,1.6554409421684515,False,QUEENS,"(40.7907195, -73.849897)",trafficstat,True,False,True,False,False,False,False,False,False,,,,,,,
2026-06-17,00:00,40.7907195,-73.849897,119 ST,11356,109,UNKNOWN,Street,1.6554409421684515,False,QUEENS,"(40.7907195, -73.849897)",trafficstat,True,False,True,False,False,False,False,False,False,,,,,,,
2026-09-09,00:00,40.7858172,-73.8024112,160 ST,11357,109,OTHER,Street,0.47669066084661205,False,QUEENS,"(40.7858172, -73.8024112)",trafficstat,False,False,False,False,False,False,False,False,False,,,,,,,
2026-07-26,00:00,40.7858172,-73.8024112,160 ST,11357,109,UNKNOWN,Street,0.47669066084661205,False,QUEENS,"(40.7858172, -73.8024112)",trafficstat,True,False,False,False,False,False,False,False,True,,,,,,,
2026-09-09,00:00,40.7643501,-73.8259431,BOWNE ST,11354,109,UNKNOWN,Street,1.1372270079557891,False,QUEENS,"(40.7643501, -73.8259431)",trafficstat,True,False,True,False,False,False,False,False,False,,,,,,,
2026-08-09,00:00,40.7643501,-73.8259431,BOWNE ST,11354,109,UNKNOWN,Street,1.1372270079557891,False,QUEENS,"(40.7643501, -73.8259431)",trafficstat,True,False,False,False,False,True,False,False,False,,,,,,,
2026-09-09,00:00,40.7583714,-73.8326859,ROOSEVELT AVE,11354,109,OTHER,Street,108.24662180486469,False,QUEENS,"(40.7583714, -73.8326859)",trafficstat,True,False,False,False,False,False,False,True,False,,,,,,,
2026-09-08,00:00,40.7421626,-73.8044316,BOOTH MEMORIAL AVE,11365,109,UNKNOWN,Street,3.1522644470461167,False,QUEENS,"(40.7421626, -73.8044316)",trafficstat,False,False,False,False,False,False,False,False,False,,,,,,,
2026-07-03,00:00,40.7421626,-73.8044316,BOOTH MEMORIAL AVE,11365,109,OTHER,Street,3.1522644470461167,False,QUEENS,"(40.7421626, -73.8044316)",trafficstat,True,False,False,False,False,False,False,True,False,,,,,,,
2026-06-25,00:00,40.7421626,-73.8044316,BOOTH MEMORIAL AVE,11365,109,UNKNOWN,Street,3.1522644470461167,False,QUEENS,"(40.7421626, -73.8044316)",trafficstat,False,False,False,False,False,False,False,False,False,,,,,,,
2026-09-08,00:00,40.742447,-73.8111,157 ST,11355,109,UNKNOWN,Street,1.6963103935480044,False,QUEENS,"(40.742447, -73.8111)",trafficstat,False,False,False,False,False,False,False,False,False,,,,,,,
2026-09-08,00:00,40.7538795,-73.8228051,KISSENA BLVD,11355,109,UNKNOWN,Street,2.1748569148857775,False,QUEENS,"(40.7538795, -73.8228051)",trafficstat,True,False,False,True,False,False,False,False,False,,,,,,,
2026-09-06,00:00,40.7538795,-73.8228051,KISSENA BLVD,11355,109,UNKNOWN,Street,2.1748569148857775,False,QUEENS,"(40.7538795, -73.8228051)",trafficstat,False,False,False,False,False,False,False,False,False,,,,,,,
2026-09-08,00:00,40.7588917,-73.8730985,32 AVE,11369,109,UNKNOWN,Street,54.14723324466603,False,QUEENS,"(40.7588917, -73.8730985)",trafficstat,True,False,False,False,False,False,False,False,True,,,,,,,
2026-07-05,00:00,40.7588917,-73.8730985,32 AVE,11369,109,UNKNOWN,Street,54.14723324466603,False,QUEENS,"(40.7588917, -73.8730985)",trafficstat,False,False,False,False,False,False,False,False,False,,,,,,,
2026-09-08,00:00,40.7932841,-73.8015367,160 ST,11357,109,UNKNOWN,Street,0.6140978670433507,False,QUEENS,"(40.7932841, -73.8015367)",trafficstat,False,False,False,False,False,False,False,False,False,,,,,,,
2026-09-08,00:00,40.7816856,-73.8450174,123 ST,11356,109,OTHER,Street,0.8141167732817062,False,QUEENS,"(40.7816856, -73.8450174)",trafficstat,True,False,False,False,False,False,False,True,False,,,,,,,
2026-09-07,00:00,40.7786133,-73.8363589,LINDEN PL,11356,109,UNKNOWN,Street,0.8095666386429958,False,QUEENS,"(40.7786133, -73.8363589)",trafficstat,True,False,False,False,False,False,False,False,True,,,,,,,
2026-09-07,00:00,40.7818632,-73.8252272,WHITESTONE EXPY,11357,109,UNKNOWN,Highway,0.25469274211430265,False,QUEENS,"(40.7818632, -73.8252272)",trafficstat,True,False,False,False,False,True,False,False,False,,,,,,,
2026-07-30,00:00,40.7818632,-73.8252272,WHITESTONE EXPY,11357,109,UNKNOWN,Highway,0.25469274211430265,False,QUEENS,"(40.7818632, -73.8252272)",trafficstat,True,False,False,False,False,False,False,True,False,,,,,,,
2026-07-07,00:00,40.7818632,-73.8252272,WHITESTONE EXPY,11357,109,UNKNOWN,Highway,0.25469274211430265,False,QUEENS,"(40.7818632, -73.8252272)",trafficstat,True,False,False,False,False,False,False,True,False,,,,,,,
2026-09-07,00:00,40.7893704,-73.8115228,CLINTONVILLE ST,11357,109,OTHER,Street,0.5209603511734883,False,QUEENS,"(40.7893704, -73.8115228)",trafficstat,False,False,False,False,False,False,False,False,False,,,,,,,
2026-09-07,00:00,40.7576734,-73.8343964,COLLEGE POINT BLVD,11354,109,OTHER,Street,77.71076586632142,False,QUEENS,"(40.7576734, -73.8343964)",trafficstat,True,False,True,False,False,False,False,False,False,,,,,,,
2026-08-28,00:00,40.7576734,-73.8343964,COLLEGE POINT BLVD,11354,109,UNKNOWN,Street,77.71076586632142,False,QUEENS,"(40.7576734, -73.8343964)",trafficstat,True,False,False,True,False,False,False,False,False,,,,,,,
2026-09-07,00:00,40.7595695,-73.8301393,MAIN ST,11354,109,UNKNOWN,Street,0.7698144914625297,False,QUEENS,"(40.7595695, -73.8301393)",trafficstat,True,False,False,True,False,False,False,False,False,,,,,,,
2026-09-03,00:00,40.7595695,-73.8301393,MAIN ST,11354,109,UNKNOWN,Street,0.7698144914625297,False,QUEENS,"(40.7595695, -73.8301393)",trafficstat,True,False,True,False,False,False,False,False,False,,,,,,,
2026-07-20,00:00,40.7595695,-73.8301393,MAIN ST,11354,109,UNKNOWN,Street,0.7698144914625297,False,QUEENS,"(40.7595695, -73.8301393)",trafficstat,True,False,True,False,False,False,False,False,False,,,,,,,
2026-09-07,00:00,40.7604644,-73.8265417,UNION ST,11354,109,UNKNOWN,Street,0.9126206676528923,False,QUEENS,"(40.7604644, -73.8265417)",trafficstat,True,False,True,False,False,False,False,False,False,,,,,,,
2026-09-06,00:00,40.7652665,-73.8151649,150 ST,11354,109,UNKNOWN,Street,0.09546567885610642,False,QUEENS,"(40.7652665, -73.8151649)",trafficstat,False,False,False,False,False,False,False,False,False,,,,,,,
2026-09-06,00:00,40.7680157,-73.8107452,154 ST,11354,109,OTHER,Street,54.31517182159034,False,QUEENS,"(40.7680157, -73.8107452)",trafficstat,True,False,True,False,False,False,False,False,False,,,,,,,
2026-09-06,00:00,40.764965,-73.8195475,147 ST,11354,109,UNKNOWN,Street,42.64659631603248,False,QUEENS,"(40.764965, -73.8195475)",trafficstat,False,False,False,False,False,False,False,False,False,,,,,,,
2026-09-06,00:00,40.7574703,-73.8162153,147 ST,11355,109,UNKNOWN,Street,0.764200962310529,False,QUEENS,"(40.7574703, -73.8162153)",trafficstat,False,False,False,False,False,False,False,False,False,,,,,,,
2026-09-06,00:00,40.758092,-73.7958048,171 ST,11358,109,UNKNOWN,Street,0.505372573959225,False,QUEENS,"(40.758092, -73.7958048)",trafficstat,True,False,False,False,False,False,False,True,False,,,,,,,
2026-06-20,00:00,40.758092,-73.7958048,171 ST,11358,109,OTHER,Street,0.505372573959225,False,QUEENS,"(40.758092, -73.7958048)",trafficstat,True,False,True,False,False,False,False,False,True,,,,,,,
2026-09-06,00:00,40.7433555,-73.8372322,LONG ISLAND EXPY,11367,109,UNKNOWN,Highway,12.018745026322904,False,QUEENS,"(40.7433555, -73.8372322)",trafficstat,False,False,False,False,False,False,False,False,False,,,,,,,
2026-08-05,00:00,40.7433555,-73.8372322,LONG ISLAND EXPY,11367,109,UNKNOWN,Highway,12.018745026322904,False,QUEENS,"(40.7433555, -73.8372322)",trafficstat,True,False,False,False,False,False,False,False,True,,,,,,,
2026-07-07,00:00,40.7433555,-73.8372322,LONG ISLAND EXPY,11367,109,UNKNOWN,Highway,12.018745026322904,False,QUEENS,"(40.7433555, -73.8372322)",trafficstat,True,False,False,False,False,False,False,False,True,,,,,,,
2026-06-27,00:00,40.7433555,-73.8372322,LONG ISLAND EXPY,11367,109,UNKNOWN,Highway,12.018745026322904,False,QUEENS,"(40.7433555, -73.8372322)",trafficstat,True,False,False,False,False,False,False,False,True,,,,,,,
2026-09-06,00:00,40.7450979,-73.8238425,142 ST,11355,109,UNKNOWN,Street,1.6605412231040426,False,QUEENS,"(40.7450979, -73.8238425)",trafficstat,False,False,False,False,False,False,False,False,False,,,,,,,
2026-09-06,00:00,40.7864297,-73.793266,201 ST,11360,109,OTHER,Street,0.33781387980213734,False,QUEENS,"(40.7864297, -73.793266)",trafficstat,True,False,False,False,False,False,False,False,True,,,,,,,
2026-09-06,00:00,40.7865867,-73.8078162,CROSS ISLAND PKWY,11357,109,UNKNOWN,Highway,2.3491023955876487,False,QUEENS,"(40.7865867, -73.8078162)",trafficstat,True,False,False,False,False,False,False,True,False,,,,,,,
2026-09-06,00:00,40.7713464,-73.833391,LINDEN PL,11354,109,OTHER,Street,0.7686774666958162,False,QUEENS,"(40.7713464, -73.833391)",trafficstat,False,False,False,False,False,False,False,False,False,,,,,,,
2026-08-14,00:00,40.7713464,-73.833391,LINDEN PL,11354,109,UNKNOWN,Street,0.7686774666958162,False,QUEENS,"(40.7713464, -73.833391)",trafficstat,False,False,False,False,False,False,False,False,False,,,,,,,
2026-08-11,00:00,40.7713464,-73.833391,LINDEN PL,11354,109,UNKNOWN,Street,0.7686774666958162,False,QUEENS,"(40.7713464, -73.833391)",trafficstat,True,False,False,False,False,False,False,True,False,,,,,,,
2026-07-02,00:00,40.7713464,-73.833391,LINDEN PL,11354,109,UNKNOWN,Street,0.7686774666958162,False,QUEENS,"(40.7713464, -73.833391)",trafficstat,False,False,False,False,False,False,False,False,False,,,,,,,
2026-06-17,00:00,40.7713464,-73.833391,LINDEN PL,11354,109,UNKNOWN,Street,0.7686774666958162,False,QUEENS,"(40.7713464, -73.833391)",trafficstat,False,False,False,False,False,False,False,False,False,,,,,,,
2026-09-05,00:00,40.7868469,-73.775658,CROSS ISLAND PKWY,11360,109,OTHER,Highway,9.508287774606428,False,QUEENS,"(40.7868469, -73.775658)",trafficstat,False,False,False,False,False,False,False,False,False,,,,,,,
2026-09-05,00:00,40.7629537,-73.8319572,MAIN ST,11354,109,UNKNOWN,Street,0.7094911960301602,False,QUEENS,"(40.7629537, -73.8319572)",trafficstat,True,False,False,False,False,False,False,False,True,,,,,,,
2026-07-21,00:00,40.7629537,-73.8319572,MAIN ST,11354,109,UNKNOWN,Street,0.7094911960301602,False,QUEENS,"(40.7629537, -73.8319572)",trafficstat,False,False,False,False,False,False,False,False,False,,,,,,,
2026-09-05,00:00,40.7652008,-73.8174707,NORTHERN BLVD,11354,109,UNKNOWN,Street,52.88703786481939,False,QUEENS,"(40.7652008, -73.8174707)",trafficstat,True,False,False,False,False,False,False,True,False,,,,,,,
2026-09-04,00:00,40.760372,-73.81509,149 ST,11355,109,UNKNOWN,Street,1.3223816081851658,False,QUEENS,"(40.760372, -73.81509)",trafficstat,True,False,False,True,False,False,False,False,False,,,,,,,
2026-09-04,00:00,40.7515412,-73.8338882,FOWLER AVE,11355,109,UNKNOWN,Street,48.410951745528635,False,QUEENS,"(40.7515412, -73.8338882)",trafficstat,True,False,False,False,False,False,False,True,False,,,,,,,
2026-09-04,00:00,40.75331,-73.82738,MAIN ST,11355,109,UNKNOWN,Street,2.0865925364984124,False,QUEENS,"(40.75331, -73.82738)",trafficstat,False,False,False,False,False,False,False,False,False,,,,,,,
2026-09-04,00:00,40.7821481,-73.82484,WHITESTONE EXPY,11357,109,OTHER,Highway,4.334082040476322,False,QUEENS,"(40.7821481, -73.82484)",trafficstat,True,False,False,False,False,False,False,True,False,,,,,,,
2026-08-24,00:00,40.7821481,-73.82484,WHITESTONE EXPY,11357,109,OTHER,Highway,4.334082040476322,False,QUEENS,"(40.7821481, -73.82484)",trafficstat,True,False,False,False,False,False,False,True,False,,,,,,,
2026-08-07,00:00,40.7821481,-73.82484,WHITESTONE EXPY,11357,109,OTHER,Highway,4.334082040476322,False,QUEENS,"(40.7821481, -73.82484)",trafficstat,False,False,False,False,False,False,False,False,False,,,,,,,
2026-07-01,00:00,40.7821481,-73.82484,WHITESTONE EXPY,11357,109,UNKNOWN,Highway,4.334082040476322,False,QUEENS,"(40.7821481, -73.82484)",trafficstat,True,False,False,False,False,False,False,True,False,,,,,,,
2026-06-30,00:00,40.7821481,-73.82484,WHITESTONE EXPY,11357,109,UNKNOWN,Highway,4.334082040476322,False,QUEENS,"(40.7821481, -73.82484)",trafficstat,False,False,False,False,False,False,False,False,False,,,,,,,
2026-09-04,00:00,40.7776509,-73.8391345,130 ST,11356,109,UNKNOWN,Street,59.74172169263475,False,QUEENS,"(40.7776509, -73.8391345)",trafficstat,False,False,False,False,False,False,False,False,False,,,,,,,
2026-09-03,00:00,40.777652,-73.8197609,24 AVE,11357,109,OTHER,Street,38.64057500955346,False,QUEENS,"(40.777652, -73.8197609)",trafficstat,False,False,False,False,False,False,False,False,False,,,,,,,
2026-09-03,00:00,40.7860855,-73.7842493,208 PL,11360,109,UNKNOWN,Street,49.937951706827825,False,QUEENS,"(40.7860855, -73.7842493)",trafficstat,False,False,False,False,False,False,False,False,False,,,,,,,
2026-09-03,00:00,40.778613,-73.7758396,BELL BLVD,11360,109,UNKNOWN,Street,0.005762306033271765,False,QUEENS,"(40.778613, -73.7758396)",trafficstat,True,False,True,False,False,False,False,False,False,,,,,,,
2026-07-27,00:00,40.778613,-73.7758396,BELL BLVD,11360,109,UNKNOWN,Street,0.005762306033271765,False,QUEENS,"(40.778613, -73.7758396)",trafficstat,True,False,True,False,False,False,False,False,False,,,,,,,
2026-06-23,00:00,40.778613,-73.7758396,BELL BLVD,11360,109,OTHER,Street,0.005762306033271765,False,QUEENS,"(40.778613, -73.7758396)",trafficstat,False,False,False,False,False,False,False,False,False,,,,,,,
2026-09-03,00:00,40.7860561,-73.8123736,15 DR,11357,109,UNKNOWN,Street,3.315807058964748,False,QUEENS,"(40.7860561, -73.8123736)",trafficstat,True,False,True,False,False,False,False,False,False,,,,,,,
2026-09-03,00:00,40.7421039,-73.8054134,163 ST,11365,109,UNKNOWN,Street,0.32803551168251577,False,QUEENS,"(40.7421039, -73.8054134)",trafficstat,False,False,False,False,False,False,False,False,False,,,,,,,
2026-09-03,00:00,40.7623417,-73.8074949,158 ST,11358,109,UNKNOWN,Street,0.2202704415455163,False,QUEENS,"(40.7623417, -73.8074949)",trafficstat,False,False,False,False,False,False,False,False,False,,,,,,,
2026-09-02,00:00,40.7690961,-73.8336602,FARRINGTON ST,11354,109,OTHER,Street,0.10976197623425886,False,QUEENS,"(40.7690961, -73.8336602)",trafficstat,False,False,False,False,False,False,False,False,False,,,,,,,
2026-09-02,00:00,40.7587429,-73.7976041,169 ST,11358,109,UNKNOWN,Street,0.2929132714750641,False,QUEENS,"(40.7587429, -73.7976041)",trafficstat,True,False,False,False,False,False,False,True,True,,,,,,,
2026-09-02,00:00,40.7806754,-73.8081983,20 AVE,11357,109,UNKNOWN,Street,53.21385264838656,False,QUEENS,"(40.7806754, -73.8081983)",trafficstat,True,False,False,False,False,False,False,False,True,,,,,,,
2026-09-01,00:00,40.7795794,-73.8233144,PARSONS BLVD,11357,109,UNKNOWN,Street,0.7774144363175792,False,QUEENS,"(40.7795794, -73.8233144)",trafficstat,False,False,False,False,False,False,False,False,False,,,,,,,
2026-09-01,00:00,40.7891273,-73.8225863,WHITESTONE EXPY,11357,109,OTHER,Highway,0.6836774944879367,False,QUEENS,"(40.7891273, -73.8225863)",trafficstat,False,False,False,False,False,False,False,False,False,,,,,,,
2026-09-01,00:00,40.758697,-73.833075,ROOSEVELT AVE,11354,109,UNKNOWN,Street,43.88411391315738,False,QUEENS,"(40.758697, -73.833075)",trafficstat,False,False,False,False,False,False,False,False,False,,,,,,,
2026-06-21,00:00,40.758697,-73.833075,ROOSEVELT AVE,11354,109,UNKNOWN,Street,43.88411391315738,False,QUEENS,"(40.758697, -73.833075)",trafficstat,True,False,False,False,False,False,False,False,False,,,,,,,
2026-09-01,00:00,40.7476788,-73.7950869,PIDGEON MEADOW RD,11365,109,UNKNOWN,Street,51.55618470185271,False,QUEENS,"(40.7476788, -73.7950869)",trafficstat,False,False,False,False,False,False,False,False,False,,,,,,,
2026-09-01,00:00,40.7409052,-73.8210691,LONG ISLAND EXPY,11367,109,UNKNOWN,Highway,6.717086854687641,False,QUEENS,"(40.7409052, -73.8210691)",trafficstat,True,False,False,False,False,False,False,False,True,,,,,,,
2026-09-01,00:00,40.7618688,-73.8204842,ROOSEVELT AVE,11354,109,UNKNOWN,Street,66.30196485398092,False,QUEENS,"(40.7618688, -73.8204842)",trafficstat,True,False,False,True,False,False,False,False,False,,,,,,,
2026-08-31,00:00,40.7625444,-73.8126082,MURRAY ST,11355,109,UNKNOWN,Bridge,30.507640799778503,False,QUEENS,"(40.7625444, -73.8126082)",trafficstat,False,False,False,False,False,False,False,False,False,,,,,,,
2026-08-31,00:00,40.7789491,-73.777402,26 AVE,11360,109,OTHER,Street,240.02572210232145,False,QUEENS,"(40.7789491, -73.777402)",trafficstat,True,False,True,False,False,False,False,False,False,,,,,,,
2026-08-31,00:00,40.7830512,-73.8356882,132 ST,11356,109,OTHER,Street,231.36770515327754,False,QUEENS,"(40.7830512, -73.8356882)",trafficstat,True,False,True,False,False,False,False,False,False,,,,,,,
2026-08-31,00:00,40.781691,-73.8256956,WHITESTONE EXPY,11357,109,OTHER,Street,1.6651992025778675,False,QUEENS,"(40.781691, -73.8256956)",trafficstat,False,False,False,False,False,False,False,False,False,,,,,,,
2026-08-03,00:00,40.781691,-73.8256956,WHITESTONE EXPY,11357,109,UNKNOWN,Street,1.6651992025778675,False,QUEENS,"(40.781691, -73.8256956)",trafficstat,True,False,False,False,False,False,False,True,False,,,,,,,
2026-07-27,00:00,40.781691,-73.8256956,WHITESTONE EXPY,11357,109,OTHER,Street,1.6651992025778675,False,QUEENS,"(40.781691, -73.8256956)",trafficstat,False,False,False,False,False,False,False,False,False,,,,,,,
2026-07-21,00:00,40.781691,-73.8256956,WHITESTONE EXPY,11357,109,UNKNOWN,Street,1.6651992025778675,False,QUEENS,"(40.781691, -73.8256956)",trafficstat,False,False,False,False,False,False,False,False,False,,,,,,,
2026-07-13,00:00,40.781691,-73.8256956,WHITESTONE EXPY,11357,109,UNKNOWN,Street,1.6651992025778675,False,QUEENS,"(40.781691, -73.8256956)",trafficstat,True,False,False,False,False,False,False,True,False,,,,,,,
2026-07-03,00:00,40.781691,-73.8256956,WHITESTONE EXPY,11357,109,OTHER,Street,1.6651992025778675,False,QUEENS,"(40.781691, -73.8256956)",trafficstat,True,False,False,False,False,False,False,False,True,,,,,,,
2026-06-22,00:00,40.781691,-73.8256956,WHITESTONE EXPY,11357,109,UNKNOWN,Street,1.6651992025778675,False,QUEENS,"(40.781691, -73.8256956)",trafficstat,True,False,True,False,False,False,False,False,False,,,,,,,
2026-06-17,00:00,40.781691,-73.8256956,WHITESTONE EXPY,11357,109,UNKNOWN,Street,1.6651992025778675,False,QUEENS,"(40.781691, -73.8256956)",trafficstat,False,False,False,False,False,False,False,False,False,,,,,,,
2026-08-30,00:00,40.77866,-73.7826571,23 AVE,11360,109,UNKNOWN,Street,68.68031685982176,False,QUEENS,"(40.77866, -73.7826571)",trafficstat,False,False,False,False,False,False,False,False,False,,,,,,,
2026-08-30,00:00,40.7615132,-73.8143956,149 PL,11355,109,OTHER,Street,0.4041620130416551,False,QUEENS,"(40.7615132, -73.8143956)",trafficstat,False,False,False,False,False,False,False,False,False,,,,,,,
2026-08-30,00:00,40.76277,-73.798,168 ST,11358,109,UNKNOWN,Street,0.3512893988407826,False,QUEENS,"(40.76277, -73.798)",trafficstat,True,False,False,False,True,False,False,False,False,,,,,,,
2026-08-30,00:00,40.7405907,-73.8189726,HORACE HARDING EXPY,11367,109,UNKNOWN,Street,50.811096973280186,False,QUEENS,"(40.7405907, -73.8189726)",trafficstat,False,False,False,False,False,False,False,False,False,,,,,,,
2026-08-29,00:00,40.7468899,-73.8346973,57 RD,11355,109,UNKNOWN,Street,2.4167659301842783,False,QUEENS,"(40.7468899, -73.8346973)",trafficstat,False,False,False,False,False,False,False,False,False,,,,,,,