crash_date,crash_time,latitude,longitude,on_street_name,zip_code,precinct,collision_type,roadway_type,geocode_dist_feet,time_is_known,borough,location,source,injury,fatality,injured_pedestrian,injured_cyclist,injured_ebike_rider,injured_motorcyclist,injured_moped_rider,injured_car_occupant,injured_suv_occupant,number_of_persons_injured,number_of_persons_killed,contributing_factor_vehicle_1,collision_id,cross_street_name,off_street_name,vehicle_type_code1
2026-06-26,00:00,40.7468899,-73.8346973,57 RD,11355,109,OTHER,Street,2.4167659301842783,False,QUEENS,"(40.7468899, -73.8346973)",trafficstat,False,False,False,False,False,False,False,False,False,,,,,,,
2026-08-29,00:00,40.758291,-73.834308,COLLEGE POINT BLVD,11354,109,UNKNOWN,Street,0.615181260709172,False,QUEENS,"(40.758291, -73.834308)",trafficstat,False,False,False,False,False,False,False,False,False,,,,,,,
2026-08-21,00:00,40.758291,-73.834308,COLLEGE POINT BLVD,11354,109,UNKNOWN,Street,0.615181260709172,False,QUEENS,"(40.758291, -73.834308)",trafficstat,True,False,True,False,False,False,False,False,False,,,,,,,
2026-08-12,00:00,40.758291,-73.834308,COLLEGE POINT BLVD,11354,109,UNKNOWN,Street,0.615181260709172,False,QUEENS,"(40.758291, -73.834308)",trafficstat,False,False,False,False,False,False,False,False,False,,,,,,,
2026-08-04,00:00,40.758291,-73.834308,COLLEGE POINT BLVD,11354,109,UNKNOWN,Street,0.615181260709172,False,QUEENS,"(40.758291, -73.834308)",trafficstat,True,False,False,False,False,False,False,False,True,,,,,,,
2026-08-29,00:00,40.7703332,-73.8349654,WHITESTONE EXPY,11357,109,UNKNOWN,Highway,24.45204882368671,False,QUEENS,"(40.7703332, -73.8349654)",trafficstat,True,False,False,False,False,False,False,True,False,,,,,,,
2026-08-29,00:00,40.7552957,-73.8331039,COLLEGE POINT BLVD,11355,109,UNKNOWN,Street,57.8564851485477,False,QUEENS,"(40.7552957, -73.8331039)",trafficstat,True,False,False,False,False,False,False,False,False,,,,,,,
2026-08-29,00:00,40.787937,-73.81767,148 ST,11357,109,UNKNOWN,Street,0.742707436594435,False,QUEENS,"(40.787937, -73.81767)",trafficstat,True,False,False,False,False,False,False,True,False,,,,,,,
2026-08-29,00:00,40.7867549,-73.8238334,WHITESTONE EXPY,11357,109,UNKNOWN,Highway,1.087149490129805,False,QUEENS,"(40.7867549, -73.8238334)",trafficstat,True,False,False,False,False,False,False,True,False,,,,,,,
2026-07-21,00:00,40.7867549,-73.8238334,WHITESTONE EXPY,11357,109,UNKNOWN,Highway,1.087149490129805,False,QUEENS,"(40.7867549, -73.8238334)",trafficstat,False,False,False,False,False,False,False,False,False,,,,,,,
2026-08-28,00:00,40.7869511,-73.7755782,CROSS ISLAND PKWY,11360,109,OTHER,Highway,5.385250082839224,False,QUEENS,"(40.7869511, -73.7755782)",trafficstat,False,False,False,False,False,False,False,False,False,,,,,,,
2026-08-28,00:00,40.7681739,-73.8374798,WHITESTONE EXPY,11357,109,UNKNOWN,Highway,13.275912096531256,False,QUEENS,"(40.7681739, -73.8374798)",trafficstat,False,False,False,False,False,False,False,False,False,,,,,,,
2026-07-23,00:00,40.7681739,-73.8374798,WHITESTONE EXPY,11357,109,UNKNOWN,Highway,13.275912096531256,False,QUEENS,"(40.7681739, -73.8374798)",trafficstat,False,False,False,False,False,False,False,False,False,,,,,,,
2026-07-14,00:00,40.7681739,-73.8374798,WHITESTONE EXPY,11357,109,OTHER,Highway,13.275912096531256,False,QUEENS,"(40.7681739, -73.8374798)",trafficstat,True,False,False,False,False,False,False,False,True,,,,,,,
2026-07-09,00:00,40.7681739,-73.8374798,WHITESTONE EXPY,11357,109,UNKNOWN,Highway,13.275912096531256,False,QUEENS,"(40.7681739, -73.8374798)",trafficstat,True,False,False,False,False,False,False,True,False,,,,,,,
2026-08-28,00:00,40.7525511,-73.8326708,COLLEGE POINT BLVD,11355,109,UNKNOWN,Street,56.678126743117346,False,QUEENS,"(40.7525511, -73.8326708)",trafficstat,False,False,False,False,False,False,False,False,False,,,,,,,
2026-07-14,00:00,40.7525511,-73.8326708,COLLEGE POINT BLVD,11355,109,UNKNOWN,Street,56.678126743117346,False,QUEENS,"(40.7525511, -73.8326708)",trafficstat,False,False,False,False,False,False,False,False,False,,,,,,,
2026-08-27,00:00,40.7384132,-73.8027156,LONG ISLAND EXPY,11367,109,UNKNOWN,Highway,9.066074281069188,False,QUEENS,"(40.7384132, -73.8027156)",trafficstat,True,False,False,False,False,False,False,True,False,,,,,,,
2026-08-13,00:00,40.7384132,-73.8027156,LONG ISLAND EXPY,11367,109,UNKNOWN,Highway,9.066074281069188,False,QUEENS,"(40.7384132, -73.8027156)",trafficstat,True,False,False,False,False,False,False,True,False,,,,,,,
2026-08-27,00:00,40.7723678,-73.8382633,28 AVE,11354,109,OTHER,Street,167.57416205750815,False,QUEENS,"(40.7723678, -73.8382633)",trafficstat,False,False,False,False,False,False,False,False,False,,,,,,,
2026-08-14,00:00,40.7723678,-73.8382633,28 AVE,11354,109,OTHER,Street,167.57416205750815,False,QUEENS,"(40.7723678, -73.8382633)",trafficstat,False,False,False,False,False,False,False,False,False,,,,,,,
2026-08-12,00:00,40.7723678,-73.8382633,28 AVE,11354,109,UNKNOWN,Street,167.57416205750815,False,QUEENS,"(40.7723678, -73.8382633)",trafficstat,False,False,False,False,False,False,False,False,False,,,,,,,
2026-08-04,00:00,40.7723678,-73.8382633,28 AVE,11354,109,UNKNOWN,Street,167.57416205750815,False,QUEENS,"(40.7723678, -73.8382633)",trafficstat,False,False,False,False,False,False,False,False,False,,,,,,,
2026-06-12,00:00,40.7723678,-73.8382633,28 AVE,11354,109,UNKNOWN,Street,167.57416205750815,False,QUEENS,"(40.7723678, -73.8382633)",trafficstat,False,False,False,False,False,False,False,False,False,,,,,,,
2026-08-27,00:00,40.7765456,-73.8281982,WHITESTONE EXPY,11357,109,UNKNOWN,Highway,0.7389560840047588,False,QUEENS,"(40.7765456, -73.8281982)",trafficstat,True,False,False,False,False,False,False,True,False,,,,,,,
2026-08-27,00:00,40.7705672,-73.8354905,WHITESTONE EXPWY SB EN ULMER ST,11354,109,UNKNOWN,Ramp,1.88911039453703,False,QUEENS,"(40.7705672, -73.8354905)",trafficstat,False,False,False,False,False,False,False,False,False,,,,,,,
2026-08-26,00:00,40.7813856,-73.8228052,PARSONS BLVD,11357,109,UNKNOWN,Street,86.20671825525763,False,QUEENS,"(40.7813856, -73.8228052)",trafficstat,True,False,False,False,False,False,False,False,True,,,,,,,
2026-08-26,00:00,40.7886628,-73.8056948,156 ST,11357,109,UNKNOWN,Street,41.97767068892695,False,QUEENS,"(40.7886628, -73.8056948)",trafficstat,False,False,False,False,False,False,False,False,False,,,,,,,
2026-08-26,00:00,40.7889668,-73.8235473,WHITESTONE EXPY,11357,109,UNKNOWN,Ramp,7.139342167439374,False,QUEENS,"(40.7889668, -73.8235473)",trafficstat,True,False,False,False,False,False,False,False,True,,,,,,,
2026-06-20,00:00,40.7889668,-73.8235473,WHITESTONE EXPY,11357,109,UNKNOWN,Ramp,7.139342167439374,False,QUEENS,"(40.7889668, -73.8235473)",trafficstat,True,False,False,False,False,False,False,True,False,,,,,,,
2026-08-26,00:00,40.7606644,-73.8139973,149 PL,11355,109,UNKNOWN,Street,0.35223726877220546,False,QUEENS,"(40.7606644, -73.8139973)",trafficstat,False,False,False,False,False,False,False,False,False,,,,,,,
2026-08-26,00:00,40.77022,-73.83054,138 ST,11354,109,UNKNOWN,Street,0.5716832631854917,False,QUEENS,"(40.77022, -73.83054)",trafficstat,True,False,False,False,False,False,False,False,True,,,,,,,
2026-08-26,00:00,40.7639863,-73.8110856,154 ST,11354,109,UNKNOWN,Street,0.5524496343724159,False,QUEENS,"(40.7639863, -73.8110856)",trafficstat,True,False,False,True,False,False,False,False,False,,,,,,,
2026-08-25,00:00,40.7545092,-73.8271455,COLDEN ST,11355,109,UNKNOWN,Street,2.0771830970980756,False,QUEENS,"(40.7545092, -73.8271455)",trafficstat,True,False,True,False,False,False,False,False,False,,,,,,,
2026-08-25,00:00,40.7848527,-73.8467903,121 ST,11356,109,UNKNOWN,Street,0.018290345043200526,False,QUEENS,"(40.7848527, -73.8467903)",trafficstat,True,False,False,False,False,False,False,False,True,,,,,,,
2026-06-21,00:00,40.7848527,-73.8467903,121 ST,11356,109,UNKNOWN,Street,0.018290345043200526,False,QUEENS,"(40.7848527, -73.8467903)",trafficstat,False,False,False,False,False,False,False,False,False,,,,,,,
2026-08-24,00:00,40.7859986,-73.8457369,COLLEGE POINT BLVD,11356,109,UNKNOWN,Street,0.49533711972406275,False,QUEENS,"(40.7859986, -73.8457369)",trafficstat,True,False,True,False,False,False,False,False,False,,,,,,,
2026-08-24,00:00,40.7837964,-73.8186884,147 ST,11357,109,UNKNOWN,Street,0.3475706857606301,False,QUEENS,"(40.7837964, -73.8186884)",trafficstat,True,False,False,False,False,False,True,False,False,,,,,,,
2026-08-24,00:00,40.7866749,-73.8097407,CROSS ISLAND PKWY,11357,109,UNKNOWN,Highway,0.1545203312112927,False,QUEENS,"(40.7866749, -73.8097407)",trafficstat,True,False,False,False,False,False,False,True,False,,,,,,,
2026-08-24,00:00,40.7831166,-73.836791,132 ST,11356,109,UNKNOWN,Street,74.93664152444376,False,QUEENS,"(40.7831166, -73.836791)",trafficstat,True,False,False,False,False,False,False,False,True,,,,,,,
2026-08-24,00:00,40.75747,-73.816216,147 ST,11355,109,UNKNOWN,Street,0.9835974268126801,False,QUEENS,"(40.75747, -73.816216)",trafficstat,False,False,False,False,False,False,False,False,False,,,,,,,
2026-08-24,00:00,40.7693326,-73.841732,31 AVE,11354,109,OTHER,Street,3.463312992676103,False,QUEENS,"(40.7693326, -73.841732)",trafficstat,False,False,False,False,False,False,False,False,False,,,,,,,
2026-06-23,00:00,40.7693326,-73.841732,31 AVE,11354,109,UNKNOWN,Street,3.463312992676103,False,QUEENS,"(40.7693326, -73.841732)",trafficstat,False,False,False,False,False,False,False,False,False,,,,,,,
2026-08-23,00:00,40.7622266,-73.8340672,BUD PL,11354,109,OTHER,Street,0.1811552395360743,False,QUEENS,"(40.7622266, -73.8340672)",trafficstat,False,False,False,False,False,False,False,False,False,,,,,,,
2026-08-23,00:00,40.7588209,-73.8112014,MURRAY ST,11355,109,UNKNOWN,Street,0.5758093568652911,False,QUEENS,"(40.7588209, -73.8112014)",trafficstat,True,False,True,False,False,False,False,False,False,,,,,,,
2026-08-23,00:00,40.7589724,-73.8348733,39 AVE,11354,109,UNKNOWN,Street,17.896718006500567,False,QUEENS,"(40.7589724, -73.8348733)",trafficstat,False,False,False,False,False,False,False,False,False,,,,,,,
2026-08-22,00:00,40.7637977,-73.8082307,157 ST,11354,109,UNKNOWN,Street,0.837907690443869,False,QUEENS,"(40.7637977, -73.8082307)",trafficstat,False,False,False,False,False,False,False,False,False,,,,,,,
2026-08-22,00:00,40.7555143,-73.8202994,BOWNE ST,11355,109,UNKNOWN,Street,1.5835473778755504,False,QUEENS,"(40.7555143, -73.8202994)",trafficstat,True,False,False,False,False,False,True,False,False,,,,,,,
2026-08-22,00:00,40.7545346,-73.8281599,MAIN ST,11355,109,UNKNOWN,Street,59.28218457560969,False,QUEENS,"(40.7545346, -73.8281599)",trafficstat,False,False,False,False,False,False,False,False,False,,,,,,,
2026-08-22,00:00,40.7426757,-73.8284046,LONG ISLAND EXPY,11367,109,UNKNOWN,Highway,1.5492998765083918,False,QUEENS,"(40.7426757, -73.8284046)",trafficstat,False,False,False,False,False,False,False,False,False,,,,,,,
2026-06-28,00:00,40.7426757,-73.8284046,LONG ISLAND EXPY,11367,109,UNKNOWN,Highway,1.5492998765083918,False,QUEENS,"(40.7426757, -73.8284046)",trafficstat,True,False,False,False,False,False,False,True,False,,,,,,,
2026-08-22,00:00,40.7827678,-73.8056593,17 RD,11357,109,OTHER,Street,2.765957768064669,False,QUEENS,"(40.7827678, -73.8056593)",trafficstat,False,False,False,False,False,False,False,False,False,,,,,,,
2026-08-22,00:00,40.7894742,-73.7860317,CROSS ISLAND PKWY,11360,109,UNKNOWN,Highway,0.6465072257302193,False,QUEENS,"(40.7894742, -73.7860317)",trafficstat,True,False,False,False,False,False,False,True,False,,,,,,,
2026-08-21,00:00,40.7819793,-73.8298522,20 AVE,11356,109,UNKNOWN,Street,112.00880566446291,False,QUEENS,"(40.7819793, -73.8298522)",trafficstat,True,False,True,False,False,False,False,False,False,,,,,,,
2026-07-28,00:00,40.7819793,-73.8298522,20 AVE,11356,109,UNKNOWN,Street,112.00880566446291,False,QUEENS,"(40.7819793, -73.8298522)",trafficstat,False,False,False,False,False,False,False,False,False,,,,,,,
2026-07-12,00:00,40.7819793,-73.8298522,20 AVE,11356,109,UNKNOWN,Street,112.00880566446291,False,QUEENS,"(40.7819793, -73.8298522)",trafficstat,False,False,False,False,False,False,False,False,False,,,,,,,
2026-08-21,00:00,40.7821434,-73.8448575,123 ST,11356,109,UNKNOWN,Street,38.01618480794877,False,QUEENS,"(40.7821434, -73.8448575)",trafficstat,False,False,False,False,False,False,False,False,False,,,,,,,
2026-08-21,00:00,40.7854287,-73.8426467,14 AVE,11356,109,UNKNOWN,Street,44.831046652914836,False,QUEENS,"(40.7854287, -73.8426467)",trafficstat,False,False,False,False,False,False,False,False,False,,,,,,,
2026-08-21,00:00,40.7709614,-73.8331474,LINDEN PL,11354,109,UNKNOWN,Street,20.373055255694382,False,QUEENS,"(40.7709614, -73.8331474)",trafficstat,True,False,False,False,False,False,False,True,False,,,,,,,
2026-08-21,00:00,40.7834713,-73.8459655,COLLEGE POINT BLVD,11356,109,UNKNOWN,Street,33.77294717428544,False,QUEENS,"(40.7834713, -73.8459655)",trafficstat,True,False,True,False,False,False,False,False,False,,,,,,,
2026-08-21,00:00,40.7816494,-73.8366945,20 AVE,11356,109,OTHER,Street,3.073206364717126,False,QUEENS,"(40.7816494, -73.8366945)",trafficstat,True,False,False,False,False,False,False,True,False,,,,,,,
2026-06-13,00:00,40.7816494,-73.8366945,20 AVE,11356,109,UNKNOWN,Street,3.073206364717126,False,QUEENS,"(40.7816494, -73.8366945)",trafficstat,True,False,False,False,False,False,False,False,True,,,,,,,
2026-08-21,00:00,40.7537955,-73.8074567,46 AVE,11358,109,UNKNOWN,Street,66.07040230674009,False,QUEENS,"(40.7537955, -73.8074567)",trafficstat,False,False,False,False,False,False,False,False,False,,,,,,,
2026-08-21,00:00,40.7634221,-73.8311838,NORTHERN BLVD,11354,109,UNKNOWN,Street,35.644617651408794,False,QUEENS,"(40.7634221, -73.8311838)",trafficstat,False,False,False,False,False,False,False,False,False,,,,,,,
2026-08-21,00:00,40.7682526,-73.8066872,158 ST,11358,109,UNKNOWN,Street,0.48026716029807254,False,QUEENS,"(40.7682526, -73.8066872)",trafficstat,True,False,False,False,False,False,False,True,True,,,,,,,
2026-08-21,00:00,40.7633822,-73.8302956,LINDEN PL,11354,109,UNKNOWN,Street,1.1598488473254092,False,QUEENS,"(40.7633822, -73.8302956)",trafficstat,True,False,False,False,False,False,False,True,False,,,,,,,
2026-08-21,00:00,40.7640709,-73.809136,NORTHERN BLVD,11354,109,UNKNOWN,Street,2.3550700395452737,False,QUEENS,"(40.7640709, -73.809136)",trafficstat,True,False,False,False,True,False,False,False,False,,,,,,,
2026-06-13,00:00,40.7640709,-73.809136,NORTHERN BLVD,11354,109,UNKNOWN,Street,2.3550700395452737,False,QUEENS,"(40.7640709, -73.809136)",trafficstat,False,False,False,False,False,False,False,False,False,,,,,,,
2026-08-20,00:00,40.7666279,-73.8388951,WHITESTONE EXPY,11357,109,UNKNOWN,Highway,0.005641899195138297,False,QUEENS,"(40.7666279, -73.8388951)",trafficstat,False,False,False,False,False,False,False,False,False,,,,,,,
2026-07-29,00:00,40.7666279,-73.8388951,WHITESTONE EXPY,11357,109,UNKNOWN,Highway,0.005641899195138297,False,QUEENS,"(40.7666279, -73.8388951)",trafficstat,True,False,False,False,False,False,False,True,False,,,,,,,
2026-07-25,00:00,40.7666279,-73.8388951,WHITESTONE EXPY,11357,109,UNKNOWN,Highway,0.005641899195138297,False,QUEENS,"(40.7666279, -73.8388951)",trafficstat,True,False,False,False,False,False,False,True,False,,,,,,,
2026-07-21,00:00,40.7666279,-73.8388951,WHITESTONE EXPY,11357,109,OTHER,Highway,0.005641899195138297,False,QUEENS,"(40.7666279, -73.8388951)",trafficstat,True,False,False,False,False,False,False,False,True,,,,,,,
2026-08-20,00:00,40.7861437,-73.8243492,WHITESTONE EXPY,11357,109,UNKNOWN,Highway,0.42266249761856106,False,QUEENS,"(40.7861437, -73.8243492)",trafficstat,False,False,False,False,False,False,False,False,False,,,,,,,
2026-08-19,00:00,40.7722862,-73.8447254,COLLEGE POINT BLVD,11354,109,UNKNOWN,Street,3.1478721315453972,False,QUEENS,"(40.7722862, -73.8447254)",trafficstat,False,False,False,False,False,False,False,False,False,,,,,,,
2026-08-19,00:00,40.7798844,-73.8032015,160 ST,11357,109,UNKNOWN,Street,0.39590886118680196,False,QUEENS,"(40.7798844, -73.8032015)",trafficstat,False,False,False,False,False,False,False,False,False,,,,,,,
2026-08-19,00:00,40.7563571,-73.8257727,KISSENA BLVD,11355,109,UNKNOWN,Street,1.7988175841567384,False,QUEENS,"(40.7563571, -73.8257727)",trafficstat,False,False,False,False,False,False,False,False,False,,,,,,,
2026-07-01,00:00,40.7563571,-73.8257727,KISSENA BLVD,11355,109,OTHER,Street,1.7988175841567384,False,QUEENS,"(40.7563571, -73.8257727)",trafficstat,True,False,False,True,False,False,False,False,False,,,,,,,
2026-08-19,00:00,40.7430408,-73.8321532,LONG ISLAND EXPY,11367,109,OTHER,Highway,6.988034941230865,False,QUEENS,"(40.7430408, -73.8321532)",trafficstat,True,False,False,False,False,False,False,False,True,,,,,,,
2026-08-18,00:00,40.7633552,-73.8288306,NORTHERN BLVD,11354,109,UNKNOWN,Street,96.55309794285034,False,QUEENS,"(40.7633552, -73.8288306)",trafficstat,False,False,False,False,False,False,False,False,False,,,,,,,
2026-08-17,00:00,40.7651825,-73.8141327,150 PL,11354,109,UNKNOWN,Street,0.7122212346709831,False,QUEENS,"(40.7651825, -73.8141327)",trafficstat,False,False,False,False,False,False,False,False,False,,,,,,,
2026-08-17,00:00,40.7832226,-73.8449344,123 ST,11356,109,UNKNOWN,Street,0.14945532817578833,False,QUEENS,"(40.7832226, -73.8449344)",trafficstat,False,False,False,False,False,False,False,False,False,,,,,,,
2026-08-16,00:00,40.7695822,-73.8457027,123 ST,11354,109,OTHER,Street,0.07439781159518387,False,QUEENS,"(40.7695822, -73.8457027)",trafficstat,False,False,False,False,False,False,False,False,False,,,,,,,
2026-07-28,00:00,40.7695822,-73.8457027,123 ST,11354,109,OTHER,Street,0.07439781159518387,False,QUEENS,"(40.7695822, -73.8457027)",trafficstat,False,False,False,False,False,False,False,False,False,,,,,,,
2026-08-16,00:00,40.7710456,-73.8341225,WHITESTONE EXPY,11357,109,UNKNOWN,Highway,0.29604953558465535,False,QUEENS,"(40.7710456, -73.8341225)",trafficstat,False,False,False,False,False,False,False,False,False,,,,,,,
2026-07-17,00:00,40.7710456,-73.8341225,WHITESTONE EXPY,11357,109,UNKNOWN,Highway,0.29604953558465535,False,QUEENS,"(40.7710456, -73.8341225)",trafficstat,True,False,False,False,False,False,False,True,False,,,,,,,
2026-07-16,00:00,40.7710456,-73.8341225,WHITESTONE EXPY,11357,109,UNKNOWN,Highway,0.29604953558465535,False,QUEENS,"(40.7710456, -73.8341225)",trafficstat,False,False,False,False,False,False,False,False,False,,,,,,,
2026-08-15,00:00,40.7905381,-73.8474831,COLLEGE PL,11356,109,UNKNOWN,Street,43.68181162657187,False,QUEENS,"(40.7905381, -73.8474831)",trafficstat,False,False,False,False,False,False,False,False,False,,,,,,,
2026-08-15,00:00,40.7682533,-73.8297525,32 AVE,11354,109,UNKNOWN,Street,2.7810835103929676,False,QUEENS,"(40.7682533, -73.8297525)",trafficstat,True,False,True,False,False,False,False,False,False,,,,,,,
2026-08-15,00:00,40.7664367,-73.8376631,COLLEGE POINT BLVD,11354,109,UNKNOWN,Street,0.28666658315152194,False,QUEENS,"(40.7664367, -73.8376631)",trafficstat,True,False,False,False,False,False,False,False,True,,,,,,,
2026-08-14,00:00,40.7774764,-73.8092204,154 ST,11357,109,UNKNOWN,Street,0.3967252516655438,False,QUEENS,"(40.7774764, -73.8092204)",trafficstat,False,False,False,False,False,False,False,False,False,,,,,,,
2026-08-13,00:00,40.7890278,-73.818643,CROSS ISLAND PKWY,11357,109,UNKNOWN,Highway,6.5368833468467145,False,QUEENS,"(40.7890278, -73.818643)",trafficstat,True,False,False,False,False,False,False,False,True,,,,,,,
2026-07-21,00:00,40.7890278,-73.818643,CROSS ISLAND PKWY,11357,109,UNKNOWN,Highway,6.5368833468467145,False,QUEENS,"(40.7890278, -73.818643)",trafficstat,False,False,False,False,False,False,False,False,False,,,,,,,
2026-08-13,00:00,40.7856947,-73.856962,14 AVE,11356,109,OTHER,Street,33.606537054633186,False,QUEENS,"(40.7856947, -73.856962)",trafficstat,False,False,False,False,False,False,False,False,False,,,,,,,
2026-08-13,00:00,40.74442,-73.824265,142 ST,11355,109,UNKNOWN,Street,0.7861579284281313,False,QUEENS,"(40.74442, -73.824265)",trafficstat,False,False,False,False,False,False,False,False,False,,,,,,,
2026-08-12,00:00,40.7509691,-73.8257652,MAIN ST,11355,109,OTHER,Street,0.07170161772563857,False,QUEENS,"(40.7509691, -73.8257652)",trafficstat,True,False,True,False,False,False,False,False,False,,,,,,,
2026-08-12,00:00,40.7463411,-73.8291769,136 ST,11355,109,UNKNOWN,Street,0.7370910860846819,False,QUEENS,"(40.7463411, -73.8291769)",trafficstat,True,False,False,True,False,False,False,False,False,,,,,,,
2026-08-12,00:00,40.7857323,-73.803848,CROSS ISLAND PKWY,11357,109,UNKNOWN,Street,58.989903701155264,False,QUEENS,"(40.7857323, -73.803848)",trafficstat,True,False,False,False,False,False,False,False,True,,,,,,,
2026-08-12,00:00,40.7781186,-73.8091644,154 ST,11357,109,UNKNOWN,Street,0.2623967131331161,False,QUEENS,"(40.7781186, -73.8091644)",trafficstat,True,False,False,False,False,False,False,False,False,,,,,,,
2026-08-11,00:00,40.771248,-73.843735,30 AVE,11354,109,OTHER,Street,3.2935637909407185,False,QUEENS,"(40.771248, -73.843735)",trafficstat,False,False,False,False,False,False,False,False,False,,,,,,,
2026-08-11,00:00,40.7801209,-73.7757843,BELL BLVD,11360,109,OTHER,Street,129.30047326108613,False,QUEENS,"(40.7801209, -73.7757843)",trafficstat,False,False,False,False,False,False,False,False,False,,,,,,,
2026-08-11,00:00,40.7388196,-73.8093888,159 ST PEDESTRIAN OPAS,11365,109,UNKNOWN,Bridge,2.318255892624287,False,QUEENS,"(40.7388196, -73.8093888)",trafficstat,True,False,False,False,False,False,False,True,False,,,,,,,
2026-07-08,00:00,40.7388196,-73.8093888,159 ST PEDESTRIAN OPAS,11365,109,UNKNOWN,Bridge,2.318255892624287,False,QUEENS,"(40.7388196, -73.8093888)",trafficstat,True,False,True,False,False,False,False,False,False,,,,,,,
2026-08-11,00:00,40.7704282,-73.7919726,29 AVE,11358,109,UNKNOWN,Street,3.274955950366508,False,QUEENS,"(40.7704282, -73.7919726)",trafficstat,True,False,False,False,False,False,False,True,False,,,,,,,
2026-08-11,00:00,40.7577347,-73.7940264,172 ST,11358,109,OTHER,Street,0.46268833784623337,False,QUEENS,"(40.7577347, -73.7940264)",trafficstat,True,False,False,False,False,False,False,True,False,,,,,,,
2026-08-10,00:00,40.7689379,-73.8343285,31 RD,11354,109,UNKNOWN,Street,2.928719402280436,False,QUEENS,"(40.7689379, -73.8343285)",trafficstat,False,False,False,False,False,False,False,False,False,,,,,,,
2026-08-10,00:00,40.7515619,-73.8293765,CROMMELIN ST,11355,109,UNKNOWN,Street,2.261581426844437,False,QUEENS,"(40.7515619, -73.8293765)",trafficstat,False,False,False,False,False,False,False,False,False,,,,,,,
2026-08-09,00:00,40.7503518,-73.8188371,KISSENA BLVD,11355,109,OTHER,Street,1.7613747481735305,False,QUEENS,"(40.7503518, -73.8188371)",trafficstat,True,False,False,False,False,False,False,True,False,,,,,,,
2026-08-09,00:00,40.748042,-73.8196194,COLDEN ST,11355,109,UNKNOWN,Street,2.536714474996489,False,QUEENS,"(40.748042, -73.8196194)",trafficstat,True,False,True,False,False,False,False,False,False,,,,,,,
2026-08-09,00:00,40.7523184,-73.8323919,COLLEGE POINT BLVD,11355,109,OTHER,Street,0.4007536599952878,False,QUEENS,"(40.7523184, -73.8323919)",trafficstat,False,False,False,False,False,False,False,False,False,,,,,,,
2026-08-02,00:00,40.7523184,-73.8323919,COLLEGE POINT BLVD,11355,109,OTHER,Street,0.4007536599952878,False,QUEENS,"(40.7523184, -73.8323919)",trafficstat,True,False,False,True,False,False,False,False,False,,,,,,,
2026-07-14,00:00,40.7523184,-73.8323919,COLLEGE POINT BLVD,11355,109,UNKNOWN,Street,0.4007536599952878,False,QUEENS,"(40.7523184, -73.8323919)",trafficstat,False,False,False,False,False,False,False,False,False,,,,,,,
2026-08-09,00:00,40.7388519,-73.814038,LONG ISLAND EXPY,11367,109,UNKNOWN,Highway,3.5599531334658154,False,QUEENS,"(40.7388519, -73.814038)",trafficstat,False,False,False,False,False,False,False,False,False,,,,,,,
2026-07-04,00:00,40.7388519,-73.814038,LONG ISLAND EXPY,11367,109,UNKNOWN,Highway,3.5599531334658154,False,QUEENS,"(40.7388519, -73.814038)",trafficstat,True,False,False,False,False,False,False,False,True,,,,,,,
2026-08-09,00:00,40.7581927,-73.83325,ROOSEVELT AVE,11354,109,UNKNOWN,Street,104.44431005512193,False,QUEENS,"(40.7581927, -73.83325)",trafficstat,True,False,False,False,False,True,False,False,False,,,,,,,
2026-08-09,00:00,40.751457,-73.832275,COLLEGE POINT BLVD,11355,109,UNKNOWN,Street,1.950726908409954,False,QUEENS,"(40.751457, -73.832275)",trafficstat,False,False,False,False,False,False,False,False,False,,,,,,,
2026-08-09,00:00,40.762747,-73.8332862,PRINCE ST,11354,109,UNKNOWN,Street,0.0629820763277395,False,QUEENS,"(40.762747, -73.8332862)",trafficstat,False,False,False,False,False,False,False,False,False,,,,,,,
2026-07-20,00:00,40.762747,-73.8332862,PRINCE ST,11354,109,UNKNOWN,Street,0.0629820763277395,False,QUEENS,"(40.762747, -73.8332862)",trafficstat,False,False,False,False,False,False,False,False,False,,,,,,,
2026-06-13,00:00,40.762747,-73.8332862,PRINCE ST,11354,109,OTHER,Street,0.0629820763277395,False,QUEENS,"(40.762747, -73.8332862)",trafficstat,False,False,False,False,False,False,False,False,False,,,,,,,
2026-08-09,00:00,40.7838006,-73.8567663,15 AVE,11356,109,UNKNOWN,Street,2.6112843305934006,False,QUEENS,"(40.7838006, -73.8567663)",trafficstat,False,False,False,False,False,False,False,False,False,,,,,,,
2026-08-09,00:00,40.7833742,-73.832003,UNNAMED ST,11356,109,UNKNOWN,Street,52.845406816113126,False,QUEENS,"(40.7833742, -73.832003)",trafficstat,False,False,False,False,False,False,False,False,False,,,,,,,
2026-08-08,00:00,40.7894256,-73.7821194,TOTTEN AVE,11360,109,UNKNOWN,Street,0.9570367683909974,False,QUEENS,"(40.7894256, -73.7821194)",trafficstat,False,False,False,False,False,False,False,False,False,,,,,,,
2026-07-23,00:00,40.7894256,-73.7821194,TOTTEN AVE,11360,109,UNKNOWN,Street,0.9570367683909974,False,QUEENS,"(40.7894256, -73.7821194)",trafficstat,True,False,False,False,False,False,False,False,True,,,,,,,