crash_date,crash_time,latitude,longitude,on_street_name,zip_code,precinct,collision_type,roadway_type,geocode_dist_feet,time_is_known,borough,location,source,injury,fatality,injured_pedestrian,injured_cyclist,injured_ebike_rider,injured_motorcyclist,injured_moped_rider,injured_car_occupant,injured_suv_occupant,number_of_persons_injured,number_of_persons_killed,contributing_factor_vehicle_1,collision_id,cross_street_name,off_street_name,vehicle_type_code1
2026-08-08,00:00,40.7875957,-73.8355855,11 AVE,11356,109,UNKNOWN,Street,42.66971307318005,False,QUEENS,"(40.7875957, -73.8355855)",trafficstat,False,False,False,False,False,False,False,False,False,,,,,,,
2026-08-07,00:00,40.7829012,-73.8470224,121 ST,11356,109,OTHER,Street,62.72763132402159,False,QUEENS,"(40.7829012, -73.8470224)",trafficstat,False,False,False,False,False,False,False,False,False,,,,,,,
2026-08-07,00:00,40.786247,-73.83091,138 ST,11356,109,UNKNOWN,Street,0.3884369906425088,False,QUEENS,"(40.786247, -73.83091)",trafficstat,True,False,False,False,False,False,False,False,True,,,,,,,
2026-08-06,00:00,40.783645,-73.7780978,BELL BLVD,11360,109,UNKNOWN,Street,176.51299249123025,False,QUEENS,"(40.783645, -73.7780978)",trafficstat,False,False,False,False,False,False,False,False,False,,,,,,,
2026-08-06,00:00,40.7653131,-73.8038686,35 AVE,11358,109,UNKNOWN,Street,63.04728809508741,False,QUEENS,"(40.7653131, -73.8038686)",trafficstat,True,False,False,False,False,False,False,True,False,,,,,,,
2026-08-06,00:00,40.762407,-73.8040583,NORTHERN BLVD,11358,109,UNKNOWN,Street,14.930809183228222,False,QUEENS,"(40.762407, -73.8040583)",trafficstat,True,False,False,False,False,False,False,True,False,,,,,,,
2026-08-06,00:00,40.7537164,-73.8018279,46 AVE,11358,109,UNKNOWN,Street,3.243585996849324,False,QUEENS,"(40.7537164, -73.8018279)",trafficstat,False,False,False,False,False,False,False,False,False,,,,,,,
2026-08-06,00:00,40.7520052,-73.8359983,131 ST,11355,109,UNKNOWN,Street,1.0787608847840644,False,QUEENS,"(40.7520052, -73.8359983)",trafficstat,True,False,False,True,False,False,False,False,False,,,,,,,
2026-08-05,00:00,40.7581921,-73.8231762,BOWNE ST,11355,109,UNKNOWN,Street,0.4289983108911455,False,QUEENS,"(40.7581921, -73.8231762)",trafficstat,True,False,True,False,False,False,False,True,False,,,,,,,
2026-08-05,00:00,40.7502676,-73.8091359,158 ST,11358,109,UNKNOWN,Street,0.28265625367625624,False,QUEENS,"(40.7502676, -73.8091359)",trafficstat,False,False,False,False,False,False,False,False,False,,,,,,,
2026-08-05,00:00,40.76213,-73.824936,BOWNE ST,11354,109,UNKNOWN,Street,0.6447568364801117,False,QUEENS,"(40.76213, -73.824936)",trafficstat,False,False,False,False,False,False,False,False,False,,,,,,,
2026-08-05,00:00,40.7835721,-73.824486,WHITESTONE EXPY,11357,109,UNKNOWN,Highway,2.169196249513165,False,QUEENS,"(40.7835721, -73.824486)",trafficstat,False,False,False,False,False,False,False,False,False,,,,,,,
2026-07-16,00:00,40.7835721,-73.824486,WHITESTONE EXPY,11357,109,UNKNOWN,Highway,2.169196249513165,False,QUEENS,"(40.7835721, -73.824486)",trafficstat,True,False,False,False,False,False,False,True,False,,,,,,,
2026-08-05,00:00,40.790617,-73.8390054,129 ST,11356,109,UNKNOWN,Street,0.4356908445454027,False,QUEENS,"(40.790617, -73.8390054)",trafficstat,False,False,False,False,False,False,False,False,False,,,,,,,
2026-06-20,00:00,40.790617,-73.8390054,129 ST,11356,109,OTHER,Street,0.4356908445454027,False,QUEENS,"(40.790617, -73.8390054)",trafficstat,False,False,False,False,False,False,False,False,False,,,,,,,
2026-08-05,00:00,40.7912545,-73.8122723,CLINTONVILLE ST,11357,109,UNKNOWN,Street,0.004955505514447835,False,QUEENS,"(40.7912545, -73.8122723)",trafficstat,False,False,False,False,False,False,False,False,False,,,,,,,
2026-08-04,00:00,40.7850582,-73.8164641,149 ST,11357,109,UNKNOWN,Street,0.46159158772840575,False,QUEENS,"(40.7850582, -73.8164641)",trafficstat,False,False,False,False,False,False,False,False,False,,,,,,,
2026-08-04,00:00,40.7865035,-73.7946249,CROSS ISLAND PKWY,11360,109,OTHER,Highway,5.362700004560911,False,QUEENS,"(40.7865035, -73.7946249)",trafficstat,True,False,False,False,False,False,False,False,True,,,,,,,
2026-08-04,00:00,40.7845718,-73.8402618,128 ST,11356,109,UNKNOWN,Street,21.444730329139624,False,QUEENS,"(40.7845718, -73.8402618)",trafficstat,False,False,False,False,False,False,False,False,False,,,,,,,
2026-08-04,00:00,40.7480322,-73.8331425,BOOTH MEMORIAL AVE,11355,109,UNKNOWN,Street,2.0694713860525487,False,QUEENS,"(40.7480322, -73.8331425)",trafficstat,False,False,False,False,False,False,False,False,False,,,,,,,
2026-08-02,00:00,40.7480322,-73.8331425,BOOTH MEMORIAL AVE,11355,109,UNKNOWN,Street,2.0694713860525487,False,QUEENS,"(40.7480322, -73.8331425)",trafficstat,True,False,False,False,False,False,False,True,False,,,,,,,
2026-08-04,00:00,40.7435152,-73.8337385,HORACE HARDING EXPY,11367,109,UNKNOWN,Street,2.6648760124479494,False,QUEENS,"(40.7435152, -73.8337385)",trafficstat,False,False,False,False,False,False,False,False,False,,,,,,,
2026-08-04,00:00,40.7429354,-73.8277205,HORACE HARDING EXPY,11367,109,UNKNOWN,Street,3.298446410516487,False,QUEENS,"(40.7429354, -73.8277205)",trafficstat,True,False,False,False,False,False,False,True,False,,,,,,,
2026-08-03,00:00,40.7435125,-73.835667,LONG ISLAND EXPY,11367,109,UNKNOWN,Highway,8.153926229145307,False,QUEENS,"(40.7435125, -73.835667)",trafficstat,True,False,False,False,False,False,False,False,True,,,,,,,
2026-06-15,00:00,40.7435125,-73.835667,LONG ISLAND EXPY,11367,109,UNKNOWN,Highway,8.153926229145307,False,QUEENS,"(40.7435125, -73.835667)",trafficstat,True,False,False,False,False,False,False,False,True,,,,,,,
2026-08-03,00:00,40.7628541,-73.7989308,167 ST,11358,109,UNKNOWN,Street,0.5907542164807066,False,QUEENS,"(40.7628541, -73.7989308)",trafficstat,False,False,False,False,False,False,False,False,False,,,,,,,
2026-07-18,00:00,40.7628541,-73.7989308,167 ST,11358,109,UNKNOWN,Street,0.5907542164807066,False,QUEENS,"(40.7628541, -73.7989308)",trafficstat,True,False,True,False,False,False,False,False,False,,,,,,,
2026-08-03,00:00,40.7712066,-73.8334469,WHITESTONE EXPY,11357,109,UNKNOWN,Highway,1.5024414537699542,False,QUEENS,"(40.7712066, -73.8334469)",trafficstat,False,False,False,False,False,False,False,False,False,,,,,,,
2026-07-30,00:00,40.7712066,-73.8334469,WHITESTONE EXPY,11357,109,OTHER,Highway,1.5024414537699542,False,QUEENS,"(40.7712066, -73.8334469)",trafficstat,True,False,False,False,False,False,False,True,False,,,,,,,
2026-08-03,00:00,40.7862878,-73.796845,CROSS ISLAND PKWY,11357,109,UNKNOWN,Street,3.0305067107900663,False,QUEENS,"(40.7862878, -73.796845)",trafficstat,True,False,False,False,False,False,False,True,False,,,,,,,
2026-08-02,00:00,40.7962147,-73.8229705,147 ST,11357,109,UNKNOWN,Street,0.6760499198583951,False,QUEENS,"(40.7962147, -73.8229705)",trafficstat,True,False,False,False,False,False,False,True,False,,,,,,,
2026-07-03,00:00,40.7962147,-73.8229705,147 ST,11357,109,UNKNOWN,Street,0.6760499198583951,False,QUEENS,"(40.7962147, -73.8229705)",trafficstat,True,False,False,False,False,False,False,True,False,,,,,,,
2026-08-02,00:00,40.7668827,-73.8306522,LATIMER PL,11354,109,UNKNOWN,Street,42.11717276528113,False,QUEENS,"(40.7668827, -73.8306522)",trafficstat,False,False,False,False,False,False,False,False,False,,,,,,,
2026-08-02,00:00,40.7647047,-73.8031869,162 ST,11358,109,OTHER,Street,57.66149782640128,False,QUEENS,"(40.7647047, -73.8031869)",trafficstat,True,False,False,False,False,False,False,True,False,,,,,,,
2026-08-02,00:00,40.7611309,-73.8122669,MURRAY ST,11355,109,OTHER,Street,0.3154446778190119,False,QUEENS,"(40.7611309, -73.8122669)",trafficstat,True,False,False,False,False,True,False,False,False,,,,,,,
2026-08-02,00:00,40.7609937,-73.8244214,BOWNE ST,11354,109,OTHER,Street,0.464772109110743,False,QUEENS,"(40.7609937, -73.8244214)",trafficstat,False,False,False,False,False,False,False,False,False,,,,,,,
2026-07-11,00:00,40.7609937,-73.8244214,BOWNE ST,11354,109,UNKNOWN,Street,0.464772109110743,False,QUEENS,"(40.7609937, -73.8244214)",trafficstat,True,False,False,False,False,False,False,True,False,,,,,,,
2026-07-10,00:00,40.7609937,-73.8244214,BOWNE ST,11354,109,UNKNOWN,Street,0.464772109110743,False,QUEENS,"(40.7609937, -73.8244214)",trafficstat,True,False,False,False,False,False,False,False,True,,,,,,,
2026-08-02,00:00,40.7428624,-73.8302771,LONG ISLAND EXPY,11367,109,UNKNOWN,Highway,5.561813962961754,False,QUEENS,"(40.7428624, -73.8302771)",trafficstat,True,False,False,False,False,False,False,True,False,,,,,,,
2026-08-01,00:00,40.740842,-73.8301148,136 ST,11367,109,OTHER,Street,0.25359336034428703,False,QUEENS,"(40.740842, -73.8301148)",trafficstat,False,False,False,False,False,False,False,False,False,,,,,,,
2026-08-01,00:00,40.7385127,-73.8000002,HORACE HARDING EXPY,11365,109,UNKNOWN,Street,3.1523089874513945,False,QUEENS,"(40.7385127, -73.8000002)",trafficstat,False,False,False,False,False,False,False,False,False,,,,,,,
2026-08-01,00:00,40.7406741,-73.8121549,156 ST,11355,109,OTHER,Street,0.43670141968568676,False,QUEENS,"(40.7406741, -73.8121549)",trafficstat,False,False,False,False,False,False,False,False,False,,,,,,,
2026-08-01,00:00,40.7448492,-73.8356767,COLLEGE POINT BLVD,11355,109,UNKNOWN,Street,0.6951769002606926,False,QUEENS,"(40.7448492, -73.8356767)",trafficstat,True,False,False,False,False,True,False,False,False,,,,,,,
2026-08-01,00:00,40.7580213,-73.8060237,160 ST,11358,109,UNKNOWN,Street,47.147651893555725,False,QUEENS,"(40.7580213, -73.8060237)",trafficstat,False,False,False,False,False,False,False,False,False,,,,,,,
2026-08-01,00:00,40.7587635,-73.8057891,43 AVE,11358,109,UNKNOWN,Street,42.53897624075187,False,QUEENS,"(40.7587635, -73.8057891)",trafficstat,False,False,False,False,False,False,False,False,False,,,,,,,
2026-08-01,00:00,40.7564193,-73.8122319,45 AVE,11355,109,UNKNOWN,Street,46.710486058903165,False,QUEENS,"(40.7564193, -73.8122319)",trafficstat,False,False,False,False,False,False,False,False,False,,,,,,,
2026-08-01,00:00,40.7529999,-73.8255072,COLDEN ST,11355,109,UNKNOWN,Street,1.4449217137837673,False,QUEENS,"(40.7529999, -73.8255072)",trafficstat,False,False,False,False,False,False,False,False,False,,,,,,,
2026-08-01,00:00,40.759686,-73.82117,PARSONS BLVD,11355,109,UNKNOWN,Street,2.2651190504641785,False,QUEENS,"(40.759686, -73.82117)",trafficstat,True,False,False,True,False,False,False,False,False,,,,,,,
2026-08-01,00:00,40.787824,-73.8077683,154 ST,11357,109,UNKNOWN,Street,21.62225082837042,False,QUEENS,"(40.787824, -73.8077683)",trafficstat,False,False,False,False,False,False,False,False,False,,,,,,,
2026-08-01,00:00,40.7690164,-73.8356675,ULMER ST,11354,109,UNKNOWN,Street,32.461398854056625,False,QUEENS,"(40.7690164, -73.8356675)",trafficstat,True,False,False,False,False,False,False,True,False,,,,,,,
2026-08-01,00:00,40.780148,-73.84785,120 ST,11356,109,UNKNOWN,Street,0.2150877138633107,False,QUEENS,"(40.780148, -73.84785)",trafficstat,False,False,False,False,False,False,False,False,False,,,,,,,
2026-07-31,00:00,40.7673451,-73.8332488,32 AVE,11354,109,UNKNOWN,Street,37.83241874381534,False,QUEENS,"(40.7673451, -73.8332488)",trafficstat,False,False,False,False,False,False,False,False,False,,,,,,,
2026-07-31,00:00,40.7546972,-73.8241904,KISSENA BLVD,11355,109,UNKNOWN,Street,86.95102193661641,False,QUEENS,"(40.7546972, -73.8241904)",trafficstat,True,False,False,False,False,False,False,False,False,,,,,,,
2026-07-31,00:00,40.7381118,-73.8046564,HORACE HARDING EXPY,11365,109,UNKNOWN,Street,3.2337398138791844,False,QUEENS,"(40.7381118, -73.8046564)",trafficstat,False,False,False,False,False,False,False,False,False,,,,,,,
2026-07-30,00:00,40.74654,-73.831184,134 ST,11355,109,OTHER,Street,0.5240938597406694,False,QUEENS,"(40.74654, -73.831184)",trafficstat,False,False,False,False,False,False,False,False,False,,,,,,,
2026-07-30,00:00,40.7585801,-73.8256117,UNION ST,11355,109,OTHER,Street,1.2834706500974007,False,QUEENS,"(40.7585801, -73.8256117)",trafficstat,True,False,True,False,False,False,False,False,False,,,,,,,
2026-07-30,00:00,40.7814857,-73.8433496,125 ST,11356,109,UNKNOWN,Street,34.116036929420396,False,QUEENS,"(40.7814857, -73.8433496)",trafficstat,False,False,False,False,False,False,False,False,False,,,,,,,
2026-07-30,00:00,40.7693383,-73.8027597,162 ST,11358,109,UNKNOWN,Street,1.0218254597410565,False,QUEENS,"(40.7693383, -73.8027597)",trafficstat,False,False,False,False,False,False,False,False,False,,,,,,,
2026-07-30,00:00,40.7847246,-73.8394241,129 ST,11356,109,OTHER,Street,0.17712479651679675,False,QUEENS,"(40.7847246, -73.8394241)",trafficstat,False,False,False,False,False,False,False,False,False,,,,,,,
2026-07-30,00:00,40.7932083,-73.8241392,WHITESTONE EXPY,11357,109,UNKNOWN,Highway,0.6974834753322434,False,QUEENS,"(40.7932083, -73.8241392)",trafficstat,False,False,False,False,False,False,False,False,False,,,,,,,
2026-07-29,00:00,40.7892829,-73.8123381,14 AVE,11357,109,UNKNOWN,Street,32.58929594537659,False,QUEENS,"(40.7892829, -73.8123381)",trafficstat,False,False,False,False,False,False,False,False,False,,,,,,,
2026-07-29,00:00,40.7745198,-73.8262523,UNION ST,11354,109,UNKNOWN,Street,1.0680244792389244,False,QUEENS,"(40.7745198, -73.8262523)",trafficstat,False,False,False,False,False,False,False,False,False,,,,,,,
2026-07-29,00:00,40.7836609,-73.7925084,201 ST,11360,109,UNKNOWN,Street,48.06922651008648,False,QUEENS,"(40.7836609, -73.7925084)",trafficstat,False,False,False,False,False,False,False,False,False,,,,,,,
2026-07-29,00:00,40.7597744,-73.8135847,149 PL,11355,109,OTHER,Street,0.292459275271677,False,QUEENS,"(40.7597744, -73.8135847)",trafficstat,True,False,False,False,False,False,False,True,False,,,,,,,
2026-07-28,00:00,40.7571667,-73.8221105,BOWNE ST,11355,109,OTHER,Street,1.5079862013493168,False,QUEENS,"(40.7571667, -73.8221105)",trafficstat,False,False,False,False,False,False,False,False,False,,,,,,,
2026-07-28,00:00,40.7618908,-73.8296641,138 ST,11354,109,OTHER,Street,0.1059713376704616,False,QUEENS,"(40.7618908, -73.8296641)",trafficstat,True,False,True,False,False,False,False,False,False,,,,,,,
2026-07-28,00:00,40.74634,-73.82918,136 ST,11355,109,UNKNOWN,Street,0.06161053130753409,False,QUEENS,"(40.74634, -73.82918)",trafficstat,False,False,False,False,False,False,False,False,False,,,,,,,
2026-07-28,00:00,40.7845725,-73.8530185,14 RD,11356,109,OTHER,Street,23.91493145543977,False,QUEENS,"(40.7845725, -73.8530185)",trafficstat,False,False,False,False,False,False,False,False,False,,,,,,,
2026-07-27,00:00,40.7763914,-73.8239746,PARSONS BLVD,11354,109,OTHER,Street,112.95241709173497,False,QUEENS,"(40.7763914, -73.8239746)",trafficstat,True,False,True,False,False,False,False,False,False,,,,,,,
2026-07-27,00:00,40.7874703,-73.8161325,149 ST,11357,109,UNKNOWN,Street,0.1652926149875199,False,QUEENS,"(40.7874703, -73.8161325)",trafficstat,True,False,True,False,False,False,False,False,False,,,,,,,
2026-07-27,00:00,40.7868542,-73.822349,PARSONS BLVD,11357,109,UNKNOWN,Street,0.4168100648058339,False,QUEENS,"(40.7868542, -73.822349)",trafficstat,False,False,False,False,False,False,False,False,False,,,,,,,
2026-07-27,00:00,40.7571441,-73.8270918,KISSENA BLVD,11355,109,UNKNOWN,Street,2.2164671865587477,False,QUEENS,"(40.7571441, -73.8270918)",trafficstat,True,False,True,False,False,False,False,False,False,,,,,,,
2026-07-27,00:00,40.7497657,-73.8028754,OAK AVE,11358,109,UNKNOWN,Street,2.7647093143119212,False,QUEENS,"(40.7497657, -73.8028754)",trafficstat,True,False,False,True,False,False,False,False,False,,,,,,,
2026-07-27,00:00,40.7606153,-73.8058394,160 ST,11358,109,UNKNOWN,Street,0.833165683860673,False,QUEENS,"(40.7606153, -73.8058394)",trafficstat,True,False,False,True,False,False,False,False,False,,,,,,,
2026-07-26,00:00,40.7624201,-73.8275149,UNION ST,11354,109,OTHER,Street,0.5749497318711166,False,QUEENS,"(40.7624201, -73.8275149)",trafficstat,False,False,False,False,False,False,False,False,False,,,,,,,
2026-07-26,00:00,40.7602718,-73.8039995,162 ST,11358,109,UNKNOWN,Street,0.6602958986093662,False,QUEENS,"(40.7602718, -73.8039995)",trafficstat,False,False,False,False,False,False,False,False,False,,,,,,,
2026-07-26,00:00,40.7648742,-73.8203433,NORTHERN BLVD,11354,109,OTHER,Street,58.910455611774196,False,QUEENS,"(40.7648742, -73.8203433)",trafficstat,False,False,False,False,False,False,False,False,False,,,,,,,
2026-07-26,00:00,40.7688082,-73.8345596,31 RD,11354,109,UNKNOWN,Street,28.303643216239188,False,QUEENS,"(40.7688082, -73.8345596)",trafficstat,False,False,False,False,False,False,False,False,False,,,,,,,
2026-07-26,00:00,40.7908557,-73.8221433,CROSS ISLAND PKWY,11357,109,OTHER,Street,1.7040553656891202,False,QUEENS,"(40.7908557, -73.8221433)",trafficstat,False,False,False,False,False,False,False,False,False,,,,,,,
2026-07-01,00:00,40.7908557,-73.8221433,CROSS ISLAND PKWY,11357,109,OTHER,Street,1.7040553656891202,False,QUEENS,"(40.7908557, -73.8221433)",trafficstat,True,False,False,False,False,False,False,True,False,,,,,,,
2026-07-25,00:00,40.7822379,-73.771178,CROSS ISLAND PKWY,11360,109,UNKNOWN,Highway,2.141606806210348,False,QUEENS,"(40.7822379, -73.771178)",trafficstat,True,False,False,False,False,False,False,True,False,,,,,,,
2026-07-25,00:00,40.7832889,-73.7724093,CROSS ISLAND PKWY,11360,109,UNKNOWN,Highway,1.864880612002763,False,QUEENS,"(40.7832889, -73.7724093)",trafficstat,True,False,False,False,False,False,False,True,False,,,,,,,
2026-07-25,00:00,40.7615223,-73.8329246,PRINCE ST,11354,109,UNKNOWN,Street,0.5283827793852771,False,QUEENS,"(40.7615223, -73.8329246)",trafficstat,False,False,False,False,False,False,False,False,False,,,,,,,
2026-07-24,00:00,40.758949,-73.8319096,PRINCE ST,11354,109,OTHER,Street,0.833026045596067,False,QUEENS,"(40.758949, -73.8319096)",trafficstat,True,False,False,False,False,False,False,False,False,,,,,,,
2026-07-04,00:00,40.758949,-73.8319096,PRINCE ST,11354,109,UNKNOWN,Street,0.833026045596067,False,QUEENS,"(40.758949, -73.8319096)",trafficstat,False,False,False,False,False,False,False,False,False,,,,,,,
2026-07-24,00:00,40.7689569,-73.826682,UNION ST,11354,109,UNKNOWN,Street,0.7462305479156842,False,QUEENS,"(40.7689569, -73.826682)",trafficstat,True,False,True,False,False,False,False,False,False,,,,,,,
2026-07-24,00:00,40.7658282,-73.8373253,COLLEGE POINT BLVD,11354,109,UNKNOWN,Street,51.31098793768307,False,QUEENS,"(40.7658282, -73.8373253)",trafficstat,True,False,False,False,False,False,False,False,True,,,,,,,
2026-07-24,00:00,40.766852,-73.8382556,WHITESTONE EXPRESSWAY NB ET 14,11354,109,UNKNOWN,Ramp,19.091519855102348,False,QUEENS,"(40.766852, -73.8382556)",trafficstat,True,False,False,False,False,False,False,True,False,,,,,,,
2026-07-24,00:00,40.7816872,-73.8441183,124 ST,11356,109,UNKNOWN,Street,0.22610378771448833,False,QUEENS,"(40.7816872, -73.8441183)",trafficstat,False,False,False,False,False,False,False,False,False,,,,,,,
2026-06-27,00:00,40.7816872,-73.8441183,124 ST,11356,109,OTHER,Street,0.22610378771448833,False,QUEENS,"(40.7816872, -73.8441183)",trafficstat,True,False,False,True,False,False,False,False,False,,,,,,,
2026-07-24,00:00,40.7894763,-73.7842188,CROSS ISLAND PKWY,11360,109,UNKNOWN,Highway,3.4640301993758755,False,QUEENS,"(40.7894763, -73.7842188)",trafficstat,False,False,False,False,False,False,False,False,False,,,,,,,
2026-07-24,00:00,40.788002,-73.8174166,CROSS ISLAND PKWY,11357,109,UNKNOWN,Street,2.8190381492109187,False,QUEENS,"(40.788002, -73.8174166)",trafficstat,False,False,False,False,False,False,False,False,False,,,,,,,
2026-07-23,00:00,40.7807129,-73.8250807,WHITESTONE EXPY,11357,109,UNKNOWN,Street,1.8933841074526663,False,QUEENS,"(40.7807129, -73.8250807)",trafficstat,True,False,False,False,False,False,False,False,True,,,,,,,
2026-07-23,00:00,40.7556304,-73.815632,PARSONS BLVD,11355,109,UNKNOWN,Street,1.6720614413023904,False,QUEENS,"(40.7556304, -73.815632)",trafficstat,False,False,False,False,False,False,False,False,False,,,,,,,
2026-07-15,00:00,40.7556304,-73.815632,PARSONS BLVD,11355,109,UNKNOWN,Street,1.6720614413023904,False,QUEENS,"(40.7556304, -73.815632)",trafficstat,True,False,True,False,False,False,False,False,False,,,,,,,
2026-07-22,00:00,40.7589912,-73.8345301,COLLEGE POINT BLVD,11354,109,UNKNOWN,Street,0.9095697178727652,False,QUEENS,"(40.7589912, -73.8345301)",trafficstat,True,False,False,False,False,False,False,False,True,,,,,,,
2026-07-22,00:00,40.7956431,-73.8189992,149 ST,11357,109,OTHER,Street,0.7103760464821044,False,QUEENS,"(40.7956431, -73.8189992)",trafficstat,False,False,False,False,False,False,False,False,False,,,,,,,
2026-07-21,00:00,40.7889364,-73.7952588,TOTTEN ST,11357,109,UNKNOWN,Street,0.4703474414594247,False,QUEENS,"(40.7889364, -73.7952588)",trafficstat,True,False,False,False,False,False,False,False,True,,,,,,,
2026-07-21,00:00,40.7919305,-73.8231566,WHITESTONE EXPY,11357,109,OTHER,Highway,2.2971348393354782,False,QUEENS,"(40.7919305, -73.8231566)",trafficstat,False,False,False,False,False,False,False,False,False,,,,,,,
2026-07-21,00:00,40.788784,-73.7913425,THROGS NECK BRG,11360,109,UNKNOWN,Street,1.2068558246190457,False,QUEENS,"(40.788784, -73.7913425)",trafficstat,False,False,False,False,False,False,False,False,False,,,,,,,
2026-07-21,00:00,40.76242,-73.827515,UNION ST,11354,109,UNKNOWN,Street,0.6136262107097483,False,QUEENS,"(40.76242, -73.827515)",trafficstat,False,False,False,False,False,False,False,False,False,,,,,,,
2026-07-21,00:00,40.7561299,-73.8155837,147 ST,11355,109,OTHER,Street,0.36227651413144746,False,QUEENS,"(40.7561299, -73.8155837)",trafficstat,False,False,False,False,False,False,False,False,False,,,,,,,
2026-07-20,00:00,40.7547214,-73.817035,BURLING ST,11355,109,UNKNOWN,Street,2.0214179784410518,False,QUEENS,"(40.7547214, -73.817035)",trafficstat,False,False,False,False,False,False,False,False,False,,,,,,,
2026-07-20,00:00,40.7580624,-73.8140118,149 ST,11355,109,UNKNOWN,Street,0.45409513239889016,False,QUEENS,"(40.7580624, -73.8140118)",trafficstat,True,False,False,True,False,False,False,False,False,,,,,,,
2026-07-20,00:00,40.7713208,-73.8465399,122 ST,11354,109,UNKNOWN,Street,0.2289525545321951,False,QUEENS,"(40.7713208, -73.8465399)",trafficstat,False,False,False,False,False,False,False,False,False,,,,,,,
2026-06-12,00:00,40.7713208,-73.8465399,122 ST,11354,109,UNKNOWN,Street,0.2289525545321951,False,QUEENS,"(40.7713208, -73.8465399)",trafficstat,False,False,False,False,False,False,False,False,False,,,,,,,
2026-07-19,00:00,40.795956,-73.82676,PARSONS BLVD,11357,109,UNKNOWN,Street,1.7224555858581219,False,QUEENS,"(40.795956, -73.82676)",trafficstat,False,False,False,False,False,False,False,False,False,,,,,,,
2026-07-19,00:00,40.7625055,-73.8036933,162 ST,11358,109,UNKNOWN,Street,0.2868579613859416,False,QUEENS,"(40.7625055, -73.8036933)",trafficstat,True,False,False,False,False,False,False,True,False,,,,,,,
2026-07-19,00:00,40.7677419,-73.8001507,165 ST,11358,109,UNKNOWN,Street,0.21691696865811694,False,QUEENS,"(40.7677419, -73.8001507)",trafficstat,False,False,False,False,False,False,False,False,False,,,,,,,
2026-07-19,00:00,40.7538216,-73.8298905,SAULL ST,11355,109,UNKNOWN,Street,45.58100972851432,False,QUEENS,"(40.7538216, -73.8298905)",trafficstat,False,False,False,False,False,False,False,False,False,,,,,,,
2026-07-18,00:00,40.7531728,-73.8219191,KISSENA BLVD,11355,109,UNKNOWN,Street,1.9543510402625675,False,QUEENS,"(40.7531728, -73.8219191)",trafficstat,True,False,False,False,False,False,False,True,False,,,,,,,
2026-07-18,00:00,40.7480942,-73.8127536,QUINCE AVE,11355,109,OTHER,Street,54.71557915789148,False,QUEENS,"(40.7480942, -73.8127536)",trafficstat,False,False,False,False,False,False,False,False,False,,,,,,,
2026-07-18,00:00,40.7405623,-73.8092719,159 ST,11365,109,UNKNOWN,Street,0.2637629354347931,False,QUEENS,"(40.7405623, -73.8092719)",trafficstat,False,False,False,False,False,False,False,False,False,,,,,,,
2026-07-18,00:00,40.7557442,-73.8307482,FRAME PL,11355,109,OTHER,Street,1.465130386059264,False,QUEENS,"(40.7557442, -73.8307482)",trafficstat,True,False,True,False,False,False,False,False,False,,,,,,,
2026-07-18,00:00,40.768426,-73.8333947,FARRINGTON ST,11354,109,OTHER,Street,0.9377684542742046,False,QUEENS,"(40.768426, -73.8333947)",trafficstat,True,False,True,False,False,False,False,False,False,,,,,,,
2026-07-18,00:00,40.779728,-73.82567,WHITESTONE EXPY,11357,109,OTHER,Street,0.9823491404086993,False,QUEENS,"(40.779728, -73.82567)",trafficstat,True,False,False,False,False,False,False,True,False,,,,,,,
2026-07-18,00:00,40.7851669,-73.8423037,14 AVE,11356,109,UNKNOWN,Street,46.40745229856647,False,QUEENS,"(40.7851669, -73.8423037)",trafficstat,False,False,False,False,False,False,False,False,False,,,,,,,
2026-07-17,00:00,40.7695367,-73.8238003,32 AVE,11354,109,UNKNOWN,Street,54.23721406920612,False,QUEENS,"(40.7695367, -73.8238003)",trafficstat,False,False,False,False,False,False,False,False,False,,,,,,,
2026-07-17,00:00,40.7772525,-73.8015301,CLINTONVILLE ST,11357,109,UNKNOWN,Street,71.7309676038291,False,QUEENS,"(40.7772525, -73.8015301)",trafficstat,False,False,False,False,False,False,False,False,False,,,,,,,
2026-07-17,00:00,40.75097,-73.82577,MAIN ST,11355,109,UNKNOWN,Street,1.206690128476548,False,QUEENS,"(40.75097, -73.82577)",trafficstat,True,False,False,False,False,False,False,True,False,,,,,,,
2026-07-17,00:00,40.7550834,-73.8287382,MAPLE AVE,11355,109,UNKNOWN,Street,48.12213498025202,False,QUEENS,"(40.7550834, -73.8287382)",trafficstat,True,False,False,True,False,False,False,False,False,,,,,,,
2026-07-16,00:00,40.7596798,-73.8323481,PRINCE ST,11354,109,OTHER,Street,0.5160420954176219,False,QUEENS,"(40.7596798, -73.8323481)",trafficstat,False,False,False,False,False,False,False,False,False,,,,,,,