crash_date,crash_time,latitude,longitude,on_street_name,zip_code,precinct,collision_type,roadway_type,geocode_dist_feet,time_is_known,borough,location,source,injury,fatality,injured_pedestrian,injured_cyclist,injured_ebike_rider,injured_motorcyclist,injured_moped_rider,injured_car_occupant,injured_suv_occupant,number_of_persons_injured,number_of_persons_killed,contributing_factor_vehicle_1,collision_id,cross_street_name,off_street_name,vehicle_type_code1
2026-07-16,00:00,40.73908,-73.81414,HORACE HARDING EXPY,11367,109,UNKNOWN,Street,1.6122332012792457,False,QUEENS,"(40.73908, -73.81414)",trafficstat,False,False,False,False,False,False,False,False,False,,,,,,,
2026-07-16,00:00,40.7686369,-73.8222039,33 AVE,11354,109,UNKNOWN,Street,65.29977358372442,False,QUEENS,"(40.7686369, -73.8222039)",trafficstat,True,False,False,True,False,False,False,False,False,,,,,,,
2026-07-16,00:00,40.7846755,-73.8376295,131 ST,11356,109,UNKNOWN,Street,0.3892381669487971,False,QUEENS,"(40.7846755, -73.8376295)",trafficstat,True,False,False,False,False,False,False,True,False,,,,,,,
2026-07-15,00:00,40.7864051,-73.8059281,CROSS ISLAND PKWY,11357,109,OTHER,Highway,1.6129581410360296,False,QUEENS,"(40.7864051, -73.8059281)",trafficstat,False,False,False,False,False,False,False,False,False,,,,,,,
2026-07-15,00:00,40.7879435,-73.8428831,125 ST,11356,109,UNKNOWN,Street,0.5498153728059576,False,QUEENS,"(40.7879435, -73.8428831)",trafficstat,True,False,False,False,False,False,False,False,False,,,,,,,
2026-07-15,00:00,40.7833588,-73.8334726,,,109,UNKNOWN,,360.5900793144004,False,QUEENS,"(40.7833588, -73.8334726)",trafficstat,False,False,False,False,False,False,False,False,False,,,,,,,
2026-06-18,00:00,40.7833588,-73.8334726,,,109,UNKNOWN,,360.5900793144004,False,QUEENS,"(40.7833588, -73.8334726)",trafficstat,False,False,False,False,False,False,False,False,False,,,,,,,
2026-07-15,00:00,40.7822034,-73.8120432,MURRAY ST,11357,109,UNKNOWN,Street,49.65894340879664,False,QUEENS,"(40.7822034, -73.8120432)",trafficstat,False,False,False,False,False,False,False,False,False,,,,,,,
2026-07-15,00:00,40.7853736,-73.8402892,128 ST,11356,109,UNKNOWN,Street,0.17437513465339582,False,QUEENS,"(40.7853736, -73.8402892)",trafficstat,True,False,False,False,True,False,False,False,False,,,,,,,
2026-07-15,00:00,40.7648247,-73.8320649,FARRINGTON ST,11354,109,UNKNOWN,Street,37.52543758257479,False,QUEENS,"(40.7648247, -73.8320649)",trafficstat,False,False,False,False,False,False,False,False,False,,,,,,,
2026-07-15,00:00,40.7625894,-73.8046316,NORTHERN BLVD,11358,109,OTHER,Street,2.3507362894201482,False,QUEENS,"(40.7625894, -73.8046316)",trafficstat,False,False,False,False,False,False,False,False,False,,,,,,,
2026-07-15,00:00,40.7609484,-73.8327456,PRINCE ST,11354,109,OTHER,Street,0.24515631604959628,False,QUEENS,"(40.7609484, -73.8327456)",trafficstat,False,False,False,False,False,False,False,False,False,,,,,,,
2026-07-08,00:00,40.7609484,-73.8327456,PRINCE ST,11354,109,OTHER,Street,0.24515631604959628,False,QUEENS,"(40.7609484, -73.8327456)",trafficstat,True,False,True,False,False,False,False,False,False,,,,,,,
2026-07-15,00:00,40.7622645,-73.8001264,166 ST,11358,109,OTHER,Street,46.70772476286905,False,QUEENS,"(40.7622645, -73.8001264)",trafficstat,False,False,False,False,False,False,False,False,False,,,,,,,
2026-07-14,00:00,40.77279,-73.8371242,ULMER ST,11354,109,UNKNOWN,Street,1.0108071034940365,False,QUEENS,"(40.77279, -73.8371242)",trafficstat,False,False,False,False,False,False,False,False,False,,,,,,,
2026-06-12,00:00,40.77279,-73.8371242,ULMER ST,11354,109,UNKNOWN,Street,1.0108071034940365,False,QUEENS,"(40.77279, -73.8371242)",trafficstat,False,False,False,False,False,False,False,False,False,,,,,,,
2026-07-14,00:00,40.7622998,-73.8123048,MURRAY ST,11355,109,UNKNOWN,Bridge,40.75744177884394,False,QUEENS,"(40.7622998, -73.8123048)",trafficstat,False,False,False,False,False,False,False,False,False,,,,,,,
2026-07-14,00:00,40.7420715,-73.8245232,LONG ISLAND EXPY,11367,109,UNKNOWN,Highway,12.036746780667865,False,QUEENS,"(40.7420715, -73.8245232)",trafficstat,True,False,False,False,False,False,False,True,False,,,,,,,
2026-07-14,00:00,40.7463379,-73.8304409,57 RD,11355,109,OTHER,Street,48.83121212787293,False,QUEENS,"(40.7463379, -73.8304409)",trafficstat,False,False,False,False,False,False,False,False,False,,,,,,,
2026-07-14,00:00,40.785664,-73.85509,112 ST,11356,109,UNKNOWN,Street,0.2648074464385417,False,QUEENS,"(40.785664, -73.85509)",trafficstat,False,False,False,False,False,False,False,False,False,,,,,,,
2026-07-13,00:00,40.7940119,-73.8116397,151 PL,11357,109,UNKNOWN,Street,0.2956983783473003,False,QUEENS,"(40.7940119, -73.8116397)",trafficstat,False,False,False,False,False,False,False,False,False,,,,,,,
2026-07-12,00:00,40.793213,-73.8414903,126 ST,11356,109,UNKNOWN,Street,47.92491394378256,False,QUEENS,"(40.793213, -73.8414903)",trafficstat,False,False,False,False,False,False,False,False,False,,,,,,,
2026-07-12,00:00,40.7567711,-73.8043465,162 ST,11358,109,UNKNOWN,Street,36.52807034339714,False,QUEENS,"(40.7567711, -73.8043465)",trafficstat,False,False,False,False,False,False,False,False,False,,,,,,,
2026-07-12,00:00,40.7753498,-73.8095514,154 ST,11354,109,OTHER,Street,0.42535285703167225,False,QUEENS,"(40.7753498, -73.8095514)",trafficstat,True,False,False,False,False,False,False,True,False,,,,,,,
2026-07-12,00:00,40.7648688,-73.8119568,NORTHERN BLVD,11354,109,OTHER,Street,2.5690578215962887,False,QUEENS,"(40.7648688, -73.8119568)",trafficstat,True,False,False,True,False,False,False,False,False,,,,,,,
2026-07-11,00:00,40.7704501,-73.8342056,FARRINGTON ST,11354,109,UNKNOWN,Street,0.4367243259288544,False,QUEENS,"(40.7704501, -73.8342056)",trafficstat,True,False,False,False,False,True,False,False,False,,,,,,,
2026-07-11,00:00,40.790855,-73.82214,CROSS ISLAND PKWY,11357,109,OTHER,Street,1.0153940185746642,False,QUEENS,"(40.790855, -73.82214)",trafficstat,False,False,False,False,False,False,False,False,False,,,,,,,
2026-07-10,00:00,40.7831341,-73.8405013,128 ST,11356,109,UNKNOWN,Street,20.47354389253003,False,QUEENS,"(40.7831341, -73.8405013)",trafficstat,False,False,False,False,False,False,False,False,False,,,,,,,
2026-07-10,00:00,40.7601241,-73.8283696,ROOSEVELT AVE,11354,109,UNKNOWN,Street,36.94174524285975,False,QUEENS,"(40.7601241, -73.8283696)",trafficstat,False,False,False,False,False,False,False,False,False,,,,,,,
2026-07-10,00:00,40.7615182,-73.796443,170 ST,11358,109,UNKNOWN,Street,41.951514585053026,False,QUEENS,"(40.7615182, -73.796443)",trafficstat,False,False,False,False,False,False,False,False,False,,,,,,,
2026-07-08,00:00,40.7542522,-73.8278248,MAIN ST,11355,109,UNKNOWN,Street,0.18474240104901513,False,QUEENS,"(40.7542522, -73.8278248)",trafficstat,True,False,False,False,True,False,False,False,False,,,,,,,
2026-07-02,00:00,40.7542522,-73.8278248,MAIN ST,11355,109,UNKNOWN,Street,0.18474240104901513,False,QUEENS,"(40.7542522, -73.8278248)",trafficstat,True,False,False,False,False,False,True,False,False,,,,,,,
2026-06-17,00:00,40.7542522,-73.8278248,MAIN ST,11355,109,UNKNOWN,Street,0.18474240104901513,False,QUEENS,"(40.7542522, -73.8278248)",trafficstat,False,False,False,False,False,False,False,False,False,,,,,,,
2026-07-08,00:00,40.7948961,-73.8222264,147 ST,11357,109,UNKNOWN,Street,1.1711583202854676,False,QUEENS,"(40.7948961, -73.8222264)",trafficstat,True,False,False,False,False,False,False,True,False,,,,,,,
2026-07-08,00:00,40.78325,-73.81172,MURRAY ST,11357,109,UNKNOWN,Street,0.2627535281085349,False,QUEENS,"(40.78325, -73.81172)",trafficstat,False,False,False,False,False,False,False,False,False,,,,,,,
2026-07-07,00:00,40.7747456,-73.8000513,25 AVE,11357,109,OTHER,Street,51.896621086910905,False,QUEENS,"(40.7747456, -73.8000513)",trafficstat,False,False,False,False,False,False,False,False,False,,,,,,,
2026-07-07,00:00,40.765879,-73.8197961,147 ST,11354,109,UNKNOWN,Street,53.65177508621317,False,QUEENS,"(40.765879, -73.8197961)",trafficstat,True,False,True,False,False,False,False,False,False,,,,,,,
2026-07-06,00:00,40.7661594,-73.8209024,146 ST,11354,109,UNKNOWN,Street,0.17229990593276617,False,QUEENS,"(40.7661594, -73.8209024)",trafficstat,False,False,False,False,False,False,False,False,False,,,,,,,
2026-07-06,00:00,40.758896,-73.80607,160 ST,11358,109,UNKNOWN,Street,1.4654622784095523,False,QUEENS,"(40.758896, -73.80607)",trafficstat,False,False,False,False,False,False,False,False,False,,,,,,,
2026-07-06,00:00,40.7588947,-73.8060718,160 ST,11358,109,OTHER,Street,1.0183983873511897,False,QUEENS,"(40.7588947, -73.8060718)",trafficstat,False,False,False,False,False,False,False,False,False,,,,,,,
2026-07-06,00:00,40.7799044,-73.7778689,,,109,UNKNOWN,,418.53296539914606,False,QUEENS,"(40.7799044, -73.7778689)",trafficstat,False,False,False,False,False,False,False,False,False,,,,,,,
2026-07-06,00:00,40.7867312,-73.824451,WHITESTONE EXPY,11357,109,OTHER,Street,0.8474554200339436,False,QUEENS,"(40.7867312, -73.824451)",trafficstat,True,False,False,False,False,False,False,True,False,,,,,,,
2026-07-05,00:00,40.774944,-73.79539,169 ST,11357,109,UNKNOWN,Street,0.21588120391441848,False,QUEENS,"(40.774944, -73.79539)",trafficstat,False,False,False,False,False,False,False,False,False,,,,,,,
2026-07-05,00:00,40.766103,-73.8302918,137 ST,11354,109,UNKNOWN,Street,58.891151736411786,False,QUEENS,"(40.766103, -73.8302918)",trafficstat,False,False,False,False,False,False,False,False,False,,,,,,,
2026-07-05,00:00,40.7438656,-73.8256791,MAIN ST,11355,109,UNKNOWN,Street,0.38879648087606505,False,QUEENS,"(40.7438656, -73.8256791)",trafficstat,False,False,False,False,False,False,False,False,False,,,,,,,
2026-07-04,00:00,40.7535637,-73.7945771,AUBURNDALE LN,11358,109,UNKNOWN,Street,0.5115870809212058,False,QUEENS,"(40.7535637, -73.7945771)",trafficstat,True,False,False,False,False,False,False,True,False,,,,,,,
2026-07-04,00:00,40.7727,-73.833954,LINDEN PL,11354,109,UNKNOWN,Street,0.19191278952226568,False,QUEENS,"(40.7727, -73.833954)",trafficstat,False,False,False,False,False,False,False,False,False,,,,,,,
2026-07-04,00:00,40.7876675,-73.7781554,WATERS EDGE DR,11360,109,OTHER,Street,52.91441505534056,False,QUEENS,"(40.7876675, -73.7781554)",trafficstat,True,False,True,False,False,False,False,False,False,,,,,,,
2026-07-04,00:00,40.791595,-73.843604,124 ST,11356,109,UNKNOWN,Street,0.9698449293202867,False,QUEENS,"(40.791595, -73.843604)",trafficstat,True,False,False,False,False,False,False,True,False,,,,,,,
2026-07-03,00:00,40.7749011,-73.8038878,160 ST,11358,109,UNKNOWN,Street,0.45176082566620446,False,QUEENS,"(40.7749011, -73.8038878)",trafficstat,True,False,False,False,False,False,False,True,False,,,,,,,
2026-07-03,00:00,40.7824378,-73.7765381,BELL BLVD,11360,109,UNKNOWN,Street,1.5112272286108406,False,QUEENS,"(40.7824378, -73.7765381)",trafficstat,False,False,False,False,False,False,False,False,False,,,,,,,
2026-07-03,00:00,40.78585,-73.79508,UTOPIA PKWY,11357,109,UNKNOWN,Street,0.3799041672246302,False,QUEENS,"(40.78585, -73.79508)",trafficstat,True,False,True,False,False,False,False,False,False,,,,,,,
2026-07-03,00:00,40.7520614,-73.8327363,FOWLER AVE,11355,109,UNKNOWN,Street,66.3488414819485,False,QUEENS,"(40.7520614, -73.8327363)",trafficstat,False,False,False,False,False,False,False,False,False,,,,,,,
2026-07-03,00:00,40.7685206,-73.828629,32 AVE,11354,109,OTHER,Street,2.4458391511593702,False,QUEENS,"(40.7685206, -73.828629)",trafficstat,True,False,False,False,True,False,False,False,False,,,,,,,
2026-07-02,00:00,40.7690152,-73.8182087,148 ST,11354,109,UNKNOWN,Street,0.034478725599242775,False,QUEENS,"(40.7690152, -73.8182087)",trafficstat,True,False,False,False,False,False,False,True,False,,,,,,,
2026-07-02,00:00,40.7607267,-73.8164698,BARCLAY AVE,11355,109,OTHER,Street,81.12168503764978,False,QUEENS,"(40.7607267, -73.8164698)",trafficstat,True,False,False,False,False,False,False,False,True,,,,,,,
2026-07-02,00:00,40.7651388,-73.8194359,147 ST,11354,109,UNKNOWN,Street,0.43178027601692776,False,QUEENS,"(40.7651388, -73.8194359)",trafficstat,True,False,True,False,False,False,False,False,False,,,,,,,
2026-07-02,00:00,40.783222,-73.845856,COLLEGE POINT BLVD,11356,109,UNKNOWN,Street,0.203203590138365,False,QUEENS,"(40.783222, -73.845856)",trafficstat,False,False,False,False,False,False,False,False,False,,,,,,,
2026-07-02,00:00,40.788157,-73.8383959,130 ST,11356,109,UNKNOWN,Street,47.01620208033621,False,QUEENS,"(40.788157, -73.8383959)",trafficstat,False,False,False,False,False,False,False,False,False,,,,,,,
2026-07-01,00:00,40.7927423,-73.8210042,147 ST,11357,109,UNKNOWN,Street,1.2339629911194592,False,QUEENS,"(40.7927423, -73.8210042)",trafficstat,False,False,False,False,False,False,False,False,False,,,,,,,
2026-07-01,00:00,40.785451,-73.8560871,111 ST,11356,109,UNKNOWN,Street,30.994390774920276,False,QUEENS,"(40.785451, -73.8560871)",trafficstat,False,False,False,False,False,False,False,False,False,,,,,,,
2026-07-01,00:00,40.7858028,-73.851302,116 ST,11356,109,UNKNOWN,Street,0.3738744342045198,False,QUEENS,"(40.7858028, -73.851302)",trafficstat,True,False,False,True,False,False,False,False,False,,,,,,,
2026-07-01,00:00,40.7443591,-73.8196002,148 ST,11355,109,UNKNOWN,Street,46.45289229062809,False,QUEENS,"(40.7443591, -73.8196002)",trafficstat,False,False,False,False,False,False,False,False,False,,,,,,,
2026-07-01,00:00,40.7560462,-73.8130681,149 ST,11355,109,OTHER,Street,0.27722991863913227,False,QUEENS,"(40.7560462, -73.8130681)",trafficstat,True,False,False,True,False,False,False,False,False,,,,,,,
2026-06-30,00:00,40.7500453,-73.8091582,QUINCE AVE,11355,109,UNKNOWN,Street,2.7412560782827478,False,QUEENS,"(40.7500453, -73.8091582)",trafficstat,False,False,False,False,False,False,False,False,False,,,,,,,
2026-06-30,00:00,40.7475289,-73.823255,142 ST,11355,109,UNKNOWN,Street,0.838916304215481,False,QUEENS,"(40.7475289, -73.823255)",trafficstat,True,False,False,True,False,False,False,False,False,,,,,,,
2026-06-30,00:00,40.76027,-73.83048,MAIN ST,11354,109,UNKNOWN,Street,0.002260094609549813,False,QUEENS,"(40.76027, -73.83048)",trafficstat,False,False,False,False,False,False,False,False,False,,,,,,,
2026-06-30,00:00,40.7909924,-73.781541,TOTTEN AVE,11359,109,UNKNOWN,Street,15.450166214917479,False,QUEENS,"(40.7909924, -73.781541)",trafficstat,False,False,False,False,False,False,False,False,False,,,,,,,
2026-06-29,00:00,40.7893705,-73.8488781,119 ST,11356,109,UNKNOWN,Street,0.4472759214794325,False,QUEENS,"(40.7893705, -73.8488781)",trafficstat,True,False,False,True,False,False,False,False,False,,,,,,,
2026-06-29,00:00,40.7537655,-73.8048849,162 ST,11358,109,OTHER,Street,0.8593147466152297,False,QUEENS,"(40.7537655, -73.8048849)",trafficstat,True,True,False,False,False,False,True,False,False,,,,,,,
2026-06-29,00:00,40.752937,-73.81978,UNION ST,11355,109,UNKNOWN,Street,2.048621355230724,False,QUEENS,"(40.752937, -73.81978)",trafficstat,False,False,False,False,False,False,False,False,False,,,,,,,
2026-06-28,00:00,40.7534263,-73.8116363,JASMINE AVE,11355,109,UNKNOWN,Street,43.48185257230398,False,QUEENS,"(40.7534263, -73.8116363)",trafficstat,False,False,False,False,False,False,False,False,False,,,,,,,
2026-06-28,00:00,40.7555009,-73.7927159,45 AVE,11358,109,UNKNOWN,Street,3.315376393778402,False,QUEENS,"(40.7555009, -73.7927159)",trafficstat,False,False,False,False,False,False,False,False,False,,,,,,,
2026-06-23,00:00,40.7555009,-73.7927159,45 AVE,11358,109,UNKNOWN,Street,3.315376393778402,False,QUEENS,"(40.7555009, -73.7927159)",trafficstat,False,False,False,False,False,False,False,False,False,,,,,,,
2026-06-28,00:00,40.7841899,-73.8458097,COLLEGE POINT BLVD,11356,109,UNKNOWN,Street,0.008038789142002163,False,QUEENS,"(40.7841899, -73.8458097)",trafficstat,True,False,False,False,False,False,False,True,False,,,,,,,
2026-06-28,00:00,40.7845536,-73.8122279,16 RD,11357,109,UNKNOWN,Street,66.02052762131386,False,QUEENS,"(40.7845536, -73.8122279)",trafficstat,False,False,False,False,False,False,False,False,False,,,,,,,
2026-06-28,00:00,40.7927218,-73.7799675,BAYSIDE ST,11359,109,OTHER,Street,27.225134794246348,False,QUEENS,"(40.7927218, -73.7799675)",trafficstat,False,False,False,False,False,False,False,False,False,,,,,,,
2026-06-27,00:00,40.7868879,-73.849423,118 ST,11356,109,OTHER,Street,47.52581856762554,False,QUEENS,"(40.7868879, -73.849423)",trafficstat,False,False,False,False,False,False,False,False,False,,,,,,,
2026-06-27,00:00,40.7593965,-73.7993997,167 ST,11358,109,UNKNOWN,Street,1.0050820554241318,False,QUEENS,"(40.7593965, -73.7993997)",trafficstat,False,False,False,False,False,False,False,False,False,,,,,,,
2026-06-26,00:00,40.7652468,-73.8208445,146 ST,11354,109,UNKNOWN,Street,34.679422773173215,False,QUEENS,"(40.7652468, -73.8208445)",trafficstat,False,False,False,False,False,False,False,False,False,,,,,,,
2026-06-26,00:00,40.7585272,-73.801402,165 ST,11358,109,UNKNOWN,Street,0.7180389339261896,False,QUEENS,"(40.7585272, -73.801402)",trafficstat,False,False,False,False,False,False,False,False,False,,,,,,,
2026-06-26,00:00,40.7538683,-73.8318375,MAPLE AVE,11355,109,UNKNOWN,Street,71.89442397976545,False,QUEENS,"(40.7538683, -73.8318375)",trafficstat,False,False,False,False,False,False,False,False,False,,,,,,,
2026-06-25,00:00,40.7595188,-73.8020834,164 ST,11358,109,UNKNOWN,Street,36.76683308055539,False,QUEENS,"(40.7595188, -73.8020834)",trafficstat,False,False,False,False,False,False,False,False,False,,,,,,,
2026-06-25,00:00,40.78937,-73.81152,CLINTONVILLE ST,11357,109,UNKNOWN,Street,0.1723482593338435,False,QUEENS,"(40.78937, -73.81152)",trafficstat,False,False,False,False,False,False,False,False,False,,,,,,,
2026-06-24,00:00,40.7624176,-73.8136784,150 ST,11355,109,UNKNOWN,Street,40.98628721832216,False,QUEENS,"(40.7624176, -73.8136784)",trafficstat,False,False,False,False,False,False,False,False,False,,,,,,,
2026-06-24,00:00,40.7727004,-73.8339544,LINDEN PL,11354,109,UNKNOWN,Street,0.25370720737581903,False,QUEENS,"(40.7727004, -73.8339544)",trafficstat,True,False,False,False,False,False,False,True,False,,,,,,,
2026-06-24,00:00,40.7627942,-73.8355747,COLLEGE POINT BLVD,11354,109,UNKNOWN,Street,0.13024192197567294,False,QUEENS,"(40.7627942, -73.8355747)",trafficstat,False,False,False,False,False,False,False,False,False,,,,,,,
2026-06-24,00:00,40.7490123,-73.797692,170 ST,11358,109,OTHER,Street,66.94295824589473,False,QUEENS,"(40.7490123, -73.797692)",trafficstat,False,False,False,False,False,False,False,False,False,,,,,,,
2026-06-24,00:00,40.7561519,-73.8365255,40 RD,11354,109,OTHER,Street,143.10103403540148,False,QUEENS,"(40.7561519, -73.8365255)",trafficstat,False,False,False,False,False,False,False,False,False,,,,,,,
2026-06-24,00:00,40.7595334,-73.7940095,ALLEY,11358,109,UNKNOWN,Alley,37.976298462645026,False,QUEENS,"(40.7595334, -73.7940095)",trafficstat,False,False,False,False,False,False,False,False,False,,,,,,,
2026-06-23,00:00,40.7925293,-73.7975069,166 ST,11357,109,UNKNOWN,Street,86.37264167154828,False,QUEENS,"(40.7925293, -73.7975069)",trafficstat,False,False,False,False,False,False,False,False,False,,,,,,,
2026-06-23,00:00,40.79511,-73.81174,151 PL,11357,109,OTHER,Street,0.8861852856498597,False,QUEENS,"(40.79511, -73.81174)",trafficstat,False,False,False,False,False,False,False,False,False,,,,,,,
2026-06-23,00:00,40.7863664,-73.7946795,CROSS ISLAND PKWY,11360,109,UNKNOWN,Highway,0.503778324267398,False,QUEENS,"(40.7863664, -73.7946795)",trafficstat,False,False,False,False,False,False,False,False,False,,,,,,,
2026-06-23,00:00,40.7805111,-73.8258951,WHITESTONE EXPY,11357,109,UNKNOWN,Highway,5.46502814172717,False,QUEENS,"(40.7805111, -73.8258951)",trafficstat,True,False,False,False,False,False,False,True,True,,,,,,,
2026-06-22,00:00,40.78086,-73.80879,154 ST,11357,109,UNKNOWN,Street,2.0694893411045667,False,QUEENS,"(40.78086, -73.80879)",trafficstat,True,False,True,False,False,False,False,False,False,,,,,,,
2026-06-22,00:00,40.78679,-73.82342,WHITESTONE EXPY,11357,109,UNKNOWN,Street,0.4015020535173994,False,QUEENS,"(40.78679, -73.82342)",trafficstat,True,False,False,False,False,False,False,True,True,,,,,,,
2026-06-22,00:00,40.7784934,-73.8417185,127 ST,11356,109,UNKNOWN,Street,35.79147571391782,False,QUEENS,"(40.7784934, -73.8417185)",trafficstat,False,False,False,False,False,False,False,False,False,,,,,,,
2026-06-22,00:00,40.7788876,-73.8145313,150 ST,11357,109,UNKNOWN,Street,0.30751978987473927,False,QUEENS,"(40.7788876, -73.8145313)",trafficstat,True,False,False,False,False,False,False,True,True,,,,,,,
2026-06-22,00:00,40.7516923,-73.8360005,VAN WYCK EXPY,11355,109,UNKNOWN,Highway,1.4773908704429033,False,QUEENS,"(40.7516923, -73.8360005)",trafficstat,True,False,False,False,False,False,False,True,False,,,,,,,
2026-06-21,00:00,40.750888,-73.8194095,KISSENA BLVD,11355,109,OTHER,Street,1.2342551521944458,False,QUEENS,"(40.750888, -73.8194095)",trafficstat,True,False,False,True,False,False,False,False,False,,,,,,,
2026-06-21,00:00,40.745776,-73.8225634,BOOTH MEMORIAL AVE,11355,109,UNKNOWN,Street,69.67403505321754,False,QUEENS,"(40.745776, -73.8225634)",trafficstat,False,False,False,False,False,False,False,False,False,,,,,,,
2026-06-21,00:00,40.7587461,-73.8042061,162 ST,11358,109,UNKNOWN,Street,0.9463230930680676,False,QUEENS,"(40.7587461, -73.8042061)",trafficstat,False,False,False,False,False,False,False,False,False,,,,,,,
2026-06-21,00:00,40.772346,-73.82468,PARSONS BLVD,11354,109,UNKNOWN,Street,1.339970344845258,False,QUEENS,"(40.772346, -73.82468)",trafficstat,False,False,False,False,False,False,False,False,False,,,,,,,
2026-06-21,00:00,40.7815944,-73.8408428,20 AVE,11356,109,OTHER,Street,38.74170556674886,False,QUEENS,"(40.7815944, -73.8408428)",trafficstat,False,False,False,False,False,False,False,False,False,,,,,,,
2026-06-20,00:00,40.7795193,-73.8146195,150 ST,11357,109,UNKNOWN,Street,47.95802380707578,False,QUEENS,"(40.7795193, -73.8146195)",trafficstat,True,False,True,False,False,False,False,False,False,,,,,,,
2026-06-20,00:00,40.7906512,-73.8399226,128 ST,11356,109,UNKNOWN,Street,0.579948239438914,False,QUEENS,"(40.7906512, -73.8399226)",trafficstat,False,False,False,False,False,False,False,False,False,,,,,,,
2026-06-20,00:00,40.7590433,-73.8079412,158 ST,11358,109,UNKNOWN,Street,0.186309801421074,False,QUEENS,"(40.7590433, -73.8079412)",trafficstat,False,False,False,False,False,False,False,False,False,,,,,,,
2026-06-20,00:00,40.7616983,-73.8310306,37 AVE,11354,109,UNKNOWN,Street,42.05227663557272,False,QUEENS,"(40.7616983, -73.8310306)",trafficstat,False,False,False,False,False,False,False,False,False,,,,,,,
2026-06-20,00:00,40.762032,-73.8094162,156 ST,11355,109,OTHER,Street,0.6157684381081586,False,QUEENS,"(40.762032, -73.8094162)",trafficstat,False,False,False,False,False,False,False,False,False,,,,,,,
2026-06-20,00:00,40.7658581,-73.8312834,LINDEN PL,11354,109,UNKNOWN,Street,35.10243414305325,False,QUEENS,"(40.7658581, -73.8312834)",trafficstat,False,False,False,False,False,False,False,False,False,,,,,,,
2026-06-20,00:00,40.7644258,-73.8241033,NORTHERN BLVD,11354,109,UNKNOWN,Street,56.967881196938755,False,QUEENS,"(40.7644258, -73.8241033)",trafficstat,False,False,False,False,False,False,False,False,False,,,,,,,
2026-06-20,00:00,40.7537216,-73.8328215,COLLEGE POINT BLVD,11355,109,UNKNOWN,Street,0.6909493431430519,False,QUEENS,"(40.7537216, -73.8328215)",trafficstat,True,False,False,True,False,False,False,False,False,,,,,,,
2026-06-20,00:00,40.7536683,-73.8158504,BURLING ST,11355,109,UNKNOWN,Street,1.2614841663060978,False,QUEENS,"(40.7536683, -73.8158504)",trafficstat,False,False,False,False,False,False,False,False,False,,,,,,,
2026-06-19,00:00,40.7546607,-73.8331043,COLLEGE POINT BLVD,11355,109,OTHER,Street,0.7667891710852155,False,QUEENS,"(40.7546607, -73.8331043)",trafficstat,False,False,False,False,False,False,False,False,False,,,,,,,
2026-06-19,00:00,40.7635881,-73.836024,COLLEGE POINT BLVD,11354,109,UNKNOWN,Street,1.2668132583980865,False,QUEENS,"(40.7635881, -73.836024)",trafficstat,True,False,False,False,False,False,False,False,False,,,,,,,
2026-06-19,00:00,40.7601564,-73.827295,ROOSEVELT AVE,11354,109,OTHER,Street,44.35647892487941,False,QUEENS,"(40.7601564, -73.827295)",trafficstat,True,False,False,True,False,False,False,False,False,,,,,,,
2026-06-19,00:00,40.7852662,-73.8166249,149 ST,11357,109,UNKNOWN,Street,51.719014334090716,False,QUEENS,"(40.7852662, -73.8166249)",trafficstat,False,False,False,False,False,False,False,False,False,,,,,,,
2026-06-19,00:00,40.7852742,-73.7830693,209 ST,11360,109,UNKNOWN,Street,49.05460006347129,False,QUEENS,"(40.7852742, -73.7830693)",trafficstat,False,False,False,False,False,False,False,False,False,,,,,,,
2026-06-19,00:00,40.7865893,-73.8338839,135 ST,11356,109,UNKNOWN,Street,36.78026659433649,False,QUEENS,"(40.7865893, -73.8338839)",trafficstat,False,False,False,False,False,False,False,False,False,,,,,,,
2026-06-19,00:00,40.7924683,-73.7800473,TOTTEN AVE,11359,109,OTHER,Street,1.890973625748661,False,QUEENS,"(40.7924683, -73.7800473)",trafficstat,True,False,False,False,False,False,False,False,False,,,,,,,
2026-06-18,00:00,40.791622,-73.844536,123 ST,11356,109,UNKNOWN,Street,0.575771084235828,False,QUEENS,"(40.791622, -73.844536)",trafficstat,True,False,False,False,False,False,False,True,True,,,,,,,
2026-06-18,00:00,40.7924735,-73.7932125,THROGS NECK BRG,11360,109,UNKNOWN,Bridge,37.87144495128229,False,QUEENS,"(40.7924735, -73.7932125)",trafficstat,False,False,False,False,False,False,False,False,False,,,,,,,
2026-06-18,00:00,40.7407858,-73.8149947,KISSENA BLVD,11355,109,UNKNOWN,Street,0.8651029330447647,False,QUEENS,"(40.7407858, -73.8149947)",trafficstat,True,False,False,False,False,False,True,False,False,,,,,,,
2026-06-17,00:00,40.76147,-73.81808,147 ST,11355,109,UNKNOWN,Street,1.6774933677963908,False,QUEENS,"(40.76147, -73.81808)",trafficstat,True,False,False,False,False,False,False,False,False,,,,,,,