crash_date,crash_time,latitude,longitude,on_street_name,zip_code,precinct,collision_type,roadway_type,geocode_dist_feet,time_is_known,borough,location,source,injury,fatality,injured_pedestrian,injured_cyclist,injured_ebike_rider,injured_motorcyclist,injured_moped_rider,injured_car_occupant,injured_suv_occupant,number_of_persons_injured,number_of_persons_killed,contributing_factor_vehicle_1,collision_id,cross_street_name,off_street_name,vehicle_type_code1
2026-06-17,00:00,40.7704633,-73.7931711,172 ST,11358,109,UNKNOWN,Street,0.7015558320174233,False,QUEENS,"(40.7704633, -73.7931711)",trafficstat,False,False,False,False,False,False,False,False,False,,,,,,,
2026-06-17,00:00,40.7763729,-73.8176398,149 ST,11354,109,UNKNOWN,Street,0.6422696582128308,False,QUEENS,"(40.7763729, -73.8176398)",trafficstat,False,False,False,False,False,False,False,False,False,,,,,,,
2026-06-17,00:00,40.78309,-73.81879,147 ST,11357,109,UNKNOWN,Street,1.2398777535144092,False,QUEENS,"(40.78309, -73.81879)",trafficstat,False,False,False,False,False,False,False,False,False,,,,,,,
2026-06-17,00:00,40.7816939,-73.82224,PARSONS BLVD,11357,109,UNKNOWN,Street,2.0251102542515174,False,QUEENS,"(40.7816939, -73.82224)",trafficstat,True,False,False,True,False,False,False,False,False,,,,,,,
2026-06-17,00:00,40.7787353,-73.8435121,125 ST,11356,109,UNKNOWN,Street,36.201634165354626,False,QUEENS,"(40.7787353, -73.8435121)",trafficstat,False,False,False,False,False,False,False,False,False,,,,,,,
2026-06-17,00:00,40.787275,-73.8402897,128 ST,11356,109,UNKNOWN,Street,51.19538321648316,False,QUEENS,"(40.787275, -73.8402897)",trafficstat,True,False,False,False,False,False,False,True,False,,,,,,,
2026-06-16,00:00,40.7893931,-73.7823195,CROSS ISLAND PKWY,11360,109,UNKNOWN,Highway,0.2593345056804894,False,QUEENS,"(40.7893931, -73.7823195)",trafficstat,True,False,False,False,False,False,False,True,False,,,,,,,
2026-06-16,00:00,40.7797144,-73.7936231,UTOPIA PKWY,11357,109,UNKNOWN,Street,57.0257364455448,False,QUEENS,"(40.7797144, -73.7936231)",trafficstat,False,False,False,False,False,False,False,False,False,,,,,,,
2026-06-16,00:00,40.772479,-73.8176645,29 AVE,11354,109,UNKNOWN,Street,42.00828331837791,False,QUEENS,"(40.772479, -73.8176645)",trafficstat,False,False,False,False,False,False,False,False,False,,,,,,,
2026-06-16,00:00,40.7846027,-73.7733617,CROSS ISLAND PKWY,11360,109,UNKNOWN,Highway,0.23968920916336528,False,QUEENS,"(40.7846027, -73.7733617)",trafficstat,True,False,False,False,False,False,False,True,True,,,,,,,
2026-06-16,00:00,40.763042,-73.811226,41 AVE,11354,109,UNKNOWN,Street,2.6937868552781223,False,QUEENS,"(40.763042, -73.811226)",trafficstat,True,False,True,False,False,False,False,False,False,,,,,,,
2026-06-15,00:00,40.7739278,-73.8238208,27 AVE,11354,109,OTHER,Street,52.66308491021972,False,QUEENS,"(40.7739278, -73.8238208)",trafficstat,False,False,False,False,False,False,False,False,False,,,,,,,
2026-06-15,00:00,40.7715903,-73.8100604,154 ST,11354,109,UNKNOWN,Street,0.7543951183478265,False,QUEENS,"(40.7715903, -73.8100604)",trafficstat,True,False,False,True,False,False,False,False,False,,,,,,,
2026-06-15,00:00,40.7387741,-73.8084471,HORACE HARDING EXPY,11365,109,UNKNOWN,Street,3.3752345175028364,False,QUEENS,"(40.7387741, -73.8084471)",trafficstat,True,False,False,False,False,False,False,True,False,,,,,,,
2026-06-15,00:00,40.7575232,-73.8291338,MAIN ST,11355,109,UNKNOWN,Street,0.42395052272643957,False,QUEENS,"(40.7575232, -73.8291338)",trafficstat,True,False,False,False,True,False,False,False,False,,,,,,,
2026-06-15,00:00,40.7860145,-73.8021845,CROSS ISLAND PKWY,11357,109,OTHER,Highway,0.04500583275291148,False,QUEENS,"(40.7860145, -73.8021845)",trafficstat,False,False,False,False,False,False,False,False,False,,,,,,,
2026-06-14,00:00,40.7816902,-73.8423093,126 ST,11356,109,UNKNOWN,Street,0.7217649011858814,False,QUEENS,"(40.7816902, -73.8423093)",trafficstat,True,False,False,False,False,False,False,True,True,,,,,,,
2026-06-14,00:00,40.7726569,-73.830438,28 RD,11354,109,UNKNOWN,Street,1.5004881377369557,False,QUEENS,"(40.7726569, -73.830438)",trafficstat,False,False,False,False,False,False,False,False,False,,,,,,,
2026-06-14,00:00,40.7555185,-73.8285355,MAIN ST,11355,109,OTHER,Street,54.84350295347533,False,QUEENS,"(40.7555185, -73.8285355)",trafficstat,True,False,False,False,True,False,False,False,False,,,,,,,
2026-06-14,00:00,40.7382694,-73.7989415,LONG ISLAND EXPY,11367,109,OTHER,Highway,3.957191349104441,False,QUEENS,"(40.7382694, -73.7989415)",trafficstat,True,False,False,False,False,True,False,False,False,,,,,,,
2026-06-13,00:00,40.7465949,-73.8304149,57 RD,11355,109,UNKNOWN,Street,44.950806002898034,False,QUEENS,"(40.7465949, -73.8304149)",trafficstat,False,False,False,False,False,False,False,False,False,,,,,,,
2026-06-13,00:00,40.755648,-73.8382936,VAN WYCK EXPY,11368,109,UNKNOWN,Highway,3.959340459629396,False,QUEENS,"(40.755648, -73.8382936)",trafficstat,False,False,False,False,False,False,False,False,False,,,,,,,
2026-06-13,00:00,40.766816,-73.8303771,137 ST,11354,109,UNKNOWN,Street,0.8584795148634577,False,QUEENS,"(40.766816, -73.8303771)",trafficstat,False,False,False,False,False,False,False,False,False,,,,,,,
2026-06-13,00:00,40.759773,-73.81729,147 ST,11355,109,UNKNOWN,Street,1.4586554454065255,False,QUEENS,"(40.759773, -73.81729)",trafficstat,False,False,False,False,False,False,False,False,False,,,,,,,
2026-06-13,00:00,40.7801533,-73.8423996,126 ST,11356,109,OTHER,Street,0.29150310116526357,False,QUEENS,"(40.7801533, -73.8423996)",trafficstat,False,False,False,False,False,False,False,False,False,,,,,,,
2026-06-13,00:00,40.7847702,-73.8514564,14 RD,11356,109,UNKNOWN,Street,27.790043053634225,False,QUEENS,"(40.7847702, -73.8514564)",trafficstat,False,False,False,False,False,False,False,False,False,,,,,,,
2026-06-12,00:00,40.7631509,-73.8241777,37 AVE,11354,109,UNKNOWN,Street,99.59730325654037,False,QUEENS,"(40.7631509, -73.8241777)",trafficstat,False,False,False,False,False,False,False,False,False,,,,,,,
2026-06-12,00:00,40.7759768,-73.8277794,WHITESTONE EXPY,11354,109,UNKNOWN,Street,1.409604343803787,False,QUEENS,"(40.7759768, -73.8277794)",trafficstat,False,False,False,False,False,False,False,False,False,,,,,,,
2026-06-12,00:00,40.7639416,-73.8281463,UNION ST,11354,109,UNKNOWN,Street,1.3488782982665286,False,QUEENS,"(40.7639416, -73.8281463)",trafficstat,True,False,False,False,False,False,False,True,False,,,,,,,
2026-06-12,00:00,40.7542035,-73.8358341,SANFORD AVE,11355,109,UNKNOWN,Street,2.989421381597691,False,QUEENS,"(40.7542035, -73.8358341)",trafficstat,False,False,False,False,False,False,False,False,False,,,,,,,
2026-09-13,00:00,40.7459547,-73.8900517,BROADWAY,11373,110,UNKNOWN,Street,47.21712249387496,False,QUEENS,"(40.7459547, -73.8900517)",trafficstat,False,False,False,False,False,False,False,False,False,,,,,,,
2026-09-13,00:00,40.7525409,-73.8526034,114 ST,11368,110,UNKNOWN,Street,0.6230124611441187,False,QUEENS,"(40.7525409, -73.8526034)",trafficstat,True,False,False,False,False,False,False,False,False,,,,,,,
2026-08-18,00:00,40.7525409,-73.8526034,114 ST,11368,110,UNKNOWN,Street,0.6230124611441187,False,QUEENS,"(40.7525409, -73.8526034)",trafficstat,True,False,False,False,False,False,False,False,False,,,,,,,
2026-09-12,00:00,40.7553364,-73.8432451,126 ST,11368,110,UNKNOWN,Street,1.1553019858307594,False,QUEENS,"(40.7553364, -73.8432451)",trafficstat,True,False,False,True,False,False,False,False,False,,,,,,,
2026-09-08,00:00,40.7553364,-73.8432451,126 ST,11368,110,UNKNOWN,Street,1.1553019858307594,False,QUEENS,"(40.7553364, -73.8432451)",trafficstat,True,False,False,False,False,False,False,True,False,,,,,,,
2026-08-20,00:00,40.7553364,-73.8432451,126 ST,11368,110,OTHER,Street,1.1553019858307594,False,QUEENS,"(40.7553364, -73.8432451)",trafficstat,True,False,False,False,False,False,False,False,True,,,,,,,
2026-08-03,00:00,40.7553364,-73.8432451,126 ST,11368,110,UNKNOWN,Street,1.1553019858307594,False,QUEENS,"(40.7553364, -73.8432451)",trafficstat,True,False,False,False,False,False,False,True,False,,,,,,,
2026-06-25,00:00,40.7553364,-73.8432451,126 ST,11368,110,UNKNOWN,Street,1.1553019858307594,False,QUEENS,"(40.7553364, -73.8432451)",trafficstat,True,False,False,False,False,False,False,False,True,,,,,,,
2026-09-12,00:00,40.74275,-73.84471,MERIDIAN RD,11368,110,UNKNOWN,Street,2.5185792244128145,False,QUEENS,"(40.74275, -73.84471)",trafficstat,False,False,False,False,False,False,False,False,False,,,,,,,
2026-09-12,00:00,40.733386,-73.8666509,LONG ISLAND EXPY,11374,110,UNKNOWN,Highway,4.322478114621031,False,QUEENS,"(40.733386, -73.8666509)",trafficstat,True,False,False,False,False,False,False,True,False,,,,,,,
2026-07-19,00:00,40.733386,-73.8666509,LONG ISLAND EXPY,11374,110,UNKNOWN,Highway,4.322478114621031,False,QUEENS,"(40.733386, -73.8666509)",trafficstat,False,False,False,False,False,False,False,False,False,,,,,,,
2026-07-11,00:00,40.733386,-73.8666509,LONG ISLAND EXPY,11374,110,UNKNOWN,Highway,4.322478114621031,False,QUEENS,"(40.733386, -73.8666509)",trafficstat,True,False,False,False,False,False,False,True,False,,,,,,,
2026-06-25,00:00,40.733386,-73.8666509,LONG ISLAND EXPY,11374,110,UNKNOWN,Highway,4.322478114621031,False,QUEENS,"(40.733386, -73.8666509)",trafficstat,True,False,False,False,False,False,False,False,True,,,,,,,
2026-09-12,00:00,40.739708,-73.8454399,LONG ISLAND EXPY,11375,110,UNKNOWN,Highway,2.3137523806186935,False,QUEENS,"(40.739708, -73.8454399)",trafficstat,True,False,False,False,False,False,False,True,False,,,,,,,
2026-07-24,00:00,40.739708,-73.8454399,LONG ISLAND EXPY,11375,110,UNKNOWN,Highway,2.3137523806186935,False,QUEENS,"(40.739708, -73.8454399)",trafficstat,True,False,False,False,False,False,False,True,False,,,,,,,
2026-07-04,00:00,40.739708,-73.8454399,LONG ISLAND EXPY,11375,110,UNKNOWN,Highway,2.3137523806186935,False,QUEENS,"(40.739708, -73.8454399)",trafficstat,False,False,False,False,False,False,False,False,False,,,,,,,
2026-09-10,00:00,40.7382852,-73.887039,QUEENS BLVD,11373,110,OTHER,Street,41.23808965803753,False,QUEENS,"(40.7382852, -73.887039)",trafficstat,False,False,False,False,False,False,False,False,False,,,,,,,
2026-09-10,00:00,40.7364824,-73.8742715,JUSTICE AVE,11373,110,UNKNOWN,Street,2.272573506645031,False,QUEENS,"(40.7364824, -73.8742715)",trafficstat,True,False,False,True,False,False,False,False,False,,,,,,,
2026-09-09,00:00,40.7442039,-73.8454403,ZOO BRG,11368,110,UNKNOWN,Bridge,247.5776663894443,False,QUEENS,"(40.7442039, -73.8454403)",trafficstat,False,False,False,False,False,False,False,False,False,,,,,,,
2026-09-08,00:00,40.7422079,-73.840957,LONG ISLAND EXPY,11367,110,UNKNOWN,Highway,1.559718944168326,False,QUEENS,"(40.7422079, -73.840957)",trafficstat,True,False,False,False,False,False,False,True,False,,,,,,,
2026-09-08,00:00,40.7449335,-73.8370818,VAN WYCK EXPY,11355,110,UNKNOWN,Highway,4.119681830987656,False,QUEENS,"(40.7449335, -73.8370818)",trafficstat,False,False,False,False,False,False,False,False,False,,,,,,,
2026-06-23,00:00,40.7449335,-73.8370818,VAN WYCK EXPY,11355,110,UNKNOWN,Highway,4.119681830987656,False,QUEENS,"(40.7449335, -73.8370818)",trafficstat,True,False,False,False,False,False,False,True,False,,,,,,,
2026-09-08,00:00,40.7337476,-73.8714763,QUEENS BLVD,11373,110,UNKNOWN,Street,10.386371013528844,False,QUEENS,"(40.7337476, -73.8714763)",trafficstat,True,False,False,False,False,True,False,False,False,,,,,,,
2026-09-08,00:00,40.7339831,-73.8706935,QUEENS BLVD,11373,110,OTHER,Street,53.4748498430531,False,QUEENS,"(40.7339831, -73.8706935)",trafficstat,False,False,False,False,False,False,False,False,False,,,,,,,
2026-08-29,00:00,40.7339831,-73.8706935,QUEENS BLVD,11373,110,OTHER,Street,53.4748498430531,False,QUEENS,"(40.7339831, -73.8706935)",trafficstat,True,False,False,False,False,False,False,True,False,,,,,,,
2026-08-19,00:00,40.7339831,-73.8706935,QUEENS BLVD,11373,110,UNKNOWN,Street,53.4748498430531,False,QUEENS,"(40.7339831, -73.8706935)",trafficstat,False,False,False,False,False,False,False,False,False,,,,,,,
2026-09-08,00:00,40.75826,-73.84192,WILLETS POINT BLVD,11368,110,UNKNOWN,Street,0.4435163640584056,False,QUEENS,"(40.75826, -73.84192)",trafficstat,True,False,True,False,False,False,False,False,False,,,,,,,
2026-09-07,00:00,40.748281,-73.8561444,45 AVE,11368,110,UNKNOWN,Street,17.948534439110816,False,QUEENS,"(40.748281, -73.8561444)",trafficstat,False,False,False,False,False,False,False,False,False,,,,,,,
2026-09-07,00:00,40.7426652,-73.8462067,GRAND CENTRAL PKWY,11355,110,UNKNOWN,Highway,5.389894856748498,False,QUEENS,"(40.7426652, -73.8462067)",trafficstat,False,False,False,False,False,False,False,False,False,,,,,,,
2026-09-06,00:00,40.7448056,-73.8843648,BAXTER AVE,11373,110,OTHER,Street,40.282527814462185,False,QUEENS,"(40.7448056, -73.8843648)",trafficstat,False,False,False,False,False,False,False,False,False,,,,,,,
2026-09-06,00:00,40.7385116,-73.8846258,BARNWELL AVE,11373,110,OTHER,Street,18.564589918592002,False,QUEENS,"(40.7385116, -73.8846258)",trafficstat,False,False,False,False,False,False,False,False,False,,,,,,,
2026-09-06,00:00,40.741518,-73.8505131,56 AVE,11368,110,OTHER,Street,3.0583051272305353,False,QUEENS,"(40.741518, -73.8505131)",trafficstat,True,False,False,False,False,False,False,False,False,,,,,,,
2026-07-11,00:00,40.741518,-73.8505131,56 AVE,11368,110,UNKNOWN,Street,3.0583051272305353,False,QUEENS,"(40.741518, -73.8505131)",trafficstat,False,False,False,False,False,False,False,False,False,,,,,,,
2026-09-06,00:00,40.7493456,-73.8501469,GRAND CENTRAL PKWY,11368,110,UNKNOWN,Highway,0.5566808848201987,False,QUEENS,"(40.7493456, -73.8501469)",trafficstat,True,False,False,False,False,False,False,True,False,,,,,,,
2026-09-06,00:00,40.7482114,-73.8496081,GRAND CENTRAL PKWY,11368,110,UNKNOWN,Highway,1.6554776334726788,False,QUEENS,"(40.7482114, -73.8496081)",trafficstat,True,False,False,False,False,False,False,True,False,,,,,,,
2026-09-05,00:00,40.7480496,-73.8787589,BRITTON AVE,11373,110,UNKNOWN,Street,40.63869558415432,False,QUEENS,"(40.7480496, -73.8787589)",trafficstat,False,False,False,False,False,False,False,False,False,,,,,,,
2026-09-05,00:00,40.7493529,-73.8580603,108 ST,11368,110,OTHER,Street,1.2338455846930847,False,QUEENS,"(40.7493529, -73.8580603)",trafficstat,True,False,False,False,False,False,False,True,False,,,,,,,
2026-09-05,00:00,40.7588917,-73.8730985,32 AVE,11369,110,OTHER,Street,54.14723324466603,False,QUEENS,"(40.7588917, -73.8730985)",trafficstat,False,False,False,False,False,False,False,False,False,,,,,,,
2026-08-02,00:00,40.7588917,-73.8730985,32 AVE,11369,110,UNKNOWN,Street,54.14723324466603,False,QUEENS,"(40.7588917, -73.8730985)",trafficstat,False,False,False,False,False,False,False,False,False,,,,,,,
2026-09-05,00:00,40.7404614,-73.8443678,LONG ISLAND EXPY,11367,110,OTHER,Highway,4.6825127135878395,False,QUEENS,"(40.7404614, -73.8443678)",trafficstat,False,False,False,False,False,False,False,False,False,,,,,,,
2026-07-07,00:00,40.7404614,-73.8443678,LONG ISLAND EXPY,11367,110,UNKNOWN,Highway,4.6825127135878395,False,QUEENS,"(40.7404614, -73.8443678)",trafficstat,False,False,False,False,False,False,False,False,False,,,,,,,
2026-09-05,00:00,40.7412428,-73.84573,GRAND CENTRAL PKWY,11355,110,UNKNOWN,Highway,2.5810277742251553,False,QUEENS,"(40.7412428, -73.84573)",trafficstat,False,False,False,False,False,False,False,False,False,,,,,,,
2026-08-27,00:00,40.7412428,-73.84573,GRAND CENTRAL PKWY,11355,110,UNKNOWN,Highway,2.5810277742251553,False,QUEENS,"(40.7412428, -73.84573)",trafficstat,True,False,False,False,False,False,False,True,False,,,,,,,
2026-07-04,00:00,40.7412428,-73.84573,GRAND CENTRAL PKWY,11355,110,UNKNOWN,Highway,2.5810277742251553,False,QUEENS,"(40.7412428, -73.84573)",trafficstat,False,False,False,False,False,False,False,False,False,,,,,,,
2026-09-05,00:00,40.7378047,-73.8506925,LONG ISLAND EXPY,11368,110,OTHER,Highway,3.4535254899590595,False,QUEENS,"(40.7378047, -73.8506925)",trafficstat,False,False,False,False,False,False,False,False,False,,,,,,,
2026-08-23,00:00,40.7378047,-73.8506925,LONG ISLAND EXPY,11368,110,OTHER,Highway,3.4535254899590595,False,QUEENS,"(40.7378047, -73.8506925)",trafficstat,False,False,False,False,False,False,False,False,False,,,,,,,
2026-06-17,00:00,40.7378047,-73.8506925,LONG ISLAND EXPY,11368,110,UNKNOWN,Highway,3.4535254899590595,False,QUEENS,"(40.7378047, -73.8506925)",trafficstat,True,False,False,False,False,False,False,False,True,,,,,,,
2026-09-05,00:00,40.7291391,-73.8836374,57 AVE,11373,110,UNKNOWN,Bridge,89.16163585824951,False,QUEENS,"(40.7291391, -73.8836374)",trafficstat,False,False,False,False,False,False,False,False,False,,,,,,,
2026-09-05,00:00,40.7456981,-73.8864162,41 AVE,11373,110,UNKNOWN,Street,3.5416203716513492,False,QUEENS,"(40.7456981, -73.8864162)",trafficstat,True,False,False,True,False,False,False,False,False,,,,,,,
2026-09-04,00:00,40.7457292,-73.8621208,102 ST,11368,110,UNKNOWN,Street,0.22625475556851415,False,QUEENS,"(40.7457292, -73.8621208)",trafficstat,True,False,False,False,False,False,False,False,True,,,,,,,
2026-07-14,00:00,40.7457292,-73.8621208,102 ST,11368,110,UNKNOWN,Street,0.22625475556851415,False,QUEENS,"(40.7457292, -73.8621208)",trafficstat,True,False,False,True,False,False,False,False,False,,,,,,,
2026-09-04,00:00,40.734874,-73.8821082,HASPEL ST,11373,110,UNKNOWN,Street,2.1307284760721026,False,QUEENS,"(40.734874, -73.8821082)",trafficstat,True,False,False,False,False,False,False,False,False,,,,,,,
2026-06-13,00:00,40.734874,-73.8821082,HASPEL ST,11373,110,UNKNOWN,Street,2.1307284760721026,False,QUEENS,"(40.734874, -73.8821082)",trafficstat,True,False,False,False,False,False,True,False,False,,,,,,,
2026-09-04,00:00,40.7410688,-73.8889937,45 AVE,11373,110,OTHER,Street,54.811939813159704,False,QUEENS,"(40.7410688, -73.8889937)",trafficstat,False,False,False,False,False,False,False,False,False,,,,,,,
2026-09-04,00:00,40.7398827,-73.8689857,94 ST,11373,110,UNKNOWN,Street,0.7318619420582172,False,QUEENS,"(40.7398827, -73.8689857)",trafficstat,True,False,False,False,False,False,False,False,True,,,,,,,
2026-09-04,00:00,40.7548739,-73.8525419,GRAND CENTRAL PKWY,11368,110,OTHER,Highway,0.910933904814179,False,QUEENS,"(40.7548739, -73.8525419)",trafficstat,False,False,False,False,False,False,False,False,False,,,,,,,
2026-09-04,00:00,40.7482152,-73.8784575,BRITTON AVE,11373,110,UNKNOWN,Street,1.798549109184606,False,QUEENS,"(40.7482152, -73.8784575)",trafficstat,False,False,False,False,False,False,False,False,False,,,,,,,
2026-09-03,00:00,40.7471574,-73.8628577,102 ST,11368,110,UNKNOWN,Street,0.4050598222112173,False,QUEENS,"(40.7471574, -73.8628577)",trafficstat,False,False,False,False,False,False,False,False,False,,,,,,,
2026-09-03,00:00,40.7508922,-73.85548,111 ST,11368,110,UNKNOWN,Street,0.9195863820407572,False,QUEENS,"(40.7508922, -73.85548)",trafficstat,True,False,False,False,False,False,False,True,False,,,,,,,
2026-09-03,00:00,40.7593336,-73.8500183,BOAT BASIN PL,11368,110,UNKNOWN,Street,0.436070450731427,False,QUEENS,"(40.7593336, -73.8500183)",trafficstat,False,False,False,False,False,False,False,False,False,,,,,,,
2026-09-03,00:00,40.7599551,-73.8386947,VAN WYCK EXPY,11368,110,UNKNOWN,Ramp,9.729211678039071,False,QUEENS,"(40.7599551, -73.8386947)",trafficstat,True,False,False,False,False,False,False,True,False,,,,,,,
2026-09-03,00:00,40.738211,-73.866481,JUNCTION BLVD,11373,110,UNKNOWN,Street,0.7756465491429265,False,QUEENS,"(40.738211, -73.866481)",trafficstat,False,False,False,False,False,False,False,False,False,,,,,,,
2026-08-23,00:00,40.738211,-73.866481,JUNCTION BLVD,11373,110,UNKNOWN,Street,0.7756465491429265,False,QUEENS,"(40.738211, -73.866481)",trafficstat,False,False,False,False,False,False,False,False,False,,,,,,,
2026-08-14,00:00,40.738211,-73.866481,JUNCTION BLVD,11373,110,UNKNOWN,Street,0.7756465491429265,False,QUEENS,"(40.738211, -73.866481)",trafficstat,True,False,False,False,True,False,False,False,False,,,,,,,
2026-06-26,00:00,40.738211,-73.866481,JUNCTION BLVD,11373,110,UNKNOWN,Street,0.7756465491429265,False,QUEENS,"(40.738211, -73.866481)",trafficstat,False,False,False,False,False,False,False,False,False,,,,,,,
2026-09-03,00:00,40.7386189,-73.8664342,JUNCTION BLVD,11373,110,UNKNOWN,Street,56.032192645163256,False,QUEENS,"(40.7386189, -73.8664342)",trafficstat,True,False,False,False,False,False,False,True,False,,,,,,,
2026-09-02,00:00,40.7335582,-73.8838101,GRAND AVE,11373,110,UNKNOWN,Street,2.036871344473607,False,QUEENS,"(40.7335582, -73.8838101)",trafficstat,True,False,True,False,False,False,False,False,False,,,,,,,
2026-09-02,00:00,40.7344798,-73.8631559,LONG ISLAND EXPY,11368,110,UNKNOWN,Highway,4.634901563757229,False,QUEENS,"(40.7344798, -73.8631559)",trafficstat,True,False,False,False,False,False,False,True,False,,,,,,,
2026-08-14,00:00,40.7344798,-73.8631559,LONG ISLAND EXPY,11368,110,UNKNOWN,Highway,4.634901563757229,False,QUEENS,"(40.7344798, -73.8631559)",trafficstat,False,False,False,False,False,False,False,False,False,,,,,,,
2026-09-02,00:00,40.7424528,-73.8723729,92 ST,11373,110,UNKNOWN,Street,0.5897431564771413,False,QUEENS,"(40.7424528, -73.8723729)",trafficstat,True,False,False,False,False,False,False,False,False,,,,,,,
2026-08-31,00:00,40.7424528,-73.8723729,92 ST,11373,110,UNKNOWN,Street,0.5897431564771413,False,QUEENS,"(40.7424528, -73.8723729)",trafficstat,False,False,False,False,False,False,False,False,False,,,,,,,
2026-09-02,00:00,40.7442199,-73.8508162,111 ST,11368,110,UNKNOWN,Street,257.70367919221536,False,QUEENS,"(40.7442199, -73.8508162)",trafficstat,False,False,False,False,False,False,False,False,False,,,,,,,
2026-09-01,00:00,40.7418172,-73.8462953,GRAND CENTRAL PKWY EXIT 10 EB,11368,110,UNKNOWN,Ramp,6.4541354204998855,False,QUEENS,"(40.7418172, -73.8462953)",trafficstat,False,False,False,False,False,False,False,False,False,,,,,,,
2026-07-27,00:00,40.7418172,-73.8462953,GRAND CENTRAL PKWY EXIT 10 EB,11368,110,UNKNOWN,Ramp,6.4541354204998855,False,QUEENS,"(40.7418172, -73.8462953)",trafficstat,True,False,False,False,False,False,False,True,False,,,,,,,
2026-09-01,00:00,40.761096,-73.8576648,MARINA RD,11368,110,UNKNOWN,Street,37.36437905382219,False,QUEENS,"(40.761096, -73.8576648)",trafficstat,False,False,False,False,False,False,False,False,False,,,,,,,
2026-09-01,00:00,40.7472124,-73.8652504,99 ST,11368,110,UNKNOWN,Street,1.258906128954158,False,QUEENS,"(40.7472124, -73.8652504)",trafficstat,False,False,False,False,False,False,False,False,False,,,,,,,
2026-08-31,00:00,40.7579429,-73.8528405,GRAND CENTRAL PKWY,11368,110,UNKNOWN,Highway,60.13189987969384,False,QUEENS,"(40.7579429, -73.8528405)",trafficstat,False,False,False,False,False,False,False,False,False,,,,,,,
2026-08-05,00:00,40.7579429,-73.8528405,GRAND CENTRAL PKWY,11368,110,UNKNOWN,Highway,60.13189987969384,False,QUEENS,"(40.7579429, -73.8528405)",trafficstat,True,False,False,False,False,False,False,True,False,,,,,,,
2026-07-24,00:00,40.7579429,-73.8528405,GRAND CENTRAL PKWY,11368,110,UNKNOWN,Highway,60.13189987969384,False,QUEENS,"(40.7579429, -73.8528405)",trafficstat,True,False,False,False,False,False,False,True,False,,,,,,,
2026-08-31,00:00,40.7429225,-73.869422,ALSTYNE AVE,11373,110,OTHER,Street,45.17326078123402,False,QUEENS,"(40.7429225, -73.869422)",trafficstat,False,False,False,False,False,False,False,False,False,,,,,,,
2026-08-31,00:00,40.7393884,-73.8711987,92 ST,11373,110,UNKNOWN,Street,0.1693365813164083,False,QUEENS,"(40.7393884, -73.8711987)",trafficstat,False,False,False,False,False,False,False,False,False,,,,,,,
2026-08-30,00:00,40.7377068,-73.8823017,51 AVE,11373,110,OTHER,Street,3.3750571033337784,False,QUEENS,"(40.7377068, -73.8823017)",trafficstat,False,False,False,False,False,False,False,False,False,,,,,,,
2026-08-20,00:00,40.7377068,-73.8823017,51 AVE,11373,110,UNKNOWN,Street,3.3750571033337784,False,QUEENS,"(40.7377068, -73.8823017)",trafficstat,True,False,True,False,False,False,False,False,False,,,,,,,
2026-08-30,00:00,40.7463766,-73.8910492,BROADWAY,11373,110,OTHER,Street,43.62988474494352,False,QUEENS,"(40.7463766, -73.8910492)",trafficstat,False,False,False,False,False,False,False,False,False,,,,,,,
2026-08-30,00:00,40.746362,-73.8360411,MERIDIAN RD,11368,110,UNKNOWN,Street,1.6406510894868127,False,QUEENS,"(40.746362, -73.8360411)",trafficstat,False,False,False,False,False,False,False,False,False,,,,,,,
2026-08-20,00:00,40.746362,-73.8360411,MERIDIAN RD,11368,110,UNKNOWN,Street,1.6406510894868127,False,QUEENS,"(40.746362, -73.8360411)",trafficstat,False,False,False,False,False,False,False,False,False,,,,,,,
2026-07-12,00:00,40.746362,-73.8360411,MERIDIAN RD,11368,110,OTHER,Street,1.6406510894868127,False,QUEENS,"(40.746362, -73.8360411)",trafficstat,False,False,False,False,False,False,False,False,False,,,,,,,
2026-06-12,00:00,40.746362,-73.8360411,MERIDIAN RD,11368,110,UNKNOWN,Street,1.6406510894868127,False,QUEENS,"(40.746362, -73.8360411)",trafficstat,False,False,False,False,False,False,False,False,False,,,,,,,
2026-08-30,00:00,40.74623,-73.890366,75 ST,11373,110,OTHER,Street,0.9790523047497979,False,QUEENS,"(40.74623, -73.890366)",trafficstat,True,False,False,False,False,False,False,False,True,,,,,,,
2026-08-30,00:00,40.7608058,-73.8572923,MARINA RD,11368,110,OTHER,Street,2.1155297085069282,False,QUEENS,"(40.7608058, -73.8572923)",trafficstat,False,False,False,False,False,False,False,False,False,,,,,,,
2026-07-11,00:00,40.7608058,-73.8572923,MARINA RD,11368,110,UNKNOWN,Street,2.1155297085069282,False,QUEENS,"(40.7608058, -73.8572923)",trafficstat,False,False,False,False,False,False,False,False,False,,,,,,,
2026-08-29,00:00,40.7479449,-73.8784987,BRITTON AVE,11373,110,OTHER,Street,40.88014489443224,False,QUEENS,"(40.7479449, -73.8784987)",trafficstat,False,False,False,False,False,False,False,False,False,,,,,,,