crash_date,crash_time,latitude,longitude,on_street_name,zip_code,precinct,collision_type,roadway_type,geocode_dist_feet,time_is_known,borough,location,source,injury,fatality,injured_pedestrian,injured_cyclist,injured_ebike_rider,injured_motorcyclist,injured_moped_rider,injured_car_occupant,injured_suv_occupant,number_of_persons_injured,number_of_persons_killed,contributing_factor_vehicle_1,collision_id,cross_street_name,off_street_name,vehicle_type_code1
2026-08-29,00:00,40.7347372,-73.8722577,90 ST,11373,110,UNKNOWN,Street,0.62255988832204,False,QUEENS,"(40.7347372, -73.8722577)",trafficstat,False,False,False,False,False,False,False,False,False,,,,,,,
2026-08-29,00:00,40.7365415,-73.8572732,HORACE HARDING EXPY,11368,110,UNKNOWN,Street,39.88083430480127,False,QUEENS,"(40.7365415, -73.8572732)",trafficstat,False,False,False,False,False,False,False,False,False,,,,,,,
2026-07-31,00:00,40.7365415,-73.8572732,HORACE HARDING EXPY,11368,110,OTHER,Street,39.88083430480127,False,QUEENS,"(40.7365415, -73.8572732)",trafficstat,False,False,False,False,False,False,False,False,False,,,,,,,
2026-08-27,00:00,40.7450831,-73.8701581,43 AVE,11373,110,OTHER,Street,31.31382011503935,False,QUEENS,"(40.7450831, -73.8701581)",trafficstat,False,False,False,False,False,False,False,False,False,,,,,,,
2026-08-17,00:00,40.7450831,-73.8701581,43 AVE,11373,110,UNKNOWN,Street,31.31382011503935,False,QUEENS,"(40.7450831, -73.8701581)",trafficstat,False,False,False,False,False,False,False,False,False,,,,,,,
2026-07-29,00:00,40.7450831,-73.8701581,43 AVE,11373,110,OTHER,Street,31.31382011503935,False,QUEENS,"(40.7450831, -73.8701581)",trafficstat,False,False,False,False,False,False,False,False,False,,,,,,,
2026-07-11,00:00,40.7450831,-73.8701581,43 AVE,11373,110,UNKNOWN,Street,31.31382011503935,False,QUEENS,"(40.7450831, -73.8701581)",trafficstat,False,False,False,False,False,False,False,False,False,,,,,,,
2026-07-02,00:00,40.7450831,-73.8701581,43 AVE,11373,110,UNKNOWN,Street,31.31382011503935,False,QUEENS,"(40.7450831, -73.8701581)",trafficstat,False,False,False,False,False,False,False,False,False,,,,,,,
2026-08-27,00:00,40.7614097,-73.8446134,WHITESTONE EXPY,11368,110,UNKNOWN,Street,3.197842725745774,False,QUEENS,"(40.7614097, -73.8446134)",trafficstat,False,False,False,False,False,False,False,False,False,,,,,,,
2026-08-27,00:00,40.7619025,-73.8436918,WHITESTONE EXPY,11368,110,UNKNOWN,Street,2.170394166338149,False,QUEENS,"(40.7619025, -73.8436918)",trafficstat,False,False,False,False,False,False,False,False,False,,,,,,,
2026-08-27,00:00,40.7576561,-73.8446607,SEAVER WAY,11368,110,OTHER,Street,66.75660546260558,False,QUEENS,"(40.7576561, -73.8446607)",trafficstat,True,False,True,False,False,False,False,False,False,,,,,,,
2026-08-21,00:00,40.7576561,-73.8446607,SEAVER WAY,11368,110,UNKNOWN,Street,66.75660546260558,False,QUEENS,"(40.7576561, -73.8446607)",trafficstat,True,False,False,False,False,False,False,False,False,,,,,,,
2026-07-29,00:00,40.7576561,-73.8446607,SEAVER WAY,11368,110,UNKNOWN,Street,66.75660546260558,False,QUEENS,"(40.7576561, -73.8446607)",trafficstat,False,False,False,False,False,False,False,False,False,,,,,,,
2026-07-29,00:00,40.7576561,-73.8446607,SEAVER WAY,11368,110,OTHER,Street,66.75660546260558,False,QUEENS,"(40.7576561, -73.8446607)",trafficstat,False,False,False,False,False,False,False,False,False,,,,,,,
2026-08-27,00:00,40.7613908,-73.8388428,VAN WYCK EXPY,11368,110,UNKNOWN,Ramp,10.390447991257714,False,QUEENS,"(40.7613908, -73.8388428)",trafficstat,True,False,False,False,False,False,False,True,False,,,,,,,
2026-07-17,00:00,40.7613908,-73.8388428,VAN WYCK EXPY,11368,110,UNKNOWN,Ramp,10.390447991257714,False,QUEENS,"(40.7613908, -73.8388428)",trafficstat,True,False,False,False,False,False,False,True,False,,,,,,,
2026-08-26,00:00,40.7488428,-73.8629517,103 ST,11368,110,OTHER,Street,0.945703499024457,False,QUEENS,"(40.7488428, -73.8629517)",trafficstat,True,False,False,False,False,False,True,False,False,,,,,,,
2026-08-26,00:00,40.7473873,-73.8350872,VAN WYCK EXPY,11355,110,UNKNOWN,Highway,3.9929051198415455,False,QUEENS,"(40.7473873, -73.8350872)",trafficstat,True,False,False,False,False,False,False,True,False,,,,,,,
2026-08-26,00:00,40.7473159,-73.8693428,WARREN ST,11373,110,OTHER,Street,1.3550009246490042,False,QUEENS,"(40.7473159, -73.8693428)",trafficstat,True,False,False,True,False,False,False,False,False,,,,,,,
2026-08-26,00:00,40.74498,-73.8932454,41 AVE,11377,110,UNKNOWN,Bridge,3.1762521449685974,False,QUEENS,"(40.74498, -73.8932454)",trafficstat,False,False,False,False,False,False,False,False,False,,,,,,,
2026-08-26,00:00,40.742096,-73.8674729,JUNCTION BLVD,11373,110,UNKNOWN,Street,0.4607408178996056,False,QUEENS,"(40.742096, -73.8674729)",trafficstat,True,False,False,False,False,False,False,True,False,,,,,,,
2026-08-12,00:00,40.742096,-73.8674729,JUNCTION BLVD,11373,110,UNKNOWN,Street,0.4607408178996056,False,QUEENS,"(40.742096, -73.8674729)",trafficstat,True,False,False,True,False,False,False,False,False,,,,,,,
2026-08-25,00:00,40.7407,-73.8441723,LONG ISLAND EXPY,11367,110,UNKNOWN,Highway,1.072104691111667,False,QUEENS,"(40.7407, -73.8441723)",trafficstat,True,False,False,False,False,False,False,False,True,,,,,,,
2026-07-14,00:00,40.7407,-73.8441723,LONG ISLAND EXPY,11367,110,UNKNOWN,Highway,1.072104691111667,False,QUEENS,"(40.7407, -73.8441723)",trafficstat,False,False,False,False,False,False,False,False,False,,,,,,,
2026-08-24,00:00,40.7417446,-73.856233,53 AVE,11368,110,UNKNOWN,Street,39.66462734640976,False,QUEENS,"(40.7417446, -73.856233)",trafficstat,False,False,False,False,False,False,False,False,False,,,,,,,
2026-08-24,00:00,40.7341354,-73.8691738,92 ST,11373,110,UNKNOWN,Street,0.24889070542727532,False,QUEENS,"(40.7341354, -73.8691738)",trafficstat,False,False,False,False,False,False,False,False,False,,,,,,,
2026-08-24,00:00,40.7600699,-73.8546429,MARINA RD,11368,110,UNKNOWN,Street,18.308086542962076,False,QUEENS,"(40.7600699, -73.8546429)",trafficstat,True,False,False,False,False,True,True,False,False,,,,,,,
2026-08-23,00:00,40.7381446,-73.8862232,QUEENS BLVD,11373,110,UNKNOWN,Street,36.31877507609058,False,QUEENS,"(40.7381446, -73.8862232)",trafficstat,True,False,True,False,False,False,False,False,False,,,,,,,
2026-08-23,00:00,40.7385992,-73.8774322,BROADWAY,11373,110,UNKNOWN,Street,1.057666457135695,False,QUEENS,"(40.7385992, -73.8774322)",trafficstat,True,False,True,False,False,False,False,False,False,,,,,,,
2026-08-23,00:00,40.7420236,-73.8783857,88 ST,11373,110,UNKNOWN,Street,31.17375850315598,False,QUEENS,"(40.7420236, -73.8783857)",trafficstat,False,False,False,False,False,False,False,False,False,,,,,,,
2026-08-22,00:00,40.7529618,-73.8511949,ROOSEVELT AVE,11368,110,UNKNOWN,Bridge,3.1496291080501417,False,QUEENS,"(40.7529618, -73.8511949)",trafficstat,False,False,False,False,False,False,False,False,False,,,,,,,
2026-08-08,00:00,40.7529618,-73.8511949,ROOSEVELT AVE,11368,110,UNKNOWN,Bridge,3.1496291080501417,False,QUEENS,"(40.7529618, -73.8511949)",trafficstat,False,False,False,False,False,False,False,False,False,,,,,,,
2026-06-30,00:00,40.7529618,-73.8511949,ROOSEVELT AVE,11368,110,OTHER,Bridge,3.1496291080501417,False,QUEENS,"(40.7529618, -73.8511949)",trafficstat,True,False,False,False,False,False,False,False,False,,,,,,,
2026-08-22,00:00,40.7354974,-73.8697015,92 ST,11373,110,UNKNOWN,Street,0.4570843873662849,False,QUEENS,"(40.7354974, -73.8697015)",trafficstat,True,False,False,True,False,False,False,False,False,,,,,,,
2026-07-24,00:00,40.7354974,-73.8697015,92 ST,11373,110,UNKNOWN,Street,0.4570843873662849,False,QUEENS,"(40.7354974, -73.8697015)",trafficstat,False,False,False,False,False,False,False,False,False,,,,,,,
2026-08-22,00:00,40.7322634,-73.8862713,ALLEY,11373,110,UNKNOWN,Alley,34.11039657783313,False,QUEENS,"(40.7322634, -73.8862713)",trafficstat,False,False,False,False,False,False,False,False,False,,,,,,,
2026-08-22,00:00,40.7501084,-73.8493291,MERIDIAN RD,11368,110,UNKNOWN,Street,21.681541469419688,False,QUEENS,"(40.7501084, -73.8493291)",trafficstat,False,False,False,False,False,False,False,False,False,,,,,,,
2026-08-22,00:00,40.7554204,-73.8384097,VAN WYCK EXPY,11368,110,UNKNOWN,Highway,0.5879691655092847,False,QUEENS,"(40.7554204, -73.8384097)",trafficstat,False,False,False,False,False,False,False,False,False,,,,,,,
2026-08-21,00:00,40.7638957,-73.8400136,WHITESTONE EXPRESSWAY SB EN VWE,11368,110,UNKNOWN,Ramp,3.1508821104247833,False,QUEENS,"(40.7638957, -73.8400136)",trafficstat,True,False,False,False,False,False,False,False,True,,,,,,,
2026-07-09,00:00,40.7638957,-73.8400136,WHITESTONE EXPRESSWAY SB EN VWE,11368,110,UNKNOWN,Ramp,3.1508821104247833,False,QUEENS,"(40.7638957, -73.8400136)",trafficstat,False,False,False,False,False,False,False,False,False,,,,,,,
2026-07-02,00:00,40.7638957,-73.8400136,WHITESTONE EXPRESSWAY SB EN VWE,11368,110,UNKNOWN,Ramp,3.1508821104247833,False,QUEENS,"(40.7638957, -73.8400136)",trafficstat,False,False,False,False,False,False,False,False,False,,,,,,,
2026-08-20,00:00,40.7434155,-73.8598845,103 ST,11368,110,OTHER,Street,1.9227625150867516,False,QUEENS,"(40.7434155, -73.8598845)",trafficstat,True,False,True,False,False,False,False,False,False,,,,,,,
2026-08-20,00:00,40.7439731,-73.8850947,BROADWAY,11373,110,OTHER,Street,2.684247013206142,False,QUEENS,"(40.7439731, -73.8850947)",trafficstat,True,False,False,False,True,False,False,False,False,,,,,,,
2026-07-29,00:00,40.7439731,-73.8850947,BROADWAY,11373,110,OTHER,Street,2.684247013206142,False,QUEENS,"(40.7439731, -73.8850947)",trafficstat,True,False,True,False,False,False,False,False,False,,,,,,,
2026-07-03,00:00,40.7439731,-73.8850947,BROADWAY,11373,110,UNKNOWN,Street,2.684247013206142,False,QUEENS,"(40.7439731, -73.8850947)",trafficstat,True,False,False,False,False,False,False,False,True,,,,,,,
2026-08-19,00:00,40.7413504,-73.8840607,45 AVE,11373,110,UNKNOWN,Street,50.8533224010033,False,QUEENS,"(40.7413504, -73.8840607)",trafficstat,False,False,False,False,False,False,False,False,False,,,,,,,
2026-08-19,00:00,40.7297145,-73.8800788,57 AVE,11373,110,UNKNOWN,Street,2.4635352282204503,False,QUEENS,"(40.7297145, -73.8800788)",trafficstat,True,False,True,False,False,False,False,False,False,,,,,,,
2026-08-19,00:00,40.7365435,-73.8561007,LONG ISLAND EXPY,11368,110,UNKNOWN,Highway,8.345768450473779,False,QUEENS,"(40.7365435, -73.8561007)",trafficstat,True,False,False,False,False,False,False,False,True,,,,,,,
2026-06-28,00:00,40.7365435,-73.8561007,LONG ISLAND EXPY,11368,110,UNKNOWN,Highway,8.345768450473779,False,QUEENS,"(40.7365435, -73.8561007)",trafficstat,False,False,False,False,False,False,False,False,False,,,,,,,
2026-08-19,00:00,40.7515761,-73.8558358,111 ST,11368,110,UNKNOWN,Street,1.1548131801730457,False,QUEENS,"(40.7515761, -73.8558358)",trafficstat,True,False,False,True,False,False,False,False,False,,,,,,,
2026-08-19,00:00,40.7470374,-73.877797,ELBERTSON ST,11373,110,UNKNOWN,Street,37.79360906371709,False,QUEENS,"(40.7470374, -73.877797)",trafficstat,False,False,False,False,False,False,False,False,False,,,,,,,
2026-08-19,00:00,40.7625391,-73.8396003,WHITESTONE EXPRESSWAY SB EN VWE,11368,110,UNKNOWN,Ramp,1.225857661570996,False,QUEENS,"(40.7625391, -73.8396003)",trafficstat,True,False,False,False,False,False,False,False,True,,,,,,,
2026-08-10,00:00,40.7625391,-73.8396003,WHITESTONE EXPRESSWAY SB EN VWE,11368,110,UNKNOWN,Ramp,1.225857661570996,False,QUEENS,"(40.7625391, -73.8396003)",trafficstat,False,False,False,False,False,False,False,False,False,,,,,,,
2026-08-18,00:00,40.747819,-73.8606368,104 ST,11368,110,UNKNOWN,Street,0.37892070976173514,False,QUEENS,"(40.747819, -73.8606368)",trafficstat,False,False,False,False,False,False,False,False,False,,,,,,,
2026-08-18,00:00,40.755106,-73.844222,ROOSEVELT AVE,11368,110,OTHER,Street,17.921178923856704,False,QUEENS,"(40.755106, -73.844222)",trafficstat,True,False,False,False,False,False,False,False,True,,,,,,,
2026-06-22,00:00,40.755106,-73.844222,ROOSEVELT AVE,11368,110,OTHER,Street,17.921178923856704,False,QUEENS,"(40.755106, -73.844222)",trafficstat,False,False,False,False,False,False,False,False,False,,,,,,,
2026-08-18,00:00,40.7445858,-73.8861731,BROADWAY,11373,110,UNKNOWN,Street,43.83989473223063,False,QUEENS,"(40.7445858, -73.8861731)",trafficstat,False,False,False,False,False,False,False,False,False,,,,,,,
2026-08-17,00:00,40.7445858,-73.8861731,BROADWAY,11373,110,UNKNOWN,Street,43.83989473223063,False,QUEENS,"(40.7445858, -73.8861731)",trafficstat,False,False,False,False,False,False,False,False,False,,,,,,,
2026-07-21,00:00,40.7445858,-73.8861731,BROADWAY,11373,110,UNKNOWN,Street,43.83989473223063,False,QUEENS,"(40.7445858, -73.8861731)",trafficstat,False,False,False,False,False,False,False,False,False,,,,,,,
2026-08-17,00:00,40.7470461,-73.85226,111 ST,11368,110,UNKNOWN,Street,260.90746765371347,False,QUEENS,"(40.7470461, -73.85226)",trafficstat,True,False,True,False,False,False,False,False,False,,,,,,,
2026-07-18,00:00,40.7470461,-73.85226,111 ST,11368,110,UNKNOWN,Street,260.90746765371347,False,QUEENS,"(40.7470461, -73.85226)",trafficstat,False,False,False,False,False,False,False,False,False,,,,,,,
2026-08-17,00:00,40.7447289,-73.8708523,ALLEY,11373,110,UNKNOWN,Alley,37.515896627304755,False,QUEENS,"(40.7447289, -73.8708523)",trafficstat,False,False,False,False,False,False,False,False,False,,,,,,,
2026-08-17,00:00,40.7367523,-73.8776701,GRAND AVE,11373,110,UNKNOWN,Street,1.9916182200665309,False,QUEENS,"(40.7367523, -73.8776701)",trafficstat,True,False,False,False,False,False,False,False,True,,,,,,,
2026-08-16,00:00,40.7367523,-73.8776701,GRAND AVE,11373,110,UNKNOWN,Street,1.9916182200665309,False,QUEENS,"(40.7367523, -73.8776701)",trafficstat,False,False,False,False,False,False,False,False,False,,,,,,,
2026-08-11,00:00,40.7367523,-73.8776701,GRAND AVE,11373,110,UNKNOWN,Street,1.9916182200665309,False,QUEENS,"(40.7367523, -73.8776701)",trafficstat,True,False,False,False,False,False,False,True,False,,,,,,,
2026-08-17,00:00,40.7390795,-73.8475177,LONG ISLAND EXPY,11368,110,UNKNOWN,Highway,3.536009616215023,False,QUEENS,"(40.7390795, -73.8475177)",trafficstat,True,False,False,False,False,False,False,False,True,,,,,,,
2026-08-17,00:00,40.7403195,-73.8791739,BROADWAY,11373,110,UNKNOWN,Street,46.54469097650399,False,QUEENS,"(40.7403195, -73.8791739)",trafficstat,True,False,False,False,False,False,False,True,False,,,,,,,
2026-08-17,00:00,40.7488219,-73.8690532,JUNCTION BLVD,11368,110,UNKNOWN,Street,42.909579542304414,False,QUEENS,"(40.7488219, -73.8690532)",trafficstat,True,False,False,True,False,False,False,False,False,,,,,,,
2026-08-17,00:00,40.7522473,-73.8527537,114 ST,11368,110,OTHER,Street,77.07874318373838,False,QUEENS,"(40.7522473, -73.8527537)",trafficstat,False,False,False,False,False,False,False,False,False,,,,,,,
2026-08-17,00:00,40.7621763,-73.841673,NORTHERN BLVD,11368,110,OTHER,Street,126.18638593283103,False,QUEENS,"(40.7621763, -73.841673)",trafficstat,False,False,False,False,False,False,False,False,False,,,,,,,
2026-08-16,00:00,40.7410719,-73.879734,BROADWAY,11373,110,UNKNOWN,Street,46.62592853081528,False,QUEENS,"(40.7410719, -73.879734)",trafficstat,False,False,False,False,False,False,False,False,False,,,,,,,
2026-08-15,00:00,40.7291769,-73.8397794,GRAND CENTRAL PKWY,11375,110,UNKNOWN,Highway,4.157872296955872,False,QUEENS,"(40.7291769, -73.8397794)",trafficstat,True,False,False,False,False,True,False,False,False,,,,,,,
2026-08-15,00:00,40.7474973,-73.8536071,47 AVE,11368,110,UNKNOWN,Street,2.530588922665381,False,QUEENS,"(40.7474973, -73.8536071)",trafficstat,True,False,True,False,False,False,False,False,False,,,,,,,
2026-06-30,00:00,40.7474973,-73.8536071,47 AVE,11368,110,UNKNOWN,Street,2.530588922665381,False,QUEENS,"(40.7474973, -73.8536071)",trafficstat,True,False,False,False,False,False,True,False,False,,,,,,,
2026-08-14,00:00,40.7465505,-73.8649016,43 AVE,11368,110,UNKNOWN,Street,2.984559996336585,False,QUEENS,"(40.7465505, -73.8649016)",trafficstat,False,False,False,False,False,False,False,False,False,,,,,,,
2026-08-14,00:00,40.7469095,-73.864051,43 AVE,11368,110,UNKNOWN,Street,33.189756177151885,False,QUEENS,"(40.7469095, -73.864051)",trafficstat,True,False,False,False,True,False,False,False,False,,,,,,,
2026-08-14,00:00,40.7423174,-73.867911,CORONA AVE,11373,110,UNKNOWN,Street,60.78559268721804,False,QUEENS,"(40.7423174, -73.867911)",trafficstat,True,False,False,False,False,False,False,True,False,,,,,,,
2026-08-14,00:00,40.757882,-73.8420985,WILLETS POINT BLVD,11368,110,UNKNOWN,Street,3.526685868584759,False,QUEENS,"(40.757882, -73.8420985)",trafficstat,False,False,False,False,False,False,False,False,False,,,,,,,
2026-08-14,00:00,40.7519504,-73.8540291,ROOSEVELT AVE,11368,110,OTHER,Street,59.93911092467344,False,QUEENS,"(40.7519504, -73.8540291)",trafficstat,True,False,False,False,False,False,False,True,False,,,,,,,
2026-08-13,00:00,40.7532734,-73.8501619,STADIUM PL S,11368,110,UNKNOWN,Street,1.4212377076329394,False,QUEENS,"(40.7532734, -73.8501619)",trafficstat,True,False,False,False,True,False,False,False,False,,,,,,,
2026-08-13,00:00,40.75185,-73.852264,114 ST,11368,110,UNKNOWN,Street,0.7055310021445579,False,QUEENS,"(40.75185, -73.852264)",trafficstat,False,False,False,False,False,False,False,False,False,,,,,,,
2026-08-13,00:00,40.7460994,-73.8664147,97 PL,11368,110,UNKNOWN,Street,1.0461297312080755,False,QUEENS,"(40.7460994, -73.8664147)",trafficstat,False,False,False,False,False,False,False,False,False,,,,,,,
2026-08-13,00:00,40.7403008,-73.8562952,WALDRON ST,11368,110,OTHER,Street,33.8362100949582,False,QUEENS,"(40.7403008, -73.8562952)",trafficstat,False,False,False,False,False,False,False,False,False,,,,,,,
2026-08-13,00:00,40.739136,-73.8574402,GRANGER ST,11368,110,UNKNOWN,Street,49.539285088425224,False,QUEENS,"(40.739136, -73.8574402)",trafficstat,False,False,False,False,False,False,False,False,False,,,,,,,
2026-08-12,00:00,40.7376411,-73.8762598,52 AVE,11373,110,UNKNOWN,Street,45.235718985263915,False,QUEENS,"(40.7376411, -73.8762598)",trafficstat,False,False,False,False,False,False,False,False,False,,,,,,,
2026-08-12,00:00,40.7379971,-73.8509721,HORACE HARDING EXPY,11368,110,UNKNOWN,Street,2.55082141361234,False,QUEENS,"(40.7379971, -73.8509721)",trafficstat,False,False,False,False,False,False,False,False,False,,,,,,,
2026-08-12,00:00,40.7454051,-73.8611059,47 AVE,11368,110,UNKNOWN,Street,45.455571383559366,False,QUEENS,"(40.7454051, -73.8611059)",trafficstat,False,False,False,False,False,False,False,False,False,,,,,,,
2026-08-12,00:00,40.7457674,-73.8642067,NATIONAL ST,11368,110,OTHER,Street,1.669219953795784,False,QUEENS,"(40.7457674, -73.8642067)",trafficstat,False,False,False,False,False,False,False,False,False,,,,,,,
2026-08-11,00:00,40.7461817,-73.8529243,49 AVE,11368,110,UNKNOWN,Street,2.920070718826853,False,QUEENS,"(40.7461817, -73.8529243)",trafficstat,True,False,False,False,False,True,False,False,False,,,,,,,
2026-06-21,00:00,40.7461817,-73.8529243,49 AVE,11368,110,UNKNOWN,Street,2.920070718826853,False,QUEENS,"(40.7461817, -73.8529243)",trafficstat,False,False,False,False,False,False,False,False,False,,,,,,,
2026-08-11,00:00,40.7437239,-73.8752025,HAMPTON ST,11373,110,OTHER,Street,43.09789188859911,False,QUEENS,"(40.7437239, -73.8752025)",trafficstat,True,False,False,False,False,False,True,False,False,,,,,,,
2026-08-11,00:00,40.7381382,-73.8581999,CALLOWAY ST,11368,110,UNKNOWN,Street,38.68696448062777,False,QUEENS,"(40.7381382, -73.8581999)",trafficstat,False,False,False,False,False,False,False,False,False,,,,,,,
2026-08-11,00:00,40.7318157,-73.8712891,LONG ISLAND EXPY,11373,110,UNKNOWN,Bridge,27.439264821852152,False,QUEENS,"(40.7318157, -73.8712891)",trafficstat,False,False,False,False,False,False,False,False,False,,,,,,,
2026-08-10,00:00,40.7377029,-73.8664707,JUNCTION BLVD,11373,110,UNKNOWN,Street,52.1438545129103,False,QUEENS,"(40.7377029, -73.8664707)",trafficstat,True,False,False,True,False,False,False,False,False,,,,,,,
2026-08-10,00:00,40.7447177,-73.8678502,JUNCTION BLVD,11368,110,OTHER,Street,0.019639442447251028,False,QUEENS,"(40.7447177, -73.8678502)",trafficstat,True,False,False,True,False,False,False,False,False,,,,,,,
2026-08-10,00:00,40.7498691,-73.8627258,NATIONAL ST,11368,110,OTHER,Street,1.1108514262497169,False,QUEENS,"(40.7498691, -73.8627258)",trafficstat,False,False,False,False,False,False,False,False,False,,,,,,,
2026-07-01,00:00,40.7498691,-73.8627258,NATIONAL ST,11368,110,UNKNOWN,Street,1.1108514262497169,False,QUEENS,"(40.7498691, -73.8627258)",trafficstat,False,False,False,False,False,False,False,False,False,,,,,,,
2026-08-10,00:00,40.7488018,-73.8630817,NATIONAL ST,11368,110,UNKNOWN,Street,1.1814921308642716,False,QUEENS,"(40.7488018, -73.8630817)",trafficstat,True,False,False,False,False,False,True,False,False,,,,,,,
2026-08-10,00:00,40.759335,-73.85002,BOAT BASIN PL,11368,110,UNKNOWN,Street,0.10571189084849891,False,QUEENS,"(40.759335, -73.85002)",trafficstat,False,False,False,False,False,False,False,False,False,,,,,,,
2026-08-10,00:00,40.7605853,-73.8459112,SEAVER WAY,11368,110,UNKNOWN,Street,0.52478735989444,False,QUEENS,"(40.7605853, -73.8459112)",trafficstat,False,False,False,False,False,False,False,False,False,,,,,,,
2026-07-27,00:00,40.7605853,-73.8459112,SEAVER WAY,11368,110,UNKNOWN,Street,0.52478735989444,False,QUEENS,"(40.7605853, -73.8459112)",trafficstat,False,False,False,False,False,False,False,False,False,,,,,,,
2026-08-09,00:00,40.7417356,-73.8818651,83 ST,11373,110,UNKNOWN,Street,0.9821990062971743,False,QUEENS,"(40.7417356, -73.8818651)",trafficstat,False,False,False,False,False,False,False,False,False,,,,,,,
2026-08-09,00:00,40.7367302,-73.8562396,HORACE HARDING EXPY,11368,110,UNKNOWN,Street,3.1998232444090218,False,QUEENS,"(40.7367302, -73.8562396)",trafficstat,False,False,False,False,False,False,False,False,False,,,,,,,
2026-08-08,00:00,40.74837,-73.8769234,CASE ST,11373,110,UNKNOWN,Street,1.9244577408167118,False,QUEENS,"(40.74837, -73.8769234)",trafficstat,True,False,False,True,False,False,False,False,False,,,,,,,
2026-08-08,00:00,40.7478143,-73.8816659,ROOSEVELT AVE,11372,110,UNKNOWN,Street,23.920045050166067,False,QUEENS,"(40.7478143, -73.8816659)",trafficstat,True,False,False,False,False,False,False,True,False,,,,,,,
2026-08-08,00:00,40.7477276,-73.8635264,42 AVE,11368,110,UNKNOWN,Street,17.941470722816952,False,QUEENS,"(40.7477276, -73.8635264)",trafficstat,True,False,False,True,False,False,False,False,False,,,,,,,
2026-08-07,00:00,40.757073,-73.8386259,VAN WYCK EXPY,11368,110,OTHER,Highway,1.7365762196335743,False,QUEENS,"(40.757073, -73.8386259)",trafficstat,False,False,False,False,False,False,False,False,False,,,,,,,
2026-07-21,00:00,40.757073,-73.8386259,VAN WYCK EXPY,11368,110,UNKNOWN,Highway,1.7365762196335743,False,QUEENS,"(40.757073, -73.8386259)",trafficstat,True,False,False,False,False,False,False,False,True,,,,,,,
2026-08-07,00:00,40.74218,-73.8508689,55 AVE,11368,110,OTHER,Street,3.0941013505326564,False,QUEENS,"(40.74218, -73.8508689)",trafficstat,True,False,False,True,False,False,False,False,False,,,,,,,
2026-07-18,00:00,40.74218,-73.8508689,55 AVE,11368,110,OTHER,Street,3.0941013505326564,False,QUEENS,"(40.74218, -73.8508689)",trafficstat,False,False,False,False,False,False,False,False,False,,,,,,,
2026-08-07,00:00,40.7457971,-73.8838429,BAXTER AVE,11373,110,UNKNOWN,Street,1.5395795671885104,False,QUEENS,"(40.7457971, -73.8838429)",trafficstat,True,False,False,False,False,False,False,True,False,,,,,,,
2026-07-27,00:00,40.7457971,-73.8838429,BAXTER AVE,11373,110,UNKNOWN,Street,1.5395795671885104,False,QUEENS,"(40.7457971, -73.8838429)",trafficstat,False,False,False,False,False,False,False,False,False,,,,,,,
2026-08-07,00:00,40.7343762,-73.8734167,57 AVE,11373,110,OTHER,Street,3.01416070001115,False,QUEENS,"(40.7343762, -73.8734167)",trafficstat,True,False,True,False,False,False,False,False,False,,,,,,,
2026-08-06,00:00,40.7343762,-73.8734167,57 AVE,11373,110,UNKNOWN,Street,3.01416070001115,False,QUEENS,"(40.7343762, -73.8734167)",trafficstat,True,False,False,False,False,False,False,False,False,,,,,,,
2026-07-05,00:00,40.7343762,-73.8734167,57 AVE,11373,110,OTHER,Street,3.01416070001115,False,QUEENS,"(40.7343762, -73.8734167)",trafficstat,True,False,True,False,False,False,False,False,False,,,,,,,
2026-07-01,00:00,40.7343762,-73.8734167,57 AVE,11373,110,OTHER,Street,3.01416070001115,False,QUEENS,"(40.7343762, -73.8734167)",trafficstat,False,False,False,False,False,False,False,False,False,,,,,,,
2026-08-07,00:00,40.7419942,-73.8678127,CORONA AVE,11373,110,UNKNOWN,Street,52.25251470674634,False,QUEENS,"(40.7419942, -73.8678127)",trafficstat,False,False,False,False,False,False,False,False,False,,,,,,,
2026-08-06,00:00,40.7388039,-73.8738341,90 ST,11373,110,UNKNOWN,Street,0.07724750687509213,False,QUEENS,"(40.7388039, -73.8738341)",trafficstat,False,False,False,False,False,False,False,False,False,,,,,,,
2026-08-06,00:00,40.737967,-73.8510551,HORACE HARDING EXPY,11368,110,UNKNOWN,Street,3.204290482778786,False,QUEENS,"(40.737967, -73.8510551)",trafficstat,False,False,False,False,False,False,False,False,False,,,,,,,
2026-08-06,00:00,40.7358955,-73.8596081,HORACE HARDING EXPY,11368,110,UNKNOWN,Street,51.15856606791438,False,QUEENS,"(40.7358955, -73.8596081)",trafficstat,False,False,False,False,False,False,False,False,False,,,,,,,
2026-08-06,00:00,40.7296712,-73.8804348,57 AVE,11373,110,UNKNOWN,Street,57.90042307875072,False,QUEENS,"(40.7296712, -73.8804348)",trafficstat,False,False,False,False,False,False,False,False,False,,,,,,,
2026-08-06,00:00,40.7446612,-73.8583505,49 AVE,11368,110,UNKNOWN,Street,34.84968875747203,False,QUEENS,"(40.7446612, -73.8583505)",trafficstat,False,False,False,False,False,False,False,False,False,,,,,,,
2026-08-06,00:00,40.7461027,-73.8717704,94 ST,11373,110,UNKNOWN,Street,0.1106501484915222,False,QUEENS,"(40.7461027, -73.8717704)",trafficstat,False,False,False,False,False,False,False,False,False,,,,,,,