crash_date,crash_time,latitude,longitude,on_street_name,zip_code,precinct,collision_type,roadway_type,geocode_dist_feet,time_is_known,borough,location,source,injury,fatality,injured_pedestrian,injured_cyclist,injured_ebike_rider,injured_motorcyclist,injured_moped_rider,injured_car_occupant,injured_suv_occupant,number_of_persons_injured,number_of_persons_killed,contributing_factor_vehicle_1,collision_id,cross_street_name,off_street_name,vehicle_type_code1
2026-08-06,00:00,40.7641173,-73.8421584,HARPER ST,11368,110,UNKNOWN,Street,20.15627889418098,False,QUEENS,"(40.7641173, -73.8421584)",trafficstat,True,False,False,True,False,False,False,False,False,,,,,,,
2026-08-05,00:00,40.7518488,-73.8522621,114 ST,11368,110,UNKNOWN,Street,0.3774309523498401,False,QUEENS,"(40.7518488, -73.8522621)",trafficstat,False,False,False,False,False,False,False,False,False,,,,,,,
2026-08-05,00:00,40.7469393,-73.8486546,GRAND CENTRAL PKWY,11355,110,UNKNOWN,Highway,4.251816839720484,False,QUEENS,"(40.7469393, -73.8486546)",trafficstat,True,False,False,False,False,False,False,True,False,,,,,,,
2026-08-03,00:00,40.7282397,-73.8331214,VAN WYCK EXPY,11367,110,UNKNOWN,Highway,0.9925512686924187,False,QUEENS,"(40.7282397, -73.8331214)",trafficstat,False,False,False,False,False,False,False,False,False,,,,,,,
2026-08-03,00:00,40.7285248,-73.8842677,LONG ISLAND EXPY,11373,110,OTHER,Highway,2.469035270931997,False,QUEENS,"(40.7285248, -73.8842677)",trafficstat,True,False,False,False,False,False,False,False,True,,,,,,,
2026-08-03,00:00,40.7363191,-73.8811698,SIMONSON ST,11373,110,UNKNOWN,Street,35.785487272153176,False,QUEENS,"(40.7363191, -73.8811698)",trafficstat,False,False,False,False,False,False,False,False,False,,,,,,,
2026-08-03,00:00,40.7393957,-73.8779179,BROADWAY,11373,110,UNKNOWN,Street,0.7355369316048995,False,QUEENS,"(40.7393957, -73.8779179)",trafficstat,True,False,True,False,False,False,False,False,False,,,,,,,
2026-07-09,00:00,40.7393957,-73.8779179,BROADWAY,11373,110,UNKNOWN,Street,0.7355369316048995,False,QUEENS,"(40.7393957, -73.8779179)",trafficstat,False,False,False,False,False,False,False,False,False,,,,,,,
2026-08-03,00:00,40.7500116,-73.8606416,ROOSEVELT AVE,11368,110,OTHER,Street,54.768292238789115,False,QUEENS,"(40.7500116, -73.8606416)",trafficstat,True,False,False,False,False,False,False,True,False,,,,,,,
2026-08-01,00:00,40.7382636,-73.8831682,QUEENS BLVD,11373,110,UNKNOWN,Street,64.63323661938604,False,QUEENS,"(40.7382636, -73.8831682)",trafficstat,False,False,False,False,False,False,False,False,False,,,,,,,
2026-08-01,00:00,40.7411353,-73.8882599,76 ST,11373,110,UNKNOWN,Street,46.693488954462445,False,QUEENS,"(40.7411353, -73.8882599)",trafficstat,False,False,False,False,False,False,False,False,False,,,,,,,
2026-08-01,00:00,40.7334972,-73.8703694,QUEENS BLVD,11373,110,UNKNOWN,Street,18.909476770212184,False,QUEENS,"(40.7334972, -73.8703694)",trafficstat,False,False,False,False,False,False,False,False,False,,,,,,,
2026-07-27,00:00,40.7334972,-73.8703694,QUEENS BLVD,11373,110,UNKNOWN,Street,18.909476770212184,False,QUEENS,"(40.7334972, -73.8703694)",trafficstat,True,False,True,False,False,False,False,False,False,,,,,,,
2026-07-15,00:00,40.7334972,-73.8703694,QUEENS BLVD,11373,110,UNKNOWN,Street,18.909476770212184,False,QUEENS,"(40.7334972, -73.8703694)",trafficstat,False,False,False,False,False,False,False,False,False,,,,,,,
2026-06-30,00:00,40.7334972,-73.8703694,QUEENS BLVD,11373,110,UNKNOWN,Street,18.909476770212184,False,QUEENS,"(40.7334972, -73.8703694)",trafficstat,False,False,False,False,False,False,False,False,False,,,,,,,
2026-06-25,00:00,40.7334972,-73.8703694,QUEENS BLVD,11373,110,OTHER,Street,18.909476770212184,False,QUEENS,"(40.7334972, -73.8703694)",trafficstat,False,False,False,False,False,False,False,False,False,,,,,,,
2026-06-23,00:00,40.7334972,-73.8703694,QUEENS BLVD,11373,110,UNKNOWN,Street,18.909476770212184,False,QUEENS,"(40.7334972, -73.8703694)",trafficstat,False,False,False,False,False,False,False,False,False,,,,,,,
2026-08-01,00:00,40.7383736,-73.860072,99 ST,11368,110,OTHER,Street,0.7940667781019837,False,QUEENS,"(40.7383736, -73.860072)",trafficstat,True,True,True,False,False,False,False,False,False,,,,,,,
2026-08-01,00:00,40.735586,-73.8808607,GRAND AVE,11373,110,OTHER,Street,23.83400740469654,False,QUEENS,"(40.735586, -73.8808607)",trafficstat,True,False,False,True,False,False,False,False,False,,,,,,,
2026-08-01,00:00,40.7417561,-73.8744282,CORONA AVE,11373,110,OTHER,Street,46.349803339667254,False,QUEENS,"(40.7417561, -73.8744282)",trafficstat,True,False,False,True,False,False,False,False,False,,,,,,,
2026-07-31,00:00,40.743301,-73.8674921,JUNCTION BLVD,11368,110,UNKNOWN,Street,0.09891269397554583,False,QUEENS,"(40.743301, -73.8674921)",trafficstat,True,False,False,False,False,False,True,False,False,,,,,,,
2026-07-31,00:00,40.7442824,-73.8617774,102 ST,11368,110,UNKNOWN,Street,0.6017345282822499,False,QUEENS,"(40.7442824, -73.8617774)",trafficstat,False,False,False,False,False,False,False,False,False,,,,,,,
2026-06-30,00:00,40.7442824,-73.8617774,102 ST,11368,110,UNKNOWN,Street,0.6017345282822499,False,QUEENS,"(40.7442824, -73.8617774)",trafficstat,True,False,False,False,False,False,False,False,False,,,,,,,
2026-07-31,00:00,40.7353042,-73.873228,56 AVE,11373,110,UNKNOWN,Street,57.848639315319446,False,QUEENS,"(40.7353042, -73.873228)",trafficstat,True,False,True,False,False,False,False,False,False,,,,,,,
2026-06-24,00:00,40.7353042,-73.873228,56 AVE,11373,110,UNKNOWN,Street,57.848639315319446,False,QUEENS,"(40.7353042, -73.873228)",trafficstat,True,False,False,False,False,False,True,False,False,,,,,,,
2026-07-31,00:00,40.7288421,-73.8805148,LONG ISLAND EXPY,11373,110,UNKNOWN,Highway,15.931880991061272,False,QUEENS,"(40.7288421, -73.8805148)",trafficstat,False,False,False,False,False,False,False,False,False,,,,,,,
2026-07-31,00:00,40.7415194,-73.8812858,45 AVE,11373,110,OTHER,Street,106.0532026794853,False,QUEENS,"(40.7415194, -73.8812858)",trafficstat,False,False,False,False,False,False,False,False,False,,,,,,,
2026-06-30,00:00,40.7415194,-73.8812858,45 AVE,11373,110,UNKNOWN,Street,106.0532026794853,False,QUEENS,"(40.7415194, -73.8812858)",trafficstat,True,False,True,False,False,False,False,False,False,,,,,,,
2026-07-30,00:00,40.7386476,-73.8717309,53 AVE,11373,110,UNKNOWN,Street,39.41419230592592,False,QUEENS,"(40.7386476, -73.8717309)",trafficstat,False,False,False,False,False,False,False,False,False,,,,,,,
2026-07-30,00:00,40.7363877,-73.8577866,HORACE HARDING EXPY,11368,110,UNKNOWN,Street,39.78078827119384,False,QUEENS,"(40.7363877, -73.8577866)",trafficstat,False,False,False,False,False,False,False,False,False,,,,,,,
2026-07-30,00:00,40.7481594,-73.8540531,111 ST,11368,110,UNKNOWN,Street,0.6563026032495479,False,QUEENS,"(40.7481594, -73.8540531)",trafficstat,True,False,False,False,False,True,False,False,False,,,,,,,
2026-07-29,00:00,40.7439406,-73.8724241,43 AVE,11373,110,UNKNOWN,Street,2.648708652395449,False,QUEENS,"(40.7439406, -73.8724241)",trafficstat,True,False,False,True,False,False,False,False,False,,,,,,,
2026-07-29,00:00,40.7439202,-73.855677,51 AVE,11368,110,UNKNOWN,Street,38.195616931837414,False,QUEENS,"(40.7439202, -73.855677)",trafficstat,True,False,False,True,False,False,False,False,False,,,,,,,
2026-07-29,00:00,40.729583,-73.8338252,VAN WYCK EXPY,11367,110,UNKNOWN,Highway,2.25449375922706,False,QUEENS,"(40.729583, -73.8338252)",trafficstat,True,False,False,False,False,False,False,False,True,,,,,,,
2026-07-06,00:00,40.729583,-73.8338252,VAN WYCK EXPY,11367,110,OTHER,Highway,2.25449375922706,False,QUEENS,"(40.729583, -73.8338252)",trafficstat,False,False,False,False,False,False,False,False,False,,,,,,,
2026-07-29,00:00,40.7581208,-73.852472,GRAND CENTRAL PKWY,11368,110,UNKNOWN,Street,0.7107939176711559,False,QUEENS,"(40.7581208, -73.852472)",trafficstat,True,False,False,False,False,False,False,False,True,,,,,,,
2026-07-28,00:00,40.7484379,-73.876252,ELMHURST AVE,11373,110,OTHER,Street,1.5825556395816682,False,QUEENS,"(40.7484379, -73.876252)",trafficstat,False,False,False,False,False,False,False,False,False,,,,,,,
2026-07-28,00:00,40.7294305,-73.8787999,LONG ISLAND EXPY,11373,110,UNKNOWN,Highway,7.077433333367382,False,QUEENS,"(40.7294305, -73.8787999)",trafficstat,True,False,False,False,False,False,False,False,True,,,,,,,
2026-07-28,00:00,40.7458912,-73.8845609,41 AVE,11373,110,OTHER,Street,2.6626441502660723,False,QUEENS,"(40.7458912, -73.8845609)",trafficstat,True,False,True,False,False,False,False,False,False,,,,,,,
2026-07-28,00:00,40.7453391,-73.8694777,95 ST,11373,110,OTHER,Street,36.81436277761865,False,QUEENS,"(40.7453391, -73.8694777)",trafficstat,False,False,False,False,False,False,False,False,False,,,,,,,
2026-07-27,00:00,40.7424531,-73.8682283,CORONA AVE,11373,110,UNKNOWN,Street,97.99366039404838,False,QUEENS,"(40.7424531, -73.8682283)",trafficstat,False,False,False,False,False,False,False,False,False,,,,,,,
2026-07-27,00:00,40.7430797,-73.8660635,CORONA AVE,11368,110,UNKNOWN,Street,2.363334052157287,False,QUEENS,"(40.7430797, -73.8660635)",trafficstat,True,False,True,False,False,False,False,False,False,,,,,,,
2026-07-27,00:00,40.739113,-73.88974,QUEENS BLVD,11377,110,OTHER,Street,13.141991006756369,False,QUEENS,"(40.739113, -73.88974)",trafficstat,False,False,False,False,False,False,False,False,False,,,,,,,
2026-07-27,00:00,40.7400267,-73.8456426,GRAND CENTRAL PKWY,11368,110,UNKNOWN,Highway,3.237421635206017,False,QUEENS,"(40.7400267, -73.8456426)",trafficstat,True,False,False,False,False,False,False,True,False,,,,,,,
2026-06-26,00:00,40.7400267,-73.8456426,GRAND CENTRAL PKWY,11368,110,UNKNOWN,Highway,3.237421635206017,False,QUEENS,"(40.7400267, -73.8456426)",trafficstat,False,False,False,False,False,False,False,False,False,,,,,,,
2026-07-27,00:00,40.7411051,-73.8538124,108 ST,11368,110,UNKNOWN,Street,0.4707440817083287,False,QUEENS,"(40.7411051, -73.8538124)",trafficstat,False,False,False,False,False,False,False,False,False,,,,,,,
2026-07-27,00:00,40.7499667,-73.8617511,104 ST,11368,110,UNKNOWN,Street,1.0029405374867972,False,QUEENS,"(40.7499667, -73.8617511)",trafficstat,True,False,False,True,False,False,False,False,False,,,,,,,
2026-07-26,00:00,40.7451995,-73.87157,94 ST,11373,110,OTHER,Street,0.44682818417320136,False,QUEENS,"(40.7451995, -73.87157)",trafficstat,False,False,False,False,False,False,False,False,False,,,,,,,
2026-07-25,00:00,40.7467407,-73.8703876,95 ST,11373,110,UNKNOWN,Street,35.63048122988753,False,QUEENS,"(40.7467407, -73.8703876)",trafficstat,True,False,False,False,False,False,False,False,False,,,,,,,
2026-07-25,00:00,40.743003,-73.8646139,98 ST,11368,110,UNKNOWN,Street,40.55974587160195,False,QUEENS,"(40.743003, -73.8646139)",trafficstat,False,False,False,False,False,False,False,False,False,,,,,,,
2026-07-25,00:00,40.7426843,-73.8546209,108 ST,11368,110,UNKNOWN,Street,0.5680961555594913,False,QUEENS,"(40.7426843, -73.8546209)",trafficstat,True,False,False,False,False,False,False,False,False,,,,,,,
2026-07-25,00:00,40.7354334,-73.8446501,GRAND CENTRAL PKWY,11367,110,OTHER,Highway,1.285300092752275,False,QUEENS,"(40.7354334, -73.8446501)",trafficstat,True,False,False,False,False,False,False,True,False,,,,,,,
2026-07-24,00:00,40.7432361,-73.8520792,53 AVE,11368,110,UNKNOWN,Street,42.888264643062705,False,QUEENS,"(40.7432361, -73.8520792)",trafficstat,False,False,False,False,False,False,False,False,False,,,,,,,
2026-07-24,00:00,40.7432559,-73.8615168,102 ST,11368,110,UNKNOWN,Street,47.86303861357811,False,QUEENS,"(40.7432559, -73.8615168)",trafficstat,False,False,False,False,False,False,False,False,False,,,,,,,
2026-07-24,00:00,40.7494646,-73.8665559,99 ST,11368,110,UNKNOWN,Street,0.6523339883667286,False,QUEENS,"(40.7494646, -73.8665559)",trafficstat,True,False,False,True,False,False,False,False,False,,,,,,,
2026-07-24,00:00,40.7534162,-73.8523467,GRAND CENTRAL PKWY,11368,110,UNKNOWN,Highway,0.1806822598450202,False,QUEENS,"(40.7534162, -73.8523467)",trafficstat,False,False,False,False,False,False,False,False,False,,,,,,,
2026-06-29,00:00,40.7534162,-73.8523467,GRAND CENTRAL PKWY,11368,110,UNKNOWN,Highway,0.1806822598450202,False,QUEENS,"(40.7534162, -73.8523467)",trafficstat,True,False,False,False,False,False,False,True,False,,,,,,,
2026-07-23,00:00,40.7612756,-73.8399861,WILLETS POINT BLVD,11368,110,UNKNOWN,Street,117.11550679749998,False,QUEENS,"(40.7612756, -73.8399861)",trafficstat,False,False,False,False,False,False,False,False,False,,,,,,,
2026-07-23,00:00,40.7433325,-73.8549515,108 ST,11368,110,UNKNOWN,Street,1.1923201016669975,False,QUEENS,"(40.7433325, -73.8549515)",trafficstat,True,False,False,False,False,True,False,False,False,,,,,,,
2026-07-18,00:00,40.7433325,-73.8549515,108 ST,11368,110,OTHER,Street,1.1923201016669975,False,QUEENS,"(40.7433325, -73.8549515)",trafficstat,True,False,False,False,False,False,False,True,False,,,,,,,
2026-07-23,00:00,40.7418418,-73.8810025,BROADWAY,11373,110,UNKNOWN,Street,1.3338978121079783,False,QUEENS,"(40.7418418, -73.8810025)",trafficstat,False,False,False,False,False,False,False,False,False,,,,,,,
2026-07-03,00:00,40.7418418,-73.8810025,BROADWAY,11373,110,UNKNOWN,Street,1.3338978121079783,False,QUEENS,"(40.7418418, -73.8810025)",trafficstat,True,False,False,False,False,False,True,False,False,,,,,,,
2026-07-22,00:00,40.7471331,-73.8886766,77 ST,11373,110,UNKNOWN,Street,0.14592484230914257,False,QUEENS,"(40.7471331, -73.8886766)",trafficstat,False,False,False,False,False,False,False,False,False,,,,,,,
2026-07-20,00:00,40.7471331,-73.8886766,77 ST,11373,110,UNKNOWN,Street,0.14592484230914257,False,QUEENS,"(40.7471331, -73.8886766)",trafficstat,False,False,False,False,False,False,False,False,False,,,,,,,
2026-07-22,00:00,40.7383844,-73.8793487,POYER ST,11373,110,UNKNOWN,Street,0.98661957402144,False,QUEENS,"(40.7383844, -73.8793487)",trafficstat,False,False,False,False,False,False,False,False,False,,,,,,,
2026-07-22,00:00,40.7400488,-73.8478027,HORACE HARDING EXPY,11368,110,UNKNOWN,Street,1.431561946516869,False,QUEENS,"(40.7400488, -73.8478027)",trafficstat,False,False,False,False,False,False,False,False,False,,,,,,,
2026-07-21,00:00,40.7563283,-73.8522897,GRAND CENTRAL PKWY,11368,110,UNKNOWN,Highway,7.5195506989505825,False,QUEENS,"(40.7563283, -73.8522897)",trafficstat,True,False,False,False,False,False,False,True,False,,,,,,,
2026-07-21,00:00,40.7592808,-73.8410939,WILLETS POINT BLVD,11368,110,UNKNOWN,Street,90.18422058290137,False,QUEENS,"(40.7592808, -73.8410939)",trafficstat,False,False,False,False,False,False,False,False,False,,,,,,,
2026-07-21,00:00,40.7570209,-73.8386715,ROOSEVELT AVE  BRIDGE,11354,110,UNKNOWN,Bridge,2.781316059235431,False,QUEENS,"(40.7570209, -73.8386715)",trafficstat,False,False,False,False,False,False,False,False,False,,,,,,,
2026-07-20,00:00,40.7483205,-73.868719,40 RD,11368,110,OTHER,Street,40.63166064621147,False,QUEENS,"(40.7483205, -73.868719)",trafficstat,False,False,False,False,False,False,False,False,False,,,,,,,
2026-07-20,00:00,40.7422428,-73.8831946,82 ST,11373,110,UNKNOWN,Street,38.194993441370876,False,QUEENS,"(40.7422428, -73.8831946)",trafficstat,False,False,False,False,False,False,False,False,False,,,,,,,
2026-07-20,00:00,40.7452031,-73.8911086,74 ST,11373,110,UNKNOWN,Street,0.39361252627979576,False,QUEENS,"(40.7452031, -73.8911086)",trafficstat,False,False,False,False,False,False,False,False,False,,,,,,,
2026-07-20,00:00,40.7415869,-73.8528694,CORONA AVE,11368,110,UNKNOWN,Street,2.6651429035005405,False,QUEENS,"(40.7415869, -73.8528694)",trafficstat,True,False,False,True,False,False,False,False,False,,,,,,,
2026-07-20,00:00,40.7436759,-73.8870981,78 ST,11373,110,UNKNOWN,Street,0.013636792272414934,False,QUEENS,"(40.7436759, -73.8870981)",trafficstat,False,False,False,False,False,False,False,False,False,,,,,,,
2026-07-20,00:00,40.7424951,-73.873358,91 PL,11373,110,UNKNOWN,Street,0.41878842354769025,False,QUEENS,"(40.7424951, -73.873358)",trafficstat,False,False,False,False,False,False,False,False,False,,,,,,,
2026-07-14,00:00,40.7424951,-73.873358,91 PL,11373,110,UNKNOWN,Street,0.41878842354769025,False,QUEENS,"(40.7424951, -73.873358)",trafficstat,True,False,True,False,False,False,False,False,False,,,,,,,
2026-07-19,00:00,40.7463582,-73.8624443,102 ST,11368,110,UNKNOWN,Street,0.5117689244871648,False,QUEENS,"(40.7463582, -73.8624443)",trafficstat,True,False,False,False,False,False,False,False,True,,,,,,,
2026-07-19,00:00,40.7484468,-73.8683168,40 RD,11368,110,OTHER,Street,42.96370838747687,False,QUEENS,"(40.7484468, -73.8683168)",trafficstat,False,False,False,False,False,False,False,False,False,,,,,,,
2026-07-19,00:00,40.751876,-73.8493305,OLMSTED DR,11368,110,UNKNOWN,Street,92.29382202319562,False,QUEENS,"(40.751876, -73.8493305)",trafficstat,True,False,False,False,False,False,False,True,False,,,,,,,
2026-07-17,00:00,40.7452782,-73.8538062,50 AVE,11368,110,UNKNOWN,Street,44.36067081042658,False,QUEENS,"(40.7452782, -73.8538062)",trafficstat,True,False,False,False,False,False,False,True,False,,,,,,,
2026-07-17,00:00,40.7455006,-73.8618051,102 ST,11368,110,UNKNOWN,Street,50.75410130122471,False,QUEENS,"(40.7455006, -73.8618051)",trafficstat,False,False,False,False,False,False,False,False,False,,,,,,,
2026-07-16,00:00,40.7462317,-73.8903671,75 ST,11373,110,OTHER,Street,0.6508333925401637,False,QUEENS,"(40.7462317, -73.8903671)",trafficstat,True,False,True,False,False,False,False,False,False,,,,,,,
2026-07-16,00:00,40.7408647,-73.8637279,98 ST,11368,110,UNKNOWN,Street,35.64298859838097,False,QUEENS,"(40.7408647, -73.8637279)",trafficstat,False,False,False,False,False,False,False,False,False,,,,,,,
2026-07-15,00:00,40.7399381,-73.8727042,51 AVE,11373,110,UNKNOWN,Street,45.49402626360967,False,QUEENS,"(40.7399381, -73.8727042)",trafficstat,True,False,False,True,False,False,False,False,False,,,,,,,
2026-07-15,00:00,40.742844,-73.85121,54 AVE,11368,110,UNKNOWN,Street,2.862435147428251,False,QUEENS,"(40.742844, -73.85121)",trafficstat,True,False,True,False,False,False,False,False,False,,,,,,,
2026-07-14,00:00,40.7454621,-73.875828,WHITNEY AVE,11373,110,UNKNOWN,Street,1.3878438395284673,False,QUEENS,"(40.7454621, -73.875828)",trafficstat,True,False,False,True,False,False,False,False,False,,,,,,,
2026-07-14,00:00,40.7376434,-73.8820312,QUEENS BLVD,11373,110,UNKNOWN,Street,20.778599461468445,False,QUEENS,"(40.7376434, -73.8820312)",trafficstat,False,False,False,False,False,False,False,False,False,,,,,,,
2026-07-14,00:00,40.7507925,-73.8580309,ROOSEVELT AVE,11368,110,UNKNOWN,Street,50.38572094304441,False,QUEENS,"(40.7507925, -73.8580309)",trafficstat,True,False,False,False,False,False,False,False,False,,,,,,,
2026-07-13,00:00,40.7500054,-73.8528188,43 AVE,11368,110,UNKNOWN,Street,50.97183339192168,False,QUEENS,"(40.7500054, -73.8528188)",trafficstat,False,False,False,False,False,False,False,False,False,,,,,,,
2026-07-13,00:00,40.7472446,-73.8876478,ROOSEVELT AVE,11372,110,UNKNOWN,Street,3.0617348708268377,False,QUEENS,"(40.7472446, -73.8876478)",trafficstat,True,False,False,False,False,False,False,False,False,,,,,,,
2026-07-13,00:00,40.7455595,-73.8579772,48 AVE,11368,110,OTHER,Street,41.170989194546635,False,QUEENS,"(40.7455595, -73.8579772)",trafficstat,True,False,False,False,False,False,True,False,False,,,,,,,
2026-07-13,00:00,40.7413085,-73.8635966,98 ST,11368,110,UNKNOWN,Street,46.76551290487154,False,QUEENS,"(40.7413085, -73.8635966)",trafficstat,False,False,False,False,False,False,False,False,False,,,,,,,
2026-07-12,00:00,40.7410278,-73.8769586,88 ST,11373,110,UNKNOWN,Street,1.9349812756144447,False,QUEENS,"(40.7410278, -73.8769586)",trafficstat,False,False,False,False,False,False,False,False,False,,,,,,,
2026-07-12,00:00,40.746871,-73.8552478,47 AVE,11368,110,UNKNOWN,Street,50.090862471281106,False,QUEENS,"(40.746871, -73.8552478)",trafficstat,False,False,False,False,False,False,False,False,False,,,,,,,
2026-07-12,00:00,40.7381513,-73.8623363,98 ST,11368,110,UNKNOWN,Street,40.16722205126329,False,QUEENS,"(40.7381513, -73.8623363)",trafficstat,False,False,False,False,False,False,False,False,False,,,,,,,
2026-07-12,00:00,40.7405567,-73.8573033,LARUE AVE,11368,110,UNKNOWN,Street,28.431507756775183,False,QUEENS,"(40.7405567, -73.8573033)",trafficstat,False,False,False,False,False,False,False,False,False,,,,,,,
2026-07-12,00:00,40.7472612,-73.8744424,WHITNEY AVE,11373,110,UNKNOWN,Street,1.855851189329136,False,QUEENS,"(40.7472612, -73.8744424)",trafficstat,False,False,False,False,False,False,False,False,False,,,,,,,
2026-07-11,00:00,40.7476307,-73.8839371,82 ST,11373,110,UNKNOWN,Street,0.39533027272093485,False,QUEENS,"(40.7476307, -73.8839371)",trafficstat,False,False,False,False,False,False,False,False,False,,,,,,,
2026-07-11,00:00,40.7414884,-73.8739156,91 ST,11373,110,UNKNOWN,Street,0.9565774030883963,False,QUEENS,"(40.7414884, -73.8739156)",trafficstat,False,False,False,False,False,False,False,False,False,,,,,,,
2026-07-11,00:00,40.7303642,-73.8409204,GRAND CENTRAL PKWY,11375,110,UNKNOWN,Highway,6.181286062052604,False,QUEENS,"(40.7303642, -73.8409204)",trafficstat,False,False,False,False,False,False,False,False,False,,,,,,,
2026-07-10,00:00,40.7403674,-73.8490455,CORONA AVE,11368,110,UNKNOWN,Street,12.11041725443501,False,QUEENS,"(40.7403674, -73.8490455)",trafficstat,True,False,False,False,False,False,False,False,True,,,,,,,
2026-07-10,00:00,40.7611521,-73.8389012,WHITESTONE EXPRESSWAY SB EN VWE,11368,110,UNKNOWN,Ramp,0.5035926309756461,False,QUEENS,"(40.7611521, -73.8389012)",trafficstat,True,False,False,False,False,False,False,True,False,,,,,,,
2026-07-04,00:00,40.7611521,-73.8389012,WHITESTONE EXPRESSWAY SB EN VWE,11368,110,UNKNOWN,Ramp,0.5035926309756461,False,QUEENS,"(40.7611521, -73.8389012)",trafficstat,False,False,False,False,False,False,False,False,False,,,,,,,
2026-07-09,00:00,40.7353663,-73.8841308,MANILLA ST,11373,110,OTHER,Street,47.02790819463795,False,QUEENS,"(40.7353663, -73.8841308)",trafficstat,False,False,False,False,False,False,False,False,False,,,,,,,
2026-07-09,00:00,40.7446517,-73.8830148,PETTIT AVE,11373,110,OTHER,Street,1.9922904939811537,False,QUEENS,"(40.7446517, -73.8830148)",trafficstat,False,False,False,False,False,False,False,False,False,,,,,,,
2026-07-09,00:00,40.7456017,-73.8680866,JUNCTION BLVD,11368,110,UNKNOWN,Street,0.4028610263341702,False,QUEENS,"(40.7456017, -73.8680866)",trafficstat,True,False,False,False,False,False,False,True,False,,,,,,,
2026-07-08,00:00,40.7446516,-73.8640929,98 PL,11368,110,OTHER,Street,27.937000608116293,False,QUEENS,"(40.7446516, -73.8640929)",trafficstat,False,False,False,False,False,False,False,False,False,,,,,,,
2026-07-07,00:00,40.7418758,-73.853043,CORONA AVE,11368,110,UNKNOWN,Street,64.91820239454167,False,QUEENS,"(40.7418758, -73.853043)",trafficstat,False,False,False,False,False,False,False,False,False,,,,,,,
2026-07-06,00:00,40.7435548,-73.8616129,102 ST,11368,110,OTHER,Street,1.6898476346934683,False,QUEENS,"(40.7435548, -73.8616129)",trafficstat,False,False,False,False,False,False,False,False,False,,,,,,,
2026-07-06,00:00,40.7442786,-73.8655991,CORONA AVE,11368,110,UNKNOWN,Street,2.463325445323824,False,QUEENS,"(40.7442786, -73.8655991)",trafficstat,False,False,False,False,False,False,False,False,False,,,,,,,
2026-07-06,00:00,40.7462323,-73.8900435,BROADWAY,11373,110,UNKNOWN,Street,41.94734759997035,False,QUEENS,"(40.7462323, -73.8900435)",trafficstat,False,False,False,False,False,False,False,False,False,,,,,,,
2026-07-06,00:00,40.7377152,-73.869133,55 AVE,11373,110,UNKNOWN,Street,30.448836444707553,False,QUEENS,"(40.7377152, -73.869133)",trafficstat,False,False,False,False,False,False,False,False,False,,,,,,,
2026-07-06,00:00,40.7339629,-73.8720066,QUEENS BLVD,11373,110,UNKNOWN,Street,16.302217227351807,False,QUEENS,"(40.7339629, -73.8720066)",trafficstat,False,False,False,False,False,False,False,False,False,,,,,,,
2026-07-06,00:00,40.7352036,-73.873449,56 AVE,11373,110,UNKNOWN,Street,57.66449156927855,False,QUEENS,"(40.7352036, -73.873449)",trafficstat,True,False,False,False,False,False,False,False,False,,,,,,,
2026-07-06,00:00,40.7494689,-73.8531009,44 AVE,11368,110,UNKNOWN,Street,32.04218506012343,False,QUEENS,"(40.7494689, -73.8531009)",trafficstat,False,False,False,False,False,False,False,False,False,,,,,,,
2026-07-05,00:00,40.7478808,-73.8573019,108 ST,11368,110,UNKNOWN,Street,0.8351166487573874,False,QUEENS,"(40.7478808, -73.8573019)",trafficstat,True,False,True,False,False,False,False,False,False,,,,,,,
2026-07-05,00:00,40.7347532,-73.8634683,HORACE HARDING EXPY,11368,110,UNKNOWN,Street,43.449143968081465,False,QUEENS,"(40.7347532, -73.8634683)",trafficstat,False,False,False,False,False,False,False,False,False,,,,,,,
2026-07-05,00:00,40.7459812,-73.8540574,49 AVE,11368,110,OTHER,Street,45.272102438476644,False,QUEENS,"(40.7459812, -73.8540574)",trafficstat,True,False,True,False,False,False,False,False,False,,,,,,,
2026-07-05,00:00,40.7458526,-73.8597708,104 ST,11368,110,UNKNOWN,Street,38.06424647267828,False,QUEENS,"(40.7458526, -73.8597708)",trafficstat,True,False,False,True,False,False,False,False,False,,,,,,,
2026-07-04,00:00,40.7416258,-73.8791769,WHITNEY AVE,11373,110,UNKNOWN,Street,2.4436957041340706,False,QUEENS,"(40.7416258, -73.8791769)",trafficstat,True,False,False,False,False,False,False,False,False,,,,,,,
2026-07-04,00:00,40.7469044,-73.8719457,94 ST,11373,110,UNKNOWN,Street,0.5401584181253585,False,QUEENS,"(40.7469044, -73.8719457)",trafficstat,True,False,True,False,False,False,False,False,False,,,,,,,
2026-07-04,00:00,40.7328308,-73.8683948,LONG ISLAND EXPY,11374,110,UNKNOWN,Highway,0.28713837024500116,False,QUEENS,"(40.7328308, -73.8683948)",trafficstat,True,False,False,False,False,False,False,True,False,,,,,,,