crash_date,crash_time,latitude,longitude,on_street_name,zip_code,precinct,collision_type,roadway_type,geocode_dist_feet,time_is_known,borough,location,source,injury,fatality,injured_pedestrian,injured_cyclist,injured_ebike_rider,injured_motorcyclist,injured_moped_rider,injured_car_occupant,injured_suv_occupant,number_of_persons_injured,number_of_persons_killed,contributing_factor_vehicle_1,collision_id,cross_street_name,off_street_name,vehicle_type_code1
2026-07-04,00:00,40.7486501,-73.8730596,ROOSEVELT AVE,11372,110,UNKNOWN,Street,51.12545501121498,False,QUEENS,"(40.7486501, -73.8730596)",trafficstat,True,False,False,True,False,False,False,False,False,,,,,,,
2026-07-04,00:00,40.7527541,-73.8518991,GRAND CENTRAL PKWY,11368,110,UNKNOWN,Street,1.055556584213795,False,QUEENS,"(40.7527541, -73.8518991)",trafficstat,False,False,False,False,False,False,False,False,False,,,,,,,
2026-07-03,00:00,40.7500552,-73.8579258,41 AVE,11368,110,OTHER,Street,39.12291931250121,False,QUEENS,"(40.7500552, -73.8579258)",trafficstat,False,False,False,False,False,False,False,False,False,,,,,,,
2026-07-03,00:00,40.7480735,-73.8491753,GRAND CENTRAL PKWY,11368,110,UNKNOWN,Highway,2.362088655764446,False,QUEENS,"(40.7480735, -73.8491753)",trafficstat,True,False,False,False,False,False,False,True,False,,,,,,,
2026-07-03,00:00,40.7491577,-73.8694258,JUNCTION BLVD,11368,110,UNKNOWN,Street,1.093788841126605,False,QUEENS,"(40.7491577, -73.8694258)",trafficstat,False,False,False,False,False,False,False,False,False,,,,,,,
2026-07-02,00:00,40.7420407,-73.8765026,45 AVE,11373,110,UNKNOWN,Street,31.20662766331739,False,QUEENS,"(40.7420407, -73.8765026)",trafficstat,False,False,False,False,False,False,False,False,False,,,,,,,
2026-07-02,00:00,40.7590279,-73.8534893,GRAND CENTRAL PKWY,11368,110,OTHER,Highway,2.0813325281718726,False,QUEENS,"(40.7590279, -73.8534893)",trafficstat,False,False,False,False,False,False,False,False,False,,,,,,,
2026-06-18,00:00,40.7590279,-73.8534893,GRAND CENTRAL PKWY,11368,110,UNKNOWN,Highway,2.0813325281718726,False,QUEENS,"(40.7590279, -73.8534893)",trafficstat,True,False,False,False,False,False,False,True,False,,,,,,,
2026-07-01,00:00,40.7474339,-73.8806294,FORLEY ST,11373,110,UNKNOWN,Street,53.83502834036808,False,QUEENS,"(40.7474339, -73.8806294)",trafficstat,False,False,False,False,False,False,False,False,False,,,,,,,
2026-07-01,00:00,40.7357534,-73.8805154,VAN HORN ST,11373,110,UNKNOWN,Street,1.2319205174144656,False,QUEENS,"(40.7357534, -73.8805154)",trafficstat,False,False,False,False,False,False,False,False,False,,,,,,,
2026-07-01,00:00,40.7365901,-73.8732737,55 AVE,11373,110,OTHER,Street,40.4364675045148,False,QUEENS,"(40.7365901, -73.8732737)",trafficstat,False,False,False,False,False,False,False,False,False,,,,,,,
2026-06-30,00:00,40.7386989,-73.8589743,CALLOWAY ST,11368,110,OTHER,Street,1.3605828351150626,False,QUEENS,"(40.7386989, -73.8589743)",trafficstat,False,False,False,False,False,False,False,False,False,,,,,,,
2026-06-29,00:00,40.7396659,-73.8544479,OTIS AVE,11368,110,UNKNOWN,Street,44.08082198836453,False,QUEENS,"(40.7396659, -73.8544479)",trafficstat,False,False,False,False,False,False,False,False,False,,,,,,,
2026-06-29,00:00,40.7384736,-73.8847842,QUEENS BLVD,11373,110,UNKNOWN,Street,29.75806925535154,False,QUEENS,"(40.7384736, -73.8847842)",trafficstat,False,False,False,False,False,False,False,False,False,,,,,,,
2026-06-29,00:00,40.7322721,-73.8352148,VAN WYCK EXPY,11367,110,UNKNOWN,Highway,2.585771078944416,False,QUEENS,"(40.7322721, -73.8352148)",trafficstat,True,False,False,False,False,False,False,True,False,,,,,,,
2026-06-28,00:00,40.745694,-73.8592496,47 AVE,11368,110,UNKNOWN,Street,44.43970148776381,False,QUEENS,"(40.745694, -73.8592496)",trafficstat,False,False,False,False,False,False,False,False,False,,,,,,,
2026-06-28,00:00,40.7467768,-73.8482724,GRAND CENTRAL PKWY,11355,110,UNKNOWN,Highway,3.5585637880918317,False,QUEENS,"(40.7467768, -73.8482724)",trafficstat,False,False,False,False,False,False,False,False,False,,,,,,,
2026-06-28,00:00,40.747818,-73.860634,104 ST,11368,110,OTHER,Street,0.21257194709711166,False,QUEENS,"(40.747818, -73.860634)",trafficstat,True,False,False,False,False,False,True,False,False,,,,,,,
2026-06-27,00:00,40.7492221,-73.8627786,NATIONAL ST,11368,110,UNKNOWN,Street,44.61848857459691,False,QUEENS,"(40.7492221, -73.8627786)",trafficstat,True,False,True,False,False,False,False,False,False,,,,,,,
2026-06-27,00:00,40.7418855,-73.8545757,MARTENSE AVE,11368,110,OTHER,Street,2.3602949370053117,False,QUEENS,"(40.7418855, -73.8545757)",trafficstat,True,False,True,False,False,False,False,False,False,,,,,,,
2026-06-27,00:00,40.7415412,-73.8552244,105 ST,11368,110,UNKNOWN,Street,34.3274597509538,False,QUEENS,"(40.7415412, -73.8552244)",trafficstat,False,False,False,False,False,False,False,False,False,,,,,,,
2026-06-27,00:00,40.7415898,-73.8618551,99 ST,11368,110,UNKNOWN,Street,0.8525914888322954,False,QUEENS,"(40.7415898, -73.8618551)",trafficstat,True,False,False,False,False,False,False,False,True,,,,,,,
2026-06-26,00:00,40.7376829,-73.8520481,108 ST,11375,110,UNKNOWN,Street,0.8055347168959152,False,QUEENS,"(40.7376829, -73.8520481)",trafficstat,False,False,False,False,False,False,False,False,False,,,,,,,
2026-06-26,00:00,40.7434268,-73.8676744,ALSTYNE AVE,11373,110,UNKNOWN,Street,40.231126108766475,False,QUEENS,"(40.7434268, -73.8676744)",trafficstat,True,False,False,True,False,False,False,False,False,,,,,,,
2026-06-26,00:00,40.7507179,-73.8587648,108 ST,11368,110,UNKNOWN,Street,1.0563997858008118,False,QUEENS,"(40.7507179, -73.8587648)",trafficstat,False,False,False,False,False,False,False,False,False,,,,,,,
2026-06-21,00:00,40.7507179,-73.8587648,108 ST,11368,110,UNKNOWN,Street,1.0563997858008118,False,QUEENS,"(40.7507179, -73.8587648)",trafficstat,False,False,False,False,False,False,False,False,False,,,,,,,
2026-06-26,00:00,40.7550176,-73.8441055,ROOSEVELT AVE,11368,110,OTHER,Street,23.846581386580368,False,QUEENS,"(40.7550176, -73.8441055)",trafficstat,False,False,False,False,False,False,False,False,False,,,,,,,
2026-06-24,00:00,40.7462498,-73.8838004,82 ST,11373,110,UNKNOWN,Street,32.403937089132775,False,QUEENS,"(40.7462498, -73.8838004)",trafficstat,True,False,True,False,False,False,False,False,False,,,,,,,
2026-06-24,00:00,40.7449924,-73.8695669,43 AVE,11373,110,UNKNOWN,Street,59.30575165948446,False,QUEENS,"(40.7449924, -73.8695669)",trafficstat,False,False,False,False,False,False,False,False,False,,,,,,,
2026-06-24,00:00,40.7393463,-73.880784,POYER ST,11373,110,UNKNOWN,Street,22.55586147714476,False,QUEENS,"(40.7393463, -73.880784)",trafficstat,False,False,False,False,False,False,False,False,False,,,,,,,
2026-06-24,00:00,40.7421539,-73.8540624,MARTENSE AVE,11368,110,UNKNOWN,Street,30.94039014717315,False,QUEENS,"(40.7421539, -73.8540624)",trafficstat,False,False,False,False,False,False,False,False,False,,,,,,,
2026-06-23,00:00,40.7343246,-73.867904,59 AVE,11373,110,OTHER,Street,66.04095697663723,False,QUEENS,"(40.7343246, -73.867904)",trafficstat,True,False,True,False,False,False,False,False,False,,,,,,,
2026-06-23,00:00,40.7369254,-73.8542812,LONG ISLAND EXPY,11368,110,UNKNOWN,Highway,7.990131851089753,False,QUEENS,"(40.7369254, -73.8542812)",trafficstat,False,False,False,False,False,False,False,False,False,,,,,,,
2026-06-23,00:00,40.7478292,-73.8820709,ROOSEVELT AVE,11372,110,UNKNOWN,Street,3.296170853390468,False,QUEENS,"(40.7478292, -73.8820709)",trafficstat,False,False,False,False,False,False,False,False,False,,,,,,,
2026-06-22,00:00,40.7474062,-73.8683312,JUNCTION BLVD,11368,110,UNKNOWN,Street,46.17932137606162,False,QUEENS,"(40.7474062, -73.8683312)",trafficstat,False,False,False,False,False,False,False,False,False,,,,,,,
2026-06-22,00:00,40.7440003,-73.8717991,43 AVE,11373,110,UNKNOWN,Street,48.30059723524449,False,QUEENS,"(40.7440003, -73.8717991)",trafficstat,True,False,False,False,False,False,False,True,False,,,,,,,
2026-06-21,00:00,40.7447586,-73.8786442,ELMHURST AVE,11373,110,UNKNOWN,Street,37.87469508314158,False,QUEENS,"(40.7447586, -73.8786442)",trafficstat,False,False,False,False,False,False,False,False,False,,,,,,,
2026-06-21,00:00,40.7399525,-73.8500172,VAN CLEEF ST,11368,110,UNKNOWN,Street,26.838989106731564,False,QUEENS,"(40.7399525, -73.8500172)",trafficstat,False,False,False,False,False,False,False,False,False,,,,,,,
2026-06-21,00:00,40.7398242,-73.8545261,OTIS AVE,11368,110,UNKNOWN,Street,1.559087554259701,False,QUEENS,"(40.7398242, -73.8545261)",trafficstat,True,False,False,False,False,False,False,True,False,,,,,,,
2026-06-21,00:00,40.7483857,-73.8475771,CONNECTOR RD,11368,110,UNKNOWN,Street,284.17081366368603,False,QUEENS,"(40.7483857, -73.8475771)",trafficstat,False,False,False,False,False,False,False,False,False,,,,,,,
2026-06-20,00:00,40.7483184,-73.8774143,ROOSEVELT AVE,11372,110,UNKNOWN,Street,3.4438269863002313,False,QUEENS,"(40.7483184, -73.8774143)",trafficstat,False,False,False,False,False,False,False,False,False,,,,,,,
2026-06-20,00:00,40.7502276,-73.8551386,111 ST,11368,110,OTHER,Street,0.4475111194594207,False,QUEENS,"(40.7502276, -73.8551386)",trafficstat,True,False,True,False,False,False,False,False,False,,,,,,,
2026-06-20,00:00,40.7453651,-73.8883331,77 ST,11373,110,UNKNOWN,Street,0.3942832931435567,False,QUEENS,"(40.7453651, -73.8883331)",trafficstat,False,False,False,False,False,False,False,False,False,,,,,,,
2026-06-20,00:00,40.747731,-73.8693883,WARREN ST,11373,110,UNKNOWN,Street,48.46183818476774,False,QUEENS,"(40.747731, -73.8693883)",trafficstat,True,False,True,False,False,False,False,False,False,,,,,,,
2026-06-20,00:00,40.7432355,-73.8377752,LONG ISLAND EXPY,11367,110,UNKNOWN,Highway,0.4358702441729156,False,QUEENS,"(40.7432355, -73.8377752)",trafficstat,False,False,False,False,False,False,False,False,False,,,,,,,
2026-06-19,00:00,40.734157,-73.8665108,94 ST,11373,110,UNKNOWN,Street,0.5992884157019437,False,QUEENS,"(40.734157, -73.8665108)",trafficstat,False,False,False,False,False,False,False,False,False,,,,,,,
2026-06-18,00:00,40.7336479,-73.8701309,WOODHAVEN BLVD,11373,110,UNKNOWN,Street,1.9296770121249218,False,QUEENS,"(40.7336479, -73.8701309)",trafficstat,False,False,False,False,False,False,False,False,False,,,,,,,
2026-06-18,00:00,40.7361537,-73.867546,94 ST,11373,110,UNKNOWN,Street,0.9213290013919531,False,QUEENS,"(40.7361537, -73.867546)",trafficstat,True,False,True,False,False,False,True,False,True,,,,,,,
2026-06-18,00:00,40.7475457,-73.8783426,ELBERTSON ST,11373,110,UNKNOWN,Street,45.3776623231988,False,QUEENS,"(40.7475457, -73.8783426)",trafficstat,False,False,False,False,False,False,False,False,False,,,,,,,
2026-06-17,00:00,40.7426863,-73.8395124,LONG ISLAND EXPY,11367,110,UNKNOWN,Highway,2.800883472110077,False,QUEENS,"(40.7426863, -73.8395124)",trafficstat,False,False,False,False,False,False,False,False,False,,,,,,,
2026-06-17,00:00,40.7265697,-73.8380178,GRAND CENTRAL PKWY,11375,110,UNKNOWN,Highway,0.43288440204385964,False,QUEENS,"(40.7265697, -73.8380178)",trafficstat,True,False,False,False,False,False,False,True,False,,,,,,,
2026-06-17,00:00,40.7410668,-73.8570966,103 ST,11368,110,UNKNOWN,Street,57.83351956269308,False,QUEENS,"(40.7410668, -73.8570966)",trafficstat,False,False,False,False,False,False,False,False,False,,,,,,,
2026-06-17,00:00,40.7416892,-73.8449856,GRAND CENTRAL PKWY ET 10 W WB,11368,110,UNKNOWN,Ramp,10.648476564672228,False,QUEENS,"(40.7416892, -73.8449856)",trafficstat,True,False,False,False,False,False,False,True,True,,,,,,,
2026-06-17,00:00,40.7480629,-73.8798401,ELBERTSON ST,11373,110,UNKNOWN,Street,2.2071694857348385,False,QUEENS,"(40.7480629, -73.8798401)",trafficstat,False,False,False,False,False,False,False,False,False,,,,,,,
2026-06-16,00:00,40.7487586,-73.8733027,WHITNEY AVE,11373,110,UNKNOWN,Street,1.768401020631223,False,QUEENS,"(40.7487586, -73.8733027)",trafficstat,True,False,False,False,False,False,False,False,True,,,,,,,
2026-06-16,00:00,40.7385277,-73.8509082,SAULTELL AVE,11368,110,UNKNOWN,Street,1.9161621712831962,False,QUEENS,"(40.7385277, -73.8509082)",trafficstat,True,False,False,False,False,False,False,False,False,,,,,,,
2026-06-16,00:00,40.74541,-73.8892569,76 ST,11373,110,UNKNOWN,Street,0.5575802309813706,False,QUEENS,"(40.74541, -73.8892569)",trafficstat,False,False,False,False,False,False,False,False,False,,,,,,,
2026-06-15,00:00,40.7452491,-73.8720103,DENMAN ST,11373,110,UNKNOWN,Street,47.889860731784886,False,QUEENS,"(40.7452491, -73.8720103)",trafficstat,False,False,False,False,False,False,False,False,False,,,,,,,
2026-06-14,00:00,40.7457688,-73.8470141,MERIDIAN RD,11368,110,UNKNOWN,Street,56.005406340271485,False,QUEENS,"(40.7457688, -73.8470141)",trafficstat,False,False,False,False,False,False,False,False,False,,,,,,,
2026-06-14,00:00,40.7323925,-73.8762092,VAN HORN ST,11373,110,UNKNOWN,Street,41.73652175622663,False,QUEENS,"(40.7323925, -73.8762092)",trafficstat,True,False,True,False,False,False,False,False,False,,,,,,,
2026-06-14,00:00,40.7523439,-73.8509292,SHEA RD,11368,110,OTHER,Street,23.024132113226255,False,QUEENS,"(40.7523439, -73.8509292)",trafficstat,False,False,False,False,False,False,False,False,False,,,,,,,
2026-06-13,00:00,40.7359403,-73.8588646,99 ST PEDESTRIAN OPAS,11368,110,UNKNOWN,Bridge,1.3374134082387041,False,QUEENS,"(40.7359403, -73.8588646)",trafficstat,False,False,False,False,False,False,False,False,False,,,,,,,
2026-06-13,00:00,40.7290691,-73.8839367,57 AVE,11373,110,UNKNOWN,Bridge,72.0876202971493,False,QUEENS,"(40.7290691, -73.8839367)",trafficstat,True,False,False,False,False,False,False,False,True,,,,,,,
2026-06-13,00:00,40.7445259,-73.87165,ELBERTSON ST,11373,110,UNKNOWN,Street,36.53599872626715,False,QUEENS,"(40.7445259, -73.87165)",trafficstat,False,False,False,False,False,False,False,False,False,,,,,,,
2026-06-13,00:00,40.745524,-73.8354369,58 RD,11355,110,UNKNOWN,Street,2.896777837247533,False,QUEENS,"(40.745524, -73.8354369)",trafficstat,True,False,False,False,False,False,False,False,False,,,,,,,
2026-06-12,00:00,40.7445903,-73.8846678,LAYTON ST,11373,110,UNKNOWN,Street,1.7945246559350305,False,QUEENS,"(40.7445903, -73.8846678)",trafficstat,False,False,False,False,False,False,False,False,False,,,,,,,
2026-06-12,00:00,40.7441443,-73.8713917,43 AVE,11373,110,OTHER,Street,42.64263273474941,False,QUEENS,"(40.7441443, -73.8713917)",trafficstat,True,False,False,False,False,False,False,False,True,,,,,,,
2026-06-12,00:00,40.7436412,-73.8559423,CORONA AVE,11368,110,OTHER,Street,0.8525888517146446,False,QUEENS,"(40.7436412, -73.8559423)",trafficstat,False,False,False,False,False,False,False,False,False,,,,,,,
2026-06-12,00:00,40.7448277,-73.8707241,ALLEY,11373,110,OTHER,Alley,12.712870511018023,False,QUEENS,"(40.7448277, -73.8707241)",trafficstat,True,False,False,True,False,False,False,False,False,,,,,,,
2026-06-12,00:00,40.7357422,-73.8726563,90 ST,11373,110,UNKNOWN,Street,0.7629665041366144,False,QUEENS,"(40.7357422, -73.8726563)",trafficstat,True,False,True,False,False,False,False,False,False,,,,,,,
2026-06-12,00:00,40.7356361,-73.8760123,55 AVE,11373,110,UNKNOWN,Street,2.7146819606365695,False,QUEENS,"(40.7356361, -73.8760123)",trafficstat,True,False,True,True,False,False,False,False,False,,,,,,,
2026-06-12,00:00,40.7554109,-73.8432005,ROOSEVELT AVE,11368,110,OTHER,Street,17.836192940052978,False,QUEENS,"(40.7554109, -73.8432005)",trafficstat,False,False,False,False,False,False,False,False,False,,,,,,,
2026-09-13,00:00,40.7457513,-73.735037,DOUGLASTON PKWY,11362,111,OTHER,Street,17.578877530914216,False,QUEENS,"(40.7457513, -73.735037)",trafficstat,True,False,False,False,False,False,False,True,False,,,,,,,
2026-09-13,00:00,40.7492931,-73.756638,LONG ISLAND EXPY,11364,111,OTHER,Highway,12.00934737336906,False,QUEENS,"(40.7492931, -73.756638)",trafficstat,True,False,False,False,False,False,False,False,True,,,,,,,
2026-09-12,00:00,40.7492931,-73.756638,LONG ISLAND EXPY,11364,111,UNKNOWN,Highway,12.00934737336906,False,QUEENS,"(40.7492931, -73.756638)",trafficstat,True,False,False,False,False,False,False,False,True,,,,,,,
2026-08-31,00:00,40.7492931,-73.756638,LONG ISLAND EXPY,11364,111,OTHER,Highway,12.00934737336906,False,QUEENS,"(40.7492931, -73.756638)",trafficstat,False,False,False,False,False,False,False,False,False,,,,,,,
2026-08-24,00:00,40.7492931,-73.756638,LONG ISLAND EXPY,11364,111,UNKNOWN,Highway,12.00934737336906,False,QUEENS,"(40.7492931, -73.756638)",trafficstat,True,False,False,False,False,False,False,True,False,,,,,,,
2026-06-20,00:00,40.7492931,-73.756638,LONG ISLAND EXPY,11364,111,UNKNOWN,Highway,12.00934737336906,False,QUEENS,"(40.7492931, -73.756638)",trafficstat,True,False,False,False,False,False,False,False,True,,,,,,,
2026-06-19,00:00,40.7492931,-73.756638,LONG ISLAND EXPY,11364,111,UNKNOWN,Highway,12.00934737336906,False,QUEENS,"(40.7492931, -73.756638)",trafficstat,False,False,False,False,False,False,False,False,False,,,,,,,
2026-06-18,00:00,40.7492931,-73.756638,LONG ISLAND EXPY,11364,111,UNKNOWN,Highway,12.00934737336906,False,QUEENS,"(40.7492931, -73.756638)",trafficstat,True,False,False,False,False,False,False,True,False,,,,,,,
2026-06-15,00:00,40.7492931,-73.756638,LONG ISLAND EXPY,11364,111,OTHER,Highway,12.00934737336906,False,QUEENS,"(40.7492931, -73.756638)",trafficstat,False,False,False,False,False,False,False,False,False,,,,,,,
2026-09-13,00:00,40.7549094,-73.7454788,CROSS ISLAND PKWY,11362,111,UNKNOWN,Highway,9.74611762381996,False,QUEENS,"(40.7549094, -73.7454788)",trafficstat,True,False,False,False,False,False,False,True,False,,,,,,,
2026-09-08,00:00,40.7549094,-73.7454788,CROSS ISLAND PKWY,11362,111,UNKNOWN,Highway,9.74611762381996,False,QUEENS,"(40.7549094, -73.7454788)",trafficstat,False,False,False,False,False,False,False,False,False,,,,,,,
2026-08-04,00:00,40.7549094,-73.7454788,CROSS ISLAND PKWY,11362,111,UNKNOWN,Highway,9.74611762381996,False,QUEENS,"(40.7549094, -73.7454788)",trafficstat,True,False,False,False,False,False,False,True,False,,,,,,,
2026-07-02,00:00,40.7549094,-73.7454788,CROSS ISLAND PKWY,11362,111,UNKNOWN,Highway,9.74611762381996,False,QUEENS,"(40.7549094, -73.7454788)",trafficstat,False,False,False,False,False,False,False,False,False,,,,,,,
2026-06-14,00:00,40.7549094,-73.7454788,CROSS ISLAND PKWY,11362,111,UNKNOWN,Highway,9.74611762381996,False,QUEENS,"(40.7549094, -73.7454788)",trafficstat,False,False,False,False,False,False,False,False,False,,,,,,,
2026-06-12,00:00,40.7549094,-73.7454788,CROSS ISLAND PKWY,11362,111,UNKNOWN,Highway,9.74611762381996,False,QUEENS,"(40.7549094, -73.7454788)",trafficstat,True,False,False,False,False,False,False,False,True,,,,,,,
2026-09-13,00:00,40.7603108,-73.7743093,CORPORAL KENNEDY ST,11361,111,UNKNOWN,Street,0.38894363886346145,False,QUEENS,"(40.7603108, -73.7743093)",trafficstat,False,False,False,False,False,False,False,False,False,,,,,,,
2026-09-13,00:00,40.7657378,-73.7623706,221 ST,11361,111,UNKNOWN,Street,0.18896039328772832,False,QUEENS,"(40.7657378, -73.7623706)",trafficstat,False,False,False,False,False,False,False,False,False,,,,,,,
2026-09-11,00:00,40.7597483,-73.785902,196 ST,11358,111,UNKNOWN,Street,0.07932684421548863,False,QUEENS,"(40.7597483, -73.785902)",trafficstat,False,False,False,False,False,False,False,False,False,,,,,,,
2026-09-11,00:00,40.7541142,-73.7232082,GRAND CENTRAL PKWY,11362,111,UNKNOWN,Highway,4.0463652687758005,False,QUEENS,"(40.7541142, -73.7232082)",trafficstat,False,False,False,False,False,False,False,False,False,,,,,,,
2026-09-11,00:00,40.7449019,-73.7702091,LONG ISLAND EXPY,11364,111,UNKNOWN,Highway,0.8996272942067443,False,QUEENS,"(40.7449019, -73.7702091)",trafficstat,True,False,False,False,False,False,False,True,False,,,,,,,
2026-09-08,00:00,40.7449019,-73.7702091,LONG ISLAND EXPY,11364,111,UNKNOWN,Highway,0.8996272942067443,False,QUEENS,"(40.7449019, -73.7702091)",trafficstat,False,False,False,False,False,False,False,False,False,,,,,,,
2026-08-07,00:00,40.7449019,-73.7702091,LONG ISLAND EXPY,11364,111,UNKNOWN,Highway,0.8996272942067443,False,QUEENS,"(40.7449019, -73.7702091)",trafficstat,True,False,False,False,False,False,False,True,False,,,,,,,
2026-07-15,00:00,40.7449019,-73.7702091,LONG ISLAND EXPY,11364,111,UNKNOWN,Highway,0.8996272942067443,False,QUEENS,"(40.7449019, -73.7702091)",trafficstat,False,False,False,False,False,False,False,False,False,,,,,,,
2026-07-09,00:00,40.7449019,-73.7702091,LONG ISLAND EXPY,11364,111,UNKNOWN,Highway,0.8996272942067443,False,QUEENS,"(40.7449019, -73.7702091)",trafficstat,False,False,False,False,False,False,False,False,False,,,,,,,
2026-06-30,00:00,40.7449019,-73.7702091,LONG ISLAND EXPY,11364,111,UNKNOWN,Highway,0.8996272942067443,False,QUEENS,"(40.7449019, -73.7702091)",trafficstat,False,False,False,False,False,False,False,False,False,,,,,,,
2026-06-21,00:00,40.7449019,-73.7702091,LONG ISLAND EXPY,11364,111,OTHER,Highway,0.8996272942067443,False,QUEENS,"(40.7449019, -73.7702091)",trafficstat,True,False,False,False,False,False,False,True,False,,,,,,,
2026-09-10,00:00,40.7319538,-73.7474391,GRAND CENTRAL PKWY,11427,111,UNKNOWN,Highway,0.24910243262431542,False,QUEENS,"(40.7319538, -73.7474391)",trafficstat,True,False,False,False,False,False,False,True,False,,,,,,,
2026-09-10,00:00,40.7328204,-73.7534169,217 ST,11427,111,UNKNOWN,Street,0.3948064034353515,False,QUEENS,"(40.7328204, -73.7534169)",trafficstat,False,False,False,False,False,False,False,False,False,,,,,,,
2026-09-10,00:00,40.7621007,-73.7569089,CROSS ISLAND PKWY,11364,111,UNKNOWN,Highway,5.404512706077099,False,QUEENS,"(40.7621007, -73.7569089)",trafficstat,False,False,False,False,False,False,False,False,False,,,,,,,
2026-09-04,00:00,40.7621007,-73.7569089,CROSS ISLAND PKWY,11364,111,UNKNOWN,Highway,5.404512706077099,False,QUEENS,"(40.7621007, -73.7569089)",trafficstat,False,False,False,False,False,False,False,False,False,,,,,,,
2026-08-28,00:00,40.7621007,-73.7569089,CROSS ISLAND PKWY,11364,111,UNKNOWN,Highway,5.404512706077099,False,QUEENS,"(40.7621007, -73.7569089)",trafficstat,True,False,False,False,False,False,False,True,False,,,,,,,
2026-08-15,00:00,40.7621007,-73.7569089,CROSS ISLAND PKWY,11364,111,OTHER,Highway,5.404512706077099,False,QUEENS,"(40.7621007, -73.7569089)",trafficstat,False,False,False,False,False,False,False,False,False,,,,,,,
2026-08-03,00:00,40.7621007,-73.7569089,CROSS ISLAND PKWY,11364,111,UNKNOWN,Highway,5.404512706077099,False,QUEENS,"(40.7621007, -73.7569089)",trafficstat,False,False,False,False,False,False,False,False,False,,,,,,,
2026-09-10,00:00,40.7615846,-73.7608513,220 PL,11361,111,OTHER,Street,0.2151284519358445,False,QUEENS,"(40.7615846, -73.7608513)",trafficstat,True,False,False,False,False,False,False,True,False,,,,,,,
2026-09-09,00:00,40.7602998,-73.7416594,DOUGLASTON PKWY,11362,111,OTHER,Street,1.0368758887664837,False,QUEENS,"(40.7602998, -73.7416594)",trafficstat,True,False,False,True,False,False,False,False,False,,,,,,,
2026-09-09,00:00,40.7588917,-73.8730985,32 AVE,11369,111,UNKNOWN,Street,54.14723324466603,False,QUEENS,"(40.7588917, -73.8730985)",trafficstat,True,False,False,False,False,False,False,True,True,,,,,,,
2026-09-09,00:00,40.7416972,-73.7956458,BOOTH MEMORIAL AVE,11365,111,OTHER,Street,3.1035397547349333,False,QUEENS,"(40.7416972, -73.7956458)",trafficstat,False,False,False,False,False,False,False,False,False,,,,,,,
2026-09-05,00:00,40.7416972,-73.7956458,BOOTH MEMORIAL AVE,11365,111,OTHER,Street,3.1035397547349333,False,QUEENS,"(40.7416972, -73.7956458)",trafficstat,True,False,True,False,False,False,False,False,False,,,,,,,
2026-09-09,00:00,40.7466096,-73.7650207,LONG ISLAND EXPY,11364,111,UNKNOWN,Highway,10.526720622173642,False,QUEENS,"(40.7466096, -73.7650207)",trafficstat,False,False,False,False,False,False,False,False,False,,,,,,,
2026-09-08,00:00,40.7492474,-73.738306,DOUGLASTON PKWY,11362,111,UNKNOWN,Street,1.7686662304304528,False,QUEENS,"(40.7492474, -73.738306)",trafficstat,True,False,False,False,False,False,False,True,True,,,,,,,
2026-09-08,00:00,40.7665105,-73.7899055,FRANCIS LEWIS BLVD,11358,111,OTHER,Street,17.76713406577492,False,QUEENS,"(40.7665105, -73.7899055)",trafficstat,False,False,False,False,False,False,False,False,False,,,,,,,
2026-09-08,00:00,40.7667624,-73.7463684,DOUGLASTON PKWY,11363,111,OTHER,Street,65.88975995715533,False,QUEENS,"(40.7667624, -73.7463684)",trafficstat,False,False,False,False,False,False,False,False,False,,,,,,,
2026-09-07,00:00,40.7602845,-73.7693497,BELL BLVD,11361,111,UNKNOWN,Street,0.39465845560447216,False,QUEENS,"(40.7602845, -73.7693497)",trafficstat,False,False,False,False,False,False,False,False,False,,,,,,,
2026-09-07,00:00,40.7545612,-73.7431665,LONG ISLAND EXPY,11362,111,OTHER,Highway,5.898928752831257,False,QUEENS,"(40.7545612, -73.7431665)",trafficstat,True,False,False,False,False,True,False,False,False,,,,,,,
2026-08-30,00:00,40.7545612,-73.7431665,LONG ISLAND EXPY,11362,111,UNKNOWN,Highway,5.898928752831257,False,QUEENS,"(40.7545612, -73.7431665)",trafficstat,False,False,False,False,False,False,False,False,False,,,,,,,
2026-08-03,00:00,40.7545612,-73.7431665,LONG ISLAND EXPY,11362,111,UNKNOWN,Highway,5.898928752831257,False,QUEENS,"(40.7545612, -73.7431665)",trafficstat,True,False,False,False,False,False,False,False,True,,,,,,,
2026-07-15,00:00,40.7545612,-73.7431665,LONG ISLAND EXPY,11362,111,UNKNOWN,Highway,5.898928752831257,False,QUEENS,"(40.7545612, -73.7431665)",trafficstat,False,False,False,False,False,False,False,False,False,,,,,,,
2026-07-05,00:00,40.7545612,-73.7431665,LONG ISLAND EXPY,11362,111,UNKNOWN,Highway,5.898928752831257,False,QUEENS,"(40.7545612, -73.7431665)",trafficstat,False,False,False,False,False,False,False,False,False,,,,,,,
2026-06-29,00:00,40.7545612,-73.7431665,LONG ISLAND EXPY,11362,111,UNKNOWN,Highway,5.898928752831257,False,QUEENS,"(40.7545612, -73.7431665)",trafficstat,False,False,False,False,False,False,False,False,False,,,,,,,