crash_date,crash_time,latitude,longitude,on_street_name,zip_code,precinct,collision_type,roadway_type,geocode_dist_feet,time_is_known,borough,location,source,injury,fatality,injured_pedestrian,injured_cyclist,injured_ebike_rider,injured_motorcyclist,injured_moped_rider,injured_car_occupant,injured_suv_occupant,number_of_persons_injured,number_of_persons_killed,contributing_factor_vehicle_1,collision_id,cross_street_name,off_street_name,vehicle_type_code1
2026-09-07,00:00,40.752473,-73.7434344,CROSS ISLAND PKWY,11362,111,UNKNOWN,Highway,14.625692213561784,False,QUEENS,"(40.752473, -73.7434344)",trafficstat,False,False,False,False,False,False,False,False,False,,,,,,,
2026-09-06,00:00,40.7567369,-73.7215117,GRAND CENTRAL PKWY,11362,111,OTHER,Highway,0.9265729481796094,False,QUEENS,"(40.7567369, -73.7215117)",trafficstat,False,False,False,False,False,False,False,False,False,,,,,,,
2026-09-06,00:00,40.7503318,-73.779064,50 AVE,11364,111,UNKNOWN,Street,3.368532857043298,False,QUEENS,"(40.7503318, -73.779064)",trafficstat,True,False,True,False,False,False,False,False,False,,,,,,,
2026-09-06,00:00,40.7401939,-73.7513904,75 AVE,11364,111,UNKNOWN,Street,2.1025623469092904,False,QUEENS,"(40.7401939, -73.7513904)",trafficstat,True,False,True,False,False,False,False,False,False,,,,,,,
2026-08-01,00:00,40.7401939,-73.7513904,75 AVE,11364,111,UNKNOWN,Street,2.1025623469092904,False,QUEENS,"(40.7401939, -73.7513904)",trafficstat,False,False,False,False,False,False,False,False,False,,,,,,,
2026-09-06,00:00,40.7605403,-73.7537055,CROSS ISLAND PKWY,11362,111,UNKNOWN,Highway,5.646243655660391,False,QUEENS,"(40.7605403, -73.7537055)",trafficstat,False,False,False,False,False,False,False,False,False,,,,,,,
2026-09-05,00:00,40.7590425,-73.774227,OCEANIA ST,11361,111,UNKNOWN,Street,1.2222455288196237,False,QUEENS,"(40.7590425, -73.774227)",trafficstat,False,False,False,False,False,False,False,False,False,,,,,,,
2026-09-05,00:00,40.7784664,-73.7683096,CROSS ISLAND PKWY,11360,111,UNKNOWN,Highway,0.8476058808993242,False,QUEENS,"(40.7784664, -73.7683096)",trafficstat,False,False,False,False,False,False,False,False,False,,,,,,,
2026-09-02,00:00,40.7784664,-73.7683096,CROSS ISLAND PKWY,11360,111,UNKNOWN,Highway,0.8476058808993242,False,QUEENS,"(40.7784664, -73.7683096)",trafficstat,False,False,False,False,False,False,False,False,False,,,,,,,
2026-07-10,00:00,40.7784664,-73.7683096,CROSS ISLAND PKWY,11360,111,UNKNOWN,Highway,0.8476058808993242,False,QUEENS,"(40.7784664, -73.7683096)",trafficstat,False,False,False,False,False,False,False,False,False,,,,,,,
2026-06-22,00:00,40.7784664,-73.7683096,CROSS ISLAND PKWY,11360,111,UNKNOWN,Highway,0.8476058808993242,False,QUEENS,"(40.7784664, -73.7683096)",trafficstat,True,False,False,False,False,False,False,True,False,,,,,,,
2026-09-05,00:00,40.7420196,-73.7827738,LONG ISLAND EXPY,11365,111,UNKNOWN,Highway,5.254887454548172,False,QUEENS,"(40.7420196, -73.7827738)",trafficstat,True,False,False,False,False,False,False,True,False,,,,,,,
2026-08-26,00:00,40.7420196,-73.7827738,LONG ISLAND EXPY,11365,111,UNKNOWN,Highway,5.254887454548172,False,QUEENS,"(40.7420196, -73.7827738)",trafficstat,False,False,False,False,False,False,False,False,False,,,,,,,
2026-09-05,00:00,40.7555677,-73.7917086,189 ST,11358,111,UNKNOWN,Street,0.14634743695685318,False,QUEENS,"(40.7555677, -73.7917086)",trafficstat,False,False,False,False,False,False,False,False,False,,,,,,,
2026-09-04,00:00,40.7493209,-73.7568423,SPRINGFIELD BLVD,11364,111,UNKNOWN,Street,1.1614575083241727,False,QUEENS,"(40.7493209, -73.7568423)",trafficstat,True,False,False,False,False,False,False,False,True,,,,,,,
2026-08-16,00:00,40.7493209,-73.7568423,SPRINGFIELD BLVD,11364,111,OTHER,Street,1.1614575083241727,False,QUEENS,"(40.7493209, -73.7568423)",trafficstat,True,False,True,False,False,False,False,False,False,,,,,,,
2026-07-22,00:00,40.7493209,-73.7568423,SPRINGFIELD BLVD,11364,111,UNKNOWN,Street,1.1614575083241727,False,QUEENS,"(40.7493209, -73.7568423)",trafficstat,True,False,True,False,False,False,False,False,False,,,,,,,
2026-07-10,00:00,40.7493209,-73.7568423,SPRINGFIELD BLVD,11364,111,UNKNOWN,Street,1.1614575083241727,False,QUEENS,"(40.7493209, -73.7568423)",trafficstat,False,False,False,False,False,False,False,False,False,,,,,,,
2026-07-03,00:00,40.7493209,-73.7568423,SPRINGFIELD BLVD,11364,111,UNKNOWN,Street,1.1614575083241727,False,QUEENS,"(40.7493209, -73.7568423)",trafficstat,False,False,False,False,False,False,False,False,False,,,,,,,
2026-09-04,00:00,40.7584711,-73.7487427,CROSS ISLAND PKWY,11362,111,OTHER,Highway,10.190048998777218,False,QUEENS,"(40.7584711, -73.7487427)",trafficstat,True,False,False,False,False,False,False,True,False,,,,,,,
2026-07-11,00:00,40.7584711,-73.7487427,CROSS ISLAND PKWY,11362,111,UNKNOWN,Highway,10.190048998777218,False,QUEENS,"(40.7584711, -73.7487427)",trafficstat,False,False,False,False,False,False,False,False,False,,,,,,,
2026-09-04,00:00,40.7608737,-73.7321454,MARATHON PKWY,11362,111,UNKNOWN,Street,1.554761328520674,False,QUEENS,"(40.7608737, -73.7321454)",trafficstat,False,False,False,False,False,False,False,False,False,,,,,,,
2026-07-04,00:00,40.7608737,-73.7321454,MARATHON PKWY,11362,111,UNKNOWN,Street,1.554761328520674,False,QUEENS,"(40.7608737, -73.7321454)",trafficstat,False,False,False,False,False,False,False,False,False,,,,,,,
2026-09-03,00:00,40.7385943,-73.7964095,FRESH MEADOW LANE PED OPAS,11365,111,UNKNOWN,Bridge,2.42355088763778,False,QUEENS,"(40.7385943, -73.7964095)",trafficstat,True,False,False,False,False,True,False,False,False,,,,,,,
2026-09-02,00:00,40.7536085,-73.7890005,192 ST,11358,111,UNKNOWN,Street,0.599095764176966,False,QUEENS,"(40.7536085, -73.7890005)",trafficstat,True,False,False,False,False,False,False,False,True,,,,,,,
2026-09-02,00:00,40.748486,-73.77926,199 ST,11365,111,UNKNOWN,Street,0.14425988448843544,False,QUEENS,"(40.748486, -73.77926)",trafficstat,True,False,False,False,False,False,False,False,True,,,,,,,
2026-09-02,00:00,40.7529087,-73.7820803,ALLEY,11358,111,UNKNOWN,Alley,50.281400827423056,False,QUEENS,"(40.7529087, -73.7820803)",trafficstat,False,False,False,False,False,False,False,False,False,,,,,,,
2026-09-02,00:00,40.7642747,-73.7229386,LONG ISLAND EXPY,11362,111,UNKNOWN,Highway,18.10201212523128,False,QUEENS,"(40.7642747, -73.7229386)",trafficstat,False,False,False,False,False,False,False,False,False,,,,,,,
2026-08-31,00:00,40.7642747,-73.7229386,LONG ISLAND EXPY,11362,111,UNKNOWN,Highway,18.10201212523128,False,QUEENS,"(40.7642747, -73.7229386)",trafficstat,False,False,False,False,False,False,False,False,False,,,,,,,
2026-08-10,00:00,40.7642747,-73.7229386,LONG ISLAND EXPY,11362,111,UNKNOWN,Highway,18.10201212523128,False,QUEENS,"(40.7642747, -73.7229386)",trafficstat,True,False,False,False,False,False,False,True,False,,,,,,,
2026-08-03,00:00,40.7642747,-73.7229386,LONG ISLAND EXPY,11362,111,UNKNOWN,Highway,18.10201212523128,False,QUEENS,"(40.7642747, -73.7229386)",trafficstat,True,False,False,False,False,False,False,False,True,,,,,,,
2026-07-21,00:00,40.7642747,-73.7229386,LONG ISLAND EXPY,11362,111,UNKNOWN,Highway,18.10201212523128,False,QUEENS,"(40.7642747, -73.7229386)",trafficstat,False,False,False,False,False,False,False,False,False,,,,,,,
2026-07-09,00:00,40.7642747,-73.7229386,LONG ISLAND EXPY,11362,111,UNKNOWN,Highway,18.10201212523128,False,QUEENS,"(40.7642747, -73.7229386)",trafficstat,False,False,False,False,False,False,False,False,False,,,,,,,
2026-07-03,00:00,40.7642747,-73.7229386,LONG ISLAND EXPY,11362,111,UNKNOWN,Highway,18.10201212523128,False,QUEENS,"(40.7642747, -73.7229386)",trafficstat,True,False,False,False,False,False,False,False,True,,,,,,,
2026-07-02,00:00,40.7642747,-73.7229386,LONG ISLAND EXPY,11362,111,UNKNOWN,Highway,18.10201212523128,False,QUEENS,"(40.7642747, -73.7229386)",trafficstat,True,False,False,False,False,False,False,True,False,,,,,,,
2026-06-23,00:00,40.7642747,-73.7229386,LONG ISLAND EXPY,11362,111,UNKNOWN,Highway,18.10201212523128,False,QUEENS,"(40.7642747, -73.7229386)",trafficstat,True,False,False,False,False,False,False,False,True,,,,,,,
2026-09-01,00:00,40.7595777,-73.7770263,CLEARVIEW EXPY,11361,111,UNKNOWN,Ramp,0.530010014289092,False,QUEENS,"(40.7595777, -73.7770263)",trafficstat,False,False,False,False,False,False,False,False,False,,,,,,,
2026-09-01,00:00,40.7683247,-73.7913763,FRANCIS LEWIS BLVD,11358,111,UNKNOWN,Street,19.035549340134803,False,QUEENS,"(40.7683247, -73.7913763)",trafficstat,False,False,False,False,False,False,False,False,False,,,,,,,
2026-09-01,00:00,40.7479826,-73.7599812,LONG ISLAND EXPY,11364,111,UNKNOWN,Highway,12.731999977467938,False,QUEENS,"(40.7479826, -73.7599812)",trafficstat,False,False,False,False,False,False,False,False,False,,,,,,,
2026-08-24,00:00,40.7479826,-73.7599812,LONG ISLAND EXPY,11364,111,UNKNOWN,Highway,12.731999977467938,False,QUEENS,"(40.7479826, -73.7599812)",trafficstat,True,False,False,False,False,False,False,False,True,,,,,,,
2026-09-01,00:00,40.7444741,-73.771784,CLEARVIEW EXPY,11364,111,UNKNOWN,Highway,3.7090668269063376,False,QUEENS,"(40.7444741, -73.771784)",trafficstat,False,False,False,False,False,False,False,False,False,,,,,,,
2026-08-31,00:00,40.7444741,-73.771784,CLEARVIEW EXPY,11364,111,UNKNOWN,Highway,3.7090668269063376,False,QUEENS,"(40.7444741, -73.771784)",trafficstat,True,False,False,False,False,True,False,False,False,,,,,,,
2026-08-28,00:00,40.7444741,-73.771784,CLEARVIEW EXPY,11364,111,UNKNOWN,Highway,3.7090668269063376,False,QUEENS,"(40.7444741, -73.771784)",trafficstat,True,False,False,False,False,False,False,True,False,,,,,,,
2026-08-24,00:00,40.7444741,-73.771784,CLEARVIEW EXPY,11364,111,UNKNOWN,Highway,3.7090668269063376,False,QUEENS,"(40.7444741, -73.771784)",trafficstat,True,False,False,False,False,False,False,False,True,,,,,,,
2026-08-11,00:00,40.7444741,-73.771784,CLEARVIEW EXPY,11364,111,UNKNOWN,Highway,3.7090668269063376,False,QUEENS,"(40.7444741, -73.771784)",trafficstat,False,False,False,False,False,False,False,False,False,,,,,,,
2026-08-10,00:00,40.7444741,-73.771784,CLEARVIEW EXPY,11364,111,UNKNOWN,Highway,3.7090668269063376,False,QUEENS,"(40.7444741, -73.771784)",trafficstat,True,False,False,False,False,False,False,True,False,,,,,,,
2026-08-07,00:00,40.7444741,-73.771784,CLEARVIEW EXPY,11364,111,OTHER,Highway,3.7090668269063376,False,QUEENS,"(40.7444741, -73.771784)",trafficstat,True,False,False,False,False,False,False,True,False,,,,,,,
2026-08-06,00:00,40.7444741,-73.771784,CLEARVIEW EXPY,11364,111,UNKNOWN,Highway,3.7090668269063376,False,QUEENS,"(40.7444741, -73.771784)",trafficstat,True,False,False,False,False,False,False,True,False,,,,,,,
2026-07-03,00:00,40.7444741,-73.771784,CLEARVIEW EXPY,11364,111,OTHER,Highway,3.7090668269063376,False,QUEENS,"(40.7444741, -73.771784)",trafficstat,False,False,False,False,False,False,False,False,False,,,,,,,
2026-06-19,00:00,40.7444741,-73.771784,CLEARVIEW EXPY,11364,111,UNKNOWN,Highway,3.7090668269063376,False,QUEENS,"(40.7444741, -73.771784)",trafficstat,False,False,False,False,False,False,False,False,False,,,,,,,
2026-06-12,00:00,40.7444741,-73.771784,CLEARVIEW EXPY,11364,111,UNKNOWN,Highway,3.7090668269063376,False,QUEENS,"(40.7444741, -73.771784)",trafficstat,False,False,False,False,False,False,False,False,False,,,,,,,
2026-08-31,00:00,40.7561444,-73.7404677,LONG ISLAND EXPY,11362,111,UNKNOWN,Highway,3.3646758098138805,False,QUEENS,"(40.7561444, -73.7404677)",trafficstat,False,False,False,False,False,False,False,False,False,,,,,,,
2026-08-31,00:00,40.758149,-73.7776664,CLEARVIEW EXPY,11361,111,UNKNOWN,Street,0.027658722923636754,False,QUEENS,"(40.758149, -73.7776664)",trafficstat,True,False,False,False,False,False,False,True,False,,,,,,,
2026-07-05,00:00,40.758149,-73.7776664,CLEARVIEW EXPY,11361,111,UNKNOWN,Street,0.027658722923636754,False,QUEENS,"(40.758149, -73.7776664)",trafficstat,True,False,True,False,False,False,False,False,False,,,,,,,
2026-08-31,00:00,40.7629122,-73.7796937,CLEARVIEW EXPY,11361,111,UNKNOWN,Street,1.2999016736148559,False,QUEENS,"(40.7629122, -73.7796937)",trafficstat,False,False,False,False,False,False,False,False,False,,,,,,,
2026-08-30,00:00,40.7591246,-73.7793695,43 AVE,11361,111,UNKNOWN,Street,57.66407338156852,False,QUEENS,"(40.7591246, -73.7793695)",trafficstat,False,False,False,False,False,False,False,False,False,,,,,,,
2026-08-30,00:00,40.7578472,-73.7894274,192 ST,11358,111,OTHER,Street,0.28103933306576273,False,QUEENS,"(40.7578472, -73.7894274)",trafficstat,False,False,False,False,False,False,False,False,False,,,,,,,
2026-08-17,00:00,40.7578472,-73.7894274,192 ST,11358,111,UNKNOWN,Street,0.28103933306576273,False,QUEENS,"(40.7578472, -73.7894274)",trafficstat,False,False,False,False,False,False,False,False,False,,,,,,,
2026-08-29,00:00,40.7673875,-73.7597272,CROSS ISLAND PKWY,11363,111,UNKNOWN,Highway,3.849374153827414,False,QUEENS,"(40.7673875, -73.7597272)",trafficstat,True,False,False,False,False,False,False,False,True,,,,,,,
2026-08-29,00:00,40.7525715,-73.7432752,CROSS ISLAND PKWY ET 30 E NB,11362,111,UNKNOWN,Ramp,10.069565361473188,False,QUEENS,"(40.7525715, -73.7432752)",trafficstat,False,False,False,False,False,False,False,False,False,,,,,,,
2026-08-28,00:00,40.7469665,-73.7571324,64 AVE,11364,111,OTHER,Street,2.8571631074295456,False,QUEENS,"(40.7469665, -73.7571324)",trafficstat,True,False,True,False,False,False,False,False,False,,,,,,,
2026-08-27,00:00,40.7481928,-73.75599,SPRINGFIELD BLVD,11364,111,OTHER,Street,64.68778734053913,False,QUEENS,"(40.7481928, -73.75599)",trafficstat,False,False,False,False,False,False,False,False,False,,,,,,,
2026-08-27,00:00,40.7542706,-73.7433336,LONG ISLAND EXPY,11362,111,UNKNOWN,Highway,1.550623007910084,False,QUEENS,"(40.7542706, -73.7433336)",trafficstat,True,False,False,False,False,False,False,True,False,,,,,,,
2026-06-19,00:00,40.7542706,-73.7433336,LONG ISLAND EXPY,11362,111,UNKNOWN,Highway,1.550623007910084,False,QUEENS,"(40.7542706, -73.7433336)",trafficstat,True,False,False,False,False,False,False,True,False,,,,,,,
2026-08-27,00:00,40.7515135,-73.7553075,223 ST,11364,111,UNKNOWN,Street,0.5415943906968348,False,QUEENS,"(40.7515135, -73.7553075)",trafficstat,False,False,False,False,False,False,False,False,False,,,,,,,
2026-08-27,00:00,40.7619942,-73.7584818,223 ST,11361,111,UNKNOWN,Street,0.6583650372196806,False,QUEENS,"(40.7619942, -73.7584818)",trafficstat,False,False,False,False,False,False,False,False,False,,,,,,,
2026-08-17,00:00,40.7619942,-73.7584818,223 ST,11361,111,OTHER,Street,0.6583650372196806,False,QUEENS,"(40.7619942, -73.7584818)",trafficstat,True,False,False,True,False,False,False,False,False,,,,,,,
2026-07-23,00:00,40.7619942,-73.7584818,223 ST,11361,111,UNKNOWN,Street,0.6583650372196806,False,QUEENS,"(40.7619942, -73.7584818)",trafficstat,True,False,False,True,False,False,False,False,False,,,,,,,
2026-08-27,00:00,40.7636006,-73.7709698,BELL BLVD,11361,111,OTHER,Bridge,0.8726498756289085,False,QUEENS,"(40.7636006, -73.7709698)",trafficstat,True,False,False,True,False,False,False,False,False,,,,,,,
2026-07-17,00:00,40.7636006,-73.7709698,BELL BLVD,11361,111,OTHER,Bridge,0.8726498756289085,False,QUEENS,"(40.7636006, -73.7709698)",trafficstat,False,False,False,False,False,False,False,False,False,,,,,,,
2026-08-26,00:00,40.76226,-73.7569827,NORTHERN BLVD,11363,111,UNKNOWN,Bridge,3.2227411574403497,False,QUEENS,"(40.76226, -73.7569827)",trafficstat,True,False,False,False,False,True,False,True,False,,,,,,,
2026-08-07,00:00,40.76226,-73.7569827,NORTHERN BLVD,11363,111,OTHER,Bridge,3.2227411574403497,False,QUEENS,"(40.76226, -73.7569827)",trafficstat,False,False,False,False,False,False,False,False,False,,,,,,,
2026-07-30,00:00,40.76226,-73.7569827,NORTHERN BLVD,11363,111,UNKNOWN,Bridge,3.2227411574403497,False,QUEENS,"(40.76226, -73.7569827)",trafficstat,True,False,False,False,False,False,False,True,False,,,,,,,
2026-07-21,00:00,40.76226,-73.7569827,NORTHERN BLVD,11363,111,UNKNOWN,Bridge,3.2227411574403497,False,QUEENS,"(40.76226, -73.7569827)",trafficstat,True,False,False,False,False,False,False,False,True,,,,,,,
2026-06-26,00:00,40.76226,-73.7569827,NORTHERN BLVD,11363,111,UNKNOWN,Bridge,3.2227411574403497,False,QUEENS,"(40.76226, -73.7569827)",trafficstat,False,False,False,False,False,False,False,False,False,,,,,,,
2026-08-26,00:00,40.7626802,-73.7705182,BELL BLVD,11361,111,UNKNOWN,Street,0.6080155181515353,False,QUEENS,"(40.7626802, -73.7705182)",trafficstat,False,False,False,False,False,False,False,False,False,,,,,,,
2026-08-26,00:00,40.7537979,-73.7442811,LONG ISLAND EXPY,11362,111,UNKNOWN,Highway,8.931422463021018,False,QUEENS,"(40.7537979, -73.7442811)",trafficstat,False,False,False,False,False,False,False,False,False,,,,,,,
2026-08-20,00:00,40.7537979,-73.7442811,LONG ISLAND EXPY,11362,111,UNKNOWN,Highway,8.931422463021018,False,QUEENS,"(40.7537979, -73.7442811)",trafficstat,False,False,False,False,False,False,False,False,False,,,,,,,
2026-08-14,00:00,40.7537979,-73.7442811,LONG ISLAND EXPY,11362,111,OTHER,Highway,8.931422463021018,False,QUEENS,"(40.7537979, -73.7442811)",trafficstat,True,False,False,False,False,False,False,True,False,,,,,,,
2026-08-13,00:00,40.7537979,-73.7442811,LONG ISLAND EXPY,11362,111,UNKNOWN,Highway,8.931422463021018,False,QUEENS,"(40.7537979, -73.7442811)",trafficstat,True,False,False,False,False,False,False,True,False,,,,,,,
2026-08-10,00:00,40.7537979,-73.7442811,LONG ISLAND EXPY,11362,111,UNKNOWN,Highway,8.931422463021018,False,QUEENS,"(40.7537979, -73.7442811)",trafficstat,False,False,False,False,False,False,False,False,False,,,,,,,
2026-08-25,00:00,40.7425136,-73.7342993,GRAND CENTRAL PKWY,11364,111,UNKNOWN,Highway,0.11110486181086249,False,QUEENS,"(40.7425136, -73.7342993)",trafficstat,True,False,False,False,False,False,False,True,False,,,,,,,
2026-08-25,00:00,40.7473906,-73.7617012,LONG ISLAND EXPY,11364,111,UNKNOWN,Highway,0.04337640331765447,False,QUEENS,"(40.7473906, -73.7617012)",trafficstat,False,False,False,False,False,False,False,False,False,,,,,,,
2026-08-25,00:00,40.7583835,-73.7488766,CROSS ISLAND PKWY,11364,111,UNKNOWN,Highway,2.11574736946803,False,QUEENS,"(40.7583835, -73.7488766)",trafficstat,True,False,False,False,False,False,False,True,False,,,,,,,
2026-08-25,00:00,40.7614383,-73.761747,220 ST,11361,111,UNKNOWN,Street,0.08683228370394093,False,QUEENS,"(40.7614383, -73.761747)",trafficstat,False,False,False,False,False,False,False,False,False,,,,,,,
2026-08-25,00:00,40.7569329,-73.7790168,204 ST,11361,111,OTHER,Street,1.3902677733820399,False,QUEENS,"(40.7569329, -73.7790168)",trafficstat,True,False,False,False,False,False,False,True,True,,,,,,,
2026-08-24,00:00,40.7441929,-73.7328995,CROSS ISLAND PKWY,11362,111,OTHER,Highway,1.4861107419272903,False,QUEENS,"(40.7441929, -73.7328995)",trafficstat,True,False,False,False,False,False,False,True,False,,,,,,,
2026-08-24,00:00,40.7374649,-73.7410853,GRAND CENTRAL PKWY,11364,111,OTHER,Highway,15.945479302210424,False,QUEENS,"(40.7374649, -73.7410853)",trafficstat,False,False,False,False,False,False,False,False,False,,,,,,,
2026-08-24,00:00,40.7499394,-73.752534,HORACE HARDING EXPY,11364,111,UNKNOWN,Street,52.392642310411105,False,QUEENS,"(40.7499394, -73.752534)",trafficstat,True,False,False,False,False,False,False,True,True,,,,,,,
2026-08-24,00:00,40.749256,-73.7396789,CROSS ISLAND PKWY,11362,111,UNKNOWN,Highway,7.562325430692138,False,QUEENS,"(40.749256, -73.7396789)",trafficstat,False,False,False,False,False,False,False,False,False,,,,,,,
2026-08-23,00:00,40.7576555,-73.7822775,NORTHERN BLVD,11361,111,UNKNOWN,Street,3.0108379981307087,False,QUEENS,"(40.7576555, -73.7822775)",trafficstat,False,False,False,False,False,False,False,False,False,,,,,,,
2026-08-23,00:00,40.7455433,-73.7767918,58 AVE,11365,111,OTHER,Street,3.2990285403322717,False,QUEENS,"(40.7455433, -73.7767918)",trafficstat,False,False,False,False,False,False,False,False,False,,,,,,,
2026-06-25,00:00,40.7455433,-73.7767918,58 AVE,11365,111,UNKNOWN,Street,3.2990285403322717,False,QUEENS,"(40.7455433, -73.7767918)",trafficstat,False,False,False,False,False,False,False,False,False,,,,,,,
2026-08-23,00:00,40.7508398,-73.7455725,233 ST,11364,111,OTHER,Street,58.564512696125675,False,QUEENS,"(40.7508398, -73.7455725)",trafficstat,True,False,True,False,False,False,False,False,False,,,,,,,
2026-08-23,00:00,40.761129,-73.7889658,193 ST,11358,111,UNKNOWN,Street,0.07593323908746587,False,QUEENS,"(40.761129, -73.7889658)",trafficstat,False,False,False,False,False,False,False,False,False,,,,,,,
2026-08-23,00:00,40.7680215,-73.7732904,BELL BLVD,11361,111,OTHER,Street,1.0324478397536114,False,QUEENS,"(40.7680215, -73.7732904)",trafficstat,False,False,False,False,False,False,False,False,False,,,,,,,
2026-08-22,00:00,40.732533,-73.7656426,CLEARVIEW EXPY,11364,111,UNKNOWN,Highway,16.188124513539854,False,QUEENS,"(40.732533, -73.7656426)",trafficstat,True,False,False,False,False,False,False,True,False,,,,,,,
2026-08-22,00:00,40.7577536,-73.7833817,CONNECTOR ROAD TO NORTHERN BL WB,11361,111,UNKNOWN,Street,1.0674397195267324,False,QUEENS,"(40.7577536, -73.7833817)",trafficstat,False,False,False,False,False,False,False,False,False,,,,,,,
2026-07-15,00:00,40.7577536,-73.7833817,CONNECTOR ROAD TO NORTHERN BL WB,11361,111,UNKNOWN,Street,1.0674397195267324,False,QUEENS,"(40.7577536, -73.7833817)",trafficstat,False,False,False,False,False,False,False,False,False,,,,,,,
2026-08-22,00:00,40.7512685,-73.7423851,CROSS ISLAND PKWY,11362,111,UNKNOWN,Highway,11.540147530414117,False,QUEENS,"(40.7512685, -73.7423851)",trafficstat,True,False,False,False,False,False,False,True,False,,,,,,,
2026-08-21,00:00,40.7536471,-73.7443922,LONG ISLAND EXPY,11362,111,UNKNOWN,Highway,18.412600455658918,False,QUEENS,"(40.7536471, -73.7443922)",trafficstat,True,False,False,False,False,False,False,True,False,,,,,,,
2026-07-18,00:00,40.7536471,-73.7443922,LONG ISLAND EXPY,11362,111,OTHER,Highway,18.412600455658918,False,QUEENS,"(40.7536471, -73.7443922)",trafficstat,True,False,False,False,False,False,False,False,True,,,,,,,
2026-06-29,00:00,40.7536471,-73.7443922,LONG ISLAND EXPY,11362,111,UNKNOWN,Highway,18.412600455658918,False,QUEENS,"(40.7536471, -73.7443922)",trafficstat,True,False,False,False,False,False,False,False,True,,,,,,,
2026-08-21,00:00,40.7264559,-73.7563101,GRAND CENTRAL PKWY,11427,111,UNKNOWN,Highway,3.772951816067668,False,QUEENS,"(40.7264559, -73.7563101)",trafficstat,True,False,False,False,False,False,False,True,False,,,,,,,
2026-06-24,00:00,40.7264559,-73.7563101,GRAND CENTRAL PKWY,11427,111,UNKNOWN,Highway,3.772951816067668,False,QUEENS,"(40.7264559, -73.7563101)",trafficstat,False,False,False,False,False,False,False,False,False,,,,,,,
2026-08-21,00:00,40.7643928,-73.7875946,35 AVE,11361,111,OTHER,Street,2.9915096096361036,False,QUEENS,"(40.7643928, -73.7875946)",trafficstat,False,False,False,False,False,False,False,False,False,,,,,,,
2026-08-20,00:00,40.7664059,-73.7809182,CLEARVIEW EXPY,11360,111,UNKNOWN,Highway,0.36556943911604406,False,QUEENS,"(40.7664059, -73.7809182)",trafficstat,False,False,False,False,False,False,False,False,False,,,,,,,
2026-07-14,00:00,40.7664059,-73.7809182,CLEARVIEW EXPY,11360,111,UNKNOWN,Highway,0.36556943911604406,False,QUEENS,"(40.7664059, -73.7809182)",trafficstat,True,False,False,False,False,False,False,False,True,,,,,,,
2026-06-29,00:00,40.7664059,-73.7809182,CLEARVIEW EXPY,11360,111,UNKNOWN,Highway,0.36556943911604406,False,QUEENS,"(40.7664059, -73.7809182)",trafficstat,True,False,False,False,False,False,False,True,False,,,,,,,
2026-08-19,00:00,40.7396654,-73.7921481,HORACE HARDING EXPY,11365,111,UNKNOWN,Street,3.1583185650783543,False,QUEENS,"(40.7396654, -73.7921481)",trafficstat,True,False,True,False,False,False,False,False,False,,,,,,,
2026-08-19,00:00,40.7473315,-73.7557993,SPRINGFIELD BLVD,11364,111,UNKNOWN,Street,0.2855188544736527,False,QUEENS,"(40.7473315, -73.7557993)",trafficstat,False,False,False,False,False,False,False,False,False,,,,,,,
2026-08-18,00:00,40.7561988,-73.7464051,CROSS ISLAND PKWY,11362,111,UNKNOWN,Highway,3.5831530850711917,False,QUEENS,"(40.7561988, -73.7464051)",trafficstat,True,False,False,False,False,False,False,False,True,,,,,,,
2026-08-18,00:00,40.7609427,-73.7311286,LONG ISLAND EXPY,11362,111,UNKNOWN,Highway,6.01000360437002,False,QUEENS,"(40.7609427, -73.7311286)",trafficstat,True,False,False,False,False,False,False,True,False,,,,,,,
2026-07-15,00:00,40.7609427,-73.7311286,LONG ISLAND EXPY,11362,111,UNKNOWN,Highway,6.01000360437002,False,QUEENS,"(40.7609427, -73.7311286)",trafficstat,True,False,False,False,False,False,False,False,True,,,,,,,
2026-07-07,00:00,40.7609427,-73.7311286,LONG ISLAND EXPY,11362,111,UNKNOWN,Highway,6.01000360437002,False,QUEENS,"(40.7609427, -73.7311286)",trafficstat,False,False,False,False,False,False,False,False,False,,,,,,,
2026-08-18,00:00,40.7594528,-73.7733111,NORTHERN BLVD,11361,111,UNKNOWN,Street,52.380392808471704,False,QUEENS,"(40.7594528, -73.7733111)",trafficstat,False,False,False,False,False,False,False,False,False,,,,,,,
2026-08-17,00:00,40.7593995,-73.7729155,NORTHERN BLVD,11361,111,OTHER,Street,2.5538377739698204,False,QUEENS,"(40.7593995, -73.7729155)",trafficstat,False,False,False,False,False,False,False,False,False,,,,,,,
2026-08-17,00:00,40.765053,-73.77273,213 ST,11361,111,UNKNOWN,Street,0.5322189903690111,False,QUEENS,"(40.765053, -73.77273)",trafficstat,False,False,False,False,False,False,False,False,False,,,,,,,
2026-08-17,00:00,40.7554912,-73.7417263,LONG ISLAND EXPY,11362,111,UNKNOWN,Highway,4.4285248397083565,False,QUEENS,"(40.7554912, -73.7417263)",trafficstat,True,False,False,False,False,False,False,True,False,,,,,,,
2026-07-15,00:00,40.7554912,-73.7417263,LONG ISLAND EXPY,11362,111,UNKNOWN,Highway,4.4285248397083565,False,QUEENS,"(40.7554912, -73.7417263)",trafficstat,True,False,False,False,False,False,False,False,True,,,,,,,