crash_date,crash_time,latitude,longitude,on_street_name,zip_code,precinct,collision_type,roadway_type,geocode_dist_feet,time_is_known,borough,location,source,injury,fatality,injured_pedestrian,injured_cyclist,injured_ebike_rider,injured_motorcyclist,injured_moped_rider,injured_car_occupant,injured_suv_occupant,number_of_persons_injured,number_of_persons_killed,contributing_factor_vehicle_1,collision_id,cross_street_name,off_street_name,vehicle_type_code1
2026-08-17,00:00,40.7455252,-73.7676143,HORACE HARDING EXPY,11364,111,UNKNOWN,Street,3.4662725748052186,False,QUEENS,"(40.7455252, -73.7676143)",trafficstat,False,False,False,False,False,False,False,False,False,,,,,,,
2026-08-08,00:00,40.7455252,-73.7676143,HORACE HARDING EXPY,11364,111,OTHER,Street,3.4662725748052186,False,QUEENS,"(40.7455252, -73.7676143)",trafficstat,False,False,False,False,False,False,False,False,False,,,,,,,
2026-08-16,00:00,40.7445539,-73.7803895,196 PL,11365,111,UNKNOWN,Street,0.7676373159264056,False,QUEENS,"(40.7445539, -73.7803895)",trafficstat,False,False,False,False,False,False,False,False,False,,,,,,,
2026-08-16,00:00,40.7494792,-73.7563956,LONG ISLAND EXPY,11364,111,OTHER,Highway,2.454448978885771,False,QUEENS,"(40.7494792, -73.7563956)",trafficstat,False,False,False,False,False,False,False,False,False,,,,,,,
2026-08-15,00:00,40.7494792,-73.7563956,LONG ISLAND EXPY,11364,111,UNKNOWN,Highway,2.454448978885771,False,QUEENS,"(40.7494792, -73.7563956)",trafficstat,True,False,False,False,False,False,False,False,True,,,,,,,
2026-07-13,00:00,40.7494792,-73.7563956,LONG ISLAND EXPY,11364,111,UNKNOWN,Highway,2.454448978885771,False,QUEENS,"(40.7494792, -73.7563956)",trafficstat,True,False,False,False,False,False,False,True,False,,,,,,,
2026-08-16,00:00,40.7559603,-73.738012,61 AVE,11362,111,UNKNOWN,Street,126.97674087545887,False,QUEENS,"(40.7559603, -73.738012)",trafficstat,False,False,False,False,False,False,False,False,False,,,,,,,
2026-08-15,00:00,40.7660879,-73.7590929,CROSS ISLAND PKWY,11363,111,OTHER,Highway,0.8094651310440727,False,QUEENS,"(40.7660879, -73.7590929)",trafficstat,True,False,False,False,False,False,False,False,True,,,,,,,
2026-08-15,00:00,40.7593581,-73.7502374,CROSS ISLAND PKWY,11362,111,UNKNOWN,Highway,6.481268131867432,False,QUEENS,"(40.7593581, -73.7502374)",trafficstat,True,False,False,False,False,False,False,True,False,,,,,,,
2026-08-14,00:00,40.7598268,-73.7697181,NORTHERN BLVD,11361,111,UNKNOWN,Street,135.1762014547322,False,QUEENS,"(40.7598268, -73.7697181)",trafficstat,False,False,False,False,False,False,False,False,False,,,,,,,
2026-08-14,00:00,40.777285,-73.7746562,214 ST,11360,111,UNKNOWN,Street,0.44693684107514803,False,QUEENS,"(40.777285, -73.7746562)",trafficstat,True,False,False,True,False,False,False,False,False,,,,,,,
2026-08-14,00:00,40.7434873,-73.7328519,GRAND CENTRAL PKWY,11364,111,UNKNOWN,Highway,0.25227767302686105,False,QUEENS,"(40.7434873, -73.7328519)",trafficstat,False,False,False,False,False,False,False,False,False,,,,,,,
2026-08-11,00:00,40.7434873,-73.7328519,GRAND CENTRAL PKWY,11364,111,UNKNOWN,Highway,0.25227767302686105,False,QUEENS,"(40.7434873, -73.7328519)",trafficstat,True,False,False,False,False,False,False,False,True,,,,,,,
2026-07-01,00:00,40.7434873,-73.7328519,GRAND CENTRAL PKWY,11364,111,UNKNOWN,Highway,0.25227767302686105,False,QUEENS,"(40.7434873, -73.7328519)",trafficstat,False,False,False,False,False,False,False,False,False,,,,,,,
2026-06-24,00:00,40.7434873,-73.7328519,GRAND CENTRAL PKWY,11364,111,UNKNOWN,Highway,0.25227767302686105,False,QUEENS,"(40.7434873, -73.7328519)",trafficstat,False,False,False,False,False,False,False,False,False,,,,,,,
2026-08-13,00:00,40.7447814,-73.7487801,69 AVE,11364,111,UNKNOWN,Street,56.87698926734204,False,QUEENS,"(40.7447814, -73.7487801)",trafficstat,False,False,False,False,False,False,False,False,False,,,,,,,
2026-08-13,00:00,40.7292618,-73.7528131,BELL BLVD,11427,111,UNKNOWN,Street,0.3286910235028009,False,QUEENS,"(40.7292618, -73.7528131)",trafficstat,True,False,False,False,False,False,False,True,False,,,,,,,
2026-08-13,00:00,40.7648502,-73.7354181,MARATHON PKWY,11362,111,UNKNOWN,Street,0.45975966905068133,False,QUEENS,"(40.7648502, -73.7354181)",trafficstat,False,False,False,False,False,False,False,False,False,,,,,,,
2026-08-12,00:00,40.7642466,-73.7491004,NORTHERN BLVD,11363,111,UNKNOWN,Street,83.10980916692803,False,QUEENS,"(40.7642466, -73.7491004)",trafficstat,True,False,False,True,False,False,False,False,False,,,,,,,
2026-07-31,00:00,40.7642466,-73.7491004,NORTHERN BLVD,11363,111,OTHER,Street,83.10980916692803,False,QUEENS,"(40.7642466, -73.7491004)",trafficstat,True,False,False,True,False,False,False,False,False,,,,,,,
2026-07-24,00:00,40.7642466,-73.7491004,NORTHERN BLVD,11363,111,OTHER,Street,83.10980916692803,False,QUEENS,"(40.7642466, -73.7491004)",trafficstat,True,False,False,True,False,False,False,False,False,,,,,,,
2026-08-11,00:00,40.7600013,-73.7519388,CROSS ISLAND PKWY,11362,111,UNKNOWN,Highway,3.2222017517042616,False,QUEENS,"(40.7600013, -73.7519388)",trafficstat,False,False,False,False,False,False,False,False,False,,,,,,,
2026-06-21,00:00,40.7600013,-73.7519388,CROSS ISLAND PKWY,11362,111,UNKNOWN,Highway,3.2222017517042616,False,QUEENS,"(40.7600013, -73.7519388)",trafficstat,True,False,False,False,False,False,False,True,True,,,,,,,
2026-08-11,00:00,40.7476009,-73.7561143,SPRINGFIELD BLVD,11364,111,UNKNOWN,Street,45.8881519380845,False,QUEENS,"(40.7476009, -73.7561143)",trafficstat,True,False,False,False,False,False,False,True,False,,,,,,,
2026-08-10,00:00,40.7533951,-73.7924192,46 AVE,11358,111,UNKNOWN,Street,3.0413120357482395,False,QUEENS,"(40.7533951, -73.7924192)",trafficstat,True,False,False,False,False,False,False,False,False,,,,,,,
2026-08-10,00:00,40.766156,-73.7793941,208 ST,11361,111,OTHER,Street,0.4384218194609529,False,QUEENS,"(40.766156, -73.7793941)",trafficstat,True,False,False,False,False,False,False,False,True,,,,,,,
2026-08-09,00:00,40.7612136,-73.7553816,CROSS ISLAND PKWY,11362,111,UNKNOWN,Highway,6.250138242303564,False,QUEENS,"(40.7612136, -73.7553816)",trafficstat,False,False,False,False,False,False,False,False,False,,,,,,,
2026-08-09,00:00,40.7616905,-73.7328208,MARATHON PKWY,11362,111,OTHER,Street,1.3116808603173813,False,QUEENS,"(40.7616905, -73.7328208)",trafficstat,True,False,False,False,False,False,False,True,False,,,,,,,
2026-08-08,00:00,40.7620224,-73.7881833,39 AVE,11358,111,UNKNOWN,Street,2.6280707896921167,False,QUEENS,"(40.7620224, -73.7881833)",trafficstat,False,False,False,False,False,False,False,False,False,,,,,,,
2026-08-08,00:00,40.763049,-73.7682571,215 ST,11361,111,UNKNOWN,Street,0.0014770131110374823,False,QUEENS,"(40.763049, -73.7682571)",trafficstat,False,False,False,False,False,False,False,False,False,,,,,,,
2026-08-08,00:00,40.75826,-73.76828,BELL BLVD,11361,111,OTHER,Street,1.79935607182615,False,QUEENS,"(40.75826, -73.76828)",trafficstat,False,False,False,False,False,False,False,False,False,,,,,,,
2026-08-08,00:00,40.772808,-73.74232,249 ST,11363,111,UNKNOWN,Street,1.7796458877554286,False,QUEENS,"(40.772808, -73.74232)",trafficstat,False,False,False,False,False,False,False,False,False,,,,,,,
2026-08-08,00:00,40.7490028,-73.7773613,201 ST,11364,111,OTHER,Street,1.2033127302418862,False,QUEENS,"(40.7490028, -73.7773613)",trafficstat,True,False,False,False,False,False,False,True,False,,,,,,,
2026-08-07,00:00,40.751586,-73.7457066,233 ST,11364,111,UNKNOWN,Street,0.39498270464106267,False,QUEENS,"(40.751586, -73.7457066)",trafficstat,False,False,False,False,False,False,False,False,False,,,,,,,
2026-08-06,00:00,40.7499605,-73.7575907,SPRINGFIELD BLVD,11364,111,UNKNOWN,Street,97.90493415171895,False,QUEENS,"(40.7499605, -73.7575907)",trafficstat,True,False,False,False,False,False,False,True,False,,,,,,,
2026-08-06,00:00,40.7438098,-73.7759676,HORACE HARDING EXPY,11364,111,OTHER,Street,3.096497438208407,False,QUEENS,"(40.7438098, -73.7759676)",trafficstat,False,False,False,False,False,False,False,False,False,,,,,,,
2026-07-27,00:00,40.7438098,-73.7759676,HORACE HARDING EXPY,11364,111,UNKNOWN,Street,3.096497438208407,False,QUEENS,"(40.7438098, -73.7759676)",trafficstat,True,False,False,False,False,False,False,False,True,,,,,,,
2026-08-06,00:00,40.7690639,-73.7724449,35 AVE,11361,111,OTHER,Street,69.81443518974352,False,QUEENS,"(40.7690639, -73.7724449)",trafficstat,False,False,False,False,False,False,False,False,False,,,,,,,
2026-08-06,00:00,40.7634441,-73.7779519,208 ST,11361,111,UNKNOWN,Street,0.4947450329587922,False,QUEENS,"(40.7634441, -73.7779519)",trafficstat,False,False,False,False,False,False,False,False,False,,,,,,,
2026-08-06,00:00,40.7653207,-73.7718953,BELL BLVD,11361,111,UNKNOWN,Street,0.38612153387879355,False,QUEENS,"(40.7653207, -73.7718953)",trafficstat,False,False,False,False,False,False,False,False,False,,,,,,,
2026-08-06,00:00,40.7606468,-73.766605,215 PL,11361,111,UNKNOWN,Street,0.6347687402595065,False,QUEENS,"(40.7606468, -73.766605)",trafficstat,False,False,False,False,False,False,False,False,False,,,,,,,
2026-08-05,00:00,40.7582144,-73.7774005,CLEARVIEW EXPY,11360,111,UNKNOWN,Highway,0.18697634048555342,False,QUEENS,"(40.7582144, -73.7774005)",trafficstat,True,False,False,False,False,False,False,False,True,,,,,,,
2026-07-25,00:00,40.7582144,-73.7774005,CLEARVIEW EXPY,11360,111,UNKNOWN,Highway,0.18697634048555342,False,QUEENS,"(40.7582144, -73.7774005)",trafficstat,True,False,False,False,False,False,False,True,False,,,,,,,
2026-07-20,00:00,40.7582144,-73.7774005,CLEARVIEW EXPY,11360,111,UNKNOWN,Highway,0.18697634048555342,False,QUEENS,"(40.7582144, -73.7774005)",trafficstat,False,False,False,False,False,False,False,False,False,,,,,,,
2026-06-30,00:00,40.7582144,-73.7774005,CLEARVIEW EXPY,11360,111,OTHER,Highway,0.18697634048555342,False,QUEENS,"(40.7582144, -73.7774005)",trafficstat,True,False,False,False,False,False,False,False,True,,,,,,,
2026-06-25,00:00,40.7582144,-73.7774005,CLEARVIEW EXPY,11360,111,UNKNOWN,Highway,0.18697634048555342,False,QUEENS,"(40.7582144, -73.7774005)",trafficstat,True,False,False,False,False,False,False,True,False,,,,,,,
2026-08-05,00:00,40.7684911,-73.7762094,35 AVE,11361,111,UNKNOWN,Street,2.9550465289655024,False,QUEENS,"(40.7684911, -73.7762094)",trafficstat,True,False,False,True,False,False,False,False,False,,,,,,,
2026-08-05,00:00,40.7638256,-73.7268486,LIE WB ENTRANCE 254 ST,11362,111,UNKNOWN,Ramp,2.635448753981204,False,QUEENS,"(40.7638256, -73.7268486)",trafficstat,False,False,False,False,False,False,False,False,False,,,,,,,
2026-08-05,00:00,40.7456688,-73.7924902,PECK AVE,11365,111,OTHER,Street,2.843322008901144,False,QUEENS,"(40.7456688, -73.7924902)",trafficstat,True,False,False,False,False,False,False,True,False,,,,,,,
2026-08-04,00:00,40.7488506,-73.7590203,HORACE HARDING EXPY,11364,111,UNKNOWN,Street,2.9284930518652965,False,QUEENS,"(40.7488506, -73.7590203)",trafficstat,False,False,False,False,False,False,False,False,False,,,,,,,
2026-06-21,00:00,40.7488506,-73.7590203,HORACE HARDING EXPY,11364,111,OTHER,Street,2.9284930518652965,False,QUEENS,"(40.7488506, -73.7590203)",trafficstat,False,False,False,False,False,False,False,False,False,,,,,,,
2026-08-04,00:00,40.7467748,-73.7924146,UNDERHILL AVE,11365,111,UNKNOWN,Street,2.613525433003608,False,QUEENS,"(40.7467748, -73.7924146)",trafficstat,False,False,False,False,False,False,False,False,False,,,,,,,
2026-08-04,00:00,40.7506413,-73.7393436,DOUGLASTON PKWY,11362,111,UNKNOWN,Street,1.0077262066943244,False,QUEENS,"(40.7506413, -73.7393436)",trafficstat,True,False,True,False,False,False,False,False,False,,,,,,,
2026-08-04,00:00,40.7676704,-73.7472707,DOUGLASTON PKWY,11363,111,UNKNOWN,Street,40.25659427728257,False,QUEENS,"(40.7676704, -73.7472707)",trafficstat,True,False,False,False,False,False,False,False,True,,,,,,,
2026-08-04,00:00,40.7592733,-73.7503677,CROSS ISLAND PKWY,11364,111,UNKNOWN,Highway,4.841727603361856,False,QUEENS,"(40.7592733, -73.7503677)",trafficstat,True,False,False,False,False,False,False,False,True,,,,,,,
2026-07-04,00:00,40.7592733,-73.7503677,CROSS ISLAND PKWY,11364,111,UNKNOWN,Highway,4.841727603361856,False,QUEENS,"(40.7592733, -73.7503677)",trafficstat,False,False,False,False,False,False,False,False,False,,,,,,,
2026-08-03,00:00,40.7656258,-73.7243936,NASSAU BLVD,11362,111,UNKNOWN,Street,2.1467096701293964,False,QUEENS,"(40.7656258, -73.7243936)",trafficstat,True,False,False,False,False,False,False,True,False,,,,,,,
2026-06-26,00:00,40.7656258,-73.7243936,NASSAU BLVD,11362,111,UNKNOWN,Street,2.1467096701293964,False,QUEENS,"(40.7656258, -73.7243936)",trafficstat,True,False,False,False,False,False,False,True,False,,,,,,,
2026-08-01,00:00,40.7532057,-73.7762572,CLEARVIEW EXPY,11364,111,OTHER,Street,0.09265027655157636,False,QUEENS,"(40.7532057, -73.7762572)",trafficstat,False,False,False,False,False,False,False,False,False,,,,,,,
2026-07-31,00:00,40.7545588,-73.7231869,LITTLE NECK PKWY,11362,111,UNKNOWN,Street,0.7771683057719216,False,QUEENS,"(40.7545588, -73.7231869)",trafficstat,False,False,False,False,False,False,False,False,False,,,,,,,
2026-07-31,00:00,40.7491316,-73.7538703,223 PL,11364,111,UNKNOWN,Street,34.97337275013167,False,QUEENS,"(40.7491316, -73.7538703)",trafficstat,False,False,False,False,False,False,False,False,False,,,,,,,
2026-07-30,00:00,40.7522335,-73.7740038,206 ST,11364,111,OTHER,Street,46.52417398383586,False,QUEENS,"(40.7522335, -73.7740038)",trafficstat,False,False,False,False,False,False,False,False,False,,,,,,,
2026-07-30,00:00,40.7445341,-73.7715998,CLEARVIEW EXPY,11364,111,UNKNOWN,Highway,1.3478578357462678,False,QUEENS,"(40.7445341, -73.7715998)",trafficstat,True,False,False,False,False,False,False,False,True,,,,,,,
2026-06-23,00:00,40.7445341,-73.7715998,CLEARVIEW EXPY,11364,111,OTHER,Highway,1.3478578357462678,False,QUEENS,"(40.7445341, -73.7715998)",trafficstat,True,False,False,False,False,False,False,True,False,,,,,,,
2026-06-20,00:00,40.7445341,-73.7715998,CLEARVIEW EXPY,11364,111,UNKNOWN,Highway,1.3478578357462678,False,QUEENS,"(40.7445341, -73.7715998)",trafficstat,True,False,False,False,False,True,False,False,False,,,,,,,
2026-06-17,00:00,40.7445341,-73.7715998,CLEARVIEW EXPY,11364,111,UNKNOWN,Highway,1.3478578357462678,False,QUEENS,"(40.7445341, -73.7715998)",trafficstat,False,False,False,False,False,False,False,False,False,,,,,,,
2026-06-16,00:00,40.7445341,-73.7715998,CLEARVIEW EXPY,11364,111,UNKNOWN,Highway,1.3478578357462678,False,QUEENS,"(40.7445341, -73.7715998)",trafficstat,False,False,False,False,False,False,False,False,False,,,,,,,
2026-07-30,00:00,40.746211,-73.7356162,CROSS ISLAND PKWY,11362,111,UNKNOWN,Highway,7.787983769918814,False,QUEENS,"(40.746211, -73.7356162)",trafficstat,False,False,False,False,False,False,False,False,False,,,,,,,
2026-07-30,00:00,40.7413776,-73.7858997,HORACE HARDING EXPY,11365,111,UNKNOWN,Street,3.259534146505087,False,QUEENS,"(40.7413776, -73.7858997)",trafficstat,False,False,False,False,False,False,False,False,False,,,,,,,
2026-07-30,00:00,40.7594057,-73.7734855,NORTHERN BLVD,11361,111,UNKNOWN,Street,52.35675443432569,False,QUEENS,"(40.7594057, -73.7734855)",trafficstat,False,False,False,False,False,False,False,False,False,,,,,,,
2026-07-29,00:00,40.7645715,-73.7242644,LITTLE NECK PKWY,11362,111,OTHER,Street,0.18059966118363824,False,QUEENS,"(40.7645715, -73.7242644)",trafficstat,False,False,False,False,False,False,False,False,False,,,,,,,
2026-07-24,00:00,40.7645715,-73.7242644,LITTLE NECK PKWY,11362,111,UNKNOWN,Street,0.18059966118363824,False,QUEENS,"(40.7645715, -73.7242644)",trafficstat,False,False,False,False,False,False,False,False,False,,,,,,,
2026-07-05,00:00,40.7645715,-73.7242644,LITTLE NECK PKWY,11362,111,UNKNOWN,Street,0.18059966118363824,False,QUEENS,"(40.7645715, -73.7242644)",trafficstat,False,False,False,False,False,False,False,False,False,,,,,,,
2026-07-28,00:00,40.7662743,-73.7400694,NORTHERN BLVD,11362,111,UNKNOWN,Street,2.7865563227869536,False,QUEENS,"(40.7662743, -73.7400694)",trafficstat,False,False,False,False,False,False,False,False,False,,,,,,,
2026-07-27,00:00,40.7755742,-73.7742395,214 ST,11360,111,OTHER,Street,0.320255230413365,False,QUEENS,"(40.7755742, -73.7742395)",trafficstat,True,False,False,False,False,False,False,True,True,,,,,,,
2026-07-26,00:00,40.7650679,-73.7802114,CLEARVIEW EXPY,11360,111,UNKNOWN,Highway,0.53313073075494,False,QUEENS,"(40.7650679, -73.7802114)",trafficstat,True,False,False,False,False,False,False,True,True,,,,,,,
2026-07-26,00:00,40.7561057,-73.7465426,CROSS ISLAND PKWY,11364,111,UNKNOWN,Highway,3.083436789587996,False,QUEENS,"(40.7561057, -73.7465426)",trafficstat,True,False,False,False,False,False,False,True,False,,,,,,,
2026-06-16,00:00,40.7561057,-73.7465426,CROSS ISLAND PKWY,11364,111,UNKNOWN,Highway,3.083436789587996,False,QUEENS,"(40.7561057, -73.7465426)",trafficstat,True,False,False,False,False,False,False,False,True,,,,,,,
2026-07-26,00:00,40.7468919,-73.7634714,LONG ISLAND EXPY,11364,111,UNKNOWN,Highway,2.5413237168302505,False,QUEENS,"(40.7468919, -73.7634714)",trafficstat,True,False,False,False,False,True,False,False,False,,,,,,,
2026-06-24,00:00,40.7468919,-73.7634714,LONG ISLAND EXPY,11364,111,UNKNOWN,Highway,2.5413237168302505,False,QUEENS,"(40.7468919, -73.7634714)",trafficstat,False,False,False,False,False,False,False,False,False,,,,,,,
2026-07-26,00:00,40.7567178,-73.7391791,DOUGLASTON PKWY,11362,111,UNKNOWN,Street,0.10345839521345847,False,QUEENS,"(40.7567178, -73.7391791)",trafficstat,True,False,False,False,False,False,False,False,True,,,,,,,
2026-07-25,00:00,40.7497559,-73.7548498,LONG ISLAND EXPY,11364,111,UNKNOWN,Highway,4.188565043060814,False,QUEENS,"(40.7497559, -73.7548498)",trafficstat,False,False,False,False,False,False,False,False,False,,,,,,,
2026-07-25,00:00,40.7324613,-73.7654603,CLEARVIEW EXPY,11427,111,UNKNOWN,Highway,2.6222838684328025,False,QUEENS,"(40.7324613, -73.7654603)",trafficstat,False,False,False,False,False,False,False,False,False,,,,,,,
2026-07-25,00:00,40.7650271,-73.780392,CLEARVIEW EXPY,11360,111,UNKNOWN,Highway,2.557623871942264,False,QUEENS,"(40.7650271, -73.780392)",trafficstat,True,False,False,False,False,True,False,False,False,,,,,,,
2026-07-24,00:00,40.7650811,-73.7257446,NASSAU BLVD,11362,111,UNKNOWN,Street,168.5215166160253,False,QUEENS,"(40.7650811, -73.7257446)",trafficstat,True,False,False,False,False,False,False,False,True,,,,,,,
2026-07-24,00:00,40.7557727,-73.7882645,193 ST,11358,111,UNKNOWN,Street,0.175421874895819,False,QUEENS,"(40.7557727, -73.7882645)",trafficstat,False,False,False,False,False,False,False,False,False,,,,,,,
2026-07-24,00:00,40.7634588,-73.7237997,LITTLE NECK PKWY,11362,111,UNKNOWN,Street,0.43955542912368434,False,QUEENS,"(40.7634588, -73.7237997)",trafficstat,False,False,False,False,False,False,False,False,False,,,,,,,
2026-07-17,00:00,40.7634588,-73.7237997,LITTLE NECK PKWY,11362,111,UNKNOWN,Street,0.43955542912368434,False,QUEENS,"(40.7634588, -73.7237997)",trafficstat,True,False,True,False,False,False,False,False,False,,,,,,,
2026-07-24,00:00,40.7636945,-73.7796708,CLEARVIEW EXPY,11360,111,UNKNOWN,Highway,5.365115452058787,False,QUEENS,"(40.7636945, -73.7796708)",trafficstat,True,False,False,False,False,False,False,False,True,,,,,,,
2026-07-24,00:00,40.7471001,-73.7632433,LONG ISLAND EXPY,11364,111,UNKNOWN,Highway,10.73314102510992,False,QUEENS,"(40.7471001, -73.7632433)",trafficstat,True,False,False,False,False,False,False,True,False,,,,,,,
2026-07-23,00:00,40.7491865,-73.7581853,HORACE HARDING EXPY,11364,111,UNKNOWN,Street,3.37344241351448,False,QUEENS,"(40.7491865, -73.7581853)",trafficstat,False,False,False,False,False,False,False,False,False,,,,,,,
2026-07-23,00:00,40.7577549,-73.7930301,UTOPIA PKWY,11358,111,OTHER,Street,1.3435062237693098,False,QUEENS,"(40.7577549, -73.7930301)",trafficstat,True,False,False,False,False,True,False,False,False,,,,,,,
2026-07-22,00:00,40.756173,-73.7841055,45 AVE,11358,111,UNKNOWN,Street,52.688536960103995,False,QUEENS,"(40.756173, -73.7841055)",trafficstat,False,False,False,False,False,False,False,False,False,,,,,,,
2026-07-21,00:00,40.76218,-73.7567895,CROSS ISLAND PKWY,11362,111,UNKNOWN,Highway,3.870141134185843,False,QUEENS,"(40.76218, -73.7567895)",trafficstat,True,False,False,False,False,False,False,False,True,,,,,,,
2026-07-17,00:00,40.76218,-73.7567895,CROSS ISLAND PKWY,11362,111,UNKNOWN,Highway,3.870141134185843,False,QUEENS,"(40.76218, -73.7567895)",trafficstat,True,False,False,False,False,False,False,True,False,,,,,,,
2026-06-24,00:00,40.76218,-73.7567895,CROSS ISLAND PKWY,11362,111,OTHER,Highway,3.870141134185843,False,QUEENS,"(40.76218, -73.7567895)",trafficstat,True,False,False,False,False,False,False,False,True,,,,,,,
2026-07-21,00:00,40.74678,-73.7651414,HORACE HARDING EXPY,11364,111,UNKNOWN,Street,2.960654466273666,False,QUEENS,"(40.74678, -73.7651414)",trafficstat,True,False,False,False,False,False,False,False,False,,,,,,,
2026-07-20,00:00,40.7558861,-73.7641056,48 AVE,11364,111,OTHER,Street,58.50540011045855,False,QUEENS,"(40.7558861, -73.7641056)",trafficstat,False,False,False,False,False,False,False,False,False,,,,,,,
2026-07-20,00:00,40.7694848,-73.7923835,UTOPIA PKWY,11358,111,UNKNOWN,Street,0.21771742667179458,False,QUEENS,"(40.7694848, -73.7923835)",trafficstat,True,False,False,False,False,False,False,True,False,,,,,,,
2026-07-20,00:00,40.7620622,-73.7589844,NORTHERN BLVD,11361,111,OTHER,Street,50.77655443704952,False,QUEENS,"(40.7620622, -73.7589844)",trafficstat,False,False,False,False,False,False,False,False,False,,,,,,,
2026-07-20,00:00,40.7800435,-73.7691404,CROSS ISLAND PKWY,11360,111,UNKNOWN,Highway,20.98045746325988,False,QUEENS,"(40.7800435, -73.7691404)",trafficstat,False,False,False,False,False,False,False,False,False,,,,,,,
2026-06-15,00:00,40.7800435,-73.7691404,CROSS ISLAND PKWY,11360,111,OTHER,Highway,20.98045746325988,False,QUEENS,"(40.7800435, -73.7691404)",trafficstat,True,False,False,False,False,False,False,True,False,,,,,,,
2026-06-15,00:00,40.7800435,-73.7691404,CROSS ISLAND PKWY,11360,111,UNKNOWN,Highway,20.98045746325988,False,QUEENS,"(40.7800435, -73.7691404)",trafficstat,True,False,False,False,False,False,False,True,False,,,,,,,
2026-07-19,00:00,40.76426,-73.7885191,194 ST,11358,111,OTHER,Street,0.1294091727868286,False,QUEENS,"(40.76426, -73.7885191)",trafficstat,True,False,False,False,False,False,False,False,False,,,,,,,
2026-07-19,00:00,40.7558428,-73.7802549,202 ST,11361,111,UNKNOWN,Street,0.4473721893720461,False,QUEENS,"(40.7558428, -73.7802549)",trafficstat,False,False,False,False,False,False,False,False,False,,,,,,,
2026-07-19,00:00,40.7596258,-73.7313888,MARATHON PKWY,11362,111,UNKNOWN,Street,0.5247680135574725,False,QUEENS,"(40.7596258, -73.7313888)",trafficstat,False,False,False,False,False,False,False,False,False,,,,,,,
2026-07-19,00:00,40.7510885,-73.7491459,LONG ISLAND EXPY,11364,111,UNKNOWN,Highway,10.569813308686117,False,QUEENS,"(40.7510885, -73.7491459)",trafficstat,True,False,False,False,False,False,False,False,True,,,,,,,
2026-07-17,00:00,40.7584678,-73.7764741,NORTHERN BLVD,11361,111,UNKNOWN,Street,2.8126514333844264,False,QUEENS,"(40.7584678, -73.7764741)",trafficstat,False,False,False,False,False,False,False,False,False,,,,,,,
2026-07-17,00:00,40.7707556,-73.7908524,JORDAN ST,11358,111,UNKNOWN,Street,0.6586861185279459,False,QUEENS,"(40.7707556, -73.7908524)",trafficstat,False,False,False,False,False,False,False,False,False,,,,,,,
2026-07-16,00:00,40.778161,-73.7776934,212 ST,11360,111,OTHER,Street,0.08926283819434164,False,QUEENS,"(40.778161, -73.7776934)",trafficstat,False,False,False,False,False,False,False,False,False,,,,,,,
2026-07-16,00:00,40.744078,-73.7330877,CROSS ISLAND PKWY,11364,111,UNKNOWN,Highway,1.332345066868632,False,QUEENS,"(40.744078, -73.7330877)",trafficstat,True,False,False,False,False,False,False,False,True,,,,,,,
2026-07-16,00:00,40.7361651,-73.7466749,SPRINGFIELD BLVD,11364,111,UNKNOWN,Street,40.99294519685824,False,QUEENS,"(40.7361651, -73.7466749)",trafficstat,False,False,False,False,False,False,False,False,False,,,,,,,
2026-07-15,00:00,40.768282,-73.7875713,201 ST,11361,111,UNKNOWN,Street,1.0089047997200622,False,QUEENS,"(40.768282, -73.7875713)",trafficstat,False,False,False,False,False,False,False,False,False,,,,,,,
2026-07-14,00:00,40.7411789,-73.7927857,BOOTH MEMORIAL AVE,11365,111,OTHER,Street,2.8808833129478666,False,QUEENS,"(40.7411789, -73.7927857)",trafficstat,True,False,True,False,False,False,False,False,False,,,,,,,
2026-07-14,00:00,40.7391684,-73.7636129,210 ST,11364,111,OTHER,Street,0.900719802693257,False,QUEENS,"(40.7391684, -73.7636129)",trafficstat,False,False,False,False,False,False,False,False,False,,,,,,,
2026-07-14,00:00,40.7425672,-73.7707787,HORACE HARDING EXPY,11364,111,UNKNOWN,Street,3.1883662159967963,False,QUEENS,"(40.7425672, -73.7707787)",trafficstat,False,False,False,False,False,False,False,False,False,,,,,,,
2026-06-26,00:00,40.7425672,-73.7707787,HORACE HARDING EXPY,11364,111,UNKNOWN,Street,3.1883662159967963,False,QUEENS,"(40.7425672, -73.7707787)",trafficstat,True,False,False,False,False,False,False,True,False,,,,,,,
2026-07-14,00:00,40.7484296,-73.7598194,HORACE HARDING EXPY,11364,111,OTHER,Street,2.4009822451922713,False,QUEENS,"(40.7484296, -73.7598194)",trafficstat,True,False,False,True,False,False,False,False,False,,,,,,,
2026-07-13,00:00,40.7583179,-73.7770161,CLEARVIEW EXPY,11361,111,UNKNOWN,Street,0.6650322351629799,False,QUEENS,"(40.7583179, -73.7770161)",trafficstat,False,False,False,False,False,False,False,False,False,,,,,,,
2026-07-12,00:00,40.7573649,-73.7388639,LONG ISLAND EXPY,11362,111,UNKNOWN,Highway,2.6356617717915833,False,QUEENS,"(40.7573649, -73.7388639)",trafficstat,False,False,False,False,False,False,False,False,False,,,,,,,
2026-07-12,00:00,40.757725,-73.77927,204 ST,11361,111,UNKNOWN,Street,0.5925018990427664,False,QUEENS,"(40.757725, -73.77927)",trafficstat,False,False,False,False,False,False,False,False,False,,,,,,,