crash_date,crash_time,latitude,longitude,on_street_name,zip_code,precinct,collision_type,roadway_type,geocode_dist_feet,time_is_known,borough,location,source,injury,fatality,injured_pedestrian,injured_cyclist,injured_ebike_rider,injured_motorcyclist,injured_moped_rider,injured_car_occupant,injured_suv_occupant,number_of_persons_injured,number_of_persons_killed,contributing_factor_vehicle_1,collision_id,cross_street_name,off_street_name,vehicle_type_code1
2026-07-12,00:00,40.7644442,-73.7226816,LONG ISLAND EXPY,11362,111,OTHER,Highway,12.489699228612333,False,QUEENS,"(40.7644442, -73.7226816)",trafficstat,True,False,False,False,False,False,False,True,False,,,,,,,
2026-07-12,00:00,40.754149,-73.7667505,BELL BLVD,11364,111,UNKNOWN,Street,52.685140382973394,False,QUEENS,"(40.754149, -73.7667505)",trafficstat,False,False,False,False,False,False,False,False,False,,,,,,,
2026-07-12,00:00,40.7565,-73.73342,245 PL,11362,111,OTHER,Street,0.8500935185337111,False,QUEENS,"(40.7565, -73.73342)",trafficstat,True,False,False,False,False,False,False,True,False,,,,,,,
2026-07-12,00:00,40.7549942,-73.7453485,CROSS ISLAND PKWY,11362,111,UNKNOWN,Highway,4.347533361305105,False,QUEENS,"(40.7549942, -73.7453485)",trafficstat,False,False,False,False,False,False,False,False,False,,,,,,,
2026-07-12,00:00,40.746418,-73.765256,LONG ISLAND EXPY,11364,111,UNKNOWN,Highway,0.2855480305686779,False,QUEENS,"(40.746418, -73.765256)",trafficstat,False,False,False,False,False,False,False,False,False,,,,,,,
2026-07-11,00:00,40.7687366,-73.7604082,CROSS ISLAND PKWY,11363,111,UNKNOWN,Highway,2.808697877576171,False,QUEENS,"(40.7687366, -73.7604082)",trafficstat,True,False,False,False,False,False,False,True,False,,,,,,,
2026-07-10,00:00,40.7663678,-73.7810916,CLEARVIEW EXPY,11360,111,UNKNOWN,Highway,1.9384293090222688,False,QUEENS,"(40.7663678, -73.7810916)",trafficstat,True,False,False,False,False,False,False,False,True,,,,,,,
2026-06-27,00:00,40.7663678,-73.7810916,CLEARVIEW EXPY,11360,111,UNKNOWN,Highway,1.9384293090222688,False,QUEENS,"(40.7663678, -73.7810916)",trafficstat,False,False,False,False,False,False,False,False,False,,,,,,,
2026-06-16,00:00,40.7663678,-73.7810916,CLEARVIEW EXPY,11360,111,UNKNOWN,Highway,1.9384293090222688,False,QUEENS,"(40.7663678, -73.7810916)",trafficstat,True,False,False,False,False,False,False,True,False,,,,,,,
2026-07-10,00:00,40.74598,-73.76073,64 AVE,11364,111,OTHER,Street,3.489371587870878,False,QUEENS,"(40.74598, -73.76073)",trafficstat,False,False,False,False,False,False,False,False,False,,,,,,,
2026-07-09,00:00,40.7642656,-73.7713286,BELL BLVD,11361,111,OTHER,Street,0.7869853420044044,False,QUEENS,"(40.7642656, -73.7713286)",trafficstat,True,False,True,False,False,False,False,False,False,,,,,,,
2026-07-09,00:00,40.7570743,-73.7390275,LONG ISLAND EXPY,11362,111,OTHER,Highway,0.5255766529560439,False,QUEENS,"(40.7570743, -73.7390275)",trafficstat,False,False,False,False,False,False,False,False,False,,,,,,,
2026-07-09,00:00,40.7743423,-73.7787532,210 PL,11360,111,UNKNOWN,Street,0.19794112717972734,False,QUEENS,"(40.7743423, -73.7787532)",trafficstat,True,False,False,False,False,False,False,True,True,,,,,,,
2026-07-08,00:00,40.7578987,-73.7876044,194 ST,11358,111,UNKNOWN,Street,0.7873858116498949,False,QUEENS,"(40.7578987, -73.7876044)",trafficstat,False,False,False,False,False,False,False,False,False,,,,,,,
2026-07-07,00:00,40.7576302,-73.7819924,NORTHERN BLVD,11361,111,UNKNOWN,Street,2.7012930555799177,False,QUEENS,"(40.7576302, -73.7819924)",trafficstat,False,False,False,False,False,False,False,False,False,,,,,,,
2026-07-07,00:00,40.7435179,-73.7539764,SPRINGFIELD BLVD,11364,111,OTHER,Street,0.18418376128548955,False,QUEENS,"(40.7435179, -73.7539764)",trafficstat,False,False,False,False,False,False,False,False,False,,,,,,,
2026-07-07,00:00,40.7405317,-73.75922,73 AVE,11364,111,UNKNOWN,Street,3.415289863288669,False,QUEENS,"(40.7405317, -73.75922)",trafficstat,False,False,False,False,False,False,False,False,False,,,,,,,
2026-07-07,00:00,40.757707,-73.7638431,217 ST,11361,111,UNKNOWN,Street,0.2256305516041922,False,QUEENS,"(40.757707, -73.7638431)",trafficstat,True,False,False,False,False,False,False,True,True,,,,,,,
2026-07-06,00:00,40.7519677,-73.7408724,DOUGLASTON PKWY,11362,111,UNKNOWN,Street,2.024141464285216,False,QUEENS,"(40.7519677, -73.7408724)",trafficstat,True,False,False,False,False,False,False,True,True,,,,,,,
2026-07-05,00:00,40.7461235,-73.7357609,CROSS ISLAND PKWY,11362,111,UNKNOWN,Highway,0.09240064289977235,False,QUEENS,"(40.7461235, -73.7357609)",trafficstat,False,False,False,False,False,False,False,False,False,,,,,,,
2026-07-05,00:00,40.7655049,-73.7822495,205 ST,11361,111,UNKNOWN,Street,42.58268326685451,False,QUEENS,"(40.7655049, -73.7822495)",trafficstat,False,False,False,False,False,False,False,False,False,,,,,,,
2026-07-04,00:00,40.7487439,-73.7783113,53 AVE,11364,111,OTHER,Street,3.3732853340920896,False,QUEENS,"(40.7487439, -73.7783113)",trafficstat,True,False,False,False,False,False,False,True,False,,,,,,,
2026-07-03,00:00,40.7495523,-73.7538853,224 ST,11364,111,UNKNOWN,Street,58.03910239598367,False,QUEENS,"(40.7495523, -73.7538853)",trafficstat,False,False,False,False,False,False,False,False,False,,,,,,,
2026-07-03,00:00,40.7647262,-73.7714033,BELL BLVD,11361,111,UNKNOWN,Street,43.65941198564061,False,QUEENS,"(40.7647262, -73.7714033)",trafficstat,False,False,False,False,False,False,False,False,False,,,,,,,
2026-07-03,00:00,40.7603586,-73.7670557,ALLEY,11361,111,UNKNOWN,Alley,58.88425167609123,False,QUEENS,"(40.7603586, -73.7670557)",trafficstat,False,False,False,False,False,False,False,False,False,,,,,,,
2026-07-02,00:00,40.7644591,-73.7470618,234 ST,11363,111,OTHER,Street,1.349191345405966,False,QUEENS,"(40.7644591, -73.7470618)",trafficstat,False,False,False,False,False,False,False,False,False,,,,,,,
2026-07-02,00:00,40.747258,-73.7613358,HORACE HARDING EXPY,11364,111,UNKNOWN,Street,2.7061136904661574,False,QUEENS,"(40.747258, -73.7613358)",trafficstat,False,False,False,False,False,False,False,False,False,,,,,,,
2026-07-01,00:00,40.747258,-73.7613358,HORACE HARDING EXPY,11364,111,OTHER,Street,2.7061136904661574,False,QUEENS,"(40.747258, -73.7613358)",trafficstat,True,False,False,False,False,False,False,True,False,,,,,,,
2026-07-02,00:00,40.7372173,-73.7598702,75 AVE,11364,111,UNKNOWN,Street,280.5238076115262,False,QUEENS,"(40.7372173, -73.7598702)",trafficstat,False,False,False,False,False,False,False,False,False,,,,,,,
2026-07-01,00:00,40.7419329,-73.7969514,FRESH MEADOW LN,11365,111,UNKNOWN,Street,2.1413037554165895,False,QUEENS,"(40.7419329, -73.7969514)",trafficstat,False,False,False,False,False,False,False,False,False,,,,,,,
2026-07-01,00:00,40.7661584,-73.7361746,MARATHON PKWY,11362,111,UNKNOWN,Street,1.103752757730219,False,QUEENS,"(40.7661584, -73.7361746)",trafficstat,False,False,False,False,False,False,False,False,False,,,,,,,
2026-07-01,00:00,40.7623859,-73.7429291,DOUGLASTON PKWY,11362,111,OTHER,Street,0.2779047334651122,False,QUEENS,"(40.7623859, -73.7429291)",trafficstat,False,False,False,False,False,False,False,False,False,,,,,,,
2026-07-01,00:00,40.7704173,-73.7345548,LITTLE NECK PKWY,11362,111,UNKNOWN,Street,2.900894844313559,False,QUEENS,"(40.7704173, -73.7345548)",trafficstat,False,False,False,False,False,False,False,False,False,,,,,,,
2026-07-01,00:00,40.7636454,-73.7875089,CROCHERON AVE,11358,111,OTHER,Street,54.407254533844856,False,QUEENS,"(40.7636454, -73.7875089)",trafficstat,False,False,False,False,False,False,False,False,False,,,,,,,
2026-06-30,00:00,40.7434356,-73.775465,LONG ISLAND EXPY,11364,111,UNKNOWN,Highway,5.151125395449533,False,QUEENS,"(40.7434356, -73.775465)",trafficstat,False,False,False,False,False,False,False,False,False,,,,,,,
2026-06-29,00:00,40.7434356,-73.775465,LONG ISLAND EXPY,11364,111,UNKNOWN,Highway,5.151125395449533,False,QUEENS,"(40.7434356, -73.775465)",trafficstat,False,False,False,False,False,False,False,False,False,,,,,,,
2026-06-29,00:00,40.7712645,-73.784049,CLEARVIEW EXPY,11361,111,UNKNOWN,Street,0.5853861608837838,False,QUEENS,"(40.7712645, -73.784049)",trafficstat,False,False,False,False,False,False,False,False,False,,,,,,,
2026-06-29,00:00,40.7699464,-73.7793635,CORPORAL KENNEDY ST,11361,111,OTHER,Street,1.0358812320762125,False,QUEENS,"(40.7699464, -73.7793635)",trafficstat,False,False,False,False,False,False,False,False,False,,,,,,,
2026-06-28,00:00,40.76144,-73.76994,BELL BLVD,11361,111,UNKNOWN,Street,0.048061021657044664,False,QUEENS,"(40.76144, -73.76994)",trafficstat,True,False,False,True,False,False,False,False,False,,,,,,,
2026-06-27,00:00,40.7513907,-73.7816374,48 AVE,11365,111,UNKNOWN,Street,3.5065387478780705,False,QUEENS,"(40.7513907, -73.7816374)",trafficstat,False,False,False,False,False,False,False,False,False,,,,,,,
2026-06-26,00:00,40.7680229,-73.7884458,200 ST,11361,111,UNKNOWN,Street,0.8057919165450371,False,QUEENS,"(40.7680229, -73.7884458)",trafficstat,False,False,False,False,False,False,False,False,False,,,,,,,
2026-06-25,00:00,40.7637114,-73.777081,209 ST,11361,111,OTHER,Street,0.44951735421706646,False,QUEENS,"(40.7637114, -73.777081)",trafficstat,True,False,False,False,False,False,False,False,True,,,,,,,
2026-06-25,00:00,40.7571227,-73.7833589,FRANCIS LEWIS BLVD,11361,111,UNKNOWN,Street,42.31319946327439,False,QUEENS,"(40.7571227, -73.7833589)",trafficstat,False,False,False,False,False,False,False,False,False,,,,,,,
2026-06-25,00:00,40.7593725,-73.7905344,191 ST,11358,111,OTHER,Street,0.027465370813319706,False,QUEENS,"(40.7593725, -73.7905344)",trafficstat,False,False,False,False,False,False,False,False,False,,,,,,,
2026-06-24,00:00,40.7578636,-73.7834607,CONNECTOR ROAD TO NORTHERN BL EB,11361,111,UNKNOWN,Street,1.1434054189632714,False,QUEENS,"(40.7578636, -73.7834607)",trafficstat,False,False,False,False,False,False,False,False,False,,,,,,,
2026-06-24,00:00,40.7602467,-73.7327774,LONG ISLAND EXPY,11362,111,UNKNOWN,Highway,6.54890728974363,False,QUEENS,"(40.7602467, -73.7327774)",trafficstat,False,False,False,False,False,False,False,False,False,,,,,,,
2026-06-24,00:00,40.7612528,-73.7837389,201 ST,11361,111,UNKNOWN,Street,46.59273019504,False,QUEENS,"(40.7612528, -73.7837389)",trafficstat,False,False,False,False,False,False,False,False,False,,,,,,,
2026-06-22,00:00,40.7670737,-73.7917268,190 ST,11358,111,UNKNOWN,Street,0.9359522889925838,False,QUEENS,"(40.7670737, -73.7917268)",trafficstat,False,False,False,False,False,False,False,False,False,,,,,,,
2026-06-22,00:00,40.7570054,-73.7245404,63 AVE,11362,111,OTHER,Street,150.39002320771453,False,QUEENS,"(40.7570054, -73.7245404)",trafficstat,True,False,True,False,False,False,False,False,False,,,,,,,
2026-06-21,00:00,40.7648165,-73.783745,203 ST,11361,111,UNKNOWN,Street,1.2623933750446472,False,QUEENS,"(40.7648165, -73.783745)",trafficstat,True,False,False,False,True,False,False,False,False,,,,,,,
2026-06-20,00:00,40.7648165,-73.783745,203 ST,11361,111,UNKNOWN,Street,1.2623933750446472,False,QUEENS,"(40.7648165, -73.783745)",trafficstat,False,False,False,False,False,False,False,False,False,,,,,,,
2026-06-21,00:00,40.769505,-73.7699504,215 ST,11361,111,UNKNOWN,Street,41.167907810229664,False,QUEENS,"(40.769505, -73.7699504)",trafficstat,False,False,False,False,False,False,False,False,False,,,,,,,
2026-06-21,00:00,40.7511741,-73.7921194,COURTNEY AVE,11358,111,UNKNOWN,Street,3.0384666574981494,False,QUEENS,"(40.7511741, -73.7921194)",trafficstat,False,False,False,False,False,False,False,False,False,,,,,,,
2026-06-20,00:00,40.7559514,-73.7854558,196 ST,11358,111,OTHER,Street,0.5324507864638304,False,QUEENS,"(40.7559514, -73.7854558)",trafficstat,True,False,True,False,False,False,False,False,False,,,,,,,
2026-06-19,00:00,40.7529403,-73.7499749,229 ST,11364,111,UNKNOWN,Street,0.24414673418333124,False,QUEENS,"(40.7529403, -73.7499749)",trafficstat,True,False,False,False,False,False,False,False,True,,,,,,,
2026-06-19,00:00,40.7515879,-73.7803964,48 AVE,11365,111,UNKNOWN,Street,52.417247789023136,False,QUEENS,"(40.7515879, -73.7803964)",trafficstat,False,False,False,False,False,False,False,False,False,,,,,,,
2026-06-19,00:00,40.747036,-73.77136,206 ST,11364,111,UNKNOWN,Street,0.44427156048078176,False,QUEENS,"(40.747036, -73.77136)",trafficstat,False,False,False,False,False,False,False,False,False,,,,,,,
2026-06-19,00:00,40.75415,-73.724,GRAND CENTRAL WB EN LITTLE NECK,11362,111,OTHER,Ramp,2.3121625291065,False,QUEENS,"(40.75415, -73.724)",trafficstat,False,False,False,False,False,False,False,False,False,,,,,,,
2026-06-19,00:00,40.7362707,-73.742205,GRAND CENTRAL PKWY,11427,111,UNKNOWN,Highway,7.401144942455562,False,QUEENS,"(40.7362707, -73.742205)",trafficstat,True,False,False,False,False,False,False,True,True,,,,,,,
2026-06-19,00:00,40.7696885,-73.7362942,NORTHERN BLVD,11362,111,OTHER,Street,1.6630153922301956,False,QUEENS,"(40.7696885, -73.7362942)",trafficstat,True,False,True,False,False,False,False,False,False,,,,,,,
2026-06-18,00:00,40.7591049,-73.7642425,217 ST,11361,111,OTHER,Street,0.29365216872977395,False,QUEENS,"(40.7591049, -73.7642425)",trafficstat,True,False,False,False,False,False,False,False,True,,,,,,,
2026-06-18,00:00,40.7619097,-73.7750511,CORPORAL KENNEDY ST,11361,111,UNKNOWN,Street,0.4787686324014853,False,QUEENS,"(40.7619097, -73.7750511)",trafficstat,True,False,True,False,False,False,False,False,False,,,,,,,
2026-06-18,00:00,40.730843,-73.753555,BELL BLVD,11427,111,UNKNOWN,Street,0.3576707576127085,False,QUEENS,"(40.730843, -73.753555)",trafficstat,False,False,False,False,False,False,False,False,False,,,,,,,
2026-06-18,00:00,40.7509075,-73.7904203,189 ST,11358,111,UNKNOWN,Street,0.9061952528628954,False,QUEENS,"(40.7509075, -73.7904203)",trafficstat,True,False,False,False,False,False,False,False,True,,,,,,,
2026-06-17,00:00,40.735778,-73.7465392,SPRINGFIELD BLVD,11364,111,UNKNOWN,Street,0.7687847992833512,False,QUEENS,"(40.735778, -73.7465392)",trafficstat,False,False,False,False,False,False,False,False,False,,,,,,,
2026-06-17,00:00,40.7635,-73.7343441,MARATHON PKWY,11362,111,UNKNOWN,Street,1.3670922954306903,False,QUEENS,"(40.7635, -73.7343441)",trafficstat,False,False,False,False,False,False,False,False,False,,,,,,,
2026-06-17,00:00,40.7713897,-73.7348867,NORTHERN BLVD,11362,111,OTHER,Street,1.8023234091462874,False,QUEENS,"(40.7713897, -73.7348867)",trafficstat,True,False,True,False,False,False,False,False,False,,,,,,,
2026-06-17,00:00,40.7687754,-73.7490201,41 AVE,11363,111,UNKNOWN,Street,0.5490801581002477,False,QUEENS,"(40.7687754, -73.7490201)",trafficstat,False,False,False,False,False,False,False,False,False,,,,,,,
2026-06-17,00:00,40.7719458,-73.7344007,NORTHERN BLVD,11362,111,UNKNOWN,Street,2.2489890151149883,False,QUEENS,"(40.7719458, -73.7344007)",trafficstat,True,False,False,False,False,False,False,True,False,,,,,,,
2026-06-16,00:00,40.7627189,-73.742094,RUSHMORE AVE,11362,111,UNKNOWN,Street,2.328281178156507,False,QUEENS,"(40.7627189, -73.742094)",trafficstat,False,False,False,False,False,False,False,False,False,,,,,,,
2026-06-16,00:00,40.7551208,-73.7824528,45 DR,11358,111,OTHER,Street,47.448616562104874,False,QUEENS,"(40.7551208, -73.7824528)",trafficstat,False,False,False,False,False,False,False,False,False,,,,,,,
2026-06-16,00:00,40.7525234,-73.7930569,ASHBY AVE,11358,111,UNKNOWN,Street,46.228237492323146,False,QUEENS,"(40.7525234, -73.7930569)",trafficstat,False,False,False,False,False,False,False,False,False,,,,,,,
2026-06-15,00:00,40.7514814,-73.7622627,217 ST,11364,111,UNKNOWN,Street,0.17831289166635744,False,QUEENS,"(40.7514814, -73.7622627)",trafficstat,False,False,False,False,False,False,False,False,False,,,,,,,
2026-06-15,00:00,40.7723009,-73.7805616,CORPORAL KENNEDY ST,11361,111,OTHER,Street,0.9797986059273821,False,QUEENS,"(40.7723009, -73.7805616)",trafficstat,True,False,False,True,False,False,False,False,False,,,,,,,
2026-06-15,00:00,40.7713113,-73.7783409,210 ST,11361,111,OTHER,Street,0.2598616252173368,False,QUEENS,"(40.7713113, -73.7783409)",trafficstat,True,False,True,False,False,False,False,False,False,,,,,,,
2026-06-14,00:00,40.7616448,-73.7688143,214 PL,11361,111,UNKNOWN,Street,0.12405633627531601,False,QUEENS,"(40.7616448, -73.7688143)",trafficstat,False,False,False,False,False,False,False,False,False,,,,,,,
2026-06-14,00:00,40.7582846,-73.7401944,DOUGLASTON PKWY,11362,111,OTHER,Street,0.4754659030789468,False,QUEENS,"(40.7582846, -73.7401944)",trafficstat,True,False,False,True,False,False,False,False,False,,,,,,,
2026-06-13,00:00,40.7622157,-73.7649876,43 AVE,11361,111,UNKNOWN,Street,23.911316489501093,False,QUEENS,"(40.7622157, -73.7649876)",trafficstat,False,False,False,False,False,False,False,False,False,,,,,,,
2026-06-13,00:00,40.7669566,-73.7818463,CLEARVIEW EXPY,11361,111,UNKNOWN,Street,0.8021668628131485,False,QUEENS,"(40.7669566, -73.7818463)",trafficstat,False,False,False,False,False,False,False,False,False,,,,,,,
2026-06-13,00:00,40.7639005,-73.7812354,205 ST,11361,111,OTHER,Street,1.2250752942978693,False,QUEENS,"(40.7639005, -73.7812354)",trafficstat,False,False,False,False,False,False,False,False,False,,,,,,,
2026-06-12,00:00,40.759922,-73.7520618,CROSS ISLAND PKWY,11364,111,UNKNOWN,Highway,2.292312044426109,False,QUEENS,"(40.759922, -73.7520618)",trafficstat,False,False,False,False,False,False,False,False,False,,,,,,,
2026-06-12,00:00,40.7520979,-73.741406,W  ALLEY RD,11362,111,OTHER,Bridge,2.6783650024086674,False,QUEENS,"(40.7520979, -73.741406)",trafficstat,True,False,False,False,False,False,False,False,False,,,,,,,
2026-09-13,00:00,40.7200064,-73.8337841,GRAND CENTRAL PKWY,11375,112,UNKNOWN,Highway,1.4931995052664713,False,QUEENS,"(40.7200064, -73.8337841)",trafficstat,False,False,False,False,False,False,False,False,False,,,,,,,
2026-09-13,00:00,40.7367418,-73.8544982,LONG ISLAND EXPY,11374,112,UNKNOWN,Highway,0.12255866372530734,False,QUEENS,"(40.7367418, -73.8544982)",trafficstat,True,False,False,False,False,False,False,True,False,,,,,,,
2026-09-04,00:00,40.7367418,-73.8544982,LONG ISLAND EXPY,11374,112,UNKNOWN,Highway,0.12255866372530734,False,QUEENS,"(40.7367418, -73.8544982)",trafficstat,True,False,False,False,False,False,False,False,True,,,,,,,
2026-09-11,00:00,40.7111993,-73.8581289,TROTTING COURSE LN,11374,112,UNKNOWN,Street,60.347137244740146,False,QUEENS,"(40.7111993, -73.8581289)",trafficstat,False,False,False,False,False,False,False,False,False,,,,,,,
2026-09-11,00:00,40.7144418,-73.8312571,QUEENS BLVD,11375,112,UNKNOWN,Street,17.611378048987362,False,QUEENS,"(40.7144418, -73.8312571)",trafficstat,False,False,False,False,False,False,False,False,False,,,,,,,
2026-08-26,00:00,40.7144418,-73.8312571,QUEENS BLVD,11375,112,UNKNOWN,Street,17.611378048987362,False,QUEENS,"(40.7144418, -73.8312571)",trafficstat,False,False,False,False,False,False,False,False,False,,,,,,,
2026-08-22,00:00,40.7144418,-73.8312571,QUEENS BLVD,11375,112,UNKNOWN,Street,17.611378048987362,False,QUEENS,"(40.7144418, -73.8312571)",trafficstat,False,False,False,False,False,False,False,False,False,,,,,,,
2026-07-28,00:00,40.7144418,-73.8312571,QUEENS BLVD,11375,112,UNKNOWN,Street,17.611378048987362,False,QUEENS,"(40.7144418, -73.8312571)",trafficstat,True,False,False,False,False,False,False,False,True,,,,,,,
2026-07-14,00:00,40.7144418,-73.8312571,QUEENS BLVD,11375,112,UNKNOWN,Street,17.611378048987362,False,QUEENS,"(40.7144418, -73.8312571)",trafficstat,True,False,False,False,False,False,False,False,True,,,,,,,
2026-07-07,00:00,40.7144418,-73.8312571,QUEENS BLVD,11375,112,UNKNOWN,Street,17.611378048987362,False,QUEENS,"(40.7144418, -73.8312571)",trafficstat,False,False,False,False,False,False,False,False,False,,,,,,,
2026-09-10,00:00,40.7278413,-73.8328323,JEWEL AVE,11367,112,UNKNOWN,Street,3.153447407226849,False,QUEENS,"(40.7278413, -73.8328323)",trafficstat,True,False,False,False,False,False,False,False,True,,,,,,,
2026-09-09,00:00,40.72688,-73.839066,GRAND CENTRAL PKWY,11375,112,UNKNOWN,Street,1.3740777072509986,False,QUEENS,"(40.72688, -73.839066)",trafficstat,False,False,False,False,False,False,False,False,False,,,,,,,
2026-09-09,00:00,40.7273829,-73.8640998,63 DR,11374,112,UNKNOWN,Street,1.5587702259306733,False,QUEENS,"(40.7273829, -73.8640998)",trafficstat,True,False,True,False,False,False,False,False,False,,,,,,,
2026-09-09,00:00,40.7229318,-73.8473295,YELLOWSTONE BLVD,11375,112,OTHER,Street,3.468836587158801,False,QUEENS,"(40.7229318, -73.8473295)",trafficstat,False,False,False,False,False,False,False,False,False,,,,,,,
2026-09-06,00:00,40.7229318,-73.8473295,YELLOWSTONE BLVD,11375,112,UNKNOWN,Street,3.468836587158801,False,QUEENS,"(40.7229318, -73.8473295)",trafficstat,False,False,False,False,False,False,False,False,False,,,,,,,
2026-07-09,00:00,40.7229318,-73.8473295,YELLOWSTONE BLVD,11375,112,UNKNOWN,Street,3.468836587158801,False,QUEENS,"(40.7229318, -73.8473295)",trafficstat,True,False,True,False,False,False,False,False,False,,,,,,,
2026-09-09,00:00,40.7265701,-73.8526392,67 RD,11375,112,UNKNOWN,Street,2.4206831671774705,False,QUEENS,"(40.7265701, -73.8526392)",trafficstat,True,False,False,False,False,False,False,False,False,,,,,,,
2026-06-14,00:00,40.7265701,-73.8526392,67 RD,11375,112,OTHER,Street,2.4206831671774705,False,QUEENS,"(40.7265701, -73.8526392)",trafficstat,True,False,True,False,False,False,False,False,False,,,,,,,
2026-09-09,00:00,40.7322776,-73.8492638,108 ST,11375,112,UNKNOWN,Street,0.8686340568030804,False,QUEENS,"(40.7322776, -73.8492638)",trafficstat,False,False,False,False,False,False,False,False,False,,,,,,,
2026-09-08,00:00,40.7186478,-73.8376966,QUEENS BLVD,11375,112,UNKNOWN,Street,19.708330828661047,False,QUEENS,"(40.7186478, -73.8376966)",trafficstat,False,False,False,False,False,False,False,False,False,,,,,,,
2026-09-07,00:00,40.7255628,-73.8383616,GRAND CENTRAL PKWY,11375,112,UNKNOWN,Street,0.6622350631103155,False,QUEENS,"(40.7255628, -73.8383616)",trafficstat,False,False,False,False,False,False,False,False,False,,,,,,,
2026-07-24,00:00,40.7255628,-73.8383616,GRAND CENTRAL PKWY,11375,112,UNKNOWN,Street,0.6622350631103155,False,QUEENS,"(40.7255628, -73.8383616)",trafficstat,True,False,False,False,False,False,False,False,False,,,,,,,
2026-07-21,00:00,40.7255628,-73.8383616,GRAND CENTRAL PKWY,11375,112,UNKNOWN,Street,0.6622350631103155,False,QUEENS,"(40.7255628, -73.8383616)",trafficstat,False,False,False,False,False,False,False,False,False,,,,,,,
2026-07-04,00:00,40.7255628,-73.8383616,GRAND CENTRAL PKWY,11375,112,UNKNOWN,Street,0.6622350631103155,False,QUEENS,"(40.7255628, -73.8383616)",trafficstat,False,False,False,False,False,False,False,False,False,,,,,,,
2026-06-28,00:00,40.7255628,-73.8383616,GRAND CENTRAL PKWY,11375,112,UNKNOWN,Street,0.6622350631103155,False,QUEENS,"(40.7255628, -73.8383616)",trafficstat,True,False,False,False,False,False,False,True,False,,,,,,,
2026-09-06,00:00,40.7206164,-73.8421002,QUEENS BLVD,11375,112,UNKNOWN,Street,25.231615075222898,False,QUEENS,"(40.7206164, -73.8421002)",trafficstat,False,False,False,False,False,False,False,False,False,,,,,,,
2026-09-06,00:00,40.7093074,-73.8436816,UNION TPKE,11375,112,OTHER,Street,0.9309260716141358,False,QUEENS,"(40.7093074, -73.8436816)",trafficstat,True,False,False,False,False,False,False,False,True,,,,,,,
2026-07-05,00:00,40.7093074,-73.8436816,UNION TPKE,11375,112,UNKNOWN,Street,0.9309260716141358,False,QUEENS,"(40.7093074, -73.8436816)",trafficstat,False,False,False,False,False,False,False,False,False,,,,,,,
2026-09-05,00:00,40.717029,-73.8305016,GRAND CENTRAL PKWY,11375,112,OTHER,Highway,7.846337478725716,False,QUEENS,"(40.717029, -73.8305016)",trafficstat,True,False,False,False,False,False,False,True,False,,,,,,,
2026-08-27,00:00,40.717029,-73.8305016,GRAND CENTRAL PKWY,11375,112,UNKNOWN,Highway,7.846337478725716,False,QUEENS,"(40.717029, -73.8305016)",trafficstat,True,False,False,False,False,False,False,True,False,,,,,,,
2026-09-04,00:00,40.7151185,-73.8322329,78 AVE,11375,112,UNKNOWN,Street,2.400477630347247,False,QUEENS,"(40.7151185, -73.8322329)",trafficstat,True,False,False,False,False,False,False,True,False,,,,,,,
2026-08-23,00:00,40.7151185,-73.8322329,78 AVE,11375,112,OTHER,Street,2.400477630347247,False,QUEENS,"(40.7151185, -73.8322329)",trafficstat,False,False,False,False,False,False,False,False,False,,,,,,,
2026-07-02,00:00,40.7151185,-73.8322329,78 AVE,11375,112,UNKNOWN,Street,2.400477630347247,False,QUEENS,"(40.7151185, -73.8322329)",trafficstat,True,False,True,False,False,False,False,False,False,,,,,,,
2026-06-29,00:00,40.7151185,-73.8322329,78 AVE,11375,112,UNKNOWN,Street,2.400477630347247,False,QUEENS,"(40.7151185, -73.8322329)",trafficstat,False,False,False,False,False,False,False,False,False,,,,,,,
2026-09-04,00:00,40.7104698,-73.8509146,71 AVE,11375,112,UNKNOWN,Street,1.358876717419931,False,QUEENS,"(40.7104698, -73.8509146)",trafficstat,True,False,True,False,False,False,False,False,False,,,,,,,
2026-08-02,00:00,40.7104698,-73.8509146,71 AVE,11375,112,OTHER,Street,1.358876717419931,False,QUEENS,"(40.7104698, -73.8509146)",trafficstat,True,False,False,False,False,False,False,True,False,,,,,,,
2026-09-04,00:00,40.7286593,-73.8540437,66 AVE,11374,112,OTHER,Street,32.888217757333045,False,QUEENS,"(40.7286593, -73.8540437)",trafficstat,False,False,False,False,False,False,False,False,False,,,,,,,
2026-09-03,00:00,40.7293404,-73.8569688,65 AVE,11374,112,UNKNOWN,Street,37.36701198473516,False,QUEENS,"(40.7293404, -73.8569688)",trafficstat,False,False,False,False,False,False,False,False,False,,,,,,,
2026-09-03,00:00,40.7211498,-73.8536836,CLYDE ST,11375,112,UNKNOWN,Street,50.127287257264626,False,QUEENS,"(40.7211498, -73.8536836)",trafficstat,False,False,False,False,False,False,False,False,False,,,,,,,
2026-09-03,00:00,40.7329764,-73.8636924,JUNCTION BLVD,11374,112,OTHER,Street,65.25989397874584,False,QUEENS,"(40.7329764, -73.8636924)",trafficstat,True,False,True,False,False,False,False,False,False,,,,,,,