crash_date,crash_time,latitude,longitude,on_street_name,zip_code,precinct,collision_type,roadway_type,geocode_dist_feet,time_is_known,borough,location,source,injury,fatality,injured_pedestrian,injured_cyclist,injured_ebike_rider,injured_motorcyclist,injured_moped_rider,injured_car_occupant,injured_suv_occupant,number_of_persons_injured,number_of_persons_killed,contributing_factor_vehicle_1,collision_id,cross_street_name,off_street_name,vehicle_type_code1
2026-08-26,00:00,40.7329764,-73.8636924,JUNCTION BLVD,11374,112,UNKNOWN,Street,65.25989397874584,False,QUEENS,"(40.7329764, -73.8636924)",trafficstat,False,False,False,False,False,False,False,False,False,,,,,,,
2026-09-02,00:00,40.7331996,-73.8668678,LONG ISLAND EXPY,11374,112,UNKNOWN,Highway,27.696326046285396,False,QUEENS,"(40.7331996, -73.8668678)",trafficstat,True,False,False,False,False,False,False,False,True,,,,,,,
2026-06-15,00:00,40.7331996,-73.8668678,LONG ISLAND EXPY,11374,112,UNKNOWN,Highway,27.696326046285396,False,QUEENS,"(40.7331996, -73.8668678)",trafficstat,True,False,False,False,False,False,False,True,False,,,,,,,
2026-09-02,00:00,40.7205667,-73.8458955,AUSTIN ST,11375,112,UNKNOWN,Street,2.7940860873856153,False,QUEENS,"(40.7205667, -73.8458955)",trafficstat,True,False,False,True,False,False,False,False,False,,,,,,,
2026-09-01,00:00,40.71363,-73.83432,AUSTIN ST,11375,112,UNKNOWN,Street,2.721508135468735,False,QUEENS,"(40.71363, -73.83432)",trafficstat,False,False,False,False,False,False,False,False,False,,,,,,,
2026-08-31,00:00,40.7196432,-73.8350571,GRAND CENTRAL PKWY,11375,112,UNKNOWN,Street,0.5943142660468248,False,QUEENS,"(40.7196432, -73.8350571)",trafficstat,False,False,False,False,False,False,False,False,False,,,,,,,
2026-07-29,00:00,40.7196432,-73.8350571,GRAND CENTRAL PKWY,11375,112,UNKNOWN,Street,0.5943142660468248,False,QUEENS,"(40.7196432, -73.8350571)",trafficstat,False,False,False,False,False,False,False,False,False,,,,,,,
2026-08-31,00:00,40.7259069,-73.8575513,WETHEROLE ST,11374,112,UNKNOWN,Street,37.98895814323892,False,QUEENS,"(40.7259069, -73.8575513)",trafficstat,True,False,False,False,False,False,False,True,False,,,,,,,
2026-08-30,00:00,40.724905,-73.8577624,AUSTIN ST,11374,112,UNKNOWN,Street,2.6872590929227056,False,QUEENS,"(40.724905, -73.8577624)",trafficstat,False,False,False,False,False,False,False,False,False,,,,,,,
2026-08-30,00:00,40.7240577,-73.8607045,ALDERTON ST,11374,112,UNKNOWN,Street,1.6574797727427786,False,QUEENS,"(40.7240577, -73.8607045)",trafficstat,False,False,False,False,False,False,False,False,False,,,,,,,
2026-08-30,00:00,40.7177001,-73.8313981,GRAND CENTRAL PKWY,11375,112,UNKNOWN,Highway,1.4008323479315838,False,QUEENS,"(40.7177001, -73.8313981)",trafficstat,True,False,False,False,False,False,False,True,False,,,,,,,
2026-08-30,00:00,40.7131105,-73.8426207,GREENWAY  S,11375,112,UNKNOWN,Street,61.961203354846376,False,QUEENS,"(40.7131105, -73.8426207)",trafficstat,False,False,False,False,False,False,False,False,False,,,,,,,
2026-08-30,00:00,40.7342811,-73.8646234,JUNCTION BLVD,11368,112,UNKNOWN,Street,1.2578856492951602,False,QUEENS,"(40.7342811, -73.8646234)",trafficstat,True,False,True,False,False,False,False,False,False,,,,,,,
2026-08-30,00:00,40.7326749,-73.8673578,HORACE HARDING EXPY,11374,112,UNKNOWN,Street,23.919615078501653,False,QUEENS,"(40.7326749, -73.8673578)",trafficstat,False,False,False,False,False,False,False,False,False,,,,,,,
2026-08-29,00:00,40.7269674,-73.8564591,66 AVE,11374,112,UNKNOWN,Street,1.8780122201042226,False,QUEENS,"(40.7269674, -73.8564591)",trafficstat,False,False,False,False,False,False,False,False,False,,,,,,,
2026-07-02,00:00,40.7269674,-73.8564591,66 AVE,11374,112,UNKNOWN,Street,1.8780122201042226,False,QUEENS,"(40.7269674, -73.8564591)",trafficstat,False,False,False,False,False,False,False,False,False,,,,,,,
2026-08-28,00:00,40.7184035,-73.8263784,VAN WYCK EXPY,11367,112,UNKNOWN,Highway,9.309719595550982,False,QUEENS,"(40.7184035, -73.8263784)",trafficstat,False,False,False,False,False,False,False,False,False,,,,,,,
2026-07-11,00:00,40.7184035,-73.8263784,VAN WYCK EXPY,11367,112,UNKNOWN,Highway,9.309719595550982,False,QUEENS,"(40.7184035, -73.8263784)",trafficstat,False,False,False,False,False,False,False,False,False,,,,,,,
2026-06-23,00:00,40.7184035,-73.8263784,VAN WYCK EXPY,11367,112,UNKNOWN,Highway,9.309719595550982,False,QUEENS,"(40.7184035, -73.8263784)",trafficstat,True,False,False,False,False,False,False,True,False,,,,,,,
2026-08-28,00:00,40.7308856,-73.8716409,60 AVE,11373,112,UNKNOWN,Street,3.036198443676714,False,QUEENS,"(40.7308856, -73.8716409)",trafficstat,False,False,False,False,False,False,False,False,False,,,,,,,
2026-08-27,00:00,40.7306528,-73.8733476,60 AVE,11373,112,UNKNOWN,Street,36.57924752565475,False,QUEENS,"(40.7306528, -73.8733476)",trafficstat,False,False,False,False,False,False,False,False,False,,,,,,,
2026-08-27,00:00,40.7297758,-73.8525131,102 ST,11374,112,UNKNOWN,Street,0.47799264025038196,False,QUEENS,"(40.7297758, -73.8525131)",trafficstat,True,False,True,False,False,False,False,False,False,,,,,,,
2026-07-28,00:00,40.7297758,-73.8525131,102 ST,11374,112,UNKNOWN,Street,0.47799264025038196,False,QUEENS,"(40.7297758, -73.8525131)",trafficstat,True,False,False,False,False,False,False,True,False,,,,,,,
2026-08-27,00:00,40.7385826,-73.8453393,GRAND CENTRAL PKWY,11375,112,UNKNOWN,Highway,3.2850927331104436,False,QUEENS,"(40.7385826, -73.8453393)",trafficstat,True,False,False,False,False,False,False,False,True,,,,,,,
2026-08-27,00:00,40.7140078,-73.8596397,YELLOWSTONE BLVD,11374,112,UNKNOWN,Street,3.522329914650845,False,QUEENS,"(40.7140078, -73.8596397)",trafficstat,False,False,False,False,False,False,False,False,False,,,,,,,
2026-08-26,00:00,40.7164566,-73.8577732,YELLOWSTONE BLVD,11374,112,OTHER,Street,1.2492500307206138,False,QUEENS,"(40.7164566, -73.8577732)",trafficstat,False,False,False,False,False,False,False,False,False,,,,,,,
2026-08-26,00:00,40.7389587,-73.8474241,LONG ISLAND EXPY,11375,112,UNKNOWN,Highway,6.377470131869732,False,QUEENS,"(40.7389587, -73.8474241)",trafficstat,True,False,False,False,False,False,False,True,False,,,,,,,
2026-08-26,00:00,40.7296315,-73.855573,99 ST,11374,112,OTHER,Street,0.7879292009742322,False,QUEENS,"(40.7296315, -73.855573)",trafficstat,False,False,False,False,False,False,False,False,False,,,,,,,
2026-08-26,00:00,40.7324715,-73.8616431,97 ST,11374,112,OTHER,Street,0.9196719811869438,False,QUEENS,"(40.7324715, -73.8616431)",trafficstat,True,False,True,False,False,False,False,False,False,,,,,,,
2026-08-26,00:00,40.7370688,-73.8526571,LONG ISLAND EXPY,11374,112,UNKNOWN,Highway,3.6094087506812196,False,QUEENS,"(40.7370688, -73.8526571)",trafficstat,True,False,False,False,False,False,False,True,False,,,,,,,
2026-08-25,00:00,40.7285696,-73.8580865,65 RD,11374,112,OTHER,Street,1.772293030220581,False,QUEENS,"(40.7285696, -73.8580865)",trafficstat,True,False,False,False,False,False,False,False,False,,,,,,,
2026-08-25,00:00,40.7317742,-73.8592776,98 ST,11374,112,UNKNOWN,Street,0.9495396951726094,False,QUEENS,"(40.7317742, -73.8592776)",trafficstat,True,False,False,False,False,False,False,True,False,,,,,,,
2026-08-25,00:00,40.7309115,-73.8608309,97 ST,11374,112,UNKNOWN,Street,1.016282193994091,False,QUEENS,"(40.7309115, -73.8608309)",trafficstat,False,False,False,False,False,False,False,False,False,,,,,,,
2026-08-25,00:00,40.7151292,-73.830543,78 CRES,11375,112,UNKNOWN,Street,78.79916646081456,False,QUEENS,"(40.7151292, -73.830543)",trafficstat,False,False,False,False,False,False,False,False,False,,,,,,,
2026-08-07,00:00,40.7151292,-73.830543,78 CRES,11375,112,UNKNOWN,Street,78.79916646081456,False,QUEENS,"(40.7151292, -73.830543)",trafficstat,False,False,False,False,False,False,False,False,False,,,,,,,
2026-08-25,00:00,40.7277523,-73.8586078,65 RD,11374,112,UNKNOWN,Street,1.6202392357665731,False,QUEENS,"(40.7277523, -73.8586078)",trafficstat,False,False,False,False,False,False,False,False,False,,,,,,,
2026-08-24,00:00,40.730953,-73.8588536,98 ST,11374,112,OTHER,Street,0.8511512194745754,False,QUEENS,"(40.730953, -73.8588536)",trafficstat,True,False,True,False,False,False,False,False,False,,,,,,,
2026-08-24,00:00,40.7309482,-73.8485776,108 ST,11375,112,UNKNOWN,Street,0.6099306736949238,False,QUEENS,"(40.7309482, -73.8485776)",trafficstat,True,False,False,False,False,False,True,False,False,,,,,,,
2026-08-23,00:00,40.7375634,-73.8508843,LONG ISLAND EXPY,11375,112,UNKNOWN,Highway,1.9694170729553637,False,QUEENS,"(40.7375634, -73.8508843)",trafficstat,True,False,False,False,False,False,False,False,True,,,,,,,
2026-08-19,00:00,40.7375634,-73.8508843,LONG ISLAND EXPY,11375,112,UNKNOWN,Highway,1.9694170729553637,False,QUEENS,"(40.7375634, -73.8508843)",trafficstat,True,False,False,False,False,False,False,True,False,,,,,,,
2026-07-07,00:00,40.7375634,-73.8508843,LONG ISLAND EXPY,11375,112,UNKNOWN,Highway,1.9694170729553637,False,QUEENS,"(40.7375634, -73.8508843)",trafficstat,True,False,False,False,False,False,False,False,True,,,,,,,
2026-08-23,00:00,40.7118451,-73.8597597,METROPOLITAN AVE,11374,112,UNKNOWN,Street,2.8786265840180123,False,QUEENS,"(40.7118451, -73.8597597)",trafficstat,True,False,True,False,False,False,False,False,False,,,,,,,
2026-08-22,00:00,40.7161922,-73.8570487,SELFRIDGE ST,11375,112,UNKNOWN,Street,0.47938455816569464,False,QUEENS,"(40.7161922, -73.8570487)",trafficstat,True,False,False,False,False,False,False,True,True,,,,,,,
2026-08-20,00:00,40.7225852,-73.8508911,AUSTIN ST,11375,112,OTHER,Street,0.5066128403793038,False,QUEENS,"(40.7225852, -73.8508911)",trafficstat,True,False,False,False,False,False,True,False,False,,,,,,,
2026-06-12,00:00,40.7225852,-73.8508911,AUSTIN ST,11375,112,UNKNOWN,Street,0.5066128403793038,False,QUEENS,"(40.7225852, -73.8508911)",trafficstat,False,False,False,False,False,False,False,False,False,,,,,,,
2026-08-20,00:00,40.7330019,-73.8598884,62 DR,11374,112,UNKNOWN,Street,2.8345627629512387,False,QUEENS,"(40.7330019, -73.8598884)",trafficstat,True,False,True,False,False,False,False,False,False,,,,,,,
2026-08-19,00:00,40.7243013,-73.8451617,108 ST,11375,112,UNKNOWN,Street,1.0490975592031158,False,QUEENS,"(40.7243013, -73.8451617)",trafficstat,False,False,False,False,False,False,False,False,False,,,,,,,
2026-08-18,00:00,40.7145546,-73.8314588,QUEENS BLVD,11375,112,UNKNOWN,Street,21.268371528101067,False,QUEENS,"(40.7145546, -73.8314588)",trafficstat,False,False,False,False,False,False,False,False,False,,,,,,,
2026-08-18,00:00,40.7295748,-73.8608265,QUEENS BLVD,11374,112,UNKNOWN,Street,23.113297357513293,False,QUEENS,"(40.7295748, -73.8608265)",trafficstat,True,False,False,False,False,False,False,True,False,,,,,,,
2026-07-29,00:00,40.7295748,-73.8608265,QUEENS BLVD,11374,112,UNKNOWN,Street,23.113297357513293,False,QUEENS,"(40.7295748, -73.8608265)",trafficstat,True,False,True,False,False,False,False,False,False,,,,,,,
2026-08-18,00:00,40.7327401,-73.8683575,QUEENS BLVD,11374,112,OTHER,Street,20.337853762263286,False,QUEENS,"(40.7327401, -73.8683575)",trafficstat,False,False,False,False,False,False,False,False,False,,,,,,,
2026-08-05,00:00,40.7327401,-73.8683575,QUEENS BLVD,11374,112,UNKNOWN,Street,20.337853762263286,False,QUEENS,"(40.7327401, -73.8683575)",trafficstat,False,False,False,False,False,False,False,False,False,,,,,,,
2026-06-25,00:00,40.7327401,-73.8683575,QUEENS BLVD,11374,112,OTHER,Street,20.337853762263286,False,QUEENS,"(40.7327401, -73.8683575)",trafficstat,True,False,False,False,False,False,False,False,False,,,,,,,
2026-08-17,00:00,40.7383371,-73.8470419,GRAND CENTRAL PKWY,11375,112,UNKNOWN,Street,84.62898035470418,False,QUEENS,"(40.7383371, -73.8470419)",trafficstat,True,False,True,False,False,False,False,False,False,,,,,,,
2026-08-17,00:00,40.7330277,-73.8541945,102 ST,11374,112,UNKNOWN,Street,0.5961081376181467,False,QUEENS,"(40.7330277, -73.8541945)",trafficstat,True,False,False,True,False,False,False,False,False,,,,,,,
2026-08-17,00:00,40.7281913,-73.8579343,QUEENS BLVD,11374,112,UNKNOWN,Street,37.365042067884026,False,QUEENS,"(40.7281913, -73.8579343)",trafficstat,False,False,False,False,False,False,False,False,False,,,,,,,
2026-08-15,00:00,40.7252595,-73.8393581,113 ST,11375,112,UNKNOWN,Street,0.6269002505796072,False,QUEENS,"(40.7252595, -73.8393581)",trafficstat,True,False,False,False,False,False,False,False,True,,,,,,,
2026-08-15,00:00,40.7318132,-73.8666382,QUEENS BLVD,11374,112,UNKNOWN,Street,23.653725651186797,False,QUEENS,"(40.7318132, -73.8666382)",trafficstat,True,False,False,True,False,False,False,False,False,,,,,,,
2026-08-13,00:00,40.7309324,-73.8645761,63 AVE,11374,112,UNKNOWN,Street,1.1001700449508736,False,QUEENS,"(40.7309324, -73.8645761)",trafficstat,True,False,True,False,False,False,False,False,False,,,,,,,
2026-08-11,00:00,40.7309324,-73.8645761,63 AVE,11374,112,UNKNOWN,Street,1.1001700449508736,False,QUEENS,"(40.7309324, -73.8645761)",trafficstat,False,False,False,False,False,False,False,False,False,,,,,,,
2026-08-13,00:00,40.7205693,-73.8447086,71 AVE,11375,112,UNKNOWN,Street,42.002769879426246,False,QUEENS,"(40.7205693, -73.8447086)",trafficstat,False,False,False,False,False,False,False,False,False,,,,,,,
2026-08-12,00:00,40.7194405,-73.845256,CONTINENTAL AVE,11375,112,UNKNOWN,Street,1.234084902451941,False,QUEENS,"(40.7194405, -73.845256)",trafficstat,False,False,False,False,False,False,False,False,False,,,,,,,
2026-08-11,00:00,40.7241412,-73.8365756,GRAND CENTRAL PARKWAY ET 11 WB,11375,112,UNKNOWN,Ramp,1.1221613824892636,False,QUEENS,"(40.7241412, -73.8365756)",trafficstat,True,False,False,False,False,False,False,False,True,,,,,,,
2026-08-11,00:00,40.7289253,-73.8575327,65 AVE,11374,112,UNKNOWN,Street,47.70894439407747,False,QUEENS,"(40.7289253, -73.8575327)",trafficstat,False,False,False,False,False,False,False,False,False,,,,,,,
2026-08-11,00:00,40.7263001,-73.8435949,110 ST,11375,112,OTHER,Street,1.1201631740760873,False,QUEENS,"(40.7263001, -73.8435949)",trafficstat,False,False,False,False,False,False,False,False,False,,,,,,,
2026-08-10,00:00,40.7233778,-73.8482918,QUEENS BLVD,11375,112,UNKNOWN,Street,17.830955566357176,False,QUEENS,"(40.7233778, -73.8482918)",trafficstat,True,False,False,False,False,False,False,False,False,,,,,,,
2026-08-10,00:00,40.7213656,-73.8480763,AUSTIN ST,11375,112,UNKNOWN,Street,2.8538102578783473,False,QUEENS,"(40.7213656, -73.8480763)",trafficstat,False,False,False,False,False,False,False,False,False,,,,,,,
2026-08-10,00:00,40.7204587,-73.85573,EXETER ST,11375,112,OTHER,Street,2.5186045628142266,False,QUEENS,"(40.7204587, -73.85573)",trafficstat,False,False,False,False,False,False,False,False,False,,,,,,,
2026-08-10,00:00,40.7260185,-73.8588627,WETHEROLE ST,11374,112,UNKNOWN,Street,82.45183396267724,False,QUEENS,"(40.7260185, -73.8588627)",trafficstat,False,False,False,False,False,False,False,False,False,,,,,,,
2026-08-10,00:00,40.7193482,-73.8429341,AUSTIN ST,11375,112,UNKNOWN,Street,42.08934949352678,False,QUEENS,"(40.7193482, -73.8429341)",trafficstat,True,False,False,True,False,False,False,False,False,,,,,,,
2026-08-10,00:00,40.7162608,-73.8307294,GRAND CENTRAL PKWY,11375,112,UNKNOWN,Street,1.806003792778236,False,QUEENS,"(40.7162608, -73.8307294)",trafficstat,True,False,True,False,False,False,False,False,False,,,,,,,
2026-08-10,00:00,40.7325833,-73.8680511,HORACE HARDING EXPY,11374,112,UNKNOWN,Street,2.9238413510622916,False,QUEENS,"(40.7325833, -73.8680511)",trafficstat,False,False,False,False,False,False,False,False,False,,,,,,,
2026-08-06,00:00,40.7325833,-73.8680511,HORACE HARDING EXPY,11374,112,UNKNOWN,Street,2.9238413510622916,False,QUEENS,"(40.7325833, -73.8680511)",trafficstat,False,False,False,False,False,False,False,False,False,,,,,,,
2026-08-04,00:00,40.7325833,-73.8680511,HORACE HARDING EXPY,11374,112,UNKNOWN,Street,2.9238413510622916,False,QUEENS,"(40.7325833, -73.8680511)",trafficstat,True,False,False,False,False,False,False,True,False,,,,,,,
2026-08-09,00:00,40.7104204,-73.8596365,73 AVE,11385,112,UNKNOWN,Street,3.4361280626978514,False,QUEENS,"(40.7104204, -73.8596365)",trafficstat,True,False,False,False,False,False,False,True,False,,,,,,,
2026-07-29,00:00,40.7104204,-73.8596365,73 AVE,11385,112,UNKNOWN,Street,3.4361280626978514,False,QUEENS,"(40.7104204, -73.8596365)",trafficstat,False,False,False,False,False,False,False,False,False,,,,,,,
2026-08-09,00:00,40.7217086,-73.8359661,GRAND CENTRAL PKWY,11375,112,UNKNOWN,Street,3.9226098841935504,False,QUEENS,"(40.7217086, -73.8359661)",trafficstat,True,False,False,False,False,False,False,True,False,,,,,,,
2026-07-07,00:00,40.7217086,-73.8359661,GRAND CENTRAL PKWY,11375,112,UNKNOWN,Street,3.9226098841935504,False,QUEENS,"(40.7217086, -73.8359661)",trafficstat,True,False,False,False,False,False,False,True,False,,,,,,,
2026-08-09,00:00,40.7152718,-73.8585585,YELLOWSTONE BLVD,11374,112,UNKNOWN,Street,0.704680484330999,False,QUEENS,"(40.7152718, -73.8585585)",trafficstat,False,False,False,False,False,False,False,False,False,,,,,,,
2026-08-08,00:00,40.7209538,-73.8649582,FITCHETT ST,11374,112,UNKNOWN,Street,49.99892978975972,False,QUEENS,"(40.7209538, -73.8649582)",trafficstat,False,False,False,False,False,False,False,False,False,,,,,,,
2026-08-08,00:00,40.7370986,-73.8460557,GRAND CENTRAL PKWY,11375,112,UNKNOWN,Street,0.24164586048647138,False,QUEENS,"(40.7370986, -73.8460557)",trafficstat,False,False,False,False,False,False,False,False,False,,,,,,,
2026-08-08,00:00,40.7268657,-73.8519855,102 ST,11375,112,UNKNOWN,Street,0.790282685969913,False,QUEENS,"(40.7268657, -73.8519855)",trafficstat,False,False,False,False,False,False,False,False,False,,,,,,,
2026-08-07,00:00,40.7288502,-73.852697,66 AVE,11374,112,UNKNOWN,Street,38.43389485426351,False,QUEENS,"(40.7288502, -73.852697)",trafficstat,False,False,False,False,False,False,False,False,False,,,,,,,
2026-08-06,00:00,40.7212691,-73.8475257,AUSTIN ST,11375,112,UNKNOWN,Street,31.717915742113775,False,QUEENS,"(40.7212691, -73.8475257)",trafficstat,True,False,False,False,False,False,False,True,False,,,,,,,
2026-08-05,00:00,40.7172893,-73.8320723,GRAND CENTRAL PKWY,11375,112,UNKNOWN,Street,2.37766903386375,False,QUEENS,"(40.7172893, -73.8320723)",trafficstat,False,False,False,False,False,False,False,False,False,,,,,,,
2026-08-05,00:00,40.7251827,-73.8373826,GRAND CENTRAL PKWY,11375,112,UNKNOWN,Highway,0.46069311498173243,False,QUEENS,"(40.7251827, -73.8373826)",trafficstat,False,False,False,False,False,False,False,False,False,,,,,,,
2026-06-21,00:00,40.7251827,-73.8373826,GRAND CENTRAL PKWY,11375,112,UNKNOWN,Highway,0.46069311498173243,False,QUEENS,"(40.7251827, -73.8373826)",trafficstat,True,False,False,False,False,False,False,True,False,,,,,,,
2026-08-04,00:00,40.7095815,-73.8453799,74 AVE,11375,112,OTHER,Street,0.5871643984417643,False,QUEENS,"(40.7095815, -73.8453799)",trafficstat,False,False,False,False,False,False,False,False,False,,,,,,,
2026-06-17,00:00,40.7095815,-73.8453799,74 AVE,11375,112,UNKNOWN,Street,0.5871643984417643,False,QUEENS,"(40.7095815, -73.8453799)",trafficstat,True,False,False,False,False,False,False,False,True,,,,,,,
2026-08-03,00:00,40.7226741,-73.8389577,112 ST,11375,112,UNKNOWN,Street,52.851793437881824,False,QUEENS,"(40.7226741, -73.8389577)",trafficstat,False,False,False,False,False,False,False,False,False,,,,,,,
2026-08-03,00:00,40.7269102,-73.8323815,VAN WYCK EXPY,11367,112,UNKNOWN,Highway,4.550075814603303,False,QUEENS,"(40.7269102, -73.8323815)",trafficstat,False,False,False,False,False,False,False,False,False,,,,,,,
2026-07-12,00:00,40.7269102,-73.8323815,VAN WYCK EXPY,11367,112,UNKNOWN,Highway,4.550075814603303,False,QUEENS,"(40.7269102, -73.8323815)",trafficstat,True,False,False,False,False,False,False,True,False,,,,,,,
2026-08-03,00:00,40.7280192,-73.8636692,63 DR,11374,112,UNKNOWN,Street,1.7943243070288704,False,QUEENS,"(40.7280192, -73.8636692)",trafficstat,True,False,True,False,False,False,False,False,False,,,,,,,
2026-08-02,00:00,40.708373,-73.8588148,WOODHAVEN BLVD,11385,112,OTHER,Street,99.64575304193635,False,QUEENS,"(40.708373, -73.8588148)",trafficstat,False,False,False,False,False,False,False,False,False,,,,,,,
2026-08-02,00:00,40.7161647,-73.8526334,69 AVE,11375,112,UNKNOWN,Street,1.78189769222634,False,QUEENS,"(40.7161647, -73.8526334)",trafficstat,True,False,False,False,False,False,False,True,False,,,,,,,
2026-08-01,00:00,40.7301173,-73.8623119,63 DR,11374,112,UNKNOWN,Street,1.897005079011334,False,QUEENS,"(40.7301173, -73.8623119)",trafficstat,True,False,False,False,False,True,False,False,False,,,,,,,
2026-07-28,00:00,40.7301173,-73.8623119,63 DR,11374,112,UNKNOWN,Street,1.897005079011334,False,QUEENS,"(40.7301173, -73.8623119)",trafficstat,False,False,False,False,False,False,False,False,False,,,,,,,
2026-07-03,00:00,40.7301173,-73.8623119,63 DR,11374,112,UNKNOWN,Street,1.897005079011334,False,QUEENS,"(40.7301173, -73.8623119)",trafficstat,True,False,False,False,False,False,False,True,False,,,,,,,
2026-08-01,00:00,40.7288071,-73.8403273,GRAND CENTRAL PKWY,11375,112,UNKNOWN,Street,1.2571645200269577,False,QUEENS,"(40.7288071, -73.8403273)",trafficstat,False,False,False,False,False,False,False,False,False,,,,,,,
2026-07-31,00:00,40.7305626,-73.8414142,GRAND CENTRAL PKWY,11375,112,UNKNOWN,Highway,1.8456765495444765,False,QUEENS,"(40.7305626, -73.8414142)",trafficstat,True,False,False,False,False,False,False,True,False,,,,,,,
2026-07-17,00:00,40.7305626,-73.8414142,GRAND CENTRAL PKWY,11375,112,UNKNOWN,Highway,1.8456765495444765,False,QUEENS,"(40.7305626, -73.8414142)",trafficstat,True,True,False,False,False,True,False,False,True,,,,,,,
2026-07-30,00:00,40.7193817,-73.8506061,69 AVE,11375,112,UNKNOWN,Street,1.147144694422735,False,QUEENS,"(40.7193817, -73.8506061)",trafficstat,True,False,False,False,False,False,False,True,False,,,,,,,
2026-07-29,00:00,40.7381038,-73.8486083,COLONIAL AVE,11375,112,UNKNOWN,Street,0.4832315825100667,False,QUEENS,"(40.7381038, -73.8486083)",trafficstat,False,False,False,False,False,False,False,False,False,,,,,,,
2026-07-28,00:00,40.7192542,-73.8357283,113 ST,11375,112,UNKNOWN,Street,60.986685083771754,False,QUEENS,"(40.7192542, -73.8357283)",trafficstat,False,False,False,False,False,False,False,False,False,,,,,,,
2026-07-27,00:00,40.7103204,-73.8499735,71 RD,11375,112,OTHER,Street,1.301317834466458,False,QUEENS,"(40.7103204, -73.8499735)",trafficstat,True,False,False,False,False,False,False,True,False,,,,,,,
2026-07-26,00:00,40.7254577,-73.8377716,GRAND CENTRAL PKWY,11375,112,UNKNOWN,Highway,1.3767244935097647,False,QUEENS,"(40.7254577, -73.8377716)",trafficstat,True,False,False,False,False,False,False,True,False,,,,,,,
2026-06-26,00:00,40.7254577,-73.8377716,GRAND CENTRAL PKWY,11375,112,UNKNOWN,Highway,1.3767244935097647,False,QUEENS,"(40.7254577, -73.8377716)",trafficstat,True,False,False,False,False,False,False,True,False,,,,,,,
2026-06-24,00:00,40.7254577,-73.8377716,GRAND CENTRAL PKWY,11375,112,UNKNOWN,Highway,1.3767244935097647,False,QUEENS,"(40.7254577, -73.8377716)",trafficstat,True,False,False,False,False,False,False,True,False,,,,,,,
2026-07-26,00:00,40.7283709,-73.8711334,61 RD,11374,112,UNKNOWN,Street,3.2950078210281792,False,QUEENS,"(40.7283709, -73.8711334)",trafficstat,True,False,False,False,False,False,False,False,True,,,,,,,
2026-07-13,00:00,40.7283709,-73.8711334,61 RD,11374,112,UNKNOWN,Street,3.2950078210281792,False,QUEENS,"(40.7283709, -73.8711334)",trafficstat,True,False,False,False,False,False,False,True,True,,,,,,,
2026-07-25,00:00,40.7248962,-73.8551251,67 AVE,11374,112,UNKNOWN,Street,1.4426243231782752,False,QUEENS,"(40.7248962, -73.8551251)",trafficstat,False,False,False,False,False,False,False,False,False,,,,,,,
2026-07-24,00:00,40.7212519,-73.859124,ALDERTON ST,11374,112,UNKNOWN,Street,59.71222844353905,False,QUEENS,"(40.7212519, -73.859124)",trafficstat,False,False,False,False,False,False,False,False,False,,,,,,,
2026-07-24,00:00,40.7214534,-73.8439778,71 AVE,11375,112,UNKNOWN,Street,1.8923155740005062,False,QUEENS,"(40.7214534, -73.8439778)",trafficstat,False,False,False,False,False,False,False,False,False,,,,,,,
2026-07-24,00:00,40.7182779,-73.8635701,66 AVE,11374,112,UNKNOWN,Street,2.4655288671507787,False,QUEENS,"(40.7182779, -73.8635701)",trafficstat,True,False,False,False,False,False,False,True,False,,,,,,,
2026-07-24,00:00,40.7277062,-73.8609584,BOOTH ST,11374,112,UNKNOWN,Street,39.52087491377599,False,QUEENS,"(40.7277062, -73.8609584)",trafficstat,False,False,False,False,False,False,False,False,False,,,,,,,
2026-07-23,00:00,40.7210044,-73.8437342,QUEENS BLVD,11375,112,UNKNOWN,Street,43.554881189415504,False,QUEENS,"(40.7210044, -73.8437342)",trafficstat,False,False,False,False,False,False,False,False,False,,,,,,,
2026-07-23,00:00,40.7197622,-73.8436788,AUSTIN ST,11375,112,UNKNOWN,Street,2.3636622568779386,False,QUEENS,"(40.7197622, -73.8436788)",trafficstat,True,False,False,False,False,False,False,False,True,,,,,,,
2026-06-20,00:00,40.7197622,-73.8436788,AUSTIN ST,11375,112,UNKNOWN,Street,2.3636622568779386,False,QUEENS,"(40.7197622, -73.8436788)",trafficstat,False,False,False,False,False,False,False,False,False,,,,,,,
2026-07-23,00:00,40.7162465,-73.8418978,ASCAN AVE,11375,112,UNKNOWN,Street,1.8261234197254266,False,QUEENS,"(40.7162465, -73.8418978)",trafficstat,False,False,False,False,False,False,False,False,False,,,,,,,
2026-07-23,00:00,40.7216437,-73.8386417,112 ST,11375,112,OTHER,Street,1.1056644259346537,False,QUEENS,"(40.7216437, -73.8386417)",trafficstat,False,False,False,False,False,False,False,False,False,,,,,,,
2026-07-22,00:00,40.739708,-73.8454399,LONG ISLAND EXPY,11375,112,UNKNOWN,Highway,2.3137523806186935,False,QUEENS,"(40.739708, -73.8454399)",trafficstat,False,False,False,False,False,False,False,False,False,,,,,,,