crash_date,crash_time,latitude,longitude,on_street_name,zip_code,precinct,collision_type,roadway_type,geocode_dist_feet,time_is_known,borough,location,source,injury,fatality,injured_pedestrian,injured_cyclist,injured_ebike_rider,injured_motorcyclist,injured_moped_rider,injured_car_occupant,injured_suv_occupant,number_of_persons_injured,number_of_persons_killed,contributing_factor_vehicle_1,collision_id,cross_street_name,off_street_name,vehicle_type_code1
2026-07-21,00:00,40.707901,-73.8511007,71 AVE,11375,112,UNKNOWN,Street,0.7746655706900845,False,QUEENS,"(40.707901, -73.8511007)",trafficstat,False,False,False,False,False,False,False,False,False,,,,,,,
2026-07-20,00:00,40.7190641,-73.8331948,GRAND CENTRAL PKWY,11375,112,UNKNOWN,Highway,12.196684204747005,False,QUEENS,"(40.7190641, -73.8331948)",trafficstat,True,False,False,False,False,False,False,True,True,,,,,,,
2026-07-20,00:00,40.7250633,-73.8575049,66 AVE,11374,112,UNKNOWN,Street,41.12974823734551,False,QUEENS,"(40.7250633, -73.8575049)",trafficstat,True,False,False,False,False,False,False,True,False,,,,,,,
2026-07-20,00:00,40.7365576,-73.8473872,ALLEY,,112,UNKNOWN,Alley,51.36281158795579,False,QUEENS,"(40.7365576, -73.8473872)",trafficstat,False,False,False,False,False,False,False,False,False,,,,,,,
2026-07-20,00:00,40.7349857,-73.8506577,108 ST,11375,112,UNKNOWN,Street,1.1491743261632454,False,QUEENS,"(40.7349857, -73.8506577)",trafficstat,True,False,True,False,False,False,False,False,False,,,,,,,
2026-07-19,00:00,40.7239389,-73.8559717,67 AVE,11374,112,UNKNOWN,Street,80.44472823036523,False,QUEENS,"(40.7239389, -73.8559717)",trafficstat,False,False,False,False,False,False,False,False,False,,,,,,,
2026-07-18,00:00,40.724966,-73.8455029,108 ST,11375,112,UNKNOWN,Street,0.5067073931175975,False,QUEENS,"(40.724966, -73.8455029)",trafficstat,True,False,True,False,False,False,False,False,False,,,,,,,
2026-07-18,00:00,40.724968,-73.845505,108 ST,11375,112,UNKNOWN,Street,0.7819576836620193,False,QUEENS,"(40.724968, -73.845505)",trafficstat,False,False,False,False,False,False,False,False,False,,,,,,,
2026-07-17,00:00,40.7269695,-73.853746,67 AVE,11374,112,UNKNOWN,Street,2.7031311834839133,False,QUEENS,"(40.7269695, -73.853746)",trafficstat,True,False,False,False,False,False,False,True,True,,,,,,,
2026-07-16,00:00,40.7228931,-73.8276893,73 TER PEDESTRIAN OPAS,11367,112,UNKNOWN,Bridge,2.869445635759549,False,QUEENS,"(40.7228931, -73.8276893)",trafficstat,False,False,False,False,False,False,False,False,False,,,,,,,
2026-07-16,00:00,40.7170224,-73.8297044,GRAND CENTRAL PKWY,11367,112,UNKNOWN,Highway,5.86726788805764,False,QUEENS,"(40.7170224, -73.8297044)",trafficstat,False,False,False,False,False,False,False,False,False,,,,,,,
2026-07-15,00:00,40.7190675,-73.8454769,CONTINENTAL AVE,11375,112,UNKNOWN,Street,1.3630834370353562,False,QUEENS,"(40.7190675, -73.8454769)",trafficstat,True,False,False,False,True,False,False,False,False,,,,,,,
2026-07-15,00:00,40.7268785,-73.839062,GRAND CENTRAL PKWY,11375,112,UNKNOWN,Street,0.5516510827711618,False,QUEENS,"(40.7268785, -73.839062)",trafficstat,False,False,False,False,False,False,False,False,False,,,,,,,
2026-07-15,00:00,40.7326169,-73.8685937,QUEENS BLVD,11373,112,UNKNOWN,Street,11.059082502623612,False,QUEENS,"(40.7326169, -73.8685937)",trafficstat,True,False,False,False,False,False,False,True,True,,,,,,,
2026-07-14,00:00,40.7326169,-73.8685937,QUEENS BLVD,11373,112,UNKNOWN,Street,11.059082502623612,False,QUEENS,"(40.7326169, -73.8685937)",trafficstat,False,False,False,False,False,False,False,False,False,,,,,,,
2026-07-14,00:00,40.7299972,-73.8414682,GRAND CENTRAL PKWY,11375,112,UNKNOWN,Street,1.702609357031166,False,QUEENS,"(40.7299972, -73.8414682)",trafficstat,True,False,False,False,False,False,False,True,False,,,,,,,
2026-07-13,00:00,40.7209825,-73.8408584,110 ST,11375,112,UNKNOWN,Street,1.1225271176123532,False,QUEENS,"(40.7209825, -73.8408584)",trafficstat,True,False,True,False,False,False,False,False,False,,,,,,,
2026-07-12,00:00,40.722106,-73.8365185,GRAND CENTRAL PKWY,11375,112,UNKNOWN,Street,50.71421720578566,False,QUEENS,"(40.722106, -73.8365185)",trafficstat,False,False,False,False,False,False,False,False,False,,,,,,,
2026-07-11,00:00,40.7304841,-73.8664112,SAUNDERS ST,11374,112,UNKNOWN,Street,38.118025519877364,False,QUEENS,"(40.7304841, -73.8664112)",trafficstat,False,False,False,False,False,False,False,False,False,,,,,,,
2026-07-09,00:00,40.730943,-73.8738179,LONG ISLAND EXPY,11373,112,UNKNOWN,Highway,14.181524230783939,False,QUEENS,"(40.730943, -73.8738179)",trafficstat,False,False,False,False,False,False,False,False,False,,,,,,,
2026-07-09,00:00,40.7238839,-73.8491456,QUEENS BLVD,11375,112,OTHER,Street,26.477442944739355,False,QUEENS,"(40.7238839, -73.8491456)",trafficstat,True,False,True,False,False,False,False,False,False,,,,,,,
2026-07-08,00:00,40.7282895,-73.8472126,108 ST,11375,112,UNKNOWN,Street,0.7758477178030135,False,QUEENS,"(40.7282895, -73.8472126)",trafficstat,True,False,False,False,False,False,False,False,True,,,,,,,
2026-07-06,00:00,40.734984,-73.8558068,102 ST,11374,112,UNKNOWN,Street,0.3868924336579068,False,QUEENS,"(40.734984, -73.8558068)",trafficstat,True,False,False,False,False,False,False,True,False,,,,,,,
2026-07-06,00:00,40.72697,-73.867065,63 AVE,11374,112,UNKNOWN,Street,1.9493328141429584,False,QUEENS,"(40.72697, -73.867065)",trafficstat,True,False,True,False,False,False,False,False,False,,,,,,,
2026-07-05,00:00,40.7115989,-73.8581876,TROTTING COURSE LN,11374,112,UNKNOWN,Street,1.3601052821048087,False,QUEENS,"(40.7115989, -73.8581876)",trafficstat,True,False,False,False,False,False,False,True,False,,,,,,,
2026-07-04,00:00,40.724587,-73.8515613,BOOTH ST,11375,112,UNKNOWN,Street,1.4657307819679521,False,QUEENS,"(40.724587, -73.8515613)",trafficstat,False,False,False,False,False,False,False,False,False,,,,,,,
2026-07-03,00:00,40.727383,-73.8641,63 DR,11374,112,UNKNOWN,Street,1.4928459123123883,False,QUEENS,"(40.727383, -73.8641)",trafficstat,True,False,False,False,False,False,False,False,True,,,,,,,
2026-07-03,00:00,40.7184123,-73.8563025,HARROW ST,11375,112,UNKNOWN,Street,34.55807823154876,False,QUEENS,"(40.7184123, -73.8563025)",trafficstat,False,False,False,False,False,False,False,False,False,,,,,,,
2026-07-03,00:00,40.7350761,-73.85092,63 AVE,11375,112,UNKNOWN,Street,54.517768712121466,False,QUEENS,"(40.7350761, -73.85092)",trafficstat,True,False,False,False,False,False,False,False,False,,,,,,,
2026-07-02,00:00,40.7328708,-73.8574236,99 ST,11374,112,UNKNOWN,Street,48.31615638970108,False,QUEENS,"(40.7328708, -73.8574236)",trafficstat,False,False,False,False,False,False,False,False,False,,,,,,,
2026-07-02,00:00,40.7274101,-73.8505663,67 RD,11375,112,OTHER,Street,38.185181567745566,False,QUEENS,"(40.7274101, -73.8505663)",trafficstat,False,False,False,False,False,False,False,False,False,,,,,,,
2026-07-02,00:00,40.716366,-73.82809,UNION TURNPIKE PED AND BIKE PATH,11367,112,UNKNOWN,Street,1.7614745406245742,False,QUEENS,"(40.716366, -73.82809)",trafficstat,True,False,False,False,False,False,False,False,True,,,,,,,
2026-07-01,00:00,40.7158581,-73.8300179,GRAND CENTRAL PKWY,11375,112,OTHER,Street,35.85525220342604,False,QUEENS,"(40.7158581, -73.8300179)",trafficstat,False,False,False,False,False,False,False,False,False,,,,,,,
2026-07-01,00:00,40.7334972,-73.8703694,QUEENS BLVD,11373,112,UNKNOWN,Street,18.909476770212184,False,QUEENS,"(40.7334972, -73.8703694)",trafficstat,False,False,False,False,False,False,False,False,False,,,,,,,
2026-06-30,00:00,40.7296237,-73.8581636,98 ST,11374,112,UNKNOWN,Street,0.5901892602488281,False,QUEENS,"(40.7296237, -73.8581636)",trafficstat,False,False,False,False,False,False,False,False,False,,,,,,,
2026-06-29,00:00,40.7298537,-73.8686914,WETHEROLE ST,11374,112,UNKNOWN,Street,52.54832552681997,False,QUEENS,"(40.7298537, -73.8686914)",trafficstat,False,False,False,False,False,False,False,False,False,,,,,,,
2026-06-29,00:00,40.7319494,-73.863423,JUNCTION BLVD,11374,112,UNKNOWN,Street,0.7435878641266275,False,QUEENS,"(40.7319494, -73.863423)",trafficstat,True,False,False,False,False,False,False,True,False,,,,,,,
2026-06-29,00:00,40.7256888,-73.8546255,67 AVE,11374,112,UNKNOWN,Street,1.1682385111870017,False,QUEENS,"(40.7256888, -73.8546255)",trafficstat,True,False,False,True,False,False,False,False,False,,,,,,,
2026-06-28,00:00,40.7283021,-73.8548904,99 ST,11374,112,UNKNOWN,Street,0.8972157822918282,False,QUEENS,"(40.7283021, -73.8548904)",trafficstat,True,False,False,True,False,False,False,False,False,,,,,,,
2026-06-12,00:00,40.7283021,-73.8548904,99 ST,11374,112,OTHER,Street,0.8972157822918282,False,QUEENS,"(40.7283021, -73.8548904)",trafficstat,False,False,False,False,False,False,False,False,False,,,,,,,
2026-06-28,00:00,40.7165652,-73.8286811,GRAND CENTRAL PKWY,11367,112,UNKNOWN,Highway,1.1735281110221847,False,QUEENS,"(40.7165652, -73.8286811)",trafficstat,False,False,False,False,False,False,False,False,False,,,,,,,
2026-06-28,00:00,40.7279031,-73.8562262,QUEENS BLVD,11374,112,UNKNOWN,Street,19.50527807992428,False,QUEENS,"(40.7279031, -73.8562262)",trafficstat,True,False,False,False,False,False,False,True,False,,,,,,,
2026-06-27,00:00,40.7293472,-73.8500382,YELLOWSTONE BLVD,11375,112,UNKNOWN,Street,50.50433923914605,False,QUEENS,"(40.7293472, -73.8500382)",trafficstat,True,False,False,False,True,False,False,False,False,,,,,,,
2026-06-27,00:00,40.7358048,-73.8580653,LONG ISLAND EXPY,11374,112,UNKNOWN,Highway,0.07561773140743998,False,QUEENS,"(40.7358048, -73.8580653)",trafficstat,False,False,False,False,False,False,False,False,False,,,,,,,
2026-06-27,00:00,40.7281551,-73.8392443,GRAND CENTRAL PKWY,11375,112,OTHER,Highway,1.5441177765985268,False,QUEENS,"(40.7281551, -73.8392443)",trafficstat,False,False,False,False,False,False,False,False,False,,,,,,,
2026-06-26,00:00,40.7210563,-73.8551912,YELLOWSTONE BLVD,11375,112,UNKNOWN,Street,1.3496611382180717,False,QUEENS,"(40.7210563, -73.8551912)",trafficstat,True,False,False,True,False,False,False,False,False,,,,,,,
2026-06-26,00:00,40.7195434,-73.8591302,ALDERTON ST,11374,112,UNKNOWN,Street,0.34461509790452577,False,QUEENS,"(40.7195434, -73.8591302)",trafficstat,False,False,False,False,False,False,False,False,False,,,,,,,
2026-06-26,00:00,40.7114028,-73.856248,METROPOLITAN AVE,11375,112,UNKNOWN,Street,31.27842638574745,False,QUEENS,"(40.7114028, -73.856248)",trafficstat,True,False,False,False,False,False,False,True,False,,,,,,,
2026-06-26,00:00,40.7376829,-73.8520481,108 ST,11375,112,UNKNOWN,Street,0.8055347168959152,False,QUEENS,"(40.7376829, -73.8520481)",trafficstat,False,False,False,False,False,False,False,False,False,,,,,,,
2026-06-23,00:00,40.7376829,-73.8520481,108 ST,11375,112,UNKNOWN,Street,0.8055347168959152,False,QUEENS,"(40.7376829, -73.8520481)",trafficstat,False,False,False,False,False,False,False,False,False,,,,,,,
2026-06-20,00:00,40.7376829,-73.8520481,108 ST,11375,112,UNKNOWN,Street,0.8055347168959152,False,QUEENS,"(40.7376829, -73.8520481)",trafficstat,False,False,False,False,False,False,False,False,False,,,,,,,
2026-06-25,00:00,40.7282156,-73.8529542,66 RD,11374,112,UNKNOWN,Street,34.17856074770831,False,QUEENS,"(40.7282156, -73.8529542)",trafficstat,False,False,False,False,False,False,False,False,False,,,,,,,
2026-06-25,00:00,40.7340696,-73.8625675,97 ST,11374,112,UNKNOWN,Street,21.718008791789178,False,QUEENS,"(40.7340696, -73.8625675)",trafficstat,True,False,False,False,False,True,False,False,False,,,,,,,
2026-06-25,00:00,40.7203028,-73.8454643,AUSTIN ST,11375,112,OTHER,Street,37.92254991068129,False,QUEENS,"(40.7203028, -73.8454643)",trafficstat,True,False,False,False,False,False,False,False,True,,,,,,,
2026-06-25,00:00,40.7226213,-73.8491341,GERARD PL,11375,112,UNKNOWN,Street,0.9713385941179628,False,QUEENS,"(40.7226213, -73.8491341)",trafficstat,False,False,False,False,False,False,False,False,False,,,,,,,
2026-06-23,00:00,40.7236339,-73.8448205,108 ST,11375,112,UNKNOWN,Street,1.3327172126522997,False,QUEENS,"(40.7236339, -73.8448205)",trafficstat,True,False,False,False,False,False,False,True,False,,,,,,,
2026-06-23,00:00,40.7084098,-73.8456711,UNION TPKE,11418,112,UNKNOWN,Street,17.355455771242273,False,QUEENS,"(40.7084098, -73.8456711)",trafficstat,False,False,False,False,False,False,False,False,False,,,,,,,
2026-06-23,00:00,40.7113721,-73.8503354,71 AVE,11375,112,UNKNOWN,Street,1.205319645255713,False,QUEENS,"(40.7113721, -73.8503354)",trafficstat,True,False,False,False,False,False,False,False,True,,,,,,,
2026-06-22,00:00,40.731706,-73.8426094,GRAND CENTRAL PKWY,11375,112,UNKNOWN,Highway,0.6921681143200052,False,QUEENS,"(40.731706, -73.8426094)",trafficstat,True,False,False,False,False,False,False,True,False,,,,,,,
2026-06-21,00:00,40.726466,-73.8594187,65 RD,11374,112,UNKNOWN,Street,1.7687988883014485,False,QUEENS,"(40.726466, -73.8594187)",trafficstat,False,False,False,False,False,False,False,False,False,,,,,,,
2026-06-21,00:00,40.7098749,-73.8472368,72 RD,11375,112,UNKNOWN,Street,1.1972535299853306,False,QUEENS,"(40.7098749, -73.8472368)",trafficstat,True,False,False,False,False,False,False,True,False,,,,,,,
2026-06-20,00:00,40.7318157,-73.8712891,LONG ISLAND EXPY,11373,112,UNKNOWN,Bridge,27.439264821852152,False,QUEENS,"(40.7318157, -73.8712891)",trafficstat,False,False,False,False,False,False,False,False,False,,,,,,,
2026-06-19,00:00,40.7215092,-73.8654326,FITCHETT ST,11374,112,UNKNOWN,Street,49.94889466112852,False,QUEENS,"(40.7215092, -73.8654326)",trafficstat,False,False,False,False,False,False,False,False,False,,,,,,,
2026-06-18,00:00,40.7060072,-73.8549478,UNION TURNPIKE PEDESTRIAN OPAS,11385,112,UNKNOWN,Bridge,176.82932991452742,False,QUEENS,"(40.7060072, -73.8549478)",trafficstat,True,False,False,False,False,False,True,False,False,,,,,,,
2026-06-18,00:00,40.7302947,-73.8712172,WOODHAVEN BLVD,11373,112,UNKNOWN,Street,54.46400919818046,False,QUEENS,"(40.7302947, -73.8712172)",trafficstat,True,False,False,False,False,False,True,False,False,,,,,,,
2026-06-18,00:00,40.7322809,-73.851822,YELLOWSTONE BLVD,11375,112,UNKNOWN,Street,1.0791451113127777,False,QUEENS,"(40.7322809, -73.851822)",trafficstat,True,False,True,False,False,False,False,False,False,,,,,,,
2026-06-17,00:00,40.7293028,-73.8628476,63 DR,11374,112,UNKNOWN,Street,1.5192999563449212,False,QUEENS,"(40.7293028, -73.8628476)",trafficstat,True,False,False,False,False,False,False,False,False,,,,,,,
2026-06-16,00:00,40.7123495,-73.8443562,ASCAN AVE,11375,112,UNKNOWN,Street,1.6161938582435327,False,QUEENS,"(40.7123495, -73.8443562)",trafficstat,True,False,False,True,False,False,False,False,False,,,,,,,
2026-06-16,00:00,40.7199247,-73.8394662,72 DR,11375,112,OTHER,Street,17.952923646430854,False,QUEENS,"(40.7199247, -73.8394662)",trafficstat,True,False,False,False,False,True,False,False,False,,,,,,,
2026-06-16,00:00,40.7315185,-73.8439637,66 AVE,11375,112,UNKNOWN,Street,53.733497362097644,False,QUEENS,"(40.7315185, -73.8439637)",trafficstat,False,False,False,False,False,False,False,False,False,,,,,,,
2026-06-15,00:00,40.7159939,-73.8586904,ALDERTON ST,11374,112,UNKNOWN,Street,0.5052646283578357,False,QUEENS,"(40.7159939, -73.8586904)",trafficstat,False,False,False,False,False,False,False,False,False,,,,,,,
2026-06-15,00:00,40.7158508,-73.8341619,77 AVE,11375,112,UNKNOWN,Street,41.61896859236956,False,QUEENS,"(40.7158508, -73.8341619)",trafficstat,False,False,False,False,False,False,False,False,False,,,,,,,
2026-06-14,00:00,40.71717,-73.8349369,76 RD,11375,112,UNKNOWN,Street,2.9270297896338318,False,QUEENS,"(40.71717, -73.8349369)",trafficstat,False,False,False,False,False,False,False,False,False,,,,,,,
2026-06-13,00:00,40.71717,-73.8349369,76 RD,11375,112,UNKNOWN,Street,2.9270297896338318,False,QUEENS,"(40.71717, -73.8349369)",trafficstat,False,False,False,False,False,False,False,False,False,,,,,,,
2026-06-14,00:00,40.7256211,-73.851025,QUEENS BLVD,11375,112,UNKNOWN,Street,23.449793516580115,False,QUEENS,"(40.7256211, -73.851025)",trafficstat,True,False,True,False,True,False,False,False,False,,,,,,,
2026-06-14,00:00,40.72412,-73.8556174,67 AVE,11374,112,UNKNOWN,Street,0.9797518563559252,False,QUEENS,"(40.72412, -73.8556174)",trafficstat,False,False,False,False,False,False,False,False,False,,,,,,,
2026-06-14,00:00,40.7255343,-73.8652906,63 DR,11374,112,UNKNOWN,Street,1.7965848341821167,False,QUEENS,"(40.7255343, -73.8652906)",trafficstat,True,False,False,False,False,False,False,True,False,,,,,,,
2026-06-13,00:00,40.7279108,-73.8696334,62 AVE,11374,112,UNKNOWN,Street,1.0125075334823999,False,QUEENS,"(40.7279108, -73.8696334)",trafficstat,False,False,False,False,False,False,False,False,False,,,,,,,
2026-06-12,00:00,40.7336117,-73.8473556,110 ST,11375,112,UNKNOWN,Street,1.1151295340344964,False,QUEENS,"(40.7336117, -73.8473556)",trafficstat,True,False,False,False,False,False,False,False,False,,,,,,,
2026-06-12,00:00,40.7223372,-73.8510207,AUSTIN ST,11375,112,UNKNOWN,Street,40.27386697986952,False,QUEENS,"(40.7223372, -73.8510207)",trafficstat,False,False,False,False,False,False,False,False,False,,,,,,,
2026-06-12,00:00,40.7219049,-73.8450086,70 RD,11375,112,UNKNOWN,Street,1.7800960555345644,False,QUEENS,"(40.7219049, -73.8450086)",trafficstat,True,False,False,False,False,False,True,False,False,,,,,,,
2026-09-12,00:00,40.7658384,-73.9132183,STEINWAY ST,11103,114,UNKNOWN,Street,46.87368941741532,False,QUEENS,"(40.7658384, -73.9132183)",trafficstat,False,False,False,False,False,False,False,False,False,,,,,,,
2026-09-11,00:00,40.7628584,-73.9081111,28 AVE,11103,114,OTHER,Street,1.808194753860569,False,QUEENS,"(40.7628584, -73.9081111)",trafficstat,True,False,False,False,False,False,False,False,True,,,,,,,
2026-09-11,00:00,40.7643595,-73.9163195,30 AVE,11103,114,UNKNOWN,Street,51.045372153921626,False,QUEENS,"(40.7643595, -73.9163195)",trafficstat,False,False,False,False,False,False,False,False,False,,,,,,,
2026-09-11,00:00,40.7677861,-73.9116337,STEINWAY ST,11103,114,UNKNOWN,Street,46.81272517216075,False,QUEENS,"(40.7677861, -73.9116337)",trafficstat,False,False,False,False,False,False,False,False,False,,,,,,,
2026-09-11,00:00,40.7529763,-73.9102325,WOODSIDE AVE,11377,114,OTHER,Street,0.8342685640376996,False,QUEENS,"(40.7529763, -73.9102325)",trafficstat,True,False,False,False,False,False,False,False,False,,,,,,,
2026-09-11,00:00,40.7581765,-73.9240539,35 ST,11106,114,OTHER,Street,1.93492093549326,False,QUEENS,"(40.7581765, -73.9240539)",trafficstat,False,False,False,False,False,False,False,False,False,,,,,,,
2026-06-14,00:00,40.7581765,-73.9240539,35 ST,11106,114,UNKNOWN,Street,1.93492093549326,False,QUEENS,"(40.7581765, -73.9240539)",trafficstat,True,False,False,False,False,False,False,True,False,,,,,,,
2026-09-09,00:00,40.7497328,-73.9360964,NORTHERN BLVD,11101,114,UNKNOWN,Street,1.6440852253803475,False,QUEENS,"(40.7497328, -73.9360964)",trafficstat,False,False,False,False,False,False,False,False,False,,,,,,,
2026-09-04,00:00,40.7497328,-73.9360964,NORTHERN BLVD,11101,114,UNKNOWN,Street,1.6440852253803475,False,QUEENS,"(40.7497328, -73.9360964)",trafficstat,True,False,False,False,False,False,False,True,False,,,,,,,
2026-06-30,00:00,40.7497328,-73.9360964,NORTHERN BLVD,11101,114,UNKNOWN,Street,1.6440852253803475,False,QUEENS,"(40.7497328, -73.9360964)",trafficstat,False,False,False,False,False,False,False,False,False,,,,,,,
2026-09-09,00:00,40.7607883,-73.9108754,46 ST,11103,114,UNKNOWN,Street,1.566916353715921,False,QUEENS,"(40.7607883, -73.9108754)",trafficstat,True,False,True,False,False,False,False,False,False,,,,,,,
2026-09-09,00:00,40.764399,-73.9191756,35 ST,11103,114,UNKNOWN,Street,39.46751740338484,False,QUEENS,"(40.764399, -73.9191756)",trafficstat,False,False,False,False,False,False,False,False,False,,,,,,,
2026-09-09,00:00,40.7697928,-73.9168274,ASTORIA BLVD S,11103,114,UNKNOWN,Street,2.4239411277683867,False,QUEENS,"(40.7697928, -73.9168274)",trafficstat,False,False,False,False,False,False,False,False,False,,,,,,,
2026-07-20,00:00,40.7697928,-73.9168274,ASTORIA BLVD S,11103,114,UNKNOWN,Street,2.4239411277683867,False,QUEENS,"(40.7697928, -73.9168274)",trafficstat,True,False,False,False,False,False,False,False,True,,,,,,,
2026-09-08,00:00,40.7614081,-73.9346956,35 AVE,11106,114,OTHER,Street,114.5660687556483,False,QUEENS,"(40.7614081, -73.9346956)",trafficstat,False,False,False,False,False,False,False,False,False,,,,,,,
2026-09-08,00:00,40.7683835,-73.9080312,43 ST,11103,114,UNKNOWN,Street,2.014884075230957,False,QUEENS,"(40.7683835, -73.9080312)",trafficstat,False,False,False,False,False,False,False,False,False,,,,,,,
2026-09-08,00:00,40.7554413,-73.9070962,54 ST,11377,114,UNKNOWN,Street,0.03800915090922536,False,QUEENS,"(40.7554413, -73.9070962)",trafficstat,False,False,False,False,False,False,False,False,False,,,,,,,
2026-09-08,00:00,40.7564008,-73.9296484,36 AVE,11106,114,UNKNOWN,Street,43.60908975818465,False,QUEENS,"(40.7564008, -73.9296484)",trafficstat,True,False,False,True,False,False,False,False,False,,,,,,,
2026-09-07,00:00,40.7648639,-73.916742,30 AVE,11103,114,UNKNOWN,Street,43.57282026087295,False,QUEENS,"(40.7648639, -73.916742)",trafficstat,True,False,False,False,False,False,False,True,True,,,,,,,
2026-09-07,00:00,40.773367,-73.9067896,38 ST,11105,114,UNKNOWN,Street,1.9255127157415863,False,QUEENS,"(40.773367, -73.9067896)",trafficstat,False,False,False,False,False,False,False,False,False,,,,,,,
2026-09-07,00:00,40.7778157,-73.8975094,42 ST,11105,114,UNKNOWN,Street,41.00758834536756,False,QUEENS,"(40.7778157, -73.8975094)",trafficstat,False,False,False,False,False,False,False,False,False,,,,,,,
2026-09-06,00:00,40.7638571,-73.9136829,41 ST,11103,114,OTHER,Street,56.7466146544699,False,QUEENS,"(40.7638571, -73.9136829)",trafficstat,False,False,False,False,False,False,False,False,False,,,,,,,
2026-09-06,00:00,40.7619706,-73.9253816,31 ST,11106,114,OTHER,Street,1.3656316128964934,False,QUEENS,"(40.7619706, -73.9253816)",trafficstat,True,False,False,True,False,False,False,False,False,,,,,,,
2026-09-02,00:00,40.7619706,-73.9253816,31 ST,11106,114,UNKNOWN,Street,1.3656316128964934,False,QUEENS,"(40.7619706, -73.9253816)",trafficstat,True,False,True,False,False,False,False,False,False,,,,,,,
2026-08-05,00:00,40.7619706,-73.9253816,31 ST,11106,114,OTHER,Street,1.3656316128964934,False,QUEENS,"(40.7619706, -73.9253816)",trafficstat,True,False,True,False,False,False,False,False,False,,,,,,,
2026-07-01,00:00,40.7619706,-73.9253816,31 ST,11106,114,UNKNOWN,Street,1.3656316128964934,False,QUEENS,"(40.7619706, -73.9253816)",trafficstat,False,False,False,False,False,False,False,False,False,,,,,,,
2026-09-06,00:00,40.7614156,-73.9182853,38 ST,11103,114,UNKNOWN,Street,38.033458151454106,False,QUEENS,"(40.7614156, -73.9182853)",trafficstat,False,False,False,False,False,False,False,False,False,,,,,,,
2026-09-06,00:00,40.7535304,-73.9369356,27 ST,11101,114,UNKNOWN,Street,39.004282612761095,False,QUEENS,"(40.7535304, -73.9369356)",trafficstat,False,False,False,False,False,False,False,False,False,,,,,,,
2026-09-05,00:00,40.7537872,-73.9320212,38 AVE,11101,114,OTHER,Street,1.912793696600455,False,QUEENS,"(40.7537872, -73.9320212)",trafficstat,True,False,False,True,False,False,False,False,False,,,,,,,
2026-09-05,00:00,40.7569982,-73.9078268,51 ST,11377,114,UNKNOWN,Street,1.6321249906568913,False,QUEENS,"(40.7569982, -73.9078268)",trafficstat,True,False,False,False,False,True,False,False,False,,,,,,,
2026-09-05,00:00,40.7628268,-73.9339793,34 AVE,11106,114,UNKNOWN,Street,1.8880236082202708,False,QUEENS,"(40.7628268, -73.9339793)",trafficstat,True,False,False,False,False,True,False,False,False,,,,,,,
2026-08-13,00:00,40.7628268,-73.9339793,34 AVE,11106,114,UNKNOWN,Street,1.8880236082202708,False,QUEENS,"(40.7628268, -73.9339793)",trafficstat,True,False,False,False,False,False,False,False,True,,,,,,,
2026-06-19,00:00,40.7628268,-73.9339793,34 AVE,11106,114,OTHER,Street,1.8880236082202708,False,QUEENS,"(40.7628268, -73.9339793)",trafficstat,True,False,False,False,False,False,False,False,True,,,,,,,
2026-09-05,00:00,40.763893,-73.9149937,STEINWAY ST,11103,114,UNKNOWN,Street,1.3778514055298388,False,QUEENS,"(40.763893, -73.9149937)",trafficstat,False,False,False,False,False,False,False,False,False,,,,,,,
2026-07-24,00:00,40.763893,-73.9149937,STEINWAY ST,11103,114,UNKNOWN,Street,1.3778514055298388,False,QUEENS,"(40.763893, -73.9149937)",trafficstat,True,False,True,False,False,False,False,False,False,,,,,,,
2026-06-14,00:00,40.763893,-73.9149937,STEINWAY ST,11103,114,UNKNOWN,Street,1.3778514055298388,False,QUEENS,"(40.763893, -73.9149937)",trafficstat,True,False,False,False,False,True,False,False,False,,,,,,,
2026-09-05,00:00,40.7644598,-73.9371586,34 AVE,11106,114,UNKNOWN,Street,42.92452834122719,False,QUEENS,"(40.7644598, -73.9371586)",trafficstat,False,False,False,False,False,False,False,False,False,,,,,,,
2026-09-05,00:00,40.7672535,-73.8948479,74 ST,11370,114,UNKNOWN,Street,61.275115556317125,False,QUEENS,"(40.7672535, -73.8948479)",trafficstat,False,False,False,False,False,False,False,False,False,,,,,,,
2026-09-04,00:00,40.7694702,-73.9148747,35 ST,11103,114,UNKNOWN,Street,1.7021286542185152,False,QUEENS,"(40.7694702, -73.9148747)",trafficstat,True,False,False,False,False,False,False,False,True,,,,,,,
2026-09-04,00:00,40.7568163,-73.9346622,CRESCENT ST,11101,114,OTHER,Street,23.079031553883112,False,QUEENS,"(40.7568163, -73.9346622)",trafficstat,True,False,False,True,False,False,False,False,False,,,,,,,
2026-09-04,00:00,40.7766415,-73.9104743,31 ST,11105,114,OTHER,Street,78.40300092476848,False,QUEENS,"(40.7766415, -73.9104743)",trafficstat,True,False,False,False,False,False,False,False,False,,,,,,,
2026-09-04,00:00,40.7736446,-73.9134703,31 ST,11105,114,UNKNOWN,Street,56.801697142850166,False,QUEENS,"(40.7736446, -73.9134703)",trafficstat,False,False,False,False,False,False,False,False,False,,,,,,,