crash_date,crash_time,latitude,longitude,on_street_name,zip_code,precinct,collision_type,roadway_type,geocode_dist_feet,time_is_known,borough,location,source,injury,fatality,injured_pedestrian,injured_cyclist,injured_ebike_rider,injured_motorcyclist,injured_moped_rider,injured_car_occupant,injured_suv_occupant,number_of_persons_injured,number_of_persons_killed,contributing_factor_vehicle_1,collision_id,cross_street_name,off_street_name,vehicle_type_code1
2026-09-04,00:00,40.7704403,-73.9165414,33 ST,11102,114,UNKNOWN,Street,1.697161529899724,False,QUEENS,"(40.7704403, -73.9165414)",trafficstat,False,False,False,False,False,False,False,False,False,,,,,,,
2026-06-30,00:00,40.7704403,-73.9165414,33 ST,11102,114,UNKNOWN,Street,1.697161529899724,False,QUEENS,"(40.7704403, -73.9165414)",trafficstat,True,False,False,False,False,False,False,False,True,,,,,,,
2026-09-03,00:00,40.7696757,-73.9072569,42 ST,11105,114,UNKNOWN,Street,2.1609671307512057,False,QUEENS,"(40.7696757, -73.9072569)",trafficstat,True,False,False,False,False,False,False,True,False,,,,,,,
2026-09-03,00:00,40.7671783,-73.9179879,34 ST,11103,114,UNKNOWN,Street,32.87543174177985,False,QUEENS,"(40.7671783, -73.9179879)",trafficstat,False,False,False,False,False,False,False,False,False,,,,,,,
2026-09-03,00:00,40.7613822,-73.9190557,37 ST,11103,114,UNKNOWN,Street,47.04837067984067,False,QUEENS,"(40.7613822, -73.9190557)",trafficstat,False,False,False,False,False,False,False,False,False,,,,,,,
2026-09-02,00:00,40.7630597,-73.9289554,CRESCENT ST,11106,114,OTHER,Street,38.653424130648524,False,QUEENS,"(40.7630597, -73.9289554)",trafficstat,False,False,False,False,False,False,False,False,False,,,,,,,
2026-09-02,00:00,40.7580754,-73.9199247,STEINWAY ST,11103,114,UNKNOWN,Street,44.49357197697124,False,QUEENS,"(40.7580754, -73.9199247)",trafficstat,False,False,False,False,False,False,False,False,False,,,,,,,
2026-09-02,00:00,40.7516034,-73.9338316,NORTHERN BLVD,11101,114,UNKNOWN,Street,3.022261411230888,False,QUEENS,"(40.7516034, -73.9338316)",trafficstat,True,False,False,True,False,False,False,False,False,,,,,,,
2026-09-01,00:00,40.756474,-73.947265,VERNON BLVD,11101,114,UNKNOWN,Street,2.439551261020862,False,QUEENS,"(40.756474, -73.947265)",trafficstat,True,False,False,False,False,False,False,True,False,,,,,,,
2026-09-01,00:00,40.7586226,-73.931596,28 ST,11106,114,OTHER,Street,41.548283512037244,False,QUEENS,"(40.7586226, -73.931596)",trafficstat,True,False,False,False,False,False,False,True,False,,,,,,,
2026-08-31,00:00,40.7533377,-73.9202768,NORTHERN BLVD,11101,114,UNKNOWN,Street,3.105975631836567,False,QUEENS,"(40.7533377, -73.9202768)",trafficstat,True,False,False,False,False,False,False,False,False,,,,,,,
2026-08-31,00:00,40.7562555,-73.9245037,36 ST,11106,114,UNKNOWN,Street,1.9435799347372926,False,QUEENS,"(40.7562555, -73.9245037)",trafficstat,True,False,False,False,False,False,False,True,False,,,,,,,
2026-08-31,00:00,40.7647656,-73.9108007,43 ST,11103,114,UNKNOWN,Street,41.76072045254645,False,QUEENS,"(40.7647656, -73.9108007)",trafficstat,False,False,False,False,False,False,False,False,False,,,,,,,
2026-08-31,00:00,40.7677364,-73.9098607,42 ST,11103,114,UNKNOWN,Street,45.571594215210474,False,QUEENS,"(40.7677364, -73.9098607)",trafficstat,False,False,False,False,False,False,False,False,False,,,,,,,
2026-08-31,00:00,40.7723696,-73.9328434,8 ST,11102,114,UNKNOWN,Street,1.8002164431527774,False,QUEENS,"(40.7723696, -73.9328434)",trafficstat,False,False,False,False,False,False,False,False,False,,,,,,,
2026-08-31,00:00,40.779432,-73.9062303,20 AVE,11105,114,UNKNOWN,Street,67.43386538093412,False,QUEENS,"(40.779432, -73.9062303)",trafficstat,False,False,False,False,False,False,False,False,False,,,,,,,
2026-08-30,00:00,40.77796,-73.90846,21 AVE,11105,114,UNKNOWN,Street,1.3282535809827631,False,QUEENS,"(40.77796, -73.90846)",trafficstat,True,False,False,False,False,False,False,True,False,,,,,,,
2026-08-30,00:00,40.7682373,-73.9070856,44 ST,11103,114,UNKNOWN,Street,1.9945805022288616,False,QUEENS,"(40.7682373, -73.9070856)",trafficstat,False,False,False,False,False,False,False,False,False,,,,,,,
2026-08-18,00:00,40.7682373,-73.9070856,44 ST,11103,114,UNKNOWN,Street,1.9945805022288616,False,QUEENS,"(40.7682373, -73.9070856)",trafficstat,True,False,False,False,True,False,False,False,False,,,,,,,
2026-08-30,00:00,40.7644011,-73.9329482,33 RD,11106,114,UNKNOWN,Street,59.78570698373129,False,QUEENS,"(40.7644011, -73.9329482)",trafficstat,False,False,False,False,False,False,False,False,False,,,,,,,
2026-08-30,00:00,40.759005,-73.9088262,49 ST,11103,114,UNKNOWN,Street,48.795807021448944,False,QUEENS,"(40.759005, -73.9088262)",trafficstat,False,False,False,False,False,False,False,False,False,,,,,,,
2026-08-29,00:00,40.7597375,-73.9280725,30 ST,11106,114,UNKNOWN,Street,56.19279270272999,False,QUEENS,"(40.7597375, -73.9280725)",trafficstat,False,False,False,False,False,False,False,False,False,,,,,,,
2026-08-29,00:00,40.7596717,-73.9272468,31 ST,11106,114,UNKNOWN,Street,1.7245735273337695,False,QUEENS,"(40.7596717, -73.9272468)",trafficstat,True,False,False,False,False,False,False,True,True,,,,,,,
2026-08-29,00:00,40.752531,-73.9320896,32 ST,11101,114,UNKNOWN,Street,33.48668222847058,False,QUEENS,"(40.752531, -73.9320896)",trafficstat,False,False,False,False,False,False,False,False,False,,,,,,,
2026-08-29,00:00,40.7613564,-73.9353886,35 AVE,11106,114,UNKNOWN,Street,1.935851760596894,False,QUEENS,"(40.7613564, -73.9353886)",trafficstat,False,False,False,False,False,False,False,False,False,,,,,,,
2026-08-29,00:00,40.7672019,-73.8878163,GRAND CENTRAL PKWY,11370,114,UNKNOWN,Street,3.1877444234757273,False,QUEENS,"(40.7672019, -73.8878163)",trafficstat,True,False,False,False,False,False,True,False,False,,,,,,,
2026-08-29,00:00,40.772984,-73.88941,81 ST,11371,114,UNKNOWN,Street,1.8238752882948817,False,QUEENS,"(40.772984, -73.88941)",trafficstat,True,False,False,True,False,False,False,False,False,,,,,,,
2026-08-29,00:00,40.7769758,-73.9353442,26 AVE,11102,114,OTHER,Street,23.537516744915433,False,QUEENS,"(40.7769758, -73.9353442)",trafficstat,False,False,False,False,False,False,False,False,False,,,,,,,
2026-08-29,00:00,40.7734494,-73.9139742,23 RD,11105,114,UNKNOWN,Street,1.911084210759482,False,QUEENS,"(40.7734494, -73.9139742)",trafficstat,False,False,False,False,False,False,False,False,False,,,,,,,
2026-08-29,00:00,40.769582,-73.9067877,SOUND ST,11105,114,UNKNOWN,Street,1.273175940135193,False,QUEENS,"(40.769582, -73.9067877)",trafficstat,False,False,False,False,False,False,False,False,False,,,,,,,
2026-08-29,00:00,40.7728531,-73.906061,DITMARS BLVD,11105,114,UNKNOWN,Street,1.7481065979900314,False,QUEENS,"(40.7728531, -73.906061)",trafficstat,False,False,False,False,False,False,False,False,False,,,,,,,
2026-08-15,00:00,40.7728531,-73.906061,DITMARS BLVD,11105,114,UNKNOWN,Street,1.7481065979900314,False,QUEENS,"(40.7728531, -73.906061)",trafficstat,True,False,False,False,False,False,False,True,False,,,,,,,
2026-07-25,00:00,40.7728531,-73.906061,DITMARS BLVD,11105,114,UNKNOWN,Street,1.7481065979900314,False,QUEENS,"(40.7728531, -73.906061)",trafficstat,False,False,False,False,False,False,False,False,False,,,,,,,
2026-08-29,00:00,40.7713465,-73.9234587,ASTORIA BLVD,11102,114,UNKNOWN,Street,59.743438781011406,False,QUEENS,"(40.7713465, -73.9234587)",trafficstat,True,False,False,True,False,False,False,False,False,,,,,,,
2026-08-28,00:00,40.7744252,-73.8987909,20 AVE,11105,114,UNKNOWN,Street,1.9519331295233626,False,QUEENS,"(40.7744252, -73.8987909)",trafficstat,True,False,False,True,False,False,False,False,False,,,,,,,
2026-08-28,00:00,40.7726563,-73.9113995,35 ST,11105,114,UNKNOWN,Street,43.19502372496608,False,QUEENS,"(40.7726563, -73.9113995)",trafficstat,False,False,False,False,False,False,False,False,False,,,,,,,
2026-08-28,00:00,40.7841473,-73.9125629,20 AVE,11105,114,UNKNOWN,Street,2.153768269444111,False,QUEENS,"(40.7841473, -73.9125629)",trafficstat,True,False,False,False,False,False,False,True,False,,,,,,,
2026-08-28,00:00,40.7601956,-73.9178187,STEINWAY ST,11103,114,OTHER,Street,45.566589679308606,False,QUEENS,"(40.7601956, -73.9178187)",trafficstat,True,False,False,True,False,False,False,False,False,,,,,,,
2026-08-03,00:00,40.7601956,-73.9178187,STEINWAY ST,11103,114,UNKNOWN,Street,45.566589679308606,False,QUEENS,"(40.7601956, -73.9178187)",trafficstat,False,False,False,False,False,False,False,False,False,,,,,,,
2026-08-28,00:00,40.7638734,-73.9308665,23 ST,11106,114,UNKNOWN,Street,2.0381833676950007,False,QUEENS,"(40.7638734, -73.9308665)",trafficstat,False,False,False,False,False,False,False,False,False,,,,,,,
2026-08-28,00:00,40.753422,-73.9316209,38 AVE,11101,114,UNKNOWN,Street,46.962017888109926,False,QUEENS,"(40.753422, -73.9316209)",trafficstat,False,False,False,False,False,False,False,False,False,,,,,,,
2026-08-28,00:00,40.7563019,-73.9200603,34 AVE,11101,114,UNKNOWN,Street,2.5026061070225207,False,QUEENS,"(40.7563019, -73.9200603)",trafficstat,False,False,False,False,False,False,False,False,False,,,,,,,
2026-08-27,00:00,40.7532857,-73.920479,42 PL,11101,114,UNKNOWN,Street,0.8299959916669992,False,QUEENS,"(40.7532857, -73.920479)",trafficstat,True,False,False,False,False,False,False,False,False,,,,,,,
2026-08-27,00:00,40.753996,-73.9424304,21 ST,11101,114,OTHER,Street,2.223845092303679,False,QUEENS,"(40.753996, -73.9424304)",trafficstat,False,False,False,False,False,False,False,False,False,,,,,,,
2026-08-26,00:00,40.7578475,-73.9166041,43 ST,11103,114,UNKNOWN,Street,2.0941601659471107,False,QUEENS,"(40.7578475, -73.9166041)",trafficstat,False,False,False,False,False,False,False,False,False,,,,,,,
2026-08-26,00:00,40.7738944,-73.9064311,38 ST,11105,114,UNKNOWN,Street,56.09099536867664,False,QUEENS,"(40.7738944, -73.9064311)",trafficstat,False,False,False,False,False,False,False,False,False,,,,,,,
2026-08-25,00:00,40.7595665,-73.9171944,41 ST,11103,114,OTHER,Street,54.098153722528984,False,QUEENS,"(40.7595665, -73.9171944)",trafficstat,False,False,False,False,False,False,False,False,False,,,,,,,
2026-08-25,00:00,40.7524474,-73.9292415,35 ST,11101,114,UNKNOWN,Street,122.05048216625461,False,QUEENS,"(40.7524474, -73.9292415)",trafficstat,False,False,False,False,False,False,False,False,False,,,,,,,
2026-08-25,00:00,40.7674179,-73.9020254,49 ST,11103,114,UNKNOWN,Street,2.1586707847983377,False,QUEENS,"(40.7674179, -73.9020254)",trafficstat,True,False,False,False,False,False,False,False,True,,,,,,,
2026-07-31,00:00,40.7674179,-73.9020254,49 ST,11103,114,OTHER,Street,2.1586707847983377,False,QUEENS,"(40.7674179, -73.9020254)",trafficstat,True,False,False,False,False,False,False,True,False,,,,,,,
2026-06-16,00:00,40.7674179,-73.9020254,49 ST,11103,114,UNKNOWN,Street,2.1586707847983377,False,QUEENS,"(40.7674179, -73.9020254)",trafficstat,True,False,False,False,False,False,False,True,False,,,,,,,
2026-08-24,00:00,40.7677354,-73.9184943,33 ST,11102,114,OTHER,Street,1.5193775683719994,False,QUEENS,"(40.7677354, -73.9184943)",trafficstat,True,False,True,False,False,False,False,False,False,,,,,,,
2026-08-24,00:00,40.7519917,-73.9312651,NORTHERN BLVD,11101,114,UNKNOWN,Street,3.3123889143545457,False,QUEENS,"(40.7519917, -73.9312651)",trafficstat,True,False,False,False,True,False,False,False,False,,,,,,,
2026-06-22,00:00,40.7519917,-73.9312651,NORTHERN BLVD,11101,114,UNKNOWN,Street,3.3123889143545457,False,QUEENS,"(40.7519917, -73.9312651)",trafficstat,True,False,False,False,False,False,False,False,False,,,,,,,
2026-08-23,00:00,40.7498984,-73.9378106,QUEENS PLZ N,11101,114,UNKNOWN,Street,2.0961199411382108,False,QUEENS,"(40.7498984, -73.9378106)",trafficstat,True,False,False,True,False,False,False,False,False,,,,,,,
2026-08-23,00:00,40.7581272,-73.928501,31 ST,11106,114,UNKNOWN,Street,2.160064205577132,False,QUEENS,"(40.7581272, -73.928501)",trafficstat,True,False,False,False,False,False,False,True,False,,,,,,,
2026-08-23,00:00,40.7750323,-73.9341996,3 ST,11102,114,OTHER,Street,15.351650629252921,False,QUEENS,"(40.7750323, -73.9341996)",trafficstat,False,False,False,False,False,False,False,False,False,,,,,,,
2026-08-22,00:00,40.7688877,-73.9069078,SOUND ST,11105,114,OTHER,Bridge,1.255272473398973,False,QUEENS,"(40.7688877, -73.9069078)",trafficstat,True,False,False,False,False,False,True,False,False,,,,,,,
2026-08-22,00:00,40.7700627,-73.9180798,31 ST,11102,114,UNKNOWN,Street,1.8592237097941444,False,QUEENS,"(40.7700627, -73.9180798)",trafficstat,False,False,False,False,False,False,False,False,False,,,,,,,
2026-07-28,00:00,40.7700627,-73.9180798,31 ST,11102,114,UNKNOWN,Street,1.8592237097941444,False,QUEENS,"(40.7700627, -73.9180798)",trafficstat,True,False,False,False,False,False,False,False,True,,,,,,,
2026-07-14,00:00,40.7700627,-73.9180798,31 ST,11102,114,UNKNOWN,Street,1.8592237097941444,False,QUEENS,"(40.7700627, -73.9180798)",trafficstat,False,False,False,False,False,False,False,False,False,,,,,,,
2026-07-04,00:00,40.7700627,-73.9180798,31 ST,11102,114,UNKNOWN,Street,1.8592237097941444,False,QUEENS,"(40.7700627, -73.9180798)",trafficstat,False,False,False,False,False,False,False,False,False,,,,,,,
2026-08-22,00:00,40.7696823,-73.9097156,STEINWAY ST,11105,114,OTHER,Street,46.40245148236361,False,QUEENS,"(40.7696823, -73.9097156)",trafficstat,True,False,True,False,False,False,False,False,False,,,,,,,
2026-08-22,00:00,40.7570523,-73.9216585,38 ST,11101,114,UNKNOWN,Street,1.863479656191792,False,QUEENS,"(40.7570523, -73.9216585)",trafficstat,False,False,False,False,False,False,False,False,False,,,,,,,
2026-08-22,00:00,40.7669121,-73.8979301,GRAND CENTRAL PKWY,11370,114,UNKNOWN,Highway,1.0882328019231815,False,QUEENS,"(40.7669121, -73.8979301)",trafficstat,False,False,False,False,False,False,False,False,False,,,,,,,
2026-08-22,00:00,40.7624809,-73.9148694,41 ST,11103,114,UNKNOWN,Street,42.3391084646653,False,QUEENS,"(40.7624809, -73.9148694)",trafficstat,False,False,False,False,False,False,False,False,False,,,,,,,
2026-08-21,00:00,40.7672741,-73.9222024,30 ST,11102,114,UNKNOWN,Street,1.7357780532025433,False,QUEENS,"(40.7672741, -73.9222024)",trafficstat,False,False,False,False,False,False,False,False,False,,,,,,,
2026-08-12,00:00,40.7672741,-73.9222024,30 ST,11102,114,UNKNOWN,Street,1.7357780532025433,False,QUEENS,"(40.7672741, -73.9222024)",trafficstat,True,False,True,False,False,False,False,False,False,,,,,,,
2026-08-21,00:00,40.7672049,-73.910087,25 AVE,11103,114,UNKNOWN,Street,1.8767029232293235,False,QUEENS,"(40.7672049, -73.910087)",trafficstat,False,False,False,False,False,False,False,False,False,,,,,,,
2026-08-21,00:00,40.7568987,-73.94003,21 ST,11101,114,UNKNOWN,Street,83.98137836850943,False,QUEENS,"(40.7568987, -73.94003)",trafficstat,True,False,False,True,False,False,False,False,False,,,,,,,
2026-08-21,00:00,40.7559805,-73.9100817,,,114,UNKNOWN,,365.85897355162814,False,QUEENS,"(40.7559805, -73.9100817)",trafficstat,False,False,False,False,False,False,False,False,False,,,,,,,
2026-08-20,00:00,40.7686216,-73.9289097,21 ST,11102,114,UNKNOWN,Street,19.046808951025447,False,QUEENS,"(40.7686216, -73.9289097)",trafficstat,True,False,False,False,False,False,True,False,False,,,,,,,
2026-08-19,00:00,40.7634195,-73.9151851,STEINWAY ST,11103,114,UNKNOWN,Street,47.206444837586425,False,QUEENS,"(40.7634195, -73.9151851)",trafficstat,True,False,False,False,False,True,False,False,False,,,,,,,
2026-08-17,00:00,40.7538574,-73.9176306,NORTHERN BLVD,11101,114,UNKNOWN,Street,3.19526449421301,False,QUEENS,"(40.7538574, -73.9176306)",trafficstat,True,False,False,False,False,False,False,False,False,,,,,,,
2026-06-22,00:00,40.7538574,-73.9176306,NORTHERN BLVD,11101,114,UNKNOWN,Street,3.19526449421301,False,QUEENS,"(40.7538574, -73.9176306)",trafficstat,False,False,False,False,False,False,False,False,False,,,,,,,
2026-08-17,00:00,40.7506558,-73.9348484,NORTHERN BLVD,11101,114,UNKNOWN,Street,54.48107818631528,False,QUEENS,"(40.7506558, -73.9348484)",trafficstat,True,False,False,False,False,False,False,False,True,,,,,,,
2026-08-17,00:00,40.7536767,-73.9144654,NORTHERN BLVD,11101,114,UNKNOWN,Street,2.7516150082625157,False,QUEENS,"(40.7536767, -73.9144654)",trafficstat,True,False,False,True,False,False,False,False,False,,,,,,,
2026-08-07,00:00,40.7536767,-73.9144654,NORTHERN BLVD,11101,114,UNKNOWN,Street,2.7516150082625157,False,QUEENS,"(40.7536767, -73.9144654)",trafficstat,True,False,False,True,False,False,False,False,False,,,,,,,
2026-07-19,00:00,40.7536767,-73.9144654,NORTHERN BLVD,11101,114,UNKNOWN,Street,2.7516150082625157,False,QUEENS,"(40.7536767, -73.9144654)",trafficstat,True,False,False,False,False,False,True,False,False,,,,,,,
2026-06-22,00:00,40.7536767,-73.9144654,NORTHERN BLVD,11101,114,OTHER,Street,2.7516150082625157,False,QUEENS,"(40.7536767, -73.9144654)",trafficstat,True,False,True,False,False,False,False,False,False,,,,,,,
2026-08-17,00:00,40.769888,-73.927806,21 ST,11102,114,UNKNOWN,Street,2.250572252151629,False,QUEENS,"(40.769888, -73.927806)",trafficstat,True,False,True,False,False,False,False,False,False,,,,,,,
2026-07-13,00:00,40.769888,-73.927806,21 ST,11102,114,UNKNOWN,Street,2.250572252151629,False,QUEENS,"(40.769888, -73.927806)",trafficstat,True,False,False,False,False,False,False,True,False,,,,,,,
2026-07-08,00:00,40.769888,-73.927806,21 ST,11102,114,UNKNOWN,Street,2.250572252151629,False,QUEENS,"(40.769888, -73.927806)",trafficstat,True,False,False,False,False,True,False,False,False,,,,,,,
2026-08-17,00:00,40.7708251,-73.9031901,DITMARS BLVD,11105,114,UNKNOWN,Street,1.7059485557998106,False,QUEENS,"(40.7708251, -73.9031901)",trafficstat,True,False,False,False,False,False,False,False,False,,,,,,,
2026-08-17,00:00,40.7724108,-73.8959345,49 ST,11105,114,UNKNOWN,Street,1.6643431462327358,False,QUEENS,"(40.7724108, -73.8959345)",trafficstat,True,False,False,False,False,False,False,True,False,,,,,,,
2026-08-16,00:00,40.75264,-73.91082,WOODSIDE AVE,11377,114,UNKNOWN,Street,113.70677429471615,False,QUEENS,"(40.75264, -73.91082)",trafficstat,False,False,False,False,False,False,False,False,False,,,,,,,
2026-08-16,00:00,40.7557314,-73.9452405,10 ST,11101,114,UNKNOWN,Street,77.83853110208948,False,QUEENS,"(40.7557314, -73.9452405)",trafficstat,False,False,False,False,False,False,False,False,False,,,,,,,
2026-06-14,00:00,40.7557314,-73.9452405,10 ST,11101,114,OTHER,Street,77.83853110208948,False,QUEENS,"(40.7557314, -73.9452405)",trafficstat,True,False,False,True,False,False,False,False,False,,,,,,,
2026-08-16,00:00,40.7631291,-73.9397151,10 ST,11106,114,UNKNOWN,Street,2.2567047995241887,False,QUEENS,"(40.7631291, -73.9397151)",trafficstat,False,False,False,False,False,False,False,False,False,,,,,,,
2026-08-16,00:00,40.7682092,-73.9287163,30 DR,11102,114,UNKNOWN,Street,52.17048186997336,False,QUEENS,"(40.7682092, -73.9287163)",trafficstat,False,False,False,False,False,False,False,False,False,,,,,,,
2026-08-15,00:00,40.7685771,-73.9113661,STEINWAY ST,11103,114,UNKNOWN,Street,43.91755067254325,False,QUEENS,"(40.7685771, -73.9113661)",trafficstat,True,False,False,False,False,False,False,False,False,,,,,,,
2026-08-15,00:00,40.7688663,-73.9116771,ASTORIA BLVD S,11103,114,UNKNOWN,Street,39.36387211105019,False,QUEENS,"(40.7688663, -73.9116771)",trafficstat,False,False,False,False,False,False,False,False,False,,,,,,,
2026-08-15,00:00,40.7669048,-73.8959576,ASTORIA BLVD N,11370,114,UNKNOWN,Street,2.727937907699921,False,QUEENS,"(40.7669048, -73.8959576)",trafficstat,True,False,False,False,False,False,False,False,False,,,,,,,
2026-08-15,00:00,40.752451,-73.9318483,32 ST,11101,114,UNKNOWN,Street,38.69146200728495,False,QUEENS,"(40.752451, -73.9318483)",trafficstat,False,False,False,False,False,False,False,False,False,,,,,,,
2026-08-15,00:00,40.7601874,-73.9146952,NEWTOWN RD,11103,114,UNKNOWN,Street,0.11901699966383508,False,QUEENS,"(40.7601874, -73.9146952)",trafficstat,False,False,False,False,False,False,False,False,False,,,,,,,
2026-08-15,00:00,40.7778019,-73.9130732,27 ST,11105,114,UNKNOWN,Street,2.3204055779799604,False,QUEENS,"(40.7778019, -73.9130732)",trafficstat,False,False,False,False,False,False,False,False,False,,,,,,,
2026-08-14,00:00,40.7720426,-73.9322372,30 AVE,11102,114,UNKNOWN,Street,1.6050231020097356,False,QUEENS,"(40.7720426, -73.9322372)",trafficstat,False,False,False,False,False,False,False,False,False,,,,,,,
2026-08-14,00:00,40.7734407,-73.9209604,HOYT AVE N,11102,114,UNKNOWN,Street,1.7947173501714666,False,QUEENS,"(40.7734407, -73.9209604)",trafficstat,True,False,False,False,False,True,False,False,False,,,,,,,
2026-08-14,00:00,40.7574718,-73.9390994,21 ST,11101,114,OTHER,Street,1.5043180323053849,False,QUEENS,"(40.7574718, -73.9390994)",trafficstat,True,False,False,True,False,False,False,False,False,,,,,,,
2026-08-14,00:00,40.7502443,-73.920129,43 ST,11101,114,UNKNOWN,Street,0.3148090314901628,False,QUEENS,"(40.7502443, -73.920129)",trafficstat,False,False,False,False,False,False,False,False,False,,,,,,,
2026-08-14,00:00,40.7524046,-73.9244178,39 ST,11101,114,UNKNOWN,Bridge,0.8724422975782302,False,QUEENS,"(40.7524046, -73.9244178)",trafficstat,True,False,True,False,False,False,False,False,False,,,,,,,
2026-08-13,00:00,40.7537601,-73.9069316,ALLEY,11377,114,OTHER,Alley,16.213858311926195,False,QUEENS,"(40.7537601, -73.9069316)",trafficstat,False,False,False,False,False,False,False,False,False,,,,,,,
2026-08-13,00:00,40.7679263,-73.9027394,ASTORIA BLVD N,11105,114,UNKNOWN,Street,3.0181650393621298,False,QUEENS,"(40.7679263, -73.9027394)",trafficstat,False,False,False,False,False,False,False,False,False,,,,,,,
2026-08-13,00:00,40.7632296,-73.9089083,46 ST,11103,114,UNKNOWN,Street,1.7339408732466,False,QUEENS,"(40.7632296, -73.9089083)",trafficstat,True,False,False,False,False,True,False,False,False,,,,,,,
2026-08-13,00:00,40.7716208,-73.9203778,27 ST,11102,114,UNKNOWN,Street,51.9006524243337,False,QUEENS,"(40.7716208, -73.9203778)",trafficstat,False,False,False,False,False,False,False,False,False,,,,,,,
2026-08-12,00:00,40.7705058,-73.9181383,HOYT AVE S,11102,114,UNKNOWN,Street,52.17206133197278,False,QUEENS,"(40.7705058, -73.9181383)",trafficstat,True,False,False,False,False,False,False,True,True,,,,,,,
2026-08-12,00:00,40.7667842,-73.893095,ASTORIA BLVD N,11370,114,UNKNOWN,Street,3.154676639208163,False,QUEENS,"(40.7667842, -73.893095)",trafficstat,False,False,False,False,False,False,False,False,False,,,,,,,
2026-08-03,00:00,40.7667842,-73.893095,ASTORIA BLVD N,11370,114,UNKNOWN,Street,3.154676639208163,False,QUEENS,"(40.7667842, -73.893095)",trafficstat,True,False,False,False,False,False,False,True,False,,,,,,,
2026-08-12,00:00,40.7533083,-73.9066841,54 ST,11377,114,UNKNOWN,Street,0.7132872724134327,False,QUEENS,"(40.7533083, -73.9066841)",trafficstat,True,False,False,False,False,False,False,True,False,,,,,,,
2026-06-27,00:00,40.7533083,-73.9066841,54 ST,11377,114,UNKNOWN,Street,0.7132872724134327,False,QUEENS,"(40.7533083, -73.9066841)",trafficstat,False,False,False,False,False,False,False,False,False,,,,,,,
2026-08-12,00:00,40.7552332,-73.9412382,21 ST,11101,114,UNKNOWN,Street,2.4171054857946386,False,QUEENS,"(40.7552332, -73.9412382)",trafficstat,True,False,False,False,False,False,False,False,False,,,,,,,
2026-08-11,00:00,40.7720902,-73.9096436,23 AVE,11105,114,UNKNOWN,Street,2.0733045447410565,False,QUEENS,"(40.7720902, -73.9096436)",trafficstat,True,False,False,False,True,False,False,False,False,,,,,,,
2026-08-11,00:00,40.7755736,-73.911276,31 ST,11105,114,UNKNOWN,Street,23.24268555923843,False,QUEENS,"(40.7755736, -73.911276)",trafficstat,False,False,False,False,False,False,False,False,False,,,,,,,
2026-08-10,00:00,40.758914,-73.9011946,BROOKLYN QUEENS EXPY W,11377,114,UNKNOWN,Highway,2.4527939443182856,False,QUEENS,"(40.758914, -73.9011946)",trafficstat,True,False,False,False,False,False,False,False,True,,,,,,,
2026-08-10,00:00,40.7600337,-73.9248425,33 ST,11106,114,UNKNOWN,Street,19.048832533472407,False,QUEENS,"(40.7600337, -73.9248425)",trafficstat,False,False,False,False,False,False,False,False,False,,,,,,,
2026-08-10,00:00,40.7566425,-73.9475267,VERNON BLVD,11101,114,UNKNOWN,Street,92.43461907520778,False,QUEENS,"(40.7566425, -73.9475267)",trafficstat,True,False,True,False,False,False,False,False,False,,,,,,,
2026-08-09,00:00,40.7585325,-73.9435073,9 ST,11101,114,OTHER,Street,60.66022534690969,False,QUEENS,"(40.7585325, -73.9435073)",trafficstat,False,False,False,False,False,False,False,False,False,,,,,,,
2026-08-09,00:00,40.7677274,-73.9121992,STEINWAY ST,11103,114,UNKNOWN,Street,75.14588835460674,False,QUEENS,"(40.7677274, -73.9121992)",trafficstat,True,False,False,False,False,False,False,True,False,,,,,,,
2026-08-09,00:00,40.7678622,-73.9047771,BROOKLYN QUEENS EXPY,11103,114,UNKNOWN,Ramp,5.970782669478864,False,QUEENS,"(40.7678622, -73.9047771)",trafficstat,True,False,False,False,False,False,False,True,False,,,,,,,
2026-08-09,00:00,40.7626274,-73.9495066,MAIN ST,10044,114,UNKNOWN,Street,35.64663632529116,False,QUEENS,"(40.7626274, -73.9495066)",trafficstat,True,False,False,False,False,False,True,False,False,,,,,,,
2026-08-08,00:00,40.767111,-73.9283869,23 ST,11102,114,UNKNOWN,Street,34.3773499042154,False,QUEENS,"(40.767111, -73.9283869)",trafficstat,False,False,False,False,False,False,False,False,False,,,,,,,
2026-08-08,00:00,40.7638855,-73.9481178,MAIN ST,10044,114,UNKNOWN,Street,46.59894010033819,False,QUEENS,"(40.7638855, -73.9481178)",trafficstat,False,False,False,False,False,False,False,False,False,,,,,,,
2026-08-08,00:00,40.776966,-73.90239,38 ST,11105,114,UNKNOWN,Street,1.2289853117660638,False,QUEENS,"(40.776966, -73.90239)",trafficstat,True,False,False,False,False,False,False,True,False,,,,,,,
2026-08-08,00:00,40.7689188,-73.9216003,NEWTOWN AVE,11102,114,UNKNOWN,Street,52.093028454393696,False,QUEENS,"(40.7689188, -73.9216003)",trafficstat,True,False,False,True,False,False,False,False,False,,,,,,,