crash_date,crash_time,latitude,longitude,on_street_name,zip_code,precinct,collision_type,roadway_type,geocode_dist_feet,time_is_known,borough,location,source,injury,fatality,injured_pedestrian,injured_cyclist,injured_ebike_rider,injured_motorcyclist,injured_moped_rider,injured_car_occupant,injured_suv_occupant,number_of_persons_injured,number_of_persons_killed,contributing_factor_vehicle_1,collision_id,cross_street_name,off_street_name,vehicle_type_code1
2026-08-07,00:00,40.7643598,-73.9144308,STEINWAY ST,11103,114,UNKNOWN,Street,44.557230234348296,False,QUEENS,"(40.7643598, -73.9144308)",trafficstat,False,False,False,False,False,False,False,False,False,,,,,,,
2026-08-06,00:00,40.7684753,-73.9060578,GRAND CENTRAL PKWY,11103,114,UNKNOWN,Highway,2.918410134666289,False,QUEENS,"(40.7684753, -73.9060578)",trafficstat,False,False,False,False,False,False,False,False,False,,,,,,,
2026-08-06,00:00,40.7600483,-73.9280513,30 ST,11106,114,UNKNOWN,Street,1.8312061608440047,False,QUEENS,"(40.7600483, -73.9280513)",trafficstat,True,False,False,False,False,False,True,False,False,,,,,,,
2026-08-05,00:00,40.7714791,-73.9182333,HOYT AVE N,11102,114,UNKNOWN,Street,2.0091191281306995,False,QUEENS,"(40.7714791, -73.9182333)",trafficstat,False,False,False,False,False,False,False,False,False,,,,,,,
2026-07-19,00:00,40.7714791,-73.9182333,HOYT AVE N,11102,114,UNKNOWN,Street,2.0091191281306995,False,QUEENS,"(40.7714791, -73.9182333)",trafficstat,True,False,False,False,False,False,True,False,False,,,,,,,
2026-08-04,00:00,40.7761313,-73.9106996,31 ST,11105,114,UNKNOWN,Street,2.298684666082232,False,QUEENS,"(40.7761313, -73.9106996)",trafficstat,True,False,True,False,False,False,False,False,False,,,,,,,
2026-06-24,00:00,40.7761313,-73.9106996,31 ST,11105,114,UNKNOWN,Street,2.298684666082232,False,QUEENS,"(40.7761313, -73.9106996)",trafficstat,True,False,False,True,False,False,False,False,False,,,,,,,
2026-08-04,00:00,40.7767279,-73.9278456,SHORE BLVD,11102,114,OTHER,Street,2.0907718120146184,False,QUEENS,"(40.7767279, -73.9278456)",trafficstat,False,False,False,False,False,False,False,False,False,,,,,,,
2026-06-29,00:00,40.7767279,-73.9278456,SHORE BLVD,11102,114,OTHER,Street,2.0907718120146184,False,QUEENS,"(40.7767279, -73.9278456)",trafficstat,False,False,False,False,False,False,False,False,False,,,,,,,
2026-08-04,00:00,40.7744711,-73.91436,29 ST,11105,114,UNKNOWN,Street,46.288484360651935,False,QUEENS,"(40.7744711, -73.91436)",trafficstat,True,False,True,False,False,False,False,False,False,,,,,,,
2026-08-04,00:00,40.7832606,-73.9159765,21 AVE,11105,114,UNKNOWN,Street,2.40007905877868,False,QUEENS,"(40.7832606, -73.9159765)",trafficstat,True,False,False,False,False,False,False,True,False,,,,,,,
2026-06-24,00:00,40.7832606,-73.9159765,21 AVE,11105,114,UNKNOWN,Street,2.40007905877868,False,QUEENS,"(40.7832606, -73.9159765)",trafficstat,False,False,False,False,False,False,False,False,False,,,,,,,
2026-08-04,00:00,40.7673766,-73.9119655,STEINWAY ST,11103,114,UNKNOWN,Street,47.14783206572779,False,QUEENS,"(40.7673766, -73.9119655)",trafficstat,True,False,False,False,False,False,False,True,False,,,,,,,
2026-08-04,00:00,40.7634163,-73.9284267,CRESCENT ST,11106,114,UNKNOWN,Street,1.6616413547766653,False,QUEENS,"(40.7634163, -73.9284267)",trafficstat,False,False,False,False,False,False,False,False,False,,,,,,,
2026-08-03,00:00,40.7675816,-73.9108879,41 ST,11103,114,UNKNOWN,Street,1.2725961200672635,False,QUEENS,"(40.7675816, -73.9108879)",trafficstat,False,False,False,False,False,False,False,False,False,,,,,,,
2026-08-03,00:00,40.7598207,-73.9009032,30 AVE,11377,114,OTHER,Street,43.798868711991986,False,QUEENS,"(40.7598207, -73.9009032)",trafficstat,True,False,True,False,False,False,False,False,False,,,,,,,
2026-08-03,00:00,40.7551791,-73.939669,22 ST,11101,114,UNKNOWN,Street,37.518743317000606,False,QUEENS,"(40.7551791, -73.939669)",trafficstat,False,False,False,False,False,False,False,False,False,,,,,,,
2026-08-03,00:00,40.7533047,-73.9125709,NORTHERN BLVD,11101,114,OTHER,Street,2.771197900416083,False,QUEENS,"(40.7533047, -73.9125709)",trafficstat,True,False,False,True,False,False,False,False,False,,,,,,,
2026-08-03,00:00,40.7723365,-73.905336,41 ST,11105,114,UNKNOWN,Street,2.27296915948496,False,QUEENS,"(40.7723365, -73.905336)",trafficstat,True,False,False,False,False,False,False,True,False,,,,,,,
2026-08-03,00:00,40.7748774,-73.9215406,23 ST,11102,114,UNKNOWN,Street,48.62791262170216,False,QUEENS,"(40.7748774, -73.9215406)",trafficstat,False,False,False,False,False,False,False,False,False,,,,,,,
2026-08-02,00:00,40.7736389,-73.9074162,DITMARS BLVD,11105,114,UNKNOWN,Street,48.01199778766321,False,QUEENS,"(40.7736389, -73.9074162)",trafficstat,False,False,False,False,False,False,False,False,False,,,,,,,
2026-08-01,00:00,40.7620345,-73.9199721,36 ST,11106,114,UNKNOWN,Street,33.61766263910543,False,QUEENS,"(40.7620345, -73.9199721)",trafficstat,False,False,False,False,False,False,False,False,False,,,,,,,
2026-07-31,00:00,40.7623499,-73.9261862,30 ST,11106,114,UNKNOWN,Street,2.3957095653426865,False,QUEENS,"(40.7623499, -73.9261862)",trafficstat,True,False,False,False,False,True,False,False,False,,,,,,,
2026-07-31,00:00,40.751602,-73.93383,NORTHERN BLVD,11101,114,UNKNOWN,Street,3.6979172051666893,False,QUEENS,"(40.751602, -73.93383)",trafficstat,True,False,False,False,False,False,False,False,False,,,,,,,
2026-06-16,00:00,40.751602,-73.93383,NORTHERN BLVD,11101,114,UNKNOWN,Street,3.6979172051666893,False,QUEENS,"(40.751602, -73.93383)",trafficstat,False,False,False,False,False,False,False,False,False,,,,,,,
2026-06-14,00:00,40.751602,-73.93383,NORTHERN BLVD,11101,114,UNKNOWN,Street,3.6979172051666893,False,QUEENS,"(40.751602, -73.93383)",trafficstat,True,False,False,True,False,False,False,False,False,,,,,,,
2026-07-31,00:00,40.7721504,-73.9289914,14 ST,11102,114,UNKNOWN,Street,0.2932908932008025,False,QUEENS,"(40.7721504, -73.9289914)",trafficstat,False,False,False,False,False,False,False,False,False,,,,,,,
2026-07-31,00:00,40.7723087,-73.9278589,ASTORIA BLVD,11102,114,OTHER,Street,31.018211790647133,False,QUEENS,"(40.7723087, -73.9278589)",trafficstat,False,False,False,False,False,False,False,False,False,,,,,,,
2026-07-30,00:00,40.7767541,-73.8972817,43 ST,11105,114,UNKNOWN,Street,1.7400897348535496,False,QUEENS,"(40.7767541, -73.8972817)",trafficstat,True,False,False,False,False,False,False,False,True,,,,,,,
2026-07-30,00:00,40.7589836,-73.943296,9 ST,11101,114,UNKNOWN,Street,2.316699867002869,False,QUEENS,"(40.7589836, -73.943296)",trafficstat,False,False,False,False,False,False,False,False,False,,,,,,,
2026-07-29,00:00,40.7589836,-73.943296,9 ST,11101,114,UNKNOWN,Street,2.316699867002869,False,QUEENS,"(40.7589836, -73.943296)",trafficstat,False,False,False,False,False,False,False,False,False,,,,,,,
2026-07-30,00:00,40.7627659,-73.9125982,43 ST,11103,114,UNKNOWN,Street,1.99586994099458,False,QUEENS,"(40.7627659, -73.9125982)",trafficstat,True,False,False,False,False,False,False,True,False,,,,,,,
2026-07-29,00:00,40.7666872,-73.8921312,ASTORIA BLVD N,11370,114,UNKNOWN,Street,2.9493783841059944,False,QUEENS,"(40.7666872, -73.8921312)",trafficstat,False,False,False,False,False,False,False,False,False,,,,,,,
2026-07-29,00:00,40.7666343,-73.9043454,BROOKLYN QUEENS EXPY W,11103,114,UNKNOWN,Street,30.03095771304778,False,QUEENS,"(40.7666343, -73.9043454)",trafficstat,False,False,False,False,False,False,False,False,False,,,,,,,
2026-07-29,00:00,40.7522294,-73.9391006,41 AVE,11101,114,OTHER,Street,2.409912814109542,False,QUEENS,"(40.7522294, -73.9391006)",trafficstat,True,False,False,True,False,False,False,False,False,,,,,,,
2026-07-28,00:00,40.7644835,-73.9278182,31 DR,11106,114,UNKNOWN,Street,34.957138564664426,False,QUEENS,"(40.7644835, -73.9278182)",trafficstat,False,False,False,False,False,False,False,False,False,,,,,,,
2026-07-28,00:00,40.7711142,-73.9043965,ALLEY,11105,114,UNKNOWN,Alley,18.599147219086955,False,QUEENS,"(40.7711142, -73.9043965)",trafficstat,True,False,False,False,False,False,True,False,False,,,,,,,
2026-07-27,00:00,40.7739797,-73.9310474,27 AVE,11102,114,UNKNOWN,Street,3.1625988516208023,False,QUEENS,"(40.7739797, -73.9310474)",trafficstat,False,False,False,False,False,False,False,False,False,,,,,,,
2026-07-27,00:00,40.7675847,-73.9044655,BROOKLYN QUEENS EXPY,11377,114,UNKNOWN,Ramp,0.9929485884784953,False,QUEENS,"(40.7675847, -73.9044655)",trafficstat,False,False,False,False,False,False,False,False,False,,,,,,,
2026-07-02,00:00,40.7675847,-73.9044655,BROOKLYN QUEENS EXPY,11377,114,UNKNOWN,Ramp,0.9929485884784953,False,QUEENS,"(40.7675847, -73.9044655)",trafficstat,True,False,False,False,False,False,False,True,False,,,,,,,
2026-07-27,00:00,40.7666361,-73.939259,VERNON BLVD,11106,114,UNKNOWN,Street,18.000280820126076,False,QUEENS,"(40.7666361, -73.939259)",trafficstat,False,False,False,False,False,False,False,False,False,,,,,,,
2026-07-27,00:00,40.758861,-73.9444482,VERNON BLVD,11101,114,UNKNOWN,Street,47.6491596001248,False,QUEENS,"(40.758861, -73.9444482)",trafficstat,False,False,False,False,False,False,False,False,False,,,,,,,
2026-07-27,00:00,40.7579797,-73.9306755,29 ST,11106,114,UNKNOWN,Street,38.01095936106205,False,QUEENS,"(40.7579797, -73.9306755)",trafficstat,False,False,False,False,False,False,False,False,False,,,,,,,
2026-07-26,00:00,40.753636,-73.918923,NORTHERN BLVD,11101,114,UNKNOWN,Street,3.066081838651883,False,QUEENS,"(40.753636, -73.918923)",trafficstat,False,False,False,False,False,False,False,False,False,,,,,,,
2026-07-08,00:00,40.753636,-73.918923,NORTHERN BLVD,11101,114,OTHER,Street,3.066081838651883,False,QUEENS,"(40.753636, -73.918923)",trafficstat,True,False,False,False,False,False,False,False,False,,,,,,,
2026-07-26,00:00,40.754866,-73.9377275,24 ST,11101,114,UNKNOWN,Street,22.96616189694032,False,QUEENS,"(40.754866, -73.9377275)",trafficstat,False,False,False,False,False,False,False,False,False,,,,,,,
2026-07-26,00:00,40.769634,-73.91585,34 ST,11103,114,UNKNOWN,Street,1.4923609864181857,False,QUEENS,"(40.769634, -73.91585)",trafficstat,False,False,False,False,False,False,False,False,False,,,,,,,
2026-07-25,00:00,40.7743626,-73.9128682,23 AVE,11105,114,UNKNOWN,Street,2.409267357023213,False,QUEENS,"(40.7743626, -73.9128682)",trafficstat,True,False,False,True,False,False,False,False,False,,,,,,,
2026-07-25,00:00,40.7765469,-73.9237586,HOYT AVE N,11102,114,UNKNOWN,Street,1.243019893837724,False,QUEENS,"(40.7765469, -73.9237586)",trafficstat,False,False,False,False,False,False,False,False,False,,,,,,,
2026-07-25,00:00,40.7668451,-73.8966522,GRAND CENTRAL PKWY,11370,114,UNKNOWN,Highway,4.013459404450797,False,QUEENS,"(40.7668451, -73.8966522)",trafficstat,True,False,False,False,False,False,False,False,True,,,,,,,
2026-07-22,00:00,40.7668451,-73.8966522,GRAND CENTRAL PKWY,11370,114,UNKNOWN,Highway,4.013459404450797,False,QUEENS,"(40.7668451, -73.8966522)",trafficstat,True,False,False,False,False,False,False,False,True,,,,,,,
2026-07-25,00:00,40.7688862,-73.9085193,GRAND CENTRAL PKWY,11103,114,UNKNOWN,Highway,0.4716558521079093,False,QUEENS,"(40.7688862, -73.9085193)",trafficstat,True,False,False,False,False,False,False,True,False,,,,,,,
2026-07-25,00:00,40.7666673,-73.9303871,21 ST,11106,114,UNKNOWN,Street,1.4416510045691213,False,QUEENS,"(40.7666673, -73.9303871)",trafficstat,True,False,False,True,False,False,False,False,False,,,,,,,
2026-07-25,00:00,40.763598,-73.9097128,45 ST,11103,114,UNKNOWN,Street,2.068238054508179,False,QUEENS,"(40.763598, -73.9097128)",trafficstat,False,False,False,False,False,False,False,False,False,,,,,,,
2026-07-24,00:00,40.7643491,-73.9234585,31 ST,11106,114,UNKNOWN,Street,1.3820056836682917,False,QUEENS,"(40.7643491, -73.9234585)",trafficstat,True,False,False,True,False,False,False,False,False,,,,,,,
2026-07-24,00:00,40.7673561,-73.9176933,34 ST,11103,114,OTHER,Street,2.396439932247017,False,QUEENS,"(40.7673561, -73.9176933)",trafficstat,True,False,True,False,False,False,False,False,False,,,,,,,
2026-07-24,00:00,40.7684352,-73.9133093,37 ST,11103,114,UNKNOWN,Street,48.438885144899686,False,QUEENS,"(40.7684352, -73.9133093)",trafficstat,False,False,False,False,False,False,False,False,False,,,,,,,
2026-07-24,00:00,40.7541938,-73.900213,62 ST,11377,114,OTHER,Street,35.02720342653787,False,QUEENS,"(40.7541938, -73.900213)",trafficstat,True,False,False,False,False,False,False,True,False,,,,,,,
2026-07-24,00:00,40.7589362,-73.9276154,31 ST,11106,114,OTHER,Street,55.815148388746934,False,QUEENS,"(40.7589362, -73.9276154)",trafficstat,False,False,False,False,False,False,False,False,False,,,,,,,
2026-07-24,00:00,40.75746,-73.9017209,61 ST,11377,114,UNKNOWN,Street,43.38726724063101,False,QUEENS,"(40.75746, -73.9017209)",trafficstat,False,False,False,False,False,False,False,False,False,,,,,,,
2026-07-24,00:00,40.7705168,-73.8928254,77 ST,11370,114,UNKNOWN,Street,0.030695990111026774,False,QUEENS,"(40.7705168, -73.8928254)",trafficstat,True,False,False,False,False,False,False,True,False,,,,,,,
2026-07-24,00:00,40.7706002,-73.9174813,31 ST,11102,114,UNKNOWN,Bridge,1.6283341308064416,False,QUEENS,"(40.7706002, -73.9174813)",trafficstat,False,False,False,False,False,False,False,False,False,,,,,,,
2026-07-24,00:00,40.7686182,-73.9250745,CRESCENT ST,11102,114,UNKNOWN,Street,1.8373379837193335,False,QUEENS,"(40.7686182, -73.9250745)",trafficstat,True,False,False,False,False,False,False,False,True,,,,,,,
2026-07-23,00:00,40.7684619,-73.9114606,STEINWAY ST,11103,114,UNKNOWN,Street,43.6417589726984,False,QUEENS,"(40.7684619, -73.9114606)",trafficstat,False,False,False,False,False,False,False,False,False,,,,,,,
2026-07-06,00:00,40.7684619,-73.9114606,STEINWAY ST,11103,114,UNKNOWN,Street,43.6417589726984,False,QUEENS,"(40.7684619, -73.9114606)",trafficstat,False,False,False,False,False,False,False,False,False,,,,,,,
2026-07-23,00:00,40.7785032,-73.8966786,42 ST,11105,114,UNKNOWN,Street,42.152966615051746,False,QUEENS,"(40.7785032, -73.8966786)",trafficstat,False,False,False,False,False,False,False,False,False,,,,,,,
2026-07-23,00:00,40.7740283,-73.9316153,27 AVE,11102,114,OTHER,Street,44.922817694821006,False,QUEENS,"(40.7740283, -73.9316153)",trafficstat,False,False,False,False,False,False,False,False,False,,,,,,,
2026-07-23,00:00,40.75428,-73.90901,BROADWAY,11377,114,OTHER,Street,1.9312149061309305,False,QUEENS,"(40.75428, -73.90901)",trafficstat,False,False,False,False,False,False,False,False,False,,,,,,,
2026-07-23,00:00,40.7523215,-73.9296704,34 ST,11101,114,UNKNOWN,Street,56.248499722684315,False,QUEENS,"(40.7523215, -73.9296704)",trafficstat,False,False,False,False,False,False,False,False,False,,,,,,,
2026-07-23,00:00,40.7656665,-73.9089756,44 ST,11103,114,UNKNOWN,Street,38.673793210556056,False,QUEENS,"(40.7656665, -73.9089756)",trafficstat,False,False,False,False,False,False,False,False,False,,,,,,,
2026-07-22,00:00,40.7662932,-73.9336257,BROADWAY,11106,114,UNKNOWN,Street,1.6960784190123268,False,QUEENS,"(40.7662932, -73.9336257)",trafficstat,False,False,False,False,False,False,False,False,False,,,,,,,
2026-07-22,00:00,40.7646435,-73.9165884,37 ST,11103,114,UNKNOWN,Street,2.292223956413979,False,QUEENS,"(40.7646435, -73.9165884)",trafficstat,True,False,True,False,False,False,False,False,False,,,,,,,
2026-06-26,00:00,40.7646435,-73.9165884,37 ST,11103,114,UNKNOWN,Street,2.292223956413979,False,QUEENS,"(40.7646435, -73.9165884)",trafficstat,False,False,False,False,False,False,False,False,False,,,,,,,
2026-07-22,00:00,40.7637913,-73.9147845,NEWTOWN RD,11103,114,UNKNOWN,Street,1.1059895680163288,False,QUEENS,"(40.7637913, -73.9147845)",trafficstat,False,False,False,False,False,False,False,False,False,,,,,,,
2026-07-22,00:00,40.7661526,-73.9197778,33 ST,11102,114,UNKNOWN,Street,1.769461084454261,False,QUEENS,"(40.7661526, -73.9197778)",trafficstat,False,False,False,False,False,False,False,False,False,,,,,,,
2026-07-22,00:00,40.7718527,-73.9264739,21 ST,11102,114,UNKNOWN,Street,54.32133743667196,False,QUEENS,"(40.7718527, -73.9264739)",trafficstat,False,False,False,False,False,False,False,False,False,,,,,,,
2026-07-21,00:00,40.7633151,-73.9197004,ALLEY,11103,114,UNKNOWN,Alley,14.785095090573334,False,QUEENS,"(40.7633151, -73.9197004)",trafficstat,False,False,False,False,False,False,False,False,False,,,,,,,
2026-07-21,00:00,40.7685666,-73.9069674,GRAND CENTRAL PKWY,11103,114,UNKNOWN,Highway,1.3900062185715856,False,QUEENS,"(40.7685666, -73.9069674)",trafficstat,True,False,False,False,False,False,False,True,False,,,,,,,
2026-07-21,00:00,40.7499791,-73.935531,NORTHERN BLVD,11101,114,UNKNOWN,Street,65.38349500309643,False,QUEENS,"(40.7499791, -73.935531)",trafficstat,False,False,False,False,False,False,False,False,False,,,,,,,
2026-07-21,00:00,40.7562943,-73.9399795,39 AVE,11101,114,UNKNOWN,Street,50.059856716470264,False,QUEENS,"(40.7562943, -73.9399795)",trafficstat,False,False,False,False,False,False,False,False,False,,,,,,,
2026-07-21,00:00,40.7582365,-73.9370087,37 AVE,11101,114,UNKNOWN,Street,1.8645093742872914,False,QUEENS,"(40.7582365, -73.9370087)",trafficstat,True,False,False,False,False,False,False,False,True,,,,,,,
2026-07-19,00:00,40.7561128,-73.9085476,51 ST,11377,114,UNKNOWN,Street,102.40882822165638,False,QUEENS,"(40.7561128, -73.9085476)",trafficstat,False,False,False,False,False,False,False,False,False,,,,,,,
2026-07-19,00:00,40.7650652,-73.9467064,MAIN ST,10044,114,OTHER,Street,38.27232376132884,False,QUEENS,"(40.7650652, -73.9467064)",trafficstat,False,False,False,False,False,False,False,False,False,,,,,,,
2026-07-18,00:00,40.7736084,-73.929878,12 ST,11102,114,UNKNOWN,Street,2.4708949762036148,False,QUEENS,"(40.7736084, -73.929878)",trafficstat,True,False,False,True,False,False,False,False,False,,,,,,,
2026-07-17,00:00,40.7705646,-73.9182371,HOYT AVE S,11102,114,UNKNOWN,Street,54.51883006268762,False,QUEENS,"(40.7705646, -73.9182371)",trafficstat,False,False,False,False,False,False,False,False,False,,,,,,,
2026-07-17,00:00,40.774702,-73.9121519,31 ST,11105,114,UNKNOWN,Street,61.03465243509939,False,QUEENS,"(40.774702, -73.9121519)",trafficstat,True,False,False,True,False,False,False,False,False,,,,,,,
2026-07-17,00:00,40.7666419,-73.8906656,ASTORIA BLVD N,11370,114,OTHER,Street,2.1021763413111763,False,QUEENS,"(40.7666419, -73.8906656)",trafficstat,False,False,False,False,False,False,False,False,False,,,,,,,
2026-07-04,00:00,40.7666419,-73.8906656,ASTORIA BLVD N,11370,114,UNKNOWN,Street,2.1021763413111763,False,QUEENS,"(40.7666419, -73.8906656)",trafficstat,True,False,False,False,False,False,False,True,True,,,,,,,
2026-07-17,00:00,40.7551599,-73.9375494,24 ST,11101,114,UNKNOWN,Street,2.0313443555844577,False,QUEENS,"(40.7551599, -73.9375494)",trafficstat,False,False,False,False,False,False,False,False,False,,,,,,,
2026-07-16,00:00,40.7538865,-73.9146063,34 AVE,11101,114,UNKNOWN,Street,40.78839307876201,False,QUEENS,"(40.7538865, -73.9146063)",trafficstat,True,False,False,False,True,False,False,False,False,,,,,,,
2026-07-16,00:00,40.7524509,-73.9249108,NORTHERN BLVD,11101,114,OTHER,Street,51.41589050091855,False,QUEENS,"(40.7524509, -73.9249108)",trafficstat,False,False,False,False,False,False,False,False,False,,,,,,,
2026-07-16,00:00,40.7579035,-73.9112899,48 ST,11103,114,UNKNOWN,Street,60.24367511419773,False,QUEENS,"(40.7579035, -73.9112899)",trafficstat,False,False,False,False,False,False,False,False,False,,,,,,,
2026-07-16,00:00,40.765712,-73.9069122,46 ST,11103,114,UNKNOWN,Street,1.3464593937899714,False,QUEENS,"(40.765712, -73.9069122)",trafficstat,False,False,False,False,False,False,False,False,False,,,,,,,
2026-07-16,00:00,40.7615805,-73.9235892,33 ST,11106,114,UNKNOWN,Street,19.025960016926227,False,QUEENS,"(40.7615805, -73.9235892)",trafficstat,False,False,False,False,False,False,False,False,False,,,,,,,
2026-07-15,00:00,40.766705,-73.890236,GRAND CENTRAL PKWY,11370,114,OTHER,Street,2.5619882284873805,False,QUEENS,"(40.766705, -73.890236)",trafficstat,True,False,False,True,False,False,False,False,False,,,,,,,
2026-07-15,00:00,40.7588803,-73.9300993,29 ST,11106,114,UNKNOWN,Street,1.9466114828973209,False,QUEENS,"(40.7588803, -73.9300993)",trafficstat,True,False,False,False,False,False,False,True,True,,,,,,,
2026-07-15,00:00,40.7520363,-73.9427208,22 ST,11101,114,OTHER,Street,1.7989910855468898,False,QUEENS,"(40.7520363, -73.9427208)",trafficstat,True,False,False,False,False,False,False,True,False,,,,,,,
2026-07-04,00:00,40.7520363,-73.9427208,22 ST,11101,114,UNKNOWN,Street,1.7989910855468898,False,QUEENS,"(40.7520363, -73.9427208)",trafficstat,False,False,False,False,False,False,False,False,False,,,,,,,
2026-07-14,00:00,40.7581123,-73.9408603,38 AVE,11101,114,UNKNOWN,Street,2.129921124308761,False,QUEENS,"(40.7581123, -73.9408603)",trafficstat,True,False,True,False,False,False,False,False,False,,,,,,,
2026-07-14,00:00,40.7672084,-73.9203296,NEWTOWN AVE,11102,114,UNKNOWN,Street,41.235932726923295,False,QUEENS,"(40.7672084, -73.9203296)",trafficstat,False,False,False,False,False,False,False,False,False,,,,,,,
2026-07-14,00:00,40.7672345,-73.9293779,31 AVE,11106,114,UNKNOWN,Street,38.92925930726517,False,QUEENS,"(40.7672345, -73.9293779)",trafficstat,True,False,False,False,False,False,True,False,False,,,,,,,
2026-07-14,00:00,40.759724,-73.9206,37 ST,11103,114,OTHER,Street,1.2219780472353154,False,QUEENS,"(40.759724, -73.9206)",trafficstat,True,False,False,True,False,False,False,False,False,,,,,,,
2026-07-13,00:00,40.7769644,-73.9023868,20 AVE,11105,114,OTHER,Street,2.0917410469842723,False,QUEENS,"(40.7769644, -73.9023868)",trafficstat,False,False,False,False,False,False,False,False,False,,,,,,,
2026-07-13,00:00,40.7710723,-73.9269522,21 ST,11102,114,UNKNOWN,Street,19.044878407128248,False,QUEENS,"(40.7710723, -73.9269522)",trafficstat,False,False,False,False,False,False,False,False,False,,,,,,,
2026-07-13,00:00,40.7724681,-73.919586,RFK BR QUEENS PED AND BIKE PATH,11102,114,UNKNOWN,Bridge,1.306183030298525,False,QUEENS,"(40.7724681, -73.919586)",trafficstat,False,False,False,False,False,False,False,False,False,,,,,,,
2026-07-04,00:00,40.7724681,-73.919586,RFK BR QUEENS PED AND BIKE PATH,11102,114,UNKNOWN,Bridge,1.306183030298525,False,QUEENS,"(40.7724681, -73.919586)",trafficstat,True,False,False,False,False,False,False,False,True,,,,,,,
2026-07-12,00:00,40.76766,-73.9087903,43 ST,11103,114,UNKNOWN,Street,38.972499454713905,False,QUEENS,"(40.76766, -73.9087903)",trafficstat,False,False,False,False,False,False,False,False,False,,,,,,,
2026-07-11,00:00,40.7682416,-73.9242735,30 AVE,11102,114,UNKNOWN,Street,2.5852140079129593,False,QUEENS,"(40.7682416, -73.9242735)",trafficstat,True,False,False,True,False,False,False,False,False,,,,,,,
2026-07-11,00:00,40.7652243,-73.9316918,21 ST,11106,114,UNKNOWN,Street,1.927880751031856,False,QUEENS,"(40.7652243, -73.9316918)",trafficstat,False,False,False,False,False,False,False,False,False,,,,,,,
2026-07-11,00:00,40.7519729,-73.9319581,HONEYWELL ST,11101,114,OTHER,Street,0.8523624937774212,False,QUEENS,"(40.7519729, -73.9319581)",trafficstat,False,False,False,False,False,False,False,False,False,,,,,,,
2026-07-11,00:00,40.7747715,-73.9126329,31 ST,11105,114,UNKNOWN,Street,53.27505720173197,False,QUEENS,"(40.7747715, -73.9126329)",trafficstat,False,False,False,False,False,False,False,False,False,,,,,,,
2026-07-11,00:00,40.770773,-73.9172594,ASTORIA BLVD N,11102,114,UNKNOWN,Street,1.922734305156839,False,QUEENS,"(40.770773, -73.9172594)",trafficstat,True,False,False,False,False,False,False,False,True,,,,,,,
2026-07-01,00:00,40.770773,-73.9172594,ASTORIA BLVD N,11102,114,UNKNOWN,Street,1.922734305156839,False,QUEENS,"(40.770773, -73.9172594)",trafficstat,True,False,False,False,False,False,False,True,False,,,,,,,
2026-06-21,00:00,40.770773,-73.9172594,ASTORIA BLVD N,11102,114,OTHER,Street,1.922734305156839,False,QUEENS,"(40.770773, -73.9172594)",trafficstat,True,False,False,False,False,False,False,False,False,,,,,,,
2026-06-18,00:00,40.770773,-73.9172594,ASTORIA BLVD N,11102,114,UNKNOWN,Street,1.922734305156839,False,QUEENS,"(40.770773, -73.9172594)",trafficstat,False,False,False,False,False,False,False,False,False,,,,,,,
2026-07-10,00:00,40.7686167,-73.9290863,21 ST,11102,114,UNKNOWN,Street,59.94107964091429,False,QUEENS,"(40.7686167, -73.9290863)",trafficstat,False,False,False,False,False,False,False,False,False,,,,,,,
2026-07-10,00:00,40.7619438,-73.9250365,BROADWAY,11106,114,UNKNOWN,Street,39.35932237139204,False,QUEENS,"(40.7619438, -73.9250365)",trafficstat,True,False,True,False,False,False,False,False,False,,,,,,,
2026-07-10,00:00,40.7664646,-73.9130918,STEINWAY ST,11103,114,UNKNOWN,Street,43.35652607672439,False,QUEENS,"(40.7664646, -73.9130918)",trafficstat,False,False,False,False,False,False,False,False,False,,,,,,,
2026-07-09,00:00,40.7650592,-73.9177846,30 AVE,11103,114,UNKNOWN,Street,47.5886726516231,False,QUEENS,"(40.7650592, -73.9177846)",trafficstat,True,False,False,False,False,False,True,False,False,,,,,,,
2026-07-09,00:00,40.7628293,-73.9289977,CRESCENT ST,11106,114,UNKNOWN,Street,1.9101639021782517,False,QUEENS,"(40.7628293, -73.9289977)",trafficstat,True,False,False,False,False,False,False,True,False,,,,,,,
2026-07-08,00:00,40.7599869,-73.8993607,30 AVE,11377,114,UNKNOWN,Street,44.635082775615565,False,QUEENS,"(40.7599869, -73.8993607)",trafficstat,True,False,False,False,False,False,False,False,True,,,,,,,
2026-07-08,00:00,40.776832,-73.9116952,29 ST,11105,114,UNKNOWN,Street,2.3259148613714795,False,QUEENS,"(40.776832, -73.9116952)",trafficstat,True,False,False,False,False,False,False,False,True,,,,,,,
2026-07-07,00:00,40.7747111,-73.9333863,27 AVE,11102,114,OTHER,Street,2.805256144185362,False,QUEENS,"(40.7747111, -73.9333863)",trafficstat,True,False,False,False,False,False,False,False,False,,,,,,,
2026-07-07,00:00,40.7531662,-73.9375543,40 AVE,11101,114,UNKNOWN,Street,37.39375972052906,False,QUEENS,"(40.7531662, -73.9375543)",trafficstat,False,False,False,False,False,False,False,False,False,,,,,,,