crash_date,crash_time,latitude,longitude,on_street_name,zip_code,precinct,collision_type,roadway_type,geocode_dist_feet,time_is_known,borough,location,source,injury,fatality,injured_pedestrian,injured_cyclist,injured_ebike_rider,injured_motorcyclist,injured_moped_rider,injured_car_occupant,injured_suv_occupant,number_of_persons_injured,number_of_persons_killed,contributing_factor_vehicle_1,collision_id,cross_street_name,off_street_name,vehicle_type_code1
2026-07-06,00:00,40.7353522,-73.9175127,BROOKLYN QUEENS EXPY,11377,114,UNKNOWN,Highway,17.903156545827972,False,QUEENS,"(40.7353522, -73.9175127)",trafficstat,False,False,False,False,False,False,False,False,False,,,,,,,
2026-07-06,00:00,40.7591563,-73.9168117,42 ST,11103,114,UNKNOWN,Street,37.70018803729699,False,QUEENS,"(40.7591563, -73.9168117)",trafficstat,True,False,True,False,False,False,False,False,False,,,,,,,
2026-07-06,00:00,40.7678926,-73.9235266,30 AVE,11102,114,UNKNOWN,Street,2.8112193579131155,False,QUEENS,"(40.7678926, -73.9235266)",trafficstat,True,False,False,False,False,False,False,False,False,,,,,,,
2026-07-06,00:00,40.76943,-73.91024,STEINWAY ST,11105,114,UNKNOWN,Street,1.7954276529069075,False,QUEENS,"(40.76943, -73.91024)",trafficstat,True,False,True,False,False,False,False,False,False,,,,,,,
2026-07-05,00:00,40.7696329,-73.9158493,34 ST,11103,114,OTHER,Street,1.867729306505102,False,QUEENS,"(40.7696329, -73.9158493)",trafficstat,False,False,False,False,False,False,False,False,False,,,,,,,
2026-07-05,00:00,40.771777,-73.9244428,23 ST,11102,114,UNKNOWN,Street,1.3226399004232612,False,QUEENS,"(40.771777, -73.9244428)",trafficstat,False,False,False,False,False,False,False,False,False,,,,,,,
2026-07-05,00:00,40.7676535,-73.9388652,,,114,UNKNOWN,,301.65642324859067,False,QUEENS,"(40.7676535, -73.9388652)",trafficstat,False,False,False,False,False,False,False,False,False,,,,,,,
2026-07-05,00:00,40.7681729,-73.9054373,GRAND CENTRAL PKWY,11103,114,OTHER,Highway,2.6479786049115694,False,QUEENS,"(40.7681729, -73.9054373)",trafficstat,False,False,False,False,False,False,False,False,False,,,,,,,
2026-07-05,00:00,40.7649492,-73.92433,31 AVE,11106,114,UNKNOWN,Street,57.07983309993032,False,QUEENS,"(40.7649492, -73.92433)",trafficstat,False,False,False,False,False,False,False,False,False,,,,,,,
2026-07-05,00:00,40.7581618,-73.9198557,STEINWAY ST,11103,114,UNKNOWN,Street,44.771615138584934,False,QUEENS,"(40.7581618, -73.9198557)",trafficstat,False,False,False,False,False,False,False,False,False,,,,,,,
2026-07-05,00:00,40.7549179,-73.9412983,21 ST,11101,114,OTHER,Street,56.851743220913356,False,QUEENS,"(40.7549179, -73.9412983)",trafficstat,False,False,False,False,False,False,False,False,False,,,,,,,
2026-07-05,00:00,40.7528564,-73.9300054,38 AVE,11101,114,UNKNOWN,Street,40.68475296469003,False,QUEENS,"(40.7528564, -73.9300054)",trafficstat,False,False,False,False,False,False,False,False,False,,,,,,,
2026-07-04,00:00,40.7541606,-73.8986304,BQE WB ENTRANCE NORTHERN BLVD,11377,114,UNKNOWN,Ramp,0.8604163987599593,False,QUEENS,"(40.7541606, -73.8986304)",trafficstat,False,False,False,False,False,False,False,False,False,,,,,,,
2026-07-04,00:00,40.7574372,-73.9363064,23 ST,11101,114,UNKNOWN,Street,61.01633226476671,False,QUEENS,"(40.7574372, -73.9363064)",trafficstat,True,False,False,False,False,False,False,True,False,,,,,,,
2026-07-03,00:00,40.7595166,-73.9363069,36 AVE,11106,114,OTHER,Street,45.65856348612945,False,QUEENS,"(40.7595166, -73.9363069)",trafficstat,False,False,False,False,False,False,False,False,False,,,,,,,
2026-07-03,00:00,40.7682102,-73.8897938,80 ST,11370,114,UNKNOWN,Street,62.19839039772636,False,QUEENS,"(40.7682102, -73.8897938)",trafficstat,False,False,False,False,False,False,False,False,False,,,,,,,
2026-07-03,00:00,40.7696537,-73.9142477,GRAND CENTRAL PKWY,11103,114,UNKNOWN,Highway,0.37443983807460146,False,QUEENS,"(40.7696537, -73.9142477)",trafficstat,True,False,False,False,False,False,False,True,False,,,,,,,
2026-07-03,00:00,40.7703076,-73.9190002,30 ST,11102,114,UNKNOWN,Street,2.189733676860139,False,QUEENS,"(40.7703076, -73.9190002)",trafficstat,False,False,False,False,False,False,False,False,False,,,,,,,
2026-07-03,00:00,40.7715984,-73.9089474,38 ST,11105,114,UNKNOWN,Street,1.9275014240144268,False,QUEENS,"(40.7715984, -73.9089474)",trafficstat,True,False,False,False,False,False,False,True,False,,,,,,,
2026-07-02,00:00,40.7582756,-73.9333522,36 AVE,11106,114,UNKNOWN,Street,1.8529994415106665,False,QUEENS,"(40.7582756, -73.9333522)",trafficstat,False,False,False,False,False,False,False,False,False,,,,,,,
2026-07-02,00:00,40.7594573,-73.9358814,22 ST,11106,114,UNKNOWN,Street,2.030551805162798,False,QUEENS,"(40.7594573, -73.9358814)",trafficstat,True,False,False,True,False,False,False,False,False,,,,,,,
2026-07-02,00:00,40.751972,-73.93196,HONEYWELL ST,11101,114,OTHER,Street,1.4635321885563846,False,QUEENS,"(40.751972, -73.93196)",trafficstat,True,False,False,False,False,False,False,False,False,,,,,,,
2026-07-02,00:00,40.7674056,-73.9004456,GRAND CENTRAL PKWY,11370,114,UNKNOWN,Highway,6.905206145426605,False,QUEENS,"(40.7674056, -73.9004456)",trafficstat,True,False,False,False,False,False,False,False,True,,,,,,,
2026-07-01,00:00,40.7615823,-73.9155888,41 ST,11103,114,UNKNOWN,Street,45.620988686638,False,QUEENS,"(40.7615823, -73.9155888)",trafficstat,False,False,False,False,False,False,False,False,False,,,,,,,
2026-07-01,00:00,40.7639383,-73.9028044,BROOKLYN QUEENS EXPY W,11377,114,UNKNOWN,Highway,21.903859204381448,False,QUEENS,"(40.7639383, -73.9028044)",trafficstat,True,False,False,False,False,False,False,False,True,,,,,,,
2026-07-01,00:00,40.7651019,-73.912902,41 ST,11103,114,UNKNOWN,Street,1.6942563416689214,False,QUEENS,"(40.7651019, -73.912902)",trafficstat,True,False,False,True,False,False,False,False,False,,,,,,,
2026-06-27,00:00,40.7651019,-73.912902,41 ST,11103,114,UNKNOWN,Street,1.6942563416689214,False,QUEENS,"(40.7651019, -73.912902)",trafficstat,False,False,False,False,False,False,False,False,False,,,,,,,
2026-07-01,00:00,40.7538273,-73.9454288,41 RD,11101,114,UNKNOWN,Street,79.94651614032594,False,QUEENS,"(40.7538273, -73.9454288)",trafficstat,False,False,False,False,False,False,False,False,False,,,,,,,
2026-07-01,00:00,40.7705195,-73.9197725,29 ST,11102,114,UNKNOWN,Street,2.47980328958469,False,QUEENS,"(40.7705195, -73.9197725)",trafficstat,False,False,False,False,False,False,False,False,False,,,,,,,
2026-07-01,00:00,40.7759325,-73.9291039,SHORE BLVD,11102,114,UNKNOWN,Street,75.50452230231593,False,QUEENS,"(40.7759325, -73.9291039)",trafficstat,False,False,False,False,False,False,False,False,False,,,,,,,
2026-06-30,00:00,40.7673109,-73.8988775,ASTORIA BLVD N,11370,114,UNKNOWN,Street,3.114069478793329,False,QUEENS,"(40.7673109, -73.8988775)",trafficstat,True,False,False,False,False,False,False,True,False,,,,,,,
2026-06-29,00:00,40.7524705,-73.9125396,NORTHERN BLVD,11101,114,OTHER,Street,298.11674906577997,False,QUEENS,"(40.7524705, -73.9125396)",trafficstat,True,False,False,False,False,False,False,False,False,,,,,,,
2026-06-29,00:00,40.7749944,-73.9342742,27 AVE,11102,114,UNKNOWN,Street,2.536926575143528,False,QUEENS,"(40.7749944, -73.9342742)",trafficstat,False,False,False,False,False,False,False,False,False,,,,,,,
2026-06-29,00:00,40.7840574,-73.9171057,21 AVE,11105,114,OTHER,Street,1.4046796142096463,False,QUEENS,"(40.7840574, -73.9171057)",trafficstat,False,False,False,False,False,False,False,False,False,,,,,,,
2026-06-28,00:00,40.7543662,-73.9464806,10 ST,11101,114,UNKNOWN,Street,104.37206860554714,False,QUEENS,"(40.7543662, -73.9464806)",trafficstat,False,False,False,False,False,False,False,False,False,,,,,,,
2026-06-28,00:00,40.7654812,-73.9136993,28 AVE,11103,114,UNKNOWN,Street,1.865414938495858,False,QUEENS,"(40.7654812, -73.9136993)",trafficstat,True,False,True,False,False,False,False,False,False,,,,,,,
2026-06-28,00:00,40.7646575,-73.9141899,STEINWAY ST,11103,114,UNKNOWN,Street,44.272908814616116,False,QUEENS,"(40.7646575, -73.9141899)",trafficstat,False,False,False,False,False,False,False,False,False,,,,,,,
2026-06-27,00:00,40.7660832,-73.9077095,45 ST,11103,114,UNKNOWN,Street,1.7894806116374615,False,QUEENS,"(40.7660832, -73.9077095)",trafficstat,False,False,False,False,False,False,False,False,False,,,,,,,
2026-06-27,00:00,40.7531174,-73.9246912,38 ST,11101,114,UNKNOWN,Street,36.36814320432857,False,QUEENS,"(40.7531174, -73.9246912)",trafficstat,True,False,True,False,False,False,False,False,False,,,,,,,
2026-06-27,00:00,40.757487,-73.9324827,28 ST,11106,114,UNKNOWN,Street,33.37417628966433,False,QUEENS,"(40.757487, -73.9324827)",trafficstat,False,False,False,False,False,False,False,False,False,,,,,,,
2026-06-26,00:00,40.7529933,-73.9240476,STEINWAY ST,11101,114,UNKNOWN,Street,32.12089157329987,False,QUEENS,"(40.7529933, -73.9240476)",trafficstat,True,False,False,False,False,True,False,False,False,,,,,,,
2026-06-26,00:00,40.7669822,-73.9168959,35 ST,11103,114,UNKNOWN,Street,1.8612862134984693,False,QUEENS,"(40.7669822, -73.9168959)",trafficstat,True,False,False,False,False,False,False,True,False,,,,,,,
2026-06-26,00:00,40.7627452,-73.9369272,35 AVE,11106,114,OTHER,Street,221.35692150116463,False,QUEENS,"(40.7627452, -73.9369272)",trafficstat,True,False,True,False,False,False,False,False,False,,,,,,,
2026-06-26,00:00,40.77056,-73.9175,31 ST,11102,114,UNKNOWN,Bridge,4.253804293285097,False,QUEENS,"(40.77056, -73.9175)",trafficstat,False,False,False,False,False,False,False,False,False,,,,,,,
2026-06-25,00:00,40.7642392,-73.937003,12 ST,11106,114,UNKNOWN,Street,2.148209564687784,False,QUEENS,"(40.7642392, -73.937003)",trafficstat,True,False,False,False,False,False,False,False,True,,,,,,,
2026-06-25,00:00,40.7644242,-73.9029084,BROOKLYN QUEENS EXPY W,11377,114,UNKNOWN,Highway,1.3935221280437795,False,QUEENS,"(40.7644242, -73.9029084)",trafficstat,True,False,False,False,False,False,False,True,False,,,,,,,
2026-06-25,00:00,40.7598832,-73.9367906,21 ST,11106,114,UNKNOWN,Street,2.0586795618124234,False,QUEENS,"(40.7598832, -73.9367906)",trafficstat,True,False,True,False,False,False,False,False,False,,,,,,,
2026-06-24,00:00,40.765324,-73.9259345,31 AVE,11106,114,UNKNOWN,Street,57.37111283991088,False,QUEENS,"(40.765324, -73.9259345)",trafficstat,True,False,True,False,False,False,False,False,False,,,,,,,
2026-06-24,00:00,40.7675974,-73.9187798,33 ST,11102,114,UNKNOWN,Street,39.339151206929245,False,QUEENS,"(40.7675974, -73.9187798)",trafficstat,False,False,False,False,False,False,False,False,False,,,,,,,
2026-06-23,00:00,40.76718,-73.93289,31 DR,11106,114,UNKNOWN,Street,2.4636776644742873,False,QUEENS,"(40.76718, -73.93289)",trafficstat,True,False,False,False,False,False,True,False,False,,,,,,,
2026-06-23,00:00,40.7687492,-73.9088084,GRAND CENTRAL PKWY,11103,114,UNKNOWN,Highway,1.9942424099792009,False,QUEENS,"(40.7687492, -73.9088084)",trafficstat,False,False,False,False,False,False,False,False,False,,,,,,,
2026-06-23,00:00,40.7604754,-73.9221959,35 ST,11106,114,UNKNOWN,Street,1.7455338511804726,False,QUEENS,"(40.7604754, -73.9221959)",trafficstat,True,False,False,False,False,False,False,False,False,,,,,,,
2026-06-23,00:00,40.7542791,-73.9090108,BROADWAY,11377,114,OTHER,Street,2.326704918137656,False,QUEENS,"(40.7542791, -73.9090108)",trafficstat,True,False,False,True,False,False,False,False,False,,,,,,,
2026-06-23,00:00,40.7489155,-73.9373965,QUEENS BLVD,11101,114,UNKNOWN,Bridge,1.8379289214936987,False,QUEENS,"(40.7489155, -73.9373965)",trafficstat,False,False,False,False,False,False,False,False,False,,,,,,,
2026-06-22,00:00,40.7583108,-73.9087096,50 ST,11377,114,UNKNOWN,Street,55.32970878632372,False,QUEENS,"(40.7583108, -73.9087096)",trafficstat,False,False,False,False,False,False,False,False,False,,,,,,,
2026-06-22,00:00,40.7705411,-73.9320474,12 ST,11102,114,UNKNOWN,Street,1.7729928853519843,False,QUEENS,"(40.7705411, -73.9320474)",trafficstat,False,False,False,False,False,False,False,False,False,,,,,,,
2026-06-22,00:00,40.7704288,-73.923632,NEWTOWN AVE,11102,114,UNKNOWN,Street,1.1266396204538804,False,QUEENS,"(40.7704288, -73.923632)",trafficstat,True,False,False,True,False,False,False,False,False,,,,,,,
2026-06-21,00:00,40.7710845,-73.9082188,STEINWAY ST,11105,114,UNKNOWN,Street,2.1304231148179107,False,QUEENS,"(40.7710845, -73.9082188)",trafficstat,True,False,False,False,False,False,True,False,False,,,,,,,
2026-06-21,00:00,40.7701257,-73.8973714,21 AVE,11370,114,UNKNOWN,Street,1.138602988919194,False,QUEENS,"(40.7701257, -73.8973714)",trafficstat,False,False,False,False,False,False,False,False,False,,,,,,,
2026-06-21,00:00,40.7689567,-73.9181927,32 ST,11102,114,UNKNOWN,Street,40.54077104637898,False,QUEENS,"(40.7689567, -73.9181927)",trafficstat,False,False,False,False,False,False,False,False,False,,,,,,,
2026-06-20,00:00,40.7635164,-73.9141928,30 AVE,11103,114,OTHER,Street,2.0728702650952022,False,QUEENS,"(40.7635164, -73.9141928)",trafficstat,True,False,False,False,False,False,False,True,False,,,,,,,
2026-06-20,00:00,40.769325,-73.91389,36 ST,11103,114,OTHER,Street,1.3251419476958215,False,QUEENS,"(40.769325, -73.91389)",trafficstat,False,False,False,False,False,False,False,False,False,,,,,,,
2026-06-15,00:00,40.769325,-73.91389,36 ST,11103,114,UNKNOWN,Street,1.3251419476958215,False,QUEENS,"(40.769325, -73.91389)",trafficstat,True,False,False,False,False,True,False,False,False,,,,,,,
2026-06-20,00:00,40.7767209,-73.9077662,33 ST,11105,114,UNKNOWN,Street,42.10304725865701,False,QUEENS,"(40.7767209, -73.9077662)",trafficstat,False,False,False,False,False,False,False,False,False,,,,,,,
2026-06-19,00:00,40.7748618,-73.9089032,DITMARS BLVD,11105,114,UNKNOWN,Street,1.9558241210364278,False,QUEENS,"(40.7748618, -73.9089032)",trafficstat,False,False,False,False,False,False,False,False,False,,,,,,,
2026-06-19,00:00,40.7621106,-73.9065093,28 AVE,11377,114,UNKNOWN,Street,1.867472959726809,False,QUEENS,"(40.7621106, -73.9065093)",trafficstat,True,False,False,False,False,False,False,True,True,,,,,,,
2026-06-19,00:00,40.7683051,-73.8996161,DITMARS BLVD,11370,114,UNKNOWN,Street,1.712816867130745,False,QUEENS,"(40.7683051, -73.8996161)",trafficstat,True,False,False,False,False,False,False,True,False,,,,,,,
2026-06-19,00:00,40.7533158,-73.9136305,NORTHERN BLVD,11101,114,UNKNOWN,Street,63.17525693766877,False,QUEENS,"(40.7533158, -73.9136305)",trafficstat,False,False,False,False,False,False,False,False,False,,,,,,,
2026-06-18,00:00,40.755928,-73.91927,42 ST,11101,114,UNKNOWN,Street,1.5131571785947757,False,QUEENS,"(40.755928, -73.91927)",trafficstat,False,False,False,False,False,False,False,False,False,,,,,,,
2026-06-18,00:00,40.7845622,-73.9131474,20 ST,11105,114,UNKNOWN,Street,2.3353107112054747,False,QUEENS,"(40.7845622, -73.9131474)",trafficstat,False,False,False,False,False,False,False,False,False,,,,,,,
2026-06-18,00:00,40.7720053,-73.9177934,29 ST,11102,114,UNKNOWN,Street,38.94405190980687,False,QUEENS,"(40.7720053, -73.9177934)",trafficstat,True,False,False,False,False,False,False,True,False,,,,,,,
2026-06-17,00:00,40.7756171,-73.9112231,31 ST,11105,114,UNKNOWN,Street,23.222876230272696,False,QUEENS,"(40.7756171, -73.9112231)",trafficstat,False,False,False,False,False,False,False,False,False,,,,,,,
2026-06-17,00:00,40.7521577,-73.9289513,35 ST,11101,114,UNKNOWN,Street,2.8464126071029896,False,QUEENS,"(40.7521577, -73.9289513)",trafficstat,False,False,False,False,False,False,False,False,False,,,,,,,
2026-06-16,00:00,40.7520683,-73.9264683,STANDARD LN,11101,114,UNKNOWN,Street,0.6113341169809555,False,QUEENS,"(40.7520683, -73.9264683)",trafficstat,True,False,False,True,False,False,False,False,False,,,,,,,
2026-06-16,00:00,40.7546151,-73.9430841,41 AVE,11101,114,UNKNOWN,Street,83.47607103979101,False,QUEENS,"(40.7546151, -73.9430841)",trafficstat,True,False,True,False,False,False,False,False,False,,,,,,,
2026-06-16,00:00,40.7541205,-73.9295412,33 ST,11101,114,UNKNOWN,Street,2.0911768703238653,False,QUEENS,"(40.7541205, -73.9295412)",trafficstat,False,False,False,False,False,False,False,False,False,,,,,,,
2026-06-16,00:00,40.7603122,-73.9311797,CRESCENT ST,11106,114,UNKNOWN,Street,52.89896776660594,False,QUEENS,"(40.7603122, -73.9311797)",trafficstat,False,False,False,False,False,False,False,False,False,,,,,,,
2026-06-16,00:00,40.7667356,-73.9124849,STEINWAY ST,11103,114,UNKNOWN,Street,47.664035456202846,False,QUEENS,"(40.7667356, -73.9124849)",trafficstat,True,False,False,False,False,False,False,True,False,,,,,,,
2026-06-16,00:00,40.7650199,-73.9374607,11 ST,11106,114,UNKNOWN,Street,22.574845349748117,False,QUEENS,"(40.7650199, -73.9374607)",trafficstat,False,False,False,False,False,False,False,False,False,,,,,,,
2026-06-16,00:00,40.7707766,-73.9171522,ASTORIA BLVD N,11102,114,UNKNOWN,Street,18.906824883561622,False,QUEENS,"(40.7707766, -73.9171522)",trafficstat,False,False,False,False,False,False,False,False,False,,,,,,,
2026-06-15,00:00,40.7760463,-73.9032451,38 ST,11105,114,OTHER,Street,56.71236062931242,False,QUEENS,"(40.7760463, -73.9032451)",trafficstat,True,False,True,False,False,False,False,False,False,,,,,,,
2026-06-15,00:00,40.757053,-73.92166,38 ST,11101,114,UNKNOWN,Street,1.3758976759985286,False,QUEENS,"(40.757053, -73.92166)",trafficstat,True,True,True,False,False,False,False,False,False,,,,,,,
2026-06-14,00:00,40.7558214,-73.9325786,29 ST,11101,114,UNKNOWN,Street,2.2561177536760093,False,QUEENS,"(40.7558214, -73.9325786)",trafficstat,False,False,False,False,False,False,False,False,False,,,,,,,
2026-06-14,00:00,40.7613385,-73.9058809,50 ST,11377,114,OTHER,Street,41.176287537286484,False,QUEENS,"(40.7613385, -73.9058809)",trafficstat,False,False,False,False,False,False,False,False,False,,,,,,,
2026-06-14,00:00,40.7702229,-73.895613,74 ST,11370,114,UNKNOWN,Street,0.08968683420830154,False,QUEENS,"(40.7702229, -73.895613)",trafficstat,True,False,False,False,False,False,False,True,False,,,,,,,
2026-06-13,00:00,40.779163,-73.89566,42 ST,11105,114,OTHER,Street,1.7330854826742859,False,QUEENS,"(40.779163, -73.89566)",trafficstat,True,False,True,False,False,False,False,False,False,,,,,,,
2026-06-13,00:00,40.7615882,-73.9221953,34 ST,11106,114,UNKNOWN,Street,48.58072055533007,False,QUEENS,"(40.7615882, -73.9221953)",trafficstat,True,False,False,False,False,False,False,False,True,,,,,,,
2026-06-13,00:00,40.7534575,-73.9414058,22 ST,11101,114,UNKNOWN,Street,2.450287878019331,False,QUEENS,"(40.7534575, -73.9414058)",trafficstat,True,False,False,False,False,False,True,False,False,,,,,,,
2026-06-13,00:00,40.7579501,-73.9178292,42 ST,11103,114,UNKNOWN,Street,45.96173027761045,False,QUEENS,"(40.7579501, -73.9178292)",trafficstat,False,False,False,False,False,False,False,False,False,,,,,,,
2026-06-12,00:00,40.7601032,-73.9127002,45 ST,11103,114,UNKNOWN,Street,35.21928086779059,False,QUEENS,"(40.7601032, -73.9127002)",trafficstat,True,False,False,True,False,False,False,False,False,,,,,,,
2026-06-12,00:00,40.7595481,-73.9199222,BROADWAY,11103,114,UNKNOWN,Street,41.22394157754855,False,QUEENS,"(40.7595481, -73.9199222)",trafficstat,False,False,False,False,False,False,False,False,False,,,,,,,
2026-06-12,00:00,40.7589746,-73.9189995,STEINWAY ST,11103,114,UNKNOWN,Street,1.4278037257172058,False,QUEENS,"(40.7589746, -73.9189995)",trafficstat,False,False,False,False,False,False,False,False,False,,,,,,,
2026-06-12,00:00,40.7552021,-73.9443829,41 AVE,11101,114,UNKNOWN,Street,60.06491923457309,False,QUEENS,"(40.7552021, -73.9443829)",trafficstat,True,False,False,False,False,False,False,False,True,,,,,,,
2026-06-12,00:00,40.7629381,-73.9155829,STEINWAY ST,11103,114,UNKNOWN,Street,45.95393283520105,False,QUEENS,"(40.7629381, -73.9155829)",trafficstat,True,False,False,False,False,False,True,False,False,,,,,,,
2026-09-13,00:00,40.7502116,-73.8814232,85 ST,11372,115,OTHER,Street,35.11012137179547,False,QUEENS,"(40.7502116, -73.8814232)",trafficstat,False,False,False,False,False,False,False,False,False,,,,,,,
2026-09-13,00:00,40.7530095,-73.8654011,102 ST,11368,115,UNKNOWN,Street,0.8123226913557476,False,QUEENS,"(40.7530095, -73.8654011)",trafficstat,False,False,False,False,False,False,False,False,False,,,,,,,
2026-09-13,00:00,40.7583566,-73.8707787,98 ST,11369,115,UNKNOWN,Street,39.67000705704432,False,QUEENS,"(40.7583566, -73.8707787)",trafficstat,False,False,False,False,False,False,False,False,False,,,,,,,
2026-09-13,00:00,40.760727,-73.89105,77 ST,11370,115,UNKNOWN,Street,0.8271002643397362,False,QUEENS,"(40.760727, -73.89105)",trafficstat,False,False,False,False,False,False,False,False,False,,,,,,,
2026-09-13,00:00,40.7568038,-73.8736556,JUNCTION BLVD,11372,115,UNKNOWN,Street,0.3687034142132025,False,QUEENS,"(40.7568038, -73.8736556)",trafficstat,True,False,False,False,False,False,False,True,False,,,,,,,
2026-09-12,00:00,40.757824,-73.8609985,108 ST,11368,115,UNKNOWN,Street,0.02850937252153186,False,QUEENS,"(40.757824, -73.8609985)",trafficstat,True,False,False,True,False,False,False,False,False,,,,,,,
2026-06-23,00:00,40.757824,-73.8609985,108 ST,11368,115,OTHER,Street,0.02850937252153186,False,QUEENS,"(40.757824, -73.8609985)",trafficstat,True,False,True,False,False,False,False,False,False,,,,,,,
2026-09-12,00:00,40.7515445,-73.8708432,JUNCTION BLVD,11368,115,UNKNOWN,Street,1.2202858974512374,False,QUEENS,"(40.7515445, -73.8708432)",trafficstat,False,False,False,False,False,False,False,False,False,,,,,,,
2026-07-06,00:00,40.7515445,-73.8708432,JUNCTION BLVD,11368,115,UNKNOWN,Street,1.2202858974512374,False,QUEENS,"(40.7515445, -73.8708432)",trafficstat,False,False,False,False,False,False,False,False,False,,,,,,,
2026-09-12,00:00,40.7638604,-73.8838699,85 ST,11370,115,OTHER,Street,45.06782215701042,False,QUEENS,"(40.7638604, -73.8838699)",trafficstat,False,False,False,False,False,False,False,False,False,,,,,,,
2026-09-11,00:00,40.7580259,-73.857753,112 ST,11368,115,UNKNOWN,Street,2.3908125366138226,False,QUEENS,"(40.7580259, -73.857753)",trafficstat,True,False,False,False,False,False,False,True,False,,,,,,,
2026-09-07,00:00,40.7580259,-73.857753,112 ST,11368,115,UNKNOWN,Street,2.3908125366138226,False,QUEENS,"(40.7580259, -73.857753)",trafficstat,True,False,False,False,False,False,False,False,True,,,,,,,
2026-08-01,00:00,40.7580259,-73.857753,112 ST,11368,115,UNKNOWN,Street,2.3908125366138226,False,QUEENS,"(40.7580259, -73.857753)",trafficstat,True,False,False,False,False,False,False,False,True,,,,,,,
2026-07-04,00:00,40.7580259,-73.857753,112 ST,11368,115,UNKNOWN,Street,2.3908125366138226,False,QUEENS,"(40.7580259, -73.857753)",trafficstat,True,False,False,False,False,True,False,False,False,,,,,,,
2026-09-10,00:00,40.7684291,-73.8881789,MARINE TERMINAL RD,11370,115,OTHER,Street,1.889513353869135,False,QUEENS,"(40.7684291, -73.8881789)",trafficstat,False,False,False,False,False,False,False,False,False,,,,,,,
2026-07-07,00:00,40.7684291,-73.8881789,MARINE TERMINAL RD,11370,115,UNKNOWN,Street,1.889513353869135,False,QUEENS,"(40.7684291, -73.8881789)",trafficstat,False,False,False,False,False,False,False,False,False,,,,,,,
2026-09-10,00:00,40.7679331,-73.8781399,92 ST,11369,115,UNKNOWN,Street,0.37884816764115864,False,QUEENS,"(40.7679331, -73.8781399)",trafficstat,False,False,False,False,False,False,False,False,False,,,,,,,
2026-09-10,00:00,40.7547618,-73.8944108,NORTHERN BLVD,11372,115,UNKNOWN,Street,51.85947803372192,False,QUEENS,"(40.7547618, -73.8944108)",trafficstat,False,False,False,False,False,False,False,False,False,,,,,,,
2026-09-09,00:00,40.7645735,-73.8867342,82 ST,11370,115,OTHER,Street,75.29210971816671,False,QUEENS,"(40.7645735, -73.8867342)",trafficstat,False,False,False,False,False,False,False,False,False,,,,,,,
2026-09-09,00:00,40.7673925,-73.8669105,DITMARS BLVD,11369,115,UNKNOWN,Street,155.56570712705823,False,QUEENS,"(40.7673925, -73.8669105)",trafficstat,True,False,False,False,False,False,False,True,False,,,,,,,
2026-09-09,00:00,40.7713822,-73.877135,GRAND CENTRAL PKWY,11371,115,UNKNOWN,Highway,1.710138734131325,False,QUEENS,"(40.7713822, -73.877135)",trafficstat,True,False,False,False,False,False,False,True,False,,,,,,,
2026-09-06,00:00,40.7713822,-73.877135,GRAND CENTRAL PKWY,11371,115,UNKNOWN,Highway,1.710138734131325,False,QUEENS,"(40.7713822, -73.877135)",trafficstat,False,False,False,False,False,False,False,False,False,,,,,,,
2026-08-18,00:00,40.7713822,-73.877135,GRAND CENTRAL PKWY,11371,115,UNKNOWN,Highway,1.710138734131325,False,QUEENS,"(40.7713822, -73.877135)",trafficstat,True,False,False,False,False,False,False,True,False,,,,,,,
2026-06-14,00:00,40.7713822,-73.877135,GRAND CENTRAL PKWY,11371,115,UNKNOWN,Highway,1.710138734131325,False,QUEENS,"(40.7713822, -73.877135)",trafficstat,False,False,False,False,False,False,False,False,False,,,,,,,
2026-09-08,00:00,40.76762,-73.88377,86 ST,11369,115,UNKNOWN,Street,0.2687368520622504,False,QUEENS,"(40.76762, -73.88377)",trafficstat,False,False,False,False,False,False,False,False,False,,,,,,,
2026-09-08,00:00,40.75982,-73.880455,88 ST,11369,115,UNKNOWN,Street,1.0697349530314508,False,QUEENS,"(40.75982, -73.880455)",trafficstat,True,False,False,True,False,False,False,False,False,,,,,,,
2026-09-08,00:00,40.7623756,-73.8750134,94 ST,11369,115,UNKNOWN,Street,53.04673616016172,False,QUEENS,"(40.7623756, -73.8750134)",trafficstat,True,False,False,False,False,False,False,False,False,,,,,,,
2026-08-28,00:00,40.7623756,-73.8750134,94 ST,11369,115,UNKNOWN,Street,53.04673616016172,False,QUEENS,"(40.7623756, -73.8750134)",trafficstat,True,False,False,False,False,False,False,True,False,,,,,,,
2026-07-22,00:00,40.7623756,-73.8750134,94 ST,11369,115,UNKNOWN,Street,53.04673616016172,False,QUEENS,"(40.7623756, -73.8750134)",trafficstat,True,False,False,True,False,False,False,False,False,,,,,,,
2026-09-08,00:00,40.7552034,-73.8709949,97 ST,11368,115,UNKNOWN,Street,0.5030505001248337,False,QUEENS,"(40.7552034, -73.8709949)",trafficstat,True,False,False,True,False,False,False,False,False,,,,,,,