crash_date,crash_time,latitude,longitude,on_street_name,zip_code,precinct,collision_type,roadway_type,geocode_dist_feet,time_is_known,borough,location,source,injury,fatality,injured_pedestrian,injured_cyclist,injured_ebike_rider,injured_motorcyclist,injured_moped_rider,injured_car_occupant,injured_suv_occupant,number_of_persons_injured,number_of_persons_killed,contributing_factor_vehicle_1,collision_id,cross_street_name,off_street_name,vehicle_type_code1
2026-09-07,00:00,40.7528605,-73.8744535,93 ST,11372,115,UNKNOWN,Street,0.47062070402501527,False,QUEENS,"(40.7528605, -73.8744535)",trafficstat,True,False,True,False,False,False,False,False,False,,,,,,,
2026-09-07,00:00,40.7502869,-73.8646988,39 AVE,11368,115,UNKNOWN,Street,27.66112636786842,False,QUEENS,"(40.7502869, -73.8646988)",trafficstat,False,False,False,False,False,False,False,False,False,,,,,,,
2026-09-07,00:00,40.7604117,-73.87484,94 ST,11369,115,UNKNOWN,Street,0.2608669063932538,False,QUEENS,"(40.7604117, -73.87484)",trafficstat,True,False,False,True,False,False,False,False,False,,,,,,,
2026-09-07,00:00,40.7567943,-73.8941253,73 ST,11370,115,UNKNOWN,Street,0.5639528416230659,False,QUEENS,"(40.7567943, -73.8941253)",trafficstat,True,False,False,False,False,False,False,False,True,,,,,,,
2026-09-07,00:00,40.7673975,-73.8649701,GRAND CENTRAL PKWY,11369,115,UNKNOWN,Highway,89.09797378942481,False,QUEENS,"(40.7673975, -73.8649701)",trafficstat,False,False,False,False,False,False,False,False,False,,,,,,,
2026-07-27,00:00,40.7673975,-73.8649701,GRAND CENTRAL PKWY,11369,115,UNKNOWN,Highway,89.09797378942481,False,QUEENS,"(40.7673975, -73.8649701)",trafficstat,False,False,False,False,False,False,False,False,False,,,,,,,
2026-09-06,00:00,40.7715375,-73.8760899,94 ST,11371,115,UNKNOWN,Street,0.3505039300498322,False,QUEENS,"(40.7715375, -73.8760899)",trafficstat,False,False,False,False,False,False,False,False,False,,,,,,,
2026-08-06,00:00,40.7715375,-73.8760899,94 ST,11371,115,UNKNOWN,Street,0.3505039300498322,False,QUEENS,"(40.7715375, -73.8760899)",trafficstat,False,False,False,False,False,False,False,False,False,,,,,,,
2026-07-22,00:00,40.7715375,-73.8760899,94 ST,11371,115,UNKNOWN,Street,0.3505039300498322,False,QUEENS,"(40.7715375, -73.8760899)",trafficstat,True,False,False,False,False,False,False,True,False,,,,,,,
2026-07-16,00:00,40.7715375,-73.8760899,94 ST,11371,115,OTHER,Street,0.3505039300498322,False,QUEENS,"(40.7715375, -73.8760899)",trafficstat,True,False,False,False,False,False,False,True,False,,,,,,,
2026-07-15,00:00,40.7715375,-73.8760899,94 ST,11371,115,UNKNOWN,Street,0.3505039300498322,False,QUEENS,"(40.7715375, -73.8760899)",trafficstat,True,False,False,False,False,False,False,True,False,,,,,,,
2026-07-14,00:00,40.7715375,-73.8760899,94 ST,11371,115,UNKNOWN,Street,0.3505039300498322,False,QUEENS,"(40.7715375, -73.8760899)",trafficstat,False,False,False,False,False,False,False,False,False,,,,,,,
2026-09-06,00:00,40.7553935,-73.8691681,99 ST,11368,115,OTHER,Street,0.05197777060851071,False,QUEENS,"(40.7553935, -73.8691681)",trafficstat,False,False,False,False,False,False,False,False,False,,,,,,,
2026-09-05,00:00,40.7603383,-73.8947586,73 ST,11370,115,UNKNOWN,Street,0.08073877343005352,False,QUEENS,"(40.7603383, -73.8947586)",trafficstat,False,False,False,False,False,False,False,False,False,,,,,,,
2026-09-05,00:00,40.7633458,-73.8773072,92 ST,11369,115,OTHER,Street,0.3825680499074932,False,QUEENS,"(40.7633458, -73.8773072)",trafficstat,True,False,True,False,False,False,False,False,False,,,,,,,
2026-09-05,00:00,40.7571826,-73.8550188,114 ST,11368,115,UNKNOWN,Street,0.9356651552092397,False,QUEENS,"(40.7571826, -73.8550188)",trafficstat,True,False,True,False,False,False,False,False,False,,,,,,,
2026-06-27,00:00,40.7571826,-73.8550188,114 ST,11368,115,UNKNOWN,Street,0.9356651552092397,False,QUEENS,"(40.7571826, -73.8550188)",trafficstat,False,False,False,False,False,False,False,False,False,,,,,,,
2026-06-17,00:00,40.7571826,-73.8550188,114 ST,11368,115,UNKNOWN,Street,0.9356651552092397,False,QUEENS,"(40.7571826, -73.8550188)",trafficstat,False,False,False,False,False,False,False,False,False,,,,,,,
2026-09-05,00:00,40.753935,-73.8612123,37 AVE,11368,115,UNKNOWN,Street,2.593749102783947,False,QUEENS,"(40.753935, -73.8612123)",trafficstat,False,False,False,False,False,False,False,False,False,,,,,,,
2026-08-07,00:00,40.753935,-73.8612123,37 AVE,11368,115,UNKNOWN,Street,2.593749102783947,False,QUEENS,"(40.753935, -73.8612123)",trafficstat,False,False,False,False,False,False,False,False,False,,,,,,,
2026-09-05,00:00,40.759234,-73.8673069,32 AVE,11369,115,UNKNOWN,Street,42.32718241717443,False,QUEENS,"(40.759234, -73.8673069)",trafficstat,False,False,False,False,False,False,False,False,False,,,,,,,
2026-08-21,00:00,40.759234,-73.8673069,32 AVE,11369,115,UNKNOWN,Street,42.32718241717443,False,QUEENS,"(40.759234, -73.8673069)",trafficstat,False,False,False,False,False,False,False,False,False,,,,,,,
2026-09-05,00:00,40.7512602,-73.8740291,93 ST,11372,115,UNKNOWN,Street,37.117938354156955,False,QUEENS,"(40.7512602, -73.8740291)",trafficstat,False,False,False,False,False,False,False,False,False,,,,,,,
2026-09-05,00:00,40.7504322,-73.8778038,89 ST,11372,115,UNKNOWN,Street,0.4588737014866916,False,QUEENS,"(40.7504322, -73.8778038)",trafficstat,True,False,False,False,False,False,False,True,False,,,,,,,
2026-09-04,00:00,40.7471366,-73.8924083,73 ST,11372,115,UNKNOWN,Street,0.1159519718992056,False,QUEENS,"(40.7471366, -73.8924083)",trafficstat,False,False,False,False,False,False,False,False,False,,,,,,,
2026-09-04,00:00,40.753563,-73.8707,97 ST,11368,115,OTHER,Street,1.3831971195504948,False,QUEENS,"(40.753563, -73.8707)",trafficstat,False,False,False,False,False,False,False,False,False,,,,,,,
2026-09-04,00:00,40.7510367,-73.8718998,37 AVE,11372,115,UNKNOWN,Street,50.14293805492821,False,QUEENS,"(40.7510367, -73.8718998)",trafficstat,True,False,False,True,False,False,False,False,False,,,,,,,
2026-08-15,00:00,40.7510367,-73.8718998,37 AVE,11372,115,UNKNOWN,Street,50.14293805492821,False,QUEENS,"(40.7510367, -73.8718998)",trafficstat,False,False,False,False,False,False,False,False,False,,,,,,,
2026-09-04,00:00,40.7578426,-73.8604606,109 ST,11368,115,OTHER,Street,0.6494887416059315,False,QUEENS,"(40.7578426, -73.8604606)",trafficstat,True,False,True,False,False,False,False,False,False,,,,,,,
2026-06-12,00:00,40.7578426,-73.8604606,109 ST,11368,115,UNKNOWN,Street,0.6494887416059315,False,QUEENS,"(40.7578426, -73.8604606)",trafficstat,False,False,False,False,False,False,False,False,False,,,,,,,
2026-09-03,00:00,40.7552653,-73.8881577,79 ST,11372,115,OTHER,Street,0.3549143501750577,False,QUEENS,"(40.7552653, -73.8881577)",trafficstat,True,False,False,False,False,False,False,False,False,,,,,,,
2026-09-03,00:00,40.7469427,-73.8904995,75 ST,11373,115,UNKNOWN,Street,0.446604568962197,False,QUEENS,"(40.7469427, -73.8904995)",trafficstat,True,False,True,False,False,False,False,False,False,,,,,,,
2026-09-03,00:00,40.7572274,-73.8695038,99 ST,11368,115,UNKNOWN,Street,0.27644438904567825,False,QUEENS,"(40.7572274, -73.8695038)",trafficstat,False,False,False,False,False,False,False,False,False,,,,,,,
2026-06-20,00:00,40.7572274,-73.8695038,99 ST,11368,115,UNKNOWN,Street,0.27644438904567825,False,QUEENS,"(40.7572274, -73.8695038)",trafficstat,False,False,False,False,False,False,False,False,False,,,,,,,
2026-09-02,00:00,40.7651028,-73.8864069,ASTORIA BLVD,11370,115,UNKNOWN,Street,53.64215779589177,False,QUEENS,"(40.7651028, -73.8864069)",trafficstat,False,False,False,False,False,False,False,False,False,,,,,,,
2026-09-02,00:00,40.7506297,-73.8855427,81 ST,11372,115,UNKNOWN,Street,33.88977805869837,False,QUEENS,"(40.7506297, -73.8855427)",trafficstat,False,False,False,False,False,False,False,False,False,,,,,,,
2026-09-01,00:00,40.7552361,-73.8573244,111 ST,11368,115,UNKNOWN,Street,38.07799462287229,False,QUEENS,"(40.7552361, -73.8573244)",trafficstat,False,False,False,False,False,False,False,False,False,,,,,,,
2026-08-31,00:00,40.7554257,-73.8989089,68 ST,11377,115,UNKNOWN,Street,37.18843428608599,False,QUEENS,"(40.7554257, -73.8989089)",trafficstat,False,False,False,False,False,False,False,False,False,,,,,,,
2026-08-31,00:00,40.7579116,-73.8585618,111 ST,11368,115,UNKNOWN,Street,0.9921043781180664,False,QUEENS,"(40.7579116, -73.8585618)",trafficstat,True,False,False,False,False,False,False,False,True,,,,,,,
2026-08-12,00:00,40.7579116,-73.8585618,111 ST,11368,115,UNKNOWN,Street,0.9921043781180664,False,QUEENS,"(40.7579116, -73.8585618)",trafficstat,True,False,False,False,False,False,True,False,False,,,,,,,
2026-08-01,00:00,40.7579116,-73.8585618,111 ST,11368,115,UNKNOWN,Street,0.9921043781180664,False,QUEENS,"(40.7579116, -73.8585618)",trafficstat,True,False,True,False,False,False,False,False,False,,,,,,,
2026-08-31,00:00,40.7511017,-73.8911892,75 ST,11372,115,UNKNOWN,Street,0.011944006198990708,False,QUEENS,"(40.7511017, -73.8911892)",trafficstat,True,False,False,False,False,False,True,False,False,,,,,,,
2026-08-31,00:00,40.7476177,-73.885235,ROOSEVELT AVE,11372,115,UNKNOWN,Street,40.88576637655036,False,QUEENS,"(40.7476177, -73.885235)",trafficstat,True,False,True,False,False,False,False,False,False,,,,,,,
2026-08-31,00:00,40.770211,-73.8700166,DITMARS BLVD,11369,115,OTHER,Street,82.142024091626,False,QUEENS,"(40.770211, -73.8700166)",trafficstat,False,False,False,False,False,False,False,False,False,,,,,,,
2026-08-31,00:00,40.7600395,-73.8618249,32 AVE,11369,115,UNKNOWN,Street,40.76297423177628,False,QUEENS,"(40.7600395, -73.8618249)",trafficstat,False,False,False,False,False,False,False,False,False,,,,,,,
2026-08-30,00:00,40.7549626,-73.8991503,BROOKLYN QUEENS EXPY E,11377,115,UNKNOWN,Highway,15.19153807823206,False,QUEENS,"(40.7549626, -73.8991503)",trafficstat,True,False,False,False,False,True,False,False,False,,,,,,,
2026-08-30,00:00,40.7582207,-73.8574474,NORTHERN BLVD,11368,115,UNKNOWN,Street,51.900357423791576,False,QUEENS,"(40.7582207, -73.8574474)",trafficstat,False,False,False,False,False,False,False,False,False,,,,,,,
2026-07-26,00:00,40.7582207,-73.8574474,NORTHERN BLVD,11368,115,UNKNOWN,Street,51.900357423791576,False,QUEENS,"(40.7582207, -73.8574474)",trafficstat,False,False,False,False,False,False,False,False,False,,,,,,,
2026-08-29,00:00,40.7604951,-73.8613864,31 DR,11369,115,UNKNOWN,Street,2.415677506743897,False,QUEENS,"(40.7604951, -73.8613864)",trafficstat,False,False,False,False,False,False,False,False,False,,,,,,,
2026-08-19,00:00,40.7604951,-73.8613864,31 DR,11369,115,UNKNOWN,Street,2.415677506743897,False,QUEENS,"(40.7604951, -73.8613864)",trafficstat,True,False,False,False,False,False,False,False,False,,,,,,,
2026-08-29,00:00,40.7561889,-73.8616119,107 ST,11368,115,UNKNOWN,Street,0.2982183620602787,False,QUEENS,"(40.7561889, -73.8616119)",trafficstat,True,False,True,False,False,False,False,False,False,,,,,,,
2026-08-29,00:00,40.7562866,-73.8607201,108 ST,11368,115,UNKNOWN,Street,0.5216760633972606,False,QUEENS,"(40.7562866, -73.8607201)",trafficstat,True,False,False,False,False,False,False,True,False,,,,,,,
2026-08-09,00:00,40.7562866,-73.8607201,108 ST,11368,115,UNKNOWN,Street,0.5216760633972606,False,QUEENS,"(40.7562866, -73.8607201)",trafficstat,False,False,False,False,False,False,False,False,False,,,,,,,
2026-08-29,00:00,40.7596831,-73.8640664,105 ST,11369,115,UNKNOWN,Street,0.2606841272481579,False,QUEENS,"(40.7596831, -73.8640664)",trafficstat,False,False,False,False,False,False,False,False,False,,,,,,,
2026-07-19,00:00,40.7596831,-73.8640664,105 ST,11369,115,UNKNOWN,Street,0.2606841272481579,False,QUEENS,"(40.7596831, -73.8640664)",trafficstat,True,False,False,False,False,False,False,True,False,,,,,,,
2026-08-29,00:00,40.7703517,-73.8760199,94 ST,11369,115,UNKNOWN,Street,0.10446526316823507,False,QUEENS,"(40.7703517, -73.8760199)",trafficstat,True,False,False,False,False,False,False,False,False,,,,,,,
2026-06-19,00:00,40.7703517,-73.8760199,94 ST,11369,115,OTHER,Street,0.10446526316823507,False,QUEENS,"(40.7703517, -73.8760199)",trafficstat,True,False,False,False,False,False,False,True,False,,,,,,,
2026-06-16,00:00,40.7703517,-73.8760199,94 ST,11369,115,UNKNOWN,Street,0.10446526316823507,False,QUEENS,"(40.7703517, -73.8760199)",trafficstat,False,False,False,False,False,False,False,False,False,,,,,,,
2026-08-28,00:00,40.7599569,-73.8958595,72 ST,11370,115,UNKNOWN,Street,59.69131598949393,False,QUEENS,"(40.7599569, -73.8958595)",trafficstat,False,False,False,False,False,False,False,False,False,,,,,,,
2026-08-27,00:00,40.7526926,-73.8599876,108 ST,11368,115,OTHER,Street,54.91679704012224,False,QUEENS,"(40.7526926, -73.8599876)",trafficstat,True,False,False,False,False,False,False,False,False,,,,,,,
2026-08-27,00:00,40.7558526,-73.8825801,85 ST,11372,115,OTHER,Street,0.3800990444102252,False,QUEENS,"(40.7558526, -73.8825801)",trafficstat,True,False,False,True,False,False,False,False,False,,,,,,,
2026-08-02,00:00,40.7558526,-73.8825801,85 ST,11372,115,OTHER,Street,0.3800990444102252,False,QUEENS,"(40.7558526, -73.8825801)",trafficstat,True,False,False,False,False,False,False,True,False,,,,,,,
2026-07-08,00:00,40.7558526,-73.8825801,85 ST,11372,115,UNKNOWN,Street,0.3800990444102252,False,QUEENS,"(40.7558526, -73.8825801)",trafficstat,True,False,False,False,False,True,False,False,False,,,,,,,
2026-08-27,00:00,40.7568977,-73.8931866,74 ST,11370,115,UNKNOWN,Street,0.19832356907599463,False,QUEENS,"(40.7568977, -73.8931866)",trafficstat,False,False,False,False,False,False,False,False,False,,,,,,,
2026-08-27,00:00,40.7607274,-73.8910544,77 ST,11370,115,UNKNOWN,Street,0.3601606843401467,False,QUEENS,"(40.7607274, -73.8910544)",trafficstat,True,False,True,False,False,False,False,False,False,,,,,,,
2026-06-27,00:00,40.7607274,-73.8910544,77 ST,11370,115,UNKNOWN,Street,0.3601606843401467,False,QUEENS,"(40.7607274, -73.8910544)",trafficstat,True,False,False,False,False,False,True,False,False,,,,,,,
2026-08-27,00:00,40.7519357,-73.8823324,35 AVE,11372,115,UNKNOWN,Street,38.689639232406016,False,QUEENS,"(40.7519357, -73.8823324)",trafficstat,False,False,False,False,False,False,False,False,False,,,,,,,
2026-08-26,00:00,40.7509085,-73.8930483,73 ST,11372,115,UNKNOWN,Street,0.2195923539578936,False,QUEENS,"(40.7509085, -73.8930483)",trafficstat,True,False,True,False,False,False,False,False,False,,,,,,,
2026-08-26,00:00,40.7546449,-73.860424,108 ST,11368,115,UNKNOWN,Street,0.5126165652724726,False,QUEENS,"(40.7546449, -73.860424)",trafficstat,True,False,False,True,False,False,False,False,False,,,,,,,
2026-08-26,00:00,40.7526419,-73.8733419,94 ST,11372,115,UNKNOWN,Street,35.23409454741112,False,QUEENS,"(40.7526419, -73.8733419)",trafficstat,False,False,False,False,False,False,False,False,False,,,,,,,
2026-08-25,00:00,40.7577576,-73.862807,106 ST,11368,115,OTHER,Street,0.12374218264805674,False,QUEENS,"(40.7577576, -73.862807)",trafficstat,False,False,False,False,False,False,False,False,False,,,,,,,
2026-08-25,00:00,40.7476924,-73.8937969,72 ST,11372,115,UNKNOWN,Street,0.0058571707978271725,False,QUEENS,"(40.7476924, -73.8937969)",trafficstat,True,False,False,False,False,False,False,False,True,,,,,,,
2026-08-24,00:00,40.7489153,-73.8729332,94 ST,11372,115,UNKNOWN,Street,38.835879156122616,False,QUEENS,"(40.7489153, -73.8729332)",trafficstat,True,False,True,False,False,False,False,False,False,,,,,,,
2026-08-24,00:00,40.7495391,-73.8684492,97 ST,11368,115,UNKNOWN,Street,41.74362821466732,False,QUEENS,"(40.7495391, -73.8684492)",trafficstat,True,False,False,True,False,False,False,False,False,,,,,,,
2026-08-24,00:00,40.7504144,-73.8740106,93 ST,11372,115,UNKNOWN,Street,0.369425735907247,False,QUEENS,"(40.7504144, -73.8740106)",trafficstat,False,False,False,False,False,False,False,False,False,,,,,,,
2026-08-24,00:00,40.7654254,-73.8900034,79 ST,11370,115,UNKNOWN,Street,0.1819014496907135,False,QUEENS,"(40.7654254, -73.8900034)",trafficstat,False,False,False,False,False,False,False,False,False,,,,,,,
2026-08-23,00:00,40.76024,-73.89569,72 ST,11370,115,UNKNOWN,Street,0.7949103788352594,False,QUEENS,"(40.76024, -73.89569)",trafficstat,True,False,False,False,False,False,False,True,False,,,,,,,
2026-08-23,00:00,40.7498691,-73.8627258,NATIONAL ST,11368,115,UNKNOWN,Street,1.1108514262497169,False,QUEENS,"(40.7498691, -73.8627258)",trafficstat,True,False,False,True,False,False,False,False,False,,,,,,,
2026-08-23,00:00,40.7497445,-73.8843088,82 ST,11372,115,UNKNOWN,Street,0.4087589365229494,False,QUEENS,"(40.7497445, -73.8843088)",trafficstat,True,False,False,True,False,False,False,False,False,,,,,,,
2026-06-12,00:00,40.7497445,-73.8843088,82 ST,11372,115,UNKNOWN,Street,0.4087589365229494,False,QUEENS,"(40.7497445, -73.8843088)",trafficstat,True,False,True,False,False,False,False,False,False,,,,,,,
2026-08-23,00:00,40.7554279,-73.8851622,82 ST,11372,115,OTHER,Street,49.82032488656294,False,QUEENS,"(40.7554279, -73.8851622)",trafficstat,True,False,False,True,False,False,False,False,False,,,,,,,
2026-08-23,00:00,40.7566407,-73.8866677,81 ST,11370,115,OTHER,Street,42.465847744122925,False,QUEENS,"(40.7566407, -73.8866677)",trafficstat,False,False,False,False,False,False,False,False,False,,,,,,,
2026-08-22,00:00,40.7523431,-73.8537384,ROOSEVELT AVE,11368,115,UNKNOWN,Street,43.98979172205525,False,QUEENS,"(40.7523431, -73.8537384)",trafficstat,False,False,False,False,False,False,False,False,False,,,,,,,
2026-07-13,00:00,40.7523431,-73.8537384,ROOSEVELT AVE,11368,115,OTHER,Street,43.98979172205525,False,QUEENS,"(40.7523431, -73.8537384)",trafficstat,True,False,False,False,False,False,True,False,False,,,,,,,
2026-08-22,00:00,40.7556569,-73.8844393,83 ST,11372,115,UNKNOWN,Street,0.15018821640864163,False,QUEENS,"(40.7556569, -73.8844393)",trafficstat,True,False,True,False,False,False,False,False,False,,,,,,,
2026-07-20,00:00,40.7556569,-73.8844393,83 ST,11372,115,UNKNOWN,Street,0.15018821640864163,False,QUEENS,"(40.7556569, -73.8844393)",trafficstat,False,False,False,False,False,False,False,False,False,,,,,,,
2026-06-27,00:00,40.7556569,-73.8844393,83 ST,11372,115,OTHER,Street,0.15018821640864163,False,QUEENS,"(40.7556569, -73.8844393)",trafficstat,True,False,False,True,False,False,False,False,False,,,,,,,
2026-06-20,00:00,40.7556569,-73.8844393,83 ST,11372,115,UNKNOWN,Street,0.15018821640864163,False,QUEENS,"(40.7556569, -73.8844393)",trafficstat,True,False,False,False,False,False,False,True,False,,,,,,,
2026-08-22,00:00,40.7578867,-73.8608715,NORTHERN BLVD,11368,115,OTHER,Street,17.821851528381,False,QUEENS,"(40.7578867, -73.8608715)",trafficstat,False,False,False,False,False,False,False,False,False,,,,,,,
2026-08-22,00:00,40.7578473,-73.8992131,68 ST,11377,115,UNKNOWN,Street,0.3710519577463656,False,QUEENS,"(40.7578473, -73.8992131)",trafficstat,True,False,True,False,False,False,False,False,False,,,,,,,
2026-06-29,00:00,40.7578473,-73.8992131,68 ST,11377,115,UNKNOWN,Street,0.3710519577463656,False,QUEENS,"(40.7578473, -73.8992131)",trafficstat,True,False,True,False,False,False,False,False,False,,,,,,,
2026-08-22,00:00,40.7517933,-73.8699476,97 ST,11368,115,OTHER,Street,1.2242605154253177,False,QUEENS,"(40.7517933, -73.8699476)",trafficstat,True,False,True,False,False,False,False,False,False,,,,,,,
2026-08-20,00:00,40.752396,-73.856255,111 ST,11368,115,UNKNOWN,Street,1.4112276946890034,False,QUEENS,"(40.752396, -73.856255)",trafficstat,True,False,True,False,False,False,False,False,False,,,,,,,
2026-08-20,00:00,40.7542804,-73.8975004,69 ST,11377,115,UNKNOWN,Street,0.12394879846079337,False,QUEENS,"(40.7542804, -73.8975004)",trafficstat,True,False,False,False,False,False,False,True,False,,,,,,,
2026-08-17,00:00,40.7542804,-73.8975004,69 ST,11377,115,UNKNOWN,Street,0.12394879846079337,False,QUEENS,"(40.7542804, -73.8975004)",trafficstat,False,False,False,False,False,False,False,False,False,,,,,,,
2026-07-04,00:00,40.7542804,-73.8975004,69 ST,11377,115,UNKNOWN,Street,0.12394879846079337,False,QUEENS,"(40.7542804, -73.8975004)",trafficstat,True,False,False,False,False,False,False,True,False,,,,,,,
2026-08-19,00:00,40.7577799,-73.8541562,GRAND CENTRAL PKWY,11368,115,UNKNOWN,Highway,2.9756018107223476,False,QUEENS,"(40.7577799, -73.8541562)",trafficstat,False,False,False,False,False,False,False,False,False,,,,,,,
2026-08-19,00:00,40.7561674,-73.8781153,NORTHERN BLVD,11372,115,UNKNOWN,Street,57.96243500722341,False,QUEENS,"(40.7561674, -73.8781153)",trafficstat,False,False,False,False,False,False,False,False,False,,,,,,,
2026-08-19,00:00,40.7563391,-73.8779302,90 ST,11372,115,OTHER,Street,0.03127888025862099,False,QUEENS,"(40.7563391, -73.8779302)",trafficstat,False,False,False,False,False,False,False,False,False,,,,,,,
2026-07-11,00:00,40.7563391,-73.8779302,90 ST,11372,115,UNKNOWN,Street,0.03127888025862099,False,QUEENS,"(40.7563391, -73.8779302)",trafficstat,True,False,False,False,False,False,False,True,False,,,,,,,
2026-08-19,00:00,40.7511893,-73.8787387,88 ST,11372,115,OTHER,Street,40.990937635183556,False,QUEENS,"(40.7511893, -73.8787387)",trafficstat,False,False,False,False,False,False,False,False,False,,,,,,,
2026-08-18,00:00,40.7713563,-73.870965,GRAND CENTRAL PKWY,11369,115,UNKNOWN,Highway,0.4223836364669853,False,QUEENS,"(40.7713563, -73.870965)",trafficstat,True,False,False,False,False,False,False,False,True,,,,,,,
2026-08-17,00:00,40.7489568,-73.8713571,95 ST,11373,115,OTHER,Street,0.9263312686783508,False,QUEENS,"(40.7489568, -73.8713571)",trafficstat,True,False,False,False,False,True,False,False,False,,,,,,,
2026-08-13,00:00,40.7489568,-73.8713571,95 ST,11373,115,UNKNOWN,Street,0.9263312686783508,False,QUEENS,"(40.7489568, -73.8713571)",trafficstat,False,False,False,False,False,False,False,False,False,,,,,,,
2026-08-12,00:00,40.7489568,-73.8713571,95 ST,11373,115,UNKNOWN,Street,0.9263312686783508,False,QUEENS,"(40.7489568, -73.8713571)",trafficstat,True,False,True,False,False,False,False,False,False,,,,,,,
2026-07-05,00:00,40.7489568,-73.8713571,95 ST,11373,115,UNKNOWN,Street,0.9263312686783508,False,QUEENS,"(40.7489568, -73.8713571)",trafficstat,False,False,False,False,False,False,False,False,False,,,,,,,
2026-08-17,00:00,40.7584041,-73.8857027,82 ST,11370,115,UNKNOWN,Street,49.945463111042045,False,QUEENS,"(40.7584041, -73.8857027)",trafficstat,False,False,False,False,False,False,False,False,False,,,,,,,
2026-08-16,00:00,40.7539366,-73.8602883,108 ST,11368,115,UNKNOWN,Street,0.44965425073110743,False,QUEENS,"(40.7539366, -73.8602883)",trafficstat,True,False,False,False,False,False,False,True,False,,,,,,,
2026-08-16,00:00,40.7645084,-73.8841532,85 ST,11370,115,UNKNOWN,Street,0.36182233698465116,False,QUEENS,"(40.7645084, -73.8841532)",trafficstat,True,False,False,False,False,False,False,False,True,,,,,,,
2026-08-16,00:00,40.7624522,-73.8923041,76 ST,11370,115,UNKNOWN,Street,0.3818306147321631,False,QUEENS,"(40.7624522, -73.8923041)",trafficstat,False,False,False,False,False,False,False,False,False,,,,,,,
2026-08-16,00:00,40.7578087,-73.874036,JUNCTION BLVD,11369,115,UNKNOWN,Street,39.114633482467426,False,QUEENS,"(40.7578087, -73.874036)",trafficstat,False,False,False,False,False,False,False,False,False,,,,,,,
2026-08-16,00:00,40.7546766,-73.8983981,I 278 EB EN NORTHERN BLVD,11377,115,UNKNOWN,Street,50.92633540710987,False,QUEENS,"(40.7546766, -73.8983981)",trafficstat,True,False,False,False,False,False,False,False,True,,,,,,,
2026-08-15,00:00,40.7554611,-73.8862985,81 ST,11372,115,UNKNOWN,Street,0.12705551851207073,False,QUEENS,"(40.7554611, -73.8862985)",trafficstat,True,False,False,True,False,False,False,False,False,,,,,,,
2026-08-15,00:00,40.7487719,-73.8742975,ROOSEVELT AVE,11372,115,UNKNOWN,Street,40.64631487520598,False,QUEENS,"(40.7487719, -73.8742975)",trafficstat,True,False,False,True,False,False,False,False,False,,,,,,,
2026-08-15,00:00,40.7693257,-73.866597,GRAND CENTRAL PKWY,11369,115,UNKNOWN,Highway,5.67992418295976,False,QUEENS,"(40.7693257, -73.866597)",trafficstat,True,False,False,False,False,False,False,True,False,,,,,,,
2026-07-08,00:00,40.7693257,-73.866597,GRAND CENTRAL PKWY,11369,115,UNKNOWN,Highway,5.67992418295976,False,QUEENS,"(40.7693257, -73.866597)",trafficstat,False,False,False,False,False,False,False,False,False,,,,,,,
2026-08-15,00:00,40.7678353,-73.8790715,91 ST,11369,115,UNKNOWN,Street,0.46545116164418865,False,QUEENS,"(40.7678353, -73.8790715)",trafficstat,False,False,False,False,False,False,False,False,False,,,,,,,
2026-08-15,00:00,40.7713131,-73.8766333,GRAND CENTRAL PKWY,11369,115,UNKNOWN,Highway,4.033133493018139,False,QUEENS,"(40.7713131, -73.8766333)",trafficstat,True,False,False,False,False,False,False,False,True,,,,,,,
2026-08-13,00:00,40.7713131,-73.8766333,GRAND CENTRAL PKWY,11369,115,UNKNOWN,Highway,4.033133493018139,False,QUEENS,"(40.7713131, -73.8766333)",trafficstat,True,False,False,False,False,False,False,True,False,,,,,,,
2026-08-04,00:00,40.7713131,-73.8766333,GRAND CENTRAL PKWY,11369,115,UNKNOWN,Highway,4.033133493018139,False,QUEENS,"(40.7713131, -73.8766333)",trafficstat,True,False,False,False,False,False,False,False,True,,,,,,,
2026-08-14,00:00,40.7636295,-73.8851186,ALLEY,11370,115,UNKNOWN,Alley,16.40652259360473,False,QUEENS,"(40.7636295, -73.8851186)",trafficstat,False,False,False,False,False,False,False,False,False,,,,,,,
2026-08-14,00:00,40.757045,-73.8675052,101 ST,11368,115,UNKNOWN,Street,31.362968014222588,False,QUEENS,"(40.757045, -73.8675052)",trafficstat,False,False,False,False,False,False,False,False,False,,,,,,,
2026-08-13,00:00,40.748686,-73.8751332,ROOSEVELT AVE,11372,115,UNKNOWN,Street,42.56452096124735,False,QUEENS,"(40.748686, -73.8751332)",trafficstat,False,False,False,False,False,False,False,False,False,,,,,,,
2026-08-13,00:00,40.7505412,-73.8965389,69 ST,11377,115,UNKNOWN,Street,0.5897620813190061,False,QUEENS,"(40.7505412, -73.8965389)",trafficstat,True,False,False,False,False,False,False,False,True,,,,,,,