crash_date,crash_time,latitude,longitude,on_street_name,zip_code,precinct,collision_type,roadway_type,geocode_dist_feet,time_is_known,borough,location,source,injury,fatality,injured_pedestrian,injured_cyclist,injured_ebike_rider,injured_motorcyclist,injured_moped_rider,injured_car_occupant,injured_suv_occupant,number_of_persons_injured,number_of_persons_killed,contributing_factor_vehicle_1,collision_id,cross_street_name,off_street_name,vehicle_type_code1
2026-08-12,00:00,40.7544059,-73.8557972,112 ST,11368,115,OTHER,Street,0.7046255668050265,False,QUEENS,"(40.7544059, -73.8557972)",trafficstat,True,False,True,False,False,False,False,False,False,,,,,,,
2026-07-24,00:00,40.7544059,-73.8557972,112 ST,11368,115,UNKNOWN,Street,0.7046255668050265,False,QUEENS,"(40.7544059, -73.8557972)",trafficstat,False,False,False,False,False,False,False,False,False,,,,,,,
2026-08-12,00:00,40.7514344,-73.8567568,ROOSEVELT AVE,11368,115,UNKNOWN,Street,40.55291706565756,False,QUEENS,"(40.7514344, -73.8567568)",trafficstat,False,False,False,False,False,False,False,False,False,,,,,,,
2026-08-12,00:00,40.7557058,-73.8662366,102 ST,11368,115,UNKNOWN,Street,0.25218466477834733,False,QUEENS,"(40.7557058, -73.8662366)",trafficstat,True,False,False,True,False,False,False,False,False,,,,,,,
2026-08-12,00:00,40.749298,-73.8768325,90 ST,11372,115,UNKNOWN,Street,51.58688305205495,False,QUEENS,"(40.749298, -73.8768325)",trafficstat,False,False,False,False,False,False,False,False,False,,,,,,,
2026-08-12,00:00,40.7520324,-73.8550154,ROOSEVELT AVE,11368,115,UNKNOWN,Street,67.7996654593702,False,QUEENS,"(40.7520324, -73.8550154)",trafficstat,True,False,False,True,False,False,False,False,False,,,,,,,
2026-08-12,00:00,40.7640321,-73.8774287,92 ST,11369,115,UNKNOWN,Street,0.35375845007789813,False,QUEENS,"(40.7640321, -73.8774287)",trafficstat,False,False,False,False,False,False,False,False,False,,,,,,,
2026-06-18,00:00,40.7640321,-73.8774287,92 ST,11369,115,UNKNOWN,Street,0.35375845007789813,False,QUEENS,"(40.7640321, -73.8774287)",trafficstat,False,False,False,False,False,False,False,False,False,,,,,,,
2026-08-12,00:00,40.7694203,-73.8802889,90 ST,11369,115,UNKNOWN,Street,0.2360972005481438,False,QUEENS,"(40.7694203, -73.8802889)",trafficstat,True,False,False,False,False,False,False,True,False,,,,,,,
2026-08-11,00:00,40.7666376,-73.8890281,GRAND CENTRAL PKWY,11370,115,UNKNOWN,Highway,2.1094239080341186,False,QUEENS,"(40.7666376, -73.8890281)",trafficstat,False,False,False,False,False,False,False,False,False,,,,,,,
2026-07-30,00:00,40.7666376,-73.8890281,GRAND CENTRAL PKWY,11370,115,UNKNOWN,Highway,2.1094239080341186,False,QUEENS,"(40.7666376, -73.8890281)",trafficstat,True,False,False,False,False,False,False,False,True,,,,,,,
2026-08-10,00:00,40.7656871,-73.8674909,ERICSSON ST,11369,115,UNKNOWN,Street,1.5187447769727334,False,QUEENS,"(40.7656871, -73.8674909)",trafficstat,False,False,False,False,False,False,False,False,False,,,,,,,
2026-08-10,00:00,40.7579752,-73.8645603,104 ST,11369,115,OTHER,Street,30.192081708456723,False,QUEENS,"(40.7579752, -73.8645603)",trafficstat,False,False,False,False,False,False,False,False,False,,,,,,,
2026-08-09,00:00,40.7571411,-73.8717607,NORTHERN BLVD,11368,115,OTHER,Street,51.19715056453129,False,QUEENS,"(40.7571411, -73.8717607)",trafficstat,False,False,False,False,False,False,False,False,False,,,,,,,
2026-08-09,00:00,40.7653778,-73.8890504,80 ST,11370,115,UNKNOWN,Street,0.3870982123954912,False,QUEENS,"(40.7653778, -73.8890504)",trafficstat,True,False,True,False,False,False,False,False,False,,,,,,,
2026-08-09,00:00,40.7612655,-73.8749972,94 ST,11369,115,UNKNOWN,Street,0.40351450811739203,False,QUEENS,"(40.7612655, -73.8749972)",trafficstat,False,False,False,False,False,False,False,False,False,,,,,,,
2026-08-09,00:00,40.7507816,-73.8900206,76 ST,11372,115,UNKNOWN,Street,46.06084989724793,False,QUEENS,"(40.7507816, -73.8900206)",trafficstat,True,False,False,False,True,False,False,False,False,,,,,,,
2026-08-09,00:00,40.7488793,-73.8849715,81 ST,11372,115,UNKNOWN,Street,35.29827508293204,False,QUEENS,"(40.7488793, -73.8849715)",trafficstat,False,False,False,False,False,False,False,False,False,,,,,,,
2026-08-09,00:00,40.7540289,-73.8610769,37 AVE,11368,115,UNKNOWN,Street,31.246881359065558,False,QUEENS,"(40.7540289, -73.8610769)",trafficstat,False,False,False,False,False,False,False,False,False,,,,,,,
2026-08-08,00:00,40.7555767,-73.8592923,109 ST,11368,115,UNKNOWN,Street,0.3474689105038762,False,QUEENS,"(40.7555767, -73.8592923)",trafficstat,False,False,False,False,False,False,False,False,False,,,,,,,
2026-08-08,00:00,40.7525622,-73.8666867,37 AVE,11368,115,UNKNOWN,Street,39.076876077273766,False,QUEENS,"(40.7525622, -73.8666867)",trafficstat,True,False,True,False,False,False,False,False,False,,,,,,,
2026-08-08,00:00,40.7480249,-73.8802047,ROOSEVELT AVE,11372,115,UNKNOWN,Street,3.1188763623212483,False,QUEENS,"(40.7480249, -73.8802047)",trafficstat,True,False,False,False,False,False,False,True,False,,,,,,,
2026-07-20,00:00,40.7480249,-73.8802047,ROOSEVELT AVE,11372,115,UNKNOWN,Street,3.1188763623212483,False,QUEENS,"(40.7480249, -73.8802047)",trafficstat,False,False,False,False,False,False,False,False,False,,,,,,,
2026-08-08,00:00,40.7561462,-73.8797894,88 ST,11372,115,UNKNOWN,Street,0.17725981419357267,False,QUEENS,"(40.7561462, -73.8797894)",trafficstat,False,False,False,False,False,False,False,False,False,,,,,,,
2026-08-07,00:00,40.7561462,-73.8797894,88 ST,11372,115,UNKNOWN,Street,0.17725981419357267,False,QUEENS,"(40.7561462, -73.8797894)",trafficstat,False,False,False,False,False,False,False,False,False,,,,,,,
2026-08-08,00:00,40.7565375,-73.8760673,92 ST,11372,115,UNKNOWN,Street,0.1595068949677011,False,QUEENS,"(40.7565375, -73.8760673)",trafficstat,False,False,False,False,False,False,False,False,False,,,,,,,
2026-08-08,00:00,40.7566325,-73.8751395,93 ST,11372,115,UNKNOWN,Street,0.33533429907525686,False,QUEENS,"(40.7566325, -73.8751395)",trafficstat,True,False,False,False,False,False,False,True,False,,,,,,,
2026-08-08,00:00,40.7577257,-73.8637167,105 ST,11368,115,UNKNOWN,Street,0.5347866872177235,False,QUEENS,"(40.7577257, -73.8637167)",trafficstat,True,False,False,False,False,False,False,True,False,,,,,,,
2026-08-08,00:00,40.7665422,-73.8711931,99 ST,11369,115,OTHER,Street,0.39474797799345,False,QUEENS,"(40.7665422, -73.8711931)",trafficstat,False,False,False,False,False,False,False,False,False,,,,,,,
2026-08-08,00:00,40.7590273,-73.8551461,GRAND CENTRAL PKWY,11369,115,UNKNOWN,Highway,2.152535054822056,False,QUEENS,"(40.7590273, -73.8551461)",trafficstat,False,False,False,False,False,False,False,False,False,,,,,,,
2026-07-20,00:00,40.7590273,-73.8551461,GRAND CENTRAL PKWY,11369,115,UNKNOWN,Highway,2.152535054822056,False,QUEENS,"(40.7590273, -73.8551461)",trafficstat,True,False,False,False,False,False,False,True,False,,,,,,,
2026-06-15,00:00,40.7590273,-73.8551461,GRAND CENTRAL PKWY,11369,115,UNKNOWN,Highway,2.152535054822056,False,QUEENS,"(40.7590273, -73.8551461)",trafficstat,True,False,False,False,False,False,False,False,True,,,,,,,
2026-08-07,00:00,40.7481649,-73.8800478,ROOSEVELT AVE,11372,115,UNKNOWN,Street,41.78611664095291,False,QUEENS,"(40.7481649, -73.8800478)",trafficstat,False,False,False,False,False,False,False,False,False,,,,,,,
2026-08-06,00:00,40.7517151,-73.8769584,90 ST,11372,115,OTHER,Street,36.46246260284785,False,QUEENS,"(40.7517151, -73.8769584)",trafficstat,True,False,False,False,False,False,True,False,False,,,,,,,
2026-08-06,00:00,40.7528331,-73.8612902,37 DR,11368,115,UNKNOWN,Street,33.04096477060059,False,QUEENS,"(40.7528331, -73.8612902)",trafficstat,False,False,False,False,False,False,False,False,False,,,,,,,
2026-08-06,00:00,40.758132,-73.8569515,NORTHERN BLVD,11368,115,UNKNOWN,Street,3.444264378954752,False,QUEENS,"(40.758132, -73.8569515)",trafficstat,False,False,False,False,False,False,False,False,False,,,,,,,
2026-08-05,00:00,40.7581477,-73.8931964,74 ST,11370,115,UNKNOWN,Street,60.453535246687224,False,QUEENS,"(40.7581477, -73.8931964)",trafficstat,False,False,False,False,False,False,False,False,False,,,,,,,
2026-08-05,00:00,40.7629179,-73.8769663,92 ST,11369,115,OTHER,Street,71.71340916985937,False,QUEENS,"(40.7629179, -73.8769663)",trafficstat,True,False,False,True,False,False,False,False,False,,,,,,,
2026-08-05,00:00,40.7629179,-73.8769663,92 ST,11369,115,UNKNOWN,Street,71.71340916985937,False,QUEENS,"(40.7629179, -73.8769663)",trafficstat,True,False,False,True,False,False,False,False,False,,,,,,,
2026-08-05,00:00,40.7519828,-73.8828251,84 ST,11372,115,UNKNOWN,Street,0.5128483623788861,False,QUEENS,"(40.7519828, -73.8828251)",trafficstat,True,False,True,False,False,False,False,False,False,,,,,,,
2026-08-04,00:00,40.7504451,-73.8748225,92 ST,11372,115,UNKNOWN,Street,38.98253207863154,False,QUEENS,"(40.7504451, -73.8748225)",trafficstat,False,False,False,False,False,False,False,False,False,,,,,,,
2026-08-04,00:00,40.7492637,-73.8684583,97 ST,11368,115,UNKNOWN,Street,1.1098936281673653,False,QUEENS,"(40.7492637, -73.8684583)",trafficstat,True,False,False,True,False,False,False,False,False,,,,,,,
2026-08-04,00:00,40.7601128,-73.8776669,91 ST,11369,115,UNKNOWN,Street,0.09973460435683751,False,QUEENS,"(40.7601128, -73.8776669)",trafficstat,True,False,False,True,False,False,False,False,False,,,,,,,
2026-08-03,00:00,40.7602179,-73.898253,30 AVE,11377,115,OTHER,Street,0.30200065665579706,False,QUEENS,"(40.7602179, -73.898253)",trafficstat,True,False,False,False,False,False,False,False,True,,,,,,,
2026-08-03,00:00,40.7488634,-73.8927087,73 ST,11372,115,OTHER,Street,0.148087541744925,False,QUEENS,"(40.7488634, -73.8927087)",trafficstat,True,False,True,False,False,False,False,False,False,,,,,,,
2026-08-03,00:00,40.7517149,-73.8706363,37 AVE,11368,115,UNKNOWN,Street,35.67198748453458,False,QUEENS,"(40.7517149, -73.8706363)",trafficstat,True,False,False,False,False,False,False,False,False,,,,,,,
2026-08-03,00:00,40.7663521,-73.873013,97 ST,11369,115,UNKNOWN,Street,0.3214384318283711,False,QUEENS,"(40.7663521, -73.873013)",trafficstat,False,False,False,False,False,False,False,False,False,,,,,,,
2026-08-03,00:00,40.7644059,-73.8751221,25 AVE,11369,115,UNKNOWN,Street,44.67807369999545,False,QUEENS,"(40.7644059, -73.8751221)",trafficstat,False,False,False,False,False,False,False,False,False,,,,,,,
2026-08-02,00:00,40.7482887,-73.8851307,81 ST,11372,115,UNKNOWN,Street,37.92910062054936,False,QUEENS,"(40.7482887, -73.8851307)",trafficstat,False,False,False,False,False,False,False,False,False,,,,,,,
2026-08-02,00:00,40.7497198,-73.8641842,102 ST,11368,115,OTHER,Street,0.6231878242739758,False,QUEENS,"(40.7497198, -73.8641842)",trafficstat,False,False,False,False,False,False,False,False,False,,,,,,,
2026-08-02,00:00,40.7489431,-73.8726683,94 ST,11372,115,UNKNOWN,Street,35.25737399072841,False,QUEENS,"(40.7489431, -73.8726683)",trafficstat,False,False,False,False,False,False,False,False,False,,,,,,,
2026-08-02,00:00,40.7543893,-73.8965221,70 ST,11372,115,UNKNOWN,Street,0.023459636785745603,False,QUEENS,"(40.7543893, -73.8965221)",trafficstat,False,False,False,False,False,False,False,False,False,,,,,,,
2026-07-19,00:00,40.7543893,-73.8965221,70 ST,11372,115,UNKNOWN,Street,0.023459636785745603,False,QUEENS,"(40.7543893, -73.8965221)",trafficstat,False,False,False,False,False,False,False,False,False,,,,,,,
2026-06-15,00:00,40.7543893,-73.8965221,70 ST,11372,115,UNKNOWN,Street,0.023459636785745603,False,QUEENS,"(40.7543893, -73.8965221)",trafficstat,True,False,False,False,False,False,False,True,False,,,,,,,
2026-08-02,00:00,40.7606154,-73.8728831,96 ST,11369,115,UNKNOWN,Street,0.19943849917127365,False,QUEENS,"(40.7606154, -73.8728831)",trafficstat,False,False,False,False,False,False,False,False,False,,,,,,,
2026-06-15,00:00,40.7606154,-73.8728831,96 ST,11369,115,UNKNOWN,Street,0.19943849917127365,False,QUEENS,"(40.7606154, -73.8728831)",trafficstat,True,False,True,False,False,False,False,False,False,,,,,,,
2026-08-02,00:00,40.7646243,-73.8717744,98 ST,11369,115,UNKNOWN,Street,0.46083938813399333,False,QUEENS,"(40.7646243, -73.8717744)",trafficstat,True,False,False,True,False,False,False,False,False,,,,,,,
2026-08-01,00:00,40.7592058,-73.8911306,77 ST,11370,115,UNKNOWN,Street,97.57842661299098,False,QUEENS,"(40.7592058, -73.8911306)",trafficstat,True,False,False,False,False,False,False,False,False,,,,,,,
2026-08-01,00:00,40.748964,-73.8917521,74 ST,11372,115,OTHER,Street,2.1497178124043184,False,QUEENS,"(40.748964, -73.8917521)",trafficstat,True,False,False,False,False,False,True,False,False,,,,,,,
2026-07-26,00:00,40.748964,-73.8917521,74 ST,11372,115,UNKNOWN,Street,2.1497178124043184,False,QUEENS,"(40.748964, -73.8917521)",trafficstat,False,False,False,False,False,False,False,False,False,,,,,,,
2026-07-31,00:00,40.749507,-73.8854669,37 AVE,11372,115,UNKNOWN,Street,46.34748193845038,False,QUEENS,"(40.749507, -73.8854669)",trafficstat,True,False,True,False,False,False,False,False,False,,,,,,,
2026-07-31,00:00,40.7476657,-73.8940473,BROADWAY,11372,115,UNKNOWN,Street,44.37813461384194,False,QUEENS,"(40.7476657, -73.8940473)",trafficstat,False,False,False,False,False,False,False,False,False,,,,,,,
2026-07-31,00:00,40.7580572,-73.8570859,NORTHERN BLVD,11368,115,UNKNOWN,Street,23.924280747991457,False,QUEENS,"(40.7580572, -73.8570859)",trafficstat,False,False,False,False,False,False,False,False,False,,,,,,,
2026-07-31,00:00,40.7574419,-73.867464,101 ST,11368,115,UNKNOWN,Street,0.22338325760439678,False,QUEENS,"(40.7574419, -73.867464)",trafficstat,True,False,False,False,False,False,True,False,True,,,,,,,
2026-07-31,00:00,40.7630535,-73.8867295,82 ST,11370,115,UNKNOWN,Street,0.01129655267758883,False,QUEENS,"(40.7630535, -73.8867295)",trafficstat,True,False,False,False,False,False,False,False,True,,,,,,,
2026-07-03,00:00,40.7630535,-73.8867295,82 ST,11370,115,UNKNOWN,Street,0.01129655267758883,False,QUEENS,"(40.7630535, -73.8867295)",trafficstat,False,False,False,False,False,False,False,False,False,,,,,,,
2026-07-31,00:00,40.7612805,-73.8663446,103 ST,11369,115,UNKNOWN,Street,0.34017723343355716,False,QUEENS,"(40.7612805, -73.8663446)",trafficstat,False,False,False,False,False,False,False,False,False,,,,,,,
2026-07-30,00:00,40.7671538,-73.8836865,86 ST,11369,115,UNKNOWN,Street,0.19981761082238608,False,QUEENS,"(40.7671538, -73.8836865)",trafficstat,False,False,False,False,False,False,False,False,False,,,,,,,
2026-07-30,00:00,40.7508432,-73.8761486,91 ST,11372,115,UNKNOWN,Street,45.07669520098569,False,QUEENS,"(40.7508432, -73.8761486)",trafficstat,False,False,False,False,False,False,False,False,False,,,,,,,
2026-07-29,00:00,40.7599599,-73.8982209,69 ST,11377,115,UNKNOWN,Street,1.8151339272687903,False,QUEENS,"(40.7599599, -73.8982209)",trafficstat,False,False,False,False,False,False,False,False,False,,,,,,,
2026-07-29,00:00,40.7607165,-73.8660616,103 ST,11369,115,UNKNOWN,Street,49.30058833328448,False,QUEENS,"(40.7607165, -73.8660616)",trafficstat,False,False,False,False,False,False,False,False,False,,,,,,,
2026-07-28,00:00,40.7567042,-73.8671914,101 ST,11368,115,UNKNOWN,Street,37.7221879029918,False,QUEENS,"(40.7567042, -73.8671914)",trafficstat,True,False,False,False,False,False,False,False,True,,,,,,,
2026-07-28,00:00,40.755756,-73.8789263,ALLEY,11372,115,OTHER,Alley,27.989303663186174,False,QUEENS,"(40.755756, -73.8789263)",trafficstat,True,False,False,True,False,False,False,False,False,,,,,,,
2026-07-26,00:00,40.7476461,-73.8940019,BROADWAY,11372,115,UNKNOWN,Street,44.50196066511853,False,QUEENS,"(40.7476461, -73.8940019)",trafficstat,False,False,False,False,False,False,False,False,False,,,,,,,
2026-07-26,00:00,40.7468121,-73.891752,BROADWAY,11372,115,UNKNOWN,Street,2.4694067314979855,False,QUEENS,"(40.7468121, -73.891752)",trafficstat,True,False,False,False,False,False,True,False,False,,,,,,,
2026-07-26,00:00,40.7626466,-73.8636458,CURTIS ST,11369,115,OTHER,Street,49.72723823151398,False,QUEENS,"(40.7626466, -73.8636458)",trafficstat,False,False,False,False,False,False,False,False,False,,,,,,,
2026-07-25,00:00,40.7552527,-73.8651217,103 ST,11368,115,UNKNOWN,Street,32.19963498251917,False,QUEENS,"(40.7552527, -73.8651217)",trafficstat,False,False,False,False,False,False,False,False,False,,,,,,,
2026-07-25,00:00,40.7531911,-73.8566625,111 ST,11368,115,UNKNOWN,Street,1.0377527812557732,False,QUEENS,"(40.7531911, -73.8566625)",trafficstat,True,False,True,False,False,False,False,False,False,,,,,,,
2026-07-25,00:00,40.7661619,-73.8748039,95 ST,11369,115,UNKNOWN,Street,0.40746960741110116,False,QUEENS,"(40.7661619, -73.8748039)",trafficstat,True,False,False,False,False,False,False,True,False,,,,,,,
2026-07-25,00:00,40.7663146,-73.8928517,GRAND CENTRAL PKWY,11370,115,UNKNOWN,Highway,1.107286408301924,False,QUEENS,"(40.7663146, -73.8928517)",trafficstat,True,False,False,False,False,False,False,True,False,,,,,,,
2026-07-24,00:00,40.7654743,-73.888714,ASTORIA BLVD,11370,115,UNKNOWN,Street,48.4042656977958,False,QUEENS,"(40.7654743, -73.888714)",trafficstat,False,False,False,False,False,False,False,False,False,,,,,,,
2026-07-24,00:00,40.7478912,-73.8826736,ROOSEVELT AVE,11372,115,OTHER,Street,41.73526917601803,False,QUEENS,"(40.7478912, -73.8826736)",trafficstat,False,False,False,False,False,False,False,False,False,,,,,,,
2026-07-23,00:00,40.7567368,-73.8756495,NORTHERN BLVD,11372,115,UNKNOWN,Street,53.50131831632567,False,QUEENS,"(40.7567368, -73.8756495)",trafficstat,False,False,False,False,False,False,False,False,False,,,,,,,
2026-07-22,00:00,40.7634422,-73.8845387,25 AVE,11370,115,UNKNOWN,Street,54.1815410687605,False,QUEENS,"(40.7634422, -73.8845387)",trafficstat,False,False,False,False,False,False,False,False,False,,,,,,,
2026-07-22,00:00,40.7571323,-73.8704136,98 ST,11368,115,UNKNOWN,Street,0.038534667457273304,False,QUEENS,"(40.7571323, -73.8704136)",trafficstat,True,False,False,False,True,False,False,False,False,,,,,,,
2026-07-13,00:00,40.7571323,-73.8704136,98 ST,11368,115,UNKNOWN,Street,0.038534667457273304,False,QUEENS,"(40.7571323, -73.8704136)",trafficstat,False,False,False,False,False,False,False,False,False,,,,,,,
2026-07-06,00:00,40.7571323,-73.8704136,98 ST,11368,115,UNKNOWN,Street,0.038534667457273304,False,QUEENS,"(40.7571323, -73.8704136)",trafficstat,True,False,False,False,False,False,False,True,False,,,,,,,
2026-07-22,00:00,40.7511537,-73.8587783,108 ST,11368,115,UNKNOWN,Street,53.113376056481414,False,QUEENS,"(40.7511537, -73.8587783)",trafficstat,False,False,False,False,False,False,False,False,False,,,,,,,
2026-07-22,00:00,40.7531634,-73.8642458,103 ST,11368,115,UNKNOWN,Street,37.59187661032957,False,QUEENS,"(40.7531634, -73.8642458)",trafficstat,False,False,False,False,False,False,False,False,False,,,,,,,
2026-07-22,00:00,40.7616217,-73.8769928,92 ST,11369,115,OTHER,Street,0.12445051001622652,False,QUEENS,"(40.7616217, -73.8769928)",trafficstat,True,False,True,False,False,False,False,False,False,,,,,,,
2026-07-21,00:00,40.7537351,-73.8553227,112 ST,11368,115,UNKNOWN,Street,36.52910460084027,False,QUEENS,"(40.7537351, -73.8553227)",trafficstat,False,False,False,False,False,False,False,False,False,,,,,,,
2026-07-21,00:00,40.7583059,-73.8556083,114 ST,11368,115,UNKNOWN,Street,0.7482143610473707,False,QUEENS,"(40.7583059, -73.8556083)",trafficstat,True,False,False,False,False,False,False,False,True,,,,,,,
2026-06-20,00:00,40.7583059,-73.8556083,114 ST,11368,115,UNKNOWN,Street,0.7482143610473707,False,QUEENS,"(40.7583059, -73.8556083)",trafficstat,True,False,False,False,False,False,False,True,False,,,,,,,
2026-06-18,00:00,40.7583059,-73.8556083,114 ST,11368,115,UNKNOWN,Street,0.7482143610473707,False,QUEENS,"(40.7583059, -73.8556083)",trafficstat,False,False,False,False,False,False,False,False,False,,,,,,,
2026-07-20,00:00,40.7561244,-73.8856503,82 ST,11370,115,UNKNOWN,Street,49.460342244501476,False,QUEENS,"(40.7561244, -73.8856503)",trafficstat,False,False,False,False,False,False,False,False,False,,,,,,,
2026-07-20,00:00,40.7551712,-73.8845096,83 ST,11372,115,OTHER,Street,43.74322131236925,False,QUEENS,"(40.7551712, -73.8845096)",trafficstat,True,False,True,False,False,False,False,False,False,,,,,,,
2026-07-20,00:00,40.7699195,-73.8799862,GRAND CENTRAL PKWY,11369,115,UNKNOWN,Highway,7.772188781525697,False,QUEENS,"(40.7699195, -73.8799862)",trafficstat,False,False,False,False,False,False,False,False,False,,,,,,,
2026-06-29,00:00,40.7699195,-73.8799862,GRAND CENTRAL PKWY,11369,115,UNKNOWN,Highway,7.772188781525697,False,QUEENS,"(40.7699195, -73.8799862)",trafficstat,False,False,False,False,False,False,False,False,False,,,,,,,
2026-07-19,00:00,40.7556085,-73.8843537,83 ST,11372,115,UNKNOWN,Street,20.9189896340152,False,QUEENS,"(40.7556085, -73.8843537)",trafficstat,False,False,False,False,False,False,False,False,False,,,,,,,
2026-07-19,00:00,40.7496401,-73.8864763,37 AVE,11372,115,UNKNOWN,Street,40.42002779182748,False,QUEENS,"(40.7496401, -73.8864763)",trafficstat,False,False,False,False,False,False,False,False,False,,,,,,,
2026-07-19,00:00,40.7523973,-73.8562527,111 ST,11368,115,UNKNOWN,Street,0.6458407673116286,False,QUEENS,"(40.7523973, -73.8562527)",trafficstat,True,False,True,False,False,False,False,False,False,,,,,,,
2026-07-19,00:00,40.7531181,-73.871864,JUNCTION BLVD,11368,115,OTHER,Street,47.6126073600427,False,QUEENS,"(40.7531181, -73.871864)",trafficstat,True,False,False,True,False,False,False,False,False,,,,,,,
2026-07-19,00:00,40.7540732,-73.8575268,111 ST,11368,115,UNKNOWN,Street,2.3239251727046657,False,QUEENS,"(40.7540732, -73.8575268)",trafficstat,False,False,False,False,False,False,False,False,False,,,,,,,
2026-06-23,00:00,40.7540732,-73.8575268,111 ST,11368,115,OTHER,Street,2.3239251727046657,False,QUEENS,"(40.7540732, -73.8575268)",trafficstat,True,False,False,False,False,True,False,False,False,,,,,,,
2026-07-18,00:00,40.7557606,-73.8916382,ALLEY,11370,115,UNKNOWN,Alley,23.95157617008702,False,QUEENS,"(40.7557606, -73.8916382)",trafficstat,False,False,False,False,False,False,False,False,False,,,,,,,
2026-07-18,00:00,40.761119,-73.8873284,81 ST,11370,115,UNKNOWN,Street,0.36671581175076196,False,QUEENS,"(40.761119, -73.8873284)",trafficstat,True,False,False,False,False,False,False,True,False,,,,,,,
2026-07-18,00:00,40.7527799,-73.8662678,101 ST,11368,115,UNKNOWN,Street,1.0655094199781778,False,QUEENS,"(40.7527799, -73.8662678)",trafficstat,False,False,False,False,False,False,False,False,False,,,,,,,
2026-07-18,00:00,40.7535645,-73.8706949,97 ST,11368,115,UNKNOWN,Street,0.09353200998140725,False,QUEENS,"(40.7535645, -73.8706949)",trafficstat,True,False,False,False,False,False,False,True,False,,,,,,,
2026-07-18,00:00,40.7500426,-73.8620455,ROOSEVELT AVE,11368,115,UNKNOWN,Street,34.931163582116845,False,QUEENS,"(40.7500426, -73.8620455)",trafficstat,False,False,False,False,False,False,False,False,False,,,,,,,
2026-07-18,00:00,40.7502366,-73.8796629,87 ST,11372,115,UNKNOWN,Street,0.3164360810717539,False,QUEENS,"(40.7502366, -73.8796629)",trafficstat,False,False,False,False,False,False,False,False,False,,,,,,,
2026-07-18,00:00,40.7478686,-73.8828874,83 ST,11372,115,UNKNOWN,Street,37.27288565282115,False,QUEENS,"(40.7478686, -73.8828874)",trafficstat,False,False,False,False,False,False,False,False,False,,,,,,,
2026-07-17,00:00,40.7498017,-73.8849264,37 AVE,11372,115,UNKNOWN,Street,39.86244096667043,False,QUEENS,"(40.7498017, -73.8849264)",trafficstat,True,False,False,False,False,False,True,False,False,,,,,,,
2026-07-17,00:00,40.7611151,-73.8681317,101 ST,11369,115,UNKNOWN,Street,0.25566707366677077,False,QUEENS,"(40.7611151, -73.8681317)",trafficstat,True,False,False,False,False,True,False,False,False,,,,,,,
2026-07-17,00:00,40.7588917,-73.8730985,32 AVE,11369,115,OTHER,Street,54.14723324466603,False,QUEENS,"(40.7588917, -73.8730985)",trafficstat,True,False,False,False,False,False,False,True,False,,,,,,,
2026-07-17,00:00,40.7624025,-73.8706067,ASTORIA BLVD,11369,115,UNKNOWN,Street,41.59792016948644,False,QUEENS,"(40.7624025, -73.8706067)",trafficstat,False,False,False,False,False,False,False,False,False,,,,,,,
2026-07-17,00:00,40.7664471,-73.872103,98 ST,11369,115,UNKNOWN,Street,0.06883251555780079,False,QUEENS,"(40.7664471, -73.872103)",trafficstat,True,False,False,False,False,False,False,True,False,,,,,,,
2026-07-15,00:00,40.7532656,-73.8538219,39 AVE,11368,115,UNKNOWN,Street,43.56480739501145,False,QUEENS,"(40.7532656, -73.8538219)",trafficstat,False,False,False,False,False,False,False,False,False,,,,,,,
2026-07-14,00:00,40.7530357,-73.8676836,100 ST,11368,115,OTHER,Street,48.88891768021764,False,QUEENS,"(40.7530357, -73.8676836)",trafficstat,True,False,True,False,False,False,False,False,False,,,,,,,
2026-07-14,00:00,40.7660505,-73.8758655,94 ST,11369,115,UNKNOWN,Street,0.24808490219448145,False,QUEENS,"(40.7660505, -73.8758655)",trafficstat,True,False,False,False,False,False,False,False,False,,,,,,,
2026-07-14,00:00,40.7597215,-73.8813856,87 ST,11369,115,OTHER,Street,0.001601864768460372,False,QUEENS,"(40.7597215, -73.8813856)",trafficstat,True,False,True,False,False,False,False,False,False,,,,,,,
2026-07-13,00:00,40.7532095,-73.8714491,35 AVE,11368,115,UNKNOWN,Street,69.79049620406377,False,QUEENS,"(40.7532095, -73.8714491)",trafficstat,True,False,True,False,False,False,False,False,False,,,,,,,
2026-07-13,00:00,40.7567598,-73.8548809,114 ST,11368,115,UNKNOWN,Street,21.76127544439046,False,QUEENS,"(40.7567598, -73.8548809)",trafficstat,True,False,True,False,False,False,False,False,False,,,,,,,
2026-07-13,00:00,40.7564052,-73.8979087,69 ST,11377,115,UNKNOWN,Street,0.20429767949442576,False,QUEENS,"(40.7564052, -73.8979087)",trafficstat,True,False,False,False,False,False,False,False,True,,,,,,,
2026-06-30,00:00,40.7564052,-73.8979087,69 ST,11377,115,UNKNOWN,Street,0.20429767949442576,False,QUEENS,"(40.7564052, -73.8979087)",trafficstat,False,False,False,False,False,False,False,False,False,,,,,,,