crash_date,crash_time,latitude,longitude,on_street_name,zip_code,precinct,collision_type,roadway_type,geocode_dist_feet,time_is_known,borough,location,source,injury,fatality,injured_pedestrian,injured_cyclist,injured_ebike_rider,injured_motorcyclist,injured_moped_rider,injured_car_occupant,injured_suv_occupant,number_of_persons_injured,number_of_persons_killed,contributing_factor_vehicle_1,collision_id,cross_street_name,off_street_name,vehicle_type_code1
2026-07-12,00:00,40.763878,-73.8816056,ASTORIA BLVD,11369,115,OTHER,Street,52.886890751413276,False,QUEENS,"(40.763878, -73.8816056)",trafficstat,False,False,False,False,False,False,False,False,False,,,,,,,
2026-07-12,00:00,40.7516004,-73.8710528,37 AVE,11372,115,UNKNOWN,Street,39.73922591975174,False,QUEENS,"(40.7516004, -73.8710528)",trafficstat,True,False,True,False,False,False,False,False,False,,,,,,,
2026-07-11,00:00,40.7641299,-73.8765008,93 ST,11369,115,UNKNOWN,Street,0.16917598838446607,False,QUEENS,"(40.7641299, -73.8765008)",trafficstat,True,False,False,False,False,False,False,True,False,,,,,,,
2026-07-11,00:00,40.7569925,-73.8654124,103 ST,11368,115,UNKNOWN,Street,40.32208838523547,False,QUEENS,"(40.7569925, -73.8654124)",trafficstat,False,False,False,False,False,False,False,False,False,,,,,,,
2026-07-11,00:00,40.7556379,-73.8779621,90 ST,11372,115,UNKNOWN,Street,43.814255917219754,False,QUEENS,"(40.7556379, -73.8779621)",trafficstat,False,False,False,False,False,False,False,False,False,,,,,,,
2026-07-11,00:00,40.7598704,-73.8622829,107 ST,11369,115,UNKNOWN,Street,0.5179763468903859,False,QUEENS,"(40.7598704, -73.8622829)",trafficstat,True,False,False,False,False,False,False,True,False,,,,,,,
2026-07-11,00:00,40.7716364,-73.8760984,GRAND CENTRAL PKWY,11369,115,UNKNOWN,Highway,1.775504363674278,False,QUEENS,"(40.7716364, -73.8760984)",trafficstat,True,False,False,False,False,False,False,True,False,,,,,,,
2026-07-10,00:00,40.7575342,-73.8665686,102 ST,11368,115,UNKNOWN,Street,0.24592432690584068,False,QUEENS,"(40.7575342, -73.8665686)",trafficstat,False,False,False,False,False,False,False,False,False,,,,,,,
2026-07-10,00:00,40.7621717,-73.8704002,99 ST,11369,115,OTHER,Street,0.11065693265502564,False,QUEENS,"(40.7621717, -73.8704002)",trafficstat,True,False,False,True,False,False,False,False,False,,,,,,,
2026-07-09,00:00,40.7579774,-73.8829625,85 ST,11370,115,UNKNOWN,Street,0.33474085665088077,False,QUEENS,"(40.7579774, -73.8829625)",trafficstat,True,False,False,True,False,False,False,False,False,,,,,,,
2026-07-09,00:00,40.7484389,-73.8967371,69 ST,11377,115,UNKNOWN,Street,0.27242635864379766,False,QUEENS,"(40.7484389, -73.8967371)",trafficstat,False,False,False,False,False,False,False,False,False,,,,,,,
2026-07-08,00:00,40.7562412,-73.8788616,89 ST,11372,115,UNKNOWN,Street,0.3726973448480127,False,QUEENS,"(40.7562412, -73.8788616)",trafficstat,True,False,False,False,False,False,False,False,True,,,,,,,
2026-07-08,00:00,40.7635142,-73.8782852,ASTORIA BLVD,11369,115,UNKNOWN,Street,18.889553072712943,False,QUEENS,"(40.7635142, -73.8782852)",trafficstat,True,False,False,False,False,False,False,False,True,,,,,,,
2026-07-08,00:00,40.7585494,-73.892527,75 ST,11370,115,UNKNOWN,Street,0.3355323556596122,False,QUEENS,"(40.7585494, -73.892527)",trafficstat,True,False,False,False,False,False,False,False,False,,,,,,,
2026-07-07,00:00,40.7650136,-73.8870908,82 ST,11370,115,UNKNOWN,Street,0.3633287311409022,False,QUEENS,"(40.7650136, -73.8870908)",trafficstat,False,False,False,False,False,False,False,False,False,,,,,,,
2026-07-07,00:00,40.769073,-73.8815545,GRAND CENTRAL PKWY,11369,115,OTHER,Highway,15.997199115117573,False,QUEENS,"(40.769073, -73.8815545)",trafficstat,False,False,False,False,False,False,False,False,False,,,,,,,
2026-07-07,00:00,40.7489073,-73.8934261,37 AVE,11372,115,UNKNOWN,Street,39.575602906034874,False,QUEENS,"(40.7489073, -73.8934261)",trafficstat,False,False,False,False,False,False,False,False,False,,,,,,,
2026-07-07,00:00,40.7551138,-73.8718866,96 ST,11368,115,UNKNOWN,Street,0.2270899866918731,False,QUEENS,"(40.7551138, -73.8718866)",trafficstat,True,False,False,False,False,False,False,False,False,,,,,,,
2026-07-07,00:00,40.7552811,-73.8803839,87 ST,11372,115,UNKNOWN,Street,53.76763491096215,False,QUEENS,"(40.7552811, -73.8803839)",trafficstat,False,False,False,False,False,False,False,False,False,,,,,,,
2026-07-06,00:00,40.7556908,-73.8975805,69 ST,11377,115,OTHER,Street,52.51443519909216,False,QUEENS,"(40.7556908, -73.8975805)",trafficstat,True,False,False,False,False,False,False,True,False,,,,,,,
2026-07-06,00:00,40.7536328,-73.8859659,81 ST,11372,115,UNKNOWN,Street,0.22526508560025765,False,QUEENS,"(40.7536328, -73.8859659)",trafficstat,False,False,False,False,False,False,False,False,False,,,,,,,
2026-07-06,00:00,40.7540243,-73.8822476,85 ST,11372,115,UNKNOWN,Street,0.38543711765011635,False,QUEENS,"(40.7540243, -73.8822476)",trafficstat,False,False,False,False,False,False,False,False,False,,,,,,,
2026-07-06,00:00,40.7718722,-73.8733469,GRAND CENTRAL PKWY,11369,115,UNKNOWN,Highway,0.9106536506031238,False,QUEENS,"(40.7718722, -73.8733469)",trafficstat,True,False,False,False,False,False,False,True,True,,,,,,,
2026-07-04,00:00,40.7663178,-73.8875399,GRAND CENTRAL PKWY,11370,115,UNKNOWN,Street,3.2034659064991327,False,QUEENS,"(40.7663178, -73.8875399)",trafficstat,False,False,False,False,False,False,False,False,False,,,,,,,
2026-06-22,00:00,40.7663178,-73.8875399,GRAND CENTRAL PKWY,11370,115,UNKNOWN,Street,3.2034659064991327,False,QUEENS,"(40.7663178, -73.8875399)",trafficstat,True,False,False,True,False,False,False,False,False,,,,,,,
2026-07-04,00:00,40.75203,-73.86908,98 ST,11368,115,OTHER,Street,1.4546645901466941,False,QUEENS,"(40.75203, -73.86908)",trafficstat,True,False,True,False,False,False,False,False,False,,,,,,,
2026-07-04,00:00,40.7532636,-73.8644477,103 ST,11368,115,UNKNOWN,Street,0.9724042332585803,False,QUEENS,"(40.7532636, -73.8644477)",trafficstat,False,False,False,False,False,False,False,False,False,,,,,,,
2026-07-04,00:00,40.748405,-73.8777937,ROOSEVELT AVE,11372,115,OTHER,Street,42.09987859068822,False,QUEENS,"(40.748405, -73.8777937)",trafficstat,True,False,True,False,False,False,False,False,False,,,,,,,
2026-07-04,00:00,40.7563549,-73.8769063,91 ST,11372,115,OTHER,Street,20.90819030753847,False,QUEENS,"(40.7563549, -73.8769063)",trafficstat,False,False,False,False,False,False,False,False,False,,,,,,,
2026-07-04,00:00,40.7546324,-73.8923367,NORTHERN BLVD,11372,115,UNKNOWN,Street,72.98006180838222,False,QUEENS,"(40.7546324, -73.8923367)",trafficstat,False,False,False,False,False,False,False,False,False,,,,,,,
2026-07-03,00:00,40.7619893,-73.8693284,100 ST,11369,115,OTHER,Street,0.3336946707927738,False,QUEENS,"(40.7619893, -73.8693284)",trafficstat,True,False,False,False,False,False,False,True,False,,,,,,,
2026-06-23,00:00,40.7619893,-73.8693284,100 ST,11369,115,UNKNOWN,Street,0.3336946707927738,False,QUEENS,"(40.7619893, -73.8693284)",trafficstat,True,False,False,False,False,False,False,False,False,,,,,,,
2026-07-03,00:00,40.7579792,-73.869774,99 ST,11369,115,UNKNOWN,Street,36.962415137633776,False,QUEENS,"(40.7579792, -73.869774)",trafficstat,False,False,False,False,False,False,False,False,False,,,,,,,
2026-07-02,00:00,40.7546818,-73.8547752,37 AVE,11368,115,OTHER,Street,3.014902351076516,False,QUEENS,"(40.7546818, -73.8547752)",trafficstat,True,False,True,False,False,False,False,False,False,,,,,,,
2026-07-02,00:00,40.74855,-73.89581,BROADWAY,11377,115,UNKNOWN,Bridge,8.17663590850564,False,QUEENS,"(40.74855, -73.89581)",trafficstat,True,False,False,False,False,False,False,True,False,,,,,,,
2026-07-01,00:00,40.7510944,-73.8681967,98 ST,11368,115,UNKNOWN,Street,81.80458101482715,False,QUEENS,"(40.7510944, -73.8681967)",trafficstat,False,False,False,False,False,False,False,False,False,,,,,,,
2026-06-30,00:00,40.7516891,-73.8856119,81 ST,11372,115,OTHER,Street,0.14639407130445398,False,QUEENS,"(40.7516891, -73.8856119)",trafficstat,False,False,False,False,False,False,False,False,False,,,,,,,
2026-06-30,00:00,40.7583535,-73.8944007,73 ST,11370,115,UNKNOWN,Street,0.31335144799312237,False,QUEENS,"(40.7583535, -73.8944007)",trafficstat,False,False,False,False,False,False,False,False,False,,,,,,,
2026-06-29,00:00,40.7609092,-73.8729367,96 ST,11369,115,UNKNOWN,Street,0.14673216515882784,False,QUEENS,"(40.7609092, -73.8729367)",trafficstat,True,False,False,False,False,False,False,False,False,,,,,,,
2026-06-29,00:00,40.7543616,-73.8669035,101 ST,11368,115,OTHER,Street,0.0025230999037609107,False,QUEENS,"(40.7543616, -73.8669035)",trafficstat,True,False,True,False,False,False,False,False,False,,,,,,,
2026-06-29,00:00,40.7523218,-73.8595843,108 ST,11368,115,UNKNOWN,Street,0.26606283631946676,False,QUEENS,"(40.7523218, -73.8595843)",trafficstat,True,False,False,False,False,False,False,True,False,,,,,,,
2026-06-29,00:00,40.7551314,-73.8632419,105 ST,11368,115,UNKNOWN,Street,0.06070852141688858,False,QUEENS,"(40.7551314, -73.8632419)",trafficstat,False,False,False,False,False,False,False,False,False,,,,,,,
2026-06-28,00:00,40.7521488,-73.8709912,JUNCTION BLVD,11368,115,UNKNOWN,Street,43.68163697954462,False,QUEENS,"(40.7521488, -73.8709912)",trafficstat,False,False,False,False,False,False,False,False,False,,,,,,,
2026-06-28,00:00,40.7626445,-73.8615732,DITMARS BLVD,11369,115,UNKNOWN,Street,1.0885433349445917,False,QUEENS,"(40.7626445, -73.8615732)",trafficstat,False,False,False,False,False,False,False,False,False,,,,,,,
2026-06-28,00:00,40.7605203,-73.8737785,95 ST,11369,115,UNKNOWN,Street,0.008803894239207827,False,QUEENS,"(40.7605203, -73.8737785)",trafficstat,True,False,False,False,False,False,False,False,True,,,,,,,
2026-06-28,00:00,40.763445,-73.8830107,86 ST,11369,115,UNKNOWN,Street,0.048081074762450306,False,QUEENS,"(40.763445, -73.8830107)",trafficstat,False,False,False,False,False,False,False,False,False,,,,,,,
2026-06-28,00:00,40.7560483,-73.8807208,87 ST,11372,115,UNKNOWN,Street,0.5194621647414244,False,QUEENS,"(40.7560483, -73.8807208)",trafficstat,False,False,False,False,False,False,False,False,False,,,,,,,
2026-06-28,00:00,40.7684303,-73.8733917,97 ST,11369,115,UNKNOWN,Street,0.02481437402951148,False,QUEENS,"(40.7684303, -73.8733917)",trafficstat,False,False,False,False,False,False,False,False,False,,,,,,,
2026-06-27,00:00,40.7523546,-73.8694007,98 ST,11368,115,UNKNOWN,Street,45.670071521612655,False,QUEENS,"(40.7523546, -73.8694007)",trafficstat,False,False,False,False,False,False,False,False,False,,,,,,,
2026-06-27,00:00,40.7525655,-73.88214,85 ST,11372,115,UNKNOWN,Street,43.48963799704929,False,QUEENS,"(40.7525655, -73.88214)",trafficstat,False,False,False,False,False,False,False,False,False,,,,,,,
2026-06-27,00:00,40.7568499,-73.8731105,NORTHERN BLVD,11372,115,UNKNOWN,Street,3.3838255771726344,False,QUEENS,"(40.7568499, -73.8731105)",trafficstat,False,False,False,False,False,False,False,False,False,,,,,,,
2026-06-27,00:00,40.7576292,-73.8656733,103 ST,11368,115,UNKNOWN,Street,0.21178659839812003,False,QUEENS,"(40.7576292, -73.8656733)",trafficstat,True,False,False,False,False,False,False,True,False,,,,,,,
2026-06-27,00:00,40.7576838,-73.8857533,82 ST,11370,115,UNKNOWN,Street,0.020104682110422274,False,QUEENS,"(40.7576838, -73.8857533)",trafficstat,False,False,False,False,False,False,False,False,False,,,,,,,
2026-06-27,00:00,40.7494646,-73.8665559,99 ST,11368,115,OTHER,Street,0.6523339883667286,False,QUEENS,"(40.7494646, -73.8665559)",trafficstat,True,False,False,True,False,False,False,False,False,,,,,,,
2026-06-26,00:00,40.7508373,-73.8725265,ELMHURST AVE,11372,115,UNKNOWN,Street,41.46810303170046,False,QUEENS,"(40.7508373, -73.8725265)",trafficstat,False,False,False,False,False,False,False,False,False,,,,,,,
2026-06-26,00:00,40.7586947,-73.8734463,95 ST,11369,115,UNKNOWN,Street,0.2740877714343207,False,QUEENS,"(40.7586947, -73.8734463)",trafficstat,True,False,False,True,False,False,False,False,False,,,,,,,
2026-06-26,00:00,40.7617035,-73.8817467,87 ST,11369,115,UNKNOWN,Street,0.12522312013688333,False,QUEENS,"(40.7617035, -73.8817467)",trafficstat,True,False,False,False,False,False,True,False,False,,,,,,,
2026-06-26,00:00,40.7641518,-73.8737179,96 ST,11369,115,UNKNOWN,Street,53.16156582793221,False,QUEENS,"(40.7641518, -73.8737179)",trafficstat,False,False,False,False,False,False,False,False,False,,,,,,,
2026-06-25,00:00,40.7531128,-73.8599941,108 ST,11368,115,OTHER,Street,0.6493338020089552,False,QUEENS,"(40.7531128, -73.8599941)",trafficstat,False,False,False,False,False,False,False,False,False,,,,,,,
2026-06-25,00:00,40.7478292,-73.8820709,ROOSEVELT AVE,11372,115,UNKNOWN,Street,3.296170853390468,False,QUEENS,"(40.7478292, -73.8820709)",trafficstat,False,False,False,False,False,False,False,False,False,,,,,,,
2026-06-24,00:00,40.7555049,-73.86815,100 ST,11368,115,UNKNOWN,Street,0.09213334742429888,False,QUEENS,"(40.7555049, -73.86815)",trafficstat,True,False,False,False,False,False,False,False,False,,,,,,,
2026-06-24,00:00,40.7537722,-73.8727643,34 RD,11372,115,UNKNOWN,Street,32.76556385419213,False,QUEENS,"(40.7537722, -73.8727643)",trafficstat,False,False,False,False,False,False,False,False,False,,,,,,,
2026-06-24,00:00,40.7592321,-73.8860358,82 ST,11370,115,OTHER,Street,0.019500058255104178,False,QUEENS,"(40.7592321, -73.8860358)",trafficstat,True,False,False,True,False,False,False,False,False,,,,,,,
2026-06-23,00:00,40.7624074,-73.8616688,31 AVE,11369,115,UNKNOWN,Street,55.216284263432776,False,QUEENS,"(40.7624074, -73.8616688)",trafficstat,False,False,False,False,False,False,False,False,False,,,,,,,
2026-06-23,00:00,40.751063,-73.8722373,95 ST,11372,115,UNKNOWN,Street,0.4102405755756531,False,QUEENS,"(40.751063, -73.8722373)",trafficstat,True,False,False,False,False,False,False,False,False,,,,,,,
2026-06-22,00:00,40.7556135,-73.867132,101 ST,11368,115,UNKNOWN,Street,0.4748817746104315,False,QUEENS,"(40.7556135, -73.867132)",trafficstat,True,False,False,True,False,False,False,False,False,,,,,,,
2026-06-22,00:00,40.7553911,-73.8677732,34 AVE,11368,115,UNKNOWN,Street,43.780657969957446,False,QUEENS,"(40.7553911, -73.8677732)",trafficstat,False,False,False,False,False,False,False,False,False,,,,,,,
2026-06-22,00:00,40.750671,-73.8630959,103 ST,11368,115,OTHER,Street,0.44425916543943755,False,QUEENS,"(40.750671, -73.8630959)",trafficstat,True,False,True,False,False,False,False,False,False,,,,,,,
2026-06-21,00:00,40.7560994,-73.8625036,106 ST,11368,115,UNKNOWN,Street,0.4351238227819009,False,QUEENS,"(40.7560994, -73.8625036)",trafficstat,True,False,False,False,False,False,False,True,False,,,,,,,
2026-06-21,00:00,40.7557547,-73.8835079,84 ST,11372,115,UNKNOWN,Street,0.35972973979901274,False,QUEENS,"(40.7557547, -73.8835079)",trafficstat,False,False,False,False,False,False,False,False,False,,,,,,,
2026-06-21,00:00,40.7576938,-73.8646191,104 ST,11368,115,UNKNOWN,Street,0.0671668081657305,False,QUEENS,"(40.7576938, -73.8646191)",trafficstat,False,False,False,False,False,False,False,False,False,,,,,,,
2026-06-20,00:00,40.755271,-73.8563501,112 ST,11368,115,UNKNOWN,Street,29.388703427563833,False,QUEENS,"(40.755271, -73.8563501)",trafficstat,False,False,False,False,False,False,False,False,False,,,,,,,
2026-06-20,00:00,40.7522602,-73.8966101,34 AVE,11377,115,UNKNOWN,Street,81.39318178182815,False,QUEENS,"(40.7522602, -73.8966101)",trafficstat,False,False,False,False,False,False,False,False,False,,,,,,,
2026-06-20,00:00,40.7470379,-73.8895718,76 ST,11373,115,UNKNOWN,Street,0.2896740574650672,False,QUEENS,"(40.7470379, -73.8895718)",trafficstat,True,False,False,False,False,False,True,False,False,,,,,,,
2026-06-20,00:00,40.760044,-73.89755,70 ST,11370,115,UNKNOWN,Street,0.7698760014695459,False,QUEENS,"(40.760044, -73.89755)",trafficstat,True,False,False,False,False,False,False,False,False,,,,,,,
2026-06-19,00:00,40.7492578,-73.8889762,77 ST,11372,115,UNKNOWN,Street,2.075787830679108,False,QUEENS,"(40.7492578, -73.8889762)",trafficstat,True,False,True,False,False,False,False,False,False,,,,,,,
2026-06-19,00:00,40.7561094,-73.8923106,75 ST,11370,115,UNKNOWN,Street,57.1088160986049,False,QUEENS,"(40.7561094, -73.8923106)",trafficstat,True,False,False,False,False,False,False,False,False,,,,,,,
2026-06-19,00:00,40.7589491,-73.86471,104 ST,11369,115,OTHER,Street,37.51613278859058,False,QUEENS,"(40.7589491, -73.86471)",trafficstat,False,False,False,False,False,False,False,False,False,,,,,,,
2026-06-18,00:00,40.7654427,-73.8626735,GRAND CENTRAL PKWY,11369,115,UNKNOWN,Highway,4.198345938578247,False,QUEENS,"(40.7654427, -73.8626735)",trafficstat,True,False,False,False,False,False,False,True,False,,,,,,,
2026-06-18,00:00,40.7517187,-73.8939735,ALLEY,,115,OTHER,Alley,18.703949974078746,False,QUEENS,"(40.7517187, -73.8939735)",trafficstat,False,False,False,False,False,False,False,False,False,,,,,,,
2026-06-18,00:00,40.7543463,-73.8920075,75 ST,11372,115,UNKNOWN,Street,61.456349246122485,False,QUEENS,"(40.7543463, -73.8920075)",trafficstat,True,False,False,True,False,False,False,False,False,,,,,,,
2026-06-17,00:00,40.7647527,-73.8617868,GRAND CENTRAL PKWY,11369,115,UNKNOWN,Highway,1.4015936932911999,False,QUEENS,"(40.7647527, -73.8617868)",trafficstat,True,False,False,False,False,True,False,False,False,,,,,,,
2026-06-16,00:00,40.7672019,-73.8878163,GRAND CENTRAL PKWY,11370,115,UNKNOWN,Street,3.1877444234757273,False,QUEENS,"(40.7672019, -73.8878163)",trafficstat,False,False,False,False,False,False,False,False,False,,,,,,,
2026-06-16,00:00,40.7542324,-73.8949855,ALLEY,11372,115,OTHER,Alley,67.73861308068743,False,QUEENS,"(40.7542324, -73.8949855)",trafficstat,True,False,False,False,False,False,False,True,True,,,,,,,
2026-06-16,00:00,40.750097,-73.8749027,92 ST,11372,115,UNKNOWN,Street,0.296448179650873,False,QUEENS,"(40.750097, -73.8749027)",trafficstat,False,False,False,False,False,False,False,False,False,,,,,,,
2026-06-16,00:00,40.7487709,-73.8936075,37 AVE,11372,115,UNKNOWN,Street,2.9422835299778534,False,QUEENS,"(40.7487709, -73.8936075)",trafficstat,True,False,True,False,False,False,False,False,False,,,,,,,
2026-06-16,00:00,40.7598193,-73.8804578,88 ST,11369,115,OTHER,Street,0.2662684831070382,False,QUEENS,"(40.7598193, -73.8804578)",trafficstat,True,False,False,True,False,False,False,True,False,,,,,,,
2026-06-15,00:00,40.7540831,-73.8598105,37 AVE,11368,115,UNKNOWN,Street,50.699868533671484,False,QUEENS,"(40.7540831, -73.8598105)",trafficstat,True,False,False,True,False,False,False,False,False,,,,,,,
2026-06-15,00:00,40.759662,-73.8592936,111 ST,11369,115,UNKNOWN,Street,21.030818395908867,False,QUEENS,"(40.759662, -73.8592936)",trafficstat,False,False,False,False,False,False,False,False,False,,,,,,,
2026-06-15,00:00,40.7525409,-73.8526034,114 ST,11368,115,OTHER,Street,0.6230124611441187,False,QUEENS,"(40.7525409, -73.8526034)",trafficstat,True,False,False,False,False,True,False,False,True,,,,,,,
2026-06-15,00:00,40.7564396,-73.8769987,91 ST,11372,115,UNKNOWN,Street,0.2521106889172874,False,QUEENS,"(40.7564396, -73.8769987)",trafficstat,True,False,False,False,False,True,False,False,False,,,,,,,
2026-06-15,00:00,40.7603416,-73.8788277,ALLEY,11369,115,UNKNOWN,Alley,17.867037168827107,False,QUEENS,"(40.7603416, -73.8788277)",trafficstat,False,False,False,False,False,False,False,False,False,,,,,,,
2026-06-14,00:00,40.757847,-73.899216,68 ST,11377,115,UNKNOWN,Street,1.1818617363648034,False,QUEENS,"(40.757847, -73.899216)",trafficstat,False,False,False,False,False,False,False,False,False,,,,,,,
2026-06-14,00:00,40.7548555,-73.861228,107 ST,11368,115,UNKNOWN,Street,40.179871801920285,False,QUEENS,"(40.7548555, -73.861228)",trafficstat,False,False,False,False,False,False,False,False,False,,,,,,,
2026-06-14,00:00,40.7629481,-73.8606643,GRAND CENTRAL PKWY,11369,115,UNKNOWN,Highway,0.569196774453663,False,QUEENS,"(40.7629481, -73.8606643)",trafficstat,True,False,False,False,False,False,False,True,False,,,,,,,
2026-06-13,00:00,40.7605342,-73.8928992,75 ST,11370,115,UNKNOWN,Street,0.1310714163685411,False,QUEENS,"(40.7605342, -73.8928992)",trafficstat,False,False,False,False,False,False,False,False,False,,,,,,,
2026-06-12,00:00,40.7635202,-73.86981,100 ST,11369,115,UNKNOWN,Street,55.31353527214986,False,QUEENS,"(40.7635202, -73.86981)",trafficstat,True,False,True,False,False,False,False,False,False,,,,,,,
2026-06-12,00:00,40.7569422,-73.8722188,96 ST,11368,115,OTHER,Street,0.18063181521163127,False,QUEENS,"(40.7569422, -73.8722188)",trafficstat,True,False,False,True,False,False,False,False,False,,,,,,,
2026-06-12,00:00,40.7548824,-73.8581054,110 ST,11368,115,OTHER,Street,40.18667567614592,False,QUEENS,"(40.7548824, -73.8581054)",trafficstat,False,False,False,False,False,False,False,False,False,,,,,,,
2026-06-12,00:00,40.7578768,-73.8838976,84 ST,11370,115,UNKNOWN,Street,0.38843311138273684,False,QUEENS,"(40.7578768, -73.8838976)",trafficstat,True,False,False,False,False,False,True,False,False,,,,,,,
2026-09-12,00:00,40.5894771,-73.7888138,BCH 59 ST,11692,100,OTHER,Street,46.97505915609338,False,QUEENS,"(40.5894771, -73.7888138)",trafficstat,False,False,False,False,False,False,False,False,False,,,,,,,
2026-09-10,00:00,40.5686416,-73.8821007,MARINE PY-GIL HODGES BR BIKE PATH,11234,100,UNKNOWN,Bridge,2.1556163264273005,False,QUEENS,"(40.5686416, -73.8821007)",trafficstat,True,False,False,False,False,False,False,True,False,,,,,,,
2026-09-09,00:00,40.5886182,-73.8170112,BCH CHANNEL DR,11693,100,UNKNOWN,Street,5.961910703749159,False,QUEENS,"(40.5886182, -73.8170112)",trafficstat,False,False,False,False,False,False,False,False,False,,,,,,,
2026-09-04,00:00,40.5886182,-73.8170112,BCH CHANNEL DR,11693,100,UNKNOWN,Street,5.961910703749159,False,QUEENS,"(40.5886182, -73.8170112)",trafficstat,True,False,False,False,False,False,False,True,True,,,,,,,
2026-07-04,00:00,40.5886182,-73.8170112,BCH CHANNEL DR,11693,100,UNKNOWN,Street,5.961910703749159,False,QUEENS,"(40.5886182, -73.8170112)",trafficstat,True,False,False,False,False,False,False,False,True,,,,,,,
2026-09-07,00:00,40.5800006,-73.8331153,BCH 112 ST,11694,100,UNKNOWN,Street,38.74451773767509,False,QUEENS,"(40.5800006, -73.8331153)",trafficstat,False,False,False,False,False,False,False,False,False,,,,,,,
2026-09-07,00:00,40.590786,-73.8066213,BCH 80 ST,11693,100,UNKNOWN,Street,0.22359449702574563,False,QUEENS,"(40.590786, -73.8066213)",trafficstat,True,False,False,False,False,False,False,True,False,,,,,,,
2026-09-07,00:00,40.5853755,-73.8096215,BCH 84 ST,11693,100,UNKNOWN,Street,0.20852423801658343,False,QUEENS,"(40.5853755, -73.8096215)",trafficstat,True,False,True,False,False,False,False,False,False,,,,,,,
2026-09-05,00:00,40.5841933,-73.8171657,BCH 96 ST,11693,100,OTHER,Street,45.669562551348236,False,QUEENS,"(40.5841933, -73.8171657)",trafficstat,False,False,False,False,False,False,False,False,False,,,,,,,
2026-09-05,00:00,40.5913701,-73.8015691,BCH 73 ST,11692,100,UNKNOWN,Street,37.68218843769386,False,QUEENS,"(40.5913701, -73.8015691)",trafficstat,False,False,False,False,False,False,False,False,False,,,,,,,
2026-09-05,00:00,40.5894641,-73.8087751,BCH CHANNEL DR,11693,100,OTHER,Street,172.8034246262037,False,QUEENS,"(40.5894641, -73.8087751)",trafficstat,False,False,False,False,False,False,False,False,False,,,,,,,
2026-09-04,00:00,40.567986,-73.8673432,ROCKAWAY BEACH BLVD,11694,100,UNKNOWN,Street,3.150324061053978,False,QUEENS,"(40.567986, -73.8673432)",trafficstat,True,False,False,False,False,True,False,False,False,,,,,,,
2026-09-03,00:00,40.5870365,-73.8125384,ROCKAWAY BEACH BLVD,11693,100,OTHER,Street,133.49434503146793,False,QUEENS,"(40.5870365, -73.8125384)",trafficstat,False,False,False,False,False,False,False,False,False,,,,,,,
2026-09-03,00:00,40.592257,-73.7991751,BCH 70 ST,11692,100,UNKNOWN,Street,38.1679805864499,False,QUEENS,"(40.592257, -73.7991751)",trafficstat,False,False,False,False,False,False,False,False,False,,,,,,,
2026-09-02,00:00,40.5838065,-73.8298817,BCH CHANNEL DR,11694,100,OTHER,Street,50.50344315050319,False,QUEENS,"(40.5838065, -73.8298817)",trafficstat,False,False,False,False,False,False,False,False,False,,,,,,,
2026-09-01,00:00,40.5792389,-73.8448284,BCH 124 ST,11694,100,OTHER,Street,0.869733484374072,False,QUEENS,"(40.5792389, -73.8448284)",trafficstat,True,False,False,False,False,False,False,True,True,,,,,,,
2026-08-30,00:00,40.5828527,-73.8352487,BCH CHANNEL DR,11694,100,UNKNOWN,Street,28.48314942956882,False,QUEENS,"(40.5828527, -73.8352487)",trafficstat,False,False,False,False,False,False,False,False,False,,,,,,,
2026-08-30,00:00,40.5963292,-73.7673918,ROCKAWAY BEACH BLVD,11691,100,OTHER,Street,2.1064130152704683,False,QUEENS,"(40.5963292, -73.7673918)",trafficstat,True,False,False,False,False,False,False,False,True,,,,,,,
2026-08-30,00:00,40.5988813,-73.8206849,E  20 RD,11693,100,UNKNOWN,Street,2.5490952227897354,False,QUEENS,"(40.5988813, -73.8206849)",trafficstat,True,False,False,False,False,False,False,True,False,,,,,,,
2026-08-06,00:00,40.5988813,-73.8206849,E  20 RD,11693,100,OTHER,Street,2.5490952227897354,False,QUEENS,"(40.5988813, -73.8206849)",trafficstat,True,False,False,False,False,False,True,False,False,,,,,,,
2026-08-29,00:00,40.581486,-73.8381703,NEWPORT AVE,11694,100,UNKNOWN,Street,2.2349324239254984,False,QUEENS,"(40.581486, -73.8381703)",trafficstat,True,False,False,False,False,False,False,True,False,,,,,,,
2026-08-29,00:00,40.5898805,-73.8100372,BCH 84 ST,11693,100,UNKNOWN,Street,0.07035069155664668,False,QUEENS,"(40.5898805, -73.8100372)",trafficstat,True,False,False,False,False,False,False,True,False,,,,,,,
2026-07-26,00:00,40.5898805,-73.8100372,BCH 84 ST,11693,100,UNKNOWN,Street,0.07035069155664668,False,QUEENS,"(40.5898805, -73.8100372)",trafficstat,True,False,False,False,False,False,False,True,False,,,,,,,