crash_date,crash_time,latitude,longitude,on_street_name,zip_code,precinct,collision_type,roadway_type,geocode_dist_feet,time_is_known,borough,location,source,injury,fatality,injured_pedestrian,injured_cyclist,injured_ebike_rider,injured_motorcyclist,injured_moped_rider,injured_car_occupant,injured_suv_occupant,number_of_persons_injured,number_of_persons_killed,contributing_factor_vehicle_1,collision_id,cross_street_name,off_street_name,vehicle_type_code1
2026-07-06,00:00,40.5898805,-73.8100372,BCH 84 ST,11693,100,UNKNOWN,Street,0.07035069155664668,False,QUEENS,"(40.5898805, -73.8100372)",trafficstat,True,False,False,True,False,False,False,False,False,,,,,,,
2026-08-28,00:00,40.5861914,-73.8210691,BCH CHANNEL DR,11694,100,OTHER,Street,112.87468446783713,False,QUEENS,"(40.5861914, -73.8210691)",trafficstat,True,False,False,False,False,False,False,False,True,,,,,,,
2026-08-28,00:00,40.579813,-73.8371988,ROCKAWAY BEACH BLVD,11694,100,OTHER,Street,2.845717540502905,False,QUEENS,"(40.579813, -73.8371988)",trafficstat,True,False,True,False,False,False,False,False,False,,,,,,,
2026-08-08,00:00,40.579813,-73.8371988,ROCKAWAY BEACH BLVD,11694,100,UNKNOWN,Street,2.845717540502905,False,QUEENS,"(40.579813, -73.8371988)",trafficstat,False,False,False,False,False,False,False,False,False,,,,,,,
2026-08-26,00:00,40.5783942,-73.8473467,BCH 127 ST,11694,100,UNKNOWN,Street,1.1043999967337237,False,QUEENS,"(40.5783942, -73.8473467)",trafficstat,True,False,False,False,False,False,False,True,False,,,,,,,
2026-08-26,00:00,40.5931256,-73.79147,BCH 62 ST,11692,100,OTHER,Street,0.17043761017226594,False,QUEENS,"(40.5931256, -73.79147)",trafficstat,True,False,False,True,False,False,False,False,False,,,,,,,
2026-07-24,00:00,40.5931256,-73.79147,BCH 62 ST,11692,100,UNKNOWN,Street,0.17043761017226594,False,QUEENS,"(40.5931256, -73.79147)",trafficstat,False,False,False,False,False,False,False,False,False,,,,,,,
2026-08-25,00:00,40.5949501,-73.7927088,BCH 63 ST,11692,100,UNKNOWN,Street,56.102379977121984,False,QUEENS,"(40.5949501, -73.7927088)",trafficstat,False,False,False,False,False,False,False,False,False,,,,,,,
2026-08-25,00:00,40.5882144,-73.8051453,ROCKAWAY BEACH BLVD,11693,100,OTHER,Street,3.0355554284021946,False,QUEENS,"(40.5882144, -73.8051453)",trafficstat,True,False,False,True,False,False,False,False,False,,,,,,,
2026-08-24,00:00,40.5856291,-73.8240436,BCH CHANNEL DR,11694,100,UNKNOWN,Street,17.947012504141235,False,QUEENS,"(40.5856291, -73.8240436)",trafficstat,True,False,False,False,False,False,False,True,False,,,,,,,
2026-08-23,00:00,40.5801687,-73.8288675,SHORE FRONT PKWY,11694,100,UNKNOWN,Street,2.7120797436522865,False,QUEENS,"(40.5801687, -73.8288675)",trafficstat,True,False,False,False,False,False,False,False,True,,,,,,,
2026-08-23,00:00,40.5723677,-73.8567554,BCH 140 ST,11694,100,UNKNOWN,Street,1.2054660279149143,False,QUEENS,"(40.5723677, -73.8567554)",trafficstat,True,False,False,True,False,False,False,False,False,,,,,,,
2026-08-20,00:00,40.5927285,-73.7981217,BCH CHANNEL DR,11692,100,UNKNOWN,Street,3.4232602921368076,False,QUEENS,"(40.5927285, -73.7981217)",trafficstat,False,False,False,False,False,False,False,False,False,,,,,,,
2026-08-20,00:00,40.5926618,-73.7969246,BCH 68 ST,11692,100,UNKNOWN,Street,49.13903725423074,False,QUEENS,"(40.5926618, -73.7969246)",trafficstat,True,False,True,False,False,False,False,False,False,,,,,,,
2026-08-19,00:00,40.587742,-73.8098668,BCH 84 ST,11693,100,UNKNOWN,Street,0.27552466701183553,False,QUEENS,"(40.587742, -73.8098668)",trafficstat,False,False,False,False,False,False,False,False,False,,,,,,,
2026-08-19,00:00,40.5838819,-73.8230437,BCH 102 ST,11694,100,OTHER,Street,16.65694988002399,False,QUEENS,"(40.5838819, -73.8230437)",trafficstat,False,False,False,False,False,False,False,False,False,,,,,,,
2026-08-17,00:00,40.6077998,-73.8193104,NOEL RD,11693,100,UNKNOWN,Street,2.87533808023039,False,QUEENS,"(40.6077998, -73.8193104)",trafficstat,True,False,False,True,False,False,False,False,False,,,,,,,
2026-08-15,00:00,40.595856,-73.792595,BCH 63 ST,11692,100,UNKNOWN,Street,0.29125136828840814,False,QUEENS,"(40.595856, -73.792595)",trafficstat,False,False,False,False,False,False,False,False,False,,,,,,,
2026-08-15,00:00,40.571347,-73.8592412,BCH 143 ST,11694,100,UNKNOWN,Street,0.3729924391862027,False,QUEENS,"(40.571347, -73.8592412)",trafficstat,True,False,False,False,False,False,False,False,True,,,,,,,
2026-08-15,00:00,40.582466,-73.82022,SHORE FRONT PKWY,11694,100,UNKNOWN,Street,13.98821946870708,False,QUEENS,"(40.582466, -73.82022)",trafficstat,True,False,True,False,False,False,False,False,False,,,,,,,
2026-08-14,00:00,40.5897404,-73.8043853,BCH 77 ST,11692,100,UNKNOWN,Street,48.926320225811956,False,QUEENS,"(40.5897404, -73.8043853)",trafficstat,False,False,False,False,False,False,False,False,False,,,,,,,
2026-08-14,00:00,40.6148713,-73.8216397,CROSS BAY BLVD,11693,100,UNKNOWN,Street,22.521808824881713,False,QUEENS,"(40.6148713, -73.8216397)",trafficstat,True,False,False,True,False,False,False,False,False,,,,,,,
2026-08-11,00:00,40.5905231,-73.805333,BCH 79 ST,11693,100,UNKNOWN,Street,0.09867005190365075,False,QUEENS,"(40.5905231, -73.805333)",trafficstat,True,False,False,False,False,False,False,False,True,,,,,,,
2026-08-10,00:00,40.5839322,-73.830928,BCH 108 ST,11694,100,OTHER,Street,2.03447625856677,False,QUEENS,"(40.5839322, -73.830928)",trafficstat,True,False,False,False,False,False,False,True,False,,,,,,,
2026-08-09,00:00,40.58046,-73.8373162,BCH 116 ST,11694,100,OTHER,Street,44.12637589798317,False,QUEENS,"(40.58046, -73.8373162)",trafficstat,False,False,False,False,False,False,False,False,False,,,,,,,
2026-08-09,00:00,40.5927872,-73.7971601,BCH CHANNEL DR,11692,100,UNKNOWN,Street,3.4095474259419043,False,QUEENS,"(40.5927872, -73.7971601)",trafficstat,True,False,False,False,False,False,False,False,True,,,,,,,
2026-08-08,00:00,40.5752779,-73.8561543,NEWPORT AVE,11694,100,OTHER,Street,56.81962569791407,False,QUEENS,"(40.5752779, -73.8561543)",trafficstat,False,False,False,False,False,False,False,False,False,,,,,,,
2026-08-08,00:00,40.583378,-73.8224151,ROCKAWAY BEACH BLVD,11694,100,UNKNOWN,Street,42.75391937259609,False,QUEENS,"(40.583378, -73.8224151)",trafficstat,False,False,False,False,False,False,False,False,False,,,,,,,
2026-08-07,00:00,40.6064442,-73.819523,CROSS BAY BLVD,11693,100,UNKNOWN,Street,22.671539394883208,False,QUEENS,"(40.6064442, -73.819523)",trafficstat,False,False,False,False,False,False,False,False,False,,,,,,,
2026-08-04,00:00,40.6125139,-73.8193324,CROSS BAY BLVD,11693,100,UNKNOWN,Street,51.3783876145718,False,QUEENS,"(40.6125139, -73.8193324)",trafficstat,False,False,False,False,False,False,False,False,False,,,,,,,
2026-08-02,00:00,40.5819173,-73.8247386,BCH 102 LN,11694,100,UNKNOWN,Street,87.83768993133387,False,QUEENS,"(40.5819173, -73.8247386)",trafficstat,False,False,False,False,False,False,False,False,False,,,,,,,
2026-08-01,00:00,40.5827439,-73.8355875,BCH CHANNEL DR,11694,100,UNKNOWN,Street,28.68424453885413,False,QUEENS,"(40.5827439, -73.8355875)",trafficstat,False,False,False,False,False,False,False,False,False,,,,,,,
2026-07-30,00:00,40.5902648,-73.8123117,BCH 87 ST,11693,100,UNKNOWN,Street,33.594079366565786,False,QUEENS,"(40.5902648, -73.8123117)",trafficstat,False,False,False,False,False,False,False,False,False,,,,,,,
2026-07-27,00:00,40.582965,-73.8267996,ROCKAWAY BEACH BLVD,11694,100,UNKNOWN,Street,34.33709241702849,False,QUEENS,"(40.582965, -73.8267996)",trafficstat,False,False,False,False,False,False,False,False,False,,,,,,,
2026-07-27,00:00,40.5799931,-73.8370875,BCH 116 ST,11694,100,OTHER,Street,34.70578132453978,False,QUEENS,"(40.5799931, -73.8370875)",trafficstat,True,False,False,False,False,False,False,False,True,,,,,,,
2026-07-26,00:00,40.5865373,-73.8073311,SHORE FRONT PKWY,11693,100,UNKNOWN,Street,93.97596716047767,False,QUEENS,"(40.5865373, -73.8073311)",trafficstat,False,False,False,False,False,False,False,False,False,,,,,,,
2026-07-25,00:00,40.6147994,-73.8212532,CROSS BAY BLVD,11693,100,UNKNOWN,Street,48.73553128629477,False,QUEENS,"(40.6147994, -73.8212532)",trafficstat,False,False,False,False,False,False,False,False,False,,,,,,,
2026-07-25,00:00,40.5898899,-73.8074664,BCH 81 ST,11693,100,UNKNOWN,Street,0.16673581219322853,False,QUEENS,"(40.5898899, -73.8074664)",trafficstat,False,False,False,False,False,False,False,False,False,,,,,,,
2026-06-14,00:00,40.5898899,-73.8074664,BCH 81 ST,11693,100,UNKNOWN,Street,0.16673581219322853,False,QUEENS,"(40.5898899, -73.8074664)",trafficstat,True,False,False,False,False,False,False,True,False,,,,,,,
2026-07-24,00:00,40.5850456,-73.8159877,BCH 94 ST,11693,100,UNKNOWN,Street,0.669631213552617,False,QUEENS,"(40.5850456, -73.8159877)",trafficstat,True,False,False,False,True,False,False,False,False,,,,,,,
2026-07-23,00:00,40.5789602,-73.8397532,BCH 119 ST,11694,100,UNKNOWN,Street,0.6684956131667144,False,QUEENS,"(40.5789602, -73.8397532)",trafficstat,True,False,False,True,False,False,False,False,False,,,,,,,
2026-07-23,00:00,40.5926565,-73.7993497,BCH CHANNEL DR,11692,100,UNKNOWN,Street,2.982252148404188,False,QUEENS,"(40.5926565, -73.7993497)",trafficstat,False,False,False,False,False,False,False,False,False,,,,,,,
2026-07-23,00:00,40.5967953,-73.8207301,CROSS BAY BLVD,11693,100,OTHER,Street,44.6809476233823,False,QUEENS,"(40.5967953, -73.8207301)",trafficstat,True,False,False,False,False,False,True,False,False,,,,,,,
2026-07-20,00:00,40.5677734,-73.8812694,MARINE PARKWAY BR EXIT,11694,100,UNKNOWN,Ramp,1.8543575102114616,False,QUEENS,"(40.5677734, -73.8812694)",trafficstat,True,False,False,True,False,False,False,False,False,,,,,,,
2026-07-20,00:00,40.5856597,-73.8172821,BCH 95 ST,11693,100,OTHER,Street,1.1662078862712901,False,QUEENS,"(40.5856597, -73.8172821)",trafficstat,False,False,False,False,False,False,False,False,False,,,,,,,
2026-06-15,00:00,40.5856597,-73.8172821,BCH 95 ST,11693,100,OTHER,Street,1.1662078862712901,False,QUEENS,"(40.5856597, -73.8172821)",trafficstat,False,False,False,False,False,False,False,False,False,,,,,,,
2026-07-19,00:00,40.5888786,-73.8168962,BCH CHANNEL DR,11693,100,OTHER,Street,57.99107719887826,False,QUEENS,"(40.5888786, -73.8168962)",trafficstat,False,False,False,False,False,False,False,False,False,,,,,,,
2026-07-17,00:00,40.5921301,-73.7889454,BCH 59 ST,11692,100,UNKNOWN,Street,0.261879217924173,False,QUEENS,"(40.5921301, -73.7889454)",trafficstat,False,False,False,False,False,False,False,False,False,,,,,,,
2026-07-06,00:00,40.5921301,-73.7889454,BCH 59 ST,11692,100,UNKNOWN,Street,0.261879217924173,False,QUEENS,"(40.5921301, -73.7889454)",trafficstat,True,False,False,False,False,False,False,True,False,,,,,,,
2026-07-17,00:00,40.5660353,-73.8889612,CENTER ST,11697,100,UNKNOWN,Street,32.453582831752875,False,QUEENS,"(40.5660353, -73.8889612)",trafficstat,True,False,False,False,False,True,False,False,False,,,,,,,
2026-07-16,00:00,40.5806499,-73.8378894,BCH 116 ST,11694,100,UNKNOWN,Street,28.719143577872465,False,QUEENS,"(40.5806499, -73.8378894)",trafficstat,False,False,False,False,False,False,False,False,False,,,,,,,
2026-07-16,00:00,40.5880012,-73.8072846,BCH 81 ST,11693,100,UNKNOWN,Street,0.25605570749052725,False,QUEENS,"(40.5880012, -73.8072846)",trafficstat,False,False,False,False,False,False,False,False,False,,,,,,,
2026-07-15,00:00,40.5896164,-73.8077943,BCH 81 ST,11693,100,UNKNOWN,Street,98.0146121558827,False,QUEENS,"(40.5896164, -73.8077943)",trafficstat,False,False,False,False,False,False,False,False,False,,,,,,,
2026-07-15,00:00,40.6028839,-73.8199962,CROSS BAY BLVD,11693,100,UNKNOWN,Street,0.6514347011457116,False,QUEENS,"(40.6028839, -73.8199962)",trafficstat,False,False,False,False,False,False,False,False,False,,,,,,,
2026-07-14,00:00,40.583706,-73.81595,BCH 95 ST,11693,100,OTHER,Street,1.7543760467494856,False,QUEENS,"(40.583706, -73.81595)",trafficstat,True,False,False,True,False,False,False,False,False,,,,,,,
2026-07-12,00:00,40.58388,-73.823044,BCH 102 ST,11694,100,OTHER,Street,16.856205459927896,False,QUEENS,"(40.58388, -73.823044)",trafficstat,True,False,False,False,True,False,False,False,False,,,,,,,
2026-07-10,00:00,40.5858713,-73.821956,BCH 100 ST,11694,100,UNKNOWN,Street,105.37357400988708,False,QUEENS,"(40.5858713, -73.821956)",trafficstat,False,False,False,False,False,False,False,False,False,,,,,,,
2026-07-09,00:00,40.5767862,-73.8608791,BCH CHANNEL DR,11694,100,UNKNOWN,Street,66.9044238478133,False,QUEENS,"(40.5767862, -73.8608791)",trafficstat,False,False,False,False,False,False,False,False,False,,,,,,,
2026-07-09,00:00,40.5802596,-73.8373772,BCH 116 ST,11694,100,UNKNOWN,Street,0.5484118313636208,False,QUEENS,"(40.5802596, -73.8373772)",trafficstat,False,False,False,False,False,False,False,False,False,,,,,,,
2026-07-07,00:00,40.5817634,-73.8382956,BCH 116 ST,11694,100,UNKNOWN,Street,0.6745662181806308,False,QUEENS,"(40.5817634, -73.8382956)",trafficstat,True,False,False,False,False,False,False,True,False,,,,,,,
2026-07-01,00:00,40.5817634,-73.8382956,BCH 116 ST,11694,100,OTHER,Street,0.6745662181806308,False,QUEENS,"(40.5817634, -73.8382956)",trafficstat,True,False,False,False,False,False,False,True,False,,,,,,,
2026-07-07,00:00,40.5911225,-73.8001664,BCH CHANNEL DR,11692,100,UNKNOWN,Street,139.54215944367124,False,QUEENS,"(40.5911225, -73.8001664)",trafficstat,False,False,False,False,False,False,False,False,False,,,,,,,
2026-07-05,00:00,40.588966,-73.81144,BCH 86 ST,11693,100,UNKNOWN,Street,0.45152635947738823,False,QUEENS,"(40.588966, -73.81144)",trafficstat,True,False,True,False,False,False,False,False,False,,,,,,,
2026-07-05,00:00,40.586494,-73.804016,SHORE FRONT PKWY,11693,100,UNKNOWN,Street,19.855492097412203,False,QUEENS,"(40.586494, -73.804016)",trafficstat,True,False,False,False,False,False,False,True,False,,,,,,,
2026-07-04,00:00,40.5882277,-73.8131382,BCH 88 ST,11693,100,UNKNOWN,Street,0.3342671092589404,False,QUEENS,"(40.5882277, -73.8131382)",trafficstat,True,False,False,False,False,False,False,True,False,,,,,,,
2026-07-03,00:00,40.569538,-73.8634975,ROCKAWAY BEACH BLVD,11694,100,UNKNOWN,Street,1.1304324741420053,False,QUEENS,"(40.569538, -73.8634975)",trafficstat,True,False,True,False,False,False,False,False,False,,,,,,,
2026-07-02,00:00,40.578132,-73.8422247,BCH 122 ST,11694,100,OTHER,Street,1.0153293601278501,False,QUEENS,"(40.578132, -73.8422247)",trafficstat,True,False,True,False,False,False,False,False,False,,,,,,,
2026-07-02,00:00,40.5808955,-73.8398853,BCH 118 ST,11694,100,UNKNOWN,Street,0.761173501807539,False,QUEENS,"(40.5808955, -73.8398853)",trafficstat,True,False,False,False,False,False,False,False,True,,,,,,,
2026-07-02,00:00,40.6137763,-73.8210277,CROSS BAY BLVD,11693,100,UNKNOWN,Street,53.62073666103315,False,QUEENS,"(40.6137763, -73.8210277)",trafficstat,False,False,False,False,False,False,False,False,False,,,,,,,
2026-07-01,00:00,40.5921071,-73.7913651,BCH 62 ST,11692,100,UNKNOWN,Street,0.25941693990408143,False,QUEENS,"(40.5921071, -73.7913651)",trafficstat,False,False,False,False,False,False,False,False,False,,,,,,,
2026-07-01,00:00,40.5775798,-73.8438747,BCH 124 ST,11694,100,UNKNOWN,Street,1.3716267327457967,False,QUEENS,"(40.5775798, -73.8438747)",trafficstat,False,False,False,False,False,False,False,False,False,,,,,,,
2026-07-01,00:00,40.5869458,-73.8024001,SHORE FRONT PKWY,11692,100,UNKNOWN,Street,90.03000138451567,False,QUEENS,"(40.5869458, -73.8024001)",trafficstat,False,False,False,False,False,False,False,False,False,,,,,,,
2026-06-29,00:00,40.5898718,-73.8065087,BCH 80 ST,11693,100,UNKNOWN,Street,0.5807888449978945,False,QUEENS,"(40.5898718, -73.8065087)",trafficstat,False,False,False,False,False,False,False,False,False,,,,,,,
2026-06-27,00:00,40.5854516,-73.8246561,SEASIDE AVE,11694,100,UNKNOWN,Street,0.4740139523602187,False,QUEENS,"(40.5854516, -73.8246561)",trafficstat,True,False,False,False,False,False,False,True,False,,,,,,,
2026-06-27,00:00,40.5753065,-73.8496,BCH 131 ST,11694,100,OTHER,Street,1.0339802643816713,False,QUEENS,"(40.5753065, -73.8496)",trafficstat,True,False,False,False,False,False,False,False,True,,,,,,,
2026-06-27,00:00,40.5874735,-73.8131825,BCH 88 ST,11693,100,UNKNOWN,Street,33.33432234366083,False,QUEENS,"(40.5874735, -73.8131825)",trafficstat,False,False,False,False,False,False,False,False,False,,,,,,,
2026-06-26,00:00,40.58632,-73.806526,SHORE FRONT PKWY,11693,100,UNKNOWN,Street,25.500942516318077,False,QUEENS,"(40.58632, -73.806526)",trafficstat,False,False,False,False,False,False,False,False,False,,,,,,,
2026-06-25,00:00,40.5805849,-73.8281173,SHORE FRONT PKWY,11694,100,OTHER,Street,67.83506919027721,False,QUEENS,"(40.5805849, -73.8281173)",trafficstat,True,False,True,False,False,False,False,False,False,,,,,,,
2026-06-24,00:00,40.5969326,-73.7975832,BCH 68 ST,11692,100,OTHER,Street,1.4071129207694189,False,QUEENS,"(40.5969326, -73.7975832)",trafficstat,True,False,False,False,False,False,False,True,False,,,,,,,
2026-06-23,00:00,40.5806012,-73.8378619,BCH 116 ST,11694,100,UNKNOWN,Street,28.857308959469457,False,QUEENS,"(40.5806012, -73.8378619)",trafficstat,True,False,False,False,True,False,False,False,False,,,,,,,
2026-06-21,00:00,40.5867781,-73.8146436,BCH 91 ST,11693,100,UNKNOWN,Street,1.0851369790096057,False,QUEENS,"(40.5867781, -73.8146436)",trafficstat,False,False,False,False,False,False,False,False,False,,,,,,,
2026-06-20,00:00,40.5889958,-73.8162865,BCH 91 ST,11693,100,UNKNOWN,Street,1.3607930570454088,False,QUEENS,"(40.5889958, -73.8162865)",trafficstat,False,False,False,False,False,False,False,False,False,,,,,,,
2026-06-20,00:00,40.5862594,-73.8162093,ROCKAWAY BEACH BLVD,11693,100,UNKNOWN,Street,35.36585437143965,False,QUEENS,"(40.5862594, -73.8162093)",trafficstat,False,False,False,False,False,False,False,False,False,,,,,,,
2026-06-19,00:00,40.5918765,-73.7913515,BCH 62 ST,11692,100,UNKNOWN,Street,0.509777502501701,False,QUEENS,"(40.5918765, -73.7913515)",trafficstat,True,False,False,False,False,False,False,False,False,,,,,,,
2026-06-18,00:00,40.5872398,-73.8110447,ROCKAWAY BEACH BLVD,11693,100,OTHER,Street,129.96991632766162,False,QUEENS,"(40.5872398, -73.8110447)",trafficstat,True,False,False,False,False,False,False,True,False,,,,,,,
2026-06-17,00:00,40.5976908,-73.7978845,BCH 68 ST,11692,100,OTHER,Street,62.2302427377045,False,QUEENS,"(40.5976908, -73.7978845)",trafficstat,False,False,False,False,False,False,False,False,False,,,,,,,
2026-06-15,00:00,40.5908567,-73.8013786,BCH 73 ST,11692,100,UNKNOWN,Street,0.3191695020979231,False,QUEENS,"(40.5908567, -73.8013786)",trafficstat,False,False,False,False,False,False,False,False,False,,,,,,,
2026-06-13,00:00,40.5837111,-73.8171934,BCH 96 ST,11693,100,UNKNOWN,Street,34.43316167482857,False,QUEENS,"(40.5837111, -73.8171934)",trafficstat,False,False,False,False,False,False,False,False,False,,,,,,,
2026-06-13,00:00,40.5834303,-73.816903,SHORE FRONT PKWY,11693,100,UNKNOWN,Street,21.776575560571004,False,QUEENS,"(40.5834303, -73.816903)",trafficstat,False,False,False,False,False,False,False,False,False,,,,,,,
2026-06-12,00:00,40.6167302,-73.8248468,JAMAICA BAY WILDLIFE TRL,11693,100,UNKNOWN,Driveway,192.5220664133793,False,QUEENS,"(40.6167302, -73.8248468)",trafficstat,True,False,False,False,False,False,False,True,False,,,,,,,
2026-09-12,00:00,40.5941913,-73.770269,BCH 38 ST,11691,101,OTHER,Street,0.3854207060113767,False,QUEENS,"(40.5941913, -73.770269)",trafficstat,False,False,False,False,False,False,False,False,False,,,,,,,
2026-07-18,00:00,40.5941913,-73.770269,BCH 38 ST,11691,101,UNKNOWN,Street,0.3854207060113767,False,QUEENS,"(40.5941913, -73.770269)",trafficstat,True,False,False,False,False,False,False,True,False,,,,,,,
2026-09-11,00:00,40.5927208,-73.7833733,ROCKAWAY BEACH BLVD,11691,101,UNKNOWN,Street,3.3846165639236414,False,QUEENS,"(40.5927208, -73.7833733)",trafficstat,False,False,False,False,False,False,False,False,False,,,,,,,
2026-09-10,00:00,40.604958,-73.76221,BAY 24 ST,11691,101,OTHER,Street,2.427935800458089,False,QUEENS,"(40.604958, -73.76221)",trafficstat,True,False,False,False,False,False,False,True,False,,,,,,,
2026-09-09,00:00,40.6028289,-73.75806,BCH CHANNEL DR,11691,101,UNKNOWN,Street,2.2908304695620196,False,QUEENS,"(40.6028289, -73.75806)",trafficstat,False,False,False,False,False,False,False,False,False,,,,,,,
2026-09-08,00:00,40.6050517,-73.7547918,MOTT AVE,11691,101,OTHER,Street,28.550146602379122,False,QUEENS,"(40.6050517, -73.7547918)",trafficstat,False,False,False,False,False,False,False,False,False,,,,,,,
2026-08-15,00:00,40.6050517,-73.7547918,MOTT AVE,11691,101,UNKNOWN,Street,28.550146602379122,False,QUEENS,"(40.6050517, -73.7547918)",trafficstat,True,False,True,False,False,False,False,False,False,,,,,,,
2026-09-07,00:00,40.6064581,-73.7609712,DICKENS ST,11691,101,UNKNOWN,Street,0.3360776072233858,False,QUEENS,"(40.6064581, -73.7609712)",trafficstat,False,False,False,False,False,False,False,False,False,,,,,,,
2026-08-21,00:00,40.6064581,-73.7609712,DICKENS ST,11691,101,UNKNOWN,Street,0.3360776072233858,False,QUEENS,"(40.6064581, -73.7609712)",trafficstat,True,False,False,True,False,False,False,False,False,,,,,,,
2026-09-07,00:00,40.5987867,-73.7749846,BCH 43 ST,11691,101,UNKNOWN,Street,38.32717242580933,False,QUEENS,"(40.5987867, -73.7749846)",trafficstat,False,False,False,False,False,False,False,False,False,,,,,,,
2026-09-06,00:00,40.59332,-73.77271,BCH 41 ST,11691,101,OTHER,Street,1.1167383936623732,False,QUEENS,"(40.59332, -73.77271)",trafficstat,False,False,False,False,False,False,False,False,False,,,,,,,
2026-09-05,00:00,40.6057441,-73.7547434,BCH CHANNEL DR,11691,101,UNKNOWN,Street,50.91149067335432,False,QUEENS,"(40.6057441, -73.7547434)",trafficstat,True,False,False,True,False,False,False,False,False,,,,,,,
2026-09-05,00:00,40.6061944,-73.7590373,MOTT AVE,11691,101,UNKNOWN,Street,38.56071475661761,False,QUEENS,"(40.6061944, -73.7590373)",trafficstat,False,False,False,False,False,False,False,False,False,,,,,,,
2026-09-03,00:00,40.6083096,-73.7551661,PINSON ST,11691,101,UNKNOWN,Street,0.6401681960919191,False,QUEENS,"(40.6083096, -73.7551661)",trafficstat,False,False,False,False,False,False,False,False,False,,,,,,,
2026-09-02,00:00,40.6063661,-73.7522633,VILLAGE LN,11691,101,UNKNOWN,Street,35.10881143346676,False,QUEENS,"(40.6063661, -73.7522633)",trafficstat,False,False,False,False,False,False,False,False,False,,,,,,,
2026-09-02,00:00,40.6073618,-73.757767,JAYDEE CT,11691,101,OTHER,Street,31.455272443543734,False,QUEENS,"(40.6073618, -73.757767)",trafficstat,False,False,False,False,False,False,False,False,False,,,,,,,
2026-09-01,00:00,40.6034873,-73.7685841,BAY 32 ST,11691,101,UNKNOWN,Street,0.18878609553424844,False,QUEENS,"(40.6034873, -73.7685841)",trafficstat,True,False,False,False,False,False,False,True,False,,,,,,,
2026-09-01,00:00,40.6049544,-73.7458582,BCH 9 ST,11691,101,UNKNOWN,Street,0.5140878859506672,False,QUEENS,"(40.6049544, -73.7458582)",trafficstat,True,False,True,False,False,False,False,False,False,,,,,,,
2026-09-01,00:00,40.5952678,-73.7818347,BCH CHANNEL DR,11691,101,UNKNOWN,Street,2.7087576126613278,False,QUEENS,"(40.5952678, -73.7818347)",trafficstat,True,False,True,False,False,False,False,False,False,,,,,,,
2026-09-01,00:00,40.5962751,-73.7628943,BCH 30 ST,11691,101,OTHER,Street,42.13226097262846,False,QUEENS,"(40.5962751, -73.7628943)",trafficstat,False,False,False,False,False,False,False,False,False,,,,,,,
2026-08-31,00:00,40.5894574,-73.7881285,BOARDWALK,11691,101,OTHER,Boardwalk,138.95630187577044,False,QUEENS,"(40.5894574, -73.7881285)",trafficstat,False,False,False,False,False,False,False,False,False,,,,,,,
2026-08-30,00:00,40.6005673,-73.7620942,BAY 25 ST,11691,101,UNKNOWN,Street,1.1522836036994697,False,QUEENS,"(40.6005673, -73.7620942)",trafficstat,True,False,False,False,False,False,False,True,False,,,,,,,
2026-08-30,00:00,40.6051338,-73.7550024,MOTT AVE,11691,101,OTHER,Street,30.393410214763165,False,QUEENS,"(40.6051338, -73.7550024)",trafficstat,True,False,True,False,False,False,False,False,False,,,,,,,
2026-07-20,00:00,40.6051338,-73.7550024,MOTT AVE,11691,101,UNKNOWN,Street,30.393410214763165,False,QUEENS,"(40.6051338, -73.7550024)",trafficstat,True,False,False,False,False,False,False,False,False,,,,,,,
2026-06-15,00:00,40.6051338,-73.7550024,MOTT AVE,11691,101,OTHER,Street,30.393410214763165,False,QUEENS,"(40.6051338, -73.7550024)",trafficstat,False,False,False,False,False,False,False,False,False,,,,,,,
2026-08-29,00:00,40.5969527,-73.7586228,EDGEMERE AVE,11691,101,OTHER,Street,30.229114047321293,False,QUEENS,"(40.5969527, -73.7586228)",trafficstat,True,False,False,False,False,False,False,True,False,,,,,,,
2026-08-29,00:00,40.5939404,-73.7642891,BCH 32 ST,11691,101,OTHER,Street,0.27722943362851055,False,QUEENS,"(40.5939404, -73.7642891)",trafficstat,False,False,False,False,False,False,False,False,False,,,,,,,
2026-08-29,00:00,40.5948468,-73.7619202,BCH 29 ST,11691,101,UNKNOWN,Street,0.11469177094639252,False,QUEENS,"(40.5948468, -73.7619202)",trafficstat,True,False,False,True,False,False,False,False,False,,,,,,,
2026-08-02,00:00,40.5948468,-73.7619202,BCH 29 ST,11691,101,UNKNOWN,Street,0.11469177094639252,False,QUEENS,"(40.5948468, -73.7619202)",trafficstat,True,False,False,False,False,False,False,True,False,,,,,,,
2026-08-28,00:00,40.6049118,-73.7426902,CEDAR LAWN AVE,11691,101,UNKNOWN,Street,56.11552236819235,False,QUEENS,"(40.6049118, -73.7426902)",trafficstat,False,False,False,False,False,False,False,False,False,,,,,,,
2026-08-26,00:00,40.6090501,-73.7534937,HASSOCK ST,11691,101,UNKNOWN,Street,40.6131339297012,False,QUEENS,"(40.6090501, -73.7534937)",trafficstat,False,False,False,False,False,False,False,False,False,,,,,,,
2026-08-26,00:00,40.6077768,-73.7524418,REDFERN AVE,11691,101,UNKNOWN,Street,1.45680628586975,False,QUEENS,"(40.6077768, -73.7524418)",trafficstat,True,False,False,False,False,False,False,True,False,,,,,,,