crash_date,crash_time,latitude,longitude,on_street_name,zip_code,precinct,collision_type,roadway_type,geocode_dist_feet,time_is_known,borough,location,source,injury,fatality,injured_pedestrian,injured_cyclist,injured_ebike_rider,injured_motorcyclist,injured_moped_rider,injured_car_occupant,injured_suv_occupant,number_of_persons_injured,number_of_persons_killed,contributing_factor_vehicle_1,collision_id,cross_street_name,off_street_name,vehicle_type_code1
2026-07-20,00:00,40.6077768,-73.7524418,REDFERN AVE,11691,101,UNKNOWN,Street,1.45680628586975,False,QUEENS,"(40.6077768, -73.7524418)",trafficstat,False,False,False,False,False,False,False,False,False,,,,,,,
2026-08-26,00:00,40.6004719,-73.7469916,BCH 13 ST,11691,101,OTHER,Street,2.828998379783514,False,QUEENS,"(40.6004719, -73.7469916)",trafficstat,True,False,False,True,False,False,False,False,False,,,,,,,
2026-08-23,00:00,40.5998718,-73.7615602,BCH 25 ST,11691,101,OTHER,Street,0.7487733952474397,False,QUEENS,"(40.5998718, -73.7615602)",trafficstat,False,False,False,False,False,False,False,False,False,,,,,,,
2026-08-09,00:00,40.5998718,-73.7615602,BCH 25 ST,11691,101,OTHER,Street,0.7487733952474397,False,QUEENS,"(40.5998718, -73.7615602)",trafficstat,True,False,False,False,False,False,False,False,False,,,,,,,
2026-08-23,00:00,40.5932903,-73.779706,ROCKAWAY BEACH BLVD,11691,101,UNKNOWN,Street,2.9634715638709923,False,QUEENS,"(40.5932903, -73.779706)",trafficstat,False,False,False,False,False,False,False,False,False,,,,,,,
2026-08-23,00:00,40.6030261,-73.7548707,BCH 22 ST,11691,101,OTHER,Street,38.50017545879302,False,QUEENS,"(40.6030261, -73.7548707)",trafficstat,False,False,False,False,False,False,False,False,False,,,,,,,
2026-08-23,00:00,40.6053345,-73.7552743,BCH CHANNEL DR,11691,101,UNKNOWN,Street,1.413237014736537,False,QUEENS,"(40.6053345, -73.7552743)",trafficstat,False,False,False,False,False,False,False,False,False,,,,,,,
2026-08-19,00:00,40.6053345,-73.7552743,BCH CHANNEL DR,11691,101,UNKNOWN,Street,1.413237014736537,False,QUEENS,"(40.6053345, -73.7552743)",trafficstat,True,False,False,True,False,False,False,False,False,,,,,,,
2026-08-16,00:00,40.6053345,-73.7552743,BCH CHANNEL DR,11691,101,UNKNOWN,Street,1.413237014736537,False,QUEENS,"(40.6053345, -73.7552743)",trafficstat,True,False,True,False,False,False,False,False,False,,,,,,,
2026-07-01,00:00,40.6053345,-73.7552743,BCH CHANNEL DR,11691,101,UNKNOWN,Street,1.413237014736537,False,QUEENS,"(40.6053345, -73.7552743)",trafficstat,False,False,False,False,False,False,False,False,False,,,,,,,
2026-06-21,00:00,40.6053345,-73.7552743,BCH CHANNEL DR,11691,101,OTHER,Street,1.413237014736537,False,QUEENS,"(40.6053345, -73.7552743)",trafficstat,True,False,True,False,False,False,False,False,False,,,,,,,
2026-08-22,00:00,40.6052724,-73.7498416,NAMEOKE ST,11691,101,UNKNOWN,Street,59.89033889616642,False,QUEENS,"(40.6052724, -73.7498416)",trafficstat,False,False,False,False,False,False,False,False,False,,,,,,,
2026-08-22,00:00,40.6069132,-73.7529132,BAYPORT PL,11691,101,UNKNOWN,Street,2.057392749821205,False,QUEENS,"(40.6069132, -73.7529132)",trafficstat,False,False,False,False,False,False,False,False,False,,,,,,,
2026-08-21,00:00,40.5966032,-73.7540527,BCH 20 ST,11691,101,OTHER,Street,32.927621661255344,False,QUEENS,"(40.5966032, -73.7540527)",trafficstat,True,False,False,False,False,False,False,False,False,,,,,,,
2026-08-21,00:00,40.5953823,-73.7799403,BCH 49 ST,11691,101,UNKNOWN,Street,0.2844541427164429,False,QUEENS,"(40.5953823, -73.7799403)",trafficstat,True,False,False,False,False,False,False,True,True,,,,,,,
2026-06-28,00:00,40.5953823,-73.7799403,BCH 49 ST,11691,101,UNKNOWN,Street,0.2844541427164429,False,QUEENS,"(40.5953823, -73.7799403)",trafficstat,False,False,False,False,False,False,False,False,False,,,,,,,
2026-06-22,00:00,40.5953823,-73.7799403,BCH 49 ST,11691,101,UNKNOWN,Street,0.2844541427164429,False,QUEENS,"(40.5953823, -73.7799403)",trafficstat,False,False,False,False,False,False,False,False,False,,,,,,,
2026-06-12,00:00,40.5953823,-73.7799403,BCH 49 ST,11691,101,UNKNOWN,Street,0.2844541427164429,False,QUEENS,"(40.5953823, -73.7799403)",trafficstat,False,False,False,False,False,False,False,False,False,,,,,,,
2026-08-20,00:00,40.594193,-73.77027,BCH 38 ST,11691,101,UNKNOWN,Street,0.5822284013353225,False,QUEENS,"(40.594193, -73.77027)",trafficstat,False,False,False,False,False,False,False,False,False,,,,,,,
2026-08-19,00:00,40.5951398,-73.7499573,SEAGIRT BLVD,11691,101,UNKNOWN,Street,31.548608121406993,False,QUEENS,"(40.5951398, -73.7499573)",trafficstat,False,False,False,False,False,False,False,False,False,,,,,,,
2026-08-19,00:00,40.5964727,-73.7482058,BCH 14 ST,11691,101,UNKNOWN,Street,0.12212475312517233,False,QUEENS,"(40.5964727, -73.7482058)",trafficstat,False,False,False,False,False,False,False,False,False,,,,,,,
2026-08-19,00:00,40.602918,-73.7569576,LORETTA RD,11691,101,UNKNOWN,Street,34.36733360503492,False,QUEENS,"(40.602918, -73.7569576)",trafficstat,True,False,False,False,False,False,False,False,True,,,,,,,
2026-08-18,00:00,40.6086285,-73.7579879,GIPSON ST,11691,101,UNKNOWN,Street,35.83720835084995,False,QUEENS,"(40.6086285, -73.7579879)",trafficstat,False,False,False,False,False,False,False,False,False,,,,,,,
2026-08-15,00:00,40.598236,-73.75425,BCH 20 ST,11691,101,OTHER,Street,0.5361262909264995,False,QUEENS,"(40.598236, -73.75425)",trafficstat,False,False,False,False,False,False,False,False,False,,,,,,,
2026-08-15,00:00,40.5965113,-73.7667503,BCH 34 ST,11691,101,UNKNOWN,Street,36.40856985421173,False,QUEENS,"(40.5965113, -73.7667503)",trafficstat,False,False,False,False,False,False,False,False,False,,,,,,,
2026-08-14,00:00,40.592445,-73.784294,ARVERNE BLVD,11692,101,UNKNOWN,Street,3.2887854669154617,False,QUEENS,"(40.592445, -73.784294)",trafficstat,True,False,True,False,False,False,False,False,False,,,,,,,
2026-08-14,00:00,40.6097367,-73.7670324,MOTT AVE,11691,101,UNKNOWN,Street,71.73952087639384,False,QUEENS,"(40.6097367, -73.7670324)",trafficstat,False,False,False,False,False,False,False,False,False,,,,,,,
2026-08-13,00:00,40.6085061,-73.7588154,EGGERT PL,11691,101,UNKNOWN,Street,34.359712513888724,False,QUEENS,"(40.6085061, -73.7588154)",trafficstat,False,False,False,False,False,False,False,False,False,,,,,,,
2026-08-12,00:00,40.608107,-73.7541333,BCH CHANNEL DR,11691,101,UNKNOWN,Street,0.8035002988840115,False,QUEENS,"(40.608107, -73.7541333)",trafficstat,True,False,False,False,False,False,False,True,False,,,,,,,
2026-08-12,00:00,40.5958204,-73.7760336,BCH CHANNEL DR,11691,101,UNKNOWN,Street,59.82257246003731,False,QUEENS,"(40.5958204, -73.7760336)",trafficstat,True,False,True,False,False,False,False,False,False,,,,,,,
2026-08-10,00:00,40.5977177,-73.7596254,BCH 25 ST,11691,101,OTHER,Street,38.81640440413819,False,QUEENS,"(40.5977177, -73.7596254)",trafficstat,True,False,False,False,False,False,False,True,False,,,,,,,
2026-08-10,00:00,40.6104748,-73.753547,BCH CHANNEL DR,11691,101,UNKNOWN,Street,20.007762159705162,False,QUEENS,"(40.6104748, -73.753547)",trafficstat,True,False,False,False,False,False,False,True,False,,,,,,,
2026-08-09,00:00,40.6049297,-73.7541697,MOTT AVE,11691,101,UNKNOWN,Street,18.490692681819702,False,QUEENS,"(40.6049297, -73.7541697)",trafficstat,False,False,False,False,False,False,False,False,False,,,,,,,
2026-08-09,00:00,40.5928563,-73.7752966,EDGEMERE AVE,11691,101,OTHER,Street,3.5136786192352707,False,QUEENS,"(40.5928563, -73.7752966)",trafficstat,True,False,False,False,False,False,False,False,True,,,,,,,
2026-08-07,00:00,40.5986507,-73.7530025,BCH 19 ST,11691,101,UNKNOWN,Street,76.0471866531337,False,QUEENS,"(40.5986507, -73.7530025)",trafficstat,True,False,False,False,False,False,False,False,False,,,,,,,
2026-07-08,00:00,40.5986507,-73.7530025,BCH 19 ST,11691,101,OTHER,Street,76.0471866531337,False,QUEENS,"(40.5986507, -73.7530025)",trafficstat,False,False,False,False,False,False,False,False,False,,,,,,,
2026-08-06,00:00,40.599728,-73.76387,HARTMAN LN,11691,101,UNKNOWN,Street,1.683964586271299,False,QUEENS,"(40.599728, -73.76387)",trafficstat,True,False,False,False,False,False,False,True,False,,,,,,,
2026-08-05,00:00,40.5944918,-73.7880774,BCH CHANNEL DR,11692,101,UNKNOWN,Street,2.8065259668053044,False,QUEENS,"(40.5944918, -73.7880774)",trafficstat,True,False,False,True,False,False,False,False,False,,,,,,,
2026-08-04,00:00,40.593464,-73.7791618,ROCKAWAY BEACH BLVD,11691,101,UNKNOWN,Street,38.67096635802652,False,QUEENS,"(40.593464, -73.7791618)",trafficstat,False,False,False,False,False,False,False,False,False,,,,,,,
2026-08-03,00:00,40.5940728,-73.7529107,BCH 19 ST,11691,101,UNKNOWN,Street,81.37462871479181,False,QUEENS,"(40.5940728, -73.7529107)",trafficstat,False,False,False,False,False,False,False,False,False,,,,,,,
2026-07-13,00:00,40.5940728,-73.7529107,BCH 19 ST,11691,101,UNKNOWN,Street,81.37462871479181,False,QUEENS,"(40.5940728, -73.7529107)",trafficstat,False,False,False,False,False,False,False,False,False,,,,,,,
2026-08-03,00:00,40.5960352,-73.7440089,BCH 9 ST,11691,101,UNKNOWN,Street,0.23983283020689986,False,QUEENS,"(40.5960352, -73.7440089)",trafficstat,True,False,False,False,False,False,False,False,True,,,,,,,
2026-08-02,00:00,40.596538,-73.7674739,BCH CHANNEL DR,11691,101,UNKNOWN,Street,2.5040225463624077,False,QUEENS,"(40.596538, -73.7674739)",trafficstat,False,False,False,False,False,False,False,False,False,,,,,,,
2026-08-01,00:00,40.6066876,-73.7501481,NAMEOKE ST,11691,101,UNKNOWN,Street,0.4837851941917095,False,QUEENS,"(40.6066876, -73.7501481)",trafficstat,True,False,True,False,False,False,False,False,False,,,,,,,
2026-07-26,00:00,40.6066876,-73.7501481,NAMEOKE ST,11691,101,OTHER,Street,0.4837851941917095,False,QUEENS,"(40.6066876, -73.7501481)",trafficstat,True,False,True,False,False,False,False,False,False,,,,,,,
2026-07-31,00:00,40.6092057,-73.7574625,GIPSON ST,11691,101,UNKNOWN,Street,51.48560656764571,False,QUEENS,"(40.6092057, -73.7574625)",trafficstat,False,False,False,False,False,False,False,False,False,,,,,,,
2026-07-31,00:00,40.5953709,-73.7879281,BCH 58 ST,11692,101,UNKNOWN,Street,66.05938853434378,False,QUEENS,"(40.5953709, -73.7879281)",trafficstat,False,False,False,False,False,False,False,False,False,,,,,,,
2026-06-12,00:00,40.5953709,-73.7879281,BCH 58 ST,11692,101,UNKNOWN,Street,66.05938853434378,False,QUEENS,"(40.5953709, -73.7879281)",trafficstat,False,False,False,False,False,False,False,False,False,,,,,,,
2026-07-31,00:00,40.595562,-73.7471,BCH 13 ST,11691,101,UNKNOWN,Street,0.3682472457624463,False,QUEENS,"(40.595562, -73.7471)",trafficstat,True,False,False,False,False,False,False,True,False,,,,,,,
2026-07-30,00:00,40.5971653,-73.7721929,BCH 40 ST,11691,101,OTHER,Street,116.38407185325732,False,QUEENS,"(40.5971653, -73.7721929)",trafficstat,False,False,False,False,False,False,False,False,False,,,,,,,
2026-07-30,00:00,40.6072942,-73.7514063,NAMEOKE AVE,11691,101,OTHER,Street,1.931267693615112,False,QUEENS,"(40.6072942, -73.7514063)",trafficstat,False,False,False,False,False,False,False,False,False,,,,,,,
2026-07-28,00:00,40.5997283,-73.7638689,HARTMAN LN,11691,101,UNKNOWN,Street,1.366793678082814,False,QUEENS,"(40.5997283, -73.7638689)",trafficstat,True,False,False,False,False,False,False,False,True,,,,,,,
2026-07-28,00:00,40.6040744,-73.7523614,MOTT AVE,11691,101,UNKNOWN,Street,30.67060990978441,False,QUEENS,"(40.6040744, -73.7523614)",trafficstat,True,False,False,False,False,False,False,True,False,,,,,,,
2026-07-27,00:00,40.5994446,-73.7610766,BCH 25 ST,11691,101,UNKNOWN,Street,27.658920237439265,False,QUEENS,"(40.5994446, -73.7610766)",trafficstat,False,False,False,False,False,False,False,False,False,,,,,,,
2026-07-27,00:00,40.595444,-73.77904,BCH 48 ST,11691,101,UNKNOWN,Street,0.9217750766765636,False,QUEENS,"(40.595444, -73.77904)",trafficstat,True,False,False,False,False,False,False,True,False,,,,,,,
2026-07-27,00:00,40.5973175,-73.754263,BCH 20 ST,11691,101,UNKNOWN,Street,0.15270497127065408,False,QUEENS,"(40.5973175, -73.754263)",trafficstat,True,False,True,False,False,False,False,False,False,,,,,,,
2026-07-25,00:00,40.5954679,-73.7555495,SEAGIRT BLVD,11691,101,UNKNOWN,Street,66.20092557361984,False,QUEENS,"(40.5954679, -73.7555495)",trafficstat,False,False,False,False,False,False,False,False,False,,,,,,,
2026-07-21,00:00,40.6030785,-73.753035,BCH 20 ST,11691,101,UNKNOWN,Street,32.552454156673484,False,QUEENS,"(40.6030785, -73.753035)",trafficstat,False,False,False,False,False,False,False,False,False,,,,,,,
2026-07-20,00:00,40.606182,-73.7537262,REDFERN AVE,11691,101,UNKNOWN,Street,2.161416777917279,False,QUEENS,"(40.606182, -73.7537262)",trafficstat,True,False,False,False,False,False,False,False,True,,,,,,,
2026-07-20,00:00,40.5969736,-73.7596291,CAMP RD,11691,101,OTHER,Street,39.257307052766585,False,QUEENS,"(40.5969736, -73.7596291)",trafficstat,False,False,False,False,False,False,False,False,False,,,,,,,
2026-07-20,00:00,40.5975286,-73.7549037,PLAINVIEW AVE,11691,101,UNKNOWN,Street,59.46102680160665,False,QUEENS,"(40.5975286, -73.7549037)",trafficstat,False,False,False,False,False,False,False,False,False,,,,,,,
2026-07-19,00:00,40.6042588,-73.752851,BCH 20 ST,11691,101,UNKNOWN,Street,0.6324031158212134,False,QUEENS,"(40.6042588, -73.752851)",trafficstat,False,False,False,False,False,False,False,False,False,,,,,,,
2026-07-19,00:00,40.60761,-73.7583885,GIPSON ST,11691,101,UNKNOWN,Street,46.34649395165134,False,QUEENS,"(40.60761, -73.7583885)",trafficstat,False,False,False,False,False,False,False,False,False,,,,,,,
2026-07-19,00:00,40.6068595,-73.7513518,AUGUSTINA AVE,11691,101,UNKNOWN,Street,29.559567705248924,False,QUEENS,"(40.6068595, -73.7513518)",trafficstat,True,False,False,False,False,False,False,False,True,,,,,,,
2026-07-18,00:00,40.5954403,-73.7583064,SEAGIRT BLVD,11691,101,UNKNOWN,Street,30.808749980415374,False,QUEENS,"(40.5954403, -73.7583064)",trafficstat,True,False,False,True,False,False,False,False,False,,,,,,,
2026-07-17,00:00,40.5995994,-73.7555126,BCH 21 ST,11691,101,UNKNOWN,Street,36.26615936527781,False,QUEENS,"(40.5995994, -73.7555126)",trafficstat,False,False,False,False,False,False,False,False,False,,,,,,,
2026-07-17,00:00,40.6022948,-73.7521704,CORNAGA AVE,11691,101,UNKNOWN,Street,2.852395978473137,False,QUEENS,"(40.6022948, -73.7521704)",trafficstat,False,False,False,False,False,False,False,False,False,,,,,,,
2026-07-16,00:00,40.5951358,-73.7532016,BCH 19 ST,11691,101,UNKNOWN,Street,0.6051553609494292,False,QUEENS,"(40.5951358, -73.7532016)",trafficstat,True,False,False,True,False,False,False,False,False,,,,,,,
2026-07-14,00:00,40.5945719,-73.7644021,BCH 32 ST,11691,101,UNKNOWN,Street,0.12779697056558817,False,QUEENS,"(40.5945719, -73.7644021)",trafficstat,True,False,False,True,False,False,False,False,False,,,,,,,
2026-07-14,00:00,40.5973533,-73.7823817,BCH 51 ST,11691,101,UNKNOWN,Street,94.08503013623829,False,QUEENS,"(40.5973533, -73.7823817)",trafficstat,False,False,False,False,False,False,False,False,False,,,,,,,
2026-07-14,00:00,40.6053985,-73.7565533,GRASSMERE TER,11691,101,UNKNOWN,Street,40.56919726940157,False,QUEENS,"(40.6053985, -73.7565533)",trafficstat,False,False,False,False,False,False,False,False,False,,,,,,,
2026-07-12,00:00,40.6049785,-73.7544185,MOTT AVE,11691,101,UNKNOWN,Street,2.0902015833991654,False,QUEENS,"(40.6049785, -73.7544185)",trafficstat,True,False,True,False,False,False,False,False,False,,,,,,,
2026-07-10,00:00,40.5913594,-73.7870973,BCH 56 PL,11692,101,OTHER,Street,258.29618299355315,False,QUEENS,"(40.5913594, -73.7870973)",trafficstat,False,False,False,False,False,False,False,False,False,,,,,,,
2026-07-09,00:00,40.5938934,-73.7736764,BCH 42 ST,11691,101,UNKNOWN,Street,0.40034340255818746,False,QUEENS,"(40.5938934, -73.7736764)",trafficstat,False,False,False,False,False,False,False,False,False,,,,,,,
2026-07-08,00:00,40.5957788,-73.7424829,SEAGIRT AVE,11691,101,UNKNOWN,Street,87.44171651370233,False,QUEENS,"(40.5957788, -73.7424829)",trafficstat,False,False,False,False,False,False,False,False,False,,,,,,,
2026-06-29,00:00,40.5957788,-73.7424829,SEAGIRT AVE,11691,101,UNKNOWN,Street,87.44171651370233,False,QUEENS,"(40.5957788, -73.7424829)",trafficstat,False,False,False,False,False,False,False,False,False,,,,,,,
2026-07-08,00:00,40.6095192,-73.7459056,SAGE ST,11691,101,UNKNOWN,Street,0.15497353900320324,False,QUEENS,"(40.6095192, -73.7459056)",trafficstat,False,False,False,False,False,False,False,False,False,,,,,,,
2026-07-06,00:00,40.598464,-73.7603949,BCH 25 ST,11691,101,OTHER,Street,1.7563434514560237,False,QUEENS,"(40.598464, -73.7603949)",trafficstat,True,False,False,False,False,False,False,False,True,,,,,,,
2026-07-06,00:00,40.5979639,-73.7469465,BCH 13 ST,11691,101,UNKNOWN,Street,46.63122673408178,False,QUEENS,"(40.5979639, -73.7469465)",trafficstat,False,False,False,False,False,False,False,False,False,,,,,,,
2026-07-04,00:00,40.6017932,-73.7587706,NASBY PL,11691,101,UNKNOWN,Street,37.04956975311821,False,QUEENS,"(40.6017932, -73.7587706)",trafficstat,False,False,False,False,False,False,False,False,False,,,,,,,
2026-07-03,00:00,40.5941242,-73.7638403,LEWMAY RD,11691,101,UNKNOWN,Street,47.753554332294684,False,QUEENS,"(40.5941242, -73.7638403)",trafficstat,True,False,True,False,False,False,False,False,False,,,,,,,
2026-07-03,00:00,40.6077571,-73.758353,GIPSON ST,11691,101,UNKNOWN,Street,50.821185827063644,False,QUEENS,"(40.6077571, -73.758353)",trafficstat,False,False,False,False,False,False,False,False,False,,,,,,,
2026-07-02,00:00,40.609535,-73.753716,BCH CHANNEL DR,11691,101,UNKNOWN,Street,1.0110008894104527,False,QUEENS,"(40.609535, -73.753716)",trafficstat,True,False,False,False,False,False,False,True,False,,,,,,,
2026-07-02,00:00,40.607082,-73.74636,BCH 9 ST,11691,101,UNKNOWN,Street,1.2594759577270669,False,QUEENS,"(40.607082, -73.74636)",trafficstat,False,False,False,False,False,False,False,False,False,,,,,,,
2026-07-02,00:00,40.606625,-73.752106,VILLAGE LN,11691,101,UNKNOWN,Street,2.161707841080091,False,QUEENS,"(40.606625, -73.752106)",trafficstat,False,False,False,False,False,False,False,False,False,,,,,,,
2026-07-02,00:00,40.608214,-73.7553903,PINSON ST,11691,101,UNKNOWN,Street,51.15110917167017,False,QUEENS,"(40.608214, -73.7553903)",trafficstat,True,False,False,False,False,False,False,False,True,,,,,,,
2026-07-02,00:00,40.6022726,-73.7533553,BCH 20 ST,11691,101,UNKNOWN,Street,1.2820855717443258,False,QUEENS,"(40.6022726, -73.7533553)",trafficstat,True,False,False,False,False,False,False,True,False,,,,,,,
2026-07-01,00:00,40.6094919,-73.7584295,EGGERT PL,11691,101,OTHER,Street,40.61740036679353,False,QUEENS,"(40.6094919, -73.7584295)",trafficstat,True,False,True,False,False,False,False,False,False,,,,,,,
2026-06-30,00:00,40.5927526,-73.782855,ROCKAWAY BEACH BLVD,11691,101,UNKNOWN,Street,46.98757124450511,False,QUEENS,"(40.5927526, -73.782855)",trafficstat,False,False,False,False,False,False,False,False,False,,,,,,,
2026-06-29,00:00,40.6005508,-73.7472982,MOTT AVE,11691,101,UNKNOWN,Street,44.91819546344533,False,QUEENS,"(40.6005508, -73.7472982)",trafficstat,False,False,False,False,False,False,False,False,False,,,,,,,
2026-06-28,00:00,40.6028617,-73.7501021,MOTT AVE,11691,101,UNKNOWN,Street,30.054600042326072,False,QUEENS,"(40.6028617, -73.7501021)",trafficstat,False,False,False,False,False,False,False,False,False,,,,,,,
2026-06-28,00:00,40.5954272,-73.7551449,SEAGIRT BLVD,11691,101,UNKNOWN,Street,57.03853338439088,False,QUEENS,"(40.5954272, -73.7551449)",trafficstat,False,False,False,False,False,False,False,False,False,,,,,,,
2026-06-27,00:00,40.598015,-73.76546,BCH 32 ST,11691,101,UNKNOWN,Street,1.7514131357442273,False,QUEENS,"(40.598015, -73.76546)",trafficstat,True,False,False,False,False,False,False,True,False,,,,,,,
2026-06-27,00:00,40.6036031,-73.7517478,BCH 19 ST,11691,101,UNKNOWN,Street,0.6339309875164598,False,QUEENS,"(40.6036031, -73.7517478)",trafficstat,True,False,False,True,False,False,False,True,False,,,,,,,
2026-06-27,00:00,40.6055219,-73.7608737,DICKENS ST,11691,101,UNKNOWN,Street,0.2162902325881896,False,QUEENS,"(40.6055219, -73.7608737)",trafficstat,False,False,False,False,False,False,False,False,False,,,,,,,
2026-06-26,00:00,40.6022355,-73.7522685,CORNAGA AVE,11691,101,OTHER,Street,23.893423033234022,False,QUEENS,"(40.6022355, -73.7522685)",trafficstat,False,False,False,False,False,False,False,False,False,,,,,,,
2026-06-26,00:00,40.595127,-73.75125,BCH 17 ST,11691,101,UNKNOWN,Street,0.3815967278560744,False,QUEENS,"(40.595127, -73.75125)",trafficstat,False,False,False,False,False,False,False,False,False,,,,,,,
2026-06-26,00:00,40.5933791,-73.7768785,ROCKAWAY BEACH BLVD,11691,101,OTHER,Street,72.29706623476513,False,QUEENS,"(40.5933791, -73.7768785)",trafficstat,False,False,False,False,False,False,False,False,False,,,,,,,
2026-06-25,00:00,40.6093885,-73.7493529,BRUNSWICK AVE,11691,101,UNKNOWN,Street,28.78530787869233,False,QUEENS,"(40.6093885, -73.7493529)",trafficstat,False,False,False,False,False,False,False,False,False,,,,,,,
2026-06-25,00:00,40.5997028,-73.7620079,FAR ROCKAWAY BLVD,11691,101,UNKNOWN,Street,30.515190557466212,False,QUEENS,"(40.5997028, -73.7620079)",trafficstat,False,False,False,False,False,False,False,False,False,,,,,,,
2026-06-24,00:00,40.59514,-73.749954,SEAGIRT BLVD,11691,101,OTHER,Street,31.531056558484615,False,QUEENS,"(40.59514, -73.749954)",trafficstat,False,False,False,False,False,False,False,False,False,,,,,,,
2026-06-24,00:00,40.592793,-73.77787,BCH 47 ST,11691,101,UNKNOWN,Street,0.6557591022537641,False,QUEENS,"(40.592793, -73.77787)",trafficstat,True,False,False,False,False,False,False,False,True,,,,,,,
2026-06-24,00:00,40.5948604,-73.7792136,BCH 48 ST,11691,101,UNKNOWN,Street,67.40110449713669,False,QUEENS,"(40.5948604, -73.7792136)",trafficstat,False,False,False,False,False,False,False,False,False,,,,,,,
2026-06-24,00:00,40.596085,-73.76215,SEAGIRT BLVD,11691,101,UNKNOWN,Street,30.593421489909346,False,QUEENS,"(40.596085, -73.76215)",trafficstat,True,False,True,False,False,False,False,False,False,,,,,,,
2026-06-23,00:00,40.603399,-73.7515567,MOTT AVE,11691,101,OTHER,Street,37.62223250043839,False,QUEENS,"(40.603399, -73.7515567)",trafficstat,False,False,False,False,False,False,False,False,False,,,,,,,
2026-06-23,00:00,40.5994294,-73.7494735,NEW HAVEN AVE,11691,101,UNKNOWN,Street,39.08803299128656,False,QUEENS,"(40.5994294, -73.7494735)",trafficstat,True,False,True,False,False,False,False,False,False,,,,,,,
2026-06-22,00:00,40.5939744,-73.7702302,EDGEMERE AVE,11691,101,UNKNOWN,Street,2.9055419220983447,False,QUEENS,"(40.5939744, -73.7702302)",trafficstat,False,False,False,False,False,False,False,False,False,,,,,,,
2026-06-21,00:00,40.607792,-73.7607111,DICKENS ST,11691,101,UNKNOWN,Street,57.805790959261024,False,QUEENS,"(40.607792, -73.7607111)",trafficstat,False,False,False,False,False,False,False,False,False,,,,,,,
2026-06-20,00:00,40.6104138,-73.7536978,BCH CHANNEL DR,11691,101,UNKNOWN,Street,56.722851274042725,False,QUEENS,"(40.6104138, -73.7536978)",trafficstat,False,False,False,False,False,False,False,False,False,,,,,,,
2026-06-20,00:00,40.6067706,-73.7613317,MOTT AVE,11691,101,UNKNOWN,Street,64.27108560300309,False,QUEENS,"(40.6067706, -73.7613317)",trafficstat,True,False,True,False,False,False,False,False,False,,,,,,,
2026-06-20,00:00,40.5954169,-73.7758147,BCH 44 ST,11691,101,UNKNOWN,Street,33.23232815464195,False,QUEENS,"(40.5954169, -73.7758147)",trafficstat,False,False,False,False,False,False,False,False,False,,,,,,,
2026-06-19,00:00,40.6065412,-73.7613455,MOTT AVE,11691,101,OTHER,Street,2.7199561862236985,False,QUEENS,"(40.6065412, -73.7613455)",trafficstat,True,False,False,False,False,False,False,True,False,,,,,,,
2026-06-18,00:00,40.6036047,-73.7571544,GRASSMERE TER,11691,101,UNKNOWN,Street,20.164639901658735,False,QUEENS,"(40.6036047, -73.7571544)",trafficstat,True,False,False,False,False,False,False,True,False,,,,,,,
2026-06-18,00:00,40.5952049,-73.7560172,CREST RD,11691,101,UNKNOWN,Street,0.3190970595818076,False,QUEENS,"(40.5952049, -73.7560172)",trafficstat,True,False,False,False,False,False,False,False,True,,,,,,,
2026-06-16,00:00,40.595497,-73.7782188,BCH 47 ST,11691,101,UNKNOWN,Street,0.03592863093026097,False,QUEENS,"(40.595497, -73.7782188)",trafficstat,False,False,False,False,False,False,False,False,False,,,,,,,
2026-06-15,00:00,40.5966862,-73.7442081,BCH 9 ST,11691,101,OTHER,Street,0.024326905479631098,False,QUEENS,"(40.5966862, -73.7442081)",trafficstat,True,False,False,False,False,False,False,True,False,,,,,,,
2026-06-13,00:00,40.5966862,-73.7442081,BCH 9 ST,11691,101,OTHER,Street,0.024326905479631098,False,QUEENS,"(40.5966862, -73.7442081)",trafficstat,True,False,False,False,False,False,False,False,True,,,,,,,
2026-06-15,00:00,40.6047828,-73.7539978,BCH 22 ST,11691,101,UNKNOWN,Street,1.4454554099588428,False,QUEENS,"(40.6047828, -73.7539978)",trafficstat,False,False,False,False,False,False,False,False,False,,,,,,,
2026-06-13,00:00,40.602272,-73.75336,BCH 20 ST,11691,101,UNKNOWN,Street,0.04245563465484003,False,QUEENS,"(40.602272, -73.75336)",trafficstat,True,False,False,False,False,False,False,True,False,,,,,,,
2026-06-13,00:00,40.595787,-73.7676,BCH 35 ST,11691,101,UNKNOWN,Street,0.2650887960394035,False,QUEENS,"(40.595787, -73.7676)",trafficstat,False,False,False,False,False,False,False,False,False,,,,,,,
2026-06-12,00:00,40.6062834,-73.7638085,BAY 25 ST,11691,101,UNKNOWN,Street,47.007807445339814,False,QUEENS,"(40.6062834, -73.7638085)",trafficstat,False,False,False,False,False,False,False,False,False,,,,,,,
2026-06-12,00:00,40.6049211,-73.7497702,BAYPORT PL,11691,101,UNKNOWN,Street,27.734927039487108,False,QUEENS,"(40.6049211, -73.7497702)",trafficstat,False,False,False,False,False,False,False,False,False,,,,,,,
2026-09-13,00:00,40.6894756,-73.8276855,117 ST,11419,102,UNKNOWN,Street,0.9697006146292843,False,QUEENS,"(40.6894756, -73.8276855)",trafficstat,False,False,False,False,False,False,False,False,False,,,,,,,