crash_date,crash_time,latitude,longitude,on_street_name,zip_code,precinct,collision_type,roadway_type,geocode_dist_feet,time_is_known,borough,location,source,injury,fatality,injured_pedestrian,injured_cyclist,injured_ebike_rider,injured_motorcyclist,injured_moped_rider,injured_car_occupant,injured_suv_occupant,number_of_persons_injured,number_of_persons_killed,contributing_factor_vehicle_1,collision_id,cross_street_name,off_street_name,vehicle_type_code1
2026-09-13,00:00,40.6947766,-73.847733,98 ST,11421,102,OTHER,Street,0.4889549974900912,False,QUEENS,"(40.6947766, -73.847733)",trafficstat,False,False,False,False,False,False,False,False,False,,,,,,,
2026-09-13,00:00,40.694687,-73.8354663,91 AVE,11418,102,UNKNOWN,Street,37.446363404626396,False,QUEENS,"(40.694687, -73.8354663)",trafficstat,False,False,False,False,False,False,False,False,False,,,,,,,
2026-09-11,00:00,40.689762,-73.8271691,101 AVE,11419,102,UNKNOWN,Street,45.36704682761838,False,QUEENS,"(40.689762, -73.8271691)",trafficstat,False,False,False,False,False,False,False,False,False,,,,,,,
2026-09-11,00:00,40.6850185,-73.8433528,98 ST,11416,102,UNKNOWN,Street,0.9736118713898442,False,QUEENS,"(40.6850185, -73.8433528)",trafficstat,False,False,False,False,False,False,False,False,False,,,,,,,
2026-09-10,00:00,40.7048548,-73.8373298,PARK LN S,11418,102,UNKNOWN,Street,0.6167933356271175,False,QUEENS,"(40.7048548, -73.8373298)",trafficstat,False,False,False,False,False,False,False,False,False,,,,,,,
2026-09-10,00:00,40.7132874,-73.8291631,QUEENS BLVD,11415,102,OTHER,Street,49.883957421202055,False,QUEENS,"(40.7132874, -73.8291631)",trafficstat,False,False,False,False,False,False,False,False,False,,,,,,,
2026-09-09,00:00,40.7000093,-73.8308861,LEFFERTS BLVD,11418,102,UNKNOWN,Street,0.5684516140813974,False,QUEENS,"(40.7000093, -73.8308861)",trafficstat,True,False,False,False,False,False,False,False,False,,,,,,,
2026-07-25,00:00,40.7000093,-73.8308861,LEFFERTS BLVD,11418,102,UNKNOWN,Street,0.5684516140813974,False,QUEENS,"(40.7000093, -73.8308861)",trafficstat,True,False,False,True,False,False,False,False,False,,,,,,,
2026-07-14,00:00,40.7000093,-73.8308861,LEFFERTS BLVD,11418,102,UNKNOWN,Street,0.5684516140813974,False,QUEENS,"(40.7000093, -73.8308861)",trafficstat,False,False,False,False,False,False,False,False,False,,,,,,,
2026-06-19,00:00,40.7000093,-73.8308861,LEFFERTS BLVD,11418,102,UNKNOWN,Street,0.5684516140813974,False,QUEENS,"(40.7000093, -73.8308861)",trafficstat,False,False,False,False,False,False,False,False,False,,,,,,,
2026-09-09,00:00,40.694557,-73.858911,86 ST,11421,102,UNKNOWN,Street,47.059497826464856,False,QUEENS,"(40.694557, -73.858911)",trafficstat,False,False,False,False,False,False,False,False,False,,,,,,,
2026-09-09,00:00,40.7001079,-73.8326674,117 ST,11418,102,OTHER,Street,0.21114012950929414,False,QUEENS,"(40.7001079, -73.8326674)",trafficstat,False,False,False,False,False,False,False,False,False,,,,,,,
2026-09-09,00:00,40.6909254,-73.8221035,101 AVE,11419,102,UNKNOWN,Street,48.322173958370115,False,QUEENS,"(40.6909254, -73.8221035)",trafficstat,True,False,False,True,False,False,False,False,False,,,,,,,
2026-09-06,00:00,40.7079005,-73.8465105,JACKIE ROBINSON PKWY,11385,102,UNKNOWN,Highway,0.2184889022758325,False,QUEENS,"(40.7079005, -73.8465105)",trafficstat,True,False,False,False,False,False,False,False,True,,,,,,,
2026-09-05,00:00,40.6962824,-73.8134412,VAN WYCK EXPY,11435,102,UNKNOWN,Street,0.31992675274968063,False,QUEENS,"(40.6962824, -73.8134412)",trafficstat,False,False,False,False,False,False,False,False,False,,,,,,,
2026-09-05,00:00,40.7008652,-73.8683677,JACKIE ROBINSON PKWY,11385,102,UNKNOWN,Highway,0.4178304745501627,False,QUEENS,"(40.7008652, -73.8683677)",trafficstat,False,False,False,False,False,False,False,False,False,,,,,,,
2026-09-05,00:00,40.6938923,-73.8121245,VAN WYCK EXPY,11435,102,UNKNOWN,Street,1.3381094724507647,False,QUEENS,"(40.6938923, -73.8121245)",trafficstat,True,False,False,False,False,False,False,True,False,,,,,,,
2026-09-02,00:00,40.6938923,-73.8121245,VAN WYCK EXPY,11435,102,UNKNOWN,Street,1.3381094724507647,False,QUEENS,"(40.6938923, -73.8121245)",trafficstat,True,False,False,True,False,False,False,False,False,,,,,,,
2026-08-23,00:00,40.6938923,-73.8121245,VAN WYCK EXPY,11435,102,UNKNOWN,Street,1.3381094724507647,False,QUEENS,"(40.6938923, -73.8121245)",trafficstat,True,False,False,False,False,False,False,True,False,,,,,,,
2026-09-05,00:00,40.7089696,-73.841511,JACKIE ROBINSON PKWY,11385,102,UNKNOWN,Bridge,12.154162545677872,False,QUEENS,"(40.7089696, -73.841511)",trafficstat,True,False,False,False,False,False,False,True,False,,,,,,,
2026-09-02,00:00,40.7089696,-73.841511,JACKIE ROBINSON PKWY,11385,102,UNKNOWN,Bridge,12.154162545677872,False,QUEENS,"(40.7089696, -73.841511)",trafficstat,True,False,False,False,False,False,False,True,False,,,,,,,
2026-09-04,00:00,40.7070967,-73.8349799,118 ST,11415,102,UNKNOWN,Street,0.30306927513202103,False,QUEENS,"(40.7070967, -73.8349799)",trafficstat,False,False,False,False,False,False,False,False,False,,,,,,,
2026-07-20,00:00,40.7070967,-73.8349799,118 ST,11415,102,UNKNOWN,Street,0.30306927513202103,False,QUEENS,"(40.7070967, -73.8349799)",trafficstat,True,False,True,False,False,False,False,False,False,,,,,,,
2026-09-04,00:00,40.7080494,-73.8450242,JACKIE ROBINSON PKWY,11385,102,UNKNOWN,Highway,0.6860229935182162,False,QUEENS,"(40.7080494, -73.8450242)",trafficstat,False,False,False,False,False,False,False,False,False,,,,,,,
2026-09-04,00:00,40.7026827,-73.8617027,J ROBINSON PKWY WB EN MYRTLE AVE,11385,102,UNKNOWN,Ramp,1.112215948448994,False,QUEENS,"(40.7026827, -73.8617027)",trafficstat,True,False,False,False,False,False,False,True,False,,,,,,,
2026-09-04,00:00,40.6882274,-73.8493259,WOODHAVEN BLVD,11421,102,UNKNOWN,Street,42.907110620366545,False,QUEENS,"(40.6882274, -73.8493259)",trafficstat,False,False,False,False,False,False,False,False,False,,,,,,,
2026-09-02,00:00,40.7016173,-73.8306295,120 ST,11418,102,UNKNOWN,Street,0.617428021299419,False,QUEENS,"(40.7016173, -73.8306295)",trafficstat,True,False,False,False,False,False,False,True,False,,,,,,,
2026-09-02,00:00,40.6966481,-73.8388131,109 ST,11418,102,UNKNOWN,Street,51.18422504368102,False,QUEENS,"(40.6966481, -73.8388131)",trafficstat,False,False,False,False,False,False,False,False,False,,,,,,,
2026-09-01,00:00,40.6988241,-73.8470025,102 ST,11418,102,UNKNOWN,Street,0.34571123974162543,False,QUEENS,"(40.6988241, -73.8470025)",trafficstat,True,False,False,True,False,False,False,False,False,,,,,,,
2026-09-01,00:00,40.7145802,-73.8301579,JACKIE ROBINSON PKWY,11375,102,UNKNOWN,Highway,1.2654608162964285,False,QUEENS,"(40.7145802, -73.8301579)",trafficstat,True,False,False,False,False,False,False,False,True,,,,,,,
2026-09-01,00:00,40.6917127,-73.8647387,77 ST,11421,102,UNKNOWN,Street,0.021912992777164107,False,QUEENS,"(40.6917127, -73.8647387)",trafficstat,False,False,False,False,False,False,False,False,False,,,,,,,
2026-07-27,00:00,40.6917127,-73.8647387,77 ST,11421,102,UNKNOWN,Street,0.021912992777164107,False,QUEENS,"(40.6917127, -73.8647387)",trafficstat,False,False,False,False,False,False,False,False,False,,,,,,,
2026-09-01,00:00,40.6937956,-73.8117259,VAN WYCK EXPY,11419,102,UNKNOWN,Highway,9.637041111696803,False,QUEENS,"(40.6937956, -73.8117259)",trafficstat,False,False,False,False,False,False,False,False,False,,,,,,,
2026-09-01,00:00,40.7144418,-73.8312571,QUEENS BLVD,11375,102,UNKNOWN,Street,17.611378048987362,False,QUEENS,"(40.7144418, -73.8312571)",trafficstat,True,False,True,False,False,False,False,False,False,,,,,,,
2026-06-29,00:00,40.7144418,-73.8312571,QUEENS BLVD,11375,102,UNKNOWN,Street,17.611378048987362,False,QUEENS,"(40.7144418, -73.8312571)",trafficstat,False,False,False,False,False,False,False,False,False,,,,,,,
2026-08-31,00:00,40.6912454,-73.8508782,89 AVE,11421,102,UNKNOWN,Street,3.345322756669197,False,QUEENS,"(40.6912454, -73.8508782)",trafficstat,False,False,False,False,False,False,False,False,False,,,,,,,
2026-08-31,00:00,40.6800792,-73.8526771,86 ST,11417,102,UNKNOWN,Street,0.5665808958569446,False,QUEENS,"(40.6800792, -73.8526771)",trafficstat,True,False,False,False,False,False,False,True,False,,,,,,,
2026-08-31,00:00,40.7046524,-73.8357787,116 ST,11418,102,UNKNOWN,Street,29.23528471417889,False,QUEENS,"(40.7046524, -73.8357787)",trafficstat,False,False,False,False,False,False,False,False,False,,,,,,,
2026-08-31,00:00,40.712,-73.825455,83 AVE,11415,102,UNKNOWN,Street,3.235319211170427,False,QUEENS,"(40.712, -73.825455)",trafficstat,False,False,False,False,False,False,False,False,False,,,,,,,
2026-08-30,00:00,40.7002153,-73.8165631,135 ST,11418,102,UNKNOWN,Street,20.088010664907433,False,QUEENS,"(40.7002153, -73.8165631)",trafficstat,False,False,False,False,False,False,False,False,False,,,,,,,
2026-08-30,00:00,40.6959197,-73.8386499,JAMAICA AVE,11418,102,UNKNOWN,Street,3.0535828294570484,False,QUEENS,"(40.6959197, -73.8386499)",trafficstat,False,False,False,False,False,False,False,False,False,,,,,,,
2026-08-03,00:00,40.6959197,-73.8386499,JAMAICA AVE,11418,102,OTHER,Street,3.0535828294570484,False,QUEENS,"(40.6959197, -73.8386499)",trafficstat,True,False,False,False,False,False,False,False,False,,,,,,,
2026-08-30,00:00,40.6806304,-73.858787,80 ST,11416,102,UNKNOWN,Street,1.0510939105615391,False,QUEENS,"(40.6806304, -73.858787)",trafficstat,False,False,False,False,False,False,False,False,False,,,,,,,
2026-08-30,00:00,40.6853022,-73.8502657,91 ST,11416,102,UNKNOWN,Street,36.15969079607996,False,QUEENS,"(40.6853022, -73.8502657)",trafficstat,False,False,False,False,False,False,False,False,False,,,,,,,
2026-08-29,00:00,40.7031387,-73.8167921,VAN WYCK EXPY,11418,102,UNKNOWN,Highway,0.4379311226647475,False,QUEENS,"(40.7031387, -73.8167921)",trafficstat,True,False,False,False,False,False,False,False,True,,,,,,,
2026-07-26,00:00,40.7031387,-73.8167921,VAN WYCK EXPY,11418,102,UNKNOWN,Highway,0.4379311226647475,False,QUEENS,"(40.7031387, -73.8167921)",trafficstat,False,False,False,False,False,False,False,False,False,,,,,,,
2026-08-28,00:00,40.7055437,-73.8296529,BREVOORT ST,11415,102,UNKNOWN,Street,1.1531585030087521,False,QUEENS,"(40.7055437, -73.8296529)",trafficstat,True,False,False,False,False,False,True,False,False,,,,,,,
2026-08-28,00:00,40.6951551,-73.8173968,131 ST,11419,102,UNKNOWN,Street,0.8971286122953834,False,QUEENS,"(40.6951551, -73.8173968)",trafficstat,False,False,False,False,False,False,False,False,False,,,,,,,
2026-08-28,00:00,40.6982616,-73.8693899,JACKIE ROBINSON PKWY,11385,102,UNKNOWN,Highway,1.3334713325226437,False,QUEENS,"(40.6982616, -73.8693899)",trafficstat,False,False,False,False,False,False,False,False,False,,,,,,,
2026-08-23,00:00,40.6982616,-73.8693899,JACKIE ROBINSON PKWY,11385,102,UNKNOWN,Highway,1.3334713325226437,False,QUEENS,"(40.6982616, -73.8693899)",trafficstat,False,False,False,False,False,False,False,False,False,,,,,,,
2026-06-17,00:00,40.6982616,-73.8693899,JACKIE ROBINSON PKWY,11385,102,UNKNOWN,Highway,1.3334713325226437,False,QUEENS,"(40.6982616, -73.8693899)",trafficstat,True,False,False,False,False,False,False,False,True,,,,,,,
2026-08-28,00:00,40.6870043,-73.8323534,111 ST,11419,102,OTHER,Street,37.48033809409088,False,QUEENS,"(40.6870043, -73.8323534)",trafficstat,True,False,False,False,False,True,False,False,False,,,,,,,
2026-08-28,00:00,40.6915642,-73.8645784,77 ST,11421,102,UNKNOWN,Street,34.49439595395502,False,QUEENS,"(40.6915642, -73.8645784)",trafficstat,False,False,False,False,False,False,False,False,False,,,,,,,
2026-08-27,00:00,40.6959505,-73.862368,FOREST PKWY,11421,102,UNKNOWN,Street,0.4363331897726392,False,QUEENS,"(40.6959505, -73.862368)",trafficstat,False,False,False,False,False,False,False,False,False,,,,,,,
2026-08-20,00:00,40.6959505,-73.862368,FOREST PKWY,11421,102,OTHER,Street,0.4363331897726392,False,QUEENS,"(40.6959505, -73.862368)",trafficstat,True,False,True,False,False,False,False,False,False,,,,,,,
2026-08-27,00:00,40.70571,-73.8368692,MAYFAIR RD,11418,102,UNKNOWN,Street,59.58384935004852,False,QUEENS,"(40.70571, -73.8368692)",trafficstat,False,False,False,False,False,False,False,False,False,,,,,,,
2026-08-26,00:00,40.7025952,-73.8552926,MYRTLE AVE,11385,102,UNKNOWN,Street,3.13713209269269,False,QUEENS,"(40.7025952, -73.8552926)",trafficstat,False,False,False,False,False,False,False,False,False,,,,,,,
2026-08-25,00:00,40.6842399,-73.8460948,101 AVE,11416,102,UNKNOWN,Street,2.9049290831200554,False,QUEENS,"(40.6842399, -73.8460948)",trafficstat,False,False,False,False,False,False,False,False,False,,,,,,,
2026-08-24,00:00,40.685826,-73.8644618,ROCKAWAY BLVD,11421,102,OTHER,Street,40.33277970969632,False,QUEENS,"(40.685826, -73.8644618)",trafficstat,True,False,True,False,False,False,False,False,False,,,,,,,
2026-08-24,00:00,40.6864906,-73.8321063,111 ST,11419,102,UNKNOWN,Street,41.60764644137304,False,QUEENS,"(40.6864906, -73.8321063)",trafficstat,True,False,False,False,False,False,False,False,True,,,,,,,
2026-08-24,00:00,40.6910167,-73.8566447,87 ST,11421,102,UNKNOWN,Street,0.2215432605878926,False,QUEENS,"(40.6910167, -73.8566447)",trafficstat,True,False,True,False,False,False,False,False,False,,,,,,,
2026-08-24,00:00,40.6964957,-73.8360912,112 ST,11418,102,UNKNOWN,Street,38.51490667911764,False,QUEENS,"(40.6964957, -73.8360912)",trafficstat,True,False,False,False,False,False,False,True,False,,,,,,,
2026-08-24,00:00,40.7090519,-73.8414546,METROPOLITAN AVE,11415,102,OTHER,Street,1.1644380236959333,False,QUEENS,"(40.7090519, -73.8414546)",trafficstat,False,False,False,False,False,False,False,False,False,,,,,,,
2026-08-24,00:00,40.7029117,-73.8581988,MYRTLE AVE,11385,102,UNKNOWN,Bridge,2.6771439828399517,False,QUEENS,"(40.7029117, -73.8581988)",trafficstat,True,False,False,False,False,False,False,False,True,,,,,,,
2026-08-23,00:00,40.7021257,-73.8348083,116 ST,11418,102,UNKNOWN,Street,0.8971485480583601,False,QUEENS,"(40.7021257, -73.8348083)",trafficstat,False,False,False,False,False,False,False,False,False,,,,,,,
2026-08-23,00:00,40.7091639,-73.8410683,JACKIE ROBINSON PKWY,11415,102,UNKNOWN,Highway,0.5757466360839313,False,QUEENS,"(40.7091639, -73.8410683)",trafficstat,True,False,False,False,False,False,False,True,False,,,,,,,
2026-08-23,00:00,40.7001071,-73.8397613,110 ST,11418,102,UNKNOWN,Street,0.4527447212634018,False,QUEENS,"(40.7001071, -73.8397613)",trafficstat,False,False,False,False,False,False,False,False,False,,,,,,,
2026-08-23,00:00,40.6875068,-73.8368429,107 ST,11416,102,OTHER,Street,50.21111597633676,False,QUEENS,"(40.6875068, -73.8368429)",trafficstat,True,False,False,True,False,False,False,False,False,,,,,,,
2026-08-21,00:00,40.6855129,-73.8416137,101 ST,11416,102,UNKNOWN,Street,1.142966371490687,False,QUEENS,"(40.6855129, -73.8416137)",trafficstat,True,False,False,False,False,False,False,False,True,,,,,,,
2026-08-21,00:00,40.6827998,-73.8530568,87 ST,11416,102,UNKNOWN,Street,1.1552929941598034,False,QUEENS,"(40.6827998, -73.8530568)",trafficstat,False,False,False,False,False,False,False,False,False,,,,,,,
2026-08-21,00:00,40.6818028,-73.8613624,77 ST,11416,102,OTHER,Street,0.3237397898291075,False,QUEENS,"(40.6818028, -73.8613624)",trafficstat,True,False,True,False,False,False,False,False,False,,,,,,,
2026-08-20,00:00,40.6927253,-73.8555772,89 ST,11421,102,UNKNOWN,Street,0.480779931383929,False,QUEENS,"(40.6927253, -73.8555772)",trafficstat,True,False,False,True,False,False,False,False,False,,,,,,,
2026-07-23,00:00,40.6927253,-73.8555772,89 ST,11421,102,UNKNOWN,Street,0.480779931383929,False,QUEENS,"(40.6927253, -73.8555772)",trafficstat,True,False,False,True,False,False,False,False,False,,,,,,,
2026-08-20,00:00,40.6921293,-73.834833,111 ST,11418,102,UNKNOWN,Street,0.6288707633969001,False,QUEENS,"(40.6921293, -73.834833)",trafficstat,False,False,False,False,False,False,False,False,False,,,,,,,
2026-08-20,00:00,40.6963815,-73.81704,132 ST,11419,102,UNKNOWN,Street,0.6163703296850981,False,QUEENS,"(40.6963815, -73.81704)",trafficstat,False,False,False,False,False,False,False,False,False,,,,,,,
2026-08-20,00:00,40.7130208,-73.8331544,UNION TPKE,11415,102,UNKNOWN,Street,27.518483522952668,False,QUEENS,"(40.7130208, -73.8331544)",trafficstat,False,False,False,False,False,False,False,False,False,,,,,,,
2026-08-19,00:00,40.6995989,-73.8414973,108 ST,11418,102,UNKNOWN,Street,0.9662789785284633,False,QUEENS,"(40.6995989, -73.8414973)",trafficstat,False,False,False,False,False,False,False,False,False,,,,,,,
2026-08-19,00:00,40.7045039,-73.8174195,VAN WYCK EXPY,11435,102,UNKNOWN,Highway,0.891739383615792,False,QUEENS,"(40.7045039, -73.8174195)",trafficstat,False,False,False,False,False,False,False,False,False,,,,,,,
2026-08-19,00:00,40.6926002,-73.8150373,ALLEY,11419,102,UNKNOWN,Alley,27.310814601604534,False,QUEENS,"(40.6926002, -73.8150373)",trafficstat,True,False,False,True,False,False,False,False,False,,,,,,,
2026-08-19,00:00,40.6835134,-73.8406305,101 ST,11417,102,UNKNOWN,Street,0.908063295433121,False,QUEENS,"(40.6835134, -73.8406305)",trafficstat,False,False,False,False,False,False,False,False,False,,,,,,,
2026-08-19,00:00,40.6879802,-73.8380528,106 ST,11416,102,UNKNOWN,Street,44.72858393409083,False,QUEENS,"(40.6879802, -73.8380528)",trafficstat,False,False,False,False,False,False,False,False,False,,,,,,,
2026-08-18,00:00,40.6919608,-73.8633138,JAMAICA AVE,11421,102,UNKNOWN,Street,3.2178243851461903,False,QUEENS,"(40.6919608, -73.8633138)",trafficstat,True,False,False,False,False,True,False,False,False,,,,,,,
2026-08-18,00:00,40.6898733,-73.8428113,102 ST,11418,102,UNKNOWN,Street,0.667750297717388,False,QUEENS,"(40.6898733, -73.8428113)",trafficstat,True,False,False,True,False,False,False,False,False,,,,,,,
2026-08-18,00:00,40.6927716,-73.8133393,134 ST,11419,102,UNKNOWN,Street,0.675821761529464,False,QUEENS,"(40.6927716, -73.8133393)",trafficstat,False,False,False,False,False,False,False,False,False,,,,,,,
2026-08-18,00:00,40.6987137,-73.8337653,JAMAICA AVE,11418,102,UNKNOWN,Street,45.95899096879059,False,QUEENS,"(40.6987137, -73.8337653)",trafficstat,True,False,False,False,False,False,False,False,True,,,,,,,
2026-08-18,00:00,40.7083839,-73.8427077,JACKIE ROBINSON PKWY,11385,102,UNKNOWN,Highway,2.119496980941456,False,QUEENS,"(40.7083839, -73.8427077)",trafficstat,False,False,False,False,False,False,False,False,False,,,,,,,
2026-08-18,00:00,40.7027096,-73.836468,115 ST,11418,102,UNKNOWN,Street,50.64897324715047,False,QUEENS,"(40.7027096, -73.836468)",trafficstat,False,False,False,False,False,False,False,False,False,,,,,,,
2026-08-17,00:00,40.7009567,-73.825665,125 ST,11418,102,UNKNOWN,Street,0.313907826994633,False,QUEENS,"(40.7009567, -73.825665)",trafficstat,True,False,False,False,False,False,False,False,True,,,,,,,
2026-08-17,00:00,40.7050295,-73.8200784,135 ST,11418,102,UNKNOWN,Street,1.0942956843419824,False,QUEENS,"(40.7050295, -73.8200784)",trafficstat,False,False,False,False,False,False,False,False,False,,,,,,,
2026-08-17,00:00,40.7047352,-73.8268093,METROPOLITAN AVE,11415,102,UNKNOWN,Street,2.5455168092790226,False,QUEENS,"(40.7047352, -73.8268093)",trafficstat,False,False,False,False,False,False,False,False,False,,,,,,,
2026-08-17,00:00,40.6866848,-73.8539966,ATLANTIC AVE,11416,102,UNKNOWN,Street,30.30620569654416,False,QUEENS,"(40.6866848, -73.8539966)",trafficstat,True,False,False,False,False,False,False,False,True,,,,,,,
2026-08-16,00:00,40.6930483,-73.8383827,108 ST,11418,102,UNKNOWN,Street,0.2503222297528366,False,QUEENS,"(40.6930483, -73.8383827)",trafficstat,False,False,False,False,False,False,False,False,False,,,,,,,
2026-07-07,00:00,40.6930483,-73.8383827,108 ST,11418,102,UNKNOWN,Street,0.2503222297528366,False,QUEENS,"(40.6930483, -73.8383827)",trafficstat,False,False,False,False,False,False,False,False,False,,,,,,,
2026-08-16,00:00,40.6936625,-73.8521638,JAMAICA AVE,11421,102,OTHER,Street,2.617384133416983,False,QUEENS,"(40.6936625, -73.8521638)",trafficstat,False,False,False,False,False,False,False,False,False,,,,,,,
2026-08-07,00:00,40.6936625,-73.8521638,JAMAICA AVE,11421,102,UNKNOWN,Street,2.617384133416983,False,QUEENS,"(40.6936625, -73.8521638)",trafficstat,True,False,False,False,False,False,False,True,False,,,,,,,
2026-08-03,00:00,40.6936625,-73.8521638,JAMAICA AVE,11421,102,UNKNOWN,Street,2.617384133416983,False,QUEENS,"(40.6936625, -73.8521638)",trafficstat,True,False,False,True,False,False,False,False,False,,,,,,,
2026-07-29,00:00,40.6936625,-73.8521638,JAMAICA AVE,11421,102,UNKNOWN,Street,2.617384133416983,False,QUEENS,"(40.6936625, -73.8521638)",trafficstat,False,False,False,False,False,False,False,False,False,,,,,,,
2026-07-11,00:00,40.6936625,-73.8521638,JAMAICA AVE,11421,102,UNKNOWN,Street,2.617384133416983,False,QUEENS,"(40.6936625, -73.8521638)",trafficstat,True,False,False,False,False,False,False,False,True,,,,,,,
2026-07-09,00:00,40.6936625,-73.8521638,JAMAICA AVE,11421,102,UNKNOWN,Street,2.617384133416983,False,QUEENS,"(40.6936625, -73.8521638)",trafficstat,True,False,True,False,False,False,False,False,False,,,,,,,
2026-08-15,00:00,40.6881487,-73.843054,101 ST,11416,102,UNKNOWN,Street,39.31116262611012,False,QUEENS,"(40.6881487, -73.843054)",trafficstat,False,False,False,False,False,False,False,False,False,,,,,,,
2026-08-15,00:00,40.7141293,-73.8315118,JACKIE ROBINSON PKWY,11415,102,UNKNOWN,Highway,10.366894156826548,False,QUEENS,"(40.7141293, -73.8315118)",trafficstat,True,False,False,False,False,False,False,True,False,,,,,,,
2026-08-14,00:00,40.7126308,-73.8242782,HOOVER AVE,11415,102,OTHER,Street,2.985547959291263,False,QUEENS,"(40.7126308, -73.8242782)",trafficstat,False,False,False,False,False,False,False,False,False,,,,,,,
2026-08-14,00:00,40.7066304,-73.8328322,METROPOLITAN AVE,11415,102,UNKNOWN,Street,55.49884697832284,False,QUEENS,"(40.7066304, -73.8328322)",trafficstat,True,False,True,True,False,False,False,False,False,,,,,,,
2026-08-14,00:00,40.6968646,-73.8371654,111 ST,11418,102,UNKNOWN,Street,0.5320221647569104,False,QUEENS,"(40.6968646, -73.8371654)",trafficstat,True,False,False,False,False,False,False,False,True,,,,,,,
2026-06-25,00:00,40.6968646,-73.8371654,111 ST,11418,102,UNKNOWN,Street,0.5320221647569104,False,QUEENS,"(40.6968646, -73.8371654)",trafficstat,False,False,False,False,False,False,False,False,False,,,,,,,
2026-08-14,00:00,40.693515,-73.8638588,79 ST,11421,102,UNKNOWN,Street,0.537908724375566,False,QUEENS,"(40.693515, -73.8638588)",trafficstat,False,False,False,False,False,False,False,False,False,,,,,,,
2026-08-14,00:00,40.7104415,-73.8380606,JACKIE ROBINSON PKWY,11415,102,UNKNOWN,Highway,2.918617013673314,False,QUEENS,"(40.7104415, -73.8380606)",trafficstat,True,False,False,False,False,False,False,False,True,,,,,,,
2026-08-13,00:00,40.6891256,-73.8589027,89 AVE,11421,102,OTHER,Street,35.321465636162664,False,QUEENS,"(40.6891256, -73.8589027)",trafficstat,False,False,False,False,False,False,False,False,False,,,,,,,
2026-08-13,00:00,40.6953784,-73.8305805,117 ST,11418,102,UNKNOWN,Street,0.6999572799556376,False,QUEENS,"(40.6953784, -73.8305805)",trafficstat,False,False,False,False,False,False,False,False,False,,,,,,,
2026-07-18,00:00,40.6953784,-73.8305805,117 ST,11418,102,UNKNOWN,Street,0.6999572799556376,False,QUEENS,"(40.6953784, -73.8305805)",trafficstat,False,False,False,False,False,False,False,False,False,,,,,,,
2026-08-13,00:00,40.697189,-73.813958,VAN WYCK EXPY,11435,102,UNKNOWN,Street,0.623793498137131,False,QUEENS,"(40.697189, -73.813958)",trafficstat,False,False,False,False,False,False,False,False,False,,,,,,,
2026-07-28,00:00,40.697189,-73.813958,VAN WYCK EXPY,11435,102,OTHER,Street,0.623793498137131,False,QUEENS,"(40.697189, -73.813958)",trafficstat,False,False,False,False,False,False,False,False,False,,,,,,,
2026-06-12,00:00,40.697189,-73.813958,VAN WYCK EXPY,11435,102,UNKNOWN,Street,0.623793498137131,False,QUEENS,"(40.697189, -73.813958)",trafficstat,True,False,False,False,False,False,False,True,False,,,,,,,
2026-08-13,00:00,40.7074499,-73.8250998,127 ST,11415,102,UNKNOWN,Street,0.16221776099752303,False,QUEENS,"(40.7074499, -73.8250998)",trafficstat,True,False,False,False,False,False,False,True,False,,,,,,,
2026-08-13,00:00,40.7128932,-73.8282564,QUEENS BLVD,11415,102,UNKNOWN,Street,52.10993679552562,False,QUEENS,"(40.7128932, -73.8282564)",trafficstat,False,False,False,False,False,False,False,False,False,,,,,,,
2026-08-12,00:00,40.6977409,-73.8140841,VAN WYCK EXPY,11418,102,OTHER,Highway,0.5707575790670365,False,QUEENS,"(40.6977409, -73.8140841)",trafficstat,True,False,False,False,False,False,False,False,True,,,,,,,
2026-08-12,00:00,40.7071033,-73.8324926,ABINGDON RD,11415,102,UNKNOWN,Street,59.96464412502605,False,QUEENS,"(40.7071033, -73.8324926)",trafficstat,False,False,False,False,False,False,False,False,False,,,,,,,
2026-08-11,00:00,40.6980044,-73.8409055,86 AVE,11418,102,UNKNOWN,Street,47.985292342088464,False,QUEENS,"(40.6980044, -73.8409055)",trafficstat,False,False,False,False,False,False,False,False,False,,,,,,,
2026-08-10,00:00,40.7025705,-73.8330219,118 ST,11415,102,UNKNOWN,Street,0.8789436692909685,False,QUEENS,"(40.7025705, -73.8330219)",trafficstat,True,False,False,False,False,False,True,False,False,,,,,,,
2026-08-10,00:00,40.7038702,-73.8193782,KEW GARDENS RD,11418,102,UNKNOWN,Street,3.0423522318619063,False,QUEENS,"(40.7038702, -73.8193782)",trafficstat,False,False,False,False,False,False,False,False,False,,,,,,,
2026-08-10,00:00,40.6923012,-73.861779,JAMAICA AVE,11421,102,UNKNOWN,Street,33.36364435023209,False,QUEENS,"(40.6923012, -73.861779)",trafficstat,False,False,False,False,False,False,False,False,False,,,,,,,
2026-08-09,00:00,40.6950154,-73.8128334,VAN WYCK EXPY,11435,102,UNKNOWN,Street,21.79813259604939,False,QUEENS,"(40.6950154, -73.8128334)",trafficstat,False,False,False,False,False,False,False,False,False,,,,,,,