crash_date,crash_time,latitude,longitude,on_street_name,zip_code,precinct,collision_type,roadway_type,geocode_dist_feet,time_is_known,borough,location,source,injury,fatality,injured_pedestrian,injured_cyclist,injured_ebike_rider,injured_motorcyclist,injured_moped_rider,injured_car_occupant,injured_suv_occupant,number_of_persons_injured,number_of_persons_killed,contributing_factor_vehicle_1,collision_id,cross_street_name,off_street_name,vehicle_type_code1
2026-08-09,00:00,40.6934108,-73.8591852,85 ST,11421,102,UNKNOWN,Street,42.93917750616418,False,QUEENS,"(40.6934108, -73.8591852)",trafficstat,False,False,False,False,False,False,False,False,False,,,,,,,
2026-08-09,00:00,40.7014069,-73.8239111,JAMAICA AVE,11418,102,UNKNOWN,Street,3.433158601994298,False,QUEENS,"(40.7014069, -73.8239111)",trafficstat,False,False,False,False,False,False,False,False,False,,,,,,,
2026-08-09,00:00,40.6974024,-73.8415331,107 ST,11418,102,UNKNOWN,Street,45.61487718441094,False,QUEENS,"(40.6974024, -73.8415331)",trafficstat,False,False,False,False,False,False,False,False,False,,,,,,,
2026-08-09,00:00,40.6962013,-73.8458581,102 ST,11418,102,UNKNOWN,Street,0.9948257625879297,False,QUEENS,"(40.6962013, -73.8458581)",trafficstat,False,False,False,False,False,False,False,False,False,,,,,,,
2026-08-08,00:00,40.701016,-73.8681727,JACKIE ROBINSON PKWY,11385,102,UNKNOWN,Highway,2.519706837923153,False,QUEENS,"(40.701016, -73.8681727)",trafficstat,False,False,False,False,False,False,False,False,False,,,,,,,
2026-07-17,00:00,40.701016,-73.8681727,JACKIE ROBINSON PKWY,11385,102,UNKNOWN,Highway,2.519706837923153,False,QUEENS,"(40.701016, -73.8681727)",trafficstat,False,False,False,False,False,False,False,False,False,,,,,,,
2026-08-07,00:00,40.6923386,-73.8392463,107 ST,11418,102,UNKNOWN,Street,0.5197698943548594,False,QUEENS,"(40.6923386, -73.8392463)",trafficstat,False,False,False,False,False,False,False,False,False,,,,,,,
2026-08-07,00:00,40.7120013,-73.8254558,83 AVE,11415,102,UNKNOWN,Street,2.7128633700786704,False,QUEENS,"(40.7120013, -73.8254558)",trafficstat,True,False,True,False,False,False,False,False,False,,,,,,,
2026-07-07,00:00,40.7120013,-73.8254558,83 AVE,11415,102,OTHER,Street,2.7128633700786704,False,QUEENS,"(40.7120013, -73.8254558)",trafficstat,True,False,False,True,False,False,False,False,False,,,,,,,
2026-08-06,00:00,40.6926162,-73.8210453,97 AVE,11419,102,UNKNOWN,Street,49.63881889830649,False,QUEENS,"(40.6926162, -73.8210453)",trafficstat,False,False,False,False,False,False,False,False,False,,,,,,,
2026-08-06,00:00,40.7071553,-73.8274216,AUSTIN ST,11415,102,UNKNOWN,Street,39.425438741494716,False,QUEENS,"(40.7071553, -73.8274216)",trafficstat,False,False,False,False,False,False,False,False,False,,,,,,,
2026-08-06,00:00,40.6986937,-73.8340666,115 ST,11418,102,UNKNOWN,Street,0.9153928682885216,False,QUEENS,"(40.6986937, -73.8340666)",trafficstat,False,False,False,False,False,False,False,False,False,,,,,,,
2026-08-06,00:00,40.6975608,-73.8527466,PARK LN S,11421,102,UNKNOWN,Street,2.9307178392382105,False,QUEENS,"(40.6975608, -73.8527466)",trafficstat,False,False,False,False,False,False,False,False,False,,,,,,,
2026-08-04,00:00,40.6975608,-73.8527466,PARK LN S,11421,102,UNKNOWN,Street,2.9307178392382105,False,QUEENS,"(40.6975608, -73.8527466)",trafficstat,False,False,False,False,False,False,False,False,False,,,,,,,
2026-07-30,00:00,40.6975608,-73.8527466,PARK LN S,11421,102,UNKNOWN,Street,2.9307178392382105,False,QUEENS,"(40.6975608, -73.8527466)",trafficstat,True,False,False,False,False,False,False,False,True,,,,,,,
2026-07-18,00:00,40.6975608,-73.8527466,PARK LN S,11421,102,UNKNOWN,Street,2.9307178392382105,False,QUEENS,"(40.6975608, -73.8527466)",trafficstat,True,False,False,False,False,False,False,True,False,,,,,,,
2026-08-06,00:00,40.6961971,-73.8134785,VAN WYCK EXPY,11435,102,UNKNOWN,Street,21.782920566563547,False,QUEENS,"(40.6961971, -73.8134785)",trafficstat,True,False,False,False,False,False,False,True,False,,,,,,,
2026-08-05,00:00,40.7005933,-73.8545648,FOREST PARK DR,11385,102,OTHER,Street,3.0599528524846678,False,QUEENS,"(40.7005933, -73.8545648)",trafficstat,True,False,False,True,False,False,False,False,False,,,,,,,
2026-08-05,00:00,40.6911784,-73.8265921,LEFFERTS BLVD,11419,102,UNKNOWN,Street,0.4411386864303442,False,QUEENS,"(40.6911784, -73.8265921)",trafficstat,True,False,False,False,False,False,False,True,False,,,,,,,
2026-08-04,00:00,40.6884117,-73.8479278,ATLANTIC AVE,11421,102,UNKNOWN,Street,28.131666723412216,False,QUEENS,"(40.6884117, -73.8479278)",trafficstat,True,False,False,False,False,False,True,False,False,,,,,,,
2026-08-04,00:00,40.6864429,-73.8626004,78 ST,11421,102,UNKNOWN,Street,0.04287403787046279,False,QUEENS,"(40.6864429, -73.8626004)",trafficstat,True,False,False,True,False,False,False,False,False,,,,,,,
2026-08-03,00:00,40.6860045,-73.8366034,106 ST,11416,102,OTHER,Street,21.671907589100304,False,QUEENS,"(40.6860045, -73.8366034)",trafficstat,True,False,False,False,False,False,False,True,False,,,,,,,
2026-08-03,00:00,40.712521,-73.828027,82 AVE,11415,102,UNKNOWN,Street,23.748678239636735,False,QUEENS,"(40.712521, -73.828027)",trafficstat,False,False,False,False,False,False,False,False,False,,,,,,,
2026-08-03,00:00,40.6981961,-73.8494779,98 ST,11421,102,UNKNOWN,Street,1.3290869375607777,False,QUEENS,"(40.6981961, -73.8494779)",trafficstat,True,False,False,True,False,False,False,False,False,,,,,,,
2026-08-03,00:00,40.7116406,-73.8358993,PARK LN,11415,102,UNKNOWN,Street,1.562205216631469,False,QUEENS,"(40.7116406, -73.8358993)",trafficstat,False,False,False,False,False,False,False,False,False,,,,,,,
2026-07-08,00:00,40.7116406,-73.8358993,PARK LN,11415,102,UNKNOWN,Street,1.562205216631469,False,QUEENS,"(40.7116406, -73.8358993)",trafficstat,True,False,False,False,False,False,False,True,False,,,,,,,
2026-06-23,00:00,40.7116406,-73.8358993,PARK LN,11415,102,UNKNOWN,Street,1.562205216631469,False,QUEENS,"(40.7116406, -73.8358993)",trafficstat,False,False,False,False,False,False,False,False,False,,,,,,,
2026-08-03,00:00,40.7099,-73.8290878,LEFFERTS BLVD,11415,102,UNKNOWN,Street,44.29136722458184,False,QUEENS,"(40.7099, -73.8290878)",trafficstat,True,False,False,True,False,False,False,False,False,,,,,,,
2026-08-02,00:00,40.6877111,-73.8453368,95 AVE,11416,102,UNKNOWN,Street,2.750126264605527,False,QUEENS,"(40.6877111, -73.8453368)",trafficstat,True,False,False,False,False,False,False,False,True,,,,,,,
2026-08-01,00:00,40.6926172,-73.8215219,125 ST,11419,102,UNKNOWN,Street,0.3331829088912714,False,QUEENS,"(40.6926172, -73.8215219)",trafficstat,True,False,False,True,False,False,False,False,False,,,,,,,
2026-08-01,00:00,40.6932631,-73.8532357,92 ST,11421,102,UNKNOWN,Street,0.9867516629320563,False,QUEENS,"(40.6932631, -73.8532357)",trafficstat,True,False,True,False,False,False,False,False,False,,,,,,,
2026-07-31,00:00,40.6899534,-73.8259931,LEFFERTS BLVD,11419,102,UNKNOWN,Street,0.6645045599735445,False,QUEENS,"(40.6899534, -73.8259931)",trafficstat,True,False,True,False,False,False,False,False,False,,,,,,,
2026-07-31,00:00,40.7024937,-73.8598025,JACKIE ROBINSON PKWY,11385,102,UNKNOWN,Highway,1.7216673371725508,False,QUEENS,"(40.7024937, -73.8598025)",trafficstat,True,False,False,False,False,False,False,False,True,,,,,,,
2026-07-30,00:00,40.6908285,-73.8331054,112 ST,11419,102,UNKNOWN,Street,0.9822706937905813,False,QUEENS,"(40.6908285, -73.8331054)",trafficstat,True,False,False,True,False,False,False,False,False,,,,,,,
2026-07-30,00:00,40.6907787,-73.8407621,ATLANTIC AVE,11418,102,UNKNOWN,Street,82.9295482312975,False,QUEENS,"(40.6907787, -73.8407621)",trafficstat,True,False,False,False,False,False,False,False,True,,,,,,,
2026-07-30,00:00,40.6860506,-73.8317219,111 ST,11419,102,UNKNOWN,Street,0.40139390118429896,False,QUEENS,"(40.6860506, -73.8317219)",trafficstat,True,False,False,False,False,False,False,False,True,,,,,,,
2026-07-29,00:00,40.6881494,-73.8488335,WOODHAVEN BLVD,11421,102,UNKNOWN,Bridge,19.111031820380834,False,QUEENS,"(40.6881494, -73.8488335)",trafficstat,False,False,False,False,False,False,False,False,False,,,,,,,
2026-06-30,00:00,40.6881494,-73.8488335,WOODHAVEN BLVD,11421,102,UNKNOWN,Bridge,19.111031820380834,False,QUEENS,"(40.6881494, -73.8488335)",trafficstat,True,False,False,False,False,False,False,True,False,,,,,,,
2026-07-29,00:00,40.6903512,-73.8410757,104 ST,11418,102,OTHER,Street,0.9749262756656618,False,QUEENS,"(40.6903512, -73.8410757)",trafficstat,False,False,False,False,False,False,False,False,False,,,,,,,
2026-07-19,00:00,40.6903512,-73.8410757,104 ST,11418,102,UNKNOWN,Street,0.9749262756656618,False,QUEENS,"(40.6903512, -73.8410757)",trafficstat,False,False,False,False,False,False,False,False,False,,,,,,,
2026-07-08,00:00,40.6903512,-73.8410757,104 ST,11418,102,UNKNOWN,Street,0.9749262756656618,False,QUEENS,"(40.6903512, -73.8410757)",trafficstat,True,False,False,False,False,False,False,True,False,,,,,,,
2026-07-29,00:00,40.6982595,-73.8263104,89 AVE,11418,102,UNKNOWN,Street,2.5041591406716175,False,QUEENS,"(40.6982595, -73.8263104)",trafficstat,False,False,False,False,False,False,False,False,False,,,,,,,
2026-07-29,00:00,40.6933641,-73.8210448,126 ST,11419,102,UNKNOWN,Street,42.06005982989508,False,QUEENS,"(40.6933641, -73.8210448)",trafficstat,False,False,False,False,False,False,False,False,False,,,,,,,
2026-07-27,00:00,40.6968445,-73.8528059,WOODHAVEN BLVD,11421,102,OTHER,Street,12.620274746119952,False,QUEENS,"(40.6968445, -73.8528059)",trafficstat,False,False,False,False,False,False,False,False,False,,,,,,,
2026-07-13,00:00,40.6968445,-73.8528059,WOODHAVEN BLVD,11421,102,UNKNOWN,Street,12.620274746119952,False,QUEENS,"(40.6968445, -73.8528059)",trafficstat,False,False,False,False,False,False,False,False,False,,,,,,,
2026-07-27,00:00,40.70277,-73.82607,125 ST,11418,102,OTHER,Street,0.22067879592503417,False,QUEENS,"(40.70277, -73.82607)",trafficstat,True,False,True,False,False,False,False,False,False,,,,,,,
2026-07-27,00:00,40.6876512,-73.8627392,78 ST,11421,102,UNKNOWN,Street,37.34402190339833,False,QUEENS,"(40.6876512, -73.8627392)",trafficstat,False,False,False,False,False,False,False,False,False,,,,,,,
2026-07-26,00:00,40.6939631,-73.8617685,FOREST PKWY,11421,102,UNKNOWN,Street,55.51656856430169,False,QUEENS,"(40.6939631, -73.8617685)",trafficstat,False,False,False,False,False,False,False,False,False,,,,,,,
2026-07-26,00:00,40.6926066,-73.8661016,76 ST,11421,102,UNKNOWN,Street,34.23927043507415,False,QUEENS,"(40.6926066, -73.8661016)",trafficstat,False,False,False,False,False,False,False,False,False,,,,,,,
2026-07-26,00:00,40.701521,-73.8297728,121 ST,11418,102,UNKNOWN,Street,46.09552563373402,False,QUEENS,"(40.701521, -73.8297728)",trafficstat,False,False,False,False,False,False,False,False,False,,,,,,,
2026-07-26,00:00,40.7077814,-73.8277652,AUSTIN ST,11415,102,UNKNOWN,Street,35.09075463994866,False,QUEENS,"(40.7077814, -73.8277652)",trafficstat,False,False,False,False,False,False,False,False,False,,,,,,,
2026-07-26,00:00,40.7151293,-73.8283673,JACKIE ROBINSON PKWY ET 7 EB,11375,102,UNKNOWN,Highway,13.2819366935445,False,QUEENS,"(40.7151293, -73.8283673)",trafficstat,True,False,False,False,False,True,False,False,False,,,,,,,
2026-07-26,00:00,40.695616,-73.8297504,118 ST,11418,102,OTHER,Street,0.27403112269335717,False,QUEENS,"(40.695616, -73.8297504)",trafficstat,True,False,True,False,False,False,False,False,False,,,,,,,
2026-07-25,00:00,40.7019814,-73.8356598,115 ST,11418,102,OTHER,Street,0.48669895997705354,False,QUEENS,"(40.7019814, -73.8356598)",trafficstat,True,False,False,True,False,False,False,False,False,,,,,,,
2026-07-25,00:00,40.6925217,-73.8250874,121 ST,11419,102,UNKNOWN,Street,53.38665295366538,False,QUEENS,"(40.6925217, -73.8250874)",trafficstat,False,False,False,False,False,False,False,False,False,,,,,,,
2026-07-25,00:00,40.6881091,-73.8575869,85 ST,11421,102,UNKNOWN,Street,35.34532505853287,False,QUEENS,"(40.6881091, -73.8575869)",trafficstat,True,False,False,False,False,False,False,False,True,,,,,,,
2026-07-24,00:00,40.6847752,-73.850608,97 AVE,11416,102,UNKNOWN,Street,37.24228795944964,False,QUEENS,"(40.6847752, -73.850608)",trafficstat,False,False,False,False,False,False,False,False,False,,,,,,,
2026-07-24,00:00,40.6961391,-73.8528291,85 RD,11421,102,UNKNOWN,Street,3.2507197855767576,False,QUEENS,"(40.6961391, -73.8528291)",trafficstat,True,False,False,False,False,False,False,True,False,,,,,,,
2026-07-24,00:00,40.6916131,-73.8366662,ATLANTIC AVE,11419,102,UNKNOWN,Street,27.265036338389706,False,QUEENS,"(40.6916131, -73.8366662)",trafficstat,True,False,False,True,False,False,False,False,False,,,,,,,
2026-07-23,00:00,40.6922218,-73.8553045,89 ST,11421,102,UNKNOWN,Street,20.44208211961946,False,QUEENS,"(40.6922218, -73.8553045)",trafficstat,False,False,False,False,False,False,False,False,False,,,,,,,
2026-07-23,00:00,40.7007003,-73.8380468,112 ST,11418,102,OTHER,Street,0.3898223963996113,False,QUEENS,"(40.7007003, -73.8380468)",trafficstat,False,False,False,False,False,False,False,False,False,,,,,,,
2026-07-22,00:00,40.7015629,-73.8405827,84 AVE,11418,102,UNKNOWN,Street,204.8281324650564,False,QUEENS,"(40.7015629, -73.8405827)",trafficstat,False,False,False,False,False,False,False,False,False,,,,,,,
2026-07-22,00:00,40.694476,-73.8379297,109 ST,11418,102,UNKNOWN,Street,43.387428120305614,False,QUEENS,"(40.694476, -73.8379297)",trafficstat,True,False,True,False,False,False,False,False,False,,,,,,,
2026-07-22,00:00,40.6994559,-73.8354172,114 ST,11418,102,UNKNOWN,Street,0.44705484076911706,False,QUEENS,"(40.6994559, -73.8354172)",trafficstat,False,False,False,False,False,False,False,False,False,,,,,,,
2026-07-22,00:00,40.6926796,-73.856313,88 ST,11421,102,UNKNOWN,Street,0.20188802480654577,False,QUEENS,"(40.6926796, -73.856313)",trafficstat,True,False,False,False,False,True,False,False,False,,,,,,,
2026-07-22,00:00,40.69433,-73.826959,120 ST,11419,102,UNKNOWN,Street,0.4479077287777059,False,QUEENS,"(40.69433, -73.826959)",trafficstat,True,False,False,False,False,False,False,True,False,,,,,,,
2026-07-22,00:00,40.6833522,-73.8411969,100 ST,11417,102,UNKNOWN,Street,0.828369494653234,False,QUEENS,"(40.6833522, -73.8411969)",trafficstat,False,False,False,False,False,False,False,False,False,,,,,,,
2026-07-22,00:00,40.6796328,-73.8622971,101 AVE,11416,102,UNKNOWN,Street,2.4518057155880673,False,QUEENS,"(40.6796328, -73.8622971)",trafficstat,True,False,False,True,False,False,False,False,False,,,,,,,
2026-07-21,00:00,40.6867295,-73.8312437,112 ST,11419,102,UNKNOWN,Street,38.39591768412389,False,QUEENS,"(40.6867295, -73.8312437)",trafficstat,False,False,False,False,False,False,False,False,False,,,,,,,
2026-07-21,00:00,40.6933003,-73.8148032,101 AVE,11419,102,UNKNOWN,Street,54.09813503852549,False,QUEENS,"(40.6933003, -73.8148032)",trafficstat,True,False,False,False,False,False,False,False,False,,,,,,,
2026-07-21,00:00,40.6995575,-73.8308745,LEFFERTS BLVD,11418,102,UNKNOWN,Street,53.750768558448115,False,QUEENS,"(40.6995575, -73.8308745)",trafficstat,True,False,True,False,False,False,False,False,False,,,,,,,
2026-07-20,00:00,40.713289,-73.8331047,JACKIE ROBINSON PKWY,11415,102,UNKNOWN,Highway,4.109669108235565,False,QUEENS,"(40.713289, -73.8331047)",trafficstat,True,False,False,False,False,False,False,False,True,,,,,,,
2026-07-20,00:00,40.6906096,-73.8334469,95 AVE,11419,102,UNKNOWN,Street,42.84846719442696,False,QUEENS,"(40.6906096, -73.8334469)",trafficstat,False,False,False,False,False,False,False,False,False,,,,,,,
2026-07-19,00:00,40.6812503,-73.8589347,80 ST,11416,102,UNKNOWN,Street,39.67213559184891,False,QUEENS,"(40.6812503, -73.8589347)",trafficstat,False,False,False,False,False,False,False,False,False,,,,,,,
2026-07-19,00:00,40.6848435,-73.8359508,106 ST,11417,102,UNKNOWN,Street,0.7231641423719964,False,QUEENS,"(40.6848435, -73.8359508)",trafficstat,False,False,False,False,False,False,False,False,False,,,,,,,
2026-07-19,00:00,40.6962845,-73.8565373,89 ST,11421,102,OTHER,Street,38.49542707585586,False,QUEENS,"(40.6962845, -73.8565373)",trafficstat,False,False,False,False,False,False,False,False,False,,,,,,,
2026-07-19,00:00,40.6921515,-73.8621487,80 ST,11421,102,UNKNOWN,Street,0.2922292502588879,False,QUEENS,"(40.6921515, -73.8621487)",trafficstat,True,False,False,False,False,True,False,False,False,,,,,,,
2026-07-18,00:00,40.6973285,-73.8296054,LEFFERTS BLVD,11418,102,UNKNOWN,Street,0.30846250516096985,False,QUEENS,"(40.6973285, -73.8296054)",trafficstat,False,False,False,False,False,False,False,False,False,,,,,,,
2026-07-18,00:00,40.6945994,-73.848653,97 ST,11421,102,UNKNOWN,Street,0.5786383525549168,False,QUEENS,"(40.6945994, -73.848653)",trafficstat,True,False,False,False,False,False,False,True,False,,,,,,,
2026-06-22,00:00,40.6945994,-73.848653,97 ST,11421,102,UNKNOWN,Street,0.5786383525549168,False,QUEENS,"(40.6945994, -73.848653)",trafficstat,False,False,False,False,False,False,False,False,False,,,,,,,
2026-07-17,00:00,40.6895852,-73.8288216,116 ST,11419,102,UNKNOWN,Street,37.160342871945595,False,QUEENS,"(40.6895852, -73.8288216)",trafficstat,True,False,False,False,False,False,False,False,True,,,,,,,
2026-07-17,00:00,40.695219,-73.8419873,JAMAICA AVE,11418,102,UNKNOWN,Street,2.576621731333965,False,QUEENS,"(40.695219, -73.8419873)",trafficstat,False,False,False,False,False,False,False,False,False,,,,,,,
2026-07-17,00:00,40.6943535,-73.8559668,89 ST,11421,102,OTHER,Street,0.2891567651528168,False,QUEENS,"(40.6943535, -73.8559668)",trafficstat,True,False,False,False,False,False,False,True,False,,,,,,,
2026-07-16,00:00,40.7008171,-73.8391213,111 ST,11418,102,OTHER,Street,0.7601529354420599,False,QUEENS,"(40.7008171, -73.8391213)",trafficstat,True,False,True,False,False,False,False,False,False,,,,,,,
2026-07-16,00:00,40.7027943,-73.8321305,LEFFERTS BLVD,11415,102,UNKNOWN,Street,0.185455502328631,False,QUEENS,"(40.7027943, -73.8321305)",trafficstat,False,False,False,False,False,False,False,False,False,,,,,,,
2026-07-16,00:00,40.7020648,-73.8288468,122 ST,11418,102,UNKNOWN,Street,0.404308807599702,False,QUEENS,"(40.7020648, -73.8288468)",trafficstat,True,False,False,False,False,False,False,False,True,,,,,,,
2026-07-16,00:00,40.6940673,-73.8510486,JAMAICA AVE,11421,102,UNKNOWN,Street,2.6855446810577623,False,QUEENS,"(40.6940673, -73.8510486)",trafficstat,True,False,True,False,False,False,False,False,False,,,,,,,
2026-07-16,00:00,40.69438,-73.86658,76 ST,11421,102,UNKNOWN,Street,0.24377226586735745,False,QUEENS,"(40.69438, -73.86658)",trafficstat,False,False,False,False,False,False,False,False,False,,,,,,,
2026-07-15,00:00,40.6946808,-73.8142751,134 ST,11419,102,UNKNOWN,Street,0.533725895364146,False,QUEENS,"(40.6946808, -73.8142751)",trafficstat,False,False,False,False,False,False,False,False,False,,,,,,,
2026-07-15,00:00,40.6923975,-73.8659021,76 ST,11421,102,UNKNOWN,Street,0.1092487728868093,False,QUEENS,"(40.6923975, -73.8659021)",trafficstat,True,False,False,False,False,False,False,False,True,,,,,,,
2026-07-15,00:00,40.7013261,-73.8163488,VAN WYCK EXPY,11418,102,UNKNOWN,Street,21.78160034797612,False,QUEENS,"(40.7013261, -73.8163488)",trafficstat,False,False,False,False,False,False,False,False,False,,,,,,,
2026-07-04,00:00,40.7013261,-73.8163488,VAN WYCK EXPY,11418,102,UNKNOWN,Street,21.78160034797612,False,QUEENS,"(40.7013261, -73.8163488)",trafficstat,False,False,False,False,False,False,False,False,False,,,,,,,
2026-06-18,00:00,40.7013261,-73.8163488,VAN WYCK EXPY,11418,102,OTHER,Street,21.78160034797612,False,QUEENS,"(40.7013261, -73.8163488)",trafficstat,False,False,False,False,False,False,False,False,False,,,,,,,
2026-07-13,00:00,40.6981631,-73.8696858,JACKIE ROBINSON PKWY,11385,102,UNKNOWN,Highway,5.104563187824888,False,QUEENS,"(40.6981631, -73.8696858)",trafficstat,False,False,False,False,False,False,False,False,False,,,,,,,
2026-06-23,00:00,40.6981631,-73.8696858,JACKIE ROBINSON PKWY,11385,102,UNKNOWN,Highway,5.104563187824888,False,QUEENS,"(40.6981631, -73.8696858)",trafficstat,True,False,False,False,False,False,False,True,True,,,,,,,
2026-07-13,00:00,40.686589,-73.8607313,80 ST,11421,102,UNKNOWN,Street,37.147405217086124,False,QUEENS,"(40.686589, -73.8607313)",trafficstat,False,False,False,False,False,False,False,False,False,,,,,,,
2026-07-13,00:00,40.6894769,-73.8274606,101 AVE,11419,102,UNKNOWN,Street,23.823079361100678,False,QUEENS,"(40.6894769, -73.8274606)",trafficstat,True,False,False,False,False,False,False,True,False,,,,,,,
2026-07-12,00:00,40.6913591,-73.8375358,108 ST,11418,102,UNKNOWN,Street,0.5082396625528798,False,QUEENS,"(40.6913591, -73.8375358)",trafficstat,True,False,False,False,False,False,False,True,False,,,,,,,
2026-07-02,00:00,40.6913591,-73.8375358,108 ST,11418,102,OTHER,Street,0.5082396625528798,False,QUEENS,"(40.6913591, -73.8375358)",trafficstat,True,False,True,False,False,False,False,False,False,,,,,,,
2026-07-12,00:00,40.6924413,-73.8440746,102 ST,11418,102,UNKNOWN,Street,1.1120063620252911,False,QUEENS,"(40.6924413, -73.8440746)",trafficstat,True,False,False,True,False,False,False,False,False,,,,,,,
2026-07-12,00:00,40.711692,-73.8341786,ALLEY,11415,102,UNKNOWN,Alley,39.95160716807745,False,QUEENS,"(40.711692, -73.8341786)",trafficstat,False,False,False,False,False,False,False,False,False,,,,,,,
2026-07-11,00:00,40.6872,-73.842445,101 ST,11416,102,UNKNOWN,Street,1.3063388443366548,False,QUEENS,"(40.6872, -73.842445)",trafficstat,True,False,False,False,False,False,False,True,False,,,,,,,
2026-07-11,00:00,40.6886494,-73.8470979,96 ST,11416,102,UNKNOWN,Street,0.9429615693552847,False,QUEENS,"(40.6886494, -73.8470979)",trafficstat,True,False,False,False,False,False,False,False,True,,,,,,,
2026-07-11,00:00,40.6828083,-73.8511279,89 ST,11416,102,UNKNOWN,Street,0.4806599279045792,False,QUEENS,"(40.6828083, -73.8511279)",trafficstat,False,False,False,False,False,False,False,False,False,,,,,,,
2026-07-10,00:00,40.6847527,-73.860765,ROCKAWAY BLVD,11416,102,UNKNOWN,Street,2.9470219222427683,False,QUEENS,"(40.6847527, -73.860765)",trafficstat,False,False,False,False,False,False,False,False,False,,,,,,,
2026-07-10,00:00,40.6912692,-73.8644998,77 ST,11421,102,UNKNOWN,Street,37.53614586107582,False,QUEENS,"(40.6912692, -73.8644998)",trafficstat,False,False,False,False,False,False,False,False,False,,,,,,,
2026-07-10,00:00,40.7087331,-73.8305203,LEFFERTS BLVD,11415,102,OTHER,Street,23.416193268676725,False,QUEENS,"(40.7087331, -73.8305203)",trafficstat,False,False,False,False,False,False,False,False,False,,,,,,,
2026-07-09,00:00,40.7071196,-73.8241187,KEW GARDENS RD,11415,102,OTHER,Street,44.60819073726087,False,QUEENS,"(40.7071196, -73.8241187)",trafficstat,False,False,False,False,False,False,False,False,False,,,,,,,
2026-07-08,00:00,40.6988301,-73.820719,130 ST,11418,102,UNKNOWN,Street,0.6528518321275627,False,QUEENS,"(40.6988301, -73.820719)",trafficstat,False,False,False,False,False,False,False,False,False,,,,,,,
2026-07-08,00:00,40.6924223,-73.8345316,ATLANTIC AVE,11418,102,UNKNOWN,Street,40.473507239056644,False,QUEENS,"(40.6924223, -73.8345316)",trafficstat,False,False,False,False,False,False,False,False,False,,,,,,,
2026-07-07,00:00,40.6923578,-73.8224313,124 ST,11419,102,UNKNOWN,Street,0.6247282137370318,False,QUEENS,"(40.6923578, -73.8224313)",trafficstat,False,False,False,False,False,False,False,False,False,,,,,,,
2026-07-07,00:00,40.703728,-73.821539,131 ST,11415,102,UNKNOWN,Street,0.07678765840886626,False,QUEENS,"(40.703728, -73.821539)",trafficstat,False,False,False,False,False,False,False,False,False,,,,,,,
2026-07-02,00:00,40.703728,-73.821539,131 ST,11415,102,UNKNOWN,Street,0.07678765840886626,False,QUEENS,"(40.703728, -73.821539)",trafficstat,True,False,False,False,False,True,False,False,False,,,,,,,
2026-07-07,00:00,40.6930303,-73.8522727,WOODHAVEN BLVD,11421,102,UNKNOWN,Street,48.95472855979278,False,QUEENS,"(40.6930303, -73.8522727)",trafficstat,False,False,False,False,False,False,False,False,False,,,,,,,
2026-07-07,00:00,40.7023122,-73.8176137,JAMAICA AVE,11418,102,UNKNOWN,Street,38.47222092702543,False,QUEENS,"(40.7023122, -73.8176137)",trafficstat,False,False,False,False,False,False,False,False,False,,,,,,,
2026-07-06,00:00,40.6955268,-73.8185946,130 ST,11419,102,UNKNOWN,Street,38.936550239507746,False,QUEENS,"(40.6955268, -73.8185946)",trafficstat,False,False,False,False,False,False,False,False,False,,,,,,,
2026-07-05,00:00,40.6958602,-73.8181683,ATLANTIC AVE,11419,102,OTHER,Street,48.67794104726011,False,QUEENS,"(40.6958602, -73.8181683)",trafficstat,True,False,True,False,False,False,False,False,False,,,,,,,
2026-07-05,00:00,40.6911187,-73.8292845,116 ST,11419,102,UNKNOWN,Street,38.222525545995055,False,QUEENS,"(40.6911187, -73.8292845)",trafficstat,True,False,False,False,False,False,False,True,False,,,,,,,
2026-07-05,00:00,40.6808791,-73.8579068,81 ST,11416,102,UNKNOWN,Street,0.8674769501892307,False,QUEENS,"(40.6808791, -73.8579068)",trafficstat,False,False,False,False,False,False,False,False,False,,,,,,,
2026-07-04,00:00,40.6840038,-73.8634275,76 ST,11416,102,UNKNOWN,Street,0.07538819019568473,False,QUEENS,"(40.6840038, -73.8634275)",trafficstat,False,False,False,False,False,False,False,False,False,,,,,,,
2026-07-04,00:00,40.7025353,-73.8276709,HILLSIDE AVE,11418,102,UNKNOWN,Street,57.096190282230914,False,QUEENS,"(40.7025353, -73.8276709)",trafficstat,True,False,False,False,False,True,False,False,False,,,,,,,
2026-07-04,00:00,40.7086056,-73.8306623,LEFFERTS BLVD,11415,102,UNKNOWN,Street,0.6733123325145302,False,QUEENS,"(40.7086056, -73.8306623)",trafficstat,True,False,False,False,False,False,False,True,False,,,,,,,
2026-07-03,00:00,40.710548,-73.8376564,JACKIE ROBINSON PKWY,11415,102,UNKNOWN,Highway,0.2886243833548414,False,QUEENS,"(40.710548, -73.8376564)",trafficstat,True,False,False,False,False,False,False,True,False,,,,,,,
2026-07-03,00:00,40.6980907,-73.8354187,JAMAICA AVE,11418,102,OTHER,Street,38.4075980894253,False,QUEENS,"(40.6980907, -73.8354187)",trafficstat,False,False,False,False,False,False,False,False,False,,,,,,,