crash_date,crash_time,latitude,longitude,on_street_name,zip_code,precinct,collision_type,roadway_type,geocode_dist_feet,time_is_known,borough,location,source,injury,fatality,injured_pedestrian,injured_cyclist,injured_ebike_rider,injured_motorcyclist,injured_moped_rider,injured_car_occupant,injured_suv_occupant,number_of_persons_injured,number_of_persons_killed,contributing_factor_vehicle_1,collision_id,cross_street_name,off_street_name,vehicle_type_code1
2026-07-03,00:00,40.6862854,-73.8308848,112 ST,11419,102,UNKNOWN,Street,0.6959238414048158,False,QUEENS,"(40.6862854, -73.8308848)",trafficstat,True,False,True,False,False,False,False,False,False,,,,,,,
2026-07-02,00:00,40.700002,-73.8428005,107 ST,11418,102,UNKNOWN,Street,36.81196704264903,False,QUEENS,"(40.700002, -73.8428005)",trafficstat,False,False,False,False,False,False,False,False,False,,,,,,,
2026-07-02,00:00,40.7046495,-73.8319599,120 ST,11415,102,UNKNOWN,Street,0.42890520098575763,False,QUEENS,"(40.7046495, -73.8319599)",trafficstat,False,False,False,False,False,False,False,False,False,,,,,,,
2026-07-02,00:00,40.708953,-73.8308279,GRENFELL ST,11415,102,OTHER,Street,54.28511833421203,False,QUEENS,"(40.708953, -73.8308279)",trafficstat,False,False,False,False,False,False,False,False,False,,,,,,,
2026-07-01,00:00,40.6981254,-73.8336227,115 ST,11418,102,UNKNOWN,Street,41.955325929252496,False,QUEENS,"(40.6981254, -73.8336227)",trafficstat,False,False,False,False,False,False,False,False,False,,,,,,,
2026-06-30,00:00,40.6969109,-73.8426552,105 ST,11418,102,UNKNOWN,Street,46.9944815154459,False,QUEENS,"(40.6969109, -73.8426552)",trafficstat,False,False,False,False,False,False,False,False,False,,,,,,,
2026-06-30,00:00,40.7075733,-73.836187,116 ST,11418,102,UNKNOWN,Street,1.190088621323732,False,QUEENS,"(40.7075733, -73.836187)",trafficstat,False,False,False,False,False,False,False,False,False,,,,,,,
2026-06-30,00:00,40.7020093,-73.821201,JAMAICA AVE,11418,102,OTHER,Street,3.0520478410541645,False,QUEENS,"(40.7020093, -73.821201)",trafficstat,False,False,False,False,False,False,False,False,False,,,,,,,
2026-06-29,00:00,40.6975059,-73.8464249,102 ST,11418,102,UNKNOWN,Street,0.31159194282836217,False,QUEENS,"(40.6975059, -73.8464249)",trafficstat,False,False,False,False,False,False,False,False,False,,,,,,,
2026-06-29,00:00,40.6844958,-73.8616777,ATLANTIC AVE,11416,102,OTHER,Street,24.372346816743104,False,QUEENS,"(40.6844958, -73.8616777)",trafficstat,True,False,False,False,False,True,False,False,False,,,,,,,
2026-06-29,00:00,40.6960737,-73.8370587,111 ST,11418,102,OTHER,Street,72.31717864259646,False,QUEENS,"(40.6960737, -73.8370587)",trafficstat,False,False,False,False,False,False,False,False,False,,,,,,,
2026-06-29,00:00,40.7101886,-73.8211177,VAN WYCK EXPY,11415,102,UNKNOWN,Street,1.1339192006745848,False,QUEENS,"(40.7101886, -73.8211177)",trafficstat,True,False,False,True,False,False,False,False,False,,,,,,,
2026-06-29,00:00,40.7078673,-73.8484475,JACKIE ROBINSON PKWY,11385,102,UNKNOWN,Highway,1.38479403586317,False,QUEENS,"(40.7078673, -73.8484475)",trafficstat,False,False,False,False,False,False,False,False,False,,,,,,,
2026-06-29,00:00,40.7073648,-73.8287502,BREVOORT ST,11415,102,UNKNOWN,Street,1.3301707269710994,False,QUEENS,"(40.7073648, -73.8287502)",trafficstat,False,False,False,False,False,False,False,False,False,,,,,,,
2026-06-28,00:00,40.6894501,-73.8396505,95 AVE,11416,102,OTHER,Street,38.70619667640694,False,QUEENS,"(40.6894501, -73.8396505)",trafficstat,False,False,False,False,False,False,False,False,False,,,,,,,
2026-06-28,00:00,40.6977038,-73.8511004,PARK LN S,11421,102,UNKNOWN,Street,50.71529273069992,False,QUEENS,"(40.6977038, -73.8511004)",trafficstat,False,False,False,False,False,False,False,False,False,,,,,,,
2026-06-28,00:00,40.7031441,-73.8301434,121 ST,11415,102,UNKNOWN,Street,38.40643101134156,False,QUEENS,"(40.7031441, -73.8301434)",trafficstat,False,False,False,False,False,False,False,False,False,,,,,,,
2026-06-28,00:00,40.700464,-73.8359232,114 ST,11418,102,UNKNOWN,Street,1.0854663487892167,False,QUEENS,"(40.700464, -73.8359232)",trafficstat,True,False,False,False,False,False,False,True,False,,,,,,,
2026-06-27,00:00,40.7034711,-73.8294599,122 ST,11415,102,UNKNOWN,Street,0.8588901101658352,False,QUEENS,"(40.7034711, -73.8294599)",trafficstat,False,False,False,False,False,False,False,False,False,,,,,,,
2026-06-27,00:00,40.6940516,-73.8280091,LEFFERTS BLVD,11419,102,UNKNOWN,Street,1.2219125002653566,False,QUEENS,"(40.6940516, -73.8280091)",trafficstat,False,False,False,False,False,False,False,False,False,,,,,,,
2026-06-27,00:00,40.688042,-73.8327446,111 ST,11419,102,UNKNOWN,Street,1.2453485619535343,False,QUEENS,"(40.688042, -73.8327446)",trafficstat,True,False,False,False,False,False,False,False,True,,,,,,,
2026-06-26,00:00,40.689476,-73.82768,117 ST,11419,102,UNKNOWN,Street,0.510148944101015,False,QUEENS,"(40.689476, -73.82768)",trafficstat,True,False,False,False,False,False,False,False,True,,,,,,,
2026-06-26,00:00,40.6933843,-73.8188441,129 ST,11419,102,UNKNOWN,Street,0.980968721400691,False,QUEENS,"(40.6933843, -73.8188441)",trafficstat,True,False,False,True,False,False,False,False,False,,,,,,,
2026-06-25,00:00,40.706036,-73.83622,116 ST,11418,102,UNKNOWN,Street,1.7563879378133036,False,QUEENS,"(40.706036, -73.83622)",trafficstat,True,False,False,False,False,True,False,False,False,,,,,,,
2026-06-25,00:00,40.6869505,-73.8395674,104 ST,11416,102,OTHER,Street,42.06348567021164,False,QUEENS,"(40.6869505, -73.8395674)",trafficstat,True,False,True,False,False,False,False,False,False,,,,,,,
2026-06-25,00:00,40.7140009,-73.8319161,JACKIE ROBINSON PKWY,11375,102,UNKNOWN,Highway,5.212650159479019,False,QUEENS,"(40.7140009, -73.8319161)",trafficstat,True,False,False,False,False,False,False,False,True,,,,,,,
2026-06-14,00:00,40.7140009,-73.8319161,JACKIE ROBINSON PKWY,11375,102,UNKNOWN,Highway,5.212650159479019,False,QUEENS,"(40.7140009, -73.8319161)",trafficstat,False,False,False,False,False,False,False,False,False,,,,,,,
2026-06-24,00:00,40.683544,-73.84854,92 ST,11416,102,UNKNOWN,Street,0.10502176257278516,False,QUEENS,"(40.683544, -73.84854)",trafficstat,True,False,False,False,False,True,False,False,False,,,,,,,
2026-06-24,00:00,40.7056665,-73.8184644,VAN WYCK EXPY,11418,102,UNKNOWN,Street,1.0758157173699787,False,QUEENS,"(40.7056665, -73.8184644)",trafficstat,True,False,False,False,False,False,False,False,True,,,,,,,
2026-06-22,00:00,40.6944599,-73.8543207,86 RD,11421,102,UNKNOWN,Street,40.33753602101277,False,QUEENS,"(40.6944599, -73.8543207)",trafficstat,False,False,False,False,False,False,False,False,False,,,,,,,
2026-06-22,00:00,40.6998174,-73.8412415,85 AVE,11418,102,UNKNOWN,Street,45.63254750057352,False,QUEENS,"(40.6998174, -73.8412415)",trafficstat,False,False,False,False,False,False,False,False,False,,,,,,,
2026-06-22,00:00,40.6792792,-73.8604664,77 ST,11417,102,UNKNOWN,Street,0.12274735160908856,False,QUEENS,"(40.6792792, -73.8604664)",trafficstat,True,False,False,False,False,False,False,True,False,,,,,,,
2026-06-21,00:00,40.6972829,-73.8414776,107 ST,11418,102,UNKNOWN,Street,46.708663842548404,False,QUEENS,"(40.6972829, -73.8414776)",trafficstat,True,False,False,False,False,False,False,False,True,,,,,,,
2026-06-20,00:00,40.6966162,-73.8162063,133 ST,11419,102,UNKNOWN,Street,0.8389622018063823,False,QUEENS,"(40.6966162, -73.8162063)",trafficstat,False,False,False,False,False,False,False,False,False,,,,,,,
2026-06-20,00:00,40.7058444,-73.8181191,VAN WYCK EXPY,11435,102,UNKNOWN,Highway,0.26499660312966833,False,QUEENS,"(40.7058444, -73.8181191)",trafficstat,False,False,False,False,False,False,False,False,False,,,,,,,
2026-06-20,00:00,40.6826886,-73.8499784,90 ST,11416,102,UNKNOWN,Street,32.89570086184325,False,QUEENS,"(40.6826886, -73.8499784)",trafficstat,False,False,False,False,False,False,False,False,False,,,,,,,
2026-06-20,00:00,40.6958267,-73.8553758,90 ST,11421,102,UNKNOWN,Street,0.0022385899904094684,False,QUEENS,"(40.6958267, -73.8553758)",trafficstat,True,False,False,False,False,False,False,False,True,,,,,,,
2026-06-19,00:00,40.6994526,-73.8221311,129 ST,11418,102,UNKNOWN,Street,1.1380480578242032,False,QUEENS,"(40.6994526, -73.8221311)",trafficstat,True,False,False,False,False,True,False,False,False,,,,,,,
2026-06-18,00:00,40.7084098,-73.8456711,UNION TPKE,11418,102,UNKNOWN,Street,17.355455771242273,False,QUEENS,"(40.7084098, -73.8456711)",trafficstat,False,False,False,False,False,False,False,False,False,,,,,,,
2026-06-18,00:00,40.6883679,-73.8647578,76 ST,11421,102,UNKNOWN,Street,35.91418752525338,False,QUEENS,"(40.6883679, -73.8647578)",trafficstat,False,False,False,False,False,False,False,False,False,,,,,,,
2026-06-18,00:00,40.6862066,-73.8556851,ATLANTIC AVE,11416,102,UNKNOWN,Street,28.572443295076113,False,QUEENS,"(40.6862066, -73.8556851)",trafficstat,False,False,False,False,False,False,False,False,False,,,,,,,
2026-06-16,00:00,40.6859024,-73.8516907,90 ST,11416,102,UNKNOWN,Street,0.9370259953528691,False,QUEENS,"(40.6859024, -73.8516907)",trafficstat,True,False,True,False,False,False,False,False,False,,,,,,,
2026-06-16,00:00,40.71166,-73.83197,AUSTIN ST,11415,102,UNKNOWN,Street,1.7759260720549075,False,QUEENS,"(40.71166, -73.83197)",trafficstat,False,False,False,False,False,False,False,False,False,,,,,,,
2026-06-16,00:00,40.6934597,-73.8630519,80 ST,11421,102,UNKNOWN,Street,38.68321125459465,False,QUEENS,"(40.6934597, -73.8630519)",trafficstat,True,False,False,False,False,False,False,True,False,,,,,,,
2026-06-15,00:00,40.6970028,-73.8438475,104 ST,11418,102,OTHER,Street,0.6253171439230202,False,QUEENS,"(40.6970028, -73.8438475)",trafficstat,False,False,False,False,False,False,False,False,False,,,,,,,
2026-06-15,00:00,40.6833154,-73.8531482,87 ST,11416,102,UNKNOWN,Street,40.90300308006096,False,QUEENS,"(40.6833154, -73.8531482)",trafficstat,False,False,False,False,False,False,False,False,False,,,,,,,
2026-06-14,00:00,40.6850838,-73.8351173,107 ST,11417,102,UNKNOWN,Street,1.0385623383744669,False,QUEENS,"(40.6850838, -73.8351173)",trafficstat,True,False,False,False,False,False,True,False,False,,,,,,,
2026-06-14,00:00,40.6867715,-73.8291817,114 ST,11419,102,UNKNOWN,Street,0.46381679498342065,False,QUEENS,"(40.6867715, -73.8291817)",trafficstat,False,False,False,False,False,False,False,False,False,,,,,,,
2026-06-14,00:00,40.6887711,-73.8301646,114 ST,11419,102,UNKNOWN,Street,1.0991690766492668,False,QUEENS,"(40.6887711, -73.8301646)",trafficstat,True,False,False,False,False,False,False,False,True,,,,,,,
2026-06-14,00:00,40.700592,-73.85457,FOREST PARK DR,11385,102,UNKNOWN,Street,2.5530381435793967,False,QUEENS,"(40.700592, -73.85457)",trafficstat,True,False,True,False,False,False,False,False,False,,,,,,,
2026-06-13,00:00,40.6881185,-73.8535914,89 ST,11421,102,UNKNOWN,Street,35.57236747530985,False,QUEENS,"(40.6881185, -73.8535914)",trafficstat,False,False,False,False,False,False,False,False,False,,,,,,,
2026-06-12,00:00,40.6891768,-73.8354606,109 ST,11419,102,UNKNOWN,Street,0.5806832228074449,False,QUEENS,"(40.6891768, -73.8354606)",trafficstat,True,False,True,False,False,False,False,False,False,,,,,,,
2026-06-12,00:00,40.6958547,-73.8189131,130 ST,11419,102,UNKNOWN,Street,0.46196914549202356,False,QUEENS,"(40.6958547, -73.8189131)",trafficstat,False,False,False,False,False,False,False,False,False,,,,,,,
2026-09-11,00:00,40.7023817,-73.7903636,MERRICK BLVD,11433,103,OTHER,Street,57.13199594265528,False,QUEENS,"(40.7023817, -73.7903636)",trafficstat,False,False,False,False,False,False,False,False,False,,,,,,,
2026-09-11,00:00,40.7080797,-73.7823564,179 ST,11432,103,UNKNOWN,Street,0.894263686023487,False,QUEENS,"(40.7080797, -73.7823564)",trafficstat,True,False,False,False,False,False,False,True,False,,,,,,,
2026-09-10,00:00,40.7065692,-73.7546285,203 ST,11412,103,OTHER,Street,0.8109453954306688,False,QUEENS,"(40.7065692, -73.7546285)",trafficstat,True,False,False,False,False,False,False,False,False,,,,,,,
2026-07-11,00:00,40.7065692,-73.7546285,203 ST,11412,103,UNKNOWN,Street,0.8109453954306688,False,QUEENS,"(40.7065692, -73.7546285)",trafficstat,True,False,False,False,False,False,False,False,True,,,,,,,
2026-09-10,00:00,40.7058545,-73.8087645,HILLSIDE AVE,11435,103,UNKNOWN,Street,57.348281954147204,False,QUEENS,"(40.7058545, -73.8087645)",trafficstat,False,False,False,False,False,False,False,False,False,,,,,,,
2026-09-10,00:00,40.7107117,-73.7909873,88 AVE,11432,103,OTHER,Street,50.12397177512804,False,QUEENS,"(40.7107117, -73.7909873)",trafficstat,True,False,True,False,False,False,False,False,False,,,,,,,
2026-09-09,00:00,40.7076294,-73.7875984,JAMAICA AVE,11432,103,UNKNOWN,Street,10.621123889971544,False,QUEENS,"(40.7076294, -73.7875984)",trafficstat,False,False,False,False,False,False,False,False,False,,,,,,,
2026-09-09,00:00,40.7134976,-73.7562118,204 ST,11423,103,UNKNOWN,Street,1.0861957334123626,False,QUEENS,"(40.7134976, -73.7562118)",trafficstat,True,False,False,False,False,True,False,False,False,,,,,,,
2026-07-14,00:00,40.7134976,-73.7562118,204 ST,11423,103,UNKNOWN,Street,1.0861957334123626,False,QUEENS,"(40.7134976, -73.7562118)",trafficstat,True,False,False,False,False,False,False,True,False,,,,,,,
2026-09-09,00:00,40.7089529,-73.7886583,172 ST,11432,103,OTHER,Street,37.535140960065576,False,QUEENS,"(40.7089529, -73.7886583)",trafficstat,True,False,False,True,False,False,False,False,False,,,,,,,
2026-09-09,00:00,40.6882259,-73.804835,142 ST,11435,103,UNKNOWN,Street,1.2503167292137847,False,QUEENS,"(40.6882259, -73.804835)",trafficstat,False,False,False,False,False,False,False,False,False,,,,,,,
2026-09-09,00:00,40.6952672,-73.7995856,107 AVE,11433,103,UNKNOWN,Street,45.691254104190655,False,QUEENS,"(40.6952672, -73.7995856)",trafficstat,False,False,False,False,False,False,False,False,False,,,,,,,
2026-09-09,00:00,40.702168,-73.79239,165 ST,11433,103,UNKNOWN,Street,0.2305706770778545,False,QUEENS,"(40.702168, -73.79239)",trafficstat,True,False,False,False,False,False,False,True,True,,,,,,,
2026-09-08,00:00,40.6984436,-73.8025548,150 ST,11435,103,UNKNOWN,Street,0.20587494398165013,False,QUEENS,"(40.6984436, -73.8025548)",trafficstat,True,False,False,False,False,False,False,True,False,,,,,,,
2026-09-01,00:00,40.6984436,-73.8025548,150 ST,11435,103,OTHER,Street,0.20587494398165013,False,QUEENS,"(40.6984436, -73.8025548)",trafficstat,True,False,False,False,False,False,False,True,False,,,,,,,
2026-08-24,00:00,40.6984436,-73.8025548,150 ST,11435,103,UNKNOWN,Street,0.20587494398165013,False,QUEENS,"(40.6984436, -73.8025548)",trafficstat,False,False,False,False,False,False,False,False,False,,,,,,,
2026-08-10,00:00,40.6984436,-73.8025548,150 ST,11435,103,UNKNOWN,Street,0.20587494398165013,False,QUEENS,"(40.6984436, -73.8025548)",trafficstat,True,False,False,False,False,False,False,False,False,,,,,,,
2026-09-08,00:00,40.6981512,-73.7924037,GUY R BREWER BLVD,11433,103,OTHER,Street,1.484379799895379,False,QUEENS,"(40.6981512, -73.7924037)",trafficstat,True,False,False,True,False,False,False,False,False,,,,,,,
2026-09-08,00:00,40.7071477,-73.7926904,91 AVE,11432,103,UNKNOWN,Street,37.91437523187213,False,QUEENS,"(40.7071477, -73.7926904)",trafficstat,False,False,False,False,False,False,False,False,False,,,,,,,
2026-09-07,00:00,40.7078085,-73.7830257,JAMAICA AVE,11432,103,UNKNOWN,Street,44.79433146960165,False,QUEENS,"(40.7078085, -73.7830257)",trafficstat,False,False,False,False,False,False,False,False,False,,,,,,,
2026-09-06,00:00,40.7120557,-73.7531835,100 AVE,11429,103,UNKNOWN,Street,2.826457421893972,False,QUEENS,"(40.7120557, -73.7531835)",trafficstat,False,False,False,False,False,False,False,False,False,,,,,,,
2026-09-06,00:00,40.7114109,-73.7558696,204 ST,11423,103,UNKNOWN,Street,0.890540588112866,False,QUEENS,"(40.7114109, -73.7558696)",trafficstat,False,False,False,False,False,False,False,False,False,,,,,,,
2026-09-06,00:00,40.7057623,-73.8016566,PARSONS BLVD,11432,103,OTHER,Street,0.6439151091533694,False,QUEENS,"(40.7057623, -73.8016566)",trafficstat,True,False,True,False,False,False,False,False,False,,,,,,,
2026-08-11,00:00,40.7057623,-73.8016566,PARSONS BLVD,11432,103,UNKNOWN,Street,0.6439151091533694,False,QUEENS,"(40.7057623, -73.8016566)",trafficstat,True,False,False,True,False,False,False,False,False,,,,,,,
2026-07-29,00:00,40.7057623,-73.8016566,PARSONS BLVD,11432,103,OTHER,Street,0.6439151091533694,False,QUEENS,"(40.7057623, -73.8016566)",trafficstat,True,False,True,False,False,False,False,False,False,,,,,,,
2026-09-05,00:00,40.713282,-73.7660494,195 ST,11423,103,UNKNOWN,Street,1.1499621074194832,False,QUEENS,"(40.713282, -73.7660494)",trafficstat,True,False,False,False,False,False,False,True,False,,,,,,,
2026-09-05,00:00,40.6871522,-73.8078144,VAN WYCK EXPY,11420,103,UNKNOWN,Highway,0.5552731176329546,False,QUEENS,"(40.6871522, -73.8078144)",trafficstat,True,False,False,False,False,False,False,True,False,,,,,,,
2026-08-03,00:00,40.6871522,-73.8078144,VAN WYCK EXPY,11420,103,UNKNOWN,Highway,0.5552731176329546,False,QUEENS,"(40.6871522, -73.8078144)",trafficstat,True,False,False,False,False,False,False,False,True,,,,,,,
2026-09-05,00:00,40.688662,-73.8037491,143 ST,11435,103,UNKNOWN,Street,75.62104377152836,False,QUEENS,"(40.688662, -73.8037491)",trafficstat,False,False,False,False,False,False,False,False,False,,,,,,,
2026-09-04,00:00,40.7057392,-73.8091694,HILLSIDE AVE,11435,103,UNKNOWN,Street,57.32751921517127,False,QUEENS,"(40.7057392, -73.8091694)",trafficstat,True,False,False,False,False,False,False,True,True,,,,,,,
2026-09-04,00:00,40.7142619,-73.7771238,184 PL,11423,103,UNKNOWN,Street,0.07514066299767992,False,QUEENS,"(40.7142619, -73.7771238)",trafficstat,True,False,False,False,False,False,False,True,False,,,,,,,
2026-08-15,00:00,40.7142619,-73.7771238,184 PL,11423,103,UNKNOWN,Street,0.07514066299767992,False,QUEENS,"(40.7142619, -73.7771238)",trafficstat,True,False,True,False,False,False,False,False,False,,,,,,,
2026-09-03,00:00,40.7026338,-73.8146332,JAMAICA AVE,11435,103,UNKNOWN,Street,40.33844708486091,False,QUEENS,"(40.7026338, -73.8146332)",trafficstat,False,False,False,False,False,False,False,False,False,,,,,,,
2026-09-03,00:00,40.7032933,-73.7960917,GUY R BREWER BLVD,11433,103,UNKNOWN,Street,1.5312542091250596,False,QUEENS,"(40.7032933, -73.7960917)",trafficstat,True,False,True,False,False,False,False,False,False,,,,,,,
2026-08-09,00:00,40.7032933,-73.7960917,GUY R BREWER BLVD,11433,103,OTHER,Street,1.5312542091250596,False,QUEENS,"(40.7032933, -73.7960917)",trafficstat,False,False,False,False,False,False,False,False,False,,,,,,,
2026-07-01,00:00,40.7032933,-73.7960917,GUY R BREWER BLVD,11433,103,UNKNOWN,Street,1.5312542091250596,False,QUEENS,"(40.7032933, -73.7960917)",trafficstat,True,False,False,False,False,False,False,True,False,,,,,,,
2026-09-03,00:00,40.6935702,-73.7961076,155 ST,11433,103,UNKNOWN,Street,161.25804984278767,False,QUEENS,"(40.6935702, -73.7961076)",trafficstat,False,False,False,False,False,False,False,False,False,,,,,,,
2026-09-03,00:00,40.699017,-73.80695,SUTPHIN BLVD,11435,103,UNKNOWN,Street,0.7220964378594215,False,QUEENS,"(40.699017, -73.80695)",trafficstat,False,False,False,False,False,False,False,False,False,,,,,,,
2026-09-02,00:00,40.7006955,-73.81083,91 AVE,11435,103,UNKNOWN,Street,34.63967921108607,False,QUEENS,"(40.7006955, -73.81083)",trafficstat,False,False,False,False,False,False,False,False,False,,,,,,,
2026-09-02,00:00,40.6921863,-73.8095474,LIBERTY AVE,11435,103,UNKNOWN,Street,23.877585521868152,False,QUEENS,"(40.6921863, -73.8095474)",trafficstat,False,False,False,False,False,False,False,False,False,,,,,,,
2026-09-01,00:00,40.6913744,-73.8098814,VAN WYCK EXPY,11435,103,UNKNOWN,Street,0.9474105072732706,False,QUEENS,"(40.6913744, -73.8098814)",trafficstat,True,False,False,False,False,False,False,True,False,,,,,,,
2026-08-24,00:00,40.6913744,-73.8098814,VAN WYCK EXPY,11435,103,UNKNOWN,Street,0.9474105072732706,False,QUEENS,"(40.6913744, -73.8098814)",trafficstat,True,False,False,False,False,False,False,True,False,,,,,,,
2026-09-01,00:00,40.7041936,-73.7815338,104 AVE,11433,103,UNKNOWN,Street,23.73773455372295,False,QUEENS,"(40.7041936, -73.7815338)",trafficstat,False,False,False,False,False,False,False,False,False,,,,,,,
2026-09-01,00:00,40.715917,-73.7567693,93 AVE,11423,103,UNKNOWN,Street,2.19108980391538,False,QUEENS,"(40.715917, -73.7567693)",trafficstat,False,False,False,False,False,False,False,False,False,,,,,,,
2026-08-31,00:00,40.7077158,-73.802787,PARSONS BLVD,11432,103,UNKNOWN,Street,0.8434219751613106,False,QUEENS,"(40.7077158, -73.802787)",trafficstat,True,False,False,True,False,False,False,False,False,,,,,,,
2026-07-14,00:00,40.7077158,-73.802787,PARSONS BLVD,11432,103,UNKNOWN,Street,0.8434219751613106,False,QUEENS,"(40.7077158, -73.802787)",trafficstat,True,False,True,False,False,False,False,False,False,,,,,,,
2026-08-31,00:00,40.693809,-73.8115564,VAN WYCK EXPY,11419,103,UNKNOWN,Highway,0.5673927679140808,False,QUEENS,"(40.693809, -73.8115564)",trafficstat,True,False,False,False,False,False,False,True,False,,,,,,,
2026-08-31,00:00,40.6979935,-73.7978606,157 ST,11433,103,UNKNOWN,Street,0.83806736527543,False,QUEENS,"(40.6979935, -73.7978606)",trafficstat,True,False,False,True,False,False,False,False,False,,,,,,,
2026-08-31,00:00,40.7006331,-73.8108769,91 AVE,11435,103,OTHER,Street,17.91991545910642,False,QUEENS,"(40.7006331, -73.8108769)",trafficstat,False,False,False,False,False,False,False,False,False,,,,,,,
2026-08-30,00:00,40.7024272,-73.7916932,LIBERTY AVE,11433,103,OTHER,Street,44.17620391070633,False,QUEENS,"(40.7024272, -73.7916932)",trafficstat,False,False,False,False,False,False,False,False,False,,,,,,,
2026-08-30,00:00,40.7002629,-73.8100644,144 PL,11435,103,UNKNOWN,Street,34.36682827883414,False,QUEENS,"(40.7002629, -73.8100644)",trafficstat,True,False,True,False,False,False,False,False,False,,,,,,,
2026-08-30,00:00,40.6972605,-73.805739,SUTPHIN BLVD,11435,103,OTHER,Street,1.118576894631808,False,QUEENS,"(40.6972605, -73.805739)",trafficstat,True,False,False,True,False,False,False,False,False,,,,,,,
2026-08-26,00:00,40.6972605,-73.805739,SUTPHIN BLVD,11435,103,UNKNOWN,Street,1.118576894631808,False,QUEENS,"(40.6972605, -73.805739)",trafficstat,False,False,False,False,False,False,False,False,False,,,,,,,
2026-08-30,00:00,40.7031714,-73.8166152,VAN WYCK EXPY,11418,103,UNKNOWN,Highway,4.213732958609167,False,QUEENS,"(40.7031714, -73.8166152)",trafficstat,False,False,False,False,False,False,False,False,False,,,,,,,
2026-08-16,00:00,40.7031714,-73.8166152,VAN WYCK EXPY,11418,103,UNKNOWN,Highway,4.213732958609167,False,QUEENS,"(40.7031714, -73.8166152)",trafficstat,True,False,False,False,False,False,False,False,True,,,,,,,
2026-08-14,00:00,40.7031714,-73.8166152,VAN WYCK EXPY,11418,103,OTHER,Highway,4.213732958609167,False,QUEENS,"(40.7031714, -73.8166152)",trafficstat,True,False,False,False,False,False,False,True,False,,,,,,,
2026-07-11,00:00,40.7031714,-73.8166152,VAN WYCK EXPY,11418,103,UNKNOWN,Highway,4.213732958609167,False,QUEENS,"(40.7031714, -73.8166152)",trafficstat,True,False,False,False,False,False,False,True,False,,,,,,,
2026-06-26,00:00,40.7031714,-73.8166152,VAN WYCK EXPY,11418,103,UNKNOWN,Highway,4.213732958609167,False,QUEENS,"(40.7031714, -73.8166152)",trafficstat,True,False,False,False,False,False,False,True,False,,,,,,,
2026-08-29,00:00,40.708447,-73.8002203,162 ST,11432,103,OTHER,Street,0.3840579790201037,False,QUEENS,"(40.708447, -73.8002203)",trafficstat,True,False,True,False,False,False,False,False,False,,,,,,,
2026-07-19,00:00,40.708447,-73.8002203,162 ST,11432,103,OTHER,Street,0.3840579790201037,False,QUEENS,"(40.708447, -73.8002203)",trafficstat,True,False,False,True,False,False,False,False,False,,,,,,,
2026-08-29,00:00,40.6980592,-73.7921732,GUY R BREWER BLVD,11433,103,UNKNOWN,Street,38.17291857751337,False,QUEENS,"(40.6980592, -73.7921732)",trafficstat,False,False,False,False,False,False,False,False,False,,,,,,,
2026-08-29,00:00,40.7148599,-73.7592117,201 ST,11423,103,UNKNOWN,Street,1.0235377975302515,False,QUEENS,"(40.7148599, -73.7592117)",trafficstat,True,False,False,False,False,False,False,True,False,,,,,,,
2026-08-28,00:00,40.7043658,-73.8118028,144 ST,11435,103,UNKNOWN,Street,0.2516639777684171,False,QUEENS,"(40.7043658, -73.8118028)",trafficstat,True,False,False,False,False,False,False,False,False,,,,,,,
2026-08-27,00:00,40.7057457,-73.809689,SUTPHIN BLVD,11435,103,UNKNOWN,Street,0.5332930551233673,False,QUEENS,"(40.7057457, -73.809689)",trafficstat,False,False,False,False,False,False,False,False,False,,,,,,,
2026-08-27,00:00,40.700516,-73.79677,160 ST,11433,103,UNKNOWN,Street,0.48604862734190324,False,QUEENS,"(40.700516, -73.79677)",trafficstat,True,False,True,False,False,False,False,False,False,,,,,,,
2026-08-27,00:00,40.7017849,-73.8063317,148 ST,11435,103,UNKNOWN,Street,0.2535184254748835,False,QUEENS,"(40.7017849, -73.8063317)",trafficstat,True,False,True,False,False,False,False,False,False,,,,,,,
2026-08-26,00:00,40.6973298,-73.7845553,109 AVE,11433,103,UNKNOWN,Street,2.152235025001812,False,QUEENS,"(40.6973298, -73.7845553)",trafficstat,False,False,False,False,False,False,False,False,False,,,,,,,
2026-08-26,00:00,40.7088169,-73.7580965,104 AVE,11412,103,UNKNOWN,Street,52.40338902444174,False,QUEENS,"(40.7088169, -73.7580965)",trafficstat,False,False,False,False,False,False,False,False,False,,,,,,,
2026-08-26,00:00,40.7103456,-73.7690319,190 ST,11423,103,UNKNOWN,Street,0.6762500158377148,False,QUEENS,"(40.7103456, -73.7690319)",trafficstat,True,False,False,False,False,False,False,True,False,,,,,,,
2026-08-26,00:00,40.707947,-73.7833055,178 ST,11433,103,OTHER,Street,0.6120974042955171,False,QUEENS,"(40.707947, -73.7833055)",trafficstat,True,False,False,False,False,False,False,False,False,,,,,,,