crash_date,crash_time,latitude,longitude,on_street_name,zip_code,precinct,collision_type,roadway_type,geocode_dist_feet,time_is_known,borough,location,source,injury,fatality,injured_pedestrian,injured_cyclist,injured_ebike_rider,injured_motorcyclist,injured_moped_rider,injured_car_occupant,injured_suv_occupant,number_of_persons_injured,number_of_persons_killed,contributing_factor_vehicle_1,collision_id,cross_street_name,off_street_name,vehicle_type_code1
2026-08-26,00:00,40.7140654,-73.7772617,184 PL,11423,103,UNKNOWN,Street,47.88249309840123,False,QUEENS,"(40.7140654, -73.7772617)",trafficstat,False,False,False,False,False,False,False,False,False,,,,,,,
2026-08-26,00:00,40.7110702,-73.792028,170 ST,11432,103,UNKNOWN,Street,0.6580699362277783,False,QUEENS,"(40.7110702, -73.792028)",trafficstat,False,False,False,False,False,False,False,False,False,,,,,,,
2026-08-25,00:00,40.70146,-73.8041291,150 ST,11435,103,UNKNOWN,Street,0.5338305854907963,False,QUEENS,"(40.70146, -73.8041291)",trafficstat,True,False,False,False,False,False,False,False,True,,,,,,,
2026-08-21,00:00,40.70146,-73.8041291,150 ST,11435,103,UNKNOWN,Street,0.5338305854907963,False,QUEENS,"(40.70146, -73.8041291)",trafficstat,True,False,True,False,False,False,False,False,False,,,,,,,
2026-08-25,00:00,40.6942416,-73.8108974,REMINGTON ST,11435,103,UNKNOWN,Street,1.4771771435712253,False,QUEENS,"(40.6942416, -73.8108974)",trafficstat,True,False,False,True,False,False,False,False,False,,,,,,,
2026-08-21,00:00,40.6942416,-73.8108974,REMINGTON ST,11435,103,UNKNOWN,Street,1.4771771435712253,False,QUEENS,"(40.6942416, -73.8108974)",trafficstat,True,False,True,False,False,False,False,False,False,,,,,,,
2026-08-24,00:00,40.6956557,-73.7983004,155 ST,11433,103,UNKNOWN,Street,0.8131774782803532,False,QUEENS,"(40.6956557, -73.7983004)",trafficstat,False,False,False,False,False,False,False,False,False,,,,,,,
2026-08-24,00:00,40.7036106,-73.815937,138 ST,11435,103,UNKNOWN,Street,34.980504163422985,False,QUEENS,"(40.7036106, -73.815937)",trafficstat,True,False,False,False,False,False,False,True,False,,,,,,,
2026-08-24,00:00,40.6994358,-73.8061151,94 AVE,11435,103,UNKNOWN,Street,33.888043373328145,False,QUEENS,"(40.6994358, -73.8061151)",trafficstat,True,False,True,False,False,False,False,False,False,,,,,,,
2026-08-24,00:00,40.7089174,-73.7930555,168 PL,11432,103,OTHER,Street,0.5492490210307637,False,QUEENS,"(40.7089174, -73.7930555)",trafficstat,False,False,False,False,False,False,False,False,False,,,,,,,
2026-08-24,00:00,40.7054956,-73.7774476,LIBERTY AVE,11433,103,OTHER,Street,38.047005216564585,False,QUEENS,"(40.7054956, -73.7774476)",trafficstat,False,False,False,False,False,False,False,False,False,,,,,,,
2026-08-24,00:00,40.7036077,-73.7976532,UNION HALL ST,11433,103,OTHER,Street,31.84628307352829,False,QUEENS,"(40.7036077, -73.7976532)",trafficstat,True,False,True,False,False,False,False,False,False,,,,,,,
2026-08-24,00:00,40.707947,-73.7833,178 ST,11433,103,UNKNOWN,Street,0.8404247236618858,False,QUEENS,"(40.707947, -73.7833)",trafficstat,False,False,False,False,False,False,False,False,False,,,,,,,
2026-08-23,00:00,40.7053745,-73.775819,LIBERTY AVE,11412,103,UNKNOWN,Street,2.4946161743503277,False,QUEENS,"(40.7053745, -73.775819)",trafficstat,True,False,False,False,False,True,False,False,False,,,,,,,
2026-08-23,00:00,40.7095341,-73.7873404,90 AVE,11432,103,UNKNOWN,Street,51.84463879245142,False,QUEENS,"(40.7095341, -73.7873404)",trafficstat,True,False,False,False,False,False,False,False,False,,,,,,,
2026-08-23,00:00,40.6863642,-73.8060196,139 ST,11435,103,UNKNOWN,Street,1.0849360049921808,False,QUEENS,"(40.6863642, -73.8060196)",trafficstat,False,False,False,False,False,False,False,False,False,,,,,,,
2026-08-22,00:00,40.7007124,-73.8151383,VAN WYCK EXPY,11435,103,OTHER,Street,1.017433446491977,False,QUEENS,"(40.7007124, -73.8151383)",trafficstat,False,False,False,False,False,False,False,False,False,,,,,,,
2026-08-22,00:00,40.6999577,-73.7877419,169 ST,11433,103,UNKNOWN,Street,30.902308131845505,False,QUEENS,"(40.6999577, -73.7877419)",trafficstat,False,False,False,False,False,False,False,False,False,,,,,,,
2026-08-22,00:00,40.7188891,-73.7644677,198 ST,11423,103,UNKNOWN,Street,0.9976721170897054,False,QUEENS,"(40.7188891, -73.7644677)",trafficstat,True,False,False,False,False,False,False,False,True,,,,,,,
2026-08-22,00:00,40.7091106,-73.7760445,184 ST,11423,103,OTHER,Street,0.8545194555897322,False,QUEENS,"(40.7091106, -73.7760445)",trafficstat,False,False,False,False,False,False,False,False,False,,,,,,,
2026-08-21,00:00,40.69161,-73.80556,TUSKEGEE AIRMEN WAY,11435,103,UNKNOWN,Street,1.635131168769455,False,QUEENS,"(40.69161, -73.80556)",trafficstat,True,False,False,True,False,False,False,False,False,,,,,,,
2026-08-21,00:00,40.6954593,-73.8053548,WALTHAM ST,11435,103,OTHER,Street,2.1235165140971315,False,QUEENS,"(40.6954593, -73.8053548)",trafficstat,False,False,False,False,False,False,False,False,False,,,,,,,
2026-08-21,00:00,40.7122848,-73.785351,178 ST,11432,103,UNKNOWN,Street,0.06740362503927382,False,QUEENS,"(40.7122848, -73.785351)",trafficstat,False,False,False,False,False,False,False,False,False,,,,,,,
2026-08-21,00:00,40.7098841,-73.7542484,205 ST,11412,103,OTHER,Street,0.3844826645361823,False,QUEENS,"(40.7098841, -73.7542484)",trafficstat,True,False,False,True,False,False,False,False,False,,,,,,,
2026-08-20,00:00,40.7022566,-73.8071409,148 ST,11435,103,UNKNOWN,Street,35.19880335364785,False,QUEENS,"(40.7022566, -73.8071409)",trafficstat,False,False,False,False,False,False,False,False,False,,,,,,,
2026-08-20,00:00,40.7032687,-73.801594,90 RD,11432,103,OTHER,Street,88.39270660832987,False,QUEENS,"(40.7032687, -73.801594)",trafficstat,False,False,False,False,False,False,False,False,False,,,,,,,
2026-06-20,00:00,40.7032687,-73.801594,90 RD,11432,103,UNKNOWN,Street,88.39270660832987,False,QUEENS,"(40.7032687, -73.801594)",trafficstat,False,False,False,False,False,False,False,False,False,,,,,,,
2026-08-20,00:00,40.7055035,-73.7888498,170 ST,11433,103,OTHER,Street,0.41780630625888726,False,QUEENS,"(40.7055035, -73.7888498)",trafficstat,True,False,False,False,False,False,False,True,False,,,,,,,
2026-08-20,00:00,40.6956905,-73.810713,SANDERS PL,11435,103,UNKNOWN,Street,0.7572499898285479,False,QUEENS,"(40.6956905, -73.810713)",trafficstat,True,False,True,False,False,False,False,False,False,,,,,,,
2026-08-19,00:00,40.7026372,-73.7869402,171 ST,11433,103,UNKNOWN,Street,1.1767114298067447,False,QUEENS,"(40.7026372, -73.7869402)",trafficstat,False,False,False,False,False,False,False,False,False,,,,,,,
2026-08-19,00:00,40.6993641,-73.7920537,164 ST,11433,103,UNKNOWN,Street,38.46375800051971,False,QUEENS,"(40.6993641, -73.7920537)",trafficstat,True,False,True,False,False,False,False,False,False,,,,,,,
2026-08-18,00:00,40.7066775,-73.7914646,168 PL,11433,103,OTHER,Street,1.1743577660922266,False,QUEENS,"(40.7066775, -73.7914646)",trafficstat,True,False,False,True,False,False,False,False,False,,,,,,,
2026-08-18,00:00,40.7117126,-73.7798863,182 ST,11423,103,OTHER,Street,38.15438321017462,False,QUEENS,"(40.7117126, -73.7798863)",trafficstat,False,False,False,False,False,False,False,False,False,,,,,,,
2026-08-17,00:00,40.7096323,-73.767808,HOLLIS AVE,11423,103,UNKNOWN,Street,2.5721209557161666,False,QUEENS,"(40.7096323, -73.767808)",trafficstat,True,False,True,False,False,False,False,False,False,,,,,,,
2026-08-17,00:00,40.6959953,-73.7827709,110 AVE,11433,103,OTHER,Street,2.717157218435471,False,QUEENS,"(40.6959953, -73.7827709)",trafficstat,True,False,False,False,False,False,True,False,False,,,,,,,
2026-08-17,00:00,40.6968651,-73.804682,147 PL,11435,103,UNKNOWN,Street,38.26117105430019,False,QUEENS,"(40.6968651, -73.804682)",trafficstat,False,False,False,False,False,False,False,False,False,,,,,,,
2026-08-16,00:00,40.6949199,-73.804563,105 AVE,11435,103,OTHER,Street,2.3129448041108236,False,QUEENS,"(40.6949199, -73.804563)",trafficstat,False,False,False,False,False,False,False,False,False,,,,,,,
2026-08-16,00:00,40.6985777,-73.8057047,147 PL,11435,103,UNKNOWN,Street,21.92962520658581,False,QUEENS,"(40.6985777, -73.8057047)",trafficstat,False,False,False,False,False,False,False,False,False,,,,,,,
2026-08-16,00:00,40.7099201,-73.7731454,186 ST,11423,103,OTHER,Street,1.6833923756387905,False,QUEENS,"(40.7099201, -73.7731454)",trafficstat,True,True,True,False,False,False,False,False,False,,,,,,,
2026-07-22,00:00,40.7099201,-73.7731454,186 ST,11423,103,UNKNOWN,Street,1.6833923756387905,False,QUEENS,"(40.7099201, -73.7731454)",trafficstat,True,False,False,False,False,False,False,True,False,,,,,,,
2026-08-16,00:00,40.7072024,-73.7948787,MERRICK BLVD,11432,103,UNKNOWN,Street,1.3250388549644434,False,QUEENS,"(40.7072024, -73.7948787)",trafficstat,False,False,False,False,False,False,False,False,False,,,,,,,
2026-08-16,00:00,40.7134287,-73.7805895,182 ST,11423,103,UNKNOWN,Street,0.5003554744599424,False,QUEENS,"(40.7134287, -73.7805895)",trafficstat,True,False,False,False,False,False,False,True,False,,,,,,,
2026-08-16,00:00,40.7172888,-73.756919,FRANCIS LEWIS BLVD,11428,103,OTHER,Street,53.9386842982237,False,QUEENS,"(40.7172888, -73.756919)",trafficstat,False,False,False,False,False,False,False,False,False,,,,,,,
2026-08-15,00:00,40.7103599,-73.7939023,168 PL,11432,103,UNKNOWN,Street,0.485949502384032,False,QUEENS,"(40.7103599, -73.7939023)",trafficstat,False,False,False,False,False,False,False,False,False,,,,,,,
2026-08-14,00:00,40.71082,-73.77066,WOODHULL AVE,11423,103,UNKNOWN,Street,1.7927392290913893,False,QUEENS,"(40.71082, -73.77066)",trafficstat,False,False,False,False,False,False,False,False,False,,,,,,,
2026-08-13,00:00,40.7054595,-73.7948949,165 ST,11433,103,UNKNOWN,Street,1.3558456700911108,False,QUEENS,"(40.7054595, -73.7948949)",trafficstat,True,False,False,False,False,False,False,False,True,,,,,,,
2026-08-05,00:00,40.7054595,-73.7948949,165 ST,11433,103,UNKNOWN,Street,1.3558456700911108,False,QUEENS,"(40.7054595, -73.7948949)",trafficstat,True,False,False,True,False,False,False,False,False,,,,,,,
2026-08-13,00:00,40.6896617,-73.8029445,INWOOD ST,11435,103,UNKNOWN,Street,45.800493741457956,False,QUEENS,"(40.6896617, -73.8029445)",trafficstat,False,False,False,False,False,False,False,False,False,,,,,,,
2026-08-12,00:00,40.7129923,-73.7656206,JAMAICA AVE,11423,103,UNKNOWN,Street,92.16647133088055,False,QUEENS,"(40.7129923, -73.7656206)",trafficstat,False,False,False,False,False,False,False,False,False,,,,,,,
2026-08-11,00:00,40.6914605,-73.8089228,REMINGTON ST,11435,103,UNKNOWN,Street,46.360851871011626,False,QUEENS,"(40.6914605, -73.8089228)",trafficstat,False,False,False,False,False,False,False,False,False,,,,,,,
2026-08-10,00:00,40.7110851,-73.7779712,183 ST,11423,103,UNKNOWN,Street,0.6020729302870106,False,QUEENS,"(40.7110851, -73.7779712)",trafficstat,True,False,False,False,False,False,False,False,False,,,,,,,
2026-08-09,00:00,40.7072274,-73.8044981,153 ST,11432,103,OTHER,Street,0.26067778899945626,False,QUEENS,"(40.7072274, -73.8044981)",trafficstat,True,False,False,False,False,True,False,False,False,,,,,,,
2026-08-09,00:00,40.7043938,-73.7979045,162 ST,11432,103,OTHER,Street,41.17492549554488,False,QUEENS,"(40.7043938, -73.7979045)",trafficstat,True,False,True,False,False,False,False,False,False,,,,,,,
2026-08-09,00:00,40.69407,-73.79714,155 ST,11433,103,UNKNOWN,Street,0.5099128732163085,False,QUEENS,"(40.69407, -73.79714)",trafficstat,False,False,False,False,False,False,False,False,False,,,,,,,
2026-08-09,00:00,40.6924809,-73.7988221,SUTPHIN BLVD,11435,103,UNKNOWN,Street,1.1370865376243864,False,QUEENS,"(40.6924809, -73.7988221)",trafficstat,True,False,True,False,False,False,False,False,False,,,,,,,
2026-08-08,00:00,40.7005823,-73.8077418,SUTPHIN BLVD,11435,103,UNKNOWN,Street,0.5775085145918496,False,QUEENS,"(40.7005823, -73.8077418)",trafficstat,False,False,False,False,False,False,False,False,False,,,,,,,
2026-07-30,00:00,40.7005823,-73.8077418,SUTPHIN BLVD,11435,103,OTHER,Street,0.5775085145918496,False,QUEENS,"(40.7005823, -73.8077418)",trafficstat,True,False,True,False,False,False,False,False,False,,,,,,,
2026-07-16,00:00,40.7005823,-73.8077418,SUTPHIN BLVD,11435,103,UNKNOWN,Street,0.5775085145918496,False,QUEENS,"(40.7005823, -73.8077418)",trafficstat,True,False,True,False,False,False,False,False,False,,,,,,,
2026-07-14,00:00,40.7005823,-73.8077418,SUTPHIN BLVD,11435,103,UNKNOWN,Street,0.5775085145918496,False,QUEENS,"(40.7005823, -73.8077418)",trafficstat,True,False,True,False,False,False,False,False,False,,,,,,,
2026-07-07,00:00,40.7005823,-73.8077418,SUTPHIN BLVD,11435,103,OTHER,Street,0.5775085145918496,False,QUEENS,"(40.7005823, -73.8077418)",trafficstat,True,False,True,False,False,False,False,False,False,,,,,,,
2026-06-26,00:00,40.7005823,-73.8077418,SUTPHIN BLVD,11435,103,UNKNOWN,Street,0.5775085145918496,False,QUEENS,"(40.7005823, -73.8077418)",trafficstat,False,False,False,False,False,False,False,False,False,,,,,,,
2026-08-08,00:00,40.7192826,-73.7636077,199 ST,11423,103,OTHER,Street,1.1086063917157636,False,QUEENS,"(40.7192826, -73.7636077)",trafficstat,False,False,False,False,False,False,False,False,False,,,,,,,
2026-08-07,00:00,40.7011891,-73.8078807,SUTPHIN BLVD,11435,103,UNKNOWN,Street,0.05899346826710515,False,QUEENS,"(40.7011891, -73.8078807)",trafficstat,True,False,True,False,False,False,False,False,False,,,,,,,
2026-08-07,00:00,40.7043282,-73.7977043,JAMAICA AVE,11432,103,UNKNOWN,Street,2.322998809561616,False,QUEENS,"(40.7043282, -73.7977043)",trafficstat,True,False,True,False,False,False,False,False,False,,,,,,,
2026-08-07,00:00,40.6902558,-73.7968239,SUTPHIN BLVD,11435,103,OTHER,Street,44.05067262499402,False,QUEENS,"(40.6902558, -73.7968239)",trafficstat,False,False,False,False,False,False,False,False,False,,,,,,,
2026-08-07,00:00,40.7037142,-73.7875174,171 ST,11433,103,OTHER,Street,1.0607820678095794,False,QUEENS,"(40.7037142, -73.7875174)",trafficstat,True,False,False,False,False,False,False,False,False,,,,,,,
2026-08-06,00:00,40.7041454,-73.7815111,177 ST,11433,103,UNKNOWN,Street,40.60257060276577,False,QUEENS,"(40.7041454, -73.7815111)",trafficstat,False,False,False,False,False,False,False,False,False,,,,,,,
2026-08-06,00:00,40.7128578,-73.7680132,192 ST,11423,103,OTHER,Street,1.3871306436061106,False,QUEENS,"(40.7128578, -73.7680132)",trafficstat,True,False,True,False,False,False,False,False,False,,,,,,,
2026-08-06,00:00,40.6969357,-73.8035726,148 ST,11435,103,UNKNOWN,Street,1.5441393941599648,False,QUEENS,"(40.6969357, -73.8035726)",trafficstat,False,False,False,False,False,False,False,False,False,,,,,,,
2026-08-06,00:00,40.698409,-73.8064642,SUTPHIN BLVD,11435,103,UNKNOWN,Street,0.51808314486532,False,QUEENS,"(40.698409, -73.8064642)",trafficstat,True,False,False,True,False,False,False,False,False,,,,,,,
2026-07-31,00:00,40.698409,-73.8064642,SUTPHIN BLVD,11435,103,UNKNOWN,Street,0.51808314486532,False,QUEENS,"(40.698409, -73.8064642)",trafficstat,False,False,False,False,False,False,False,False,False,,,,,,,
2026-08-05,00:00,40.701267,-73.788155,169 ST,11433,103,UNKNOWN,Street,0.38256586077605126,False,QUEENS,"(40.701267, -73.788155)",trafficstat,True,False,True,False,False,False,False,False,False,,,,,,,
2026-08-05,00:00,40.7159774,-73.7557354,FRANCIS LEWIS BLVD,11428,103,UNKNOWN,Street,0.08296590840840218,False,QUEENS,"(40.7159774, -73.7557354)",trafficstat,False,False,False,False,False,False,False,False,False,,,,,,,
2026-08-05,00:00,40.7088622,-73.7828974,179 ST,11432,103,OTHER,Street,44.20105672184943,False,QUEENS,"(40.7088622, -73.7828974)",trafficstat,False,False,False,False,False,False,False,False,False,,,,,,,
2026-08-04,00:00,40.705425,-73.78257,177 ST,11433,103,UNKNOWN,Street,2.101030448482088,False,QUEENS,"(40.705425, -73.78257)",trafficstat,True,False,True,False,False,False,False,False,False,,,,,,,
2026-08-04,00:00,40.7035408,-73.7784067,180 ST,11433,103,UNKNOWN,Street,50.025794989430345,False,QUEENS,"(40.7035408, -73.7784067)",trafficstat,False,False,False,False,False,False,False,False,False,,,,,,,
2026-08-03,00:00,40.7071524,-73.7929852,168 ST,11432,103,OTHER,Street,0.5948814243585913,False,QUEENS,"(40.7071524, -73.7929852)",trafficstat,False,False,False,False,False,False,False,False,False,,,,,,,
2026-08-03,00:00,40.6918538,-73.8109871,VAN WYCK EXPY,11435,103,UNKNOWN,Street,0.7804388936693365,False,QUEENS,"(40.6918538, -73.8109871)",trafficstat,True,False,False,True,False,False,False,False,False,,,,,,,
2026-08-01,00:00,40.6918538,-73.8109871,VAN WYCK EXPY,11435,103,UNKNOWN,Street,0.7804388936693365,False,QUEENS,"(40.6918538, -73.8109871)",trafficstat,False,False,False,False,False,False,False,False,False,,,,,,,
2026-07-11,00:00,40.6918538,-73.8109871,VAN WYCK EXPY,11435,103,UNKNOWN,Street,0.7804388936693365,False,QUEENS,"(40.6918538, -73.8109871)",trafficstat,False,False,False,False,False,False,False,False,False,,,,,,,
2026-08-03,00:00,40.7100128,-73.7947294,168 ST,11432,103,OTHER,Street,0.5465956578445859,False,QUEENS,"(40.7100128, -73.7947294)",trafficstat,True,False,True,False,False,False,False,False,False,,,,,,,
2026-08-03,00:00,40.7133745,-73.7629685,WOODHULL AVE,11423,103,OTHER,Street,2.5834183289808377,False,QUEENS,"(40.7133745, -73.7629685)",trafficstat,False,False,False,False,False,False,False,False,False,,,,,,,
2026-08-02,00:00,40.697797,-73.8081393,LIVERPOOL ST,11435,103,UNKNOWN,Street,1.0111867723020604,False,QUEENS,"(40.697797, -73.8081393)",trafficstat,False,False,False,False,False,False,False,False,False,,,,,,,
2026-08-02,00:00,40.7056152,-73.7659906,105 AVE,11412,103,UNKNOWN,Street,40.49215196603091,False,QUEENS,"(40.7056152, -73.7659906)",trafficstat,False,False,False,False,False,False,False,False,False,,,,,,,
2026-08-02,00:00,40.7089264,-73.7773184,183 ST,11423,103,UNKNOWN,Street,1.2750455835699148,False,QUEENS,"(40.7089264, -73.7773184)",trafficstat,True,False,False,False,False,False,False,True,False,,,,,,,
2026-08-01,00:00,40.7072136,-73.7980974,89 AVE,11432,103,OTHER,Street,42.82396730659742,False,QUEENS,"(40.7072136, -73.7980974)",trafficstat,True,False,True,False,False,False,False,False,False,,,,,,,
2026-08-01,00:00,40.6940546,-73.7907951,UNION HALL ST,11433,103,UNKNOWN,Street,45.86458005868401,False,QUEENS,"(40.6940546, -73.7907951)",trafficstat,True,False,True,False,False,False,False,False,False,,,,,,,
2026-08-01,00:00,40.696167,-73.80449,SUTPHIN BLVD,11435,103,UNKNOWN,Street,2.665053736999661,False,QUEENS,"(40.696167, -73.80449)",trafficstat,True,False,False,False,False,False,False,False,True,,,,,,,
2026-08-01,00:00,40.6940847,-73.7988408,YATES RD,11433,103,UNKNOWN,Street,43.321980154517405,False,QUEENS,"(40.6940847, -73.7988408)",trafficstat,False,False,False,False,False,False,False,False,False,,,,,,,
2026-07-31,00:00,40.6988959,-73.7854014,171 ST,11433,103,UNKNOWN,Street,0.6761143090210397,False,QUEENS,"(40.6988959, -73.7854014)",trafficstat,True,False,False,False,False,False,True,False,False,,,,,,,
2026-07-31,00:00,40.7072203,-73.7895693,170 ST,11433,103,OTHER,Street,0.4125622257446974,False,QUEENS,"(40.7072203, -73.7895693)",trafficstat,False,False,False,False,False,False,False,False,False,,,,,,,
2026-07-31,00:00,40.7134367,-73.7611864,CARPENTER AVE,11423,103,UNKNOWN,Street,0.00139144438749523,False,QUEENS,"(40.7134367, -73.7611864)",trafficstat,True,False,False,False,False,False,False,True,False,,,,,,,
2026-07-30,00:00,40.6997159,-73.7986849,158 ST,11433,103,UNKNOWN,Street,1.152963020973045,False,QUEENS,"(40.6997159, -73.7986849)",trafficstat,True,False,False,False,False,False,False,True,False,,,,,,,
2026-07-29,00:00,40.7025669,-73.7905542,MERRICK BLVD,11433,103,OTHER,Street,0.9594721150467456,False,QUEENS,"(40.7025669, -73.7905542)",trafficstat,True,False,True,False,False,False,False,False,False,,,,,,,
2026-07-13,00:00,40.7025669,-73.7905542,MERRICK BLVD,11433,103,UNKNOWN,Street,0.9594721150467456,False,QUEENS,"(40.7025669, -73.7905542)",trafficstat,True,False,False,False,False,False,False,True,False,,,,,,,
2026-06-22,00:00,40.7025669,-73.7905542,MERRICK BLVD,11433,103,OTHER,Street,0.9594721150467456,False,QUEENS,"(40.7025669, -73.7905542)",trafficstat,True,False,False,True,False,False,False,False,False,,,,,,,
2026-07-29,00:00,40.6941631,-73.7930127,159 ST,11433,103,UNKNOWN,Street,35.655317924846514,False,QUEENS,"(40.6941631, -73.7930127)",trafficstat,False,False,False,False,False,False,False,False,False,,,,,,,
2026-07-29,00:00,40.705828,-73.7923001,168 ST,11433,103,OTHER,Street,21.848291328705898,False,QUEENS,"(40.705828, -73.7923001)",trafficstat,False,False,False,False,False,False,False,False,False,,,,,,,
2026-07-29,00:00,40.7025308,-73.8142929,JAMAICA AVE,11435,103,OTHER,Street,3.1443693448839496,False,QUEENS,"(40.7025308, -73.8142929)",trafficstat,True,False,False,False,False,False,False,False,True,,,,,,,
2026-07-28,00:00,40.7095545,-73.7523441,FRANCIS LEWIS BLVD,11429,103,UNKNOWN,Street,37.44252371339839,False,QUEENS,"(40.7095545, -73.7523441)",trafficstat,False,False,False,False,False,False,False,False,False,,,,,,,
2026-07-28,00:00,40.6963854,-73.8028169,148 ST,11435,103,UNKNOWN,Street,1.785083247087788,False,QUEENS,"(40.6963854, -73.8028169)",trafficstat,False,False,False,False,False,False,False,False,False,,,,,,,
2026-07-27,00:00,40.6946957,-73.8011391,150 ST,11435,103,UNKNOWN,Street,34.3358656445045,False,QUEENS,"(40.6946957, -73.8011391)",trafficstat,False,False,False,False,False,False,False,False,False,,,,,,,
2026-07-27,00:00,40.7027387,-73.802286,153 ST,11433,103,UNKNOWN,Street,0.7798356538212158,False,QUEENS,"(40.7027387, -73.802286)",trafficstat,True,False,True,False,False,False,False,False,False,,,,,,,
2026-07-27,00:00,40.702336,-73.7765291,180 ST,11433,103,UNKNOWN,Street,28.508826181477854,False,QUEENS,"(40.702336, -73.7765291)",trafficstat,True,False,False,False,False,False,False,True,False,,,,,,,
2026-07-27,00:00,40.7081602,-73.7956373,MERRICK BLVD,11432,103,OTHER,Street,35.81754235358881,False,QUEENS,"(40.7081602, -73.7956373)",trafficstat,False,False,False,False,False,False,False,False,False,,,,,,,
2026-07-27,00:00,40.7017656,-73.8079259,SUTPHIN BLVD,11435,103,UNKNOWN,Street,0.5058357980538841,False,QUEENS,"(40.7017656, -73.8079259)",trafficstat,True,False,True,False,False,False,False,False,False,,,,,,,
2026-07-27,00:00,40.707667,-73.7877104,JAMAICA AVE,11432,103,UNKNOWN,Street,2.5624143898002996,False,QUEENS,"(40.707667, -73.7877104)",trafficstat,True,False,True,False,False,False,False,False,False,,,,,,,
2026-06-14,00:00,40.707667,-73.7877104,JAMAICA AVE,11432,103,UNKNOWN,Street,2.5624143898002996,False,QUEENS,"(40.707667, -73.7877104)",trafficstat,True,False,True,False,False,False,False,False,False,,,,,,,
2026-07-27,00:00,40.7190255,-73.7593028,89 AVE,11423,103,UNKNOWN,Street,45.864389868143725,False,QUEENS,"(40.7190255, -73.7593028)",trafficstat,False,False,False,False,False,False,False,False,False,,,,,,,
2026-07-26,00:00,40.7012405,-73.7836623,173 ST,11433,103,UNKNOWN,Street,81.51026556423577,False,QUEENS,"(40.7012405, -73.7836623)",trafficstat,False,False,False,False,False,False,False,False,False,,,,,,,
2026-07-26,00:00,40.6898781,-73.8063663,REMINGTON ST,11435,103,UNKNOWN,Street,2.333326212483833,False,QUEENS,"(40.6898781, -73.8063663)",trafficstat,False,False,False,False,False,False,False,False,False,,,,,,,
2026-07-25,00:00,40.6981058,-73.7826955,172 ST,11433,103,UNKNOWN,Street,1.022522591102253,False,QUEENS,"(40.6981058, -73.7826955)",trafficstat,True,False,False,False,False,False,True,True,False,,,,,,,
2026-07-25,00:00,40.6968583,-73.7939067,160 ST,11433,103,UNKNOWN,Street,54.0021649439083,False,QUEENS,"(40.6968583, -73.7939067)",trafficstat,False,False,False,False,False,False,False,False,False,,,,,,,
2026-07-25,00:00,40.7024444,-73.8168611,VAN WYCK EXPY,11418,103,UNKNOWN,Street,0.9979019375915839,False,QUEENS,"(40.7024444, -73.8168611)",trafficstat,True,False,False,False,False,False,True,False,False,,,,,,,
2026-07-11,00:00,40.7024444,-73.8168611,VAN WYCK EXPY,11418,103,UNKNOWN,Street,0.9979019375915839,False,QUEENS,"(40.7024444, -73.8168611)",trafficstat,False,False,False,False,False,False,False,False,False,,,,,,,
2026-06-12,00:00,40.7024444,-73.8168611,VAN WYCK EXPY,11418,103,UNKNOWN,Street,0.9979019375915839,False,QUEENS,"(40.7024444, -73.8168611)",trafficstat,True,False,True,False,False,False,False,False,False,,,,,,,
2026-07-25,00:00,40.707882,-73.76523,HOLLIS AVE,11423,103,OTHER,Street,2.2538892436673064,False,QUEENS,"(40.707882, -73.76523)",trafficstat,True,False,True,False,False,False,False,False,False,,,,,,,
2026-07-25,00:00,40.7177561,-73.758137,205 ST,11423,103,OTHER,Street,1.3034539952880158,False,QUEENS,"(40.7177561, -73.758137)",trafficstat,True,False,False,False,False,False,False,True,False,,,,,,,
2026-07-24,00:00,40.7103838,-73.7927076,169 ST,11432,103,UNKNOWN,Street,34.459696216674025,False,QUEENS,"(40.7103838, -73.7927076)",trafficstat,True,False,False,False,False,False,False,False,True,,,,,,,
2026-07-24,00:00,40.7048474,-73.8011111,PARSONS BLVD,11432,103,UNKNOWN,Street,1.2241351757489118,False,QUEENS,"(40.7048474, -73.8011111)",trafficstat,False,False,False,False,False,False,False,False,False,,,,,,,
2026-07-24,00:00,40.6977599,-73.8139182,VAN WYCK EXPY,11435,103,UNKNOWN,Highway,0.24561326960558896,False,QUEENS,"(40.6977599, -73.8139182)",trafficstat,False,False,False,False,False,False,False,False,False,,,,,,,
2026-07-23,00:00,40.704033,-73.79379,165 ST,11433,103,UNKNOWN,Street,0.7244417712144394,False,QUEENS,"(40.704033, -73.79379)",trafficstat,True,False,True,False,False,False,False,False,True,,,,,,,
2026-07-23,00:00,40.7113738,-73.7863406,88 AVE,11432,103,OTHER,Street,38.95171575972696,False,QUEENS,"(40.7113738, -73.7863406)",trafficstat,False,False,False,False,False,False,False,False,False,,,,,,,
2026-07-22,00:00,40.7130721,-73.7536054,FRANCIS LEWIS BLVD,11429,103,UNKNOWN,Street,1.3955921955406938,False,QUEENS,"(40.7130721, -73.7536054)",trafficstat,True,False,True,False,False,False,False,False,False,,,,,,,