crash_date,crash_time,latitude,longitude,on_street_name,zip_code,precinct,collision_type,roadway_type,geocode_dist_feet,time_is_known,borough,location,source,injury,fatality,injured_pedestrian,injured_cyclist,injured_ebike_rider,injured_motorcyclist,injured_moped_rider,injured_car_occupant,injured_suv_occupant,number_of_persons_injured,number_of_persons_killed,contributing_factor_vehicle_1,collision_id,cross_street_name,off_street_name,vehicle_type_code1
2026-07-22,00:00,40.7062163,-73.7564729,201 ST,11412,103,UNKNOWN,Street,0.5384904843382977,False,QUEENS,"(40.7062163, -73.7564729)",trafficstat,True,False,False,True,False,False,False,True,False,,,,,,,
2026-07-22,00:00,40.693346,-73.8022669,WALTHAM ST,11435,103,UNKNOWN,Street,2.039494423979081,False,QUEENS,"(40.693346, -73.8022669)",trafficstat,True,False,False,False,False,False,False,True,False,,,,,,,
2026-07-22,00:00,40.6996285,-73.8052849,148 ST,11435,103,UNKNOWN,Street,0.5474670862710729,False,QUEENS,"(40.6996285, -73.8052849)",trafficstat,False,False,False,False,False,False,False,False,False,,,,,,,
2026-07-21,00:00,40.7009717,-73.8142215,138 ST,11435,103,OTHER,Street,0.25618705707145073,False,QUEENS,"(40.7009717, -73.8142215)",trafficstat,False,False,False,False,False,False,False,False,False,,,,,,,
2026-07-01,00:00,40.7009717,-73.8142215,138 ST,11435,103,UNKNOWN,Street,0.25618705707145073,False,QUEENS,"(40.7009717, -73.8142215)",trafficstat,True,False,False,False,False,False,False,True,False,,,,,,,
2026-07-21,00:00,40.7052386,-73.7750729,DUNKIRK ST,11412,103,UNKNOWN,Street,0.6682572888150773,False,QUEENS,"(40.7052386, -73.7750729)",trafficstat,False,False,False,False,False,False,False,False,False,,,,,,,
2026-07-08,00:00,40.7052386,-73.7750729,DUNKIRK ST,11412,103,OTHER,Street,0.6682572888150773,False,QUEENS,"(40.7052386, -73.7750729)",trafficstat,False,False,False,False,False,False,False,False,False,,,,,,,
2026-07-20,00:00,40.7052558,-73.8073235,88 AVE,11435,103,UNKNOWN,Street,43.59597083896386,False,QUEENS,"(40.7052558, -73.8073235)",trafficstat,False,False,False,False,False,False,False,False,False,,,,,,,
2026-07-20,00:00,40.6983854,-73.7868997,108 AVE,11433,103,UNKNOWN,Street,3.104219715078893,False,QUEENS,"(40.6983854, -73.7868997)",trafficstat,True,False,False,False,False,False,False,True,False,,,,,,,
2026-07-20,00:00,40.6978751,-73.8023689,150 ST,11435,103,UNKNOWN,Street,1.0021812285174134,False,QUEENS,"(40.6978751, -73.8023689)",trafficstat,False,False,False,False,False,False,False,False,False,,,,,,,
2026-07-19,00:00,40.702133,-73.8044409,150 ST,11435,103,UNKNOWN,Street,0.19842722647054908,False,QUEENS,"(40.702133, -73.8044409)",trafficstat,True,False,False,True,False,False,False,False,False,,,,,,,
2026-07-19,00:00,40.7007702,-73.8101828,144 PL,11435,103,UNKNOWN,Street,0.3222834281890981,False,QUEENS,"(40.7007702, -73.8101828)",trafficstat,False,False,False,False,False,False,False,False,False,,,,,,,
2026-07-19,00:00,40.7048475,-73.8092695,SUTPHIN BLVD,11435,103,OTHER,Street,1.1569087411205767,False,QUEENS,"(40.7048475, -73.8092695)",trafficstat,True,False,False,False,False,False,False,False,True,,,,,,,
2026-07-18,00:00,40.7103389,-73.7763588,184 ST,11423,103,OTHER,Street,47.0501468488164,False,QUEENS,"(40.7103389, -73.7763588)",trafficstat,False,False,False,False,False,False,False,False,False,,,,,,,
2026-07-18,00:00,40.7014575,-73.8125071,139 ST,11435,103,UNKNOWN,Street,1.2203273182422567,False,QUEENS,"(40.7014575, -73.8125071)",trafficstat,False,False,False,False,False,False,False,False,False,,,,,,,
2026-06-20,00:00,40.7014575,-73.8125071,139 ST,11435,103,OTHER,Street,1.2203273182422567,False,QUEENS,"(40.7014575, -73.8125071)",trafficstat,True,False,False,False,False,False,False,False,True,,,,,,,
2026-07-17,00:00,40.6942499,-73.807165,LIBERTY AVE,11435,103,UNKNOWN,Street,63.764797278027544,False,QUEENS,"(40.6942499, -73.807165)",trafficstat,True,False,False,False,False,False,False,True,False,,,,,,,
2026-07-17,00:00,40.7068328,-73.7833704,177 ST,11433,103,UNKNOWN,Street,0.21334496229570754,False,QUEENS,"(40.7068328, -73.7833704)",trafficstat,False,False,False,False,False,False,False,False,False,,,,,,,
2026-07-16,00:00,40.7107393,-73.7693578,190 ST,11423,103,OTHER,Street,43.90474136645301,False,QUEENS,"(40.7107393, -73.7693578)",trafficstat,True,False,False,False,False,False,False,True,False,,,,,,,
2026-07-16,00:00,40.7074205,-73.7971467,164 ST,11432,103,UNKNOWN,Street,0.8024004640053402,False,QUEENS,"(40.7074205, -73.7971467)",trafficstat,False,False,False,False,False,False,False,False,False,,,,,,,
2026-07-16,00:00,40.698419,-73.8010546,TUCKERTON ST,11433,103,UNKNOWN,Street,0.3915645552032374,False,QUEENS,"(40.698419, -73.8010546)",trafficstat,True,False,False,False,False,False,False,True,False,,,,,,,
2026-07-15,00:00,40.6987501,-73.8058986,95 AVE,11435,103,UNKNOWN,Street,40.89903801280771,False,QUEENS,"(40.6987501, -73.8058986)",trafficstat,True,False,False,False,False,False,False,False,True,,,,,,,
2026-07-15,00:00,40.7002599,-73.8086732,ARCHER AVE,11435,103,OTHER,Street,3.110822472246667,False,QUEENS,"(40.7002599, -73.8086732)",trafficstat,True,False,False,False,False,True,False,True,False,,,,,,,
2026-07-12,00:00,40.7002599,-73.8086732,ARCHER AVE,11435,103,UNKNOWN,Street,3.110822472246667,False,QUEENS,"(40.7002599, -73.8086732)",trafficstat,True,False,False,False,False,True,False,False,False,,,,,,,
2026-07-15,00:00,40.6919338,-73.7982756,SUTPHIN BLVD,11435,103,UNKNOWN,Street,0.8534289103321475,False,QUEENS,"(40.6919338, -73.7982756)",trafficstat,False,False,False,False,False,False,False,False,False,,,,,,,
2026-07-14,00:00,40.6864664,-73.8015518,143 ST,11435,103,UNKNOWN,Street,1.5849043890151433,False,QUEENS,"(40.6864664, -73.8015518)",trafficstat,True,False,True,False,False,False,False,False,False,,,,,,,
2026-07-14,00:00,40.7060753,-73.7940129,MERRICK BLVD,11432,103,UNKNOWN,Street,27.198010820461967,False,QUEENS,"(40.7060753, -73.7940129)",trafficstat,True,False,False,False,True,False,False,False,False,,,,,,,
2026-07-14,00:00,40.709485,-73.7740984,JAMAICA AVE,11423,103,OTHER,Street,40.80750910160868,False,QUEENS,"(40.709485, -73.7740984)",trafficstat,True,False,False,False,False,False,False,True,False,,,,,,,
2026-07-14,00:00,40.7113809,-73.7891573,173 ST,11432,103,OTHER,Street,33.33403526572364,False,QUEENS,"(40.7113809, -73.7891573)",trafficstat,False,False,False,False,False,False,False,False,False,,,,,,,
2026-07-14,00:00,40.7127101,-73.7823937,180 ST,11432,103,UNKNOWN,Street,32.514786135032985,False,QUEENS,"(40.7127101, -73.7823937)",trafficstat,False,False,False,False,False,False,False,False,False,,,,,,,
2026-07-14,00:00,40.7071861,-73.8026961,PARSONS BLVD,11432,103,OTHER,Street,55.56789573283874,False,QUEENS,"(40.7071861, -73.8026961)",trafficstat,False,False,False,False,False,False,False,False,False,,,,,,,
2026-07-13,00:00,40.7127752,-73.772003,188 ST,11423,103,UNKNOWN,Street,1.2141393617149592,False,QUEENS,"(40.7127752, -73.772003)",trafficstat,True,False,False,False,False,False,False,True,False,,,,,,,
2026-07-08,00:00,40.7127752,-73.772003,188 ST,11423,103,OTHER,Street,1.2141393617149592,False,QUEENS,"(40.7127752, -73.772003)",trafficstat,True,False,False,False,False,False,False,True,False,,,,,,,
2026-06-18,00:00,40.7127752,-73.772003,188 ST,11423,103,UNKNOWN,Street,1.2141393617149592,False,QUEENS,"(40.7127752, -73.772003)",trafficstat,True,False,False,False,False,False,False,True,False,,,,,,,
2026-07-12,00:00,40.7126912,-73.7660659,195 ST,11423,103,UNKNOWN,Street,51.382827158768556,False,QUEENS,"(40.7126912, -73.7660659)",trafficstat,True,False,False,False,False,False,False,True,False,,,,,,,
2026-07-12,00:00,40.7038344,-73.7784895,180 ST,11433,103,UNKNOWN,Street,0.9561018358519566,False,QUEENS,"(40.7038344, -73.7784895)",trafficstat,True,False,False,False,False,False,False,True,False,,,,,,,
2026-07-12,00:00,40.7094392,-73.7862134,175 ST,11432,103,UNKNOWN,Street,59.68014923082972,False,QUEENS,"(40.7094392, -73.7862134)",trafficstat,False,False,False,False,False,False,False,False,False,,,,,,,
2026-07-11,00:00,40.7142613,-73.7764639,HILLSIDE AVE,11432,103,UNKNOWN,Street,57.91265448852486,False,QUEENS,"(40.7142613, -73.7764639)",trafficstat,True,False,False,True,False,False,False,False,False,,,,,,,
2026-07-11,00:00,40.7038308,-73.8006458,PARSONS BLVD,11432,103,OTHER,Street,38.50136977728694,False,QUEENS,"(40.7038308, -73.8006458)",trafficstat,True,False,True,False,False,False,False,False,False,,,,,,,
2026-07-11,00:00,40.6898172,-73.8093031,VAN WYCK EXPY,11419,103,UNKNOWN,Highway,1.0152425196043393,False,QUEENS,"(40.6898172, -73.8093031)",trafficstat,True,False,False,False,False,False,False,True,False,,,,,,,
2026-07-11,00:00,40.6940664,-73.8014174,107 AVE,11435,103,UNKNOWN,Street,2.2391093843370973,False,QUEENS,"(40.6940664, -73.8014174)",trafficstat,True,False,False,False,False,False,False,True,False,,,,,,,
2026-07-11,00:00,40.6989882,-73.8048793,148 ST,11435,103,UNKNOWN,Street,1.1301466912866636,False,QUEENS,"(40.6989882, -73.8048793)",trafficstat,True,False,False,False,False,False,False,False,False,,,,,,,
2026-07-10,00:00,40.6933964,-73.7889314,GUY R BREWER BLVD,11433,103,UNKNOWN,Street,1.4984818556468642,False,QUEENS,"(40.6933964, -73.7889314)",trafficstat,True,False,False,True,False,False,False,False,False,,,,,,,
2026-07-10,00:00,40.6911414,-73.8100746,VAN WYCK EXPY,11419,103,UNKNOWN,Highway,4.556038337216296,False,QUEENS,"(40.6911414, -73.8100746)",trafficstat,True,False,False,False,False,False,False,True,False,,,,,,,
2026-07-10,00:00,40.6924792,-73.8009857,LAKEWOOD AVE,11435,103,UNKNOWN,Street,2.2400034565020994,False,QUEENS,"(40.6924792, -73.8009857)",trafficstat,False,False,False,False,False,False,False,False,False,,,,,,,
2026-07-10,00:00,40.7021668,-73.7923912,165 ST,11433,103,UNKNOWN,Street,0.7092625959926261,False,QUEENS,"(40.7021668, -73.7923912)",trafficstat,True,False,False,False,False,False,False,True,False,,,,,,,
2026-07-03,00:00,40.7021668,-73.7923912,165 ST,11433,103,UNKNOWN,Street,0.7092625959926261,False,QUEENS,"(40.7021668, -73.7923912)",trafficstat,True,False,True,False,False,False,False,False,False,,,,,,,
2026-07-02,00:00,40.7021668,-73.7923912,165 ST,11433,103,UNKNOWN,Street,0.7092625959926261,False,QUEENS,"(40.7021668, -73.7923912)",trafficstat,True,False,False,False,False,False,False,True,False,,,,,,,
2026-07-10,00:00,40.7067487,-73.8022272,PARSONS BLVD,11432,103,UNKNOWN,Street,0.8242251236712911,False,QUEENS,"(40.7067487, -73.8022272)",trafficstat,True,False,False,False,False,False,False,False,False,,,,,,,
2026-07-10,00:00,40.7042012,-73.8152441,QUEENS BLVD,11435,103,UNKNOWN,Street,0.2973160454953506,False,QUEENS,"(40.7042012, -73.8152441)",trafficstat,True,False,False,False,False,False,False,True,True,,,,,,,
2026-07-10,00:00,40.7043888,-73.7700801,LIBERTY AVE,11412,103,UNKNOWN,Street,64.24312993558492,False,QUEENS,"(40.7043888, -73.7700801)",trafficstat,True,False,False,False,False,False,False,True,False,,,,,,,
2026-07-10,00:00,40.7087102,-73.7790468,182 ST,11423,103,UNKNOWN,Street,0.18460030690303883,False,QUEENS,"(40.7087102, -73.7790468)",trafficstat,True,False,False,False,False,False,False,False,True,,,,,,,
2026-07-09,00:00,40.709695,-73.7935112,168 PL,11432,103,UNKNOWN,Street,0.703889263857418,False,QUEENS,"(40.709695, -73.7935112)",trafficstat,True,False,False,False,False,False,False,False,True,,,,,,,
2026-07-09,00:00,40.698586,-73.81418,VAN WYCK EXPY,11435,103,UNKNOWN,Street,0.17575965711012892,False,QUEENS,"(40.698586, -73.81418)",trafficstat,False,False,False,False,False,False,False,False,False,,,,,,,
2026-07-09,00:00,40.6948141,-73.7897414,GUY R BREWER BLVD,11433,103,UNKNOWN,Street,53.13760735869154,False,QUEENS,"(40.6948141, -73.7897414)",trafficstat,False,False,False,False,False,False,False,False,False,,,,,,,
2026-07-09,00:00,40.6996016,-73.8106009,143 ST,11435,103,UNKNOWN,Street,0.7043410965013418,False,QUEENS,"(40.6996016, -73.8106009)",trafficstat,True,False,False,False,False,False,False,False,False,,,,,,,
2026-07-09,00:00,40.6944101,-73.7975468,155 ST,11433,103,UNKNOWN,Street,38.84433120477185,False,QUEENS,"(40.6944101, -73.7975468)",trafficstat,True,False,False,False,False,False,False,False,True,,,,,,,
2026-07-08,00:00,40.7147331,-73.760368,199 ST,11423,103,UNKNOWN,Street,40.619849511308125,False,QUEENS,"(40.7147331, -73.760368)",trafficstat,False,False,False,False,False,False,False,False,False,,,,,,,
2026-07-07,00:00,40.7122487,-73.7792804,182 PL,11423,103,UNKNOWN,Street,0.024585834979255688,False,QUEENS,"(40.7122487, -73.7792804)",trafficstat,True,False,True,False,False,False,False,False,False,,,,,,,
2026-07-07,00:00,40.6892906,-73.8057258,REMINGTON ST,11435,103,UNKNOWN,Street,44.497654461186045,False,QUEENS,"(40.6892906, -73.8057258)",trafficstat,False,False,False,False,False,False,False,False,False,,,,,,,
2026-07-07,00:00,40.7181385,-73.7572554,90 AVE,11428,103,UNKNOWN,Street,2.9919972906785155,False,QUEENS,"(40.7181385, -73.7572554)",trafficstat,False,False,False,False,False,False,False,False,False,,,,,,,
2026-07-06,00:00,40.7173369,-73.756955,FRANCIS LEWIS BLVD,11428,103,UNKNOWN,Street,54.18880978858435,False,QUEENS,"(40.7173369, -73.756955)",trafficstat,False,False,False,False,False,False,False,False,False,,,,,,,
2026-07-06,00:00,40.7070163,-73.7982589,163 ST,11432,103,UNKNOWN,Street,1.1386447946919425,False,QUEENS,"(40.7070163, -73.7982589)",trafficstat,True,False,False,False,False,False,False,True,False,,,,,,,
2026-07-06,00:00,40.7070163,-73.7982589,163 ST,11432,103,OTHER,Street,1.1386447946919425,False,QUEENS,"(40.7070163, -73.7982589)",trafficstat,True,False,False,False,False,False,False,True,False,,,,,,,
2026-07-06,00:00,40.702568,-73.79056,MERRICK BLVD,11433,103,UNKNOWN,Street,0.670973569414786,False,QUEENS,"(40.702568, -73.79056)",trafficstat,False,False,False,False,False,False,False,False,False,,,,,,,
2026-06-28,00:00,40.702568,-73.79056,MERRICK BLVD,11433,103,UNKNOWN,Street,0.670973569414786,False,QUEENS,"(40.702568, -73.79056)",trafficstat,False,False,False,False,False,False,False,False,False,,,,,,,
2026-07-05,00:00,40.7060384,-73.8064384,150 ST,11435,103,UNKNOWN,Street,35.90790060303652,False,QUEENS,"(40.7060384, -73.8064384)",trafficstat,False,False,False,False,False,False,False,False,False,,,,,,,
2026-07-05,00:00,40.701994,-73.7828201,106 AVE,11433,103,OTHER,Street,65.51807452697955,False,QUEENS,"(40.701994, -73.7828201)",trafficstat,False,False,False,False,False,False,False,False,False,,,,,,,
2026-07-05,00:00,40.7048103,-73.7821399,177 ST,11433,103,UNKNOWN,Street,1.1550386999540572,False,QUEENS,"(40.7048103, -73.7821399)",trafficstat,True,False,False,True,False,False,False,False,False,,,,,,,
2026-07-05,00:00,40.692564,-73.8089008,PINEGROVE ST,11435,103,UNKNOWN,Street,1.8689052161296515,False,QUEENS,"(40.692564, -73.8089008)",trafficstat,True,False,True,False,False,False,False,False,False,,,,,,,
2026-06-27,00:00,40.692564,-73.8089008,PINEGROVE ST,11435,103,UNKNOWN,Street,1.8689052161296515,False,QUEENS,"(40.692564, -73.8089008)",trafficstat,True,False,True,False,False,False,False,False,False,,,,,,,
2026-07-05,00:00,40.6989238,-73.8067944,SUTPHIN BLVD,11435,103,OTHER,Street,19.639482756644053,False,QUEENS,"(40.6989238, -73.8067944)",trafficstat,False,False,False,False,False,False,False,False,False,,,,,,,
2026-07-04,00:00,40.6916087,-73.8055572,INWOOD ST,11435,103,UNKNOWN,Street,1.7655483453563825,False,QUEENS,"(40.6916087, -73.8055572)",trafficstat,False,False,False,False,False,False,False,False,False,,,,,,,
2026-07-04,00:00,40.696738,-73.7917411,GUY R BREWER BLVD,11433,103,UNKNOWN,Street,90.34730766883061,False,QUEENS,"(40.696738, -73.7917411)",trafficstat,False,False,False,False,False,False,False,False,False,,,,,,,
2026-07-03,00:00,40.696584,-73.7834867,MERRICK BLVD,11433,103,UNKNOWN,Street,19.732494497706927,False,QUEENS,"(40.696584, -73.7834867)",trafficstat,False,False,False,False,False,False,False,False,False,,,,,,,
2026-07-03,00:00,40.7077935,-73.7999946,162 ST,11432,103,UNKNOWN,Street,44.22413666864798,False,QUEENS,"(40.7077935, -73.7999946)",trafficstat,True,False,False,False,False,False,False,True,True,,,,,,,
2026-07-03,00:00,40.7041475,-73.8075836,148 ST,11435,103,OTHER,Street,0.5541866607392492,False,QUEENS,"(40.7041475, -73.8075836)",trafficstat,True,False,True,False,False,False,False,False,False,,,,,,,
2026-07-03,00:00,40.7066326,-73.8065882,150 ST,11435,103,UNKNOWN,Street,0.7335713936668381,False,QUEENS,"(40.7066326, -73.8065882)",trafficstat,False,False,False,False,False,False,False,False,False,,,,,,,
2026-07-03,00:00,40.7044014,-73.7708811,LIBERTY AVE,11412,103,UNKNOWN,Street,3.0463427818272426,False,QUEENS,"(40.7044014, -73.7708811)",trafficstat,False,False,False,False,False,False,False,False,False,,,,,,,
2026-07-03,00:00,40.7062673,-73.8061599,ALLEY,11432,103,UNKNOWN,Alley,17.02028954851227,False,QUEENS,"(40.7062673, -73.8061599)",trafficstat,False,False,False,False,False,False,False,False,False,,,,,,,
2026-07-02,00:00,40.7090253,-73.7981842,164 ST,11432,103,UNKNOWN,Street,0.9415280670227428,False,QUEENS,"(40.7090253, -73.7981842)",trafficstat,True,False,True,False,False,False,False,False,False,,,,,,,
2026-07-02,00:00,40.6932954,-73.8080116,INWOOD ST,11435,103,UNKNOWN,Street,1.99082146421627,False,QUEENS,"(40.6932954, -73.8080116)",trafficstat,True,False,True,False,False,False,False,False,False,,,,,,,
2026-06-13,00:00,40.6932954,-73.8080116,INWOOD ST,11435,103,UNKNOWN,Street,1.99082146421627,False,QUEENS,"(40.6932954, -73.8080116)",trafficstat,False,False,False,False,False,False,False,False,False,,,,,,,
2026-07-02,00:00,40.6993715,-73.8057264,94 AVE,11435,103,OTHER,Street,33.947844956870725,False,QUEENS,"(40.6993715, -73.8057264)",trafficstat,True,False,False,False,False,False,False,False,False,,,,,,,
2026-07-01,00:00,40.6927093,-73.8071695,INWOOD ST,11435,103,OTHER,Street,2.08899766788782,False,QUEENS,"(40.6927093, -73.8071695)",trafficstat,True,False,False,False,False,True,False,False,False,,,,,,,
2026-07-01,00:00,40.7052716,-73.792086,168 ST,11433,103,OTHER,Street,49.41708351528347,False,QUEENS,"(40.7052716, -73.792086)",trafficstat,False,False,False,False,False,False,False,False,False,,,,,,,
2026-07-01,00:00,40.7068684,-73.7907968,JAMAICA AVE,11432,103,UNKNOWN,Street,3.3202709069860386,False,QUEENS,"(40.7068684, -73.7907968)",trafficstat,False,False,False,False,False,False,False,False,False,,,,,,,
2026-07-01,00:00,40.7022643,-73.7788269,107 AVE,11433,103,OTHER,Street,58.29658869083704,False,QUEENS,"(40.7022643, -73.7788269)",trafficstat,True,False,True,False,False,False,False,False,False,,,,,,,
2026-07-01,00:00,40.7148296,-73.7740905,HILLSIDE AVE,11432,103,OTHER,Street,59.214623199587166,False,QUEENS,"(40.7148296, -73.7740905)",trafficstat,True,False,False,False,False,False,False,True,True,,,,,,,
2026-06-30,00:00,40.7143307,-73.7555775,205 ST,11423,103,UNKNOWN,Street,0.7696216813650688,False,QUEENS,"(40.7143307, -73.7555775)",trafficstat,True,False,False,False,False,False,False,True,False,,,,,,,
2026-06-29,00:00,40.7050859,-73.7741789,LIBERTY AVE,11412,103,UNKNOWN,Street,3.0421639968604617,False,QUEENS,"(40.7050859, -73.7741789)",trafficstat,True,False,False,False,False,True,False,False,False,,,,,,,
2026-06-29,00:00,40.6916708,-73.8017671,LAKEWOOD AVE,11435,103,OTHER,Street,1.9544632437702403,False,QUEENS,"(40.6916708, -73.8017671)",trafficstat,True,False,False,False,False,False,False,False,False,,,,,,,
2026-06-28,00:00,40.7096406,-73.777741,183 ST,11423,103,UNKNOWN,Street,36.09827801393087,False,QUEENS,"(40.7096406, -73.777741)",trafficstat,False,False,False,False,False,False,False,False,False,,,,,,,
2026-06-27,00:00,40.7134711,-73.7592528,202 ST,11423,103,UNKNOWN,Street,1.6557377487725058,False,QUEENS,"(40.7134711, -73.7592528)",trafficstat,False,False,False,False,False,False,False,False,False,,,,,,,
2026-06-27,00:00,40.7167283,-73.7564635,FRANCIS LEWIS BLVD,11428,103,UNKNOWN,Street,42.29054309781807,False,QUEENS,"(40.7167283, -73.7564635)",trafficstat,False,False,False,False,False,False,False,False,False,,,,,,,
2026-06-25,00:00,40.7206454,-73.7603055,205 ST,11423,103,UNKNOWN,Street,1.2489770512598486,False,QUEENS,"(40.7206454, -73.7603055)",trafficstat,False,False,False,False,False,False,False,False,False,,,,,,,
2026-06-25,00:00,40.7002735,-73.8119262,139 ST,11435,103,OTHER,Street,0.8519967706767786,False,QUEENS,"(40.7002735, -73.8119262)",trafficstat,False,False,False,False,False,False,False,False,False,,,,,,,
2026-06-25,00:00,40.70197,-73.801895,ARCHER AVE,11433,103,UNKNOWN,Street,2.7376555808777105,False,QUEENS,"(40.70197, -73.801895)",trafficstat,True,False,True,False,False,False,False,False,False,,,,,,,
2026-06-25,00:00,40.6997563,-73.793578,GUY R BREWER BLVD,11433,103,UNKNOWN,Street,1.4146794392491167,False,QUEENS,"(40.6997563, -73.793578)",trafficstat,False,False,False,False,False,False,False,False,False,,,,,,,
2026-06-25,00:00,40.7008052,-73.8079865,SUTPHIN BLVD,11435,103,UNKNOWN,Street,52.978434629852345,False,QUEENS,"(40.7008052, -73.8079865)",trafficstat,False,False,False,False,False,False,False,False,False,,,,,,,
2026-06-24,00:00,40.6899975,-73.8060497,107 AVE,11435,103,UNKNOWN,Street,38.108271493010385,False,QUEENS,"(40.6899975, -73.8060497)",trafficstat,False,False,False,False,False,False,False,False,False,,,,,,,
2026-06-24,00:00,40.6924739,-73.8108173,VAN WYCK EXPY,11419,103,UNKNOWN,Highway,0.5845902087125733,False,QUEENS,"(40.6924739, -73.8108173)",trafficstat,True,False,False,False,False,False,False,False,True,,,,,,,
2026-06-18,00:00,40.6924739,-73.8108173,VAN WYCK EXPY,11419,103,OTHER,Highway,0.5845902087125733,False,QUEENS,"(40.6924739, -73.8108173)",trafficstat,True,False,False,False,False,False,False,True,False,,,,,,,
2026-06-24,00:00,40.7063797,-73.7999704,161 ST,11432,103,OTHER,Street,1.1523415394091696,False,QUEENS,"(40.7063797, -73.7999704)",trafficstat,True,False,True,False,False,False,False,False,False,,,,,,,
2026-06-23,00:00,40.7058257,-73.7939596,MERRICK BLVD,11433,103,OTHER,Street,1.7039365488307248,False,QUEENS,"(40.7058257, -73.7939596)",trafficstat,True,False,True,False,False,False,False,False,False,,,,,,,
2026-06-23,00:00,40.7121553,-73.7648338,ALLEY,,103,OTHER,Alley,34.508974998356734,False,QUEENS,"(40.7121553, -73.7648338)",trafficstat,False,False,False,False,False,False,False,False,False,,,,,,,
2026-06-22,00:00,40.6917327,-73.7946822,156 ST,11433,103,OTHER,Street,78.84214373782828,False,QUEENS,"(40.6917327, -73.7946822)",trafficstat,False,False,False,False,False,False,False,False,False,,,,,,,
2026-06-22,00:00,40.6969073,-73.8110337,95 AVE,11435,103,UNKNOWN,Street,23.85488028260241,False,QUEENS,"(40.6969073, -73.8110337)",trafficstat,False,False,False,False,False,False,False,False,False,,,,,,,
2026-06-21,00:00,40.7032739,-73.8138739,139 ST,11435,103,OTHER,Street,49.043379231171045,False,QUEENS,"(40.7032739, -73.8138739)",trafficstat,False,False,False,False,False,False,False,False,False,,,,,,,
2026-06-21,00:00,40.7063611,-73.792526,168 ST,11433,103,UNKNOWN,Street,0.6999025800262132,False,QUEENS,"(40.7063611, -73.792526)",trafficstat,True,False,True,False,False,False,False,False,False,,,,,,,
2026-06-21,00:00,40.710061,-73.7716531,JAMAICA AVE,11423,103,UNKNOWN,Street,60.82979319366725,False,QUEENS,"(40.710061, -73.7716531)",trafficstat,False,False,False,False,False,False,False,False,False,,,,,,,
2026-06-20,00:00,40.7159724,-73.7622739,198 ST,11423,103,UNKNOWN,Street,0.6789185151988388,False,QUEENS,"(40.7159724, -73.7622739)",trafficstat,False,False,False,False,False,False,False,False,False,,,,,,,
2026-06-20,00:00,40.7092708,-73.7973142,165 ST,11432,103,UNKNOWN,Street,0.948000764253898,False,QUEENS,"(40.7092708, -73.7973142)",trafficstat,False,False,False,False,False,False,False,False,False,,,,,,,
2026-06-20,00:00,40.7052331,-73.8035734,153 ST,11432,103,UNKNOWN,Street,0.9265521245219361,False,QUEENS,"(40.7052331, -73.8035734)",trafficstat,True,False,False,True,False,False,False,False,False,,,,,,,
2026-06-15,00:00,40.7052331,-73.8035734,153 ST,11432,103,UNKNOWN,Street,0.9265521245219361,False,QUEENS,"(40.7052331, -73.8035734)",trafficstat,True,False,False,False,False,False,True,True,False,,,,,,,
2026-06-19,00:00,40.7051235,-73.8119053,144 ST,11435,103,UNKNOWN,Street,0.24069545207927429,False,QUEENS,"(40.7051235, -73.8119053)",trafficstat,False,False,False,False,False,False,False,False,False,,,,,,,
2026-06-19,00:00,40.7100489,-73.7661545,193 ST,11423,103,OTHER,Street,0.4578483807211942,False,QUEENS,"(40.7100489, -73.7661545)",trafficstat,False,False,False,False,False,False,False,False,False,,,,,,,
2026-06-19,00:00,40.6912026,-73.8044943,107 AVE,11435,103,UNKNOWN,Street,65.16857741925797,False,QUEENS,"(40.6912026, -73.8044943)",trafficstat,False,False,False,False,False,False,False,False,False,,,,,,,
2026-06-18,00:00,40.6921524,-73.8024616,LIVERPOOL ST,11435,103,UNKNOWN,Street,1.41761342918917,False,QUEENS,"(40.6921524, -73.8024616)",trafficstat,True,False,False,False,False,False,False,False,True,,,,,,,
2026-06-18,00:00,40.6985864,-73.8141813,VAN WYCK EXPY,11435,103,OTHER,Street,0.47161997596584787,False,QUEENS,"(40.6985864, -73.8141813)",trafficstat,True,False,True,False,False,False,False,False,False,,,,,,,
2026-06-17,00:00,40.7018057,-73.7960019,GUY R BREWER BLVD,11433,103,UNKNOWN,Street,234.1054837954184,False,QUEENS,"(40.7018057, -73.7960019)",trafficstat,False,False,False,False,False,False,False,False,False,,,,,,,
2026-06-17,00:00,40.702499,-73.8149602,138 ST,11435,103,OTHER,Street,0.17055618281076204,False,QUEENS,"(40.702499, -73.8149602)",trafficstat,True,False,False,False,False,False,False,True,False,,,,,,,
2026-06-17,00:00,40.7046971,-73.7967979,JAMAICA AVE,11432,103,UNKNOWN,Street,3.0603608394719344,False,QUEENS,"(40.7046971, -73.7967979)",trafficstat,False,False,False,False,False,False,False,False,False,,,,,,,