crash_date,crash_time,latitude,longitude,on_street_name,zip_code,precinct,collision_type,roadway_type,geocode_dist_feet,time_is_known,borough,location,source,injury,fatality,injured_pedestrian,injured_cyclist,injured_ebike_rider,injured_motorcyclist,injured_moped_rider,injured_car_occupant,injured_suv_occupant,number_of_persons_injured,number_of_persons_killed,contributing_factor_vehicle_1,collision_id,cross_street_name,off_street_name,vehicle_type_code1
2026-06-16,00:00,40.7061505,-73.798734,162 ST,11432,103,UNKNOWN,Street,19.98385616436313,False,QUEENS,"(40.7061505, -73.798734)",trafficstat,False,False,False,False,False,False,False,False,False,,,,,,,
2026-06-16,00:00,40.7101018,-73.7533567,205 PL,11412,103,UNKNOWN,Street,0.7368464402143463,False,QUEENS,"(40.7101018, -73.7533567)",trafficstat,False,False,False,False,False,False,False,False,False,,,,,,,
2026-06-16,00:00,40.699635,-73.803116,150 ST,11435,103,UNKNOWN,Street,0.5805574744439707,False,QUEENS,"(40.699635, -73.803116)",trafficstat,False,False,False,False,False,False,False,False,False,,,,,,,
2026-06-16,00:00,40.7131342,-73.7677743,JAMAICA AVE,11423,103,UNKNOWN,Street,34.25153190349835,False,QUEENS,"(40.7131342, -73.7677743)",trafficstat,False,False,False,False,False,False,False,False,False,,,,,,,
2026-06-15,00:00,40.6915923,-73.8086632,105 AVE,11435,103,OTHER,Street,33.0691505851543,False,QUEENS,"(40.6915923, -73.8086632)",trafficstat,False,False,False,False,False,False,False,False,False,,,,,,,
2026-06-15,00:00,40.7098072,-73.7688137,HOLLIS AVE,11423,103,UNKNOWN,Street,2.9084568903084604,False,QUEENS,"(40.7098072, -73.7688137)",trafficstat,False,False,False,False,False,False,False,False,False,,,,,,,
2026-06-14,00:00,40.6978589,-73.8041613,148 ST,11435,103,UNKNOWN,Street,1.0993478195489639,False,QUEENS,"(40.6978589, -73.8041613)",trafficstat,False,False,False,False,False,False,False,False,False,,,,,,,
2026-06-14,00:00,40.7135127,-73.7632375,JAMAICA AVE,11423,103,UNKNOWN,Street,38.29250485747652,False,QUEENS,"(40.7135127, -73.7632375)",trafficstat,False,False,False,False,False,False,False,False,False,,,,,,,
2026-06-14,00:00,40.7210635,-73.7594418,HILLSIDE AVE,11427,103,UNKNOWN,Street,2.4817664401687907,False,QUEENS,"(40.7210635, -73.7594418)",trafficstat,True,False,True,False,False,False,False,False,False,,,,,,,
2026-06-13,00:00,40.6868083,-73.8070839,VAN WYCK EXPY,11435,103,UNKNOWN,Street,37.02961442813628,False,QUEENS,"(40.6868083, -73.8070839)",trafficstat,False,False,False,False,False,False,False,False,False,,,,,,,
2026-06-13,00:00,40.7033417,-73.8002031,PARSONS BLVD,11433,103,UNKNOWN,Street,0.7229811866936483,False,QUEENS,"(40.7033417, -73.8002031)",trafficstat,True,False,False,True,False,False,False,False,False,,,,,,,
2026-06-13,00:00,40.7055638,-73.7919096,168 ST,11433,103,UNKNOWN,Street,38.32102406735412,False,QUEENS,"(40.7055638, -73.7919096)",trafficstat,True,False,False,False,False,False,False,True,False,,,,,,,
2026-06-13,00:00,40.7088094,-73.7587178,200 ST,11412,103,OTHER,Street,0.701106444656369,False,QUEENS,"(40.7088094, -73.7587178)",trafficstat,True,False,False,False,False,False,False,False,False,,,,,,,
2026-06-12,00:00,40.688465,-73.80386,143 ST,11435,103,UNKNOWN,Street,0.9770498937297437,False,QUEENS,"(40.688465, -73.80386)",trafficstat,True,False,False,False,False,False,False,True,False,,,,,,,
2026-06-12,00:00,40.6926119,-73.8031346,LIVERPOOL ST,11435,103,UNKNOWN,Street,1.974417160420946,False,QUEENS,"(40.6926119, -73.8031346)",trafficstat,True,False,False,False,False,False,False,False,True,,,,,,,
2026-06-12,00:00,40.6900835,-73.7992919,FERNDALE AVE,11435,103,UNKNOWN,Street,23.32306547163514,False,QUEENS,"(40.6900835, -73.7992919)",trafficstat,True,False,False,False,False,True,False,False,False,,,,,,,
2026-09-13,00:00,40.720251,-73.7542128,210 ST,11427,105,UNKNOWN,Street,53.02463678132388,False,QUEENS,"(40.720251, -73.7542128)",trafficstat,False,False,False,False,False,False,False,False,False,,,,,,,
2026-09-13,00:00,40.7338708,-73.7116137,E  WILLISTON AVE,11001,105,OTHER,Street,42.53898033068899,False,QUEENS,"(40.7338708, -73.7116137)",trafficstat,False,False,False,False,False,False,False,False,False,,,,,,,
2026-09-12,00:00,40.7361594,-73.713701,HILLSIDE AVE,11004,105,UNKNOWN,Street,3.2879302560733166,False,QUEENS,"(40.7361594, -73.713701)",trafficstat,True,False,False,False,False,False,False,True,False,,,,,,,
2026-09-12,00:00,40.7514032,-73.703692,270 ST,11040,105,UNKNOWN,Street,0.41044539367429744,False,QUEENS,"(40.7514032, -73.703692)",trafficstat,True,False,False,False,False,False,False,False,True,,,,,,,
2026-07-20,00:00,40.7514032,-73.703692,270 ST,11040,105,UNKNOWN,Street,0.41044539367429744,False,QUEENS,"(40.7514032, -73.703692)",trafficstat,True,False,False,False,False,False,False,False,True,,,,,,,
2026-09-12,00:00,40.755448,-73.7219827,GRAND CENTRAL PKWY,11005,105,UNKNOWN,Highway,0.4655503375740216,False,QUEENS,"(40.755448, -73.7219827)",trafficstat,False,False,False,False,False,False,False,False,False,,,,,,,
2026-09-11,00:00,40.718068,-73.7425085,VANDERVEER ST,11428,105,UNKNOWN,Street,1.521535771066206,False,QUEENS,"(40.718068, -73.7425085)",trafficstat,True,False,False,False,False,False,False,True,False,,,,,,,
2026-09-10,00:00,40.7545588,-73.7231869,LITTLE NECK PKWY,11362,105,UNKNOWN,Street,0.7771683057719216,False,QUEENS,"(40.7545588, -73.7231869)",trafficstat,True,False,False,False,False,False,False,True,False,,,,,,,
2026-09-03,00:00,40.7545588,-73.7231869,LITTLE NECK PKWY,11362,105,UNKNOWN,Street,0.7771683057719216,False,QUEENS,"(40.7545588, -73.7231869)",trafficstat,True,False,False,False,False,False,False,True,False,,,,,,,
2026-08-19,00:00,40.7545588,-73.7231869,LITTLE NECK PKWY,11362,105,UNKNOWN,Street,0.7771683057719216,False,QUEENS,"(40.7545588, -73.7231869)",trafficstat,False,False,False,False,False,False,False,False,False,,,,,,,
2026-06-21,00:00,40.7545588,-73.7231869,LITTLE NECK PKWY,11362,105,OTHER,Street,0.7771683057719216,False,QUEENS,"(40.7545588, -73.7231869)",trafficstat,True,False,False,False,False,False,False,True,False,,,,,,,
2026-09-10,00:00,40.6955733,-73.7287727,231 ST,11411,105,UNKNOWN,Street,1.1851602103506254,False,QUEENS,"(40.6955733, -73.7287727)",trafficstat,False,False,False,False,False,False,False,False,False,,,,,,,
2026-09-09,00:00,40.6945214,-73.7351422,225 ST,11411,105,UNKNOWN,Street,62.46528850232016,False,QUEENS,"(40.6945214, -73.7351422)",trafficstat,False,False,False,False,False,False,False,False,False,,,,,,,
2026-09-09,00:00,40.704685,-73.734184,223 ST,11429,105,UNKNOWN,Street,0.1530886156930794,False,QUEENS,"(40.704685, -73.734184)",trafficstat,True,False,False,False,False,False,False,True,False,,,,,,,
2026-09-09,00:00,40.7400724,-73.7066136,263 ST,11004,105,UNKNOWN,Street,64.86216592878209,False,QUEENS,"(40.7400724, -73.7066136)",trafficstat,False,False,False,False,False,False,False,False,False,,,,,,,
2026-09-09,00:00,40.7328663,-73.7321858,235 CT,11427,105,OTHER,Street,1.3763262582353886,False,QUEENS,"(40.7328663, -73.7321858)",trafficstat,False,False,False,False,False,False,False,False,False,,,,,,,
2026-09-09,00:00,40.7195725,-73.7539313,210 ST,11428,105,UNKNOWN,Street,1.291906144533368,False,QUEENS,"(40.7195725, -73.7539313)",trafficstat,True,False,False,False,False,False,False,True,False,,,,,,,
2026-09-09,00:00,40.725991,-73.724209,CROSS ISLAND PKWY,11426,105,OTHER,Highway,5.5667467389729195,False,QUEENS,"(40.725991, -73.724209)",trafficstat,False,False,False,False,False,False,False,False,False,,,,,,,
2026-06-29,00:00,40.725991,-73.724209,CROSS ISLAND PKWY,11426,105,UNKNOWN,Highway,5.5667467389729195,False,QUEENS,"(40.725991, -73.724209)",trafficstat,True,False,False,False,False,False,False,True,False,,,,,,,
2026-09-09,00:00,40.7387819,-73.7071068,262 ST,11004,105,UNKNOWN,Street,53.52745121476837,False,QUEENS,"(40.7387819, -73.7071068)",trafficstat,True,False,False,False,False,False,False,True,False,,,,,,,
2026-09-08,00:00,40.7181385,-73.7572554,90 AVE,11428,105,OTHER,Street,2.9919972906785155,False,QUEENS,"(40.7181385, -73.7572554)",trafficstat,True,False,False,False,False,False,False,False,True,,,,,,,
2026-08-14,00:00,40.7181385,-73.7572554,90 AVE,11428,105,UNKNOWN,Street,2.9919972906785155,False,QUEENS,"(40.7181385, -73.7572554)",trafficstat,True,False,False,False,False,False,False,False,True,,,,,,,
2026-09-08,00:00,40.711878,-73.7302826,HEMPSTEAD AVE,11429,105,UNKNOWN,Street,2.4330219376730216,False,QUEENS,"(40.711878, -73.7302826)",trafficstat,False,False,False,False,False,False,False,False,False,,,,,,,
2026-09-07,00:00,40.720528,-73.7505,90 CT,11428,105,OTHER,Street,1.9336411903989401,False,QUEENS,"(40.720528, -73.7505)",trafficstat,True,False,False,False,False,False,False,True,False,,,,,,,
2026-09-07,00:00,40.701885,-73.738235,219 ST,11411,105,OTHER,Street,0.0486212141588491,False,QUEENS,"(40.701885, -73.738235)",trafficstat,False,False,False,False,False,False,False,False,False,,,,,,,
2026-09-07,00:00,40.7366907,-73.7233117,CROSS ISLAND PKWY,11426,105,UNKNOWN,Highway,16.449584874643744,False,QUEENS,"(40.7366907, -73.7233117)",trafficstat,False,False,False,False,False,False,False,False,False,,,,,,,
2026-09-03,00:00,40.7366907,-73.7233117,CROSS ISLAND PKWY,11426,105,UNKNOWN,Highway,16.449584874643744,False,QUEENS,"(40.7366907, -73.7233117)",trafficstat,True,False,False,False,False,False,False,True,False,,,,,,,
2026-07-30,00:00,40.7366907,-73.7233117,CROSS ISLAND PKWY,11426,105,UNKNOWN,Highway,16.449584874643744,False,QUEENS,"(40.7366907, -73.7233117)",trafficstat,True,False,False,False,False,False,False,True,False,,,,,,,
2026-07-29,00:00,40.7366907,-73.7233117,CROSS ISLAND PKWY,11426,105,OTHER,Highway,16.449584874643744,False,QUEENS,"(40.7366907, -73.7233117)",trafficstat,False,False,False,False,False,False,False,False,False,,,,,,,
2026-09-06,00:00,40.7290397,-73.7323882,LYMAN ST,11428,105,UNKNOWN,Street,45.120208057092945,False,QUEENS,"(40.7290397, -73.7323882)",trafficstat,False,False,False,False,False,False,False,False,False,,,,,,,
2026-09-06,00:00,40.7243781,-73.7511897,213 ST,11427,105,UNKNOWN,Street,1.977377987997765,False,QUEENS,"(40.7243781, -73.7511897)",trafficstat,False,False,False,False,False,False,False,False,False,,,,,,,
2026-09-06,00:00,40.7156252,-73.7479012,JAMAICA AVE,11428,105,OTHER,Street,39.34042043987141,False,QUEENS,"(40.7156252, -73.7479012)",trafficstat,False,False,False,False,False,False,False,False,False,,,,,,,
2026-09-06,00:00,40.7376151,-73.7407203,GRAND CENTRAL PKWY,11426,105,UNKNOWN,Highway,9.61548722407198,False,QUEENS,"(40.7376151, -73.7407203)",trafficstat,True,False,False,False,False,False,False,False,True,,,,,,,
2026-09-05,00:00,40.6998169,-73.7324179,225 ST,11411,105,UNKNOWN,Street,51.358536506305256,False,QUEENS,"(40.6998169, -73.7324179)",trafficstat,False,False,False,False,False,False,False,False,False,,,,,,,
2026-09-05,00:00,40.7258512,-73.7254204,BRADDOCK AVE,11426,105,UNKNOWN,Street,14.220636920629023,False,QUEENS,"(40.7258512, -73.7254204)",trafficstat,False,False,False,False,False,False,False,False,False,,,,,,,
2026-09-05,00:00,40.7247341,-73.7231521,JERICHO TPKE,11426,105,UNKNOWN,Street,19.29377549981774,False,QUEENS,"(40.7247341, -73.7231521)",trafficstat,True,False,False,True,False,False,False,False,False,,,,,,,
2026-09-04,00:00,40.7294877,-73.7431282,220 ST,11427,105,UNKNOWN,Street,1.180338851573127,False,QUEENS,"(40.7294877, -73.7431282)",trafficstat,False,False,False,False,False,False,False,False,False,,,,,,,
2026-09-04,00:00,40.7084892,-73.741467,216 ST,11429,105,OTHER,Street,0.8449878134620531,False,QUEENS,"(40.7084892, -73.741467)",trafficstat,False,False,False,False,False,False,False,False,False,,,,,,,
2026-09-03,00:00,40.711044,-73.7280979,CROSS ISLAND PKWY,11429,105,OTHER,Highway,0.20361706199915927,False,QUEENS,"(40.711044, -73.7280979)",trafficstat,True,False,False,False,False,False,False,False,True,,,,,,,
2026-08-26,00:00,40.711044,-73.7280979,CROSS ISLAND PKWY,11429,105,UNKNOWN,Highway,0.20361706199915927,False,QUEENS,"(40.711044, -73.7280979)",trafficstat,False,False,False,False,False,False,False,False,False,,,,,,,
2026-08-21,00:00,40.711044,-73.7280979,CROSS ISLAND PKWY,11429,105,UNKNOWN,Highway,0.20361706199915927,False,QUEENS,"(40.711044, -73.7280979)",trafficstat,False,False,False,False,False,False,False,False,False,,,,,,,
2026-06-22,00:00,40.711044,-73.7280979,CROSS ISLAND PKWY,11429,105,UNKNOWN,Highway,0.20361706199915927,False,QUEENS,"(40.711044, -73.7280979)",trafficstat,True,False,False,False,False,False,False,False,True,,,,,,,
2026-09-03,00:00,40.7365996,-73.7208222,247 ST,11426,105,UNKNOWN,Street,0.49746716929035306,False,QUEENS,"(40.7365996, -73.7208222)",trafficstat,True,False,False,False,False,False,False,True,True,,,,,,,
2026-09-03,00:00,40.7373344,-73.7083193,260 ST,11001,105,OTHER,Street,0.5088415332944738,False,QUEENS,"(40.7373344, -73.7083193)",trafficstat,True,False,True,False,False,False,False,False,False,,,,,,,
2026-09-03,00:00,40.7443035,-73.7332802,GRAND CENTRAL PKWY,11427,105,UNKNOWN,Highway,2.8811649271898236,False,QUEENS,"(40.7443035, -73.7332802)",trafficstat,False,False,False,False,False,False,False,False,False,,,,,,,
2026-08-09,00:00,40.7443035,-73.7332802,GRAND CENTRAL PKWY,11427,105,UNKNOWN,Highway,2.8811649271898236,False,QUEENS,"(40.7443035, -73.7332802)",trafficstat,False,False,False,False,False,False,False,False,False,,,,,,,
2026-09-02,00:00,40.7396903,-73.701499,268 ST,11004,105,UNKNOWN,Street,58.79084625061402,False,QUEENS,"(40.7396903, -73.701499)",trafficstat,False,False,False,False,False,False,False,False,False,,,,,,,
2026-09-02,00:00,40.7137113,-73.7508832,209 ST,11429,105,UNKNOWN,Street,0.9253600065555758,False,QUEENS,"(40.7137113, -73.7508832)",trafficstat,False,False,False,False,False,False,False,False,False,,,,,,,
2026-09-02,00:00,40.6870423,-73.7263987,BELT PKWY,11411,105,UNKNOWN,Highway,0.004294789747717113,False,QUEENS,"(40.6870423, -73.7263987)",trafficstat,False,False,False,False,False,False,False,False,False,,,,,,,
2026-07-18,00:00,40.6870423,-73.7263987,BELT PKWY,11411,105,UNKNOWN,Highway,0.004294789747717113,False,QUEENS,"(40.6870423, -73.7263987)",trafficstat,False,False,False,False,False,False,False,False,False,,,,,,,
2026-09-02,00:00,40.6907801,-73.7272704,CROSS ISLAND PKWY,11411,105,OTHER,Street,1.1527213060613375,False,QUEENS,"(40.6907801, -73.7272704)",trafficstat,True,False,False,False,False,False,False,True,False,,,,,,,
2026-08-01,00:00,40.6907801,-73.7272704,CROSS ISLAND PKWY,11411,105,OTHER,Street,1.1527213060613375,False,QUEENS,"(40.6907801, -73.7272704)",trafficstat,True,False,False,False,False,False,False,False,True,,,,,,,
2026-07-24,00:00,40.6907801,-73.7272704,CROSS ISLAND PKWY,11411,105,OTHER,Street,1.1527213060613375,False,QUEENS,"(40.6907801, -73.7272704)",trafficstat,False,False,False,False,False,False,False,False,False,,,,,,,
2026-07-20,00:00,40.6907801,-73.7272704,CROSS ISLAND PKWY,11411,105,UNKNOWN,Street,1.1527213060613375,False,QUEENS,"(40.6907801, -73.7272704)",trafficstat,True,False,False,False,False,False,False,True,False,,,,,,,
2026-07-20,00:00,40.6907801,-73.7272704,CROSS ISLAND PKWY,11411,105,OTHER,Street,1.1527213060613375,False,QUEENS,"(40.6907801, -73.7272704)",trafficstat,True,False,False,False,False,False,False,True,False,,,,,,,
2026-07-06,00:00,40.6907801,-73.7272704,CROSS ISLAND PKWY,11411,105,UNKNOWN,Street,1.1527213060613375,False,QUEENS,"(40.6907801, -73.7272704)",trafficstat,False,False,False,False,False,False,False,False,False,,,,,,,
2026-06-23,00:00,40.6907801,-73.7272704,CROSS ISLAND PKWY,11411,105,UNKNOWN,Street,1.1527213060613375,False,QUEENS,"(40.6907801, -73.7272704)",trafficstat,False,False,False,False,False,False,False,False,False,,,,,,,
2026-09-01,00:00,40.6910466,-73.7392232,223 ST,11411,105,UNKNOWN,Street,1.6163365265708687,False,QUEENS,"(40.6910466, -73.7392232)",trafficstat,True,False,False,False,False,False,False,True,True,,,,,,,
2026-09-01,00:00,40.694252,-73.72741,CROSS ISLAND PKWY,11411,105,OTHER,Street,0.3029758344089902,False,QUEENS,"(40.694252, -73.72741)",trafficstat,False,False,False,False,False,False,False,False,False,,,,,,,
2026-09-01,00:00,40.69698,-73.7393802,116 AVE,11411,105,OTHER,Street,49.76713040502735,False,QUEENS,"(40.69698, -73.7393802)",trafficstat,False,False,False,False,False,False,False,False,False,,,,,,,
2026-09-01,00:00,40.71122,-73.7282617,HEMPSTEAD AVE,11429,105,UNKNOWN,Bridge,16.758640659011185,False,QUEENS,"(40.71122, -73.7282617)",trafficstat,False,False,False,False,False,False,False,False,False,,,,,,,
2026-08-23,00:00,40.71122,-73.7282617,HEMPSTEAD AVE,11429,105,UNKNOWN,Bridge,16.758640659011185,False,QUEENS,"(40.71122, -73.7282617)",trafficstat,True,False,False,False,False,False,False,True,True,,,,,,,
2026-08-10,00:00,40.71122,-73.7282617,HEMPSTEAD AVE,11429,105,UNKNOWN,Bridge,16.758640659011185,False,QUEENS,"(40.71122, -73.7282617)",trafficstat,True,False,False,False,False,False,False,True,False,,,,,,,
2026-08-01,00:00,40.71122,-73.7282617,HEMPSTEAD AVE,11429,105,UNKNOWN,Bridge,16.758640659011185,False,QUEENS,"(40.71122, -73.7282617)",trafficstat,True,False,False,False,False,False,False,True,False,,,,,,,
2026-09-01,00:00,40.7341215,-73.7232646,CROSS ISLAND PKWY,11426,105,OTHER,Street,0.38984255654475164,False,QUEENS,"(40.7341215, -73.7232646)",trafficstat,False,False,False,False,False,False,False,False,False,,,,,,,
2026-08-25,00:00,40.7341215,-73.7232646,CROSS ISLAND PKWY,11426,105,UNKNOWN,Street,0.38984255654475164,False,QUEENS,"(40.7341215, -73.7232646)",trafficstat,False,False,False,False,False,False,False,False,False,,,,,,,
2026-08-14,00:00,40.7341215,-73.7232646,CROSS ISLAND PKWY,11426,105,UNKNOWN,Street,0.38984255654475164,False,QUEENS,"(40.7341215, -73.7232646)",trafficstat,False,False,False,False,False,False,False,False,False,,,,,,,
2026-07-25,00:00,40.7341215,-73.7232646,CROSS ISLAND PKWY,11426,105,UNKNOWN,Street,0.38984255654475164,False,QUEENS,"(40.7341215, -73.7232646)",trafficstat,False,False,False,False,False,False,False,False,False,,,,,,,
2026-06-18,00:00,40.7341215,-73.7232646,CROSS ISLAND PKWY,11426,105,UNKNOWN,Street,0.38984255654475164,False,QUEENS,"(40.7341215, -73.7232646)",trafficstat,False,False,False,False,False,False,False,False,False,,,,,,,
2026-09-01,00:00,40.7266254,-73.7348916,222 ST,11428,105,UNKNOWN,Street,0.3396023182820257,False,QUEENS,"(40.7266254, -73.7348916)",trafficstat,False,False,False,False,False,False,False,False,False,,,,,,,
2026-09-01,00:00,40.7274745,-73.713514,251 ST,11426,105,OTHER,Street,204.41552011791774,False,QUEENS,"(40.7274745, -73.713514)",trafficstat,False,False,False,False,False,False,False,False,False,,,,,,,
2026-08-30,00:00,40.7306376,-73.7455557,SPRINGFIELD BLVD,11427,105,OTHER,Street,1.5257869961466626,False,QUEENS,"(40.7306376, -73.7455557)",trafficstat,True,False,False,False,False,False,False,False,False,,,,,,,
2026-08-30,00:00,40.7362333,-73.7246747,243 ST,11426,105,UNKNOWN,Street,55.321829652798975,False,QUEENS,"(40.7362333, -73.7246747)",trafficstat,False,False,False,False,False,False,False,False,False,,,,,,,
2026-08-30,00:00,40.7114373,-73.7284426,CROSS ISLAND PKWY,11429,105,UNKNOWN,Highway,0.5032752310900479,False,QUEENS,"(40.7114373, -73.7284426)",trafficstat,True,False,False,False,False,False,False,True,False,,,,,,,
2026-08-20,00:00,40.7114373,-73.7284426,CROSS ISLAND PKWY,11429,105,UNKNOWN,Highway,0.5032752310900479,False,QUEENS,"(40.7114373, -73.7284426)",trafficstat,False,False,False,False,False,False,False,False,False,,,,,,,
2026-07-08,00:00,40.7114373,-73.7284426,CROSS ISLAND PKWY,11429,105,UNKNOWN,Highway,0.5032752310900479,False,QUEENS,"(40.7114373, -73.7284426)",trafficstat,False,False,False,False,False,False,False,False,False,,,,,,,
2026-06-28,00:00,40.7114373,-73.7284426,CROSS ISLAND PKWY,11429,105,UNKNOWN,Highway,0.5032752310900479,False,QUEENS,"(40.7114373, -73.7284426)",trafficstat,False,False,False,False,False,False,False,False,False,,,,,,,
2026-08-30,00:00,40.7150167,-73.7416401,217 ST,11429,105,OTHER,Street,1.4216795620352658,False,QUEENS,"(40.7150167, -73.7416401)",trafficstat,False,False,False,False,False,False,False,False,False,,,,,,,
2026-08-30,00:00,40.6924672,-73.7268683,CROSS ISLAND PKWY,11411,105,UNKNOWN,Highway,0.037982578937107624,False,QUEENS,"(40.6924672, -73.7268683)",trafficstat,True,False,False,False,False,False,False,True,False,,,,,,,
2026-08-08,00:00,40.6924672,-73.7268683,CROSS ISLAND PKWY,11411,105,UNKNOWN,Highway,0.037982578937107624,False,QUEENS,"(40.6924672, -73.7268683)",trafficstat,True,False,False,False,False,False,False,True,False,,,,,,,
2026-07-12,00:00,40.6924672,-73.7268683,CROSS ISLAND PKWY,11411,105,UNKNOWN,Highway,0.037982578937107624,False,QUEENS,"(40.6924672, -73.7268683)",trafficstat,False,False,False,False,False,False,False,False,False,,,,,,,
2026-08-30,00:00,40.73651,-73.7405075,STRONGHURST AVE,11427,105,OTHER,Street,46.084422575322854,False,QUEENS,"(40.73651, -73.7405075)",trafficstat,False,False,False,False,False,False,False,False,False,,,,,,,
2026-08-29,00:00,40.7543632,-73.7073876,,,105,UNKNOWN,,358.1631805808296,False,QUEENS,"(40.7543632, -73.7073876)",trafficstat,False,False,False,False,False,False,False,False,False,,,,,,,
2026-08-21,00:00,40.7543632,-73.7073876,,,105,UNKNOWN,,358.1631805808296,False,QUEENS,"(40.7543632, -73.7073876)",trafficstat,False,False,False,False,False,False,False,False,False,,,,,,,
2026-06-14,00:00,40.7543632,-73.7073876,,,105,OTHER,,358.1631805808296,False,QUEENS,"(40.7543632, -73.7073876)",trafficstat,True,False,True,False,False,False,False,False,False,,,,,,,
2026-08-29,00:00,40.6938287,-73.7269312,CROSS ISLAND PKWY,11411,105,UNKNOWN,Highway,0.8239279274903591,False,QUEENS,"(40.6938287, -73.7269312)",trafficstat,False,False,False,False,False,False,False,False,False,,,,,,,
2026-08-29,00:00,40.6914209,-73.726667,CROSS ISLAND PKWY,11411,105,UNKNOWN,Highway,1.9449180703802633,False,QUEENS,"(40.6914209, -73.726667)",trafficstat,True,False,False,False,False,False,False,True,True,,,,,,,
2026-08-29,00:00,40.6954093,-73.741002,219 ST,11411,105,UNKNOWN,Street,1.428759373138293,False,QUEENS,"(40.6954093, -73.741002)",trafficstat,False,False,False,False,False,False,False,False,False,,,,,,,
2026-08-03,00:00,40.6954093,-73.741002,219 ST,11411,105,UNKNOWN,Street,1.428759373138293,False,QUEENS,"(40.6954093, -73.741002)",trafficstat,False,False,False,False,False,False,False,False,False,,,,,,,
2026-08-29,00:00,40.694549,-73.7441572,118 AVE,11411,105,UNKNOWN,Street,2.80426352201688,False,QUEENS,"(40.694549, -73.7441572)",trafficstat,True,False,False,False,False,False,False,True,False,,,,,,,
2026-08-29,00:00,40.7163674,-73.7286353,CROSS ISLAND PKWY,11429,105,UNKNOWN,Highway,9.570454169489278,False,QUEENS,"(40.7163674, -73.7286353)",trafficstat,True,False,False,False,False,False,False,True,True,,,,,,,
2026-08-28,00:00,40.7203038,-73.7323373,222 ST,11428,105,UNKNOWN,Street,2.702096561657245,False,QUEENS,"(40.7203038, -73.7323373)",trafficstat,False,False,False,False,False,False,False,False,False,,,,,,,
2026-08-28,00:00,40.7345757,-73.7226796,CROSS ISLAND PKWY,11426,105,UNKNOWN,Highway,3.4820741019013135,False,QUEENS,"(40.7345757, -73.7226796)",trafficstat,True,False,False,False,False,False,False,True,True,,,,,,,
2026-08-28,00:00,40.7018862,-73.7382323,219 ST,11411,105,UNKNOWN,Street,0.6835473100790548,False,QUEENS,"(40.7018862, -73.7382323)",trafficstat,True,False,False,False,False,False,False,True,False,,,,,,,
2026-08-27,00:00,40.7151258,-73.738069,218 ST,11429,105,UNKNOWN,Street,52.574786469184644,False,QUEENS,"(40.7151258, -73.738069)",trafficstat,False,False,False,False,False,False,False,False,False,,,,,,,
2026-08-27,00:00,40.7210635,-73.7594418,HILLSIDE AVE,11427,105,OTHER,Street,2.4817664401687907,False,QUEENS,"(40.7210635, -73.7594418)",trafficstat,True,False,False,False,False,False,False,True,False,,,,,,,
2026-08-27,00:00,40.7409174,-73.726648,CROSS ISLAND PKWY,11426,105,UNKNOWN,Highway,8.24626514034265,False,QUEENS,"(40.7409174, -73.726648)",trafficstat,True,False,False,False,False,False,False,True,False,,,,,,,
2026-08-18,00:00,40.7409174,-73.726648,CROSS ISLAND PKWY,11426,105,UNKNOWN,Highway,8.24626514034265,False,QUEENS,"(40.7409174, -73.726648)",trafficstat,False,False,False,False,False,False,False,False,False,,,,,,,
2026-08-14,00:00,40.7409174,-73.726648,CROSS ISLAND PKWY,11426,105,OTHER,Highway,8.24626514034265,False,QUEENS,"(40.7409174, -73.726648)",trafficstat,True,False,False,False,False,False,False,True,True,,,,,,,
2026-08-26,00:00,40.7389002,-73.7337746,WINCHESTER BLVD,11426,105,UNKNOWN,Street,0.322907848440356,False,QUEENS,"(40.7389002, -73.7337746)",trafficstat,False,False,False,False,False,False,False,False,False,,,,,,,
2026-08-26,00:00,40.7181377,-73.7416832,215 ST,11428,105,UNKNOWN,Street,52.32460926743964,False,QUEENS,"(40.7181377, -73.7416832)",trafficstat,False,False,False,False,False,False,False,False,False,,,,,,,
2026-08-26,00:00,40.7336953,-73.7252473,241 ST,11426,105,UNKNOWN,Street,0.7223075142687884,False,QUEENS,"(40.7336953, -73.7252473)",trafficstat,False,False,False,False,False,False,False,False,False,,,,,,,
2026-08-26,00:00,40.7352858,-73.7163031,251 ST,11426,105,UNKNOWN,Street,34.493580326995904,False,QUEENS,"(40.7352858, -73.7163031)",trafficstat,False,False,False,False,False,False,False,False,False,,,,,,,
2026-08-26,00:00,40.7272282,-73.7104995,LITTLE NECK PKWY,11001,105,UNKNOWN,Street,17.89898345234556,False,QUEENS,"(40.7272282, -73.7104995)",trafficstat,True,False,False,False,False,False,False,True,False,,,,,,,
2026-08-26,00:00,40.7138773,-73.7540461,FRANCIS LEWIS BLVD,11428,105,UNKNOWN,Street,1.0414344477791058,False,QUEENS,"(40.7138773, -73.7540461)",trafficstat,True,False,False,False,False,False,False,True,False,,,,,,,
2026-07-09,00:00,40.7138773,-73.7540461,FRANCIS LEWIS BLVD,11428,105,UNKNOWN,Street,1.0414344477791058,False,QUEENS,"(40.7138773, -73.7540461)",trafficstat,False,False,False,False,False,False,False,False,False,,,,,,,