crash_date,crash_time,latitude,longitude,on_street_name,zip_code,precinct,collision_type,roadway_type,geocode_dist_feet,time_is_known,borough,location,source,injury,fatality,injured_pedestrian,injured_cyclist,injured_ebike_rider,injured_motorcyclist,injured_moped_rider,injured_car_occupant,injured_suv_occupant,number_of_persons_injured,number_of_persons_killed,contributing_factor_vehicle_1,collision_id,cross_street_name,off_street_name,vehicle_type_code1
2026-08-26,00:00,40.6997813,-73.7432787,NASHVILLE BLVD,11411,105,UNKNOWN,Street,1.581578716947685,False,QUEENS,"(40.6997813, -73.7432787)",trafficstat,True,False,False,False,False,False,False,True,False,,,,,,,
2026-08-26,00:00,40.6908472,-73.7266153,CROSS ISLAND PKWY,11411,105,OTHER,Highway,5.907511777505488,False,QUEENS,"(40.6908472, -73.7266153)",trafficstat,True,False,False,False,False,False,False,False,True,,,,,,,
2026-08-21,00:00,40.6908472,-73.7266153,CROSS ISLAND PKWY,11411,105,UNKNOWN,Highway,5.907511777505488,False,QUEENS,"(40.6908472, -73.7266153)",trafficstat,True,False,False,False,False,False,False,False,True,,,,,,,
2026-08-25,00:00,40.7280264,-73.7476366,217 ST,11427,105,UNKNOWN,Street,1.9711701131406243,False,QUEENS,"(40.7280264, -73.7476366)",trafficstat,True,False,False,False,False,False,False,False,True,,,,,,,
2026-07-16,00:00,40.7280264,-73.7476366,217 ST,11427,105,UNKNOWN,Street,1.9711701131406243,False,QUEENS,"(40.7280264, -73.7476366)",trafficstat,True,False,False,False,False,True,False,False,False,,,,,,,
2026-08-25,00:00,40.72992,-73.742424,89 AVE,11427,105,UNKNOWN,Street,1.7884811974661259,False,QUEENS,"(40.72992, -73.742424)",trafficstat,False,False,False,False,False,False,False,False,False,,,,,,,
2026-08-25,00:00,40.7390358,-73.7257145,243 ST,11426,105,UNKNOWN,Street,54.45407291407768,False,QUEENS,"(40.7390358, -73.7257145)",trafficstat,False,False,False,False,False,False,False,False,False,,,,,,,
2026-07-05,00:00,40.7390358,-73.7257145,243 ST,11426,105,OTHER,Street,54.45407291407768,False,QUEENS,"(40.7390358, -73.7257145)",trafficstat,False,False,False,False,False,False,False,False,False,,,,,,,
2026-08-24,00:00,40.7236044,-73.7317612,224 ST,11428,105,OTHER,Street,0.7965895239071197,False,QUEENS,"(40.7236044, -73.7317612)",trafficstat,False,False,False,False,False,False,False,False,False,,,,,,,
2026-08-23,00:00,40.7234128,-73.7273281,JAMAICA AVE,11426,105,UNKNOWN,Street,21.912066593216935,False,QUEENS,"(40.7234128, -73.7273281)",trafficstat,False,False,False,False,False,False,False,False,False,,,,,,,
2026-08-23,00:00,40.7348867,-73.7418023,ALLEY,11427,105,UNKNOWN,Alley,38.15821993965418,False,QUEENS,"(40.7348867, -73.7418023)",trafficstat,True,False,False,False,False,False,False,False,True,,,,,,,
2026-08-23,00:00,40.7271619,-73.753984,GRAND CENTRAL PKWY,11427,105,UNKNOWN,Highway,0.08010022534424746,False,QUEENS,"(40.7271619, -73.753984)",trafficstat,False,False,False,False,False,False,False,False,False,,,,,,,
2026-06-27,00:00,40.7271619,-73.753984,GRAND CENTRAL PKWY,11427,105,UNKNOWN,Highway,0.08010022534424746,False,QUEENS,"(40.7271619, -73.753984)",trafficstat,False,False,False,False,False,False,False,False,False,,,,,,,
2026-06-27,00:00,40.7271619,-73.753984,GRAND CENTRAL PKWY,11427,105,OTHER,Highway,0.08010022534424746,False,QUEENS,"(40.7271619, -73.753984)",trafficstat,False,False,False,False,False,False,False,False,False,,,,,,,
2026-08-23,00:00,40.6934433,-73.7354817,LINDEN BLVD,11411,105,OTHER,Street,82.64368721472728,False,QUEENS,"(40.6934433, -73.7354817)",trafficstat,False,False,False,False,False,False,False,False,False,,,,,,,
2026-08-23,00:00,40.7073057,-73.7512137,HOLLIS AVE,11412,105,UNKNOWN,Street,3.1997958844868064,False,QUEENS,"(40.7073057, -73.7512137)",trafficstat,True,False,False,True,False,False,False,False,False,,,,,,,
2026-06-17,00:00,40.7073057,-73.7512137,HOLLIS AVE,11412,105,UNKNOWN,Street,3.1997958844868064,False,QUEENS,"(40.7073057, -73.7512137)",trafficstat,True,False,False,False,False,False,False,True,False,,,,,,,
2026-08-23,00:00,40.7540238,-73.7055366,HEWLETT ST,11040,105,UNKNOWN,Street,71.90483921580937,False,QUEENS,"(40.7540238, -73.7055366)",trafficstat,False,False,False,False,False,False,False,False,False,,,,,,,
2026-08-22,00:00,40.7408491,-73.7267998,CROSS ISLAND PKWY,11426,105,UNKNOWN,Highway,2.0081488036859083,False,QUEENS,"(40.7408491, -73.7267998)",trafficstat,True,False,False,False,False,False,False,False,True,,,,,,,
2026-08-11,00:00,40.7408491,-73.7267998,CROSS ISLAND PKWY,11426,105,UNKNOWN,Highway,2.0081488036859083,False,QUEENS,"(40.7408491, -73.7267998)",trafficstat,True,False,False,False,False,False,False,False,True,,,,,,,
2026-07-18,00:00,40.7408491,-73.7267998,CROSS ISLAND PKWY,11426,105,UNKNOWN,Highway,2.0081488036859083,False,QUEENS,"(40.7408491, -73.7267998)",trafficstat,False,False,False,False,False,False,False,False,False,,,,,,,
2026-08-22,00:00,40.6995524,-73.74773,115 AVE,11411,105,UNKNOWN,Street,3.2158502782888534,False,QUEENS,"(40.6995524, -73.74773)",trafficstat,False,False,False,False,False,False,False,False,False,,,,,,,
2026-07-27,00:00,40.6995524,-73.74773,115 AVE,11411,105,UNKNOWN,Street,3.2158502782888534,False,QUEENS,"(40.6995524, -73.74773)",trafficstat,False,False,False,False,False,False,False,False,False,,,,,,,
2026-08-22,00:00,40.6966504,-73.7450068,LINDEN BLVD,11411,105,UNKNOWN,Street,90.9245831239821,False,QUEENS,"(40.6966504, -73.7450068)",trafficstat,False,False,False,False,False,False,False,False,False,,,,,,,
2026-08-22,00:00,40.7290337,-73.7438624,SPRINGFIELD BLVD,11427,105,UNKNOWN,Street,1.509907857632875,False,QUEENS,"(40.7290337, -73.7438624)",trafficstat,True,False,True,False,False,False,False,False,False,,,,,,,
2026-08-21,00:00,40.7399163,-73.724684,CROSS ISLAND PKWY ET 28 B NB,11426,105,UNKNOWN,Ramp,0.9661889969252048,False,QUEENS,"(40.7399163, -73.724684)",trafficstat,False,False,False,False,False,False,False,False,False,,,,,,,
2026-08-02,00:00,40.7399163,-73.724684,CROSS ISLAND PKWY ET 28 B NB,11426,105,UNKNOWN,Ramp,0.9661889969252048,False,QUEENS,"(40.7399163, -73.724684)",trafficstat,False,False,False,False,False,False,False,False,False,,,,,,,
2026-08-21,00:00,40.7243369,-73.7246329,JAMAICA AVE,11426,105,UNKNOWN,Street,17.91755108156097,False,QUEENS,"(40.7243369, -73.7246329)",trafficstat,True,False,False,False,False,False,False,True,False,,,,,,,
2026-08-16,00:00,40.7243369,-73.7246329,JAMAICA AVE,11426,105,UNKNOWN,Street,17.91755108156097,False,QUEENS,"(40.7243369, -73.7246329)",trafficstat,True,False,False,False,False,False,False,True,False,,,,,,,
2026-08-08,00:00,40.7243369,-73.7246329,JAMAICA AVE,11426,105,UNKNOWN,Street,17.91755108156097,False,QUEENS,"(40.7243369, -73.7246329)",trafficstat,True,False,False,False,False,False,False,False,True,,,,,,,
2026-07-31,00:00,40.7243369,-73.7246329,JAMAICA AVE,11426,105,UNKNOWN,Street,17.91755108156097,False,QUEENS,"(40.7243369, -73.7246329)",trafficstat,False,False,False,False,False,False,False,False,False,,,,,,,
2026-06-14,00:00,40.7243369,-73.7246329,JAMAICA AVE,11426,105,UNKNOWN,Street,17.91755108156097,False,QUEENS,"(40.7243369, -73.7246329)",trafficstat,False,False,False,False,False,False,False,False,False,,,,,,,
2026-08-21,00:00,40.7070854,-73.7395119,SPRINGFIELD BLVD,11429,105,UNKNOWN,Street,107.50561989495033,False,QUEENS,"(40.7070854, -73.7395119)",trafficstat,False,False,False,False,False,False,False,False,False,,,,,,,
2026-08-21,00:00,40.6946078,-73.7275832,CROSS ISLAND PKWY,11411,105,UNKNOWN,Street,46.55302452236573,False,QUEENS,"(40.6946078, -73.7275832)",trafficstat,False,False,False,False,False,False,False,False,False,,,,,,,
2026-08-21,00:00,40.7189878,-73.751383,211 ST,11428,105,UNKNOWN,Street,1.3066533972534107,False,QUEENS,"(40.7189878, -73.751383)",trafficstat,True,False,False,False,False,False,False,True,True,,,,,,,
2026-08-20,00:00,40.6932278,-73.7340291,227 ST,11411,105,UNKNOWN,Street,1.7723094122834204,False,QUEENS,"(40.6932278, -73.7340291)",trafficstat,False,False,False,False,False,False,False,False,False,,,,,,,
2026-08-20,00:00,40.7274107,-73.7314717,GETTYSBURG ST,11426,105,OTHER,Street,0.4413227026526242,False,QUEENS,"(40.7274107, -73.7314717)",trafficstat,True,False,True,False,False,False,False,False,False,,,,,,,
2026-08-20,00:00,40.7293815,-73.7472651,SPENCER AVE,11427,105,UNKNOWN,Street,63.527941230781174,False,QUEENS,"(40.7293815, -73.7472651)",trafficstat,False,False,False,False,False,False,False,False,False,,,,,,,
2026-08-20,00:00,40.7588917,-73.8730985,32 AVE,11369,105,UNKNOWN,Street,54.14723324466603,False,QUEENS,"(40.7588917, -73.8730985)",trafficstat,False,False,False,False,False,False,False,False,False,,,,,,,
2026-08-20,00:00,40.7453046,-73.721588,ELKMONT AVE,11426,105,UNKNOWN,Street,53.18741491277453,False,QUEENS,"(40.7453046, -73.721588)",trafficstat,False,False,False,False,False,False,False,False,False,,,,,,,
2026-08-19,00:00,40.71463,-73.75133,209 ST,11428,105,OTHER,Street,0.920697690358388,False,QUEENS,"(40.71463, -73.75133)",trafficstat,True,False,True,False,False,False,False,False,False,,,,,,,
2026-08-19,00:00,40.7127369,-73.728982,CROSS ISLAND PKWY,11429,105,UNKNOWN,Highway,0.6654709279927287,False,QUEENS,"(40.7127369, -73.728982)",trafficstat,True,False,False,False,False,False,False,False,True,,,,,,,
2026-08-19,00:00,40.7117223,-73.7462771,212 ST,11429,105,UNKNOWN,Street,0.4953241675375181,False,QUEENS,"(40.7117223, -73.7462771)",trafficstat,True,False,True,False,False,False,False,False,False,,,,,,,
2026-08-18,00:00,40.7016459,-73.7304503,227 ST,11411,105,UNKNOWN,Street,0.03317123775185865,False,QUEENS,"(40.7016459, -73.7304503)",trafficstat,True,False,False,False,False,False,False,True,False,,,,,,,
2026-08-18,00:00,40.7246918,-73.7540928,212 ST,11427,105,UNKNOWN,Street,2.120924791141735,False,QUEENS,"(40.7246918, -73.7540928)",trafficstat,True,False,False,False,False,False,False,False,True,,,,,,,
2026-08-18,00:00,40.7236414,-73.7557707,211 ST,11427,105,UNKNOWN,Street,1.260371037319121,False,QUEENS,"(40.7236414, -73.7557707)",trafficstat,False,False,False,False,False,False,False,False,False,,,,,,,
2026-08-17,00:00,40.7163296,-73.7447306,213 ST,11428,105,OTHER,Street,31.353019426949405,False,QUEENS,"(40.7163296, -73.7447306)",trafficstat,True,False,True,False,False,False,False,False,False,,,,,,,
2026-08-17,00:00,40.7121162,-73.731169,223 ST,11429,105,UNKNOWN,Street,1.870584978342778,False,QUEENS,"(40.7121162, -73.731169)",trafficstat,False,False,False,False,False,False,False,False,False,,,,,,,
2026-08-16,00:00,40.7116289,-73.7293783,HEMPSTEAD AVE,11429,105,UNKNOWN,Street,1.1961702422638893,False,QUEENS,"(40.7116289, -73.7293783)",trafficstat,True,False,False,False,False,False,False,True,False,,,,,,,
2026-06-18,00:00,40.7116289,-73.7293783,HEMPSTEAD AVE,11429,105,UNKNOWN,Street,1.1961702422638893,False,QUEENS,"(40.7116289, -73.7293783)",trafficstat,True,False,False,False,False,False,False,True,False,,,,,,,
2026-08-16,00:00,40.7151435,-73.7493556,211 ST,11428,105,UNKNOWN,Street,1.13763988739569,False,QUEENS,"(40.7151435, -73.7493556)",trafficstat,True,False,False,False,False,False,False,True,False,,,,,,,
2026-08-06,00:00,40.7151435,-73.7493556,211 ST,11428,105,UNKNOWN,Street,1.13763988739569,False,QUEENS,"(40.7151435, -73.7493556)",trafficstat,True,False,True,False,False,False,False,False,False,,,,,,,
2026-06-29,00:00,40.7151435,-73.7493556,211 ST,11428,105,UNKNOWN,Street,1.13763988739569,False,QUEENS,"(40.7151435, -73.7493556)",trafficstat,False,False,False,False,False,False,False,False,False,,,,,,,
2026-08-16,00:00,40.7132852,-73.7357923,SPRINGFIELD BLVD,11429,105,OTHER,Street,1.591412484217966,False,QUEENS,"(40.7132852, -73.7357923)",trafficstat,True,False,True,False,False,False,False,False,False,,,,,,,
2026-08-16,00:00,40.727096,-73.7126438,JERICHO TPKE,11426,105,UNKNOWN,Street,31.53772148174063,False,QUEENS,"(40.727096, -73.7126438)",trafficstat,True,False,False,False,False,False,False,True,False,,,,,,,
2026-08-16,00:00,40.7390557,-73.7262573,242 ST,11426,105,UNKNOWN,Street,58.837612473338474,False,QUEENS,"(40.7390557, -73.7262573)",trafficstat,False,False,False,False,False,False,False,False,False,,,,,,,
2026-08-15,00:00,40.7351661,-73.7156586,252 ST,11426,105,UNKNOWN,Street,65.25761300287884,False,QUEENS,"(40.7351661, -73.7156586)",trafficstat,False,False,False,False,False,False,False,False,False,,,,,,,
2026-08-15,00:00,40.7204814,-73.7296598,225 ST,,105,UNKNOWN,Street,0.1585940265739448,False,QUEENS,"(40.7204814, -73.7296598)",trafficstat,True,False,False,False,False,False,False,True,False,,,,,,,
2026-08-14,00:00,40.73955,-73.7165499,82 AVE,11426,105,UNKNOWN,Street,65.60564122266317,False,QUEENS,"(40.73955, -73.7165499)",trafficstat,True,False,True,False,False,False,False,False,False,,,,,,,
2026-08-13,00:00,40.69323,-73.73403,227 ST,11411,105,UNKNOWN,Street,1.2429859422523202,False,QUEENS,"(40.69323, -73.73403)",trafficstat,True,False,False,True,False,False,False,False,False,,,,,,,
2026-08-12,00:00,40.6904088,-73.7304596,232 ST,11411,105,UNKNOWN,Street,1.6297131086220282,False,QUEENS,"(40.6904088, -73.7304596)",trafficstat,False,False,False,False,False,False,False,False,False,,,,,,,
2026-08-12,00:00,40.6870396,-73.7322184,232 ST,11411,105,OTHER,Street,1.7142956509162885,False,QUEENS,"(40.6870396, -73.7322184)",trafficstat,True,False,False,False,False,False,False,True,False,,,,,,,
2026-08-12,00:00,40.7416982,-73.7354068,GRAND CENTRAL PKWY,11426,105,UNKNOWN,Highway,5.2836833512034405,False,QUEENS,"(40.7416982, -73.7354068)",trafficstat,True,False,False,False,False,False,False,True,False,,,,,,,
2026-07-27,00:00,40.7416982,-73.7354068,GRAND CENTRAL PKWY,11426,105,UNKNOWN,Highway,5.2836833512034405,False,QUEENS,"(40.7416982, -73.7354068)",trafficstat,True,False,False,False,False,False,False,True,False,,,,,,,
2026-08-11,00:00,40.728344,-73.73546,222 ST,11428,105,UNKNOWN,Street,1.2338332642392824,False,QUEENS,"(40.728344, -73.73546)",trafficstat,False,False,False,False,False,False,False,False,False,,,,,,,
2026-08-11,00:00,40.7432537,-73.7315284,CROSS ISLAND PKWY,11427,105,UNKNOWN,Highway,0.45958204064179115,False,QUEENS,"(40.7432537, -73.7315284)",trafficstat,True,False,False,False,False,False,False,False,True,,,,,,,
2026-08-11,00:00,40.717932,-73.7369571,JAMAICA AVE,11428,105,UNKNOWN,Street,13.666406755198103,False,QUEENS,"(40.717932, -73.7369571)",trafficstat,True,False,True,False,False,False,False,False,False,,,,,,,
2026-07-24,00:00,40.717932,-73.7369571,JAMAICA AVE,11428,105,UNKNOWN,Street,13.666406755198103,False,QUEENS,"(40.717932, -73.7369571)",trafficstat,True,False,False,False,False,False,False,True,False,,,,,,,
2026-08-11,00:00,40.6888844,-73.7383194,225 ST,11411,105,UNKNOWN,Street,1.3820235967576606,False,QUEENS,"(40.6888844, -73.7383194)",trafficstat,True,False,False,False,False,False,False,False,True,,,,,,,
2026-08-11,00:00,40.7390218,-73.7005968,HILLSIDE AVE,11040,105,UNKNOWN,Street,2.9815768507172056,False,QUEENS,"(40.7390218, -73.7005968)",trafficstat,False,False,False,False,False,False,False,False,False,,,,,,,
2026-08-10,00:00,40.710341,-73.7492902,209 ST,11429,105,UNKNOWN,Street,49.928573583956535,False,QUEENS,"(40.710341, -73.7492902)",trafficstat,False,False,False,False,False,False,False,False,False,,,,,,,
2026-08-10,00:00,40.7060827,-73.7274761,CROSS ISLAND PKWY,11429,105,UNKNOWN,Highway,0.4075390368415843,False,QUEENS,"(40.7060827, -73.7274761)",trafficstat,False,False,False,False,False,False,False,False,False,,,,,,,
2026-08-09,00:00,40.7150374,-73.7333139,100 DR,11429,105,UNKNOWN,Street,46.742288048883616,False,QUEENS,"(40.7150374, -73.7333139)",trafficstat,False,False,False,False,False,False,False,False,False,,,,,,,
2026-08-09,00:00,40.7157604,-73.7465431,212 ST,11428,105,UNKNOWN,Street,0.9980991044647963,False,QUEENS,"(40.7157604, -73.7465431)",trafficstat,True,False,False,False,False,False,False,True,False,,,,,,,
2026-08-07,00:00,40.7157604,-73.7465431,212 ST,11428,105,UNKNOWN,Street,0.9980991044647963,False,QUEENS,"(40.7157604, -73.7465431)",trafficstat,True,False,False,False,False,False,False,True,True,,,,,,,
2026-07-18,00:00,40.7157604,-73.7465431,212 ST,11428,105,UNKNOWN,Street,0.9980991044647963,False,QUEENS,"(40.7157604, -73.7465431)",trafficstat,False,False,False,False,False,False,False,False,False,,,,,,,
2026-08-09,00:00,40.6940452,-73.7267825,CROSS ISLAND PKWY,11411,105,UNKNOWN,Highway,0.1293731109421074,False,QUEENS,"(40.6940452, -73.7267825)",trafficstat,False,False,False,False,False,False,False,False,False,,,,,,,
2026-08-08,00:00,40.7088032,-73.7276237,CROSS ISLAND PKWY,11429,105,UNKNOWN,Highway,0.7331196979865927,False,QUEENS,"(40.7088032, -73.7276237)",trafficstat,False,False,False,False,False,False,False,False,False,,,,,,,
2026-08-08,00:00,40.7221463,-73.7313491,224 ST,11428,105,UNKNOWN,Street,35.955695736865465,False,QUEENS,"(40.7221463, -73.7313491)",trafficstat,False,False,False,False,False,False,False,False,False,,,,,,,
2026-08-07,00:00,40.7046254,-73.7322344,225 ST,11429,105,OTHER,Street,0.8805094995265946,False,QUEENS,"(40.7046254, -73.7322344)",trafficstat,False,False,False,False,False,False,False,False,False,,,,,,,
2026-08-07,00:00,40.7524931,-73.7016335,LAKEVILLE RD,,105,UNKNOWN,Street,0.07000153942883336,False,QUEENS,"(40.7524931, -73.7016335)",trafficstat,False,False,False,False,False,False,False,False,False,,,,,,,
2026-08-06,00:00,40.7389254,-73.7051443,264 ST,11004,105,UNKNOWN,Street,56.30365775403046,False,QUEENS,"(40.7389254, -73.7051443)",trafficstat,False,False,False,False,False,False,False,False,False,,,,,,,
2026-08-06,00:00,40.753317,-73.7220774,LITTLE NECK PKWY,11004,105,UNKNOWN,Street,52.887328219190934,False,QUEENS,"(40.753317, -73.7220774)",trafficstat,True,False,False,False,False,False,False,True,False,,,,,,,
2026-08-06,00:00,40.6898804,-73.7287165,234 ST,11411,105,UNKNOWN,Street,1.4820894156302884,False,QUEENS,"(40.6898804, -73.7287165)",trafficstat,True,False,True,False,False,False,False,False,False,,,,,,,
2026-07-28,00:00,40.6898804,-73.7287165,234 ST,11411,105,UNKNOWN,Street,1.4820894156302884,False,QUEENS,"(40.6898804, -73.7287165)",trafficstat,True,False,False,False,False,False,False,True,False,,,,,,,
2026-08-06,00:00,40.7130721,-73.7536054,FRANCIS LEWIS BLVD,11429,105,UNKNOWN,Street,1.3955921955406938,False,QUEENS,"(40.7130721, -73.7536054)",trafficstat,False,False,False,False,False,False,False,False,False,,,,,,,
2026-08-01,00:00,40.7130721,-73.7536054,FRANCIS LEWIS BLVD,11429,105,UNKNOWN,Street,1.3955921955406938,False,QUEENS,"(40.7130721, -73.7536054)",trafficstat,True,False,False,False,False,False,False,False,True,,,,,,,
2026-08-05,00:00,40.7237512,-73.7264753,241 ST,11426,105,UNKNOWN,Street,3.503226177685403,False,QUEENS,"(40.7237512, -73.7264753)",trafficstat,False,False,False,False,False,False,False,False,False,,,,,,,
2026-08-04,00:00,40.7279963,-73.7354201,222 ST,11428,105,OTHER,Street,0.5818648381233469,False,QUEENS,"(40.7279963, -73.7354201)",trafficstat,True,False,False,False,True,False,False,False,False,,,,,,,
2026-08-04,00:00,40.7122598,-73.7411566,217 ST,11429,105,UNKNOWN,Street,0.518124666108591,False,QUEENS,"(40.7122598, -73.7411566)",trafficstat,True,False,False,False,False,False,False,False,True,,,,,,,
2026-08-04,00:00,40.7544141,-73.7053641,76 AVE,11005,105,UNKNOWN,Street,60.45219079225185,False,QUEENS,"(40.7544141, -73.7053641)",trafficstat,False,False,False,False,False,False,False,False,False,,,,,,,
2026-08-03,00:00,40.7221663,-73.737763,93 AVE,11428,105,UNKNOWN,Street,2.55029637187338,False,QUEENS,"(40.7221663, -73.737763)",trafficstat,True,False,False,False,False,False,False,True,False,,,,,,,
2026-08-03,00:00,40.6909167,-73.7281786,234 ST,11411,105,UNKNOWN,Street,1.8338555879160328,False,QUEENS,"(40.6909167, -73.7281786)",trafficstat,False,False,False,False,False,False,False,False,False,,,,,,,
2026-07-23,00:00,40.6909167,-73.7281786,234 ST,11411,105,UNKNOWN,Street,1.8338555879160328,False,QUEENS,"(40.6909167, -73.7281786)",trafficstat,False,False,False,False,False,False,False,False,False,,,,,,,
2026-06-26,00:00,40.6909167,-73.7281786,234 ST,11411,105,UNKNOWN,Street,1.8338555879160328,False,QUEENS,"(40.6909167, -73.7281786)",trafficstat,True,False,False,False,False,False,False,False,True,,,,,,,
2026-08-03,00:00,40.6961207,-73.7461815,LINDEN BLVD,11412,105,OTHER,Street,3.3628661846916756,False,QUEENS,"(40.6961207, -73.7461815)",trafficstat,True,False,False,False,False,True,False,False,False,,,,,,,
2026-08-02,00:00,40.6975247,-73.746818,116 AVE,11412,105,UNKNOWN,Street,3.3081026646185165,False,QUEENS,"(40.6975247, -73.746818)",trafficstat,True,False,False,False,False,False,False,True,False,,,,,,,
2026-08-02,00:00,40.7278117,-73.7498419,215 PL,11427,105,UNKNOWN,Street,1.4487655656684504,False,QUEENS,"(40.7278117, -73.7498419)",trafficstat,False,False,False,False,False,False,False,False,False,,,,,,,
2026-08-02,00:00,40.74105,-73.725863,CROSS ISLAND PKWY,11426,105,UNKNOWN,Street,1.0342651368349376,False,QUEENS,"(40.74105, -73.725863)",trafficstat,False,False,False,False,False,False,False,False,False,,,,,,,
2026-07-05,00:00,40.74105,-73.725863,CROSS ISLAND PKWY,11426,105,UNKNOWN,Street,1.0342651368349376,False,QUEENS,"(40.74105, -73.725863)",trafficstat,True,False,False,True,False,False,False,False,False,,,,,,,
2026-06-29,00:00,40.74105,-73.725863,CROSS ISLAND PKWY,11426,105,UNKNOWN,Street,1.0342651368349376,False,QUEENS,"(40.74105, -73.725863)",trafficstat,False,False,False,False,False,False,False,False,False,,,,,,,
2026-06-16,00:00,40.74105,-73.725863,CROSS ISLAND PKWY,11426,105,UNKNOWN,Street,1.0342651368349376,False,QUEENS,"(40.74105, -73.725863)",trafficstat,False,False,False,False,False,False,False,False,False,,,,,,,
2026-08-02,00:00,40.7450219,-73.7157633,255 ST,11004,105,UNKNOWN,Street,0.2709235577511913,False,QUEENS,"(40.7450219, -73.7157633)",trafficstat,True,False,False,False,True,False,False,False,False,,,,,,,
2026-08-01,00:00,40.7522209,-73.7257354,GRAND CENTRAL PKWY,11426,105,UNKNOWN,Highway,1.721767537720644,False,QUEENS,"(40.7522209, -73.7257354)",trafficstat,True,False,False,False,False,False,False,False,True,,,,,,,
2026-08-01,00:00,40.732424,-73.7126031,86 AVE,11426,105,OTHER,Street,49.29001506283595,False,QUEENS,"(40.732424, -73.7126031)",trafficstat,False,False,False,False,False,False,False,False,False,,,,,,,
2026-08-01,00:00,40.7215427,-73.7541449,210 PL,11427,105,UNKNOWN,Street,48.40398261969593,False,QUEENS,"(40.7215427, -73.7541449)",trafficstat,False,False,False,False,False,False,False,False,False,,,,,,,
2026-08-01,00:00,40.6962166,-73.7435918,LINDEN BLVD,11411,105,UNKNOWN,Street,2.1274826790817043,False,QUEENS,"(40.6962166, -73.7435918)",trafficstat,False,False,False,False,False,False,False,False,False,,,,,,,
2026-07-30,00:00,40.6951903,-73.7269797,CROSS ISLAND PKWY,11411,105,OTHER,Highway,1.3153925583493744,False,QUEENS,"(40.6951903, -73.7269797)",trafficstat,True,False,False,False,False,False,False,True,False,,,,,,,
2026-07-30,00:00,40.6955915,-73.742008,LINDEN BLVD,11411,105,UNKNOWN,Street,48.933026843282406,False,QUEENS,"(40.6955915, -73.742008)",trafficstat,False,False,False,False,False,False,False,False,False,,,,,,,
2026-07-20,00:00,40.6955915,-73.742008,LINDEN BLVD,11411,105,OTHER,Street,48.933026843282406,False,QUEENS,"(40.6955915, -73.742008)",trafficstat,False,False,False,False,False,False,False,False,False,,,,,,,
2026-07-30,00:00,40.713971,-73.7416765,217 ST,11429,105,UNKNOWN,Street,53.82312338496524,False,QUEENS,"(40.713971, -73.7416765)",trafficstat,False,False,False,False,False,False,False,False,False,,,,,,,
2026-07-30,00:00,40.7344418,-73.7217767,COMMONWEALTH BLVD,11426,105,UNKNOWN,Street,0.17618422283247137,False,QUEENS,"(40.7344418, -73.7217767)",trafficstat,False,False,False,False,False,False,False,False,False,,,,,,,
2026-07-15,00:00,40.7344418,-73.7217767,COMMONWEALTH BLVD,11426,105,UNKNOWN,Street,0.17618422283247137,False,QUEENS,"(40.7344418, -73.7217767)",trafficstat,False,False,False,False,False,False,False,False,False,,,,,,,
2026-06-24,00:00,40.7344418,-73.7217767,COMMONWEALTH BLVD,11426,105,UNKNOWN,Street,0.17618422283247137,False,QUEENS,"(40.7344418, -73.7217767)",trafficstat,True,False,False,False,False,False,False,True,False,,,,,,,
2026-07-30,00:00,40.7466451,-73.7117757,260 ST,11004,105,UNKNOWN,Street,0.03409372223248288,False,QUEENS,"(40.7466451, -73.7117757)",trafficstat,True,False,False,False,False,False,False,True,False,,,,,,,
2026-07-29,00:00,40.74693,-73.70149,LANGDALE ST,11040,105,UNKNOWN,Street,1.4680720112649677,False,QUEENS,"(40.74693, -73.70149)",trafficstat,True,False,False,False,False,False,False,False,True,,,,,,,
2026-07-29,00:00,40.7227826,-73.7420826,217 ST,11428,105,UNKNOWN,Street,1.4477650280531809,False,QUEENS,"(40.7227826, -73.7420826)",trafficstat,True,False,True,False,False,False,False,False,False,,,,,,,
2026-07-29,00:00,40.7089319,-73.7381577,SPRINGFIELD BLVD,11429,105,UNKNOWN,Street,1.5170963824218664,False,QUEENS,"(40.7089319, -73.7381577)",trafficstat,True,False,True,False,False,False,False,False,False,,,,,,,
2026-07-28,00:00,40.7011881,-73.7414701,115 AVE,11411,105,UNKNOWN,Street,2.6690591018482577,False,QUEENS,"(40.7011881, -73.7414701)",trafficstat,True,False,False,False,False,False,False,True,False,,,,,,,
2026-07-28,00:00,40.7313309,-73.7080425,258 ST,11001,105,UNKNOWN,Street,0.42803122392430304,False,QUEENS,"(40.7313309, -73.7080425)",trafficstat,True,False,False,False,False,False,False,True,False,,,,,,,
2026-07-28,00:00,40.7526572,-73.702484,HEWLETT ST,11040,105,UNKNOWN,Street,90.85611027096155,False,QUEENS,"(40.7526572, -73.702484)",trafficstat,True,False,True,False,False,False,False,False,False,,,,,,,
2026-07-27,00:00,40.7417776,-73.707008,263 ST,11004,105,OTHER,Street,0.19019419903097945,False,QUEENS,"(40.7417776, -73.707008)",trafficstat,True,False,False,True,False,False,False,False,False,,,,,,,