crash_date,crash_time,latitude,longitude,on_street_name,zip_code,precinct,collision_type,roadway_type,geocode_dist_feet,time_is_known,borough,location,source,injury,fatality,injured_pedestrian,injured_cyclist,injured_ebike_rider,injured_motorcyclist,injured_moped_rider,injured_car_occupant,injured_suv_occupant,number_of_persons_injured,number_of_persons_killed,contributing_factor_vehicle_1,collision_id,cross_street_name,off_street_name,vehicle_type_code1
2026-07-27,00:00,40.728418,-73.7491001,216 ST,11427,105,UNKNOWN,Street,42.93659030706953,False,QUEENS,"(40.728418, -73.7491001)",trafficstat,False,False,False,False,False,False,False,False,False,,,,,,,
2026-07-27,00:00,40.7306556,-73.7364812,WINCHESTER BLVD,11427,105,UNKNOWN,Street,1.1517040656703639,False,QUEENS,"(40.7306556, -73.7364812)",trafficstat,False,False,False,False,False,False,False,False,False,,,,,,,
2026-06-13,00:00,40.7306556,-73.7364812,WINCHESTER BLVD,11427,105,UNKNOWN,Street,1.1517040656703639,False,QUEENS,"(40.7306556, -73.7364812)",trafficstat,False,False,False,False,False,False,False,False,False,,,,,,,
2026-07-27,00:00,40.7230855,-73.7281628,239 ST,11426,105,UNKNOWN,Street,2.5191124545311636,False,QUEENS,"(40.7230855, -73.7281628)",trafficstat,True,False,False,False,False,False,False,False,True,,,,,,,
2026-07-27,00:00,40.7154423,-73.7530086,208 ST,11428,105,UNKNOWN,Street,1.0690301497759118,False,QUEENS,"(40.7154423, -73.7530086)",trafficstat,True,False,False,False,False,False,False,True,False,,,,,,,
2026-07-27,00:00,40.7153986,-73.7430382,HEMPSTEAD AVE,11429,105,OTHER,Street,2.550339032789772,False,QUEENS,"(40.7153986, -73.7430382)",trafficstat,True,False,True,False,False,False,False,False,False,,,,,,,
2026-07-26,00:00,40.7024189,-73.732355,225 ST,11429,105,UNKNOWN,Street,0.24205163777065947,False,QUEENS,"(40.7024189, -73.732355)",trafficstat,True,False,False,False,False,False,False,True,True,,,,,,,
2026-07-26,00:00,40.7041442,-73.7402395,SPRINGFIELD BLVD,11429,105,UNKNOWN,Street,17.67477025414316,False,QUEENS,"(40.7041442, -73.7402395)",trafficstat,False,False,False,False,False,False,False,False,False,,,,,,,
2026-07-20,00:00,40.7041442,-73.7402395,SPRINGFIELD BLVD,11429,105,UNKNOWN,Street,17.67477025414316,False,QUEENS,"(40.7041442, -73.7402395)",trafficstat,False,False,False,False,False,False,False,False,False,,,,,,,
2026-07-26,00:00,40.7399155,-73.7090695,260 ST,11004,105,UNKNOWN,Street,54.585455490681944,False,QUEENS,"(40.7399155, -73.7090695)",trafficstat,True,False,False,False,False,False,False,False,True,,,,,,,
2026-07-25,00:00,40.7222037,-73.741795,217 ST,11428,105,UNKNOWN,Street,72.26449636873204,False,QUEENS,"(40.7222037, -73.741795)",trafficstat,False,False,False,False,False,False,False,False,False,,,,,,,
2026-07-24,00:00,40.6857228,-73.7278608,237 ST,11411,105,UNKNOWN,Street,1.917533886183838,False,QUEENS,"(40.6857228, -73.7278608)",trafficstat,True,False,False,False,False,False,False,True,True,,,,,,,
2026-07-24,00:00,40.7387377,-73.7241923,CROSS ISLAND PKWY ET 28 B NB,11426,105,OTHER,Ramp,1.3855215295804193,False,QUEENS,"(40.7387377, -73.7241923)",trafficstat,True,False,False,False,False,False,False,True,False,,,,,,,
2026-07-23,00:00,40.6935729,-73.7409479,220 ST,11411,105,UNKNOWN,Street,1.9391512417523753,False,QUEENS,"(40.6935729, -73.7409479)",trafficstat,True,False,False,False,True,False,False,False,False,,,,,,,
2026-07-23,00:00,40.6978677,-73.7430265,116 AVE,11411,105,UNKNOWN,Street,2.928491627365365,False,QUEENS,"(40.6978677, -73.7430265)",trafficstat,False,False,False,False,False,False,False,False,False,,,,,,,
2026-07-22,00:00,40.6961129,-73.7428114,217 ST,11411,105,UNKNOWN,Street,39.57583897369421,False,QUEENS,"(40.6961129, -73.7428114)",trafficstat,False,False,False,False,False,False,False,False,False,,,,,,,
2026-07-22,00:00,40.72159,-73.73101,224 ST,11428,105,UNKNOWN,Street,0.5921192580289742,False,QUEENS,"(40.72159, -73.73101)",trafficstat,True,False,False,False,False,False,False,True,False,,,,,,,
2026-07-21,00:00,40.7373911,-73.7234978,CROSS ISLAND PKWY,11426,105,UNKNOWN,Highway,13.7934999132326,False,QUEENS,"(40.7373911, -73.7234978)",trafficstat,True,False,False,False,False,False,False,False,True,,,,,,,
2026-07-20,00:00,40.7366455,-73.7051036,263 ST,11001,105,UNKNOWN,Street,0.26171944173849815,False,QUEENS,"(40.7366455, -73.7051036)",trafficstat,True,False,False,False,False,False,False,True,False,,,,,,,
2026-07-20,00:00,40.7086069,-73.7417375,110 AVE,11429,105,UNKNOWN,Street,37.40817669478558,False,QUEENS,"(40.7086069, -73.7417375)",trafficstat,False,False,False,False,False,False,False,False,False,,,,,,,
2026-07-19,00:00,40.7156525,-73.7477762,JAMAICA AVE,11428,105,UNKNOWN,Street,39.625045463801285,False,QUEENS,"(40.7156525, -73.7477762)",trafficstat,True,False,True,False,False,False,False,False,False,,,,,,,
2026-07-17,00:00,40.69078,-73.72727,CROSS ISLAND PKWY,11411,105,UNKNOWN,Street,1.2672042357073559,False,QUEENS,"(40.69078, -73.72727)",trafficstat,True,False,False,False,False,False,False,False,True,,,,,,,
2026-07-16,00:00,40.69078,-73.72727,CROSS ISLAND PKWY,11411,105,UNKNOWN,Street,1.2672042357073559,False,QUEENS,"(40.69078, -73.72727)",trafficstat,False,False,False,False,False,False,False,False,False,,,,,,,
2026-07-16,00:00,40.6859421,-73.7315637,233 ST,11411,105,UNKNOWN,Street,58.959835850643636,False,QUEENS,"(40.6859421, -73.7315637)",trafficstat,False,False,False,False,False,False,False,False,False,,,,,,,
2026-07-16,00:00,40.6979134,-73.7270912,CROSS ISLAND PKWY,11429,105,UNKNOWN,Highway,0.19871075009817243,False,QUEENS,"(40.6979134, -73.7270912)",trafficstat,True,False,False,False,False,False,False,False,True,,,,,,,
2026-07-16,00:00,40.6954461,-73.7455968,FRANCIS LEWIS BLVD,11411,105,UNKNOWN,Street,58.953610183997085,False,QUEENS,"(40.6954461, -73.7455968)",trafficstat,False,False,False,False,False,False,False,False,False,,,,,,,
2026-07-16,00:00,40.715794,-73.75219,209 ST,11428,105,UNKNOWN,Street,0.1938197320200524,False,QUEENS,"(40.715794, -73.75219)",trafficstat,True,False,False,False,False,False,False,False,True,,,,,,,
2026-07-16,00:00,40.7120557,-73.7531835,100 AVE,11429,105,UNKNOWN,Street,2.826457421893972,False,QUEENS,"(40.7120557, -73.7531835)",trafficstat,True,False,False,False,False,False,False,False,True,,,,,,,
2026-07-16,00:00,40.7345076,-73.7228603,CROSS ISLAND PKWY,11426,105,UNKNOWN,Highway,1.7177068040247712,False,QUEENS,"(40.7345076, -73.7228603)",trafficstat,False,False,False,False,False,False,False,False,False,,,,,,,
2026-07-15,00:00,40.7433275,-73.7313801,CROSS ISLAND PKWY,11426,105,UNKNOWN,Highway,1.0126411391336532,False,QUEENS,"(40.7433275, -73.7313801)",trafficstat,True,False,False,False,False,False,False,False,True,,,,,,,
2026-07-15,00:00,40.7245045,-73.7246841,CROSS ISLAND PKWY,11426,105,UNKNOWN,Highway,3.0580267166163053,False,QUEENS,"(40.7245045, -73.7246841)",trafficstat,True,False,False,False,False,False,False,True,False,,,,,,,
2026-07-05,00:00,40.7245045,-73.7246841,CROSS ISLAND PKWY,11426,105,UNKNOWN,Highway,3.0580267166163053,False,QUEENS,"(40.7245045, -73.7246841)",trafficstat,False,False,False,False,False,False,False,False,False,,,,,,,
2026-07-15,00:00,40.7185796,-73.7430665,VANDERVEER ST,11428,105,UNKNOWN,Street,46.5245768671577,False,QUEENS,"(40.7185796, -73.7430665)",trafficstat,True,False,False,False,False,False,False,False,True,,,,,,,
2026-07-15,00:00,40.715145,-73.74936,211 ST,11428,105,UNKNOWN,Street,1.7776393045286623,False,QUEENS,"(40.715145, -73.74936)",trafficstat,False,False,False,False,False,False,False,False,False,,,,,,,
2026-07-14,00:00,40.7232503,-73.7413268,218 ST,11428,105,UNKNOWN,Street,1.637355709439901,False,QUEENS,"(40.7232503, -73.7413268)",trafficstat,False,False,False,False,False,False,False,False,False,,,,,,,
2026-07-14,00:00,40.7367405,-73.7102058,258 ST,11001,105,UNKNOWN,Street,42.53344708128668,False,QUEENS,"(40.7367405, -73.7102058)",trafficstat,False,False,False,False,False,False,False,False,False,,,,,,,
2026-07-14,00:00,40.7328882,-73.7277273,HILLSIDE AVE,11426,105,UNKNOWN,Street,98.9271182420234,False,QUEENS,"(40.7328882, -73.7277273)",trafficstat,True,False,False,False,False,False,False,False,True,,,,,,,
2026-07-14,00:00,40.7067942,-73.750773,FRANCIS LEWIS BLVD,11429,105,UNKNOWN,Street,37.21359691772709,False,QUEENS,"(40.7067942, -73.750773)",trafficstat,False,False,False,False,False,False,False,False,False,,,,,,,
2026-07-14,00:00,40.6997584,-73.7475289,115 AVE,11411,105,OTHER,Street,49.82244465223105,False,QUEENS,"(40.6997584, -73.7475289)",trafficstat,False,False,False,False,False,False,False,False,False,,,,,,,
2026-07-13,00:00,40.7303705,-73.7296832,88 AVE,11426,105,UNKNOWN,Street,45.17693650639648,False,QUEENS,"(40.7303705, -73.7296832)",trafficstat,False,False,False,False,False,False,False,False,False,,,,,,,
2026-07-13,00:00,40.7302165,-73.7462536,219 ST,11427,105,UNKNOWN,Street,1.3841563087435576,False,QUEENS,"(40.7302165, -73.7462536)",trafficstat,True,False,True,False,False,False,False,False,False,,,,,,,
2026-07-13,00:00,40.7532394,-73.706889,270 ST,11040,105,UNKNOWN,Street,1.7702296194811062,False,QUEENS,"(40.7532394, -73.706889)",trafficstat,False,False,False,False,False,False,False,False,False,,,,,,,
2026-07-12,00:00,40.7161654,-73.744756,HEMPSTEAD AVE,11428,105,UNKNOWN,Street,1.5389774110814327,False,QUEENS,"(40.7161654, -73.744756)",trafficstat,False,False,False,False,False,False,False,False,False,,,,,,,
2026-06-16,00:00,40.7161654,-73.744756,HEMPSTEAD AVE,11428,105,UNKNOWN,Street,1.5389774110814327,False,QUEENS,"(40.7161654, -73.744756)",trafficstat,False,False,False,False,False,False,False,False,False,,,,,,,
2026-07-11,00:00,40.71036,-73.72998,225 ST,11429,105,OTHER,Street,2.190873837624344,False,QUEENS,"(40.71036, -73.72998)",trafficstat,False,False,False,False,False,False,False,False,False,,,,,,,
2026-07-11,00:00,40.7063446,-73.7405021,111 RD,11429,105,UNKNOWN,Street,45.114471577468834,False,QUEENS,"(40.7063446, -73.7405021)",trafficstat,False,False,False,False,False,False,False,False,False,,,,,,,
2026-07-10,00:00,40.7371391,-73.7092187,259 ST,11001,105,OTHER,Street,0.12772912526121946,False,QUEENS,"(40.7371391, -73.7092187)",trafficstat,True,False,False,False,False,False,False,False,True,,,,,,,
2026-07-10,00:00,40.7519194,-73.702367,UNION TPKE,11040,105,OTHER,Street,38.272249070940575,False,QUEENS,"(40.7519194, -73.702367)",trafficstat,False,False,False,False,False,False,False,False,False,,,,,,,
2026-07-09,00:00,40.7365557,-73.7119312,256 ST,11001,105,UNKNOWN,Street,0.7841139732419553,False,QUEENS,"(40.7365557, -73.7119312)",trafficstat,True,False,False,False,False,False,False,True,False,,,,,,,
2026-07-09,00:00,40.711628,-73.72938,225 ST,11429,105,UNKNOWN,Street,0.9984605206924134,False,QUEENS,"(40.711628, -73.72938)",trafficstat,False,False,False,False,False,False,False,False,False,,,,,,,
2026-07-09,00:00,40.7138989,-73.7487975,211 ST,11429,105,OTHER,Street,0.5072671318594841,False,QUEENS,"(40.7138989, -73.7487975)",trafficstat,True,False,False,True,False,False,False,False,False,,,,,,,
2026-07-09,00:00,40.7002628,-73.7450008,209 ST,11411,105,OTHER,Street,0.4747455271976169,False,QUEENS,"(40.7002628, -73.7450008)",trafficstat,False,False,False,False,False,False,False,False,False,,,,,,,
2026-07-09,00:00,40.703122,-73.740889,SPRINGFIELD BLVD,11429,105,UNKNOWN,Street,55.47864288361856,False,QUEENS,"(40.703122, -73.740889)",trafficstat,True,False,False,False,False,False,False,False,True,,,,,,,
2026-07-09,00:00,40.6873023,-73.73309,231 ST,11411,105,UNKNOWN,Street,1.741385082339703,False,QUEENS,"(40.6873023, -73.73309)",trafficstat,True,False,False,False,False,False,False,True,False,,,,,,,
2026-07-08,00:00,40.6943172,-73.7375191,223 ST,11411,105,UNKNOWN,Street,1.0660563467434772,False,QUEENS,"(40.6943172, -73.7375191)",trafficstat,False,False,False,False,False,False,False,False,False,,,,,,,
2026-07-08,00:00,40.7039497,-73.7453113,COLFAX ST,11429,105,OTHER,Street,2.219307083653987,False,QUEENS,"(40.7039497, -73.7453113)",trafficstat,False,False,False,False,False,False,False,False,False,,,,,,,
2026-07-08,00:00,40.7259414,-73.7346273,222 ST,11428,105,UNKNOWN,Street,0.19238042742825906,False,QUEENS,"(40.7259414, -73.7346273)",trafficstat,False,False,False,False,False,False,False,False,False,,,,,,,
2026-07-08,00:00,40.7241584,-73.7549678,HOLLIS CT  BOULEVARD,11427,105,UNKNOWN,Street,1.6021063772690751,False,QUEENS,"(40.7241584, -73.7549678)",trafficstat,True,False,False,False,False,False,False,False,True,,,,,,,
2026-06-25,00:00,40.7241584,-73.7549678,HOLLIS CT  BOULEVARD,11427,105,UNKNOWN,Street,1.6021063772690751,False,QUEENS,"(40.7241584, -73.7549678)",trafficstat,False,False,False,False,False,False,False,False,False,,,,,,,
2026-07-07,00:00,40.693131,-73.7277198,116 AVE,11411,105,UNKNOWN,Street,60.982894072538365,False,QUEENS,"(40.693131, -73.7277198)",trafficstat,False,False,False,False,False,False,False,False,False,,,,,,,
2026-07-07,00:00,40.7541574,-73.722876,GRAND CENTRAL PKWY,11005,105,UNKNOWN,Highway,10.283430547120082,False,QUEENS,"(40.7541574, -73.722876)",trafficstat,True,False,False,False,False,False,False,False,True,,,,,,,
2026-06-17,00:00,40.7541574,-73.722876,GRAND CENTRAL PKWY,11005,105,OTHER,Highway,10.283430547120082,False,QUEENS,"(40.7541574, -73.722876)",trafficstat,True,False,False,False,False,False,False,False,True,,,,,,,
2026-07-06,00:00,40.6927331,-73.7267229,CROSS ISLAND PKWY,11411,105,UNKNOWN,Highway,1.1619315858845727,False,QUEENS,"(40.6927331, -73.7267229)",trafficstat,False,False,False,False,False,False,False,False,False,,,,,,,
2026-07-06,00:00,40.7146318,-73.7513307,209 ST,11428,105,UNKNOWN,Street,0.7709592877480075,False,QUEENS,"(40.7146318, -73.7513307)",trafficstat,False,False,False,False,False,False,False,False,False,,,,,,,
2026-07-06,00:00,40.7302773,-73.7439839,BRADDOCK AVE,11427,105,UNKNOWN,Street,15.35879638645005,False,QUEENS,"(40.7302773, -73.7439839)",trafficstat,False,False,False,False,False,False,False,False,False,,,,,,,
2026-07-05,00:00,40.7044477,-73.7458504,210 ST,11429,105,UNKNOWN,Street,0.41541151438760704,False,QUEENS,"(40.7044477, -73.7458504)",trafficstat,False,False,False,False,False,False,False,False,False,,,,,,,
2026-07-04,00:00,40.714599,-73.7402168,217 PL,11429,105,UNKNOWN,Street,0.5410479055073755,False,QUEENS,"(40.714599, -73.7402168)",trafficstat,False,False,False,False,False,False,False,False,False,,,,,,,
2026-07-04,00:00,40.7372657,-73.7021653,266 ST,11001,105,UNKNOWN,Street,53.63193981291369,False,QUEENS,"(40.7372657, -73.7021653)",trafficstat,True,False,False,False,False,False,False,True,False,,,,,,,
2026-07-03,00:00,40.7173105,-73.7405005,JAMAICA AVE,11428,105,UNKNOWN,Street,38.58798014606278,False,QUEENS,"(40.7173105, -73.7405005)",trafficstat,False,False,False,False,False,False,False,False,False,,,,,,,
2026-07-03,00:00,40.7074443,-73.7275463,CROSS ISLAND PKWY,11429,105,UNKNOWN,Highway,1.3575462978106219,False,QUEENS,"(40.7074443, -73.7275463)",trafficstat,False,False,False,False,False,False,False,False,False,,,,,,,
2026-07-02,00:00,40.7055813,-73.739711,SPRINGFIELD BLVD,11429,105,UNKNOWN,Street,1.3691351446008675,False,QUEENS,"(40.7055813, -73.739711)",trafficstat,False,False,False,False,False,False,False,False,False,,,,,,,
2026-07-02,00:00,40.6861719,-73.7334666,231 ST,11411,105,UNKNOWN,Street,56.85245819936003,False,QUEENS,"(40.6861719, -73.7334666)",trafficstat,False,False,False,False,False,False,False,False,False,,,,,,,
2026-07-02,00:00,40.7264983,-73.72701,BRADDOCK AVE,11426,105,UNKNOWN,Street,45.41844906335096,False,QUEENS,"(40.7264983, -73.72701)",trafficstat,True,False,False,False,False,False,False,True,False,,,,,,,
2026-07-01,00:00,40.724598,-73.739136,SPRINGFIELD BLVD,11428,105,UNKNOWN,Street,1.5276662686454947,False,QUEENS,"(40.724598, -73.739136)",trafficstat,True,False,True,False,False,False,False,False,False,,,,,,,
2026-07-01,00:00,40.7053384,-73.7405762,112 AVE,11429,105,UNKNOWN,Street,51.91148919625655,False,QUEENS,"(40.7053384, -73.7405762)",trafficstat,False,False,False,False,False,False,False,False,False,,,,,,,
2026-06-30,00:00,40.7144316,-73.7459874,99 AVE,11429,105,UNKNOWN,Street,41.58296495158372,False,QUEENS,"(40.7144316, -73.7459874)",trafficstat,False,False,False,False,False,False,False,False,False,,,,,,,
2026-06-30,00:00,40.725474,-73.7203854,91 AVE,11426,105,UNKNOWN,Street,3.259789912624498,False,QUEENS,"(40.725474, -73.7203854)",trafficstat,True,False,True,False,False,False,False,False,False,,,,,,,
2026-06-30,00:00,40.7072992,-73.7420126,111 AVE,11429,105,UNKNOWN,Street,2.4774734461296894,False,QUEENS,"(40.7072992, -73.7420126)",trafficstat,True,False,False,False,False,False,False,True,False,,,,,,,
2026-06-30,00:00,40.729457,-73.7436359,89 AVE,11427,105,OTHER,Street,77.8410872267929,False,QUEENS,"(40.729457, -73.7436359)",trafficstat,False,False,False,False,False,False,False,False,False,,,,,,,
2026-06-30,00:00,40.715626,-73.74139,217 ST,11429,105,UNKNOWN,Street,0.09206996438241409,False,QUEENS,"(40.715626, -73.74139)",trafficstat,False,False,False,False,False,False,False,False,False,,,,,,,
2026-06-29,00:00,40.7505228,-73.7067022,267 ST,11040,105,UNKNOWN,Street,61.90476367638021,False,QUEENS,"(40.7505228, -73.7067022)",trafficstat,False,False,False,False,False,False,False,False,False,,,,,,,
2026-06-28,00:00,40.7210074,-73.7510904,90 AVE,11428,105,UNKNOWN,Street,2.691774133583056,False,QUEENS,"(40.7210074, -73.7510904)",trafficstat,True,False,False,False,False,False,False,True,False,,,,,,,
2026-06-27,00:00,40.7141573,-73.7477324,211 PL,11429,105,UNKNOWN,Street,0.6057864214853833,False,QUEENS,"(40.7141573, -73.7477324)",trafficstat,False,False,False,False,False,False,False,False,False,,,,,,,
2026-06-27,00:00,40.7154534,-73.7309932,222 ST,11429,105,UNKNOWN,Street,0.1265714752128024,False,QUEENS,"(40.7154534, -73.7309932)",trafficstat,True,False,False,False,False,False,False,False,True,,,,,,,
2026-06-27,00:00,40.7028101,-73.7438622,COLFAX ST,11411,105,UNKNOWN,Street,2.2139331546895975,False,QUEENS,"(40.7028101, -73.7438622)",trafficstat,False,False,False,False,False,False,False,False,False,,,,,,,
2026-06-27,00:00,40.7279613,-73.7313984,GETTYSBURG ST,11426,105,UNKNOWN,Street,55.68995190177603,False,QUEENS,"(40.7279613, -73.7313984)",trafficstat,False,False,False,False,False,False,False,False,False,,,,,,,
2026-06-27,00:00,40.7319602,-73.7169003,86 AVE,11426,105,UNKNOWN,Street,48.76327554700413,False,QUEENS,"(40.7319602, -73.7169003)",trafficstat,False,False,False,False,False,False,False,False,False,,,,,,,
2026-06-26,00:00,40.722013,-73.7355665,220 ST,11428,105,UNKNOWN,Street,0.7044167661746112,False,QUEENS,"(40.722013, -73.7355665)",trafficstat,False,False,False,False,False,False,False,False,False,,,,,,,
2026-06-26,00:00,40.716137,-73.75137,210 ST,11428,105,UNKNOWN,Street,0.6264909138270599,False,QUEENS,"(40.716137, -73.75137)",trafficstat,False,False,False,False,False,False,False,False,False,,,,,,,
2026-06-26,00:00,40.7418075,-73.728142,CROSS ISLAND PKWY,11426,105,UNKNOWN,Highway,0.7987420384970997,False,QUEENS,"(40.7418075, -73.728142)",trafficstat,False,False,False,False,False,False,False,False,False,,,,,,,
2026-06-26,00:00,40.7298095,-73.7446821,SPRINGFIELD BLVD,11427,105,UNKNOWN,Street,1.5174253386036067,False,QUEENS,"(40.7298095, -73.7446821)",trafficstat,True,False,True,False,False,False,False,False,False,,,,,,,
2026-06-26,00:00,40.6992685,-73.7410087,217 ST,11411,105,OTHER,Street,1.713259283961339,False,QUEENS,"(40.6992685, -73.7410087)",trafficstat,True,False,False,False,False,False,False,True,False,,,,,,,
2026-06-26,00:00,40.690106,-73.7266075,CROSS ISLAND PKWY,11411,105,UNKNOWN,Highway,2.997253283103824,False,QUEENS,"(40.690106, -73.7266075)",trafficstat,False,False,False,False,False,False,False,False,False,,,,,,,
2026-06-17,00:00,40.690106,-73.7266075,CROSS ISLAND PKWY,11411,105,OTHER,Highway,2.997253283103824,False,QUEENS,"(40.690106, -73.7266075)",trafficstat,True,False,False,False,False,True,False,False,False,,,,,,,
2026-06-26,00:00,40.7038764,-73.7467983,209 ST,11429,105,UNKNOWN,Street,46.02896779851749,False,QUEENS,"(40.7038764, -73.7467983)",trafficstat,False,False,False,False,False,False,False,False,False,,,,,,,
2026-06-25,00:00,40.7073733,-73.7350884,221 ST,11429,105,UNKNOWN,Street,48.75605015460207,False,QUEENS,"(40.7073733, -73.7350884)",trafficstat,False,False,False,False,False,False,False,False,False,,,,,,,
2026-06-25,00:00,40.696373,-73.74524,LINDEN BLVD,11411,105,UNKNOWN,Street,3.2832850445297,False,QUEENS,"(40.696373, -73.74524)",trafficstat,True,False,False,False,False,False,False,True,False,,,,,,,
2026-06-25,00:00,40.7267543,-73.7300339,BRADDOCK AVE,11426,105,UNKNOWN,Street,45.6053614629932,False,QUEENS,"(40.7267543, -73.7300339)",trafficstat,True,False,False,False,False,False,False,False,True,,,,,,,
2026-06-25,00:00,40.717503,-73.75347,209 ST,11428,105,OTHER,Street,0.9428817094220157,False,QUEENS,"(40.717503, -73.75347)",trafficstat,True,False,False,False,False,False,False,True,False,,,,,,,
2026-06-25,00:00,40.747829,-73.7090195,263 ST,11004,105,UNKNOWN,Street,64.52450354751039,False,QUEENS,"(40.747829, -73.7090195)",trafficstat,True,False,False,False,False,False,False,True,False,,,,,,,
2026-06-24,00:00,40.7446527,-73.7311799,GRAND CENTRAL PKWY,11426,105,OTHER,Highway,3.981114733188838,False,QUEENS,"(40.7446527, -73.7311799)",trafficstat,True,False,False,False,False,False,False,True,True,,,,,,,
2026-06-24,00:00,40.7353727,-73.7174427,250 ST,11426,105,UNKNOWN,Street,1.0054767572476395,False,QUEENS,"(40.7353727, -73.7174427)",trafficstat,False,False,False,False,False,False,False,False,False,,,,,,,
2026-06-24,00:00,40.7264305,-73.750832,VANDERVEER ST,11427,105,UNKNOWN,Street,2.0153138653616782,False,QUEENS,"(40.7264305, -73.750832)",trafficstat,True,False,False,False,False,False,False,True,True,,,,,,,
2026-06-24,00:00,40.7053982,-73.7466051,COLFAX ST,11429,105,UNKNOWN,Street,59.963505194768416,False,QUEENS,"(40.7053982, -73.7466051)",trafficstat,False,False,False,False,False,False,False,False,False,,,,,,,
2026-06-24,00:00,40.7137804,-73.7381817,HEMPSTEAD AVE,11429,105,UNKNOWN,Street,64.60960723491307,False,QUEENS,"(40.7137804, -73.7381817)",trafficstat,False,False,False,False,False,False,False,False,False,,,,,,,
2026-06-23,00:00,40.725315,-73.74964,VANDERVEER ST,11427,105,UNKNOWN,Street,0.9833348267085352,False,QUEENS,"(40.725315, -73.74964)",trafficstat,False,False,False,False,False,False,False,False,False,,,,,,,
2026-06-23,00:00,40.7458496,-73.7300779,GRAND CENTRAL PKWY,11426,105,UNKNOWN,Highway,12.845638966420681,False,QUEENS,"(40.7458496, -73.7300779)",trafficstat,False,False,False,False,False,False,False,False,False,,,,,,,
2026-06-22,00:00,40.7391422,-73.7089898,260 ST,11004,105,UNKNOWN,Street,0.7651929617154413,False,QUEENS,"(40.7391422, -73.7089898)",trafficstat,False,False,False,False,False,False,False,False,False,,,,,,,
2026-06-22,00:00,40.7262832,-73.7523088,214 ST,11427,105,UNKNOWN,Street,59.50763134557656,False,QUEENS,"(40.7262832, -73.7523088)",trafficstat,False,False,False,False,False,False,False,False,False,,,,,,,
2026-06-22,00:00,40.7056408,-73.7504697,111 AVE,11412,105,OTHER,Street,2.730959357589546,False,QUEENS,"(40.7056408, -73.7504697)",trafficstat,True,False,False,False,False,True,False,False,False,,,,,,,
2026-06-21,00:00,40.7206613,-73.7471955,213 ST,11428,105,UNKNOWN,Street,0.9213703678652657,False,QUEENS,"(40.7206613, -73.7471955)",trafficstat,False,False,False,False,False,False,False,False,False,,,,,,,
2026-06-20,00:00,40.7245188,-73.752404,212 PL,11427,105,UNKNOWN,Street,38.45757424574451,False,QUEENS,"(40.7245188, -73.752404)",trafficstat,False,False,False,False,False,False,False,False,False,,,,,,,
2026-06-20,00:00,40.7316373,-73.7231753,CROSS ISLAND PKWY SB EN 85 AVE,11426,105,UNKNOWN,Ramp,7.939011046529945,False,QUEENS,"(40.7316373, -73.7231753)",trafficstat,True,False,False,False,False,False,False,True,True,,,,,,,
2026-06-20,00:00,40.7575822,-73.7135709,NORTH SHORE TOWER   DRIVEWAY,11005,105,UNKNOWN,Driveway,121.4277043397561,False,QUEENS,"(40.7575822, -73.7135709)",trafficstat,False,False,False,False,False,False,False,False,False,,,,,,,
2026-06-19,00:00,40.7518487,-73.7197309,260 ST,11004,105,OTHER,Street,50.76017840792963,False,QUEENS,"(40.7518487, -73.7197309)",trafficstat,False,False,False,False,False,False,False,False,False,,,,,,,
2026-06-19,00:00,40.737019,-73.7080393,260 ST,11001,105,UNKNOWN,Street,43.00169389293333,False,QUEENS,"(40.737019, -73.7080393)",trafficstat,False,False,False,False,False,False,False,False,False,,,,,,,
2026-06-19,00:00,40.7415769,-73.7079471,262 ST,11004,105,UNKNOWN,Street,0.5464231665318027,False,QUEENS,"(40.7415769, -73.7079471)",trafficstat,True,False,True,False,False,False,False,False,False,,,,,,,
2026-06-18,00:00,40.718502,-73.73526,SPRINGFIELD BLVD,11428,105,UNKNOWN,Street,0.550124658419567,False,QUEENS,"(40.718502, -73.73526)",trafficstat,True,False,False,False,False,False,False,False,True,,,,,,,
2026-06-18,00:00,40.7262016,-73.7368018,WINCHESTER BLVD,11428,105,OTHER,Street,0.7196510112060798,False,QUEENS,"(40.7262016, -73.7368018)",trafficstat,True,False,True,False,False,False,False,False,False,,,,,,,
2026-06-17,00:00,40.7321995,-73.7449056,MANOR RD,11427,105,OTHER,Street,79.79368098896673,False,QUEENS,"(40.7321995, -73.7449056)",trafficstat,False,False,False,False,False,False,False,False,False,,,,,,,
2026-06-17,00:00,40.7356797,-73.7206809,247 ST,11426,105,UNKNOWN,Street,54.04115488720823,False,QUEENS,"(40.7356797, -73.7206809)",trafficstat,False,False,False,False,False,False,False,False,False,,,,,,,
2026-06-16,00:00,40.6922495,-73.7309258,LINDEN BLVD,11411,105,UNKNOWN,Street,42.91507393741865,False,QUEENS,"(40.6922495, -73.7309258)",trafficstat,False,False,False,False,False,False,False,False,False,,,,,,,
2026-06-16,00:00,40.7075535,-73.750293,207 ST,11429,105,UNKNOWN,Street,0.571201484514947,False,QUEENS,"(40.7075535, -73.750293)",trafficstat,False,False,False,False,False,False,False,False,False,,,,,,,