crash_date,crash_time,latitude,longitude,on_street_name,zip_code,precinct,collision_type,roadway_type,geocode_dist_feet,time_is_known,borough,location,source,injury,fatality,injured_pedestrian,injured_cyclist,injured_ebike_rider,injured_motorcyclist,injured_moped_rider,injured_car_occupant,injured_suv_occupant,number_of_persons_injured,number_of_persons_killed,contributing_factor_vehicle_1,collision_id,cross_street_name,off_street_name,vehicle_type_code1
2026-06-15,00:00,40.7205455,-73.742391,215 PL,11428,105,UNKNOWN,Street,50.630039777989936,False,QUEENS,"(40.7205455, -73.742391)",trafficstat,False,False,False,False,False,False,False,False,False,,,,,,,
2026-06-15,00:00,40.686514,-73.7304754,234 ST,11411,105,UNKNOWN,Street,1.3849706587502033,False,QUEENS,"(40.686514, -73.7304754)",trafficstat,True,False,False,False,False,False,False,True,False,,,,,,,
2026-06-15,00:00,40.7045533,-73.7272263,CROSS ISLAND PKWY,11429,105,OTHER,Highway,1.5860405506441222,False,QUEENS,"(40.7045533, -73.7272263)",trafficstat,True,False,False,False,False,False,False,True,False,,,,,,,
2026-06-15,00:00,40.6996556,-73.7422658,115 RD,11411,105,UNKNOWN,Street,2.64782392828731,False,QUEENS,"(40.6996556, -73.7422658)",trafficstat,False,False,False,False,False,False,False,False,False,,,,,,,
2026-06-14,00:00,40.6931984,-73.7273471,234 ST,11411,105,UNKNOWN,Street,0.8784098861045243,False,QUEENS,"(40.6931984, -73.7273471)",trafficstat,True,False,False,False,False,False,False,True,False,,,,,,,
2026-06-14,00:00,40.7164254,-73.7287974,CROSS ISLAND PKWY,11429,105,OTHER,Highway,5.077490705542665,False,QUEENS,"(40.7164254, -73.7287974)",trafficstat,True,False,False,False,False,False,False,True,False,,,,,,,
2026-06-13,00:00,40.7241953,-73.7250845,JAMAICA AVE,11426,105,UNKNOWN,Street,18.881427492250655,False,QUEENS,"(40.7241953, -73.7250845)",trafficstat,True,False,False,False,False,False,False,False,True,,,,,,,
2026-06-13,00:00,40.7356769,-73.7138086,LITTLE NECK PKWY,11001,105,UNKNOWN,Street,50.43905322776277,False,QUEENS,"(40.7356769, -73.7138086)",trafficstat,False,False,False,False,False,False,False,False,False,,,,,,,
2026-06-13,00:00,40.721588,-73.7310118,224 ST,11428,105,UNKNOWN,Street,0.08340154056356111,False,QUEENS,"(40.721588, -73.7310118)",trafficstat,True,False,False,False,False,False,False,False,True,,,,,,,
2026-06-13,00:00,40.7050706,-73.7420898,DELEVAN ST,11429,105,UNKNOWN,Street,1.5733229493781438,False,QUEENS,"(40.7050706, -73.7420898)",trafficstat,True,False,False,False,False,False,False,True,False,,,,,,,
2026-06-13,00:00,40.7057042,-73.7443596,212 ST,11429,105,OTHER,Street,1.0134267616117298,False,QUEENS,"(40.7057042, -73.7443596)",trafficstat,True,False,False,False,False,False,False,True,False,,,,,,,
2026-06-12,00:00,40.6957269,-73.7432665,SPRINGFIELD BLVD,11411,105,UNKNOWN,Street,112.114447475943,False,QUEENS,"(40.6957269, -73.7432665)",trafficstat,False,False,False,False,False,False,False,False,False,,,,,,,
2026-06-12,00:00,40.7429719,-73.710413,260 ST,11004,105,UNKNOWN,Street,0.5745344997152665,False,QUEENS,"(40.7429719, -73.710413)",trafficstat,True,False,True,False,False,False,False,False,False,,,,,,,
2026-09-13,00:00,40.6846697,-73.8217132,107 AVE,11419,106,UNKNOWN,Street,54.98137162808219,False,QUEENS,"(40.6846697, -73.8217132)",trafficstat,True,False,False,False,False,False,False,False,True,,,,,,,
2026-09-13,00:00,40.6821716,-73.8398521,101 ST,11417,106,UNKNOWN,Street,30.744875074054804,False,QUEENS,"(40.6821716, -73.8398521)",trafficstat,False,False,False,False,False,False,False,False,False,,,,,,,
2026-06-12,00:00,40.6821716,-73.8398521,101 ST,11417,106,OTHER,Street,30.744875074054804,False,QUEENS,"(40.6821716, -73.8398521)",trafficstat,False,False,False,False,False,False,False,False,False,,,,,,,
2026-09-12,00:00,40.6802965,-73.8446402,LIBERTY AVE,11417,106,UNKNOWN,Street,2.606083855272782,False,QUEENS,"(40.6802965, -73.8446402)",trafficstat,False,False,False,False,False,False,False,False,False,,,,,,,
2026-09-12,00:00,40.6578295,-73.8398405,CROSS BAY BLVD,11414,106,UNKNOWN,Street,44.26259356473007,False,QUEENS,"(40.6578295, -73.8398405)",trafficstat,False,False,False,False,False,False,False,False,False,,,,,,,
2026-09-12,00:00,40.6601585,-73.853328,BELT PKWY,11414,106,UNKNOWN,Highway,2.137494777020347,False,QUEENS,"(40.6601585, -73.853328)",trafficstat,False,False,False,False,False,False,False,False,False,,,,,,,
2026-09-12,00:00,40.659974,-73.8403584,CROSS BAY BLVD,11414,106,OTHER,Street,43.29111980702418,False,QUEENS,"(40.659974, -73.8403584)",trafficstat,True,False,True,False,False,False,False,False,False,,,,,,,
2026-09-12,00:00,40.6643634,-73.8293868,NASSAU EXPWY ET LEFFERTS BLVD,11430,106,UNKNOWN,Ramp,2.6734959439971444,False,QUEENS,"(40.6643634, -73.8293868)",trafficstat,True,False,False,False,False,False,False,True,False,,,,,,,
2026-06-24,00:00,40.6643634,-73.8293868,NASSAU EXPWY ET LEFFERTS BLVD,11430,106,UNKNOWN,Ramp,2.6734959439971444,False,QUEENS,"(40.6643634, -73.8293868)",trafficstat,True,False,False,False,False,False,False,False,True,,,,,,,
2026-09-11,00:00,40.6688642,-73.8549043,80 ST,11414,106,UNKNOWN,Street,0.10872378488358735,False,QUEENS,"(40.6688642, -73.8549043)",trafficstat,True,False,False,False,False,False,False,True,True,,,,,,,
2026-06-22,00:00,40.6688642,-73.8549043,80 ST,11414,106,UNKNOWN,Street,0.10872378488358735,False,QUEENS,"(40.6688642, -73.8549043)",trafficstat,False,False,False,False,False,False,False,False,False,,,,,,,
2026-09-11,00:00,40.6831033,-73.8059547,VAN WYCK EXPY,11420,106,UNKNOWN,Highway,1.2860143080238802,False,QUEENS,"(40.6831033, -73.8059547)",trafficstat,False,False,False,False,False,False,False,False,False,,,,,,,
2026-06-16,00:00,40.6831033,-73.8059547,VAN WYCK EXPY,11420,106,UNKNOWN,Highway,1.2860143080238802,False,QUEENS,"(40.6831033, -73.8059547)",trafficstat,False,False,False,False,False,False,False,False,False,,,,,,,
2026-06-14,00:00,40.6831033,-73.8059547,VAN WYCK EXPY,11420,106,UNKNOWN,Highway,1.2860143080238802,False,QUEENS,"(40.6831033, -73.8059547)",trafficstat,True,False,False,False,False,False,False,True,False,,,,,,,
2026-09-11,00:00,40.6744779,-73.8426798,134 AVE,11417,106,OTHER,Street,89.8095499312329,False,QUEENS,"(40.6744779, -73.8426798)",trafficstat,False,False,False,False,False,False,False,False,False,,,,,,,
2026-09-11,00:00,40.6765105,-73.8143618,124 ST,11420,106,UNKNOWN,Street,0.4421037963450589,False,QUEENS,"(40.6765105, -73.8143618)",trafficstat,True,False,False,False,False,True,False,False,False,,,,,,,
2026-06-21,00:00,40.6765105,-73.8143618,124 ST,11420,106,UNKNOWN,Street,0.4421037963450589,False,QUEENS,"(40.6765105, -73.8143618)",trafficstat,False,False,False,False,False,False,False,False,False,,,,,,,
2026-09-10,00:00,40.6527642,-73.8277227,104 ST,11414,106,UNKNOWN,Street,0.2533985074721971,False,QUEENS,"(40.6527642, -73.8277227)",trafficstat,True,False,False,False,False,False,False,True,False,,,,,,,
2026-09-10,00:00,40.6834299,-73.8266014,115 ST,11419,106,UNKNOWN,Street,0.7090953590206225,False,QUEENS,"(40.6834299, -73.8266014)",trafficstat,True,False,False,False,False,False,False,False,True,,,,,,,
2026-09-09,00:00,40.6845987,-73.8139354,109 AVE,11420,106,UNKNOWN,Street,2.661376356560035,False,QUEENS,"(40.6845987, -73.8139354)",trafficstat,False,False,False,False,False,False,False,False,False,,,,,,,
2026-09-09,00:00,40.6660598,-73.8152394,BELT PKWY,11430,106,OTHER,Highway,2.055094725629472,False,QUEENS,"(40.6660598, -73.8152394)",trafficstat,True,False,False,False,False,False,False,False,True,,,,,,,
2026-09-09,00:00,40.6661568,-73.8416106,BELT PKWY,11414,106,OTHER,Highway,1.496179263529136,False,QUEENS,"(40.6661568, -73.8416106)",trafficstat,False,False,False,False,False,False,False,False,False,,,,,,,
2026-09-07,00:00,40.6661568,-73.8416106,BELT PKWY,11414,106,UNKNOWN,Highway,1.496179263529136,False,QUEENS,"(40.6661568, -73.8416106)",trafficstat,True,False,False,False,False,False,False,True,False,,,,,,,
2026-07-27,00:00,40.6661568,-73.8416106,BELT PKWY,11414,106,UNKNOWN,Highway,1.496179263529136,False,QUEENS,"(40.6661568, -73.8416106)",trafficstat,True,False,False,False,False,False,False,True,True,,,,,,,
2026-06-27,00:00,40.6661568,-73.8416106,BELT PKWY,11414,106,OTHER,Highway,1.496179263529136,False,QUEENS,"(40.6661568, -73.8416106)",trafficstat,True,False,False,False,False,False,False,False,True,,,,,,,
2026-09-08,00:00,40.6749898,-73.8565349,80 ST,11417,106,UNKNOWN,Street,0.18184192501359528,False,QUEENS,"(40.6749898, -73.8565349)",trafficstat,True,False,False,False,False,False,False,False,True,,,,,,,
2026-09-08,00:00,40.6749823,-73.8101447,ROCKAWAY BLVD,11420,106,OTHER,Street,60.301341444686216,False,QUEENS,"(40.6749823, -73.8101447)",trafficstat,True,False,False,False,False,True,False,False,False,,,,,,,
2026-09-08,00:00,40.6800073,-73.8160754,124 ST,11420,106,OTHER,Street,1.0679348090688243,False,QUEENS,"(40.6800073, -73.8160754)",trafficstat,True,False,False,False,False,True,False,False,False,,,,,,,
2026-09-07,00:00,40.6768156,-73.8233704,ROCKAWAY BLVD,11420,106,UNKNOWN,Street,2.9374474124716996,False,QUEENS,"(40.6768156, -73.8233704)",trafficstat,True,False,False,True,False,False,False,False,False,,,,,,,
2026-08-20,00:00,40.6768156,-73.8233704,ROCKAWAY BLVD,11420,106,UNKNOWN,Street,2.9374474124716996,False,QUEENS,"(40.6768156, -73.8233704)",trafficstat,False,False,False,False,False,False,False,False,False,,,,,,,
2026-09-07,00:00,40.6764886,-73.8213199,ROCKAWAY BLVD,11420,106,OTHER,Street,2.4987041603212568,False,QUEENS,"(40.6764886, -73.8213199)",trafficstat,False,False,False,False,False,False,False,False,False,,,,,,,
2026-06-21,00:00,40.6764886,-73.8213199,ROCKAWAY BLVD,11420,106,UNKNOWN,Street,2.4987041603212568,False,QUEENS,"(40.6764886, -73.8213199)",trafficstat,True,False,False,False,False,False,False,True,False,,,,,,,
2026-09-07,00:00,40.6664827,-73.823066,OLD   SOUTH RD,11420,106,OTHER,Street,20.239803153040917,False,QUEENS,"(40.6664827, -73.823066)",trafficstat,True,False,False,False,False,False,False,False,True,,,,,,,
2026-09-07,00:00,40.6555983,-73.8590649,BELT PKWY,11414,106,UNKNOWN,Highway,1.3557661776641818,False,QUEENS,"(40.6555983, -73.8590649)",trafficstat,True,False,False,False,False,False,False,False,True,,,,,,,
2026-09-07,00:00,40.6871997,-73.8133152,131 ST,11419,106,UNKNOWN,Street,0.6517709571227118,False,QUEENS,"(40.6871997, -73.8133152)",trafficstat,True,False,True,False,False,False,False,False,False,,,,,,,
2026-08-22,00:00,40.6871997,-73.8133152,131 ST,11419,106,OTHER,Street,0.6517709571227118,False,QUEENS,"(40.6871997, -73.8133152)",trafficstat,True,False,False,False,False,False,False,True,False,,,,,,,
2026-08-01,00:00,40.6871997,-73.8133152,131 ST,11419,106,OTHER,Street,0.6517709571227118,False,QUEENS,"(40.6871997, -73.8133152)",trafficstat,True,False,False,False,False,False,False,True,False,,,,,,,
2026-09-07,00:00,40.6872259,-73.827072,103 AVE,11419,106,OTHER,Street,51.747277172855966,False,QUEENS,"(40.6872259, -73.827072)",trafficstat,False,False,False,False,False,False,False,False,False,,,,,,,
2026-09-06,00:00,40.6664463,-73.8347755,BELT PKWY,11430,106,UNKNOWN,Highway,0.7173090190198267,False,QUEENS,"(40.6664463, -73.8347755)",trafficstat,False,False,False,False,False,False,False,False,False,,,,,,,
2026-07-08,00:00,40.6664463,-73.8347755,BELT PKWY,11430,106,UNKNOWN,Highway,0.7173090190198267,False,QUEENS,"(40.6664463, -73.8347755)",trafficstat,True,False,False,False,False,False,False,True,False,,,,,,,
2026-09-06,00:00,40.6661202,-73.8222416,LEFFERTS BLVD,11420,106,OTHER,Street,0.959563249254409,False,QUEENS,"(40.6661202, -73.8222416)",trafficstat,True,False,False,False,False,False,False,False,True,,,,,,,
2026-08-02,00:00,40.6661202,-73.8222416,LEFFERTS BLVD,11420,106,UNKNOWN,Street,0.959563249254409,False,QUEENS,"(40.6661202, -73.8222416)",trafficstat,True,False,False,False,False,False,False,True,True,,,,,,,
2026-06-14,00:00,40.6661202,-73.8222416,LEFFERTS BLVD,11420,106,OTHER,Street,0.959563249254409,False,QUEENS,"(40.6661202, -73.8222416)",trafficstat,True,False,True,False,False,False,False,False,False,,,,,,,
2026-09-06,00:00,40.6722029,-73.8087248,130 ST,11420,106,OTHER,Street,1.2878033410401855,False,QUEENS,"(40.6722029, -73.8087248)",trafficstat,True,False,False,False,False,False,False,False,True,,,,,,,
2026-09-06,00:00,40.6769992,-73.8196421,LEFFERTS BLVD,11420,106,OTHER,Street,1.1125236941080658,False,QUEENS,"(40.6769992, -73.8196421)",trafficstat,False,False,False,False,False,False,False,False,False,,,,,,,
2026-06-24,00:00,40.6769992,-73.8196421,LEFFERTS BLVD,11420,106,UNKNOWN,Street,1.1125236941080658,False,QUEENS,"(40.6769992, -73.8196421)",trafficstat,True,False,False,False,False,False,False,True,False,,,,,,,
2026-09-06,00:00,40.6749611,-73.802038,VAN WYCK EXPY,11420,106,UNKNOWN,Highway,9.033791339580244,False,QUEENS,"(40.6749611, -73.802038)",trafficstat,True,False,False,False,False,True,False,False,False,,,,,,,
2026-09-06,00:00,40.674995,-73.80854,130 ST,11420,106,UNKNOWN,Street,2.044462142714352,False,QUEENS,"(40.674995, -73.80854)",trafficstat,False,False,False,False,False,False,False,False,False,,,,,,,
2026-09-06,00:00,40.6767286,-73.8598336,77 ST,11417,106,UNKNOWN,Street,0.5169937060438101,False,QUEENS,"(40.6767286, -73.8598336)",trafficstat,False,False,False,False,False,False,False,False,False,,,,,,,
2026-09-06,00:00,40.6802503,-73.8222183,118 ST,11420,106,UNKNOWN,Street,0.58284125204899,False,QUEENS,"(40.6802503, -73.8222183)",trafficstat,False,False,False,False,False,False,False,False,False,,,,,,,
2026-09-05,00:00,40.6785408,-73.807196,133 ST,11420,106,UNKNOWN,Street,0.4277936079824381,False,QUEENS,"(40.6785408, -73.807196)",trafficstat,False,False,False,False,False,False,False,False,False,,,,,,,
2026-09-05,00:00,40.6696516,-73.8209534,LEFFERTS BLVD,11420,106,OTHER,Street,55.22736566156681,False,QUEENS,"(40.6696516, -73.8209534)",trafficstat,True,False,False,False,False,False,False,True,False,,,,,,,
2026-09-05,00:00,40.670403,-73.8562889,79 ST,11414,106,OTHER,Street,0.19344374561128957,False,QUEENS,"(40.670403, -73.8562889)",trafficstat,True,False,False,False,False,False,False,True,False,,,,,,,
2026-09-04,00:00,40.6701573,-73.8406264,ALBERT RD,11417,106,UNKNOWN,Street,3.2428074367354722,False,QUEENS,"(40.6701573, -73.8406264)",trafficstat,False,False,False,False,False,False,False,False,False,,,,,,,
2026-09-04,00:00,40.6668627,-73.8044902,N  CONDUIT AVE,11420,106,UNKNOWN,Street,2.7982351782321273,False,QUEENS,"(40.6668627, -73.8044902)",trafficstat,True,False,False,False,False,False,False,False,True,,,,,,,
2026-08-12,00:00,40.6668627,-73.8044902,N  CONDUIT AVE,11420,106,UNKNOWN,Street,2.7982351782321273,False,QUEENS,"(40.6668627, -73.8044902)",trafficstat,False,False,False,False,False,False,False,False,False,,,,,,,
2026-08-03,00:00,40.6668627,-73.8044902,N  CONDUIT AVE,11420,106,UNKNOWN,Street,2.7982351782321273,False,QUEENS,"(40.6668627, -73.8044902)",trafficstat,True,False,False,False,False,False,False,True,False,,,,,,,
2026-09-04,00:00,40.6649186,-73.8226305,LEFFERTS BLVD,11420,106,UNKNOWN,Street,0.8430320502295143,False,QUEENS,"(40.6649186, -73.8226305)",trafficstat,True,False,False,False,False,False,False,False,True,,,,,,,
2026-08-15,00:00,40.6649186,-73.8226305,LEFFERTS BLVD,11420,106,UNKNOWN,Street,0.8430320502295143,False,QUEENS,"(40.6649186, -73.8226305)",trafficstat,False,False,False,False,False,False,False,False,False,,,,,,,
2026-06-16,00:00,40.6649186,-73.8226305,LEFFERTS BLVD,11420,106,OTHER,Street,0.8430320502295143,False,QUEENS,"(40.6649186, -73.8226305)",trafficstat,True,False,False,False,False,False,False,True,True,,,,,,,
2026-09-04,00:00,40.6661437,-73.8232508,N  CONDUIT AVE,11420,106,UNKNOWN,Street,3.1647716065172276,False,QUEENS,"(40.6661437, -73.8232508)",trafficstat,True,False,False,False,False,False,False,False,True,,,,,,,
2026-09-04,00:00,40.6604414,-73.8431221,90 ST,11414,106,OTHER,Street,0.3640296061162203,False,QUEENS,"(40.6604414, -73.8431221)",trafficstat,True,False,False,False,False,False,False,True,False,,,,,,,
2026-09-04,00:00,40.6579003,-73.8561262,BELT PKWY,11414,106,UNKNOWN,Highway,0.5438811678295963,False,QUEENS,"(40.6579003, -73.8561262)",trafficstat,False,False,False,False,False,False,False,False,False,,,,,,,
2026-09-04,00:00,40.6759601,-73.8172439,121 ST,11420,106,UNKNOWN,Street,30.00997969497162,False,QUEENS,"(40.6759601, -73.8172439)",trafficstat,False,False,False,False,False,False,False,False,False,,,,,,,
2026-09-04,00:00,40.6781502,-73.8310821,ROCKAWAY BLVD,11420,106,UNKNOWN,Street,3.1621897562844326,False,QUEENS,"(40.6781502, -73.8310821)",trafficstat,False,False,False,False,False,False,False,False,False,,,,,,,
2026-09-03,00:00,40.6660744,-73.8415841,BELT PKWY,11414,106,UNKNOWN,Highway,21.585127237930177,False,QUEENS,"(40.6660744, -73.8415841)",trafficstat,False,False,False,False,False,False,False,False,False,,,,,,,
2026-08-17,00:00,40.6660744,-73.8415841,BELT PKWY,11414,106,UNKNOWN,Highway,21.585127237930177,False,QUEENS,"(40.6660744, -73.8415841)",trafficstat,True,False,False,False,False,False,False,True,False,,,,,,,
2026-08-09,00:00,40.6660744,-73.8415841,BELT PKWY,11414,106,UNKNOWN,Highway,21.585127237930177,False,QUEENS,"(40.6660744, -73.8415841)",trafficstat,False,False,False,False,False,False,False,False,False,,,,,,,
2026-08-03,00:00,40.6660744,-73.8415841,BELT PKWY,11414,106,UNKNOWN,Highway,21.585127237930177,False,QUEENS,"(40.6660744, -73.8415841)",trafficstat,False,False,False,False,False,False,False,False,False,,,,,,,
2026-07-14,00:00,40.6660744,-73.8415841,BELT PKWY,11414,106,UNKNOWN,Highway,21.585127237930177,False,QUEENS,"(40.6660744, -73.8415841)",trafficstat,False,False,False,False,False,False,False,False,False,,,,,,,
2026-07-08,00:00,40.6660744,-73.8415841,BELT PKWY,11414,106,OTHER,Highway,21.585127237930177,False,QUEENS,"(40.6660744, -73.8415841)",trafficstat,False,False,False,False,False,False,False,False,False,,,,,,,
2026-07-02,00:00,40.6660744,-73.8415841,BELT PKWY,11414,106,UNKNOWN,Highway,21.585127237930177,False,QUEENS,"(40.6660744, -73.8415841)",trafficstat,True,False,False,False,False,False,False,True,False,,,,,,,
2026-06-20,00:00,40.6660744,-73.8415841,BELT PKWY,11414,106,OTHER,Highway,21.585127237930177,False,QUEENS,"(40.6660744, -73.8415841)",trafficstat,False,False,False,False,False,False,False,False,False,,,,,,,
2026-09-03,00:00,40.6841594,-73.8235118,107 AVE,11419,106,UNKNOWN,Street,54.359115464344164,False,QUEENS,"(40.6841594, -73.8235118)",trafficstat,True,False,False,True,False,False,False,False,False,,,,,,,
2026-09-02,00:00,40.6833255,-73.8075391,135 ST,11420,106,UNKNOWN,Street,0.25914631778442,False,QUEENS,"(40.6833255, -73.8075391)",trafficstat,True,False,False,False,False,False,False,True,False,,,,,,,
2026-09-02,00:00,40.6727917,-73.8569146,79 ST,11414,106,OTHER,Street,0.24552855940461302,False,QUEENS,"(40.6727917, -73.8569146)",trafficstat,True,False,False,False,False,False,False,False,True,,,,,,,
2026-09-01,00:00,40.679726,-73.8157706,124 ST,11420,106,OTHER,Street,42.25395291477566,False,QUEENS,"(40.679726, -73.8157706)",trafficstat,False,False,False,False,False,False,False,False,False,,,,,,,
2026-09-01,00:00,40.6805936,-73.8431468,96 ST,11417,106,UNKNOWN,Street,1.0401367900973106,False,QUEENS,"(40.6805936, -73.8431468)",trafficstat,False,False,False,False,False,False,False,False,False,,,,,,,
2026-09-01,00:00,40.6788517,-73.8341088,CENTREVILLE ST,11417,106,UNKNOWN,Street,2.628940993091455,False,QUEENS,"(40.6788517, -73.8341088)",trafficstat,True,False,True,False,False,False,False,False,False,,,,,,,
2026-09-01,00:00,40.663186,-73.8491027,SHORE PKWY,11414,106,OTHER,Street,2.4733379785344938,False,QUEENS,"(40.663186, -73.8491027)",trafficstat,True,False,False,False,False,False,False,False,True,,,,,,,
2026-08-09,00:00,40.663186,-73.8491027,SHORE PKWY,11414,106,UNKNOWN,Street,2.4733379785344938,False,QUEENS,"(40.663186, -73.8491027)",trafficstat,False,False,False,False,False,False,False,False,False,,,,,,,
2026-09-01,00:00,40.6655959,-73.8313172,BELT PKWY,11430,106,UNKNOWN,Highway,3.2125262064568703,False,QUEENS,"(40.6655959, -73.8313172)",trafficstat,False,False,False,False,False,False,False,False,False,,,,,,,
2026-08-31,00:00,40.666397,-73.8348787,COHANCY ST,11417,106,UNKNOWN,Bridge,0.6415647692145009,False,QUEENS,"(40.666397, -73.8348787)",trafficstat,False,False,False,False,False,False,False,False,False,,,,,,,
2026-08-27,00:00,40.666397,-73.8348787,COHANCY ST,11417,106,OTHER,Bridge,0.6415647692145009,False,QUEENS,"(40.666397, -73.8348787)",trafficstat,True,False,False,False,False,False,False,False,True,,,,,,,
2026-08-19,00:00,40.666397,-73.8348787,COHANCY ST,11417,106,UNKNOWN,Bridge,0.6415647692145009,False,QUEENS,"(40.666397, -73.8348787)",trafficstat,False,False,False,False,False,False,False,False,False,,,,,,,
2026-08-12,00:00,40.666397,-73.8348787,COHANCY ST,11417,106,UNKNOWN,Bridge,0.6415647692145009,False,QUEENS,"(40.666397, -73.8348787)",trafficstat,True,False,False,False,False,False,False,True,True,,,,,,,
2026-08-31,00:00,40.6859377,-73.8259387,117 ST,11419,106,OTHER,Street,0.87582274310297,False,QUEENS,"(40.6859377, -73.8259387)",trafficstat,True,False,False,False,False,False,False,False,True,,,,,,,
2026-08-30,00:00,40.6887739,-73.817627,LIBERTY AVE,11419,106,UNKNOWN,Street,2.5303611543081623,False,QUEENS,"(40.6887739, -73.817627)",trafficstat,False,False,False,False,False,False,False,False,False,,,,,,,
2026-08-30,00:00,40.6659439,-73.8166152,N  CONDUIT AVE,11420,106,UNKNOWN,Street,2.7011228870514623,False,QUEENS,"(40.6659439, -73.8166152)",trafficstat,False,False,False,False,False,False,False,False,False,,,,,,,
2026-08-30,00:00,40.6710263,-73.8398745,96 ST,11417,106,UNKNOWN,Street,0.14022541762065255,False,QUEENS,"(40.6710263, -73.8398745)",trafficstat,True,False,False,False,False,False,False,True,False,,,,,,,
2026-08-30,00:00,40.6784898,-73.8278661,111 ST,11420,106,UNKNOWN,Street,52.850949511242774,False,QUEENS,"(40.6784898, -73.8278661)",trafficstat,True,False,False,False,False,False,False,True,False,,,,,,,
2026-08-30,00:00,40.6782865,-73.8099417,130 ST,11420,106,UNKNOWN,Street,53.672682479200745,False,QUEENS,"(40.6782865, -73.8099417)",trafficstat,False,False,False,False,False,False,False,False,False,,,,,,,
2026-08-29,00:00,40.6802569,-73.8210642,LEFFERTS BLVD,11420,106,UNKNOWN,Street,44.64801670653899,False,QUEENS,"(40.6802569, -73.8210642)",trafficstat,False,False,False,False,False,False,False,False,False,,,,,,,
2026-08-29,00:00,40.67622,-73.8263601,,,106,UNKNOWN,,386.35926917410166,False,QUEENS,"(40.67622, -73.8263601)",trafficstat,False,False,False,False,False,False,False,False,False,,,,,,,
2026-08-29,00:00,40.6501537,-73.8373459,CROSS BAY BLVD,11414,106,UNKNOWN,Street,53.83679312913865,False,QUEENS,"(40.6501537, -73.8373459)",trafficstat,False,False,False,False,False,False,False,False,False,,,,,,,
2026-07-24,00:00,40.6501537,-73.8373459,CROSS BAY BLVD,11414,106,OTHER,Street,53.83679312913865,False,QUEENS,"(40.6501537, -73.8373459)",trafficstat,False,False,False,False,False,False,False,False,False,,,,,,,
2026-08-28,00:00,40.658304,-73.833868,99 ST,11414,106,UNKNOWN,Street,0.012543107800900491,False,QUEENS,"(40.658304, -73.833868)",trafficstat,False,False,False,False,False,False,False,False,False,,,,,,,
2026-08-28,00:00,40.6591743,-73.8398633,159 AVE,11414,106,UNKNOWN,Street,3.0038246016117562,False,QUEENS,"(40.6591743, -73.8398633)",trafficstat,True,False,False,False,False,False,False,False,False,,,,,,,
2026-08-28,00:00,40.66036,-73.8309266,ALLEY,11414,106,UNKNOWN,Alley,35.486485965749985,False,QUEENS,"(40.66036, -73.8309266)",trafficstat,False,False,False,False,False,False,False,False,False,,,,,,,
2026-08-28,00:00,40.6713647,-73.8148051,124 ST,11420,106,UNKNOWN,Street,0.5308641794672,False,QUEENS,"(40.6713647, -73.8148051)",trafficstat,False,False,False,False,False,False,False,False,False,,,,,,,
2026-08-28,00:00,40.6704255,-73.8123845,127 ST,11420,106,OTHER,Street,47.39627726632282,False,QUEENS,"(40.6704255, -73.8123845)",trafficstat,True,False,False,False,False,False,False,True,False,,,,,,,
2026-08-28,00:00,40.682243,-73.822213,LEFFERTS BLVD,11420,106,UNKNOWN,Street,1.2734730755521748,False,QUEENS,"(40.682243, -73.822213)",trafficstat,False,False,False,False,False,False,False,False,False,,,,,,,
2026-08-28,00:00,40.6828046,-73.806221,VAN WYCK EXPY,11420,106,UNKNOWN,Street,0.9358918414713495,False,QUEENS,"(40.6828046, -73.806221)",trafficstat,False,False,False,False,False,False,False,False,False,,,,,,,
2026-08-28,00:00,40.6839715,-73.8317312,110 ST,11419,106,UNKNOWN,Street,48.590044182721364,False,QUEENS,"(40.6839715, -73.8317312)",trafficstat,False,False,False,False,False,False,False,False,False,,,,,,,
2026-08-27,00:00,40.678749,-73.820499,LEFFERTS BLVD,11420,106,OTHER,Street,0.5226355855918039,False,QUEENS,"(40.678749, -73.820499)",trafficstat,True,False,False,False,False,False,False,False,True,,,,,,,
2026-06-16,00:00,40.678749,-73.820499,LEFFERTS BLVD,11420,106,UNKNOWN,Street,0.5226355855918039,False,QUEENS,"(40.678749, -73.820499)",trafficstat,True,False,False,False,True,False,False,False,False,,,,,,,
2026-08-27,00:00,40.6790348,-73.8335026,106 ST,11417,106,UNKNOWN,Street,0.9404574135289058,False,QUEENS,"(40.6790348, -73.8335026)",trafficstat,True,False,False,False,False,False,False,True,False,,,,,,,
2026-08-27,00:00,40.6698783,-73.8474041,88 ST,11414,106,UNKNOWN,Street,0.29286010034157484,False,QUEENS,"(40.6698783, -73.8474041)",trafficstat,True,False,False,False,False,False,False,False,True,,,,,,,
2026-08-27,00:00,40.6663942,-73.8017715,VAN WYCK EXPY,11430,106,OTHER,Highway,1.1895059995416066,False,QUEENS,"(40.6663942, -73.8017715)",trafficstat,False,False,False,False,False,False,False,False,False,,,,,,,
2026-07-04,00:00,40.6663942,-73.8017715,VAN WYCK EXPY,11430,106,UNKNOWN,Highway,1.1895059995416066,False,QUEENS,"(40.6663942, -73.8017715)",trafficstat,False,False,False,False,False,False,False,False,False,,,,,,,