crash_date,crash_time,latitude,longitude,on_street_name,zip_code,precinct,collision_type,roadway_type,geocode_dist_feet,time_is_known,borough,location,source,injury,fatality,injured_pedestrian,injured_cyclist,injured_ebike_rider,injured_motorcyclist,injured_moped_rider,injured_car_occupant,injured_suv_occupant,number_of_persons_injured,number_of_persons_killed,contributing_factor_vehicle_1,collision_id,cross_street_name,off_street_name,vehicle_type_code1
2026-08-27,00:00,40.6666991,-73.8117267,BELT PKWY,11430,106,OTHER,Highway,0.2458655786547148,False,QUEENS,"(40.6666991, -73.8117267)",trafficstat,False,False,False,False,False,False,False,False,False,,,,,,,
2026-06-29,00:00,40.6666991,-73.8117267,BELT PKWY,11430,106,UNKNOWN,Highway,0.2458655786547148,False,QUEENS,"(40.6666991, -73.8117267)",trafficstat,False,False,False,False,False,False,False,False,False,,,,,,,
2026-08-27,00:00,40.6634112,-73.8412168,CROSS BAY BLVD,11414,106,UNKNOWN,Street,49.518827686009736,False,QUEENS,"(40.6634112, -73.8412168)",trafficstat,True,False,False,False,False,False,False,True,False,,,,,,,
2026-08-26,00:00,40.6752708,-73.8115569,ROCKAWAY BLVD,11420,106,UNKNOWN,Street,2.6033497312405265,False,QUEENS,"(40.6752708, -73.8115569)",trafficstat,False,False,False,False,False,False,False,False,False,,,,,,,
2026-08-26,00:00,40.6716943,-73.8166283,122 PL,11420,106,OTHER,Street,1.283090086609923,False,QUEENS,"(40.6716943, -73.8166283)",trafficstat,False,False,False,False,False,False,False,False,False,,,,,,,
2026-08-26,00:00,40.6729616,-73.8332327,UNNAMED ST,11420,106,UNKNOWN,Street,290.4150391268102,False,QUEENS,"(40.6729616, -73.8332327)",trafficstat,True,False,False,False,False,False,False,True,True,,,,,,,
2026-07-22,00:00,40.6729616,-73.8332327,UNNAMED ST,11420,106,UNKNOWN,Street,290.4150391268102,False,QUEENS,"(40.6729616, -73.8332327)",trafficstat,True,False,False,True,False,False,False,False,False,,,,,,,
2026-07-06,00:00,40.6729616,-73.8332327,UNNAMED ST,11420,106,OTHER,Street,290.4150391268102,False,QUEENS,"(40.6729616, -73.8332327)",trafficstat,False,False,False,False,False,False,False,False,False,,,,,,,
2026-07-02,00:00,40.6729616,-73.8332327,UNNAMED ST,11420,106,OTHER,Street,290.4150391268102,False,QUEENS,"(40.6729616, -73.8332327)",trafficstat,True,False,False,False,False,False,False,False,True,,,,,,,
2026-06-18,00:00,40.6729616,-73.8332327,UNNAMED ST,11420,106,UNKNOWN,Street,290.4150391268102,False,QUEENS,"(40.6729616, -73.8332327)",trafficstat,True,False,True,False,False,False,False,False,False,,,,,,,
2026-06-13,00:00,40.6729616,-73.8332327,UNNAMED ST,11420,106,UNKNOWN,Street,290.4150391268102,False,QUEENS,"(40.6729616, -73.8332327)",trafficstat,True,False,False,False,False,False,False,True,False,,,,,,,
2026-08-26,00:00,40.6796548,-73.8506586,88 ST,11417,106,UNKNOWN,Street,30.49932093493905,False,QUEENS,"(40.6796548, -73.8506586)",trafficstat,False,False,False,False,False,False,False,False,False,,,,,,,
2026-08-26,00:00,40.6807,-73.8446428,ROCKAWAY BLVD,11417,106,UNKNOWN,Street,2.9048201837731598,False,QUEENS,"(40.6807, -73.8446428)",trafficstat,False,False,False,False,False,False,False,False,False,,,,,,,
2026-08-25,00:00,40.6556887,-73.8400374,92 ST,11414,106,OTHER,Street,0.6804679997247185,False,QUEENS,"(40.6556887, -73.8400374)",trafficstat,False,False,False,False,False,False,False,False,False,,,,,,,
2026-08-24,00:00,40.6650045,-73.8440536,BELT PKWY,11414,106,UNKNOWN,Highway,6.0085253652714865,False,QUEENS,"(40.6650045, -73.8440536)",trafficstat,False,False,False,False,False,False,False,False,False,,,,,,,
2026-08-12,00:00,40.6650045,-73.8440536,BELT PKWY,11414,106,UNKNOWN,Highway,6.0085253652714865,False,QUEENS,"(40.6650045, -73.8440536)",trafficstat,False,False,False,False,False,False,False,False,False,,,,,,,
2026-08-23,00:00,40.6659184,-73.8213157,N  CONDUIT AVE,11420,106,UNKNOWN,Street,2.5038299596841744,False,QUEENS,"(40.6659184, -73.8213157)",trafficstat,False,False,False,False,False,False,False,False,False,,,,,,,
2026-08-23,00:00,40.6851324,-73.8160427,127 ST,11419,106,UNKNOWN,Street,20.201213131289983,False,QUEENS,"(40.6851324, -73.8160427)",trafficstat,True,False,True,False,False,False,False,False,False,,,,,,,
2026-08-23,00:00,40.6889329,-73.8210225,103 AVE,11419,106,UNKNOWN,Street,55.198456497191955,False,QUEENS,"(40.6889329, -73.8210225)",trafficstat,False,False,False,False,False,False,False,False,False,,,,,,,
2026-08-22,00:00,40.6883316,-73.8218587,123 ST,11419,106,OTHER,Street,56.305138077493595,False,QUEENS,"(40.6883316, -73.8218587)",trafficstat,False,False,False,False,False,False,False,False,False,,,,,,,
2026-08-22,00:00,40.66525,-73.80203,NASSAU EXPY,11430,106,UNKNOWN,Highway,2.2887103504108284,False,QUEENS,"(40.66525, -73.80203)",trafficstat,False,False,False,False,False,False,False,False,False,,,,,,,
2026-08-22,00:00,40.6569097,-73.8352626,97 ST,11414,106,UNKNOWN,Street,45.67295478251016,False,QUEENS,"(40.6569097, -73.8352626)",trafficstat,False,False,False,False,False,False,False,False,False,,,,,,,
2026-08-21,00:00,40.6569097,-73.8352626,97 ST,11414,106,UNKNOWN,Street,45.67295478251016,False,QUEENS,"(40.6569097, -73.8352626)",trafficstat,True,False,False,False,False,False,False,True,False,,,,,,,
2026-08-22,00:00,40.6675148,-73.8104162,130 ST,11420,106,OTHER,Street,61.036028178674734,False,QUEENS,"(40.6675148, -73.8104162)",trafficstat,True,False,False,False,False,False,False,True,True,,,,,,,
2026-08-21,00:00,40.6801079,-73.8424283,ROCKAWAY BLVD,11417,106,UNKNOWN,Street,97.67825695303503,False,QUEENS,"(40.6801079, -73.8424283)",trafficstat,True,False,False,False,False,False,False,True,False,,,,,,,
2026-08-06,00:00,40.6801079,-73.8424283,ROCKAWAY BLVD,11417,106,OTHER,Street,97.67825695303503,False,QUEENS,"(40.6801079, -73.8424283)",trafficstat,True,False,True,False,False,False,False,False,False,,,,,,,
2026-08-21,00:00,40.6722732,-73.82214,117 ST,11420,106,UNKNOWN,Street,44.27713044414661,False,QUEENS,"(40.6722732, -73.82214)",trafficstat,False,False,False,False,False,False,False,False,False,,,,,,,
2026-08-20,00:00,40.6692897,-73.8424344,N  CONDUIT AVE,11417,106,UNKNOWN,Street,2.6640007045199434,False,QUEENS,"(40.6692897, -73.8424344)",trafficstat,False,False,False,False,False,False,False,False,False,,,,,,,
2026-08-20,00:00,40.6710809,-73.8076945,131 ST,11420,106,UNKNOWN,Street,49.328883005253196,False,QUEENS,"(40.6710809, -73.8076945)",trafficstat,False,False,False,False,False,False,False,False,False,,,,,,,
2026-08-20,00:00,40.6799662,-73.8188805,121 ST,11420,106,UNKNOWN,Street,44.81725921504455,False,QUEENS,"(40.6799662, -73.8188805)",trafficstat,False,False,False,False,False,False,False,False,False,,,,,,,
2026-08-20,00:00,40.6666174,-73.8104639,130 ST,11430,106,UNKNOWN,Street,1.25847532105193,False,QUEENS,"(40.6666174, -73.8104639)",trafficstat,False,False,False,False,False,False,False,False,False,,,,,,,
2026-06-17,00:00,40.6666174,-73.8104639,130 ST,11430,106,UNKNOWN,Street,1.25847532105193,False,QUEENS,"(40.6666174, -73.8104639)",trafficstat,True,False,False,False,False,False,False,True,False,,,,,,,
2026-08-20,00:00,40.6736966,-73.8091673,CEDRIC RD,11420,106,UNKNOWN,Street,51.33293446696071,False,QUEENS,"(40.6736966, -73.8091673)",trafficstat,False,False,False,False,False,False,False,False,False,,,,,,,
2026-08-19,00:00,40.6637433,-73.8513346,155 AVE,11414,106,OTHER,Street,254.50122367293048,False,QUEENS,"(40.6637433, -73.8513346)",trafficstat,False,False,False,False,False,False,False,False,False,,,,,,,
2026-08-19,00:00,40.6777329,-73.8280515,ROCKAWAY BLVD,11420,106,UNKNOWN,Street,54.84866119945112,False,QUEENS,"(40.6777329, -73.8280515)",trafficstat,True,False,False,False,False,False,False,True,False,,,,,,,
2026-08-19,00:00,40.6862342,-73.8241747,LEFFERTS BLVD,11419,106,UNKNOWN,Street,1.0813824232479197,False,QUEENS,"(40.6862342, -73.8241747)",trafficstat,True,False,False,False,False,False,False,False,False,,,,,,,
2026-06-14,00:00,40.6862342,-73.8241747,LEFFERTS BLVD,11419,106,UNKNOWN,Street,1.0813824232479197,False,QUEENS,"(40.6862342, -73.8241747)",trafficstat,True,False,False,False,False,True,False,False,False,,,,,,,
2026-08-18,00:00,40.6736107,-73.8448615,DESARC RD,11417,106,UNKNOWN,Street,32.70279922347488,False,QUEENS,"(40.6736107, -73.8448615)",trafficstat,False,False,False,False,False,False,False,False,False,,,,,,,
2026-08-18,00:00,40.6770475,-73.8054626,134 ST,11420,106,UNKNOWN,Street,1.2600824054162114,False,QUEENS,"(40.6770475, -73.8054626)",trafficstat,True,False,False,False,False,False,False,True,False,,,,,,,
2026-08-18,00:00,40.6821069,-73.845833,94 ST,11417,106,UNKNOWN,Street,0.8301998798211232,False,QUEENS,"(40.6821069, -73.845833)",trafficstat,False,False,False,False,False,False,False,False,False,,,,,,,
2026-08-18,00:00,40.6592412,-73.8398047,CROSS BAY BLVD,11414,106,UNKNOWN,Street,5.464969992388707,False,QUEENS,"(40.6592412, -73.8398047)",trafficstat,False,False,False,False,False,False,False,False,False,,,,,,,
2026-08-17,00:00,40.6705229,-73.8102473,129 ST,11420,106,OTHER,Street,1.0949706611985757,False,QUEENS,"(40.6705229, -73.8102473)",trafficstat,False,False,False,False,False,False,False,False,False,,,,,,,
2026-08-17,00:00,40.6671158,-73.8346499,COHANCY ST,11417,106,UNKNOWN,Bridge,0.9311037378157054,False,QUEENS,"(40.6671158, -73.8346499)",trafficstat,False,False,False,False,False,False,False,False,False,,,,,,,
2026-07-28,00:00,40.6671158,-73.8346499,COHANCY ST,11417,106,OTHER,Bridge,0.9311037378157054,False,QUEENS,"(40.6671158, -73.8346499)",trafficstat,False,False,False,False,False,False,False,False,False,,,,,,,
2026-08-17,00:00,40.6803149,-73.842019,97 ST,11417,106,UNKNOWN,Street,0.5243093871713992,False,QUEENS,"(40.6803149, -73.842019)",trafficstat,False,False,False,False,False,False,False,False,False,,,,,,,
2026-07-09,00:00,40.6803149,-73.842019,97 ST,11417,106,UNKNOWN,Street,0.5243093871713992,False,QUEENS,"(40.6803149, -73.842019)",trafficstat,False,False,False,False,False,False,False,False,False,,,,,,,
2026-08-16,00:00,40.6857512,-73.8263814,LIBERTY AVE,11419,106,UNKNOWN,Street,52.571805529784584,False,QUEENS,"(40.6857512, -73.8263814)",trafficstat,True,False,False,True,False,False,False,True,False,,,,,,,
2026-08-16,00:00,40.6916301,-73.811864,135 ST,11419,106,UNKNOWN,Street,1.0521780091100152,False,QUEENS,"(40.6916301, -73.811864)",trafficstat,True,False,False,False,False,False,False,True,False,,,,,,,
2026-08-15,00:00,40.6729806,-73.8102827,128 ST,11420,106,UNKNOWN,Street,45.326917539676295,False,QUEENS,"(40.6729806, -73.8102827)",trafficstat,False,False,False,False,False,False,False,False,False,,,,,,,
2026-08-15,00:00,40.6907331,-73.8139591,LIBERTY AVE,11419,106,UNKNOWN,Street,18.44368103231299,False,QUEENS,"(40.6907331, -73.8139591)",trafficstat,False,False,False,False,False,False,False,False,False,,,,,,,
2026-08-15,00:00,40.6807552,-73.8134414,127 ST,11420,106,OTHER,Street,0.9471893944401857,False,QUEENS,"(40.6807552, -73.8134414)",trafficstat,True,False,False,True,False,False,False,False,False,,,,,,,
2026-08-15,00:00,40.6789359,-73.8370679,103 ST,11417,106,UNKNOWN,Street,244.3684439246651,False,QUEENS,"(40.6789359, -73.8370679)",trafficstat,True,False,False,False,False,False,False,True,False,,,,,,,
2026-08-15,00:00,40.6804618,-73.843075,96 ST,11417,106,OTHER,Street,1.1426767978958101,False,QUEENS,"(40.6804618, -73.843075)",trafficstat,False,False,False,False,False,False,False,False,False,,,,,,,
2026-08-14,00:00,40.6809608,-73.8116944,130 ST,11420,106,UNKNOWN,Street,60.80166874711159,False,QUEENS,"(40.6809608, -73.8116944)",trafficstat,False,False,False,False,False,False,False,False,False,,,,,,,
2026-08-14,00:00,40.6816704,-73.8377974,103 ST,11417,106,UNKNOWN,Street,0.7566330330041293,False,QUEENS,"(40.6816704, -73.8377974)",trafficstat,True,False,False,True,False,False,False,False,False,,,,,,,
2026-08-14,00:00,40.6824606,-73.8300148,111 ST,11419,106,OTHER,Street,0.4131544328164885,False,QUEENS,"(40.6824606, -73.8300148)",trafficstat,True,False,False,False,False,False,False,False,True,,,,,,,
2026-08-14,00:00,40.6716311,-73.8528976,S  CONDUIT AVE,11414,106,UNKNOWN,Street,2.092053698583631,False,QUEENS,"(40.6716311, -73.8528976)",trafficstat,True,False,False,False,False,False,False,True,False,,,,,,,
2026-08-02,00:00,40.6716311,-73.8528976,S  CONDUIT AVE,11414,106,UNKNOWN,Street,2.092053698583631,False,QUEENS,"(40.6716311, -73.8528976)",trafficstat,False,False,False,False,False,False,False,False,False,,,,,,,
2026-08-14,00:00,40.6630618,-73.8485601,BELT PKWY,11414,106,UNKNOWN,Highway,1.2545662360938123,False,QUEENS,"(40.6630618, -73.8485601)",trafficstat,True,False,False,False,False,False,False,True,False,,,,,,,
2026-08-13,00:00,40.6784071,-73.8322063,107 ST,11417,106,UNKNOWN,Street,1.0265967849117756,False,QUEENS,"(40.6784071, -73.8322063)",trafficstat,False,False,False,False,False,False,False,False,False,,,,,,,
2026-08-07,00:00,40.6784071,-73.8322063,107 ST,11417,106,UNKNOWN,Street,1.0265967849117756,False,QUEENS,"(40.6784071, -73.8322063)",trafficstat,True,False,False,False,False,False,False,False,False,,,,,,,
2026-08-12,00:00,40.6740265,-73.8522542,84 ST,11417,106,UNKNOWN,Street,0.6831657175423674,False,QUEENS,"(40.6740265, -73.8522542)",trafficstat,True,False,False,False,False,False,False,True,False,,,,,,,
2026-08-12,00:00,40.667075,-73.8034659,135 ST,11420,106,UNKNOWN,Street,3.3022143413066587,False,QUEENS,"(40.667075, -73.8034659)",trafficstat,False,False,False,False,False,False,False,False,False,,,,,,,
2026-08-12,00:00,40.6854566,-73.8322598,110 ST,11419,106,UNKNOWN,Street,37.03968165301617,False,QUEENS,"(40.6854566, -73.8322598)",trafficstat,False,False,False,False,False,False,False,False,False,,,,,,,
2026-08-11,00:00,40.6649623,-73.8412912,SHORE PKWY,11414,106,OTHER,Street,3.1452591515975508,False,QUEENS,"(40.6649623, -73.8412912)",trafficstat,True,False,False,False,False,False,True,False,True,,,,,,,
2026-07-23,00:00,40.6649623,-73.8412912,SHORE PKWY,11414,106,UNKNOWN,Street,3.1452591515975508,False,QUEENS,"(40.6649623, -73.8412912)",trafficstat,False,False,False,False,False,False,False,False,False,,,,,,,
2026-08-10,00:00,40.6649251,-73.8351416,COHANCY ST,11414,106,UNKNOWN,Street,54.140318969748876,False,QUEENS,"(40.6649251, -73.8351416)",trafficstat,False,False,False,False,False,False,False,False,False,,,,,,,
2026-08-10,00:00,40.6818449,-73.8131507,128 ST,11420,106,UNKNOWN,Street,46.85731753192812,False,QUEENS,"(40.6818449, -73.8131507)",trafficstat,False,False,False,False,False,False,False,False,False,,,,,,,
2026-08-10,00:00,40.6780086,-73.8497361,88 ST,11417,106,UNKNOWN,Street,0.4107248975480452,False,QUEENS,"(40.6780086, -73.8497361)",trafficstat,False,False,False,False,False,False,False,False,False,,,,,,,
2026-08-10,00:00,40.6854,-73.82946,113 ST,11419,106,UNKNOWN,Street,0.8126802315800263,False,QUEENS,"(40.6854, -73.82946)",trafficstat,False,False,False,False,False,False,False,False,False,,,,,,,
2026-08-09,00:00,40.6810892,-73.8463329,93 ST,11417,106,OTHER,Street,0.3626802864085219,False,QUEENS,"(40.6810892, -73.8463329)",trafficstat,True,False,True,False,False,False,False,False,False,,,,,,,
2026-08-09,00:00,40.6763984,-73.825039,114 ST,11420,106,UNKNOWN,Street,44.705353443812754,False,QUEENS,"(40.6763984, -73.825039)",trafficstat,False,False,False,False,False,False,False,False,False,,,,,,,
2026-08-08,00:00,40.679572,-73.8367822,ROCKAWAY BLVD,11417,106,OTHER,Street,2.5589181919427944,False,QUEENS,"(40.679572, -73.8367822)",trafficstat,True,False,True,False,False,False,False,False,False,,,,,,,
2026-08-08,00:00,40.6685812,-73.842227,NASSAU EXPY,11414,106,UNKNOWN,Street,2.6736424889643757,False,QUEENS,"(40.6685812, -73.842227)",trafficstat,False,False,False,False,False,False,False,False,False,,,,,,,
2026-08-08,00:00,40.6667368,-73.8507415,84 ST,11414,106,UNKNOWN,Street,82.17546533830517,False,QUEENS,"(40.6667368, -73.8507415)",trafficstat,True,False,False,False,False,False,False,False,True,,,,,,,
2026-07-23,00:00,40.6667368,-73.8507415,84 ST,11414,106,OTHER,Street,82.17546533830517,False,QUEENS,"(40.6667368, -73.8507415)",trafficstat,False,False,False,False,False,False,False,False,False,,,,,,,
2026-08-08,00:00,40.6822684,-73.8286957,112 ST,11419,106,UNKNOWN,Street,47.39090931596432,False,QUEENS,"(40.6822684, -73.8286957)",trafficstat,True,False,False,False,False,False,False,True,False,,,,,,,
2026-08-08,00:00,40.6884458,-73.8184753,LIBERTY AVE,11419,106,UNKNOWN,Street,2.434517892519368,False,QUEENS,"(40.6884458, -73.8184753)",trafficstat,True,False,False,True,False,False,False,False,False,,,,,,,
2026-08-07,00:00,40.685003,-73.812697,109 AVE,11420,106,OTHER,Street,52.46068583682344,False,QUEENS,"(40.685003, -73.812697)",trafficstat,False,False,False,False,False,False,False,False,False,,,,,,,
2026-08-07,00:00,40.6832316,-73.8377768,104 ST,11417,106,OTHER,Street,50.78867143846588,False,QUEENS,"(40.6832316, -73.8377768)",trafficstat,False,False,False,False,False,False,False,False,False,,,,,,,
2026-08-07,00:00,40.6808043,-73.8207575,111 AVE,11420,106,UNKNOWN,Street,44.08265284958456,False,QUEENS,"(40.6808043, -73.8207575)",trafficstat,False,False,False,False,False,False,False,False,False,,,,,,,
2026-08-06,00:00,40.6625241,-73.8407023,157 AVE,11414,106,OTHER,Street,2.6270808165837836,False,QUEENS,"(40.6625241, -73.8407023)",trafficstat,False,False,False,False,False,False,False,False,False,,,,,,,
2026-08-06,00:00,40.6617882,-73.850686,BELT PKWY,11414,106,UNKNOWN,Highway,2.636765594387154,False,QUEENS,"(40.6617882, -73.850686)",trafficstat,False,False,False,False,False,False,False,False,False,,,,,,,
2026-07-12,00:00,40.6617882,-73.850686,BELT PKWY,11414,106,UNKNOWN,Highway,2.636765594387154,False,QUEENS,"(40.6617882, -73.850686)",trafficstat,True,False,False,False,False,True,False,False,False,,,,,,,
2026-08-05,00:00,40.674587,-73.8592973,SUTTER AVE,11417,106,UNKNOWN,Street,3.465034468569707,False,QUEENS,"(40.674587, -73.8592973)",trafficstat,False,False,False,False,False,False,False,False,False,,,,,,,
2026-08-05,00:00,40.6749968,-73.8085365,130 ST,11420,106,OTHER,Street,0.8915751486632391,False,QUEENS,"(40.6749968, -73.8085365)",trafficstat,True,False,False,False,False,False,False,True,False,,,,,,,
2026-08-05,00:00,40.6852925,-73.822498,120 ST,11419,106,UNKNOWN,Street,43.16574342438777,False,QUEENS,"(40.6852925, -73.822498)",trafficstat,False,False,False,False,False,False,False,False,False,,,,,,,
2026-08-05,00:00,40.6881686,-73.8099338,135 ST,11419,106,OTHER,Street,1.2453540616256256,False,QUEENS,"(40.6881686, -73.8099338)",trafficstat,True,False,False,True,False,False,False,False,False,,,,,,,
2026-08-04,00:00,40.6884713,-73.8087697,VAN WYCK EXPY,11419,106,UNKNOWN,Highway,0.0004963942417916645,False,QUEENS,"(40.6884713, -73.8087697)",trafficstat,True,False,False,False,False,False,False,True,False,,,,,,,
2026-08-04,00:00,40.6866197,-73.8231785,LIBERTY AVE,11419,106,OTHER,Street,3.1826326429524503,False,QUEENS,"(40.6866197, -73.8231785)",trafficstat,True,False,True,False,False,False,False,False,False,,,,,,,
2026-06-15,00:00,40.6866197,-73.8231785,LIBERTY AVE,11419,106,UNKNOWN,Street,3.1826326429524503,False,QUEENS,"(40.6866197, -73.8231785)",trafficstat,True,False,True,False,False,False,False,False,False,,,,,,,
2026-08-04,00:00,40.6740033,-73.8187994,120 ST,11420,106,UNKNOWN,Street,0.5777792341161161,False,QUEENS,"(40.6740033, -73.8187994)",trafficstat,False,False,False,False,False,False,False,False,False,,,,,,,
2026-08-02,00:00,40.6740033,-73.8187994,120 ST,11420,106,UNKNOWN,Street,0.5777792341161161,False,QUEENS,"(40.6740033, -73.8187994)",trafficstat,True,False,False,False,False,False,False,True,False,,,,,,,
2026-08-04,00:00,40.684383,-73.82326,LEFFERTS BLVD,11419,106,UNKNOWN,Street,0.43775369316286455,False,QUEENS,"(40.684383, -73.82326)",trafficstat,True,False,False,False,False,False,True,False,False,,,,,,,
2026-08-04,00:00,40.6798742,-73.8416222,97 ST,11417,106,UNKNOWN,Street,46.43820295077533,False,QUEENS,"(40.6798742, -73.8416222)",trafficstat,True,False,False,False,False,False,False,True,True,,,,,,,
2026-08-03,00:00,40.6840414,-73.8088892,111 AVE,11420,106,UNKNOWN,Street,2.954850165005119,False,QUEENS,"(40.6840414, -73.8088892)",trafficstat,True,False,False,False,False,False,False,True,False,,,,,,,
2026-08-03,00:00,40.6750576,-73.8054864,133 ST,11420,106,UNKNOWN,Street,0.0607714995789529,False,QUEENS,"(40.6750576, -73.8054864)",trafficstat,False,False,False,False,False,False,False,False,False,,,,,,,
2026-08-03,00:00,40.6687265,-73.8214416,LEFFERTS BLVD,11420,106,UNKNOWN,Street,1.2756479019753422,False,QUEENS,"(40.6687265, -73.8214416)",trafficstat,False,False,False,False,False,False,False,False,False,,,,,,,
2026-08-01,00:00,40.6700443,-73.8181072,122 ST,11420,106,OTHER,Street,1.3028707730682638,False,QUEENS,"(40.6700443, -73.8181072)",trafficstat,False,False,False,False,False,False,False,False,False,,,,,,,
2026-08-01,00:00,40.6662272,-73.8063214,BELT PARKWAY EXIT 20 EB,11430,106,UNKNOWN,Ramp,4.497458374406732,False,QUEENS,"(40.6662272, -73.8063214)",trafficstat,True,False,True,False,False,False,False,False,False,,,,,,,
2026-08-01,00:00,40.674175,-73.8197434,LEFFERTS BLVD,11420,106,UNKNOWN,Street,0.881747862953418,False,QUEENS,"(40.674175, -73.8197434)",trafficstat,False,False,False,False,False,False,False,False,False,,,,,,,
2026-06-14,00:00,40.674175,-73.8197434,LEFFERTS BLVD,11420,106,UNKNOWN,Street,0.881747862953418,False,QUEENS,"(40.674175, -73.8197434)",trafficstat,False,False,False,False,False,False,False,False,False,,,,,,,
2026-08-01,00:00,40.6776681,-73.8321921,MURIEL CT,11417,106,UNKNOWN,Street,29.391026065411026,False,QUEENS,"(40.6776681, -73.8321921)",trafficstat,False,False,False,False,False,False,False,False,False,,,,,,,
2026-07-31,00:00,40.6737483,-73.8432314,LINDEN BLVD,11417,106,UNKNOWN,Street,2.892347584557904,False,QUEENS,"(40.6737483, -73.8432314)",trafficstat,True,False,False,False,False,True,False,False,False,,,,,,,
2026-07-31,00:00,40.6823653,-73.8077727,LINCOLN ST,11420,106,UNKNOWN,Street,0.09830857318088226,False,QUEENS,"(40.6823653, -73.8077727)",trafficstat,False,False,False,False,False,False,False,False,False,,,,,,,
2026-07-31,00:00,40.6690675,-73.8017081,VAN WYCK EXPY,11420,106,UNKNOWN,Street,0.8417253633772692,False,QUEENS,"(40.6690675, -73.8017081)",trafficstat,True,False,False,False,False,False,False,True,False,,,,,,,
2026-07-16,00:00,40.6690675,-73.8017081,VAN WYCK EXPY,11420,106,UNKNOWN,Street,0.8417253633772692,False,QUEENS,"(40.6690675, -73.8017081)",trafficstat,True,False,False,False,False,False,False,True,False,,,,,,,
2026-07-31,00:00,40.6881123,-73.8193308,125 ST,11419,106,OTHER,Street,0.4070774235678916,False,QUEENS,"(40.6881123, -73.8193308)",trafficstat,True,False,True,False,False,False,False,False,False,,,,,,,
2026-07-30,00:00,40.6865527,-73.809928,134 ST,11419,106,UNKNOWN,Street,49.37892355697428,False,QUEENS,"(40.6865527, -73.809928)",trafficstat,False,False,False,False,False,False,False,False,False,,,,,,,
2026-07-30,00:00,40.6667534,-73.8015563,N  CONDUIT AVE,11420,106,UNKNOWN,Street,2.9708215049107785,False,QUEENS,"(40.6667534, -73.8015563)",trafficstat,False,False,False,False,False,False,False,False,False,,,,,,,
2026-07-30,00:00,40.6805417,-73.8071686,134 ST,11420,106,UNKNOWN,Street,0.8437292372542345,False,QUEENS,"(40.6805417, -73.8071686)",trafficstat,False,False,False,False,False,False,False,False,False,,,,,,,
2026-07-29,00:00,40.678328,-73.8303396,109 ST,11420,106,UNKNOWN,Street,48.89077612878903,False,QUEENS,"(40.678328, -73.8303396)",trafficstat,False,False,False,False,False,False,False,False,False,,,,,,,
2026-07-29,00:00,40.6715883,-73.8561454,79 ST,11414,106,OTHER,Street,123.94947267041763,False,QUEENS,"(40.6715883, -73.8561454)",trafficstat,False,False,False,False,False,False,False,False,False,,,,,,,
2026-07-29,00:00,40.6723588,-73.8203107,LEFFERTS BLVD,11420,106,UNKNOWN,Street,1.3735932169525453,False,QUEENS,"(40.6723588, -73.8203107)",trafficstat,True,False,False,False,False,False,False,True,False,,,,,,,
2026-07-28,00:00,40.6656865,-73.8204296,N  CONDUIT AVE,11420,106,UNKNOWN,Street,3.16439025226537,False,QUEENS,"(40.6656865, -73.8204296)",trafficstat,True,False,False,False,False,False,False,False,True,,,,,,,
2026-07-07,00:00,40.6656865,-73.8204296,N  CONDUIT AVE,11420,106,UNKNOWN,Street,3.16439025226537,False,QUEENS,"(40.6656865, -73.8204296)",trafficstat,True,False,False,False,False,False,True,False,False,,,,,,,
2026-07-28,00:00,40.6611242,-73.84156,92 ST,11414,106,OTHER,Street,48.03082257412442,False,QUEENS,"(40.6611242, -73.84156)",trafficstat,False,False,False,False,False,False,False,False,False,,,,,,,
2026-07-28,00:00,40.6871958,-73.8092372,135 ST,11419,106,UNKNOWN,Street,52.54321855685002,False,QUEENS,"(40.6871958, -73.8092372)",trafficstat,False,False,False,False,False,False,False,False,False,,,,,,,
2026-07-27,00:00,40.6836842,-73.8379929,104 ST,11417,106,UNKNOWN,Street,49.31888977956642,False,QUEENS,"(40.6836842, -73.8379929)",trafficstat,False,False,False,False,False,False,False,False,False,,,,,,,
2026-07-27,00:00,40.6580404,-73.8357067,97 ST,11414,106,UNKNOWN,Street,0.049619688192948395,False,QUEENS,"(40.6580404, -73.8357067)",trafficstat,True,False,False,False,False,False,False,True,False,,,,,,,
2026-07-27,00:00,40.6670811,-73.810322,130 ST,11430,106,UNKNOWN,Street,0.8453280218053584,False,QUEENS,"(40.6670811, -73.810322)",trafficstat,True,False,False,False,False,False,False,False,False,,,,,,,
2026-06-15,00:00,40.6670811,-73.810322,130 ST,11430,106,UNKNOWN,Street,0.8453280218053584,False,QUEENS,"(40.6670811, -73.810322)",trafficstat,True,False,False,False,False,False,False,False,True,,,,,,,
2026-07-27,00:00,40.6649674,-73.8222497,BELT PKWY,11430,106,UNKNOWN,Highway,1.5420824638588357,False,QUEENS,"(40.6649674, -73.8222497)",trafficstat,True,False,False,False,False,False,False,False,True,,,,,,,