crash_date,crash_time,latitude,longitude,on_street_name,zip_code,precinct,collision_type,roadway_type,geocode_dist_feet,time_is_known,borough,location,source,injury,fatality,injured_pedestrian,injured_cyclist,injured_ebike_rider,injured_motorcyclist,injured_moped_rider,injured_car_occupant,injured_suv_occupant,number_of_persons_injured,number_of_persons_killed,contributing_factor_vehicle_1,collision_id,cross_street_name,off_street_name,vehicle_type_code1
2026-07-26,00:00,40.6696459,-73.8087293,130 PL,11420,106,UNKNOWN,Street,54.41777775713118,False,QUEENS,"(40.6696459, -73.8087293)",trafficstat,False,False,False,False,False,False,False,False,False,,,,,,,
2026-07-26,00:00,40.6745037,-73.8377211,HAWTREE ST,11417,106,UNKNOWN,Street,1.2119563996965723,False,QUEENS,"(40.6745037, -73.8377211)",trafficstat,True,False,False,False,False,True,False,False,False,,,,,,,
2026-07-26,00:00,40.6888382,-73.8218926,123 ST,11419,106,UNKNOWN,Street,0.506849160667903,False,QUEENS,"(40.6888382, -73.8218926)",trafficstat,True,False,False,False,False,False,False,True,True,,,,,,,
2026-07-26,00:00,40.6864517,-73.8158161,128 ST,11419,106,UNKNOWN,Street,0.6228594399466864,False,QUEENS,"(40.6864517, -73.8158161)",trafficstat,True,False,False,False,False,False,False,True,False,,,,,,,
2026-07-25,00:00,40.6871498,-73.8079983,VAN WYCK EXPY,11420,106,UNKNOWN,Highway,3.0839151901430624,False,QUEENS,"(40.6871498, -73.8079983)",trafficstat,False,False,False,False,False,False,False,False,False,,,,,,,
2026-07-25,00:00,40.6785594,-73.8520942,86 ST,11417,106,UNKNOWN,Street,41.989598756504186,False,QUEENS,"(40.6785594, -73.8520942)",trafficstat,False,False,False,False,False,False,False,False,False,,,,,,,
2026-07-25,00:00,40.683313,-73.815861,126 ST,11420,106,OTHER,Street,45.97227851374078,False,QUEENS,"(40.683313, -73.815861)",trafficstat,False,False,False,False,False,False,False,False,False,,,,,,,
2026-07-24,00:00,40.6818727,-73.8399771,101 ST,11417,106,OTHER,Street,39.758529305517925,False,QUEENS,"(40.6818727, -73.8399771)",trafficstat,False,False,False,False,False,False,False,False,False,,,,,,,
2026-07-24,00:00,40.6793467,-73.8595252,78 ST,11417,106,OTHER,Street,0.2278258738824189,False,QUEENS,"(40.6793467, -73.8595252)",trafficstat,True,False,False,False,False,False,False,False,True,,,,,,,
2026-07-24,00:00,40.6722228,-73.8074522,131 ST,11420,106,OTHER,Street,0.6024529838665468,False,QUEENS,"(40.6722228, -73.8074522)",trafficstat,False,False,False,False,False,False,False,False,False,,,,,,,
2026-07-01,00:00,40.6722228,-73.8074522,131 ST,11420,106,UNKNOWN,Street,0.6024529838665468,False,QUEENS,"(40.6722228, -73.8074522)",trafficstat,False,False,False,False,False,False,False,False,False,,,,,,,
2026-07-23,00:00,40.6748962,-73.8074409,131 ST,11420,106,OTHER,Street,0.4857419879465919,False,QUEENS,"(40.6748962, -73.8074409)",trafficstat,True,False,True,False,False,False,False,False,False,,,,,,,
2026-07-23,00:00,40.671364,-73.814804,124 ST,11420,106,UNKNOWN,Street,0.8866956797121398,False,QUEENS,"(40.671364, -73.814804)",trafficstat,True,False,False,False,False,False,False,False,False,,,,,,,
2026-07-23,00:00,40.6690594,-73.8201614,120 ST,11420,106,UNKNOWN,Street,49.00797826392354,False,QUEENS,"(40.6690594, -73.8201614)",trafficstat,False,False,False,False,False,False,False,False,False,,,,,,,
2026-07-22,00:00,40.6675663,-73.8150211,125 ST,11420,106,UNKNOWN,Street,1.0076954246229048,False,QUEENS,"(40.6675663, -73.8150211)",trafficstat,True,False,False,False,False,False,False,False,True,,,,,,,
2026-07-22,00:00,40.6701782,-73.8459398,N  CONDUIT AVE,11417,106,UNKNOWN,Street,3.1242789990888538,False,QUEENS,"(40.6701782, -73.8459398)",trafficstat,True,False,False,False,False,False,False,True,False,,,,,,,
2026-07-21,00:00,40.6769705,-73.8352635,CENTREVILLE ST,11417,106,UNKNOWN,Street,1.3435410765101212,False,QUEENS,"(40.6769705, -73.8352635)",trafficstat,True,False,False,False,False,False,False,False,True,,,,,,,
2026-07-21,00:00,40.6720057,-73.8569582,79 ST,11414,106,UNKNOWN,Street,67.70630816829382,False,QUEENS,"(40.6720057, -73.8569582)",trafficstat,True,False,True,False,False,False,False,False,False,,,,,,,
2026-07-21,00:00,40.6533531,-73.8442236,87 ST,11414,106,OTHER,Street,0.017226241062091554,False,QUEENS,"(40.6533531, -73.8442236)",trafficstat,False,False,False,False,False,False,False,False,False,,,,,,,
2026-07-21,00:00,40.6531515,-73.8335456,98 ST,11414,106,OTHER,Street,0.5424229495710491,False,QUEENS,"(40.6531515, -73.8335456)",trafficstat,True,False,False,False,False,False,False,True,False,,,,,,,
2026-07-21,00:00,40.6621136,-73.8435363,90 ST,11414,106,UNKNOWN,Street,0.2048775569799658,False,QUEENS,"(40.6621136, -73.8435363)",trafficstat,True,False,False,False,False,False,False,False,True,,,,,,,
2026-07-20,00:00,40.667911,-73.8024489,VAN WYCK EXPY,11420,106,UNKNOWN,Street,47.20006518311938,False,QUEENS,"(40.667911, -73.8024489)",trafficstat,False,False,False,False,False,False,False,False,False,,,,,,,
2026-07-20,00:00,40.676738,-73.8437255,SUTTER AVE,11417,106,UNKNOWN,Street,3.168404975022289,False,QUEENS,"(40.676738, -73.8437255)",trafficstat,False,False,False,False,False,False,False,False,False,,,,,,,
2026-07-20,00:00,40.6773306,-73.805013,FOCH BLVD,11420,106,UNKNOWN,Street,50.284143039345174,False,QUEENS,"(40.6773306, -73.805013)",trafficstat,False,False,False,False,False,False,False,False,False,,,,,,,
2026-07-20,00:00,40.6751286,-73.8192471,LEFFERTS BLVD,11420,106,UNKNOWN,Street,54.892047948335,False,QUEENS,"(40.6751286, -73.8192471)",trafficstat,False,False,False,False,False,False,False,False,False,,,,,,,
2026-07-19,00:00,40.6763261,-73.8174267,121 ST,11420,106,UNKNOWN,Street,33.2947853802493,False,QUEENS,"(40.6763261, -73.8174267)",trafficstat,False,False,False,False,False,False,False,False,False,,,,,,,
2026-07-19,00:00,40.6805684,-73.8509923,88 ST,11417,106,OTHER,Street,1.0836051367046204,False,QUEENS,"(40.6805684, -73.8509923)",trafficstat,True,False,False,False,False,False,False,False,False,,,,,,,
2026-07-19,00:00,40.6722385,-73.8053937,133 ST,11420,106,UNKNOWN,Street,0.28925694190694184,False,QUEENS,"(40.6722385, -73.8053937)",trafficstat,False,False,False,False,False,False,False,False,False,,,,,,,
2026-07-19,00:00,40.6860879,-73.8255885,LIBERTY AVE,11419,106,UNKNOWN,Street,38.65339263604686,False,QUEENS,"(40.6860879, -73.8255885)",trafficstat,False,False,False,False,False,False,False,False,False,,,,,,,
2026-07-18,00:00,40.6723002,-73.8421029,94 ST,11417,106,UNKNOWN,Street,0.6302365570623885,False,QUEENS,"(40.6723002, -73.8421029)",trafficstat,True,False,False,False,False,False,False,True,False,,,,,,,
2026-07-18,00:00,40.664628,-73.8499177,84 ST,11414,106,UNKNOWN,Street,0.05220062377100322,False,QUEENS,"(40.664628, -73.8499177)",trafficstat,False,False,False,False,False,False,False,False,False,,,,,,,
2026-07-18,00:00,40.6829685,-73.8282323,113 ST,11419,106,OTHER,Street,0.9428925727226466,False,QUEENS,"(40.6829685, -73.8282323)",trafficstat,True,False,False,False,False,False,False,True,False,,,,,,,
2026-07-17,00:00,40.6800073,-73.8394322,ROCKAWAY BLVD,11417,106,UNKNOWN,Street,17.962490748059928,False,QUEENS,"(40.6800073, -73.8394322)",trafficstat,True,False,False,False,False,False,False,False,True,,,,,,,
2026-07-17,00:00,40.6780092,-73.8160954,123 ST,11420,106,OTHER,Street,0.6133388618469848,False,QUEENS,"(40.6780092, -73.8160954)",trafficstat,True,False,False,False,False,False,False,True,False,,,,,,,
2026-07-17,00:00,40.6580822,-73.839304,CROSS BAY BLVD,11414,106,UNKNOWN,Street,54.34260745777208,False,QUEENS,"(40.6580822, -73.839304)",trafficstat,False,False,False,False,False,False,False,False,False,,,,,,,
2026-07-16,00:00,40.6804987,-73.821356,LEFFERTS BLVD,11420,106,UNKNOWN,Street,0.3840721228044055,False,QUEENS,"(40.6804987, -73.821356)",trafficstat,True,False,False,True,False,False,False,False,False,,,,,,,
2026-07-16,00:00,40.6811995,-73.845224,94 ST,11417,106,OTHER,Street,41.892761426996714,False,QUEENS,"(40.6811995, -73.845224)",trafficstat,True,False,False,False,False,False,False,True,False,,,,,,,
2026-07-16,00:00,40.6767563,-73.8205008,118 ST,11420,106,UNKNOWN,Street,0.47659779148030446,False,QUEENS,"(40.6767563, -73.8205008)",trafficstat,True,False,False,False,False,False,False,True,False,,,,,,,
2026-07-15,00:00,40.6612542,-73.8374578,96 ST,11414,106,UNKNOWN,Street,0.4028752928040347,False,QUEENS,"(40.6612542, -73.8374578)",trafficstat,False,False,False,False,False,False,False,False,False,,,,,,,
2026-07-15,00:00,40.664627,-73.849915,84 ST,11414,106,UNKNOWN,Street,0.5985327701160018,False,QUEENS,"(40.664627, -73.849915)",trafficstat,False,False,False,False,False,False,False,False,False,,,,,,,
2026-07-15,00:00,40.6668945,-73.8054526,N  CONDUIT AVE,11420,106,OTHER,Street,3.469582780640142,False,QUEENS,"(40.6668945, -73.8054526)",trafficstat,True,False,False,False,False,False,False,True,False,,,,,,,
2026-06-27,00:00,40.6668945,-73.8054526,N  CONDUIT AVE,11420,106,UNKNOWN,Street,3.469582780640142,False,QUEENS,"(40.6668945, -73.8054526)",trafficstat,True,False,False,False,False,False,False,True,False,,,,,,,
2026-07-14,00:00,40.6641935,-73.8411164,156 AVE,11414,106,UNKNOWN,Street,3.021472255634875,False,QUEENS,"(40.6641935, -73.8411164)",trafficstat,False,False,False,False,False,False,False,False,False,,,,,,,
2026-07-07,00:00,40.6641935,-73.8411164,156 AVE,11414,106,UNKNOWN,Street,3.021472255634875,False,QUEENS,"(40.6641935, -73.8411164)",trafficstat,False,False,False,False,False,False,False,False,False,,,,,,,
2026-07-13,00:00,40.6667872,-73.8389957,BELT PKWY,11414,106,OTHER,Highway,0.7829311748255773,False,QUEENS,"(40.6667872, -73.8389957)",trafficstat,False,False,False,False,False,False,False,False,False,,,,,,,
2026-06-13,00:00,40.6667872,-73.8389957,BELT PKWY,11414,106,OTHER,Highway,0.7829311748255773,False,QUEENS,"(40.6667872, -73.8389957)",trafficstat,True,False,False,False,False,True,False,False,False,,,,,,,
2026-07-13,00:00,40.677304,-73.8045606,135 ST,11420,106,OTHER,Street,0.7123298184681934,False,QUEENS,"(40.677304, -73.8045606)",trafficstat,False,False,False,False,False,False,False,False,False,,,,,,,
2026-07-13,00:00,40.6893572,-73.8135525,132 ST,11419,106,UNKNOWN,Street,40.64660255782745,False,QUEENS,"(40.6893572, -73.8135525)",trafficstat,False,False,False,False,False,False,False,False,False,,,,,,,
2026-07-12,00:00,40.6879509,-73.8250103,LEFFERTS BLVD,11419,106,OTHER,Street,0.6448380628680063,False,QUEENS,"(40.6879509, -73.8250103)",trafficstat,True,False,False,False,False,False,False,True,False,,,,,,,
2026-07-11,00:00,40.6792792,-73.8604664,77 ST,11417,106,UNKNOWN,Street,0.12274735160908856,False,QUEENS,"(40.6792792, -73.8604664)",trafficstat,True,False,False,False,False,False,False,True,False,,,,,,,
2026-07-11,00:00,40.6707792,-73.8478707,N  CONDUIT AVE,11417,106,UNKNOWN,Street,2.795676982010367,False,QUEENS,"(40.6707792, -73.8478707)",trafficstat,True,False,False,False,False,False,False,True,False,,,,,,,
2026-07-11,00:00,40.655834,-73.83904,161 AVE,11414,106,UNKNOWN,Street,2.3725323944951486,False,QUEENS,"(40.655834, -73.83904)",trafficstat,True,False,False,False,False,False,False,True,False,,,,,,,
2026-07-10,00:00,40.6652788,-73.8060304,134 ST,11430,106,OTHER,Street,1.151721431498453,False,QUEENS,"(40.6652788, -73.8060304)",trafficstat,False,False,False,False,False,False,False,False,False,,,,,,,
2026-07-10,00:00,40.6855416,-73.8294156,113 ST,11419,106,UNKNOWN,Street,29.412512981734885,False,QUEENS,"(40.6855416, -73.8294156)",trafficstat,False,False,False,False,False,False,False,False,False,,,,,,,
2026-07-08,00:00,40.6637199,-73.8323334,102 ST,11414,106,OTHER,Street,0.6240073378028945,False,QUEENS,"(40.6637199, -73.8323334)",trafficstat,True,False,True,False,False,False,False,False,False,,,,,,,
2026-07-08,00:00,40.6621262,-73.8552578,78 ST,11414,106,UNKNOWN,Street,0.4850647835386119,False,QUEENS,"(40.6621262, -73.8552578)",trafficstat,True,False,False,True,False,False,False,False,False,,,,,,,
2026-07-08,00:00,40.674021,-73.8610722,RUBY ST,,106,UNKNOWN,Street,0.20344696934867923,False,QUEENS,"(40.674021, -73.8610722)",trafficstat,True,False,False,False,False,False,False,True,False,,,,,,,
2026-07-08,00:00,40.6708777,-73.8227336,117 ST,11420,106,OTHER,Street,1.1677655046047253,False,QUEENS,"(40.6708777, -73.8227336)",trafficstat,False,False,False,False,False,False,False,False,False,,,,,,,
2026-07-08,00:00,40.6776779,-73.8033315,FOCH BLVD,11436,106,UNKNOWN,Street,6.44794268495001,False,QUEENS,"(40.6776779, -73.8033315)",trafficstat,True,False,False,False,False,False,False,True,False,,,,,,,
2026-07-08,00:00,40.6726878,-73.8115029,127 ST,11420,106,UNKNOWN,Street,1.2705117363136305,False,QUEENS,"(40.6726878, -73.8115029)",trafficstat,True,False,False,False,False,False,False,False,True,,,,,,,
2026-07-07,00:00,40.6759649,-73.818192,120 ST,11420,106,OTHER,Street,0.6153995391699454,False,QUEENS,"(40.6759649, -73.818192)",trafficstat,True,False,False,False,False,False,False,True,False,,,,,,,
2026-07-06,00:00,40.682243,-73.82221,LEFFERTS BLVD,11420,106,OTHER,Street,0.49375856217833974,False,QUEENS,"(40.682243, -73.82221)",trafficstat,True,False,True,False,False,False,False,False,False,,,,,,,
2026-07-06,00:00,40.6667645,-73.8365302,BELT PKWY,11414,106,UNKNOWN,Highway,7.504351462128712,False,QUEENS,"(40.6667645, -73.8365302)",trafficstat,False,False,False,False,False,False,False,False,False,,,,,,,
2026-07-06,00:00,40.657185,-73.8307171,102 ST,11414,106,UNKNOWN,Street,0.4001788855198673,False,QUEENS,"(40.657185, -73.8307171)",trafficstat,True,False,False,False,False,False,False,True,False,,,,,,,
2026-07-06,00:00,40.6884489,-73.816659,128 ST,11419,106,UNKNOWN,Street,35.312911224080466,False,QUEENS,"(40.6884489, -73.816659)",trafficstat,False,False,False,False,False,False,False,False,False,,,,,,,
2026-07-05,00:00,40.6750204,-73.8613189,N  CONDUIT AVE,11417,106,UNKNOWN,Street,3.075935796840753,False,QUEENS,"(40.6750204, -73.8613189)",trafficstat,True,False,False,False,False,False,False,True,False,,,,,,,
2026-07-05,00:00,40.6762441,-73.8479159,89 ST,11417,106,UNKNOWN,Street,0.6659469772462716,False,QUEENS,"(40.6762441, -73.8479159)",trafficstat,True,False,False,False,False,False,False,True,False,,,,,,,
2026-07-04,00:00,40.681525,-73.8247243,116 ST,11420,106,UNKNOWN,Street,0.33075346327724825,False,QUEENS,"(40.681525, -73.8247243)",trafficstat,True,False,False,False,False,False,False,False,True,,,,,,,
2026-07-04,00:00,40.6554821,-73.833956,98 ST,11414,106,UNKNOWN,Street,45.18044633919738,False,QUEENS,"(40.6554821, -73.833956)",trafficstat,False,False,False,False,False,False,False,False,False,,,,,,,
2026-07-04,00:00,40.6601777,-73.8449645,88 ST,11414,106,OTHER,Street,0.3973980452051745,False,QUEENS,"(40.6601777, -73.8449645)",trafficstat,True,False,False,False,False,False,False,False,True,,,,,,,
2026-07-03,00:00,40.6676424,-73.8062362,135 AVE,11420,106,OTHER,Street,3.178388708149899,False,QUEENS,"(40.6676424, -73.8062362)",trafficstat,False,False,False,False,False,False,False,False,False,,,,,,,
2026-07-02,00:00,40.6721507,-73.8431811,PITKIN AVE,11417,106,UNKNOWN,Street,3.1997109523587337,False,QUEENS,"(40.6721507, -73.8431811)",trafficstat,False,False,False,False,False,False,False,False,False,,,,,,,
2026-06-22,00:00,40.6721507,-73.8431811,PITKIN AVE,11417,106,OTHER,Street,3.1997109523587337,False,QUEENS,"(40.6721507, -73.8431811)",trafficstat,True,False,False,True,False,False,False,False,False,,,,,,,
2026-07-02,00:00,40.664917,-73.82263,LEFFERTS BLVD,11420,106,UNKNOWN,Street,1.1108583475001346,False,QUEENS,"(40.664917, -73.82263)",trafficstat,False,False,False,False,False,False,False,False,False,,,,,,,
2026-07-02,00:00,40.6659865,-73.8415605,BELT PKWY,11414,106,UNKNOWN,Highway,9.971694787223441,False,QUEENS,"(40.6659865, -73.8415605)",trafficstat,True,False,False,False,False,False,False,True,False,,,,,,,
2026-07-02,00:00,40.6574995,-73.8394636,160 AVE,11414,106,UNKNOWN,Street,2.9457772551745696,False,QUEENS,"(40.6574995, -73.8394636)",trafficstat,True,False,False,False,False,True,False,False,False,,,,,,,
2026-07-02,00:00,40.6860269,-73.8250514,118 ST,11419,106,UNKNOWN,Street,1.0973724166845134,False,QUEENS,"(40.6860269, -73.8250514)",trafficstat,False,False,False,False,False,False,False,False,False,,,,,,,
2026-07-02,00:00,40.6866946,-73.8149753,129 ST,11419,106,UNKNOWN,Street,1.2564922557525562,False,QUEENS,"(40.6866946, -73.8149753)",trafficstat,False,False,False,False,False,False,False,False,False,,,,,,,
2026-07-01,00:00,40.672108,-73.8072901,SUTTER AVE,11420,106,UNKNOWN,Street,44.636007661286,False,QUEENS,"(40.672108, -73.8072901)",trafficstat,False,False,False,False,False,False,False,False,False,,,,,,,
2026-07-01,00:00,40.6702076,-73.8190188,121 ST,11420,106,UNKNOWN,Street,0.9528274027051162,False,QUEENS,"(40.6702076, -73.8190188)",trafficstat,True,False,False,False,False,False,False,False,True,,,,,,,
2026-06-30,00:00,40.678757,-73.8134614,126 ST,11420,106,UNKNOWN,Street,0.9853050419933035,False,QUEENS,"(40.678757, -73.8134614)",trafficstat,True,False,False,False,False,False,False,False,True,,,,,,,
2026-06-29,00:00,40.6595821,-73.8370437,96 ST,11414,106,UNKNOWN,Street,0.5974165171975241,False,QUEENS,"(40.6595821, -73.8370437)",trafficstat,False,False,False,False,False,False,False,False,False,,,,,,,
2026-06-29,00:00,40.683019,-73.8423695,98 ST,11417,106,UNKNOWN,Street,0.44823092557237193,False,QUEENS,"(40.683019, -73.8423695)",trafficstat,False,False,False,False,False,False,False,False,False,,,,,,,
2026-06-15,00:00,40.683019,-73.8423695,98 ST,11417,106,UNKNOWN,Street,0.44823092557237193,False,QUEENS,"(40.683019, -73.8423695)",trafficstat,False,False,False,False,False,False,False,False,False,,,,,,,
2026-06-28,00:00,40.6510853,-73.8358897,95 ST,11414,106,UNKNOWN,Street,0.1381200580456358,False,QUEENS,"(40.6510853, -73.8358897)",trafficstat,False,False,False,False,False,False,False,False,False,,,,,,,
2026-06-28,00:00,40.6734063,-73.8202217,LEFFERTS BLVD,11420,106,UNKNOWN,Street,63.17540436990219,False,QUEENS,"(40.6734063, -73.8202217)",trafficstat,True,False,False,False,False,False,False,True,False,,,,,,,
2026-06-28,00:00,40.672032,-73.8184515,121 ST,11420,106,UNKNOWN,Street,0.6891932711237855,False,QUEENS,"(40.672032, -73.8184515)",trafficstat,True,False,False,False,False,False,False,True,False,,,,,,,
2026-06-28,00:00,40.666548,-73.8083301,BELT PKWY,11430,106,UNKNOWN,Highway,14.637639654495125,False,QUEENS,"(40.666548, -73.8083301)",trafficstat,True,False,False,False,False,False,False,True,False,,,,,,,
2026-06-28,00:00,40.6830019,-73.8195429,122 ST,11420,106,OTHER,Street,0.5592065494498165,False,QUEENS,"(40.6830019, -73.8195429)",trafficstat,True,False,False,False,False,False,False,True,False,,,,,,,
2026-06-28,00:00,40.676342,-73.8227881,115 ST,11420,106,UNKNOWN,Street,47.408948036527974,False,QUEENS,"(40.676342, -73.8227881)",trafficstat,False,False,False,False,False,False,False,False,False,,,,,,,
2026-06-27,00:00,40.6727941,-73.8052144,133 ST,11420,106,OTHER,Street,50.14031244216748,False,QUEENS,"(40.6727941, -73.8052144)",trafficstat,False,False,False,False,False,False,False,False,False,,,,,,,
2026-06-27,00:00,40.6825077,-73.8142982,127 ST,11420,106,UNKNOWN,Street,0.5385733953926904,False,QUEENS,"(40.6825077, -73.8142982)",trafficstat,False,False,False,False,False,False,False,False,False,,,,,,,
2026-06-27,00:00,40.6686095,-73.8033645,135 ST,11420,106,UNKNOWN,Street,54.44166567402108,False,QUEENS,"(40.6686095, -73.8033645)",trafficstat,False,False,False,False,False,False,False,False,False,,,,,,,
2026-06-27,00:00,40.6698222,-73.8265795,149 AVE,11420,106,OTHER,Street,57.636520496616846,False,QUEENS,"(40.6698222, -73.8265795)",trafficstat,False,False,False,False,False,False,False,False,False,,,,,,,
2026-06-27,00:00,40.672222,-73.806366,132 ST,11420,106,OTHER,Street,0.17008557325647164,False,QUEENS,"(40.672222, -73.806366)",trafficstat,True,False,False,False,False,False,False,True,True,,,,,,,
2026-06-27,00:00,40.6615151,-73.8356153,98 ST,11414,106,OTHER,Street,0.09004802117836345,False,QUEENS,"(40.6615151, -73.8356153)",trafficstat,True,False,True,False,False,False,False,False,False,,,,,,,
2026-06-27,00:00,40.6869466,-73.8246916,LEFFERTS BLVD,11419,106,UNKNOWN,Street,45.132147881901254,False,QUEENS,"(40.6869466, -73.8246916)",trafficstat,True,False,False,True,False,False,False,False,False,,,,,,,
2026-06-26,00:00,40.6812603,-73.8186787,122 ST,11420,106,OTHER,Street,0.8157384669433909,False,QUEENS,"(40.6812603, -73.8186787)",trafficstat,True,False,False,False,False,False,False,True,False,,,,,,,
2026-06-26,00:00,40.6775,-73.8275939,ROCKAWAY BLVD,11420,106,UNKNOWN,Street,3.1090921876816204,False,QUEENS,"(40.6775, -73.8275939)",trafficstat,False,False,False,False,False,False,False,False,False,,,,,,,
2026-06-25,00:00,40.682365,-73.80777,LINCOLN ST,11420,106,UNKNOWN,Street,0.8531847431475246,False,QUEENS,"(40.682365, -73.80777)",trafficstat,False,False,False,False,False,False,False,False,False,,,,,,,
2026-06-25,00:00,40.6603497,-73.8426124,158 AVE,11414,106,UNKNOWN,Street,62.66782264119196,False,QUEENS,"(40.6603497, -73.8426124)",trafficstat,True,False,False,False,False,False,False,True,False,,,,,,,
2026-06-23,00:00,40.6634583,-73.8474707,BELT PKWY,11414,106,UNKNOWN,Highway,0.5319272731423211,False,QUEENS,"(40.6634583, -73.8474707)",trafficstat,True,False,False,False,False,False,False,False,True,,,,,,,
2026-06-23,00:00,40.6689975,-73.853974,81 ST,11414,106,OTHER,Street,0.04708661868026202,False,QUEENS,"(40.6689975, -73.853974)",trafficstat,False,False,False,False,False,False,False,False,False,,,,,,,
2026-06-23,00:00,40.6780025,-73.8601482,77 ST,11417,106,UNKNOWN,Street,0.03022824773032696,False,QUEENS,"(40.6780025, -73.8601482)",trafficstat,False,False,False,False,False,False,False,False,False,,,,,,,
2026-06-23,00:00,40.6863599,-73.8100255,134 ST,11420,106,UNKNOWN,Street,0.9593007632252423,False,QUEENS,"(40.6863599, -73.8100255)",trafficstat,False,False,False,False,False,False,False,False,False,,,,,,,
2026-06-23,00:00,40.6848906,-73.8214704,121 ST,11419,106,OTHER,Street,0.8446270400768504,False,QUEENS,"(40.6848906, -73.8214704)",trafficstat,True,False,False,False,False,True,False,False,False,,,,,,,
2026-06-22,00:00,40.6749741,-73.8134714,124 ST,11420,106,UNKNOWN,Street,56.82124914218608,False,QUEENS,"(40.6749741, -73.8134714)",trafficstat,False,False,False,False,False,False,False,False,False,,,,,,,
2026-06-22,00:00,40.6800509,-73.8209629,LEFFERTS BLVD,11420,106,OTHER,Street,44.73601098294736,False,QUEENS,"(40.6800509, -73.8209629)",trafficstat,True,False,True,False,False,False,False,False,False,,,,,,,
2026-06-22,00:00,40.6573654,-73.8334614,99 ST,11414,106,UNKNOWN,Street,47.4953686495736,False,QUEENS,"(40.6573654, -73.8334614)",trafficstat,False,False,False,False,False,False,False,False,False,,,,,,,
2026-06-21,00:00,40.6671227,-73.812272,N  CONDUIT AVE,11420,106,UNKNOWN,Street,3.248289448526028,False,QUEENS,"(40.6671227, -73.812272)",trafficstat,True,False,False,False,False,False,False,True,False,,,,,,,
2026-06-21,00:00,40.678031,-73.8230138,116 ST,11420,106,UNKNOWN,Street,0.32410840510918404,False,QUEENS,"(40.678031, -73.8230138)",trafficstat,True,False,False,False,True,False,False,False,False,,,,,,,
2026-06-18,00:00,40.678031,-73.8230138,116 ST,11420,106,UNKNOWN,Street,0.32410840510918404,False,QUEENS,"(40.678031, -73.8230138)",trafficstat,True,False,False,False,False,False,False,False,True,,,,,,,
2026-06-20,00:00,40.6776306,-73.8226688,116 ST,11420,106,UNKNOWN,Street,39.09878522003396,False,QUEENS,"(40.6776306, -73.8226688)",trafficstat,False,False,False,False,False,False,False,False,False,,,,,,,
2026-06-20,00:00,40.679794,-73.8098135,131 ST,11420,106,UNKNOWN,Street,0.9305616241450869,False,QUEENS,"(40.679794, -73.8098135)",trafficstat,False,False,False,False,False,False,False,False,False,,,,,,,
2026-06-20,00:00,40.6830232,-73.8392492,102 ST,11417,106,UNKNOWN,Street,45.644089853257384,False,QUEENS,"(40.6830232, -73.8392492)",trafficstat,False,False,False,False,False,False,False,False,False,,,,,,,
2026-06-20,00:00,40.679035,-73.8335,106 ST,11417,106,UNKNOWN,Street,0.2366097309196598,False,QUEENS,"(40.679035, -73.8335)",trafficstat,False,False,False,False,False,False,False,False,False,,,,,,,
2026-06-20,00:00,40.6664729,-73.8044459,BELT PKWY,11430,106,OTHER,Highway,1.7759090581516337,False,QUEENS,"(40.6664729, -73.8044459)",trafficstat,True,False,False,False,False,False,False,True,False,,,,,,,
2026-06-19,00:00,40.6646665,-73.8159195,125 ST,11420,106,UNKNOWN,Street,1.199508985069672,False,QUEENS,"(40.6646665, -73.8159195)",trafficstat,True,False,False,False,False,False,False,False,True,,,,,,,
2026-06-19,00:00,40.6634536,-73.8341867,100 ST,11414,106,UNKNOWN,Street,0.01234502982096021,False,QUEENS,"(40.6634536, -73.8341867)",trafficstat,False,False,False,False,False,False,False,False,False,,,,,,,
2026-06-19,00:00,40.6668481,-73.8040036,N  CONDUIT AVE,11420,106,OTHER,Street,2.9216786297151986,False,QUEENS,"(40.6668481, -73.8040036)",trafficstat,True,False,True,False,False,False,False,False,False,,,,,,,
2026-06-19,00:00,40.6844424,-73.8319063,LIBERTY AVE,11419,106,UNKNOWN,Street,2.3206682279927007,False,QUEENS,"(40.6844424, -73.8319063)",trafficstat,True,False,True,False,False,False,False,False,False,,,,,,,
2026-06-18,00:00,40.6695557,-73.8463306,89 ST,11414,106,UNKNOWN,Street,0.10092177528350411,False,QUEENS,"(40.6695557, -73.8463306)",trafficstat,False,False,False,False,False,False,False,False,False,,,,,,,
2026-06-18,00:00,40.663966,-73.8413575,CROSS BAY BLVD,11414,106,UNKNOWN,Street,51.394172059170074,False,QUEENS,"(40.663966, -73.8413575)",trafficstat,False,False,False,False,False,False,False,False,False,,,,,,,
2026-06-18,00:00,40.6751953,-73.8107387,127 ST,11420,106,UNKNOWN,Street,0.9510040432303926,False,QUEENS,"(40.6751953, -73.8107387)",trafficstat,True,False,False,False,False,False,False,True,False,,,,,,,
2026-06-17,00:00,40.6496064,-73.8461892,84 ST,11414,106,UNKNOWN,Street,0.04986362979813858,False,QUEENS,"(40.6496064, -73.8461892)",trafficstat,True,False,False,False,False,False,False,True,False,,,,,,,