crash_date,crash_time,latitude,longitude,on_street_name,zip_code,precinct,collision_type,roadway_type,geocode_dist_feet,time_is_known,borough,location,source,injury,fatality,injured_pedestrian,injured_cyclist,injured_ebike_rider,injured_motorcyclist,injured_moped_rider,injured_car_occupant,injured_suv_occupant,number_of_persons_injured,number_of_persons_killed,contributing_factor_vehicle_1,collision_id,cross_street_name,off_street_name,vehicle_type_code1
2026-06-17,00:00,40.6654725,-73.8444643,SHORE PKWY,11414,106,OTHER,Street,56.405293059740856,False,QUEENS,"(40.6654725, -73.8444643)",trafficstat,False,False,False,False,False,False,False,False,False,,,,,,,
2026-06-17,00:00,40.6678099,-73.8014068,VAN WYCK EXPY,11420,106,OTHER,Highway,2.5860661036590673,False,QUEENS,"(40.6678099, -73.8014068)",trafficstat,True,False,False,False,False,False,False,False,True,,,,,,,
2026-06-17,00:00,40.6906642,-73.8103234,VAN WYCK EXPY,11435,106,UNKNOWN,Street,1.0573222973872594,False,QUEENS,"(40.6906642, -73.8103234)",trafficstat,True,False,True,False,False,False,False,False,False,,,,,,,
2026-06-16,00:00,40.6849757,-73.8127712,109 AVE,11420,106,UNKNOWN,Street,50.04809527295639,False,QUEENS,"(40.6849757, -73.8127712)",trafficstat,False,False,False,False,False,False,False,False,False,,,,,,,
2026-06-16,00:00,40.6663321,-73.8105512,130 ST,11430,106,UNKNOWN,Street,1.5208406435250261,False,QUEENS,"(40.6663321, -73.8105512)",trafficstat,False,False,False,False,False,False,False,False,False,,,,,,,
2026-06-14,00:00,40.6673578,-73.8035576,135 ST,11420,106,UNKNOWN,Street,46.37720950133427,False,QUEENS,"(40.6673578, -73.8035576)",trafficstat,False,False,False,False,False,False,False,False,False,,,,,,,
2026-06-13,00:00,40.6696573,-73.8256664,149 AVE,11420,106,OTHER,Street,56.962905193663026,False,QUEENS,"(40.6696573, -73.8256664)",trafficstat,False,False,False,False,False,False,False,False,False,,,,,,,
2026-06-13,00:00,40.6661316,-73.8261418,N  CONDUIT AVE,11420,106,UNKNOWN,Street,2.7770754040219487,False,QUEENS,"(40.6661316, -73.8261418)",trafficstat,True,False,False,False,False,False,False,True,False,,,,,,,
2026-06-13,00:00,40.6707143,-73.8218256,118 ST,11420,106,OTHER,Street,0.7516110679913388,False,QUEENS,"(40.6707143, -73.8218256)",trafficstat,True,False,False,False,False,False,True,False,False,,,,,,,
2026-06-13,00:00,40.6840252,-73.8140488,128 ST,11420,106,OTHER,Street,1.0617968373967914,False,QUEENS,"(40.6840252, -73.8140488)",trafficstat,False,False,False,False,False,False,False,False,False,,,,,,,
2026-06-13,00:00,40.6859463,-73.8154149,128 ST,11419,106,UNKNOWN,Street,37.98471249352251,False,QUEENS,"(40.6859463, -73.8154149)",trafficstat,False,False,False,False,False,False,False,False,False,,,,,,,
2026-06-12,00:00,40.6782538,-73.8471607,107 AVE,11417,106,UNKNOWN,Street,48.041887649050835,False,QUEENS,"(40.6782538, -73.8471607)",trafficstat,True,False,False,False,False,False,False,False,True,,,,,,,
2026-06-12,00:00,40.6767796,-73.8588961,78 ST,11417,106,UNKNOWN,Street,0.3556690756496913,False,QUEENS,"(40.6767796, -73.8588961)",trafficstat,True,False,False,False,False,True,False,False,False,,,,,,,
2026-06-12,00:00,40.6710727,-73.8090777,130 ST,11420,106,UNKNOWN,Street,1.347509941607777,False,QUEENS,"(40.6710727, -73.8090777)",trafficstat,True,False,True,False,False,False,False,False,False,,,,,,,
2026-06-12,00:00,40.6664846,-73.8081262,BELT PARKWAY EXIT 20 EB,11430,106,OTHER,Ramp,2.8253391809521307,False,QUEENS,"(40.6664846, -73.8081262)",trafficstat,True,False,False,False,False,False,False,False,True,,,,,,,
2026-06-12,00:00,40.6656185,-73.8336601,NASSAU EXPY,11414,106,UNKNOWN,Street,3.145404305158575,False,QUEENS,"(40.6656185, -73.8336601)",trafficstat,True,False,False,False,False,False,False,False,True,,,,,,,
2026-09-13,00:00,40.7110569,-73.8128288,84 DR,11435,107,UNKNOWN,Street,56.374823172048615,False,QUEENS,"(40.7110569, -73.8128288)",trafficstat,True,False,False,False,False,True,False,False,False,,,,,,,
2026-09-13,00:00,40.7134287,-73.7805895,182 ST,11423,107,OTHER,Street,0.5003554744599424,False,QUEENS,"(40.7134287, -73.7805895)",trafficstat,True,False,False,False,False,False,False,False,True,,,,,,,
2026-09-13,00:00,40.7393795,-73.7918869,LONG ISLAND EXPY,11367,107,UNKNOWN,Highway,5.865000482224511,False,QUEENS,"(40.7393795, -73.7918869)",trafficstat,False,False,False,False,False,False,False,False,False,,,,,,,
2026-08-13,00:00,40.7393795,-73.7918869,LONG ISLAND EXPY,11367,107,UNKNOWN,Highway,5.865000482224511,False,QUEENS,"(40.7393795, -73.7918869)",trafficstat,False,False,False,False,False,False,False,False,False,,,,,,,
2026-09-12,00:00,40.7369656,-73.8248382,MAIN ST,11367,107,UNKNOWN,Street,45.83602294315254,False,QUEENS,"(40.7369656, -73.8248382)",trafficstat,False,False,False,False,False,False,False,False,False,,,,,,,
2026-09-12,00:00,40.7431224,-73.7711355,CLEARVIEW EXPY,11364,107,UNKNOWN,Highway,2.6872184699754142,False,QUEENS,"(40.7431224, -73.7711355)",trafficstat,True,False,False,False,False,False,False,False,True,,,,,,,
2026-09-12,00:00,40.7432823,-73.7757109,LONG ISLAND EXPY,11365,107,UNKNOWN,Highway,6.756449648706215,False,QUEENS,"(40.7432823, -73.7757109)",trafficstat,False,False,False,False,False,False,False,False,False,,,,,,,
2026-08-06,00:00,40.7432823,-73.7757109,LONG ISLAND EXPY,11365,107,UNKNOWN,Highway,6.756449648706215,False,QUEENS,"(40.7432823, -73.7757109)",trafficstat,True,False,False,False,False,False,False,False,True,,,,,,,
2026-07-08,00:00,40.7432823,-73.7757109,LONG ISLAND EXPY,11365,107,UNKNOWN,Highway,6.756449648706215,False,QUEENS,"(40.7432823, -73.7757109)",trafficstat,True,False,False,False,False,False,False,True,False,,,,,,,
2026-09-12,00:00,40.7331297,-73.7830251,188 ST,11366,107,UNKNOWN,Street,0.8693088223147895,False,QUEENS,"(40.7331297, -73.7830251)",trafficstat,False,False,False,False,False,False,False,False,False,,,,,,,
2026-09-12,00:00,40.7246667,-73.8207758,73 AVE,11367,107,UNKNOWN,Street,3.2631482528800717,False,QUEENS,"(40.7246667, -73.8207758)",trafficstat,False,False,False,False,False,False,False,False,False,,,,,,,
2026-08-20,00:00,40.7246667,-73.8207758,73 AVE,11367,107,OTHER,Street,3.2631482528800717,False,QUEENS,"(40.7246667, -73.8207758)",trafficstat,True,False,False,False,False,False,False,True,False,,,,,,,
2026-06-30,00:00,40.7246667,-73.8207758,73 AVE,11367,107,UNKNOWN,Street,3.2631482528800717,False,QUEENS,"(40.7246667, -73.8207758)",trafficstat,True,False,True,False,False,False,False,False,False,,,,,,,
2026-09-12,00:00,40.7234602,-73.8062507,162 ST,11366,107,OTHER,Street,0.04010707859350745,False,QUEENS,"(40.7234602, -73.8062507)",trafficstat,True,False,False,False,False,False,False,False,False,,,,,,,
2026-09-11,00:00,40.7192088,-73.7907328,HOMELAWN ST,11432,107,UNKNOWN,Street,1.2861719559143436,False,QUEENS,"(40.7192088, -73.7907328)",trafficstat,True,False,False,False,False,False,False,False,True,,,,,,,
2026-09-11,00:00,40.725075,-73.75834,86 DR,11427,107,UNKNOWN,Street,0.7300441437689305,False,QUEENS,"(40.725075, -73.75834)",trafficstat,False,False,False,False,False,False,False,False,False,,,,,,,
2026-09-11,00:00,40.7103599,-73.7939023,168 PL,11432,107,UNKNOWN,Street,0.485949502384032,False,QUEENS,"(40.7103599, -73.7939023)",trafficstat,True,False,False,False,False,False,False,True,False,,,,,,,
2026-09-11,00:00,40.716043,-73.8041526,GRAND CENTRAL PKWY,11432,107,UNKNOWN,Highway,0.07658396117073353,False,QUEENS,"(40.716043, -73.8041526)",trafficstat,True,False,False,False,False,False,False,False,True,,,,,,,
2026-09-04,00:00,40.716043,-73.8041526,GRAND CENTRAL PKWY,11432,107,UNKNOWN,Highway,0.07658396117073353,False,QUEENS,"(40.716043, -73.8041526)",trafficstat,True,False,False,False,False,False,False,True,False,,,,,,,
2026-08-09,00:00,40.716043,-73.8041526,GRAND CENTRAL PKWY,11432,107,OTHER,Highway,0.07658396117073353,False,QUEENS,"(40.716043, -73.8041526)",trafficstat,True,False,False,False,False,False,False,True,False,,,,,,,
2026-09-11,00:00,40.717339,-73.8195221,141 ST,11367,107,UNKNOWN,Street,1.516524371875233,False,QUEENS,"(40.717339, -73.8195221)",trafficstat,True,False,False,False,False,False,False,False,False,,,,,,,
2026-06-13,00:00,40.717339,-73.8195221,141 ST,11367,107,UNKNOWN,Street,1.516524371875233,False,QUEENS,"(40.717339, -73.8195221)",trafficstat,True,False,False,False,False,False,False,True,True,,,,,,,
2026-09-11,00:00,40.7381118,-73.8046564,HORACE HARDING EXPY,11365,107,UNKNOWN,Street,3.2337398138791844,False,QUEENS,"(40.7381118, -73.8046564)",trafficstat,True,False,False,False,False,False,False,False,True,,,,,,,
2026-07-27,00:00,40.7381118,-73.8046564,HORACE HARDING EXPY,11365,107,UNKNOWN,Street,3.2337398138791844,False,QUEENS,"(40.7381118, -73.8046564)",trafficstat,True,False,False,False,False,False,False,False,True,,,,,,,
2026-06-12,00:00,40.7381118,-73.8046564,HORACE HARDING EXPY,11365,107,UNKNOWN,Street,3.2337398138791844,False,QUEENS,"(40.7381118, -73.8046564)",trafficstat,True,False,False,False,False,False,False,True,False,,,,,,,
2026-09-10,00:00,40.7060868,-73.8084941,148 ST,11435,107,UNKNOWN,Street,0.8824082343180716,False,QUEENS,"(40.7060868, -73.8084941)",trafficstat,False,False,False,False,False,False,False,False,False,,,,,,,
2026-08-20,00:00,40.7060868,-73.8084941,148 ST,11435,107,UNKNOWN,Street,0.8824082343180716,False,QUEENS,"(40.7060868, -73.8084941)",trafficstat,True,False,False,True,False,False,False,False,False,,,,,,,
2026-09-10,00:00,40.7114596,-73.7964599,167 ST,11432,107,UNKNOWN,Street,0.7160782327869634,False,QUEENS,"(40.7114596, -73.7964599)",trafficstat,True,False,True,False,False,False,False,False,False,,,,,,,
2026-09-10,00:00,40.7097923,-73.8204204,QUEENS BLVD,11435,107,UNKNOWN,Street,7.393602193995922,False,QUEENS,"(40.7097923, -73.8204204)",trafficstat,True,False,False,False,False,True,False,False,False,,,,,,,
2026-08-14,00:00,40.7097923,-73.8204204,QUEENS BLVD,11435,107,UNKNOWN,Street,7.393602193995922,False,QUEENS,"(40.7097923, -73.8204204)",trafficstat,False,False,False,False,False,False,False,False,False,,,,,,,
2026-06-27,00:00,40.7097923,-73.8204204,QUEENS BLVD,11435,107,UNKNOWN,Street,7.393602193995922,False,QUEENS,"(40.7097923, -73.8204204)",trafficstat,True,False,False,False,False,False,False,False,True,,,,,,,
2026-09-10,00:00,40.7266282,-73.7573161,CLEARVIEW EXPY,11427,107,UNKNOWN,Highway,1.783481546442544,False,QUEENS,"(40.7266282, -73.7573161)",trafficstat,True,False,False,False,False,False,False,True,False,,,,,,,
2026-07-09,00:00,40.7266282,-73.7573161,CLEARVIEW EXPY,11427,107,UNKNOWN,Highway,1.783481546442544,False,QUEENS,"(40.7266282, -73.7573161)",trafficstat,True,False,False,False,False,False,False,True,False,,,,,,,
2026-09-10,00:00,40.732325,-73.8107713,JEWEL AVE,11367,107,OTHER,Street,13.793306740640599,False,QUEENS,"(40.732325, -73.8107713)",trafficstat,True,False,False,True,False,False,False,False,False,,,,,,,
2026-09-09,00:00,40.7306961,-73.823812,MAIN ST,11367,107,UNKNOWN,Street,16.030496012915457,False,QUEENS,"(40.7306961, -73.823812)",trafficstat,True,False,False,False,False,False,False,False,True,,,,,,,
2026-09-09,00:00,40.7224811,-73.7735968,PALERMO ST,11423,107,OTHER,Street,1.7262683153313436,False,QUEENS,"(40.7224811, -73.7735968)",trafficstat,False,False,False,False,False,False,False,False,False,,,,,,,
2026-09-09,00:00,40.7223536,-73.7771631,GRAND CENTRAL PKWY,11423,107,UNKNOWN,Highway,0.15627145806467804,False,QUEENS,"(40.7223536, -73.7771631)",trafficstat,False,False,False,False,False,False,False,False,False,,,,,,,
2026-07-21,00:00,40.7223536,-73.7771631,GRAND CENTRAL PKWY,11423,107,UNKNOWN,Highway,0.15627145806467804,False,QUEENS,"(40.7223536, -73.7771631)",trafficstat,True,False,False,False,False,False,False,True,True,,,,,,,
2026-07-04,00:00,40.7223536,-73.7771631,GRAND CENTRAL PKWY,11423,107,OTHER,Highway,0.15627145806467804,False,QUEENS,"(40.7223536, -73.7771631)",trafficstat,True,False,False,False,False,True,False,False,False,,,,,,,
2026-07-02,00:00,40.7223536,-73.7771631,GRAND CENTRAL PKWY,11423,107,UNKNOWN,Highway,0.15627145806467804,False,QUEENS,"(40.7223536, -73.7771631)",trafficstat,True,False,False,False,False,False,False,True,False,,,,,,,
2026-09-09,00:00,40.708071,-73.8099817,148 ST,11435,107,UNKNOWN,Street,0.23912488252877992,False,QUEENS,"(40.708071, -73.8099817)",trafficstat,False,False,False,False,False,False,False,False,False,,,,,,,
2026-09-09,00:00,40.7191332,-73.7914018,GRAND CENTRAL PKWY,11432,107,UNKNOWN,Highway,0.61190060629412,False,QUEENS,"(40.7191332, -73.7914018)",trafficstat,True,False,False,False,False,False,False,True,False,,,,,,,
2026-08-27,00:00,40.7191332,-73.7914018,GRAND CENTRAL PKWY,11432,107,UNKNOWN,Highway,0.61190060629412,False,QUEENS,"(40.7191332, -73.7914018)",trafficstat,True,False,False,False,False,False,False,True,False,,,,,,,
2026-09-09,00:00,40.7247584,-73.7731504,GRAND CENTRAL PKWY,11423,107,UNKNOWN,Highway,2.3134832053049497,False,QUEENS,"(40.7247584, -73.7731504)",trafficstat,True,False,False,False,False,False,False,False,True,,,,,,,
2026-07-29,00:00,40.7247584,-73.7731504,GRAND CENTRAL PKWY,11423,107,UNKNOWN,Highway,2.3134832053049497,False,QUEENS,"(40.7247584, -73.7731504)",trafficstat,False,False,False,False,False,False,False,False,False,,,,,,,
2026-06-22,00:00,40.7247584,-73.7731504,GRAND CENTRAL PKWY,11423,107,UNKNOWN,Highway,2.3134832053049497,False,QUEENS,"(40.7247584, -73.7731504)",trafficstat,False,False,False,False,False,False,False,False,False,,,,,,,
2026-09-08,00:00,40.7201331,-73.7903727,UTOPIA PKWY,11432,107,UNKNOWN,Street,15.521918509401102,False,QUEENS,"(40.7201331, -73.7903727)",trafficstat,False,False,False,False,False,False,False,False,False,,,,,,,
2026-06-24,00:00,40.7201331,-73.7903727,UTOPIA PKWY,11432,107,UNKNOWN,Street,15.521918509401102,False,QUEENS,"(40.7201331, -73.7903727)",trafficstat,False,False,False,False,False,False,False,False,False,,,,,,,
2026-06-19,00:00,40.7201331,-73.7903727,UTOPIA PKWY,11432,107,UNKNOWN,Street,15.521918509401102,False,QUEENS,"(40.7201331, -73.7903727)",trafficstat,True,False,False,False,False,False,False,True,True,,,,,,,
2026-09-08,00:00,40.7229393,-73.8001949,168 ST,11366,107,OTHER,Street,1.0776403155539684,False,QUEENS,"(40.7229393, -73.8001949)",trafficstat,False,False,False,False,False,False,False,False,False,,,,,,,
2026-09-05,00:00,40.7229393,-73.8001949,168 ST,11366,107,UNKNOWN,Street,1.0776403155539684,False,QUEENS,"(40.7229393, -73.8001949)",trafficstat,False,False,False,False,False,False,False,False,False,,,,,,,
2026-08-20,00:00,40.7229393,-73.8001949,168 ST,11366,107,UNKNOWN,Street,1.0776403155539684,False,QUEENS,"(40.7229393, -73.8001949)",trafficstat,True,False,True,False,False,False,False,False,False,,,,,,,
2026-09-08,00:00,40.7272945,-73.8128024,73 AVE,11367,107,UNKNOWN,Street,0.6830228788432744,False,QUEENS,"(40.7272945, -73.8128024)",trafficstat,False,False,False,False,False,False,False,False,False,,,,,,,
2026-09-08,00:00,40.7398703,-73.7901136,LONG ISLAND EXPY,11367,107,UNKNOWN,Highway,4.6017185348590495,False,QUEENS,"(40.7398703, -73.7901136)",trafficstat,False,False,False,False,False,False,False,False,False,,,,,,,
2026-09-07,00:00,40.7344363,-73.7908913,181 ST,11365,107,UNKNOWN,Street,60.26599269772946,False,QUEENS,"(40.7344363, -73.7908913)",trafficstat,False,False,False,False,False,False,False,False,False,,,,,,,
2026-09-07,00:00,40.723267,-73.81773,147 ST,11367,107,UNKNOWN,Street,0.6024883734436072,False,QUEENS,"(40.723267, -73.81773)",trafficstat,True,False,False,False,False,False,False,True,False,,,,,,,
2026-09-06,00:00,40.7275951,-73.8070397,162 ST,11366,107,UNKNOWN,Street,0.0484759410626129,False,QUEENS,"(40.7275951, -73.8070397)",trafficstat,False,False,False,False,False,False,False,False,False,,,,,,,
2026-09-06,00:00,40.7324701,-73.8250974,MAIN ST,11367,107,UNKNOWN,Street,35.39912557220331,False,QUEENS,"(40.7324701, -73.8250974)",trafficstat,False,False,False,False,False,False,False,False,False,,,,,,,
2026-09-05,00:00,40.7271706,-73.8108869,PARSONS BLVD,11366,107,OTHER,Street,1.3431506350791889,False,QUEENS,"(40.7271706, -73.8108869)",trafficstat,True,False,False,True,False,False,False,False,False,,,,,,,
2026-07-24,00:00,40.7271706,-73.8108869,PARSONS BLVD,11366,107,UNKNOWN,Street,1.3431506350791889,False,QUEENS,"(40.7271706, -73.8108869)",trafficstat,False,False,False,False,False,False,False,False,False,,,,,,,
2026-09-05,00:00,40.718877,-73.7908998,HOMELAWN ST,11432,107,OTHER,Street,1.4230559584548936,False,QUEENS,"(40.718877, -73.7908998)",trafficstat,True,False,False,False,False,False,False,False,True,,,,,,,
2026-07-26,00:00,40.718877,-73.7908998,HOMELAWN ST,11432,107,OTHER,Street,1.4230559584548936,False,QUEENS,"(40.718877, -73.7908998)",trafficstat,False,False,False,False,False,False,False,False,False,,,,,,,
2026-09-05,00:00,40.714935,-73.8163542,COOLIDGE AVE,11435,107,OTHER,Street,3.3156517572164814,False,QUEENS,"(40.714935, -73.8163542)",trafficstat,False,False,False,False,False,False,False,False,False,,,,,,,
2026-09-05,00:00,40.7113152,-73.797482,HIGHLAND AVE,11432,107,OTHER,Street,69.63964173395254,False,QUEENS,"(40.7113152, -73.797482)",trafficstat,False,False,False,False,False,False,False,False,False,,,,,,,
2026-09-04,00:00,40.7226123,-73.8147781,150 ST,11367,107,UNKNOWN,Street,0.5350247634207745,False,QUEENS,"(40.7226123, -73.8147781)",trafficstat,True,False,False,True,False,False,False,False,False,,,,,,,
2026-09-04,00:00,40.7202576,-73.7834891,GRAND CENTRAL PKWY,11432,107,UNKNOWN,Street,3.432612694915,False,QUEENS,"(40.7202576, -73.7834891)",trafficstat,True,False,False,False,False,False,False,True,False,,,,,,,
2026-09-04,00:00,40.7288628,-73.827544,JEWEL AVE,11367,107,UNKNOWN,Street,3.542346498522802,False,QUEENS,"(40.7288628, -73.827544)",trafficstat,False,False,False,False,False,False,False,False,False,,,,,,,
2026-09-04,00:00,40.7263646,-73.763869,GRAND CENTRAL PKWY,11427,107,UNKNOWN,Highway,1.568213533042124,False,QUEENS,"(40.7263646, -73.763869)",trafficstat,False,False,False,False,False,False,False,False,False,,,,,,,
2026-09-04,00:00,40.7270153,-73.8012515,168 ST,11366,107,OTHER,Street,50.943803521978474,False,QUEENS,"(40.7270153, -73.8012515)",trafficstat,True,False,True,False,False,False,False,False,False,,,,,,,
2026-09-03,00:00,40.7299297,-73.8231123,MAIN ST,11367,107,UNKNOWN,Street,59.09967674091338,False,QUEENS,"(40.7299297, -73.8231123)",trafficstat,False,False,False,False,False,False,False,False,False,,,,,,,
2026-09-03,00:00,40.7129298,-73.7976122,GOTHIC DR,11432,107,UNKNOWN,Street,48.143676322632615,False,QUEENS,"(40.7129298, -73.7976122)",trafficstat,False,False,False,False,False,False,False,False,False,,,,,,,
2026-09-03,00:00,40.7046827,-73.8140114,HILLSIDE AVE,11435,107,OTHER,Street,51.26944157077093,False,QUEENS,"(40.7046827, -73.8140114)",trafficstat,True,False,False,False,False,False,False,False,True,,,,,,,
2026-07-07,00:00,40.7046827,-73.8140114,HILLSIDE AVE,11435,107,UNKNOWN,Street,51.26944157077093,False,QUEENS,"(40.7046827, -73.8140114)",trafficstat,False,False,False,False,False,False,False,False,False,,,,,,,
2026-09-03,00:00,40.7219073,-73.804053,UNION TPKE,11366,107,UNKNOWN,Street,72.83324860300327,False,QUEENS,"(40.7219073, -73.804053)",trafficstat,False,False,False,False,False,False,False,False,False,,,,,,,
2026-09-03,00:00,40.7162142,-73.8031406,GRAND CENTRAL PKWY,11432,107,OTHER,Highway,15.597459411021596,False,QUEENS,"(40.7162142, -73.8031406)",trafficstat,True,False,True,False,False,False,False,False,False,,,,,,,
2026-08-31,00:00,40.7162142,-73.8031406,GRAND CENTRAL PKWY,11432,107,OTHER,Highway,15.597459411021596,False,QUEENS,"(40.7162142, -73.8031406)",trafficstat,False,False,False,False,False,False,False,False,False,,,,,,,
2026-07-06,00:00,40.7162142,-73.8031406,GRAND CENTRAL PKWY,11432,107,UNKNOWN,Highway,15.597459411021596,False,QUEENS,"(40.7162142, -73.8031406)",trafficstat,False,False,False,False,False,False,False,False,False,,,,,,,
2026-07-03,00:00,40.7162142,-73.8031406,GRAND CENTRAL PKWY,11432,107,UNKNOWN,Highway,15.597459411021596,False,QUEENS,"(40.7162142, -73.8031406)",trafficstat,True,False,False,False,False,False,False,True,False,,,,,,,
2026-09-03,00:00,40.7294978,-73.8260694,JEWEL AVE,11367,107,UNKNOWN,Street,69.79281291946802,False,QUEENS,"(40.7294978, -73.8260694)",trafficstat,False,False,False,False,False,False,False,False,False,,,,,,,
2026-09-02,00:00,40.7122848,-73.785351,178 ST,11432,107,OTHER,Street,0.06740362503927382,False,QUEENS,"(40.7122848, -73.785351)",trafficstat,True,False,False,False,False,False,True,False,False,,,,,,,
2026-07-30,00:00,40.7122848,-73.785351,178 ST,11432,107,UNKNOWN,Street,0.06740362503927382,False,QUEENS,"(40.7122848, -73.785351)",trafficstat,False,False,False,False,False,False,False,False,False,,,,,,,
2026-07-14,00:00,40.7122848,-73.785351,178 ST,11432,107,UNKNOWN,Street,0.06740362503927382,False,QUEENS,"(40.7122848, -73.785351)",trafficstat,True,False,True,False,False,False,False,False,False,,,,,,,
2026-09-02,00:00,40.7190951,-73.7755095,188 ST,11423,107,UNKNOWN,Street,0.43202071301760075,False,QUEENS,"(40.7190951, -73.7755095)",trafficstat,True,False,False,False,True,False,False,False,False,,,,,,,
2026-09-01,00:00,40.7229152,-73.7852879,SURREY PL,11432,107,UNKNOWN,Street,1.267623697604982,False,QUEENS,"(40.7229152, -73.7852879)",trafficstat,False,False,False,False,False,False,False,False,False,,,,,,,
2026-09-01,00:00,40.7382901,-73.8029541,LONG ISLAND EXPY,11367,107,UNKNOWN,Highway,3.7080150151295124,False,QUEENS,"(40.7382901, -73.8029541)",trafficstat,True,False,False,False,False,False,False,True,False,,,,,,,
2026-09-01,00:00,40.7274572,-73.7842457,80 RD,11432,107,UNKNOWN,Street,53.1129419421443,False,QUEENS,"(40.7274572, -73.7842457)",trafficstat,False,False,False,False,False,False,False,False,False,,,,,,,
2026-09-01,00:00,40.7254761,-73.7655773,MC LAUGHLIN AVE,11423,107,UNKNOWN,Street,3.4148744270707505,False,QUEENS,"(40.7254761, -73.7655773)",trafficstat,True,False,False,False,False,False,False,True,False,,,,,,,
2026-07-12,00:00,40.7254761,-73.7655773,MC LAUGHLIN AVE,11423,107,UNKNOWN,Street,3.4148744270707505,False,QUEENS,"(40.7254761, -73.7655773)",trafficstat,True,False,False,False,False,False,False,True,False,,,,,,,
2026-09-01,00:00,40.7170001,-73.8240156,GRAND CENTRAL PY WB EN UNION TP,11367,107,UNKNOWN,Ramp,20.12022494172731,False,QUEENS,"(40.7170001, -73.8240156)",trafficstat,True,False,False,False,False,False,False,True,False,,,,,,,
2026-09-01,00:00,40.7169643,-73.8221543,GRAND CENTRAL PKWY,11367,107,UNKNOWN,Highway,14.991280919623117,False,QUEENS,"(40.7169643, -73.8221543)",trafficstat,False,False,False,False,False,False,False,False,False,,,,,,,
2026-09-01,00:00,40.7392269,-73.8150928,KISSENA BLVD,11367,107,OTHER,Street,0.5225430011763396,False,QUEENS,"(40.7392269, -73.8150928)",trafficstat,True,False,True,False,False,False,False,False,False,,,,,,,
2026-08-28,00:00,40.7392269,-73.8150928,KISSENA BLVD,11367,107,UNKNOWN,Street,0.5225430011763396,False,QUEENS,"(40.7392269, -73.8150928)",trafficstat,True,False,False,False,False,False,False,True,False,,,,,,,
2026-07-11,00:00,40.7392269,-73.8150928,KISSENA BLVD,11367,107,UNKNOWN,Street,0.5225430011763396,False,QUEENS,"(40.7392269, -73.8150928)",trafficstat,True,False,False,False,False,False,False,True,False,,,,,,,
2026-08-31,00:00,40.7040285,-73.8170984,HILLSIDE AVE,11435,107,UNKNOWN,Street,3.467977765692476,False,QUEENS,"(40.7040285, -73.8170984)",trafficstat,True,False,False,False,False,False,False,False,True,,,,,,,
2026-08-31,00:00,40.7214446,-73.7642722,DUNTON ST,11423,107,UNKNOWN,Street,74.07344440812147,False,QUEENS,"(40.7214446, -73.7642722)",trafficstat,True,False,False,False,False,False,False,True,True,,,,,,,
2026-08-30,00:00,40.7161703,-73.8047424,GRAND CENTRAL PKWY,11432,107,UNKNOWN,Street,2.5585822472465622,False,QUEENS,"(40.7161703, -73.8047424)",trafficstat,False,False,False,False,False,False,False,False,False,,,,,,,
2026-08-30,00:00,40.7173527,-73.7980292,168 ST,11432,107,OTHER,Street,0.16004448753366057,False,QUEENS,"(40.7173527, -73.7980292)",trafficstat,False,False,False,False,False,False,False,False,False,,,,,,,
2026-08-07,00:00,40.7173527,-73.7980292,168 ST,11432,107,OTHER,Street,0.16004448753366057,False,QUEENS,"(40.7173527, -73.7980292)",trafficstat,True,False,False,False,False,False,False,True,False,,,,,,,
2026-07-30,00:00,40.7173527,-73.7980292,168 ST,11432,107,UNKNOWN,Street,0.16004448753366057,False,QUEENS,"(40.7173527, -73.7980292)",trafficstat,True,False,False,False,False,False,False,True,False,,,,,,,
2026-07-17,00:00,40.7173527,-73.7980292,168 ST,11432,107,UNKNOWN,Street,0.16004448753366057,False,QUEENS,"(40.7173527, -73.7980292)",trafficstat,True,False,False,False,False,False,False,False,False,,,,,,,
2026-07-15,00:00,40.7173527,-73.7980292,168 ST,11432,107,UNKNOWN,Street,0.16004448753366057,False,QUEENS,"(40.7173527, -73.7980292)",trafficstat,False,False,False,False,False,False,False,False,False,,,,,,,
2026-07-04,00:00,40.7173527,-73.7980292,168 ST,11432,107,OTHER,Street,0.16004448753366057,False,QUEENS,"(40.7173527, -73.7980292)",trafficstat,True,False,False,False,False,False,False,False,True,,,,,,,
2026-06-18,00:00,40.7173527,-73.7980292,168 ST,11432,107,UNKNOWN,Street,0.16004448753366057,False,QUEENS,"(40.7173527, -73.7980292)",trafficstat,True,False,False,True,False,False,False,False,False,,,,,,,
2026-08-30,00:00,40.7159357,-73.8088821,GRAND CENTRAL PKWY,11435,107,UNKNOWN,Highway,0.7870715477169952,False,QUEENS,"(40.7159357, -73.8088821)",trafficstat,False,False,False,False,False,False,False,False,False,,,,,,,
2026-07-22,00:00,40.7159357,-73.8088821,GRAND CENTRAL PKWY,11435,107,UNKNOWN,Highway,0.7870715477169952,False,QUEENS,"(40.7159357, -73.8088821)",trafficstat,True,False,False,False,False,False,False,False,True,,,,,,,