crash_date,crash_time,latitude,longitude,on_street_name,zip_code,precinct,collision_type,roadway_type,geocode_dist_feet,time_is_known,borough,location,source,injury,fatality,injured_pedestrian,injured_cyclist,injured_ebike_rider,injured_motorcyclist,injured_moped_rider,injured_car_occupant,injured_suv_occupant,number_of_persons_injured,number_of_persons_killed,contributing_factor_vehicle_1,collision_id,cross_street_name,off_street_name,vehicle_type_code1
2026-08-29,00:00,40.719909,-73.8088575,UNION TPKE,11366,107,UNKNOWN,Street,5.417767487713166,False,QUEENS,"(40.719909, -73.8088575)",trafficstat,False,False,False,False,False,False,False,False,False,,,,,,,
2026-08-29,00:00,40.7317789,-73.7701086,UNION TPKE,11366,107,UNKNOWN,Street,17.140632655956107,False,QUEENS,"(40.7317789, -73.7701086)",trafficstat,False,False,False,False,False,False,False,False,False,,,,,,,
2026-08-28,00:00,40.7423378,-73.8376295,VAN WYCK EXPY,11367,107,OTHER,Highway,3.225980689216447,False,QUEENS,"(40.7423378, -73.8376295)",trafficstat,False,False,False,False,False,False,False,False,False,,,,,,,
2026-08-27,00:00,40.7387425,-73.8142728,LONG ISLAND EXPY,11367,107,UNKNOWN,Highway,12.62574576647084,False,QUEENS,"(40.7387425, -73.8142728)",trafficstat,False,False,False,False,False,False,False,False,False,,,,,,,
2026-08-24,00:00,40.7387425,-73.8142728,LONG ISLAND EXPY,11367,107,UNKNOWN,Highway,12.62574576647084,False,QUEENS,"(40.7387425, -73.8142728)",trafficstat,True,False,False,False,False,False,False,False,True,,,,,,,
2026-08-14,00:00,40.7387425,-73.8142728,LONG ISLAND EXPY,11367,107,UNKNOWN,Highway,12.62574576647084,False,QUEENS,"(40.7387425, -73.8142728)",trafficstat,False,False,False,False,False,False,False,False,False,,,,,,,
2026-08-07,00:00,40.7387425,-73.8142728,LONG ISLAND EXPY,11367,107,UNKNOWN,Highway,12.62574576647084,False,QUEENS,"(40.7387425, -73.8142728)",trafficstat,True,False,False,False,False,False,False,True,False,,,,,,,
2026-07-25,00:00,40.7387425,-73.8142728,LONG ISLAND EXPY,11367,107,UNKNOWN,Highway,12.62574576647084,False,QUEENS,"(40.7387425, -73.8142728)",trafficstat,True,False,False,False,False,False,False,False,True,,,,,,,
2026-08-27,00:00,40.7054946,-73.8105878,146 ST,11435,107,OTHER,Street,0.6073423974229468,False,QUEENS,"(40.7054946, -73.8105878)",trafficstat,True,False,True,False,False,False,False,True,False,,,,,,,
2026-06-17,00:00,40.7054946,-73.8105878,146 ST,11435,107,UNKNOWN,Street,0.6073423974229468,False,QUEENS,"(40.7054946, -73.8105878)",trafficstat,False,False,False,False,False,False,False,False,False,,,,,,,
2026-08-27,00:00,40.7314289,-73.7986576,171 ST,11365,107,UNKNOWN,Street,0.4910554697880794,False,QUEENS,"(40.7314289, -73.7986576)",trafficstat,True,False,False,False,False,False,False,True,False,,,,,,,
2026-08-27,00:00,40.7419895,-73.8247471,LONG ISLAND EXPY,11367,107,UNKNOWN,Highway,4.14431994329963,False,QUEENS,"(40.7419895, -73.8247471)",trafficstat,False,False,False,False,False,False,False,False,False,,,,,,,
2026-06-17,00:00,40.7419895,-73.8247471,LONG ISLAND EXPY,11367,107,OTHER,Highway,4.14431994329963,False,QUEENS,"(40.7419895, -73.8247471)",trafficstat,True,False,False,False,False,False,False,True,False,,,,,,,
2026-08-26,00:00,40.7410501,-73.8246512,61 RD,11367,107,OTHER,Street,71.4327263305823,False,QUEENS,"(40.7410501, -73.8246512)",trafficstat,True,False,False,False,True,False,False,False,False,,,,,,,
2026-08-26,00:00,40.7221049,-73.7777123,GRAND CENTRAL PKWY,11432,107,UNKNOWN,Highway,0.0006475400475499032,False,QUEENS,"(40.7221049, -73.7777123)",trafficstat,True,False,False,False,False,False,False,True,False,,,,,,,
2026-08-24,00:00,40.7221049,-73.7777123,GRAND CENTRAL PKWY,11432,107,UNKNOWN,Highway,0.0006475400475499032,False,QUEENS,"(40.7221049, -73.7777123)",trafficstat,True,False,False,False,False,False,False,True,True,,,,,,,
2026-08-26,00:00,40.727486,-73.79751,172 ST,11366,107,UNKNOWN,Street,0.5135381485001231,False,QUEENS,"(40.727486, -73.79751)",trafficstat,True,False,False,False,False,False,False,True,True,,,,,,,
2026-08-26,00:00,40.7142828,-73.8101948,150 ST,11435,107,OTHER,Street,0.6703004507912734,False,QUEENS,"(40.7142828, -73.8101948)",trafficstat,True,False,False,False,False,False,False,True,False,,,,,,,
2026-08-26,00:00,40.7186962,-73.7892506,GRAND CENTRAL PKWY,11432,107,UNKNOWN,Street,53.52875263585511,False,QUEENS,"(40.7186962, -73.7892506)",trafficstat,True,False,False,False,False,True,False,False,False,,,,,,,
2026-08-25,00:00,40.7160528,-73.8050291,GRAND CENTRAL PKWY,11432,107,OTHER,Highway,2.9181116944115337,False,QUEENS,"(40.7160528, -73.8050291)",trafficstat,True,False,False,False,False,True,False,False,False,,,,,,,
2026-08-25,00:00,40.716602,-73.8022008,GRAND CENTRAL PKWY,11432,107,UNKNOWN,Street,31.421206330422958,False,QUEENS,"(40.716602, -73.8022008)",trafficstat,True,False,False,False,False,False,False,False,True,,,,,,,
2026-08-25,00:00,40.7176783,-73.8171258,UNION TPKE,11367,107,OTHER,Street,17.24983274525821,False,QUEENS,"(40.7176783, -73.8171258)",trafficstat,True,True,True,False,False,False,False,False,False,,,,,,,
2026-08-09,00:00,40.7176783,-73.8171258,UNION TPKE,11367,107,OTHER,Street,17.24983274525821,False,QUEENS,"(40.7176783, -73.8171258)",trafficstat,True,False,False,False,False,True,False,False,False,,,,,,,
2026-08-04,00:00,40.7176783,-73.8171258,UNION TPKE,11367,107,UNKNOWN,Street,17.24983274525821,False,QUEENS,"(40.7176783, -73.8171258)",trafficstat,True,False,True,False,False,False,False,False,False,,,,,,,
2026-08-25,00:00,40.7128169,-73.8220832,135 ST,11435,107,UNKNOWN,Street,50.75947471731318,False,QUEENS,"(40.7128169, -73.8220832)",trafficstat,False,False,False,False,False,False,False,False,False,,,,,,,
2026-08-25,00:00,40.7147523,-73.8158698,COOLIDGE AVE,11435,107,UNKNOWN,Street,71.8638713549891,False,QUEENS,"(40.7147523, -73.8158698)",trafficstat,False,False,False,False,False,False,False,False,False,,,,,,,
2026-08-24,00:00,40.713193,-73.8239247,VAN WYCK EXPY,11435,107,UNKNOWN,Highway,6.5292235038509,False,QUEENS,"(40.713193, -73.8239247)",trafficstat,True,False,False,False,False,False,False,False,True,,,,,,,
2026-08-24,00:00,40.7074997,-73.8041223,HILLSIDE AVE,11432,107,OTHER,Street,53.13132640632996,False,QUEENS,"(40.7074997, -73.8041223)",trafficstat,False,False,False,False,False,False,False,False,False,,,,,,,
2026-08-24,00:00,40.7133914,-73.8051408,84 DR,11432,107,UNKNOWN,Street,37.39670162284612,False,QUEENS,"(40.7133914, -73.8051408)",trafficstat,False,False,False,False,False,False,False,False,False,,,,,,,
2026-08-24,00:00,40.7263282,-73.7661876,GRAND CENTRAL PKWY,11423,107,UNKNOWN,Highway,16.140893265751426,False,QUEENS,"(40.7263282, -73.7661876)",trafficstat,False,False,False,False,False,False,False,False,False,,,,,,,
2026-08-19,00:00,40.7263282,-73.7661876,GRAND CENTRAL PKWY,11423,107,UNKNOWN,Highway,16.140893265751426,False,QUEENS,"(40.7263282, -73.7661876)",trafficstat,False,False,False,False,False,False,False,False,False,,,,,,,
2026-08-05,00:00,40.7263282,-73.7661876,GRAND CENTRAL PKWY,11423,107,UNKNOWN,Highway,16.140893265751426,False,QUEENS,"(40.7263282, -73.7661876)",trafficstat,True,False,False,False,False,True,False,False,False,,,,,,,
2026-07-04,00:00,40.7263282,-73.7661876,GRAND CENTRAL PKWY,11423,107,UNKNOWN,Highway,16.140893265751426,False,QUEENS,"(40.7263282, -73.7661876)",trafficstat,False,False,False,False,False,False,False,False,False,,,,,,,
2026-06-21,00:00,40.7263282,-73.7661876,GRAND CENTRAL PKWY,11423,107,UNKNOWN,Highway,16.140893265751426,False,QUEENS,"(40.7263282, -73.7661876)",trafficstat,True,False,False,False,False,True,False,False,False,,,,,,,
2026-08-24,00:00,40.7407451,-73.7808712,64 CIR,11365,107,UNKNOWN,Street,2.847878284115251,False,QUEENS,"(40.7407451, -73.7808712)",trafficstat,False,False,False,False,False,False,False,False,False,,,,,,,
2026-08-23,00:00,40.7195854,-73.7850534,GRAND CENTRAL PKWY,11432,107,UNKNOWN,Street,2.6556941360973023,False,QUEENS,"(40.7195854, -73.7850534)",trafficstat,False,False,False,False,False,False,False,False,False,,,,,,,
2026-08-22,00:00,40.7195854,-73.7850534,GRAND CENTRAL PKWY,11432,107,OTHER,Street,2.6556941360973023,False,QUEENS,"(40.7195854, -73.7850534)",trafficstat,True,False,False,False,False,False,False,False,True,,,,,,,
2026-07-15,00:00,40.7195854,-73.7850534,GRAND CENTRAL PKWY,11432,107,OTHER,Street,2.6556941360973023,False,QUEENS,"(40.7195854, -73.7850534)",trafficstat,False,False,False,False,False,False,False,False,False,,,,,,,
2026-08-22,00:00,40.7264537,-73.7657881,GRAND CENTRAL PKWY,11427,107,UNKNOWN,Highway,0.6346197641961507,False,QUEENS,"(40.7264537, -73.7657881)",trafficstat,False,False,False,False,False,False,False,False,False,,,,,,,
2026-08-19,00:00,40.7264537,-73.7657881,GRAND CENTRAL PKWY,11427,107,OTHER,Highway,0.6346197641961507,False,QUEENS,"(40.7264537, -73.7657881)",trafficstat,True,False,False,False,False,False,False,True,False,,,,,,,
2026-08-11,00:00,40.7264537,-73.7657881,GRAND CENTRAL PKWY,11427,107,UNKNOWN,Highway,0.6346197641961507,False,QUEENS,"(40.7264537, -73.7657881)",trafficstat,False,False,False,False,False,False,False,False,False,,,,,,,
2026-07-30,00:00,40.7264537,-73.7657881,GRAND CENTRAL PKWY,11427,107,OTHER,Highway,0.6346197641961507,False,QUEENS,"(40.7264537, -73.7657881)",trafficstat,True,False,False,False,False,False,False,True,True,,,,,,,
2026-08-22,00:00,40.7433012,-73.8376834,LONG ISLAND EXPY,11367,107,UNKNOWN,Highway,18.881182060447443,False,QUEENS,"(40.7433012, -73.8376834)",trafficstat,False,False,False,False,False,False,False,False,False,,,,,,,
2026-08-21,00:00,40.7345787,-73.8062304,162 ST,11365,107,OTHER,Street,117.65971861129321,False,QUEENS,"(40.7345787, -73.8062304)",trafficstat,False,False,False,False,False,False,False,False,False,,,,,,,
2026-08-20,00:00,40.7345787,-73.8062304,162 ST,11365,107,OTHER,Street,117.65971861129321,False,QUEENS,"(40.7345787, -73.8062304)",trafficstat,False,False,False,False,False,False,False,False,False,,,,,,,
2026-08-21,00:00,40.7295002,-73.8003961,169 ST,11365,107,OTHER,Street,54.553313709548846,False,QUEENS,"(40.7295002, -73.8003961)",trafficstat,True,False,False,True,False,False,False,False,False,,,,,,,
2026-08-21,00:00,40.7294602,-73.780248,UNION TPKE,11366,107,UNKNOWN,Street,18.308599427812386,False,QUEENS,"(40.7294602, -73.780248)",trafficstat,False,False,False,False,False,False,False,False,False,,,,,,,
2026-08-20,00:00,40.7224378,-73.8011555,UNION TPKE,11366,107,OTHER,Street,41.44732263864239,False,QUEENS,"(40.7224378, -73.8011555)",trafficstat,False,False,False,False,False,False,False,False,False,,,,,,,
2026-08-20,00:00,40.7170566,-73.8232399,GRAND CENTRAL PY WB EN UNION TP,11367,107,UNKNOWN,Ramp,58.19618666847889,False,QUEENS,"(40.7170566, -73.8232399)",trafficstat,False,False,False,False,False,False,False,False,False,,,,,,,
2026-08-20,00:00,40.70629,-73.81297,143 ST,11435,107,UNKNOWN,Street,0.6533128445644518,False,QUEENS,"(40.70629, -73.81297)",trafficstat,False,False,False,False,False,False,False,False,False,,,,,,,
2026-08-20,00:00,40.7097536,-73.7956175,HILLSIDE AVE,11432,107,UNKNOWN,Street,2.676962150001927,False,QUEENS,"(40.7097536, -73.7956175)",trafficstat,True,False,True,False,False,False,False,False,False,,,,,,,
2026-08-19,00:00,40.7399637,-73.8175843,HORACE HARDING EXPY,11367,107,UNKNOWN,Street,2.209572391150486,False,QUEENS,"(40.7399637, -73.8175843)",trafficstat,False,False,False,False,False,False,False,False,False,,,,,,,
2026-08-18,00:00,40.7091548,-73.7983595,HILLSIDE AVE,11432,107,OTHER,Street,58.463332744057325,False,QUEENS,"(40.7091548, -73.7983595)",trafficstat,True,False,False,False,True,False,False,False,False,,,,,,,
2026-08-18,00:00,40.7046442,-73.8166317,138 ST,11435,107,UNKNOWN,Street,39.89891471630484,False,QUEENS,"(40.7046442, -73.8166317)",trafficstat,True,False,False,False,False,False,False,True,False,,,,,,,
2026-08-18,00:00,40.7051235,-73.8119053,144 ST,11435,107,UNKNOWN,Street,0.24069545207927429,False,QUEENS,"(40.7051235, -73.8119053)",trafficstat,False,False,False,False,False,False,False,False,False,,,,,,,
2026-08-13,00:00,40.7051235,-73.8119053,144 ST,11435,107,UNKNOWN,Street,0.24069545207927429,False,QUEENS,"(40.7051235, -73.8119053)",trafficstat,False,False,False,False,False,False,False,False,False,,,,,,,
2026-07-25,00:00,40.7051235,-73.8119053,144 ST,11435,107,UNKNOWN,Street,0.24069545207927429,False,QUEENS,"(40.7051235, -73.8119053)",trafficstat,True,False,True,False,False,False,False,False,False,,,,,,,
2026-08-17,00:00,40.7303997,-73.8150451,KISSENA BLVD,11367,107,OTHER,Street,0.5858752690892675,False,QUEENS,"(40.7303997, -73.8150451)",trafficstat,True,False,True,False,False,False,False,False,False,,,,,,,
2026-08-17,00:00,40.7446525,-73.7704048,LONG ISLAND EXPY,11364,107,UNKNOWN,Highway,1.146835764527256,False,QUEENS,"(40.7446525, -73.7704048)",trafficstat,False,False,False,False,False,False,False,False,False,,,,,,,
2026-08-13,00:00,40.7446525,-73.7704048,LONG ISLAND EXPY,11364,107,UNKNOWN,Highway,1.146835764527256,False,QUEENS,"(40.7446525, -73.7704048)",trafficstat,True,False,False,False,False,False,False,True,False,,,,,,,
2026-07-27,00:00,40.7446525,-73.7704048,LONG ISLAND EXPY,11364,107,UNKNOWN,Highway,1.146835764527256,False,QUEENS,"(40.7446525, -73.7704048)",trafficstat,False,False,False,False,False,False,False,False,False,,,,,,,
2026-07-01,00:00,40.7446525,-73.7704048,LONG ISLAND EXPY,11364,107,UNKNOWN,Highway,1.146835764527256,False,QUEENS,"(40.7446525, -73.7704048)",trafficstat,False,False,False,False,False,False,False,False,False,,,,,,,
2026-06-18,00:00,40.7446525,-73.7704048,LONG ISLAND EXPY,11364,107,UNKNOWN,Highway,1.146835764527256,False,QUEENS,"(40.7446525, -73.7704048)",trafficstat,False,False,False,False,False,False,False,False,False,,,,,,,
2026-08-17,00:00,40.7362693,-73.7728608,73 AVE,11364,107,OTHER,Street,3.2869640459645817,False,QUEENS,"(40.7362693, -73.7728608)",trafficstat,True,False,False,False,False,False,False,True,False,,,,,,,
2026-08-16,00:00,40.7282249,-73.8012975,168 ST,11366,107,UNKNOWN,Street,0.09894568286161717,False,QUEENS,"(40.7282249, -73.8012975)",trafficstat,True,False,False,False,True,False,False,False,False,,,,,,,
2026-08-16,00:00,40.7273005,-73.7864959,UNION TPKE,11366,107,UNKNOWN,Street,35.2527534804824,False,QUEENS,"(40.7273005, -73.7864959)",trafficstat,True,False,False,False,False,False,False,True,False,,,,,,,
2026-08-16,00:00,40.714114,-73.7998906,CHAPIN PKWY,11432,107,UNKNOWN,Street,51.2827933849672,False,QUEENS,"(40.714114, -73.7998906)",trafficstat,False,False,False,False,False,False,False,False,False,,,,,,,
2026-08-16,00:00,40.715717,-73.8077739,PARSONS BLVD,11432,107,UNKNOWN,Street,0.0605603439256749,False,QUEENS,"(40.715717, -73.8077739)",trafficstat,True,False,False,False,False,False,False,True,True,,,,,,,
2026-07-16,00:00,40.715717,-73.8077739,PARSONS BLVD,11432,107,UNKNOWN,Street,0.0605603439256749,False,QUEENS,"(40.715717, -73.8077739)",trafficstat,True,False,False,False,False,False,False,False,True,,,,,,,
2026-08-16,00:00,40.7173588,-73.8217045,GRAND CENTRAL PY WB EN UNION TP,11367,107,UNKNOWN,Street,1.279253765800301,False,QUEENS,"(40.7173588, -73.8217045)",trafficstat,True,False,False,False,False,False,False,True,False,,,,,,,
2026-08-16,00:00,40.7391647,-73.7855495,188 ST,11365,107,OTHER,Street,0.31969891672606005,False,QUEENS,"(40.7391647, -73.7855495)",trafficstat,True,False,False,False,False,False,False,True,False,,,,,,,
2026-08-15,00:00,40.7455252,-73.7676143,HORACE HARDING EXPY,11364,107,OTHER,Street,3.4662725748052186,False,QUEENS,"(40.7455252, -73.7676143)",trafficstat,True,False,False,False,False,False,False,False,True,,,,,,,
2026-08-15,00:00,40.7090253,-73.7981842,164 ST,11432,107,UNKNOWN,Street,0.9415280670227428,False,QUEENS,"(40.7090253, -73.7981842)",trafficstat,True,False,False,False,False,False,False,False,False,,,,,,,
2026-08-15,00:00,40.7096764,-73.8200262,MAIN ST,11435,107,UNKNOWN,Street,2.1499953895214885,False,QUEENS,"(40.7096764, -73.8200262)",trafficstat,False,False,False,False,False,False,False,False,False,,,,,,,
2026-07-29,00:00,40.7096764,-73.8200262,MAIN ST,11435,107,UNKNOWN,Street,2.1499953895214885,False,QUEENS,"(40.7096764, -73.8200262)",trafficstat,False,False,False,False,False,False,False,False,False,,,,,,,
2026-07-06,00:00,40.7096764,-73.8200262,MAIN ST,11435,107,OTHER,Street,2.1499953895214885,False,QUEENS,"(40.7096764, -73.8200262)",trafficstat,True,False,False,True,False,False,False,False,False,,,,,,,
2026-08-15,00:00,40.7257899,-73.791744,UTOPIA PKWY,11432,107,UNKNOWN,Street,14.531698755150606,False,QUEENS,"(40.7257899, -73.791744)",trafficstat,True,False,True,False,False,False,False,False,False,,,,,,,
2026-07-15,00:00,40.7257899,-73.791744,UTOPIA PKWY,11432,107,UNKNOWN,Street,14.531698755150606,False,QUEENS,"(40.7257899, -73.791744)",trafficstat,True,False,False,False,False,False,False,False,True,,,,,,,
2026-07-05,00:00,40.7257899,-73.791744,UTOPIA PKWY,11432,107,UNKNOWN,Street,14.531698755150606,False,QUEENS,"(40.7257899, -73.791744)",trafficstat,False,False,False,False,False,False,False,False,False,,,,,,,
2026-08-15,00:00,40.7249438,-73.8297491,VAN WYCK EXPY,11367,107,UNKNOWN,Highway,2.6148967039767586,False,QUEENS,"(40.7249438, -73.8297491)",trafficstat,True,False,False,False,False,False,False,True,False,,,,,,,
2026-08-14,00:00,40.7265335,-73.7888409,UNION TPKE,11366,107,UNKNOWN,Street,35.135424743175044,False,QUEENS,"(40.7265335, -73.7888409)",trafficstat,True,False,False,False,False,False,False,False,False,,,,,,,
2026-08-14,00:00,40.7190618,-73.8121185,UNION TPKE,11367,107,UNKNOWN,Street,17.21270246879058,False,QUEENS,"(40.7190618, -73.8121185)",trafficstat,True,False,False,False,False,False,False,False,True,,,,,,,
2026-08-14,00:00,40.7296681,-73.825352,JEWEL AVE,11367,107,UNKNOWN,Street,60.19468246908783,False,QUEENS,"(40.7296681, -73.825352)",trafficstat,False,False,False,False,False,False,False,False,False,,,,,,,
2026-08-14,00:00,40.7140367,-73.7828023,WEXFORD TER,11432,107,UNKNOWN,Street,3.20138252548158,False,QUEENS,"(40.7140367, -73.7828023)",trafficstat,True,False,False,False,False,False,False,True,False,,,,,,,
2026-07-30,00:00,40.7140367,-73.7828023,WEXFORD TER,11432,107,UNKNOWN,Street,3.20138252548158,False,QUEENS,"(40.7140367, -73.7828023)",trafficstat,True,False,True,False,False,False,False,False,False,,,,,,,
2026-08-14,00:00,40.7136803,-73.7874495,DALNY RD,11432,107,UNKNOWN,Street,0.8716356813399727,False,QUEENS,"(40.7136803, -73.7874495)",trafficstat,False,False,False,False,False,False,False,False,False,,,,,,,
2026-08-13,00:00,40.7185166,-73.7987428,82 RD,11432,107,UNKNOWN,Street,55.02317844562389,False,QUEENS,"(40.7185166, -73.7987428)",trafficstat,False,False,False,False,False,False,False,False,False,,,,,,,
2026-08-13,00:00,40.713061,-73.8066777,PARSONS BLVD,11432,107,UNKNOWN,Street,0.47496112506174715,False,QUEENS,"(40.713061, -73.8066777)",trafficstat,True,False,False,False,False,False,False,True,False,,,,,,,
2026-08-13,00:00,40.7045393,-73.817239,VAN WYCK EXPY,11435,107,UNKNOWN,Highway,2.6607211256295953,False,QUEENS,"(40.7045393, -73.817239)",trafficstat,True,False,False,False,False,False,False,True,False,,,,,,,
2026-08-03,00:00,40.7045393,-73.817239,VAN WYCK EXPY,11435,107,UNKNOWN,Highway,2.6607211256295953,False,QUEENS,"(40.7045393, -73.817239)",trafficstat,False,False,False,False,False,False,False,False,False,,,,,,,
2026-07-31,00:00,40.7045393,-73.817239,VAN WYCK EXPY,11435,107,UNKNOWN,Highway,2.6607211256295953,False,QUEENS,"(40.7045393, -73.817239)",trafficstat,True,False,False,False,False,False,False,True,False,,,,,,,
2026-06-20,00:00,40.7045393,-73.817239,VAN WYCK EXPY,11435,107,OTHER,Highway,2.6607211256295953,False,QUEENS,"(40.7045393, -73.817239)",trafficstat,False,False,False,False,False,False,False,False,False,,,,,,,
2026-08-13,00:00,40.7347844,-73.7932169,67 AVE,11365,107,UNKNOWN,Street,3.100408157563247,False,QUEENS,"(40.7347844, -73.7932169)",trafficstat,True,False,False,False,False,False,False,True,False,,,,,,,
2026-06-18,00:00,40.7347844,-73.7932169,67 AVE,11365,107,OTHER,Street,3.100408157563247,False,QUEENS,"(40.7347844, -73.7932169)",trafficstat,True,False,False,False,False,False,True,False,False,,,,,,,
2026-08-13,00:00,40.7292122,-73.7811617,188 ST,11423,107,OTHER,Street,1.037135836290795,False,QUEENS,"(40.7292122, -73.7811617)",trafficstat,True,False,False,False,False,False,False,True,False,,,,,,,
2026-07-25,00:00,40.7292122,-73.7811617,188 ST,11423,107,UNKNOWN,Street,1.037135836290795,False,QUEENS,"(40.7292122, -73.7811617)",trafficstat,False,False,False,False,False,False,False,False,False,,,,,,,
2026-08-13,00:00,40.7259708,-73.7755621,193 ST,11423,107,UNKNOWN,Street,0.7968214984856962,False,QUEENS,"(40.7259708, -73.7755621)",trafficstat,False,False,False,False,False,False,False,False,False,,,,,,,
2026-08-12,00:00,40.7214618,-73.8045285,UNION TPKE,11366,107,OTHER,Street,17.76590474665314,False,QUEENS,"(40.7214618, -73.8045285)",trafficstat,True,False,False,False,False,False,False,True,False,,,,,,,
2026-08-09,00:00,40.7214618,-73.8045285,UNION TPKE,11366,107,UNKNOWN,Street,17.76590474665314,False,QUEENS,"(40.7214618, -73.8045285)",trafficstat,False,False,False,False,False,False,False,False,False,,,,,,,
2026-08-08,00:00,40.7214618,-73.8045285,UNION TPKE,11366,107,UNKNOWN,Street,17.76590474665314,False,QUEENS,"(40.7214618, -73.8045285)",trafficstat,True,False,False,False,False,False,False,True,False,,,,,,,
2026-07-10,00:00,40.7214618,-73.8045285,UNION TPKE,11366,107,UNKNOWN,Street,17.76590474665314,False,QUEENS,"(40.7214618, -73.8045285)",trafficstat,True,False,True,False,False,False,False,False,False,,,,,,,
2026-07-04,00:00,40.7214618,-73.8045285,UNION TPKE,11366,107,OTHER,Street,17.76590474665314,False,QUEENS,"(40.7214618, -73.8045285)",trafficstat,False,False,False,False,False,False,False,False,False,,,,,,,
2026-07-02,00:00,40.7214618,-73.8045285,UNION TPKE,11366,107,OTHER,Street,17.76590474665314,False,QUEENS,"(40.7214618, -73.8045285)",trafficstat,True,False,True,False,False,False,False,False,False,,,,,,,
2026-08-12,00:00,40.7283988,-73.8330163,VAN WYCK EXPY,11367,107,UNKNOWN,Highway,0.7431528249343807,False,QUEENS,"(40.7283988, -73.8330163)",trafficstat,True,False,False,False,False,False,False,False,True,,,,,,,
2026-07-12,00:00,40.7283988,-73.8330163,VAN WYCK EXPY,11367,107,UNKNOWN,Highway,0.7431528249343807,False,QUEENS,"(40.7283988, -73.8330163)",trafficstat,True,False,False,False,False,False,False,True,False,,,,,,,
2026-06-29,00:00,40.7283988,-73.8330163,VAN WYCK EXPY,11367,107,UNKNOWN,Highway,0.7431528249343807,False,QUEENS,"(40.7283988, -73.8330163)",trafficstat,False,False,False,False,False,False,False,False,False,,,,,,,
2026-06-22,00:00,40.7283988,-73.8330163,VAN WYCK EXPY,11367,107,UNKNOWN,Highway,0.7431528249343807,False,QUEENS,"(40.7283988, -73.8330163)",trafficstat,False,False,False,False,False,False,False,False,False,,,,,,,
2026-08-12,00:00,40.7082014,-73.8010759,161 ST,11432,107,UNKNOWN,Street,0.7248272267172857,False,QUEENS,"(40.7082014, -73.8010759)",trafficstat,False,False,False,False,False,False,False,False,False,,,,,,,
2026-08-12,00:00,40.7085146,-73.819533,VAN WYCK EXPWY SB EN MAIN ST,11435,107,UNKNOWN,Ramp,1.2441871322185964,False,QUEENS,"(40.7085146, -73.819533)",trafficstat,True,False,False,False,False,False,False,True,True,,,,,,,
2026-08-12,00:00,40.7155346,-73.8259732,VAN WYCK EXPRESSWAY NB EXIT 10,11367,107,OTHER,Ramp,2.196307907548475,False,QUEENS,"(40.7155346, -73.8259732)",trafficstat,True,False,False,False,False,True,False,False,False,,,,,,,
2026-08-12,00:00,40.7170996,-73.8263024,UNION TPKE,11367,107,UNKNOWN,Street,7.26683090985806,False,QUEENS,"(40.7170996, -73.8263024)",trafficstat,True,False,False,False,False,False,False,True,False,,,,,,,
2026-06-12,00:00,40.7170996,-73.8263024,UNION TPKE,11367,107,OTHER,Street,7.26683090985806,False,QUEENS,"(40.7170996, -73.8263024)",trafficstat,False,False,False,False,False,False,False,False,False,,,,,,,
2026-08-12,00:00,40.717023,-73.7993916,GRAND CENTRAL PKWY,11432,107,UNKNOWN,Highway,1.361768043462397,False,QUEENS,"(40.717023, -73.7993916)",trafficstat,False,False,False,False,False,False,False,False,False,,,,,,,
2026-08-12,00:00,40.7386864,-73.8169527,REEVES AVE,11367,107,UNKNOWN,Street,1.0964552095418096,False,QUEENS,"(40.7386864, -73.8169527)",trafficstat,False,False,False,False,False,False,False,False,False,,,,,,,
2026-08-11,00:00,40.7301166,-73.8107386,PARSONS BLVD,11365,107,UNKNOWN,Street,50.189646267526456,False,QUEENS,"(40.7301166, -73.8107386)",trafficstat,False,False,False,False,False,False,False,False,False,,,,,,,
2026-08-11,00:00,40.7149233,-73.8079373,COOLIDGE AVE,11432,107,UNKNOWN,Street,38.938569942363216,False,QUEENS,"(40.7149233, -73.8079373)",trafficstat,False,False,False,False,False,False,False,False,False,,,,,,,
2026-08-11,00:00,40.7071917,-73.8112228,87 AVE,11435,107,OTHER,Street,80.61503408117403,False,QUEENS,"(40.7071917, -73.8112228)",trafficstat,False,False,False,False,False,False,False,False,False,,,,,,,
2026-08-11,00:00,40.7286634,-73.8227711,70 RD,11367,107,UNKNOWN,Street,3.408446857571945,False,QUEENS,"(40.7286634, -73.8227711)",trafficstat,False,False,False,False,False,False,False,False,False,,,,,,,
2026-08-10,00:00,40.727816,-73.8111196,PARSONS BLVD,11365,107,UNKNOWN,Street,0.7774076368212604,False,QUEENS,"(40.727816, -73.8111196)",trafficstat,False,False,False,False,False,False,False,False,False,,,,,,,
2026-08-10,00:00,40.7261109,-73.8210497,VLEIGH PL,11367,107,UNKNOWN,Street,0.18397397375573293,False,QUEENS,"(40.7261109, -73.8210497)",trafficstat,True,False,False,False,False,False,False,True,False,,,,,,,
2026-08-10,00:00,40.7297447,-73.8337201,VAN WYCK EXPY,11367,107,OTHER,Highway,0.11645717394457053,False,QUEENS,"(40.7297447, -73.8337201)",trafficstat,True,False,False,False,False,False,False,False,True,,,,,,,
2026-08-10,00:00,40.7261436,-73.7631771,GRAND CENTRAL PKWY,11427,107,UNKNOWN,Highway,1.3942088080244965,False,QUEENS,"(40.7261436, -73.7631771)",trafficstat,True,False,False,False,False,False,False,True,True,,,,,,,