crash_date,crash_time,latitude,longitude,on_street_name,zip_code,precinct,collision_type,roadway_type,geocode_dist_feet,time_is_known,borough,location,source,injury,fatality,injured_pedestrian,injured_cyclist,injured_ebike_rider,injured_motorcyclist,injured_moped_rider,injured_car_occupant,injured_suv_occupant,number_of_persons_injured,number_of_persons_killed,contributing_factor_vehicle_1,collision_id,cross_street_name,off_street_name,vehicle_type_code1
2026-07-21,00:00,40.7261436,-73.7631771,GRAND CENTRAL PKWY,11427,107,UNKNOWN,Highway,1.3942088080244965,False,QUEENS,"(40.7261436, -73.7631771)",trafficstat,True,False,False,False,False,False,False,False,True,,,,,,,
2026-07-15,00:00,40.7261436,-73.7631771,GRAND CENTRAL PKWY,11427,107,UNKNOWN,Highway,1.3942088080244965,False,QUEENS,"(40.7261436, -73.7631771)",trafficstat,True,False,False,False,False,False,False,False,True,,,,,,,
2026-08-10,00:00,40.7124977,-73.8192423,139 ST,11435,107,UNKNOWN,Street,72.75133879001241,False,QUEENS,"(40.7124977, -73.8192423)",trafficstat,True,False,False,True,False,False,False,True,False,,,,,,,
2026-08-10,00:00,40.7184467,-73.8086137,PARSONS BLVD,11432,107,OTHER,Street,0.5007622111379763,False,QUEENS,"(40.7184467, -73.8086137)",trafficstat,False,False,False,False,False,False,False,False,False,,,,,,,
2026-06-12,00:00,40.7184467,-73.8086137,PARSONS BLVD,11432,107,OTHER,Street,0.5007622111379763,False,QUEENS,"(40.7184467, -73.8086137)",trafficstat,False,False,False,False,False,False,False,False,False,,,,,,,
2026-08-10,00:00,40.7393875,-73.7906561,HORACE HARDING EXPY,11365,107,UNKNOWN,Street,38.13060107084931,False,QUEENS,"(40.7393875, -73.7906561)",trafficstat,False,False,False,False,False,False,False,False,False,,,,,,,
2026-08-09,00:00,40.7163232,-73.8193784,GRAND CENTRAL PKWY,11367,107,UNKNOWN,Highway,8.365189200388462,False,QUEENS,"(40.7163232, -73.8193784)",trafficstat,False,False,False,False,False,False,False,False,False,,,,,,,
2026-08-09,00:00,40.7120953,-73.7939409,169 ST,11432,107,UNKNOWN,Street,47.55714038414483,False,QUEENS,"(40.7120953, -73.7939409)",trafficstat,False,False,False,False,False,False,False,False,False,,,,,,,
2026-08-09,00:00,40.7307781,-73.8125311,71 AVE,11367,107,UNKNOWN,Street,192.8362733986948,False,QUEENS,"(40.7307781, -73.8125311)",trafficstat,False,False,False,False,False,False,False,False,False,,,,,,,
2026-08-09,00:00,40.7208371,-73.8246544,77 AVE,11367,107,OTHER,Street,52.404199750676156,False,QUEENS,"(40.7208371, -73.8246544)",trafficstat,False,False,False,False,False,False,False,False,False,,,,,,,
2026-08-09,00:00,40.7249015,-73.7878921,80 DR,11432,107,UNKNOWN,Street,94.90719122170673,False,QUEENS,"(40.7249015, -73.7878921)",trafficstat,False,False,False,False,False,False,False,False,False,,,,,,,
2026-08-08,00:00,40.731516,-73.8013671,168 ST,11365,107,UNKNOWN,Street,0.27989468348874114,False,QUEENS,"(40.731516, -73.8013671)",trafficstat,True,False,False,False,True,False,False,False,False,,,,,,,
2026-08-08,00:00,40.7168322,-73.820185,GRAND CENTRAL PKWY,11367,107,UNKNOWN,Highway,27.49993107168609,False,QUEENS,"(40.7168322, -73.820185)",trafficstat,False,False,False,False,False,False,False,False,False,,,,,,,
2026-08-05,00:00,40.7168322,-73.820185,GRAND CENTRAL PKWY,11367,107,OTHER,Highway,27.49993107168609,False,QUEENS,"(40.7168322, -73.820185)",trafficstat,True,False,False,False,False,False,False,True,False,,,,,,,
2026-08-07,00:00,40.7187154,-73.7926102,GRAND CENTRAL PKWY,11432,107,UNKNOWN,Street,3.3271836269925235,False,QUEENS,"(40.7187154, -73.7926102)",trafficstat,False,False,False,False,False,False,False,False,False,,,,,,,
2026-08-07,00:00,40.7088816,-73.8160448,85 DR,11435,107,OTHER,Street,17.824043244755842,False,QUEENS,"(40.7088816, -73.8160448)",trafficstat,True,False,False,False,False,False,False,True,False,,,,,,,
2026-08-07,00:00,40.7064671,-73.8178479,138 ST,11435,107,UNKNOWN,Street,41.348876370124906,False,QUEENS,"(40.7064671, -73.8178479)",trafficstat,True,False,False,False,False,False,False,True,False,,,,,,,
2026-08-07,00:00,40.7337284,-73.7663579,CLEARVIEW EXPY,11364,107,UNKNOWN,Highway,8.415838377397,False,QUEENS,"(40.7337284, -73.7663579)",trafficstat,True,False,False,False,False,False,False,False,True,,,,,,,
2026-08-06,00:00,40.7180216,-73.80232,164 PL,11432,107,UNKNOWN,Street,0.6262585720210726,False,QUEENS,"(40.7180216, -73.80232)",trafficstat,True,False,False,False,False,False,False,False,True,,,,,,,
2026-08-06,00:00,40.7421579,-73.8360707,LONG ISLAND EXPWY EB ET 22 D,11367,107,UNKNOWN,Ramp,145.00052908984853,False,QUEENS,"(40.7421579, -73.8360707)",trafficstat,True,False,False,False,False,False,False,False,True,,,,,,,
2026-08-05,00:00,40.7424626,-73.7819229,HORACE HARDING EXPY,11365,107,UNKNOWN,Street,3.4357452044787724,False,QUEENS,"(40.7424626, -73.7819229)",trafficstat,True,False,False,False,False,False,False,True,False,,,,,,,
2026-08-05,00:00,40.7142298,-73.8164535,HOOVER AVE,11435,107,OTHER,Street,2.666894342568226,False,QUEENS,"(40.7142298, -73.8164535)",trafficstat,False,False,False,False,False,False,False,False,False,,,,,,,
2026-08-05,00:00,40.7188237,-73.7932715,GRAND CENTRAL PKWY,11432,107,UNKNOWN,Highway,0.08983561877738945,False,QUEENS,"(40.7188237, -73.7932715)",trafficstat,True,False,False,False,False,False,False,True,True,,,,,,,
2026-08-05,00:00,40.7263506,-73.7650741,GRAND CENTRAL PKWY,11427,107,OTHER,Highway,0.8283425970942345,False,QUEENS,"(40.7263506, -73.7650741)",trafficstat,True,False,False,False,False,False,False,False,True,,,,,,,
2026-08-05,00:00,40.7273492,-73.7863479,UNION TPKE,11366,107,UNKNOWN,Street,34.84005140152013,False,QUEENS,"(40.7273492, -73.7863479)",trafficstat,False,False,False,False,False,False,False,False,False,,,,,,,
2026-08-05,00:00,40.7190817,-73.7944835,GRAND CENTRAL PKWY,11432,107,UNKNOWN,Street,50.14627249713756,False,QUEENS,"(40.7190817, -73.7944835)",trafficstat,False,False,False,False,False,False,False,False,False,,,,,,,
2026-08-04,00:00,40.712368,-73.7939,169 ST,11432,107,UNKNOWN,Street,0.3914170310156767,False,QUEENS,"(40.712368, -73.7939)",trafficstat,False,False,False,False,False,False,False,False,False,,,,,,,
2026-08-03,00:00,40.7167036,-73.8276079,UNION TPKE,11367,107,UNKNOWN,Street,2.3103915037914664,False,QUEENS,"(40.7167036, -73.8276079)",trafficstat,True,False,False,False,False,False,False,False,True,,,,,,,
2026-06-19,00:00,40.7167036,-73.8276079,UNION TPKE,11367,107,UNKNOWN,Street,2.3103915037914664,False,QUEENS,"(40.7167036, -73.8276079)",trafficstat,True,False,False,False,False,False,False,True,False,,,,,,,
2026-08-03,00:00,40.7258782,-73.8090369,75 RD,11366,107,UNKNOWN,Street,40.96914190245861,False,QUEENS,"(40.7258782, -73.8090369)",trafficstat,False,False,False,False,False,False,False,False,False,,,,,,,
2026-08-03,00:00,40.7216896,-73.8002296,81 AVE,11432,107,UNKNOWN,Street,82.22062043816396,False,QUEENS,"(40.7216896, -73.8002296)",trafficstat,False,False,False,False,False,False,False,False,False,,,,,,,
2026-08-03,00:00,40.7278413,-73.8328323,JEWEL AVE,11367,107,UNKNOWN,Street,3.153447407226849,False,QUEENS,"(40.7278413, -73.8328323)",trafficstat,True,False,False,False,False,False,False,False,True,,,,,,,
2026-08-03,00:00,40.7394755,-73.7856449,188 ST,11365,107,OTHER,Street,45.66711551749578,False,QUEENS,"(40.7394755, -73.7856449)",trafficstat,True,False,True,False,False,False,False,False,False,,,,,,,
2026-08-02,00:00,40.7357098,-73.8102869,PARSONS BLVD,11365,107,UNKNOWN,Street,59.306216698900386,False,QUEENS,"(40.7357098, -73.8102869)",trafficstat,False,False,False,False,False,False,False,False,False,,,,,,,
2026-08-02,00:00,40.7156377,-73.8163595,GRAND CENTRAL PKWY,11435,107,UNKNOWN,Street,3.1740177252091133,False,QUEENS,"(40.7156377, -73.8163595)",trafficstat,True,False,False,False,False,False,False,True,False,,,,,,,
2026-07-02,00:00,40.7156377,-73.8163595,GRAND CENTRAL PKWY,11435,107,UNKNOWN,Street,3.1740177252091133,False,QUEENS,"(40.7156377, -73.8163595)",trafficstat,True,False,False,False,False,False,False,True,False,,,,,,,
2026-08-02,00:00,40.7107097,-73.7930391,169 ST,11432,107,OTHER,Street,1.3881973686473967,False,QUEENS,"(40.7107097, -73.7930391)",trafficstat,True,False,True,True,False,False,False,False,False,,,,,,,
2026-08-01,00:00,40.7107097,-73.7930391,169 ST,11432,107,UNKNOWN,Street,1.3881973686473967,False,QUEENS,"(40.7107097, -73.7930391)",trafficstat,True,False,True,False,False,False,False,False,False,,,,,,,
2026-08-02,00:00,40.7058853,-73.8179351,VAN WYCK EXPY,11435,107,UNKNOWN,Highway,2.3185982994263785,False,QUEENS,"(40.7058853, -73.8179351)",trafficstat,False,False,False,False,False,False,False,False,False,,,,,,,
2026-07-03,00:00,40.7058853,-73.8179351,VAN WYCK EXPY,11435,107,UNKNOWN,Highway,2.3185982994263785,False,QUEENS,"(40.7058853, -73.8179351)",trafficstat,True,False,False,False,False,False,True,False,False,,,,,,,
2026-08-02,00:00,40.7042012,-73.8152441,QUEENS BLVD,11435,107,UNKNOWN,Street,0.2973160454953506,False,QUEENS,"(40.7042012, -73.8152441)",trafficstat,True,False,False,False,False,False,False,True,False,,,,,,,
2026-08-01,00:00,40.7078554,-73.8086135,87 AVE,11435,107,UNKNOWN,Street,55.54595692781754,False,QUEENS,"(40.7078554, -73.8086135)",trafficstat,False,False,False,False,False,False,False,False,False,,,,,,,
2026-08-01,00:00,40.7145415,-73.7812351,AVON ST,11432,107,UNKNOWN,Street,1.4413223744752104,False,QUEENS,"(40.7145415, -73.7812351)",trafficstat,True,False,False,False,False,False,False,True,False,,,,,,,
2026-08-01,00:00,40.7137485,-73.8185125,82 DR,11435,107,UNKNOWN,Street,36.78295664492194,False,QUEENS,"(40.7137485, -73.8185125)",trafficstat,False,False,False,False,False,False,False,False,False,,,,,,,
2026-08-01,00:00,40.7265821,-73.7973409,172 ST,11366,107,UNKNOWN,Street,0.4445106225260371,False,QUEENS,"(40.7265821, -73.7973409)",trafficstat,False,False,False,False,False,False,False,False,False,,,,,,,
2026-07-31,00:00,40.7320381,-73.8149179,JEWEL AVE,11367,107,UNKNOWN,Street,1.8855921766699966,False,QUEENS,"(40.7320381, -73.8149179)",trafficstat,False,False,False,False,False,False,False,False,False,,,,,,,
2026-07-31,00:00,40.7066866,-73.8093472,148 ST,11435,107,OTHER,Street,0.3389060311502637,False,QUEENS,"(40.7066866, -73.8093472)",trafficstat,False,False,False,False,False,False,False,False,False,,,,,,,
2026-07-25,00:00,40.7066866,-73.8093472,148 ST,11435,107,UNKNOWN,Street,0.3389060311502637,False,QUEENS,"(40.7066866, -73.8093472)",trafficstat,True,False,False,False,True,False,False,False,False,,,,,,,
2026-07-04,00:00,40.7066866,-73.8093472,148 ST,11435,107,OTHER,Street,0.3389060311502637,False,QUEENS,"(40.7066866, -73.8093472)",trafficstat,True,False,False,False,False,False,False,True,False,,,,,,,
2026-07-31,00:00,40.7200128,-73.7846241,GRAND CENTRAL PKWY,11432,107,UNKNOWN,Highway,1.072065766993527,False,QUEENS,"(40.7200128, -73.7846241)",trafficstat,True,False,False,False,False,False,False,True,False,,,,,,,
2026-07-30,00:00,40.7209643,-73.8145723,78 AVE,11367,107,UNKNOWN,Street,63.02976085583867,False,QUEENS,"(40.7209643, -73.8145723)",trafficstat,False,False,False,False,False,False,False,False,False,,,,,,,
2026-07-30,00:00,40.7077158,-73.802787,PARSONS BLVD,11432,107,UNKNOWN,Street,0.8434219751613106,False,QUEENS,"(40.7077158, -73.802787)",trafficstat,True,False,True,False,False,False,False,False,False,,,,,,,
2026-07-20,00:00,40.7077158,-73.802787,PARSONS BLVD,11432,107,UNKNOWN,Street,0.8434219751613106,False,QUEENS,"(40.7077158, -73.802787)",trafficstat,True,False,False,False,False,False,False,True,False,,,,,,,
2026-07-30,00:00,40.7224413,-73.7630244,204 ST,11423,107,UNKNOWN,Street,92.97495997582568,False,QUEENS,"(40.7224413, -73.7630244)",trafficstat,False,False,False,False,False,False,False,False,False,,,,,,,
2026-07-30,00:00,40.7204568,-73.8042645,81 AVE,11432,107,UNKNOWN,Street,2.7291162260392445,False,QUEENS,"(40.7204568, -73.8042645)",trafficstat,False,False,False,False,False,False,False,False,False,,,,,,,
2026-07-30,00:00,40.7196616,-73.7876722,GRAND CENTRAL PKWY,11432,107,UNKNOWN,Street,3.543624462309072,False,QUEENS,"(40.7196616, -73.7876722)",trafficstat,True,False,False,False,False,False,False,True,False,,,,,,,
2026-07-30,00:00,40.7383523,-73.7885328,185 ST,11365,107,UNKNOWN,Street,0.8174129188873042,False,QUEENS,"(40.7383523, -73.7885328)",trafficstat,False,False,False,False,False,False,False,False,False,,,,,,,
2026-07-29,00:00,40.7379697,-73.7807511,67 AVE,11365,107,UNKNOWN,Street,74.66477334721361,False,QUEENS,"(40.7379697, -73.7807511)",trafficstat,False,False,False,False,False,False,False,False,False,,,,,,,
2026-07-29,00:00,40.7299194,-73.8330724,PARK DR E,11367,107,UNKNOWN,Street,1.1378571159851845,False,QUEENS,"(40.7299194, -73.8330724)",trafficstat,False,False,False,False,False,False,False,False,False,,,,,,,
2026-07-29,00:00,40.7100128,-73.7947294,168 ST,11432,107,UNKNOWN,Street,0.5465956578445859,False,QUEENS,"(40.7100128, -73.7947294)",trafficstat,True,False,False,False,False,False,False,True,False,,,,,,,
2026-07-29,00:00,40.7165348,-73.8230753,JACKIE ROBINSON PY EB ET 8 E,11367,107,UNKNOWN,Ramp,19.91837553531919,False,QUEENS,"(40.7165348, -73.8230753)",trafficstat,False,False,False,False,False,False,False,False,False,,,,,,,
2026-06-30,00:00,40.7165348,-73.8230753,JACKIE ROBINSON PY EB ET 8 E,11367,107,UNKNOWN,Ramp,19.91837553531919,False,QUEENS,"(40.7165348, -73.8230753)",trafficstat,False,False,False,False,False,False,False,False,False,,,,,,,
2026-07-27,00:00,40.71112,-73.79741,166 ST,11432,107,UNKNOWN,Street,2.176691941673961,False,QUEENS,"(40.71112, -73.79741)",trafficstat,False,False,False,False,False,False,False,False,False,,,,,,,
2026-07-27,00:00,40.72785,-73.81394,KISSENA BLVD,11367,107,OTHER,Street,2.4818406625418024,False,QUEENS,"(40.72785, -73.81394)",trafficstat,True,False,True,False,False,False,False,False,False,,,,,,,
2026-07-27,00:00,40.7239425,-73.7784443,188 ST,11423,107,UNKNOWN,Street,1.3899700236859467,False,QUEENS,"(40.7239425, -73.7784443)",trafficstat,True,False,True,False,False,False,False,False,False,,,,,,,
2026-07-27,00:00,40.7376747,-73.8034737,165 ST,11365,107,UNKNOWN,Street,52.785445203724024,False,QUEENS,"(40.7376747, -73.8034737)",trafficstat,False,False,False,False,False,False,False,False,False,,,,,,,
2026-07-26,00:00,40.7433555,-73.8372322,LONG ISLAND EXPY,11367,107,UNKNOWN,Highway,12.018745026322904,False,QUEENS,"(40.7433555, -73.8372322)",trafficstat,True,False,False,False,False,False,False,False,True,,,,,,,
2026-07-26,00:00,40.7339372,-73.8046167,164 ST,11365,107,UNKNOWN,Street,66.33621792823482,False,QUEENS,"(40.7339372, -73.8046167)",trafficstat,False,False,False,False,False,False,False,False,False,,,,,,,
2026-07-26,00:00,40.7262624,-73.7695143,GRAND CENTRAL PKWY,11423,107,OTHER,Highway,144.38414623800662,False,QUEENS,"(40.7262624, -73.7695143)",trafficstat,False,False,False,False,False,False,False,False,False,,,,,,,
2026-06-14,00:00,40.7262624,-73.7695143,GRAND CENTRAL PKWY,11423,107,OTHER,Highway,144.38414623800662,False,QUEENS,"(40.7262624, -73.7695143)",trafficstat,False,False,False,False,False,False,False,False,False,,,,,,,
2026-06-13,00:00,40.7262624,-73.7695143,GRAND CENTRAL PKWY,11423,107,OTHER,Highway,144.38414623800662,False,QUEENS,"(40.7262624, -73.7695143)",trafficstat,False,False,False,False,False,False,False,False,False,,,,,,,
2026-07-26,00:00,40.7384725,-73.808619,LONG ISLAND EXPY,11367,107,UNKNOWN,Highway,4.629470055992057,False,QUEENS,"(40.7384725, -73.808619)",trafficstat,False,False,False,False,False,False,False,False,False,,,,,,,
2026-07-26,00:00,40.7139157,-73.7810242,AVON ST,11432,107,UNKNOWN,Street,54.58515458975842,False,QUEENS,"(40.7139157, -73.7810242)",trafficstat,False,False,False,False,False,False,False,False,False,,,,,,,
2026-07-25,00:00,40.7126046,-73.79361,HIGHLAND AVE,11432,107,UNKNOWN,Street,40.324554991557804,False,QUEENS,"(40.7126046, -73.79361)",trafficstat,False,False,False,False,False,False,False,False,False,,,,,,,
2026-07-25,00:00,40.7069781,-73.8130578,143 ST,11435,107,OTHER,Street,0.49358798370935963,False,QUEENS,"(40.7069781, -73.8130578)",trafficstat,False,False,False,False,False,False,False,False,False,,,,,,,
2026-07-25,00:00,40.7188453,-73.7885766,EDGERTON BLVD,11432,107,OTHER,Street,1.4033981047228796,False,QUEENS,"(40.7188453, -73.7885766)",trafficstat,False,False,False,False,False,False,False,False,False,,,,,,,
2026-07-25,00:00,40.7232082,-73.7630747,204 ST,11423,107,UNKNOWN,Street,70.27733945491507,False,QUEENS,"(40.7232082, -73.7630747)",trafficstat,False,False,False,False,False,False,False,False,False,,,,,,,
2026-07-25,00:00,40.725356,-73.7713877,GRAND CENTRAL PKWY,11423,107,UNKNOWN,Highway,1.8036501817495354,False,QUEENS,"(40.725356, -73.7713877)",trafficstat,True,False,False,False,False,False,False,True,False,,,,,,,
2026-07-25,00:00,40.7284295,-73.7928398,UTOPIA PKWY,11366,107,UNKNOWN,Street,17.623779711398623,False,QUEENS,"(40.7284295, -73.7928398)",trafficstat,True,False,False,False,False,True,False,False,False,,,,,,,
2026-07-25,00:00,40.7413317,-73.7847789,LONG ISLAND EXPY,11365,107,UNKNOWN,Highway,6.039294647574732,False,QUEENS,"(40.7413317, -73.7847789)",trafficstat,False,False,False,False,False,False,False,False,False,,,,,,,
2026-07-25,00:00,40.7371839,-73.7761116,197 ST,11365,107,UNKNOWN,Street,51.846316925183444,False,QUEENS,"(40.7371839, -73.7761116)",trafficstat,False,False,False,False,False,False,False,False,False,,,,,,,
2026-07-24,00:00,40.7379246,-73.790324,183 ST,11365,107,UNKNOWN,Street,0.8770925982726289,False,QUEENS,"(40.7379246, -73.790324)",trafficstat,True,False,False,False,False,False,False,False,True,,,,,,,
2026-07-24,00:00,40.7251198,-73.7714882,GRAND CENTRAL PKWY,11423,107,OTHER,Highway,70.37053250910833,False,QUEENS,"(40.7251198, -73.7714882)",trafficstat,True,False,False,False,False,False,False,True,False,,,,,,,
2026-07-24,00:00,40.7149992,-73.8102108,150 ST,11435,107,UNKNOWN,Street,0.040482548246934855,False,QUEENS,"(40.7149992, -73.8102108)",trafficstat,False,False,False,False,False,False,False,False,False,,,,,,,
2026-07-23,00:00,40.7109633,-73.8215355,VAN WYCK EXPY,11435,107,UNKNOWN,Highway,21.396527728549554,False,QUEENS,"(40.7109633, -73.8215355)",trafficstat,False,False,False,False,False,False,False,False,False,,,,,,,
2026-07-23,00:00,40.731388,-73.7722929,UNION TPKE,11366,107,UNKNOWN,Street,18.175507080519107,False,QUEENS,"(40.731388, -73.7722929)",trafficstat,True,False,False,True,False,False,False,False,False,,,,,,,
2026-07-23,00:00,40.7338326,-73.8078443,162 ST,11365,107,UNKNOWN,Street,2.6004424275357976,False,QUEENS,"(40.7338326, -73.8078443)",trafficstat,False,False,False,False,False,False,False,False,False,,,,,,,
2026-07-22,00:00,40.733609,-73.8158312,MELBOURNE AVE,11367,107,OTHER,Street,94.15793035713916,False,QUEENS,"(40.733609, -73.8158312)",trafficstat,False,False,False,False,False,False,False,False,False,,,,,,,
2026-07-22,00:00,40.7063692,-73.8167241,87 AVE,11435,107,UNKNOWN,Street,2.5953314175116717,False,QUEENS,"(40.7063692, -73.8167241)",trafficstat,True,False,False,False,False,False,False,False,False,,,,,,,
2026-07-21,00:00,40.7285474,-73.8055439,72 AVE,11365,107,OTHER,Street,32.678931094779486,False,QUEENS,"(40.7285474, -73.8055439)",trafficstat,False,False,False,False,False,False,False,False,False,,,,,,,
2026-07-21,00:00,40.721461,-73.8212001,77 AVE,11367,107,UNKNOWN,Street,52.32083532840688,False,QUEENS,"(40.721461, -73.8212001)",trafficstat,False,False,False,False,False,False,False,False,False,,,,,,,
2026-07-20,00:00,40.7191868,-73.7922242,GRAND CENTRAL PKWY,11432,107,UNKNOWN,Highway,1.7512995192862528,False,QUEENS,"(40.7191868, -73.7922242)",trafficstat,False,False,False,False,False,False,False,False,False,,,,,,,
2026-07-20,00:00,40.7197446,-73.7865189,GRAND CENTRAL PKWY,11432,107,OTHER,Highway,0.3521625685853555,False,QUEENS,"(40.7197446, -73.7865189)",trafficstat,False,False,False,False,False,False,False,False,False,,,,,,,
2026-07-20,00:00,40.72062,-73.81376,150 ST,11367,107,UNKNOWN,Street,1.9267040708196603,False,QUEENS,"(40.72062, -73.81376)",trafficstat,True,False,False,False,False,False,False,False,True,,,,,,,
2026-07-20,00:00,40.7411735,-73.7842526,HORACE HARDING EXPY,11365,107,UNKNOWN,Street,29.67176697097644,False,QUEENS,"(40.7411735, -73.7842526)",trafficstat,False,False,False,False,False,False,False,False,False,,,,,,,
2026-07-19,00:00,40.7417542,-73.8252696,MAIN ST,11367,107,UNKNOWN,Street,0.08214688360233151,False,QUEENS,"(40.7417542, -73.8252696)",trafficstat,True,False,False,False,False,False,False,False,True,,,,,,,
2026-07-19,00:00,40.7304547,-73.805166,71 AVE,11365,107,OTHER,Street,3.362598144533141,False,QUEENS,"(40.7304547, -73.805166)",trafficstat,False,False,False,False,False,False,False,False,False,,,,,,,
2026-07-17,00:00,40.7306047,-73.8214995,147 ST,11367,107,UNKNOWN,Street,0.6684266367916512,False,QUEENS,"(40.7306047, -73.8214995)",trafficstat,True,False,False,False,False,False,False,False,False,,,,,,,
2026-07-17,00:00,40.7199104,-73.8090388,PARSONS BLVD,11366,107,UNKNOWN,Street,0.002652794867952424,False,QUEENS,"(40.7199104, -73.8090388)",trafficstat,True,False,False,False,False,True,False,False,False,,,,,,,
2026-07-16,00:00,40.7199104,-73.8090388,PARSONS BLVD,11366,107,UNKNOWN,Street,0.002652794867952424,False,QUEENS,"(40.7199104, -73.8090388)",trafficstat,False,False,False,False,False,False,False,False,False,,,,,,,
2026-07-17,00:00,40.7154521,-73.8258544,VAN WYCK EXPY,11435,107,UNKNOWN,Highway,0.7375708591818032,False,QUEENS,"(40.7154521, -73.8258544)",trafficstat,True,False,False,False,False,False,False,True,False,,,,,,,
2026-07-16,00:00,40.7072013,-73.8187286,VAN WYCK EXPY,11435,107,OTHER,Highway,0.19816440690621248,False,QUEENS,"(40.7072013, -73.8187286)",trafficstat,False,False,False,False,False,False,False,False,False,,,,,,,
2026-07-13,00:00,40.7072013,-73.8187286,VAN WYCK EXPY,11435,107,UNKNOWN,Highway,0.19816440690621248,False,QUEENS,"(40.7072013, -73.8187286)",trafficstat,True,False,False,False,False,False,False,True,False,,,,,,,
2026-07-16,00:00,40.7194839,-73.8113663,152 ST,11367,107,UNKNOWN,Street,51.57115876573835,False,QUEENS,"(40.7194839, -73.8113663)",trafficstat,False,False,False,False,False,False,False,False,False,,,,,,,
2026-07-16,00:00,40.7274854,-73.7975114,172 ST,11366,107,OTHER,Street,0.09810975414683193,False,QUEENS,"(40.7274854, -73.7975114)",trafficstat,True,False,False,False,False,False,False,False,True,,,,,,,
2026-07-16,00:00,40.7325566,-73.7847842,186 ST,11366,107,UNKNOWN,Street,0.43871662798234506,False,QUEENS,"(40.7325566, -73.7847842)",trafficstat,False,False,False,False,False,False,False,False,False,,,,,,,
2026-07-01,00:00,40.7325566,-73.7847842,186 ST,11366,107,UNKNOWN,Street,0.43871662798234506,False,QUEENS,"(40.7325566, -73.7847842)",trafficstat,True,False,False,False,False,False,False,False,True,,,,,,,
2026-07-16,00:00,40.7277959,-73.8281024,137 ST,11367,107,UNKNOWN,Street,0.8802595138861327,False,QUEENS,"(40.7277959, -73.8281024)",trafficstat,False,False,False,False,False,False,False,False,False,,,,,,,
2026-07-16,00:00,40.7406103,-73.7865733,HORACE HARDING EXPY,11365,107,OTHER,Street,3.0938122512865154,False,QUEENS,"(40.7406103, -73.7865733)",trafficstat,False,False,False,False,False,False,False,False,False,,,,,,,
2026-07-15,00:00,40.7142396,-73.8073525,PARSONS BLVD,11432,107,UNKNOWN,Street,0.7385805877301463,False,QUEENS,"(40.7142396, -73.8073525)",trafficstat,True,False,False,False,False,True,False,False,False,,,,,,,
2026-07-15,00:00,40.7371402,-73.8146944,65 AVE,11367,107,OTHER,Street,3.113091772628768,False,QUEENS,"(40.7371402, -73.8146944)",trafficstat,False,False,False,False,False,False,False,False,False,,,,,,,
2026-07-14,00:00,40.7412792,-73.8215755,148 ST PEDESTRIAN OPAS,11367,107,UNKNOWN,Bridge,1.618881390785168,False,QUEENS,"(40.7412792, -73.8215755)",trafficstat,True,False,False,False,False,False,False,True,False,,,,,,,
2026-07-14,00:00,40.7588917,-73.8730985,32 AVE,11369,107,UNKNOWN,Street,54.14723324466603,False,QUEENS,"(40.7588917, -73.8730985)",trafficstat,False,False,False,False,False,False,False,False,False,,,,,,,
2026-07-14,00:00,40.7305523,-73.7779954,193 ST,11366,107,OTHER,Street,65.36436653180036,False,QUEENS,"(40.7305523, -73.7779954)",trafficstat,False,False,False,False,False,False,False,False,False,,,,,,,
2026-07-14,00:00,40.722491,-73.7801448,CHEVY CHASE ST,11432,107,OTHER,Street,1.143330687877929,False,QUEENS,"(40.722491, -73.7801448)",trafficstat,True,False,False,False,False,False,False,True,False,,,,,,,
2026-07-14,00:00,40.7228931,-73.8276893,73 TER PEDESTRIAN OPAS,11367,107,UNKNOWN,Bridge,2.869445635759549,False,QUEENS,"(40.7228931, -73.8276893)",trafficstat,False,False,False,False,False,False,False,False,False,,,,,,,
2026-07-13,00:00,40.7171368,-73.7985904,GRAND CENTRAL PKWY,11432,107,UNKNOWN,Highway,0.3494936864216662,False,QUEENS,"(40.7171368, -73.7985904)",trafficstat,False,False,False,False,False,False,False,False,False,,,,,,,
2026-07-12,00:00,40.73627,-73.77286,73 AVE,11364,107,UNKNOWN,Street,3.102798753737447,False,QUEENS,"(40.73627, -73.77286)",trafficstat,True,False,False,False,False,False,False,True,True,,,,,,,
2026-07-11,00:00,40.7347205,-73.8143133,KISSENA BLVD,11367,107,UNKNOWN,Street,103.65835948066788,False,QUEENS,"(40.7347205, -73.8143133)",trafficstat,True,False,False,False,False,True,False,False,False,,,,,,,
2026-07-11,00:00,40.7119643,-73.807442,152 ST,11432,107,UNKNOWN,Street,1.1520583329749745,False,QUEENS,"(40.7119643, -73.807442)",trafficstat,False,False,False,False,False,False,False,False,False,,,,,,,
2026-07-11,00:00,40.7370665,-73.7815061,190 LN,11365,107,UNKNOWN,Street,17.948803088050994,False,QUEENS,"(40.7370665, -73.7815061)",trafficstat,False,False,False,False,False,False,False,False,False,,,,,,,
2026-07-11,00:00,40.7287496,-73.8061118,163 ST,11365,107,UNKNOWN,Street,57.66959734621899,False,QUEENS,"(40.7287496, -73.8061118)",trafficstat,False,False,False,False,False,False,False,False,False,,,,,,,