crash_date,crash_time,latitude,longitude,on_street_name,zip_code,precinct,collision_type,roadway_type,geocode_dist_feet,time_is_known,borough,location,source,injury,fatality,injured_pedestrian,injured_cyclist,injured_ebike_rider,injured_motorcyclist,injured_moped_rider,injured_car_occupant,injured_suv_occupant,number_of_persons_injured,number_of_persons_killed,contributing_factor_vehicle_1,collision_id,cross_street_name,off_street_name,vehicle_type_code1
2026-07-10,00:00,40.7133215,-73.804895,160 ST,11432,107,UNKNOWN,Street,0.30889559614703443,False,QUEENS,"(40.7133215, -73.804895)",trafficstat,False,False,False,False,False,False,False,False,False,,,,,,,
2026-07-10,00:00,40.7382169,-73.7798588,67 AVE,11365,107,OTHER,Street,74.00531308839562,False,QUEENS,"(40.7382169, -73.7798588)",trafficstat,False,False,False,False,False,False,False,False,False,,,,,,,
2026-07-09,00:00,40.7283631,-73.7805145,188 ST,11423,107,UNKNOWN,Street,66.1080259485566,False,QUEENS,"(40.7283631, -73.7805145)",trafficstat,False,False,False,False,False,False,False,False,False,,,,,,,
2026-07-09,00:00,40.72638,-73.826112,71 RD,11367,107,UNKNOWN,Street,57.33819238194725,False,QUEENS,"(40.72638, -73.826112)",trafficstat,True,False,False,False,False,False,False,True,True,,,,,,,
2026-07-08,00:00,40.7076169,-73.808288,87 AVE,11435,107,UNKNOWN,Street,57.4988034822737,False,QUEENS,"(40.7076169, -73.808288)",trafficstat,False,False,False,False,False,False,False,False,False,,,,,,,
2026-07-08,00:00,40.7350704,-73.8143294,KISSENA BLVD,11367,107,UNKNOWN,Street,94.80186856720121,False,QUEENS,"(40.7350704, -73.8143294)",trafficstat,True,False,False,True,False,False,False,False,False,,,,,,,
2026-07-07,00:00,40.7354979,-73.7846655,188 ST,11365,107,UNKNOWN,Street,91.68726293519308,False,QUEENS,"(40.7354979, -73.7846655)",trafficstat,False,False,False,False,False,False,False,False,False,,,,,,,
2026-07-07,00:00,40.7048859,-73.8167984,138 ST,11435,107,UNKNOWN,Street,43.64823680330855,False,QUEENS,"(40.7048859, -73.8167984)",trafficstat,False,False,False,False,False,False,False,False,False,,,,,,,
2026-07-06,00:00,40.7337908,-73.8357956,VAN WYCK EXPY,11367,107,UNKNOWN,Highway,6.994629774172955,False,QUEENS,"(40.7337908, -73.8357956)",trafficstat,True,False,False,False,False,False,False,True,False,,,,,,,
2026-07-05,00:00,40.7088728,-73.8187046,84 DR,11435,107,UNKNOWN,Street,2.625738656659949,False,QUEENS,"(40.7088728, -73.8187046)",trafficstat,False,False,False,False,False,False,False,False,False,,,,,,,
2026-07-05,00:00,40.7172591,-73.774842,188 ST,11423,107,OTHER,Street,58.93803631268694,False,QUEENS,"(40.7172591, -73.774842)",trafficstat,False,False,False,False,False,False,False,False,False,,,,,,,
2026-07-04,00:00,40.7147962,-73.8143632,COOLIDGE AVE,11435,107,UNKNOWN,Street,61.58716575440993,False,QUEENS,"(40.7147962, -73.8143632)",trafficstat,False,False,False,False,False,False,False,False,False,,,,,,,
2026-07-03,00:00,40.7053455,-73.8157044,QUEENS BLVD,11435,107,OTHER,Street,45.60895841600224,False,QUEENS,"(40.7053455, -73.8157044)",trafficstat,True,False,False,False,False,False,True,False,False,,,,,,,
2026-06-30,00:00,40.7194459,-73.8198214,78 AVE,11367,107,UNKNOWN,Street,48.504989638924364,False,QUEENS,"(40.7194459, -73.8198214)",trafficstat,False,False,False,False,False,False,False,False,False,,,,,,,
2026-06-30,00:00,40.7300084,-73.808906,PARK AVE,11365,107,OTHER,Street,35.57415707603868,False,QUEENS,"(40.7300084, -73.808906)",trafficstat,False,False,False,False,False,False,False,False,False,,,,,,,
2026-06-29,00:00,40.7267808,-73.8192541,72 RD,11367,107,OTHER,Street,42.74985363859142,False,QUEENS,"(40.7267808, -73.8192541)",trafficstat,False,False,False,False,False,False,False,False,False,,,,,,,
2026-06-27,00:00,40.71423,-73.81645,HOOVER AVE,11435,107,UNKNOWN,Street,2.5370923636234157,False,QUEENS,"(40.71423, -73.81645)",trafficstat,False,False,False,False,False,False,False,False,False,,,,,,,
2026-06-26,00:00,40.7388653,-73.7929372,HORACE HARDING EXPY,11365,107,UNKNOWN,Street,3.1077601414801546,False,QUEENS,"(40.7388653, -73.7929372)",trafficstat,False,False,False,False,False,False,False,False,False,,,,,,,
2026-06-26,00:00,40.7369934,-73.8104838,PARSONS BLVD,11365,107,UNKNOWN,Street,1.7829378559584672,False,QUEENS,"(40.7369934, -73.8104838)",trafficstat,False,False,False,False,False,False,False,False,False,,,,,,,
2026-06-26,00:00,40.7378899,-73.7679296,HOLLIS HILLS TER,11364,107,UNKNOWN,Street,1.3617440334289241,False,QUEENS,"(40.7378899, -73.7679296)",trafficstat,False,False,False,False,False,False,False,False,False,,,,,,,
2026-06-24,00:00,40.7328588,-73.7985631,171 ST,11365,107,UNKNOWN,Street,0.6987711830564868,False,QUEENS,"(40.7328588, -73.7985631)",trafficstat,False,False,False,False,False,False,False,False,False,,,,,,,
2026-06-24,00:00,40.7373966,-73.8106444,PARSONS BLVD,11365,107,UNKNOWN,Street,51.704285030088286,False,QUEENS,"(40.7373966, -73.8106444)",trafficstat,False,False,False,False,False,False,False,False,False,,,,,,,
2026-06-24,00:00,40.7223455,-73.7772771,188 ST,11423,107,UNKNOWN,Street,1.2312078497764898,False,QUEENS,"(40.7223455, -73.7772771)",trafficstat,True,False,False,False,False,False,False,True,True,,,,,,,
2026-06-24,00:00,40.7140247,-73.8052609,160 ST,11432,107,OTHER,Street,0.15526288884478598,False,QUEENS,"(40.7140247, -73.8052609)",trafficstat,False,False,False,False,False,False,False,False,False,,,,,,,
2026-06-24,00:00,40.7095327,-73.7963937,MERRICK BLVD,11432,107,UNKNOWN,Street,0.7361289142630795,False,QUEENS,"(40.7095327, -73.7963937)",trafficstat,False,False,False,False,False,False,False,False,False,,,,,,,
2026-06-23,00:00,40.7098657,-73.7958914,167 ST,11432,107,OTHER,Street,57.58334503961139,False,QUEENS,"(40.7098657, -73.7958914)",trafficstat,False,False,False,False,False,False,False,False,False,,,,,,,
2026-06-23,00:00,40.7157291,-73.825736,VAN WYCK EXPWY NB EN UNION TPKE,11367,107,UNKNOWN,Ramp,2.53772009841195,False,QUEENS,"(40.7157291, -73.825736)",trafficstat,True,False,False,False,False,False,False,False,True,,,,,,,
2026-06-22,00:00,40.7214329,-73.8093048,PARSONS BLVD,11366,107,UNKNOWN,Street,55.79898479321807,False,QUEENS,"(40.7214329, -73.8093048)",trafficstat,True,False,False,False,False,False,False,False,True,,,,,,,
2026-06-22,00:00,40.7229219,-73.8184232,76 AVE,11367,107,UNKNOWN,Street,49.946209898293525,False,QUEENS,"(40.7229219, -73.8184232)",trafficstat,False,False,False,False,False,False,False,False,False,,,,,,,
2026-06-22,00:00,40.7282898,-73.7603949,CLEARVIEW EXPY,11427,107,UNKNOWN,Highway,1.2984822942422505,False,QUEENS,"(40.7282898, -73.7603949)",trafficstat,False,False,False,False,False,False,False,False,False,,,,,,,
2026-06-18,00:00,40.7153736,-73.8008097,84 AVE,11432,107,UNKNOWN,Street,17.85470098430279,False,QUEENS,"(40.7153736, -73.8008097)",trafficstat,False,False,False,False,False,False,False,False,False,,,,,,,
2026-06-18,00:00,40.7180981,-73.7957989,GRAND CENTRAL PKWY,11432,107,UNKNOWN,Highway,2.1283059682143692,False,QUEENS,"(40.7180981, -73.7957989)",trafficstat,False,False,False,False,False,False,False,False,False,,,,,,,
2026-06-18,00:00,40.7059352,-73.8096176,HILLSIDE AVE,11435,107,UNKNOWN,Street,54.06698036606248,False,QUEENS,"(40.7059352, -73.8096176)",trafficstat,True,False,False,False,False,False,False,False,True,,,,,,,
2026-06-18,00:00,40.7150062,-73.8242293,134 ST,11435,107,OTHER,Street,21.505744750376376,False,QUEENS,"(40.7150062, -73.8242293)",trafficstat,False,False,False,False,False,False,False,False,False,,,,,,,
2026-06-18,00:00,40.7319046,-73.8092595,JEWEL AVE,11365,107,UNKNOWN,Street,85.98029050531359,False,QUEENS,"(40.7319046, -73.8092595)",trafficstat,False,False,False,False,False,False,False,False,False,,,,,,,
2026-06-17,00:00,40.7142569,-73.8128679,SMEDLEY ST,11435,107,OTHER,Street,0.720889260865223,False,QUEENS,"(40.7142569, -73.8128679)",trafficstat,False,False,False,False,False,False,False,False,False,,,,,,,
2026-06-17,00:00,40.7136521,-73.8151669,DANIELS ST,11435,107,OTHER,Street,64.71404216569236,False,QUEENS,"(40.7136521, -73.8151669)",trafficstat,False,False,False,False,False,False,False,False,False,,,,,,,
2026-06-17,00:00,40.7127565,-73.8080069,152 ST,11432,107,UNKNOWN,Street,46.03274939338876,False,QUEENS,"(40.7127565, -73.8080069)",trafficstat,False,False,False,False,False,False,False,False,False,,,,,,,
2026-06-17,00:00,40.7087313,-73.8076209,150 ST,11435,107,OTHER,Street,0.4006725950725427,False,QUEENS,"(40.7087313, -73.8076209)",trafficstat,True,False,False,False,False,False,False,True,False,,,,,,,
2026-06-17,00:00,40.7178065,-73.7848968,HENLEY RD,11432,107,UNKNOWN,Street,2.9090552195136183,False,QUEENS,"(40.7178065, -73.7848968)",trafficstat,False,False,False,False,False,False,False,False,False,,,,,,,
2026-06-16,00:00,40.7211806,-73.7619106,FOOTHILL AVE,11423,107,OTHER,Street,82.61515160691967,False,QUEENS,"(40.7211806, -73.7619106)",trafficstat,False,False,False,False,False,False,False,False,False,,,,,,,
2026-06-16,00:00,40.7392519,-73.7863497,188 ST,11365,107,UNKNOWN,Street,46.93935969947578,False,QUEENS,"(40.7392519, -73.7863497)",trafficstat,False,False,False,False,False,False,False,False,False,,,,,,,
2026-06-15,00:00,40.7374107,-73.7955933,FRESH MEADOW LN,11365,107,UNKNOWN,Street,32.26596935246261,False,QUEENS,"(40.7374107, -73.7955933)",trafficstat,False,False,False,False,False,False,False,False,False,,,,,,,
2026-06-12,00:00,40.715008,-73.818,141 ST,11435,107,UNKNOWN,Street,1.7402825490076934,False,QUEENS,"(40.715008, -73.818)",trafficstat,True,False,False,False,False,True,False,False,False,,,,,,,
2026-06-12,00:00,40.7127422,-73.8224737,135 ST,11435,107,UNKNOWN,Street,60.76900077864911,False,QUEENS,"(40.7127422, -73.8224737)",trafficstat,True,False,False,False,False,False,False,False,True,,,,,,,
2026-06-12,00:00,40.7135007,-73.7901064,HIGHLAND AVE,11432,107,UNKNOWN,Street,55.98678406723438,False,QUEENS,"(40.7135007, -73.7901064)",trafficstat,False,False,False,False,False,False,False,False,False,,,,,,,
2026-09-12,00:00,40.6692837,-73.7802084,155 ST,11434,113,UNKNOWN,Street,1.3433221019110047,False,QUEENS,"(40.6692837, -73.7802084)",trafficstat,True,False,False,False,False,False,False,False,True,,,,,,,
2026-09-12,00:00,40.6929712,-73.7802385,SAYRES AVE,11433,113,UNKNOWN,Street,2.8642355822352927,False,QUEENS,"(40.6929712, -73.7802385)",trafficstat,False,False,False,False,False,False,False,False,False,,,,,,,
2026-09-11,00:00,40.680218,-73.7754962,168 ST,11434,113,UNKNOWN,Street,1.0888487010297017,False,QUEENS,"(40.680218, -73.7754962)",trafficstat,False,False,False,False,False,False,False,False,False,,,,,,,
2026-09-10,00:00,40.6636928,-73.8030771,VAN WYCK EXPY,11430,113,UNKNOWN,Highway,7.796033625765323,False,QUEENS,"(40.6636928, -73.8030771)",trafficstat,True,False,False,False,False,False,False,True,False,,,,,,,
2026-09-10,00:00,40.6955559,-73.7645249,NEWBURG ST,11412,113,OTHER,Street,1.1671730293660139,False,QUEENS,"(40.6955559, -73.7645249)",trafficstat,True,False,False,False,False,False,False,False,True,,,,,,,
2026-07-01,00:00,40.6955559,-73.7645249,NEWBURG ST,11412,113,UNKNOWN,Street,1.1671730293660139,False,QUEENS,"(40.6955559, -73.7645249)",trafficstat,True,False,False,False,False,False,False,False,True,,,,,,,
2026-09-10,00:00,40.6975189,-73.7555562,198 ST,11412,113,UNKNOWN,Street,0.5765829574677919,False,QUEENS,"(40.6975189, -73.7555562)",trafficstat,False,False,False,False,False,False,False,False,False,,,,,,,
2026-09-10,00:00,40.6819728,-73.7662999,126 AVE,11434,113,OTHER,Street,1.8868554112469578,False,QUEENS,"(40.6819728, -73.7662999)",trafficstat,True,False,False,False,False,False,False,True,False,,,,,,,
2026-07-11,00:00,40.6819728,-73.7662999,126 AVE,11434,113,UNKNOWN,Street,1.8868554112469578,False,QUEENS,"(40.6819728, -73.7662999)",trafficstat,True,False,False,False,False,False,False,True,False,,,,,,,
2026-09-09,00:00,40.6973321,-73.7620122,FARMERS BLVD,11412,113,UNKNOWN,Street,0.210182556286189,False,QUEENS,"(40.6973321, -73.7620122)",trafficstat,True,False,False,True,False,False,False,False,False,,,,,,,
2026-09-09,00:00,40.6679154,-73.775224,BELT PKWY EXIT 21 A WB,11434,113,UNKNOWN,Ramp,2.8643417407744907,False,QUEENS,"(40.6679154, -73.775224)",trafficstat,False,False,False,False,False,False,False,False,False,,,,,,,
2026-09-09,00:00,40.701824,-73.75349,202 ST,11412,113,OTHER,Street,0.9562811539724825,False,QUEENS,"(40.701824, -73.75349)",trafficstat,True,False,False,False,False,False,False,False,True,,,,,,,
2026-09-08,00:00,40.6675223,-73.7806251,ROCKAWAY BLVD,11434,113,UNKNOWN,Street,1.5903765036150974,False,QUEENS,"(40.6675223, -73.7806251)",trafficstat,False,False,False,False,False,False,False,False,False,,,,,,,
2026-07-13,00:00,40.6675223,-73.7806251,ROCKAWAY BLVD,11434,113,OTHER,Street,1.5903765036150974,False,QUEENS,"(40.6675223, -73.7806251)",trafficstat,True,False,False,False,False,False,False,True,False,,,,,,,
2026-07-04,00:00,40.6675223,-73.7806251,ROCKAWAY BLVD,11434,113,UNKNOWN,Street,1.5903765036150974,False,QUEENS,"(40.6675223, -73.7806251)",trafficstat,True,False,False,False,False,False,False,False,False,,,,,,,
2026-06-24,00:00,40.6675223,-73.7806251,ROCKAWAY BLVD,11434,113,UNKNOWN,Street,1.5903765036150974,False,QUEENS,"(40.6675223, -73.7806251)",trafficstat,True,False,False,False,False,False,False,False,True,,,,,,,
2026-09-07,00:00,40.6662936,-73.7899378,BELT PKWY,11430,113,UNKNOWN,Highway,0.26376742414924914,False,QUEENS,"(40.6662936, -73.7899378)",trafficstat,True,False,False,False,False,False,False,False,True,,,,,,,
2026-06-15,00:00,40.6662936,-73.7899378,BELT PKWY,11430,113,UNKNOWN,Highway,0.26376742414924914,False,QUEENS,"(40.6662936, -73.7899378)",trafficstat,True,False,False,False,False,False,False,False,True,,,,,,,
2026-09-07,00:00,40.6824685,-73.7839435,LONG ST,11434,113,UNKNOWN,Street,0.7639680395274739,False,QUEENS,"(40.6824685, -73.7839435)",trafficstat,False,False,False,False,False,False,False,False,False,,,,,,,
2026-09-07,00:00,40.6924712,-73.7594116,192 ST,11412,113,UNKNOWN,Street,0.7593624962606987,False,QUEENS,"(40.6924712, -73.7594116)",trafficstat,True,False,False,False,False,False,False,True,False,,,,,,,
2026-09-07,00:00,40.6903431,-73.7824287,167 ST,11434,113,UNKNOWN,Street,1.4699698624390984,False,QUEENS,"(40.6903431, -73.7824287)",trafficstat,True,False,False,False,False,False,False,True,False,,,,,,,
2026-07-21,00:00,40.6903431,-73.7824287,167 ST,11434,113,UNKNOWN,Street,1.4699698624390984,False,QUEENS,"(40.6903431, -73.7824287)",trafficstat,True,False,False,False,False,False,False,False,True,,,,,,,
2026-09-07,00:00,40.6886573,-73.7956136,SUTPHIN BLVD,11435,113,UNKNOWN,Street,0.7611400737637626,False,QUEENS,"(40.6886573, -73.7956136)",trafficstat,True,False,False,False,False,False,False,True,False,,,,,,,
2026-09-07,00:00,40.6886573,-73.7956136,SUTPHIN BLVD,11435,113,OTHER,Street,0.7611400737637626,False,QUEENS,"(40.6886573, -73.7956136)",trafficstat,True,False,False,False,False,False,False,True,False,,,,,,,
2026-07-12,00:00,40.6886573,-73.7956136,SUTPHIN BLVD,11435,113,UNKNOWN,Street,0.7611400737637626,False,QUEENS,"(40.6886573, -73.7956136)",trafficstat,False,False,False,False,False,False,False,False,False,,,,,,,
2026-09-06,00:00,40.6947666,-73.7469691,205 ST,11412,113,UNKNOWN,Street,1.0666052401939923,False,QUEENS,"(40.6947666, -73.7469691)",trafficstat,False,False,False,False,False,False,False,False,False,,,,,,,
2026-09-06,00:00,40.6933586,-73.7520627,200 ST,11412,113,UNKNOWN,Street,1.0128502245643123,False,QUEENS,"(40.6933586, -73.7520627)",trafficstat,True,False,False,False,False,False,False,True,False,,,,,,,
2026-09-06,00:00,40.6675149,-73.7984128,140 ST,11436,113,UNKNOWN,Street,99.92786717203278,False,QUEENS,"(40.6675149, -73.7984128)",trafficstat,True,False,False,True,False,False,False,False,False,,,,,,,
2026-09-05,00:00,40.6663015,-73.7989854,BELT PKWY,11430,113,OTHER,Highway,1.072143657837114,False,QUEENS,"(40.6663015, -73.7989854)",trafficstat,True,False,False,False,False,False,False,False,True,,,,,,,
2026-07-21,00:00,40.6663015,-73.7989854,BELT PKWY,11430,113,OTHER,Highway,1.072143657837114,False,QUEENS,"(40.6663015, -73.7989854)",trafficstat,True,False,False,False,False,False,False,True,False,,,,,,,
2026-09-04,00:00,40.683144,-73.7685817,SUNBURY RD,11434,113,UNKNOWN,Street,1.3961451595234606,False,QUEENS,"(40.683144, -73.7685817)",trafficstat,True,False,False,False,False,False,False,False,True,,,,,,,
2026-08-21,00:00,40.683144,-73.7685817,SUNBURY RD,11434,113,UNKNOWN,Street,1.3961451595234606,False,QUEENS,"(40.683144, -73.7685817)",trafficstat,True,False,False,False,False,False,False,False,True,,,,,,,
2026-09-04,00:00,40.6961456,-73.7628176,DORMANS RD,11412,113,UNKNOWN,Street,40.05602228533747,False,QUEENS,"(40.6961456, -73.7628176)",trafficstat,False,False,False,False,False,False,False,False,False,,,,,,,
2026-09-03,00:00,40.6828046,-73.806221,VAN WYCK EXPY,11420,113,UNKNOWN,Street,0.9358918414713495,False,QUEENS,"(40.6828046, -73.806221)",trafficstat,True,False,False,False,False,False,False,False,True,,,,,,,
2026-08-10,00:00,40.6828046,-73.806221,VAN WYCK EXPY,11420,113,UNKNOWN,Street,0.9358918414713495,False,QUEENS,"(40.6828046, -73.806221)",trafficstat,True,False,False,False,False,False,False,True,False,,,,,,,
2026-08-03,00:00,40.6828046,-73.806221,VAN WYCK EXPY,11420,113,UNKNOWN,Street,0.9358918414713495,False,QUEENS,"(40.6828046, -73.806221)",trafficstat,True,False,False,False,False,False,False,True,True,,,,,,,
2026-07-05,00:00,40.6828046,-73.806221,VAN WYCK EXPY,11420,113,UNKNOWN,Street,0.9358918414713495,False,QUEENS,"(40.6828046, -73.806221)",trafficstat,True,False,False,False,False,False,False,True,False,,,,,,,
2026-09-03,00:00,40.6850919,-73.8051795,139 ST,11435,113,UNKNOWN,Street,0.27556704320399994,False,QUEENS,"(40.6850919, -73.8051795)",trafficstat,True,False,False,False,True,False,False,False,False,,,,,,,
2026-09-03,00:00,40.685378,-73.7796686,SMITH ST,11434,113,UNKNOWN,Street,0.0766328084120127,False,QUEENS,"(40.685378, -73.7796686)",trafficstat,False,False,False,False,False,False,False,False,False,,,,,,,
2026-09-03,00:00,40.6950835,-73.7567135,116 AVE,11412,113,UNKNOWN,Street,42.861341361551766,False,QUEENS,"(40.6950835, -73.7567135)",trafficstat,True,False,False,False,False,False,False,False,True,,,,,,,
2026-09-03,00:00,40.6652692,-73.8020055,NASSAU EXPY,11430,113,UNKNOWN,Highway,4.651396214537163,False,QUEENS,"(40.6652692, -73.8020055)",trafficstat,True,False,False,False,False,False,False,True,False,,,,,,,
2026-09-02,00:00,40.6652692,-73.8020055,NASSAU EXPY,11430,113,UNKNOWN,Highway,4.651396214537163,False,QUEENS,"(40.6652692, -73.8020055)",trafficstat,False,False,False,False,False,False,False,False,False,,,,,,,
2026-09-03,00:00,40.6673697,-73.7826551,N  CONDUIT AVE,11434,113,UNKNOWN,Street,2.6038694181493978,False,QUEENS,"(40.6673697, -73.7826551)",trafficstat,False,False,False,False,False,False,False,False,False,,,,,,,
2026-09-03,00:00,40.6808517,-73.7990627,143 ST,11436,113,UNKNOWN,Street,1.19238543233188,False,QUEENS,"(40.6808517, -73.7990627)",trafficstat,False,False,False,False,False,False,False,False,False,,,,,,,
2026-09-03,00:00,40.6813527,-73.7760236,168 ST,11434,113,OTHER,Street,31.431930297890695,False,QUEENS,"(40.6813527, -73.7760236)",trafficstat,False,False,False,False,False,False,False,False,False,,,,,,,
2026-09-03,00:00,40.6865707,-73.7761418,171 ST,11434,113,UNKNOWN,Street,0.9361980583956131,False,QUEENS,"(40.6865707, -73.7761418)",trafficstat,False,False,False,False,False,False,False,False,False,,,,,,,
2026-09-02,00:00,40.6842783,-73.7830146,GUY R BREWER BLVD,11434,113,UNKNOWN,Street,0.5461447348612434,False,QUEENS,"(40.6842783, -73.7830146)",trafficstat,True,False,True,False,False,False,False,False,False,,,,,,,
2026-09-01,00:00,40.699066,-73.7669829,MANGIN AVE,11412,113,UNKNOWN,Street,1.3997124961620568,False,QUEENS,"(40.699066, -73.7669829)",trafficstat,False,False,False,False,False,False,False,False,False,,,,,,,
2026-08-31,00:00,40.6995524,-73.74773,115 AVE,11411,113,UNKNOWN,Street,3.2158502782888534,False,QUEENS,"(40.6995524, -73.74773)",trafficstat,True,False,False,False,False,False,False,True,False,,,,,,,
2026-08-05,00:00,40.6995524,-73.74773,115 AVE,11411,113,UNKNOWN,Street,3.2158502782888534,False,QUEENS,"(40.6995524, -73.74773)",trafficstat,True,False,False,False,False,False,False,False,True,,,,,,,
2026-07-18,00:00,40.6995524,-73.74773,115 AVE,11411,113,UNKNOWN,Street,3.2158502782888534,False,QUEENS,"(40.6995524, -73.74773)",trafficstat,False,False,False,False,False,False,False,False,False,,,,,,,
2026-06-25,00:00,40.6995524,-73.74773,115 AVE,11411,113,UNKNOWN,Street,3.2158502782888534,False,QUEENS,"(40.6995524, -73.74773)",trafficstat,True,False,False,False,False,True,False,False,True,,,,,,,
2026-06-16,00:00,40.6995524,-73.74773,115 AVE,11411,113,OTHER,Street,3.2158502782888534,False,QUEENS,"(40.6995524, -73.74773)",trafficstat,True,False,False,False,False,False,False,True,False,,,,,,,
2026-08-31,00:00,40.6670843,-73.7826538,BELT PKWY,11434,113,UNKNOWN,Highway,3.1657042802589235,False,QUEENS,"(40.6670843, -73.7826538)",trafficstat,False,False,False,False,False,False,False,False,False,,,,,,,
2026-07-15,00:00,40.6670843,-73.7826538,BELT PKWY,11434,113,OTHER,Highway,3.1657042802589235,False,QUEENS,"(40.6670843, -73.7826538)",trafficstat,True,False,False,False,False,True,False,False,False,,,,,,,
2026-08-31,00:00,40.6725324,-73.771178,169 ST,11434,113,UNKNOWN,Street,0.10362621174554659,False,QUEENS,"(40.6725324, -73.771178)",trafficstat,False,False,False,False,False,False,False,False,False,,,,,,,
2026-08-30,00:00,40.6889532,-73.7598389,190 ST,11412,113,UNKNOWN,Street,0.8918920847348305,False,QUEENS,"(40.6889532, -73.7598389)",trafficstat,False,False,False,False,False,False,False,False,False,,,,,,,
2026-08-30,00:00,40.688435,-73.78764,BEDELL ST,11434,113,UNKNOWN,Street,1.739667374330874,False,QUEENS,"(40.688435, -73.78764)",trafficstat,True,False,False,True,False,False,False,False,False,,,,,,,
2026-08-30,00:00,40.7034042,-73.7532083,203 ST,11412,113,UNKNOWN,Street,0.3973291195269861,False,QUEENS,"(40.7034042, -73.7532083)",trafficstat,True,False,False,False,False,False,False,True,False,,,,,,,
2026-08-29,00:00,40.6951577,-73.7617603,FARMERS BLVD,11412,113,OTHER,Street,0.7541537040571188,False,QUEENS,"(40.6951577, -73.7617603)",trafficstat,True,False,False,False,False,True,False,False,False,,,,,,,
2026-08-29,00:00,40.6831872,-73.7614282,180 ST,11434,113,UNKNOWN,Street,49.884724966861334,False,QUEENS,"(40.6831872, -73.7614282)",trafficstat,False,False,False,False,False,False,False,False,False,,,,,,,
2026-08-29,00:00,40.65058,-73.757454,EASTERN RD,11430,113,UNKNOWN,Street,2.338278303642935,False,QUEENS,"(40.65058, -73.757454)",trafficstat,True,False,False,False,False,False,False,True,False,,,,,,,
2026-08-29,00:00,40.6800981,-73.7635916,178 PL,11434,113,UNKNOWN,Street,0.7292843682649649,False,QUEENS,"(40.6800981, -73.7635916)",trafficstat,True,False,False,False,False,False,False,False,False,,,,,,,
2026-08-28,00:00,40.679729,-73.7616135,FARMERS BLVD,11434,113,UNKNOWN,Street,0.9342121304550292,False,QUEENS,"(40.679729, -73.7616135)",trafficstat,True,False,False,False,False,False,False,False,False,,,,,,,
2026-07-08,00:00,40.679729,-73.7616135,FARMERS BLVD,11434,113,UNKNOWN,Street,0.9342121304550292,False,QUEENS,"(40.679729, -73.7616135)",trafficstat,False,False,False,False,False,False,False,False,False,,,,,,,
2026-08-28,00:00,40.6804855,-73.7746985,BAISLEY BLVD,11434,113,UNKNOWN,Street,1.2317418665466648,False,QUEENS,"(40.6804855, -73.7746985)",trafficstat,True,False,False,False,True,False,False,False,False,,,,,,,
2026-08-17,00:00,40.6804855,-73.7746985,BAISLEY BLVD,11434,113,UNKNOWN,Street,1.2317418665466648,False,QUEENS,"(40.6804855, -73.7746985)",trafficstat,True,False,False,False,False,False,False,False,False,,,,,,,
2026-07-11,00:00,40.6804855,-73.7746985,BAISLEY BLVD,11434,113,UNKNOWN,Street,1.2317418665466648,False,QUEENS,"(40.6804855, -73.7746985)",trafficstat,False,False,False,False,False,False,False,False,False,,,,,,,
2026-08-27,00:00,40.6712249,-73.800407,130 AVE,11436,113,UNKNOWN,Street,45.30286577513819,False,QUEENS,"(40.6712249, -73.800407)",trafficstat,False,False,False,False,False,False,False,False,False,,,,,,,
2026-08-27,00:00,40.6661922,-73.7930583,NASSAU EXPY,11430,113,UNKNOWN,Ramp,2.236585901281404,False,QUEENS,"(40.6661922, -73.7930583)",trafficstat,False,False,False,False,False,False,False,False,False,,,,,,,
2026-08-27,00:00,40.6722926,-73.7939009,145 ST,11436,113,UNKNOWN,Street,0.13645913927903996,False,QUEENS,"(40.6722926, -73.7939009)",trafficstat,True,False,False,False,False,False,False,True,False,,,,,,,
2026-08-16,00:00,40.6722926,-73.7939009,145 ST,11436,113,UNKNOWN,Street,0.13645913927903996,False,QUEENS,"(40.6722926, -73.7939009)",trafficstat,True,False,False,False,False,False,False,True,False,,,,,,,
2026-08-27,00:00,40.6837858,-73.7697404,BAISLEY BLVD,11434,113,UNKNOWN,Street,1.6675360860967228,False,QUEENS,"(40.6837858, -73.7697404)",trafficstat,False,False,False,False,False,False,False,False,False,,,,,,,
2026-08-10,00:00,40.6837858,-73.7697404,BAISLEY BLVD,11434,113,UNKNOWN,Street,1.6675360860967228,False,QUEENS,"(40.6837858, -73.7697404)",trafficstat,False,False,False,False,False,False,False,False,False,,,,,,,
2026-07-21,00:00,40.6837858,-73.7697404,BAISLEY BLVD,11434,113,UNKNOWN,Street,1.6675360860967228,False,QUEENS,"(40.6837858, -73.7697404)",trafficstat,False,False,False,False,False,False,False,False,False,,,,,,,
2026-07-16,00:00,40.6837858,-73.7697404,BAISLEY BLVD,11434,113,UNKNOWN,Street,1.6675360860967228,False,QUEENS,"(40.6837858, -73.7697404)",trafficstat,False,False,False,False,False,False,False,False,False,,,,,,,
2026-07-01,00:00,40.6837858,-73.7697404,BAISLEY BLVD,11434,113,UNKNOWN,Street,1.6675360860967228,False,QUEENS,"(40.6837858, -73.7697404)",trafficstat,False,False,False,False,False,False,False,False,False,,,,,,,