crash_date,crash_time,latitude,longitude,on_street_name,zip_code,precinct,collision_type,roadway_type,geocode_dist_feet,time_is_known,borough,location,source,injury,fatality,injured_pedestrian,injured_cyclist,injured_ebike_rider,injured_motorcyclist,injured_moped_rider,injured_car_occupant,injured_suv_occupant,number_of_persons_injured,number_of_persons_killed,contributing_factor_vehicle_1,collision_id,cross_street_name,off_street_name,vehicle_type_code1
2026-06-17,00:00,40.6837858,-73.7697404,BAISLEY BLVD,11434,113,UNKNOWN,Street,1.6675360860967228,False,QUEENS,"(40.6837858, -73.7697404)",trafficstat,False,False,False,False,False,False,False,False,False,,,,,,,
2026-08-26,00:00,40.6891473,-73.7860676,GUY R BREWER BLVD,11433,113,UNKNOWN,Street,45.75745412654309,False,QUEENS,"(40.6891473, -73.7860676)",trafficstat,False,False,False,False,False,False,False,False,False,,,,,,,
2026-08-26,00:00,40.673572,-73.7925739,INWOOD ST,11436,113,UNKNOWN,Street,0.5513526090613989,False,QUEENS,"(40.673572, -73.7925739)",trafficstat,True,False,False,False,False,False,False,True,False,,,,,,,
2026-08-26,00:00,40.6796532,-73.7772286,166 ST,11434,113,UNKNOWN,Street,0.8722386226960382,False,QUEENS,"(40.6796532, -73.7772286)",trafficstat,True,False,False,False,False,False,False,False,False,,,,,,,
2026-08-18,00:00,40.6796532,-73.7772286,166 ST,11434,113,UNKNOWN,Street,0.8722386226960382,False,QUEENS,"(40.6796532, -73.7772286)",trafficstat,True,False,False,False,False,False,False,True,False,,,,,,,
2026-07-30,00:00,40.6796532,-73.7772286,166 ST,11434,113,UNKNOWN,Street,0.8722386226960382,False,QUEENS,"(40.6796532, -73.7772286)",trafficstat,True,False,False,False,False,False,False,True,False,,,,,,,
2026-06-23,00:00,40.6796532,-73.7772286,166 ST,11434,113,UNKNOWN,Street,0.8722386226960382,False,QUEENS,"(40.6796532, -73.7772286)",trafficstat,False,False,False,False,False,False,False,False,False,,,,,,,
2026-08-26,00:00,40.6786506,-73.7914585,SUTPHIN BLVD,11434,113,UNKNOWN,Street,0.36522477629810685,False,QUEENS,"(40.6786506, -73.7914585)",trafficstat,False,False,False,False,False,False,False,False,False,,,,,,,
2026-07-20,00:00,40.6786506,-73.7914585,SUTPHIN BLVD,11434,113,UNKNOWN,Street,0.36522477629810685,False,QUEENS,"(40.6786506, -73.7914585)",trafficstat,False,False,False,False,False,False,False,False,False,,,,,,,
2026-08-25,00:00,40.6733926,-73.7904728,ROCKAWAY BLVD,11436,113,UNKNOWN,Street,2.4023400827322683,False,QUEENS,"(40.6733926, -73.7904728)",trafficstat,True,False,False,True,False,False,False,False,False,,,,,,,
2026-06-30,00:00,40.6733926,-73.7904728,ROCKAWAY BLVD,11436,113,UNKNOWN,Street,2.4023400827322683,False,QUEENS,"(40.6733926, -73.7904728)",trafficstat,True,False,False,False,False,False,False,True,False,,,,,,,
2026-08-25,00:00,40.6698333,-73.7848965,CRANSTON ST,11434,113,OTHER,Street,1.7366231176001339,False,QUEENS,"(40.6698333, -73.7848965)",trafficstat,False,False,False,False,False,False,False,False,False,,,,,,,
2026-08-25,00:00,40.6958535,-73.761413,115 AVE,11412,113,UNKNOWN,Street,47.49830044284883,False,QUEENS,"(40.6958535, -73.761413)",trafficstat,True,False,False,False,False,False,False,False,True,,,,,,,
2026-08-25,00:00,40.6959128,-73.7628462,DORMANS RD,11412,113,UNKNOWN,Street,44.762366198977524,False,QUEENS,"(40.6959128, -73.7628462)",trafficstat,False,False,False,False,False,False,False,False,False,,,,,,,
2026-08-24,00:00,40.687231,-73.7871012,115 RD,11434,113,UNKNOWN,Street,2.0850162011080267,False,QUEENS,"(40.687231, -73.7871012)",trafficstat,False,False,False,False,False,False,False,False,False,,,,,,,
2026-08-24,00:00,40.6882358,-73.7619545,FARMERS BLVD,11412,113,UNKNOWN,Street,0.021640040142352324,False,QUEENS,"(40.6882358, -73.7619545)",trafficstat,False,False,False,False,False,False,False,False,False,,,,,,,
2026-07-12,00:00,40.6882358,-73.7619545,FARMERS BLVD,11412,113,UNKNOWN,Street,0.021640040142352324,False,QUEENS,"(40.6882358, -73.7619545)",trafficstat,False,False,False,False,False,False,False,False,False,,,,,,,
2026-08-23,00:00,40.6825846,-73.7888539,155 ST,11434,113,OTHER,Street,1.1297854081357859,False,QUEENS,"(40.6825846, -73.7888539)",trafficstat,False,False,False,False,False,False,False,False,False,,,,,,,
2026-08-23,00:00,40.686478,-73.80078,144 ST,11435,113,UNKNOWN,Street,0.46490936872052185,False,QUEENS,"(40.686478, -73.80078)",trafficstat,False,False,False,False,False,False,False,False,False,,,,,,,
2026-08-23,00:00,40.6980216,-73.7622946,FARMERS BLVD,11412,113,UNKNOWN,Street,0.3344622065438558,False,QUEENS,"(40.6980216, -73.7622946)",trafficstat,False,False,False,False,False,False,False,False,False,,,,,,,
2026-08-22,00:00,40.6776805,-73.8032291,FOCH BLVD,11436,113,UNKNOWN,Street,3.2238066238104373,False,QUEENS,"(40.6776805, -73.8032291)",trafficstat,True,False,False,False,False,False,False,False,True,,,,,,,
2026-08-22,00:00,40.696732,-73.758007,115 AVE,11412,113,UNKNOWN,Street,52.8647914675379,False,QUEENS,"(40.696732, -73.758007)",trafficstat,False,False,False,False,False,False,False,False,False,,,,,,,
2026-08-21,00:00,40.696302,-73.7805241,173 ST,11433,113,UNKNOWN,Street,54.37364499471145,False,QUEENS,"(40.696302, -73.7805241)",trafficstat,True,False,False,False,False,False,False,True,False,,,,,,,
2026-08-20,00:00,40.6961855,-73.7519656,201 ST,11412,113,UNKNOWN,Street,0.988313928893044,False,QUEENS,"(40.6961855, -73.7519656)",trafficstat,True,False,False,False,False,False,False,True,False,,,,,,,
2026-08-20,00:00,40.691994,-73.7611,190 ST,11412,113,OTHER,Street,0.04441100384051334,False,QUEENS,"(40.691994, -73.7611)",trafficstat,True,False,False,True,False,False,False,False,False,,,,,,,
2026-08-20,00:00,40.6858016,-73.7543191,193 ST,11413,113,UNKNOWN,Street,1.5488379583354366,False,QUEENS,"(40.6858016, -73.7543191)",trafficstat,False,False,False,False,False,False,False,False,False,,,,,,,
2026-08-20,00:00,40.6829886,-73.7861304,FOCH BLVD,11434,113,UNKNOWN,Street,2.7651814382804734,False,QUEENS,"(40.6829886, -73.7861304)",trafficstat,False,False,False,False,False,False,False,False,False,,,,,,,
2026-08-20,00:00,40.661594,-73.77872,N  HANGAR RD,11430,113,UNKNOWN,Street,1.2085088058949567,False,QUEENS,"(40.661594, -73.77872)",trafficstat,False,False,False,False,False,False,False,False,False,,,,,,,
2026-08-20,00:00,40.6669968,-73.7978933,N  CONDUIT AVE,11436,113,UNKNOWN,Street,2.2819353355920367,False,QUEENS,"(40.6669968, -73.7978933)",trafficstat,True,False,False,False,False,False,False,True,False,,,,,,,
2026-08-08,00:00,40.6669968,-73.7978933,N  CONDUIT AVE,11436,113,UNKNOWN,Street,2.2819353355920367,False,QUEENS,"(40.6669968, -73.7978933)",trafficstat,False,False,False,False,False,False,False,False,False,,,,,,,
2026-08-19,00:00,40.6661981,-73.7917548,BELT PKWY,11430,113,UNKNOWN,Highway,1.8757678992199212,False,QUEENS,"(40.6661981, -73.7917548)",trafficstat,False,False,False,False,False,False,False,False,False,,,,,,,
2026-06-28,00:00,40.6661981,-73.7917548,BELT PKWY,11430,113,OTHER,Highway,1.8757678992199212,False,QUEENS,"(40.6661981, -73.7917548)",trafficstat,False,False,False,False,False,False,False,False,False,,,,,,,
2026-08-19,00:00,40.6818474,-73.7924905,SUTPHIN BLVD,11434,113,UNKNOWN,Street,0.7778675866392402,False,QUEENS,"(40.6818474, -73.7924905)",trafficstat,False,False,False,False,False,False,False,False,False,,,,,,,
2026-08-19,00:00,40.6927576,-73.7652199,NEWBURG ST,11412,113,UNKNOWN,Street,1.3692172250906478,False,QUEENS,"(40.6927576, -73.7652199)",trafficstat,False,False,False,False,False,False,False,False,False,,,,,,,
2026-08-07,00:00,40.6927576,-73.7652199,NEWBURG ST,11412,113,UNKNOWN,Street,1.3692172250906478,False,QUEENS,"(40.6927576, -73.7652199)",trafficstat,True,False,False,False,False,False,False,True,False,,,,,,,
2026-08-19,00:00,40.6921823,-73.771208,115 AVE,11434,113,OTHER,Street,3.004034611664476,False,QUEENS,"(40.6921823, -73.771208)",trafficstat,True,False,False,False,False,False,False,True,False,,,,,,,
2026-08-17,00:00,40.6864528,-73.7611748,FARMERS BLVD,11412,113,UNKNOWN,Street,0.5370587115588138,False,QUEENS,"(40.6864528, -73.7611748)",trafficstat,True,False,True,False,False,False,False,False,False,,,,,,,
2026-07-18,00:00,40.6864528,-73.7611748,FARMERS BLVD,11412,113,UNKNOWN,Street,0.5370587115588138,False,QUEENS,"(40.6864528, -73.7611748)",trafficstat,False,False,False,False,False,False,False,False,False,,,,,,,
2026-08-17,00:00,40.6840333,-73.7927249,SUTPHIN BLVD,11434,113,OTHER,Street,41.00889624665679,False,QUEENS,"(40.6840333, -73.7927249)",trafficstat,False,False,False,False,False,False,False,False,False,,,,,,,
2026-08-17,00:00,40.6752938,-73.777035,GUY R BREWER BLVD,11434,113,UNKNOWN,Street,2.78706369763204,False,QUEENS,"(40.6752938, -73.777035)",trafficstat,False,False,False,False,False,False,False,False,False,,,,,,,
2026-08-16,00:00,40.6732062,-73.7914011,146 ST,11436,113,UNKNOWN,Street,96.67364440779822,False,QUEENS,"(40.6732062, -73.7914011)",trafficstat,False,False,False,False,False,False,False,False,False,,,,,,,
2026-08-15,00:00,40.6724706,-73.7998666,SUTTER AVE,11436,113,OTHER,Street,2.5403290005848596,False,QUEENS,"(40.6724706, -73.7998666)",trafficstat,True,False,False,False,False,False,False,False,True,,,,,,,
2026-08-15,00:00,40.6924561,-73.7681347,ST ALBANS COMM LIV CTR DRIVEWAY,11434,113,UNKNOWN,Driveway,0.5870369572013832,False,QUEENS,"(40.6924561, -73.7681347)",trafficstat,False,False,False,False,False,False,False,False,False,,,,,,,
2026-08-14,00:00,40.6990149,-73.7534684,201 ST,11412,113,UNKNOWN,Street,61.2076143570777,False,QUEENS,"(40.6990149, -73.7534684)",trafficstat,False,False,False,False,False,False,False,False,False,,,,,,,
2026-08-14,00:00,40.6788815,-73.7619158,FARMERS BLVD,11434,113,UNKNOWN,Street,2.2181129686620347,False,QUEENS,"(40.6788815, -73.7619158)",trafficstat,False,False,False,False,False,False,False,False,False,,,,,,,
2026-08-14,00:00,40.6765973,-73.7959354,144 ST,11436,113,UNKNOWN,Street,0.7519246023224401,False,QUEENS,"(40.6765973, -73.7959354)",trafficstat,True,False,False,False,False,False,False,True,False,,,,,,,
2026-06-22,00:00,40.6765973,-73.7959354,144 ST,11436,113,OTHER,Street,0.7519246023224401,False,QUEENS,"(40.6765973, -73.7959354)",trafficstat,False,False,False,False,False,False,False,False,False,,,,,,,
2026-08-14,00:00,40.6827636,-73.7709155,BAISLEY BLVD,11434,113,UNKNOWN,Street,54.242543401136274,False,QUEENS,"(40.6827636, -73.7709155)",trafficstat,True,False,False,False,False,False,False,True,False,,,,,,,
2026-08-14,00:00,40.6815787,-73.7654756,127 AVE,11434,113,UNKNOWN,Street,0.26028575304640883,False,QUEENS,"(40.6815787, -73.7654756)",trafficstat,True,False,False,True,False,False,False,False,False,,,,,,,
2026-08-14,00:00,40.6818419,-73.7949844,116 AVE,11436,113,UNKNOWN,Street,60.75970287845366,False,QUEENS,"(40.6818419, -73.7949844)",trafficstat,False,False,False,False,False,False,False,False,False,,,,,,,
2026-08-14,00:00,40.7027599,-73.7527469,203 ST,11412,113,UNKNOWN,Street,44.88836228300467,False,QUEENS,"(40.7027599, -73.7527469)",trafficstat,False,False,False,False,False,False,False,False,False,,,,,,,
2026-08-13,00:00,40.683103,-73.8057564,VAN WYCK EXPY,11420,113,UNKNOWN,Highway,1.2545787293509405,False,QUEENS,"(40.683103, -73.8057564)",trafficstat,False,False,False,False,False,False,False,False,False,,,,,,,
2026-08-05,00:00,40.683103,-73.8057564,VAN WYCK EXPY,11420,113,UNKNOWN,Highway,1.2545787293509405,False,QUEENS,"(40.683103, -73.8057564)",trafficstat,False,False,False,False,False,False,False,False,False,,,,,,,
2026-08-13,00:00,40.69098,-73.7487721,201 PL,11412,113,UNKNOWN,Street,1.5829404548710413,False,QUEENS,"(40.69098, -73.7487721)",trafficstat,False,False,False,False,False,False,False,False,False,,,,,,,
2026-08-13,00:00,40.6895019,-73.7860951,GUY R BREWER BLVD,11433,113,OTHER,Street,0.8127967370346041,False,QUEENS,"(40.6895019, -73.7860951)",trafficstat,False,False,False,False,False,False,False,False,False,,,,,,,
2026-08-12,00:00,40.6816114,-73.7722033,BAISLEY BLVD,11434,113,UNKNOWN,Street,1.7339002147150353,False,QUEENS,"(40.6816114, -73.7722033)",trafficstat,False,False,False,False,False,False,False,False,False,,,,,,,
2026-08-11,00:00,40.6896343,-73.7774427,MERRICK BLVD,11434,113,UNKNOWN,Street,33.40351612766183,False,QUEENS,"(40.6896343, -73.7774427)",trafficstat,True,False,False,False,False,False,False,True,False,,,,,,,
2026-08-11,00:00,40.6856091,-73.7963477,147 ST,11436,113,UNKNOWN,Street,0.6441527737671885,False,QUEENS,"(40.6856091, -73.7963477)",trafficstat,True,False,False,False,False,False,False,True,False,,,,,,,
2026-08-10,00:00,40.6747801,-73.7656149,BEDELL ST,11434,113,OTHER,Street,1.7835082435122145,False,QUEENS,"(40.6747801, -73.7656149)",trafficstat,False,False,False,False,False,False,False,False,False,,,,,,,
2026-07-07,00:00,40.6747801,-73.7656149,BEDELL ST,11434,113,OTHER,Street,1.7835082435122145,False,QUEENS,"(40.6747801, -73.7656149)",trafficstat,False,False,False,False,False,False,False,False,False,,,,,,,
2026-08-10,00:00,40.6735088,-73.8002781,140 ST,11436,113,UNKNOWN,Street,0.18595307120696558,False,QUEENS,"(40.6735088, -73.8002781)",trafficstat,True,False,False,False,False,False,False,True,False,,,,,,,
2026-08-10,00:00,40.6901116,-73.7782684,MERRICK BLVD,11434,113,UNKNOWN,Street,35.22760113260919,False,QUEENS,"(40.6901116, -73.7782684)",trafficstat,True,False,True,False,False,False,False,False,False,,,,,,,
2026-08-10,00:00,40.6968697,-73.7807197,173 ST,11433,113,UNKNOWN,Street,1.1284436888827558,False,QUEENS,"(40.6968697, -73.7807197)",trafficstat,True,False,True,False,False,False,False,False,False,,,,,,,
2026-08-10,00:00,40.6852151,-73.7763231,RING PL,11434,113,UNKNOWN,Street,2.13912820027883,False,QUEENS,"(40.6852151, -73.7763231)",trafficstat,True,False,True,False,False,False,False,False,False,,,,,,,
2026-08-09,00:00,40.6899512,-73.7924681,111 AVE,11433,113,OTHER,Street,36.25437546552496,False,QUEENS,"(40.6899512, -73.7924681)",trafficstat,False,False,False,False,False,False,False,False,False,,,,,,,
2026-08-08,00:00,40.6893901,-73.7557847,194 ST,11412,113,UNKNOWN,Street,49.833844570440085,False,QUEENS,"(40.6893901, -73.7557847)",trafficstat,False,False,False,False,False,False,False,False,False,,,,,,,
2026-08-08,00:00,40.68528,-73.7724,MERRICK BLVD,11434,113,UNKNOWN,Street,20.858785875102402,False,QUEENS,"(40.68528, -73.7724)",trafficstat,True,False,False,False,False,False,False,True,False,,,,,,,
2026-08-07,00:00,40.6824006,-73.7979727,145 ST,11436,113,UNKNOWN,Street,51.14671082858661,False,QUEENS,"(40.6824006, -73.7979727)",trafficstat,True,False,True,False,False,False,False,False,False,,,,,,,
2026-08-07,00:00,40.6737598,-73.7947256,144 ST,11436,113,UNKNOWN,Street,0.5454585835572402,False,QUEENS,"(40.6737598, -73.7947256)",trafficstat,True,False,False,False,False,False,False,True,False,,,,,,,
2026-07-29,00:00,40.6737598,-73.7947256,144 ST,11436,113,OTHER,Street,0.5454585835572402,False,QUEENS,"(40.6737598, -73.7947256)",trafficstat,False,False,False,False,False,False,False,False,False,,,,,,,
2026-08-06,00:00,40.6615954,-73.7787163,N  HANGAR RD,11430,113,OTHER,Street,0.1423962743511422,False,QUEENS,"(40.6615954, -73.7787163)",trafficstat,True,False,False,False,False,False,False,False,False,,,,,,,
2026-08-06,00:00,40.6916517,-73.7791971,LINDEN BLVD,11434,113,UNKNOWN,Street,2.636034092541037,False,QUEENS,"(40.6916517, -73.7791971)",trafficstat,True,False,False,False,False,False,False,False,False,,,,,,,
2026-07-29,00:00,40.6916517,-73.7791971,LINDEN BLVD,11434,113,UNKNOWN,Street,2.636034092541037,False,QUEENS,"(40.6916517, -73.7791971)",trafficstat,True,False,False,False,False,False,False,True,False,,,,,,,
2026-08-05,00:00,40.692937,-73.7577258,LINDEN BLVD,11412,113,OTHER,Street,3.443373226554494,False,QUEENS,"(40.692937, -73.7577258)",trafficstat,True,False,False,False,False,False,False,True,False,,,,,,,
2026-08-04,00:00,40.6926622,-73.7808706,SAYRES AVE,11433,113,OTHER,Street,2.3368999923659923,False,QUEENS,"(40.6926622, -73.7808706)",trafficstat,False,False,False,False,False,False,False,False,False,,,,,,,
2026-08-04,00:00,40.6863047,-73.7939081,SUTPHIN BLVD,11434,113,UNKNOWN,Street,1.1223914005965476,False,QUEENS,"(40.6863047, -73.7939081)",trafficstat,True,False,False,False,False,False,False,True,False,,,,,,,
2026-08-04,00:00,40.6843862,-73.7693598,IRWIN PL,11434,113,UNKNOWN,Street,2.31962214574057,False,QUEENS,"(40.6843862, -73.7693598)",trafficstat,True,False,False,False,False,False,False,False,False,,,,,,,
2026-08-04,00:00,40.6663668,-73.7894819,150 ST,11436,113,UNKNOWN,Street,0.43553206858270227,False,QUEENS,"(40.6663668, -73.7894819)",trafficstat,True,False,False,False,False,False,False,False,True,,,,,,,
2026-08-04,00:00,40.6744177,-73.8020815,VAN WYCK EXPY,11420,113,UNKNOWN,Street,0.8689027123405478,False,QUEENS,"(40.6744177, -73.8020815)",trafficstat,True,False,False,False,False,False,False,True,False,,,,,,,
2026-07-04,00:00,40.6744177,-73.8020815,VAN WYCK EXPY,11420,113,UNKNOWN,Street,0.8689027123405478,False,QUEENS,"(40.6744177, -73.8020815)",trafficstat,False,False,False,False,False,False,False,False,False,,,,,,,
2026-08-04,00:00,40.6790297,-73.7784205,SMITH ST,11434,113,OTHER,Street,1.9548969942836683,False,QUEENS,"(40.6790297, -73.7784205)",trafficstat,False,False,False,False,False,False,False,False,False,,,,,,,
2026-07-26,00:00,40.6790297,-73.7784205,SMITH ST,11434,113,UNKNOWN,Street,1.9548969942836683,False,QUEENS,"(40.6790297, -73.7784205)",trafficstat,True,False,True,False,False,False,False,False,False,,,,,,,
2026-08-04,00:00,40.6758436,-73.7830421,157 ST,11434,113,UNKNOWN,Street,1.2178880161329018,False,QUEENS,"(40.6758436, -73.7830421)",trafficstat,True,False,False,False,False,False,False,True,False,,,,,,,
2026-08-03,00:00,40.6731575,-73.7667201,137 AVE,11434,113,UNKNOWN,Street,13.393070580970052,False,QUEENS,"(40.6731575, -73.7667201)",trafficstat,True,False,False,False,False,True,False,False,False,,,,,,,
2026-08-03,00:00,40.6890401,-73.7648106,BAISLEY BLVD,11412,113,UNKNOWN,Street,44.84915926596402,False,QUEENS,"(40.6890401, -73.7648106)",trafficstat,False,False,False,False,False,False,False,False,False,,,,,,,
2026-08-03,00:00,40.688364,-73.776619,116 AVE,11434,113,UNKNOWN,Street,2.790739887674232,False,QUEENS,"(40.688364, -73.776619)",trafficstat,True,False,False,False,False,False,False,False,True,,,,,,,
2026-08-02,00:00,40.6883058,-73.7560659,193 ST,11412,113,UNKNOWN,Street,0.8549189014332019,False,QUEENS,"(40.6883058, -73.7560659)",trafficstat,True,False,False,False,False,False,False,True,False,,,,,,,
2026-08-02,00:00,40.6837981,-73.8002666,143 ST,11436,113,OTHER,Street,60.967139567945104,False,QUEENS,"(40.6837981, -73.8002666)",trafficstat,False,False,False,False,False,False,False,False,False,,,,,,,
2026-08-02,00:00,40.6760353,-73.801024,140 ST,11436,113,UNKNOWN,Street,0.5561995831203363,False,QUEENS,"(40.6760353, -73.801024)",trafficstat,True,False,True,False,False,False,False,False,False,,,,,,,
2026-08-02,00:00,40.6760383,-73.7903419,SUTPHIN BLVD,11434,113,UNKNOWN,Street,0.5900024061249476,False,QUEENS,"(40.6760383, -73.7903419)",trafficstat,True,False,False,False,False,False,False,True,False,,,,,,,
2026-07-17,00:00,40.6760383,-73.7903419,SUTPHIN BLVD,11434,113,UNKNOWN,Street,0.5900024061249476,False,QUEENS,"(40.6760383, -73.7903419)",trafficstat,False,False,False,False,False,False,False,False,False,,,,,,,
2026-08-01,00:00,40.6671759,-73.7803163,ROCKAWAY BLVD,11434,113,UNKNOWN,Street,1.4875119563031092,False,QUEENS,"(40.6671759, -73.7803163)",trafficstat,True,False,False,False,False,False,False,False,True,,,,,,,
2026-06-14,00:00,40.6671759,-73.7803163,ROCKAWAY BLVD,11434,113,UNKNOWN,Street,1.4875119563031092,False,QUEENS,"(40.6671759, -73.7803163)",trafficstat,True,False,False,False,False,False,False,True,False,,,,,,,
2026-08-01,00:00,40.6749443,-73.801847,VAN WYCK EXPY,11420,113,UNKNOWN,Highway,9.09693898280807,False,QUEENS,"(40.6749443, -73.801847)",trafficstat,True,False,False,False,False,False,False,True,False,,,,,,,
2026-07-11,00:00,40.6749443,-73.801847,VAN WYCK EXPY,11420,113,OTHER,Highway,9.09693898280807,False,QUEENS,"(40.6749443, -73.801847)",trafficstat,False,False,False,False,False,False,False,False,False,,,,,,,
2026-07-07,00:00,40.6749443,-73.801847,VAN WYCK EXPY,11420,113,UNKNOWN,Highway,9.09693898280807,False,QUEENS,"(40.6749443, -73.801847)",trafficstat,False,False,False,False,False,False,False,False,False,,,,,,,
2026-06-20,00:00,40.6749443,-73.801847,VAN WYCK EXPY,11420,113,OTHER,Highway,9.09693898280807,False,QUEENS,"(40.6749443, -73.801847)",trafficstat,False,False,False,False,False,False,False,False,False,,,,,,,
2026-08-01,00:00,40.6952035,-73.7644575,NEWBURG ST,11412,113,UNKNOWN,Street,43.07662428865048,False,QUEENS,"(40.6952035, -73.7644575)",trafficstat,False,False,False,False,False,False,False,False,False,,,,,,,
2026-08-01,00:00,40.7049457,-73.7501549,111 RD,11412,113,UNKNOWN,Street,2.6002963167387874,False,QUEENS,"(40.7049457, -73.7501549)",trafficstat,True,False,False,False,True,False,False,False,False,,,,,,,
2026-07-31,00:00,40.7036356,-73.7523202,204 ST,11412,113,UNKNOWN,Street,0.23420314619270255,False,QUEENS,"(40.7036356, -73.7523202)",trafficstat,False,False,False,False,False,False,False,False,False,,,,,,,
2026-07-31,00:00,40.6907732,-73.7549365,119 AVE,11412,113,UNKNOWN,Street,46.85667399834368,False,QUEENS,"(40.6907732, -73.7549365)",trafficstat,False,False,False,False,False,False,False,False,False,,,,,,,
2026-07-31,00:00,40.660365,-73.7755233,ROCKAWAY BLVD,11430,113,OTHER,Street,0.5440561496774072,False,QUEENS,"(40.660365, -73.7755233)",trafficstat,False,False,False,False,False,False,False,False,False,,,,,,,
2026-07-30,00:00,40.6792635,-73.780089,GUY R BREWER BLVD,11434,113,UNKNOWN,Street,1.114029597772347,False,QUEENS,"(40.6792635, -73.780089)",trafficstat,False,False,False,False,False,False,False,False,False,,,,,,,
2026-07-30,00:00,40.6800879,-73.801769,140 ST,11436,113,UNKNOWN,Street,0.40520600812161744,False,QUEENS,"(40.6800879, -73.801769)",trafficstat,False,False,False,False,False,False,False,False,False,,,,,,,
2026-07-30,00:00,40.6862449,-73.7575626,LUCAS ST,11413,113,OTHER,Street,1.0281056571584313,False,QUEENS,"(40.6862449, -73.7575626)",trafficstat,True,False,False,False,False,False,False,True,False,,,,,,,
2026-07-30,00:00,40.689294,-73.7602323,190 ST,11412,113,UNKNOWN,Street,50.49847158731994,False,QUEENS,"(40.689294, -73.7602323)",trafficstat,False,False,False,False,False,False,False,False,False,,,,,,,
2026-07-30,00:00,40.6867596,-73.7844849,GUY R BREWER BLVD,11434,113,UNKNOWN,Street,0.9763136694377466,False,QUEENS,"(40.6867596, -73.7844849)",trafficstat,True,False,False,False,True,False,False,False,False,,,,,,,
2026-07-30,00:00,40.6912791,-73.7462432,120 AVE,11411,113,UNKNOWN,Street,2.7577688912069203,False,QUEENS,"(40.6912791, -73.7462432)",trafficstat,False,False,False,False,False,False,False,False,False,,,,,,,
2026-07-07,00:00,40.6912791,-73.7462432,120 AVE,11411,113,UNKNOWN,Street,2.7577688912069203,False,QUEENS,"(40.6912791, -73.7462432)",trafficstat,True,False,True,False,False,False,False,False,False,,,,,,,
2026-07-29,00:00,40.6926173,-73.7633908,DUNKIRK DR,11412,113,UNKNOWN,Street,42.62993804993195,False,QUEENS,"(40.6926173, -73.7633908)",trafficstat,False,False,False,False,False,False,False,False,False,,,,,,,
2026-07-29,00:00,40.6819937,-73.7884086,155 ST,11434,113,UNKNOWN,Street,1.016572694375771,False,QUEENS,"(40.6819937, -73.7884086)",trafficstat,True,False,False,False,False,False,False,True,False,,,,,,,
2026-07-29,00:00,40.6732278,-73.8004958,VAN WYCK EXPY,11420,113,UNKNOWN,Street,78.36363639093597,False,QUEENS,"(40.6732278, -73.8004958)",trafficstat,False,False,False,False,False,False,False,False,False,,,,,,,
2026-07-28,00:00,40.6669487,-73.7971112,N  CONDUIT AVE,11436,113,UNKNOWN,Street,3.350283168394125,False,QUEENS,"(40.6669487, -73.7971112)",trafficstat,False,False,False,False,False,False,False,False,False,,,,,,,
2026-07-24,00:00,40.6669487,-73.7971112,N  CONDUIT AVE,11436,113,UNKNOWN,Street,3.350283168394125,False,QUEENS,"(40.6669487, -73.7971112)",trafficstat,False,False,False,False,False,False,False,False,False,,,,,,,
2026-07-28,00:00,40.6871206,-73.7895304,157 ST,11434,113,UNKNOWN,Street,48.09747991745625,False,QUEENS,"(40.6871206, -73.7895304)",trafficstat,True,False,False,True,False,False,False,False,False,,,,,,,
2026-07-27,00:00,40.6949747,-73.767585,DUNKIRK ST,11412,113,UNKNOWN,Street,1.5394747995791278,False,QUEENS,"(40.6949747, -73.767585)",trafficstat,False,False,False,False,False,False,False,False,False,,,,,,,
2026-07-27,00:00,40.693,-73.77748,MARNE PL,11433,113,UNKNOWN,Street,0.3195024212670524,False,QUEENS,"(40.693, -73.77748)",trafficstat,False,False,False,False,False,False,False,False,False,,,,,,,
2026-07-26,00:00,40.6762243,-73.7992317,142 ST,11436,113,UNKNOWN,Street,0.06018509177258134,False,QUEENS,"(40.6762243, -73.7992317)",trafficstat,False,False,False,False,False,False,False,False,False,,,,,,,
2026-07-25,00:00,40.67309,-73.7940321,145 ST,11436,113,UNKNOWN,Street,45.3662691660658,False,QUEENS,"(40.67309, -73.7940321)",trafficstat,False,False,False,False,False,False,False,False,False,,,,,,,
2026-07-25,00:00,40.6835394,-73.7701786,BAISLEY BLVD,11434,113,OTHER,Street,72.24810909470425,False,QUEENS,"(40.6835394, -73.7701786)",trafficstat,False,False,False,False,False,False,False,False,False,,,,,,,
2026-07-24,00:00,40.6847838,-73.7678224,120 AVE,11434,113,OTHER,Street,2.5816283915781124,False,QUEENS,"(40.6847838, -73.7678224)",trafficstat,True,False,False,False,False,False,False,True,True,,,,,,,
2026-07-24,00:00,40.69103,-73.780785,169 ST,11434,113,UNKNOWN,Street,1.762060676280361,False,QUEENS,"(40.69103, -73.780785)",trafficstat,True,False,True,False,False,False,False,False,False,,,,,,,