crash_date,crash_time,latitude,longitude,on_street_name,zip_code,precinct,collision_type,roadway_type,geocode_dist_feet,time_is_known,borough,location,source,injury,fatality,injured_pedestrian,injured_cyclist,injured_ebike_rider,injured_motorcyclist,injured_moped_rider,injured_car_occupant,injured_suv_occupant,number_of_persons_injured,number_of_persons_killed,contributing_factor_vehicle_1,collision_id,cross_street_name,off_street_name,vehicle_type_code1
2026-07-23,00:00,40.6668416,-73.7894083,150 ST,11436,113,UNKNOWN,Street,1.1296128271082577,False,QUEENS,"(40.6668416, -73.7894083)",trafficstat,True,False,False,False,False,False,False,False,True,,,,,,,
2026-07-12,00:00,40.6668416,-73.7894083,150 ST,11436,113,UNKNOWN,Street,1.1296128271082577,False,QUEENS,"(40.6668416, -73.7894083)",trafficstat,False,False,False,False,False,False,False,False,False,,,,,,,
2026-07-23,00:00,40.6675581,-73.7735684,BELT PKWY,11434,113,OTHER,Highway,10.986738599964681,False,QUEENS,"(40.6675581, -73.7735684)",trafficstat,True,False,False,False,False,False,False,True,False,,,,,,,
2026-07-23,00:00,40.6788449,-73.7773605,BAISLEY BLVD,11434,113,UNKNOWN,Street,225.76260735457112,False,QUEENS,"(40.6788449, -73.7773605)",trafficstat,False,False,False,False,False,False,False,False,False,,,,,,,
2026-07-23,00:00,40.6943678,-73.7488767,118 AVE,11412,113,UNKNOWN,Street,40.94414203887962,False,QUEENS,"(40.6943678, -73.7488767)",trafficstat,False,False,False,False,False,False,False,False,False,,,,,,,
2026-07-22,00:00,40.6773548,-73.7809497,BAISLEY BLVD,11434,113,UNKNOWN,Street,2.3580523849972868,False,QUEENS,"(40.6773548, -73.7809497)",trafficstat,True,False,False,False,False,False,False,False,True,,,,,,,
2026-06-25,00:00,40.6773548,-73.7809497,BAISLEY BLVD,11434,113,UNKNOWN,Street,2.3580523849972868,False,QUEENS,"(40.6773548, -73.7809497)",trafficstat,False,False,False,False,False,False,False,False,False,,,,,,,
2026-07-22,00:00,40.674746,-73.7636754,FARMERS BLVD,11434,113,UNKNOWN,Street,0.9256529652205573,False,QUEENS,"(40.674746, -73.7636754)",trafficstat,True,False,False,False,False,False,False,True,False,,,,,,,
2026-07-22,00:00,40.6734796,-73.7915252,ROCKAWAY BLVD,11436,113,OTHER,Street,2.8581368793058006,False,QUEENS,"(40.6734796, -73.7915252)",trafficstat,True,False,True,False,False,False,False,False,True,,,,,,,
2026-07-22,00:00,40.6747138,-73.7912796,147 ST,11436,113,OTHER,Street,50.633105566077504,False,QUEENS,"(40.6747138, -73.7912796)",trafficstat,False,False,False,False,False,False,False,False,False,,,,,,,
2026-07-22,00:00,40.6660101,-73.7895299,150 ST,11436,113,UNKNOWN,Street,1.4893358679044932,False,QUEENS,"(40.6660101, -73.7895299)",trafficstat,False,False,False,False,False,False,False,False,False,,,,,,,
2026-07-22,00:00,40.6851859,-73.7897201,115 RD,11434,113,UNKNOWN,Street,58.28145480697889,False,QUEENS,"(40.6851859, -73.7897201)",trafficstat,False,False,False,False,False,False,False,False,False,,,,,,,
2026-07-22,00:00,40.6825668,-73.7926577,SUTPHIN BLVD,11434,113,OTHER,Street,0.24723975677417778,False,QUEENS,"(40.6825668, -73.7926577)",trafficstat,True,False,True,False,False,False,False,False,False,,,,,,,
2026-07-21,00:00,40.6871495,-73.7972674,147 ST,11435,113,UNKNOWN,Street,42.85021141754912,False,QUEENS,"(40.6871495, -73.7972674)",trafficstat,False,False,False,False,False,False,False,False,False,,,,,,,
2026-07-21,00:00,40.6899268,-73.7493084,201 ST,11412,113,UNKNOWN,Street,54.46294774802874,False,QUEENS,"(40.6899268, -73.7493084)",trafficstat,False,False,False,False,False,False,False,False,False,,,,,,,
2026-07-21,00:00,40.671828,-73.774497,GUY R BREWER BLVD,11434,113,UNKNOWN,Street,1.4158467032892137,False,QUEENS,"(40.671828, -73.774497)",trafficstat,False,False,False,False,False,False,False,False,False,,,,,,,
2026-07-20,00:00,40.6853356,-73.7919012,115 AVE,11434,113,UNKNOWN,Street,33.48462143615719,False,QUEENS,"(40.6853356, -73.7919012)",trafficstat,False,False,False,False,False,False,False,False,False,,,,,,,
2026-07-19,00:00,40.7020102,-73.7585693,197 ST,11412,113,UNKNOWN,Street,1.1432402404864401,False,QUEENS,"(40.7020102, -73.7585693)",trafficstat,True,False,False,False,False,False,False,True,False,,,,,,,
2026-07-19,00:00,40.6651603,-73.7901418,150 ST,11430,113,UNKNOWN,Street,2.029884247037029,False,QUEENS,"(40.6651603, -73.7901418)",trafficstat,False,False,False,False,False,False,False,False,False,,,,,,,
2026-07-19,00:00,40.6720362,-73.7995538,SUTTER AVE,11436,113,UNKNOWN,Street,165.31069230986972,False,QUEENS,"(40.6720362, -73.7995538)",trafficstat,False,False,False,False,False,False,False,False,False,,,,,,,
2026-07-17,00:00,40.6910289,-73.7807822,169 ST,11434,113,OTHER,Street,1.2121712127321953,False,QUEENS,"(40.6910289, -73.7807822)",trafficstat,True,False,True,False,False,False,False,False,False,,,,,,,
2026-07-16,00:00,40.6927054,-73.7585633,193 ST,11412,113,OTHER,Street,0.3974656399031611,False,QUEENS,"(40.6927054, -73.7585633)",trafficstat,True,False,True,False,False,False,False,False,False,,,,,,,
2026-07-16,00:00,40.6707001,-73.7951315,144 ST,11436,113,UNKNOWN,Street,1.2415292885543392,False,QUEENS,"(40.6707001, -73.7951315)",trafficstat,True,False,False,False,False,False,False,False,True,,,,,,,
2026-07-16,00:00,40.6798966,-73.7873368,155 ST,11434,113,UNKNOWN,Street,20.818246504617342,False,QUEENS,"(40.6798966, -73.7873368)",trafficstat,True,False,False,False,False,False,False,True,False,,,,,,,
2026-07-15,00:00,40.6705749,-73.7942271,145 ST,11436,113,OTHER,Street,0.9341310654188043,False,QUEENS,"(40.6705749, -73.7942271)",trafficstat,False,False,False,False,False,False,False,False,False,,,,,,,
2026-07-15,00:00,40.667963,-73.7715434,GUY R BREWER BLVD,11434,113,UNKNOWN,Bridge,1.0222709186758825,False,QUEENS,"(40.667963, -73.7715434)",trafficstat,True,False,False,False,False,False,False,True,False,,,,,,,
2026-07-15,00:00,40.6578108,-73.7720042,N  BOUNDARY RD,11430,113,UNKNOWN,Street,90.77058553460333,False,QUEENS,"(40.6578108, -73.7720042)",trafficstat,False,False,False,False,False,False,False,False,False,,,,,,,
2026-07-14,00:00,40.6800609,-73.7668582,129 AVE,11434,113,UNKNOWN,Street,3.2807409426451635,False,QUEENS,"(40.6800609, -73.7668582)",trafficstat,False,False,False,False,False,False,False,False,False,,,,,,,
2026-07-14,00:00,40.6786142,-73.7793485,BAISLEY BLVD,11434,113,UNKNOWN,Street,37.3326058435636,False,QUEENS,"(40.6786142, -73.7793485)",trafficstat,True,False,False,True,False,False,False,False,False,,,,,,,
2026-07-14,00:00,40.6809636,-73.7735647,BAISLEY BLVD,11434,113,UNKNOWN,Street,3.0158181050755397,False,QUEENS,"(40.6809636, -73.7735647)",trafficstat,True,False,True,False,False,False,False,False,False,,,,,,,
2026-07-14,00:00,40.6809707,-73.7716394,172 ST,11434,113,UNKNOWN,Street,0.3832297369163505,False,QUEENS,"(40.6809707, -73.7716394)",trafficstat,True,False,False,True,False,False,False,False,False,,,,,,,
2026-07-03,00:00,40.6809707,-73.7716394,172 ST,11434,113,UNKNOWN,Street,0.3832297369163505,False,QUEENS,"(40.6809707, -73.7716394)",trafficstat,True,False,False,False,False,False,False,True,False,,,,,,,
2026-07-14,00:00,40.69182,-73.78778,GUY R BREWER BLVD,11433,113,UNKNOWN,Street,0.22492272851766246,False,QUEENS,"(40.69182, -73.78778)",trafficstat,False,False,False,False,False,False,False,False,False,,,,,,,
2026-07-13,00:00,40.695934,-73.7463451,FRANCIS LEWIS BLVD,11411,113,OTHER,Street,45.774348176123134,False,QUEENS,"(40.695934, -73.7463451)",trafficstat,False,False,False,False,False,False,False,False,False,,,,,,,
2026-07-13,00:00,40.6961207,-73.7461815,LINDEN BLVD,11412,113,UNKNOWN,Street,3.3628661846916756,False,QUEENS,"(40.6961207, -73.7461815)",trafficstat,True,False,False,False,False,False,False,True,False,,,,,,,
2026-07-13,00:00,40.6812854,-73.7697851,174 PL,11434,113,UNKNOWN,Street,0.05444550780721078,False,QUEENS,"(40.6812854, -73.7697851)",trafficstat,True,False,False,False,False,False,False,False,True,,,,,,,
2026-07-13,00:00,40.6796022,-73.803483,VAN WYCK EXPY,11436,113,UNKNOWN,Street,1.1582583223534988,False,QUEENS,"(40.6796022, -73.803483)",trafficstat,False,False,False,False,False,False,False,False,False,,,,,,,
2026-07-12,00:00,40.6877905,-73.7569469,192 ST,11412,113,OTHER,Street,49.78959469434619,False,QUEENS,"(40.6877905, -73.7569469)",trafficstat,False,False,False,False,False,False,False,False,False,,,,,,,
2026-07-11,00:00,40.6840924,-73.801685,142 ST,11436,113,UNKNOWN,Street,0.48407759481993756,False,QUEENS,"(40.6840924, -73.801685)",trafficstat,False,False,False,False,False,False,False,False,False,,,,,,,
2026-07-11,00:00,40.6821751,-73.7815536,GUY R BREWER BLVD,11434,113,UNKNOWN,Street,57.65746690889461,False,QUEENS,"(40.6821751, -73.7815536)",trafficstat,True,False,False,False,False,False,False,True,False,,,,,,,
2026-07-11,00:00,40.667847,-73.776115,N  CONDUIT AVE,11434,113,OTHER,Street,2.630274735344796,False,QUEENS,"(40.667847, -73.776115)",trafficstat,True,True,False,False,False,True,False,False,False,,,,,,,
2026-07-10,00:00,40.6742244,-73.7998469,ROCKAWAY BLVD,11436,113,UNKNOWN,Street,2.954998271151722,False,QUEENS,"(40.6742244, -73.7998469)",trafficstat,True,False,False,False,False,False,False,True,False,,,,,,,
2026-07-10,00:00,40.6965596,-73.7807129,173 ST,11433,113,UNKNOWN,Street,54.45000659518482,False,QUEENS,"(40.6965596, -73.7807129)",trafficstat,False,False,False,False,False,False,False,False,False,,,,,,,
2026-07-09,00:00,40.6922501,-73.7666821,LINDEN BLVD,11434,113,UNKNOWN,Street,2.765794800442565,False,QUEENS,"(40.6922501, -73.7666821)",trafficstat,False,False,False,False,False,False,False,False,False,,,,,,,
2026-07-09,00:00,40.6870486,-73.7609899,FARMERS BLVD,11412,113,UNKNOWN,Street,116.04811126314657,False,QUEENS,"(40.6870486, -73.7609899)",trafficstat,True,False,False,False,False,False,False,True,False,,,,,,,
2026-07-09,00:00,40.6835831,-73.8001454,143 ST,11436,113,UNKNOWN,Street,65.12952646869306,False,QUEENS,"(40.6835831, -73.8001454)",trafficstat,False,False,False,False,False,False,False,False,False,,,,,,,
2026-07-08,00:00,40.7052858,-73.7628044,109 RD,11412,113,OTHER,Street,44.90518243254379,False,QUEENS,"(40.7052858, -73.7628044)",trafficstat,True,False,True,False,False,False,False,False,False,,,,,,,
2026-07-08,00:00,40.6971265,-73.7515599,202 ST,11412,113,OTHER,Street,50.29749552592566,False,QUEENS,"(40.6971265, -73.7515599)",trafficstat,False,False,False,False,False,False,False,False,False,,,,,,,
2026-07-07,00:00,40.6982104,-73.7528777,201 ST,11412,113,UNKNOWN,Street,1.1854010313343384,False,QUEENS,"(40.6982104, -73.7528777)",trafficstat,False,False,False,False,False,False,False,False,False,,,,,,,
2026-07-07,00:00,40.6916676,-73.7623858,FARMERS BLVD,11412,113,UNKNOWN,Street,0.11708069321339298,False,QUEENS,"(40.6916676, -73.7623858)",trafficstat,False,False,False,False,False,False,False,False,False,,,,,,,
2026-07-07,00:00,40.6805257,-73.7632908,EVELETH RD,11434,113,OTHER,Street,1.4165391745852178,False,QUEENS,"(40.6805257, -73.7632908)",trafficstat,True,False,False,False,False,False,False,False,False,,,,,,,
2026-07-06,00:00,40.667465,-73.77176,BELT PKWY,11434,113,OTHER,Highway,7.417911686135279,False,QUEENS,"(40.667465, -73.77176)",trafficstat,False,False,False,False,False,False,False,False,False,,,,,,,
2026-07-06,00:00,40.6678458,-73.7761182,N  CONDUIT AVE,11434,113,UNKNOWN,Street,2.9752505373818474,False,QUEENS,"(40.6678458, -73.7761182)",trafficstat,False,False,False,False,False,False,False,False,False,,,,,,,
2026-07-05,00:00,40.6765506,-73.7683738,133 AVE,11434,113,OTHER,Street,1.5078681978336113,False,QUEENS,"(40.6765506, -73.7683738)",trafficstat,True,False,False,False,False,True,False,False,False,,,,,,,
2026-07-05,00:00,40.6874789,-73.7583298,LUCAS ST,11412,113,UNKNOWN,Street,0.7878264795704109,False,QUEENS,"(40.6874789, -73.7583298)",trafficstat,True,False,True,False,False,False,False,False,False,,,,,,,
2026-07-05,00:00,40.7000116,-73.755157,MURDOCK AVE,11412,113,UNKNOWN,Street,41.77020339346913,False,QUEENS,"(40.7000116, -73.755157)",trafficstat,False,False,False,False,False,False,False,False,False,,,,,,,
2026-07-05,00:00,40.6920602,-73.7917548,159 ST,11433,113,UNKNOWN,Street,33.348259240585335,False,QUEENS,"(40.6920602, -73.7917548)",trafficstat,False,False,False,False,False,False,False,False,False,,,,,,,
2026-07-05,00:00,40.684254,-73.7623942,180 ST,11434,113,UNKNOWN,Street,0.7544300981828339,False,QUEENS,"(40.684254, -73.7623942)",trafficstat,False,False,False,False,False,False,False,False,False,,,,,,,
2026-07-05,00:00,40.6959953,-73.7827709,110 AVE,11433,113,OTHER,Street,2.717157218435471,False,QUEENS,"(40.6959953, -73.7827709)",trafficstat,True,False,False,True,False,False,False,False,False,,,,,,,
2026-07-04,00:00,40.6944694,-73.7814633,111 AVE,11433,113,UNKNOWN,Street,2.998643767984755,False,QUEENS,"(40.6944694, -73.7814633)",trafficstat,True,False,False,False,False,False,False,True,False,,,,,,,
2026-07-04,00:00,40.6895394,-73.7821573,167 ST,11434,113,UNKNOWN,Street,49.142855351570105,False,QUEENS,"(40.6895394, -73.7821573)",trafficstat,True,False,False,False,False,False,False,True,False,,,,,,,
2026-07-03,00:00,40.6934027,-73.7560148,196 ST,11412,113,UNKNOWN,Street,0.6292429673746047,False,QUEENS,"(40.6934027, -73.7560148)",trafficstat,True,False,False,False,False,False,False,True,False,,,,,,,
2026-07-03,00:00,40.7020552,-73.7526038,203 ST,11412,113,OTHER,Street,0.4650479237312117,False,QUEENS,"(40.7020552, -73.7526038)",trafficstat,False,False,False,False,False,False,False,False,False,,,,,,,
2026-07-02,00:00,40.6699631,-73.7753072,140 AVE,11434,113,OTHER,Street,2.966105808503855,False,QUEENS,"(40.6699631, -73.7753072)",trafficstat,True,False,False,False,False,False,False,False,True,,,,,,,
2026-07-01,00:00,40.666316,-73.791704,BELT PKWY,11430,113,OTHER,Highway,1.8203905346596037,False,QUEENS,"(40.666316, -73.791704)",trafficstat,True,False,False,False,False,False,False,False,True,,,,,,,
2026-07-01,00:00,40.6832953,-73.7674093,IRWIN PL,11434,113,UNKNOWN,Street,2.7110929328075466,False,QUEENS,"(40.6832953, -73.7674093)",trafficstat,False,False,False,False,False,False,False,False,False,,,,,,,
2026-06-30,00:00,40.6823781,-73.7671566,125 AVE,11434,113,UNKNOWN,Street,2.1993690752794883,False,QUEENS,"(40.6823781, -73.7671566)",trafficstat,False,False,False,False,False,False,False,False,False,,,,,,,
2026-06-30,00:00,40.6817099,-73.7621594,EVELETH RD,11434,113,UNKNOWN,Street,43.01395689496413,False,QUEENS,"(40.6817099, -73.7621594)",trafficstat,False,False,False,False,False,False,False,False,False,,,,,,,
2026-06-30,00:00,40.6783648,-73.779479,GUY R BREWER BLVD,11434,113,UNKNOWN,Street,0.42935315600180235,False,QUEENS,"(40.6783648, -73.779479)",trafficstat,True,False,True,False,False,False,False,False,False,,,,,,,
2026-06-14,00:00,40.6783648,-73.779479,GUY R BREWER BLVD,11434,113,UNKNOWN,Street,0.42935315600180235,False,QUEENS,"(40.6783648, -73.779479)",trafficstat,False,False,False,False,False,False,False,False,False,,,,,,,
2026-06-29,00:00,40.6978219,-73.767979,MANGIN AVE,11412,113,UNKNOWN,Street,1.5274476037556743,False,QUEENS,"(40.6978219, -73.767979)",trafficstat,True,False,False,False,False,False,False,True,False,,,,,,,
2026-06-29,00:00,40.700567,-73.7640996,FARMERS BLVD,11412,113,UNKNOWN,Street,1.569212526012159,False,QUEENS,"(40.700567, -73.7640996)",trafficstat,False,False,False,False,False,False,False,False,False,,,,,,,
2026-06-28,00:00,40.7055762,-73.760963,196 ST,11412,113,UNKNOWN,Street,50.353123663814955,False,QUEENS,"(40.7055762, -73.760963)",trafficstat,False,False,False,False,False,False,False,False,False,,,,,,,
2026-06-27,00:00,40.693972,-73.7539573,LINDEN BLVD,11412,113,UNKNOWN,Street,2.777635132773364,False,QUEENS,"(40.693972, -73.7539573)",trafficstat,False,False,False,False,False,False,False,False,False,,,,,,,
2026-06-25,00:00,40.6975247,-73.746818,116 AVE,11412,113,UNKNOWN,Street,3.3081026646185165,False,QUEENS,"(40.6975247, -73.746818)",trafficstat,False,False,False,False,False,False,False,False,False,,,,,,,
2026-06-25,00:00,40.6813576,-73.8011581,141 ST,11436,113,UNKNOWN,Street,54.64201183874919,False,QUEENS,"(40.6813576, -73.8011581)",trafficstat,True,False,False,False,False,False,False,True,False,,,,,,,
2026-06-25,00:00,40.6681368,-73.7833519,CRANSTON ST,11434,113,UNKNOWN,Street,1.355073143405768,False,QUEENS,"(40.6681368, -73.7833519)",trafficstat,False,False,False,False,False,False,False,False,False,,,,,,,
2026-06-25,00:00,40.7065692,-73.7546285,203 ST,11412,113,UNKNOWN,Street,0.8109453954306688,False,QUEENS,"(40.7065692, -73.7546285)",trafficstat,True,False,False,True,False,False,False,False,False,,,,,,,
2026-06-24,00:00,40.6966497,-73.7692957,DUNKIRK ST,11412,113,OTHER,Street,2.054920579563048,False,QUEENS,"(40.6966497, -73.7692957)",trafficstat,False,False,False,False,False,False,False,False,False,,,,,,,
2026-06-24,00:00,40.6737855,-73.7638014,FARMERS BLVD,11434,113,UNKNOWN,Street,1.1134951327340814,False,QUEENS,"(40.6737855, -73.7638014)",trafficstat,True,False,False,False,False,False,False,True,False,,,,,,,
2026-06-17,00:00,40.6737855,-73.7638014,FARMERS BLVD,11434,113,UNKNOWN,Street,1.1134951327340814,False,QUEENS,"(40.6737855, -73.7638014)",trafficstat,True,False,False,False,False,False,False,False,True,,,,,,,
2026-06-15,00:00,40.6737855,-73.7638014,FARMERS BLVD,11434,113,UNKNOWN,Street,1.1134951327340814,False,QUEENS,"(40.6737855, -73.7638014)",trafficstat,False,False,False,False,False,False,False,False,False,,,,,,,
2026-06-24,00:00,40.6843488,-73.8007756,143 ST,11436,113,UNKNOWN,Street,1.2998674036671687,False,QUEENS,"(40.6843488, -73.8007756)",trafficstat,True,False,False,False,False,False,False,True,False,,,,,,,
2026-06-24,00:00,40.6881809,-73.7886775,159 ST,11434,113,UNKNOWN,Street,1.662248220223547,False,QUEENS,"(40.6881809, -73.7886775)",trafficstat,True,False,False,False,False,False,False,False,True,,,,,,,
2026-06-22,00:00,40.6853315,-73.7556849,122 AVE,11413,113,UNKNOWN,Street,43.21744198325217,False,QUEENS,"(40.6853315, -73.7556849)",trafficstat,False,False,False,False,False,False,False,False,False,,,,,,,
2026-06-22,00:00,40.6603159,-73.7756691,NASSAU EXPY,11430,113,UNKNOWN,Highway,2.8246270042874766,False,QUEENS,"(40.6603159, -73.7756691)",trafficstat,True,False,False,False,False,False,False,False,False,,,,,,,
2026-06-22,00:00,40.6790963,-73.7982135,143 ST,11436,113,UNKNOWN,Street,0.4655760517343251,False,QUEENS,"(40.6790963, -73.7982135)",trafficstat,False,False,False,False,False,False,False,False,False,,,,,,,
2026-06-21,00:00,40.6789115,-73.7762367,,,113,OTHER,,344.17296717555524,False,QUEENS,"(40.6789115, -73.7762367)",trafficstat,False,False,False,False,False,False,False,False,False,,,,,,,
2026-06-21,00:00,40.6877531,-73.7903844,157 ST,11434,113,OTHER,Street,1.2057820181631234,False,QUEENS,"(40.6877531, -73.7903844)",trafficstat,False,False,False,False,False,False,False,False,False,,,,,,,
2026-06-21,00:00,40.700017,-73.7642084,LEWISTON AVE,11412,113,UNKNOWN,Street,53.558437671392426,False,QUEENS,"(40.700017, -73.7642084)",trafficstat,False,False,False,False,False,False,False,False,False,,,,,,,
2026-06-21,00:00,40.6907557,-73.7902776,111 AVE,11433,113,UNKNOWN,Street,2.6689312329386623,False,QUEENS,"(40.6907557, -73.7902776)",trafficstat,True,False,False,False,False,False,False,False,True,,,,,,,
2026-06-21,00:00,40.6940604,-73.7873138,110 AVE,11433,113,UNKNOWN,Street,2.5689141718769073,False,QUEENS,"(40.6940604, -73.7873138)",trafficstat,True,False,False,True,False,False,False,False,False,,,,,,,
2026-06-21,00:00,40.6937269,-73.7548417,LINDEN BLVD,11412,113,UNKNOWN,Street,3.106388750353651,False,QUEENS,"(40.6937269, -73.7548417)",trafficstat,True,False,False,False,False,False,False,False,True,,,,,,,
2026-06-20,00:00,40.699599,-73.7631906,FARMERS BLVD,11412,113,OTHER,Street,1.0333606021017232,False,QUEENS,"(40.699599, -73.7631906)",trafficstat,False,False,False,False,False,False,False,False,False,,,,,,,
2026-06-20,00:00,40.6850646,-73.7637109,LESLIE RD,11434,113,UNKNOWN,Street,38.5027687270394,False,QUEENS,"(40.6850646, -73.7637109)",trafficstat,True,False,True,False,False,False,False,False,False,,,,,,,
2026-06-20,00:00,40.6901477,-73.7865546,GUY R BREWER BLVD,11433,113,UNKNOWN,Street,0.9811392939965355,False,QUEENS,"(40.6901477, -73.7865546)",trafficstat,True,False,False,False,False,False,False,True,False,,,,,,,
2026-06-20,00:00,40.6807535,-73.7641776,129 AVE,11434,113,UNKNOWN,Street,17.877953923896783,False,QUEENS,"(40.6807535, -73.7641776)",trafficstat,True,False,False,True,False,False,False,False,False,,,,,,,
2026-06-20,00:00,40.7037942,-73.7648517,191 ST,11412,113,UNKNOWN,Street,46.421454467338776,False,QUEENS,"(40.7037942, -73.7648517)",trafficstat,False,False,False,False,False,False,False,False,False,,,,,,,
2026-06-20,00:00,40.6951162,-73.7589729,194 ST,11412,113,UNKNOWN,Street,0.4245534485988679,False,QUEENS,"(40.6951162, -73.7589729)",trafficstat,False,False,False,False,False,False,False,False,False,,,,,,,
2026-06-19,00:00,40.6837214,-73.784675,LONG ST,11434,113,UNKNOWN,Street,0.5816877210890824,False,QUEENS,"(40.6837214, -73.784675)",trafficstat,False,False,False,False,False,False,False,False,False,,,,,,,
2026-06-18,00:00,40.6837214,-73.784675,LONG ST,11434,113,UNKNOWN,Street,0.5816877210890824,False,QUEENS,"(40.6837214, -73.784675)",trafficstat,True,False,True,False,False,False,False,False,False,,,,,,,
2026-06-19,00:00,40.6731593,-73.7890171,149 ST,11436,113,UNKNOWN,Street,0.8952767848015213,False,QUEENS,"(40.6731593, -73.7890171)",trafficstat,False,False,False,False,False,False,False,False,False,,,,,,,
2026-06-17,00:00,40.6712332,-73.7806057,156 ST,11434,113,UNKNOWN,Street,0.8480322020505747,False,QUEENS,"(40.6712332, -73.7806057)",trafficstat,True,False,False,False,False,False,False,False,False,,,,,,,
2026-06-16,00:00,40.6766711,-73.8020532,VAN WYCK EXPY,11436,113,UNKNOWN,Street,0.10956143409443227,False,QUEENS,"(40.6766711, -73.8020532)",trafficstat,True,False,False,False,False,False,False,False,True,,,,,,,
2026-06-15,00:00,40.6688337,-73.7936485,INWOOD ST,11436,113,UNKNOWN,Street,0.34425262017093855,False,QUEENS,"(40.6688337, -73.7936485)",trafficstat,True,False,False,False,False,False,False,True,False,,,,,,,
2026-06-14,00:00,40.6688337,-73.7936485,INWOOD ST,11436,113,UNKNOWN,Street,0.34425262017093855,False,QUEENS,"(40.6688337, -73.7936485)",trafficstat,True,False,False,False,False,False,False,True,False,,,,,,,
2026-06-15,00:00,40.6919105,-73.7833161,167 ST,11433,113,UNKNOWN,Street,53.95883075415563,False,QUEENS,"(40.6919105, -73.7833161)",trafficstat,True,False,False,False,False,False,False,True,False,,,,,,,
2026-06-14,00:00,40.6945273,-73.7788216,173 ST,11433,113,UNKNOWN,Street,44.09055944765655,False,QUEENS,"(40.6945273, -73.7788216)",trafficstat,False,False,False,False,False,False,False,False,False,,,,,,,
2026-06-13,00:00,40.6970533,-73.7573286,196 ST,11412,113,UNKNOWN,Street,0.2130807526501588,False,QUEENS,"(40.6970533, -73.7573286)",trafficstat,True,False,False,False,False,False,False,True,True,,,,,,,
2026-06-12,00:00,40.6892813,-73.7797747,169 ST,11434,113,UNKNOWN,Street,1.3327964952774927,False,QUEENS,"(40.6892813, -73.7797747)",trafficstat,False,False,False,False,False,False,False,False,False,,,,,,,
2026-06-12,00:00,40.6900123,-73.7920324,157 ST,11433,113,UNKNOWN,Street,0.7137950076584352,False,QUEENS,"(40.6900123, -73.7920324)",trafficstat,False,False,False,False,False,False,False,False,False,,,,,,,
2026-09-13,00:00,40.6847634,-73.7566197,LUCAS ST,11413,116,OTHER,Street,0.5599194774266211,False,QUEENS,"(40.6847634, -73.7566197)",trafficstat,True,False,True,False,False,False,False,False,False,,,,,,,
2026-09-11,00:00,40.6663959,-73.7517592,225 ST,11413,116,UNKNOWN,Street,1.4561656977409088,False,QUEENS,"(40.6663959, -73.7517592)",trafficstat,False,False,False,False,False,False,False,False,False,,,,,,,
2026-07-28,00:00,40.6663959,-73.7517592,225 ST,11413,116,UNKNOWN,Street,1.4561656977409088,False,QUEENS,"(40.6663959, -73.7517592)",trafficstat,True,False,False,False,False,False,False,False,True,,,,,,,
2026-07-16,00:00,40.6663959,-73.7517592,225 ST,11413,116,OTHER,Street,1.4561656977409088,False,QUEENS,"(40.6663959, -73.7517592)",trafficstat,False,False,False,False,False,False,False,False,False,,,,,,,
2026-09-11,00:00,40.6662426,-73.7609927,BELT PKWY,11413,116,UNKNOWN,Highway,1.60096169032047,False,QUEENS,"(40.6662426, -73.7609927)",trafficstat,True,False,False,False,False,False,False,True,False,,,,,,,
2026-08-12,00:00,40.6662426,-73.7609927,BELT PKWY,11413,116,UNKNOWN,Highway,1.60096169032047,False,QUEENS,"(40.6662426, -73.7609927)",trafficstat,False,False,False,False,False,False,False,False,False,,,,,,,
2026-06-25,00:00,40.6662426,-73.7609927,BELT PKWY,11413,116,UNKNOWN,Highway,1.60096169032047,False,QUEENS,"(40.6662426, -73.7609927)",trafficstat,False,False,False,False,False,False,False,False,False,,,,,,,
2026-09-11,00:00,40.6669713,-73.7669904,FARMERS BLVD,11434,116,UNKNOWN,Bridge,1.392320453862321,False,QUEENS,"(40.6669713, -73.7669904)",trafficstat,True,False,False,False,False,False,False,False,True,,,,,,,
2026-08-18,00:00,40.6669713,-73.7669904,FARMERS BLVD,11434,116,UNKNOWN,Bridge,1.392320453862321,False,QUEENS,"(40.6669713, -73.7669904)",trafficstat,False,False,False,False,False,False,False,False,False,,,,,,,
2026-08-04,00:00,40.6669713,-73.7669904,FARMERS BLVD,11434,116,UNKNOWN,Bridge,1.392320453862321,False,QUEENS,"(40.6669713, -73.7669904)",trafficstat,True,False,False,False,False,False,False,True,False,,,,,,,
2026-07-26,00:00,40.6669713,-73.7669904,FARMERS BLVD,11434,116,UNKNOWN,Bridge,1.392320453862321,False,QUEENS,"(40.6669713, -73.7669904)",trafficstat,True,False,False,False,False,False,False,True,False,,,,,,,
2026-07-09,00:00,40.6669713,-73.7669904,FARMERS BLVD,11434,116,UNKNOWN,Bridge,1.392320453862321,False,QUEENS,"(40.6669713, -73.7669904)",trafficstat,False,False,False,False,False,False,False,False,False,,,,,,,
2026-06-21,00:00,40.6669713,-73.7669904,FARMERS BLVD,11434,116,UNKNOWN,Bridge,1.392320453862321,False,QUEENS,"(40.6669713, -73.7669904)",trafficstat,True,False,False,False,False,False,False,True,False,,,,,,,