crash_date,crash_time,latitude,longitude,on_street_name,zip_code,precinct,collision_type,roadway_type,geocode_dist_feet,time_is_known,borough,location,source,injury,fatality,injured_pedestrian,injured_cyclist,injured_ebike_rider,injured_motorcyclist,injured_moped_rider,injured_car_occupant,injured_suv_occupant,number_of_persons_injured,number_of_persons_killed,contributing_factor_vehicle_1,collision_id,cross_street_name,off_street_name,vehicle_type_code1
2026-09-11,00:00,40.66758,-73.7373972,FRANCIS LEWIS BLVD,11422,116,OTHER,Street,1.1322951316261403,False,QUEENS,"(40.66758, -73.7373972)",trafficstat,True,False,False,True,False,False,False,False,False,,,,,,,
2026-08-02,00:00,40.66758,-73.7373972,FRANCIS LEWIS BLVD,11422,116,UNKNOWN,Street,1.1322951316261403,False,QUEENS,"(40.66758, -73.7373972)",trafficstat,False,False,False,False,False,False,False,False,False,,,,,,,
2026-07-01,00:00,40.66758,-73.7373972,FRANCIS LEWIS BLVD,11422,116,UNKNOWN,Street,1.1322951316261403,False,QUEENS,"(40.66758, -73.7373972)",trafficstat,False,False,False,False,False,False,False,False,False,,,,,,,
2026-09-10,00:00,40.6811114,-73.7611759,FARMERS BLVD,11434,116,UNKNOWN,Street,0.5291677703424895,False,QUEENS,"(40.6811114, -73.7611759)",trafficstat,False,False,False,False,False,False,False,False,False,,,,,,,
2026-09-10,00:00,40.67581,-73.7444955,135 AVE,11413,116,OTHER,Street,61.052298606302315,False,QUEENS,"(40.67581, -73.7444955)",trafficstat,False,False,False,False,False,False,False,False,False,,,,,,,
2026-09-09,00:00,40.6730664,-73.7277683,HOOK CREEK BLVD,11422,116,UNKNOWN,Street,0.38955878889404627,False,QUEENS,"(40.6730664, -73.7277683)",trafficstat,False,False,False,False,False,False,False,False,False,,,,,,,
2026-09-09,00:00,40.6784277,-73.7473556,222 ST,11413,116,UNKNOWN,Street,1.1504924380837598,False,QUEENS,"(40.6784277, -73.7473556)",trafficstat,False,False,False,False,False,False,False,False,False,,,,,,,
2026-09-09,00:00,40.6772926,-73.7264242,STEPHANIE DR,11422,116,UNKNOWN,Street,39.909558932421454,False,QUEENS,"(40.6772926, -73.7264242)",trafficstat,False,False,False,False,False,False,False,False,False,,,,,,,
2026-09-09,00:00,40.6647902,-73.7317788,247 ST,11422,116,UNKNOWN,Street,53.92676571726266,False,QUEENS,"(40.6647902, -73.7317788)",trafficstat,False,False,False,False,False,False,False,False,False,,,,,,,
2026-09-09,00:00,40.6536331,-73.7253752,262 PL,11422,116,UNKNOWN,Street,1.8711906389555324,False,QUEENS,"(40.6536331, -73.7253752)",trafficstat,False,False,False,False,False,False,False,False,False,,,,,,,
2026-09-09,00:00,40.66213,-73.7415602,BROOKVILLE BLVD,11422,116,UNKNOWN,Street,1.968078585097438,False,QUEENS,"(40.66213, -73.7415602)",trafficstat,False,False,False,False,False,False,False,False,False,,,,,,,
2026-09-09,00:00,40.661934,-73.760475,146 AVE,11413,116,UNKNOWN,Street,2.9281416736165085,False,QUEENS,"(40.661934, -73.760475)",trafficstat,False,False,False,False,False,False,False,False,False,,,,,,,
2026-08-28,00:00,40.661934,-73.760475,146 AVE,11413,116,UNKNOWN,Street,2.9281416736165085,False,QUEENS,"(40.661934, -73.760475)",trafficstat,True,False,False,True,False,False,False,False,False,,,,,,,
2026-09-08,00:00,40.6653874,-73.7449214,231 ST,11413,116,UNKNOWN,Street,1.1352997056410343,False,QUEENS,"(40.6653874, -73.7449214)",trafficstat,True,False,False,False,False,False,False,True,False,,,,,,,
2026-09-08,00:00,40.6669817,-73.7548715,222 ST,11413,116,UNKNOWN,Street,2.0508958869619467,False,QUEENS,"(40.6669817, -73.7548715)",trafficstat,False,False,False,False,False,False,False,False,False,,,,,,,
2026-06-21,00:00,40.6669817,-73.7548715,222 ST,11413,116,UNKNOWN,Street,2.0508958869619467,False,QUEENS,"(40.6669817, -73.7548715)",trafficstat,False,False,False,False,False,False,False,False,False,,,,,,,
2026-09-08,00:00,40.6820804,-73.7508247,217 ST,11413,116,UNKNOWN,Street,1.5710814007889913,False,QUEENS,"(40.6820804, -73.7508247)",trafficstat,False,False,False,False,False,False,False,False,False,,,,,,,
2026-09-08,00:00,40.6696667,-73.7564369,EDGEWOOD AVE,11413,116,UNKNOWN,Street,2.3840936253535436,False,QUEENS,"(40.6696667, -73.7564369)",trafficstat,False,False,False,False,False,False,False,False,False,,,,,,,
2026-09-07,00:00,40.675983,-73.75346,218 ST,11413,116,UNKNOWN,Street,1.2270766350586935,False,QUEENS,"(40.675983, -73.75346)",trafficstat,False,False,False,False,False,False,False,False,False,,,,,,,
2026-09-07,00:00,40.6801068,-73.7500999,133 RD,11413,116,UNKNOWN,Street,38.22489987480284,False,QUEENS,"(40.6801068, -73.7500999)",trafficstat,False,False,False,False,False,False,False,False,False,,,,,,,
2026-09-07,00:00,40.6759816,-73.7534612,218 ST,11413,116,UNKNOWN,Street,1.0985777647288852,False,QUEENS,"(40.6759816, -73.7534612)",trafficstat,False,False,False,False,False,False,False,False,False,,,,,,,
2026-09-07,00:00,40.6801175,-73.7532368,MERRICK BLVD,11413,116,UNKNOWN,Street,17.215835729121842,False,QUEENS,"(40.6801175, -73.7532368)",trafficstat,True,False,False,False,False,False,False,True,False,,,,,,,
2026-09-03,00:00,40.6801175,-73.7532368,MERRICK BLVD,11413,116,OTHER,Street,17.215835729121842,False,QUEENS,"(40.6801175, -73.7532368)",trafficstat,True,False,False,True,False,False,False,False,False,,,,,,,
2026-07-16,00:00,40.6801175,-73.7532368,MERRICK BLVD,11413,116,UNKNOWN,Street,17.215835729121842,False,QUEENS,"(40.6801175, -73.7532368)",trafficstat,False,False,False,False,False,False,False,False,False,,,,,,,
2026-06-26,00:00,40.6801175,-73.7532368,MERRICK BLVD,11413,116,UNKNOWN,Street,17.215835729121842,False,QUEENS,"(40.6801175, -73.7532368)",trafficstat,False,False,False,False,False,False,False,False,False,,,,,,,
2026-06-24,00:00,40.6801175,-73.7532368,MERRICK BLVD,11413,116,OTHER,Street,17.215835729121842,False,QUEENS,"(40.6801175, -73.7532368)",trafficstat,False,False,False,False,False,False,False,False,False,,,,,,,
2026-06-12,00:00,40.6801175,-73.7532368,MERRICK BLVD,11413,116,UNKNOWN,Street,17.215835729121842,False,QUEENS,"(40.6801175, -73.7532368)",trafficstat,True,False,False,False,False,False,False,True,False,,,,,,,
2026-09-07,00:00,40.6544529,-73.7367677,253 ST,11422,116,UNKNOWN,Street,0.12561184247001142,False,QUEENS,"(40.6544529, -73.7367677)",trafficstat,False,False,False,False,False,False,False,False,False,,,,,,,
2026-09-06,00:00,40.6542974,-73.7357843,148 RD,11422,116,UNKNOWN,Street,54.659185734110515,False,QUEENS,"(40.6542974, -73.7357843)",trafficstat,True,False,False,False,False,False,False,False,True,,,,,,,
2026-09-06,00:00,40.6614605,-73.7714467,147 AVE,11434,116,UNKNOWN,Street,53.603452154725474,False,QUEENS,"(40.6614605, -73.7714467)",trafficstat,False,False,False,False,False,False,False,False,False,,,,,,,
2026-09-06,00:00,40.666355,-73.7609238,BELT PKWY,11413,116,UNKNOWN,Highway,0.6182822013396372,False,QUEENS,"(40.666355, -73.7609238)",trafficstat,True,False,False,False,False,False,False,True,False,,,,,,,
2026-06-20,00:00,40.666355,-73.7609238,BELT PKWY,11413,116,UNKNOWN,Highway,0.6182822013396372,False,QUEENS,"(40.666355, -73.7609238)",trafficstat,False,False,False,False,False,False,False,False,False,,,,,,,
2026-09-06,00:00,40.6655295,-73.7446592,BELT PKWY,11413,116,UNKNOWN,Highway,2.134722165462625,False,QUEENS,"(40.6655295, -73.7446592)",trafficstat,True,False,False,False,False,False,False,True,True,,,,,,,
2026-08-16,00:00,40.6655295,-73.7446592,BELT PKWY,11413,116,UNKNOWN,Highway,2.134722165462625,False,QUEENS,"(40.6655295, -73.7446592)",trafficstat,False,False,False,False,False,False,False,False,False,,,,,,,
2026-09-06,00:00,40.6795979,-73.7470478,133 AVE,11413,116,UNKNOWN,Street,47.87299601037101,False,QUEENS,"(40.6795979, -73.7470478)",trafficstat,False,False,False,False,False,False,False,False,False,,,,,,,
2026-09-05,00:00,40.6779163,-73.7545128,136 AVE,11413,116,UNKNOWN,Street,30.352322616473305,False,QUEENS,"(40.6779163, -73.7545128)",trafficstat,False,False,False,False,False,False,False,False,False,,,,,,,
2026-09-05,00:00,40.6802359,-73.7508316,218 ST,11413,116,OTHER,Street,1.4204118504192418,False,QUEENS,"(40.6802359, -73.7508316)",trafficstat,True,False,False,False,False,False,False,True,False,,,,,,,
2026-09-05,00:00,40.6664524,-73.757631,N  CONDUIT AVE,11413,116,UNKNOWN,Street,2.525258892580547,False,QUEENS,"(40.6664524, -73.757631)",trafficstat,False,False,False,False,False,False,False,False,False,,,,,,,
2026-09-03,00:00,40.6664524,-73.757631,N  CONDUIT AVE,11413,116,UNKNOWN,Street,2.525258892580547,False,QUEENS,"(40.6664524, -73.757631)",trafficstat,True,False,False,False,False,False,False,True,False,,,,,,,
2026-07-25,00:00,40.6664524,-73.757631,N  CONDUIT AVE,11413,116,OTHER,Street,2.525258892580547,False,QUEENS,"(40.6664524, -73.757631)",trafficstat,False,False,False,False,False,False,False,False,False,,,,,,,
2026-09-05,00:00,40.6690679,-73.7386999,LAURELTON PKWY,11422,116,UNKNOWN,Street,1.9990641392032917,False,QUEENS,"(40.6690679, -73.7386999)",trafficstat,False,False,False,False,False,False,False,False,False,,,,,,,
2026-08-28,00:00,40.6690679,-73.7386999,LAURELTON PKWY,11422,116,UNKNOWN,Street,1.9990641392032917,False,QUEENS,"(40.6690679, -73.7386999)",trafficstat,False,False,False,False,False,False,False,False,False,,,,,,,
2026-08-07,00:00,40.6690679,-73.7386999,LAURELTON PKWY,11422,116,UNKNOWN,Street,1.9990641392032917,False,QUEENS,"(40.6690679, -73.7386999)",trafficstat,False,False,False,False,False,False,False,False,False,,,,,,,
2026-08-03,00:00,40.6690679,-73.7386999,LAURELTON PKWY,11422,116,UNKNOWN,Street,1.9990641392032917,False,QUEENS,"(40.6690679, -73.7386999)",trafficstat,True,False,False,False,False,False,False,True,True,,,,,,,
2026-06-17,00:00,40.6690679,-73.7386999,LAURELTON PKWY,11422,116,UNKNOWN,Street,1.9990641392032917,False,QUEENS,"(40.6690679, -73.7386999)",trafficstat,True,False,False,False,False,False,False,True,False,,,,,,,
2026-09-04,00:00,40.655627,-73.738437,249 ST,11422,116,UNKNOWN,Street,104.7253125859211,False,QUEENS,"(40.655627, -73.738437)",trafficstat,True,False,False,False,False,False,False,False,True,,,,,,,
2026-09-04,00:00,40.674746,-73.7636754,FARMERS BLVD,11434,116,UNKNOWN,Street,0.9256529652205573,False,QUEENS,"(40.674746, -73.7636754)",trafficstat,True,False,True,False,False,False,False,False,False,,,,,,,
2026-09-03,00:00,40.6585458,-73.7394147,MAYDA RD,11422,116,UNKNOWN,Street,55.32161108209538,False,QUEENS,"(40.6585458, -73.7394147)",trafficstat,False,False,False,False,False,False,False,False,False,,,,,,,
2026-09-03,00:00,40.6573202,-73.7387063,249 ST,11422,116,OTHER,Street,0.2583940832963543,False,QUEENS,"(40.6573202, -73.7387063)",trafficstat,True,False,False,False,False,False,False,True,False,,,,,,,
2026-09-03,00:00,40.656675,-73.7410443,HUXLEY ST,11422,116,UNKNOWN,Street,1.0810355360399824,False,QUEENS,"(40.656675, -73.7410443)",trafficstat,False,False,False,False,False,False,False,False,False,,,,,,,
2026-09-03,00:00,40.661102,-73.74892,230 PL,11413,116,OTHER,Street,0.12033515248842121,False,QUEENS,"(40.661102, -73.74892)",trafficstat,True,False,False,False,False,False,False,True,False,,,,,,,
2026-09-02,00:00,40.6745998,-73.7365559,MERRICK BLVD,11422,116,OTHER,Street,28.15146896658987,False,QUEENS,"(40.6745998, -73.7365559)",trafficstat,True,False,True,False,False,False,False,False,False,,,,,,,
2026-09-02,00:00,40.6735768,-73.7335703,BROOKVILLE BLVD,11422,116,UNKNOWN,Street,2.5202679279507763,False,QUEENS,"(40.6735768, -73.7335703)",trafficstat,True,False,True,False,False,False,False,False,False,,,,,,,
2026-07-20,00:00,40.6735768,-73.7335703,BROOKVILLE BLVD,11422,116,UNKNOWN,Street,2.5202679279507763,False,QUEENS,"(40.6735768, -73.7335703)",trafficstat,False,False,False,False,False,False,False,False,False,,,,,,,
2026-06-19,00:00,40.6735768,-73.7335703,BROOKVILLE BLVD,11422,116,UNKNOWN,Street,2.5202679279507763,False,QUEENS,"(40.6735768, -73.7335703)",trafficstat,True,False,True,False,False,False,False,False,False,,,,,,,
2026-09-02,00:00,40.6761177,-73.7404569,230 ST,11413,116,OTHER,Street,1.628070744030763,False,QUEENS,"(40.6761177, -73.7404569)",trafficstat,True,False,True,False,False,False,False,False,False,,,,,,,
2026-07-14,00:00,40.6761177,-73.7404569,230 ST,11413,116,UNKNOWN,Street,1.628070744030763,False,QUEENS,"(40.6761177, -73.7404569)",trafficstat,False,False,False,False,False,False,False,False,False,,,,,,,
2026-09-01,00:00,40.6656135,-73.7356712,FRANCIS LEWIS BLVD,11422,116,UNKNOWN,Street,1.5333402823005393,False,QUEENS,"(40.6656135, -73.7356712)",trafficstat,False,False,False,False,False,False,False,False,False,,,,,,,
2026-07-21,00:00,40.6656135,-73.7356712,FRANCIS LEWIS BLVD,11422,116,UNKNOWN,Street,1.5333402823005393,False,QUEENS,"(40.6656135, -73.7356712)",trafficstat,True,False,False,False,False,False,False,False,True,,,,,,,
2026-07-01,00:00,40.6656135,-73.7356712,FRANCIS LEWIS BLVD,11422,116,UNKNOWN,Street,1.5333402823005393,False,QUEENS,"(40.6656135, -73.7356712)",trafficstat,True,False,False,False,False,False,False,True,False,,,,,,,
2026-08-31,00:00,40.6653475,-73.7298508,HOOK CREEK BLVD,11422,116,UNKNOWN,Street,0.15035337424443987,False,QUEENS,"(40.6653475, -73.7298508)",trafficstat,False,False,False,False,False,False,False,False,False,,,,,,,
2026-08-16,00:00,40.6653475,-73.7298508,HOOK CREEK BLVD,11422,116,UNKNOWN,Street,0.15035337424443987,False,QUEENS,"(40.6653475, -73.7298508)",trafficstat,True,False,False,False,False,False,False,True,False,,,,,,,
2026-08-15,00:00,40.6653475,-73.7298508,HOOK CREEK BLVD,11422,116,UNKNOWN,Street,0.15035337424443987,False,QUEENS,"(40.6653475, -73.7298508)",trafficstat,True,False,False,False,False,True,False,False,False,,,,,,,
2026-07-28,00:00,40.6653475,-73.7298508,HOOK CREEK BLVD,11422,116,OTHER,Street,0.15035337424443987,False,QUEENS,"(40.6653475, -73.7298508)",trafficstat,False,False,False,False,False,False,False,False,False,,,,,,,
2026-06-22,00:00,40.6653475,-73.7298508,HOOK CREEK BLVD,11422,116,UNKNOWN,Street,0.15035337424443987,False,QUEENS,"(40.6653475, -73.7298508)",trafficstat,True,False,False,False,False,False,False,True,False,,,,,,,
2026-08-30,00:00,40.671391,-73.7467856,227 ST,11413,116,UNKNOWN,Street,53.82361774472756,False,QUEENS,"(40.671391, -73.7467856)",trafficstat,False,False,False,False,False,False,False,False,False,,,,,,,
2026-08-30,00:00,40.6584171,-73.7676691,GUY R BREWER BLVD,11434,116,OTHER,Street,0.2557194252007399,False,QUEENS,"(40.6584171, -73.7676691)",trafficstat,True,False,True,False,False,False,False,False,False,,,,,,,
2026-08-20,00:00,40.6584171,-73.7676691,GUY R BREWER BLVD,11434,116,UNKNOWN,Street,0.2557194252007399,False,QUEENS,"(40.6584171, -73.7676691)",trafficstat,True,False,False,True,False,False,False,False,False,,,,,,,
2026-08-30,00:00,40.6619494,-73.7321349,FRANCIS LEWIS BLVD,11422,116,OTHER,Street,49.50848178757743,False,QUEENS,"(40.6619494, -73.7321349)",trafficstat,False,False,False,False,False,False,False,False,False,,,,,,,
2026-08-30,00:00,40.6724278,-73.7563619,140 AVE,11413,116,UNKNOWN,Street,3.145734916256969,False,QUEENS,"(40.6724278, -73.7563619)",trafficstat,True,False,False,False,False,False,False,False,True,,,,,,,
2026-08-11,00:00,40.6724278,-73.7563619,140 AVE,11413,116,UNKNOWN,Street,3.145734916256969,False,QUEENS,"(40.6724278, -73.7563619)",trafficstat,True,False,False,False,False,False,False,True,False,,,,,,,
2026-08-29,00:00,40.6741299,-73.7341701,BELT PKWY,11422,116,UNKNOWN,Highway,39.237106897383086,False,QUEENS,"(40.6741299, -73.7341701)",trafficstat,False,False,False,False,False,False,False,False,False,,,,,,,
2026-08-29,00:00,40.6686383,-73.7380924,FRANCIS LEWIS BLVD,11422,116,UNKNOWN,Bridge,1.1874124956065513,False,QUEENS,"(40.6686383, -73.7380924)",trafficstat,False,False,False,False,False,False,False,False,False,,,,,,,
2026-07-10,00:00,40.6686383,-73.7380924,FRANCIS LEWIS BLVD,11422,116,UNKNOWN,Bridge,1.1874124956065513,False,QUEENS,"(40.6686383, -73.7380924)",trafficstat,True,False,False,False,False,False,False,True,False,,,,,,,
2026-08-29,00:00,40.6601201,-73.7586298,222 ST,11413,116,UNKNOWN,Street,49.84429706173005,False,QUEENS,"(40.6601201, -73.7586298)",trafficstat,False,False,False,False,False,False,False,False,False,,,,,,,
2026-08-28,00:00,40.6669624,-73.7707754,GUY R BREWER BLVD,11434,116,UNKNOWN,Street,1.027892137012176,False,QUEENS,"(40.6669624, -73.7707754)",trafficstat,True,False,False,False,False,False,False,False,True,,,,,,,
2026-08-28,00:00,40.6777525,-73.7341545,234 ST,11422,116,UNKNOWN,Street,55.905652191389386,False,QUEENS,"(40.6777525, -73.7341545)",trafficstat,False,False,False,False,False,False,False,False,False,,,,,,,
2026-08-27,00:00,40.6824036,-73.7518042,132 RD,11413,116,UNKNOWN,Street,2.540540615090831,False,QUEENS,"(40.6824036, -73.7518042)",trafficstat,False,False,False,False,False,False,False,False,False,,,,,,,
2026-08-27,00:00,40.6835087,-73.7512718,SPRINGFIELD BLVD,11413,116,UNKNOWN,Street,5.647206438501672,False,QUEENS,"(40.6835087, -73.7512718)",trafficstat,False,False,False,False,False,False,False,False,False,,,,,,,
2026-08-27,00:00,40.6600988,-73.7331159,MEMPHIS AVE,11422,116,UNKNOWN,Street,1.5409269789840527,False,QUEENS,"(40.6600988, -73.7331159)",trafficstat,True,False,False,False,False,False,False,False,True,,,,,,,
2026-08-23,00:00,40.6600988,-73.7331159,MEMPHIS AVE,11422,116,UNKNOWN,Street,1.5409269789840527,False,QUEENS,"(40.6600988, -73.7331159)",trafficstat,False,False,False,False,False,False,False,False,False,,,,,,,
2026-08-27,00:00,40.6604475,-73.7305536,254 ST,11422,116,UNKNOWN,Street,52.38060553980736,False,QUEENS,"(40.6604475, -73.7305536)",trafficstat,False,False,False,False,False,False,False,False,False,,,,,,,
2026-08-26,00:00,40.6573101,-73.7645553,183 ST,11413,116,UNKNOWN,Street,0.29919897599092604,False,QUEENS,"(40.6573101, -73.7645553)",trafficstat,True,False,False,False,False,False,False,True,False,,,,,,,
2026-08-26,00:00,40.6659562,-73.7579572,BELT PKWY,11413,116,UNKNOWN,Highway,15.674002629348566,False,QUEENS,"(40.6659562, -73.7579572)",trafficstat,False,False,False,False,False,False,False,False,False,,,,,,,
2026-08-24,00:00,40.6659562,-73.7579572,BELT PKWY,11413,116,UNKNOWN,Highway,15.674002629348566,False,QUEENS,"(40.6659562, -73.7579572)",trafficstat,False,False,False,False,False,False,False,False,False,,,,,,,
2026-08-06,00:00,40.6659562,-73.7579572,BELT PKWY,11413,116,UNKNOWN,Highway,15.674002629348566,False,QUEENS,"(40.6659562, -73.7579572)",trafficstat,False,False,False,False,False,False,False,False,False,,,,,,,
2026-08-04,00:00,40.6659562,-73.7579572,BELT PKWY,11413,116,UNKNOWN,Highway,15.674002629348566,False,QUEENS,"(40.6659562, -73.7579572)",trafficstat,False,False,False,False,False,False,False,False,False,,,,,,,
2026-07-31,00:00,40.6659562,-73.7579572,BELT PKWY,11413,116,UNKNOWN,Highway,15.674002629348566,False,QUEENS,"(40.6659562, -73.7579572)",trafficstat,False,False,False,False,False,False,False,False,False,,,,,,,
2026-07-05,00:00,40.6659562,-73.7579572,BELT PKWY,11413,116,UNKNOWN,Highway,15.674002629348566,False,QUEENS,"(40.6659562, -73.7579572)",trafficstat,True,False,False,False,False,False,False,False,True,,,,,,,
2026-08-25,00:00,40.6658585,-73.7482157,BELT PKWY,11413,116,UNKNOWN,Highway,1.8851510752304659,False,QUEENS,"(40.6658585, -73.7482157)",trafficstat,True,False,False,False,False,False,False,True,False,,,,,,,
2026-08-20,00:00,40.6658585,-73.7482157,BELT PKWY,11413,116,UNKNOWN,Highway,1.8851510752304659,False,QUEENS,"(40.6658585, -73.7482157)",trafficstat,False,False,False,False,False,False,False,False,False,,,,,,,
2026-08-07,00:00,40.6658585,-73.7482157,BELT PKWY,11413,116,UNKNOWN,Highway,1.8851510752304659,False,QUEENS,"(40.6658585, -73.7482157)",trafficstat,True,False,False,False,False,False,False,True,False,,,,,,,
2026-08-25,00:00,40.6529431,-73.7352518,149 AVE,11422,116,UNKNOWN,Street,23.87176719044804,False,QUEENS,"(40.6529431, -73.7352518)",trafficstat,False,False,False,False,False,False,False,False,False,,,,,,,
2026-08-25,00:00,40.674924,-73.7369321,233 ST,11422,116,UNKNOWN,Street,1.689967222658958,False,QUEENS,"(40.674924, -73.7369321)",trafficstat,True,False,False,False,False,False,False,True,False,,,,,,,
2026-08-23,00:00,40.6705369,-73.7510978,CARSON ST,11413,116,UNKNOWN,Street,49.62162537181997,False,QUEENS,"(40.6705369, -73.7510978)",trafficstat,False,False,False,False,False,False,False,False,False,,,,,,,
2026-08-23,00:00,40.6833246,-73.7558449,NASHVILLE BLVD,11413,116,UNKNOWN,Street,51.335036740093464,False,QUEENS,"(40.6833246, -73.7558449)",trafficstat,False,False,False,False,False,False,False,False,False,,,,,,,
2026-08-23,00:00,40.7588917,-73.8730985,32 AVE,11369,116,UNKNOWN,Street,54.14723324466603,False,QUEENS,"(40.7588917, -73.8730985)",trafficstat,False,False,False,False,False,False,False,False,False,,,,,,,
2026-08-15,00:00,40.7588917,-73.8730985,32 AVE,11369,116,UNKNOWN,Street,54.14723324466603,False,QUEENS,"(40.7588917, -73.8730985)",trafficstat,True,False,False,False,False,False,False,True,False,,,,,,,
2026-08-23,00:00,40.6561603,-73.7673526,N  BOUNDARY RD,11430,116,OTHER,Street,0.31786883726445164,False,QUEENS,"(40.6561603, -73.7673526)",trafficstat,False,False,False,False,False,False,False,False,False,,,,,,,
2026-06-29,00:00,40.6561603,-73.7673526,N  BOUNDARY RD,11430,116,OTHER,Street,0.31786883726445164,False,QUEENS,"(40.6561603, -73.7673526)",trafficstat,False,False,False,False,False,False,False,False,False,,,,,,,
2026-08-23,00:00,40.660365,-73.7755233,ROCKAWAY BLVD,11430,116,UNKNOWN,Street,0.5440561496774072,False,QUEENS,"(40.660365, -73.7755233)",trafficstat,False,False,False,False,False,False,False,False,False,,,,,,,
2026-08-22,00:00,40.6730115,-73.7333257,241 ST,11422,116,UNKNOWN,Street,39.182473826666225,False,QUEENS,"(40.6730115, -73.7333257)",trafficstat,True,False,False,False,False,False,False,False,True,,,,,,,
2026-08-21,00:00,40.6668403,-73.7378377,BROOKVILLE BLVD,11422,116,UNKNOWN,Street,59.4363946121821,False,QUEENS,"(40.6668403, -73.7378377)",trafficstat,True,False,False,False,False,False,False,False,True,,,,,,,
2026-08-21,00:00,40.6819763,-73.7541479,PINEVILLE LN,11413,116,UNKNOWN,Street,56.79300256439934,False,QUEENS,"(40.6819763, -73.7541479)",trafficstat,True,False,False,False,False,False,False,False,False,,,,,,,
2026-08-20,00:00,40.6664315,-73.7298067,HOOK CREEK BLVD,11422,116,UNKNOWN,Street,3.3144527290405086,False,QUEENS,"(40.6664315, -73.7298067)",trafficstat,False,False,False,False,False,False,False,False,False,,,,,,,
2026-08-20,00:00,40.673553,-73.738785,232 ST,11413,116,UNKNOWN,Street,2.0644233500518614,False,QUEENS,"(40.673553, -73.738785)",trafficstat,False,False,False,False,False,False,False,False,False,,,,,,,
2026-08-20,00:00,40.6831339,-73.7493569,218 ST,11413,116,UNKNOWN,Street,1.3496463452430636,False,QUEENS,"(40.6831339, -73.7493569)",trafficstat,True,False,False,False,False,False,False,False,False,,,,,,,
2026-08-04,00:00,40.6831339,-73.7493569,218 ST,11413,116,OTHER,Street,1.3496463452430636,False,QUEENS,"(40.6831339, -73.7493569)",trafficstat,True,False,False,False,False,False,False,True,True,,,,,,,
2026-08-20,00:00,40.6658024,-73.7463955,BELT PKWY,11413,116,UNKNOWN,Highway,4.6722055469713295,False,QUEENS,"(40.6658024, -73.7463955)",trafficstat,False,False,False,False,False,False,False,False,False,,,,,,,
2026-08-19,00:00,40.666405,-73.74008,N  CONDUIT AVE,11422,116,UNKNOWN,Bridge,1.9298815866333625,False,QUEENS,"(40.666405, -73.74008)",trafficstat,False,False,False,False,False,False,False,False,False,,,,,,,
2026-08-19,00:00,40.6645081,-73.7718485,176 ST,11434,116,UNKNOWN,Street,49.259574285196805,False,QUEENS,"(40.6645081, -73.7718485)",trafficstat,False,False,False,False,False,False,False,False,False,,,,,,,
2026-08-19,00:00,40.6722123,-73.7346248,BROOKVILLE BLVD,11422,116,UNKNOWN,Street,1.8498252045138979,False,QUEENS,"(40.6722123, -73.7346248)",trafficstat,True,False,False,False,False,False,False,False,True,,,,,,,
2026-08-18,00:00,40.67699,-73.74307,227 ST,11413,116,UNKNOWN,Street,2.853517885288316,False,QUEENS,"(40.67699, -73.74307)",trafficstat,True,False,False,True,False,False,False,False,False,,,,,,,
2026-08-17,00:00,40.6792953,-73.7376359,131 AVE,11413,116,UNKNOWN,Street,3.174584402189818,False,QUEENS,"(40.6792953, -73.7376359)",trafficstat,False,False,False,False,False,False,False,False,False,,,,,,,
2026-08-17,00:00,40.6788432,-73.7541789,135 AVE,11413,116,UNKNOWN,Street,3.0609048461025106,False,QUEENS,"(40.6788432, -73.7541789)",trafficstat,True,False,True,False,False,False,False,False,False,,,,,,,
2026-08-15,00:00,40.6788432,-73.7541789,135 AVE,11413,116,OTHER,Street,3.0609048461025106,False,QUEENS,"(40.6788432, -73.7541789)",trafficstat,True,False,True,False,False,False,False,False,False,,,,,,,
2026-08-08,00:00,40.6788432,-73.7541789,135 AVE,11413,116,UNKNOWN,Street,3.0609048461025106,False,QUEENS,"(40.6788432, -73.7541789)",trafficstat,True,False,False,False,False,False,True,False,False,,,,,,,
2026-08-17,00:00,40.6649476,-73.7314936,247 ST,11422,116,UNKNOWN,Street,51.52158915005662,False,QUEENS,"(40.6649476, -73.7314936)",trafficstat,False,False,False,False,False,False,False,False,False,,,,,,,
2026-08-17,00:00,40.660347,-73.76797,GUY R BREWER BLVD,11434,116,UNKNOWN,Street,1.8459612832748713,False,QUEENS,"(40.660347, -73.76797)",trafficstat,False,False,False,False,False,False,False,False,False,,,,,,,
2026-08-17,00:00,40.6648933,-73.7548733,223 ST,11413,116,UNKNOWN,Street,57.9934798255957,False,QUEENS,"(40.6648933, -73.7548733)",trafficstat,False,False,False,False,False,False,False,False,False,,,,,,,
2026-08-16,00:00,40.6646773,-73.7379854,241 ST,11422,116,UNKNOWN,Street,1.4874311843851107,False,QUEENS,"(40.6646773, -73.7379854)",trafficstat,False,False,False,False,False,False,False,False,False,,,,,,,
2026-08-16,00:00,40.6623735,-73.7724926,168 ST,11434,116,UNKNOWN,Street,48.88614230446417,False,QUEENS,"(40.6623735, -73.7724926)",trafficstat,False,False,False,False,False,False,False,False,False,,,,,,,