crash_date,crash_time,latitude,longitude,on_street_name,zip_code,precinct,collision_type,roadway_type,geocode_dist_feet,time_is_known,borough,location,source,injury,fatality,injured_pedestrian,injured_cyclist,injured_ebike_rider,injured_motorcyclist,injured_moped_rider,injured_car_occupant,injured_suv_occupant,number_of_persons_injured,number_of_persons_killed,contributing_factor_vehicle_1,collision_id,cross_street_name,off_street_name,vehicle_type_code1
2026-08-16,00:00,40.6719588,-73.7374883,234 ST,11422,116,UNKNOWN,Street,57.03222511792932,False,QUEENS,"(40.6719588, -73.7374883)",trafficstat,False,False,False,False,False,False,False,False,False,,,,,,,
2026-08-15,00:00,40.6775904,-73.744781,225 ST,11413,116,UNKNOWN,Street,2.0968700996977323,False,QUEENS,"(40.6775904, -73.744781)",trafficstat,False,False,False,False,False,False,False,False,False,,,,,,,
2026-08-04,00:00,40.6775904,-73.744781,225 ST,11413,116,OTHER,Street,2.0968700996977323,False,QUEENS,"(40.6775904, -73.744781)",trafficstat,True,False,False,False,False,False,True,False,False,,,,,,,
2026-08-15,00:00,40.6675754,-73.7295029,HOOK CREEK BLVD,11422,116,UNKNOWN,Street,1.2168569363263222,False,QUEENS,"(40.6675754, -73.7295029)",trafficstat,False,False,False,False,False,False,False,False,False,,,,,,,
2026-08-14,00:00,40.6672463,-73.7700008,BELT PKWY,11434,116,UNKNOWN,Highway,2.1266747666966617,False,QUEENS,"(40.6672463, -73.7700008)",trafficstat,True,False,False,False,False,False,False,False,True,,,,,,,
2026-07-27,00:00,40.6672463,-73.7700008,BELT PKWY,11434,116,UNKNOWN,Highway,2.1266747666966617,False,QUEENS,"(40.6672463, -73.7700008)",trafficstat,True,False,False,False,False,False,False,False,True,,,,,,,
2026-08-14,00:00,40.6728446,-73.7640463,FARMERS BLVD,11434,116,OTHER,Street,1.3447714150835643,False,QUEENS,"(40.6728446, -73.7640463)",trafficstat,True,False,False,False,False,False,False,True,False,,,,,,,
2026-08-14,00:00,40.6728761,-73.7560461,SPRINGFIELD BLVD,11413,116,UNKNOWN,Street,48.597168957471155,False,QUEENS,"(40.6728761, -73.7560461)",trafficstat,False,False,False,False,False,False,False,False,False,,,,,,,
2026-08-13,00:00,40.6666971,-73.7671284,FARMERS BLVD,11434,116,UNKNOWN,Street,1.4396704756673697,False,QUEENS,"(40.6666971, -73.7671284)",trafficstat,False,False,False,False,False,False,False,False,False,,,,,,,
2026-08-04,00:00,40.6666971,-73.7671284,FARMERS BLVD,11434,116,UNKNOWN,Street,1.4396704756673697,False,QUEENS,"(40.6666971, -73.7671284)",trafficstat,True,False,False,False,False,False,False,True,False,,,,,,,
2026-08-12,00:00,40.6663441,-73.7706056,GUY R BREWER BLVD,11434,116,UNKNOWN,Street,71.82391147048389,False,QUEENS,"(40.6663441, -73.7706056)",trafficstat,False,False,False,False,False,False,False,False,False,,,,,,,
2026-08-12,00:00,40.6657937,-73.7412648,SUNRISE HWY,11413,116,UNKNOWN,Bridge,2.5160491884961047,False,QUEENS,"(40.6657937, -73.7412648)",trafficstat,False,False,False,False,False,False,False,False,False,,,,,,,
2026-08-12,00:00,40.6646198,-73.7529121,225 ST,11413,116,UNKNOWN,Street,1.0508933614755538,False,QUEENS,"(40.6646198, -73.7529121)",trafficstat,True,False,False,False,True,False,False,True,False,,,,,,,
2026-08-12,00:00,40.658913,-73.7565987,225 ST,11413,116,UNKNOWN,Street,1.1331804466925883,False,QUEENS,"(40.658913, -73.7565987)",trafficstat,True,False,False,False,False,False,False,True,False,,,,,,,
2026-08-12,00:00,40.6789705,-73.7598388,BELKNAP ST,11434,116,OTHER,Street,0.09985247555777041,False,QUEENS,"(40.6789705, -73.7598388)",trafficstat,True,False,True,False,False,False,False,False,False,,,,,,,
2026-08-11,00:00,40.6775367,-73.7308411,BELT PKWY,11422,116,UNKNOWN,Highway,0.3883754393946904,False,QUEENS,"(40.6775367, -73.7308411)",trafficstat,True,False,False,False,False,False,False,True,False,,,,,,,
2026-08-11,00:00,40.6615657,-73.7384049,243 ST,11422,116,UNKNOWN,Street,1.9653680820420107,False,QUEENS,"(40.6615657, -73.7384049)",trafficstat,False,False,False,False,False,False,False,False,False,,,,,,,
2026-08-11,00:00,40.6656298,-73.7392072,BROOKVILLE BLVD,11422,116,UNKNOWN,Street,2.1769167027857117,False,QUEENS,"(40.6656298, -73.7392072)",trafficstat,True,False,False,False,False,False,False,True,False,,,,,,,
2026-07-27,00:00,40.6656298,-73.7392072,BROOKVILLE BLVD,11422,116,UNKNOWN,Street,2.1769167027857117,False,QUEENS,"(40.6656298, -73.7392072)",trafficstat,False,False,False,False,False,False,False,False,False,,,,,,,
2026-08-10,00:00,40.6634207,-73.7369991,243 ST,11422,116,OTHER,Street,2.0249635781792077,False,QUEENS,"(40.6634207, -73.7369991)",trafficstat,False,False,False,False,False,False,False,False,False,,,,,,,
2026-08-10,00:00,40.6715116,-73.7645449,FARMERS BLVD,11434,116,UNKNOWN,Street,2.063979729530001,False,QUEENS,"(40.6715116, -73.7645449)",trafficstat,True,False,False,False,False,False,False,False,True,,,,,,,
2026-07-27,00:00,40.6715116,-73.7645449,FARMERS BLVD,11434,116,UNKNOWN,Street,2.063979729530001,False,QUEENS,"(40.6715116, -73.7645449)",trafficstat,False,False,False,False,False,False,False,False,False,,,,,,,
2026-08-10,00:00,40.6738597,-73.7396365,231 ST,11413,116,OTHER,Street,1.2750859373221821,False,QUEENS,"(40.6738597, -73.7396365)",trafficstat,True,False,False,False,False,False,False,True,False,,,,,,,
2026-08-09,00:00,40.6835968,-73.7271844,LAURELTON PKWY,11422,116,OTHER,Street,1.020067811931783,False,QUEENS,"(40.6835968, -73.7271844)",trafficstat,True,False,False,False,False,False,False,True,False,,,,,,,
2026-08-09,00:00,40.6841842,-73.7451632,221 ST,11413,116,UNKNOWN,Street,1.6710075100923356,False,QUEENS,"(40.6841842, -73.7451632)",trafficstat,False,False,False,False,False,False,False,False,False,,,,,,,
2026-08-09,00:00,40.636116,-73.740295,MEYER AVE,11422,116,UNKNOWN,Street,2.2026595155788558,False,QUEENS,"(40.636116, -73.740295)",trafficstat,True,False,False,False,False,False,False,True,False,,,,,,,
2026-08-09,00:00,40.6554431,-73.7297623,259 ST,11422,116,UNKNOWN,Street,40.57300473756852,False,QUEENS,"(40.6554431, -73.7297623)",trafficstat,False,False,False,False,False,False,False,False,False,,,,,,,
2026-08-08,00:00,40.6587698,-73.7376734,249 ST,11422,116,UNKNOWN,Street,1.7193654910836536,False,QUEENS,"(40.6587698, -73.7376734)",trafficstat,True,False,False,False,False,False,False,False,True,,,,,,,
2026-06-27,00:00,40.6587698,-73.7376734,249 ST,11422,116,UNKNOWN,Street,1.7193654910836536,False,QUEENS,"(40.6587698, -73.7376734)",trafficstat,False,False,False,False,False,False,False,False,False,,,,,,,
2026-08-08,00:00,40.6656355,-73.7581602,S  CONDUIT AVE,11413,116,UNKNOWN,Street,3.454166845585776,False,QUEENS,"(40.6656355, -73.7581602)",trafficstat,False,False,False,False,False,False,False,False,False,,,,,,,
2026-06-15,00:00,40.6656355,-73.7581602,S  CONDUIT AVE,11413,116,UNKNOWN,Street,3.454166845585776,False,QUEENS,"(40.6656355, -73.7581602)",trafficstat,True,False,False,False,False,False,False,True,False,,,,,,,
2026-08-08,00:00,40.6693345,-73.7499783,141 AVE,11413,116,UNKNOWN,Street,40.114384696039096,False,QUEENS,"(40.6693345, -73.7499783)",trafficstat,True,False,False,False,False,False,False,True,False,,,,,,,
2026-08-08,00:00,40.6702246,-73.7285441,HOOK CREEK BLVD,11422,116,UNKNOWN,Street,0.8060448591087961,False,QUEENS,"(40.6702246, -73.7285441)",trafficstat,False,False,False,False,False,False,False,False,False,,,,,,,
2026-08-07,00:00,40.6783756,-73.7466062,MERRICK BLVD,11413,116,UNKNOWN,Street,39.33200572566498,False,QUEENS,"(40.6783756, -73.7466062)",trafficstat,False,False,False,False,False,False,False,False,False,,,,,,,
2026-08-07,00:00,40.6648671,-73.7636943,145 RD,11413,116,UNKNOWN,Street,57.37969655644425,False,QUEENS,"(40.6648671, -73.7636943)",trafficstat,False,False,False,False,False,False,False,False,False,,,,,,,
2026-08-07,00:00,40.6497401,-73.7551078,INTERNATIONAL AIRPORT CENTER BLVD,11413,116,UNKNOWN,Street,111.10002542842545,False,QUEENS,"(40.6497401, -73.7551078)",trafficstat,True,False,False,False,False,False,False,True,False,,,,,,,
2026-08-06,00:00,40.6609623,-73.7314653,FRANCIS LEWIS BLVD,11422,116,UNKNOWN,Street,1.592575442582459,False,QUEENS,"(40.6609623, -73.7314653)",trafficstat,True,False,False,False,False,False,False,False,False,,,,,,,
2026-08-06,00:00,40.6833119,-73.7494425,218 ST,11413,116,UNKNOWN,Street,45.75560264000455,False,QUEENS,"(40.6833119, -73.7494425)",trafficstat,False,False,False,False,False,False,False,False,False,,,,,,,
2026-08-06,00:00,40.6724099,-73.7570819,140 AVE,11413,116,UNKNOWN,Street,47.049729776225035,False,QUEENS,"(40.6724099, -73.7570819)",trafficstat,False,False,False,False,False,False,False,False,False,,,,,,,
2026-08-05,00:00,40.6517559,-73.7322634,257 ST,11422,116,UNKNOWN,Street,47.3138347290414,False,QUEENS,"(40.6517559, -73.7322634)",trafficstat,False,False,False,False,False,False,False,False,False,,,,,,,
2026-08-04,00:00,40.6830176,-73.733035,233 ST,11422,116,UNKNOWN,Street,0.7827276860653475,False,QUEENS,"(40.6830176, -73.733035)",trafficstat,False,False,False,False,False,False,False,False,False,,,,,,,
2026-08-04,00:00,40.6815147,-73.7492627,132 RD,11413,116,UNKNOWN,Street,23.529834665936658,False,QUEENS,"(40.6815147, -73.7492627)",trafficstat,True,False,False,False,False,False,False,True,False,,,,,,,
2026-08-04,00:00,40.6807438,-73.7610775,FARMERS BLVD,11434,116,UNKNOWN,Street,58.4876662343547,False,QUEENS,"(40.6807438, -73.7610775)",trafficstat,False,False,False,False,False,False,False,False,False,,,,,,,
2026-08-03,00:00,40.6406451,-73.7433837,BROOKVILLE BLVD,11422,116,UNKNOWN,Street,1.1834294196714665,False,QUEENS,"(40.6406451, -73.7433837)",trafficstat,False,False,False,False,False,False,False,False,False,,,,,,,
2026-07-30,00:00,40.6406451,-73.7433837,BROOKVILLE BLVD,11422,116,UNKNOWN,Street,1.1834294196714665,False,QUEENS,"(40.6406451, -73.7433837)",trafficstat,True,False,False,False,False,False,False,True,True,,,,,,,
2026-07-02,00:00,40.6406451,-73.7433837,BROOKVILLE BLVD,11422,116,UNKNOWN,Street,1.1834294196714665,False,QUEENS,"(40.6406451, -73.7433837)",trafficstat,True,False,False,False,False,False,False,False,True,,,,,,,
2026-08-02,00:00,40.6655588,-73.7298427,HOOK CREEK BLVD,11422,116,UNKNOWN,Street,0.0804361971160275,False,QUEENS,"(40.6655588, -73.7298427)",trafficstat,False,False,False,False,False,False,False,False,False,,,,,,,
2026-08-02,00:00,40.6790147,-73.7586705,180 ST,11434,116,OTHER,Street,1.11608140190131,False,QUEENS,"(40.6790147, -73.7586705)",trafficstat,False,False,False,False,False,False,False,False,False,,,,,,,
2026-08-02,00:00,40.6790593,-73.7449737,224 ST,11413,116,UNKNOWN,Street,0.9007427160338355,False,QUEENS,"(40.6790593, -73.7449737)",trafficstat,True,False,False,False,False,False,False,True,False,,,,,,,
2026-08-02,00:00,40.6763996,-73.7413174,229 ST,11413,116,UNKNOWN,Street,1.2871584765788602,False,QUEENS,"(40.6763996, -73.7413174)",trafficstat,True,False,False,False,False,True,False,True,False,,,,,,,
2026-08-01,00:00,40.6721384,-73.7619144,140 AVE,11413,116,UNKNOWN,Street,44.42515304289506,False,QUEENS,"(40.6721384, -73.7619144)",trafficstat,True,False,True,False,False,False,False,False,False,,,,,,,
2026-08-01,00:00,40.671349,-73.736378,BELT PKWY,11422,116,UNKNOWN,Highway,0.7635724105931438,False,QUEENS,"(40.671349, -73.736378)",trafficstat,True,False,False,False,False,False,False,False,True,,,,,,,
2026-08-01,00:00,40.6801936,-73.7554394,PINEVILLE LN,11413,116,UNKNOWN,Street,0.9342404534382174,False,QUEENS,"(40.6801936, -73.7554394)",trafficstat,True,False,False,False,False,False,False,False,True,,,,,,,
2026-08-01,00:00,40.6627989,-73.769575,177 ST,11434,116,UNKNOWN,Street,1.315556709280251,False,QUEENS,"(40.6627989, -73.769575)",trafficstat,True,False,False,False,False,True,False,False,False,,,,,,,
2026-08-01,00:00,40.6631717,-73.7806985,158 ST,11434,116,UNKNOWN,Street,55.68729740051588,False,QUEENS,"(40.6631717, -73.7806985)",trafficstat,False,False,False,False,False,False,False,False,False,,,,,,,
2026-08-01,00:00,40.658474,-73.740746,243 ST,11422,116,UNKNOWN,Street,2.6162443748163926,False,QUEENS,"(40.658474, -73.740746)",trafficstat,True,False,False,False,False,False,False,True,True,,,,,,,
2026-07-31,00:00,40.6654754,-73.7475056,LANSING AVE,11413,116,OTHER,Street,1.136414355407995,False,QUEENS,"(40.6654754, -73.7475056)",trafficstat,False,False,False,False,False,False,False,False,False,,,,,,,
2026-07-30,00:00,40.6643565,-73.7345263,FRANCIS LEWIS BLVD,11422,116,OTHER,Street,0.848816852601349,False,QUEENS,"(40.6643565, -73.7345263)",trafficstat,False,False,False,False,False,False,False,False,False,,,,,,,
2026-07-30,00:00,40.6658652,-73.750036,BELT PKWY,11413,116,UNKNOWN,Highway,0.6919557070407588,False,QUEENS,"(40.6658652, -73.750036)",trafficstat,True,False,False,False,False,False,False,False,True,,,,,,,
2026-07-29,00:00,40.6667913,-73.7711774,S  CONDUIT AVE,11434,116,UNKNOWN,Street,69.58311895655075,False,QUEENS,"(40.6667913, -73.7711774)",trafficstat,False,False,False,False,False,False,False,False,False,,,,,,,
2026-07-29,00:00,40.6665801,-73.735862,N  CONDUIT AVE,11422,116,UNKNOWN,Street,2.8061228696282146,False,QUEENS,"(40.6665801, -73.735862)",trafficstat,False,False,False,False,False,False,False,False,False,,,,,,,
2026-07-29,00:00,40.6657426,-73.7555767,BELT PKWY,11413,116,UNKNOWN,Highway,1.3153665658540974,False,QUEENS,"(40.6657426, -73.7555767)",trafficstat,True,False,False,False,False,False,False,True,False,,,,,,,
2026-07-29,00:00,40.6361147,-73.7402918,MEYER AVE,11422,116,OTHER,Street,2.9036111276148366,False,QUEENS,"(40.6361147, -73.7402918)",trafficstat,True,False,True,False,False,False,False,False,False,,,,,,,
2026-07-10,00:00,40.6361147,-73.7402918,MEYER AVE,11422,116,UNKNOWN,Street,2.9036111276148366,False,QUEENS,"(40.6361147, -73.7402918)",trafficstat,False,False,False,False,False,False,False,False,False,,,,,,,
2026-07-29,00:00,40.6865588,-73.7375995,FRANCIS LEWIS BLVD,11411,116,UNKNOWN,Street,66.9040827786602,False,QUEENS,"(40.6865588, -73.7375995)",trafficstat,False,False,False,False,False,False,False,False,False,,,,,,,
2026-07-28,00:00,40.6736346,-73.7638308,FARMERS BLVD,11434,116,UNKNOWN,Street,1.1332135223990545,False,QUEENS,"(40.6736346, -73.7638308)",trafficstat,True,False,False,False,False,False,False,True,False,,,,,,,
2026-07-28,00:00,40.6590941,-73.7402816,243 ST,11422,116,OTHER,Street,1.6281672846527528,False,QUEENS,"(40.6590941, -73.7402816)",trafficstat,True,False,True,False,False,False,False,False,False,,,,,,,
2026-07-28,00:00,40.6633855,-73.7818282,146 AVE,11434,116,UNKNOWN,Street,2.2191317042130674,False,QUEENS,"(40.6633855, -73.7818282)",trafficstat,False,False,False,False,False,False,False,False,False,,,,,,,
2026-07-27,00:00,40.6558021,-73.7666943,ROCKAWAY BLVD,11430,116,UNKNOWN,Street,18.977152439694574,False,QUEENS,"(40.6558021, -73.7666943)",trafficstat,False,False,False,False,False,False,False,False,False,,,,,,,
2026-07-27,00:00,40.6751866,-73.7407879,230 ST,11413,116,UNKNOWN,Street,56.811745742034496,False,QUEENS,"(40.6751866, -73.7407879)",trafficstat,False,False,False,False,False,False,False,False,False,,,,,,,
2026-07-26,00:00,40.6607674,-73.7574065,223 ST,11413,116,OTHER,Street,1.383766157009908,False,QUEENS,"(40.6607674, -73.7574065)",trafficstat,True,False,False,False,False,False,True,False,False,,,,,,,
2026-07-26,00:00,40.6599885,-73.7656452,182 ST,11413,116,OTHER,Street,1.213213273562345,False,QUEENS,"(40.6599885, -73.7656452)",trafficstat,False,False,False,False,False,False,False,False,False,,,,,,,
2026-07-26,00:00,40.6635891,-73.7695005,177 PL,11434,116,UNKNOWN,Street,57.678396293258594,False,QUEENS,"(40.6635891, -73.7695005)",trafficstat,False,False,False,False,False,False,False,False,False,,,,,,,
2026-07-23,00:00,40.6662862,-73.7635324,181 ST,11413,116,UNKNOWN,Street,1.195734006657193,False,QUEENS,"(40.6662862, -73.7635324)",trafficstat,True,False,False,False,False,False,False,False,True,,,,,,,
2026-07-23,00:00,40.6531581,-73.737836,149 AVE,11422,116,UNKNOWN,Street,46.70945144267458,False,QUEENS,"(40.6531581, -73.737836)",trafficstat,False,False,False,False,False,False,False,False,False,,,,,,,
2026-07-22,00:00,40.6630381,-73.781022,146 AVE,11434,116,UNKNOWN,Street,2.767738654306666,False,QUEENS,"(40.6630381, -73.781022)",trafficstat,False,False,False,False,False,False,False,False,False,,,,,,,
2026-07-22,00:00,40.6652573,-73.7395511,BROOKVILLE BLVD,11422,116,UNKNOWN,Street,1.386810043526098,False,QUEENS,"(40.6652573, -73.7395511)",trafficstat,False,False,False,False,False,False,False,False,False,,,,,,,
2026-07-21,00:00,40.6590313,-73.7578703,147 AVE,11413,116,OTHER,Street,66.82899982890827,False,QUEENS,"(40.6590313, -73.7578703)",trafficstat,True,False,False,False,False,False,False,False,True,,,,,,,
2026-07-21,00:00,40.6358901,-73.7401314,ROCKAWAY BLVD,11422,116,UNKNOWN,Street,0.43409593092658716,False,QUEENS,"(40.6358901, -73.7401314)",trafficstat,False,False,False,False,False,False,False,False,False,,,,,,,
2026-07-20,00:00,40.6647362,-73.740329,BROOKVILLE BLVD,11422,116,UNKNOWN,Street,73.45239456400066,False,QUEENS,"(40.6647362, -73.740329)",trafficstat,False,False,False,False,False,False,False,False,False,,,,,,,
2026-07-19,00:00,40.67513,-73.74314,135 AVE,11413,116,UNKNOWN,Street,2.410577447052457,False,QUEENS,"(40.67513, -73.74314)",trafficstat,False,False,False,False,False,False,False,False,False,,,,,,,
2026-07-17,00:00,40.6780769,-73.7260101,HOOK CREEK BLVD,,116,UNKNOWN,Street,1.3142382785288695,False,QUEENS,"(40.6780769, -73.7260101)",trafficstat,True,False,False,False,False,False,False,True,True,,,,,,,
2026-07-17,00:00,40.6663081,-73.7859279,153 PL,11434,116,OTHER,Street,0.20416396803488882,False,QUEENS,"(40.6663081, -73.7859279)",trafficstat,False,False,False,False,False,False,False,False,False,,,,,,,
2026-07-17,00:00,40.6671759,-73.7803163,ROCKAWAY BLVD,11434,116,UNKNOWN,Street,1.4875119563031092,False,QUEENS,"(40.6671759, -73.7803163)",trafficstat,True,False,False,False,False,False,False,False,True,,,,,,,
2026-06-24,00:00,40.6671759,-73.7803163,ROCKAWAY BLVD,11434,116,UNKNOWN,Street,1.4875119563031092,False,QUEENS,"(40.6671759, -73.7803163)",trafficstat,False,False,False,False,False,False,False,False,False,,,,,,,
2026-07-16,00:00,40.675213,-73.73779,232 ST,11413,116,UNKNOWN,Street,2.7516146505891212,False,QUEENS,"(40.675213, -73.73779)",trafficstat,False,False,False,False,False,False,False,False,False,,,,,,,
2026-07-15,00:00,40.6812303,-73.7363988,130 AVE,11413,116,UNKNOWN,Street,1.111502578702015,False,QUEENS,"(40.6812303, -73.7363988)",trafficstat,True,False,False,False,False,False,False,False,True,,,,,,,
2026-07-15,00:00,40.6658495,-73.7555006,BELT PKWY,11413,116,UNKNOWN,Highway,2.6840333452138037,False,QUEENS,"(40.6658495, -73.7555006)",trafficstat,False,False,False,False,False,False,False,False,False,,,,,,,
2026-07-14,00:00,40.6665187,-73.733615,N  CONDUIT AVE,11422,116,UNKNOWN,Street,23.90194676610589,False,QUEENS,"(40.6665187, -73.733615)",trafficstat,False,False,False,False,False,False,False,False,False,,,,,,,
2026-07-14,00:00,40.6667525,-73.7799356,ROCKAWAY BLVD,11434,116,UNKNOWN,Street,1.3109921515945258,False,QUEENS,"(40.6667525, -73.7799356)",trafficstat,True,False,False,False,False,False,False,False,True,,,,,,,
2026-07-14,00:00,40.6586767,-73.7291268,257 ST,11422,116,OTHER,Street,53.22683066099206,False,QUEENS,"(40.6586767, -73.7291268)",trafficstat,True,False,False,False,False,False,False,False,True,,,,,,,
2026-07-13,00:00,40.6640183,-73.7685904,GUY R BREWER BLVD,11434,116,UNKNOWN,Street,0.04312178389750236,False,QUEENS,"(40.6640183, -73.7685904)",trafficstat,True,False,False,True,False,False,False,False,False,,,,,,,
2026-07-13,00:00,40.6663668,-73.7894819,150 ST,11436,116,UNKNOWN,Street,0.43553206858270227,False,QUEENS,"(40.6663668, -73.7894819)",trafficstat,True,False,False,False,False,False,False,False,True,,,,,,,
2026-07-13,00:00,40.6668647,-73.7783636,166 ST,11434,116,UNKNOWN,Street,0.927320265302467,False,QUEENS,"(40.6668647, -73.7783636)",trafficstat,False,False,False,False,False,False,False,False,False,,,,,,,
2026-07-13,00:00,40.6657391,-73.7501121,BELT PKWY,11413,116,UNKNOWN,Highway,4.077978360865102,False,QUEENS,"(40.6657391, -73.7501121)",trafficstat,True,False,False,False,False,False,False,True,True,,,,,,,
2026-07-13,00:00,40.6658011,-73.7521435,225 ST,11413,116,UNKNOWN,Street,1.9500447707015514,False,QUEENS,"(40.6658011, -73.7521435)",trafficstat,True,False,False,False,False,False,False,False,True,,,,,,,
2026-07-05,00:00,40.6658011,-73.7521435,225 ST,11413,116,UNKNOWN,Street,1.9500447707015514,False,QUEENS,"(40.6658011, -73.7521435)",trafficstat,True,False,False,False,False,False,False,False,True,,,,,,,
2026-07-13,00:00,40.665634,-73.75816,S  CONDUIT AVE,11413,116,OTHER,Street,3.987093075132672,False,QUEENS,"(40.665634, -73.75816)",trafficstat,True,False,False,False,False,False,False,True,False,,,,,,,
2026-07-12,00:00,40.6667139,-73.7515526,225 ST,11413,116,UNKNOWN,Street,1.7814535934499907,False,QUEENS,"(40.6667139, -73.7515526)",trafficstat,True,False,False,False,False,False,False,True,False,,,,,,,
2026-07-11,00:00,40.6627286,-73.747862,230 PL,11413,116,OTHER,Street,2.058574138002068,False,QUEENS,"(40.6627286, -73.747862)",trafficstat,True,False,False,False,False,False,False,False,True,,,,,,,
2026-07-11,00:00,40.6856144,-73.7502562,130 AVE,11413,116,UNKNOWN,Street,2.1785095854905885,False,QUEENS,"(40.6856144, -73.7502562)",trafficstat,True,False,False,False,False,False,False,True,False,,,,,,,
2026-07-11,00:00,40.6736258,-73.7411043,FRANCIS LEWIS BLVD,11413,116,UNKNOWN,Street,57.171174856802566,False,QUEENS,"(40.6736258, -73.7411043)",trafficstat,False,False,False,False,False,False,False,False,False,,,,,,,
2026-07-11,00:00,40.6808179,-73.7478893,220 ST,11413,116,OTHER,Street,46.25077544699292,False,QUEENS,"(40.6808179, -73.7478893)",trafficstat,False,False,False,False,False,False,False,False,False,,,,,,,
2026-07-10,00:00,40.6838051,-73.7515787,SPRINGFIELD BLVD,11413,116,UNKNOWN,Street,70.44484749423671,False,QUEENS,"(40.6838051, -73.7515787)",trafficstat,False,False,False,False,False,False,False,False,False,,,,,,,
2026-07-10,00:00,40.6830871,-73.7467899,220 ST,11413,116,UNKNOWN,Street,1.6794860813357002,False,QUEENS,"(40.6830871, -73.7467899)",trafficstat,True,False,False,False,False,False,False,True,False,,,,,,,
2026-07-08,00:00,40.675386,-73.7384772,MERRICK BLVD,11413,116,UNKNOWN,Street,6.14154789332792,False,QUEENS,"(40.675386, -73.7384772)",trafficstat,False,False,False,False,False,False,False,False,False,,,,,,,
2026-07-07,00:00,40.6695413,-73.7386069,FRANCIS LEWIS BLVD,11422,116,OTHER,Street,66.73304833918992,False,QUEENS,"(40.6695413, -73.7386069)",trafficstat,False,False,False,False,False,False,False,False,False,,,,,,,
2026-07-07,00:00,40.6867003,-73.7374409,FRANCIS LEWIS BLVD,11413,116,UNKNOWN,Street,1.828451148311563,False,QUEENS,"(40.6867003, -73.7374409)",trafficstat,True,False,False,False,False,False,False,True,False,,,,,,,
2026-07-07,00:00,40.6814819,-73.7277569,BELT PKWY,11411,116,OTHER,Highway,2.7441002192798027,False,QUEENS,"(40.6814819, -73.7277569)",trafficstat,True,False,False,False,False,False,False,False,True,,,,,,,
2026-07-06,00:00,40.6680043,-73.7634506,181 ST,11413,116,UNKNOWN,Street,0.4787028111937475,False,QUEENS,"(40.6680043, -73.7634506)",trafficstat,False,False,False,False,False,False,False,False,False,,,,,,,
2026-07-05,00:00,40.6699557,-73.7692397,171 ST,11434,116,UNKNOWN,Street,43.58971801826058,False,QUEENS,"(40.6699557, -73.7692397)",trafficstat,True,False,True,False,False,False,False,False,False,,,,,,,
2026-07-05,00:00,40.5607684,-73.9192483,ROCKAWAY POINT BLVD,11697,116,UNKNOWN,Street,23.895706188784935,False,QUEENS,"(40.5607684, -73.9192483)",trafficstat,False,False,False,False,False,False,False,False,False,,,,,,,
2026-07-04,00:00,40.658688,-73.72943,FRANCIS LEWIS BLVD,11422,116,UNKNOWN,Street,0.5768436298716804,False,QUEENS,"(40.658688, -73.72943)",trafficstat,False,False,False,False,False,False,False,False,False,,,,,,,
2026-07-04,00:00,40.6598181,-73.7304643,FRANCIS LEWIS BLVD,11422,116,UNKNOWN,Street,1.215289495473851,False,QUEENS,"(40.6598181, -73.7304643)",trafficstat,True,False,False,False,False,False,False,True,False,,,,,,,
2026-07-04,00:00,40.663766,-73.770815,145 DR,11434,116,UNKNOWN,Street,62.49740392125319,False,QUEENS,"(40.663766, -73.770815)",trafficstat,False,False,False,False,False,False,False,False,False,,,,,,,
2026-07-03,00:00,40.666172,-73.76264,182 ST,11413,116,UNKNOWN,Street,1.3644664542275022,False,QUEENS,"(40.666172, -73.76264)",trafficstat,False,False,False,False,False,False,False,False,False,,,,,,,
2026-07-03,00:00,40.6613141,-73.7752174,ROCKAWAY BLVD,11434,116,OTHER,Street,1.4491258366506294,False,QUEENS,"(40.6613141, -73.7752174)",trafficstat,False,False,False,False,False,False,False,False,False,,,,,,,
2026-07-03,00:00,40.6664193,-73.7881242,BELT PKWY,11434,116,UNKNOWN,Highway,3.016645411357728,False,QUEENS,"(40.6664193, -73.7881242)",trafficstat,True,False,False,False,False,False,False,False,True,,,,,,,
2026-07-03,00:00,40.674522,-73.73608,234 ST,11422,116,UNKNOWN,Street,0.5983353961986269,False,QUEENS,"(40.674522, -73.73608)",trafficstat,False,False,False,False,False,False,False,False,False,,,,,,,
2026-07-02,00:00,40.6719558,-73.7618583,140 AVE,11413,116,UNKNOWN,Street,23.88996977947004,False,QUEENS,"(40.6719558, -73.7618583)",trafficstat,True,False,False,True,False,False,False,False,False,,,,,,,
2026-07-02,00:00,40.6709378,-73.7354338,BROOKVILLE BLVD,11422,116,UNKNOWN,Street,1.4974619834206502,False,QUEENS,"(40.6709378, -73.7354338)",trafficstat,True,False,False,False,False,False,False,True,False,,,,,,,
2026-07-02,00:00,40.666393,-73.76446,180 ST,11434,116,OTHER,Street,0.2331306972417856,False,QUEENS,"(40.666393, -73.76446)",trafficstat,True,False,False,False,False,False,False,True,False,,,,,,,