crash_date,crash_time,latitude,longitude,on_street_name,zip_code,precinct,collision_type,roadway_type,geocode_dist_feet,time_is_known,borough,location,source,injury,fatality,injured_pedestrian,injured_cyclist,injured_ebike_rider,injured_motorcyclist,injured_moped_rider,injured_car_occupant,injured_suv_occupant,number_of_persons_injured,number_of_persons_killed,contributing_factor_vehicle_1,collision_id,cross_street_name,off_street_name,vehicle_type_code1
2026-07-01,00:00,40.6551236,-73.7448557,BROOKVILLE BLVD,11422,116,UNKNOWN,Street,80.47121757903402,False,QUEENS,"(40.6551236, -73.7448557)",trafficstat,False,False,False,False,False,False,False,False,False,,,,,,,
2026-07-01,00:00,40.6733717,-73.7561819,139 AVE,11413,116,UNKNOWN,Street,2.872365868596534,False,QUEENS,"(40.6733717, -73.7561819)",trafficstat,False,False,False,False,False,False,False,False,False,,,,,,,
2026-06-30,00:00,40.6733717,-73.7561819,139 AVE,11413,116,UNKNOWN,Street,2.872365868596534,False,QUEENS,"(40.6733717, -73.7561819)",trafficstat,True,False,False,True,False,False,False,False,False,,,,,,,
2026-06-30,00:00,40.677292,-73.7439277,226 ST,11413,116,OTHER,Street,1.7442171439576306,False,QUEENS,"(40.677292, -73.7439277)",trafficstat,True,False,False,False,False,True,False,False,False,,,,,,,
2026-06-30,00:00,40.6582766,-73.7305931,145 AVE,11422,116,UNKNOWN,Street,41.84856980528438,False,QUEENS,"(40.6582766, -73.7305931)",trafficstat,False,False,False,False,False,False,False,False,False,,,,,,,
2026-06-29,00:00,40.6672037,-73.7790848,BELT PKWY,11434,116,UNKNOWN,Highway,13.439204091567511,False,QUEENS,"(40.6672037, -73.7790848)",trafficstat,False,False,False,False,False,False,False,False,False,,,,,,,
2026-06-29,00:00,40.6660712,-73.761738,183 ST,11413,116,OTHER,Street,1.0789720650739858,False,QUEENS,"(40.6660712, -73.761738)",trafficstat,True,False,False,False,False,False,False,False,True,,,,,,,
2026-06-29,00:00,40.6794814,-73.7574034,MONTAUK ST,11413,116,UNKNOWN,Street,1.1849177786129101,False,QUEENS,"(40.6794814, -73.7574034)",trafficstat,False,False,False,False,False,False,False,False,False,,,,,,,
2026-06-29,00:00,40.6760302,-73.7336345,LAURELTON PKWY,11422,116,UNKNOWN,Street,53.71654887432824,False,QUEENS,"(40.6760302, -73.7336345)",trafficstat,False,False,False,False,False,False,False,False,False,,,,,,,
2026-06-28,00:00,40.667976,-73.75082,225 ST,11413,116,UNKNOWN,Street,0.8312904412295163,False,QUEENS,"(40.667976, -73.75082)",trafficstat,True,False,True,False,False,False,False,False,False,,,,,,,
2026-06-28,00:00,40.6703984,-73.7470258,139 AVE,11413,116,UNKNOWN,Street,6.761801341766937,False,QUEENS,"(40.6703984, -73.7470258)",trafficstat,False,False,False,False,False,False,False,False,False,,,,,,,
2026-06-27,00:00,40.6810118,-73.7386371,229 ST,11413,116,UNKNOWN,Street,41.120703146830536,False,QUEENS,"(40.6810118, -73.7386371)",trafficstat,False,False,False,False,False,False,False,False,False,,,,,,,
2026-06-27,00:00,40.6653639,-73.7310114,247 ST,11422,116,OTHER,Street,2.3760614409109677,False,QUEENS,"(40.6653639, -73.7310114)",trafficstat,True,True,False,False,False,False,False,False,True,,,,,,,
2026-06-27,00:00,40.6670864,-73.7808983,BELT PKWY,11434,116,UNKNOWN,Highway,16.574389679876006,False,QUEENS,"(40.6670864, -73.7808983)",trafficstat,True,False,False,False,False,False,False,True,False,,,,,,,
2026-06-27,00:00,40.6682721,-73.7502147,225 ST,11413,116,UNKNOWN,Street,107.97833073266408,False,QUEENS,"(40.6682721, -73.7502147)",trafficstat,False,False,False,False,False,False,False,False,False,,,,,,,
2026-06-27,00:00,40.6516209,-73.7584313,INTERNATIONAL AIRPORT CENTER BLVD,11413,116,UNKNOWN,Street,110.73300742581944,False,QUEENS,"(40.6516209, -73.7584313)",trafficstat,False,False,False,False,False,False,False,False,False,,,,,,,
2026-06-26,00:00,40.6592489,-73.7583816,223 ST,11413,116,UNKNOWN,Street,1.5892149834723546,False,QUEENS,"(40.6592489, -73.7583816)",trafficstat,False,False,False,False,False,False,False,False,False,,,,,,,
2026-06-26,00:00,40.662185,-73.7379375,243 ST,11422,116,UNKNOWN,Street,1.5735417856238745,False,QUEENS,"(40.662185, -73.7379375)",trafficstat,True,False,False,False,False,False,False,True,False,,,,,,,
2026-06-26,00:00,40.6784433,-73.7494477,220 ST,11413,116,OTHER,Street,44.96388659578354,False,QUEENS,"(40.6784433, -73.7494477)",trafficstat,True,False,False,True,False,False,False,False,False,,,,,,,
2026-06-26,00:00,40.6794386,-73.748914,220 ST,11413,116,OTHER,Street,19.469916883292402,False,QUEENS,"(40.6794386, -73.748914)",trafficstat,False,False,False,False,False,False,False,False,False,,,,,,,
2026-06-26,00:00,40.6710303,-73.756168,SPRINGFIELD BLVD,11413,116,UNKNOWN,Street,57.80281366773581,False,QUEENS,"(40.6710303, -73.756168)",trafficstat,False,False,False,False,False,False,False,False,False,,,,,,,
2026-06-25,00:00,40.6717587,-73.7452468,138 AVE,11413,116,UNKNOWN,Street,11.073479998043654,False,QUEENS,"(40.6717587, -73.7452468)",trafficstat,True,False,False,False,False,False,False,False,True,,,,,,,
2026-06-24,00:00,40.667168,-73.73348,244 ST,11422,116,UNKNOWN,Street,1.522847368768346,False,QUEENS,"(40.667168, -73.73348)",trafficstat,True,False,False,False,False,False,False,True,False,,,,,,,
2026-06-24,00:00,40.6596508,-73.7738281,FARMERS BLVD,11430,116,UNKNOWN,Street,1.1232466404118615,False,QUEENS,"(40.6596508, -73.7738281)",trafficstat,True,False,False,True,False,False,False,False,False,,,,,,,
2026-06-24,00:00,40.6595063,-73.7687754,148 AVE,11434,116,UNKNOWN,Street,3.0119296771485438,False,QUEENS,"(40.6595063, -73.7687754)",trafficstat,False,False,False,False,False,False,False,False,False,,,,,,,
2026-06-23,00:00,40.662315,-73.7554,145 RD,11413,116,UNKNOWN,Street,1.3349027564764893,False,QUEENS,"(40.662315, -73.7554)",trafficstat,False,False,False,False,False,False,False,False,False,,,,,,,
2026-06-23,00:00,40.666397,-73.75176,225 ST,11413,116,UNKNOWN,Street,1.0795771966159236,False,QUEENS,"(40.666397, -73.75176)",trafficstat,True,False,False,False,False,False,False,True,False,,,,,,,
2026-06-23,00:00,40.6611005,-73.7489134,230 PL,11413,116,UNKNOWN,Street,1.7637508647429068,False,QUEENS,"(40.6611005, -73.7489134)",trafficstat,True,False,False,False,False,False,False,False,True,,,,,,,
2026-06-22,00:00,40.659706,-73.74354,NEWHALL AVE,11422,116,UNKNOWN,Street,2.053867759645359,False,QUEENS,"(40.659706, -73.74354)",trafficstat,True,False,False,False,False,False,False,True,False,,,,,,,
2026-06-22,00:00,40.6752141,-73.7377926,232 ST,11413,116,UNKNOWN,Street,1.929199942512061,False,QUEENS,"(40.6752141, -73.7377926)",trafficstat,False,False,False,False,False,False,False,False,False,,,,,,,
2026-06-22,00:00,40.67962,-73.7467,222 ST,11413,116,UNKNOWN,Street,0.8336832624968117,False,QUEENS,"(40.67962, -73.7467)",trafficstat,False,False,False,False,False,False,False,False,False,,,,,,,
2026-06-22,00:00,40.671345,-73.74981,224 ST,11413,116,UNKNOWN,Street,1.1257017272128609,False,QUEENS,"(40.671345, -73.74981)",trafficstat,True,False,True,False,False,False,False,False,False,,,,,,,
2026-06-21,00:00,40.680166,-73.7331438,234 ST,11422,116,UNKNOWN,Street,1.2038377780532206,False,QUEENS,"(40.680166, -73.7331438)",trafficstat,False,False,False,False,False,False,False,False,False,,,,,,,
2026-06-21,00:00,40.675885,-73.7557617,SPRINGFIELD BLVD,11413,116,UNKNOWN,Street,0.15416972365641493,False,QUEENS,"(40.675885, -73.7557617)",trafficstat,True,False,False,False,False,True,False,False,False,,,,,,,
2026-06-21,00:00,40.6666939,-73.7566932,144 AVE,11413,116,UNKNOWN,Street,61.51289705361501,False,QUEENS,"(40.6666939, -73.7566932)",trafficstat,False,False,False,False,False,False,False,False,False,,,,,,,
2026-06-20,00:00,40.66743,-73.744736,230 PL,11413,116,OTHER,Street,1.9201365065478202,False,QUEENS,"(40.66743, -73.744736)",trafficstat,False,False,False,False,False,False,False,False,False,,,,,,,
2026-06-20,00:00,40.6654866,-73.7513661,226 ST,11413,116,UNKNOWN,Street,1.471368277180142,False,QUEENS,"(40.6654866, -73.7513661)",trafficstat,True,False,False,False,False,False,False,True,False,,,,,,,
2026-06-20,00:00,40.6585814,-73.7545618,227 ST,11413,116,UNKNOWN,Street,49.371926436573055,False,QUEENS,"(40.6585814, -73.7545618)",trafficstat,False,False,False,False,False,False,False,False,False,,,,,,,
2026-06-20,00:00,40.6709504,-73.737301,137 AVE,11422,116,UNKNOWN,Street,2.8861686540360387,False,QUEENS,"(40.6709504, -73.737301)",trafficstat,False,False,False,False,False,False,False,False,False,,,,,,,
2026-06-20,00:00,40.6784794,-73.750903,219 ST,11413,116,UNKNOWN,Street,1.9360242309048616,False,QUEENS,"(40.6784794, -73.750903)",trafficstat,True,False,False,False,False,False,False,True,False,,,,,,,
2026-06-19,00:00,40.6762555,-73.7571351,SLOAN ST,11413,116,OTHER,Street,52.458284106918924,False,QUEENS,"(40.6762555, -73.7571351)",trafficstat,False,False,False,False,False,False,False,False,False,,,,,,,
2026-06-19,00:00,40.6710892,-73.7666621,140 AVE,11434,116,OTHER,Street,39.58474223613516,False,QUEENS,"(40.6710892, -73.7666621)",trafficstat,False,False,False,False,False,False,False,False,False,,,,,,,
2026-06-19,00:00,40.6727323,-73.7571413,140 AVE,11413,116,UNKNOWN,Street,65.33841523952728,False,QUEENS,"(40.6727323, -73.7571413)",trafficstat,False,False,False,False,False,False,False,False,False,,,,,,,
2026-06-17,00:00,40.6766283,-73.7554922,137 AVE,11413,116,UNKNOWN,Street,3.018520775993751,False,QUEENS,"(40.6766283, -73.7554922)",trafficstat,False,False,False,False,False,False,False,False,False,,,,,,,
2026-06-17,00:00,40.6741611,-73.7275547,HOOK CREEK BLVD,,116,UNKNOWN,Street,1.5365678743846318,False,QUEENS,"(40.6741611, -73.7275547)",trafficstat,False,False,False,False,False,False,False,False,False,,,,,,,
2026-06-16,00:00,40.6775354,-73.7580138,BELKNAP ST,11434,116,OTHER,Street,208.35461578523498,False,QUEENS,"(40.6775354, -73.7580138)",trafficstat,False,False,False,False,False,False,False,False,False,,,,,,,
2026-06-16,00:00,40.686172,-73.7357014,229 ST,11411,116,UNKNOWN,Street,0.9793550712181245,False,QUEENS,"(40.686172, -73.7357014)",trafficstat,False,False,False,False,False,False,False,False,False,,,,,,,
2026-06-15,00:00,40.6705344,-73.7295306,246 ST,11422,116,UNKNOWN,Street,1.8272423753523492,False,QUEENS,"(40.6705344, -73.7295306)",trafficstat,True,False,False,False,False,False,False,True,False,,,,,,,
2026-06-15,00:00,40.6721077,-73.7356815,BELT PKWY,11422,116,UNKNOWN,Highway,28.418184441936145,False,QUEENS,"(40.6721077, -73.7356815)",trafficstat,True,False,False,False,False,False,False,False,True,,,,,,,
2026-06-15,00:00,40.662314,-73.7554041,224 ST,11413,116,OTHER,Street,1.414177820164429,False,QUEENS,"(40.662314, -73.7554041)",trafficstat,False,False,False,False,False,False,False,False,False,,,,,,,
2026-06-15,00:00,40.6617959,-73.7346446,MEMPHIS AVE,11422,116,OTHER,Street,0.9974948345622189,False,QUEENS,"(40.6617959, -73.7346446)",trafficstat,True,False,False,False,False,False,False,True,False,,,,,,,
2026-06-13,00:00,40.6617959,-73.7346446,MEMPHIS AVE,11422,116,OTHER,Street,0.9974948345622189,False,QUEENS,"(40.6617959, -73.7346446)",trafficstat,True,False,False,False,False,False,False,True,False,,,,,,,
2026-06-15,00:00,40.66528,-73.73536,FRANCIS LEWIS BLVD,11422,116,UNKNOWN,Street,1.7088569252842156,False,QUEENS,"(40.66528, -73.73536)",trafficstat,True,False,False,False,False,False,False,True,False,,,,,,,
2026-06-15,00:00,40.6661445,-73.7778217,166 ST,11434,116,UNKNOWN,Street,1.528430468994561,False,QUEENS,"(40.6661445, -73.7778217)",trafficstat,False,False,False,False,False,False,False,False,False,,,,,,,
2026-06-14,00:00,40.6648948,-73.7690321,GUY R BREWER BLVD,11434,116,UNKNOWN,Street,37.89004419106529,False,QUEENS,"(40.6648948, -73.7690321)",trafficstat,True,False,False,False,False,False,False,True,False,,,,,,,
2026-06-14,00:00,40.6730699,-73.7358597,LAURELTON PKWY,11422,116,UNKNOWN,Street,49.08281957047633,False,QUEENS,"(40.6730699, -73.7358597)",trafficstat,False,False,False,False,False,False,False,False,False,,,,,,,
2026-06-13,00:00,40.6788633,-73.7447523,133 AVE,11413,116,UNKNOWN,Street,44.56259583182295,False,QUEENS,"(40.6788633, -73.7447523)",trafficstat,False,False,False,False,False,False,False,False,False,,,,,,,
2026-06-13,00:00,40.6591582,-73.7437573,BROOKVILLE BLVD,11422,116,UNKNOWN,Street,67.84323189947871,False,QUEENS,"(40.6591582, -73.7437573)",trafficstat,True,False,False,False,False,False,False,False,True,,,,,,,
2026-06-12,00:00,40.6574116,-73.7283872,FRANCIS LEWIS BLVD,11422,116,OTHER,Street,1.2420001387627406,False,QUEENS,"(40.6574116, -73.7283872)",trafficstat,False,False,False,False,False,False,False,False,False,,,,,,,
2026-06-12,00:00,40.6577274,-73.7666486,149 RD,11434,116,OTHER,Street,31.393480979373912,False,QUEENS,"(40.6577274, -73.7666486)",trafficstat,False,False,False,False,False,False,False,False,False,,,,,,,
2026-06-12,00:00,40.679729,-73.7616135,FARMERS BLVD,11434,116,UNKNOWN,Street,0.9342121304550292,False,QUEENS,"(40.679729, -73.7616135)",trafficstat,True,False,False,False,False,False,False,True,False,,,,,,,
2026-06-12,00:00,40.6673587,-73.7699355,BELT PKWY,11434,116,UNKNOWN,Highway,4.261560014898176,False,QUEENS,"(40.6673587, -73.7699355)",trafficstat,False,False,False,False,False,False,False,False,False,,,,,,,
2026-09-13,00:00,40.6333247,-74.085033,CHESTER PL,10304,120,UNKNOWN,Street,34.55281126833181,False,STATEN ISLAND,"(40.6333247, -74.085033)",trafficstat,False,False,False,False,False,False,False,False,False,,,,,,,
2026-09-13,00:00,40.6287077,-74.1190083,ELIZABETH ST,10310,120,UNKNOWN,Street,1.5997602332572805,False,STATEN ISLAND,"(40.6287077, -74.1190083)",trafficstat,True,False,False,False,False,False,False,False,True,,,,,,,
2026-09-13,00:00,40.6318268,-74.0772258,VAN DUZER ST,10304,120,UNKNOWN,Street,37.030552989164185,False,STATEN ISLAND,"(40.6318268, -74.0772258)",trafficstat,False,False,False,False,False,False,False,False,False,,,,,,,
2026-09-13,00:00,40.645523,-74.07767,HAMILTON AVE,10301,120,OTHER,Street,3.0138737187797426,False,STATEN ISLAND,"(40.645523, -74.07767)",trafficstat,False,False,False,False,False,False,False,False,False,,,,,,,
2026-09-12,00:00,40.6327103,-74.1177154,CARY AVE,10310,120,UNKNOWN,Street,48.02634637806359,False,STATEN ISLAND,"(40.6327103, -74.1177154)",trafficstat,False,False,False,False,False,False,False,False,False,,,,,,,
2026-09-12,00:00,40.6115199,-74.098621,LITTLE CLOVE RD,10301,120,UNKNOWN,Street,0.616696113434422,False,STATEN ISLAND,"(40.6115199, -74.098621)",trafficstat,False,False,False,False,False,False,False,False,False,,,,,,,
2026-09-11,00:00,40.6123059,-74.129766,VICTORY BLVD,10314,120,UNKNOWN,Street,88.37085916576274,False,STATEN ISLAND,"(40.6123059, -74.129766)",trafficstat,False,False,False,False,False,False,False,False,False,,,,,,,
2026-09-11,00:00,40.6321307,-74.1221455,CARY AVE,10310,120,UNKNOWN,Street,30.216190898627904,False,STATEN ISLAND,"(40.6321307, -74.1221455)",trafficstat,False,False,False,False,False,False,False,False,False,,,,,,,
2026-09-11,00:00,40.6373389,-74.1223463,TRINITY PL,10310,120,UNKNOWN,Street,43.12615580958176,False,STATEN ISLAND,"(40.6373389, -74.1223463)",trafficstat,False,False,False,False,False,False,False,False,False,,,,,,,
2026-09-10,00:00,40.6349928,-74.0861987,CASTLETON AVE,10301,120,UNKNOWN,Street,22.938930091603414,False,STATEN ISLAND,"(40.6349928, -74.0861987)",trafficstat,False,False,False,False,False,False,False,False,False,,,,,,,
2026-09-09,00:00,40.6141438,-74.0686181,ANDERSON ST,10305,120,UNKNOWN,Street,1.5658356963254056,False,STATEN ISLAND,"(40.6141438, -74.0686181)",trafficstat,True,False,False,False,False,False,False,True,False,,,,,,,
2026-09-08,00:00,40.6112529,-74.0695878,MARYLAND AVE,10305,120,UNKNOWN,Street,36.99808036852477,False,STATEN ISLAND,"(40.6112529, -74.0695878)",trafficstat,False,False,False,False,False,False,False,False,False,,,,,,,
2026-09-08,00:00,40.6358544,-74.1001466,PENBROKE AVE,10301,120,UNKNOWN,Street,40.69567612766736,False,STATEN ISLAND,"(40.6358544, -74.1001466)",trafficstat,False,False,False,False,False,False,False,False,False,,,,,,,
2026-09-07,00:00,40.634007,-74.09839,RIDGEWOOD PL,10301,120,UNKNOWN,Street,0.8059271261972136,False,STATEN ISLAND,"(40.634007, -74.09839)",trafficstat,True,False,False,False,False,False,False,False,True,,,,,,,
2026-09-07,00:00,40.6114287,-74.1168345,SLOSSON AVE,10314,120,UNKNOWN,Street,0.36248303224955825,False,STATEN ISLAND,"(40.6114287, -74.1168345)",trafficstat,False,False,False,False,False,False,False,False,False,,,,,,,
2026-09-07,00:00,40.6289411,-74.1161878,BROADWAY,10310,120,UNKNOWN,Street,0.3866425042990941,False,STATEN ISLAND,"(40.6289411, -74.1161878)",trafficstat,False,False,False,False,False,False,False,False,False,,,,,,,
2026-08-07,00:00,40.6289411,-74.1161878,BROADWAY,10310,120,UNKNOWN,Street,0.3866425042990941,False,STATEN ISLAND,"(40.6289411, -74.1161878)",trafficstat,False,False,False,False,False,False,False,False,False,,,,,,,
2026-07-30,00:00,40.6289411,-74.1161878,BROADWAY,10310,120,OTHER,Street,0.3866425042990941,False,STATEN ISLAND,"(40.6289411, -74.1161878)",trafficstat,True,False,True,False,False,False,False,False,False,,,,,,,
2026-06-29,00:00,40.6289411,-74.1161878,BROADWAY,10310,120,UNKNOWN,Street,0.3866425042990941,False,STATEN ISLAND,"(40.6289411, -74.1161878)",trafficstat,True,False,False,False,False,False,False,True,False,,,,,,,
2026-06-25,00:00,40.6289411,-74.1161878,BROADWAY,10310,120,UNKNOWN,Street,0.3866425042990941,False,STATEN ISLAND,"(40.6289411, -74.1161878)",trafficstat,False,False,False,False,False,False,False,False,False,,,,,,,
2026-09-06,00:00,40.6369545,-74.1175493,BROADWAY,10310,120,OTHER,Street,0.13903516331066448,False,STATEN ISLAND,"(40.6369545, -74.1175493)",trafficstat,False,False,False,False,False,False,False,False,False,,,,,,,
2026-09-06,00:00,40.63574,-74.08373,VICTORY BLVD,10301,120,OTHER,Street,2.415462055662383,False,STATEN ISLAND,"(40.63574, -74.08373)",trafficstat,True,False,False,False,False,False,False,True,False,,,,,,,
2026-09-06,00:00,40.6329086,-74.0769532,VAN DUZER ST,10301,120,UNKNOWN,Street,33.8768034349575,False,STATEN ISLAND,"(40.6329086, -74.0769532)",trafficstat,False,False,False,False,False,False,False,False,False,,,,,,,
2026-09-05,00:00,40.6382137,-74.0756627,BAY ST,10301,120,UNKNOWN,Street,63.4891460320264,False,STATEN ISLAND,"(40.6382137, -74.0756627)",trafficstat,True,False,False,True,False,False,False,False,False,,,,,,,
2026-09-05,00:00,40.6403573,-74.0978781,CLINTON AVE,10301,120,UNKNOWN,Street,0.438303177723721,False,STATEN ISLAND,"(40.6403573, -74.0978781)",trafficstat,True,False,False,False,False,False,False,True,False,,,,,,,
2026-09-05,00:00,40.6247197,-74.0798468,CANAL ST,10304,120,UNKNOWN,Street,29.600518666385728,False,STATEN ISLAND,"(40.6247197, -74.0798468)",trafficstat,False,False,False,False,False,False,False,False,False,,,,,,,
2026-09-05,00:00,40.629324,-74.0796129,VAN DUZER ST,10304,120,UNKNOWN,Street,52.41554899258081,False,STATEN ISLAND,"(40.629324, -74.0796129)",trafficstat,False,False,False,False,False,False,False,False,False,,,,,,,
2026-09-04,00:00,40.6166225,-74.0847862,TARGEE ST,10304,120,UNKNOWN,Street,0.15131922721061994,False,STATEN ISLAND,"(40.6166225, -74.0847862)",trafficstat,True,False,False,False,False,False,False,True,False,,,,,,,
2026-09-04,00:00,40.6246026,-74.0795981,TOMPKINS AVE,10304,120,OTHER,Street,0.7170875318984719,False,STATEN ISLAND,"(40.6246026, -74.0795981)",trafficstat,True,False,False,False,False,False,False,False,False,,,,,,,
2026-07-29,00:00,40.6246026,-74.0795981,TOMPKINS AVE,10304,120,UNKNOWN,Street,0.7170875318984719,False,STATEN ISLAND,"(40.6246026, -74.0795981)",trafficstat,True,False,False,False,False,False,False,True,False,,,,,,,
2026-09-04,00:00,40.612749,-74.1271125,VICTORY BLVD,10314,120,OTHER,Street,3.189578138421593,False,STATEN ISLAND,"(40.612749, -74.1271125)",trafficstat,True,False,False,False,False,False,False,False,False,,,,,,,
2026-09-03,00:00,40.6448109,-74.0959676,LAFAYETTE AVE,10301,120,OTHER,Street,0.20674812461862585,False,STATEN ISLAND,"(40.6448109, -74.0959676)",trafficstat,True,False,False,True,False,False,False,False,False,,,,,,,
2026-09-03,00:00,40.635703,-74.1147116,N  BURGHER AVE,10310,120,UNKNOWN,Street,0.21485904601056593,False,STATEN ISLAND,"(40.635703, -74.1147116)",trafficstat,False,False,False,False,False,False,False,False,False,,,,,,,
2026-09-03,00:00,40.6340777,-74.1230675,TAYLOR ST,10310,120,UNKNOWN,Street,0.1814058195799217,False,STATEN ISLAND,"(40.6340777, -74.1230675)",trafficstat,True,False,False,False,False,False,False,True,False,,,,,,,
2026-09-02,00:00,40.6331723,-74.0935729,CASTLETON AVE,10301,120,UNKNOWN,Street,2.818972016407585,False,STATEN ISLAND,"(40.6331723, -74.0935729)",trafficstat,True,False,False,False,False,False,False,True,False,,,,,,,
2026-09-01,00:00,40.6094024,-74.0901073,NARROWS RD N,10304,120,UNKNOWN,Street,2.6878036304030073,False,STATEN ISLAND,"(40.6094024, -74.0901073)",trafficstat,True,False,False,False,False,False,False,True,True,,,,,,,
2026-08-30,00:00,40.612942,-74.0654418,BAY ST,10305,120,UNKNOWN,Street,38.936688930533585,False,STATEN ISLAND,"(40.612942, -74.0654418)",trafficstat,True,False,False,False,False,False,False,True,False,,,,,,,
2026-08-30,00:00,40.6133427,-74.0842992,TARGEE ST,10304,120,OTHER,Street,155.48877658540374,False,STATEN ISLAND,"(40.6133427, -74.0842992)",trafficstat,False,False,False,False,False,False,False,False,False,,,,,,,
2026-08-30,00:00,40.6242495,-74.0811153,BROAD ST,10304,120,UNKNOWN,Street,42.467426238280325,False,STATEN ISLAND,"(40.6242495, -74.0811153)",trafficstat,True,False,False,True,False,False,False,False,False,,,,,,,
2026-08-29,00:00,40.6356495,-74.0768766,VAN DUZER ST,10301,120,UNKNOWN,Street,0.6585180186622268,False,STATEN ISLAND,"(40.6356495, -74.0768766)",trafficstat,True,False,False,False,False,False,False,True,False,,,,,,,
2026-07-11,00:00,40.6356495,-74.0768766,VAN DUZER ST,10301,120,OTHER,Street,0.6585180186622268,False,STATEN ISLAND,"(40.6356495, -74.0768766)",trafficstat,False,False,False,False,False,False,False,False,False,,,,,,,
2026-08-29,00:00,40.6127258,-74.0714116,TOMPKINS AVE,10305,120,UNKNOWN,Street,1.2698798778451674,False,STATEN ISLAND,"(40.6127258, -74.0714116)",trafficstat,True,False,False,False,False,False,False,True,False,,,,,,,
2026-08-28,00:00,40.6265935,-74.0913297,EDDY ST,10301,120,OTHER,Street,53.54683968912465,False,STATEN ISLAND,"(40.6265935, -74.0913297)",trafficstat,True,False,True,False,False,False,False,False,False,,,,,,,
2026-08-28,00:00,40.6324748,-74.0969848,BRIGHTON AVE,10301,120,UNKNOWN,Street,54.60171417659497,False,STATEN ISLAND,"(40.6324748, -74.0969848)",trafficstat,False,False,False,False,False,False,False,False,False,,,,,,,
2026-08-28,00:00,40.6393314,-74.0775016,ST MARKS PL,10301,120,UNKNOWN,Street,40.318818148907674,False,STATEN ISLAND,"(40.6393314, -74.0775016)",trafficstat,False,False,False,False,False,False,False,False,False,,,,,,,
2026-08-27,00:00,40.6453401,-74.1085155,RICHMOND TER,10310,120,UNKNOWN,Street,65.82647415808222,False,STATEN ISLAND,"(40.6453401, -74.1085155)",trafficstat,True,False,False,True,False,False,False,False,False,,,,,,,
2026-08-27,00:00,40.6249356,-74.0748325,BAY ST,10304,120,UNKNOWN,Street,41.658862431875335,False,STATEN ISLAND,"(40.6249356, -74.0748325)",trafficstat,True,False,False,False,False,False,False,False,True,,,,,,,
2026-08-26,00:00,40.64447,-74.07685,RICHMOND COUNTY BALL PARK OPAS,10301,120,UNKNOWN,Driveway,3.3185279556954184,False,STATEN ISLAND,"(40.64447, -74.07685)",trafficstat,False,False,False,False,False,False,False,False,False,,,,,,,
2026-08-25,00:00,40.6377718,-74.0760143,BAY ST,10301,120,UNKNOWN,Street,0.587915174907075,False,STATEN ISLAND,"(40.6377718, -74.0760143)",trafficstat,True,False,False,False,False,False,False,True,False,,,,,,,
2026-08-25,00:00,40.6135199,-74.1253326,COALE AVE,10314,120,UNKNOWN,Street,52.75966420149561,False,STATEN ISLAND,"(40.6135199, -74.1253326)",trafficstat,False,False,False,False,False,False,False,False,False,,,,,,,
2026-08-25,00:00,40.6101723,-74.1214495,MANOR RD,10314,120,UNKNOWN,Street,0.5417442804416586,False,STATEN ISLAND,"(40.6101723, -74.1214495)",trafficstat,True,False,False,False,False,False,False,True,False,,,,,,,
2026-08-20,00:00,40.6101723,-74.1214495,MANOR RD,10314,120,UNKNOWN,Street,0.5417442804416586,False,STATEN ISLAND,"(40.6101723, -74.1214495)",trafficstat,True,False,False,False,False,False,False,True,False,,,,,,,
2026-08-24,00:00,40.6219576,-74.1243306,MANOR RD,10314,120,OTHER,Street,54.284392154686344,False,STATEN ISLAND,"(40.6219576, -74.1243306)",trafficstat,True,False,False,False,False,False,False,False,True,,,,,,,
2026-08-23,00:00,40.626663,-74.075645,BAY ST,10304,120,UNKNOWN,Street,0.758024815673855,False,STATEN ISLAND,"(40.626663, -74.075645)",trafficstat,False,False,False,False,False,False,False,False,False,,,,,,,
2026-08-23,00:00,40.6091202,-74.0750403,MARYLAND LN,10305,120,UNKNOWN,Street,49.594096154171446,False,STATEN ISLAND,"(40.6091202, -74.0750403)",trafficstat,True,False,True,False,False,False,False,False,False,,,,,,,
2026-08-23,00:00,40.6105951,-74.101542,STATEN ISLAND EXPY,10301,120,UNKNOWN,Highway,1.7973054310194454,False,STATEN ISLAND,"(40.6105951, -74.101542)",trafficstat,False,False,False,False,False,False,False,False,False,,,,,,,
2026-08-23,00:00,40.6422436,-74.0751943,BAY ST,10301,120,UNKNOWN,Street,0.1397155363284472,False,STATEN ISLAND,"(40.6422436, -74.0751943)",trafficstat,True,False,False,True,False,False,False,False,False,,,,,,,
2026-08-23,00:00,40.6217004,-74.1240245,MANOR RD,10314,120,UNKNOWN,Street,0.5528449479233216,False,STATEN ISLAND,"(40.6217004, -74.1240245)",trafficstat,True,False,False,False,False,False,False,False,True,,,,,,,
2026-08-22,00:00,40.6342236,-74.1224268,CASTLETON AVE,10310,120,UNKNOWN,Street,32.71359915646055,False,STATEN ISLAND,"(40.6342236, -74.1224268)",trafficstat,True,False,False,False,True,False,False,False,False,,,,,,,