crash_date,crash_time,latitude,longitude,on_street_name,zip_code,precinct,collision_type,roadway_type,geocode_dist_feet,time_is_known,borough,location,source,injury,fatality,injured_pedestrian,injured_cyclist,injured_ebike_rider,injured_motorcyclist,injured_moped_rider,injured_car_occupant,injured_suv_occupant,number_of_persons_injured,number_of_persons_killed,contributing_factor_vehicle_1,collision_id,cross_street_name,off_street_name,vehicle_type_code1
2026-08-22,00:00,40.6140876,-74.0661328,BAY ST,10305,120,UNKNOWN,Street,1.1132046242300162,False,STATEN ISLAND,"(40.6140876, -74.0661328)",trafficstat,False,False,False,False,False,False,False,False,False,,,,,,,
2026-06-25,00:00,40.6140876,-74.0661328,BAY ST,10305,120,UNKNOWN,Street,1.1132046242300162,False,STATEN ISLAND,"(40.6140876, -74.0661328)",trafficstat,True,False,False,False,False,False,False,False,True,,,,,,,
2026-08-22,00:00,40.6137733,-74.0708225,VIRGINIA AVE,10305,120,UNKNOWN,Street,23.635085286899542,False,STATEN ISLAND,"(40.6137733, -74.0708225)",trafficstat,False,False,False,False,False,False,False,False,False,,,,,,,
2026-08-21,00:00,40.6124195,-74.0993498,CLOVE RD,10301,120,UNKNOWN,Street,1.028889281425937,False,STATEN ISLAND,"(40.6124195, -74.0993498)",trafficstat,False,False,False,False,False,False,False,False,False,,,,,,,
2026-08-21,00:00,40.61242,-74.09935,CLOVE RD,10301,120,UNKNOWN,Street,0.9804794371876876,False,STATEN ISLAND,"(40.61242, -74.09935)",trafficstat,False,False,False,False,False,False,False,False,False,,,,,,,
2026-08-21,00:00,40.6271037,-74.1251333,MANOR RD,10310,120,UNKNOWN,Street,0.19528263307093133,False,STATEN ISLAND,"(40.6271037, -74.1251333)",trafficstat,False,False,False,False,False,False,False,False,False,,,,,,,
2026-06-17,00:00,40.6271037,-74.1251333,MANOR RD,10310,120,UNKNOWN,Street,0.19528263307093133,False,STATEN ISLAND,"(40.6271037, -74.1251333)",trafficstat,True,False,True,False,False,False,False,False,False,,,,,,,
2026-08-20,00:00,40.6305625,-74.1056888,CITY BLVD,10301,120,UNKNOWN,Street,1.6482907011361672,False,STATEN ISLAND,"(40.6305625, -74.1056888)",trafficstat,False,False,False,False,False,False,False,False,False,,,,,,,
2026-08-20,00:00,40.6464577,-74.0892961,YORK AVE,10301,120,UNKNOWN,Street,0.7305552748967166,False,STATEN ISLAND,"(40.6464577, -74.0892961)",trafficstat,True,False,False,True,False,False,False,False,False,,,,,,,
2026-08-19,00:00,40.6299079,-74.1100037,OAKLAND AVE,10310,120,UNKNOWN,Street,0.47804031664633473,False,STATEN ISLAND,"(40.6299079, -74.1100037)",trafficstat,True,False,False,False,False,False,True,False,False,,,,,,,
2026-08-19,00:00,40.6366261,-74.0735305,HANNAH ST,10301,120,UNKNOWN,Street,0.34533485640499495,False,STATEN ISLAND,"(40.6366261, -74.0735305)",trafficstat,True,False,False,False,False,False,False,True,False,,,,,,,
2026-08-19,00:00,40.635738,-74.0837332,VICTORY BLVD,10301,120,OTHER,Street,2.653400542096819,False,STATEN ISLAND,"(40.635738, -74.0837332)",trafficstat,True,False,True,False,False,False,False,False,False,,,,,,,
2026-08-19,00:00,40.613086,-74.0745923,WHITE PLAINS AVE,10305,120,UNKNOWN,Street,1.165290625669523,False,STATEN ISLAND,"(40.613086, -74.0745923)",trafficstat,False,False,False,False,False,False,False,False,False,,,,,,,
2026-08-19,00:00,40.628998,-74.0825229,ST PAULS AVE,10304,120,UNKNOWN,Street,68.61258580254434,False,STATEN ISLAND,"(40.628998, -74.0825229)",trafficstat,False,False,False,False,False,False,False,False,False,,,,,,,
2026-08-18,00:00,40.6343003,-74.1202396,CASTLETON AVE,10310,120,UNKNOWN,Street,3.065626341865617,False,STATEN ISLAND,"(40.6343003, -74.1202396)",trafficstat,False,False,False,False,False,False,False,False,False,,,,,,,
2026-08-17,00:00,40.6308856,-74.130476,JEWETT AVE,10302,120,OTHER,Street,0.8868518703239732,False,STATEN ISLAND,"(40.6308856, -74.130476)",trafficstat,True,False,True,False,False,False,False,False,False,,,,,,,
2026-08-08,00:00,40.6308856,-74.130476,JEWETT AVE,10302,120,OTHER,Street,0.8868518703239732,False,STATEN ISLAND,"(40.6308856, -74.130476)",trafficstat,False,False,False,False,False,False,False,False,False,,,,,,,
2026-08-17,00:00,40.6273505,-74.0829878,VAN DUZER ST,10304,120,OTHER,Street,2.6133492609954305,False,STATEN ISLAND,"(40.6273505, -74.0829878)",trafficstat,False,False,False,False,False,False,False,False,False,,,,,,,
2026-08-17,00:00,40.6135001,-74.0869289,ELLINGTON ST,10304,120,UNKNOWN,Street,2.204666124961264,False,STATEN ISLAND,"(40.6135001, -74.0869289)",trafficstat,True,False,True,False,False,False,False,False,False,,,,,,,
2026-08-16,00:00,40.6130778,-74.1225569,MANOR RD,10314,120,UNKNOWN,Street,0.1459936120641161,False,STATEN ISLAND,"(40.6130778, -74.1225569)",trafficstat,False,False,False,False,False,False,False,False,False,,,,,,,
2026-08-16,00:00,40.6303549,-74.1068863,FOREST AVE,10310,120,UNKNOWN,Street,43.78888409793252,False,STATEN ISLAND,"(40.6303549, -74.1068863)",trafficstat,False,False,False,False,False,False,False,False,False,,,,,,,
2026-08-16,00:00,40.6282463,-74.1262885,DELAFIELD AVE,10310,120,UNKNOWN,Street,41.69725727836661,False,STATEN ISLAND,"(40.6282463, -74.1262885)",trafficstat,False,False,False,False,False,False,False,False,False,,,,,,,
2026-08-15,00:00,40.6286413,-74.1246534,RAYMOND PL,10310,120,UNKNOWN,Street,0.054578511949121875,False,STATEN ISLAND,"(40.6286413, -74.1246534)",trafficstat,True,False,False,False,False,False,False,True,False,,,,,,,
2026-08-15,00:00,40.63636,-74.0851355,CASTLETON AVE,10301,120,OTHER,Street,1.3753262486131939,False,STATEN ISLAND,"(40.63636, -74.0851355)",trafficstat,True,False,False,False,False,False,False,False,False,,,,,,,
2026-08-15,00:00,40.6094738,-74.0865275,PIERCE ST,10304,120,UNKNOWN,Street,2.4216685697744396,False,STATEN ISLAND,"(40.6094738, -74.0865275)",trafficstat,False,False,False,False,False,False,False,False,False,,,,,,,
2026-08-14,00:00,40.6105902,-74.0705937,TOMPKINS AVE,10305,120,UNKNOWN,Street,48.76378425490663,False,STATEN ISLAND,"(40.6105902, -74.0705937)",trafficstat,False,False,False,False,False,False,False,False,False,,,,,,,
2026-08-14,00:00,40.6278215,-74.1212583,CLOVE RD,10310,120,UNKNOWN,Street,1.8801621647095283,False,STATEN ISLAND,"(40.6278215, -74.1212583)",trafficstat,False,False,False,False,False,False,False,False,False,,,,,,,
2026-08-14,00:00,40.6201606,-74.076956,TOMPKINS AVE,10304,120,UNKNOWN,Street,1.389459465071681,False,STATEN ISLAND,"(40.6201606, -74.076956)",trafficstat,True,False,False,False,False,False,False,True,False,,,,,,,
2026-08-13,00:00,40.62186,-74.0720626,BAY ST,10304,120,UNKNOWN,Street,0.8344924528835562,False,STATEN ISLAND,"(40.62186, -74.0720626)",trafficstat,True,False,False,False,False,False,False,False,True,,,,,,,
2026-08-12,00:00,40.6304653,-74.1069063,FOREST AVE,10310,120,OTHER,Street,3.3617349554722056,False,STATEN ISLAND,"(40.6304653, -74.1069063)",trafficstat,True,False,False,True,False,False,False,False,False,,,,,,,
2026-08-12,00:00,40.6148547,-74.1079475,RENWICK AVE,10301,120,UNKNOWN,Street,0.5747351468067871,False,STATEN ISLAND,"(40.6148547, -74.1079475)",trafficstat,True,False,False,False,False,False,False,False,True,,,,,,,
2026-08-12,00:00,40.6191679,-74.085261,OSGOOD AVE,10304,120,UNKNOWN,Street,44.454394653530706,False,STATEN ISLAND,"(40.6191679, -74.085261)",trafficstat,False,False,False,False,False,False,False,False,False,,,,,,,
2026-08-11,00:00,40.6185182,-74.0860926,VAN DUZER ST,10304,120,UNKNOWN,Street,0.9444436295064378,False,STATEN ISLAND,"(40.6185182, -74.0860926)",trafficstat,False,False,False,False,False,False,False,False,False,,,,,,,
2026-07-07,00:00,40.6185182,-74.0860926,VAN DUZER ST,10304,120,UNKNOWN,Street,0.9444436295064378,False,STATEN ISLAND,"(40.6185182, -74.0860926)",trafficstat,False,False,False,False,False,False,False,False,False,,,,,,,
2026-08-11,00:00,40.6309865,-74.1166532,BROADWAY,10310,120,UNKNOWN,Street,30.075819432914727,False,STATEN ISLAND,"(40.6309865, -74.1166532)",trafficstat,False,False,False,False,False,False,False,False,False,,,,,,,
2026-08-11,00:00,40.6321799,-74.1196308,CARY AVE,10310,120,UNKNOWN,Street,59.25445700788515,False,STATEN ISLAND,"(40.6321799, -74.1196308)",trafficstat,False,False,False,False,False,False,False,False,False,,,,,,,
2026-08-10,00:00,40.6331308,-74.0753497,BAY ST,10301,120,UNKNOWN,Street,1.1278813157414256,False,STATEN ISLAND,"(40.6331308, -74.0753497)",trafficstat,True,False,False,False,False,False,False,True,False,,,,,,,
2026-08-10,00:00,40.6302627,-74.1297367,JEWETT AVE,10302,120,UNKNOWN,Street,136.6563427704509,False,STATEN ISLAND,"(40.6302627, -74.1297367)",trafficstat,False,False,False,False,False,False,False,False,False,,,,,,,
2026-08-09,00:00,40.6118285,-74.0832812,PARK HILL AVE,10304,120,UNKNOWN,Street,54.3772418902396,False,STATEN ISLAND,"(40.6118285, -74.0832812)",trafficstat,False,False,False,False,False,False,False,False,False,,,,,,,
2026-08-09,00:00,40.6106231,-74.0977696,CLOVE RD,10304,120,OTHER,Street,1.5377571872657778,False,STATEN ISLAND,"(40.6106231, -74.0977696)",trafficstat,True,False,False,False,False,False,False,False,False,,,,,,,
2026-08-09,00:00,40.6339483,-74.1234998,CASTLETON AVE,10310,120,OTHER,Street,37.71332846414772,False,STATEN ISLAND,"(40.6339483, -74.1234998)",trafficstat,True,False,True,False,False,False,False,False,False,,,,,,,
2026-08-08,00:00,40.6242661,-74.115849,CLOVE RD,10310,120,UNKNOWN,Street,59.30590230815399,False,STATEN ISLAND,"(40.6242661, -74.115849)",trafficstat,False,False,False,False,False,False,False,False,False,,,,,,,
2026-08-08,00:00,40.6135223,-74.1152793,VICTORY BLVD,10314,120,UNKNOWN,Street,49.316982448966016,False,STATEN ISLAND,"(40.6135223, -74.1152793)",trafficstat,False,False,False,False,False,False,False,False,False,,,,,,,
2026-08-08,00:00,40.6278493,-74.1285175,DUBOIS AVE,10310,120,UNKNOWN,Street,0.3407388639334879,False,STATEN ISLAND,"(40.6278493, -74.1285175)",trafficstat,False,False,False,False,False,False,False,False,False,,,,,,,
2026-08-07,00:00,40.6139851,-74.1012755,CLOVE RD,10301,120,OTHER,Street,1.8634363166087196,False,STATEN ISLAND,"(40.6139851, -74.1012755)",trafficstat,True,False,False,False,False,False,False,True,True,,,,,,,
2026-08-07,00:00,40.615967,-74.10456,SENECA AVE,10301,120,UNKNOWN,Street,0.6865292237207453,False,STATEN ISLAND,"(40.615967, -74.10456)",trafficstat,True,False,False,False,False,False,False,False,True,,,,,,,
2026-08-06,00:00,40.636845,-74.08871,BRIGHTON AVE,10301,120,UNKNOWN,Street,0.6861096119221853,False,STATEN ISLAND,"(40.636845, -74.08871)",trafficstat,True,False,False,False,False,False,False,False,False,,,,,,,
2026-08-06,00:00,40.6375302,-74.1127943,BEMENT AVE,10310,120,UNKNOWN,Street,0.21620448785383542,False,STATEN ISLAND,"(40.6375302, -74.1127943)",trafficstat,True,False,False,False,False,True,False,False,False,,,,,,,
2026-08-06,00:00,40.6334564,-74.1175605,GIACOMO LN,10310,120,UNKNOWN,Street,59.470991683085394,False,STATEN ISLAND,"(40.6334564, -74.1175605)",trafficstat,False,False,False,False,False,False,False,False,False,,,,,,,
2026-08-04,00:00,40.6324586,-74.119658,CARY AVE,10310,120,OTHER,Street,42.22956616922284,False,STATEN ISLAND,"(40.6324586, -74.119658)",trafficstat,True,False,False,False,False,False,False,True,False,,,,,,,
2026-08-04,00:00,40.6096959,-74.0902177,NARROWS RD N,10304,120,UNKNOWN,Street,78.54886969104143,False,STATEN ISLAND,"(40.6096959, -74.0902177)",trafficstat,False,False,False,False,False,False,False,False,False,,,,,,,
2026-08-04,00:00,40.6174226,-74.0748781,TOMPKINS AVE,10305,120,UNKNOWN,Bridge,0.8760073314356984,False,STATEN ISLAND,"(40.6174226, -74.0748781)",trafficstat,True,False,False,True,False,False,False,False,True,,,,,,,
2026-08-03,00:00,40.6163557,-74.0948955,HOWARD AVE,10301,120,OTHER,Street,23.704777388423377,False,STATEN ISLAND,"(40.6163557, -74.0948955)",trafficstat,False,False,False,False,False,False,False,False,False,,,,,,,
2026-08-03,00:00,40.6110237,-74.0942433,NARROWS RD N,10304,120,UNKNOWN,Street,76.17054369810961,False,STATEN ISLAND,"(40.6110237, -74.0942433)",trafficstat,False,False,False,False,False,False,False,False,False,,,,,,,
2026-07-03,00:00,40.6110237,-74.0942433,NARROWS RD N,10304,120,UNKNOWN,Street,76.17054369810961,False,STATEN ISLAND,"(40.6110237, -74.0942433)",trafficstat,False,False,False,False,False,False,False,False,False,,,,,,,
2026-08-03,00:00,40.640569,-74.1179917,BROADWAY,10310,120,UNKNOWN,Street,0.3356584816541151,False,STATEN ISLAND,"(40.640569, -74.1179917)",trafficstat,False,False,False,False,False,False,False,False,False,,,,,,,
2026-08-02,00:00,40.6275055,-74.1230004,FOREST AVE,10310,120,UNKNOWN,Street,45.717561595729535,False,STATEN ISLAND,"(40.6275055, -74.1230004)",trafficstat,False,False,False,False,False,False,False,False,False,,,,,,,
2026-08-02,00:00,40.6269313,-74.0779005,CANAL ST,10304,120,UNKNOWN,Street,0.3194032839640605,False,STATEN ISLAND,"(40.6269313, -74.0779005)",trafficstat,False,False,False,False,False,False,False,False,False,,,,,,,
2026-08-01,00:00,40.6115154,-74.0711906,TOMPKINS AVE,10305,120,UNKNOWN,Street,1.6601602005648517,False,STATEN ISLAND,"(40.6115154, -74.0711906)",trafficstat,False,False,False,False,False,False,False,False,False,,,,,,,
2026-08-01,00:00,40.6145925,-74.0845718,TARGEE ST,10304,120,UNKNOWN,Street,41.198541129808795,False,STATEN ISLAND,"(40.6145925, -74.0845718)",trafficstat,False,False,False,False,False,False,False,False,False,,,,,,,
2026-08-01,00:00,40.6142255,-74.0736725,SHAUGHNESSY LN,10305,120,UNKNOWN,Street,27.126239242290158,False,STATEN ISLAND,"(40.6142255, -74.0736725)",trafficstat,False,False,False,False,False,False,False,False,False,,,,,,,
2026-08-01,00:00,40.6365726,-74.1206292,ALASKA ST,10310,120,UNKNOWN,Street,0.09465522852723081,False,STATEN ISLAND,"(40.6365726, -74.1206292)",trafficstat,False,False,False,False,False,False,False,False,False,,,,,,,
2026-07-31,00:00,40.6326761,-74.1168356,BROADWAY,10310,120,UNKNOWN,Street,0.19442633039411844,False,STATEN ISLAND,"(40.6326761, -74.1168356)",trafficstat,False,False,False,False,False,False,False,False,False,,,,,,,
2026-07-31,00:00,40.6154635,-74.0694623,ANDERSON ST,10305,120,UNKNOWN,Street,0.489379784129839,False,STATEN ISLAND,"(40.6154635, -74.0694623)",trafficstat,True,False,False,False,False,False,False,True,False,,,,,,,
2026-07-30,00:00,40.6210121,-74.1110119,CLOVE WAY,10301,120,UNKNOWN,Street,38.61472040901761,False,STATEN ISLAND,"(40.6210121, -74.1110119)",trafficstat,False,False,False,False,False,False,False,False,False,,,,,,,
2026-07-30,00:00,40.6437801,-74.0828504,CRESCENT AVE,10301,120,UNKNOWN,Street,47.24110997645845,False,STATEN ISLAND,"(40.6437801, -74.0828504)",trafficstat,False,False,False,False,False,False,False,False,False,,,,,,,
2026-07-29,00:00,40.6341945,-74.0873842,CASTLETON AVE,10301,120,UNKNOWN,Street,64.26578687534821,False,STATEN ISLAND,"(40.6341945, -74.0873842)",trafficstat,False,False,False,False,False,False,False,False,False,,,,,,,
2026-07-29,00:00,40.6281601,-74.1208752,FOREST AVE,10310,120,UNKNOWN,Street,57.76432754968647,False,STATEN ISLAND,"(40.6281601, -74.1208752)",trafficstat,False,False,False,False,False,False,False,False,False,,,,,,,
2026-07-28,00:00,40.6274645,-74.1233569,FOREST AVE,10310,120,UNKNOWN,Street,47.3415013301971,False,STATEN ISLAND,"(40.6274645, -74.1233569)",trafficstat,True,False,True,False,False,False,False,False,False,,,,,,,
2026-07-28,00:00,40.6151862,-74.1025668,CLOVE RD,10301,120,UNKNOWN,Street,1.2029259301965913,False,STATEN ISLAND,"(40.6151862, -74.1025668)",trafficstat,True,False,False,False,False,False,False,True,False,,,,,,,
2026-07-27,00:00,40.6295184,-74.1091921,PELTON AVE,10310,120,UNKNOWN,Street,48.407879120763056,False,STATEN ISLAND,"(40.6295184, -74.1091921)",trafficstat,False,False,False,False,False,False,False,False,False,,,,,,,
2026-07-27,00:00,40.6372109,-74.1268889,CLOVE RD,10310,120,UNKNOWN,Street,0.26836379169682884,False,STATEN ISLAND,"(40.6372109, -74.1268889)",trafficstat,False,False,False,False,False,False,False,False,False,,,,,,,
2026-07-27,00:00,40.6425652,-74.0920616,FRANKLIN AVE,10301,120,UNKNOWN,Street,21.270192666786233,False,STATEN ISLAND,"(40.6425652, -74.0920616)",trafficstat,True,False,False,False,False,False,False,True,False,,,,,,,
2026-07-26,00:00,40.6414285,-74.0767651,CENTRAL AVE,10301,120,UNKNOWN,Street,40.21368950758709,False,STATEN ISLAND,"(40.6414285, -74.0767651)",trafficstat,False,False,False,False,False,False,False,False,False,,,,,,,
2026-07-25,00:00,40.6339552,-74.0857486,VICTORY BLVD,10301,120,OTHER,Street,2.118072857767453,False,STATEN ISLAND,"(40.6339552, -74.0857486)",trafficstat,False,False,False,False,False,False,False,False,False,,,,,,,
2026-07-25,00:00,40.6103013,-74.0633378,BAY ST,10305,120,UNKNOWN,Street,1.4452236491101909,False,STATEN ISLAND,"(40.6103013, -74.0633378)",trafficstat,True,False,True,False,False,False,False,False,False,,,,,,,
2026-07-24,00:00,40.6181865,-74.0691482,BAY ST,10305,120,UNKNOWN,Street,1.248956002530875,False,STATEN ISLAND,"(40.6181865, -74.0691482)",trafficstat,True,False,False,True,False,False,False,False,False,,,,,,,
2026-07-24,00:00,40.6170101,-74.0717944,LYNHURST AVE,10305,120,OTHER,Street,2.3418720354230578,False,STATEN ISLAND,"(40.6170101, -74.0717944)",trafficstat,False,False,False,False,False,False,False,False,False,,,,,,,
2026-07-24,00:00,40.6353518,-74.1163901,MARKET ST,10310,120,OTHER,Street,60.94519059606508,False,STATEN ISLAND,"(40.6353518, -74.1163901)",trafficstat,False,False,False,False,False,False,False,False,False,,,,,,,
2026-07-24,00:00,40.6450655,-74.0909155,VAN BUREN ST,10301,120,UNKNOWN,Street,45.58436442561916,False,STATEN ISLAND,"(40.6450655, -74.0909155)",trafficstat,False,False,False,False,False,False,False,False,False,,,,,,,
2026-07-23,00:00,40.616415,-74.1035088,CLOVE RD,10301,120,UNKNOWN,Street,1.2713989023046572,False,STATEN ISLAND,"(40.616415, -74.1035088)",trafficstat,False,False,False,False,False,False,False,False,False,,,,,,,
2026-07-15,00:00,40.616415,-74.1035088,CLOVE RD,10301,120,UNKNOWN,Street,1.2713989023046572,False,STATEN ISLAND,"(40.616415, -74.1035088)",trafficstat,False,False,False,False,False,False,False,False,False,,,,,,,
2026-06-19,00:00,40.616415,-74.1035088,CLOVE RD,10301,120,UNKNOWN,Street,1.2713989023046572,False,STATEN ISLAND,"(40.616415, -74.1035088)",trafficstat,True,False,False,False,False,False,False,True,True,,,,,,,
2026-07-23,00:00,40.6160667,-74.1031561,CLOVE RD,10301,120,UNKNOWN,Street,19.761557554926227,False,STATEN ISLAND,"(40.6160667, -74.1031561)",trafficstat,True,False,False,False,False,False,False,False,True,,,,,,,
2026-07-22,00:00,40.6384491,-74.1174626,BROADWAY,10310,120,UNKNOWN,Street,58.05772668332024,False,STATEN ISLAND,"(40.6384491, -74.1174626)",trafficstat,False,False,False,False,False,False,False,False,False,,,,,,,
2026-07-22,00:00,40.6375435,-74.1239619,RICHMOND TER,10310,120,UNKNOWN,Street,59.9976218944686,False,STATEN ISLAND,"(40.6375435, -74.1239619)",trafficstat,False,False,False,False,False,False,False,False,False,,,,,,,
2026-07-22,00:00,40.6396523,-74.0755048,BAY ST,10301,120,UNKNOWN,Street,0.6711667295991449,False,STATEN ISLAND,"(40.6396523, -74.0755048)",trafficstat,False,False,False,False,False,False,False,False,False,,,,,,,
2026-07-22,00:00,40.6327716,-74.090038,CASTLETON AVE,10301,120,UNKNOWN,Street,2.2847136598167284,False,STATEN ISLAND,"(40.6327716, -74.090038)",trafficstat,True,False,False,True,False,False,False,False,False,,,,,,,
2026-07-21,00:00,40.6290545,-74.1176058,FOREST AVE,10310,120,UNKNOWN,Street,43.44409770895138,False,STATEN ISLAND,"(40.6290545, -74.1176058)",trafficstat,True,False,False,False,False,False,False,True,False,,,,,,,
2026-07-21,00:00,40.6302912,-74.0889034,VICTORY BLVD,10301,120,OTHER,Street,2.9302235749674543,False,STATEN ISLAND,"(40.6302912, -74.0889034)",trafficstat,True,False,False,False,False,False,False,True,False,,,,,,,
2026-07-20,00:00,40.6371921,-74.0767876,BAY ST,10301,120,UNKNOWN,Street,44.95436466394209,False,STATEN ISLAND,"(40.6371921, -74.0767876)",trafficstat,False,False,False,False,False,False,False,False,False,,,,,,,
2026-07-20,00:00,40.6447928,-74.0802816,ST MARKS PL,10301,120,OTHER,Street,1.2177154718018903,False,STATEN ISLAND,"(40.6447928, -74.0802816)",trafficstat,True,False,True,False,False,False,False,False,False,,,,,,,
2026-07-20,00:00,40.6055479,-74.0650035,SCHOOL RD,10305,120,UNKNOWN,Street,71.14220332186848,False,STATEN ISLAND,"(40.6055479, -74.0650035)",trafficstat,True,False,False,False,False,False,False,True,False,,,,,,,
2026-07-20,00:00,40.6291341,-74.1278745,MARION ST,10310,120,UNKNOWN,Street,51.84077582708447,False,STATEN ISLAND,"(40.6291341, -74.1278745)",trafficstat,False,False,False,False,False,False,False,False,False,,,,,,,
2026-07-19,00:00,40.626568,-74.0757452,CANAL ST,10304,120,OTHER,Street,34.827037393888034,False,STATEN ISLAND,"(40.626568, -74.0757452)",trafficstat,False,False,False,False,False,False,False,False,False,,,,,,,
2026-07-16,00:00,40.6188163,-74.0921904,HOWARD AVE,10301,120,UNKNOWN,Street,54.82052113506651,False,STATEN ISLAND,"(40.6188163, -74.0921904)",trafficstat,False,False,False,False,False,False,False,False,False,,,,,,,
2026-07-15,00:00,40.6101475,-74.0837202,HANOVER AVE,10304,120,UNKNOWN,Street,29.363595948907026,False,STATEN ISLAND,"(40.6101475, -74.0837202)",trafficstat,False,False,False,False,False,False,False,False,False,,,,,,,
2026-07-15,00:00,40.6405665,-74.0811022,SHERMAN AVE,10301,120,UNKNOWN,Street,43.58814173773742,False,STATEN ISLAND,"(40.6405665, -74.0811022)",trafficstat,False,False,False,False,False,False,False,False,False,,,,,,,
2026-07-14,00:00,40.6466638,-74.0889324,JERSEY ST,10301,120,UNKNOWN,Street,1.4344377753465483,False,STATEN ISLAND,"(40.6466638, -74.0889324)",trafficstat,True,False,False,True,False,False,False,False,False,,,,,,,
2026-07-14,00:00,40.6396138,-74.0799325,DANIEL LOW TER,10301,120,UNKNOWN,Street,35.10462736230661,False,STATEN ISLAND,"(40.6396138, -74.0799325)",trafficstat,False,False,False,False,False,False,False,False,False,,,,,,,
2026-07-14,00:00,40.6396878,-74.1209698,RICHMOND TER,10310,120,UNKNOWN,Street,74.20016175766459,False,STATEN ISLAND,"(40.6396878, -74.1209698)",trafficstat,False,False,False,False,False,False,False,False,False,,,,,,,
2026-07-13,00:00,40.6131372,-74.0945172,CAMPUS RD,10301,120,UNKNOWN,Street,55.34494540749313,False,STATEN ISLAND,"(40.6131372, -74.0945172)",trafficstat,False,False,False,False,False,False,False,False,False,,,,,,,
2026-07-13,00:00,40.6271659,-74.075941,BAY ST,10304,120,UNKNOWN,Street,0.413128315119328,False,STATEN ISLAND,"(40.6271659, -74.075941)",trafficstat,True,False,True,False,False,False,False,False,False,,,,,,,
2026-07-12,00:00,40.63073,-74.1034275,FOREST AVE,10301,120,UNKNOWN,Street,41.255566330439414,False,STATEN ISLAND,"(40.63073, -74.1034275)",trafficstat,False,False,False,False,False,False,False,False,False,,,,,,,
2026-07-11,00:00,40.6120795,-74.0852631,TARGEE ST,10304,120,UNKNOWN,Street,1.0165410015634961,False,STATEN ISLAND,"(40.6120795, -74.0852631)",trafficstat,False,False,False,False,False,False,False,False,False,,,,,,,
2026-07-11,00:00,40.6348132,-74.0935591,BRIGHTON AVE,10301,120,UNKNOWN,Street,50.182636091335795,False,STATEN ISLAND,"(40.6348132, -74.0935591)",trafficstat,True,False,False,False,False,False,False,True,False,,,,,,,
2026-07-10,00:00,40.6445789,-74.097523,RICHMOND TER,10301,120,UNKNOWN,Street,39.48489275116679,False,STATEN ISLAND,"(40.6445789, -74.097523)",trafficstat,False,False,False,False,False,False,False,False,False,,,,,,,
2026-07-10,00:00,40.614075,-74.09753,HOWARD AVE,10301,120,UNKNOWN,Street,0.6947712040447696,False,STATEN ISLAND,"(40.614075, -74.09753)",trafficstat,False,False,False,False,False,False,False,False,False,,,,,,,
2026-07-10,00:00,40.6268185,-74.0741286,FRONT ST,10304,120,OTHER,Street,0.37615765223702907,False,STATEN ISLAND,"(40.6268185, -74.0741286)",trafficstat,False,False,False,False,False,False,False,False,False,,,,,,,
2026-07-09,00:00,40.624973,-74.08351,TARGEE ST,10304,120,UNKNOWN,Street,1.351143609850725,False,STATEN ISLAND,"(40.624973, -74.08351)",trafficstat,False,False,False,False,False,False,False,False,False,,,,,,,
2026-07-08,00:00,40.6320382,-74.0829067,CEBRA AVE,10304,120,UNKNOWN,Street,59.824703437653326,False,STATEN ISLAND,"(40.6320382, -74.0829067)",trafficstat,True,False,False,False,False,False,False,False,True,,,,,,,
2026-07-07,00:00,40.6209706,-74.1237349,MANOR RD,10314,120,UNKNOWN,Street,0.03172271282947402,False,STATEN ISLAND,"(40.6209706, -74.1237349)",trafficstat,False,False,False,False,False,False,False,False,False,,,,,,,
2026-07-07,00:00,40.6137825,-74.1212781,WINTHROP PL,10314,120,UNKNOWN,Street,56.70240848417561,False,STATEN ISLAND,"(40.6137825, -74.1212781)",trafficstat,False,False,False,False,False,False,False,False,False,,,,,,,
2026-07-06,00:00,40.6133077,-74.0872096,RICHMOND RD,10304,120,UNKNOWN,Street,1.7148783714518698,False,STATEN ISLAND,"(40.6133077, -74.0872096)",trafficstat,False,False,False,False,False,False,False,False,False,,,,,,,
2026-07-06,00:00,40.6470765,-74.0823918,CARROLL PL,10301,120,UNKNOWN,Street,52.43534998608885,False,STATEN ISLAND,"(40.6470765, -74.0823918)",trafficstat,False,False,False,False,False,False,False,False,False,,,,,,,
2026-07-05,00:00,40.6347778,-74.0857974,CASTLETON AVE,10301,120,OTHER,Street,159.0742467939436,False,STATEN ISLAND,"(40.6347778, -74.0857974)",trafficstat,False,False,False,False,False,False,False,False,False,,,,,,,
2026-07-05,00:00,40.62882,-74.1163587,FOREST AVE,10310,120,UNKNOWN,Street,46.533586016752864,False,STATEN ISLAND,"(40.62882, -74.1163587)",trafficstat,True,False,False,True,False,False,False,False,False,,,,,,,
2026-07-04,00:00,40.6323285,-74.0759341,BAY ST,10301,120,UNKNOWN,Street,40.86103031325462,False,STATEN ISLAND,"(40.6323285, -74.0759341)",trafficstat,False,False,False,False,False,False,False,False,False,,,,,,,
2026-07-04,00:00,40.627342,-74.08099,COURT ST,10304,120,UNKNOWN,Street,0.7604247208570061,False,STATEN ISLAND,"(40.627342, -74.08099)",trafficstat,False,False,False,False,False,False,False,False,False,,,,,,,