crash_date,crash_time,latitude,longitude,on_street_name,zip_code,precinct,collision_type,roadway_type,geocode_dist_feet,time_is_known,borough,location,source,injury,fatality,injured_pedestrian,injured_cyclist,injured_ebike_rider,injured_motorcyclist,injured_moped_rider,injured_car_occupant,injured_suv_occupant,number_of_persons_injured,number_of_persons_killed,contributing_factor_vehicle_1,collision_id,cross_street_name,off_street_name,vehicle_type_code1
2026-07-03,00:00,40.6294856,-74.1116413,FOREST AVE,10310,120,OTHER,Street,45.858758007125225,False,STATEN ISLAND,"(40.6294856, -74.1116413)",trafficstat,False,False,False,False,False,False,False,False,False,,,,,,,
2026-07-03,00:00,40.63432,-74.1186761,CASTLETON AVE,10310,120,UNKNOWN,Street,42.892052728754166,False,STATEN ISLAND,"(40.63432, -74.1186761)",trafficstat,False,False,False,False,False,False,False,False,False,,,,,,,
2026-07-02,00:00,40.6339889,-74.125509,CASTLETON AVE,10310,120,UNKNOWN,Street,32.128201597737245,False,STATEN ISLAND,"(40.6339889, -74.125509)",trafficstat,False,False,False,False,False,False,False,False,False,,,,,,,
2026-07-02,00:00,40.64649,-74.0865358,WESTERVELT AVE,10301,120,UNKNOWN,Street,0.9685847713276482,False,STATEN ISLAND,"(40.64649, -74.0865358)",trafficstat,False,False,False,False,False,False,False,False,False,,,,,,,
2026-07-02,00:00,40.6374277,-74.1137381,ELM ST,10310,120,OTHER,Street,0.6690933624082976,False,STATEN ISLAND,"(40.6374277, -74.1137381)",trafficstat,True,False,False,False,False,False,False,False,True,,,,,,,
2026-07-02,00:00,40.6308919,-74.0820158,CEBRA AVE,10304,120,UNKNOWN,Street,1.7761226191512383,False,STATEN ISLAND,"(40.6308919, -74.0820158)",trafficstat,False,False,False,False,False,False,False,False,False,,,,,,,
2026-07-02,00:00,40.6240617,-74.0838973,TARGEE ST,10304,120,UNKNOWN,Street,59.696429479699226,False,STATEN ISLAND,"(40.6240617, -74.0838973)",trafficstat,False,False,False,False,False,False,False,False,False,,,,,,,
2026-07-01,00:00,40.6140392,-74.0659196,BAY ST,10305,120,UNKNOWN,Street,41.780110852711545,False,STATEN ISLAND,"(40.6140392, -74.0659196)",trafficstat,True,False,False,True,False,False,False,False,False,,,,,,,
2026-07-01,00:00,40.6097679,-74.0696797,TOMPKINS AVE,10305,120,UNKNOWN,Street,1.2990319855025385,False,STATEN ISLAND,"(40.6097679, -74.0696797)",trafficstat,False,False,False,False,False,False,False,False,False,,,,,,,
2026-06-29,00:00,40.645129,-74.1087172,BARD AVE,10310,120,UNKNOWN,Street,0.4825991284545126,False,STATEN ISLAND,"(40.645129, -74.1087172)",trafficstat,True,False,False,False,False,False,False,True,False,,,,,,,
2026-06-27,00:00,40.6358307,-74.0852784,CASTLETON AVE,10301,120,UNKNOWN,Street,51.274991310297146,False,STATEN ISLAND,"(40.6358307, -74.0852784)",trafficstat,False,False,False,False,False,False,False,False,False,,,,,,,
2026-06-26,00:00,40.6174368,-74.1021763,VICTORY BLVD,10301,120,UNKNOWN,Street,53.63214555916861,False,STATEN ISLAND,"(40.6174368, -74.1021763)",trafficstat,True,False,False,False,False,False,False,True,False,,,,,,,
2026-06-26,00:00,40.6290892,-74.1173757,FOREST AVE,10310,120,OTHER,Street,55.24517631111395,False,STATEN ISLAND,"(40.6290892, -74.1173757)",trafficstat,False,False,False,False,False,False,False,False,False,,,,,,,
2026-06-25,00:00,40.6366703,-74.0860718,STANLEY AVE,10301,120,UNKNOWN,Street,31.44400354375514,False,STATEN ISLAND,"(40.6366703, -74.0860718)",trafficstat,False,False,False,False,False,False,False,False,False,,,,,,,
2026-06-24,00:00,40.6338217,-74.0856543,CEBRA AVE,10304,120,UNKNOWN,Street,35.76866039419897,False,STATEN ISLAND,"(40.6338217, -74.0856543)",trafficstat,False,False,False,False,False,False,False,False,False,,,,,,,
2026-06-24,00:00,40.6347475,-74.1122527,BEMENT AVE,10310,120,UNKNOWN,Street,0.35125288390997045,False,STATEN ISLAND,"(40.6347475, -74.1122527)",trafficstat,True,False,False,False,False,False,False,False,False,,,,,,,
2026-06-24,00:00,40.6235875,-74.0827705,GORDON ST,10304,120,UNKNOWN,Street,1.229186165704036,False,STATEN ISLAND,"(40.6235875, -74.0827705)",trafficstat,False,False,False,False,False,False,False,False,False,,,,,,,
2026-06-24,00:00,40.6121239,-74.1154538,WINDSOR RD,10314,120,UNKNOWN,Street,57.552383063932496,False,STATEN ISLAND,"(40.6121239, -74.1154538)",trafficstat,True,False,False,False,False,False,False,False,False,,,,,,,
2026-06-23,00:00,40.6296844,-74.1112247,BEMENT AVE,10310,120,UNKNOWN,Street,0.45079386811332745,False,STATEN ISLAND,"(40.6296844, -74.1112247)",trafficstat,True,False,True,False,False,False,False,False,False,,,,,,,
2026-06-22,00:00,40.6113526,-74.0984694,CLOVE RD,10301,120,UNKNOWN,Street,1.4419940493364503,False,STATEN ISLAND,"(40.6113526, -74.0984694)",trafficstat,False,False,False,False,False,False,False,False,False,,,,,,,
2026-06-17,00:00,40.6113526,-74.0984694,CLOVE RD,10301,120,UNKNOWN,Street,1.4419940493364503,False,STATEN ISLAND,"(40.6113526, -74.0984694)",trafficstat,False,False,False,False,False,False,False,False,False,,,,,,,
2026-06-22,00:00,40.627744,-74.077516,BEACH ST,10304,120,OTHER,Street,1.7158119205087246,False,STATEN ISLAND,"(40.627744, -74.077516)",trafficstat,False,False,False,False,False,False,False,False,False,,,,,,,
2026-06-21,00:00,40.6179709,-74.1055396,CLOVE RD,10301,120,UNKNOWN,Street,146.15908786994058,False,STATEN ISLAND,"(40.6179709, -74.1055396)",trafficstat,False,False,False,False,False,False,False,False,False,,,,,,,
2026-06-21,00:00,40.6260054,-74.0752444,BAY ST,10304,120,OTHER,Street,0.9997592576506833,False,STATEN ISLAND,"(40.6260054, -74.0752444)",trafficstat,False,False,False,False,False,False,False,False,False,,,,,,,
2026-06-21,00:00,40.6140762,-74.0975262,HOWARD AVE,10301,120,UNKNOWN,Street,1.4378519735052935,False,STATEN ISLAND,"(40.6140762, -74.0975262)",trafficstat,True,False,False,False,False,False,False,True,False,,,,,,,
2026-06-21,00:00,40.6305527,-74.1289086,DUBOIS AVE,10310,120,UNKNOWN,Street,54.33279699129212,False,STATEN ISLAND,"(40.6305527, -74.1289086)",trafficstat,False,False,False,False,False,False,False,False,False,,,,,,,
2026-06-21,00:00,40.6391999,-74.1222498,RICHMOND TER,10310,120,OTHER,Street,97.6451288926974,False,STATEN ISLAND,"(40.6391999, -74.1222498)",trafficstat,True,False,False,False,False,False,False,True,False,,,,,,,
2026-06-21,00:00,40.6453002,-74.1046527,SNUG HARBOR RD,10310,120,OTHER,Street,1.1412093949563404,False,STATEN ISLAND,"(40.6453002, -74.1046527)",trafficstat,True,False,False,False,False,False,False,True,False,,,,,,,
2026-06-21,00:00,40.6411794,-74.1124465,HOWARD CT,10310,120,UNKNOWN,Street,48.989800754859125,False,STATEN ISLAND,"(40.6411794, -74.1124465)",trafficstat,True,False,False,False,False,False,False,True,False,,,,,,,
2026-06-21,00:00,40.6384297,-74.0866143,WINTER AVE,10301,120,UNKNOWN,Street,56.27354727681809,False,STATEN ISLAND,"(40.6384297, -74.0866143)",trafficstat,True,False,True,False,False,False,False,False,False,,,,,,,
2026-06-20,00:00,40.6377821,-74.0769403,BAY ST,10301,120,UNKNOWN,Street,1.4810399802166,False,STATEN ISLAND,"(40.6377821, -74.0769403)",trafficstat,True,False,False,False,False,False,False,True,False,,,,,,,
2026-06-20,00:00,40.637155,-74.0865454,JERSEY ST,10301,120,UNKNOWN,Street,1.360479533698673,False,STATEN ISLAND,"(40.637155, -74.0865454)",trafficstat,True,False,False,False,False,False,False,False,True,,,,,,,
2026-06-19,00:00,40.6245239,-74.1170123,CLOVE RD,10310,120,OTHER,Street,2.220009798377819,False,STATEN ISLAND,"(40.6245239, -74.1170123)",trafficstat,False,False,False,False,False,False,False,False,False,,,,,,,
2026-06-19,00:00,40.6306951,-74.1046982,FOREST AVE,10301,120,UNKNOWN,Street,2.554078006070868,False,STATEN ISLAND,"(40.6306951, -74.1046982)",trafficstat,True,False,True,False,False,False,False,False,False,,,,,,,
2026-06-19,00:00,40.6190828,-74.0988992,GLENWOOD AVE,10301,120,OTHER,Street,63.11591186717313,False,STATEN ISLAND,"(40.6190828, -74.0988992)",trafficstat,False,False,False,False,False,False,False,False,False,,,,,,,
2026-06-18,00:00,40.6431601,-74.1125119,RICHMOND TER,10310,120,UNKNOWN,Street,2.8426072321287235,False,STATEN ISLAND,"(40.6431601, -74.1125119)",trafficstat,True,False,False,False,True,False,False,False,False,,,,,,,
2026-06-17,00:00,40.6157363,-74.0874311,VAN DUZER ST,10304,120,UNKNOWN,Street,30.73674010887271,False,STATEN ISLAND,"(40.6157363, -74.0874311)",trafficstat,True,False,False,False,False,False,False,True,False,,,,,,,
2026-06-17,00:00,40.6068457,-74.0758597,NARROWS RD N,10305,120,UNKNOWN,Street,57.790406537724095,False,STATEN ISLAND,"(40.6068457, -74.0758597)",trafficstat,False,False,False,False,False,False,False,False,False,,,,,,,
2026-06-16,00:00,40.610172,-74.12145,MANOR RD,10314,120,UNKNOWN,Street,0.6977679430482022,False,STATEN ISLAND,"(40.610172, -74.12145)",trafficstat,False,False,False,False,False,False,False,False,False,,,,,,,
2026-06-16,00:00,40.6244486,-74.0805037,CEDAR ST,10304,120,UNKNOWN,Street,35.43672974479649,False,STATEN ISLAND,"(40.6244486, -74.0805037)",trafficstat,True,False,False,False,True,False,False,False,False,,,,,,,
2026-06-16,00:00,40.6415858,-74.0778996,ST MARKS PL,10301,120,UNKNOWN,Street,0.3168298371943269,False,STATEN ISLAND,"(40.6415858, -74.0778996)",trafficstat,False,False,False,False,False,False,False,False,False,,,,,,,
2026-06-16,00:00,40.627312,-74.0830634,TARGEE ST,10304,120,UNKNOWN,Street,0.560035315167694,False,STATEN ISLAND,"(40.627312, -74.0830634)",trafficstat,False,False,False,False,False,False,False,False,False,,,,,,,
2026-06-15,00:00,40.6218256,-74.1309846,KINGSLEY AVE,10314,120,UNKNOWN,Street,35.13434916488675,False,STATEN ISLAND,"(40.6218256, -74.1309846)",trafficstat,True,False,False,False,False,False,False,True,True,,,,,,,
2026-06-14,00:00,40.6085446,-74.0784052,DONLEY AVE,10305,120,UNKNOWN,Street,48.216408632938666,False,STATEN ISLAND,"(40.6085446, -74.0784052)",trafficstat,False,False,False,False,False,False,False,False,False,,,,,,,
2026-06-12,00:00,40.6183066,-74.0862716,VAN DUZER ST,10304,120,UNKNOWN,Street,39.74337745291615,False,STATEN ISLAND,"(40.6183066, -74.0862716)",trafficstat,False,False,False,False,False,False,False,False,False,,,,,,,
2026-09-13,00:00,40.5769649,-74.169731,YUKON AVE,10314,121,OTHER,Street,3.2393382657376124,False,STATEN ISLAND,"(40.5769649, -74.169731)",trafficstat,False,False,False,False,False,False,False,False,False,,,,,,,
2026-07-27,00:00,40.5769649,-74.169731,YUKON AVE,10314,121,UNKNOWN,Street,3.2393382657376124,False,STATEN ISLAND,"(40.5769649, -74.169731)",trafficstat,True,False,False,False,False,False,False,True,False,,,,,,,
2026-09-12,00:00,40.602074,-74.1672,PARK DR N,10314,121,UNKNOWN,Street,0.12890128357707872,False,STATEN ISLAND,"(40.602074, -74.1672)",trafficstat,True,False,False,False,False,False,False,False,True,,,,,,,
2026-09-12,00:00,40.6263946,-74.1333312,HAMLIN PL,10302,121,UNKNOWN,Street,0.6267647071259022,False,STATEN ISLAND,"(40.6263946, -74.1333312)",trafficstat,True,False,False,False,False,False,False,True,False,,,,,,,
2026-09-12,00:00,40.6319659,-74.153608,VAN NAME AVE,10303,121,OTHER,Street,0.30980344225354545,False,STATEN ISLAND,"(40.6319659, -74.153608)",trafficstat,True,False,False,False,False,False,False,True,False,,,,,,,
2026-09-12,00:00,40.63623,-74.1291105,JEWETT AVE,10302,121,UNKNOWN,Street,72.20464108451688,False,STATEN ISLAND,"(40.63623, -74.1291105)",trafficstat,True,False,False,False,False,False,False,False,True,,,,,,,
2026-09-12,00:00,40.6289562,-74.1730396,DRIVEWAY,10303,121,OTHER,Driveway,295.82696318729944,False,STATEN ISLAND,"(40.6289562, -74.1730396)",trafficstat,False,False,False,False,False,False,False,False,False,,,,,,,
2026-09-11,00:00,40.6407145,-74.1682715,NORTHFIELD AVE,10303,121,UNKNOWN,Street,43.04138486270222,False,STATEN ISLAND,"(40.6407145, -74.1682715)",trafficstat,False,False,False,False,False,False,False,False,False,,,,,,,
2026-09-11,00:00,40.6241594,-74.1378689,FOREST AVE,10302,121,UNKNOWN,Street,23.85838054887153,False,STATEN ISLAND,"(40.6241594, -74.1378689)",trafficstat,True,False,False,False,False,True,False,False,False,,,,,,,
2026-09-11,00:00,40.631596,-74.160385,HARBOR RD,10303,121,OTHER,Street,0.9894241392641592,False,STATEN ISLAND,"(40.631596, -74.160385)",trafficstat,False,False,False,False,False,False,False,False,False,,,,,,,
2026-09-11,00:00,40.6278327,-74.1643628,GRANDVIEW AVE,10303,121,OTHER,Street,292.82862311110773,False,STATEN ISLAND,"(40.6278327, -74.1643628)",trafficstat,False,False,False,False,False,False,False,False,False,,,,,,,
2026-09-11,00:00,40.6259917,-74.1570985,FOREST AVE,10303,121,UNKNOWN,Street,45.24167451972995,False,STATEN ISLAND,"(40.6259917, -74.1570985)",trafficstat,False,False,False,False,False,False,False,False,False,,,,,,,
2026-08-27,00:00,40.6259917,-74.1570985,FOREST AVE,10303,121,OTHER,Street,45.24167451972995,False,STATEN ISLAND,"(40.6259917, -74.1570985)",trafficstat,False,False,False,False,False,False,False,False,False,,,,,,,
2026-08-26,00:00,40.6259917,-74.1570985,FOREST AVE,10303,121,UNKNOWN,Street,45.24167451972995,False,STATEN ISLAND,"(40.6259917, -74.1570985)",trafficstat,True,False,True,False,False,False,False,False,False,,,,,,,
2026-07-25,00:00,40.6259917,-74.1570985,FOREST AVE,10303,121,UNKNOWN,Street,45.24167451972995,False,STATEN ISLAND,"(40.6259917, -74.1570985)",trafficstat,True,False,False,False,False,False,False,True,False,,,,,,,
2026-09-11,00:00,40.5907697,-74.1599847,KLONDIKE AVE,10314,121,UNKNOWN,Street,45.950477565364146,False,STATEN ISLAND,"(40.5907697, -74.1599847)",trafficstat,True,False,False,False,True,False,False,False,False,,,,,,,
2026-09-10,00:00,40.615993,-74.163605,ARLENE ST,10314,121,UNKNOWN,Street,0.33427274415722236,False,STATEN ISLAND,"(40.615993, -74.163605)",trafficstat,True,False,False,False,False,False,False,False,True,,,,,,,
2026-09-10,00:00,40.6274542,-74.1378905,BARRETT AVE,10302,121,UNKNOWN,Street,1.3455502165223787,False,STATEN ISLAND,"(40.6274542, -74.1378905)",trafficstat,True,False,False,False,True,False,False,False,False,,,,,,,
2026-09-10,00:00,40.6145682,-74.1565481,STATEN ISLAND EXPY,10314,121,OTHER,Highway,1.3590420752528931,False,STATEN ISLAND,"(40.6145682, -74.1565481)",trafficstat,True,False,False,False,False,False,False,True,False,,,,,,,
2026-07-23,00:00,40.6145682,-74.1565481,STATEN ISLAND EXPY,10314,121,UNKNOWN,Highway,1.3590420752528931,False,STATEN ISLAND,"(40.6145682, -74.1565481)",trafficstat,True,False,False,False,False,False,False,True,False,,,,,,,
2026-06-25,00:00,40.6145682,-74.1565481,STATEN ISLAND EXPY,10314,121,UNKNOWN,Highway,1.3590420752528931,False,STATEN ISLAND,"(40.6145682, -74.1565481)",trafficstat,True,False,False,False,False,False,False,False,True,,,,,,,
2026-09-10,00:00,40.622368,-74.1743508,STATEN ISLAND EXPY,10314,121,UNKNOWN,Highway,0.29517035277256704,False,STATEN ISLAND,"(40.622368, -74.1743508)",trafficstat,False,False,False,False,False,False,False,False,False,,,,,,,
2026-07-18,00:00,40.622368,-74.1743508,STATEN ISLAND EXPY,10314,121,OTHER,Highway,0.29517035277256704,False,STATEN ISLAND,"(40.622368, -74.1743508)",trafficstat,True,False,False,False,False,True,False,False,False,,,,,,,
2026-09-10,00:00,40.631615,-74.13192,POST AVE,10302,121,UNKNOWN,Street,2.36197217178747,False,STATEN ISLAND,"(40.631615, -74.13192)",trafficstat,False,False,False,False,False,False,False,False,False,,,,,,,
2026-09-09,00:00,40.6341537,-74.1464779,PULASKI AVE,10303,121,OTHER,Street,104.30606057890961,False,STATEN ISLAND,"(40.6341537, -74.1464779)",trafficstat,True,False,False,False,False,False,False,True,False,,,,,,,
2026-09-08,00:00,40.6258799,-74.1318183,JEWETT AVE,10302,121,UNKNOWN,Street,94.90721846841494,False,STATEN ISLAND,"(40.6258799, -74.1318183)",trafficstat,True,False,False,False,False,False,False,True,False,,,,,,,
2026-09-08,00:00,40.6102113,-74.1332593,MANN AVE,10314,121,OTHER,Street,0.02870528420066766,False,STATEN ISLAND,"(40.6102113, -74.1332593)",trafficstat,False,False,False,False,False,False,False,False,False,,,,,,,
2026-09-08,00:00,40.623359,-74.163037,AMADOR ST,10303,121,UNKNOWN,Street,3.24102453762229,False,STATEN ISLAND,"(40.623359, -74.163037)",trafficstat,False,False,False,False,False,False,False,False,False,,,,,,,
2026-09-08,00:00,40.6012607,-74.1331189,HAROLD ST,10314,121,UNKNOWN,Street,3.357397397299423,False,STATEN ISLAND,"(40.6012607, -74.1331189)",trafficstat,True,False,False,False,False,False,False,True,False,,,,,,,
2026-09-08,00:00,40.5819193,-74.1672517,RING RD,10314,121,UNKNOWN,Street,203.87862620953726,False,STATEN ISLAND,"(40.5819193, -74.1672517)",trafficstat,False,False,False,False,False,False,False,False,False,,,,,,,
2026-07-12,00:00,40.5819193,-74.1672517,RING RD,10314,121,UNKNOWN,Street,203.87862620953726,False,STATEN ISLAND,"(40.5819193, -74.1672517)",trafficstat,False,False,False,False,False,False,False,False,False,,,,,,,
2026-09-08,00:00,40.5850144,-74.1479899,TRAVIS AVE,10314,121,OTHER,Street,60.70510893973419,False,STATEN ISLAND,"(40.5850144, -74.1479899)",trafficstat,False,False,False,False,False,False,False,False,False,,,,,,,
2026-09-08,00:00,40.5816912,-74.1551517,VENUS LN,10314,121,UNKNOWN,Street,38.68436735955517,False,STATEN ISLAND,"(40.5816912, -74.1551517)",trafficstat,False,False,False,False,False,False,False,False,False,,,,,,,
2026-09-07,00:00,40.5793999,-74.1694816,PLATINUM AVE,10314,121,UNKNOWN,Street,2.9065099476969753,False,STATEN ISLAND,"(40.5793999, -74.1694816)",trafficstat,False,False,False,False,False,False,False,False,False,,,,,,,
2026-07-14,00:00,40.5793999,-74.1694816,PLATINUM AVE,10314,121,OTHER,Street,2.9065099476969753,False,STATEN ISLAND,"(40.5793999, -74.1694816)",trafficstat,True,False,False,False,False,False,False,False,False,,,,,,,
2026-06-15,00:00,40.5793999,-74.1694816,PLATINUM AVE,10314,121,UNKNOWN,Street,2.9065099476969753,False,STATEN ISLAND,"(40.5793999, -74.1694816)",trafficstat,True,False,False,False,False,False,False,True,False,,,,,,,
2026-09-07,00:00,40.6029716,-74.1224844,FANNING ST,10314,121,OTHER,Street,0.049613242890933044,False,STATEN ISLAND,"(40.6029716, -74.1224844)",trafficstat,True,False,False,False,False,False,False,True,False,,,,,,,
2026-09-06,00:00,40.5897502,-74.1940093,W  SERVICE RD,10314,121,UNKNOWN,Street,0.16817213918871127,False,STATEN ISLAND,"(40.5897502, -74.1940093)",trafficstat,False,False,False,False,False,False,False,False,False,,,,,,,
2026-08-31,00:00,40.5897502,-74.1940093,W  SERVICE RD,10314,121,UNKNOWN,Street,0.16817213918871127,False,STATEN ISLAND,"(40.5897502, -74.1940093)",trafficstat,True,False,False,False,False,False,False,True,True,,,,,,,
2026-09-06,00:00,40.633911,-74.1400351,HATFIELD PL,10302,121,UNKNOWN,Street,57.40229777791353,False,STATEN ISLAND,"(40.633911, -74.1400351)",trafficstat,False,False,False,False,False,False,False,False,False,,,,,,,
2026-09-05,00:00,40.6332212,-74.1550075,VAN PELT AVE,10303,121,UNKNOWN,Street,30.15869896000615,False,STATEN ISLAND,"(40.6332212, -74.1550075)",trafficstat,False,False,False,False,False,False,False,False,False,,,,,,,
2026-09-05,00:00,40.6245462,-74.141371,CRYSTAL AVE,10302,121,UNKNOWN,Street,21.29299845985817,False,STATEN ISLAND,"(40.6245462, -74.141371)",trafficstat,False,False,False,False,False,False,False,False,False,,,,,,,
2026-09-05,00:00,40.6257622,-74.1558944,FOREST AVE,10303,121,UNKNOWN,Street,62.591337464530184,False,STATEN ISLAND,"(40.6257622, -74.1558944)",trafficstat,False,False,False,False,False,False,False,False,False,,,,,,,
2026-09-05,00:00,40.6156516,-74.1570823,RICHMOND AVE,10314,121,UNKNOWN,Street,1.7517294701925075,False,STATEN ISLAND,"(40.6156516, -74.1570823)",trafficstat,True,False,True,False,False,False,False,False,False,,,,,,,
2026-09-05,00:00,40.58984,-74.1659886,RICHMOND AVE,10314,121,OTHER,Street,124.85232011182966,False,STATEN ISLAND,"(40.58984, -74.1659886)",trafficstat,False,False,False,False,False,False,False,False,False,,,,,,,
2026-09-05,00:00,40.6401193,-74.1361323,RICHMOND TER,10302,121,UNKNOWN,Street,46.279919613411444,False,STATEN ISLAND,"(40.6401193, -74.1361323)",trafficstat,True,False,False,False,False,False,False,True,False,,,,,,,
2026-09-05,00:00,40.6345781,-74.1458317,MORNINGSTAR RD,10303,121,UNKNOWN,Street,1.0452829295234787,False,STATEN ISLAND,"(40.6345781, -74.1458317)",trafficstat,True,False,False,False,False,False,False,True,False,,,,,,,
2026-09-04,00:00,40.5726024,-74.1666783,FOREST HILL RD,10314,121,UNKNOWN,Street,2.358391004684088,False,STATEN ISLAND,"(40.5726024, -74.1666783)",trafficstat,True,False,False,False,False,False,False,True,False,,,,,,,
2026-09-04,00:00,40.593374,-74.1636011,DRAPER PL,10314,121,OTHER,Street,0.005155267876649119,False,STATEN ISLAND,"(40.593374, -74.1636011)",trafficstat,True,False,False,False,False,False,False,False,True,,,,,,,
2026-09-04,00:00,40.6020423,-74.1756992,VICTORY BLVD,10314,121,OTHER,Street,105.62420134056062,False,STATEN ISLAND,"(40.6020423, -74.1756992)",trafficstat,True,False,True,False,False,False,False,False,False,,,,,,,
2026-09-04,00:00,40.6321501,-74.1652454,GRANDVIEW AVE,10303,121,UNKNOWN,Street,0.019689716117718296,False,STATEN ISLAND,"(40.6321501, -74.1652454)",trafficstat,True,False,True,False,False,False,False,False,False,,,,,,,
2026-09-03,00:00,40.606321,-74.1475022,WILLOWBROOK RD,10314,121,OTHER,Street,0.38987892034710886,False,STATEN ISLAND,"(40.606321, -74.1475022)",trafficstat,True,False,False,True,False,False,False,False,False,,,,,,,
2026-09-03,00:00,40.5842658,-74.1543479,NOME AVE,10314,121,UNKNOWN,Street,2.2961590514039396,False,STATEN ISLAND,"(40.5842658, -74.1543479)",trafficstat,True,False,False,False,False,False,False,False,True,,,,,,,
2026-09-02,00:00,40.5843,-74.1649062,DRIVEWAY,10314,121,OTHER,Driveway,176.5999100995053,False,STATEN ISLAND,"(40.5843, -74.1649062)",trafficstat,False,False,False,False,False,False,False,False,False,,,,,,,
2026-08-29,00:00,40.5843,-74.1649062,DRIVEWAY,10314,121,UNKNOWN,Driveway,176.5999100995053,False,STATEN ISLAND,"(40.5843, -74.1649062)",trafficstat,False,False,False,False,False,False,False,False,False,,,,,,,
2026-06-24,00:00,40.5843,-74.1649062,DRIVEWAY,10314,121,OTHER,Driveway,176.5999100995053,False,STATEN ISLAND,"(40.5843, -74.1649062)",trafficstat,False,False,False,False,False,False,False,False,False,,,,,,,
2026-06-20,00:00,40.5843,-74.1649062,DRIVEWAY,10314,121,UNKNOWN,Driveway,176.5999100995053,False,STATEN ISLAND,"(40.5843, -74.1649062)",trafficstat,False,False,False,False,False,False,False,False,False,,,,,,,
2026-09-02,00:00,40.6083169,-74.1313085,STATEN ISLAND EXPY,10314,121,OTHER,Highway,0.7858051565278981,False,STATEN ISLAND,"(40.6083169, -74.1313085)",trafficstat,True,False,False,False,False,False,False,False,True,,,,,,,
2026-07-28,00:00,40.6083169,-74.1313085,STATEN ISLAND EXPY,10314,121,UNKNOWN,Highway,0.7858051565278981,False,STATEN ISLAND,"(40.6083169, -74.1313085)",trafficstat,False,False,False,False,False,False,False,False,False,,,,,,,
2026-07-06,00:00,40.6083169,-74.1313085,STATEN ISLAND EXPY,10314,121,OTHER,Highway,0.7858051565278981,False,STATEN ISLAND,"(40.6083169, -74.1313085)",trafficstat,True,False,False,False,False,False,False,True,False,,,,,,,
2026-06-24,00:00,40.6083169,-74.1313085,STATEN ISLAND EXPY,10314,121,UNKNOWN,Highway,0.7858051565278981,False,STATEN ISLAND,"(40.6083169, -74.1313085)",trafficstat,False,False,False,False,False,False,False,False,False,,,,,,,
2026-06-19,00:00,40.6083169,-74.1313085,STATEN ISLAND EXPY,10314,121,OTHER,Highway,0.7858051565278981,False,STATEN ISLAND,"(40.6083169, -74.1313085)",trafficstat,True,False,False,False,False,False,False,True,True,,,,,,,
2026-06-13,00:00,40.6083169,-74.1313085,STATEN ISLAND EXPY,10314,121,UNKNOWN,Highway,0.7858051565278981,False,STATEN ISLAND,"(40.6083169, -74.1313085)",trafficstat,False,False,False,False,False,False,False,False,False,,,,,,,
2026-09-02,00:00,40.635853,-74.16619,SOUTH AVE,10303,121,UNKNOWN,Bridge,0.24068841875983504,False,STATEN ISLAND,"(40.635853, -74.16619)",trafficstat,True,False,True,False,False,False,False,False,False,,,,,,,
2026-09-01,00:00,40.6027273,-74.1899427,CHELSEA RD,10314,121,UNKNOWN,Street,104.54476295169499,False,STATEN ISLAND,"(40.6027273, -74.1899427)",trafficstat,False,False,False,False,False,False,False,False,False,,,,,,,
2026-08-31,00:00,40.6082313,-74.1293996,STATEN ISLAND EXPY,10314,121,UNKNOWN,Highway,0.5648972392660611,False,STATEN ISLAND,"(40.6082313, -74.1293996)",trafficstat,False,False,False,False,False,False,False,False,False,,,,,,,
2026-07-14,00:00,40.6082313,-74.1293996,STATEN ISLAND EXPY,10314,121,UNKNOWN,Highway,0.5648972392660611,False,STATEN ISLAND,"(40.6082313, -74.1293996)",trafficstat,True,False,False,False,False,False,False,True,True,,,,,,,
2026-08-30,00:00,40.6264163,-74.1594096,BRUCKNER AVE,10303,121,OTHER,Street,0.32513636972978155,False,STATEN ISLAND,"(40.6264163, -74.1594096)",trafficstat,True,False,True,False,False,False,False,False,False,,,,,,,
2026-08-30,00:00,40.6267232,-74.1650043,FOREST AVE,10303,121,UNKNOWN,Street,123.37050825556904,False,STATEN ISLAND,"(40.6267232, -74.1650043)",trafficstat,True,False,True,False,False,False,False,False,False,,,,,,,
2026-08-29,00:00,40.6300874,-74.163244,CONTINENTAL PL,10303,121,UNKNOWN,Street,59.9472975573302,False,STATEN ISLAND,"(40.6300874, -74.163244)",trafficstat,False,False,False,False,False,False,False,False,False,,,,,,,
2026-08-29,00:00,40.6352861,-74.1493967,WRIGHT AVE,10303,121,OTHER,Street,49.975910949612924,False,STATEN ISLAND,"(40.6352861, -74.1493967)",trafficstat,False,False,False,False,False,False,False,False,False,,,,,,,
2026-08-29,00:00,40.6395435,-74.1321756,PORT RICHMOND AVE,10302,121,OTHER,Street,1.4064611329051513,False,STATEN ISLAND,"(40.6395435, -74.1321756)",trafficstat,False,False,False,False,False,False,False,False,False,,,,,,,
2026-08-29,00:00,40.6134986,-74.1806619,GULF AVE,10314,121,OTHER,Street,95.68890200605159,False,STATEN ISLAND,"(40.6134986, -74.1806619)",trafficstat,False,False,False,False,False,False,False,False,False,,,,,,,