crash_date,crash_time,latitude,longitude,on_street_name,zip_code,precinct,collision_type,roadway_type,geocode_dist_feet,time_is_known,borough,location,source,injury,fatality,injured_pedestrian,injured_cyclist,injured_ebike_rider,injured_motorcyclist,injured_moped_rider,injured_car_occupant,injured_suv_occupant,number_of_persons_injured,number_of_persons_killed,contributing_factor_vehicle_1,collision_id,cross_street_name,off_street_name,vehicle_type_code1
2026-08-29,00:00,40.5916936,-74.1636512,RICHMOND AVE,10314,121,UNKNOWN,Street,119.32180387933184,False,STATEN ISLAND,"(40.5916936, -74.1636512)",trafficstat,True,False,False,False,False,False,False,False,True,,,,,,,
2026-08-28,00:00,40.5777724,-74.1636925,MARSH AVE,10314,121,UNKNOWN,Street,0.7938176908201897,False,STATEN ISLAND,"(40.5777724, -74.1636925)",trafficstat,True,False,False,False,False,False,False,False,True,,,,,,,
2026-08-28,00:00,40.6250632,-74.1358106,FOREST AVE,10302,121,OTHER,Street,2.804816461815238,False,STATEN ISLAND,"(40.6250632, -74.1358106)",trafficstat,True,False,False,False,False,False,False,False,False,,,,,,,
2026-08-27,00:00,40.6242875,-74.1372319,LIVERMORE AVE,10302,121,OTHER,Street,0.5498744579666771,False,STATEN ISLAND,"(40.6242875, -74.1372319)",trafficstat,True,False,False,False,False,False,False,False,True,,,,,,,
2026-07-07,00:00,40.6242875,-74.1372319,LIVERMORE AVE,10302,121,UNKNOWN,Street,0.5498744579666771,False,STATEN ISLAND,"(40.6242875, -74.1372319)",trafficstat,True,False,False,False,False,False,False,True,True,,,,,,,
2026-08-27,00:00,40.60841,-74.13498,N  GANNON AVE,10314,121,UNKNOWN,Street,3.3815641212111553,False,STATEN ISLAND,"(40.60841, -74.13498)",trafficstat,False,False,False,False,False,False,False,False,False,,,,,,,
2026-08-26,00:00,40.6271516,-74.1654384,FOREST AVE,10303,121,OTHER,Street,2.6088989237766347,False,STATEN ISLAND,"(40.6271516, -74.1654384)",trafficstat,True,False,True,False,False,False,False,False,False,,,,,,,
2026-08-26,00:00,40.6249901,-74.1440239,WILLOWBROOK RD,10302,121,UNKNOWN,Street,0.7978441522335118,False,STATEN ISLAND,"(40.6249901, -74.1440239)",trafficstat,False,False,False,False,False,False,False,False,False,,,,,,,
2026-06-29,00:00,40.6249901,-74.1440239,WILLOWBROOK RD,10302,121,UNKNOWN,Street,0.7978441522335118,False,STATEN ISLAND,"(40.6249901, -74.1440239)",trafficstat,True,False,False,False,False,False,False,False,True,,,,,,,
2026-08-26,00:00,40.6363146,-74.1463095,WINANT ST,10303,121,UNKNOWN,Street,45.50068318408403,False,STATEN ISLAND,"(40.6363146, -74.1463095)",trafficstat,False,False,False,False,False,False,False,False,False,,,,,,,
2026-08-25,00:00,40.5934826,-74.16439,TRAVIS AVE,10314,121,UNKNOWN,Street,2.803144235718555,False,STATEN ISLAND,"(40.5934826, -74.16439)",trafficstat,True,False,False,False,False,False,False,False,True,,,,,,,
2026-08-24,00:00,40.6113053,-74.1412031,WOOLLEY AVE,10314,121,UNKNOWN,Street,0.31441212685334147,False,STATEN ISLAND,"(40.6113053, -74.1412031)",trafficstat,True,False,True,False,False,False,False,False,False,,,,,,,
2026-08-24,00:00,40.6150309,-74.1573726,RICHMOND AVE,10314,121,UNKNOWN,Street,1.7726421768706386,False,STATEN ISLAND,"(40.6150309, -74.1573726)",trafficstat,False,False,False,False,False,False,False,False,False,,,,,,,
2026-08-10,00:00,40.6150309,-74.1573726,RICHMOND AVE,10314,121,UNKNOWN,Street,1.7726421768706386,False,STATEN ISLAND,"(40.6150309, -74.1573726)",trafficstat,True,False,False,False,False,False,False,True,False,,,,,,,
2026-06-21,00:00,40.6150309,-74.1573726,RICHMOND AVE,10314,121,UNKNOWN,Street,1.7726421768706386,False,STATEN ISLAND,"(40.6150309, -74.1573726)",trafficstat,True,False,False,False,False,False,False,False,True,,,,,,,
2026-06-18,00:00,40.6150309,-74.1573726,RICHMOND AVE,10314,121,UNKNOWN,Street,1.7726421768706386,False,STATEN ISLAND,"(40.6150309, -74.1573726)",trafficstat,False,False,False,False,False,False,False,False,False,,,,,,,
2026-08-23,00:00,40.6299281,-74.1407266,WALKER ST,10302,121,UNKNOWN,Street,68.01009988186652,False,STATEN ISLAND,"(40.6299281, -74.1407266)",trafficstat,False,False,False,False,False,False,False,False,False,,,,,,,
2026-08-23,00:00,40.6021121,-74.1878332,SOUTH AVE,10314,121,UNKNOWN,Street,2.9048878285791884,False,STATEN ISLAND,"(40.6021121, -74.1878332)",trafficstat,True,False,False,False,False,False,False,True,False,,,,,,,
2026-06-12,00:00,40.6021121,-74.1878332,SOUTH AVE,10314,121,UNKNOWN,Street,2.9048878285791884,False,STATEN ISLAND,"(40.6021121, -74.1878332)",trafficstat,True,False,False,False,False,False,False,False,True,,,,,,,
2026-08-23,00:00,40.5889546,-74.1675904,RICHMOND HILL RD,10314,121,OTHER,Street,1.921269474597904,False,STATEN ISLAND,"(40.5889546, -74.1675904)",trafficstat,True,False,False,False,False,False,False,True,False,,,,,,,
2026-07-06,00:00,40.5889546,-74.1675904,RICHMOND HILL RD,10314,121,UNKNOWN,Street,1.921269474597904,False,STATEN ISLAND,"(40.5889546, -74.1675904)",trafficstat,False,False,False,False,False,False,False,False,False,,,,,,,
2026-06-23,00:00,40.5889546,-74.1675904,RICHMOND HILL RD,10314,121,UNKNOWN,Street,1.921269474597904,False,STATEN ISLAND,"(40.5889546, -74.1675904)",trafficstat,True,False,False,False,False,False,False,True,False,,,,,,,
2026-08-23,00:00,40.6051931,-74.1376497,SHERADEN AVE,10314,121,UNKNOWN,Street,49.8195037103095,False,STATEN ISLAND,"(40.6051931, -74.1376497)",trafficstat,True,False,False,False,False,False,False,True,False,,,,,,,
2026-08-23,00:00,40.5983085,-74.1907516,WEST SHORE EXPY,10314,121,OTHER,Highway,9.341889083625,False,STATEN ISLAND,"(40.5983085, -74.1907516)",trafficstat,False,False,False,False,False,False,False,False,False,,,,,,,
2026-08-22,00:00,40.576288,-74.1623309,WINDHAM LOOP,10314,121,OTHER,Street,21.49680503599756,False,STATEN ISLAND,"(40.576288, -74.1623309)",trafficstat,False,False,False,False,False,False,False,False,False,,,,,,,
2026-08-22,00:00,40.6071902,-74.1624213,RICHMOND AVE,10314,121,OTHER,Street,1.304805563144688,False,STATEN ISLAND,"(40.6071902, -74.1624213)",trafficstat,True,False,False,False,False,False,False,False,True,,,,,,,
2026-08-10,00:00,40.6071902,-74.1624213,RICHMOND AVE,10314,121,UNKNOWN,Street,1.304805563144688,False,STATEN ISLAND,"(40.6071902, -74.1624213)",trafficstat,True,False,True,False,False,False,False,False,False,,,,,,,
2026-08-22,00:00,40.6263321,-74.1444191,VILLA AVE,10302,121,UNKNOWN,Street,45.89898037097714,False,STATEN ISLAND,"(40.6263321, -74.1444191)",trafficstat,True,False,False,False,False,False,False,True,False,,,,,,,
2026-08-22,00:00,40.6352857,-74.1684395,POND WAY,10303,121,UNKNOWN,Street,64.47690012220312,False,STATEN ISLAND,"(40.6352857, -74.1684395)",trafficstat,False,False,False,False,False,False,False,False,False,,,,,,,
2026-08-21,00:00,40.62053,-74.13493,MAINE AVE,10314,121,OTHER,Street,1.9791923350629634,False,STATEN ISLAND,"(40.62053, -74.13493)",trafficstat,True,False,False,False,False,False,False,True,False,,,,,,,
2026-08-21,00:00,40.6359277,-74.1671708,ARLINGTON PL,10303,121,OTHER,Street,17.866874769631846,False,STATEN ISLAND,"(40.6359277, -74.1671708)",trafficstat,False,False,False,False,False,False,False,False,False,,,,,,,
2026-08-21,00:00,40.6114665,-74.1525394,STATEN ISLAND EXPY,10314,121,UNKNOWN,Highway,4.443169822607903,False,STATEN ISLAND,"(40.6114665, -74.1525394)",trafficstat,False,False,False,False,False,False,False,False,False,,,,,,,
2026-08-02,00:00,40.6114665,-74.1525394,STATEN ISLAND EXPY,10314,121,UNKNOWN,Highway,4.443169822607903,False,STATEN ISLAND,"(40.6114665, -74.1525394)",trafficstat,True,False,False,False,False,True,False,False,False,,,,,,,
2026-06-24,00:00,40.6114665,-74.1525394,STATEN ISLAND EXPY,10314,121,OTHER,Highway,4.443169822607903,False,STATEN ISLAND,"(40.6114665, -74.1525394)",trafficstat,True,False,False,False,False,False,False,True,False,,,,,,,
2026-08-20,00:00,40.6218924,-74.1382579,COLLEGE AVE,10314,121,OTHER,Street,57.92438109822545,False,STATEN ISLAND,"(40.6218924, -74.1382579)",trafficstat,False,False,False,False,False,False,False,False,False,,,,,,,
2026-08-19,00:00,40.6263573,-74.1323008,ORDELL AVE,10302,121,UNKNOWN,Street,1.0022676964100883,False,STATEN ISLAND,"(40.6263573, -74.1323008)",trafficstat,False,False,False,False,False,False,False,False,False,,,,,,,
2026-08-18,00:00,40.635877,-74.1675065,ARLINGTON AVE,10303,121,OTHER,Street,0.8294716122303698,False,STATEN ISLAND,"(40.635877, -74.1675065)",trafficstat,True,False,False,False,False,False,False,True,False,,,,,,,
2026-08-18,00:00,40.5848627,-74.1613139,LAMPED LOOP,10314,121,OTHER,Street,53.75827096674569,False,STATEN ISLAND,"(40.5848627, -74.1613139)",trafficstat,True,False,True,False,False,False,False,False,False,,,,,,,
2026-08-18,00:00,40.5708356,-74.169827,FOREST HILL RD,10314,121,OTHER,Street,2.697279151418234,False,STATEN ISLAND,"(40.5708356, -74.169827)",trafficstat,True,False,False,True,False,False,False,False,False,,,,,,,
2026-07-23,00:00,40.5708356,-74.169827,FOREST HILL RD,10314,121,OTHER,Street,2.697279151418234,False,STATEN ISLAND,"(40.5708356, -74.169827)",trafficstat,True,False,False,True,False,False,False,False,False,,,,,,,
2026-08-17,00:00,40.5788773,-74.1683391,PLATINUM AVE,10314,121,UNKNOWN,Street,2.2471062582245045,False,STATEN ISLAND,"(40.5788773, -74.1683391)",trafficstat,True,False,True,False,False,False,False,False,False,,,,,,,
2026-08-17,00:00,40.6175543,-74.1526059,WILLOW RD W,10314,121,UNKNOWN,Street,1.652748449426933,False,STATEN ISLAND,"(40.6175543, -74.1526059)",trafficstat,True,False,False,False,False,False,False,False,False,,,,,,,
2026-08-17,00:00,40.6361191,-74.1382363,TREADWELL AVE,10302,121,OTHER,Street,0.836689981127178,False,STATEN ISLAND,"(40.6361191, -74.1382363)",trafficstat,True,False,False,False,False,False,False,True,False,,,,,,,
2026-06-18,00:00,40.6361191,-74.1382363,TREADWELL AVE,10302,121,UNKNOWN,Street,0.836689981127178,False,STATEN ISLAND,"(40.6361191, -74.1382363)",trafficstat,True,True,False,False,False,False,False,False,False,,,,,,,
2026-08-17,00:00,40.633421,-74.150816,LAKE AVE,10303,121,UNKNOWN,Street,43.18503346342899,False,STATEN ISLAND,"(40.633421, -74.150816)",trafficstat,False,False,False,False,False,False,False,False,False,,,,,,,
2026-08-16,00:00,40.6321208,-74.132831,POST AVE,10302,121,UNKNOWN,Street,2.0312134640641966,False,STATEN ISLAND,"(40.6321208, -74.132831)",trafficstat,False,False,False,False,False,False,False,False,False,,,,,,,
2026-08-16,00:00,40.61244,-74.13231,BRADLEY AVE,10314,121,OTHER,Street,0.867065776736335,False,STATEN ISLAND,"(40.61244, -74.13231)",trafficstat,False,False,False,False,False,False,False,False,False,,,,,,,
2026-08-16,00:00,40.609627,-74.14954,N  GANNON AVE,10314,121,UNKNOWN,Street,1.672058443543851,False,STATEN ISLAND,"(40.609627, -74.14954)",trafficstat,False,False,False,False,False,False,False,False,False,,,,,,,
2026-08-16,00:00,40.622957,-74.1488486,RICHMOND AVE,10314,121,OTHER,Street,135.60668465460134,False,STATEN ISLAND,"(40.622957, -74.1488486)",trafficstat,False,False,False,False,False,False,False,False,False,,,,,,,
2026-08-16,00:00,40.6294952,-74.1579867,UNION AVE,10303,121,UNKNOWN,Street,0.03950907258205409,False,STATEN ISLAND,"(40.6294952, -74.1579867)",trafficstat,False,False,False,False,False,False,False,False,False,,,,,,,
2026-08-16,00:00,40.5797371,-74.1548325,GOLF VIEW CT,10314,121,UNKNOWN,Street,111.71086678394413,False,STATEN ISLAND,"(40.5797371, -74.1548325)",trafficstat,False,False,False,False,False,False,False,False,False,,,,,,,
2026-08-16,00:00,40.5838034,-74.1612448,MARSH AVE,10314,121,UNKNOWN,Street,2.464591146918883,False,STATEN ISLAND,"(40.5838034, -74.1612448)",trafficstat,True,False,False,False,False,False,False,True,False,,,,,,,
2026-08-15,00:00,40.6072901,-74.1408525,WOOLLEY AVE,10314,121,UNKNOWN,Street,0.3807020044565515,False,STATEN ISLAND,"(40.6072901, -74.1408525)",trafficstat,True,False,False,False,False,False,False,True,False,,,,,,,
2026-08-15,00:00,40.618286,-74.16499,KINGSBRIDGE AVE,10314,121,UNKNOWN,Street,1.239354371557971,False,STATEN ISLAND,"(40.618286, -74.16499)",trafficstat,False,False,False,False,False,False,False,False,False,,,,,,,
2026-08-14,00:00,40.6249577,-74.1457674,WILLOW RD E,10314,121,OTHER,Street,0.8551059659136235,False,STATEN ISLAND,"(40.6249577, -74.1457674)",trafficstat,False,False,False,False,False,False,False,False,False,,,,,,,
2026-08-13,00:00,40.6250957,-74.1480445,FOREST AVE,10303,121,OTHER,Street,17.93651638602923,False,STATEN ISLAND,"(40.6250957, -74.1480445)",trafficstat,True,False,True,False,False,False,False,False,False,,,,,,,
2026-08-13,00:00,40.6115348,-74.1665846,COMMERCE ST,10314,121,UNKNOWN,Street,3.027194482738761,False,STATEN ISLAND,"(40.6115348, -74.1665846)",trafficstat,True,False,False,True,False,False,False,False,False,,,,,,,
2026-08-13,00:00,40.570835,-74.16983,FOREST HILL RD,10314,121,OTHER,Street,2.788527640769967,False,STATEN ISLAND,"(40.570835, -74.16983)",trafficstat,True,False,False,False,False,False,False,False,True,,,,,,,
2026-08-13,00:00,40.6339587,-74.1361169,PORT RICHMOND AVE,10302,121,UNKNOWN,Street,1.5848465716250935,False,STATEN ISLAND,"(40.6339587, -74.1361169)",trafficstat,True,False,False,False,False,False,False,False,False,,,,,,,
2026-08-01,00:00,40.6339587,-74.1361169,PORT RICHMOND AVE,10302,121,UNKNOWN,Street,1.5848465716250935,False,STATEN ISLAND,"(40.6339587, -74.1361169)",trafficstat,False,False,False,False,False,False,False,False,False,,,,,,,
2026-06-16,00:00,40.6339587,-74.1361169,PORT RICHMOND AVE,10302,121,UNKNOWN,Street,1.5848465716250935,False,STATEN ISLAND,"(40.6339587, -74.1361169)",trafficstat,False,False,False,False,False,False,False,False,False,,,,,,,
2026-08-12,00:00,40.5890646,-74.1386214,ROCKLAND AVE,10314,121,UNKNOWN,Street,2.2678163145562498,False,STATEN ISLAND,"(40.5890646, -74.1386214)",trafficstat,False,False,False,False,False,False,False,False,False,,,,,,,
2026-08-12,00:00,40.608552,-74.1321503,BRADLEY AVE,10314,121,UNKNOWN,Street,0.1675354912775544,False,STATEN ISLAND,"(40.608552, -74.1321503)",trafficstat,False,False,False,False,False,False,False,False,False,,,,,,,
2026-07-06,00:00,40.608552,-74.1321503,BRADLEY AVE,10314,121,OTHER,Street,0.1675354912775544,False,STATEN ISLAND,"(40.608552, -74.1321503)",trafficstat,True,False,True,False,False,False,False,False,False,,,,,,,
2026-08-12,00:00,40.6212563,-74.1688798,STATEN ISLAND EXPY,10314,121,UNKNOWN,Highway,6.329080930187637,False,STATEN ISLAND,"(40.6212563, -74.1688798)",trafficstat,False,False,False,False,False,False,False,False,False,,,,,,,
2026-08-12,00:00,40.6251863,-74.1474596,FOREST AVE,10303,121,OTHER,Street,70.22020007377061,False,STATEN ISLAND,"(40.6251863, -74.1474596)",trafficstat,True,False,False,False,False,False,False,True,False,,,,,,,
2026-08-11,00:00,40.6189821,-74.1576829,JULES DR,10314,121,OTHER,Street,60.78731735710945,False,STATEN ISLAND,"(40.6189821, -74.1576829)",trafficstat,True,False,False,False,False,False,False,True,False,,,,,,,
2026-08-10,00:00,40.6078653,-74.1791734,TELEPORT DR,10314,121,UNKNOWN,Street,0.2821565592267303,False,STATEN ISLAND,"(40.6078653, -74.1791734)",trafficstat,False,False,False,False,False,False,False,False,False,,,,,,,
2026-08-10,00:00,40.6044398,-74.1227536,FANNING ST,10314,121,OTHER,Street,0.18753336518495697,False,STATEN ISLAND,"(40.6044398, -74.1227536)",trafficstat,False,False,False,False,False,False,False,False,False,,,,,,,
2026-08-10,00:00,40.6227942,-74.1386914,GALLOWAY AVE,10302,121,OTHER,Street,50.47818635674674,False,STATEN ISLAND,"(40.6227942, -74.1386914)",trafficstat,False,False,False,False,False,False,False,False,False,,,,,,,
2026-08-10,00:00,40.6251048,-74.1487685,RICHMOND AVE,10314,121,UNKNOWN,Street,0.7807727075896077,False,STATEN ISLAND,"(40.6251048, -74.1487685)",trafficstat,True,False,False,False,False,False,False,True,False,,,,,,,
2026-07-17,00:00,40.6251048,-74.1487685,RICHMOND AVE,10314,121,UNKNOWN,Street,0.7807727075896077,False,STATEN ISLAND,"(40.6251048, -74.1487685)",trafficstat,False,False,False,False,False,False,False,False,False,,,,,,,
2026-06-14,00:00,40.6251048,-74.1487685,RICHMOND AVE,10314,121,OTHER,Street,0.7807727075896077,False,STATEN ISLAND,"(40.6251048, -74.1487685)",trafficstat,False,False,False,False,False,False,False,False,False,,,,,,,
2026-08-09,00:00,40.6367302,-74.1407546,RIDGEVIEW APARTMENTS DY,10302,121,UNKNOWN,Driveway,105.34859322552231,False,STATEN ISLAND,"(40.6367302, -74.1407546)",trafficstat,False,False,False,False,False,False,False,False,False,,,,,,,
2026-08-09,00:00,40.6254226,-74.1513486,SANDERS ST,10303,121,UNKNOWN,Street,1.4397054330203198,False,STATEN ISLAND,"(40.6254226, -74.1513486)",trafficstat,True,False,False,False,False,False,False,True,False,,,,,,,
2026-08-09,00:00,40.6277319,-74.1327568,HAMLIN PL,10302,121,UNKNOWN,Street,44.622242361761906,False,STATEN ISLAND,"(40.6277319, -74.1327568)",trafficstat,False,False,False,False,False,False,False,False,False,,,,,,,
2026-08-09,00:00,40.6224377,-74.1376445,LIVERMORE AVE,10302,121,OTHER,Street,52.41470082907254,False,STATEN ISLAND,"(40.6224377, -74.1376445)",trafficstat,False,False,False,False,False,False,False,False,False,,,,,,,
2026-08-09,00:00,40.5943098,-74.1431836,FOREST HILL RD,10314,121,UNKNOWN,Street,2.141427865993159,False,STATEN ISLAND,"(40.5943098, -74.1431836)",trafficstat,False,False,False,False,False,False,False,False,False,,,,,,,
2026-08-08,00:00,40.6334917,-74.0758985,GRANT ST,10301,121,OTHER,Street,68.28560897930171,False,STATEN ISLAND,"(40.6334917, -74.0758985)",trafficstat,True,False,False,False,False,False,False,True,False,,,,,,,
2026-08-07,00:00,40.6277218,-74.1625134,,,121,UNKNOWN,,323.80275406033024,False,STATEN ISLAND,"(40.6277218, -74.1625134)",trafficstat,False,False,False,False,False,False,False,False,False,,,,,,,
2026-08-01,00:00,40.6277218,-74.1625134,,,121,UNKNOWN,,323.80275406033024,False,STATEN ISLAND,"(40.6277218, -74.1625134)",trafficstat,True,False,False,False,False,False,False,True,False,,,,,,,
2026-08-07,00:00,40.6142284,-74.1423846,CRYSTAL AVE,10314,121,UNKNOWN,Street,63.70912516493036,False,STATEN ISLAND,"(40.6142284, -74.1423846)",trafficstat,False,False,False,False,False,False,False,False,False,,,,,,,
2026-08-07,00:00,40.6090889,-74.1402297,MARTIN AVE,10314,121,OTHER,Street,47.163939551516314,False,STATEN ISLAND,"(40.6090889, -74.1402297)",trafficstat,False,False,False,False,False,False,False,False,False,,,,,,,
2026-08-07,00:00,40.6063576,-74.1209204,MANOR RD,10314,121,UNKNOWN,Street,0.2127885797916661,False,STATEN ISLAND,"(40.6063576, -74.1209204)",trafficstat,True,False,True,False,False,False,False,False,False,,,,,,,
2026-08-06,00:00,40.5932337,-74.1905091,PARISH AVE,10314,121,OTHER,Street,56.47712205428665,False,STATEN ISLAND,"(40.5932337, -74.1905091)",trafficstat,False,False,False,False,False,False,False,False,False,,,,,,,
2026-08-06,00:00,40.5843057,-74.1650349,DRIVEWAY,10314,121,UNKNOWN,Driveway,211.36025565820788,False,STATEN ISLAND,"(40.5843057, -74.1650349)",trafficstat,False,False,False,False,False,False,False,False,False,,,,,,,
2026-07-20,00:00,40.5843057,-74.1650349,DRIVEWAY,10314,121,UNKNOWN,Driveway,211.36025565820788,False,STATEN ISLAND,"(40.5843057, -74.1650349)",trafficstat,False,False,False,False,False,False,False,False,False,,,,,,,
2026-08-06,00:00,40.6098061,-74.1604,RICHMOND AVE,10314,121,UNKNOWN,Street,1.4098448181517034,False,STATEN ISLAND,"(40.6098061, -74.1604)",trafficstat,False,False,False,False,False,False,False,False,False,,,,,,,
2026-08-05,00:00,40.5885616,-74.1458356,FOREST HILL RD,10314,121,UNKNOWN,Street,0.44836682936439215,False,STATEN ISLAND,"(40.5885616, -74.1458356)",trafficstat,True,False,False,False,False,False,False,True,False,,,,,,,
2026-06-24,00:00,40.5885616,-74.1458356,FOREST HILL RD,10314,121,UNKNOWN,Street,0.44836682936439215,False,STATEN ISLAND,"(40.5885616, -74.1458356)",trafficstat,True,False,False,False,False,False,False,True,False,,,,,,,
2026-08-04,00:00,40.5748583,-74.1674703,,,121,UNKNOWN,,336.0890990538523,False,STATEN ISLAND,"(40.5748583, -74.1674703)",trafficstat,False,False,False,False,False,False,False,False,False,,,,,,,
2026-06-16,00:00,40.5748583,-74.1674703,,,121,UNKNOWN,,336.0890990538523,False,STATEN ISLAND,"(40.5748583, -74.1674703)",trafficstat,False,False,False,False,False,False,False,False,False,,,,,,,
2026-08-04,00:00,40.6050327,-74.1210868,MANOR RD,10314,121,UNKNOWN,Street,73.6941235746246,False,STATEN ISLAND,"(40.6050327, -74.1210868)",trafficstat,False,False,False,False,False,False,False,False,False,,,,,,,
2026-07-24,00:00,40.6050327,-74.1210868,MANOR RD,10314,121,OTHER,Street,73.6941235746246,False,STATEN ISLAND,"(40.6050327, -74.1210868)",trafficstat,False,False,False,False,False,False,False,False,False,,,,,,,
2026-08-04,00:00,40.5937572,-74.1849916,SIMMONS LOOP,10314,121,UNKNOWN,Street,34.20826268317734,False,STATEN ISLAND,"(40.5937572, -74.1849916)",trafficstat,False,False,False,False,False,False,False,False,False,,,,,,,
2026-08-04,00:00,40.6119309,-74.1457858,STEWART AVE,10314,121,OTHER,Street,1.0218172447196252,False,STATEN ISLAND,"(40.6119309, -74.1457858)",trafficstat,False,False,False,False,False,False,False,False,False,,,,,,,
2026-08-04,00:00,40.5929732,-74.1566698,MERRYMOUNT ST,10314,121,UNKNOWN,Street,18.836120339972577,False,STATEN ISLAND,"(40.5929732, -74.1566698)",trafficstat,False,False,False,False,False,False,False,False,False,,,,,,,
2026-08-03,00:00,40.6080716,-74.1532249,LOOP RD,10314,121,UNKNOWN,Street,11.52847938577981,False,STATEN ISLAND,"(40.6080716, -74.1532249)",trafficstat,False,False,False,False,False,False,False,False,False,,,,,,,
2026-08-03,00:00,40.6311567,-74.1469122,MORNINGSTAR RD,10303,121,OTHER,Street,0.7233395299365779,False,STATEN ISLAND,"(40.6311567, -74.1469122)",trafficstat,True,False,True,False,False,False,False,False,False,,,,,,,
2026-07-22,00:00,40.6311567,-74.1469122,MORNINGSTAR RD,10303,121,UNKNOWN,Street,0.7233395299365779,False,STATEN ISLAND,"(40.6311567, -74.1469122)",trafficstat,True,False,False,False,False,False,False,True,False,,,,,,,
2026-08-01,00:00,40.5998272,-74.1782228,TRAVIS AVE,10314,121,UNKNOWN,Bridge,2.175540045307169,False,STATEN ISLAND,"(40.5998272, -74.1782228)",trafficstat,False,False,False,False,False,False,False,False,False,,,,,,,
2026-08-01,00:00,40.6285204,-74.1457551,DR M L KING JR EXPY,10302,121,UNKNOWN,Highway,0.4079105285782316,False,STATEN ISLAND,"(40.6285204, -74.1457551)",trafficstat,True,False,False,False,False,False,False,True,False,,,,,,,
2026-07-31,00:00,40.5868664,-74.1688216,RICHMOND AVE,10314,121,UNKNOWN,Street,88.62047669215148,False,STATEN ISLAND,"(40.5868664, -74.1688216)",trafficstat,True,False,True,False,False,False,False,False,False,,,,,,,
2026-07-31,00:00,40.5823361,-74.1623681,MARSH AVE,10314,121,UNKNOWN,Street,1.1101142560526738,False,STATEN ISLAND,"(40.5823361, -74.1623681)",trafficstat,False,False,False,False,False,False,False,False,False,,,,,,,
2026-07-31,00:00,40.6142771,-74.1566483,STATEN ISLAND EXPY,10314,121,UNKNOWN,Highway,2.217474496205679,False,STATEN ISLAND,"(40.6142771, -74.1566483)",trafficstat,True,False,False,False,False,True,False,False,False,,,,,,,
2026-06-21,00:00,40.6142771,-74.1566483,STATEN ISLAND EXPY,10314,121,UNKNOWN,Highway,2.217474496205679,False,STATEN ISLAND,"(40.6142771, -74.1566483)",trafficstat,True,False,False,False,False,False,False,False,True,,,,,,,
2026-07-31,00:00,40.6223467,-74.1695895,GOETHALS RD N,10303,121,OTHER,Street,100.17344424099362,False,STATEN ISLAND,"(40.6223467, -74.1695895)",trafficstat,False,False,False,False,False,False,False,False,False,,,,,,,
2026-07-30,00:00,40.6122917,-74.1592157,RICHMOND AVE,10314,121,UNKNOWN,Street,22.19586235169541,False,STATEN ISLAND,"(40.6122917, -74.1592157)",trafficstat,True,False,False,False,False,False,False,True,False,,,,,,,
2026-07-30,00:00,40.6117388,-74.1397637,VICTORY BLVD,10314,121,UNKNOWN,Street,51.68031881151969,False,STATEN ISLAND,"(40.6117388, -74.1397637)",trafficstat,True,False,True,False,False,False,False,False,False,,,,,,,
2026-07-28,00:00,40.6037685,-74.1315682,BRADLEY AVE,10314,121,OTHER,Street,0.036735231195347086,False,STATEN ISLAND,"(40.6037685, -74.1315682)",trafficstat,True,False,True,False,False,False,False,False,False,,,,,,,
2026-07-28,00:00,40.6089131,-74.1530795,CANTERBURY AVE,10314,121,OTHER,Street,0.2831858932575549,False,STATEN ISLAND,"(40.6089131, -74.1530795)",trafficstat,True,False,False,False,False,False,False,True,False,,,,,,,
2026-07-27,00:00,40.632122,-74.13283,POST AVE,10302,121,UNKNOWN,Street,1.5143828423018253,False,STATEN ISLAND,"(40.632122, -74.13283)",trafficstat,True,False,True,False,False,False,False,False,False,,,,,,,
2026-07-27,00:00,40.6359909,-74.1371833,CASTLETON AVE,10302,121,UNKNOWN,Street,40.151208082692754,False,STATEN ISLAND,"(40.6359909, -74.1371833)",trafficstat,False,False,False,False,False,False,False,False,False,,,,,,,
2026-07-26,00:00,40.6016829,-74.1632938,SIGNS RD,10314,121,UNKNOWN,Street,2.7072256701668564,False,STATEN ISLAND,"(40.6016829, -74.1632938)",trafficstat,False,False,False,False,False,False,False,False,False,,,,,,,
2026-06-19,00:00,40.6016829,-74.1632938,SIGNS RD,10314,121,UNKNOWN,Street,2.7072256701668564,False,STATEN ISLAND,"(40.6016829, -74.1632938)",trafficstat,True,False,False,False,False,False,False,True,False,,,,,,,
2026-07-26,00:00,40.5774722,-74.1585524,FOREST HILL RD,10314,121,UNKNOWN,Street,90.11604911006255,False,STATEN ISLAND,"(40.5774722, -74.1585524)",trafficstat,False,False,False,False,False,False,False,False,False,,,,,,,
2026-07-25,00:00,40.6252804,-74.135476,BURNSIDE AVE,10302,121,UNKNOWN,Street,1.8594342934392645,False,STATEN ISLAND,"(40.6252804, -74.135476)",trafficstat,False,False,False,False,False,False,False,False,False,,,,,,,
2026-07-25,00:00,40.622184,-74.1744152,STATEN ISLAND EXPY,10314,121,OTHER,Highway,0.8266698793019875,False,STATEN ISLAND,"(40.622184, -74.1744152)",trafficstat,True,False,False,False,False,False,False,True,False,,,,,,,