crash_date,crash_time,latitude,longitude,on_street_name,zip_code,precinct,collision_type,roadway_type,geocode_dist_feet,time_is_known,borough,location,source,injury,fatality,injured_pedestrian,injured_cyclist,injured_ebike_rider,injured_motorcyclist,injured_moped_rider,injured_car_occupant,injured_suv_occupant,number_of_persons_injured,number_of_persons_killed,contributing_factor_vehicle_1,collision_id,cross_street_name,off_street_name,vehicle_type_code1
2026-07-25,00:00,40.622402,-74.16793,SOUTH AVE,10303,121,UNKNOWN,Street,2.4038861532310944,False,STATEN ISLAND,"(40.622402, -74.16793)",trafficstat,True,False,False,True,False,False,False,False,False,,,,,,,
2026-07-25,00:00,40.6270082,-74.1649972,FOREST AVE,10303,121,UNKNOWN,Street,21.97393383532907,False,STATEN ISLAND,"(40.6270082, -74.1649972)",trafficstat,False,False,False,False,False,False,False,False,False,,,,,,,
2026-07-24,00:00,40.6362786,-74.1402651,NICHOLAS AVE,10302,121,UNKNOWN,Street,1.5663578225571806,False,STATEN ISLAND,"(40.6362786, -74.1402651)",trafficstat,True,False,True,False,True,False,False,False,False,,,,,,,
2026-07-24,00:00,40.6354321,-74.1455525,MORNINGSTAR RD,10303,121,OTHER,Street,1.0216716557869663,False,STATEN ISLAND,"(40.6354321, -74.1455525)",trafficstat,True,False,False,False,False,False,False,False,True,,,,,,,
2026-07-24,00:00,40.6237281,-74.1504794,WILCOX ST,10303,121,UNKNOWN,Street,76.6650671912832,False,STATEN ISLAND,"(40.6237281, -74.1504794)",trafficstat,False,False,False,False,False,False,False,False,False,,,,,,,
2026-07-24,00:00,40.6273668,-74.1665593,SOUTH AVE,10303,121,OTHER,Street,0.8079533578829086,False,STATEN ISLAND,"(40.6273668, -74.1665593)",trafficstat,False,False,False,False,False,False,False,False,False,,,,,,,
2026-07-24,00:00,40.5786148,-74.1560682,FOREST HILL RD,10314,121,OTHER,Street,18.24289956221724,False,STATEN ISLAND,"(40.5786148, -74.1560682)",trafficstat,True,False,False,False,False,False,False,False,True,,,,,,,
2026-07-23,00:00,40.6096259,-74.1495444,N  GANNON AVE,10314,121,UNKNOWN,Street,2.7196622832662767,False,STATEN ISLAND,"(40.6096259, -74.1495444)",trafficstat,True,False,False,False,False,True,False,True,False,,,,,,,
2026-07-23,00:00,40.6313367,-74.1477881,PULASKI AVE,10303,121,OTHER,Street,0.6662027126960876,False,STATEN ISLAND,"(40.6313367, -74.1477881)",trafficstat,True,False,False,False,False,False,False,True,False,,,,,,,
2026-07-23,00:00,40.636958,-74.1663425,SOUTH AVE,10303,121,OTHER,Street,53.91585049891714,False,STATEN ISLAND,"(40.636958, -74.1663425)",trafficstat,False,False,False,False,False,False,False,False,False,,,,,,,
2026-07-22,00:00,40.6334978,-74.1335724,HEBERTON AVE,10302,121,UNKNOWN,Street,1.6890281355885757,False,STATEN ISLAND,"(40.6334978, -74.1335724)",trafficstat,False,False,False,False,False,False,False,False,False,,,,,,,
2026-07-22,00:00,40.6080537,-74.1573525,MORANI ST,10314,121,UNKNOWN,Street,1.0267360133662322,False,STATEN ISLAND,"(40.6080537, -74.1573525)",trafficstat,True,False,False,False,False,False,False,True,False,,,,,,,
2026-06-25,00:00,40.6080537,-74.1573525,MORANI ST,10314,121,UNKNOWN,Street,1.0267360133662322,False,STATEN ISLAND,"(40.6080537, -74.1573525)",trafficstat,False,False,False,False,False,False,False,False,False,,,,,,,
2026-07-22,00:00,40.6382781,-74.1436721,BAYONNE BRG,10302,121,OTHER,Street,3.3851395364193335,False,STATEN ISLAND,"(40.6382781, -74.1436721)",trafficstat,False,False,False,False,False,False,False,False,False,,,,,,,
2026-07-21,00:00,40.6401129,-74.1359948,RICHMOND TER,10302,121,UNKNOWN,Street,49.87569578550418,False,STATEN ISLAND,"(40.6401129, -74.1359948)",trafficstat,True,False,False,False,False,False,False,True,False,,,,,,,
2026-07-20,00:00,40.6256384,-74.1581188,HEANEY AVE,10303,121,OTHER,Street,147.25323457453533,False,STATEN ISLAND,"(40.6256384, -74.1581188)",trafficstat,True,False,False,False,False,False,False,True,False,,,,,,,
2026-07-19,00:00,40.604337,-74.1299633,GRAVES ST,10314,121,UNKNOWN,Street,48.19106077536895,False,STATEN ISLAND,"(40.604337, -74.1299633)",trafficstat,False,False,False,False,False,False,False,False,False,,,,,,,
2026-07-19,00:00,40.612192,-74.1803247,WEST SHORE EXPY,10314,121,UNKNOWN,Highway,0.7852157710766359,False,STATEN ISLAND,"(40.612192, -74.1803247)",trafficstat,False,False,False,False,False,False,False,False,False,,,,,,,
2026-07-19,00:00,40.5840507,-74.1567131,KELLY BLVD,10314,121,OTHER,Street,61.04398127185525,False,STATEN ISLAND,"(40.5840507, -74.1567131)",trafficstat,False,False,False,False,False,False,False,False,False,,,,,,,
2026-07-18,00:00,40.6357016,-74.1550662,VAN PELT AVE,10303,121,OTHER,Bridge,50.98884496968845,False,STATEN ISLAND,"(40.6357016, -74.1550662)",trafficstat,False,False,False,False,False,False,False,False,False,,,,,,,
2026-07-17,00:00,40.5794,-74.16948,PLATINUM AVE,10314,121,UNKNOWN,Street,2.7736069648041557,False,STATEN ISLAND,"(40.5794, -74.16948)",trafficstat,True,False,False,False,False,True,False,False,False,,,,,,,
2026-07-17,00:00,40.5773795,-74.1688372,RICHMOND AVE,10314,121,OTHER,Street,208.65989734623824,False,STATEN ISLAND,"(40.5773795, -74.1688372)",trafficstat,True,False,False,False,False,False,False,False,True,,,,,,,
2026-07-16,00:00,40.607786,-74.1370158,STATEN ISLAND EXPY,10314,121,UNKNOWN,Highway,2.889945794971221,False,STATEN ISLAND,"(40.607786, -74.1370158)",trafficstat,True,False,False,False,False,False,False,True,False,,,,,,,
2026-07-16,00:00,40.6206714,-74.167142,STATEN ISLAND EXPY,10314,121,OTHER,Highway,1.109085183558213,False,STATEN ISLAND,"(40.6206714, -74.167142)",trafficstat,False,False,False,False,False,False,False,False,False,,,,,,,
2026-07-15,00:00,40.6249126,-74.1467003,WILLOW RD W,10314,121,UNKNOWN,Street,1.019963793728822,False,STATEN ISLAND,"(40.6249126, -74.1467003)",trafficstat,False,False,False,False,False,False,False,False,False,,,,,,,
2026-07-02,00:00,40.6249126,-74.1467003,WILLOW RD W,10314,121,UNKNOWN,Street,1.019963793728822,False,STATEN ISLAND,"(40.6249126, -74.1467003)",trafficstat,False,False,False,False,False,False,False,False,False,,,,,,,
2026-06-25,00:00,40.6249126,-74.1467003,WILLOW RD W,10314,121,UNKNOWN,Street,1.019963793728822,False,STATEN ISLAND,"(40.6249126, -74.1467003)",trafficstat,False,False,False,False,False,False,False,False,False,,,,,,,
2026-07-15,00:00,40.6314024,-74.1436054,HOOKER PL,10302,121,UNKNOWN,Street,3.149670956578891,False,STATEN ISLAND,"(40.6314024, -74.1436054)",trafficstat,False,False,False,False,False,False,False,False,False,,,,,,,
2026-07-15,00:00,40.6083137,-74.1456179,N  GANNON AVE,10314,121,UNKNOWN,Street,51.257275064305254,False,STATEN ISLAND,"(40.6083137, -74.1456179)",trafficstat,True,False,False,False,False,False,False,True,False,,,,,,,
2026-07-15,00:00,40.5898008,-74.1932873,WEST SHORE EXPY,10314,121,UNKNOWN,Highway,13.673330751050656,False,STATEN ISLAND,"(40.5898008, -74.1932873)",trafficstat,True,False,False,False,False,False,False,False,True,,,,,,,
2026-07-14,00:00,40.5988561,-74.1309175,BRIELLE AVE,10314,121,UNKNOWN,Street,1.3098048251665826,False,STATEN ISLAND,"(40.5988561, -74.1309175)",trafficstat,True,False,False,True,False,False,False,False,False,,,,,,,
2026-07-14,00:00,40.6230902,-74.1759017,STATEN ISLAND EXPY,10314,121,UNKNOWN,Highway,0.6936496955684325,False,STATEN ISLAND,"(40.6230902, -74.1759017)",trafficstat,True,False,False,False,False,False,False,True,True,,,,,,,
2026-07-13,00:00,40.624211,-74.177115,STATEN ISLAND EXPY,10314,121,OTHER,Highway,3.2257131890253694,False,STATEN ISLAND,"(40.624211, -74.177115)",trafficstat,True,False,False,False,False,False,False,False,True,,,,,,,
2026-07-13,00:00,40.6209479,-74.1666585,REGAL WALK CONDOMINIUM DY,10303,121,UNKNOWN,Driveway,44.675093762136456,False,STATEN ISLAND,"(40.6209479, -74.1666585)",trafficstat,False,False,False,False,False,False,False,False,False,,,,,,,
2026-07-13,00:00,40.6029218,-74.1254121,MOUNTAIN VIEW AVE,10314,121,OTHER,Street,0.12119940496090673,False,STATEN ISLAND,"(40.6029218, -74.1254121)",trafficstat,True,False,False,False,False,False,False,True,False,,,,,,,
2026-07-12,00:00,40.5869914,-74.164212,RING RD,10314,121,UNKNOWN,Street,1.6764000067147757,False,STATEN ISLAND,"(40.5869914, -74.164212)",trafficstat,True,False,False,False,False,False,False,True,False,,,,,,,
2026-07-12,00:00,40.6062443,-74.1618656,RICHMOND AVE,10314,121,UNKNOWN,Street,72.7229338205354,False,STATEN ISLAND,"(40.6062443, -74.1618656)",trafficstat,True,False,False,False,False,False,False,True,False,,,,,,,
2026-07-12,00:00,40.6095134,-74.1818769,WEST SHORE EXPY,10314,121,OTHER,Highway,0.907490701037751,False,STATEN ISLAND,"(40.6095134, -74.1818769)",trafficstat,True,False,False,False,False,False,False,False,True,,,,,,,
2026-07-12,00:00,40.6175372,-74.1563145,RICHMOND AVE,10314,121,UNKNOWN,Street,72.16689881635894,False,STATEN ISLAND,"(40.6175372, -74.1563145)",trafficstat,False,False,False,False,False,False,False,False,False,,,,,,,
2026-07-12,00:00,40.6292085,-74.1357857,DECKER AVE,10302,121,OTHER,Street,68.58769226900492,False,STATEN ISLAND,"(40.6292085, -74.1357857)",trafficstat,False,False,False,False,False,False,False,False,False,,,,,,,
2026-07-11,00:00,40.6246178,-74.1618407,WOODCREST RD,10303,121,OTHER,Street,58.432131266023056,False,STATEN ISLAND,"(40.6246178, -74.1618407)",trafficstat,False,False,False,False,False,False,False,False,False,,,,,,,
2026-07-11,00:00,40.603069,-74.1404618,FOREST HILL RD,10314,121,UNKNOWN,Street,0.18565439105754164,False,STATEN ISLAND,"(40.603069, -74.1404618)",trafficstat,False,False,False,False,False,False,False,False,False,,,,,,,
2026-07-11,00:00,40.5883432,-74.1649932,STRATFORD CT,10314,121,UNKNOWN,Street,113.46106114016452,False,STATEN ISLAND,"(40.5883432, -74.1649932)",trafficstat,False,False,False,False,False,False,False,False,False,,,,,,,
2026-07-09,00:00,40.5773422,-74.1692654,RICHMOND AVE,10314,121,UNKNOWN,Street,90.11265971399844,False,STATEN ISLAND,"(40.5773422, -74.1692654)",trafficstat,True,False,False,False,False,False,False,True,False,,,,,,,
2026-07-09,00:00,40.6096569,-74.1485927,VICTORY BLVD,10314,121,OTHER,Street,61.086915153329834,False,STATEN ISLAND,"(40.6096569, -74.1485927)",trafficstat,False,False,False,False,False,False,False,False,False,,,,,,,
2026-07-08,00:00,40.6263579,-74.1621405,FOREST AVE,10303,121,UNKNOWN,Street,128.5264150389032,False,STATEN ISLAND,"(40.6263579, -74.1621405)",trafficstat,False,False,False,False,False,False,False,False,False,,,,,,,
2026-07-08,00:00,40.640224,-74.136665,RICHMOND TER,10302,121,UNKNOWN,Street,3.21393785379024,False,STATEN ISLAND,"(40.640224, -74.136665)",trafficstat,True,False,False,False,False,False,False,False,True,,,,,,,
2026-07-07,00:00,40.6386676,-74.1393982,NICHOLAS AVE,10302,121,UNKNOWN,Street,1.1947894345868724,False,STATEN ISLAND,"(40.6386676, -74.1393982)",trafficstat,False,False,False,False,False,False,False,False,False,,,,,,,
2026-07-07,00:00,40.6076935,-74.1408857,WOOLLEY AVE,10314,121,UNKNOWN,Street,0.4730810199396012,False,STATEN ISLAND,"(40.6076935, -74.1408857)",trafficstat,False,False,False,False,False,False,False,False,False,,,,,,,
2026-07-06,00:00,40.5975516,-74.1407599,FOREST HILL RD,10314,121,UNKNOWN,Street,2.0890898161245506,False,STATEN ISLAND,"(40.5975516, -74.1407599)",trafficstat,True,False,False,False,False,False,False,True,False,,,,,,,
2026-07-06,00:00,40.6315355,-74.1592453,GRIDLEY AVE,10303,121,UNKNOWN,Street,0.8684609252083838,False,STATEN ISLAND,"(40.6315355, -74.1592453)",trafficstat,False,False,False,False,False,False,False,False,False,,,,,,,
2026-07-06,00:00,40.6358955,-74.1349912,PORT RICHMOND AVE,10302,121,UNKNOWN,Street,32.358847709712876,False,STATEN ISLAND,"(40.6358955, -74.1349912)",trafficstat,True,False,True,False,False,False,False,False,False,,,,,,,
2026-07-06,00:00,40.6253235,-74.1783464,STATEN ISLAND EXPY,10314,121,UNKNOWN,Highway,2.3891002954750213,False,STATEN ISLAND,"(40.6253235, -74.1783464)",trafficstat,True,False,False,False,False,False,False,True,False,,,,,,,
2026-07-05,00:00,40.6238278,-74.138135,MARIANNE ST,10302,121,UNKNOWN,Street,53.3449560133732,False,STATEN ISLAND,"(40.6238278, -74.138135)",trafficstat,True,False,False,True,False,False,False,False,False,,,,,,,
2026-07-05,00:00,40.6062138,-74.1703104,GRAHAM AVE,10314,121,UNKNOWN,Street,42.185378480265726,False,STATEN ISLAND,"(40.6062138, -74.1703104)",trafficstat,False,False,False,False,False,False,False,False,False,,,,,,,
2026-07-05,00:00,40.6077239,-74.1472964,WILLOWBROOK RD,10314,121,OTHER,Street,1.1278118962128787,False,STATEN ISLAND,"(40.6077239, -74.1472964)",trafficstat,False,False,False,False,False,False,False,False,False,,,,,,,
2026-07-05,00:00,40.572878,-74.167959,INDEPENDENCE AVE,10314,121,OTHER,Street,191.8651690598406,False,STATEN ISLAND,"(40.572878, -74.167959)",trafficstat,False,False,False,False,False,False,False,False,False,,,,,,,
2026-06-28,00:00,40.572878,-74.167959,INDEPENDENCE AVE,10314,121,OTHER,Street,191.8651690598406,False,STATEN ISLAND,"(40.572878, -74.167959)",trafficstat,True,False,True,False,False,False,False,False,False,,,,,,,
2026-07-04,00:00,40.6046459,-74.1623683,ETON PL,10314,121,UNKNOWN,Street,2.8935988700323394,False,STATEN ISLAND,"(40.6046459, -74.1623683)",trafficstat,True,False,False,False,False,False,False,True,False,,,,,,,
2026-07-04,00:00,40.6098326,-74.1482565,VICTORY BLVD,10314,121,OTHER,Street,23.876735523343164,False,STATEN ISLAND,"(40.6098326, -74.1482565)",trafficstat,True,False,False,False,False,False,False,False,True,,,,,,,
2026-07-03,00:00,40.6086285,-74.1482327,STATEN ISLAND EXPY,10314,121,UNKNOWN,Highway,0.780688566388316,False,STATEN ISLAND,"(40.6086285, -74.1482327)",trafficstat,True,False,False,False,False,True,False,False,False,,,,,,,
2026-06-13,00:00,40.6086285,-74.1482327,STATEN ISLAND EXPY,10314,121,UNKNOWN,Highway,0.780688566388316,False,STATEN ISLAND,"(40.6086285, -74.1482327)",trafficstat,False,False,False,False,False,False,False,False,False,,,,,,,
2026-07-03,00:00,40.6019198,-74.1862482,GLEN ST,10314,121,OTHER,Street,1.134670873688986,False,STATEN ISLAND,"(40.6019198, -74.1862482)",trafficstat,False,False,False,False,False,False,False,False,False,,,,,,,
2026-07-03,00:00,40.638412,-74.13159,PARK AVE,10302,121,UNKNOWN,Street,1.5327628550929637,False,STATEN ISLAND,"(40.638412, -74.13159)",trafficstat,True,False,False,False,False,False,False,False,True,,,,,,,
2026-07-01,00:00,40.6308836,-74.1515396,LAKE AVE,10303,121,UNKNOWN,Street,51.685111918410314,False,STATEN ISLAND,"(40.6308836, -74.1515396)",trafficstat,False,False,False,False,False,False,False,False,False,,,,,,,
2026-06-30,00:00,40.5900309,-74.1935508,VICTORY BLVD,10314,121,UNKNOWN,Street,1.7728706237180158,False,STATEN ISLAND,"(40.5900309, -74.1935508)",trafficstat,True,False,False,False,False,False,False,True,False,,,,,,,
2026-06-30,00:00,40.5822164,-74.1576372,ESSEX DR,10314,121,UNKNOWN,Street,2.11427724533871,False,STATEN ISLAND,"(40.5822164, -74.1576372)",trafficstat,False,False,False,False,False,False,False,False,False,,,,,,,
2026-06-30,00:00,40.6091589,-74.149869,STATEN ISLAND EXPY,10314,121,UNKNOWN,Highway,0.45256607233190393,False,STATEN ISLAND,"(40.6091589, -74.149869)",trafficstat,True,False,False,False,False,False,False,False,True,,,,,,,
2026-06-26,00:00,40.6091589,-74.149869,STATEN ISLAND EXPY,10314,121,OTHER,Highway,0.45256607233190393,False,STATEN ISLAND,"(40.6091589, -74.149869)",trafficstat,False,False,False,False,False,False,False,False,False,,,,,,,
2026-06-30,00:00,40.6187422,-74.1760559,WEST SHORE EXPY,10314,121,OTHER,Highway,0.7448032526474281,False,STATEN ISLAND,"(40.6187422, -74.1760559)",trafficstat,False,False,False,False,False,False,False,False,False,,,,,,,
2026-06-30,00:00,40.6279245,-74.1423483,PORT RICHMOND AVE,10302,121,OTHER,Street,52.11333478706322,False,STATEN ISLAND,"(40.6279245, -74.1423483)",trafficstat,False,False,False,False,False,False,False,False,False,,,,,,,
2026-06-29,00:00,40.6262181,-74.157824,FOREST AVE,10303,121,UNKNOWN,Street,2.625304355245676,False,STATEN ISLAND,"(40.6262181, -74.157824)",trafficstat,True,False,False,False,False,False,False,False,True,,,,,,,
2026-06-29,00:00,40.625546,-74.1782173,STATEN ISLAND EXPY,10314,121,UNKNOWN,Highway,7.175704367307576,False,STATEN ISLAND,"(40.625546, -74.1782173)",trafficstat,True,False,False,False,False,False,False,True,False,,,,,,,
2026-06-28,00:00,40.6300697,-74.1866726,WESTERN AVE,10303,121,UNKNOWN,Street,2.072239265972951,False,STATEN ISLAND,"(40.6300697, -74.1866726)",trafficstat,True,False,False,False,False,False,False,True,False,,,,,,,
2026-06-28,00:00,40.6209043,-74.18593,,,121,OTHER,,322.3052706982529,False,STATEN ISLAND,"(40.6209043, -74.18593)",trafficstat,False,False,False,False,False,False,False,False,False,,,,,,,
2026-06-28,00:00,40.6077853,-74.1628477,VICTORY BLVD,10314,121,OTHER,Street,228.85793397271905,False,STATEN ISLAND,"(40.6077853, -74.1628477)",trafficstat,False,False,False,False,False,False,False,False,False,,,,,,,
2026-06-28,00:00,40.6093792,-74.1616275,DANNY CT,10314,121,UNKNOWN,Street,43.85537477228358,False,STATEN ISLAND,"(40.6093792, -74.1616275)",trafficstat,False,False,False,False,False,False,False,False,False,,,,,,,
2026-06-27,00:00,40.6146436,-74.1543322,WILLOW RD W,10314,121,UNKNOWN,Street,44.87799489421577,False,STATEN ISLAND,"(40.6146436, -74.1543322)",trafficstat,False,False,False,False,False,False,False,False,False,,,,,,,
2026-06-27,00:00,40.6146436,-74.1543322,WILLOW RD W,10314,121,OTHER,Street,44.87799489421577,False,STATEN ISLAND,"(40.6146436, -74.1543322)",trafficstat,False,False,False,False,False,False,False,False,False,,,,,,,
2026-06-27,00:00,40.6085333,-74.1466466,N  GANNON AVE,10314,121,OTHER,Street,44.99626888066998,False,STATEN ISLAND,"(40.6085333, -74.1466466)",trafficstat,True,False,True,False,False,False,False,False,False,,,,,,,
2026-06-27,00:00,40.6334771,-74.1472064,PULASKI AVE,10303,121,UNKNOWN,Street,50.00524937380615,False,STATEN ISLAND,"(40.6334771, -74.1472064)",trafficstat,True,False,False,False,False,False,False,True,False,,,,,,,
2026-06-27,00:00,40.63303,-74.13943,TREADWELL AVE,10302,121,UNKNOWN,Street,0.8939249615825574,False,STATEN ISLAND,"(40.63303, -74.13943)",trafficstat,True,False,False,True,False,False,False,False,False,,,,,,,
2026-06-25,00:00,40.616363,-74.1567562,RICHMOND AVE,10314,121,UNKNOWN,Street,1.3939072300203743,False,STATEN ISLAND,"(40.616363, -74.1567562)",trafficstat,False,False,False,False,False,False,False,False,False,,,,,,,
2026-06-25,00:00,40.6245617,-74.1587747,WILCOX ST,10303,121,UNKNOWN,Street,3.190697775424357,False,STATEN ISLAND,"(40.6245617, -74.1587747)",trafficstat,True,False,True,True,False,False,False,False,False,,,,,,,
2026-06-24,00:00,40.6088495,-74.1533855,LOOP RD,10314,121,UNKNOWN,Street,0.4641092162594244,False,STATEN ISLAND,"(40.6088495, -74.1533855)",trafficstat,True,False,False,False,False,False,False,False,True,,,,,,,
2026-06-23,00:00,40.6369319,-74.1561592,RICHMOND TER,10303,121,UNKNOWN,Street,37.019063999409305,False,STATEN ISLAND,"(40.6369319, -74.1561592)",trafficstat,False,False,False,False,False,False,False,False,False,,,,,,,
2026-06-23,00:00,40.6142563,-74.1537884,DR M L KING JR EP ET 10EW SB,10314,121,OTHER,Ramp,0.19254581134221266,False,STATEN ISLAND,"(40.6142563, -74.1537884)",trafficstat,True,False,False,False,False,False,False,True,True,,,,,,,
2026-06-22,00:00,40.6111473,-74.1679222,MERRILL AVE,10314,121,UNKNOWN,Street,54.141516468739674,False,STATEN ISLAND,"(40.6111473, -74.1679222)",trafficstat,False,False,False,False,False,False,False,False,False,,,,,,,
2026-06-22,00:00,40.5976927,-74.1370521,WALCOTT AVE,10314,121,OTHER,Street,56.10695908272693,False,STATEN ISLAND,"(40.5976927, -74.1370521)",trafficstat,False,False,False,False,False,False,False,False,False,,,,,,,
2026-06-22,00:00,40.6122612,-74.1360403,INGRAM AVE,10314,121,UNKNOWN,Street,0.44458628923384363,False,STATEN ISLAND,"(40.6122612, -74.1360403)",trafficstat,False,False,False,False,False,False,False,False,False,,,,,,,
2026-06-20,00:00,40.6122612,-74.1360403,INGRAM AVE,10314,121,UNKNOWN,Street,0.44458628923384363,False,STATEN ISLAND,"(40.6122612, -74.1360403)",trafficstat,True,False,False,False,False,False,False,True,False,,,,,,,
2026-06-21,00:00,40.6234057,-74.1440111,WILLOWBROOK RD,10302,121,OTHER,Street,56.10243224605705,False,STATEN ISLAND,"(40.6234057, -74.1440111)",trafficstat,True,False,True,False,False,False,False,False,False,,,,,,,
2026-06-21,00:00,40.5847956,-74.1603327,RICHMOND HILL RD,10314,121,OTHER,Street,1.9882301970755052,False,STATEN ISLAND,"(40.5847956, -74.1603327)",trafficstat,False,False,False,False,False,False,False,False,False,,,,,,,
2026-06-21,00:00,40.580795,-74.1693582,RICHMOND AVE,10314,121,UNKNOWN,Street,18.89288365255324,False,STATEN ISLAND,"(40.580795, -74.1693582)",trafficstat,False,False,False,False,False,False,False,False,False,,,,,,,
2026-06-21,00:00,40.6301748,-74.1352604,DECKER AVE,10302,121,UNKNOWN,Street,56.33187161570825,False,STATEN ISLAND,"(40.6301748, -74.1352604)",trafficstat,True,True,True,False,False,False,False,False,False,,,,,,,
2026-06-20,00:00,40.640266,-74.13513,FABER ST,10302,121,UNKNOWN,Street,0.5365430383555924,False,STATEN ISLAND,"(40.640266, -74.13513)",trafficstat,True,False,False,False,False,False,False,True,False,,,,,,,
2026-06-20,00:00,40.6084351,-74.1554374,VICTORY BLVD,10314,121,UNKNOWN,Street,3.3046356761563005,False,STATEN ISLAND,"(40.6084351, -74.1554374)",trafficstat,False,False,False,False,False,False,False,False,False,,,,,,,
2026-06-18,00:00,40.6225469,-74.1431724,COLLEGE AVE,10302,121,UNKNOWN,Street,61.31926356715493,False,STATEN ISLAND,"(40.6225469, -74.1431724)",trafficstat,False,False,False,False,False,False,False,False,False,,,,,,,
2026-06-17,00:00,40.6215322,-74.136794,DICKIE AVE,10314,121,OTHER,Street,0.9896243217110541,False,STATEN ISLAND,"(40.6215322, -74.136794)",trafficstat,False,False,False,False,False,False,False,False,False,,,,,,,
2026-06-17,00:00,40.6034816,-74.1304934,WELLBROOK AVE,10314,121,OTHER,Street,21.00841917401917,False,STATEN ISLAND,"(40.6034816, -74.1304934)",trafficstat,True,False,True,False,False,False,False,False,False,,,,,,,
2026-06-17,00:00,40.5837357,-74.1519661,LEWISTON ST,10314,121,UNKNOWN,Street,54.82041713720528,False,STATEN ISLAND,"(40.5837357, -74.1519661)",trafficstat,False,False,False,False,False,False,False,False,False,,,,,,,
2026-06-17,00:00,40.5883548,-74.1929806,WEST SHORE EXPY,10314,121,OTHER,Highway,12.097160377504181,False,STATEN ISLAND,"(40.5883548, -74.1929806)",trafficstat,False,False,False,False,False,False,False,False,False,,,,,,,
2026-06-17,00:00,40.6399185,-74.140814,RICHMOND TER,10302,121,OTHER,Street,93.66238902120374,False,STATEN ISLAND,"(40.6399185, -74.140814)",trafficstat,False,False,False,False,False,False,False,False,False,,,,,,,
2026-06-16,00:00,40.6265705,-74.1667699,SOUTH AVE,10303,121,OTHER,Street,0.5215472552130994,False,STATEN ISLAND,"(40.6265705, -74.1667699)",trafficstat,True,False,False,True,False,False,False,False,False,,,,,,,
2026-06-16,00:00,40.617974,-74.1378844,DICKIE AVE,10314,121,OTHER,Street,34.78249442391831,False,STATEN ISLAND,"(40.617974, -74.1378844)",trafficstat,False,False,False,False,False,False,False,False,False,,,,,,,
2026-06-16,00:00,40.6170931,-74.1351496,ST JOHN AVE,10314,121,UNKNOWN,Street,0.8097920373695935,False,STATEN ISLAND,"(40.6170931, -74.1351496)",trafficstat,True,False,False,False,False,False,False,True,False,,,,,,,
2026-06-16,00:00,40.6297785,-74.1412122,WALKER ST,10302,121,UNKNOWN,Street,43.496579816087454,False,STATEN ISLAND,"(40.6297785, -74.1412122)",trafficstat,False,False,False,False,False,False,False,False,False,,,,,,,
2026-06-16,00:00,40.6257726,-74.1347313,VELTMAN AVE,10302,121,UNKNOWN,Street,1.8059579413760336,False,STATEN ISLAND,"(40.6257726, -74.1347313)",trafficstat,True,False,False,False,False,False,False,False,True,,,,,,,
2026-06-16,00:00,40.6382111,-74.1331999,PORT RICHMOND AVE,10302,121,UNKNOWN,Street,1.8312083565294746,False,STATEN ISLAND,"(40.6382111, -74.1331999)",trafficstat,False,False,False,False,False,False,False,False,False,,,,,,,
2026-06-15,00:00,40.639565,-74.141045,OPENVIEW LN,10302,121,OTHER,Street,2.271919734577565,False,STATEN ISLAND,"(40.639565, -74.141045)",trafficstat,False,False,False,False,False,False,False,False,False,,,,,,,
2026-06-15,00:00,40.6360913,-74.1707366,ARLINGTON PL,10303,121,UNKNOWN,Street,52.40807076338627,False,STATEN ISLAND,"(40.6360913, -74.1707366)",trafficstat,False,False,False,False,False,False,False,False,False,,,,,,,
2026-06-15,00:00,40.6270039,-74.1545414,VAN NAME AVE,10303,121,UNKNOWN,Street,57.94646946070182,False,STATEN ISLAND,"(40.6270039, -74.1545414)",trafficstat,False,False,False,False,False,False,False,False,False,,,,,,,
2026-06-15,00:00,40.6206617,-74.1523932,ANITA ST,10314,121,UNKNOWN,Street,1.7124432158513019,False,STATEN ISLAND,"(40.6206617, -74.1523932)",trafficstat,False,False,False,False,False,False,False,False,False,,,,,,,
2026-06-15,00:00,40.5911733,-74.1915759,ROSWELL AVE,10314,121,UNKNOWN,Street,1.552234151057549,False,STATEN ISLAND,"(40.5911733, -74.1915759)",trafficstat,False,False,False,False,False,False,False,False,False,,,,,,,
2026-06-15,00:00,40.5867572,-74.1676383,RICHMOND AVE,10314,121,OTHER,Street,168.4719770290937,False,STATEN ISLAND,"(40.5867572, -74.1676383)",trafficstat,False,False,False,False,False,False,False,False,False,,,,,,,
2026-06-14,00:00,40.6215643,-74.1684828,SOUTH AVE,10314,121,UNKNOWN,Street,1.969883783544376,False,STATEN ISLAND,"(40.6215643, -74.1684828)",trafficstat,True,False,False,False,False,False,False,True,False,,,,,,,
2026-06-14,00:00,40.6402244,-74.1366666,RICHMOND TER,10302,121,OTHER,Street,2.9416414962089585,False,STATEN ISLAND,"(40.6402244, -74.1366666)",trafficstat,False,False,False,False,False,False,False,False,False,,,,,,,
2026-06-13,00:00,40.6359636,-74.1484829,HOUSMAN AVE,10303,121,UNKNOWN,Street,0.8254420488621309,False,STATEN ISLAND,"(40.6359636, -74.1484829)",trafficstat,False,False,False,False,False,False,False,False,False,,,,,,,