crash_date,crash_time,latitude,longitude,on_street_name,zip_code,precinct,collision_type,roadway_type,geocode_dist_feet,time_is_known,borough,location,source,injury,fatality,injured_pedestrian,injured_cyclist,injured_ebike_rider,injured_motorcyclist,injured_moped_rider,injured_car_occupant,injured_suv_occupant,number_of_persons_injured,number_of_persons_killed,contributing_factor_vehicle_1,collision_id,cross_street_name,off_street_name,vehicle_type_code1
2026-06-12,00:00,40.6124834,-74.1379755,O'CONNOR AVE,10314,121,UNKNOWN,Street,48.43253340672125,False,STATEN ISLAND,"(40.6124834, -74.1379755)",trafficstat,False,False,False,False,False,False,False,False,False,,,,,,,
2026-06-12,00:00,40.6179234,-74.1557765,RICHMOND AVE,10314,121,UNKNOWN,Street,1.7701559628620978,False,STATEN ISLAND,"(40.6179234, -74.1557765)",trafficstat,True,False,False,False,False,False,False,True,False,,,,,,,
2026-09-13,00:00,40.5742174,-74.1056305,HYLAN BLVD,10306,122,UNKNOWN,Street,66.62877742251793,False,STATEN ISLAND,"(40.5742174, -74.1056305)",trafficstat,False,False,False,False,False,False,False,False,False,,,,,,,
2026-09-12,00:00,40.6059596,-74.0760084,STATEN ISLAND EXPY,10305,122,UNKNOWN,Highway,0.131289221932614,False,STATEN ISLAND,"(40.6059596, -74.0760084)",trafficstat,True,False,False,False,False,False,False,True,False,,,,,,,
2026-09-07,00:00,40.6059596,-74.0760084,STATEN ISLAND EXPY,10305,122,OTHER,Highway,0.131289221932614,False,STATEN ISLAND,"(40.6059596, -74.0760084)",trafficstat,False,False,False,False,False,False,False,False,False,,,,,,,
2026-08-30,00:00,40.6059596,-74.0760084,STATEN ISLAND EXPY,10305,122,UNKNOWN,Highway,0.131289221932614,False,STATEN ISLAND,"(40.6059596, -74.0760084)",trafficstat,True,False,False,False,False,False,False,True,False,,,,,,,
2026-07-06,00:00,40.6059596,-74.0760084,STATEN ISLAND EXPY,10305,122,UNKNOWN,Highway,0.131289221932614,False,STATEN ISLAND,"(40.6059596, -74.0760084)",trafficstat,False,False,False,False,False,False,False,False,False,,,,,,,
2026-06-24,00:00,40.6059596,-74.0760084,STATEN ISLAND EXPY,10305,122,UNKNOWN,Highway,0.131289221932614,False,STATEN ISLAND,"(40.6059596, -74.0760084)",trafficstat,True,False,False,False,False,False,False,False,True,,,,,,,
2026-09-07,00:00,40.5870668,-74.0916182,GARRETSON AVE,10305,122,UNKNOWN,Street,2.5008435004659133,False,STATEN ISLAND,"(40.5870668, -74.0916182)",trafficstat,True,False,False,False,False,False,False,False,True,,,,,,,
2026-09-07,00:00,40.5622961,-74.106171,EBBITTS ST,10306,122,UNKNOWN,Street,2.1310503974212125,False,STATEN ISLAND,"(40.5622961, -74.106171)",trafficstat,True,False,False,False,False,False,False,True,False,,,,,,,
2026-09-07,00:00,40.5756143,-74.1479564,RICHMOND HILL RD,10306,122,OTHER,Street,1.2536217532901717,False,STATEN ISLAND,"(40.5756143, -74.1479564)",trafficstat,True,True,False,False,False,True,False,False,False,,,,,,,
2026-07-22,00:00,40.5756143,-74.1479564,RICHMOND HILL RD,10306,122,UNKNOWN,Street,1.2536217532901717,False,STATEN ISLAND,"(40.5756143, -74.1479564)",trafficstat,False,False,False,False,False,False,False,False,False,,,,,,,
2026-09-06,00:00,40.5495929,-74.1373916,KEEGANS LN,10308,122,UNKNOWN,Street,2.1924882471127747,False,STATEN ISLAND,"(40.5495929, -74.1373916)",trafficstat,False,False,False,False,False,False,False,False,False,,,,,,,
2026-09-05,00:00,40.5424294,-74.145904,NELSON AVE,10308,122,UNKNOWN,Street,1.8670326626952236,False,STATEN ISLAND,"(40.5424294, -74.145904)",trafficstat,True,False,False,False,False,True,False,False,False,,,,,,,
2026-08-08,00:00,40.5424294,-74.145904,NELSON AVE,10308,122,UNKNOWN,Street,1.8670326626952236,False,STATEN ISLAND,"(40.5424294, -74.145904)",trafficstat,False,False,False,False,False,False,False,False,False,,,,,,,
2026-07-08,00:00,40.5424294,-74.145904,NELSON AVE,10308,122,OTHER,Street,1.8670326626952236,False,STATEN ISLAND,"(40.5424294, -74.145904)",trafficstat,True,True,True,False,False,False,False,False,False,,,,,,,
2026-06-19,00:00,40.5424294,-74.145904,NELSON AVE,10308,122,UNKNOWN,Street,1.8670326626952236,False,STATEN ISLAND,"(40.5424294, -74.145904)",trafficstat,True,False,True,False,False,False,False,False,False,,,,,,,
2026-09-05,00:00,40.5363506,-74.1515858,HYLAN BLVD,10312,122,UNKNOWN,Street,11.54128360775817,False,STATEN ISLAND,"(40.5363506, -74.1515858)",trafficstat,True,False,False,False,False,False,False,False,True,,,,,,,
2026-09-05,00:00,40.574776,-74.11148,LOCUST AVE,10306,122,OTHER,Street,1.2982438892825197,False,STATEN ISLAND,"(40.574776, -74.11148)",trafficstat,False,False,False,False,False,False,False,False,False,,,,,,,
2026-09-05,00:00,40.565105,-74.14102,DINA CT,10306,122,OTHER,Street,1.7976528580051623,False,STATEN ISLAND,"(40.565105, -74.14102)",trafficstat,False,False,False,False,False,False,False,False,False,,,,,,,
2026-09-05,00:00,40.5958902,-74.0858761,QUINTARD ST,10305,122,OTHER,Street,2.9430379520253984,False,STATEN ISLAND,"(40.5958902, -74.0858761)",trafficstat,False,False,False,False,False,False,False,False,False,,,,,,,
2026-09-04,00:00,40.5907528,-74.0883647,BURGHER AVE,10305,122,UNKNOWN,Street,2.0022112304195883,False,STATEN ISLAND,"(40.5907528, -74.0883647)",trafficstat,True,False,True,False,False,False,False,False,False,,,,,,,
2026-08-13,00:00,40.5907528,-74.0883647,BURGHER AVE,10305,122,OTHER,Street,2.0022112304195883,False,STATEN ISLAND,"(40.5907528, -74.0883647)",trafficstat,True,False,True,False,False,False,False,False,False,,,,,,,
2026-06-23,00:00,40.5907528,-74.0883647,BURGHER AVE,10305,122,UNKNOWN,Street,2.0022112304195883,False,STATEN ISLAND,"(40.5907528, -74.0883647)",trafficstat,False,False,False,False,False,False,False,False,False,,,,,,,
2026-09-04,00:00,40.5716115,-74.0941706,LINCOLN AVE,10306,122,OTHER,Street,2.2648555600092837,False,STATEN ISLAND,"(40.5716115, -74.0941706)",trafficstat,True,False,True,False,False,False,False,False,False,,,,,,,
2026-09-04,00:00,40.5741061,-74.130941,RICHMOND RD,10306,122,UNKNOWN,Street,2.7734246169022905,False,STATEN ISLAND,"(40.5741061, -74.130941)",trafficstat,True,False,False,False,False,False,False,True,False,,,,,,,
2026-09-04,00:00,40.5746817,-74.1292827,RIEDEL AVE,10306,122,UNKNOWN,Street,0.7409434119789727,False,STATEN ISLAND,"(40.5746817, -74.1292827)",trafficstat,False,False,False,False,False,False,False,False,False,,,,,,,
2026-08-18,00:00,40.5746817,-74.1292827,RIEDEL AVE,10306,122,UNKNOWN,Street,0.7409434119789727,False,STATEN ISLAND,"(40.5746817, -74.1292827)",trafficstat,True,False,False,False,False,False,False,True,False,,,,,,,
2026-09-03,00:00,40.5791766,-74.1148197,RICHMOND RD,10306,122,UNKNOWN,Street,2.213286342947445,False,STATEN ISLAND,"(40.5791766, -74.1148197)",trafficstat,False,False,False,False,False,False,False,False,False,,,,,,,
2026-09-03,00:00,40.5704668,-74.1097619,NEW DORP LN,10306,122,UNKNOWN,Street,2.2031933582610743,False,STATEN ISLAND,"(40.5704668, -74.1097619)",trafficstat,True,False,False,False,False,True,False,False,False,,,,,,,
2026-07-11,00:00,40.5704668,-74.1097619,NEW DORP LN,10306,122,UNKNOWN,Street,2.2031933582610743,False,STATEN ISLAND,"(40.5704668, -74.1097619)",trafficstat,False,False,False,False,False,False,False,False,False,,,,,,,
2026-06-20,00:00,40.5704668,-74.1097619,NEW DORP LN,10306,122,UNKNOWN,Street,2.2031933582610743,False,STATEN ISLAND,"(40.5704668, -74.1097619)",trafficstat,False,False,False,False,False,False,False,False,False,,,,,,,
2026-09-02,00:00,40.5893449,-74.1014938,BUEL AVE,10304,122,UNKNOWN,Street,1.921018819466803,False,STATEN ISLAND,"(40.5893449, -74.1014938)",trafficstat,False,False,False,False,False,False,False,False,False,,,,,,,
2026-09-02,00:00,40.6008595,-74.0628571,TOMPKINS AVE,10305,122,OTHER,Street,1.3382162749894904,False,STATEN ISLAND,"(40.6008595, -74.0628571)",trafficstat,False,False,False,False,False,False,False,False,False,,,,,,,
2026-09-02,00:00,40.5732065,-74.0970993,KISWICK ST,10306,122,OTHER,Street,1.6626521801362322,False,STATEN ISLAND,"(40.5732065, -74.0970993)",trafficstat,False,False,False,False,False,False,False,False,False,,,,,,,
2026-07-05,00:00,40.5732065,-74.0970993,KISWICK ST,10306,122,UNKNOWN,Street,1.6626521801362322,False,STATEN ISLAND,"(40.5732065, -74.0970993)",trafficstat,False,False,False,False,False,False,False,False,False,,,,,,,
2026-09-01,00:00,40.5590062,-74.1340028,N  RAILROAD AVE,10306,122,UNKNOWN,Street,2.830928871983393,False,STATEN ISLAND,"(40.5590062, -74.1340028)",trafficstat,False,False,False,False,False,False,False,False,False,,,,,,,
2026-09-01,00:00,40.5991665,-74.123194,BRIELLE AVE,10314,122,OTHER,Street,2.4219440124997083,False,STATEN ISLAND,"(40.5991665, -74.123194)",trafficstat,False,False,False,False,False,False,False,False,False,,,,,,,
2026-06-14,00:00,40.5991665,-74.123194,BRIELLE AVE,10314,122,UNKNOWN,Street,2.4219440124997083,False,STATEN ISLAND,"(40.5991665, -74.123194)",trafficstat,True,False,False,False,False,False,False,True,False,,,,,,,
2026-09-01,00:00,40.6105177,-74.095754,STATEN ISLAND EXPY,10304,122,UNKNOWN,Highway,0.7237286767360331,False,STATEN ISLAND,"(40.6105177, -74.095754)",trafficstat,True,False,False,False,False,False,False,True,False,,,,,,,
2026-07-23,00:00,40.6105177,-74.095754,STATEN ISLAND EXPY,10304,122,UNKNOWN,Highway,0.7237286767360331,False,STATEN ISLAND,"(40.6105177, -74.095754)",trafficstat,False,False,False,False,False,False,False,False,False,,,,,,,
2026-09-01,00:00,40.5982441,-74.0874708,N  RAILROAD AVE,10304,122,UNKNOWN,Street,0.7828126166687693,False,STATEN ISLAND,"(40.5982441, -74.0874708)",trafficstat,False,False,False,False,False,False,False,False,False,,,,,,,
2026-08-31,00:00,40.588726,-74.08769,LACONIA AVE,10305,122,OTHER,Street,1.4294216465591143,False,STATEN ISLAND,"(40.588726, -74.08769)",trafficstat,True,False,False,False,False,False,False,False,True,,,,,,,
2026-08-31,00:00,40.571585,-74.1086335,HYLAN BLVD,10306,122,UNKNOWN,Street,15.911361380389012,False,STATEN ISLAND,"(40.571585, -74.1086335)",trafficstat,True,False,False,False,False,False,False,True,False,,,,,,,
2026-08-30,00:00,40.5763239,-74.1128241,S  RAILROAD AVE,10306,122,OTHER,Street,2.247591037554461,False,STATEN ISLAND,"(40.5763239, -74.1128241)",trafficstat,True,False,False,False,False,False,False,False,True,,,,,,,
2026-08-15,00:00,40.5763239,-74.1128241,S  RAILROAD AVE,10306,122,OTHER,Street,2.247591037554461,False,STATEN ISLAND,"(40.5763239, -74.1128241)",trafficstat,False,False,False,False,False,False,False,False,False,,,,,,,
2026-08-30,00:00,40.5695299,-74.1384764,BARBARA ST,10306,122,UNKNOWN,Street,2.0879515795462003,False,STATEN ISLAND,"(40.5695299, -74.1384764)",trafficstat,False,False,False,False,False,False,False,False,False,,,,,,,
2026-08-30,00:00,40.535,-74.153145,HYLAN BLVD,10312,122,UNKNOWN,Street,9.768117992698446,False,STATEN ISLAND,"(40.535, -74.153145)",trafficstat,False,False,False,False,False,False,False,False,False,,,,,,,
2026-08-30,00:00,40.5426217,-74.1521253,OCEANVIEW PL,10308,122,UNKNOWN,Street,1.7355028599035938,False,STATEN ISLAND,"(40.5426217, -74.1521253)",trafficstat,False,False,False,False,False,False,False,False,False,,,,,,,
2026-08-30,00:00,40.5745661,-74.1366798,AULTMAN AVE,10306,122,UNKNOWN,Street,0.021866175693284244,False,STATEN ISLAND,"(40.5745661, -74.1366798)",trafficstat,False,False,False,False,False,False,False,False,False,,,,,,,
2026-08-29,00:00,40.60194,-74.082184,CLOVE RD,10305,122,UNKNOWN,Street,0.7399076804112116,False,STATEN ISLAND,"(40.60194, -74.082184)",trafficstat,False,False,False,False,False,False,False,False,False,,,,,,,
2026-08-29,00:00,40.5681037,-74.1151462,CLAWSON ST,10306,122,UNKNOWN,Street,1.8750831185608658,False,STATEN ISLAND,"(40.5681037, -74.1151462)",trafficstat,False,False,False,False,False,False,False,False,False,,,,,,,
2026-08-29,00:00,40.5732197,-74.1069911,OTIS AVE,10306,122,OTHER,Street,2.149156439239266,False,STATEN ISLAND,"(40.5732197, -74.1069911)",trafficstat,False,False,False,False,False,False,False,False,False,,,,,,,
2026-08-28,00:00,40.5687633,-74.1114832,ROSS AVE,10306,122,OTHER,Street,2.419921514152896,False,STATEN ISLAND,"(40.5687633, -74.1114832)",trafficstat,False,False,False,False,False,False,False,False,False,,,,,,,
2026-06-13,00:00,40.5687633,-74.1114832,ROSS AVE,10306,122,UNKNOWN,Street,2.419921514152896,False,STATEN ISLAND,"(40.5687633, -74.1114832)",trafficstat,True,False,False,False,False,False,False,True,True,,,,,,,
2026-08-28,00:00,40.5903421,-74.0666242,SAND LN,10305,122,UNKNOWN,Street,0.30015741828068865,False,STATEN ISLAND,"(40.5903421, -74.0666242)",trafficstat,True,False,False,False,False,False,False,True,True,,,,,,,
2026-08-28,00:00,40.5870755,-74.1039242,SEAVER AVE,10306,122,UNKNOWN,Street,1.8687303102712374,False,STATEN ISLAND,"(40.5870755, -74.1039242)",trafficstat,True,False,True,False,False,False,False,False,False,,,,,,,
2026-08-26,00:00,40.5870755,-74.1039242,SEAVER AVE,10306,122,OTHER,Street,1.8687303102712374,False,STATEN ISLAND,"(40.5870755, -74.1039242)",trafficstat,True,False,True,False,False,False,False,False,False,,,,,,,
2026-08-21,00:00,40.5870755,-74.1039242,SEAVER AVE,10306,122,OTHER,Street,1.8687303102712374,False,STATEN ISLAND,"(40.5870755, -74.1039242)",trafficstat,False,False,False,False,False,False,False,False,False,,,,,,,
2026-08-27,00:00,40.6065519,-74.0835513,STATEN ISLAND EXPY,10304,122,UNKNOWN,Highway,42.91865667935896,False,STATEN ISLAND,"(40.6065519, -74.0835513)",trafficstat,False,False,False,False,False,False,False,False,False,,,,,,,
2026-08-27,00:00,40.574135,-74.0858,JEFFERSON AVE,10306,122,UNKNOWN,Street,1.8108193082274435,False,STATEN ISLAND,"(40.574135, -74.0858)",trafficstat,True,False,False,False,False,True,False,False,True,,,,,,,
2026-08-26,00:00,40.5698348,-74.121315,PRINCETON AVE,10306,122,OTHER,Street,2.2455525545573765,False,STATEN ISLAND,"(40.5698348, -74.121315)",trafficstat,False,False,False,False,False,False,False,False,False,,,,,,,
2026-08-26,00:00,40.5653552,-74.1187586,TYSENS LN,10306,122,UNKNOWN,Street,1.816374828947841,False,STATEN ISLAND,"(40.5653552, -74.1187586)",trafficstat,True,False,False,False,False,False,False,False,True,,,,,,,
2026-08-26,00:00,40.596197,-74.0902912,OLD   TOWN RD,10304,122,OTHER,Street,2.4484778001371366,False,STATEN ISLAND,"(40.596197, -74.0902912)",trafficstat,False,False,False,False,False,False,False,False,False,,,,,,,
2026-08-26,00:00,40.6111043,-74.1146636,STATEN ISLAND EXPY,10301,122,OTHER,Highway,2.025166631659955,False,STATEN ISLAND,"(40.6111043, -74.1146636)",trafficstat,True,False,False,False,False,False,False,False,True,,,,,,,
2026-08-05,00:00,40.6111043,-74.1146636,STATEN ISLAND EXPY,10301,122,UNKNOWN,Highway,2.025166631659955,False,STATEN ISLAND,"(40.6111043, -74.1146636)",trafficstat,True,False,False,False,False,True,False,False,False,,,,,,,
2026-08-25,00:00,40.6075657,-74.0871063,STATEN ISLAND EXPY,10304,122,UNKNOWN,Highway,0.22999589250353292,False,STATEN ISLAND,"(40.6075657, -74.0871063)",trafficstat,True,False,False,False,False,False,False,True,False,,,,,,,
2026-08-17,00:00,40.6075657,-74.0871063,STATEN ISLAND EXPY,10304,122,OTHER,Highway,0.22999589250353292,False,STATEN ISLAND,"(40.6075657, -74.0871063)",trafficstat,False,False,False,False,False,False,False,False,False,,,,,,,
2026-08-25,00:00,40.6099925,-74.1201649,STATEN ISLAND EXPY,10314,122,OTHER,Highway,0.6108241500538893,False,STATEN ISLAND,"(40.6099925, -74.1201649)",trafficstat,True,False,False,False,False,False,False,True,False,,,,,,,
2026-07-13,00:00,40.6099925,-74.1201649,STATEN ISLAND EXPY,10314,122,OTHER,Highway,0.6108241500538893,False,STATEN ISLAND,"(40.6099925, -74.1201649)",trafficstat,True,False,False,False,False,False,False,False,True,,,,,,,
2026-08-25,00:00,40.5639215,-74.1158542,TYSENS LN,10306,122,OTHER,Street,86.58097266777729,False,STATEN ISLAND,"(40.5639215, -74.1158542)",trafficstat,False,False,False,False,False,False,False,False,False,,,,,,,
2026-08-25,00:00,40.5534889,-74.1317787,JUSTIN AVE,10306,122,UNKNOWN,Street,2.228773546307562,False,STATEN ISLAND,"(40.5534889, -74.1317787)",trafficstat,True,False,False,False,False,False,False,True,False,,,,,,,
2026-08-24,00:00,40.562138,-74.11818,HYLAN BLVD,10306,122,UNKNOWN,Street,17.099438080942743,False,STATEN ISLAND,"(40.562138, -74.11818)",trafficstat,True,False,False,True,False,False,False,False,False,,,,,,,
2026-08-24,00:00,40.5663885,-74.1115045,,,122,OTHER,,355.05712164613567,False,STATEN ISLAND,"(40.5663885, -74.1115045)",trafficstat,False,False,False,False,False,False,False,False,False,,,,,,,
2026-08-10,00:00,40.5663885,-74.1115045,,,122,UNKNOWN,,355.05712164613567,False,STATEN ISLAND,"(40.5663885, -74.1115045)",trafficstat,False,False,False,False,False,False,False,False,False,,,,,,,
2026-08-04,00:00,40.5663885,-74.1115045,,,122,UNKNOWN,,355.05712164613567,False,STATEN ISLAND,"(40.5663885, -74.1115045)",trafficstat,True,False,True,False,False,False,False,False,False,,,,,,,
2026-08-02,00:00,40.5663885,-74.1115045,,,122,UNKNOWN,,355.05712164613567,False,STATEN ISLAND,"(40.5663885, -74.1115045)",trafficstat,False,False,False,False,False,False,False,False,False,,,,,,,
2026-06-19,00:00,40.5663885,-74.1115045,,,122,OTHER,,355.05712164613567,False,STATEN ISLAND,"(40.5663885, -74.1115045)",trafficstat,False,False,False,False,False,False,False,False,False,,,,,,,
2026-08-24,00:00,40.584859,-74.0717747,FATHER CAPODANNO BLVD,10305,122,UNKNOWN,Street,1.18231981723,False,STATEN ISLAND,"(40.584859, -74.0717747)",trafficstat,True,False,False,False,False,False,False,False,True,,,,,,,
2026-08-24,00:00,40.577945,-74.1023152,MIDLAND AVE,10306,122,UNKNOWN,Street,1.8946825391146185,False,STATEN ISLAND,"(40.577945, -74.1023152)",trafficstat,False,False,False,False,False,False,False,False,False,,,,,,,
2026-08-11,00:00,40.577945,-74.1023152,MIDLAND AVE,10306,122,UNKNOWN,Street,1.8946825391146185,False,STATEN ISLAND,"(40.577945, -74.1023152)",trafficstat,False,False,False,False,False,False,False,False,False,,,,,,,
2026-08-24,00:00,40.610261,-74.0974882,EMERSON DR,10304,122,UNKNOWN,Street,1.319957384018418,False,STATEN ISLAND,"(40.610261, -74.0974882)",trafficstat,False,False,False,False,False,False,False,False,False,,,,,,,
2026-08-23,00:00,40.600395,-74.073253,POUCH TER,10305,122,UNKNOWN,Street,2.6162546643342757,False,STATEN ISLAND,"(40.600395, -74.073253)",trafficstat,False,False,False,False,False,False,False,False,False,,,,,,,
2026-08-23,00:00,40.5749642,-74.1052336,HYLAN BLVD,10306,122,OTHER,Street,14.703367193058881,False,STATEN ISLAND,"(40.5749642, -74.1052336)",trafficstat,True,False,False,False,False,False,False,True,False,,,,,,,
2026-08-23,00:00,40.5649413,-74.1551131,MILES AVE,10308,122,OTHER,Street,0.9357415355361521,False,STATEN ISLAND,"(40.5649413, -74.1551131)",trafficstat,False,False,False,False,False,False,False,False,False,,,,,,,
2026-08-22,00:00,40.57917,-74.10105,HAMDEN AVE,10306,122,UNKNOWN,Street,1.5653418930887686,False,STATEN ISLAND,"(40.57917, -74.10105)",trafficstat,True,False,False,False,False,False,False,True,False,,,,,,,
2026-08-21,00:00,40.5806176,-74.1525287,FOREST HILL RD,10314,122,OTHER,Street,1.9883115338209145,False,STATEN ISLAND,"(40.5806176, -74.1525287)",trafficstat,False,False,False,False,False,False,False,False,False,,,,,,,
2026-08-21,00:00,40.5708901,-74.1099627,NEW DORP LN,10306,122,UNKNOWN,Street,91.13314890353975,False,STATEN ISLAND,"(40.5708901, -74.1099627)",trafficstat,False,False,False,False,False,False,False,False,False,,,,,,,
2026-08-20,00:00,40.5643098,-74.1101405,MILL RD,10306,122,OTHER,Street,1.7388337842812822,False,STATEN ISLAND,"(40.5643098, -74.1101405)",trafficstat,False,False,False,False,False,False,False,False,False,,,,,,,
2026-07-15,00:00,40.5643098,-74.1101405,MILL RD,10306,122,UNKNOWN,Street,1.7388337842812822,False,STATEN ISLAND,"(40.5643098, -74.1101405)",trafficstat,True,False,False,True,False,False,False,False,False,,,,,,,
2026-06-19,00:00,40.5643098,-74.1101405,MILL RD,10306,122,OTHER,Street,1.7388337842812822,False,STATEN ISLAND,"(40.5643098, -74.1101405)",trafficstat,False,False,False,False,False,False,False,False,False,,,,,,,
2026-08-20,00:00,40.5656303,-74.1207783,PENN AVE,10306,122,UNKNOWN,Street,1.7200333049279115,False,STATEN ISLAND,"(40.5656303, -74.1207783)",trafficstat,False,False,False,False,False,False,False,False,False,,,,,,,
2026-08-20,00:00,40.5865724,-74.0920495,SEAVIEW AVE,10305,122,OTHER,Street,0.31521872449656324,False,STATEN ISLAND,"(40.5865724, -74.0920495)",trafficstat,True,False,True,False,False,False,False,False,False,,,,,,,
2026-07-07,00:00,40.5865724,-74.0920495,SEAVIEW AVE,10305,122,UNKNOWN,Street,0.31521872449656324,False,STATEN ISLAND,"(40.5865724, -74.0920495)",trafficstat,True,False,False,False,False,False,False,True,False,,,,,,,
2026-07-06,00:00,40.5865724,-74.0920495,SEAVIEW AVE,10305,122,UNKNOWN,Street,0.31521872449656324,False,STATEN ISLAND,"(40.5865724, -74.0920495)",trafficstat,True,False,True,False,False,False,False,False,False,,,,,,,
2026-08-19,00:00,40.576504,-74.10369,HYLAN BLVD,10306,122,UNKNOWN,Street,0.5429364442165702,False,STATEN ISLAND,"(40.576504, -74.10369)",trafficstat,True,False,False,False,False,False,False,True,False,,,,,,,
2026-08-19,00:00,40.5783898,-74.1269356,ROCKLAND AVE,10306,122,UNKNOWN,Street,0.9926205420934243,False,STATEN ISLAND,"(40.5783898, -74.1269356)",trafficstat,False,False,False,False,False,False,False,False,False,,,,,,,
2026-08-19,00:00,40.6072872,-74.0887611,ODER AVE,10304,122,UNKNOWN,Street,2.2145394215785337,False,STATEN ISLAND,"(40.6072872, -74.0887611)",trafficstat,True,False,False,False,False,False,False,True,False,,,,,,,
2026-06-14,00:00,40.6072872,-74.0887611,ODER AVE,10304,122,UNKNOWN,Street,2.2145394215785337,False,STATEN ISLAND,"(40.6072872, -74.0887611)",trafficstat,False,False,False,False,False,False,False,False,False,,,,,,,
2026-08-19,00:00,40.5644436,-74.1267543,S  RAILROAD AVE,10306,122,UNKNOWN,Street,1.851221242748005,False,STATEN ISLAND,"(40.5644436, -74.1267543)",trafficstat,False,False,False,False,False,False,False,False,False,,,,,,,
2026-08-17,00:00,40.5644436,-74.1267543,S  RAILROAD AVE,10306,122,UNKNOWN,Street,1.851221242748005,False,STATEN ISLAND,"(40.5644436, -74.1267543)",trafficstat,False,False,False,False,False,False,False,False,False,,,,,,,
2026-08-19,00:00,40.5437782,-74.1634581,RIDGECREST AVE,10312,122,UNKNOWN,Street,1.7218294990234193,False,STATEN ISLAND,"(40.5437782, -74.1634581)",trafficstat,False,False,False,False,False,False,False,False,False,,,,,,,
2026-08-16,00:00,40.5579274,-74.1617437,ARMSTRONG AVE,10308,122,UNKNOWN,Street,0.0746717881442624,False,STATEN ISLAND,"(40.5579274, -74.1617437)",trafficstat,True,False,False,False,False,False,False,False,True,,,,,,,
2026-08-16,00:00,40.560941,-74.1497233,GREAVES AVE,10308,122,OTHER,Street,0.8288167357995019,False,STATEN ISLAND,"(40.560941, -74.1497233)",trafficstat,False,False,False,False,False,False,False,False,False,,,,,,,
2026-08-16,00:00,40.5911161,-74.0875137,EVERGREEN AVE,10305,122,OTHER,Street,23.174832134667298,False,STATEN ISLAND,"(40.5911161, -74.0875137)",trafficstat,False,False,False,False,False,False,False,False,False,,,,,,,
2026-08-15,00:00,40.5812421,-74.0984394,JEFFERSON AVE,10306,122,UNKNOWN,Street,1.7235286474228955,False,STATEN ISLAND,"(40.5812421, -74.0984394)",trafficstat,True,False,False,False,False,False,False,False,True,,,,,,,
2026-08-15,00:00,40.5859215,-74.1052581,JEFFERSON AVE,10306,122,UNKNOWN,Street,2.022414326704562,False,STATEN ISLAND,"(40.5859215, -74.1052581)",trafficstat,True,False,False,False,False,False,False,True,False,,,,,,,
2026-08-14,00:00,40.59366,-74.080894,PARKINSON AVE,10305,122,UNKNOWN,Street,0.7249656462071772,False,STATEN ISLAND,"(40.59366, -74.080894)",trafficstat,False,False,False,False,False,False,False,False,False,,,,,,,
2026-08-14,00:00,40.563393,-74.141304,GARTH CT,10306,122,UNKNOWN,Street,1.7810930368183697,False,STATEN ISLAND,"(40.563393, -74.141304)",trafficstat,False,False,False,False,False,False,False,False,False,,,,,,,
2026-08-14,00:00,40.5639166,-74.1163627,TYSENS LN,10306,122,UNKNOWN,Street,1.773916089450625,False,STATEN ISLAND,"(40.5639166, -74.1163627)",trafficstat,False,False,False,False,False,False,False,False,False,,,,,,,
2026-08-05,00:00,40.5639166,-74.1163627,TYSENS LN,10306,122,UNKNOWN,Street,1.773916089450625,False,STATEN ISLAND,"(40.5639166, -74.1163627)",trafficstat,True,False,True,False,False,False,False,False,False,,,,,,,
2026-08-05,00:00,40.5639166,-74.1163627,TYSENS LN,10306,122,OTHER,Street,1.773916089450625,False,STATEN ISLAND,"(40.5639166, -74.1163627)",trafficstat,True,False,True,False,False,False,False,False,False,,,,,,,
2026-07-05,00:00,40.5639166,-74.1163627,TYSENS LN,10306,122,UNKNOWN,Street,1.773916089450625,False,STATEN ISLAND,"(40.5639166, -74.1163627)",trafficstat,False,False,False,False,False,False,False,False,False,,,,,,,
2026-08-13,00:00,40.546255,-74.1588657,ARMSTRONG AVE,10308,122,UNKNOWN,Street,0.1961649697197927,False,STATEN ISLAND,"(40.546255, -74.1588657)",trafficstat,True,False,False,False,False,False,False,True,False,,,,,,,
2026-08-13,00:00,40.6047872,-74.0844687,MOSEL AVE,10304,122,UNKNOWN,Street,1.8613916958962202,False,STATEN ISLAND,"(40.6047872, -74.0844687)",trafficstat,False,False,False,False,False,False,False,False,False,,,,,,,
2026-08-13,00:00,40.60181,-74.09283,RICHMOND RD,10304,122,UNKNOWN,Street,1.0025356265650263,False,STATEN ISLAND,"(40.60181, -74.09283)",trafficstat,False,False,False,False,False,False,False,False,False,,,,,,,
2026-08-12,00:00,40.6102404,-74.1052907,STATEN ISLAND EXPY,10301,122,UNKNOWN,Highway,22.17255546176775,False,STATEN ISLAND,"(40.6102404, -74.1052907)",trafficstat,True,False,False,False,False,False,False,False,True,,,,,,,
2026-08-12,00:00,40.5956251,-74.0741868,MC CLEAN AVE,10305,122,UNKNOWN,Street,38.342561753063215,False,STATEN ISLAND,"(40.5956251, -74.0741868)",trafficstat,True,False,False,False,False,False,False,False,True,,,,,,,