crash_date,crash_time,latitude,longitude,on_street_name,zip_code,precinct,collision_type,roadway_type,geocode_dist_feet,time_is_known,borough,location,source,injury,fatality,injured_pedestrian,injured_cyclist,injured_ebike_rider,injured_motorcyclist,injured_moped_rider,injured_car_occupant,injured_suv_occupant,number_of_persons_injured,number_of_persons_killed,contributing_factor_vehicle_1,collision_id,cross_street_name,off_street_name,vehicle_type_code1
2026-08-12,00:00,40.5345857,-74.1536144,HYLAN BLVD,10312,122,UNKNOWN,Street,13.74387204553827,False,STATEN ISLAND,"(40.5345857, -74.1536144)",trafficstat,True,False,False,False,False,False,False,True,False,,,,,,,
2026-08-11,00:00,40.5732095,-74.1200469,3 ST,10306,122,UNKNOWN,Street,2.1708240499878175,False,STATEN ISLAND,"(40.5732095, -74.1200469)",trafficstat,False,False,False,False,False,False,False,False,False,,,,,,,
2026-08-11,00:00,40.5818137,-74.0977203,HYLAN BLVD,10306,122,OTHER,Street,1.8501160468816849,False,STATEN ISLAND,"(40.5818137, -74.0977203)",trafficstat,True,False,False,False,False,False,False,True,False,,,,,,,
2026-08-10,00:00,40.5854076,-74.1058837,HULL AVE,10306,122,UNKNOWN,Street,1.8222308284193522,False,STATEN ISLAND,"(40.5854076, -74.1058837)",trafficstat,False,False,False,False,False,False,False,False,False,,,,,,,
2026-07-14,00:00,40.5854076,-74.1058837,HULL AVE,10306,122,OTHER,Street,1.8222308284193522,False,STATEN ISLAND,"(40.5854076, -74.1058837)",trafficstat,True,False,False,False,False,False,False,True,False,,,,,,,
2026-08-10,00:00,40.6021368,-74.11487,TODT HILL RD,10304,122,UNKNOWN,Street,1.2941393445161558,False,STATEN ISLAND,"(40.6021368, -74.11487)",trafficstat,True,False,False,False,False,False,False,True,False,,,,,,,
2026-08-10,00:00,40.5765027,-74.1036881,HYLAN BLVD,10306,122,UNKNOWN,Street,1.1379901166816149,False,STATEN ISLAND,"(40.5765027, -74.1036881)",trafficstat,True,False,False,False,False,False,False,True,True,,,,,,,
2026-08-10,00:00,40.5523689,-74.1518524,RHETT AVE,10308,122,OTHER,Street,0.3138470678291212,False,STATEN ISLAND,"(40.5523689, -74.1518524)",trafficstat,True,False,False,False,False,False,False,True,False,,,,,,,
2026-08-09,00:00,40.5528684,-74.1431514,AMBOY RD,10308,122,OTHER,Street,34.75931833809291,False,STATEN ISLAND,"(40.5528684, -74.1431514)",trafficstat,False,False,False,False,False,False,False,False,False,,,,,,,
2026-08-09,00:00,40.6048317,-74.1157596,TILLMAN ST,10314,122,OTHER,Street,51.45004250471653,False,STATEN ISLAND,"(40.6048317, -74.1157596)",trafficstat,False,False,False,False,False,False,False,False,False,,,,,,,
2026-08-09,00:00,40.5903775,-74.1068782,NORTHENTRY RD,10304,122,OTHER,Street,0.26234139332128675,False,STATEN ISLAND,"(40.5903775, -74.1068782)",trafficstat,False,False,False,False,False,False,False,False,False,,,,,,,
2026-08-09,00:00,40.592342,-74.06418,DOTY AVE,10305,122,UNKNOWN,Street,1.5438816985053052,False,STATEN ISLAND,"(40.592342, -74.06418)",trafficstat,False,False,False,False,False,False,False,False,False,,,,,,,
2026-08-09,00:00,40.5765258,-74.1434658,RIGBY AVE,10306,122,UNKNOWN,Street,0.5678193620519545,False,STATEN ISLAND,"(40.5765258, -74.1434658)",trafficstat,True,False,True,False,False,False,False,False,False,,,,,,,
2026-08-08,00:00,40.5630847,-74.1245059,LEEDS ST,10306,122,UNKNOWN,Street,1.8401672142476488,False,STATEN ISLAND,"(40.5630847, -74.1245059)",trafficstat,True,False,False,False,False,False,False,False,True,,,,,,,
2026-08-08,00:00,40.5594392,-74.1248014,HYLAN BLVD,10306,122,UNKNOWN,Street,18.83336400529485,False,STATEN ISLAND,"(40.5594392, -74.1248014)",trafficstat,False,False,False,False,False,False,False,False,False,,,,,,,
2026-08-07,00:00,40.5433351,-74.1642702,AMBOY RD,10312,122,UNKNOWN,Street,1.7133690843557017,False,STATEN ISLAND,"(40.5433351, -74.1642702)",trafficstat,True,False,True,False,False,False,False,False,False,,,,,,,
2026-06-27,00:00,40.5433351,-74.1642702,AMBOY RD,10312,122,UNKNOWN,Street,1.7133690843557017,False,STATEN ISLAND,"(40.5433351, -74.1642702)",trafficstat,False,False,False,False,False,False,False,False,False,,,,,,,
2026-06-18,00:00,40.5433351,-74.1642702,AMBOY RD,10312,122,UNKNOWN,Street,1.7133690843557017,False,STATEN ISLAND,"(40.5433351, -74.1642702)",trafficstat,False,False,False,False,False,False,False,False,False,,,,,,,
2026-08-07,00:00,40.5792515,-74.0778017,FATHER CAPODANNO BLVD,10305,122,UNKNOWN,Street,18.83001217294673,False,STATEN ISLAND,"(40.5792515, -74.0778017)",trafficstat,False,False,False,False,False,False,False,False,False,,,,,,,
2026-08-07,00:00,40.5657799,-74.1194792,TYSENS LN,10306,122,UNKNOWN,Street,1.8870988876526185,False,STATEN ISLAND,"(40.5657799, -74.1194792)",trafficstat,False,False,False,False,False,False,False,False,False,,,,,,,
2026-08-07,00:00,40.6033569,-74.1047598,OCEAN TER,10301,122,UNKNOWN,Street,2.6804937987714994,False,STATEN ISLAND,"(40.6033569, -74.1047598)",trafficstat,False,False,False,False,False,False,False,False,False,,,,,,,
2026-08-07,00:00,40.5920842,-74.0679509,SAND LN,10305,122,OTHER,Street,0.4590558678786934,False,STATEN ISLAND,"(40.5920842, -74.0679509)",trafficstat,False,False,False,False,False,False,False,False,False,,,,,,,
2026-08-02,00:00,40.5920842,-74.0679509,SAND LN,10305,122,OTHER,Street,0.4590558678786934,False,STATEN ISLAND,"(40.5920842, -74.0679509)",trafficstat,True,False,False,False,False,False,False,False,True,,,,,,,
2026-08-06,00:00,40.5940175,-74.094308,BURGHER AVE,10304,122,OTHER,Street,52.93276306603549,False,STATEN ISLAND,"(40.5940175, -74.094308)",trafficstat,True,False,False,False,False,False,False,True,False,,,,,,,
2026-08-06,00:00,40.6064354,-74.120031,AREA PL,10314,122,UNKNOWN,Street,0.6403485574193676,False,STATEN ISLAND,"(40.6064354, -74.120031)",trafficstat,True,False,False,False,False,False,False,True,False,,,,,,,
2026-08-06,00:00,40.5652551,-74.1300887,AMBOY RD,10306,122,UNKNOWN,Street,2.6688583272994744,False,STATEN ISLAND,"(40.5652551, -74.1300887)",trafficstat,False,False,False,False,False,False,False,False,False,,,,,,,
2026-08-04,00:00,40.5472193,-74.1479151,CLEVELAND AVE,10308,122,UNKNOWN,Street,1.174509434001231,False,STATEN ISLAND,"(40.5472193, -74.1479151)",trafficstat,True,False,False,False,False,True,False,False,False,,,,,,,
2026-08-04,00:00,40.5986581,-74.0723976,HYLAN BLVD,10305,122,UNKNOWN,Street,1.5656557750277265,False,STATEN ISLAND,"(40.5986581, -74.0723976)",trafficstat,True,False,False,False,False,False,False,False,True,,,,,,,
2026-08-03,00:00,40.6082616,-74.0887855,STATEN ISLAND EXPY,10304,122,UNKNOWN,Highway,1.266890097223487,False,STATEN ISLAND,"(40.6082616, -74.0887855)",trafficstat,False,False,False,False,False,False,False,False,False,,,,,,,
2026-06-19,00:00,40.6082616,-74.0887855,STATEN ISLAND EXPY,10304,122,UNKNOWN,Highway,1.266890097223487,False,STATEN ISLAND,"(40.6082616, -74.0887855)",trafficstat,False,False,False,False,False,False,False,False,False,,,,,,,
2026-08-03,00:00,40.5715006,-74.121624,AMBOY RD,10306,122,UNKNOWN,Street,2.6095851657753317,False,STATEN ISLAND,"(40.5715006, -74.121624)",trafficstat,True,False,False,False,False,False,False,False,True,,,,,,,
2026-08-03,00:00,40.6061108,-74.0798188,STATEN ISLAND EXPY,10305,122,OTHER,Highway,0.30659011145371406,False,STATEN ISLAND,"(40.6061108, -74.0798188)",trafficstat,False,False,False,False,False,False,False,False,False,,,,,,,
2026-08-02,00:00,40.6087758,-74.0911293,RICHMOND RD,10304,122,UNKNOWN,Street,1.1323351835770774,False,STATEN ISLAND,"(40.6087758, -74.0911293)",trafficstat,False,False,False,False,False,False,False,False,False,,,,,,,
2026-08-02,00:00,40.5785186,-74.119953,NIGHTINGALE ST,10306,122,OTHER,Street,46.51572810626823,False,STATEN ISLAND,"(40.5785186, -74.119953)",trafficstat,False,False,False,False,False,False,False,False,False,,,,,,,
2026-08-02,00:00,40.5819665,-74.0849726,OLYMPIA BLVD,10305,122,UNKNOWN,Street,2.077212012425469,False,STATEN ISLAND,"(40.5819665, -74.0849726)",trafficstat,False,False,False,False,False,False,False,False,False,,,,,,,
2026-07-31,00:00,40.5967352,-74.0704403,SAND LN,10305,122,UNKNOWN,Street,0.878867238139284,False,STATEN ISLAND,"(40.5967352, -74.0704403)",trafficstat,False,False,False,False,False,False,False,False,False,,,,,,,
2026-07-31,00:00,40.6038424,-74.0689403,STATEN ISLAND EXPY,10305,122,UNKNOWN,Highway,1.3426437758814567,False,STATEN ISLAND,"(40.6038424, -74.0689403)",trafficstat,False,False,False,False,False,False,False,False,False,,,,,,,
2026-07-30,00:00,40.59781,-74.07177,SAND LN,10305,122,UNKNOWN,Street,1.2520639059027798,False,STATEN ISLAND,"(40.59781, -74.07177)",trafficstat,False,False,False,False,False,False,False,False,False,,,,,,,
2026-07-30,00:00,40.5985667,-74.0817024,NORWAY AVE,10305,122,UNKNOWN,Street,1.0090031723762012,False,STATEN ISLAND,"(40.5985667, -74.0817024)",trafficstat,False,False,False,False,False,False,False,False,False,,,,,,,
2026-06-24,00:00,40.5985667,-74.0817024,NORWAY AVE,10305,122,UNKNOWN,Street,1.0090031723762012,False,STATEN ISLAND,"(40.5985667, -74.0817024)",trafficstat,False,False,False,False,False,False,False,False,False,,,,,,,
2026-07-30,00:00,40.5649742,-74.1332986,CLARKE AVE,10306,122,UNKNOWN,Street,2.7015217517340044,False,STATEN ISLAND,"(40.5649742, -74.1332986)",trafficstat,True,False,False,False,False,False,False,False,True,,,,,,,
2026-06-23,00:00,40.5649742,-74.1332986,CLARKE AVE,10306,122,UNKNOWN,Street,2.7015217517340044,False,STATEN ISLAND,"(40.5649742, -74.1332986)",trafficstat,True,False,False,True,False,False,False,False,False,,,,,,,
2026-07-30,00:00,40.564438,-74.15477,MILES AVE,10308,122,UNKNOWN,Street,2.113417154585578,False,STATEN ISLAND,"(40.564438, -74.15477)",trafficstat,False,False,False,False,False,False,False,False,False,,,,,,,
2026-07-29,00:00,40.5743955,-74.1058015,HYLAN BLVD,10306,122,OTHER,Street,10.484388918540173,False,STATEN ISLAND,"(40.5743955, -74.1058015)",trafficstat,False,False,False,False,False,False,False,False,False,,,,,,,
2026-07-28,00:00,40.551563,-74.145294,GREAT KILLS RD,10308,122,UNKNOWN,Street,1.957879606890463,False,STATEN ISLAND,"(40.551563, -74.145294)",trafficstat,False,False,False,False,False,False,False,False,False,,,,,,,
2026-07-27,00:00,40.560289,-74.1692096,WAINWRIGHT AVE,10312,122,UNKNOWN,Street,147.20351163097325,False,STATEN ISLAND,"(40.560289, -74.1692096)",trafficstat,False,False,False,False,False,False,False,False,False,,,,,,,
2026-07-27,00:00,40.5591267,-74.1694734,DRUMGOOLE RD E,10312,122,UNKNOWN,Street,2.9077671015070092,False,STATEN ISLAND,"(40.5591267, -74.1694734)",trafficstat,False,False,False,False,False,False,False,False,False,,,,,,,
2026-07-27,00:00,40.5342668,-74.1539734,RICHMOND AVE,10312,122,UNKNOWN,Street,2.4304134595006794,False,STATEN ISLAND,"(40.5342668, -74.1539734)",trafficstat,True,False,True,False,False,False,False,False,False,,,,,,,
2026-07-27,00:00,40.5750229,-74.1182971,3 ST,10306,122,UNKNOWN,Street,1.9494984542758946,False,STATEN ISLAND,"(40.5750229, -74.1182971)",trafficstat,False,False,False,False,False,False,False,False,False,,,,,,,
2026-07-27,00:00,40.5900146,-74.0917626,DELAWARE AVE,10305,122,UNKNOWN,Street,2.276947033015309,False,STATEN ISLAND,"(40.5900146, -74.0917626)",trafficstat,True,False,False,False,False,False,False,False,True,,,,,,,
2026-07-27,00:00,40.5968498,-74.0620539,LILY POND AVE,10305,122,UNKNOWN,Street,14.243880550478746,False,STATEN ISLAND,"(40.5968498, -74.0620539)",trafficstat,False,False,False,False,False,False,False,False,False,,,,,,,
2026-07-09,00:00,40.5968498,-74.0620539,LILY POND AVE,10305,122,UNKNOWN,Street,14.243880550478746,False,STATEN ISLAND,"(40.5968498, -74.0620539)",trafficstat,False,False,False,False,False,False,False,False,False,,,,,,,
2026-07-26,00:00,40.57925,-74.077805,FATHER CAPODANNO BLVD,10305,122,UNKNOWN,Street,19.123401471610432,False,STATEN ISLAND,"(40.57925, -74.077805)",trafficstat,True,False,False,False,False,False,False,True,False,,,,,,,
2026-07-24,00:00,40.5948085,-74.0863176,HYLAN BLVD,10305,122,UNKNOWN,Street,21.953368546333007,False,STATEN ISLAND,"(40.5948085, -74.0863176)",trafficstat,False,False,False,False,False,False,False,False,False,,,,,,,
2026-07-24,00:00,40.5515706,-74.1473634,ADRIENNE PL,10308,122,UNKNOWN,Street,1.3470686505339948,False,STATEN ISLAND,"(40.5515706, -74.1473634)",trafficstat,True,False,True,True,False,False,False,False,False,,,,,,,
2026-07-23,00:00,40.5515622,-74.1452942,GREAT KILLS RD,10308,122,UNKNOWN,Street,2.204259865863848,False,STATEN ISLAND,"(40.5515622, -74.1452942)",trafficstat,False,False,False,False,False,False,False,False,False,,,,,,,
2026-06-15,00:00,40.5515622,-74.1452942,GREAT KILLS RD,10308,122,UNKNOWN,Street,2.204259865863848,False,STATEN ISLAND,"(40.5515622, -74.1452942)",trafficstat,True,False,False,False,False,False,False,True,False,,,,,,,
2026-07-23,00:00,40.546059,-74.1604455,AMBOY RD,10312,122,UNKNOWN,Street,193.00502887561424,False,STATEN ISLAND,"(40.546059, -74.1604455)",trafficstat,False,False,False,False,False,False,False,False,False,,,,,,,
2026-07-19,00:00,40.546059,-74.1604455,AMBOY RD,10312,122,UNKNOWN,Street,193.00502887561424,False,STATEN ISLAND,"(40.546059, -74.1604455)",trafficstat,False,False,False,False,False,False,False,False,False,,,,,,,
2026-06-18,00:00,40.546059,-74.1604455,AMBOY RD,10312,122,OTHER,Street,193.00502887561424,False,STATEN ISLAND,"(40.546059, -74.1604455)",trafficstat,True,False,False,True,False,False,False,False,False,,,,,,,
2026-07-23,00:00,40.5575916,-74.1643376,CORTELYOU AVE,10312,122,OTHER,Street,0.03443959705925766,False,STATEN ISLAND,"(40.5575916, -74.1643376)",trafficstat,False,False,False,False,False,False,False,False,False,,,,,,,
2026-07-23,00:00,40.5818483,-74.1293866,ROCKLAND AVE,10306,122,OTHER,Street,2.3045761939909157,False,STATEN ISLAND,"(40.5818483, -74.1293866)",trafficstat,True,False,False,False,False,False,False,True,False,,,,,,,
2026-07-23,00:00,40.5776094,-74.1118723,N  RAILROAD AVE,10306,122,UNKNOWN,Street,1.8701166192208423,False,STATEN ISLAND,"(40.5776094, -74.1118723)",trafficstat,False,False,False,False,False,False,False,False,False,,,,,,,
2026-07-22,00:00,40.5887405,-74.1020797,RICHMOND RD,10304,122,UNKNOWN,Street,2.5481428073679875,False,STATEN ISLAND,"(40.5887405, -74.1020797)",trafficstat,True,False,False,False,False,False,False,True,True,,,,,,,
2026-06-12,00:00,40.5887405,-74.1020797,RICHMOND RD,10304,122,UNKNOWN,Street,2.5481428073679875,False,STATEN ISLAND,"(40.5887405, -74.1020797)",trafficstat,True,False,False,False,False,False,False,False,True,,,,,,,
2026-07-22,00:00,40.575447,-74.12692,DALTON AVE,10306,122,UNKNOWN,Street,0.19980813403285994,False,STATEN ISLAND,"(40.575447, -74.12692)",trafficstat,True,False,False,False,False,False,False,True,False,,,,,,,
2026-07-22,00:00,40.5404,-74.16012,RIDGECREST AVE,10312,122,UNKNOWN,Street,1.0280711290732893,False,STATEN ISLAND,"(40.5404, -74.16012)",trafficstat,True,False,False,False,False,False,False,True,False,,,,,,,
2026-07-21,00:00,40.56035,-74.12769,MONTREAL AVE,10306,122,UNKNOWN,Street,1.0424774855571044,False,STATEN ISLAND,"(40.56035, -74.12769)",trafficstat,True,False,False,False,False,False,False,True,True,,,,,,,
2026-07-21,00:00,40.6334917,-74.0758985,GRANT ST,10301,122,UNKNOWN,Street,68.28560897930171,False,STATEN ISLAND,"(40.6334917, -74.0758985)",trafficstat,True,False,False,False,False,False,False,False,True,,,,,,,
2026-07-20,00:00,40.5937172,-74.0847859,LACONIA AVE,10305,122,OTHER,Street,1.823638015143331,False,STATEN ISLAND,"(40.5937172, -74.0847859)",trafficstat,True,False,True,False,False,False,False,False,False,,,,,,,
2026-07-04,00:00,40.5937172,-74.0847859,LACONIA AVE,10305,122,UNKNOWN,Street,1.823638015143331,False,STATEN ISLAND,"(40.5937172, -74.0847859)",trafficstat,False,False,False,False,False,False,False,False,False,,,,,,,
2026-07-20,00:00,40.5607751,-74.1627223,ARMSTRONG AVE,10308,122,UNKNOWN,Street,0.6164760805262465,False,STATEN ISLAND,"(40.5607751, -74.1627223)",trafficstat,False,False,False,False,False,False,False,False,False,,,,,,,
2026-07-07,00:00,40.5607751,-74.1627223,ARMSTRONG AVE,10308,122,UNKNOWN,Street,0.6164760805262465,False,STATEN ISLAND,"(40.5607751, -74.1627223)",trafficstat,True,False,False,False,False,False,False,True,False,,,,,,,
2026-06-30,00:00,40.5607751,-74.1627223,ARMSTRONG AVE,10308,122,UNKNOWN,Street,0.6164760805262465,False,STATEN ISLAND,"(40.5607751, -74.1627223)",trafficstat,True,False,False,False,False,False,False,False,True,,,,,,,
2026-07-20,00:00,40.547832,-74.13951,FIELDWAY AVE,10308,122,OTHER,Street,0.900986770095762,False,STATEN ISLAND,"(40.547832, -74.13951)",trafficstat,False,False,False,False,False,False,False,False,False,,,,,,,
2026-07-19,00:00,40.5627556,-74.1140089,TYSENS LN,10306,122,OTHER,Street,70.45232877143357,False,STATEN ISLAND,"(40.5627556, -74.1140089)",trafficstat,False,False,False,False,False,False,False,False,False,,,,,,,
2026-07-19,00:00,40.5639203,-74.142359,CORONA AVE,10306,122,UNKNOWN,Street,0.24003088008299317,False,STATEN ISLAND,"(40.5639203, -74.142359)",trafficstat,True,False,False,False,False,False,False,False,False,,,,,,,
2026-07-18,00:00,40.563503,-74.132645,AMBOY RD,10306,122,UNKNOWN,Street,1.5603871649947618,False,STATEN ISLAND,"(40.563503, -74.132645)",trafficstat,False,False,False,False,False,False,False,False,False,,,,,,,
2026-07-18,00:00,40.598488,-74.078445,KENSINGTON AVE,10305,122,UNKNOWN,Street,1.8309127393196654,False,STATEN ISLAND,"(40.598488, -74.078445)",trafficstat,False,False,False,False,False,False,False,False,False,,,,,,,
2026-07-18,00:00,40.6010022,-74.076437,W  FINGERBOARD RD,10305,122,UNKNOWN,Street,1.9706899554220696,False,STATEN ISLAND,"(40.6010022, -74.076437)",trafficstat,True,False,False,False,False,False,False,True,False,,,,,,,
2026-07-18,00:00,40.585428,-74.1015094,JEFFERSON ST,10306,122,UNKNOWN,Street,1.1323293950024083,False,STATEN ISLAND,"(40.585428, -74.1015094)",trafficstat,True,False,False,False,False,False,False,True,False,,,,,,,
2026-07-17,00:00,40.5959661,-74.0871473,OREGON RD,10305,122,UNKNOWN,Street,1.42751707128739,False,STATEN ISLAND,"(40.5959661, -74.0871473)",trafficstat,True,False,True,False,False,False,False,False,False,,,,,,,
2026-07-17,00:00,40.5807711,-74.1093936,LISBON PL,10306,122,UNKNOWN,Street,2.0729113899267766,False,STATEN ISLAND,"(40.5807711, -74.1093936)",trafficstat,False,False,False,False,False,False,False,False,False,,,,,,,
2026-07-17,00:00,40.6083687,-74.0887446,TARGEE ST,10304,122,UNKNOWN,Street,2.822304474489314,False,STATEN ISLAND,"(40.6083687, -74.0887446)",trafficstat,False,False,False,False,False,False,False,False,False,,,,,,,
2026-07-17,00:00,40.605427,-74.0761972,HYLAN BLVD,10305,122,UNKNOWN,Street,1.5787318000501722,False,STATEN ISLAND,"(40.605427, -74.0761972)",trafficstat,True,False,False,False,False,False,False,True,False,,,,,,,
2026-07-17,00:00,40.5444314,-74.1653991,ELTINGVILLE BLVD,10312,122,OTHER,Street,3.5719544457195176,False,STATEN ISLAND,"(40.5444314, -74.1653991)",trafficstat,False,False,False,False,False,False,False,False,False,,,,,,,
2026-07-17,00:00,40.5708906,-74.1479027,ARTHUR KILL RD,10306,122,UNKNOWN,Street,1.8298479490982393,False,STATEN ISLAND,"(40.5708906, -74.1479027)",trafficstat,True,False,False,False,False,False,False,False,True,,,,,,,
2026-06-25,00:00,40.5708906,-74.1479027,ARTHUR KILL RD,10306,122,UNKNOWN,Street,1.8298479490982393,False,STATEN ISLAND,"(40.5708906, -74.1479027)",trafficstat,True,False,True,False,False,False,False,False,False,,,,,,,
2026-07-16,00:00,40.5594857,-74.1224514,HYLAN BLVD,10306,122,UNKNOWN,Street,14.899398363885684,False,STATEN ISLAND,"(40.5594857, -74.1224514)",trafficstat,True,False,False,False,False,False,False,True,False,,,,,,,
2026-07-16,00:00,40.5745248,-74.1051358,ELMTREE AVE,10306,122,UNKNOWN,Street,83.97614645878706,False,STATEN ISLAND,"(40.5745248, -74.1051358)",trafficstat,False,False,False,False,False,False,False,False,False,,,,,,,
2026-07-16,00:00,40.5842014,-74.0947104,HYLAN BLVD,10305,122,UNKNOWN,Street,2.6382565047954665,False,STATEN ISLAND,"(40.5842014, -74.0947104)",trafficstat,False,False,False,False,False,False,False,False,False,,,,,,,
2026-07-15,00:00,40.5957043,-74.0849109,JEROME RD,10305,122,UNKNOWN,Street,1.108290239036275,False,STATEN ISLAND,"(40.5957043, -74.0849109)",trafficstat,False,False,False,False,False,False,False,False,False,,,,,,,
2026-07-15,00:00,40.589288,-74.0871818,LACONIA AVE,10305,122,UNKNOWN,Street,1.8025017223030044,False,STATEN ISLAND,"(40.589288, -74.0871818)",trafficstat,False,False,False,False,False,False,False,False,False,,,,,,,
2026-07-15,00:00,40.5746284,-74.1175584,4 ST,10306,122,UNKNOWN,Street,1.7877387262358095,False,STATEN ISLAND,"(40.5746284, -74.1175584)",trafficstat,True,False,False,False,False,False,False,False,True,,,,,,,
2026-07-15,00:00,40.5587706,-74.1074178,HETT AVE,10306,122,OTHER,Street,2.1286662970067165,False,STATEN ISLAND,"(40.5587706, -74.1074178)",trafficstat,True,False,False,False,False,False,False,True,False,,,,,,,
2026-07-14,00:00,40.5614472,-74.1154514,FALCON AVE,10306,122,UNKNOWN,Street,1.8209858774361767,False,STATEN ISLAND,"(40.5614472, -74.1154514)",trafficstat,True,False,False,False,False,False,False,False,True,,,,,,,
2026-07-14,00:00,40.5505739,-74.1675733,KATAN AVE,10312,122,UNKNOWN,Street,3.2589150410722136,False,STATEN ISLAND,"(40.5505739, -74.1675733)",trafficstat,False,False,False,False,False,False,False,False,False,,,,,,,
2026-07-14,00:00,40.5863,-74.09879,NAUGHTON AVE,10305,122,UNKNOWN,Street,1.398948192490293,False,STATEN ISLAND,"(40.5863, -74.09879)",trafficstat,True,False,False,False,False,False,False,True,True,,,,,,,
2026-07-13,00:00,40.6038815,-74.0852683,MOSEL AVE,10304,122,UNKNOWN,Street,42.479083131017674,False,STATEN ISLAND,"(40.6038815, -74.0852683)",trafficstat,True,False,False,False,False,False,False,False,True,,,,,,,
2026-07-13,00:00,40.6030782,-74.0830404,CLOVE RD,10305,122,UNKNOWN,Street,1.0520065683042703,False,STATEN ISLAND,"(40.6030782, -74.0830404)",trafficstat,False,False,False,False,False,False,False,False,False,,,,,,,
2026-07-13,00:00,40.5756538,-74.1045436,HYLAN BLVD,10306,122,UNKNOWN,Street,20.67566039990911,False,STATEN ISLAND,"(40.5756538, -74.1045436)",trafficstat,True,False,False,False,False,False,False,True,False,,,,,,,
2026-07-12,00:00,40.5733298,-74.1178297,NEW DORP PLZ,10306,122,UNKNOWN,Street,2.0801238080530178,False,STATEN ISLAND,"(40.5733298, -74.1178297)",trafficstat,False,False,False,False,False,False,False,False,False,,,,,,,
2026-07-12,00:00,40.5678777,-74.1046682,NEW DORP LN,10306,122,OTHER,Street,2.010438264576518,False,STATEN ISLAND,"(40.5678777, -74.1046682)",trafficstat,True,False,False,False,False,False,False,False,False,,,,,,,
2026-07-12,00:00,40.6087174,-74.1163183,SLOSSON AVE,10314,122,UNKNOWN,Street,0.5577663650031925,False,STATEN ISLAND,"(40.6087174, -74.1163183)",trafficstat,True,False,False,False,False,False,False,True,False,,,,,,,
2026-06-25,00:00,40.6087174,-74.1163183,SLOSSON AVE,10314,122,UNKNOWN,Street,0.5577663650031925,False,STATEN ISLAND,"(40.6087174, -74.1163183)",trafficstat,False,False,False,False,False,False,False,False,False,,,,,,,
2026-07-12,00:00,40.5979121,-74.0836065,PARKINSON AVE,10305,122,UNKNOWN,Street,0.7601150995217648,False,STATEN ISLAND,"(40.5979121, -74.0836065)",trafficstat,True,False,False,False,False,False,False,False,True,,,,,,,
2026-07-12,00:00,40.5830447,-74.0961704,HYLAN BLVD,10305,122,OTHER,Street,1.8009861085607994,False,STATEN ISLAND,"(40.5830447, -74.0961704)",trafficstat,True,False,False,False,False,False,False,False,False,,,,,,,
2026-07-09,00:00,40.5830447,-74.0961704,HYLAN BLVD,10305,122,OTHER,Street,1.8009861085607994,False,STATEN ISLAND,"(40.5830447, -74.0961704)",trafficstat,True,False,True,False,False,False,False,False,False,,,,,,,
2026-06-25,00:00,40.5830447,-74.0961704,HYLAN BLVD,10305,122,UNKNOWN,Street,1.8009861085607994,False,STATEN ISLAND,"(40.5830447, -74.0961704)",trafficstat,True,False,False,False,False,False,False,True,False,,,,,,,
2026-06-19,00:00,40.5830447,-74.0961704,HYLAN BLVD,10305,122,UNKNOWN,Street,1.8009861085607994,False,STATEN ISLAND,"(40.5830447, -74.0961704)",trafficstat,True,False,False,False,False,False,False,True,False,,,,,,,
2026-07-12,00:00,40.5923417,-74.0641777,DOTY AVE,10305,122,UNKNOWN,Street,1.0842373177989517,False,STATEN ISLAND,"(40.5923417, -74.0641777)",trafficstat,False,False,False,False,False,False,False,False,False,,,,,,,
2026-07-12,00:00,40.57299,-74.13635,RICHMOND RD,10306,122,UNKNOWN,Street,3.6188339437362806,False,STATEN ISLAND,"(40.57299, -74.13635)",trafficstat,True,False,False,False,False,False,False,False,True,,,,,,,
2026-07-11,00:00,40.5898401,-74.0866245,BURGHER AVE,10305,122,UNKNOWN,Street,2.3265545293531518,False,STATEN ISLAND,"(40.5898401, -74.0866245)",trafficstat,True,False,True,False,False,False,False,False,False,,,,,,,
2026-07-10,00:00,40.6017187,-74.0914222,TARGEE ST,10304,122,UNKNOWN,Street,0.5963747298166896,False,STATEN ISLAND,"(40.6017187, -74.0914222)",trafficstat,True,False,False,False,False,False,False,True,False,,,,,,,
2026-07-10,00:00,40.5964223,-74.0852934,HYLAN BLVD,10305,122,OTHER,Street,69.39193973100424,False,STATEN ISLAND,"(40.5964223, -74.0852934)",trafficstat,True,False,True,False,False,False,False,False,False,,,,,,,
2026-07-10,00:00,40.543724,-74.16356,AMBOY RD,10312,122,UNKNOWN,Street,2.7989301519776517,False,STATEN ISLAND,"(40.543724, -74.16356)",trafficstat,False,False,False,False,False,False,False,False,False,,,,,,,
2026-07-10,00:00,40.6109349,-74.1165505,STATEN ISLAND EXPY,10301,122,UNKNOWN,Highway,16.918215913261893,False,STATEN ISLAND,"(40.6109349, -74.1165505)",trafficstat,False,False,False,False,False,False,False,False,False,,,,,,,
2026-07-09,00:00,40.5699145,-74.1103117,HYLAN BLVD,10306,122,UNKNOWN,Street,15.479377039806721,False,STATEN ISLAND,"(40.5699145, -74.1103117)",trafficstat,True,False,False,False,False,False,False,False,True,,,,,,,
2026-06-25,00:00,40.5699145,-74.1103117,HYLAN BLVD,10306,122,OTHER,Street,15.479377039806721,False,STATEN ISLAND,"(40.5699145, -74.1103117)",trafficstat,False,False,False,False,False,False,False,False,False,,,,,,,