crash_date,crash_time,latitude,longitude,on_street_name,zip_code,precinct,collision_type,roadway_type,geocode_dist_feet,time_is_known,borough,location,source,injury,fatality,injured_pedestrian,injured_cyclist,injured_ebike_rider,injured_motorcyclist,injured_moped_rider,injured_car_occupant,injured_suv_occupant,number_of_persons_injured,number_of_persons_killed,contributing_factor_vehicle_1,collision_id,cross_street_name,off_street_name,vehicle_type_code1
2026-07-09,00:00,40.5842233,-74.1072895,BARTON AVE,10306,122,OTHER,Street,1.8074687189659977,False,STATEN ISLAND,"(40.5842233, -74.1072895)",trafficstat,False,False,False,False,False,False,False,False,False,,,,,,,
2026-07-06,00:00,40.608017,-74.11606,SLOSSON AVE,10314,122,OTHER,Street,0.1063283750802231,False,STATEN ISLAND,"(40.608017, -74.11606)",trafficstat,True,False,False,False,False,False,False,True,False,,,,,,,
2026-07-06,00:00,40.5598032,-74.128293,FAIRBANKS AVE,10306,122,OTHER,Street,1.8225021259883534,False,STATEN ISLAND,"(40.5598032, -74.128293)",trafficstat,False,False,False,False,False,False,False,False,False,,,,,,,
2026-07-05,00:00,40.5736508,-74.1125136,BACHE AVE,10306,122,UNKNOWN,Street,1.730510885577506,False,STATEN ISLAND,"(40.5736508, -74.1125136)",trafficstat,False,False,False,False,False,False,False,False,False,,,,,,,
2026-07-05,00:00,40.5664966,-74.1137613,EBBITTS AVE,10306,122,UNKNOWN,Street,2.234652546314265,False,STATEN ISLAND,"(40.5664966, -74.1137613)",trafficstat,False,False,False,False,False,False,False,False,False,,,,,,,
2026-07-04,00:00,40.5615708,-74.1562068,PEMBERTON AVE,10308,122,OTHER,Street,52.378656775088885,False,STATEN ISLAND,"(40.5615708, -74.1562068)",trafficstat,False,False,False,False,False,False,False,False,False,,,,,,,
2026-07-04,00:00,40.5638151,-74.13257,AMBOY RD,10306,122,OTHER,Street,44.06311549925377,False,STATEN ISLAND,"(40.5638151, -74.13257)",trafficstat,False,False,False,False,False,False,False,False,False,,,,,,,
2026-07-04,00:00,40.5942462,-74.0780028,MALLORY AVE,10305,122,UNKNOWN,Street,1.17780204060537,False,STATEN ISLAND,"(40.5942462, -74.0780028)",trafficstat,False,False,False,False,False,False,False,False,False,,,,,,,
2026-07-04,00:00,40.5970207,-74.0933818,RICHMOND RD,10304,122,UNKNOWN,Street,2.25403693754408,False,STATEN ISLAND,"(40.5970207, -74.0933818)",trafficstat,True,False,False,False,False,False,False,False,True,,,,,,,
2026-07-03,00:00,40.5453971,-74.1657433,WILSON AVE,10312,122,UNKNOWN,Street,3.2104287852875006,False,STATEN ISLAND,"(40.5453971, -74.1657433)",trafficstat,True,False,False,False,False,False,False,False,True,,,,,,,
2026-07-02,00:00,40.5714067,-74.136767,ANDREWS AVE,10306,122,OTHER,Street,0.13248414534278857,False,STATEN ISLAND,"(40.5714067, -74.136767)",trafficstat,True,False,False,False,False,False,False,True,False,,,,,,,
2026-07-02,00:00,40.575275,-74.09182,HUNTER AVE,10306,122,UNKNOWN,Street,1.8867590435012427,False,STATEN ISLAND,"(40.575275, -74.09182)",trafficstat,True,False,False,True,False,False,False,False,False,,,,,,,
2026-07-02,00:00,40.5720144,-74.1469909,ARTHUR KILL RD,10306,122,UNKNOWN,Street,1.0996455043361795,False,STATEN ISLAND,"(40.5720144, -74.1469909)",trafficstat,False,False,False,False,False,False,False,False,False,,,,,,,
2026-07-01,00:00,40.5758146,-74.1197852,1 ST,10306,122,OTHER,Street,2.3589788881373024,False,STATEN ISLAND,"(40.5758146, -74.1197852)",trafficstat,True,False,False,False,False,False,False,True,False,,,,,,,
2026-07-01,00:00,40.563529,-74.1086168,CUBA AVE,10306,122,UNKNOWN,Street,1.6149071915722568,False,STATEN ISLAND,"(40.563529, -74.1086168)",trafficstat,False,False,False,False,False,False,False,False,False,,,,,,,
2026-07-01,00:00,40.5406057,-74.1446624,DOCKSIDE LN,10308,122,UNKNOWN,Street,1.863773042775752,False,STATEN ISLAND,"(40.5406057, -74.1446624)",trafficstat,False,False,False,False,False,False,False,False,False,,,,,,,
2026-07-01,00:00,40.6095702,-74.1143929,MELHORN RD,10314,122,UNKNOWN,Street,0.26730674517872766,False,STATEN ISLAND,"(40.6095702, -74.1143929)",trafficstat,False,False,False,False,False,False,False,False,False,,,,,,,
2026-06-30,00:00,40.6036253,-74.0693023,FINGERBOARD RD,10305,122,UNKNOWN,Street,0.8896068349433889,False,STATEN ISLAND,"(40.6036253, -74.0693023)",trafficstat,False,False,False,False,False,False,False,False,False,,,,,,,
2026-06-29,00:00,40.575832,-74.1240581,RICHMOND RD,10306,122,UNKNOWN,Street,3.2768514717159514,False,STATEN ISLAND,"(40.575832, -74.1240581)",trafficstat,False,False,False,False,False,False,False,False,False,,,,,,,
2026-06-29,00:00,40.5744013,-74.0992969,LINCOLN AVE,10306,122,UNKNOWN,Street,2.0083152256220203,False,STATEN ISLAND,"(40.5744013, -74.0992969)",trafficstat,True,False,False,False,False,False,False,True,False,,,,,,,
2026-06-29,00:00,40.5755907,-74.1015053,SANILAC ST,10306,122,UNKNOWN,Street,1.8742676505832507,False,STATEN ISLAND,"(40.5755907, -74.1015053)",trafficstat,False,False,False,False,False,False,False,False,False,,,,,,,
2026-06-28,00:00,40.577946,-74.10232,HYLAN BLVD,10306,122,UNKNOWN,Street,0.794383170081396,False,STATEN ISLAND,"(40.577946, -74.10232)",trafficstat,True,False,False,False,False,False,False,True,True,,,,,,,
2026-06-28,00:00,40.593512,-74.0839143,HURLBERT ST,10305,122,UNKNOWN,Street,1.6246840902663788,False,STATEN ISLAND,"(40.593512, -74.0839143)",trafficstat,True,False,False,False,False,False,False,True,False,,,,,,,
2026-06-27,00:00,40.6008933,-74.1093365,WOODHAVEN AVE,10304,122,UNKNOWN,Street,0.9853158127547009,False,STATEN ISLAND,"(40.6008933, -74.1093365)",trafficstat,False,False,False,False,False,False,False,False,False,,,,,,,
2026-06-27,00:00,40.5610915,-74.1698275,ARTHUR KILL RD,10312,122,OTHER,Street,2.5277943717610696,False,STATEN ISLAND,"(40.5610915, -74.1698275)",trafficstat,False,False,False,False,False,False,False,False,False,,,,,,,
2026-06-27,00:00,40.564206,-74.1163336,HYLAN BLVD,10306,122,OTHER,Street,39.0542013260033,False,STATEN ISLAND,"(40.564206, -74.1163336)",trafficstat,False,False,False,False,False,False,False,False,False,,,,,,,
2026-06-26,00:00,40.5415013,-74.1625279,RICHMOND AVE,10312,122,UNKNOWN,Street,1.8217489790250927,False,STATEN ISLAND,"(40.5415013, -74.1625279)",trafficstat,False,False,False,False,False,False,False,False,False,,,,,,,
2026-06-26,00:00,40.5941523,-74.0865796,REID AVE,10305,122,UNKNOWN,Street,2.66932302017829,False,STATEN ISLAND,"(40.5941523, -74.0865796)",trafficstat,False,False,False,False,False,False,False,False,False,,,,,,,
2026-06-15,00:00,40.5941523,-74.0865796,REID AVE,10305,122,UNKNOWN,Street,2.66932302017829,False,STATEN ISLAND,"(40.5941523, -74.0865796)",trafficstat,False,False,False,False,False,False,False,False,False,,,,,,,
2026-06-26,00:00,40.5829379,-74.0747431,FATHER CAPODANNO BLVD,10305,122,UNKNOWN,Street,167.10069739276747,False,STATEN ISLAND,"(40.5829379, -74.0747431)",trafficstat,False,False,False,False,False,False,False,False,False,,,,,,,
2026-06-26,00:00,40.5890646,-74.1386214,ROCKLAND AVE,10314,122,UNKNOWN,Street,2.2678163145562498,False,STATEN ISLAND,"(40.5890646, -74.1386214)",trafficstat,True,False,False,False,False,False,False,True,True,,,,,,,
2026-06-25,00:00,40.5906274,-74.0797808,WINFIELD ST,10305,122,UNKNOWN,Street,2.4250414777306215,False,STATEN ISLAND,"(40.5906274, -74.0797808)",trafficstat,False,False,False,False,False,False,False,False,False,,,,,,,
2026-06-25,00:00,40.5409142,-74.1502577,OSBORNE AVE,10308,122,UNKNOWN,Street,1.8096508824005604,False,STATEN ISLAND,"(40.5409142, -74.1502577)",trafficstat,False,False,False,False,False,False,False,False,False,,,,,,,
2026-06-24,00:00,40.5505325,-74.1560548,ABINGDON AVE,10308,122,UNKNOWN,Street,0.5494415818253771,False,STATEN ISLAND,"(40.5505325, -74.1560548)",trafficstat,True,False,False,False,False,False,False,True,False,,,,,,,
2026-06-24,00:00,40.5590532,-74.113252,MILL RD,10306,122,OTHER,Street,1.6553649743688348,False,STATEN ISLAND,"(40.5590532, -74.113252)",trafficstat,False,False,False,False,False,False,False,False,False,,,,,,,
2026-06-24,00:00,40.58657,-74.09205,SEAVIEW AVE,10305,122,UNKNOWN,Street,0.004018415347314013,False,STATEN ISLAND,"(40.58657, -74.09205)",trafficstat,True,False,False,False,False,False,False,True,False,,,,,,,
2026-06-24,00:00,40.6083331,-74.101854,OCEAN TER,10301,122,UNKNOWN,Street,0.9836568105536471,False,STATEN ISLAND,"(40.6083331, -74.101854)",trafficstat,False,False,False,False,False,False,False,False,False,,,,,,,
2026-06-23,00:00,40.5884703,-74.0903851,ALTER AVE,10305,122,UNKNOWN,Street,2.134229749315401,False,STATEN ISLAND,"(40.5884703, -74.0903851)",trafficstat,True,False,True,False,False,False,False,False,False,,,,,,,
2026-06-23,00:00,40.5734609,-74.117876,ROSE AVE,10306,122,OTHER,Street,28.67386620074545,False,STATEN ISLAND,"(40.5734609, -74.117876)",trafficstat,True,False,True,False,False,False,False,False,False,,,,,,,
2026-06-23,00:00,40.5881646,-74.0882029,DELAWARE AVE,10305,122,OTHER,Street,2.426979888769784,False,STATEN ISLAND,"(40.5881646, -74.0882029)",trafficstat,False,False,False,False,False,False,False,False,False,,,,,,,
2026-06-22,00:00,40.5437232,-74.1635587,AMBOY RD,10312,122,UNKNOWN,Street,3.246469073907563,False,STATEN ISLAND,"(40.5437232, -74.1635587)",trafficstat,False,False,False,False,False,False,False,False,False,,,,,,,
2026-06-21,00:00,40.59685,-74.06206,LILY POND AVE,10305,122,UNKNOWN,Street,15.46250938787555,False,STATEN ISLAND,"(40.59685, -74.06206)",trafficstat,True,False,False,False,False,True,False,False,False,,,,,,,
2026-06-21,00:00,40.5724225,-74.1411065,RICHMOND RD,10306,122,UNKNOWN,Street,3.0219716812435387,False,STATEN ISLAND,"(40.5724225, -74.1411065)",trafficstat,False,False,False,False,False,False,False,False,False,,,,,,,
2026-06-21,00:00,40.5779525,-74.1349552,TERRACE CT,10306,122,UNKNOWN,Street,2.209796720128187,False,STATEN ISLAND,"(40.5779525, -74.1349552)",trafficstat,False,False,False,False,False,False,False,False,False,,,,,,,
2026-06-20,00:00,40.5779525,-74.1349552,TERRACE CT,10306,122,UNKNOWN,Street,2.209796720128187,False,STATEN ISLAND,"(40.5779525, -74.1349552)",trafficstat,False,False,False,False,False,False,False,False,False,,,,,,,
2026-06-21,00:00,40.6051413,-74.0723557,STATEN ISLAND EXPY,10305,122,UNKNOWN,Highway,6.025745659913276,False,STATEN ISLAND,"(40.6051413, -74.0723557)",trafficstat,True,False,False,False,False,False,False,True,True,,,,,,,
2026-06-20,00:00,40.573549,-74.1155335,NEW DORP LN,10306,122,UNKNOWN,Street,2.360852943781892,False,STATEN ISLAND,"(40.573549, -74.1155335)",trafficstat,True,False,False,True,False,False,False,False,False,,,,,,,
2026-06-20,00:00,40.5624981,-74.1574108,ELVERTON AVE,10308,122,OTHER,Street,0.5128675057880618,False,STATEN ISLAND,"(40.5624981, -74.1574108)",trafficstat,True,False,True,False,False,False,False,False,False,,,,,,,
2026-06-19,00:00,40.5567887,-74.1509441,HOWTON AVE,10308,122,UNKNOWN,Street,67.49669663430956,False,STATEN ISLAND,"(40.5567887, -74.1509441)",trafficstat,False,False,False,False,False,False,False,False,False,,,,,,,
2026-06-19,00:00,40.5449381,-74.1404747,MC KEE AVE,10308,122,UNKNOWN,Street,47.77218640832434,False,STATEN ISLAND,"(40.5449381, -74.1404747)",trafficstat,False,False,False,False,False,False,False,False,False,,,,,,,
2026-06-18,00:00,40.548485,-74.13865,HYLAN BLVD,10308,122,OTHER,Street,16.978410268598203,False,STATEN ISLAND,"(40.548485, -74.13865)",trafficstat,False,False,False,False,False,False,False,False,False,,,,,,,
2026-06-18,00:00,40.5737856,-74.1064233,BRYANT AVE,10306,122,OTHER,Street,2.343797182944437,False,STATEN ISLAND,"(40.5737856, -74.1064233)",trafficstat,False,False,False,False,False,False,False,False,False,,,,,,,
2026-06-18,00:00,40.5689499,-74.1248984,TYSENS LN,10306,122,UNKNOWN,Street,1.886143950055566,False,STATEN ISLAND,"(40.5689499, -74.1248984)",trafficstat,False,False,False,False,False,False,False,False,False,,,,,,,
2026-06-17,00:00,40.5724575,-74.0933763,MIDLAND AVE,10306,122,UNKNOWN,Street,1.8384920753738494,False,STATEN ISLAND,"(40.5724575, -74.0933763)",trafficstat,True,False,False,False,False,False,True,False,False,,,,,,,
2026-06-17,00:00,40.566775,-74.1529578,CORBIN AVE,10308,122,OTHER,Street,2.1296679602555066,False,STATEN ISLAND,"(40.566775, -74.1529578)",trafficstat,False,False,False,False,False,False,False,False,False,,,,,,,
2026-06-16,00:00,40.5729909,-74.1363526,RICHMOND RD,10306,122,UNKNOWN,Street,3.1928905593961665,False,STATEN ISLAND,"(40.5729909, -74.1363526)",trafficstat,True,False,False,False,False,False,False,False,True,,,,,,,
2026-06-16,00:00,40.5749496,-74.103207,GREELEY AVE,10306,122,UNKNOWN,Street,1.9747543210079535,False,STATEN ISLAND,"(40.5749496, -74.103207)",trafficstat,False,False,False,False,False,False,False,False,False,,,,,,,
2026-06-16,00:00,40.5589499,-74.1255023,HYLAN BLVD,10306,122,OTHER,Street,14.024734273416588,False,STATEN ISLAND,"(40.5589499, -74.1255023)",trafficstat,True,False,False,False,False,False,False,True,False,,,,,,,
2026-06-16,00:00,40.5821975,-74.1102888,MIDLAND AVE,10306,122,UNKNOWN,Street,2.8713181342201155,False,STATEN ISLAND,"(40.5821975, -74.1102888)",trafficstat,False,False,False,False,False,False,False,False,False,,,,,,,
2026-06-15,00:00,40.5764121,-74.1096492,BANCROFT AVE,10306,122,UNKNOWN,Street,2.242507921764948,False,STATEN ISLAND,"(40.5764121, -74.1096492)",trafficstat,False,False,False,False,False,False,False,False,False,,,,,,,
2026-06-15,00:00,40.5513611,-74.1458947,MIDLAND RD,10308,122,UNKNOWN,Street,1.747831976098168,False,STATEN ISLAND,"(40.5513611, -74.1458947)",trafficstat,False,False,False,False,False,False,False,False,False,,,,,,,
2026-06-15,00:00,40.5723338,-74.1418478,MOORE ST,10306,122,UNKNOWN,Street,0.09030184204577137,False,STATEN ISLAND,"(40.5723338, -74.1418478)",trafficstat,False,False,False,False,False,False,False,False,False,,,,,,,
2026-06-15,00:00,40.5687789,-74.106606,MILL RD,10306,122,UNKNOWN,Street,1.357147454615136,False,STATEN ISLAND,"(40.5687789, -74.106606)",trafficstat,True,False,True,False,False,False,False,False,False,,,,,,,
2026-06-14,00:00,40.5718242,-74.1154148,ROSE AVE,10306,122,UNKNOWN,Street,45.50768131415749,False,STATEN ISLAND,"(40.5718242, -74.1154148)",trafficstat,False,False,False,False,False,False,False,False,False,,,,,,,
2026-06-13,00:00,40.580727,-74.09909,HYLAN BLVD,10306,122,UNKNOWN,Street,1.6769659485764967,False,STATEN ISLAND,"(40.580727, -74.09909)",trafficstat,False,False,False,False,False,False,False,False,False,,,,,,,
2026-06-13,00:00,40.5827584,-74.1304,ROCKLAND AVE,10306,122,UNKNOWN,Street,1.1280359094038224,False,STATEN ISLAND,"(40.5827584, -74.1304)",trafficstat,True,False,False,False,False,False,False,True,False,,,,,,,
2026-06-12,00:00,40.5764336,-74.1154513,LOCUST AVE,10306,122,UNKNOWN,Street,48.51348480593474,False,STATEN ISLAND,"(40.5764336, -74.1154513)",trafficstat,False,False,False,False,False,False,False,False,False,,,,,,,
2026-06-12,00:00,40.56869,-74.11461,CLAWSON ST,10306,122,UNKNOWN,Street,2.1889150046043575,False,STATEN ISLAND,"(40.56869, -74.11461)",trafficstat,False,False,False,False,False,False,False,False,False,,,,,,,
2026-09-12,00:00,40.5105024,-74.2480194,CRAIG AVE,10307,123,UNKNOWN,Street,37.08099994297838,False,STATEN ISLAND,"(40.5105024, -74.2480194)",trafficstat,False,False,False,False,False,False,False,False,False,,,,,,,
2026-09-12,00:00,40.5615222,-74.1718512,ARTHUR KILL RD,10312,123,OTHER,Street,2.0295625322949005,False,STATEN ISLAND,"(40.5615222, -74.1718512)",trafficstat,True,False,True,False,False,False,False,False,False,,,,,,,
2026-07-14,00:00,40.5615222,-74.1718512,ARTHUR KILL RD,10312,123,OTHER,Street,2.0295625322949005,False,STATEN ISLAND,"(40.5615222, -74.1718512)",trafficstat,True,False,True,False,False,False,False,False,False,,,,,,,
2026-06-16,00:00,40.5615222,-74.1718512,ARTHUR KILL RD,10312,123,UNKNOWN,Street,2.0295625322949005,False,STATEN ISLAND,"(40.5615222, -74.1718512)",trafficstat,True,False,False,False,False,False,False,True,True,,,,,,,
2026-09-11,00:00,40.536749,-74.1964779,EDGEGROVE AVE,10312,123,OTHER,Street,50.30603247295606,False,STATEN ISLAND,"(40.536749, -74.1964779)",trafficstat,False,False,False,False,False,False,False,False,False,,,,,,,
2026-09-11,00:00,40.5369684,-74.2140881,EL CAMINO LOOP,10309,123,OTHER,Street,38.4447192767648,False,STATEN ISLAND,"(40.5369684, -74.2140881)",trafficstat,False,False,False,False,False,False,False,False,False,,,,,,,
2026-09-11,00:00,40.5363412,-74.2083491,LENEVAR AVE,10309,123,UNKNOWN,Street,0.16411769857897587,False,STATEN ISLAND,"(40.5363412, -74.2083491)",trafficstat,True,False,False,False,False,False,False,False,True,,,,,,,
2026-09-11,00:00,40.5465306,-74.1804303,DRUMGOOLE RD E,10312,123,UNKNOWN,Street,1.9470267079244825,False,STATEN ISLAND,"(40.5465306, -74.1804303)",trafficstat,True,False,False,False,False,False,False,True,False,,,,,,,
2026-08-26,00:00,40.5465306,-74.1804303,DRUMGOOLE RD E,10312,123,UNKNOWN,Street,1.9470267079244825,False,STATEN ISLAND,"(40.5465306, -74.1804303)",trafficstat,True,False,False,False,False,False,False,False,True,,,,,,,
2026-07-13,00:00,40.5465306,-74.1804303,DRUMGOOLE RD E,10312,123,UNKNOWN,Street,1.9470267079244825,False,STATEN ISLAND,"(40.5465306, -74.1804303)",trafficstat,False,False,False,False,False,False,False,False,False,,,,,,,
2026-09-11,00:00,40.5484913,-74.1671075,RICHMOND AVE,10312,123,UNKNOWN,Street,0.3360336321651561,False,STATEN ISLAND,"(40.5484913, -74.1671075)",trafficstat,True,False,False,True,False,False,False,False,False,,,,,,,
2026-09-10,00:00,40.5163365,-74.2328225,PAGE AVE,10307,123,UNKNOWN,Street,0.6982778357822342,False,STATEN ISLAND,"(40.5163365, -74.2328225)",trafficstat,True,False,False,False,False,False,False,False,True,,,,,,,
2026-09-09,00:00,40.5126129,-74.1970582,SEGUINE AVE,10309,123,UNKNOWN,Street,1.2279875321204805,False,STATEN ISLAND,"(40.5126129, -74.1970582)",trafficstat,False,False,False,False,False,False,False,False,False,,,,,,,
2026-09-09,00:00,40.5259394,-74.2279726,WEST SHORE EXPY,10309,123,UNKNOWN,Highway,30.09117243073486,False,STATEN ISLAND,"(40.5259394, -74.2279726)",trafficstat,True,False,False,False,False,False,False,False,True,,,,,,,
2026-09-08,00:00,40.5077535,-74.2300632,PAGE AVE,10307,123,UNKNOWN,Street,0.03796180162082865,False,STATEN ISLAND,"(40.5077535, -74.2300632)",trafficstat,False,False,False,False,False,False,False,False,False,,,,,,,
2026-06-13,00:00,40.5077535,-74.2300632,PAGE AVE,10307,123,OTHER,Street,0.03796180162082865,False,STATEN ISLAND,"(40.5077535, -74.2300632)",trafficstat,False,False,False,False,False,False,False,False,False,,,,,,,
2026-09-08,00:00,40.5575666,-74.2069974,VETERANS RD W,10309,123,UNKNOWN,Street,2.959767920861005,False,STATEN ISLAND,"(40.5575666, -74.2069974)",trafficstat,True,False,False,False,False,False,False,True,False,,,,,,,
2026-09-07,00:00,40.5432612,-74.1973069,HUGUENOT AVE,10312,123,OTHER,Street,0.39235547986448993,False,STATEN ISLAND,"(40.5432612, -74.1973069)",trafficstat,False,False,False,False,False,False,False,False,False,,,,,,,
2026-07-31,00:00,40.5432612,-74.1973069,HUGUENOT AVE,10312,123,OTHER,Street,0.39235547986448993,False,STATEN ISLAND,"(40.5432612, -74.1973069)",trafficstat,True,False,False,False,False,False,False,True,True,,,,,,,
2026-09-07,00:00,40.5416068,-74.1772593,ANNADALE RD,10312,123,UNKNOWN,Street,32.675822418936406,False,STATEN ISLAND,"(40.5416068, -74.1772593)",trafficstat,False,False,False,False,False,False,False,False,False,,,,,,,
2026-09-05,00:00,40.5416068,-74.1772593,ANNADALE RD,10312,123,UNKNOWN,Street,32.675822418936406,False,STATEN ISLAND,"(40.5416068, -74.1772593)",trafficstat,True,False,False,False,False,False,False,True,False,,,,,,,
2026-09-07,00:00,40.5361817,-74.2370473,ARTHUR KILL RD,10309,123,UNKNOWN,Street,18.952133184096738,False,STATEN ISLAND,"(40.5361817, -74.2370473)",trafficstat,False,False,False,False,False,False,False,False,False,,,,,,,
2026-09-06,00:00,40.5322362,-74.2180134,BLOOMINGDALE RD,10309,123,UNKNOWN,Street,0.21035024402135022,False,STATEN ISLAND,"(40.5322362, -74.2180134)",trafficstat,False,False,False,False,False,False,False,False,False,,,,,,,
2026-09-05,00:00,40.5245127,-74.2388502,ARTHUR KILL RD,10309,123,UNKNOWN,Street,105.9620499886565,False,STATEN ISLAND,"(40.5245127, -74.2388502)",trafficstat,False,False,False,False,False,False,False,False,False,,,,,,,
2026-09-05,00:00,40.5276669,-74.2302288,TYRELLAN AVE,10309,123,UNKNOWN,Street,0.051789370387119435,False,STATEN ISLAND,"(40.5276669, -74.2302288)",trafficstat,True,False,False,False,False,False,False,True,False,,,,,,,
2026-07-15,00:00,40.5276669,-74.2302288,TYRELLAN AVE,10309,123,UNKNOWN,Street,0.051789370387119435,False,STATEN ISLAND,"(40.5276669, -74.2302288)",trafficstat,False,False,False,False,False,False,False,False,False,,,,,,,
2026-09-05,00:00,40.5400525,-74.1734582,EAGAN AVE,10312,123,UNKNOWN,Street,0.34080284629212765,False,STATEN ISLAND,"(40.5400525, -74.1734582)",trafficstat,True,False,True,False,False,False,False,False,False,,,,,,,
2026-09-05,00:00,40.5544511,-74.1989474,CARLYLE GRN,10312,123,UNKNOWN,Street,37.46417094872626,False,STATEN ISLAND,"(40.5544511, -74.1989474)",trafficstat,False,False,False,False,False,False,False,False,False,,,,,,,
2026-09-04,00:00,40.5524723,-74.2187775,ZEBRA PL,10309,123,UNKNOWN,Street,0.769304394270904,False,STATEN ISLAND,"(40.5524723, -74.2187775)",trafficstat,False,False,False,False,False,False,False,False,False,,,,,,,
2026-09-03,00:00,40.5654929,-74.184054,ARTHUR KILL RD,10312,123,OTHER,Street,84.99427795918787,False,STATEN ISLAND,"(40.5654929, -74.184054)",trafficstat,False,False,False,False,False,False,False,False,False,,,,,,,
2026-09-03,00:00,40.5305661,-74.1585119,WOODS OF ARDEN RD,10312,123,UNKNOWN,Street,1.8660531175461024,False,STATEN ISLAND,"(40.5305661, -74.1585119)",trafficstat,False,False,False,False,False,False,False,False,False,,,,,,,
2026-09-03,00:00,40.5258124,-74.2255909,WEST SHORE EXPY,10309,123,OTHER,Highway,0.8417847549260867,False,STATEN ISLAND,"(40.5258124, -74.2255909)",trafficstat,True,False,False,False,False,True,False,False,False,,,,,,,
2026-09-02,00:00,40.5257168,-74.2007414,DRIVEWAY,10309,123,OTHER,Driveway,61.82808222010878,False,STATEN ISLAND,"(40.5257168, -74.2007414)",trafficstat,False,False,False,False,False,False,False,False,False,,,,,,,
2026-09-02,00:00,40.5239567,-74.2156735,AMBOY RD,10309,123,UNKNOWN,Street,1.5886425423186836,False,STATEN ISLAND,"(40.5239567, -74.2156735)",trafficstat,True,False,False,False,False,False,False,False,True,,,,,,,
2026-09-02,00:00,40.5284021,-74.2319695,VETERANS RD W,10309,123,UNKNOWN,Street,205.42215043494033,False,STATEN ISLAND,"(40.5284021, -74.2319695)",trafficstat,False,False,False,False,False,False,False,False,False,,,,,,,
2026-08-11,00:00,40.5284021,-74.2319695,VETERANS RD W,10309,123,UNKNOWN,Street,205.42215043494033,False,STATEN ISLAND,"(40.5284021, -74.2319695)",trafficstat,False,False,False,False,False,False,False,False,False,,,,,,,
2026-07-20,00:00,40.5284021,-74.2319695,VETERANS RD W,10309,123,UNKNOWN,Street,205.42215043494033,False,STATEN ISLAND,"(40.5284021, -74.2319695)",trafficstat,False,False,False,False,False,False,False,False,False,,,,,,,
2026-09-01,00:00,40.550686,-74.1886,ARDEN AVE,10312,123,UNKNOWN,Street,2.58013164389889,False,STATEN ISLAND,"(40.550686, -74.1886)",trafficstat,True,False,False,False,False,False,False,True,False,,,,,,,
2026-08-31,00:00,40.5366607,-74.2387863,WINANT PL,10309,123,UNKNOWN,Street,3.162023981560152,False,STATEN ISLAND,"(40.5366607, -74.2387863)",trafficstat,False,False,False,False,False,False,False,False,False,,,,,,,
2026-08-31,00:00,40.5425631,-74.1654498,AMBOY RD,10312,123,UNKNOWN,Street,113.28359536198268,False,STATEN ISLAND,"(40.5425631, -74.1654498)",trafficstat,False,False,False,False,False,False,False,False,False,,,,,,,
2026-08-31,00:00,40.5274496,-74.2389334,ARTHUR KILL RD,10309,123,UNKNOWN,Street,114.06504085410208,False,STATEN ISLAND,"(40.5274496, -74.2389334)",trafficstat,False,False,False,False,False,False,False,False,False,,,,,,,
2026-08-29,00:00,40.5222137,-74.2346308,PAGE AVE,10309,123,UNKNOWN,Street,98.89206276364968,False,STATEN ISLAND,"(40.5222137, -74.2346308)",trafficstat,False,False,False,False,False,False,False,False,False,,,,,,,
2026-08-29,00:00,40.5098735,-74.2423733,SLEIGHT AVE,10307,123,OTHER,Street,57.28372440617107,False,STATEN ISLAND,"(40.5098735, -74.2423733)",trafficstat,False,False,False,False,False,False,False,False,False,,,,,,,
2026-08-29,00:00,40.5471394,-74.2200806,BLOOMINGDALE RD,10309,123,UNKNOWN,Street,0.09140838975330838,False,STATEN ISLAND,"(40.5471394, -74.2200806)",trafficstat,True,False,False,False,False,False,False,True,False,,,,,,,
2026-08-28,00:00,40.5159263,-74.1968198,SEGUINE AVE,10309,123,UNKNOWN,Street,0.21555101310616404,False,STATEN ISLAND,"(40.5159263, -74.1968198)",trafficstat,True,False,False,False,False,False,False,False,True,,,,,,,
2026-08-27,00:00,40.5418864,-74.1938416,NIPPON AVE,10312,123,UNKNOWN,Street,0.7443151062843741,False,STATEN ISLAND,"(40.5418864, -74.1938416)",trafficstat,True,False,False,False,False,False,False,True,False,,,,,,,
2026-08-26,00:00,40.5441156,-74.1738149,ADLAI CIR,10312,123,UNKNOWN,Street,97.53854425744058,False,STATEN ISLAND,"(40.5441156, -74.1738149)",trafficstat,False,False,False,False,False,False,False,False,False,,,,,,,
2026-08-26,00:00,40.5398383,-74.1957641,HUGUENOT AVE,10312,123,UNKNOWN,Street,0.7187603816727055,False,STATEN ISLAND,"(40.5398383, -74.1957641)",trafficstat,True,False,False,False,False,False,False,False,True,,,,,,,
2026-08-23,00:00,40.5337804,-74.2242831,WEST SHORE EXPY,10309,123,UNKNOWN,Highway,10.13149293445829,False,STATEN ISLAND,"(40.5337804, -74.2242831)",trafficstat,False,False,False,False,False,False,False,False,False,,,,,,,
2026-08-23,00:00,40.5191262,-74.1971349,SEGUINE AVE,10309,123,UNKNOWN,Street,0.4076666289850418,False,STATEN ISLAND,"(40.5191262, -74.1971349)",trafficstat,True,False,True,False,False,False,False,False,False,,,,,,,