crash_date,crash_time,latitude,longitude,on_street_name,zip_code,precinct,collision_type,roadway_type,geocode_dist_feet,time_is_known,borough,location,source,injury,fatality,injured_pedestrian,injured_cyclist,injured_ebike_rider,injured_motorcyclist,injured_moped_rider,injured_car_occupant,injured_suv_occupant,number_of_persons_injured,number_of_persons_killed,contributing_factor_vehicle_1,collision_id,cross_street_name,off_street_name,vehicle_type_code1
2026-08-23,00:00,40.5221724,-74.235454,PAGE AVE,10309,123,UNKNOWN,Street,128.20130855795034,False,STATEN ISLAND,"(40.5221724, -74.235454)",trafficstat,True,False,False,False,False,False,False,False,True,,,,,,,
2026-06-20,00:00,40.5221724,-74.235454,PAGE AVE,10309,123,OTHER,Street,128.20130855795034,False,STATEN ISLAND,"(40.5221724, -74.235454)",trafficstat,False,False,False,False,False,False,False,False,False,,,,,,,
2026-08-23,00:00,40.5239975,-74.1860994,HUGUENOT AVE,10312,123,UNKNOWN,Street,1.2059753713615813,False,STATEN ISLAND,"(40.5239975, -74.1860994)",trafficstat,True,False,False,False,False,False,False,False,True,,,,,,,
2026-07-16,00:00,40.5239975,-74.1860994,HUGUENOT AVE,10312,123,OTHER,Street,1.2059753713615813,False,STATEN ISLAND,"(40.5239975, -74.1860994)",trafficstat,True,False,True,False,False,False,False,False,False,,,,,,,
2026-07-11,00:00,40.5239975,-74.1860994,HUGUENOT AVE,10312,123,OTHER,Street,1.2059753713615813,False,STATEN ISLAND,"(40.5239975, -74.1860994)",trafficstat,True,False,False,False,False,False,False,False,True,,,,,,,
2026-08-23,00:00,40.5288924,-74.2350995,BRICKTOWN WAY,10309,123,UNKNOWN,Street,228.91938054720927,False,STATEN ISLAND,"(40.5288924, -74.2350995)",trafficstat,False,False,False,False,False,False,False,False,False,,,,,,,
2026-07-30,00:00,40.5288924,-74.2350995,BRICKTOWN WAY,10309,123,UNKNOWN,Street,228.91938054720927,False,STATEN ISLAND,"(40.5288924, -74.2350995)",trafficstat,True,False,False,False,False,False,False,True,False,,,,,,,
2026-06-18,00:00,40.5288924,-74.2350995,BRICKTOWN WAY,10309,123,OTHER,Street,228.91938054720927,False,STATEN ISLAND,"(40.5288924, -74.2350995)",trafficstat,False,False,False,False,False,False,False,False,False,,,,,,,
2026-08-23,00:00,40.5596816,-74.1971981,ARTHUR KILL RD,10312,123,UNKNOWN,Street,84.76290993173727,False,STATEN ISLAND,"(40.5596816, -74.1971981)",trafficstat,True,False,False,False,False,False,False,False,True,,,,,,,
2026-08-21,00:00,40.5555877,-74.2143722,ENGERT ST,10309,123,OTHER,Street,0.8366435327488774,False,STATEN ISLAND,"(40.5555877, -74.2143722)",trafficstat,False,False,False,False,False,False,False,False,False,,,,,,,
2026-08-21,00:00,40.5188689,-74.2258034,AMBOY RD,10309,123,UNKNOWN,Street,45.52090018161684,False,STATEN ISLAND,"(40.5188689, -74.2258034)",trafficstat,False,False,False,False,False,False,False,False,False,,,,,,,
2026-08-21,00:00,40.506118,-74.2349491,JOLINE AVE,10307,123,UNKNOWN,Street,21.27896991496856,False,STATEN ISLAND,"(40.506118, -74.2349491)",trafficstat,False,False,False,False,False,False,False,False,False,,,,,,,
2026-08-21,00:00,40.5494533,-74.221313,BLOOMINGDALE RD,10309,123,UNKNOWN,Street,91.50017223682961,False,STATEN ISLAND,"(40.5494533, -74.221313)",trafficstat,False,False,False,False,False,False,False,False,False,,,,,,,
2026-08-21,00:00,40.5421764,-74.1991345,POWELL ST,10312,123,OTHER,Street,55.40605475093188,False,STATEN ISLAND,"(40.5421764, -74.1991345)",trafficstat,False,False,False,False,False,False,False,False,False,,,,,,,
2026-08-19,00:00,40.5063143,-74.2319366,CALLAHAN LN,10307,123,UNKNOWN,Street,43.313229086276145,False,STATEN ISLAND,"(40.5063143, -74.2319366)",trafficstat,False,False,False,False,False,False,False,False,False,,,,,,,
2026-08-19,00:00,40.522572,-74.1900053,CORNELIA AVE,10312,123,UNKNOWN,Street,1.4170195056275472,False,STATEN ISLAND,"(40.522572, -74.1900053)",trafficstat,False,False,False,False,False,False,False,False,False,,,,,,,
2026-08-01,00:00,40.522572,-74.1900053,CORNELIA AVE,10312,123,UNKNOWN,Street,1.4170195056275472,False,STATEN ISLAND,"(40.522572, -74.1900053)",trafficstat,True,False,False,False,False,True,False,False,False,,,,,,,
2026-08-14,00:00,40.5307761,-74.2309452,,,123,UNKNOWN,,426.20778650570406,False,STATEN ISLAND,"(40.5307761, -74.2309452)",trafficstat,False,False,False,False,False,False,False,False,False,,,,,,,
2026-08-14,00:00,40.53263,-74.1922596,HUGUENOT AVE,10312,123,UNKNOWN,Street,30.439040948082848,False,STATEN ISLAND,"(40.53263, -74.1922596)",trafficstat,True,False,False,False,True,False,False,False,False,,,,,,,
2026-08-14,00:00,40.5610915,-74.1698275,ARTHUR KILL RD,10312,123,UNKNOWN,Street,2.5277943717610696,False,STATEN ISLAND,"(40.5610915, -74.1698275)",trafficstat,False,False,False,False,False,False,False,False,False,,,,,,,
2026-06-15,00:00,40.5610915,-74.1698275,ARTHUR KILL RD,10312,123,OTHER,Street,2.5277943717610696,False,STATEN ISLAND,"(40.5610915, -74.1698275)",trafficstat,True,False,False,False,False,True,False,False,False,,,,,,,
2026-08-14,00:00,40.5565172,-74.1970451,CHESTNUT CIR,10312,123,UNKNOWN,Street,87.97991365322751,False,STATEN ISLAND,"(40.5565172, -74.1970451)",trafficstat,False,False,False,False,False,False,False,False,False,,,,,,,
2026-08-13,00:00,40.5294551,-74.2109968,MAGUIRE AVE,10309,123,OTHER,Street,0.3287989359363924,False,STATEN ISLAND,"(40.5294551, -74.2109968)",trafficstat,True,False,False,False,False,False,False,True,False,,,,,,,
2026-08-01,00:00,40.5294551,-74.2109968,MAGUIRE AVE,10309,123,UNKNOWN,Street,0.3287989359363924,False,STATEN ISLAND,"(40.5294551, -74.2109968)",trafficstat,True,False,False,False,False,False,False,False,True,,,,,,,
2026-08-13,00:00,40.5358342,-74.1937701,HUGUENOT AVE,10312,123,OTHER,Street,0.2432283583877407,False,STATEN ISLAND,"(40.5358342, -74.1937701)",trafficstat,False,False,False,False,False,False,False,False,False,,,,,,,
2026-08-11,00:00,40.5173043,-74.235321,PAGE AVE,10307,123,UNKNOWN,Street,297.23920958999685,False,STATEN ISLAND,"(40.5173043, -74.235321)",trafficstat,False,False,False,False,False,False,False,False,False,,,,,,,
2026-07-06,00:00,40.5173043,-74.235321,PAGE AVE,10307,123,UNKNOWN,Street,297.23920958999685,False,STATEN ISLAND,"(40.5173043, -74.235321)",trafficstat,False,False,False,False,False,False,False,False,False,,,,,,,
2026-08-09,00:00,40.5301791,-74.2302564,BRICKTOWN WAY,10309,123,UNKNOWN,Street,162.36256816817595,False,STATEN ISLAND,"(40.5301791, -74.2302564)",trafficstat,False,False,False,False,False,False,False,False,False,,,,,,,
2026-08-09,00:00,40.5394274,-74.2032382,SHELDON AVE,10309,123,OTHER,Street,38.58122009933399,False,STATEN ISLAND,"(40.5394274, -74.2032382)",trafficstat,False,False,False,False,False,False,False,False,False,,,,,,,
2026-08-09,00:00,40.5449297,-74.1773028,CARLTON BLVD,10312,123,OTHER,Street,1.8374855674099058,False,STATEN ISLAND,"(40.5449297, -74.1773028)",trafficstat,False,False,False,False,False,False,False,False,False,,,,,,,
2026-08-09,00:00,40.559527,-74.17648,WATKINS AVE,10312,123,UNKNOWN,Street,50.70874690282446,False,STATEN ISLAND,"(40.559527, -74.17648)",trafficstat,False,False,False,False,False,False,False,False,False,,,,,,,
2026-08-08,00:00,40.5300134,-74.2292731,BRICKTOWN WAY,10309,123,UNKNOWN,Street,51.087564732288286,False,STATEN ISLAND,"(40.5300134, -74.2292731)",trafficstat,False,False,False,False,False,False,False,False,False,,,,,,,
2026-07-16,00:00,40.5300134,-74.2292731,BRICKTOWN WAY,10309,123,OTHER,Street,51.087564732288286,False,STATEN ISLAND,"(40.5300134, -74.2292731)",trafficstat,False,False,False,False,False,False,False,False,False,,,,,,,
2026-08-07,00:00,40.55871,-74.17438,DRUMGOOLE RD W,10312,123,UNKNOWN,Street,0.08094596611269725,False,STATEN ISLAND,"(40.55871, -74.17438)",trafficstat,False,False,False,False,False,False,False,False,False,,,,,,,
2026-08-05,00:00,40.5299749,-74.1630819,ELMBANK ST,10312,123,UNKNOWN,Street,56.44676569197786,False,STATEN ISLAND,"(40.5299749, -74.1630819)",trafficstat,False,False,False,False,False,False,False,False,False,,,,,,,
2026-08-04,00:00,40.5359239,-74.1808297,AMBOY RD,10312,123,UNKNOWN,Street,3.1405563706732416,False,STATEN ISLAND,"(40.5359239, -74.1808297)",trafficstat,False,False,False,False,False,False,False,False,False,,,,,,,
2026-08-03,00:00,40.5311646,-74.2383263,ARTHUR KILL RD,10309,123,OTHER,Street,236.35661506131956,False,STATEN ISLAND,"(40.5311646, -74.2383263)",trafficstat,False,False,False,False,False,False,False,False,False,,,,,,,
2026-08-03,00:00,40.5659065,-74.19374,WEST SHORE EXPY,10314,123,OTHER,Highway,0.6797603027943278,False,STATEN ISLAND,"(40.5659065, -74.19374)",trafficstat,False,False,False,False,False,False,False,False,False,,,,,,,
2026-08-02,00:00,40.5403929,-74.1718355,MAY PL,10312,123,UNKNOWN,Street,47.79235264858433,False,STATEN ISLAND,"(40.5403929, -74.1718355)",trafficstat,False,False,False,False,False,False,False,False,False,,,,,,,
2026-08-01,00:00,40.5292614,-74.1898516,HUGUENOT AVE,10312,123,OTHER,Street,1.1719940229012857,False,STATEN ISLAND,"(40.5292614, -74.1898516)",trafficstat,False,False,False,False,False,False,False,False,False,,,,,,,
2026-08-01,00:00,40.5241827,-74.2347922,PAGE AVE,10309,123,UNKNOWN,Street,15.449629479022452,False,STATEN ISLAND,"(40.5241827, -74.2347922)",trafficstat,False,False,False,False,False,False,False,False,False,,,,,,,
2026-07-31,00:00,40.5646336,-74.1832505,KENILWORTH AVE,10312,123,OTHER,Street,0.30269944693511786,False,STATEN ISLAND,"(40.5646336, -74.1832505)",trafficstat,True,False,False,False,False,False,False,False,False,,,,,,,
2026-07-30,00:00,40.5302278,-74.2320887,BRICKTOWN WAY,10309,123,UNKNOWN,Street,217.84946127847684,False,STATEN ISLAND,"(40.5302278, -74.2320887)",trafficstat,True,False,False,False,False,False,False,True,False,,,,,,,
2026-07-30,00:00,40.5160985,-74.1956478,WALCH PL,10309,123,OTHER,Street,0.18115417132311215,False,STATEN ISLAND,"(40.5160985, -74.1956478)",trafficstat,False,False,False,False,False,False,False,False,False,,,,,,,
2026-07-29,00:00,40.5135138,-74.2373585,JOLINE AVE,10307,123,UNKNOWN,Street,0.006772821877103987,False,STATEN ISLAND,"(40.5135138, -74.2373585)",trafficstat,True,False,False,False,False,False,False,True,False,,,,,,,
2026-07-29,00:00,40.5367335,-74.1951513,EDGEGROVE AVE,10312,123,UNKNOWN,Street,80.59746240535607,False,STATEN ISLAND,"(40.5367335, -74.1951513)",trafficstat,False,False,False,False,False,False,False,False,False,,,,,,,
2026-07-29,00:00,40.5569311,-74.1748458,KOREAN WAR VETS PKWY,10312,123,UNKNOWN,Highway,8.862762749972408,False,STATEN ISLAND,"(40.5569311, -74.1748458)",trafficstat,True,False,False,False,False,False,False,False,True,,,,,,,
2026-07-29,00:00,40.549862,-74.2214011,BLOOMINGDALE RD,10309,123,UNKNOWN,Street,70.52118949472315,False,STATEN ISLAND,"(40.549862, -74.2214011)",trafficstat,False,False,False,False,False,False,False,False,False,,,,,,,
2026-07-28,00:00,40.5565858,-74.1762505,ANNADALE RD,10312,123,UNKNOWN,Street,0.5417467688126152,False,STATEN ISLAND,"(40.5565858, -74.1762505)",trafficstat,True,False,False,False,False,False,False,True,False,,,,,,,
2026-06-12,00:00,40.5565858,-74.1762505,ANNADALE RD,10312,123,OTHER,Street,0.5417467688126152,False,STATEN ISLAND,"(40.5565858, -74.1762505)",trafficstat,True,False,False,False,False,False,False,False,True,,,,,,,
2026-07-28,00:00,40.5375221,-74.1943575,HUGUENOT AVE,10312,123,UNKNOWN,Street,66.82963852368584,False,STATEN ISLAND,"(40.5375221, -74.1943575)",trafficstat,False,False,False,False,False,False,False,False,False,,,,,,,
2026-07-28,00:00,40.5352862,-74.239067,ANDROVETTE ST,10309,123,OTHER,Street,29.343826852992702,False,STATEN ISLAND,"(40.5352862, -74.239067)",trafficstat,False,False,False,False,False,False,False,False,False,,,,,,,
2026-07-27,00:00,40.5311087,-74.2212371,HERRICK AVE,10309,123,UNKNOWN,Street,37.11453026706132,False,STATEN ISLAND,"(40.5311087, -74.2212371)",trafficstat,True,False,False,False,False,False,False,True,False,,,,,,,
2026-07-26,00:00,40.5402611,-74.2064604,FOSTER RD,10309,123,UNKNOWN,Street,51.43739805977324,False,STATEN ISLAND,"(40.5402611, -74.2064604)",trafficstat,False,False,False,False,False,False,False,False,False,,,,,,,
2026-07-26,00:00,40.5483773,-74.1892978,JEFFERSON BLVD,10312,123,UNKNOWN,Street,2.4432946856955993,False,STATEN ISLAND,"(40.5483773, -74.1892978)",trafficstat,True,False,False,False,True,False,False,False,False,,,,,,,
2026-07-24,00:00,40.5633588,-74.1869469,DRIVEWAY,10312,123,UNKNOWN,Driveway,68.14465207297742,False,STATEN ISLAND,"(40.5633588, -74.1869469)",trafficstat,False,False,False,False,False,False,False,False,False,,,,,,,
2026-07-24,00:00,40.5414046,-74.2147512,WOODROW RD,10309,123,UNKNOWN,Street,2.4646588656356405,False,STATEN ISLAND,"(40.5414046, -74.2147512)",trafficstat,False,False,False,False,False,False,False,False,False,,,,,,,
2026-07-23,00:00,40.5400094,-74.2039174,SINCLAIR AVE,10309,123,OTHER,Street,40.33895298123413,False,STATEN ISLAND,"(40.5400094, -74.2039174)",trafficstat,False,False,False,False,False,False,False,False,False,,,,,,,
2026-07-23,00:00,40.5258245,-74.2071665,CLEARMONT AVE,10309,123,UNKNOWN,Street,53.39883464336448,False,STATEN ISLAND,"(40.5258245, -74.2071665)",trafficstat,False,False,False,False,False,False,False,False,False,,,,,,,
2026-07-23,00:00,40.5563455,-74.2036972,HUGUENOT AVE,10309,123,UNKNOWN,Street,1.3935874113111122,False,STATEN ISLAND,"(40.5563455, -74.2036972)",trafficstat,True,False,False,False,False,False,False,False,True,,,,,,,
2026-06-18,00:00,40.5563455,-74.2036972,HUGUENOT AVE,10309,123,UNKNOWN,Street,1.3935874113111122,False,STATEN ISLAND,"(40.5563455, -74.2036972)",trafficstat,True,False,False,False,False,False,False,True,False,,,,,,,
2026-07-22,00:00,40.560249,-74.1697354,WAINWRIGHT AVE,10312,123,UNKNOWN,Street,3.4935010092253758,False,STATEN ISLAND,"(40.560249, -74.1697354)",trafficstat,False,False,False,False,False,False,False,False,False,,,,,,,
2026-07-22,00:00,40.5370616,-74.2349164,MARJORIE ST,10309,123,UNKNOWN,Street,66.49281108081055,False,STATEN ISLAND,"(40.5370616, -74.2349164)",trafficstat,False,False,False,False,False,False,False,False,False,,,,,,,
2026-07-22,00:00,40.53867,-74.18342,ALBEE AVE,10312,123,UNKNOWN,Street,0.7601431477136785,False,STATEN ISLAND,"(40.53867, -74.18342)",trafficstat,False,False,False,False,False,False,False,False,False,,,,,,,
2026-07-22,00:00,40.5394737,-74.1750901,BARCLAY AVE,10312,123,UNKNOWN,Street,1.038511369867733,False,STATEN ISLAND,"(40.5394737, -74.1750901)",trafficstat,True,False,False,False,False,False,False,False,True,,,,,,,
2026-07-21,00:00,40.5361392,-74.2113087,RATHBUN AVE,10309,123,UNKNOWN,Street,47.8486466462649,False,STATEN ISLAND,"(40.5361392, -74.2113087)",trafficstat,False,False,False,False,False,False,False,False,False,,,,,,,
2026-07-21,00:00,40.5224442,-74.2396107,ARTHUR KILL RD,10309,123,UNKNOWN,Street,89.33526323670742,False,STATEN ISLAND,"(40.5224442, -74.2396107)",trafficstat,True,False,False,False,False,False,False,False,False,,,,,,,
2026-07-21,00:00,40.5478219,-74.2082224,ALVERSON AVE,10309,123,UNKNOWN,Street,60.99191512855332,False,STATEN ISLAND,"(40.5478219, -74.2082224)",trafficstat,False,False,False,False,False,False,False,False,False,,,,,,,
2026-07-20,00:00,40.5268603,-74.1911397,LUTEN AVE,10312,123,OTHER,Street,0.7361847657233481,False,STATEN ISLAND,"(40.5268603, -74.1911397)",trafficstat,False,False,False,False,False,False,False,False,False,,,,,,,
2026-07-19,00:00,40.5561797,-74.1957062,FOREST GRN,10312,123,OTHER,Street,54.452597629917335,False,STATEN ISLAND,"(40.5561797, -74.1957062)",trafficstat,False,False,False,False,False,False,False,False,False,,,,,,,
2026-07-19,00:00,40.5525148,-74.2122392,ROSSVILLE AVE,10309,123,UNKNOWN,Street,0.2427018052312074,False,STATEN ISLAND,"(40.5525148, -74.2122392)",trafficstat,True,False,False,False,False,False,False,False,True,,,,,,,
2026-07-18,00:00,40.5329327,-74.163946,ARDEN AVE,10312,123,OTHER,Street,0.9505729170191618,False,STATEN ISLAND,"(40.5329327, -74.163946)",trafficstat,True,False,False,False,False,False,False,True,False,,,,,,,
2026-07-16,00:00,40.5386565,-74.1633557,PRESTON AVE,10312,123,UNKNOWN,Street,1.194651857286951,False,STATEN ISLAND,"(40.5386565, -74.1633557)",trafficstat,True,False,False,False,False,False,False,True,False,,,,,,,
2026-07-15,00:00,40.5308712,-74.1939859,LUTEN AVE,10312,123,UNKNOWN,Street,1.3790367267825527,False,STATEN ISLAND,"(40.5308712, -74.1939859)",trafficstat,False,False,False,False,False,False,False,False,False,,,,,,,
2026-07-15,00:00,40.5095805,-74.2502585,BENTLEY ST,10307,123,UNKNOWN,Street,1.1456587582388786,False,STATEN ISLAND,"(40.5095805, -74.2502585)",trafficstat,False,False,False,False,False,False,False,False,False,,,,,,,
2026-07-13,00:00,40.564182,-74.18116,HINTON ST,10312,123,UNKNOWN,Street,3.659106744562842,False,STATEN ISLAND,"(40.564182, -74.18116)",trafficstat,True,False,False,False,False,True,False,False,False,,,,,,,
2026-07-12,00:00,40.5512441,-74.2207049,ARTHUR KILL RD,10309,123,UNKNOWN,Street,89.5574690213485,False,STATEN ISLAND,"(40.5512441, -74.2207049)",trafficstat,False,False,False,False,False,False,False,False,False,,,,,,,
2026-07-12,00:00,40.5289597,-74.2146444,KOREAN WAR VETS PKWY,10309,123,UNKNOWN,Highway,4.391885123877605,False,STATEN ISLAND,"(40.5289597, -74.2146444)",trafficstat,True,False,False,False,False,False,False,True,True,,,,,,,
2026-07-11,00:00,40.5102834,-74.23985,SPRAGUE AVE,10307,123,UNKNOWN,Street,0.15788027382196287,False,STATEN ISLAND,"(40.5102834, -74.23985)",trafficstat,True,False,False,False,False,False,False,True,False,,,,,,,
2026-07-10,00:00,40.5041957,-74.2392478,SEA CREST LN,10307,123,UNKNOWN,Street,49.05859139351171,False,STATEN ISLAND,"(40.5041957, -74.2392478)",trafficstat,False,False,False,False,False,False,False,False,False,,,,,,,
2026-07-10,00:00,40.5279242,-74.2164849,BLOOMINGDALE RD,10309,123,UNKNOWN,Street,0.5109161788819265,False,STATEN ISLAND,"(40.5279242, -74.2164849)",trafficstat,True,False,False,False,False,False,False,True,False,,,,,,,
2026-07-10,00:00,40.5405106,-74.1687114,ARDEN AVE,10312,123,OTHER,Street,58.411458284863535,False,STATEN ISLAND,"(40.5405106, -74.1687114)",trafficstat,True,False,True,False,False,False,False,False,False,,,,,,,
2026-07-09,00:00,40.5144138,-74.2062488,WOODVALE AVE,10309,123,UNKNOWN,Street,1.2901741852926882,False,STATEN ISLAND,"(40.5144138, -74.2062488)",trafficstat,True,False,False,False,False,False,False,False,True,,,,,,,
2026-07-09,00:00,40.529373,-74.161354,ARDEN AVE,10312,123,UNKNOWN,Street,2.294728644334285,False,STATEN ISLAND,"(40.529373, -74.161354)",trafficstat,True,False,False,False,False,False,False,True,False,,,,,,,
2026-07-09,00:00,40.5265628,-74.1690671,LIPSETT AVE,10312,123,UNKNOWN,Street,1.2722263528618594,False,STATEN ISLAND,"(40.5265628, -74.1690671)",trafficstat,False,False,False,False,False,False,False,False,False,,,,,,,
2026-07-08,00:00,40.5209092,-74.2175268,AMBOY RD,10309,123,OTHER,Street,3.0676890770514698,False,STATEN ISLAND,"(40.5209092, -74.2175268)",trafficstat,False,False,False,False,False,False,False,False,False,,,,,,,
2026-07-08,00:00,40.5485589,-74.1958988,LISA LN,10312,123,UNKNOWN,Street,73.74671911631127,False,STATEN ISLAND,"(40.5485589, -74.1958988)",trafficstat,False,False,False,False,False,False,False,False,False,,,,,,,
2026-07-05,00:00,40.534914,-74.1569824,LYNDALE AVE,10312,123,OTHER,Street,53.029827059702455,False,STATEN ISLAND,"(40.534914, -74.1569824)",trafficstat,False,False,False,False,False,False,False,False,False,,,,,,,
2026-07-05,00:00,40.5257733,-74.2272958,KOREAN WAR VETS PKWY,10309,123,UNKNOWN,Highway,2.186725232711574,False,STATEN ISLAND,"(40.5257733, -74.2272958)",trafficstat,False,False,False,False,False,False,False,False,False,,,,,,,
2026-07-05,00:00,40.5428043,-74.2234535,WEST SHORE EXPY,10309,123,OTHER,Highway,3.8193473459911114,False,STATEN ISLAND,"(40.5428043, -74.2234535)",trafficstat,False,False,False,False,False,False,False,False,False,,,,,,,
2026-07-05,00:00,40.5532455,-74.2177725,ARTHUR KILL RD,10309,123,UNKNOWN,Street,0.4524860577238106,False,STATEN ISLAND,"(40.5532455, -74.2177725)",trafficstat,False,False,False,False,False,False,False,False,False,,,,,,,
2026-07-04,00:00,40.547852,-74.1882564,JEFFERSON BLVD,10312,123,OTHER,Street,2.526476162357503,False,STATEN ISLAND,"(40.547852, -74.1882564)",trafficstat,True,False,False,False,False,False,False,True,False,,,,,,,
2026-07-04,00:00,40.5169404,-74.2407946,LION ST,10307,123,UNKNOWN,Street,0.8938627316901511,False,STATEN ISLAND,"(40.5169404, -74.2407946)",trafficstat,False,False,False,False,False,False,False,False,False,,,,,,,
2026-06-23,00:00,40.5169404,-74.2407946,LION ST,10307,123,UNKNOWN,Street,0.8938627316901511,False,STATEN ISLAND,"(40.5169404, -74.2407946)",trafficstat,False,False,False,False,False,False,False,False,False,,,,,,,
2026-07-04,00:00,40.5322793,-74.2241342,ENGLEWOOD AVE,10309,123,UNKNOWN,Street,6.74744552638527,False,STATEN ISLAND,"(40.5322793, -74.2241342)",trafficstat,True,False,False,False,False,False,False,True,False,,,,,,,
2026-07-04,00:00,40.5293736,-74.1613509,ARDEN AVE,10312,123,UNKNOWN,Street,1.438244089165516,False,STATEN ISLAND,"(40.5293736, -74.1613509)",trafficstat,True,False,False,False,False,False,False,True,True,,,,,,,
2026-07-04,00:00,40.5317122,-74.2028919,FOSTER RD,10309,123,UNKNOWN,Street,0.33364059236819527,False,STATEN ISLAND,"(40.5317122, -74.2028919)",trafficstat,False,False,False,False,False,False,False,False,False,,,,,,,
2026-07-03,00:00,40.5350186,-74.2171649,RAMONA AVE,10309,123,OTHER,Street,130.8099452539605,False,STATEN ISLAND,"(40.5350186, -74.2171649)",trafficstat,False,False,False,False,False,False,False,False,False,,,,,,,
2026-07-02,00:00,40.535923,-74.18083,AMBOY RD,10312,123,UNKNOWN,Street,3.4787056554341698,False,STATEN ISLAND,"(40.535923, -74.18083)",trafficstat,False,False,False,False,False,False,False,False,False,,,,,,,
2026-07-02,00:00,40.5276175,-74.235149,WEST SHORE PKWY,10309,123,UNKNOWN,Street,94.74496759306867,False,STATEN ISLAND,"(40.5276175, -74.235149)",trafficstat,True,False,False,False,False,False,False,True,False,,,,,,,
2026-07-01,00:00,40.5462207,-74.200202,DAHLIA ST,10312,123,UNKNOWN,Street,60.247580493684126,False,STATEN ISLAND,"(40.5462207, -74.200202)",trafficstat,False,False,False,False,False,False,False,False,False,,,,,,,
2026-06-30,00:00,40.5371118,-74.2310092,SHARROTTS RD,10309,123,UNKNOWN,Street,66.23455160165108,False,STATEN ISLAND,"(40.5371118, -74.2310092)",trafficstat,False,False,False,False,False,False,False,False,False,,,,,,,
2026-06-30,00:00,40.5167823,-74.1981115,KINGSLAND ST,10309,123,OTHER,Street,23.892300596294564,False,STATEN ISLAND,"(40.5167823, -74.1981115)",trafficstat,False,False,False,False,False,False,False,False,False,,,,,,,
2026-06-27,00:00,40.520155,-74.2058016,FINLAY AVE,10309,123,UNKNOWN,Street,54.789307337672845,False,STATEN ISLAND,"(40.520155, -74.2058016)",trafficstat,False,False,False,False,False,False,False,False,False,,,,,,,
2026-06-26,00:00,40.52474,-74.2334345,MADSEN AVE,10309,123,OTHER,Street,0.8896457429687781,False,STATEN ISLAND,"(40.52474, -74.2334345)",trafficstat,False,False,False,False,False,False,False,False,False,,,,,,,
2026-06-26,00:00,40.5346933,-74.2179786,RAMONA AVE,10309,123,OTHER,Street,46.00680390960617,False,STATEN ISLAND,"(40.5346933, -74.2179786)",trafficstat,False,False,False,False,False,False,False,False,False,,,,,,,
2026-06-25,00:00,40.5184067,-74.2127531,SHARROTT AVE,10309,123,OTHER,Street,0.6449489415146645,False,STATEN ISLAND,"(40.5184067, -74.2127531)",trafficstat,True,False,False,False,False,False,False,True,False,,,,,,,
2026-06-24,00:00,40.5304814,-74.1907256,HUGUENOT AVE,10312,123,OTHER,Street,1.120632619762878,False,STATEN ISLAND,"(40.5304814, -74.1907256)",trafficstat,False,False,False,False,False,False,False,False,False,,,,,,,
2026-06-24,00:00,40.5397259,-74.237215,ARTHUR KILL RD,10309,123,UNKNOWN,Street,93.02874438041705,False,STATEN ISLAND,"(40.5397259, -74.237215)",trafficstat,False,False,False,False,False,False,False,False,False,,,,,,,
2026-06-23,00:00,40.5216058,-74.2153835,BEDELL ST,10309,123,UNKNOWN,Street,185.41658772038,False,STATEN ISLAND,"(40.5216058, -74.2153835)",trafficstat,False,False,False,False,False,False,False,False,False,,,,,,,
2026-06-22,00:00,40.5096828,-74.2396321,SPRAGUE AVE,10307,123,UNKNOWN,Street,0.5479391904383771,False,STATEN ISLAND,"(40.5096828, -74.2396321)",trafficstat,False,False,False,False,False,False,False,False,False,,,,,,,
2026-06-22,00:00,40.5354883,-74.218283,BLOOMINGDALE RD,10309,123,UNKNOWN,Street,0.4798249024599314,False,STATEN ISLAND,"(40.5354883, -74.218283)",trafficstat,True,False,False,False,False,False,False,True,False,,,,,,,
2026-06-21,00:00,40.5137112,-74.2375987,PARKER ST,10307,123,OTHER,Street,19.495769100116924,False,STATEN ISLAND,"(40.5137112, -74.2375987)",trafficstat,False,False,False,False,False,False,False,False,False,,,,,,,
2026-06-21,00:00,40.5212785,-74.2238192,EMERALD CT,10309,123,UNKNOWN,Street,84.59558027627408,False,STATEN ISLAND,"(40.5212785, -74.2238192)",trafficstat,False,False,False,False,False,False,False,False,False,,,,,,,
2026-06-20,00:00,40.5213914,-74.2346997,PAGE AVE,10309,123,UNKNOWN,Street,102.25930528173178,False,STATEN ISLAND,"(40.5213914, -74.2346997)",trafficstat,True,False,False,False,False,False,False,True,False,,,,,,,
2026-06-20,00:00,40.5463893,-74.2076439,ALVERSON AVE,10309,123,OTHER,Street,60.47140883097263,False,STATEN ISLAND,"(40.5463893, -74.2076439)",trafficstat,False,False,False,False,False,False,False,False,False,,,,,,,
2026-06-19,00:00,40.5278557,-74.2178639,KOREAN WAR VETS PKWY,10309,123,UNKNOWN,Highway,1.0865454351026584,False,STATEN ISLAND,"(40.5278557, -74.2178639)",trafficstat,True,False,False,False,False,True,False,False,False,,,,,,,
2026-06-18,00:00,40.5269286,-74.1863142,KINGDOM AVE,10312,123,UNKNOWN,Street,54.854196151640465,False,STATEN ISLAND,"(40.5269286, -74.1863142)",trafficstat,True,False,False,False,False,False,False,False,True,,,,,,,