crash_date,crash_time,latitude,longitude,on_street_name,zip_code,precinct,collision_type,roadway_type,geocode_dist_feet,time_is_known,borough,location,source,injury,fatality,injured_pedestrian,injured_cyclist,injured_ebike_rider,injured_motorcyclist,injured_moped_rider,injured_car_occupant,injured_suv_occupant,number_of_persons_injured,number_of_persons_killed,contributing_factor_vehicle_1,collision_id,cross_street_name,off_street_name,vehicle_type_code1
2026-06-18,00:00,40.5257288,-74.2303553,TYRELLAN AVE,10309,123,OTHER,Street,1.0056968639078967,False,STATEN ISLAND,"(40.5257288, -74.2303553)",trafficstat,False,False,False,False,False,False,False,False,False,,,,,,,
2026-06-18,00:00,40.5592002,-74.1717229,WAINWRIGHT AVE,10312,123,UNKNOWN,Street,1.2313653313670028,False,STATEN ISLAND,"(40.5592002, -74.1717229)",trafficstat,False,False,False,False,False,False,False,False,False,,,,,,,
2026-06-17,00:00,40.550358,-74.180504,RENSSELAER AVE,10312,123,UNKNOWN,Street,1.535322166713204,False,STATEN ISLAND,"(40.550358, -74.180504)",trafficstat,True,False,False,False,False,False,False,False,True,,,,,,,
2026-06-17,00:00,40.5514094,-74.1724117,POMPEY AVE,10312,123,UNKNOWN,Street,0.0796638570900419,False,STATEN ISLAND,"(40.5514094, -74.1724117)",trafficstat,True,False,False,False,False,False,False,True,True,,,,,,,
2026-06-17,00:00,40.5336347,-74.1926701,HUGUENOT AVE,10312,123,OTHER,Bridge,0.24913464728430257,False,STATEN ISLAND,"(40.5336347, -74.1926701)",trafficstat,True,False,False,True,False,False,False,False,False,,,,,,,
2026-06-15,00:00,40.5566168,-74.2039859,ARTHUR KILL RD,10309,123,UNKNOWN,Street,2.0500966704164223,False,STATEN ISLAND,"(40.5566168, -74.2039859)",trafficstat,False,False,False,False,False,False,False,False,False,,,,,,,
2026-06-15,00:00,40.5574074,-74.1809779,WOODROW RD,10312,123,OTHER,Street,29.891812736703926,False,STATEN ISLAND,"(40.5574074, -74.1809779)",trafficstat,True,False,False,False,False,False,True,False,False,,,,,,,
2026-06-15,00:00,40.5574333,-74.1712685,WAINWRIGHT AVE,10312,123,UNKNOWN,Street,0.025154540536061608,False,STATEN ISLAND,"(40.5574333, -74.1712685)",trafficstat,True,False,False,False,False,False,False,True,False,,,,,,,
2026-06-13,00:00,40.5375691,-74.1908799,DARLINGTON AVE,10312,123,OTHER,Street,56.62392282960882,False,STATEN ISLAND,"(40.5375691, -74.1908799)",trafficstat,False,False,False,False,False,False,False,False,False,,,,,,,
2026-06-13,00:00,40.5304311,-74.2086056,KOREAN WAR VETS PKWY,10309,123,UNKNOWN,Highway,0.2639393716871528,False,STATEN ISLAND,"(40.5304311, -74.2086056)",trafficstat,False,False,False,False,False,False,False,False,False,,,,,,,
2026-06-12,00:00,40.5199997,-74.1951917,HOLTEN AVE,10309,123,UNKNOWN,Street,1.3868904445112624,False,STATEN ISLAND,"(40.5199997, -74.1951917)",trafficstat,False,False,False,False,False,False,False,False,False,,,,,,,
2026-09-13,00:00,40.8481042,-73.9015595,E  TREMONT AVE,10457,46,UNKNOWN,Street,2.6896208139451487,False,BRONX,"(40.8481042, -73.9015595)",trafficstat,False,False,False,False,False,False,False,False,False,,,,,,,
2026-09-12,00:00,40.8481042,-73.9015595,E  TREMONT AVE,10457,46,UNKNOWN,Street,2.6896208139451487,False,BRONX,"(40.8481042, -73.9015595)",trafficstat,True,False,False,False,False,False,False,True,True,,,,,,,
2026-09-13,00:00,40.8590828,-73.8981812,E  184 ST,10458,46,UNKNOWN,Street,2.649374762344029,False,BRONX,"(40.8590828, -73.8981812)",trafficstat,True,False,True,False,False,False,False,False,False,,,,,,,
2026-06-15,00:00,40.8590828,-73.8981812,E  184 ST,10458,46,UNKNOWN,Street,2.649374762344029,False,BRONX,"(40.8590828, -73.8981812)",trafficstat,True,False,False,True,False,False,False,False,False,,,,,,,
2026-09-12,00:00,40.8465744,-73.9258845,MAJOR DEEGAN EXPY,10453,46,UNKNOWN,Highway,2.4764284598059483,False,BRONX,"(40.8465744, -73.9258845)",trafficstat,True,False,False,False,False,False,False,False,False,,,,,,,
2026-08-03,00:00,40.8465744,-73.9258845,MAJOR DEEGAN EXPY,10453,46,UNKNOWN,Highway,2.4764284598059483,False,BRONX,"(40.8465744, -73.9258845)",trafficstat,False,False,False,False,False,False,False,False,False,,,,,,,
2026-09-12,00:00,40.8538152,-73.9073311,JEROME AVE,10453,46,OTHER,Street,2.6820793250321286,False,BRONX,"(40.8538152, -73.9073311)",trafficstat,True,False,False,False,False,False,False,True,False,,,,,,,
2026-07-17,00:00,40.8538152,-73.9073311,JEROME AVE,10453,46,UNKNOWN,Street,2.6820793250321286,False,BRONX,"(40.8538152, -73.9073311)",trafficstat,True,False,False,False,False,False,True,False,False,,,,,,,
2026-07-15,00:00,40.8538152,-73.9073311,JEROME AVE,10453,46,UNKNOWN,Street,2.6820793250321286,False,BRONX,"(40.8538152, -73.9073311)",trafficstat,True,False,True,False,False,False,False,False,False,,,,,,,
2026-09-10,00:00,40.8587088,-73.9036912,JEROME AVE,10453,46,OTHER,Street,1.6779482902777767,False,BRONX,"(40.8587088, -73.9036912)",trafficstat,True,False,True,False,False,False,False,False,False,,,,,,,
2026-07-19,00:00,40.8587088,-73.9036912,JEROME AVE,10453,46,UNKNOWN,Street,1.6779482902777767,False,BRONX,"(40.8587088, -73.9036912)",trafficstat,False,False,False,False,False,False,False,False,False,,,,,,,
2026-09-10,00:00,40.8511013,-73.9046745,GRAND CONC,10453,46,UNKNOWN,Street,1.643552858753283,False,BRONX,"(40.8511013, -73.9046745)",trafficstat,False,False,False,False,False,False,False,False,False,,,,,,,
2026-09-10,00:00,40.8582343,-73.9005147,CRESTON AVE,10468,46,OTHER,Street,37.368653126872104,False,BRONX,"(40.8582343, -73.9005147)",trafficstat,False,False,False,False,False,False,False,False,False,,,,,,,
2026-09-10,00:00,40.8593085,-73.8988388,GRAND CONC,10468,46,OTHER,Street,1.2223705270176484,False,BRONX,"(40.8593085, -73.8988388)",trafficstat,True,False,False,True,False,False,False,False,False,,,,,,,
2026-09-09,00:00,40.8487267,-73.9024947,E  TREMONT AVE,10457,46,OTHER,Street,63.64994338588571,False,BRONX,"(40.8487267, -73.9024947)",trafficstat,False,False,False,False,False,False,False,False,False,,,,,,,
2026-09-08,00:00,40.8469874,-73.9199849,UNIVERSITY AVE,10453,46,UNKNOWN,Street,53.225985454496886,False,BRONX,"(40.8469874, -73.9199849)",trafficstat,True,False,False,True,False,False,False,False,False,,,,,,,
2026-09-08,00:00,40.847246,-73.9125886,JEROME AVE,10453,46,UNKNOWN,Street,22.69541832230242,False,BRONX,"(40.847246, -73.9125886)",trafficstat,False,False,False,False,False,False,False,False,False,,,,,,,
2026-09-07,00:00,40.8504784,-73.9154253,W  TREMONT AVE,10453,46,UNKNOWN,Street,2.032323318335229,False,BRONX,"(40.8504784, -73.9154253)",trafficstat,False,False,False,False,False,False,False,False,False,,,,,,,
2026-08-21,00:00,40.8504784,-73.9154253,W  TREMONT AVE,10453,46,UNKNOWN,Street,2.032323318335229,False,BRONX,"(40.8504784, -73.9154253)",trafficstat,False,False,False,False,False,False,False,False,False,,,,,,,
2026-07-03,00:00,40.8504784,-73.9154253,W  TREMONT AVE,10453,46,UNKNOWN,Street,2.032323318335229,False,BRONX,"(40.8504784, -73.9154253)",trafficstat,False,False,False,False,False,False,False,False,False,,,,,,,
2026-09-07,00:00,40.8500214,-73.9212598,UNDERCLIFF AVE,10453,46,UNKNOWN,Street,1.9899805826241281,False,BRONX,"(40.8500214, -73.9212598)",trafficstat,False,False,False,False,False,False,False,False,False,,,,,,,
2026-09-06,00:00,40.8553434,-73.9090014,W  180 ST,10453,46,UNKNOWN,Street,41.91395101386991,False,BRONX,"(40.8553434, -73.9090014)",trafficstat,True,False,False,False,False,False,False,True,False,,,,,,,
2026-09-06,00:00,40.8538254,-73.9003298,RYER AVE,10457,46,UNKNOWN,Street,39.41700749360973,False,BRONX,"(40.8538254, -73.9003298)",trafficstat,False,False,False,False,False,False,False,False,False,,,,,,,
2026-08-12,00:00,40.8538254,-73.9003298,RYER AVE,10457,46,OTHER,Street,39.41700749360973,False,BRONX,"(40.8538254, -73.9003298)",trafficstat,False,False,False,False,False,False,False,False,False,,,,,,,
2026-07-02,00:00,40.8538254,-73.9003298,RYER AVE,10457,46,UNKNOWN,Street,39.41700749360973,False,BRONX,"(40.8538254, -73.9003298)",trafficstat,False,False,False,False,False,False,False,False,False,,,,,,,
2026-09-06,00:00,40.8553961,-73.9180955,MAJOR DEEGAN EXPY,10453,46,UNKNOWN,Highway,9.249238444586272,False,BRONX,"(40.8553961, -73.9180955)",trafficstat,False,False,False,False,False,False,False,False,False,,,,,,,
2026-09-04,00:00,40.8553961,-73.9180955,MAJOR DEEGAN EXPY,10453,46,UNKNOWN,Highway,9.249238444586272,False,BRONX,"(40.8553961, -73.9180955)",trafficstat,True,False,False,False,False,False,False,True,False,,,,,,,
2026-08-02,00:00,40.8553961,-73.9180955,MAJOR DEEGAN EXPY,10453,46,UNKNOWN,Highway,9.249238444586272,False,BRONX,"(40.8553961, -73.9180955)",trafficstat,True,False,False,False,False,False,False,True,True,,,,,,,
2026-07-11,00:00,40.8553961,-73.9180955,MAJOR DEEGAN EXPY,10453,46,UNKNOWN,Highway,9.249238444586272,False,BRONX,"(40.8553961, -73.9180955)",trafficstat,True,False,False,False,False,False,False,True,False,,,,,,,
2026-09-05,00:00,40.8518084,-73.9068206,MORRIS AVE,10453,46,UNKNOWN,Street,1.8721413789391903,False,BRONX,"(40.8518084, -73.9068206)",trafficstat,False,False,False,False,False,False,False,False,False,,,,,,,
2026-09-05,00:00,40.8464557,-73.9168581,MACOMBS RD,10452,46,OTHER,Street,1.9713542897727028,False,BRONX,"(40.8464557, -73.9168581)",trafficstat,False,False,False,False,False,False,False,False,False,,,,,,,
2026-07-12,00:00,40.8464557,-73.9168581,MACOMBS RD,10452,46,UNKNOWN,Street,1.9713542897727028,False,BRONX,"(40.8464557, -73.9168581)",trafficstat,True,False,False,True,False,False,False,False,False,,,,,,,
2026-09-05,00:00,40.8451774,-73.9141598,JEROME AVE,10452,46,UNKNOWN,Street,1.8118600455995069,False,BRONX,"(40.8451774, -73.9141598)",trafficstat,False,False,False,False,False,False,False,False,False,,,,,,,
2026-08-24,00:00,40.8451774,-73.9141598,JEROME AVE,10452,46,UNKNOWN,Street,1.8118600455995069,False,BRONX,"(40.8451774, -73.9141598)",trafficstat,True,False,False,False,False,False,False,False,True,,,,,,,
2026-08-09,00:00,40.8451774,-73.9141598,JEROME AVE,10452,46,UNKNOWN,Street,1.8118600455995069,False,BRONX,"(40.8451774, -73.9141598)",trafficstat,False,False,False,False,False,False,False,False,False,,,,,,,
2026-07-31,00:00,40.8451774,-73.9141598,JEROME AVE,10452,46,UNKNOWN,Street,1.8118600455995069,False,BRONX,"(40.8451774, -73.9141598)",trafficstat,False,False,False,False,False,False,False,False,False,,,,,,,
2026-07-30,00:00,40.8451774,-73.9141598,JEROME AVE,10452,46,UNKNOWN,Street,1.8118600455995069,False,BRONX,"(40.8451774, -73.9141598)",trafficstat,True,False,False,False,False,False,False,True,False,,,,,,,
2026-09-04,00:00,40.8484318,-73.9129772,DAVIDSON AVE,10453,46,UNKNOWN,Street,2.1573772815590293,False,BRONX,"(40.8484318, -73.9129772)",trafficstat,False,False,False,False,False,False,False,False,False,,,,,,,
2026-09-04,00:00,40.8519606,-73.914243,UNIVERSITY AVE,10453,46,OTHER,Street,61.17845227054758,False,BRONX,"(40.8519606, -73.914243)",trafficstat,True,False,False,True,False,False,False,True,False,,,,,,,
2026-09-04,00:00,40.8540397,-73.9160808,BILLINGSLEY TER,10453,46,UNKNOWN,Street,28.546263508855223,False,BRONX,"(40.8540397, -73.9160808)",trafficstat,False,False,False,False,False,False,False,False,False,,,,,,,
2026-09-02,00:00,40.8519378,-73.9107749,W  TREMONT AVE,10453,46,UNKNOWN,Street,3.4291225466846456,False,BRONX,"(40.8519378, -73.9107749)",trafficstat,True,False,False,False,False,False,False,False,False,,,,,,,
2026-09-02,00:00,40.8602785,-73.8940437,MARION AVE,10458,46,UNKNOWN,Street,1.6976656715751537,False,BRONX,"(40.8602785, -73.8940437)",trafficstat,True,False,False,False,False,False,False,True,False,,,,,,,
2026-09-01,00:00,40.8535232,-73.9027227,GRAND CONC,10453,46,UNKNOWN,Street,2.163701186532248,False,BRONX,"(40.8535232, -73.9027227)",trafficstat,True,False,False,False,False,False,True,False,False,,,,,,,
2026-07-05,00:00,40.8535232,-73.9027227,GRAND CONC,10453,46,UNKNOWN,Street,2.163701186532248,False,BRONX,"(40.8535232, -73.9027227)",trafficstat,False,False,False,False,False,False,False,False,False,,,,,,,
2026-09-01,00:00,40.8525219,-73.9000131,VALENTINE AVE,10457,46,OTHER,Street,0.4750930223048053,False,BRONX,"(40.8525219, -73.9000131)",trafficstat,False,False,False,False,False,False,False,False,False,,,,,,,
2026-09-01,00:00,40.8478155,-73.907531,GRAND CONC,10453,46,UNKNOWN,Street,2.5152526558228003,False,BRONX,"(40.8478155, -73.907531)",trafficstat,False,False,False,False,False,False,False,False,False,,,,,,,
2026-09-01,00:00,40.8464787,-73.926322,MAJOR DEEGAN EP SB ET 7 N-S,10453,46,UNKNOWN,Ramp,9.808504284190418,False,BRONX,"(40.8464787, -73.926322)",trafficstat,True,False,False,False,False,False,False,True,False,,,,,,,
2026-07-15,00:00,40.8464787,-73.926322,MAJOR DEEGAN EP SB ET 7 N-S,10453,46,UNKNOWN,Ramp,9.808504284190418,False,BRONX,"(40.8464787, -73.926322)",trafficstat,True,False,False,False,False,False,False,True,False,,,,,,,
2026-07-09,00:00,40.8464787,-73.926322,MAJOR DEEGAN EP SB ET 7 N-S,10453,46,UNKNOWN,Ramp,9.808504284190418,False,BRONX,"(40.8464787, -73.926322)",trafficstat,True,False,False,False,False,False,False,True,False,,,,,,,
2026-08-31,00:00,40.8468115,-73.9082987,EASTBURN AVE,10457,46,OTHER,Street,0.2782717018378657,False,BRONX,"(40.8468115, -73.9082987)",trafficstat,False,False,False,False,False,False,False,False,False,,,,,,,
2026-08-31,00:00,40.8482536,-73.9097461,WALTON AVE,10453,46,UNKNOWN,Street,1.665136809205136,False,BRONX,"(40.8482536, -73.9097461)",trafficstat,True,False,True,False,False,False,False,False,False,,,,,,,
2026-08-31,00:00,40.8574589,-73.8995499,GRAND CONC,10458,46,OTHER,Street,44.61720617329625,False,BRONX,"(40.8574589, -73.8995499)",trafficstat,True,False,False,False,False,False,True,True,False,,,,,,,
2026-08-31,00:00,40.8618711,-73.8917708,E  FORDHAM RD,10458,46,UNKNOWN,Street,17.248132691898867,False,BRONX,"(40.8618711, -73.8917708)",trafficstat,True,False,False,False,False,False,False,True,False,,,,,,,
2026-08-31,00:00,40.8589856,-73.8938108,WEBSTER AVE,10458,46,UNKNOWN,Street,1.707409056131762,False,BRONX,"(40.8589856, -73.8938108)",trafficstat,True,False,False,False,False,False,False,False,False,,,,,,,
2026-08-21,00:00,40.8589856,-73.8938108,WEBSTER AVE,10458,46,UNKNOWN,Street,1.707409056131762,False,BRONX,"(40.8589856, -73.8938108)",trafficstat,True,False,False,False,False,False,False,False,True,,,,,,,
2026-08-30,00:00,40.851704,-73.9052889,BUSH ST,10453,46,UNKNOWN,Street,65.06321622284905,False,BRONX,"(40.851704, -73.9052889)",trafficstat,False,False,False,False,False,False,False,False,False,,,,,,,
2026-08-30,00:00,40.8537648,-73.9006361,RYER AVE,10457,46,UNKNOWN,Street,33.148085369045596,False,BRONX,"(40.8537648, -73.9006361)",trafficstat,False,False,False,False,False,False,False,False,False,,,,,,,
2026-07-24,00:00,40.8537648,-73.9006361,RYER AVE,10457,46,OTHER,Street,33.148085369045596,False,BRONX,"(40.8537648, -73.9006361)",trafficstat,False,False,False,False,False,False,False,False,False,,,,,,,
2026-08-30,00:00,40.8545185,-73.905408,WALTON AVE,10453,46,OTHER,Street,22.959007025113117,False,BRONX,"(40.8545185, -73.905408)",trafficstat,False,False,False,False,False,False,False,False,False,,,,,,,
2026-08-30,00:00,40.8472461,-73.9122403,JEROME AVE,10453,46,OTHER,Street,107.45511885628228,False,BRONX,"(40.8472461, -73.9122403)",trafficstat,True,False,True,False,False,False,False,False,False,,,,,,,
2026-08-29,00:00,40.8476374,-73.9060133,E  176 ST,10457,46,UNKNOWN,Street,30.59079490764418,False,BRONX,"(40.8476374, -73.9060133)",trafficstat,False,False,False,False,False,False,False,False,False,,,,,,,
2026-08-29,00:00,40.8449733,-73.9024677,WEBSTER AVE,10457,46,UNKNOWN,Street,1.1945770992798708,False,BRONX,"(40.8449733, -73.9024677)",trafficstat,True,False,False,False,False,False,False,True,False,,,,,,,
2026-08-29,00:00,40.8563081,-73.9094238,AQUEDUCT AVE E,10453,46,UNKNOWN,Street,34.99714789278365,False,BRONX,"(40.8563081, -73.9094238)",trafficstat,True,False,False,True,False,False,False,False,False,,,,,,,
2026-08-28,00:00,40.8592333,-73.9078508,UNIVERSITY AVE,10453,46,OTHER,Street,61.37188420145092,False,BRONX,"(40.8592333, -73.9078508)",trafficstat,False,False,False,False,False,False,False,False,False,,,,,,,
2026-08-28,00:00,40.85635,-73.9052104,JEROME AVE,10453,46,UNKNOWN,Street,19.270606499892626,False,BRONX,"(40.85635, -73.9052104)",trafficstat,True,False,False,False,False,False,False,True,False,,,,,,,
2026-08-28,00:00,40.8487603,-73.9174446,UNIVERSITY AVE,10453,46,UNKNOWN,Street,47.29256867734517,False,BRONX,"(40.8487603, -73.9174446)",trafficstat,True,False,False,False,False,False,False,True,False,,,,,,,
2026-08-27,00:00,40.8553009,-73.9017012,GRAND CONC,10453,46,UNKNOWN,Street,38.191201455731445,False,BRONX,"(40.8553009, -73.9017012)",trafficstat,False,False,False,False,False,False,False,False,False,,,,,,,
2026-08-15,00:00,40.8553009,-73.9017012,GRAND CONC,10453,46,UNKNOWN,Street,38.191201455731445,False,BRONX,"(40.8553009, -73.9017012)",trafficstat,False,False,False,False,False,False,False,False,False,,,,,,,
2026-08-26,00:00,40.8580925,-73.9019135,MORRIS AVE,10453,46,UNKNOWN,Street,1.655915542592513,False,BRONX,"(40.8580925, -73.9019135)",trafficstat,False,False,False,False,False,False,False,False,False,,,,,,,
2026-08-26,00:00,40.8556704,-73.914483,W  179 ST,10453,46,OTHER,Street,18.04700331620156,False,BRONX,"(40.8556704, -73.914483)",trafficstat,False,False,False,False,False,False,False,False,False,,,,,,,
2026-08-26,00:00,40.8497644,-73.9045309,ECHO PL,10457,46,UNKNOWN,Street,18.023829052396536,False,BRONX,"(40.8497644, -73.9045309)",trafficstat,False,False,False,False,False,False,False,False,False,,,,,,,
2026-08-26,00:00,40.8515289,-73.9005105,VALENTINE AVE,10457,46,UNKNOWN,Street,53.73224087185517,False,BRONX,"(40.8515289, -73.9005105)",trafficstat,True,False,False,False,False,False,False,False,True,,,,,,,
2026-08-25,00:00,40.858633,-73.9036543,JEROME AVE,10453,46,UNKNOWN,Street,22.869391978406888,False,BRONX,"(40.858633, -73.9036543)",trafficstat,False,False,False,False,False,False,False,False,False,,,,,,,
2026-08-24,00:00,40.854176,-73.91542,W  BURNSIDE AVE,10453,46,UNKNOWN,Street,2.4264636625469396,False,BRONX,"(40.854176, -73.91542)",trafficstat,False,False,False,False,False,False,False,False,False,,,,,,,
2026-08-24,00:00,40.8573262,-73.904521,JEROME AVE,10453,46,UNKNOWN,Street,1.8217147799241744,False,BRONX,"(40.8573262, -73.904521)",trafficstat,True,False,False,False,False,False,False,True,False,,,,,,,
2026-08-23,00:00,40.8598803,-73.9006912,E  184 ST,10468,46,UNKNOWN,Street,23.50837705636391,False,BRONX,"(40.8598803, -73.9006912)",trafficstat,False,False,False,False,False,False,False,False,False,,,,,,,
2026-08-23,00:00,40.8559197,-73.9171897,CEDAR AVE,10453,46,UNKNOWN,Street,1.5075847292680253,False,BRONX,"(40.8559197, -73.9171897)",trafficstat,False,False,False,False,False,False,False,False,False,,,,,,,
2026-08-02,00:00,40.8559197,-73.9171897,CEDAR AVE,10453,46,UNKNOWN,Street,1.5075847292680253,False,BRONX,"(40.8559197, -73.9171897)",trafficstat,False,False,False,False,False,False,False,False,False,,,,,,,
2026-08-23,00:00,40.8518667,-73.9055089,BUSH ST,10453,46,UNKNOWN,Street,23.70758951014969,False,BRONX,"(40.8518667, -73.9055089)",trafficstat,False,False,False,False,False,False,False,False,False,,,,,,,
2026-08-22,00:00,40.8622592,-73.8958843,VALENTINE AVE,10458,46,OTHER,Street,1.059970073203961,False,BRONX,"(40.8622592, -73.8958843)",trafficstat,True,False,False,False,False,False,False,False,False,,,,,,,
2026-07-04,00:00,40.8622592,-73.8958843,VALENTINE AVE,10458,46,UNKNOWN,Street,1.059970073203961,False,BRONX,"(40.8622592, -73.8958843)",trafficstat,True,False,False,True,False,False,False,False,False,,,,,,,
2026-08-21,00:00,40.8570207,-73.9036141,WALTON AVE,10453,46,UNKNOWN,Street,1.8633784018819461,False,BRONX,"(40.8570207, -73.9036141)",trafficstat,False,False,False,False,False,False,False,False,False,,,,,,,
2026-08-21,00:00,40.86028,-73.89404,E  188 ST,10458,46,OTHER,Street,1.7637361198086596,False,BRONX,"(40.86028, -73.89404)",trafficstat,True,False,True,False,False,False,False,False,False,,,,,,,
2026-08-19,00:00,40.8501811,-73.9105821,JEROME AVE,10453,46,UNKNOWN,Street,1.70509427431897,False,BRONX,"(40.8501811, -73.9105821)",trafficstat,True,False,False,False,False,False,False,True,False,,,,,,,
2026-08-19,00:00,40.8478737,-73.9124559,JEROME AVE,10453,46,UNKNOWN,Street,53.833458235411776,False,BRONX,"(40.8478737, -73.9124559)",trafficstat,False,False,False,False,False,False,False,False,False,,,,,,,
2026-08-18,00:00,40.846783,-73.90739,WEEKS AVE,10457,46,UNKNOWN,Street,0.21687179554519262,False,BRONX,"(40.846783, -73.90739)",trafficstat,True,False,True,False,False,False,False,False,False,,,,,,,
2026-08-18,00:00,40.8494528,-73.9059998,GRAND CONC,10453,46,OTHER,Bridge,2.144733273467491,False,BRONX,"(40.8494528, -73.9059998)",trafficstat,True,False,False,False,False,False,True,False,False,,,,,,,
2026-08-12,00:00,40.8494528,-73.9059998,GRAND CONC,10453,46,OTHER,Bridge,2.144733273467491,False,BRONX,"(40.8494528, -73.9059998)",trafficstat,False,False,False,False,False,False,False,False,False,,,,,,,
2026-07-28,00:00,40.8494528,-73.9059998,GRAND CONC,10453,46,UNKNOWN,Bridge,2.144733273467491,False,BRONX,"(40.8494528, -73.9059998)",trafficstat,False,False,False,False,False,False,False,False,False,,,,,,,
2026-08-18,00:00,40.8503813,-73.9069853,E  TREMONT AVE,10453,46,UNKNOWN,Street,0.10572683824102488,False,BRONX,"(40.8503813, -73.9069853)",trafficstat,False,False,False,False,False,False,False,False,False,,,,,,,
2026-07-26,00:00,40.8503813,-73.9069853,E  TREMONT AVE,10453,46,OTHER,Street,0.10572683824102488,False,BRONX,"(40.8503813, -73.9069853)",trafficstat,False,False,False,False,False,False,False,False,False,,,,,,,
2026-08-17,00:00,40.852848,-73.9204988,MAJOR DEEGAN EXPY,10453,46,OTHER,Highway,6.3750765002608265,False,BRONX,"(40.852848, -73.9204988)",trafficstat,True,False,False,False,False,False,False,True,False,,,,,,,
2026-07-17,00:00,40.852848,-73.9204988,MAJOR DEEGAN EXPY,10453,46,UNKNOWN,Highway,6.3750765002608265,False,BRONX,"(40.852848, -73.9204988)",trafficstat,True,False,False,False,False,True,False,False,False,,,,,,,
2026-08-17,00:00,40.8487736,-73.9076377,MOUNT HOPE PL,10453,46,UNKNOWN,Street,18.040803645111232,False,BRONX,"(40.8487736, -73.9076377)",trafficstat,False,False,False,False,False,False,False,False,False,,,,,,,
2026-08-17,00:00,40.8497124,-73.9133802,GRAND AVE,10453,46,UNKNOWN,Street,48.83159633586316,False,BRONX,"(40.8497124, -73.9133802)",trafficstat,False,False,False,False,False,False,False,False,False,,,,,,,
2026-08-17,00:00,40.8452097,-73.9168828,CROSS BRONX EXPY,10452,46,UNKNOWN,Highway,12.997094104480675,False,BRONX,"(40.8452097, -73.9168828)",trafficstat,True,False,False,False,False,False,False,True,False,,,,,,,
2026-07-24,00:00,40.8452097,-73.9168828,CROSS BRONX EXPY,10452,46,UNKNOWN,Highway,12.997094104480675,False,BRONX,"(40.8452097, -73.9168828)",trafficstat,True,False,False,False,False,False,False,True,False,,,,,,,
2026-08-17,00:00,40.8453067,-73.9183378,JESUP AVE,10452,46,UNKNOWN,Street,0.43824418845413143,False,BRONX,"(40.8453067, -73.9183378)",trafficstat,True,False,False,False,False,False,False,True,False,,,,,,,
2026-08-17,00:00,40.8582854,-73.8998172,GRAND CONC,10468,46,OTHER,Street,38.65016919722836,False,BRONX,"(40.8582854, -73.8998172)",trafficstat,False,False,False,False,False,False,False,False,False,,,,,,,
2026-08-16,00:00,40.8463962,-73.916523,GRAND AVE,10453,46,UNKNOWN,Street,49.22507322102458,False,BRONX,"(40.8463962, -73.916523)",trafficstat,False,False,False,False,False,False,False,False,False,,,,,,,
2026-08-16,00:00,40.8538168,-73.9205323,W  TREMONT AVE,10453,46,UNKNOWN,Bridge,1.952094320419979,False,BRONX,"(40.8538168, -73.9205323)",trafficstat,True,False,False,False,False,False,False,False,False,,,,,,,
2026-08-13,00:00,40.8536499,-73.9072667,E  BURNSIDE AVE,10453,46,UNKNOWN,Street,48.262111371011,False,BRONX,"(40.8536499, -73.9072667)",trafficstat,True,False,True,False,False,False,False,False,False,,,,,,,
2026-08-13,00:00,40.851744,-73.9197662,UNDERCLIFF AVE,10453,46,UNKNOWN,Street,22.861976943532543,False,BRONX,"(40.851744, -73.9197662)",trafficstat,False,False,False,False,False,False,False,False,False,,,,,,,
2026-08-13,00:00,40.8530275,-73.918256,SEDGWICK AVE,10453,46,UNKNOWN,Street,2.267619635913491,False,BRONX,"(40.8530275, -73.918256)",trafficstat,True,False,False,False,False,True,False,False,False,,,,,,,
2026-08-12,00:00,40.8574211,-73.8999551,GRAND CONC,10453,46,OTHER,Street,2.1601552455423576,False,BRONX,"(40.8574211, -73.8999551)",trafficstat,True,False,True,False,False,False,False,False,False,,,,,,,
2026-07-13,00:00,40.8574211,-73.8999551,GRAND CONC,10453,46,UNKNOWN,Street,2.1601552455423576,False,BRONX,"(40.8574211, -73.8999551)",trafficstat,True,False,False,False,False,False,False,True,False,,,,,,,
2026-08-12,00:00,40.86226,-73.89588,E  FORDHAM RD,10458,46,OTHER,Street,2.0110292709564623,False,BRONX,"(40.86226, -73.89588)",trafficstat,True,False,True,False,False,False,False,False,False,,,,,,,
2026-08-12,00:00,40.8540713,-73.9193551,MAJOR DEEGAN EXPY,10453,46,UNKNOWN,Highway,7.433332424375429,False,BRONX,"(40.8540713, -73.9193551)",trafficstat,False,False,False,False,False,False,False,False,False,,,,,,,
2026-08-11,00:00,40.8494101,-73.9008853,VALENTINE AVE,10457,46,UNKNOWN,Street,0.20250619643315956,False,BRONX,"(40.8494101, -73.9008853)",trafficstat,False,False,False,False,False,False,False,False,False,,,,,,,
2026-08-11,00:00,40.8449928,-73.9206636,CROSS BRONX EXPY,10452,46,UNKNOWN,Highway,3.348427423495818,False,BRONX,"(40.8449928, -73.9206636)",trafficstat,True,False,False,False,False,False,False,False,True,,,,,,,
2026-08-10,00:00,40.8467332,-73.9064808,MONROE AVE,10457,46,OTHER,Street,0.9430309172173176,False,BRONX,"(40.8467332, -73.9064808)",trafficstat,True,False,False,True,False,False,False,False,False,,,,,,,