crash_date,crash_time,latitude,longitude,on_street_name,zip_code,precinct,collision_type,roadway_type,geocode_dist_feet,time_is_known,borough,location,source,injury,fatality,injured_pedestrian,injured_cyclist,injured_ebike_rider,injured_motorcyclist,injured_moped_rider,injured_car_occupant,injured_suv_occupant,number_of_persons_injured,number_of_persons_killed,contributing_factor_vehicle_1,collision_id,cross_street_name,off_street_name,vehicle_type_code1
2026-08-10,00:00,40.8523822,-73.9036425,GRAND CONC,10453,46,OTHER,Bridge,1.994259070592634,False,BRONX,"(40.8523822, -73.9036425)",trafficstat,True,False,True,False,False,False,False,False,False,,,,,,,
2026-07-18,00:00,40.8523822,-73.9036425,GRAND CONC,10453,46,UNKNOWN,Bridge,1.994259070592634,False,BRONX,"(40.8523822, -73.9036425)",trafficstat,True,False,False,False,False,False,True,False,False,,,,,,,
2026-08-10,00:00,40.8616747,-73.901633,JEROME AVE,10468,46,UNKNOWN,Street,65.32454916657164,False,BRONX,"(40.8616747, -73.901633)",trafficstat,True,False,True,False,False,False,False,False,False,,,,,,,
2026-08-10,00:00,40.8570601,-73.9046841,JEROME AVE,10453,46,UNKNOWN,Street,1.5370909073062449,False,BRONX,"(40.8570601, -73.9046841)",trafficstat,False,False,False,False,False,False,False,False,False,,,,,,,
2026-08-10,00:00,40.8610097,-73.8975325,GRAND CONC,10458,46,UNKNOWN,Street,45.536037833503336,False,BRONX,"(40.8610097, -73.8975325)",trafficstat,True,False,False,False,True,False,False,False,False,,,,,,,
2026-08-10,00:00,40.857484,-73.9096685,UNIVERSITY AVE,10453,46,UNKNOWN,Street,0.693228155157716,False,BRONX,"(40.857484, -73.9096685)",trafficstat,True,False,False,False,False,False,False,True,True,,,,,,,
2026-08-08,00:00,40.8486394,-73.9116794,JEROME AVE,10453,46,OTHER,Street,1.8922348372505808,False,BRONX,"(40.8486394, -73.9116794)",trafficstat,True,False,False,False,False,False,False,False,True,,,,,,,
2026-08-08,00:00,40.8454298,-73.9139751,JEROME AVE,10452,46,OTHER,Street,1.800621797984322,False,BRONX,"(40.8454298, -73.9139751)",trafficstat,True,False,False,False,False,False,False,False,False,,,,,,,
2026-07-27,00:00,40.8454298,-73.9139751,JEROME AVE,10452,46,UNKNOWN,Street,1.800621797984322,False,BRONX,"(40.8454298, -73.9139751)",trafficstat,False,False,False,False,False,False,False,False,False,,,,,,,
2026-08-07,00:00,40.851714,-73.9125044,KINGSLAND PL,10453,46,UNKNOWN,Street,25.62835772155842,False,BRONX,"(40.851714, -73.9125044)",trafficstat,False,False,False,False,False,False,False,False,False,,,,,,,
2026-08-06,00:00,40.8521627,-73.8984154,WEBSTER AVE,10457,46,OTHER,Street,51.450741108830634,False,BRONX,"(40.8521627, -73.8984154)",trafficstat,False,False,False,False,False,False,False,False,False,,,,,,,
2026-08-06,00:00,40.8557872,-73.9055715,JEROME AVE,10453,46,OTHER,Street,1.6837173815211126,False,BRONX,"(40.8557872, -73.9055715)",trafficstat,True,False,True,False,False,False,False,False,False,,,,,,,
2026-08-06,00:00,40.862465,-73.9004418,E  FORDHAM RD,10468,46,UNKNOWN,Street,23.462137448204995,False,BRONX,"(40.862465, -73.9004418)",trafficstat,True,False,False,False,False,False,False,True,False,,,,,,,
2026-08-06,00:00,40.8548228,-73.911194,W  BURNSIDE AVE,10453,46,UNKNOWN,Street,2.2878033910359865,False,BRONX,"(40.8548228, -73.911194)",trafficstat,False,False,False,False,False,False,False,False,False,,,,,,,
2026-08-05,00:00,40.8531409,-73.9016967,ANTHONY AVE,10457,46,OTHER,Street,1.798803001137499,False,BRONX,"(40.8531409, -73.9016967)",trafficstat,True,False,False,False,False,False,False,True,False,,,,,,,
2026-07-09,00:00,40.8531409,-73.9016967,ANTHONY AVE,10457,46,UNKNOWN,Street,1.798803001137499,False,BRONX,"(40.8531409, -73.9016967)",trafficstat,False,False,False,False,False,False,False,False,False,,,,,,,
2026-08-05,00:00,40.844581,-73.9026888,WEBSTER AVE,10457,46,UNKNOWN,Street,1.5381015224663093,False,BRONX,"(40.844581, -73.9026888)",trafficstat,True,False,False,False,False,False,False,True,False,,,,,,,
2026-08-05,00:00,40.8463106,-73.9196456,NELSON AVE,10453,46,OTHER,Street,34.341159826859055,False,BRONX,"(40.8463106, -73.9196456)",trafficstat,True,False,True,False,False,False,False,False,False,,,,,,,
2026-08-04,00:00,40.862755,-73.9010787,JEROME AVE,10468,46,UNKNOWN,Street,2.3709366498480065,False,BRONX,"(40.862755, -73.9010787)",trafficstat,True,False,False,False,False,False,True,False,False,,,,,,,
2026-07-03,00:00,40.862755,-73.9010787,JEROME AVE,10468,46,UNKNOWN,Street,2.3709366498480065,False,BRONX,"(40.862755, -73.9010787)",trafficstat,False,False,False,False,False,False,False,False,False,,,,,,,
2026-08-03,00:00,40.8596442,-73.8998216,CRESTON AVE,10468,46,OTHER,Street,1.201816424166767,False,BRONX,"(40.8596442, -73.8998216)",trafficstat,True,False,True,False,False,False,False,False,False,,,,,,,
2026-08-03,00:00,40.8478073,-73.9207003,MONTGOMERY AVE,10453,46,UNKNOWN,Street,36.174521132696626,False,BRONX,"(40.8478073, -73.9207003)",trafficstat,False,False,False,False,False,False,False,False,False,,,,,,,
2026-08-02,00:00,40.8518021,-73.9092172,JEROME AVE,10453,46,UNKNOWN,Street,1.289745374618879,False,BRONX,"(40.8518021, -73.9092172)",trafficstat,True,False,False,True,False,False,False,False,False,,,,,,,
2026-07-06,00:00,40.8518021,-73.9092172,JEROME AVE,10453,46,UNKNOWN,Street,1.289745374618879,False,BRONX,"(40.8518021, -73.9092172)",trafficstat,False,False,False,False,False,False,False,False,False,,,,,,,
2026-06-21,00:00,40.8518021,-73.9092172,JEROME AVE,10453,46,UNKNOWN,Street,1.289745374618879,False,BRONX,"(40.8518021, -73.9092172)",trafficstat,True,False,False,False,False,False,False,True,False,,,,,,,
2026-08-02,00:00,40.853045,-73.9174036,BILLINGSLEY TER,10453,46,UNKNOWN,Street,52.566415650204334,False,BRONX,"(40.853045, -73.9174036)",trafficstat,True,False,False,False,False,False,False,True,False,,,,,,,
2026-08-02,00:00,40.8536841,-73.9004018,RYER AVE,10457,46,OTHER,Street,37.75829142985134,False,BRONX,"(40.8536841, -73.9004018)",trafficstat,False,False,False,False,False,False,False,False,False,,,,,,,
2026-07-31,00:00,40.8555951,-73.8960068,WEBSTER AVE,10457,46,UNKNOWN,Street,1.902923626294841,False,BRONX,"(40.8555951, -73.8960068)",trafficstat,False,False,False,False,False,False,False,False,False,,,,,,,
2026-07-31,00:00,40.8492436,-73.9237056,MAJOR DEEGAN EXPY,10453,46,UNKNOWN,Highway,0.49133397811079543,False,BRONX,"(40.8492436, -73.9237056)",trafficstat,True,False,False,False,False,False,False,True,False,,,,,,,
2026-07-31,00:00,40.8449292,-73.9055125,CROSS BRONX EXPY,10457,46,OTHER,Highway,9.350843914682152,False,BRONX,"(40.8449292, -73.9055125)",trafficstat,True,False,False,False,False,False,False,True,False,,,,,,,
2026-07-01,00:00,40.8449292,-73.9055125,CROSS BRONX EXPY,10457,46,UNKNOWN,Highway,9.350843914682152,False,BRONX,"(40.8449292, -73.9055125)",trafficstat,True,False,False,False,False,False,False,False,True,,,,,,,
2026-06-25,00:00,40.8449292,-73.9055125,CROSS BRONX EXPY,10457,46,UNKNOWN,Highway,9.350843914682152,False,BRONX,"(40.8449292, -73.9055125)",trafficstat,True,False,False,False,False,False,False,True,False,,,,,,,
2026-07-31,00:00,40.8451095,-73.9187732,CROSS BRONX EP ET 1 D-C-B WB,10452,46,OTHER,Ramp,0.6669971468466287,False,BRONX,"(40.8451095, -73.9187732)",trafficstat,True,False,False,False,False,False,False,True,False,,,,,,,
2026-07-30,00:00,40.8555751,-73.9122139,ANDREWS AVE S,10453,46,OTHER,Street,67.28015588928093,False,BRONX,"(40.8555751, -73.9122139)",trafficstat,False,False,False,False,False,False,False,False,False,,,,,,,
2026-07-30,00:00,40.8603345,-73.8982914,GRAND CONC,10468,46,UNKNOWN,Street,1.0150765054498254,False,BRONX,"(40.8603345, -73.8982914)",trafficstat,True,False,False,True,False,False,False,False,False,,,,,,,
2026-06-21,00:00,40.8603345,-73.8982914,GRAND CONC,10468,46,UNKNOWN,Street,1.0150765054498254,False,BRONX,"(40.8603345, -73.8982914)",trafficstat,False,False,False,False,False,False,False,False,False,,,,,,,
2026-07-29,00:00,40.8531153,-73.8975867,WEBSTER AVE,10457,46,UNKNOWN,Street,1.6227333065532261,False,BRONX,"(40.8531153, -73.8975867)",trafficstat,False,False,False,False,False,False,False,False,False,,,,,,,
2026-07-29,00:00,40.8454348,-73.9170871,MACOMBS RD,10452,46,OTHER,Street,1.4509590083267383,False,BRONX,"(40.8454348, -73.9170871)",trafficstat,True,False,False,False,False,False,False,False,False,,,,,,,
2026-07-28,00:00,40.8535205,-73.9031243,GRAND CONC,10453,46,OTHER,Street,36.64998855911906,False,BRONX,"(40.8535205, -73.9031243)",trafficstat,True,False,True,False,False,False,False,False,False,,,,,,,
2026-07-28,00:00,40.8567445,-73.8952639,WEBSTER AVE,10458,46,OTHER,Street,1.2028809961279379,False,BRONX,"(40.8567445, -73.8952639)",trafficstat,True,False,False,False,False,False,False,False,False,,,,,,,
2026-07-27,00:00,40.848693,-73.9032792,ANTHONY AVE,10457,46,UNKNOWN,Street,1.4652141306738367,False,BRONX,"(40.848693, -73.9032792)",trafficstat,True,False,False,True,False,False,False,False,False,,,,,,,
2026-07-26,00:00,40.8608097,-73.902184,JEROME AVE,10468,46,UNKNOWN,Street,61.33639776151555,False,BRONX,"(40.8608097, -73.902184)",trafficstat,True,False,False,False,False,False,False,False,True,,,,,,,
2026-07-26,00:00,40.8576878,-73.8979811,VALENTINE AVE,10458,46,UNKNOWN,Street,44.82359671287287,False,BRONX,"(40.8576878, -73.8979811)",trafficstat,False,False,False,False,False,False,False,False,False,,,,,,,
2026-07-25,00:00,40.8617006,-73.8913806,WEBSTER AVE,10458,46,UNKNOWN,Street,2.024856785648465,False,BRONX,"(40.8617006, -73.8913806)",trafficstat,False,False,False,False,False,False,False,False,False,,,,,,,
2026-07-12,00:00,40.8617006,-73.8913806,WEBSTER AVE,10458,46,UNKNOWN,Street,2.024856785648465,False,BRONX,"(40.8617006, -73.8913806)",trafficstat,False,False,False,False,False,False,False,False,False,,,,,,,
2026-07-25,00:00,40.8521295,-73.9124538,HARRISON AVE,10453,46,OTHER,Street,61.98864591796103,False,BRONX,"(40.8521295, -73.9124538)",trafficstat,False,False,False,False,False,False,False,False,False,,,,,,,
2026-07-24,00:00,40.84908,-73.909454,WALTON AVE,10453,46,UNKNOWN,Street,0.13638622971066622,False,BRONX,"(40.84908, -73.909454)",trafficstat,True,False,False,True,False,False,False,False,False,,,,,,,
2026-07-24,00:00,40.8518888,-73.9224446,MAC CRACKEN AVE,10453,46,UNKNOWN,Street,37.96898698255694,False,BRONX,"(40.8518888, -73.9224446)",trafficstat,False,False,False,False,False,False,False,False,False,,,,,,,
2026-07-23,00:00,40.8563055,-73.9085983,HARRISON AVE,10453,46,UNKNOWN,Street,33.10450180350306,False,BRONX,"(40.8563055, -73.9085983)",trafficstat,False,False,False,False,False,False,False,False,False,,,,,,,
2026-07-23,00:00,40.860996,-73.89642,VALENTINE AVE,10458,46,UNKNOWN,Street,2.682395103695831,False,BRONX,"(40.860996, -73.89642)",trafficstat,True,False,True,False,False,False,False,False,False,,,,,,,
2026-07-23,00:00,40.8593728,-73.9067956,AQUEDUCT AVE E,10453,46,OTHER,Street,2.6223350197362887,False,BRONX,"(40.8593728, -73.9067956)",trafficstat,True,False,False,False,False,False,False,True,False,,,,,,,
2026-07-23,00:00,40.8466795,-73.901982,CARTER AVE,10457,46,OTHER,Street,72.73705641623383,False,BRONX,"(40.8466795, -73.901982)",trafficstat,True,False,False,False,False,False,False,True,False,,,,,,,
2026-07-23,00:00,40.8505173,-73.9150661,UNIVERSITY AVE,10453,46,UNKNOWN,Street,47.794323924657675,False,BRONX,"(40.8505173, -73.9150661)",trafficstat,False,False,False,False,False,False,False,False,False,,,,,,,
2026-07-21,00:00,40.8477002,-73.9009601,WEBSTER AVE,10457,46,UNKNOWN,Street,1.848905437785325,False,BRONX,"(40.8477002, -73.9009601)",trafficstat,False,False,False,False,False,False,False,False,False,,,,,,,
2026-06-20,00:00,40.8477002,-73.9009601,WEBSTER AVE,10457,46,OTHER,Street,1.848905437785325,False,BRONX,"(40.8477002, -73.9009601)",trafficstat,True,False,True,False,False,False,False,False,False,,,,,,,
2026-07-21,00:00,40.8613523,-73.8977367,GRAND CONC,10468,46,UNKNOWN,Street,1.6804344692324504,False,BRONX,"(40.8613523, -73.8977367)",trafficstat,True,False,False,True,False,False,False,False,False,,,,,,,
2026-07-19,00:00,40.8487354,-73.9139623,GRAND AVE,10453,46,OTHER,Street,19.158585945779706,False,BRONX,"(40.8487354, -73.9139623)",trafficstat,False,False,False,False,False,False,False,False,False,,,,,,,
2026-07-19,00:00,40.8507807,-73.9122115,W  TREMONT AVE,10453,46,UNKNOWN,Street,1.5967521735814914,False,BRONX,"(40.8507807, -73.9122115)",trafficstat,True,False,False,False,False,False,False,False,True,,,,,,,
2026-07-18,00:00,40.8476047,-73.9076847,GRAND CONC,10453,46,UNKNOWN,Street,23.23644027895479,False,BRONX,"(40.8476047, -73.9076847)",trafficstat,False,False,False,False,False,False,False,False,False,,,,,,,
2026-07-17,00:00,40.8495451,-73.9134692,GRAND AVE,10453,46,OTHER,Street,41.15886414387344,False,BRONX,"(40.8495451, -73.9134692)",trafficstat,True,False,True,False,False,False,False,False,False,,,,,,,
2026-07-16,00:00,40.8468695,-73.908754,GRAND CONC,10453,46,UNKNOWN,Street,2.524347499240319,False,BRONX,"(40.8468695, -73.908754)",trafficstat,True,False,False,True,False,False,False,False,False,,,,,,,
2026-07-16,00:00,40.8556697,-73.8996722,RYER AVE,10457,46,OTHER,Street,1.006285338743564,False,BRONX,"(40.8556697, -73.8996722)",trafficstat,True,False,True,False,False,False,False,False,False,,,,,,,
2026-07-15,00:00,40.8566202,-73.9047363,JEROME AVE,10453,46,OTHER,Street,56.69911032804688,False,BRONX,"(40.8566202, -73.9047363)",trafficstat,True,False,False,False,False,False,False,False,False,,,,,,,
2026-07-14,00:00,40.848446,-73.9223827,UNDERCLIFF AVE,10453,46,UNKNOWN,Street,35.199079461023786,False,BRONX,"(40.848446, -73.9223827)",trafficstat,False,False,False,False,False,False,False,False,False,,,,,,,
2026-07-11,00:00,40.84624,-73.918175,JESUP AVE,10452,46,UNKNOWN,Street,1.6321846026691955,False,BRONX,"(40.84624, -73.918175)",trafficstat,True,False,False,False,False,False,False,False,True,,,,,,,
2026-07-11,00:00,40.8512554,-73.9071613,MORRIS AVE,10453,46,UNKNOWN,Street,34.51339624703002,False,BRONX,"(40.8512554, -73.9071613)",trafficstat,False,False,False,False,False,False,False,False,False,,,,,,,
2026-07-10,00:00,40.8463271,-73.9048416,CLAY AVE,10457,46,OTHER,Street,34.625075529268685,False,BRONX,"(40.8463271, -73.9048416)",trafficstat,False,False,False,False,False,False,False,False,False,,,,,,,
2026-07-10,00:00,40.8593489,-73.9011597,MORRIS AVE,10468,46,OTHER,Street,2.0636223227048753,False,BRONX,"(40.8593489, -73.9011597)",trafficstat,False,False,False,False,False,False,False,False,False,,,,,,,
2026-07-10,00:00,40.8534064,-73.90059,RYER AVE,10457,46,UNKNOWN,Street,22.315476572393134,False,BRONX,"(40.8534064, -73.90059)",trafficstat,False,False,False,False,False,False,False,False,False,,,,,,,
2026-07-09,00:00,40.847979,-73.9247661,MAJOR DEEGAN EXPY,10453,46,UNKNOWN,Highway,0.8954712118486022,False,BRONX,"(40.847979, -73.9247661)",trafficstat,False,False,False,False,False,False,False,False,False,,,,,,,
2026-07-08,00:00,40.8442668,-73.9228569,WASHINGTON BRG,10452,46,OTHER,Ramp,2.295178882143499,False,BRONX,"(40.8442668, -73.9228569)",trafficstat,True,False,True,False,False,False,False,False,False,,,,,,,
2026-06-27,00:00,40.8442668,-73.9228569,WASHINGTON BRG,10452,46,UNKNOWN,Ramp,2.295178882143499,False,BRONX,"(40.8442668, -73.9228569)",trafficstat,True,False,False,False,False,False,False,False,True,,,,,,,
2026-06-24,00:00,40.8442668,-73.9228569,WASHINGTON BRG,10452,46,UNKNOWN,Ramp,2.295178882143499,False,BRONX,"(40.8442668, -73.9228569)",trafficstat,True,False,False,False,False,False,False,True,False,,,,,,,
2026-07-08,00:00,40.8556304,-73.908757,HARRISON AVE,10453,46,UNKNOWN,Street,70.29306064234652,False,BRONX,"(40.8556304, -73.908757)",trafficstat,False,False,False,False,False,False,False,False,False,,,,,,,
2026-07-07,00:00,40.847083,-73.9206547,UNIVERSITY AVE,10453,46,UNKNOWN,Street,41.64097357994495,False,BRONX,"(40.847083, -73.9206547)",trafficstat,False,False,False,False,False,False,False,False,False,,,,,,,
2026-07-05,00:00,40.8528792,-73.9141764,ANDREWS AVE S,10453,46,UNKNOWN,Street,62.09153974197475,False,BRONX,"(40.8528792, -73.9141764)",trafficstat,True,False,True,False,False,False,False,False,False,,,,,,,
2026-07-05,00:00,40.859016,-73.9001913,CRESTON AVE,10468,46,UNKNOWN,Street,1.8647328470137114,False,BRONX,"(40.859016, -73.9001913)",trafficstat,True,False,True,False,False,False,False,False,False,,,,,,,
2026-07-04,00:00,40.852889,-73.9202457,MAJOR DEEGAN EXPY,10453,46,UNKNOWN,Highway,7.648913216426568,False,BRONX,"(40.852889, -73.9202457)",trafficstat,True,False,False,False,False,False,False,False,True,,,,,,,
2026-07-04,00:00,40.8524337,-73.9023918,ANTHONY AVE,10457,46,UNKNOWN,Street,28.840158823404906,False,BRONX,"(40.8524337, -73.9023918)",trafficstat,False,False,False,False,False,False,False,False,False,,,,,,,
2026-07-04,00:00,40.8480329,-73.9052362,MOUNT HOPE PL,10457,46,UNKNOWN,Street,75.02995124965312,False,BRONX,"(40.8480329, -73.9052362)",trafficstat,False,False,False,False,False,False,False,False,False,,,,,,,
2026-07-03,00:00,40.8615478,-73.8998308,MORRIS AVE,10468,46,UNKNOWN,Street,40.50924247406962,False,BRONX,"(40.8615478, -73.8998308)",trafficstat,True,False,False,False,False,False,False,True,False,,,,,,,
2026-07-02,00:00,40.8458484,-73.9138999,JEROME AVE,10453,46,OTHER,Street,53.75555345210575,False,BRONX,"(40.8458484, -73.9138999)",trafficstat,True,False,False,False,False,False,False,True,False,,,,,,,
2026-07-01,00:00,40.8517416,-73.9225832,MAC CRACKEN AVE,10453,46,OTHER,Street,37.94463943917965,False,BRONX,"(40.8517416, -73.9225832)",trafficstat,True,False,False,False,False,False,False,True,False,,,,,,,
2026-07-01,00:00,40.8544772,-73.9188832,MAJOR DEEGAN EXPY,10453,46,UNKNOWN,Highway,18.303740720283272,False,BRONX,"(40.8544772, -73.9188832)",trafficstat,True,False,False,False,False,False,False,True,False,,,,,,,
2026-06-30,00:00,40.8508035,-73.9067894,CRESTON AVE,10453,46,OTHER,Street,41.52010971684721,False,BRONX,"(40.8508035, -73.9067894)",trafficstat,False,False,False,False,False,False,False,False,False,,,,,,,
2026-06-28,00:00,40.8468783,-73.9206057,FEATHERBED LN,10453,46,UNKNOWN,Street,0.3022254774469103,False,BRONX,"(40.8468783, -73.9206057)",trafficstat,False,False,False,False,False,False,False,False,False,,,,,,,
2026-06-28,00:00,40.845841,-73.9091166,MORRIS AVE,10457,46,OTHER,Street,51.678952319658116,False,BRONX,"(40.845841, -73.9091166)",trafficstat,True,False,False,False,False,False,True,False,False,,,,,,,
2026-06-28,00:00,40.846133,-73.9020466,WEBSTER AVE,10457,46,UNKNOWN,Street,55.70383843004628,False,BRONX,"(40.846133, -73.9020466)",trafficstat,True,False,False,False,False,False,False,False,True,,,,,,,
2026-06-28,00:00,40.852524,-73.90002,VALENTINE AVE,10457,46,OTHER,Street,1.5556928405769461,False,BRONX,"(40.852524, -73.90002)",trafficstat,False,False,False,False,False,False,False,False,False,,,,,,,
2026-06-27,00:00,40.8534826,-73.9007671,RYER AVE,10457,46,UNKNOWN,Street,33.12295456219493,False,BRONX,"(40.8534826, -73.9007671)",trafficstat,False,False,False,False,False,False,False,False,False,,,,,,,
2026-06-27,00:00,40.8545521,-73.9142824,LORING PL S,10453,46,OTHER,Street,40.40891656130673,False,BRONX,"(40.8545521, -73.9142824)",trafficstat,False,False,False,False,False,False,False,False,False,,,,,,,
2026-06-27,00:00,40.8462418,-73.9097605,GRAND CONC,10453,46,UNKNOWN,Street,18.47126084638974,False,BRONX,"(40.8462418, -73.9097605)",trafficstat,True,False,False,False,False,False,True,False,False,,,,,,,
2026-06-27,00:00,40.8545875,-73.9018608,GRAND CONC,10453,46,OTHER,Street,1.4368871416111302,False,BRONX,"(40.8545875, -73.9018608)",trafficstat,True,False,True,False,False,False,False,False,False,,,,,,,
2026-06-26,00:00,40.8567517,-73.9176202,MAJOR DEEGAN EXPY,10453,46,UNKNOWN,Highway,5.376890940387509,False,BRONX,"(40.8567517, -73.9176202)",trafficstat,True,False,False,False,False,False,False,True,False,,,,,,,
2026-06-26,00:00,40.8537231,-73.9067342,E  BURNSIDE AVE,10453,46,OTHER,Street,42.38901804718702,False,BRONX,"(40.8537231, -73.9067342)",trafficstat,True,False,False,True,False,False,False,False,False,,,,,,,
2026-06-26,00:00,40.853812,-73.9138486,ANDREWS AVE S,10453,46,UNKNOWN,Street,0.7498124652329994,False,BRONX,"(40.853812, -73.9138486)",trafficstat,True,False,True,False,False,False,False,False,False,,,,,,,
2026-06-26,00:00,40.8517298,-73.9139658,UNIVERSITY AVE,10453,46,UNKNOWN,Street,50.79853388323861,False,BRONX,"(40.8517298, -73.9139658)",trafficstat,False,False,False,False,False,False,False,False,False,,,,,,,
2026-06-25,00:00,40.8518293,-73.9081047,WALTON AVE,10453,46,OTHER,Street,33.7441407529777,False,BRONX,"(40.8518293, -73.9081047)",trafficstat,False,False,False,False,False,False,False,False,False,,,,,,,
2026-06-25,00:00,40.8451972,-73.9111938,CROSS BRONX EXPY,10452,46,UNKNOWN,Highway,0.2425262256806801,False,BRONX,"(40.8451972, -73.9111938)",trafficstat,False,False,False,False,False,False,False,False,False,,,,,,,
2026-06-12,00:00,40.8451972,-73.9111938,CROSS BRONX EXPY,10452,46,UNKNOWN,Highway,0.2425262256806801,False,BRONX,"(40.8451972, -73.9111938)",trafficstat,False,False,False,False,False,False,False,False,False,,,,,,,
2026-06-24,00:00,40.8452577,-73.9149852,CROSS BRONX EXPY,10452,46,UNKNOWN,Highway,15.049077508391823,False,BRONX,"(40.8452577, -73.9149852)",trafficstat,False,False,False,False,False,False,False,False,False,,,,,,,
2026-06-24,00:00,40.8522888,-73.9050871,CRESTON AVE,10453,46,OTHER,Street,35.90009383926295,False,BRONX,"(40.8522888, -73.9050871)",trafficstat,False,False,False,False,False,False,False,False,False,,,,,,,
2026-06-24,00:00,40.8506624,-73.9070606,E  TREMONT AVE,10453,46,UNKNOWN,Street,57.629984151495194,False,BRONX,"(40.8506624, -73.9070606)",trafficstat,False,False,False,False,False,False,False,False,False,,,,,,,
2026-06-24,00:00,40.8613423,-73.8933756,MARION AVE,10458,46,UNKNOWN,Street,33.60641725183985,False,BRONX,"(40.8613423, -73.8933756)",trafficstat,True,False,False,False,False,False,False,True,False,,,,,,,
2026-06-22,00:00,40.856813,-73.8981703,VALENTINE AVE,10457,46,UNKNOWN,Street,1.5805626105676314,False,BRONX,"(40.856813, -73.8981703)",trafficstat,False,False,False,False,False,False,False,False,False,,,,,,,
2026-06-22,00:00,40.8455524,-73.912668,CROSS BRONX EXPWY WB ET 2 A,10453,46,UNKNOWN,Ramp,3.552095395440071,False,BRONX,"(40.8455524, -73.912668)",trafficstat,True,False,False,False,False,False,False,False,True,,,,,,,
2026-06-21,00:00,40.8617045,-73.8922169,E  FORDHAM RD,10458,46,UNKNOWN,Street,57.95370760561649,False,BRONX,"(40.8617045, -73.8922169)",trafficstat,True,False,False,False,False,False,False,False,True,,,,,,,
2026-06-21,00:00,40.8583896,-73.9027806,WALTON AVE,10453,46,UNKNOWN,Street,1.4564857229012111,False,BRONX,"(40.8583896, -73.9027806)",trafficstat,True,False,False,False,True,False,False,False,False,,,,,,,
2026-06-20,00:00,40.8550845,-73.9130502,ANDREWS AVE S,10453,46,UNKNOWN,Street,34.357780347312016,False,BRONX,"(40.8550845, -73.9130502)",trafficstat,False,False,False,False,False,False,False,False,False,,,,,,,
2026-06-18,00:00,40.8596525,-73.9031114,JEROME AVE,10468,46,UNKNOWN,Street,1.2784671275662096,False,BRONX,"(40.8596525, -73.9031114)",trafficstat,False,False,False,False,False,False,False,False,False,,,,,,,
2026-06-17,00:00,40.8498696,-73.9127734,GRAND AVE,10453,46,UNKNOWN,Street,70.91748514389094,False,BRONX,"(40.8498696, -73.9127734)",trafficstat,True,False,True,False,False,False,False,False,False,,,,,,,
2026-06-16,00:00,40.8531923,-73.9043285,CRESTON AVE,10453,46,UNKNOWN,Street,22.93787761590373,False,BRONX,"(40.8531923, -73.9043285)",trafficstat,False,False,False,False,False,False,False,False,False,,,,,,,
2026-06-13,00:00,40.856388,-73.901764,CRESTON AVE,10453,46,UNKNOWN,Street,1.3493569812743311,False,BRONX,"(40.856388, -73.901764)",trafficstat,True,False,False,False,False,False,False,False,False,,,,,,,
2026-06-13,00:00,40.8503545,-73.910229,JEROME AVE,10453,46,OTHER,Street,50.102816030744634,False,BRONX,"(40.8503545, -73.910229)",trafficstat,True,False,False,False,False,True,False,False,False,,,,,,,
2026-06-13,00:00,40.8451029,-73.9172863,MACOMBS RD,10452,46,OTHER,Street,2.3172989969326507,False,BRONX,"(40.8451029, -73.9172863)",trafficstat,False,False,False,False,False,False,False,False,False,,,,,,,
2026-06-13,00:00,40.8451029,-73.9172863,MACOMBS RD,10452,46,UNKNOWN,Street,2.3172989969326507,False,BRONX,"(40.8451029, -73.9172863)",trafficstat,False,False,False,False,False,False,False,False,False,,,,,,,
2026-06-13,00:00,40.8617703,-73.8986724,CRESTON AVE,10468,46,OTHER,Street,1.9718497982818208,False,BRONX,"(40.8617703, -73.8986724)",trafficstat,True,False,False,False,True,False,False,False,False,,,,,,,
2026-06-13,00:00,40.8544706,-73.9100739,HARRISON AVE,10453,46,UNKNOWN,Street,0.9125241715763726,False,BRONX,"(40.8544706, -73.9100739)",trafficstat,True,False,True,False,False,False,False,False,False,,,,,,,
2026-06-12,00:00,40.8605329,-73.9020921,E  184 ST,10468,46,UNKNOWN,Street,33.82844156053767,False,BRONX,"(40.8605329, -73.9020921)",trafficstat,False,False,False,False,False,False,False,False,False,,,,,,,
2026-06-12,00:00,40.848545,-73.9067818,GRAND CONC,10453,46,OTHER,Street,1.6951224018677515,False,BRONX,"(40.848545, -73.9067818)",trafficstat,True,False,True,False,False,False,False,False,False,,,,,,,
2026-09-12,00:00,40.8837822,-73.8270196,NEW ENGLAND TRWY,10475,47,UNKNOWN,Street,32.47595829270972,False,BRONX,"(40.8837822, -73.8270196)",trafficstat,False,False,False,False,False,False,False,False,False,,,,,,,
2026-09-12,00:00,40.8941792,-73.8593081,E  233 ST,10466,47,UNKNOWN,Street,38.01295837404133,False,BRONX,"(40.8941792, -73.8593081)",trafficstat,False,False,False,False,False,False,False,False,False,,,,,,,
2026-09-11,00:00,40.8903182,-73.848386,E  233 ST,10466,47,OTHER,Street,75.00735009879565,False,BRONX,"(40.8903182, -73.848386)",trafficstat,False,False,False,False,False,False,False,False,False,,,,,,,