crash_date,crash_time,latitude,longitude,on_street_name,zip_code,precinct,collision_type,roadway_type,geocode_dist_feet,time_is_known,borough,location,source,injury,fatality,injured_pedestrian,injured_cyclist,injured_ebike_rider,injured_motorcyclist,injured_moped_rider,injured_car_occupant,injured_suv_occupant,number_of_persons_injured,number_of_persons_killed,contributing_factor_vehicle_1,collision_id,cross_street_name,off_street_name,vehicle_type_code1
2026-09-11,00:00,40.8963332,-73.8476181,ELY AVE,10466,47,UNKNOWN,Street,55.5054568664888,False,BRONX,"(40.8963332, -73.8476181)",trafficstat,False,False,False,False,False,False,False,False,False,,,,,,,
2026-09-11,00:00,40.8838608,-73.8558853,BRONXWOOD AVE,10469,47,OTHER,Street,1.2556857561211259,False,BRONX,"(40.8838608, -73.8558853)",trafficstat,True,False,False,False,True,False,False,False,False,,,,,,,
2026-09-11,00:00,40.8714409,-73.8671572,WHITE PLAINS RD,10467,47,UNKNOWN,Street,0.839254632764579,False,BRONX,"(40.8714409, -73.8671572)",trafficstat,True,False,False,False,True,False,False,False,False,,,,,,,
2026-09-06,00:00,40.8714409,-73.8671572,WHITE PLAINS RD,10467,47,UNKNOWN,Street,0.839254632764579,False,BRONX,"(40.8714409, -73.8671572)",trafficstat,False,False,False,False,False,False,False,False,False,,,,,,,
2026-09-11,00:00,40.8778151,-73.8681172,OLINVILLE AVE,10467,47,UNKNOWN,Street,0.5662252073864316,False,BRONX,"(40.8778151, -73.8681172)",trafficstat,False,False,False,False,False,False,False,False,False,,,,,,,
2026-08-10,00:00,40.8778151,-73.8681172,OLINVILLE AVE,10467,47,UNKNOWN,Street,0.5662252073864316,False,BRONX,"(40.8778151, -73.8681172)",trafficstat,True,False,False,True,False,False,False,False,False,,,,,,,
2026-08-02,00:00,40.8778151,-73.8681172,OLINVILLE AVE,10467,47,UNKNOWN,Street,0.5662252073864316,False,BRONX,"(40.8778151, -73.8681172)",trafficstat,False,False,False,False,False,False,False,False,False,,,,,,,
2026-07-02,00:00,40.8778151,-73.8681172,OLINVILLE AVE,10467,47,UNKNOWN,Street,0.5662252073864316,False,BRONX,"(40.8778151, -73.8681172)",trafficstat,True,False,False,False,False,False,False,False,True,,,,,,,
2026-06-12,00:00,40.8778151,-73.8681172,OLINVILLE AVE,10467,47,UNKNOWN,Street,0.5662252073864316,False,BRONX,"(40.8778151, -73.8681172)",trafficstat,True,False,False,True,False,False,False,False,False,,,,,,,
2026-09-11,00:00,40.8765681,-73.8372496,EDSON AVE,10469,47,UNKNOWN,Street,0.3534217556184704,False,BRONX,"(40.8765681, -73.8372496)",trafficstat,False,False,False,False,False,False,False,False,False,,,,,,,
2026-09-11,00:00,40.8809034,-73.8392277,BOSTON RD,10466,47,UNKNOWN,Street,62.06426573041821,False,BRONX,"(40.8809034, -73.8392277)",trafficstat,False,False,False,False,False,False,False,False,False,,,,,,,
2026-09-10,00:00,40.8943152,-73.8602609,CARPENTER AVE,10466,47,UNKNOWN,Street,1.5543036054486283,False,BRONX,"(40.8943152, -73.8602609)",trafficstat,True,False,False,True,False,False,False,False,False,,,,,,,
2026-07-23,00:00,40.8943152,-73.8602609,CARPENTER AVE,10466,47,OTHER,Street,1.5543036054486283,False,BRONX,"(40.8943152, -73.8602609)",trafficstat,True,False,False,True,False,False,False,False,False,,,,,,,
2026-07-07,00:00,40.8943152,-73.8602609,CARPENTER AVE,10466,47,OTHER,Street,1.5543036054486283,False,BRONX,"(40.8943152, -73.8602609)",trafficstat,False,False,False,False,False,False,False,False,False,,,,,,,
2026-09-10,00:00,40.8966409,-73.8704853,E  233 ST,10470,47,UNKNOWN,Street,2.617179665376992,False,BRONX,"(40.8966409, -73.8704853)",trafficstat,False,False,False,False,False,False,False,False,False,,,,,,,
2026-09-09,00:00,40.8894274,-73.8629476,CARPENTER AVE,10466,47,UNKNOWN,Street,1.641486169906061,False,BRONX,"(40.8894274, -73.8629476)",trafficstat,False,False,False,False,False,False,False,False,False,,,,,,,
2026-09-09,00:00,40.891754,-73.8552488,BARNES AVE,10466,47,UNKNOWN,Street,39.01119474716379,False,BRONX,"(40.891754, -73.8552488)",trafficstat,False,False,False,False,False,False,False,False,False,,,,,,,
2026-09-09,00:00,40.879058,-73.8518673,FISH AVE,10469,47,OTHER,Street,1.8650595924588587,False,BRONX,"(40.879058, -73.8518673)",trafficstat,False,False,False,False,False,False,False,False,False,,,,,,,
2026-06-15,00:00,40.879058,-73.8518673,FISH AVE,10469,47,UNKNOWN,Street,1.8650595924588587,False,BRONX,"(40.879058, -73.8518673)",trafficstat,False,False,False,False,False,False,False,False,False,,,,,,,
2026-09-09,00:00,40.8801592,-73.8480678,EASTCHESTER RD,10469,47,UNKNOWN,Street,1.4778386030296786,False,BRONX,"(40.8801592, -73.8480678)",trafficstat,False,False,False,False,False,False,False,False,False,,,,,,,
2026-09-09,00:00,40.8772318,-73.8392241,ELY AVE,10469,47,UNKNOWN,Street,44.184416629507936,False,BRONX,"(40.8772318, -73.8392241)",trafficstat,False,False,False,False,False,False,False,False,False,,,,,,,
2026-09-08,00:00,40.9002354,-73.8423098,NEREID AVE,10466,47,UNKNOWN,Street,53.51465853902325,False,BRONX,"(40.9002354, -73.8423098)",trafficstat,True,False,False,False,False,False,False,False,False,,,,,,,
2026-09-08,00:00,40.8916286,-73.8518285,BRONXWOOD AVE,10466,47,UNKNOWN,Street,0.1983446214192265,False,BRONX,"(40.8916286, -73.8518285)",trafficstat,True,False,False,False,False,False,True,False,False,,,,,,,
2026-08-01,00:00,40.8916286,-73.8518285,BRONXWOOD AVE,10466,47,UNKNOWN,Street,0.1983446214192265,False,BRONX,"(40.8916286, -73.8518285)",trafficstat,False,False,False,False,False,False,False,False,False,,,,,,,
2026-09-07,00:00,40.899567,-73.8459391,BAYCHESTER AVE,10466,47,OTHER,Street,70.5128423751954,False,BRONX,"(40.899567, -73.8459391)",trafficstat,True,False,True,False,False,False,False,False,False,,,,,,,
2026-09-07,00:00,40.8779415,-73.8565397,PAULDING AVE,10469,47,UNKNOWN,Street,78.43089509315203,False,BRONX,"(40.8779415, -73.8565397)",trafficstat,False,False,False,False,False,False,False,False,False,,,,,,,
2026-09-07,00:00,40.8684474,-73.8336878,BARTOW AVE,10469,47,UNKNOWN,Street,86.24168525611125,False,BRONX,"(40.8684474, -73.8336878)",trafficstat,True,False,False,False,False,False,False,True,False,,,,,,,
2026-09-05,00:00,40.8806802,-73.870563,WEBSTER AVE,10467,47,OTHER,Street,47.197657398827374,False,BRONX,"(40.8806802, -73.870563)",trafficstat,True,False,False,False,False,False,False,True,False,,,,,,,
2026-09-05,00:00,40.897235,-73.8714577,E  235 ST,10470,47,UNKNOWN,Street,32.9447203986674,False,BRONX,"(40.897235, -73.8714577)",trafficstat,False,False,False,False,False,False,False,False,False,,,,,,,
2026-09-05,00:00,40.8842805,-73.8624157,WHITE PLAINS RD,10467,47,UNKNOWN,Street,1.6784967802701278,False,BRONX,"(40.8842805, -73.8624157)",trafficstat,True,False,False,False,False,True,False,True,False,,,,,,,
2026-07-03,00:00,40.8842805,-73.8624157,WHITE PLAINS RD,10467,47,UNKNOWN,Street,1.6784967802701278,False,BRONX,"(40.8842805, -73.8624157)",trafficstat,True,False,False,False,False,False,False,False,True,,,,,,,
2026-09-05,00:00,40.9030793,-73.8508952,WHITE PLAINS RD,10470,47,UNKNOWN,Street,48.50659448251739,False,BRONX,"(40.9030793, -73.8508952)",trafficstat,True,False,False,False,False,False,False,True,False,,,,,,,
2026-09-04,00:00,40.8712548,-73.8435432,EASTCHESTER RD,10469,47,UNKNOWN,Street,0.35245798324808153,False,BRONX,"(40.8712548, -73.8435432)",trafficstat,True,False,True,False,False,False,False,False,False,,,,,,,
2026-08-30,00:00,40.8712548,-73.8435432,EASTCHESTER RD,10469,47,UNKNOWN,Street,0.35245798324808153,False,BRONX,"(40.8712548, -73.8435432)",trafficstat,True,False,False,False,False,False,False,False,False,,,,,,,
2026-08-16,00:00,40.8712548,-73.8435432,EASTCHESTER RD,10469,47,OTHER,Street,0.35245798324808153,False,BRONX,"(40.8712548, -73.8435432)",trafficstat,True,False,False,False,False,False,False,True,False,,,,,,,
2026-09-03,00:00,40.8817461,-73.857058,BRONXWOOD AVE,10469,47,UNKNOWN,Street,0.9920964560437403,False,BRONX,"(40.8817461, -73.857058)",trafficstat,True,False,True,False,False,False,False,False,False,,,,,,,
2026-09-03,00:00,40.8856105,-73.8483628,LACONIA AVE,10466,47,UNKNOWN,Street,1.9552666766015734,False,BRONX,"(40.8856105, -73.8483628)",trafficstat,False,False,False,False,False,False,False,False,False,,,,,,,
2026-09-02,00:00,40.8856105,-73.8483628,LACONIA AVE,10466,47,UNKNOWN,Street,1.9552666766015734,False,BRONX,"(40.8856105, -73.8483628)",trafficstat,False,False,False,False,False,False,False,False,False,,,,,,,
2026-08-12,00:00,40.8856105,-73.8483628,LACONIA AVE,10466,47,UNKNOWN,Street,1.9552666766015734,False,BRONX,"(40.8856105, -73.8483628)",trafficstat,False,False,False,False,False,False,False,False,False,,,,,,,
2026-09-03,00:00,40.8827863,-73.8625084,E  218 ST,10467,47,UNKNOWN,Street,39.366707032617974,False,BRONX,"(40.8827863, -73.8625084)",trafficstat,True,False,True,False,False,False,False,False,False,,,,,,,
2026-09-03,00:00,40.8985241,-73.8540109,WHITE PLAINS RD,10470,47,UNKNOWN,Street,54.46408863919449,False,BRONX,"(40.8985241, -73.8540109)",trafficstat,False,False,False,False,False,False,False,False,False,,,,,,,
2026-09-03,00:00,40.8994575,-73.8614706,BRONX RIVER PKWY,10470,47,UNKNOWN,Highway,0.15621709756739752,False,BRONX,"(40.8994575, -73.8614706)",trafficstat,True,False,False,False,False,False,False,True,False,,,,,,,
2026-06-26,00:00,40.8994575,-73.8614706,BRONX RIVER PKWY,10470,47,UNKNOWN,Highway,0.15621709756739752,False,BRONX,"(40.8994575, -73.8614706)",trafficstat,False,False,False,False,False,False,False,False,False,,,,,,,
2026-06-22,00:00,40.8994575,-73.8614706,BRONX RIVER PKWY,10470,47,OTHER,Highway,0.15621709756739752,False,BRONX,"(40.8994575, -73.8614706)",trafficstat,True,False,True,False,False,False,False,False,False,,,,,,,
2026-09-02,00:00,40.9050445,-73.8463862,E  242 ST,10470,47,OTHER,Street,33.292118745133564,False,BRONX,"(40.9050445, -73.8463862)",trafficstat,False,False,False,False,False,False,False,False,False,,,,,,,
2026-09-02,00:00,40.8847353,-73.8404411,BAYCHESTER AVE,10466,47,UNKNOWN,Street,0.792971630555901,False,BRONX,"(40.8847353, -73.8404411)",trafficstat,True,False,True,False,False,False,False,False,False,,,,,,,
2026-08-25,00:00,40.8847353,-73.8404411,BAYCHESTER AVE,10466,47,UNKNOWN,Street,0.792971630555901,False,BRONX,"(40.8847353, -73.8404411)",trafficstat,False,False,False,False,False,False,False,False,False,,,,,,,
2026-07-04,00:00,40.8847353,-73.8404411,BAYCHESTER AVE,10466,47,UNKNOWN,Street,0.792971630555901,False,BRONX,"(40.8847353, -73.8404411)",trafficstat,True,False,False,False,False,False,False,False,False,,,,,,,
2026-09-02,00:00,40.8774757,-73.8366001,BAYCHESTER AVE,10469,47,UNKNOWN,Street,1.2880255298850045,False,BRONX,"(40.8774757, -73.8366001)",trafficstat,True,False,False,False,False,False,False,False,True,,,,,,,
2026-09-02,00:00,40.8763559,-73.8637368,E  GUN HILL RD,10467,47,OTHER,Street,59.04230479506685,False,BRONX,"(40.8763559, -73.8637368)",trafficstat,True,False,True,False,False,False,False,False,False,,,,,,,
2026-09-01,00:00,40.877167,-73.83754,EDSON AVE,10469,47,OTHER,Street,0.2773962370419211,False,BRONX,"(40.877167, -73.83754)",trafficstat,True,False,True,False,False,False,False,False,False,,,,,,,
2026-09-01,00:00,40.8825914,-73.8696709,WEBSTER AVE,10467,47,UNKNOWN,Street,35.50824361556382,False,BRONX,"(40.8825914, -73.8696709)",trafficstat,True,False,False,False,True,False,False,False,False,,,,,,,
2026-09-01,00:00,40.8683413,-73.8327372,NEW ENGLAND TRWY,10469,47,OTHER,Highway,12.047344015091818,False,BRONX,"(40.8683413, -73.8327372)",trafficstat,True,False,False,False,False,False,False,True,False,,,,,,,
2026-07-10,00:00,40.8683413,-73.8327372,NEW ENGLAND TRWY,10469,47,UNKNOWN,Highway,12.047344015091818,False,BRONX,"(40.8683413, -73.8327372)",trafficstat,False,False,False,False,False,False,False,False,False,,,,,,,
2026-09-01,00:00,40.8761821,-73.8544483,LACONIA AVE,10469,47,UNKNOWN,Street,1.0912768177886925,False,BRONX,"(40.8761821, -73.8544483)",trafficstat,False,False,False,False,False,False,False,False,False,,,,,,,
2026-09-01,00:00,40.8880966,-73.856653,E  227 ST,10466,47,UNKNOWN,Street,55.52127430664852,False,BRONX,"(40.8880966, -73.856653)",trafficstat,True,False,False,False,False,False,False,True,True,,,,,,,
2026-09-01,00:00,40.8929664,-73.8638206,BRONX RVR PKWY SB EN WEBSTER AVE,10470,47,OTHER,Ramp,0.18513147312318098,False,BRONX,"(40.8929664, -73.8638206)",trafficstat,False,False,False,False,False,False,False,False,False,,,,,,,
2026-08-31,00:00,40.895449,-73.8800113,JEROME AVE,10471,47,UNKNOWN,Ramp,0.8828628710563506,False,BRONX,"(40.895449, -73.8800113)",trafficstat,True,False,False,False,False,False,False,False,True,,,,,,,
2026-06-21,00:00,40.895449,-73.8800113,JEROME AVE,10471,47,UNKNOWN,Ramp,0.8828628710563506,False,BRONX,"(40.895449, -73.8800113)",trafficstat,True,False,True,False,False,False,False,False,False,,,,,,,
2026-08-31,00:00,40.8783501,-73.8703365,BX RVR PKWY SB EN E GUN HILL RD,10467,47,UNKNOWN,Ramp,1.5573090847491893,False,BRONX,"(40.8783501, -73.8703365)",trafficstat,False,False,False,False,False,False,False,False,False,,,,,,,
2026-08-31,00:00,40.8997931,-73.8712232,KEPLER AVE,10470,47,UNKNOWN,Street,41.737226030603914,False,BRONX,"(40.8997931, -73.8712232)",trafficstat,False,False,False,False,False,False,False,False,False,,,,,,,
2026-08-30,00:00,40.8982536,-73.8578508,CARPENTER AVE,10466,47,OTHER,Street,1.4722756292413444,False,BRONX,"(40.8982536, -73.8578508)",trafficstat,True,False,False,False,False,False,False,True,False,,,,,,,
2026-08-10,00:00,40.8982536,-73.8578508,CARPENTER AVE,10466,47,OTHER,Street,1.4722756292413444,False,BRONX,"(40.8982536, -73.8578508)",trafficstat,False,False,False,False,False,False,False,False,False,,,,,,,
2026-08-30,00:00,40.8816354,-73.8541218,PAULDING AVE,10469,47,UNKNOWN,Street,1.6376631607011636,False,BRONX,"(40.8816354, -73.8541218)",trafficstat,True,False,False,False,False,False,False,True,False,,,,,,,
2026-08-30,00:00,40.8726813,-73.8691328,BARKER AVE,10467,47,OTHER,Street,50.55907079715873,False,BRONX,"(40.8726813, -73.8691328)",trafficstat,True,False,True,False,False,False,False,False,False,,,,,,,
2026-08-30,00:00,40.8884564,-73.841962,BAYCHESTER AVE,10466,47,UNKNOWN,Street,0.5955034864014658,False,BRONX,"(40.8884564, -73.841962)",trafficstat,True,False,False,False,False,False,False,True,False,,,,,,,
2026-08-05,00:00,40.8884564,-73.841962,BAYCHESTER AVE,10466,47,UNKNOWN,Street,0.5955034864014658,False,BRONX,"(40.8884564, -73.841962)",trafficstat,True,False,True,False,False,False,False,False,False,,,,,,,
2026-07-04,00:00,40.8884564,-73.841962,BAYCHESTER AVE,10466,47,UNKNOWN,Street,0.5955034864014658,False,BRONX,"(40.8884564, -73.841962)",trafficstat,False,False,False,False,False,False,False,False,False,,,,,,,
2026-08-29,00:00,40.8708385,-73.8382363,WICKHAM AVE,10469,47,UNKNOWN,Street,1.184931444595696,False,BRONX,"(40.8708385, -73.8382363)",trafficstat,True,False,False,False,False,False,False,False,True,,,,,,,
2026-08-29,00:00,40.8782894,-73.8700581,E  GUN HILL RD,10467,47,UNKNOWN,Street,2.8484714190596105,False,BRONX,"(40.8782894, -73.8700581)",trafficstat,True,False,False,False,False,False,False,True,True,,,,,,,
2026-08-12,00:00,40.8782894,-73.8700581,E  GUN HILL RD,10467,47,OTHER,Street,2.8484714190596105,False,BRONX,"(40.8782894, -73.8700581)",trafficstat,False,False,False,False,False,False,False,False,False,,,,,,,
2026-08-07,00:00,40.8782894,-73.8700581,E  GUN HILL RD,10467,47,OTHER,Street,2.8484714190596105,False,BRONX,"(40.8782894, -73.8700581)",trafficstat,True,False,False,False,False,True,False,False,False,,,,,,,
2026-07-26,00:00,40.8782894,-73.8700581,E  GUN HILL RD,10467,47,UNKNOWN,Street,2.8484714190596105,False,BRONX,"(40.8782894, -73.8700581)",trafficstat,True,False,False,False,False,False,False,True,False,,,,,,,
2026-07-12,00:00,40.8782894,-73.8700581,E  GUN HILL RD,10467,47,UNKNOWN,Street,2.8484714190596105,False,BRONX,"(40.8782894, -73.8700581)",trafficstat,True,False,False,False,False,False,False,True,False,,,,,,,
2026-07-10,00:00,40.8782894,-73.8700581,E  GUN HILL RD,10467,47,UNKNOWN,Street,2.8484714190596105,False,BRONX,"(40.8782894, -73.8700581)",trafficstat,False,False,False,False,False,False,False,False,False,,,,,,,
2026-06-25,00:00,40.8782894,-73.8700581,E  GUN HILL RD,10467,47,UNKNOWN,Street,2.8484714190596105,False,BRONX,"(40.8782894, -73.8700581)",trafficstat,True,False,False,False,False,False,False,False,False,,,,,,,
2026-08-29,00:00,40.8767328,-73.8472982,CORSA AVE,10469,47,OTHER,Street,0.7294689636442999,False,BRONX,"(40.8767328, -73.8472982)",trafficstat,True,True,True,False,False,False,False,True,False,,,,,,,
2026-08-28,00:00,40.8968848,-73.8552313,WHITE PLAINS RD,10466,47,UNKNOWN,Street,57.42826027002122,False,BRONX,"(40.8968848, -73.8552313)",trafficstat,False,False,False,False,False,False,False,False,False,,,,,,,
2026-08-27,00:00,40.8768611,-73.8597516,BRONXWOOD AVE,10469,47,UNKNOWN,Street,1.358403418834265,False,BRONX,"(40.8768611, -73.8597516)",trafficstat,True,False,False,False,False,False,False,True,False,,,,,,,
2026-08-27,00:00,40.8770435,-73.8648803,E  GUN HILL RD,10467,47,UNKNOWN,Street,49.82835454286948,False,BRONX,"(40.8770435, -73.8648803)",trafficstat,False,False,False,False,False,False,False,False,False,,,,,,,
2026-08-27,00:00,40.8803009,-73.8555239,E  218 ST,10469,47,OTHER,Street,46.49663922245151,False,BRONX,"(40.8803009, -73.8555239)",trafficstat,False,False,False,False,False,False,False,False,False,,,,,,,
2026-08-27,00:00,40.8811154,-73.8703596,WEBSTER AVE,10467,47,UNKNOWN,Street,51.13775142674475,False,BRONX,"(40.8811154, -73.8703596)",trafficstat,True,False,False,False,False,False,False,True,False,,,,,,,
2026-08-27,00:00,40.8721458,-73.8407931,TIEMANN AVE,10469,47,OTHER,Street,1.1250085734652606,False,BRONX,"(40.8721458, -73.8407931)",trafficstat,True,False,False,False,False,False,True,False,True,,,,,,,
2026-08-27,00:00,40.89973,-73.8621593,WEBSTER AVE,10470,47,UNKNOWN,Street,54.672833735974535,False,BRONX,"(40.89973, -73.8621593)",trafficstat,True,False,False,False,False,False,False,False,True,,,,,,,
2026-08-26,00:00,40.87307,-73.8442295,EASTCHESTER RD,10469,47,UNKNOWN,Street,0.170598353172014,False,BRONX,"(40.87307, -73.8442295)",trafficstat,True,False,False,False,True,False,False,False,False,,,,,,,
2026-08-26,00:00,40.8763437,-73.8471703,CORSA AVE,10469,47,UNKNOWN,Street,21.746790728850236,False,BRONX,"(40.8763437, -73.8471703)",trafficstat,False,False,False,False,False,False,False,False,False,,,,,,,
2026-08-26,00:00,40.8707244,-73.8686628,LESTER ST,10467,47,UNKNOWN,Street,43.56564834908506,False,BRONX,"(40.8707244, -73.8686628)",trafficstat,False,False,False,False,False,False,False,False,False,,,,,,,
2026-08-25,00:00,40.8779474,-73.8661534,CONNECTOR,10467,47,UNKNOWN,Street,2.080799492991188,False,BRONX,"(40.8779474, -73.8661534)",trafficstat,True,False,False,False,False,True,False,False,False,,,,,,,
2026-06-17,00:00,40.8779474,-73.8661534,CONNECTOR,10467,47,UNKNOWN,Street,2.080799492991188,False,BRONX,"(40.8779474, -73.8661534)",trafficstat,True,False,False,False,True,False,False,False,False,,,,,,,
2026-08-25,00:00,40.8959144,-73.8486286,BRUNER AVE,10466,47,UNKNOWN,Street,0.25891413518042644,False,BRONX,"(40.8959144, -73.8486286)",trafficstat,False,False,False,False,False,False,False,False,False,,,,,,,
2026-08-25,00:00,40.8859908,-73.8279139,CONNER ST,10475,47,UNKNOWN,Street,1.1880759102223204,False,BRONX,"(40.8859908, -73.8279139)",trafficstat,False,False,False,False,False,False,False,False,False,,,,,,,
2026-06-24,00:00,40.8859908,-73.8279139,CONNER ST,10475,47,UNKNOWN,Street,1.1880759102223204,False,BRONX,"(40.8859908, -73.8279139)",trafficstat,False,False,False,False,False,False,False,False,False,,,,,,,
2026-08-24,00:00,40.8849048,-73.8248333,NEW ENGLAND THRUWAY SB EXIT 13,10475,47,UNKNOWN,Ramp,7.170402160224356,False,BRONX,"(40.8849048, -73.8248333)",trafficstat,True,False,False,False,False,False,False,True,False,,,,,,,
2026-08-24,00:00,40.8858377,-73.8482964,LACONIA AVE,10466,47,UNKNOWN,Street,19.242923429874956,False,BRONX,"(40.8858377, -73.8482964)",trafficstat,True,False,False,False,False,False,False,False,False,,,,,,,
2026-08-24,00:00,40.8810591,-73.8675121,BRONX BLVD,10467,47,UNKNOWN,Street,34.708519773208984,False,BRONX,"(40.8810591, -73.8675121)",trafficstat,False,False,False,False,False,False,False,False,False,,,,,,,
2026-08-24,00:00,40.9016651,-73.8555372,CARPENTER AVE,10470,47,UNKNOWN,Street,60.176911033865046,False,BRONX,"(40.9016651, -73.8555372)",trafficstat,False,False,False,False,False,False,False,False,False,,,,,,,
2026-08-23,00:00,40.8774914,-73.8634748,E  211 ST,10467,47,UNKNOWN,Street,2.9661522941368985,False,BRONX,"(40.8774914, -73.8634748)",trafficstat,False,False,False,False,False,False,False,False,False,,,,,,,
2026-08-23,00:00,40.8864078,-73.8411821,BAYCHESTER AVE,10466,47,UNKNOWN,Street,0.4977740830336106,False,BRONX,"(40.8864078, -73.8411821)",trafficstat,True,False,False,False,False,False,False,True,False,,,,,,,
2026-08-23,00:00,40.884848,-73.8271717,CONNER ST,10475,47,UNKNOWN,Street,67.39589818115947,False,BRONX,"(40.884848, -73.8271717)",trafficstat,True,False,False,False,False,False,False,True,False,,,,,,,
2026-08-23,00:00,40.8833713,-73.8595534,BARNES AVE,10467,47,UNKNOWN,Street,1.5389166003775834,False,BRONX,"(40.8833713, -73.8595534)",trafficstat,True,False,True,False,False,False,False,False,False,,,,,,,
2026-08-23,00:00,40.8941041,-73.8626572,BRONX RIVER PKWY,10470,47,UNKNOWN,Highway,0.5585791082679759,False,BRONX,"(40.8941041, -73.8626572)",trafficstat,False,False,False,False,False,False,False,False,False,,,,,,,
2026-08-22,00:00,40.8857704,-73.8623984,E  222 ST,10467,47,UNKNOWN,Street,57.88030250535311,False,BRONX,"(40.8857704, -73.8623984)",trafficstat,True,False,False,False,False,False,False,True,False,,,,,,,
2026-08-22,00:00,40.8828816,-73.8631925,WHITE PLAINS RD,10467,47,UNKNOWN,Street,1.4574130234296612,False,BRONX,"(40.8828816, -73.8631925)",trafficstat,False,False,False,False,False,False,False,False,False,,,,,,,
2026-08-21,00:00,40.8888393,-73.8151591,HUTCHINSON RIVER PKWY,10464,47,UNKNOWN,Highway,0.9360228557642585,False,BRONX,"(40.8888393, -73.8151591)",trafficstat,True,False,False,False,False,False,False,True,False,,,,,,,
2026-08-21,00:00,40.8931534,-73.8587028,E  232 ST,10466,47,UNKNOWN,Street,28.328363148565277,False,BRONX,"(40.8931534, -73.8587028)",trafficstat,False,False,False,False,False,False,False,False,False,,,,,,,
2026-08-20,00:00,40.8971984,-73.8543027,FURMAN AVE,10466,47,OTHER,Street,31.908410899017436,False,BRONX,"(40.8971984, -73.8543027)",trafficstat,False,False,False,False,False,False,False,False,False,,,,,,,
2026-08-20,00:00,40.8916863,-73.8565802,E  231 ST,10466,47,UNKNOWN,Street,42.37341484857747,False,BRONX,"(40.8916863, -73.8565802)",trafficstat,False,False,False,False,False,False,False,False,False,,,,,,,
2026-08-20,00:00,40.8808345,-73.8323174,REEDS MILL LN,10475,47,UNKNOWN,Street,1.4900213383465344,False,BRONX,"(40.8808345, -73.8323174)",trafficstat,False,False,False,False,False,False,False,False,False,,,,,,,
2026-08-19,00:00,40.8907069,-73.8344038,BELL AVE,10466,47,UNKNOWN,Street,50.791024522536695,False,BRONX,"(40.8907069, -73.8344038)",trafficstat,False,False,False,False,False,False,False,False,False,,,,,,,
2026-08-19,00:00,40.8955242,-73.8503983,GUNTHER AVE,10466,47,UNKNOWN,Street,0.18634973990903167,False,BRONX,"(40.8955242, -73.8503983)",trafficstat,True,False,False,False,False,False,False,True,False,,,,,,,
2026-08-19,00:00,40.8978821,-73.8550367,WHITE PLAINS RD,10466,47,UNKNOWN,Street,66.36750833385418,False,BRONX,"(40.8978821, -73.8550367)",trafficstat,False,False,False,False,False,False,False,False,False,,,,,,,
2026-08-19,00:00,40.8873931,-73.8638685,E  223 ST,10466,47,UNKNOWN,Street,51.97975098133117,False,BRONX,"(40.8873931, -73.8638685)",trafficstat,False,False,False,False,False,False,False,False,False,,,,,,,
2026-08-19,00:00,40.8991687,-73.8539422,WHITE PLAINS RD,10470,47,UNKNOWN,Street,55.74202680643696,False,BRONX,"(40.8991687, -73.8539422)",trafficstat,True,False,False,False,False,False,False,False,False,,,,,,,
2026-08-18,00:00,40.903481,-73.8503406,WHITE PLAINS RD,10470,47,OTHER,Street,1.8256996061302977,False,BRONX,"(40.903481, -73.8503406)",trafficstat,True,False,False,False,False,False,False,True,False,,,,,,,
2026-08-11,00:00,40.903481,-73.8503406,WHITE PLAINS RD,10470,47,OTHER,Street,1.8256996061302977,False,BRONX,"(40.903481, -73.8503406)",trafficstat,True,False,True,False,False,False,False,False,False,,,,,,,
2026-08-18,00:00,40.9020443,-73.851552,WHITE PLAINS RD,10470,47,UNKNOWN,Street,1.4411963013597202,False,BRONX,"(40.9020443, -73.851552)",trafficstat,True,False,False,True,False,False,False,False,False,,,,,,,
2026-08-18,00:00,40.8892238,-73.8183696,FLINT AVE,10475,47,UNKNOWN,Street,48.400722735557885,False,BRONX,"(40.8892238, -73.8183696)",trafficstat,False,False,False,False,False,False,False,False,False,,,,,,,
2026-08-18,00:00,40.8847113,-73.8313023,STEENWICK AVE,10475,47,OTHER,Street,0.7356489609093959,False,BRONX,"(40.8847113, -73.8313023)",trafficstat,True,False,False,True,False,False,False,False,False,,,,,,,
2026-08-13,00:00,40.8847113,-73.8313023,STEENWICK AVE,10475,47,OTHER,Street,0.7356489609093959,False,BRONX,"(40.8847113, -73.8313023)",trafficstat,True,False,True,False,False,False,False,False,False,,,,,,,
2026-06-13,00:00,40.8847113,-73.8313023,STEENWICK AVE,10475,47,UNKNOWN,Street,0.7356489609093959,False,BRONX,"(40.8847113, -73.8313023)",trafficstat,False,False,False,False,False,False,False,False,False,,,,,,,
2026-08-18,00:00,40.8866831,-73.8543241,BRONXWOOD AVE,10466,47,OTHER,Street,1.0299386123575995,False,BRONX,"(40.8866831, -73.8543241)",trafficstat,True,False,False,True,False,False,False,False,False,,,,,,,
2026-08-18,00:00,40.8834566,-73.8516871,E  223 ST,10466,47,UNKNOWN,Street,34.66666933988631,False,BRONX,"(40.8834566, -73.8516871)",trafficstat,False,False,False,False,False,False,False,False,False,,,,,,,