crash_date,crash_time,latitude,longitude,on_street_name,zip_code,precinct,collision_type,roadway_type,geocode_dist_feet,time_is_known,borough,location,source,injury,fatality,injured_pedestrian,injured_cyclist,injured_ebike_rider,injured_motorcyclist,injured_moped_rider,injured_car_occupant,injured_suv_occupant,number_of_persons_injured,number_of_persons_killed,contributing_factor_vehicle_1,collision_id,cross_street_name,off_street_name,vehicle_type_code1
2026-08-18,00:00,40.8739825,-73.8557693,E  GUN HILL RD,10469,47,OTHER,Street,2.92917619768619,False,BRONX,"(40.8739825, -73.8557693)",trafficstat,True,False,False,False,False,False,False,True,False,,,,,,,
2026-08-17,00:00,40.8796551,-73.8640029,E  214 ST,10467,47,UNKNOWN,Street,30.26004643065089,False,BRONX,"(40.8796551, -73.8640029)",trafficstat,False,False,False,False,False,False,False,False,False,,,,,,,
2026-08-17,00:00,40.8826636,-73.8599419,BARNES AVE,10467,47,OTHER,Street,1.387319049419006,False,BRONX,"(40.8826636, -73.8599419)",trafficstat,False,False,False,False,False,False,False,False,False,,,,,,,
2026-08-17,00:00,40.8814488,-73.8539428,E  220 ST,10469,47,UNKNOWN,Street,46.69715308038054,False,BRONX,"(40.8814488, -73.8539428)",trafficstat,False,False,False,False,False,False,False,False,False,,,,,,,
2026-08-17,00:00,40.8863765,-73.8654939,BRONX BLVD,10467,47,UNKNOWN,Street,43.57477462443215,False,BRONX,"(40.8863765, -73.8654939)",trafficstat,False,False,False,False,False,False,False,False,False,,,,,,,
2026-08-17,00:00,40.882316,-73.838394,DE REIMER AVE,10466,47,OTHER,Street,43.8245883561417,False,BRONX,"(40.882316, -73.838394)",trafficstat,False,False,False,False,False,False,False,False,False,,,,,,,
2026-08-17,00:00,40.8837593,-73.8549057,E  222 ST,10469,47,UNKNOWN,Street,67.6331744225008,False,BRONX,"(40.8837593, -73.8549057)",trafficstat,True,False,False,False,True,False,False,False,False,,,,,,,
2026-08-17,00:00,40.8953759,-73.8635574,WEBSTER AVE,10467,47,UNKNOWN,Street,1.1423677999215502,False,BRONX,"(40.8953759, -73.8635574)",trafficstat,True,False,False,False,False,False,False,False,True,,,,,,,
2026-08-16,00:00,40.8957017,-73.8442172,BUSSING AVE,10466,47,OTHER,Street,61.626040478160085,False,BRONX,"(40.8957017, -73.8442172)",trafficstat,False,False,False,False,False,False,False,False,False,,,,,,,
2026-08-16,00:00,40.8823936,-73.8362192,BOSTON RD,10466,47,UNKNOWN,Street,2.211434222106466,False,BRONX,"(40.8823936, -73.8362192)",trafficstat,True,False,True,False,False,False,False,False,False,,,,,,,
2026-06-24,00:00,40.8823936,-73.8362192,BOSTON RD,10466,47,UNKNOWN,Street,2.211434222106466,False,BRONX,"(40.8823936, -73.8362192)",trafficstat,False,False,False,False,False,False,False,False,False,,,,,,,
2026-08-16,00:00,40.8937229,-73.8574144,WHITE PLAINS RD,10466,47,UNKNOWN,Street,54.599642887364325,False,BRONX,"(40.8937229, -73.8574144)",trafficstat,True,False,False,True,False,False,False,False,False,,,,,,,
2026-07-02,00:00,40.8937229,-73.8574144,WHITE PLAINS RD,10466,47,UNKNOWN,Street,54.599642887364325,False,BRONX,"(40.8937229, -73.8574144)",trafficstat,False,False,False,False,False,False,False,False,False,,,,,,,
2026-08-16,00:00,40.8785928,-73.8689438,BRONX BLVD,10467,47,UNKNOWN,Bridge,1.9264840576410802,False,BRONX,"(40.8785928, -73.8689438)",trafficstat,False,False,False,False,False,False,False,False,False,,,,,,,
2026-08-16,00:00,40.8841315,-73.8627392,WHITE PLAINS RD,10467,47,OTHER,Street,60.068854396463465,False,BRONX,"(40.8841315, -73.8627392)",trafficstat,True,False,False,False,False,False,False,True,False,,,,,,,
2026-08-15,00:00,40.871642,-73.8357394,GRACE AVE,10469,47,OTHER,Street,0.6819007487976768,False,BRONX,"(40.871642, -73.8357394)",trafficstat,False,False,False,False,False,False,False,False,False,,,,,,,
2026-08-15,00:00,40.8724137,-73.8399608,GUNTHER AVE,10469,47,UNKNOWN,Street,1.138342585013294,False,BRONX,"(40.8724137, -73.8399608)",trafficstat,True,False,False,True,False,False,False,False,False,,,,,,,
2026-06-21,00:00,40.8724137,-73.8399608,GUNTHER AVE,10469,47,UNKNOWN,Street,1.138342585013294,False,BRONX,"(40.8724137, -73.8399608)",trafficstat,False,False,False,False,False,False,False,False,False,,,,,,,
2026-08-15,00:00,40.8893626,-73.8344515,PRATT AVE,10466,47,UNKNOWN,Street,0.8626322700968666,False,BRONX,"(40.8893626, -73.8344515)",trafficstat,True,False,True,False,False,False,False,False,False,,,,,,,
2026-08-15,00:00,40.8826291,-73.8635477,WHITE PLAINS RD,10467,47,UNKNOWN,Street,53.05882399738574,False,BRONX,"(40.8826291, -73.8635477)",trafficstat,True,False,False,False,False,False,True,True,False,,,,,,,
2026-08-15,00:00,40.9014957,-73.8464272,E  241 ST,10466,47,UNKNOWN,Street,51.015021771288296,False,BRONX,"(40.9014957, -73.8464272)",trafficstat,False,False,False,False,False,False,False,False,False,,,,,,,
2026-08-14,00:00,40.8932969,-73.8576459,E  233 ST,10466,47,UNKNOWN,Street,50.00506285708996,False,BRONX,"(40.8932969, -73.8576459)",trafficstat,True,False,True,False,False,False,False,False,False,,,,,,,
2026-08-14,00:00,40.8832783,-73.794811,SHORE RD,10464,47,UNKNOWN,Street,111.8429108548176,False,BRONX,"(40.8832783, -73.794811)",trafficstat,False,False,False,False,False,False,False,False,False,,,,,,,
2026-08-14,00:00,40.8954288,-73.844622,BAYCHESTER AVE,10466,47,UNKNOWN,Street,0.5792679798857958,False,BRONX,"(40.8954288, -73.844622)",trafficstat,True,False,False,False,False,False,False,True,False,,,,,,,
2026-08-14,00:00,40.8783751,-73.868127,OLINVILLE AVE,10467,47,UNKNOWN,Street,0.6465480774538244,False,BRONX,"(40.8783751, -73.868127)",trafficstat,False,False,False,False,False,False,False,False,False,,,,,,,
2026-08-13,00:00,40.8644408,-73.8306827,NEW ENGLAND TRWY,10469,47,UNKNOWN,Highway,8.381728656004269,False,BRONX,"(40.8644408, -73.8306827)",trafficstat,True,False,False,False,False,False,False,True,False,,,,,,,
2026-06-20,00:00,40.8644408,-73.8306827,NEW ENGLAND TRWY,10469,47,OTHER,Highway,8.381728656004269,False,BRONX,"(40.8644408, -73.8306827)",trafficstat,True,False,False,False,False,False,False,True,False,,,,,,,
2026-08-12,00:00,40.8703909,-73.8460907,E  GUN HILL RD,10469,47,UNKNOWN,Street,2.12013425842401,False,BRONX,"(40.8703909, -73.8460907)",trafficstat,True,False,True,False,False,False,False,False,False,,,,,,,
2026-07-19,00:00,40.8703909,-73.8460907,E  GUN HILL RD,10469,47,OTHER,Street,2.12013425842401,False,BRONX,"(40.8703909, -73.8460907)",trafficstat,True,False,True,False,False,False,False,False,False,,,,,,,
2026-06-13,00:00,40.8703909,-73.8460907,E  GUN HILL RD,10469,47,OTHER,Street,2.12013425842401,False,BRONX,"(40.8703909, -73.8460907)",trafficstat,True,False,True,False,False,False,False,False,False,,,,,,,
2026-08-12,00:00,40.8738817,-73.8477929,SEYMOUR AVE,10469,47,UNKNOWN,Street,0.8914309049038399,False,BRONX,"(40.8738817, -73.8477929)",trafficstat,True,False,False,False,False,False,False,True,False,,,,,,,
2026-06-17,00:00,40.8738817,-73.8477929,SEYMOUR AVE,10469,47,UNKNOWN,Street,0.8914309049038399,False,BRONX,"(40.8738817, -73.8477929)",trafficstat,True,False,True,False,False,False,False,False,False,,,,,,,
2026-08-12,00:00,40.8794122,-73.8711946,WEBSTER AVE,10467,47,UNKNOWN,Street,22.21533685042855,False,BRONX,"(40.8794122, -73.8711946)",trafficstat,False,False,False,False,False,False,False,False,False,,,,,,,
2026-08-12,00:00,40.8925241,-73.8513112,DIGNEY AVE,10466,47,UNKNOWN,Street,41.749713385443805,False,BRONX,"(40.8925241, -73.8513112)",trafficstat,False,False,False,False,False,False,False,False,False,,,,,,,
2026-08-12,00:00,40.8880176,-73.8637281,CARPENTER AVE,10466,47,UNKNOWN,Street,1.3167299415566214,False,BRONX,"(40.8880176, -73.8637281)",trafficstat,False,False,False,False,False,False,False,False,False,,,,,,,
2026-08-12,00:00,40.8888005,-73.8531512,BRONXWOOD AVE,10466,47,UNKNOWN,Street,1.8844762679218638,False,BRONX,"(40.8888005, -73.8531512)",trafficstat,True,False,False,True,False,False,False,False,False,,,,,,,
2026-07-04,00:00,40.8888005,-73.8531512,BRONXWOOD AVE,10466,47,UNKNOWN,Street,1.8844762679218638,False,BRONX,"(40.8888005, -73.8531512)",trafficstat,False,False,False,False,False,False,False,False,False,,,,,,,
2026-08-12,00:00,40.8830203,-73.8532436,PAULDING AVE,10469,47,UNKNOWN,Street,1.4570430828736864,False,BRONX,"(40.8830203, -73.8532436)",trafficstat,False,False,False,False,False,False,False,False,False,,,,,,,
2026-06-26,00:00,40.8830203,-73.8532436,PAULDING AVE,10469,47,UNKNOWN,Street,1.4570430828736864,False,BRONX,"(40.8830203, -73.8532436)",trafficstat,True,False,False,False,False,False,False,False,True,,,,,,,
2026-08-12,00:00,40.8984496,-73.8542983,WHITE PLAINS RD,10466,47,OTHER,Street,1.9895080536690937,False,BRONX,"(40.8984496, -73.8542983)",trafficstat,True,False,True,False,False,False,False,False,False,,,,,,,
2026-08-07,00:00,40.8984496,-73.8542983,WHITE PLAINS RD,10466,47,OTHER,Street,1.9895080536690937,False,BRONX,"(40.8984496, -73.8542983)",trafficstat,True,False,True,False,False,False,False,False,False,,,,,,,
2026-07-27,00:00,40.8984496,-73.8542983,WHITE PLAINS RD,10466,47,OTHER,Street,1.9895080536690937,False,BRONX,"(40.8984496, -73.8542983)",trafficstat,True,False,True,False,False,False,False,False,False,,,,,,,
2026-07-16,00:00,40.8984496,-73.8542983,WHITE PLAINS RD,10466,47,UNKNOWN,Street,1.9895080536690937,False,BRONX,"(40.8984496, -73.8542983)",trafficstat,False,False,False,False,False,False,False,False,False,,,,,,,
2026-08-11,00:00,40.8856608,-73.842939,229 DR N,10466,47,UNKNOWN,Street,123.75652231344041,False,BRONX,"(40.8856608, -73.842939)",trafficstat,False,False,False,False,False,False,False,False,False,,,,,,,
2026-08-10,00:00,40.8890905,-73.8599806,WHITE PLAINS RD,10466,47,UNKNOWN,Street,55.36396118406518,False,BRONX,"(40.8890905, -73.8599806)",trafficstat,False,False,False,False,False,False,False,False,False,,,,,,,
2026-08-10,00:00,40.8921374,-73.837859,SETON AVE,10466,47,OTHER,Street,54.13127763566939,False,BRONX,"(40.8921374, -73.837859)",trafficstat,True,False,False,False,False,False,False,True,False,,,,,,,
2026-08-10,00:00,40.8752119,-73.8670376,WHITE PLAINS RD,10467,47,OTHER,Street,0.6002942674045527,False,BRONX,"(40.8752119, -73.8670376)",trafficstat,False,False,False,False,False,False,False,False,False,,,,,,,
2026-07-09,00:00,40.8752119,-73.8670376,WHITE PLAINS RD,10467,47,UNKNOWN,Street,0.6002942674045527,False,BRONX,"(40.8752119, -73.8670376)",trafficstat,False,False,False,False,False,False,False,False,False,,,,,,,
2026-07-05,00:00,40.8752119,-73.8670376,WHITE PLAINS RD,10467,47,UNKNOWN,Street,0.6002942674045527,False,BRONX,"(40.8752119, -73.8670376)",trafficstat,True,False,False,False,False,False,False,False,True,,,,,,,
2026-08-10,00:00,40.875214,-73.867035,WHITE PLAINS RD,10467,47,OTHER,Street,1.30091936670742,False,BRONX,"(40.875214, -73.867035)",trafficstat,True,False,False,False,False,False,False,True,True,,,,,,,
2026-08-09,00:00,40.8747726,-73.8700857,BRONX BLVD,10467,47,UNKNOWN,Street,68.14902656999746,False,BRONX,"(40.8747726, -73.8700857)",trafficstat,False,False,False,False,False,False,False,False,False,,,,,,,
2026-08-09,00:00,40.8960043,-73.8419983,MURDOCK AVE,10466,47,UNKNOWN,Street,0.9534560479558646,False,BRONX,"(40.8960043, -73.8419983)",trafficstat,True,False,False,False,False,False,False,True,False,,,,,,,
2026-08-09,00:00,40.8806237,-73.8404618,GRACE AVE,10469,47,UNKNOWN,Street,0.6591215609782265,False,BRONX,"(40.8806237, -73.8404618)",trafficstat,True,False,False,True,False,False,False,False,False,,,,,,,
2026-06-19,00:00,40.8806237,-73.8404618,GRACE AVE,10469,47,UNKNOWN,Street,0.6591215609782265,False,BRONX,"(40.8806237, -73.8404618)",trafficstat,True,False,True,False,False,False,False,False,False,,,,,,,
2026-08-09,00:00,40.9057359,-73.8493913,WHITE PLAINS RD,10470,47,OTHER,Street,0.47895275525678144,False,BRONX,"(40.9057359, -73.8493913)",trafficstat,True,False,False,False,False,True,False,False,False,,,,,,,
2026-07-27,00:00,40.9057359,-73.8493913,WHITE PLAINS RD,10470,47,UNKNOWN,Street,0.47895275525678144,False,BRONX,"(40.9057359, -73.8493913)",trafficstat,True,False,True,False,False,False,False,False,False,,,,,,,
2026-08-09,00:00,40.8900161,-73.8556324,BARNES AVE,10466,47,OTHER,Street,60.0285989433542,False,BRONX,"(40.8900161, -73.8556324)",trafficstat,False,False,False,False,False,False,False,False,False,,,,,,,
2026-08-08,00:00,40.8716705,-73.848597,E  GUN HILL RD,10469,47,UNKNOWN,Street,2.4677037909241797,False,BRONX,"(40.8716705, -73.848597)",trafficstat,False,False,False,False,False,False,False,False,False,,,,,,,
2026-08-08,00:00,40.86832,-73.83316,EDSON AVE,10475,47,UNKNOWN,Street,0.9612594003163968,False,BRONX,"(40.86832, -73.83316)",trafficstat,False,False,False,False,False,False,False,False,False,,,,,,,
2026-08-07,00:00,40.8785603,-73.852365,OAKLEY ST,10469,47,UNKNOWN,Street,78.49609999821058,False,BRONX,"(40.8785603, -73.852365)",trafficstat,False,False,False,False,False,False,False,False,False,,,,,,,
2026-08-06,00:00,40.8762471,-73.8672149,WHITE PLAINS RD,10467,47,OTHER,Street,47.43481759449869,False,BRONX,"(40.8762471, -73.8672149)",trafficstat,True,False,False,False,False,False,False,False,True,,,,,,,
2026-08-06,00:00,40.8768341,-73.8647165,E  GUN HILL RD,10467,47,UNKNOWN,Street,2.9445709401309457,False,BRONX,"(40.8768341, -73.8647165)",trafficstat,True,False,True,False,False,False,False,False,False,,,,,,,
2026-06-22,00:00,40.8768341,-73.8647165,E  GUN HILL RD,10467,47,UNKNOWN,Street,2.9445709401309457,False,BRONX,"(40.8768341, -73.8647165)",trafficstat,True,False,False,False,False,False,True,False,False,,,,,,,
2026-08-06,00:00,40.8996278,-73.8443482,WILDER AVE,10466,47,UNKNOWN,Street,0.871539822174822,False,BRONX,"(40.8996278, -73.8443482)",trafficstat,False,False,False,False,False,False,False,False,False,,,,,,,
2026-08-06,00:00,40.9047451,-73.8498516,WHITE PLAINS RD,10470,47,UNKNOWN,Street,50.362461194500256,False,BRONX,"(40.9047451, -73.8498516)",trafficstat,False,False,False,False,False,False,False,False,False,,,,,,,
2026-08-05,00:00,40.8956229,-73.8757248,E  233 ST,10470,47,OTHER,Street,2.891335865646728,False,BRONX,"(40.8956229, -73.8757248)",trafficstat,False,False,False,False,False,False,False,False,False,,,,,,,
2026-08-05,00:00,40.8980299,-73.8544367,WHITE PLAINS RD,10466,47,UNKNOWN,Street,48.01950534189515,False,BRONX,"(40.8980299, -73.8544367)",trafficstat,False,False,False,False,False,False,False,False,False,,,,,,,
2026-08-05,00:00,40.8745111,-73.8373597,GRACE AVE,10469,47,UNKNOWN,Street,50.52184344063406,False,BRONX,"(40.8745111, -73.8373597)",trafficstat,True,False,False,False,False,False,False,True,False,,,,,,,
2026-08-05,00:00,40.8719466,-73.8477612,FISH AVE,10469,47,UNKNOWN,Street,0.7650269757127284,False,BRONX,"(40.8719466, -73.8477612)",trafficstat,True,False,False,False,False,False,False,True,False,,,,,,,
2026-08-05,00:00,40.8815944,-73.8607673,BARNES AVE,10467,47,OTHER,Street,62.08227787563975,False,BRONX,"(40.8815944, -73.8607673)",trafficstat,False,False,False,False,False,False,False,False,False,,,,,,,
2026-08-05,00:00,40.8835756,-73.8628041,WHITE PLAINS RD,10467,47,UNKNOWN,Street,1.1570358235897795,False,BRONX,"(40.8835756, -73.8628041)",trafficstat,False,False,False,False,False,False,False,False,False,,,,,,,
2026-08-05,00:00,40.8892468,-73.832213,SECOR AVE,10466,47,UNKNOWN,Street,0.9618854842389106,False,BRONX,"(40.8892468, -73.832213)",trafficstat,True,False,False,False,False,False,False,False,False,,,,,,,
2026-07-21,00:00,40.8892468,-73.832213,SECOR AVE,10466,47,UNKNOWN,Street,0.9618854842389106,False,BRONX,"(40.8892468, -73.832213)",trafficstat,False,False,False,False,False,False,False,False,False,,,,,,,
2026-08-04,00:00,40.8816081,-73.8378267,DE REIMER AVE,10475,47,UNKNOWN,Street,0.5827953479539502,False,BRONX,"(40.8816081, -73.8378267)",trafficstat,True,False,False,False,False,False,False,True,False,,,,,,,
2026-08-04,00:00,40.8875752,-73.8608167,WHITE PLAINS RD,10466,47,UNKNOWN,Street,57.21508989726157,False,BRONX,"(40.8875752, -73.8608167)",trafficstat,False,False,False,False,False,False,False,False,False,,,,,,,
2026-08-04,00:00,40.8839141,-73.844352,SCHIEFFELIN AVE,10466,47,UNKNOWN,Street,69.64694488557707,False,BRONX,"(40.8839141, -73.844352)",trafficstat,False,False,False,False,False,False,False,False,False,,,,,,,
2026-08-04,00:00,40.8714644,-73.8601636,BURKE AVE,10469,47,UNKNOWN,Street,51.49706433027076,False,BRONX,"(40.8714644, -73.8601636)",trafficstat,False,False,False,False,False,False,False,False,False,,,,,,,
2026-08-03,00:00,40.876703,-73.8468653,BOSTON RD,10469,47,UNKNOWN,Street,60.06338189376645,False,BRONX,"(40.876703, -73.8468653)",trafficstat,False,False,False,False,False,False,False,False,False,,,,,,,
2026-08-03,00:00,40.885693,-73.86164,WHITE PLAINS RD,10467,47,UNKNOWN,Street,1.2914836985454556,False,BRONX,"(40.885693, -73.86164)",trafficstat,False,False,False,False,False,False,False,False,False,,,,,,,
2026-08-02,00:00,40.8860132,-73.8273913,BOSTON RD,10475,47,UNKNOWN,Street,42.63414573353285,False,BRONX,"(40.8860132, -73.8273913)",trafficstat,True,False,False,False,False,False,False,True,False,,,,,,,
2026-08-02,00:00,40.8840962,-73.8544443,E  223 ST,10466,47,UNKNOWN,Street,47.17683048561894,False,BRONX,"(40.8840962, -73.8544443)",trafficstat,False,False,False,False,False,False,False,False,False,,,,,,,
2026-08-02,00:00,40.8793125,-73.8594223,E  215 ST,10467,47,UNKNOWN,Street,43.341927279514984,False,BRONX,"(40.8793125, -73.8594223)",trafficstat,False,False,False,False,False,False,False,False,False,,,,,,,
2026-08-01,00:00,40.8754856,-73.8506892,WILSON AVE,10469,47,UNKNOWN,Street,0.8812791119960278,False,BRONX,"(40.8754856, -73.8506892)",trafficstat,False,False,False,False,False,False,False,False,False,,,,,,,
2026-08-01,00:00,40.871643,-73.83574,GRACE AVE,10469,47,UNKNOWN,Street,0.7148502677265434,False,BRONX,"(40.871643, -73.83574)",trafficstat,False,False,False,False,False,False,False,False,False,,,,,,,
2026-07-31,00:00,40.8770335,-73.8463682,EASTCHESTER RD,10469,47,OTHER,Street,1.111752210471934,False,BRONX,"(40.8770335, -73.8463682)",trafficstat,True,False,False,False,False,True,False,False,False,,,,,,,
2026-07-31,00:00,40.8841518,-73.8260635,CONNER ST,10475,47,UNKNOWN,Street,17.63436772890409,False,BRONX,"(40.8841518, -73.8260635)",trafficstat,True,False,False,False,False,False,False,True,False,,,,,,,
2026-07-31,00:00,40.8992486,-73.8460817,BAYCHESTER AVE,10466,47,OTHER,Street,0.9178464674101887,False,BRONX,"(40.8992486, -73.8460817)",trafficstat,True,False,False,False,False,False,False,True,False,,,,,,,
2026-07-31,00:00,40.8962423,-73.8724103,E  233 ST,10470,47,OTHER,Street,2.645708892963704,False,BRONX,"(40.8962423, -73.8724103)",trafficstat,False,False,False,False,False,False,False,False,False,,,,,,,
2026-07-31,00:00,40.9054375,-73.8779349,JEROME AVE,10471,47,UNKNOWN,Street,0.5467646367765702,False,BRONX,"(40.9054375, -73.8779349)",trafficstat,True,False,False,False,False,False,False,True,False,,,,,,,
2026-07-30,00:00,40.8965232,-73.8471215,GRACE AVE,10466,47,UNKNOWN,Street,43.34266259073324,False,BRONX,"(40.8965232, -73.8471215)",trafficstat,False,False,False,False,False,False,False,False,False,,,,,,,
2026-07-29,00:00,40.8899718,-73.8625057,CARPENTER AVE,10466,47,UNKNOWN,Street,37.00077268882107,False,BRONX,"(40.8899718, -73.8625057)",trafficstat,False,False,False,False,False,False,False,False,False,,,,,,,
2026-07-29,00:00,40.8865264,-73.8480285,E  228 ST,10466,47,UNKNOWN,Street,61.42503373288672,False,BRONX,"(40.8865264, -73.8480285)",trafficstat,False,False,False,False,False,False,False,False,False,,,,,,,
2026-07-28,00:00,40.8764786,-73.870573,BRONX RIVER PKWY,10467,47,UNKNOWN,Highway,8.419665741450915,False,BRONX,"(40.8764786, -73.870573)",trafficstat,False,False,False,False,False,False,False,False,False,,,,,,,
2026-06-27,00:00,40.8764786,-73.870573,BRONX RIVER PKWY,10467,47,UNKNOWN,Highway,8.419665741450915,False,BRONX,"(40.8764786, -73.870573)",trafficstat,True,False,False,False,False,False,False,False,True,,,,,,,
2026-07-28,00:00,40.8750015,-73.8672492,WHITE PLAINS RD,10467,47,UNKNOWN,Street,56.077606230532396,False,BRONX,"(40.8750015, -73.8672492)",trafficstat,False,False,False,False,False,False,False,False,False,,,,,,,
2026-07-27,00:00,40.8797853,-73.8661309,WILLETT AVE,10467,47,UNKNOWN,Street,51.52476903874309,False,BRONX,"(40.8797853, -73.8661309)",trafficstat,False,False,False,False,False,False,False,False,False,,,,,,,
2026-07-27,00:00,40.8798184,-73.8666246,E  213 ST,10467,47,UNKNOWN,Street,56.7720276392525,False,BRONX,"(40.8798184, -73.8666246)",trafficstat,False,False,False,False,False,False,False,False,False,,,,,,,
2026-07-27,00:00,40.8742373,-73.8488814,FISH AVE,10469,47,UNKNOWN,Street,29.134188191242895,False,BRONX,"(40.8742373, -73.8488814)",trafficstat,False,False,False,False,False,False,False,False,False,,,,,,,
2026-07-27,00:00,40.8898214,-73.8534246,E  230 ST,10466,47,UNKNOWN,Street,32.65767059113153,False,BRONX,"(40.8898214, -73.8534246)",trafficstat,False,False,False,False,False,False,False,False,False,,,,,,,
2026-07-26,00:00,40.8824483,-73.8566659,BRONXWOOD AVE,10469,47,UNKNOWN,Street,1.5146870801420151,False,BRONX,"(40.8824483, -73.8566659)",trafficstat,True,False,False,False,False,False,True,False,False,,,,,,,
2026-07-25,00:00,40.8927553,-73.8449931,EDENWALD AVE,10466,47,UNKNOWN,Street,47.90898021114789,False,BRONX,"(40.8927553, -73.8449931)",trafficstat,False,False,False,False,False,False,False,False,False,,,,,,,
2026-07-25,00:00,40.8964552,-73.8631579,WEBSTER AVE,10470,47,OTHER,Street,67.60922929356309,False,BRONX,"(40.8964552, -73.8631579)",trafficstat,True,False,False,False,False,False,False,False,True,,,,,,,
2026-07-25,00:00,40.8784573,-73.8340158,GIVAN AVE,10475,47,OTHER,Street,1.983034045400033,False,BRONX,"(40.8784573, -73.8340158)",trafficstat,False,False,False,False,False,False,False,False,False,,,,,,,
2026-06-17,00:00,40.8784573,-73.8340158,GIVAN AVE,10475,47,UNKNOWN,Street,1.983034045400033,False,BRONX,"(40.8784573, -73.8340158)",trafficstat,False,False,False,False,False,False,False,False,False,,,,,,,
2026-07-25,00:00,40.9041292,-73.8500511,WHITE PLAINS RD,10470,47,OTHER,Street,52.01757390940971,False,BRONX,"(40.9041292, -73.8500511)",trafficstat,True,False,True,False,False,False,False,False,False,,,,,,,
2026-07-25,00:00,40.8996409,-73.8522338,FURMAN AVE,10466,47,UNKNOWN,Street,1.2999801843819574,False,BRONX,"(40.8996409, -73.8522338)",trafficstat,True,False,False,False,False,False,False,False,True,,,,,,,
2026-07-24,00:00,40.8994409,-73.8613295,BRONX RIVER PKWY,10466,47,UNKNOWN,Highway,2.8467612668060984,False,BRONX,"(40.8994409, -73.8613295)",trafficstat,True,False,False,False,False,False,False,True,False,,,,,,,
2026-07-24,00:00,40.8697608,-73.8448773,E  GUN HILL RD,10469,47,UNKNOWN,Street,2.1871260676715236,False,BRONX,"(40.8697608, -73.8448773)",trafficstat,False,False,False,False,False,False,False,False,False,,,,,,,
2026-07-24,00:00,40.8940824,-73.8467447,ELY AVE,10466,47,UNKNOWN,Street,58.57268391401739,False,BRONX,"(40.8940824, -73.8467447)",trafficstat,False,False,False,False,False,False,False,False,False,,,,,,,
2026-07-24,00:00,40.8856931,-73.8616389,WHITE PLAINS RD,10467,47,UNKNOWN,Street,1.5579661510513907,False,BRONX,"(40.8856931, -73.8616389)",trafficstat,True,False,False,True,False,False,False,False,False,,,,,,,
2026-07-23,00:00,40.8824569,-73.8295957,NEW ENGLAND TRWY,10475,47,OTHER,Street,37.38436888743487,False,BRONX,"(40.8824569, -73.8295957)",trafficstat,False,False,False,False,False,False,False,False,False,,,,,,,
2026-07-23,00:00,40.864517,-73.8333171,E  GUN HILL RD,10469,47,UNKNOWN,Street,260.02928345011054,False,BRONX,"(40.864517, -73.8333171)",trafficstat,False,False,False,False,False,False,False,False,False,,,,,,,
2026-07-23,00:00,40.8732226,-73.8374603,ELY AVE,10469,47,UNKNOWN,Street,0.7142291467167688,False,BRONX,"(40.8732226, -73.8374603)",trafficstat,False,False,False,False,False,False,False,False,False,,,,,,,
2026-07-23,00:00,40.9037648,-73.847229,ST OUEN ST,10470,47,UNKNOWN,Street,44.88996167359441,False,BRONX,"(40.9037648, -73.847229)",trafficstat,False,False,False,False,False,False,False,False,False,,,,,,,
2026-07-22,00:00,40.8940654,-73.8624729,BRONX RVR PKWY NB EN BRONX BLVD,10467,47,UNKNOWN,Ramp,4.039871011262713,False,BRONX,"(40.8940654, -73.8624729)",trafficstat,False,False,False,False,False,False,False,False,False,,,,,,,
2026-07-17,00:00,40.8940654,-73.8624729,BRONX RVR PKWY NB EN BRONX BLVD,10467,47,UNKNOWN,Ramp,4.039871011262713,False,BRONX,"(40.8940654, -73.8624729)",trafficstat,True,False,False,False,False,False,False,False,True,,,,,,,
2026-06-27,00:00,40.8940654,-73.8624729,BRONX RVR PKWY NB EN BRONX BLVD,10467,47,UNKNOWN,Ramp,4.039871011262713,False,BRONX,"(40.8940654, -73.8624729)",trafficstat,True,False,False,False,False,False,False,True,False,,,,,,,
2026-07-22,00:00,40.8927531,-73.8577324,WHITE PLAINS RD,10466,47,UNKNOWN,Street,1.4718312507345657,False,BRONX,"(40.8927531, -73.8577324)",trafficstat,True,False,False,True,False,False,False,False,False,,,,,,,
2026-07-21,00:00,40.8789205,-73.8636846,HOLLAND AVE,10467,47,UNKNOWN,Street,36.898975252426006,False,BRONX,"(40.8789205, -73.8636846)",trafficstat,False,False,False,False,False,False,False,False,False,,,,,,,
2026-07-20,00:00,40.8776331,-73.8673763,WHITE PLAINS RD,10467,47,OTHER,Street,1.3596363647319025,False,BRONX,"(40.8776331, -73.8673763)",trafficstat,True,True,True,False,False,False,False,False,False,,,,,,,
2026-07-05,00:00,40.8776331,-73.8673763,WHITE PLAINS RD,10467,47,OTHER,Street,1.3596363647319025,False,BRONX,"(40.8776331, -73.8673763)",trafficstat,True,False,False,False,False,False,False,False,True,,,,,,,
2026-06-20,00:00,40.8776331,-73.8673763,WHITE PLAINS RD,10467,47,UNKNOWN,Street,1.3596363647319025,False,BRONX,"(40.8776331, -73.8673763)",trafficstat,True,False,False,False,False,False,False,False,False,,,,,,,