crash_date,crash_time,latitude,longitude,on_street_name,zip_code,precinct,collision_type,roadway_type,geocode_dist_feet,time_is_known,borough,location,source,injury,fatality,injured_pedestrian,injured_cyclist,injured_ebike_rider,injured_motorcyclist,injured_moped_rider,injured_car_occupant,injured_suv_occupant,number_of_persons_injured,number_of_persons_killed,contributing_factor_vehicle_1,collision_id,cross_street_name,off_street_name,vehicle_type_code1
2026-07-20,00:00,40.8772613,-73.8344397,NEW ENGLAND TRWY,10475,47,OTHER,Highway,5.594106415424521,False,BRONX,"(40.8772613, -73.8344397)",trafficstat,True,False,False,False,False,False,False,True,False,,,,,,,
2026-07-20,00:00,40.8907849,-73.8445639,GRACE AVE,10466,47,OTHER,Street,53.12009449848028,False,BRONX,"(40.8907849, -73.8445639)",trafficstat,True,False,False,False,False,False,False,True,False,,,,,,,
2026-07-20,00:00,40.8854121,-73.8376692,BOLLER AVE,10466,47,OTHER,Street,0.6275782725671858,False,BRONX,"(40.8854121, -73.8376692)",trafficstat,True,False,True,False,False,False,False,False,False,,,,,,,
2026-07-20,00:00,40.8895505,-73.8452325,ELY AVE,10466,47,OTHER,Street,0.5808957543736719,False,BRONX,"(40.8895505, -73.8452325)",trafficstat,True,False,False,True,False,False,False,False,False,,,,,,,
2026-07-20,00:00,40.894875,-73.85656,WHITE PLAINS RD,10466,47,OTHER,Street,1.5209437086513855,False,BRONX,"(40.894875, -73.85656)",trafficstat,False,False,False,False,False,False,False,False,False,,,,,,,
2026-07-20,00:00,40.8949877,-73.8562809,WHITE PLAINS RD,10466,47,UNKNOWN,Street,56.73050935395419,False,BRONX,"(40.8949877, -73.8562809)",trafficstat,True,False,False,True,False,False,False,False,False,,,,,,,
2026-07-19,00:00,40.8957828,-73.8522326,ALLEY,10466,47,UNKNOWN,Alley,30.274279004966534,False,BRONX,"(40.8957828, -73.8522326)",trafficstat,False,False,False,False,False,False,False,False,False,,,,,,,
2026-07-19,00:00,40.8867905,-73.8160798,NEW ENGLAND THRWY SB EXIT 14,10475,47,UNKNOWN,Ramp,6.113299112905378,False,BRONX,"(40.8867905, -73.8160798)",trafficstat,True,False,False,False,False,False,False,False,True,,,,,,,
2026-07-19,00:00,40.8842597,-73.8380397,PALMER AVE,10466,47,UNKNOWN,Street,27.94411529470355,False,BRONX,"(40.8842597, -73.8380397)",trafficstat,False,False,False,False,False,False,False,False,False,,,,,,,
2026-07-19,00:00,40.8868982,-73.8451801,229 DR N,10466,47,OTHER,Street,144.3064053251728,False,BRONX,"(40.8868982, -73.8451801)",trafficstat,False,False,False,False,False,False,False,False,False,,,,,,,
2026-07-19,00:00,40.8786657,-73.8653068,WHITE PLAINS RD,10467,47,OTHER,Street,47.49245474884206,False,BRONX,"(40.8786657, -73.8653068)",trafficstat,False,False,False,False,False,False,False,False,False,,,,,,,
2026-07-18,00:00,40.8675537,-73.840645,MICKLE AVE,10469,47,UNKNOWN,Street,0.07796757874684103,False,BRONX,"(40.8675537, -73.840645)",trafficstat,True,False,False,False,False,True,False,False,False,,,,,,,
2026-07-18,00:00,40.8987802,-73.8675836,KATONAH AVE,10470,47,UNKNOWN,Street,46.120616093071185,False,BRONX,"(40.8987802, -73.8675836)",trafficstat,False,False,False,False,False,False,False,False,False,,,,,,,
2026-07-18,00:00,40.9039244,-73.8492633,ST OUEN ST,10470,47,UNKNOWN,Street,44.95180879378975,False,BRONX,"(40.9039244, -73.8492633)",trafficstat,False,False,False,False,False,False,False,False,False,,,,,,,
2026-07-17,00:00,40.8889345,-73.8364345,SETON AVE,10466,47,UNKNOWN,Street,0.8493460557676004,False,BRONX,"(40.8889345, -73.8364345)",trafficstat,True,False,False,False,False,False,False,True,True,,,,,,,
2026-07-17,00:00,40.8924774,-73.8544922,BARNES AVE,10466,47,UNKNOWN,Street,1.5413976257564017,False,BRONX,"(40.8924774, -73.8544922)",trafficstat,False,False,False,False,False,False,False,False,False,,,,,,,
2026-07-17,00:00,40.8683199,-73.8331589,EDSON AVE,10475,47,UNKNOWN,Street,0.6974553534517389,False,BRONX,"(40.8683199, -73.8331589)",trafficstat,True,False,False,False,False,False,False,False,True,,,,,,,
2026-06-13,00:00,40.8683199,-73.8331589,EDSON AVE,10475,47,OTHER,Street,0.6974553534517389,False,BRONX,"(40.8683199, -73.8331589)",trafficstat,True,False,False,False,False,False,False,False,False,,,,,,,
2026-07-16,00:00,40.8759955,-73.8652912,HOLLAND AVE,10467,47,OTHER,Street,140.98571107075355,False,BRONX,"(40.8759955, -73.8652912)",trafficstat,False,False,False,False,False,False,False,False,False,,,,,,,
2026-07-16,00:00,40.8797004,-73.8357304,PALMER AVE,10475,47,UNKNOWN,Street,0.5534172748563908,False,BRONX,"(40.8797004, -73.8357304)",trafficstat,True,False,False,True,False,False,False,False,False,,,,,,,
2026-07-16,00:00,40.8859401,-73.8617169,E  222 ST,10467,47,UNKNOWN,Street,72.17673040542624,False,BRONX,"(40.8859401, -73.8617169)",trafficstat,True,False,False,True,False,False,False,False,False,,,,,,,
2026-07-16,00:00,40.8948111,-73.8618261,E  233 ST,10466,47,UNKNOWN,Street,2.868171698848234,False,BRONX,"(40.8948111, -73.8618261)",trafficstat,True,False,False,False,False,False,False,True,False,,,,,,,
2026-07-16,00:00,40.901927,-73.8664998,E  241 ST,10470,47,UNKNOWN,Street,31.901489906373058,False,BRONX,"(40.901927, -73.8664998)",trafficstat,False,False,False,False,False,False,False,False,False,,,,,,,
2026-07-15,00:00,40.8981036,-73.8680607,E  236 ST,10470,47,UNKNOWN,Street,35.266951672640275,False,BRONX,"(40.8981036, -73.8680607)",trafficstat,False,False,False,False,False,False,False,False,False,,,,,,,
2026-07-15,00:00,40.8830273,-73.8613691,E  219 ST,10467,47,UNKNOWN,Street,33.24964269019435,False,BRONX,"(40.8830273, -73.8613691)",trafficstat,True,False,True,False,False,False,False,False,False,,,,,,,
2026-07-15,00:00,40.8885794,-73.8281351,PROVOST AVE,10466,47,UNKNOWN,Street,1.4291064028060871,False,BRONX,"(40.8885794, -73.8281351)",trafficstat,False,False,False,False,False,False,False,False,False,,,,,,,
2026-07-15,00:00,40.8740089,-73.8490559,FISH AVE,10469,47,OTHER,Street,47.115367030069066,False,BRONX,"(40.8740089, -73.8490559)",trafficstat,False,False,False,False,False,False,False,False,False,,,,,,,
2026-07-15,00:00,40.8721031,-73.849876,BOUCK AVE,10469,47,UNKNOWN,Street,0.5598935284380406,False,BRONX,"(40.8721031, -73.849876)",trafficstat,False,False,False,False,False,False,False,False,False,,,,,,,
2026-06-14,00:00,40.8721031,-73.849876,BOUCK AVE,10469,47,OTHER,Street,0.5598935284380406,False,BRONX,"(40.8721031, -73.849876)",trafficstat,True,False,False,False,False,False,False,False,False,,,,,,,
2026-07-14,00:00,40.9011354,-73.8673362,E  240 ST,10470,47,UNKNOWN,Street,30.436883831543152,False,BRONX,"(40.9011354, -73.8673362)",trafficstat,False,False,False,False,False,False,False,False,False,,,,,,,
2026-07-14,00:00,40.9009882,-73.8678289,KATONAH AVE,10470,47,UNKNOWN,Street,0.5272651286454959,False,BRONX,"(40.9009882, -73.8678289)",trafficstat,True,False,False,True,False,False,False,False,False,,,,,,,
2026-07-13,00:00,40.8982731,-73.8673206,KATONAH AVE,10470,47,UNKNOWN,Street,0.15177934549063424,False,BRONX,"(40.8982731, -73.8673206)",trafficstat,True,False,True,False,False,False,False,False,False,,,,,,,
2026-07-13,00:00,40.9030436,-73.8495493,FURMAN AVE,10470,47,UNKNOWN,Street,2.2941281796721626,False,BRONX,"(40.9030436, -73.8495493)",trafficstat,True,False,False,False,True,False,False,False,False,,,,,,,
2026-07-13,00:00,40.8732835,-73.8703753,BRONX BLVD,10467,47,UNKNOWN,Street,0.9907342652475944,False,BRONX,"(40.8732835, -73.8703753)",trafficstat,False,False,False,False,False,False,False,False,False,,,,,,,
2026-07-04,00:00,40.8732835,-73.8703753,BRONX BLVD,10467,47,OTHER,Street,0.9907342652475944,False,BRONX,"(40.8732835, -73.8703753)",trafficstat,True,False,True,False,False,False,False,False,False,,,,,,,
2026-07-13,00:00,40.8828114,-73.8339161,BIVONA ST,10475,47,UNKNOWN,Street,201.37426530133374,False,BRONX,"(40.8828114, -73.8339161)",trafficstat,False,False,False,False,False,False,False,False,False,,,,,,,
2026-07-13,00:00,40.8845729,-73.8380807,PALMER AVE,10466,47,OTHER,Street,52.70817558679365,False,BRONX,"(40.8845729, -73.8380807)",trafficstat,False,False,False,False,False,False,False,False,False,,,,,,,
2026-07-12,00:00,40.8847783,-73.858762,BARNES AVE,10467,47,OTHER,Street,1.0513022871657454,False,BRONX,"(40.8847783, -73.858762)",trafficstat,True,False,False,True,False,False,False,False,False,,,,,,,
2026-07-12,00:00,40.8805391,-73.8670895,OLINVILLE AVE,10467,47,UNKNOWN,Street,43.09148873786419,False,BRONX,"(40.8805391, -73.8670895)",trafficstat,False,False,False,False,False,False,False,False,False,,,,,,,
2026-07-12,00:00,40.8831732,-73.855999,E  221 ST,10469,47,UNKNOWN,Street,33.360201465803186,False,BRONX,"(40.8831732, -73.855999)",trafficstat,False,False,False,False,False,False,False,False,False,,,,,,,
2026-07-12,00:00,40.8934114,-73.857362,WHITE PLAINS RD,10466,47,UNKNOWN,Street,1.7167835697024378,False,BRONX,"(40.8934114, -73.857362)",trafficstat,True,False,False,False,False,False,False,False,True,,,,,,,
2026-06-27,00:00,40.8934114,-73.857362,WHITE PLAINS RD,10466,47,OTHER,Street,1.7167835697024378,False,BRONX,"(40.8934114, -73.857362)",trafficstat,True,False,False,False,False,False,False,False,True,,,,,,,
2026-06-16,00:00,40.8934114,-73.857362,WHITE PLAINS RD,10466,47,OTHER,Street,1.7167835697024378,False,BRONX,"(40.8934114, -73.857362)",trafficstat,True,False,False,False,False,False,False,False,True,,,,,,,
2026-07-12,00:00,40.870567,-73.839066,GUNTHER AVE,10469,47,UNKNOWN,Street,0.1937587844578851,False,BRONX,"(40.870567, -73.839066)",trafficstat,False,False,False,False,False,False,False,False,False,,,,,,,
2026-07-12,00:00,40.8789115,-73.8539144,E  217 ST,10469,47,UNKNOWN,Street,62.46258446250697,False,BRONX,"(40.8789115, -73.8539144)",trafficstat,False,False,False,False,False,False,False,False,False,,,,,,,
2026-07-11,00:00,40.8792419,-73.865348,E  213 ST,10467,47,OTHER,Street,2.010540820780166,False,BRONX,"(40.8792419, -73.865348)",trafficstat,False,False,False,False,False,False,False,False,False,,,,,,,
2026-07-11,00:00,40.8929815,-73.859008,E  232 ST,10466,47,UNKNOWN,Street,61.95436641422394,False,BRONX,"(40.8929815, -73.859008)",trafficstat,False,False,False,False,False,False,False,False,False,,,,,,,
2026-07-11,00:00,40.9001347,-73.8586281,BULLARD AVE,10466,47,UNKNOWN,Street,1.5239131645011437,False,BRONX,"(40.9001347, -73.8586281)",trafficstat,False,False,False,False,False,False,False,False,False,,,,,,,
2026-07-10,00:00,40.9005143,-73.8410923,NEREID AVE,10466,47,UNKNOWN,Street,57.73758573914085,False,BRONX,"(40.9005143, -73.8410923)",trafficstat,True,False,True,False,False,False,False,False,False,,,,,,,
2026-07-09,00:00,40.8854805,-73.8583736,BARNES AVE,10466,47,UNKNOWN,Street,1.513166292446013,False,BRONX,"(40.8854805, -73.8583736)",trafficstat,False,False,False,False,False,False,False,False,False,,,,,,,
2026-07-09,00:00,40.88503,-73.84315,SCHIEFFELIN AVE,10466,47,UNKNOWN,Street,1.8373545614710878,False,BRONX,"(40.88503, -73.84315)",trafficstat,True,False,True,False,False,False,False,False,False,,,,,,,
2026-07-09,00:00,40.87593,-73.8362957,E  222 ST,10469,47,UNKNOWN,Street,80.3239282624955,False,BRONX,"(40.87593, -73.8362957)",trafficstat,False,False,False,False,False,False,False,False,False,,,,,,,
2026-07-08,00:00,40.8954679,-73.8771212,E  233 ST,10470,47,UNKNOWN,Street,3.270930532942217,False,BRONX,"(40.8954679, -73.8771212)",trafficstat,False,False,False,False,False,False,False,False,False,,,,,,,
2026-06-28,00:00,40.8954679,-73.8771212,E  233 ST,10470,47,UNKNOWN,Street,3.270930532942217,False,BRONX,"(40.8954679, -73.8771212)",trafficstat,False,False,False,False,False,False,False,False,False,,,,,,,
2026-07-07,00:00,40.8967482,-73.8707409,E  233 ST,10470,47,UNKNOWN,Street,53.47548906524709,False,BRONX,"(40.8967482, -73.8707409)",trafficstat,False,False,False,False,False,False,False,False,False,,,,,,,
2026-07-06,00:00,40.89664,-73.87048,E  233 ST,10470,47,UNKNOWN,Street,2.7147617860749667,False,BRONX,"(40.89664, -73.87048)",trafficstat,False,False,False,False,False,False,False,False,False,,,,,,,
2026-07-06,00:00,40.9038913,-73.8513815,RICHARDSON AVE,10470,47,UNKNOWN,Street,2.0980623539392527,False,BRONX,"(40.9038913, -73.8513815)",trafficstat,True,False,True,False,False,False,False,False,False,,,,,,,
2026-07-06,00:00,40.8965045,-73.8554417,WHITE PLAINS RD,10466,47,OTHER,Street,57.199650355745476,False,BRONX,"(40.8965045, -73.8554417)",trafficstat,False,False,False,False,False,False,False,False,False,,,,,,,
2026-07-06,00:00,40.8878178,-73.8310087,DYRE AVE,10466,47,OTHER,Street,1.7679134212712264,False,BRONX,"(40.8878178, -73.8310087)",trafficstat,True,False,False,False,False,False,False,True,False,,,,,,,
2026-07-06,00:00,40.8941684,-73.8569553,WHITE PLAINS RD,10466,47,OTHER,Street,1.6280223936689966,False,BRONX,"(40.8941684, -73.8569553)",trafficstat,True,False,True,False,False,False,False,False,False,,,,,,,
2026-07-06,00:00,40.8857044,-73.8200284,NEW ENGLAND TRWY,10475,47,OTHER,Highway,4.531411617640931,False,BRONX,"(40.8857044, -73.8200284)",trafficstat,True,False,False,False,False,False,False,False,True,,,,,,,
2026-07-05,00:00,40.8787794,-73.8529383,LACONIA AVE,10469,47,UNKNOWN,Street,2.0284050678559153,False,BRONX,"(40.8787794, -73.8529383)",trafficstat,True,False,False,False,False,False,False,True,True,,,,,,,
2026-07-05,00:00,40.8828987,-73.8629676,E  218 ST,10467,47,UNKNOWN,Street,27.5245774940731,False,BRONX,"(40.8828987, -73.8629676)",trafficstat,False,False,False,False,False,False,False,False,False,,,,,,,
2026-07-05,00:00,40.8812663,-73.8387425,BAYCHESTER AVE,10469,47,OTHER,Street,0.7558637180047372,False,BRONX,"(40.8812663, -73.8387425)",trafficstat,True,False,False,False,False,False,False,False,True,,,,,,,
2026-06-17,00:00,40.8812663,-73.8387425,BAYCHESTER AVE,10469,47,UNKNOWN,Street,0.7558637180047372,False,BRONX,"(40.8812663, -73.8387425)",trafficstat,True,False,False,False,False,False,False,False,True,,,,,,,
2026-07-04,00:00,40.8894266,-73.8597912,WHITE PLAINS RD,10466,47,UNKNOWN,Street,54.43640245922416,False,BRONX,"(40.8894266, -73.8597912)",trafficstat,True,False,False,True,False,False,False,False,False,,,,,,,
2026-07-04,00:00,40.8981163,-73.8512244,BARNES AVE,10466,47,UNKNOWN,Street,1.5449366657958112,False,BRONX,"(40.8981163, -73.8512244)",trafficstat,False,False,False,False,False,False,False,False,False,,,,,,,
2026-07-03,00:00,40.8916608,-73.8645286,BRONX RIVER PKWY,10467,47,UNKNOWN,Highway,0.1610396447687419,False,BRONX,"(40.8916608, -73.8645286)",trafficstat,False,False,False,False,False,False,False,False,False,,,,,,,
2026-07-03,00:00,40.8969569,-73.8629201,WEBSTER AVE,10470,47,UNKNOWN,Street,44.86784794634341,False,BRONX,"(40.8969569, -73.8629201)",trafficstat,True,False,True,False,False,False,False,False,False,,,,,,,
2026-07-03,00:00,40.8883706,-73.8599124,E  226 ST,10466,47,UNKNOWN,Street,32.07414349964463,False,BRONX,"(40.8883706, -73.8599124)",trafficstat,False,False,False,False,False,False,False,False,False,,,,,,,
2026-07-03,00:00,40.8896795,-73.8205913,BOSTON RD,10475,47,UNKNOWN,Street,13.762563458893444,False,BRONX,"(40.8896795, -73.8205913)",trafficstat,True,False,True,False,False,False,False,False,False,,,,,,,
2026-07-03,00:00,40.8897926,-73.8628883,CARPENTER AVE,10466,47,UNKNOWN,Street,35.03012380823309,False,BRONX,"(40.8897926, -73.8628883)",trafficstat,False,False,False,False,False,False,False,False,False,,,,,,,
2026-07-03,00:00,40.8906475,-73.8487419,PAULDING AVE,10466,47,OTHER,Street,1.4203216378108177,False,BRONX,"(40.8906475, -73.8487419)",trafficstat,False,False,False,False,False,False,False,False,False,,,,,,,
2026-07-02,00:00,40.8976444,-73.8547595,WHITE PLAINS RD,10466,47,UNKNOWN,Street,43.941079031479,False,BRONX,"(40.8976444, -73.8547595)",trafficstat,False,False,False,False,False,False,False,False,False,,,,,,,
2026-07-02,00:00,40.8935265,-73.8617423,BRONX BLVD,10466,47,OTHER,Street,4.585978917760778,False,BRONX,"(40.8935265, -73.8617423)",trafficstat,True,False,False,False,False,False,False,False,True,,,,,,,
2026-07-02,00:00,40.8849194,-73.84882,LACONIA AVE,10466,47,UNKNOWN,Street,1.8365775532650075,False,BRONX,"(40.8849194, -73.84882)",trafficstat,True,False,False,False,False,False,False,False,False,,,,,,,
2026-07-02,00:00,40.8721745,-73.863182,BARNES AVE,10467,47,OTHER,Street,0.9283964332134099,False,BRONX,"(40.8721745, -73.863182)",trafficstat,True,False,False,False,False,False,False,False,True,,,,,,,
2026-06-12,00:00,40.8721745,-73.863182,BARNES AVE,10467,47,OTHER,Street,0.9283964332134099,False,BRONX,"(40.8721745, -73.863182)",trafficstat,True,False,False,False,False,False,False,True,True,,,,,,,
2026-07-02,00:00,40.8736111,-73.8486613,FISH AVE,10469,47,UNKNOWN,Street,1.2108051633188979,False,BRONX,"(40.8736111, -73.8486613)",trafficstat,True,False,True,False,False,False,False,False,False,,,,,,,
2026-07-02,00:00,40.9048693,-73.8525129,CARPENTER AVE,10470,47,UNKNOWN,Street,47.43186550569417,False,BRONX,"(40.9048693, -73.8525129)",trafficstat,False,False,False,False,False,False,False,False,False,,,,,,,
2026-07-01,00:00,40.8869061,-73.8456933,229 DR N,10466,47,OTHER,Street,114.48463384518182,False,BRONX,"(40.8869061, -73.8456933)",trafficstat,False,False,False,False,False,False,False,False,False,,,,,,,
2026-07-01,00:00,40.8847192,-73.8538059,E  224 ST,10466,47,UNKNOWN,Street,48.84292339894472,False,BRONX,"(40.8847192, -73.8538059)",trafficstat,False,False,False,False,False,False,False,False,False,,,,,,,
2026-06-30,00:00,40.8765758,-73.8551631,E  213 ST,10469,47,UNKNOWN,Street,52.85681852264053,False,BRONX,"(40.8765758, -73.8551631)",trafficstat,True,False,False,False,False,False,False,False,True,,,,,,,
2026-06-30,00:00,40.870568,-73.8390685,GUNTHER AVE,10469,47,UNKNOWN,Street,0.7175380984301912,False,BRONX,"(40.870568, -73.8390685)",trafficstat,True,False,False,False,False,False,False,False,False,,,,,,,
2026-06-29,00:00,40.8849234,-73.8244137,NEW ENGLAND THRUWAY SB EXIT 13,10475,47,UNKNOWN,Ramp,0.6339721571084487,False,BRONX,"(40.8849234, -73.8244137)",trafficstat,True,False,False,False,False,False,False,True,False,,,,,,,
2026-06-29,00:00,40.8851957,-73.8275274,CONNER ST,10475,47,UNKNOWN,Street,65.27761446368483,False,BRONX,"(40.8851957, -73.8275274)",trafficstat,True,False,False,False,False,False,False,False,True,,,,,,,
2026-06-29,00:00,40.8778778,-73.8700965,BRONX RIVER PKWY,10467,47,UNKNOWN,Highway,3.8553323095499845,False,BRONX,"(40.8778778, -73.8700965)",trafficstat,True,False,False,False,False,False,False,False,True,,,,,,,
2026-06-25,00:00,40.8778778,-73.8700965,BRONX RIVER PKWY,10467,47,UNKNOWN,Highway,3.8553323095499845,False,BRONX,"(40.8778778, -73.8700965)",trafficstat,True,False,False,False,False,True,False,False,False,,,,,,,
2026-06-29,00:00,40.8861136,-73.8482467,LACONIA AVE,10466,47,UNKNOWN,Street,52.62363565224532,False,BRONX,"(40.8861136, -73.8482467)",trafficstat,False,False,False,False,False,False,False,False,False,,,,,,,
2026-06-29,00:00,40.8878023,-73.8604518,WHITE PLAINS RD,10466,47,UNKNOWN,Street,1.839934542816383,False,BRONX,"(40.8878023, -73.8604518)",trafficstat,True,True,True,False,False,False,False,False,False,,,,,,,
2026-06-29,00:00,40.8890251,-73.8481456,E  231 ST,10466,47,UNKNOWN,Street,50.617205571689915,False,BRONX,"(40.8890251, -73.8481456)",trafficstat,False,False,False,False,False,False,False,False,False,,,,,,,
2026-06-29,00:00,40.9018903,-73.8469306,HOXIE ST,10470,47,UNKNOWN,Street,47.651059390547275,False,BRONX,"(40.9018903, -73.8469306)",trafficstat,False,False,False,False,False,False,False,False,False,,,,,,,
2026-06-29,00:00,40.8993444,-73.8692938,E  238 ST,10470,47,UNKNOWN,Street,39.58430218514351,False,BRONX,"(40.8993444, -73.8692938)",trafficstat,False,False,False,False,False,False,False,False,False,,,,,,,
2026-06-29,00:00,40.9014598,-73.8626623,VIREO AVE,10470,47,UNKNOWN,Street,1.0819780239961054,False,BRONX,"(40.9014598, -73.8626623)",trafficstat,True,False,False,False,False,False,True,False,False,,,,,,,
2026-06-28,00:00,40.8933549,-73.8802895,JEROME AVE,10467,47,UNKNOWN,Street,27.374297076644442,False,BRONX,"(40.8933549, -73.8802895)",trafficstat,False,False,False,False,False,False,False,False,False,,,,,,,
2026-06-28,00:00,40.8852961,-73.8489437,LACONIA AVE,10466,47,OTHER,Street,90.2807468467629,False,BRONX,"(40.8852961, -73.8489437)",trafficstat,False,False,False,False,False,False,False,False,False,,,,,,,
2026-06-28,00:00,40.8718139,-73.8555498,LACONIA AVE,10469,47,OTHER,Street,0.2345353437167483,False,BRONX,"(40.8718139, -73.8555498)",trafficstat,True,False,False,True,False,False,False,False,False,,,,,,,
2026-06-27,00:00,40.8760916,-73.861839,E  GUN HILL RD,10467,47,OTHER,Street,55.4010818265662,False,BRONX,"(40.8760916, -73.861839)",trafficstat,True,False,False,False,False,False,False,False,False,,,,,,,
2026-06-27,00:00,40.8756006,-73.8526199,MSGR CAHILL PL,10469,47,OTHER,Street,1.8875866276477453,False,BRONX,"(40.8756006, -73.8526199)",trafficstat,True,False,True,False,False,False,False,False,False,,,,,,,
2026-06-27,00:00,40.8970695,-73.854109,FURMAN AVE,10466,47,UNKNOWN,Street,38.18380068890665,False,BRONX,"(40.8970695, -73.854109)",trafficstat,False,False,False,False,False,False,False,False,False,,,,,,,
2026-06-26,00:00,40.9002826,-73.8576945,BRONX BLVD,10470,47,UNKNOWN,Street,60.169098621763474,False,BRONX,"(40.9002826, -73.8576945)",trafficstat,False,False,False,False,False,False,False,False,False,,,,,,,
2026-06-26,00:00,40.8702657,-73.8611592,BRONXWOOD AVE,10469,47,OTHER,Street,70.5887696910309,False,BRONX,"(40.8702657, -73.8611592)",trafficstat,True,False,False,True,False,False,False,False,False,,,,,,,
2026-06-26,00:00,40.8737593,-73.8545321,E  GUN HILL RD,10469,47,OTHER,Street,54.65354388203528,False,BRONX,"(40.8737593, -73.8545321)",trafficstat,True,False,False,True,False,False,False,False,False,,,,,,,
2026-06-26,00:00,40.8911127,-73.8630381,BRONX BLVD,10466,47,UNKNOWN,Street,1.5485680610451686,False,BRONX,"(40.8911127, -73.8630381)",trafficstat,False,False,False,False,False,False,False,False,False,,,,,,,
2026-06-25,00:00,40.9009574,-73.8513527,FURMAN AVE,10470,47,OTHER,Street,35.20026891993259,False,BRONX,"(40.9009574, -73.8513527)",trafficstat,False,False,False,False,False,False,False,False,False,,,,,,,
2026-06-24,00:00,40.8901351,-73.8625555,CARPENTER AVE,10466,47,UNKNOWN,Street,1.159516746631088,False,BRONX,"(40.8901351, -73.8625555)",trafficstat,False,False,False,False,False,False,False,False,False,,,,,,,
2026-06-24,00:00,40.8857246,-73.8587988,E  223 ST,10466,47,OTHER,Street,33.64058750714672,False,BRONX,"(40.8857246, -73.8587988)",trafficstat,False,False,False,False,False,False,False,False,False,,,,,,,
2026-06-24,00:00,40.8946624,-73.8613598,BRONX BLVD,10466,47,UNKNOWN,Street,0.9433127550205795,False,BRONX,"(40.8946624, -73.8613598)",trafficstat,False,False,False,False,False,False,False,False,False,,,,,,,
2026-06-16,00:00,40.8946624,-73.8613598,BRONX BLVD,10466,47,UNKNOWN,Street,0.9433127550205795,False,BRONX,"(40.8946624, -73.8613598)",trafficstat,False,False,False,False,False,False,False,False,False,,,,,,,
2026-06-24,00:00,40.8865596,-73.8301837,ROMBOUTS AVE,10466,47,UNKNOWN,Street,0.5613398615034829,False,BRONX,"(40.8865596, -73.8301837)",trafficstat,False,False,False,False,False,False,False,False,False,,,,,,,
2026-06-24,00:00,40.8892231,-73.8596821,WHITE PLAINS RD,10466,47,UNKNOWN,Street,1.7996928556715637,False,BRONX,"(40.8892231, -73.8596821)",trafficstat,True,False,False,False,False,False,False,True,False,,,,,,,
2026-06-24,00:00,40.8855144,-73.8269203,NOELL AVE,10475,47,OTHER,Street,110.87330287649621,False,BRONX,"(40.8855144, -73.8269203)",trafficstat,False,False,False,False,False,False,False,False,False,,,,,,,
2026-06-23,00:00,40.8852522,-73.8553952,E  224 ST,10466,47,UNKNOWN,Street,40.288281162758985,False,BRONX,"(40.8852522, -73.8553952)",trafficstat,False,False,False,False,False,False,False,False,False,,,,,,,
2026-06-22,00:00,40.8724788,-73.8640548,N  OAK DR,10467,47,UNKNOWN,Street,30.945715597529116,False,BRONX,"(40.8724788, -73.8640548)",trafficstat,True,False,False,False,False,False,False,False,False,,,,,,,
2026-06-21,00:00,40.8861171,-73.8270696,BOSTON RD,10475,47,OTHER,Street,47.838325368070905,False,BRONX,"(40.8861171, -73.8270696)",trafficstat,True,False,False,False,False,False,False,False,False,,,,,,,
2026-06-21,00:00,40.8837302,-73.8630021,E  219 ST,10467,47,UNKNOWN,Street,28.831679058266808,False,BRONX,"(40.8837302, -73.8630021)",trafficstat,False,False,False,False,False,False,False,False,False,,,,,,,
2026-06-20,00:00,40.8673023,-73.8334179,EDSON AVE,10475,47,UNKNOWN,Street,216.18487028180328,False,BRONX,"(40.8673023, -73.8334179)",trafficstat,False,False,False,False,False,False,False,False,False,,,,,,,
2026-06-20,00:00,40.8707715,-73.8605119,RADCLIFF AVE,10469,47,UNKNOWN,Street,35.03163987239889,False,BRONX,"(40.8707715, -73.8605119)",trafficstat,False,False,False,False,False,False,False,False,False,,,,,,,
2026-06-20,00:00,40.8835565,-73.8497345,EASTCHESTER RD,10466,47,OTHER,Street,0.9162243828266409,False,BRONX,"(40.8835565, -73.8497345)",trafficstat,False,False,False,False,False,False,False,False,False,,,,,,,
2026-06-19,00:00,40.8831532,-73.8562774,BRONXWOOD AVE,10469,47,OTHER,Street,1.3248934259060363,False,BRONX,"(40.8831532, -73.8562774)",trafficstat,False,False,False,False,False,False,False,False,False,,,,,,,
2026-06-19,00:00,40.882843,-73.8288506,NEW ENGLAND TRWY,10475,47,UNKNOWN,Street,32.886303358236056,False,BRONX,"(40.882843, -73.8288506)",trafficstat,False,False,False,False,False,False,False,False,False,,,,,,,
2026-06-19,00:00,40.8845481,-73.832337,BOSTON RD,10466,47,OTHER,Street,3.423824625753725,False,BRONX,"(40.8845481, -73.832337)",trafficstat,True,False,True,False,False,False,False,False,False,,,,,,,
2026-06-19,00:00,40.893646,-73.85064,BOYD AVE,10466,47,UNKNOWN,Street,0.8651049761477687,False,BRONX,"(40.893646, -73.85064)",trafficstat,True,False,False,False,False,False,False,False,True,,,,,,,
2026-06-18,00:00,40.8829926,-73.8326654,BIVONA ST,10475,47,UNKNOWN,Street,150.1731361462882,False,BRONX,"(40.8829926, -73.8326654)",trafficstat,False,False,False,False,False,False,False,False,False,,,,,,,