crash_date,crash_time,latitude,longitude,on_street_name,zip_code,precinct,collision_type,roadway_type,geocode_dist_feet,time_is_known,borough,location,source,injury,fatality,injured_pedestrian,injured_cyclist,injured_ebike_rider,injured_motorcyclist,injured_moped_rider,injured_car_occupant,injured_suv_occupant,number_of_persons_injured,number_of_persons_killed,contributing_factor_vehicle_1,collision_id,cross_street_name,off_street_name,vehicle_type_code1
2026-06-18,00:00,40.8762526,-73.8662777,WHITE PLAINS RD,10467,47,UNKNOWN,Street,139.0224724472739,False,BRONX,"(40.8762526, -73.8662777)",trafficstat,False,False,False,False,False,False,False,False,False,,,,,,,
2026-06-18,00:00,40.902341,-73.8549134,CARPENTER AVE,10470,47,UNKNOWN,Street,40.43295926236653,False,BRONX,"(40.902341, -73.8549134)",trafficstat,False,False,False,False,False,False,False,False,False,,,,,,,
2026-06-17,00:00,40.8773806,-73.8643511,HOLLAND AVE,10467,47,UNKNOWN,Street,36.34246469560256,False,BRONX,"(40.8773806, -73.8643511)",trafficstat,False,False,False,False,False,False,False,False,False,,,,,,,
2026-06-17,00:00,40.8879425,-73.8526927,E  228 ST,10466,47,OTHER,Street,37.74678950295464,False,BRONX,"(40.8879425, -73.8526927)",trafficstat,True,False,True,False,False,False,False,False,False,,,,,,,
2026-06-17,00:00,40.8885127,-73.8600814,WHITE PLAINS RD,10466,47,UNKNOWN,Street,1.0045094272398851,False,BRONX,"(40.8885127, -73.8600814)",trafficstat,True,False,False,False,False,True,False,False,False,,,,,,,
2026-06-16,00:00,40.8895213,-73.8583209,E  228 ST,10466,47,OTHER,Street,33.56508526324582,False,BRONX,"(40.8895213, -73.8583209)",trafficstat,False,False,False,False,False,False,False,False,False,,,,,,,
2026-06-16,00:00,40.8773804,-73.8618538,BARNES AVE,10467,47,UNKNOWN,Street,57.61984724725321,False,BRONX,"(40.8773804, -73.8618538)",trafficstat,True,False,False,False,False,False,False,True,False,,,,,,,
2026-06-16,00:00,40.88125,-73.8607,BARNES AVE,10467,47,UNKNOWN,Street,1.6866884152821837,False,BRONX,"(40.88125, -73.8607)",trafficstat,True,False,False,True,False,False,False,False,False,,,,,,,
2026-06-15,00:00,40.89063,-73.85891,WHITE PLAINS RD,10466,47,UNKNOWN,Street,1.1974537375042877,False,BRONX,"(40.89063, -73.85891)",trafficstat,True,False,True,False,False,False,False,False,False,,,,,,,
2026-06-15,00:00,40.8965616,-73.8764159,VAN CORTLANDT PARK E,10470,47,UNKNOWN,Street,55.953005740679345,False,BRONX,"(40.8965616, -73.8764159)",trafficstat,True,False,True,False,False,False,False,False,False,,,,,,,
2026-06-15,00:00,40.8860434,-73.8405764,BAYCHESTER AVE,10466,47,UNKNOWN,Street,115.85167351308164,False,BRONX,"(40.8860434, -73.8405764)",trafficstat,False,False,False,False,False,False,False,False,False,,,,,,,
2026-06-14,00:00,40.8868854,-73.8578707,E  225 ST,10466,47,OTHER,Street,34.73801110953359,False,BRONX,"(40.8868854, -73.8578707)",trafficstat,False,False,False,False,False,False,False,False,False,,,,,,,
2026-06-14,00:00,40.881155,-73.8444596,E  224 ST,10466,47,UNKNOWN,Street,53.459957963900116,False,BRONX,"(40.881155, -73.8444596)",trafficstat,False,False,False,False,False,False,False,False,False,,,,,,,
2026-06-14,00:00,40.874987,-73.8514316,BOUCK AVE,10469,47,OTHER,Street,0.6304648897320274,False,BRONX,"(40.874987, -73.8514316)",trafficstat,True,False,False,False,False,False,False,True,False,,,,,,,
2026-06-14,00:00,40.8987016,-73.8494568,BRUNER AVE,10466,47,UNKNOWN,Street,62.80742352140513,False,BRONX,"(40.8987016, -73.8494568)",trafficstat,False,False,False,False,False,False,False,False,False,,,,,,,
2026-06-14,00:00,40.8978764,-73.8574002,E  237 ST,10466,47,UNKNOWN,Street,67.25492494523017,False,BRONX,"(40.8978764, -73.8574002)",trafficstat,False,False,False,False,False,False,False,False,False,,,,,,,
2026-06-14,00:00,40.8985873,-73.8708504,KEPLER AVE,10470,47,OTHER,Street,0.31027861303195015,False,BRONX,"(40.8985873, -73.8708504)",trafficstat,True,False,False,False,False,False,False,False,True,,,,,,,
2026-06-14,00:00,40.9052162,-73.8536843,E  241 ST,10470,47,UNKNOWN,Street,37.278140218838104,False,BRONX,"(40.9052162, -73.8536843)",trafficstat,False,False,False,False,False,False,False,False,False,,,,,,,
2026-06-13,00:00,40.8988764,-73.8553861,RICHARDSON AVE,10466,47,UNKNOWN,Street,1.7944786221624567,False,BRONX,"(40.8988764, -73.8553861)",trafficstat,False,False,False,False,False,False,False,False,False,,,,,,,
2026-06-13,00:00,40.8791097,-73.8432426,BOSTON RD,10469,47,OTHER,Street,1.985200717264643,False,BRONX,"(40.8791097, -73.8432426)",trafficstat,True,False,False,False,True,False,False,False,False,,,,,,,
2026-06-13,00:00,40.8860905,-73.8332568,HARPER AVE,10466,47,UNKNOWN,Street,49.62226007762171,False,BRONX,"(40.8860905, -73.8332568)",trafficstat,True,False,True,False,False,False,False,False,False,,,,,,,
2026-06-12,00:00,40.8854417,-73.8280432,CONNER ST,10475,47,OTHER,Street,133.3022592359979,False,BRONX,"(40.8854417, -73.8280432)",trafficstat,False,False,False,False,False,False,False,False,False,,,,,,,
2026-06-12,00:00,40.8945899,-73.8605895,E  233 ST,10466,47,UNKNOWN,Street,38.55328211450227,False,BRONX,"(40.8945899, -73.8605895)",trafficstat,True,False,False,True,False,False,False,False,False,,,,,,,
2026-09-12,00:00,40.8588491,-73.8859518,HOFFMAN ST,10458,48,UNKNOWN,Street,2.1194967924286416,False,BRONX,"(40.8588491, -73.8859518)",trafficstat,True,False,False,False,False,False,False,False,True,,,,,,,
2026-09-11,00:00,40.8453096,-73.8922559,BELMONT AVE,10457,48,UNKNOWN,Street,46.44328517324446,False,BRONX,"(40.8453096, -73.8922559)",trafficstat,False,False,False,False,False,False,False,False,False,,,,,,,
2026-09-10,00:00,40.8603807,-73.8888847,E  FORDHAM RD,10458,48,UNKNOWN,Street,1.8942258338903213,False,BRONX,"(40.8603807, -73.8888847)",trafficstat,False,False,False,False,False,False,False,False,False,,,,,,,
2026-09-05,00:00,40.8603807,-73.8888847,E  FORDHAM RD,10458,48,UNKNOWN,Street,1.8942258338903213,False,BRONX,"(40.8603807, -73.8888847)",trafficstat,False,False,False,False,False,False,False,False,False,,,,,,,
2026-07-19,00:00,40.8603807,-73.8888847,E  FORDHAM RD,10458,48,UNKNOWN,Street,1.8942258338903213,False,BRONX,"(40.8603807, -73.8888847)",trafficstat,False,False,False,False,False,False,False,False,False,,,,,,,
2026-06-13,00:00,40.8603807,-73.8888847,E  FORDHAM RD,10458,48,OTHER,Street,1.8942258338903213,False,BRONX,"(40.8603807, -73.8888847)",trafficstat,False,False,False,False,False,False,False,False,False,,,,,,,
2026-09-09,00:00,40.8533471,-73.8816669,SOUTHERN BLVD,10460,48,UNKNOWN,Street,1.26508249551435,False,BRONX,"(40.8533471, -73.8816669)",trafficstat,True,False,False,False,False,False,False,False,True,,,,,,,
2026-06-24,00:00,40.8533471,-73.8816669,SOUTHERN BLVD,10460,48,UNKNOWN,Street,1.26508249551435,False,BRONX,"(40.8533471, -73.8816669)",trafficstat,True,False,False,True,False,False,False,False,False,,,,,,,
2026-09-09,00:00,40.8568746,-73.8877012,HOFFMAN ST,10458,48,UNKNOWN,Street,1.973711556923988,False,BRONX,"(40.8568746, -73.8877012)",trafficstat,False,False,False,False,False,False,False,False,False,,,,,,,
2026-09-09,00:00,40.8492418,-73.8996679,E  178 ST,10457,48,OTHER,Street,55.21654313035178,False,BRONX,"(40.8492418, -73.8996679)",trafficstat,True,False,False,True,False,False,False,False,False,,,,,,,
2026-09-09,00:00,40.8380173,-73.8732824,BRONX RIVER PKWY,10460,48,UNKNOWN,Highway,1.535842312987008,False,BRONX,"(40.8380173, -73.8732824)",trafficstat,False,False,False,False,False,False,False,False,False,,,,,,,
2026-07-29,00:00,40.8380173,-73.8732824,BRONX RIVER PKWY,10460,48,UNKNOWN,Highway,1.535842312987008,False,BRONX,"(40.8380173, -73.8732824)",trafficstat,False,False,False,False,False,False,False,False,False,,,,,,,
2026-07-20,00:00,40.8380173,-73.8732824,BRONX RIVER PKWY,10460,48,UNKNOWN,Highway,1.535842312987008,False,BRONX,"(40.8380173, -73.8732824)",trafficstat,True,False,False,False,False,False,False,True,False,,,,,,,
2026-06-15,00:00,40.8380173,-73.8732824,BRONX RIVER PKWY,10460,48,UNKNOWN,Highway,1.535842312987008,False,BRONX,"(40.8380173, -73.8732824)",trafficstat,True,False,False,False,False,False,False,True,False,,,,,,,
2026-09-08,00:00,40.847028,-73.8980623,WASHINGTON AVE,10457,48,UNKNOWN,Street,1.086211736053435,False,BRONX,"(40.847028, -73.8980623)",trafficstat,False,False,False,False,False,False,False,False,False,,,,,,,
2026-09-07,00:00,40.8403392,-73.8751898,BRONX PARK AVE,10460,48,UNKNOWN,Street,38.71227427249179,False,BRONX,"(40.8403392, -73.8751898)",trafficstat,False,False,False,False,False,False,False,False,False,,,,,,,
2026-09-07,00:00,40.8432651,-73.8921278,CROSS BRONX EXPY,10457,48,UNKNOWN,Highway,9.651286168643582,False,BRONX,"(40.8432651, -73.8921278)",trafficstat,False,False,False,False,False,False,False,False,False,,,,,,,
2026-09-06,00:00,40.8436848,-73.8948183,ARTHUR AVE,10457,48,UNKNOWN,Street,1.8853049048196442,False,BRONX,"(40.8436848, -73.8948183)",trafficstat,True,False,False,False,False,False,False,True,False,,,,,,,
2026-08-07,00:00,40.8436848,-73.8948183,ARTHUR AVE,10457,48,UNKNOWN,Street,1.8853049048196442,False,BRONX,"(40.8436848, -73.8948183)",trafficstat,True,False,False,False,False,False,False,True,False,,,,,,,
2026-09-05,00:00,40.8453237,-73.8906671,E  TREMONT AVE,10457,48,UNKNOWN,Street,40.26865962423949,False,BRONX,"(40.8453237, -73.8906671)",trafficstat,True,False,False,False,False,False,True,False,False,,,,,,,
2026-09-05,00:00,40.8454105,-73.8911253,CROTONA AVE,10457,48,OTHER,Street,1.5428738536497923,False,BRONX,"(40.8454105, -73.8911253)",trafficstat,True,False,False,False,False,False,False,False,False,,,,,,,
2026-08-09,00:00,40.8454105,-73.8911253,CROTONA AVE,10457,48,OTHER,Street,1.5428738536497923,False,BRONX,"(40.8454105, -73.8911253)",trafficstat,False,False,False,False,False,False,False,False,False,,,,,,,
2026-09-05,00:00,40.8465956,-73.8946134,E  TREMONT AVE,10457,48,UNKNOWN,Street,33.55811932912777,False,BRONX,"(40.8465956, -73.8946134)",trafficstat,False,False,False,False,False,False,False,False,False,,,,,,,
2026-09-05,00:00,40.8427099,-73.8856614,SOUTHERN BLVD,10460,48,UNKNOWN,Street,0.42816201360090067,False,BRONX,"(40.8427099, -73.8856614)",trafficstat,True,False,False,True,False,False,False,False,False,,,,,,,
2026-08-20,00:00,40.8427099,-73.8856614,SOUTHERN BLVD,10460,48,OTHER,Street,0.42816201360090067,False,BRONX,"(40.8427099, -73.8856614)",trafficstat,True,False,True,False,False,False,False,False,False,,,,,,,
2026-08-01,00:00,40.8427099,-73.8856614,SOUTHERN BLVD,10460,48,UNKNOWN,Street,0.42816201360090067,False,BRONX,"(40.8427099, -73.8856614)",trafficstat,True,False,False,False,False,False,True,False,False,,,,,,,
2026-07-19,00:00,40.8427099,-73.8856614,SOUTHERN BLVD,10460,48,UNKNOWN,Street,0.42816201360090067,False,BRONX,"(40.8427099, -73.8856614)",trafficstat,True,False,False,False,False,False,False,True,False,,,,,,,
2026-09-05,00:00,40.8428313,-73.8932132,E  175 ST,10457,48,UNKNOWN,Street,33.4120840478833,False,BRONX,"(40.8428313, -73.8932132)",trafficstat,False,False,False,False,False,False,False,False,False,,,,,,,
2026-07-04,00:00,40.8428313,-73.8932132,E  175 ST,10457,48,UNKNOWN,Street,33.4120840478833,False,BRONX,"(40.8428313, -73.8932132)",trafficstat,False,False,False,False,False,False,False,False,False,,,,,,,
2026-09-05,00:00,40.8431033,-73.8781578,BOSTON RD,10460,48,UNKNOWN,Street,68.21625499926841,False,BRONX,"(40.8431033, -73.8781578)",trafficstat,False,False,False,False,False,False,False,False,False,,,,,,,
2026-09-05,00:00,40.8575247,-73.8817896,CROTONA AVE,10458,48,UNKNOWN,Bridge,1.7762597587238667,False,BRONX,"(40.8575247, -73.8817896)",trafficstat,False,False,False,False,False,False,False,False,False,,,,,,,
2026-08-31,00:00,40.8575247,-73.8817896,CROTONA AVE,10458,48,UNKNOWN,Bridge,1.7762597587238667,False,BRONX,"(40.8575247, -73.8817896)",trafficstat,True,False,False,True,False,False,False,False,False,,,,,,,
2026-09-04,00:00,40.8555543,-73.8875661,ARTHUR AVE,10458,48,OTHER,Street,2.4378118127840036,False,BRONX,"(40.8555543, -73.8875661)",trafficstat,False,False,False,False,False,False,False,False,False,,,,,,,
2026-09-04,00:00,40.8470805,-73.8866949,E  180 ST,10460,48,UNKNOWN,Street,2.441871445408086,False,BRONX,"(40.8470805, -73.8866949)",trafficstat,False,False,False,False,False,False,False,False,False,,,,,,,
2026-08-26,00:00,40.8470805,-73.8866949,E  180 ST,10460,48,UNKNOWN,Street,2.441871445408086,False,BRONX,"(40.8470805, -73.8866949)",trafficstat,True,False,False,True,False,False,False,False,False,,,,,,,
2026-06-27,00:00,40.8470805,-73.8866949,E  180 ST,10460,48,UNKNOWN,Street,2.441871445408086,False,BRONX,"(40.8470805, -73.8866949)",trafficstat,True,False,False,True,False,False,False,False,False,,,,,,,
2026-09-03,00:00,40.8441784,-73.897427,3 AVE,10457,48,UNKNOWN,Street,1.238863694314287,False,BRONX,"(40.8441784, -73.897427)",trafficstat,False,False,False,False,False,False,False,False,False,,,,,,,
2026-07-06,00:00,40.8441784,-73.897427,3 AVE,10457,48,OTHER,Street,1.238863694314287,False,BRONX,"(40.8441784, -73.897427)",trafficstat,False,False,False,False,False,False,False,False,False,,,,,,,
2026-09-03,00:00,40.8379051,-73.8813742,CROSS BRONX EXPY,10460,48,UNKNOWN,Highway,3.5157695738074386,False,BRONX,"(40.8379051, -73.8813742)",trafficstat,False,False,False,False,False,False,False,False,False,,,,,,,
2026-07-24,00:00,40.8379051,-73.8813742,CROSS BRONX EXPY,10460,48,UNKNOWN,Highway,3.5157695738074386,False,BRONX,"(40.8379051, -73.8813742)",trafficstat,True,False,False,False,False,False,False,True,False,,,,,,,
2026-06-12,00:00,40.8379051,-73.8813742,CROSS BRONX EXPY,10460,48,UNKNOWN,Highway,3.5157695738074386,False,BRONX,"(40.8379051, -73.8813742)",trafficstat,False,False,False,False,False,False,False,False,False,,,,,,,
2026-09-03,00:00,40.8464867,-73.8943367,E  TREMONT AVE,10457,48,UNKNOWN,Street,3.007134622857556,False,BRONX,"(40.8464867, -73.8943367)",trafficstat,True,False,False,True,False,False,False,False,False,,,,,,,
2026-09-03,00:00,40.8448358,-73.8787251,BRONX PARK S,10460,48,UNKNOWN,Street,43.31472009562119,False,BRONX,"(40.8448358, -73.8787251)",trafficstat,True,False,False,False,False,False,False,False,True,,,,,,,
2026-07-17,00:00,40.8448358,-73.8787251,BRONX PARK S,10460,48,OTHER,Street,43.31472009562119,False,BRONX,"(40.8448358, -73.8787251)",trafficstat,False,False,False,False,False,False,False,False,False,,,,,,,
2026-09-01,00:00,40.8477002,-73.9009601,WEBSTER AVE,10457,48,UNKNOWN,Street,1.848905437785325,False,BRONX,"(40.8477002, -73.9009601)",trafficstat,False,False,False,False,False,False,False,False,False,,,,,,,
2026-08-23,00:00,40.8477002,-73.9009601,WEBSTER AVE,10457,48,UNKNOWN,Street,1.848905437785325,False,BRONX,"(40.8477002, -73.9009601)",trafficstat,False,False,False,False,False,False,False,False,False,,,,,,,
2026-09-01,00:00,40.8411869,-73.885964,SOUTHERN BLVD,10460,48,UNKNOWN,Street,0.9195665684071884,False,BRONX,"(40.8411869, -73.885964)",trafficstat,False,False,False,False,False,False,False,False,False,,,,,,,
2026-08-31,00:00,40.8366263,-73.8737657,BRONX RIVER PKWY,10460,48,UNKNOWN,Highway,0.1002061789135777,False,BRONX,"(40.8366263, -73.8737657)",trafficstat,False,False,False,False,False,False,False,False,False,,,,,,,
2026-08-05,00:00,40.8366263,-73.8737657,BRONX RIVER PKWY,10460,48,UNKNOWN,Highway,0.1002061789135777,False,BRONX,"(40.8366263, -73.8737657)",trafficstat,True,False,False,False,False,False,False,True,False,,,,,,,
2026-07-25,00:00,40.8366263,-73.8737657,BRONX RIVER PKWY,10460,48,UNKNOWN,Highway,0.1002061789135777,False,BRONX,"(40.8366263, -73.8737657)",trafficstat,True,False,False,False,False,False,False,True,False,,,,,,,
2026-08-31,00:00,40.8464045,-73.900368,PARK AVE,10457,48,UNKNOWN,Street,31.32750718155627,False,BRONX,"(40.8464045, -73.900368)",trafficstat,False,False,False,False,False,False,False,False,False,,,,,,,
2026-08-31,00:00,40.8465483,-73.8935078,E  TREMONT AVE,10457,48,OTHER,Street,40.30507910707366,False,BRONX,"(40.8465483, -73.8935078)",trafficstat,False,False,False,False,False,False,False,False,False,,,,,,,
2026-08-31,00:00,40.850914,-73.8941817,E  180 ST,10457,48,UNKNOWN,Street,41.292623287763384,False,BRONX,"(40.850914, -73.8941817)",trafficstat,False,False,False,False,False,False,False,False,False,,,,,,,
2026-08-31,00:00,40.8588705,-73.891125,3 AVE,10458,48,UNKNOWN,Street,0.1923404577205616,False,BRONX,"(40.8588705, -73.891125)",trafficstat,False,False,False,False,False,False,False,False,False,,,,,,,
2026-07-02,00:00,40.8588705,-73.891125,3 AVE,10458,48,UNKNOWN,Street,0.1923404577205616,False,BRONX,"(40.8588705, -73.891125)",trafficstat,False,False,False,False,False,False,False,False,False,,,,,,,
2026-08-30,00:00,40.8500687,-73.8828401,GROTE ST,10460,48,OTHER,Street,83.45349011452865,False,BRONX,"(40.8500687, -73.8828401)",trafficstat,True,False,False,False,False,False,False,False,True,,,,,,,
2026-08-30,00:00,40.8456956,-73.8809926,DALY AVE,10460,48,UNKNOWN,Street,33.436788349761464,False,BRONX,"(40.8456956, -73.8809926)",trafficstat,False,False,False,False,False,False,False,False,False,,,,,,,
2026-08-29,00:00,40.848755,-73.8986959,E  178 ST FOOTBRIDGE,10457,48,UNKNOWN,Bridge,2.7458308613493045,False,BRONX,"(40.848755, -73.8986959)",trafficstat,True,False,False,False,False,False,False,True,False,,,,,,,
2026-08-29,00:00,40.8493726,-73.8957527,BATHGATE AVE,10457,48,OTHER,Street,1.5197814549054134,False,BRONX,"(40.8493726, -73.8957527)",trafficstat,True,False,False,False,False,False,False,True,True,,,,,,,
2026-08-29,00:00,40.8561119,-73.8825187,CROTONA AVE,10458,48,UNKNOWN,Street,1.4227034266588692,False,BRONX,"(40.8561119, -73.8825187)",trafficstat,True,False,False,False,False,False,False,True,False,,,,,,,
2026-08-17,00:00,40.8561119,-73.8825187,CROTONA AVE,10458,48,UNKNOWN,Street,1.4227034266588692,False,BRONX,"(40.8561119, -73.8825187)",trafficstat,True,False,True,False,False,False,False,False,False,,,,,,,
2026-08-28,00:00,40.8545108,-73.8843869,BEAUMONT AVE,10458,48,UNKNOWN,Street,26.633628123656113,False,BRONX,"(40.8545108, -73.8843869)",trafficstat,True,False,False,False,False,False,False,True,False,,,,,,,
2026-08-28,00:00,40.8581915,-73.8843443,E  FORDHAM RD,10458,48,UNKNOWN,Street,0.46357969332126386,False,BRONX,"(40.8581915, -73.8843443)",trafficstat,False,False,False,False,False,False,False,False,False,,,,,,,
2026-08-26,00:00,40.8581915,-73.8843443,E  FORDHAM RD,10458,48,UNKNOWN,Street,0.46357969332126386,False,BRONX,"(40.8581915, -73.8843443)",trafficstat,True,False,False,False,False,False,False,True,False,,,,,,,
2026-07-22,00:00,40.8581915,-73.8843443,E  FORDHAM RD,10458,48,UNKNOWN,Street,0.46357969332126386,False,BRONX,"(40.8581915, -73.8843443)",trafficstat,False,False,False,False,False,False,False,False,False,,,,,,,
2026-08-28,00:00,40.8406125,-73.8899823,E  175 ST,10460,48,UNKNOWN,Street,56.67789767471054,False,BRONX,"(40.8406125, -73.8899823)",trafficstat,False,False,False,False,False,False,False,False,False,,,,,,,
2026-08-27,00:00,40.84265,-73.8919714,CLINTON AVE,10457,48,UNKNOWN,Street,42.09643372791674,False,BRONX,"(40.84265, -73.8919714)",trafficstat,False,False,False,False,False,False,False,False,False,,,,,,,
2026-08-26,00:00,40.8496051,-73.8863354,CLINTON AVE,10457,48,UNKNOWN,Street,54.23131431078456,False,BRONX,"(40.8496051, -73.8863354)",trafficstat,False,False,False,False,False,False,False,False,False,,,,,,,
2026-08-25,00:00,40.8510344,-73.8882388,BELMONT AVE,10457,48,UNKNOWN,Street,2.0198919044983707,False,BRONX,"(40.8510344, -73.8882388)",trafficstat,True,False,False,False,False,False,True,False,False,,,,,,,
2026-08-13,00:00,40.8510344,-73.8882388,BELMONT AVE,10457,48,OTHER,Street,2.0198919044983707,False,BRONX,"(40.8510344, -73.8882388)",trafficstat,True,False,True,False,False,False,False,False,False,,,,,,,
2026-08-24,00:00,40.8551047,-73.8894104,HOFFMAN ST,10458,48,UNKNOWN,Street,33.841870572153994,False,BRONX,"(40.8551047, -73.8894104)",trafficstat,True,False,False,True,False,False,False,False,False,,,,,,,
2026-08-22,00:00,40.8586742,-73.8859603,HOFFMAN ST,10458,48,UNKNOWN,Street,36.16748877424041,False,BRONX,"(40.8586742, -73.8859603)",trafficstat,False,False,False,False,False,False,False,False,False,,,,,,,
2026-08-22,00:00,40.8483905,-73.8932024,LAFONTAINE AVE,10457,48,UNKNOWN,Street,1.3482161970563062,False,BRONX,"(40.8483905, -73.8932024)",trafficstat,False,False,False,False,False,False,False,False,False,,,,,,,
2026-06-22,00:00,40.8483905,-73.8932024,LAFONTAINE AVE,10457,48,UNKNOWN,Street,1.3482161970563062,False,BRONX,"(40.8483905, -73.8932024)",trafficstat,False,False,False,False,False,False,False,False,False,,,,,,,
2026-08-21,00:00,40.8583039,-73.892778,E  187 ST,10458,48,UNKNOWN,Bridge,2.1308281630825703,False,BRONX,"(40.8583039, -73.892778)",trafficstat,False,False,False,False,False,False,False,False,False,,,,,,,
2026-07-01,00:00,40.8583039,-73.892778,E  187 ST,10458,48,OTHER,Bridge,2.1308281630825703,False,BRONX,"(40.8583039, -73.892778)",trafficstat,True,False,False,False,False,False,False,True,False,,,,,,,
2026-08-20,00:00,40.8523088,-73.8981049,WEBSTER AVE,10457,48,UNKNOWN,Street,1.470819881449537,False,BRONX,"(40.8523088, -73.8981049)",trafficstat,True,False,False,True,False,False,False,False,False,,,,,,,
2026-07-20,00:00,40.8523088,-73.8981049,WEBSTER AVE,10457,48,UNKNOWN,Street,1.470819881449537,False,BRONX,"(40.8523088, -73.8981049)",trafficstat,True,False,False,False,False,False,False,True,False,,,,,,,
2026-07-18,00:00,40.8523088,-73.8981049,WEBSTER AVE,10457,48,OTHER,Street,1.470819881449537,False,BRONX,"(40.8523088, -73.8981049)",trafficstat,True,False,True,False,False,False,False,False,False,,,,,,,
2026-08-20,00:00,40.847366,-73.8995,E  TREMONT AVE,10457,48,OTHER,Street,2.615034374407651,False,BRONX,"(40.847366, -73.8995)",trafficstat,True,False,False,True,False,False,False,False,False,,,,,,,
2026-08-20,00:00,40.8459859,-73.8844667,SOUTHERN BLVD,10460,48,OTHER,Street,1.7039553978761233,False,BRONX,"(40.8459859, -73.8844667)",trafficstat,False,False,False,False,False,False,False,False,False,,,,,,,
2026-08-20,00:00,40.8463643,-73.8928237,E  TREMONT AVE,10457,48,UNKNOWN,Street,38.589231801860535,False,BRONX,"(40.8463643, -73.8928237)",trafficstat,False,False,False,False,False,False,False,False,False,,,,,,,
2026-08-20,00:00,40.8434301,-73.8923841,CROSS BRONX EXPY,10457,48,UNKNOWN,Highway,1.1178411041630127,False,BRONX,"(40.8434301, -73.8923841)",trafficstat,False,False,False,False,False,False,False,False,False,,,,,,,
2026-08-19,00:00,40.8427106,-73.8859368,E  TREMONT AVE,10460,48,UNKNOWN,Street,44.19726263059299,False,BRONX,"(40.8427106, -73.8859368)",trafficstat,True,False,False,False,False,False,False,True,False,,,,,,,
2026-08-19,00:00,40.8441131,-73.8979996,CROSS BRONX EXPY,10457,48,UNKNOWN,Highway,5.573740728798322,False,BRONX,"(40.8441131, -73.8979996)",trafficstat,True,False,False,False,False,False,False,True,False,,,,,,,
2026-08-19,00:00,40.8536501,-73.8827327,PROSPECT AVE,10458,48,UNKNOWN,Street,1.5190138688639678,False,BRONX,"(40.8536501, -73.8827327)",trafficstat,True,False,False,False,False,False,False,True,False,,,,,,,
2026-08-18,00:00,40.8456419,-73.9000981,PARK AVE,10457,48,UNKNOWN,Street,35.320305527397736,False,BRONX,"(40.8456419, -73.9000981)",trafficstat,False,False,False,False,False,False,False,False,False,,,,,,,
2026-08-18,00:00,40.8541514,-73.8844597,BEAUMONT AVE,10458,48,UNKNOWN,Street,1.6391532154671584,False,BRONX,"(40.8541514, -73.8844597)",trafficstat,True,False,True,False,False,False,False,False,False,,,,,,,
2026-08-07,00:00,40.8541514,-73.8844597,BEAUMONT AVE,10458,48,UNKNOWN,Street,1.6391532154671584,False,BRONX,"(40.8541514, -73.8844597)",trafficstat,True,False,True,False,False,False,False,False,False,,,,,,,
2026-08-18,00:00,40.847565,-73.89473,MONTEREY AVE,10457,48,UNKNOWN,Street,1.6078699447746527,False,BRONX,"(40.847565, -73.89473)",trafficstat,True,False,False,False,False,False,False,False,True,,,,,,,
2026-08-18,00:00,40.8466585,-73.8961762,3 AVE,10457,48,UNKNOWN,Street,1.6318043221810754,False,BRONX,"(40.8466585, -73.8961762)",trafficstat,True,False,False,False,True,False,False,False,False,,,,,,,
2026-07-29,00:00,40.8466585,-73.8961762,3 AVE,10457,48,UNKNOWN,Street,1.6318043221810754,False,BRONX,"(40.8466585, -73.8961762)",trafficstat,True,False,False,True,False,False,False,False,False,,,,,,,
2026-07-26,00:00,40.8466585,-73.8961762,3 AVE,10457,48,OTHER,Street,1.6318043221810754,False,BRONX,"(40.8466585, -73.8961762)",trafficstat,True,False,True,False,False,False,False,False,False,,,,,,,
2026-08-18,00:00,40.8392969,-73.877538,WYATT ST,10460,48,OTHER,Street,37.39747186247346,False,BRONX,"(40.8392969, -73.877538)",trafficstat,False,False,False,False,False,False,False,False,False,,,,,,,
2026-08-17,00:00,40.83928,-73.8865998,SOUTHERN BLVD,10460,48,UNKNOWN,Street,0.9960093417304136,False,BRONX,"(40.83928, -73.8865998)",trafficstat,False,False,False,False,False,False,False,False,False,,,,,,,
2026-08-05,00:00,40.83928,-73.8865998,SOUTHERN BLVD,10460,48,UNKNOWN,Street,0.9960093417304136,False,BRONX,"(40.83928, -73.8865998)",trafficstat,True,False,False,False,True,False,False,False,False,,,,,,,
2026-08-17,00:00,40.8481338,-73.8888365,CROTONA AVE,10457,48,OTHER,Street,2.095356614320875,False,BRONX,"(40.8481338, -73.8888365)",trafficstat,True,False,False,True,False,False,False,False,False,,,,,,,
2026-06-19,00:00,40.8481338,-73.8888365,CROTONA AVE,10457,48,UNKNOWN,Street,2.095356614320875,False,BRONX,"(40.8481338, -73.8888365)",trafficstat,True,False,False,False,False,False,False,False,False,,,,,,,
2026-08-16,00:00,40.8511447,-73.89423,E  180 ST,10457,48,UNKNOWN,Street,103.33847244201026,False,BRONX,"(40.8511447, -73.89423)",trafficstat,True,False,True,False,False,False,False,False,False,,,,,,,
2026-08-16,00:00,40.8522881,-73.8904851,QUARRY RD,10457,48,UNKNOWN,Street,2.4840471149097434,False,BRONX,"(40.8522881, -73.8904851)",trafficstat,True,False,False,False,False,False,False,True,False,,,,,,,