crash_date,crash_time,latitude,longitude,on_street_name,zip_code,precinct,collision_type,roadway_type,geocode_dist_feet,time_is_known,borough,location,source,injury,fatality,injured_pedestrian,injured_cyclist,injured_ebike_rider,injured_motorcyclist,injured_moped_rider,injured_car_occupant,injured_suv_occupant,number_of_persons_injured,number_of_persons_killed,contributing_factor_vehicle_1,collision_id,cross_street_name,off_street_name,vehicle_type_code1
2026-08-16,00:00,40.855656,-73.8904912,3 AVE,10458,48,UNKNOWN,Street,56.02793955403365,False,BRONX,"(40.855656, -73.8904912)",trafficstat,False,False,False,False,False,False,False,False,False,,,,,,,
2026-08-15,00:00,40.8388459,-73.8781618,E  177 ST,10460,48,UNKNOWN,Street,2.918156523864167,False,BRONX,"(40.8388459, -73.8781618)",trafficstat,True,False,False,False,False,False,False,True,True,,,,,,,
2026-08-14,00:00,40.8426172,-73.8781766,BOSTON RD,10460,48,UNKNOWN,Street,1.3795855237433325,False,BRONX,"(40.8426172, -73.8781766)",trafficstat,True,False,True,False,False,False,False,False,False,,,,,,,
2026-08-14,00:00,40.8494676,-73.8915452,ARTHUR AVE,10457,48,UNKNOWN,Street,1.1455806081951319,False,BRONX,"(40.8494676, -73.8915452)",trafficstat,False,False,False,False,False,False,False,False,False,,,,,,,
2026-07-01,00:00,40.8494676,-73.8915452,ARTHUR AVE,10457,48,UNKNOWN,Street,1.1455806081951319,False,BRONX,"(40.8494676, -73.8915452)",trafficstat,True,False,False,False,False,False,False,False,False,,,,,,,
2026-08-13,00:00,40.8582479,-73.8850794,ARTHUR AVE,10458,48,OTHER,Street,48.26476404757261,False,BRONX,"(40.8582479, -73.8850794)",trafficstat,True,False,False,False,False,False,False,True,False,,,,,,,
2026-08-13,00:00,40.852622,-73.885112,BEAUMONT AVE,10458,48,OTHER,Street,31.81436181326291,False,BRONX,"(40.852622, -73.885112)",trafficstat,True,False,True,False,False,False,False,False,False,,,,,,,
2026-08-13,00:00,40.8443409,-73.8920378,CROTONA AVE,10457,48,UNKNOWN,Street,1.7963172241003094,False,BRONX,"(40.8443409, -73.8920378)",trafficstat,True,False,False,False,True,False,False,False,False,,,,,,,
2026-08-11,00:00,40.8567791,-73.8910958,3 AVE,10458,48,UNKNOWN,Street,0.571538872496863,False,BRONX,"(40.8567791, -73.8910958)",trafficstat,True,False,False,False,False,False,False,False,False,,,,,,,
2026-08-10,00:00,40.8518014,-73.8895171,E  182 ST,10457,48,UNKNOWN,Street,2.2250060260233764,False,BRONX,"(40.8518014, -73.8895171)",trafficstat,False,False,False,False,False,False,False,False,False,,,,,,,
2026-08-10,00:00,40.8592561,-73.886732,E  FORDHAM RD,10458,48,OTHER,Street,1.8281175762323612,False,BRONX,"(40.8592561, -73.886732)",trafficstat,False,False,False,False,False,False,False,False,False,,,,,,,
2026-08-09,00:00,40.846485,-73.89434,E  TREMONT AVE,10457,48,UNKNOWN,Street,3.6528828025827518,False,BRONX,"(40.846485, -73.89434)",trafficstat,True,False,False,False,False,False,False,False,False,,,,,,,
2026-08-09,00:00,40.8538643,-73.8954518,PARK AVE,10457,48,UNKNOWN,Street,34.75352494378201,False,BRONX,"(40.8538643, -73.8954518)",trafficstat,True,False,False,False,False,False,False,False,False,,,,,,,
2026-08-08,00:00,40.8508843,-73.8987993,WEBSTER AVE,10457,48,UNKNOWN,Street,59.93991809629821,False,BRONX,"(40.8508843, -73.8987993)",trafficstat,True,False,True,False,False,False,False,False,False,,,,,,,
2026-08-08,00:00,40.8617046,-73.8815761,SOUTHERN BLVD,10458,48,UNKNOWN,Street,30.55405841179318,False,BRONX,"(40.8617046, -73.8815761)",trafficstat,True,False,False,False,False,False,False,True,False,,,,,,,
2026-08-08,00:00,40.8549904,-73.892248,E  183 ST,10458,48,UNKNOWN,Street,41.74582681464276,False,BRONX,"(40.8549904, -73.892248)",trafficstat,True,False,False,True,False,False,False,False,False,,,,,,,
2026-08-07,00:00,40.8563337,-73.8825849,CROTONA AVE,10458,48,OTHER,Street,44.482547706757835,False,BRONX,"(40.8563337, -73.8825849)",trafficstat,True,False,False,False,False,False,False,False,True,,,,,,,
2026-08-06,00:00,40.8564204,-73.8892022,LORILLARD PL,10458,48,UNKNOWN,Street,2.392043396082731,False,BRONX,"(40.8564204, -73.8892022)",trafficstat,True,False,False,True,False,False,False,False,False,,,,,,,
2026-08-06,00:00,40.842191,-73.8941014,CROTONA AVE,10457,48,OTHER,Street,1.8798679786313943,False,BRONX,"(40.842191, -73.8941014)",trafficstat,True,False,False,True,False,False,False,False,False,,,,,,,
2026-06-27,00:00,40.842191,-73.8941014,CROTONA AVE,10457,48,OTHER,Street,1.8798679786313943,False,BRONX,"(40.842191, -73.8941014)",trafficstat,False,False,False,False,False,False,False,False,False,,,,,,,
2026-08-06,00:00,40.8426718,-73.8831822,DALY AVE,10460,48,UNKNOWN,Street,1.8314189794194276,False,BRONX,"(40.8426718, -73.8831822)",trafficstat,True,False,False,False,False,False,False,False,True,,,,,,,
2026-08-05,00:00,40.8486833,-73.8837789,MAPES AVE,10460,48,OTHER,Street,1.4015884977216644,False,BRONX,"(40.8486833, -73.8837789)",trafficstat,True,False,False,False,False,False,False,False,False,,,,,,,
2026-08-05,00:00,40.8660891,-73.8826746,SOUTHERN BLVD,10458,48,OTHER,Street,19.8860484906611,False,BRONX,"(40.8660891, -73.8826746)",trafficstat,False,False,False,False,False,False,False,False,False,,,,,,,
2026-07-08,00:00,40.8660891,-73.8826746,SOUTHERN BLVD,10458,48,UNKNOWN,Street,19.8860484906611,False,BRONX,"(40.8660891, -73.8826746)",trafficstat,True,False,False,False,False,False,False,False,True,,,,,,,
2026-08-04,00:00,40.8445705,-73.8852968,SOUTHERN BLVD,10460,48,UNKNOWN,Street,1.0255078380850629,False,BRONX,"(40.8445705, -73.8852968)",trafficstat,True,False,False,False,False,False,False,True,False,,,,,,,
2026-08-04,00:00,40.8428629,-73.8934751,CROTONA AVE,10457,48,UNKNOWN,Street,1.584552998281593,False,BRONX,"(40.8428629, -73.8934751)",trafficstat,False,False,False,False,False,False,False,False,False,,,,,,,
2026-08-03,00:00,40.8394501,-73.8838347,CROSS BRONX EXPY,10460,48,UNKNOWN,Street,1.9380763210331458,False,BRONX,"(40.8394501, -73.8838347)",trafficstat,True,False,False,False,False,False,False,True,False,,,,,,,
2026-08-03,00:00,40.8382405,-73.8766812,E  177 ST,10460,48,UNKNOWN,Street,2.5385356838415603,False,BRONX,"(40.8382405, -73.8766812)",trafficstat,False,False,False,False,False,False,False,False,False,,,,,,,
2026-08-03,00:00,40.8474079,-73.8929902,ARTHUR AVE,10457,48,UNKNOWN,Street,51.98231180346806,False,BRONX,"(40.8474079, -73.8929902)",trafficstat,False,False,False,False,False,False,False,False,False,,,,,,,
2026-08-03,00:00,40.853888,-73.8847069,BEAUMONT AVE,10458,48,OTHER,Street,28.01648648102099,False,BRONX,"(40.853888, -73.8847069)",trafficstat,False,False,False,False,False,False,False,False,False,,,,,,,
2026-08-02,00:00,40.8550638,-73.8929512,E  183 ST,10458,48,OTHER,Street,34.92295565393927,False,BRONX,"(40.8550638, -73.8929512)",trafficstat,False,False,False,False,False,False,False,False,False,,,,,,,
2026-08-02,00:00,40.8598743,-73.8932165,WEBSTER AVE,10458,48,UNKNOWN,Street,1.3467182477719173,False,BRONX,"(40.8598743, -73.8932165)",trafficstat,True,False,False,False,False,False,False,False,True,,,,,,,
2026-07-23,00:00,40.8598743,-73.8932165,WEBSTER AVE,10458,48,UNKNOWN,Street,1.3467182477719173,False,BRONX,"(40.8598743, -73.8932165)",trafficstat,False,False,False,False,False,False,False,False,False,,,,,,,
2026-06-26,00:00,40.8598743,-73.8932165,WEBSTER AVE,10458,48,UNKNOWN,Street,1.3467182477719173,False,BRONX,"(40.8598743, -73.8932165)",trafficstat,True,False,True,False,False,False,False,False,False,,,,,,,
2026-08-02,00:00,40.8473661,-73.8977166,WASHINGTON AVE,10457,48,UNKNOWN,Street,41.08653179734253,False,BRONX,"(40.8473661, -73.8977166)",trafficstat,False,False,False,False,False,False,False,False,False,,,,,,,
2026-06-16,00:00,40.8473661,-73.8977166,WASHINGTON AVE,10457,48,OTHER,Street,41.08653179734253,False,BRONX,"(40.8473661, -73.8977166)",trafficstat,True,False,True,False,False,False,False,False,False,,,,,,,
2026-08-02,00:00,40.8375202,-73.8807193,SHERIDAN BLVD,10460,48,UNKNOWN,Highway,10.718645870375656,False,BRONX,"(40.8375202, -73.8807193)",trafficstat,True,False,False,False,False,False,False,False,True,,,,,,,
2026-07-07,00:00,40.8375202,-73.8807193,SHERIDAN BLVD,10460,48,UNKNOWN,Highway,10.718645870375656,False,BRONX,"(40.8375202, -73.8807193)",trafficstat,True,False,False,False,False,False,False,True,False,,,,,,,
2026-08-01,00:00,40.8514994,-73.8838209,PROSPECT AVE,10457,48,UNKNOWN,Street,1.1350629611910863,False,BRONX,"(40.8514994, -73.8838209)",trafficstat,False,False,False,False,False,False,False,False,False,,,,,,,
2026-08-01,00:00,40.854548,-73.8821423,PROSPECT AVE,10458,48,UNKNOWN,Street,29.433522194336796,False,BRONX,"(40.854548, -73.8821423)",trafficstat,False,False,False,False,False,False,False,False,False,,,,,,,
2026-08-01,00:00,40.8584173,-73.8851356,ARTHUR AVE,10458,48,UNKNOWN,Street,1.9200813276924362,False,BRONX,"(40.8584173, -73.8851356)",trafficstat,True,False,True,False,False,False,False,False,False,,,,,,,
2026-07-22,00:00,40.8584173,-73.8851356,ARTHUR AVE,10458,48,UNKNOWN,Street,1.9200813276924362,False,BRONX,"(40.8584173, -73.8851356)",trafficstat,False,False,False,False,False,False,False,False,False,,,,,,,
2026-06-30,00:00,40.8584173,-73.8851356,ARTHUR AVE,10458,48,UNKNOWN,Street,1.9200813276924362,False,BRONX,"(40.8584173, -73.8851356)",trafficstat,False,False,False,False,False,False,False,False,False,,,,,,,
2026-07-31,00:00,40.8571284,-73.8807926,SOUTHERN BLVD,10458,48,UNKNOWN,Bridge,13.195340281184896,False,BRONX,"(40.8571284, -73.8807926)",trafficstat,True,False,False,True,False,False,False,False,False,,,,,,,
2026-07-19,00:00,40.8571284,-73.8807926,SOUTHERN BLVD,10458,48,UNKNOWN,Bridge,13.195340281184896,False,BRONX,"(40.8571284, -73.8807926)",trafficstat,False,False,False,False,False,False,False,False,False,,,,,,,
2026-07-16,00:00,40.8571284,-73.8807926,SOUTHERN BLVD,10458,48,OTHER,Bridge,13.195340281184896,False,BRONX,"(40.8571284, -73.8807926)",trafficstat,True,False,True,False,False,False,False,False,False,,,,,,,
2026-07-04,00:00,40.8571284,-73.8807926,SOUTHERN BLVD,10458,48,UNKNOWN,Bridge,13.195340281184896,False,BRONX,"(40.8571284, -73.8807926)",trafficstat,False,False,False,False,False,False,False,False,False,,,,,,,
2026-06-25,00:00,40.8571284,-73.8807926,SOUTHERN BLVD,10458,48,UNKNOWN,Bridge,13.195340281184896,False,BRONX,"(40.8571284, -73.8807926)",trafficstat,False,False,False,False,False,False,False,False,False,,,,,,,
2026-06-23,00:00,40.8571284,-73.8807926,SOUTHERN BLVD,10458,48,UNKNOWN,Bridge,13.195340281184896,False,BRONX,"(40.8571284, -73.8807926)",trafficstat,True,False,False,False,False,False,False,False,False,,,,,,,
2026-07-31,00:00,40.8521141,-73.898148,WEBSTER AVE,10457,48,UNKNOWN,Street,22.613006409581384,False,BRONX,"(40.8521141, -73.898148)",trafficstat,True,False,True,False,False,False,False,False,False,,,,,,,
2026-07-30,00:00,40.8617006,-73.8913806,WEBSTER AVE,10458,48,UNKNOWN,Street,2.024856785648465,False,BRONX,"(40.8617006, -73.8913806)",trafficstat,True,False,False,False,False,False,True,False,False,,,,,,,
2026-07-29,00:00,40.8464007,-73.8933718,E  TREMONT AVE,10457,48,UNKNOWN,Street,2.7465598759334657,False,BRONX,"(40.8464007, -73.8933718)",trafficstat,False,False,False,False,False,False,False,False,False,,,,,,,
2026-07-29,00:00,40.8422745,-73.8844926,E  TREMONT AVE,10460,48,UNKNOWN,Street,38.69987493845925,False,BRONX,"(40.8422745, -73.8844926)",trafficstat,False,False,False,False,False,False,False,False,False,,,,,,,
2026-07-28,00:00,40.8388136,-73.8764928,BRONX PARK AVE,10460,48,UNKNOWN,Street,44.75364129872269,False,BRONX,"(40.8388136, -73.8764928)",trafficstat,False,False,False,False,False,False,False,False,False,,,,,,,
2026-07-28,00:00,40.8473669,-73.8995004,E  TREMONT AVE,10457,48,OTHER,Street,2.3887358759550974,False,BRONX,"(40.8473669, -73.8995004)",trafficstat,True,False,True,False,False,False,False,False,False,,,,,,,
2026-07-15,00:00,40.8473669,-73.8995004,E  TREMONT AVE,10457,48,UNKNOWN,Street,2.3887358759550974,False,BRONX,"(40.8473669, -73.8995004)",trafficstat,False,False,False,False,False,False,False,False,False,,,,,,,
2026-07-13,00:00,40.8473669,-73.8995004,E  TREMONT AVE,10457,48,OTHER,Street,2.3887358759550974,False,BRONX,"(40.8473669, -73.8995004)",trafficstat,True,False,False,True,False,False,False,False,False,,,,,,,
2026-07-28,00:00,40.8517583,-73.8847169,CROTONA AVE,10457,48,UNKNOWN,Street,1.9039911250354749,False,BRONX,"(40.8517583, -73.8847169)",trafficstat,True,False,False,False,False,False,False,False,False,,,,,,,
2026-07-27,00:00,40.8531196,-73.881952,SOUTHERN BLVD,10460,48,UNKNOWN,Street,57.977248334950666,False,BRONX,"(40.8531196, -73.881952)",trafficstat,True,False,True,False,False,False,False,False,False,,,,,,,
2026-07-25,00:00,40.8533516,-73.8837354,CROTONA AVE,10458,48,OTHER,Street,46.53574619337942,False,BRONX,"(40.8533516, -73.8837354)",trafficstat,False,False,False,False,False,False,False,False,False,,,,,,,
2026-07-25,00:00,40.843687,-73.8942486,CROSS BRONX EXPY,10457,48,UNKNOWN,Highway,8.794950200639997,False,BRONX,"(40.843687, -73.8942486)",trafficstat,True,False,False,False,False,False,False,True,False,,,,,,,
2026-07-23,00:00,40.8399898,-73.8881838,E  175 ST,10460,48,UNKNOWN,Street,33.59766666689636,False,BRONX,"(40.8399898, -73.8881838)",trafficstat,False,False,False,False,False,False,False,False,False,,,,,,,
2026-07-23,00:00,40.8487505,-73.8903755,E  180 ST,10457,48,UNKNOWN,Street,45.57093960632302,False,BRONX,"(40.8487505, -73.8903755)",trafficstat,False,False,False,False,False,False,False,False,False,,,,,,,
2026-07-22,00:00,40.8467812,-73.8837894,SOUTHERN BLVD,10460,48,OTHER,Street,2.205703044595314,False,BRONX,"(40.8467812, -73.8837894)",trafficstat,True,False,True,False,False,False,False,False,False,,,,,,,
2026-07-21,00:00,40.8556325,-73.8886392,HOFFMAN ST,10458,48,UNKNOWN,Street,37.06142413648098,False,BRONX,"(40.8556325, -73.8886392)",trafficstat,False,False,False,False,False,False,False,False,False,,,,,,,
2026-07-21,00:00,40.8572432,-73.8881748,E  188 ST,10458,48,UNKNOWN,Street,32.076249952184696,False,BRONX,"(40.8572432, -73.8881748)",trafficstat,False,False,False,False,False,False,False,False,False,,,,,,,
2026-07-20,00:00,40.8401057,-73.8861827,E  176 ST,10460,48,UNKNOWN,Street,1.688739047503097,False,BRONX,"(40.8401057, -73.8861827)",trafficstat,True,False,False,False,False,False,False,False,False,,,,,,,
2026-07-19,00:00,40.840004,-73.8746929,E  TREMONT AVE,10460,48,UNKNOWN,Street,51.151656466933524,False,BRONX,"(40.840004, -73.8746929)",trafficstat,True,False,False,False,False,False,False,True,False,,,,,,,
2026-07-19,00:00,40.8367102,-73.8752602,BRONX RIVER AVE,10460,48,UNKNOWN,Street,2.7237199895986977,False,BRONX,"(40.8367102, -73.8752602)",trafficstat,True,False,False,False,False,False,False,True,False,,,,,,,
2026-07-19,00:00,40.8535949,-73.8937145,E  182 ST,10457,48,UNKNOWN,Street,2.638456659506296,False,BRONX,"(40.8535949, -73.8937145)",trafficstat,True,False,True,False,False,False,False,False,False,,,,,,,
2026-07-18,00:00,40.8530574,-73.8861256,CAMBRELENG AVE,10458,48,UNKNOWN,Street,36.95862305977667,False,BRONX,"(40.8530574, -73.8861256)",trafficstat,False,False,False,False,False,False,False,False,False,,,,,,,
2026-07-18,00:00,40.8502246,-73.882558,GROTE ST,10460,48,OTHER,Street,2.8954426791921586,False,BRONX,"(40.8502246, -73.882558)",trafficstat,True,False,False,True,False,False,False,False,False,,,,,,,
2026-07-18,00:00,40.842068,-73.87608,E  180 ST,10460,48,UNKNOWN,Street,0.966305144386997,False,BRONX,"(40.842068, -73.87608)",trafficstat,True,False,False,False,False,False,False,False,False,,,,,,,
2026-07-17,00:00,40.8400034,-73.8773863,DEVOE AVE,10460,48,UNKNOWN,Street,2.001855189402798,False,BRONX,"(40.8400034, -73.8773863)",trafficstat,True,False,False,False,False,False,False,True,False,,,,,,,
2026-07-16,00:00,40.8439973,-73.8975176,3 AVE,10457,48,UNKNOWN,Street,1.5331534533091022,False,BRONX,"(40.8439973, -73.8975176)",trafficstat,False,False,False,False,False,False,False,False,False,,,,,,,
2026-06-21,00:00,40.8439973,-73.8975176,3 AVE,10457,48,OTHER,Street,1.5331534533091022,False,BRONX,"(40.8439973, -73.8975176)",trafficstat,False,False,False,False,False,False,False,False,False,,,,,,,
2026-07-16,00:00,40.8464125,-73.8866683,PROSPECT AVE,10457,48,OTHER,Street,141.31557754944959,False,BRONX,"(40.8464125, -73.8866683)",trafficstat,True,False,True,False,False,False,False,False,False,,,,,,,
2026-07-16,00:00,40.8581636,-73.8847964,E  FORDHAM RD,10458,48,UNKNOWN,Street,56.308852280866226,False,BRONX,"(40.8581636, -73.8847964)",trafficstat,False,False,False,False,False,False,False,False,False,,,,,,,
2026-07-16,00:00,40.8523007,-73.8950938,WASHINGTON AVE,10457,48,UNKNOWN,Street,1.126778451525735,False,BRONX,"(40.8523007, -73.8950938)",trafficstat,True,False,True,False,False,False,False,False,False,,,,,,,
2026-06-13,00:00,40.8523007,-73.8950938,WASHINGTON AVE,10457,48,UNKNOWN,Street,1.126778451525735,False,BRONX,"(40.8523007, -73.8950938)",trafficstat,False,False,False,False,False,False,False,False,False,,,,,,,
2026-07-14,00:00,40.8507133,-73.8940734,3 AVE,10457,48,UNKNOWN,Street,1.2520117928292833,False,BRONX,"(40.8507133, -73.8940734)",trafficstat,True,False,False,False,False,False,False,True,False,,,,,,,
2026-06-12,00:00,40.8507133,-73.8940734,3 AVE,10457,48,UNKNOWN,Street,1.2520117928292833,False,BRONX,"(40.8507133, -73.8940734)",trafficstat,True,False,False,False,False,False,False,False,False,,,,,,,
2026-07-14,00:00,40.853909,-73.8836287,CROTONA AVE,10458,48,UNKNOWN,Street,1.3125022018336507,False,BRONX,"(40.853909, -73.8836287)",trafficstat,False,False,False,False,False,False,False,False,False,,,,,,,
2026-07-14,00:00,40.8543511,-73.8923079,BATHGATE AVE,10457,48,UNKNOWN,Street,57.63093238178922,False,BRONX,"(40.8543511, -73.8923079)",trafficstat,False,False,False,False,False,False,False,False,False,,,,,,,
2026-07-13,00:00,40.8527328,-73.8964631,PARK AVE,10457,48,OTHER,Street,50.40704132811839,False,BRONX,"(40.8527328, -73.8964631)",trafficstat,False,False,False,False,False,False,False,False,False,,,,,,,
2026-07-12,00:00,40.852665,-73.8899,ARTHUR AVE,10457,48,UNKNOWN,Street,0.6735341024138214,False,BRONX,"(40.852665, -73.8899)",trafficstat,False,False,False,False,False,False,False,False,False,,,,,,,
2026-07-12,00:00,40.8489837,-73.8951846,3 AVE,10457,48,UNKNOWN,Street,44.352773114317465,False,BRONX,"(40.8489837, -73.8951846)",trafficstat,True,False,True,False,True,False,False,False,False,,,,,,,
2026-07-11,00:00,40.8544982,-73.8854207,CAMBRELENG AVE,10458,48,UNKNOWN,Street,1.9654519818968614,False,BRONX,"(40.8544982, -73.8854207)",trafficstat,True,False,True,False,False,False,False,False,False,,,,,,,
2026-07-11,00:00,40.844371,-73.8890163,E  TREMONT AVE,10460,48,UNKNOWN,Street,1.8254457088614933,False,BRONX,"(40.844371, -73.8890163)",trafficstat,True,False,True,False,False,False,False,False,False,,,,,,,
2026-07-11,00:00,40.855172,-73.8865199,E  187 ST,10458,48,UNKNOWN,Street,40.917814166373425,False,BRONX,"(40.855172, -73.8865199)",trafficstat,True,False,False,False,False,False,True,False,False,,,,,,,
2026-07-10,00:00,40.8465945,-73.8810572,HONEYWELL AVE,10460,48,OTHER,Street,1.6153048888441968,False,BRONX,"(40.8465945, -73.8810572)",trafficstat,True,False,False,False,False,False,False,False,True,,,,,,,
2026-07-09,00:00,40.8453218,-73.8791945,VYSE AVE,10460,48,UNKNOWN,Street,1.8636354590339892,False,BRONX,"(40.8453218, -73.8791945)",trafficstat,False,False,False,False,False,False,False,False,False,,,,,,,
2026-07-09,00:00,40.8490749,-73.8828818,CROTONA PKWY,10460,48,OTHER,Street,0.4669388332725025,False,BRONX,"(40.8490749, -73.8828818)",trafficstat,False,False,False,False,False,False,False,False,False,,,,,,,
2026-07-09,00:00,40.8533846,-73.8885967,ADAMS PL,10458,48,UNKNOWN,Street,31.090599643850396,False,BRONX,"(40.8533846, -73.8885967)",trafficstat,False,False,False,False,False,False,False,False,False,,,,,,,
2026-07-08,00:00,40.8515364,-73.8851482,CROTONA AVE,10457,48,UNKNOWN,Street,42.60470577268404,False,BRONX,"(40.8515364, -73.8851482)",trafficstat,True,False,False,False,False,False,False,True,False,,,,,,,
2026-07-08,00:00,40.8558126,-73.8907757,BATHGATE AVE,10458,48,OTHER,Street,0.6531486800010456,False,BRONX,"(40.8558126, -73.8907757)",trafficstat,True,False,False,True,False,False,False,False,False,,,,,,,
2026-07-08,00:00,40.8462812,-73.8889227,CLINTON AVE,10457,48,UNKNOWN,Street,1.797487186889953,False,BRONX,"(40.8462812, -73.8889227)",trafficstat,True,False,True,False,False,False,False,False,False,,,,,,,
2026-07-08,00:00,40.8441973,-73.8883876,E  TREMONT AVE,10460,48,OTHER,Street,39.669643587975195,False,BRONX,"(40.8441973, -73.8883876)",trafficstat,True,False,True,False,False,False,False,False,False,,,,,,,
2026-07-07,00:00,40.8510614,-73.8823216,SOUTHERN BLVD,10460,48,UNKNOWN,Street,1.1869331831736811,False,BRONX,"(40.8510614, -73.8823216)",trafficstat,True,False,False,True,False,False,False,False,False,,,,,,,
2026-07-07,00:00,40.8469713,-73.8930384,ARTHUR AVE,10457,48,UNKNOWN,Street,1.7932396766651801,False,BRONX,"(40.8469713, -73.8930384)",trafficstat,False,False,False,False,False,False,False,False,False,,,,,,,
2026-07-07,00:00,40.8608984,-73.8919306,WEBSTER AVE,10458,48,OTHER,Street,58.36164755398672,False,BRONX,"(40.8608984, -73.8919306)",trafficstat,True,False,True,False,False,False,False,False,False,,,,,,,
2026-07-06,00:00,40.8468267,-73.8970434,BATHGATE AVE,10457,48,UNKNOWN,Street,1.5284419767348068,False,BRONX,"(40.8468267, -73.8970434)",trafficstat,False,False,False,False,False,False,False,False,False,,,,,,,
2026-07-06,00:00,40.8438292,-73.8879184,E  TREMONT AVE,10460,48,UNKNOWN,Street,2.26755156197282,False,BRONX,"(40.8438292, -73.8879184)",trafficstat,True,False,True,False,False,False,False,False,False,,,,,,,
2026-07-05,00:00,40.84321,-73.87923,E  180 ST,10460,48,OTHER,Street,2.6689536090558845,False,BRONX,"(40.84321, -73.87923)",trafficstat,True,False,False,False,False,False,False,False,True,,,,,,,
2026-07-05,00:00,40.8430312,-73.8865938,E  TREMONT AVE,10460,48,UNKNOWN,Street,45.93115091674275,False,BRONX,"(40.8430312, -73.8865938)",trafficstat,True,False,False,True,False,False,False,False,False,,,,,,,
2026-07-02,00:00,40.8417518,-73.8854499,CROTONA PKWY,10460,48,OTHER,Street,0.6944585289807613,False,BRONX,"(40.8417518, -73.8854499)",trafficstat,True,False,True,False,False,False,False,False,False,,,,,,,
2026-07-02,00:00,40.8454198,-73.90201,WEBSTER AVE,10457,48,UNKNOWN,Street,54.97768618512616,False,BRONX,"(40.8454198, -73.90201)",trafficstat,False,False,False,False,False,False,False,False,False,,,,,,,
2026-07-02,00:00,40.857525,-73.88179,CROTONA AVE,10458,48,UNKNOWN,Bridge,1.630565152693706,False,BRONX,"(40.857525, -73.88179)",trafficstat,True,False,False,False,False,False,False,False,True,,,,,,,
2026-07-01,00:00,40.8478177,-73.8828442,CROTONA PKWY,10460,48,UNKNOWN,Street,1.0763217000992533,False,BRONX,"(40.8478177, -73.8828442)",trafficstat,True,False,False,False,True,False,False,False,False,,,,,,,
2026-06-30,00:00,40.842066,-73.876085,DEVOE AVE,10460,48,OTHER,Street,1.2948794781259365,False,BRONX,"(40.842066, -73.876085)",trafficstat,True,False,True,False,False,False,False,False,False,,,,,,,
2026-06-29,00:00,40.8389762,-73.881536,RODMAN PL,10460,48,OTHER,Street,31.073956794529945,False,BRONX,"(40.8389762, -73.881536)",trafficstat,False,False,False,False,False,False,False,False,False,,,,,,,
2026-06-29,00:00,40.8462709,-73.8919164,HUGHES AVE,10457,48,UNKNOWN,Street,37.142319539400695,False,BRONX,"(40.8462709, -73.8919164)",trafficstat,False,False,False,False,False,False,False,False,False,,,,,,,
2026-06-29,00:00,40.8509598,-73.8877112,E  182 ST,10457,48,OTHER,Street,3.1426958817023674,False,BRONX,"(40.8509598, -73.8877112)",trafficstat,False,False,False,False,False,False,False,False,False,,,,,,,
2026-06-29,00:00,40.8510991,-73.8927968,E  181 ST,10457,48,OTHER,Street,2.30058370664817,False,BRONX,"(40.8510991, -73.8927968)",trafficstat,False,False,False,False,False,False,False,False,False,,,,,,,
2026-06-29,00:00,40.8598397,-73.8882951,E  FORDHAM RD,10458,48,UNKNOWN,Street,70.59766044909206,False,BRONX,"(40.8598397, -73.8882951)",trafficstat,True,False,False,True,False,False,False,False,False,,,,,,,
2026-06-29,00:00,40.8580315,-73.8835095,E  FORDHAM RD,10458,48,UNKNOWN,Street,16.28127983014223,False,BRONX,"(40.8580315, -73.8835095)",trafficstat,False,False,False,False,False,False,False,False,False,,,,,,,
2026-06-28,00:00,40.8578262,-73.8868718,E  189 ST,10458,48,OTHER,Street,2.2920686162367763,False,BRONX,"(40.8578262, -73.8868718)",trafficstat,False,False,False,False,False,False,False,False,False,,,,,,,
2026-06-28,00:00,40.8566286,-73.8842715,E  189 ST,10458,48,OTHER,Street,33.249743088773926,False,BRONX,"(40.8566286, -73.8842715)",trafficstat,False,False,False,False,False,False,False,False,False,,,,,,,
2026-06-28,00:00,40.8459498,-73.8986568,WASHINGTON AVE,10457,48,UNKNOWN,Street,1.6571567598661754,False,BRONX,"(40.8459498, -73.8986568)",trafficstat,True,False,False,False,False,False,False,True,False,,,,,,,
2026-06-28,00:00,40.8535023,-73.888654,ADAMS PL,10458,48,UNKNOWN,Street,1.1381690203393706,False,BRONX,"(40.8535023, -73.888654)",trafficstat,True,False,False,True,False,False,False,False,False,,,,,,,
2026-06-27,00:00,40.8410373,-73.8872415,CROSS BRONX EXPY,10460,48,UNKNOWN,Highway,2.1585276768579975,False,BRONX,"(40.8410373, -73.8872415)",trafficstat,True,False,False,False,False,False,False,False,True,,,,,,,
2026-06-27,00:00,40.8424035,-73.8781169,BOSTON RD,10460,48,UNKNOWN,Street,49.158567817017875,False,BRONX,"(40.8424035, -73.8781169)",trafficstat,True,False,True,False,False,False,False,False,False,,,,,,,
2026-06-26,00:00,40.8651237,-73.8843,SOUTHERN BLVD,10458,48,UNKNOWN,Street,95.23014092249655,False,BRONX,"(40.8651237, -73.8843)",trafficstat,True,False,False,False,False,False,False,True,False,,,,,,,