crash_date,crash_time,latitude,longitude,on_street_name,zip_code,precinct,collision_type,roadway_type,geocode_dist_feet,time_is_known,borough,location,source,injury,fatality,injured_pedestrian,injured_cyclist,injured_ebike_rider,injured_motorcyclist,injured_moped_rider,injured_car_occupant,injured_suv_occupant,number_of_persons_injured,number_of_persons_killed,contributing_factor_vehicle_1,collision_id,cross_street_name,off_street_name,vehicle_type_code1
2026-06-25,00:00,40.856404,-73.8921231,WASHINGTON AVE,10458,48,UNKNOWN,Street,1.5816660861132295,False,BRONX,"(40.856404, -73.8921231)",trafficstat,False,False,False,False,False,False,False,False,False,,,,,,,
2026-06-25,00:00,40.8555887,-73.88736,E  187 ST,10458,48,UNKNOWN,Street,39.67084299553365,False,BRONX,"(40.8555887, -73.88736)",trafficstat,True,False,True,False,False,False,False,False,False,,,,,,,
2026-06-25,00:00,40.8457636,-73.8817635,HONEYWELL AVE,10460,48,UNKNOWN,Street,2.260539863737652,False,BRONX,"(40.8457636, -73.8817635)",trafficstat,True,False,False,False,False,False,False,False,False,,,,,,,
2026-06-24,00:00,40.8402313,-73.8801001,BOSTON RD,10460,48,UNKNOWN,Street,2.2685647200372547,False,BRONX,"(40.8402313, -73.8801001)",trafficstat,False,False,False,False,False,False,False,False,False,,,,,,,
2026-06-24,00:00,40.8413367,-73.8874723,CROSS BRONX EXPY,10460,48,UNKNOWN,Highway,13.61437012511403,False,BRONX,"(40.8413367, -73.8874723)",trafficstat,False,False,False,False,False,False,False,False,False,,,,,,,
2026-06-24,00:00,40.840668,-73.881516,BRYANT AVE,10460,48,UNKNOWN,Street,0.6122344506547637,False,BRONX,"(40.840668, -73.881516)",trafficstat,True,False,True,False,True,False,False,False,False,,,,,,,
2026-06-23,00:00,40.8430963,-73.8813233,VYSE AVE,10460,48,UNKNOWN,Street,28.23900511358466,False,BRONX,"(40.8430963, -73.8813233)",trafficstat,True,False,False,False,False,False,False,False,True,,,,,,,
2026-06-23,00:00,40.8470448,-73.8984354,E  TREMONT AVE,10457,48,UNKNOWN,Street,23.73185149554881,False,BRONX,"(40.8470448, -73.8984354)",trafficstat,True,False,False,True,False,False,False,False,False,,,,,,,
2026-06-23,00:00,40.8553574,-73.8904976,3 AVE,10458,48,OTHER,Street,20.350465836254124,False,BRONX,"(40.8553574, -73.8904976)",trafficstat,True,False,False,True,False,False,False,False,False,,,,,,,
2026-06-21,00:00,40.83945,-73.883835,CROSS BRONX EXPY,10460,48,OTHER,Street,2.016422063336784,False,BRONX,"(40.83945, -73.883835)",trafficstat,True,False,False,False,False,False,False,True,False,,,,,,,
2026-06-20,00:00,40.8563246,-73.8838848,CAMBRELENG AVE,10458,48,UNKNOWN,Street,1.8190066529111921,False,BRONX,"(40.8563246, -73.8838848)",trafficstat,False,False,False,False,False,False,False,False,False,,,,,,,
2026-06-20,00:00,40.8476168,-73.8877892,CLINTON AVE,10457,48,UNKNOWN,Street,2.136195266606254,False,BRONX,"(40.8476168, -73.8877892)",trafficstat,True,False,True,False,False,False,False,False,False,,,,,,,
2026-06-18,00:00,40.8435386,-73.8940067,CROSS BRONX EXPY,10457,48,UNKNOWN,Highway,4.962519138618589,False,BRONX,"(40.8435386, -73.8940067)",trafficstat,False,False,False,False,False,False,False,False,False,,,,,,,
2026-06-17,00:00,40.8455166,-73.8931612,ARTHUR AVE,10457,48,UNKNOWN,Street,65.51563654925913,False,BRONX,"(40.8455166, -73.8931612)",trafficstat,False,False,False,False,False,False,False,False,False,,,,,,,
2026-06-16,00:00,40.8418704,-73.8810306,E  178 ST,10460,48,UNKNOWN,Street,60.91963582591662,False,BRONX,"(40.8418704, -73.8810306)",trafficstat,False,False,False,False,False,False,False,False,False,,,,,,,
2026-06-15,00:00,40.8514043,-73.8934253,E  181 ST,10457,48,UNKNOWN,Street,2.1997330733276454,False,BRONX,"(40.8514043, -73.8934253)",trafficstat,True,False,True,False,False,False,False,False,False,,,,,,,
2026-06-15,00:00,40.8572318,-73.8855994,E  189 ST,10458,48,OTHER,Street,18.557151618964177,False,BRONX,"(40.8572318, -73.8855994)",trafficstat,False,False,False,False,False,False,False,False,False,,,,,,,
2026-06-13,00:00,40.8585989,-73.8883454,BATHGATE AVE,10458,48,UNKNOWN,Street,2.013883395993247,False,BRONX,"(40.8585989, -73.8883454)",trafficstat,True,False,False,True,False,False,False,False,False,,,,,,,
2026-06-13,00:00,40.8492882,-73.8830379,GARDEN ST,10460,48,OTHER,Street,31.920123242820093,False,BRONX,"(40.8492882, -73.8830379)",trafficstat,True,False,False,False,False,False,False,False,False,,,,,,,
2026-09-13,00:00,40.8522895,-73.8611191,BOGART AVE,10462,49,UNKNOWN,Street,0.8102576529973312,False,BRONX,"(40.8522895, -73.8611191)",trafficstat,True,False,False,False,False,False,False,False,True,,,,,,,
2026-09-13,00:00,40.8652227,-73.8361855,E  GUN HILL RD,10469,49,UNKNOWN,Street,2.6356428382771564,False,BRONX,"(40.8652227, -73.8361855)",trafficstat,False,False,False,False,False,False,False,False,False,,,,,,,
2026-06-23,00:00,40.8652227,-73.8361855,E  GUN HILL RD,10469,49,UNKNOWN,Street,2.6356428382771564,False,BRONX,"(40.8652227, -73.8361855)",trafficstat,True,False,True,False,False,False,False,False,False,,,,,,,
2026-09-12,00:00,40.846658,-73.8594394,BRONXDALE AVE,10462,49,UNKNOWN,Street,0.9399842093841785,False,BRONX,"(40.846658, -73.8594394)",trafficstat,True,False,False,False,False,False,False,True,False,,,,,,,
2026-09-11,00:00,40.8422223,-73.8560209,E  TREMONT AVE,10462,49,UNKNOWN,Street,4.931276662145752,False,BRONX,"(40.8422223, -73.8560209)",trafficstat,True,False,False,False,False,False,False,True,False,,,,,,,
2026-09-11,00:00,40.8447761,-73.8675344,MORRIS PARK AVE,10462,49,UNKNOWN,Street,56.50279056698512,False,BRONX,"(40.8447761, -73.8675344)",trafficstat,True,False,False,False,False,False,False,False,False,,,,,,,
2026-09-11,00:00,40.8546279,-73.8608516,BOGART AVE,10462,49,UNKNOWN,Street,54.62168564962651,False,BRONX,"(40.8546279, -73.8608516)",trafficstat,False,False,False,False,False,False,False,False,False,,,,,,,
2026-09-11,00:00,40.8711586,-73.8517656,BURKE AVE,10469,49,UNKNOWN,Street,3.112757523783308,False,BRONX,"(40.8711586, -73.8517656)",trafficstat,True,False,False,True,False,False,False,False,False,,,,,,,
2026-09-11,00:00,40.8715232,-73.8519466,PEARSALL AVE,10469,49,UNKNOWN,Street,52.70849104334437,False,BRONX,"(40.8715232, -73.8519466)",trafficstat,True,False,False,False,False,False,False,True,False,,,,,,,
2026-09-11,00:00,40.8564649,-73.8556613,WILLIAMSBRIDGE RD,10461,49,UNKNOWN,Street,51.07257302290985,False,BRONX,"(40.8564649, -73.8556613)",trafficstat,False,False,False,False,False,False,False,False,False,,,,,,,
2026-09-10,00:00,40.8510902,-73.8482137,MORRIS PARK AVE,10461,49,UNKNOWN,Street,3.2614600384364607,False,BRONX,"(40.8510902, -73.8482137)",trafficstat,False,False,False,False,False,False,False,False,False,,,,,,,
2026-09-10,00:00,40.8521326,-73.8371909,,,49,OTHER,,323.5499341862069,False,BRONX,"(40.8521326, -73.8371909)",trafficstat,True,False,True,False,False,False,False,False,False,,,,,,,
2026-09-09,00:00,40.8518714,-73.8537677,TOMLINSON AVE,10461,49,OTHER,Street,1.530053871666851,False,BRONX,"(40.8518714, -73.8537677)",trafficstat,False,False,False,False,False,False,False,False,False,,,,,,,
2026-09-09,00:00,40.8558622,-73.841278,RHINELANDER AVE,10461,49,UNKNOWN,Street,34.664363505654705,False,BRONX,"(40.8558622, -73.841278)",trafficstat,False,False,False,False,False,False,False,False,False,,,,,,,
2026-09-09,00:00,40.8395606,-73.871879,E  TREMONT AVE,10460,49,OTHER,Street,56.39659476652855,False,BRONX,"(40.8395606, -73.871879)",trafficstat,True,False,False,True,False,False,False,False,False,,,,,,,
2026-09-09,00:00,40.8632126,-73.8674231,WHITE PLAINS RD,10467,49,OTHER,Street,0.16312461844967044,False,BRONX,"(40.8632126, -73.8674231)",trafficstat,True,False,False,False,False,False,False,False,False,,,,,,,
2026-09-08,00:00,40.8654067,-73.8683696,OLINVILLE AVE,10467,49,UNKNOWN,Street,0.26086854332062115,False,BRONX,"(40.8654067, -73.8683696)",trafficstat,True,False,False,False,False,False,False,True,False,,,,,,,
2026-09-08,00:00,40.8421977,-73.8716981,MORRIS PARK AVE,10460,49,UNKNOWN,Street,22.81329185586151,False,BRONX,"(40.8421977, -73.8716981)",trafficstat,True,False,False,True,False,False,False,False,False,,,,,,,
2026-09-08,00:00,40.8571364,-73.8437933,EASTCHESTER RD,10461,49,UNKNOWN,Street,0.8063907293334367,False,BRONX,"(40.8571364, -73.8437933)",trafficstat,True,False,True,False,False,False,False,False,False,,,,,,,
2026-07-24,00:00,40.8571364,-73.8437933,EASTCHESTER RD,10461,49,UNKNOWN,Street,0.8063907293334367,False,BRONX,"(40.8571364, -73.8437933)",trafficstat,True,False,False,False,False,False,False,False,False,,,,,,,
2026-07-21,00:00,40.8571364,-73.8437933,EASTCHESTER RD,10461,49,OTHER,Street,0.8063907293334367,False,BRONX,"(40.8571364, -73.8437933)",trafficstat,True,False,False,False,False,False,False,False,True,,,,,,,
2026-09-07,00:00,40.8595649,-73.8674268,BOSTON RD,10467,49,UNKNOWN,Street,13.356108286758095,False,BRONX,"(40.8595649, -73.8674268)",trafficstat,True,False,False,False,False,False,False,False,False,,,,,,,
2026-09-06,00:00,40.85662,-73.8676134,WHITE PLAINS RD,10462,49,UNKNOWN,Street,0.558000312985918,False,BRONX,"(40.85662, -73.8676134)",trafficstat,True,False,True,False,False,True,False,False,False,,,,,,,
2026-09-01,00:00,40.85662,-73.8676134,WHITE PLAINS RD,10462,49,UNKNOWN,Street,0.558000312985918,False,BRONX,"(40.85662, -73.8676134)",trafficstat,True,False,True,False,False,False,False,False,False,,,,,,,
2026-08-01,00:00,40.85662,-73.8676134,WHITE PLAINS RD,10462,49,UNKNOWN,Street,0.558000312985918,False,BRONX,"(40.85662, -73.8676134)",trafficstat,True,False,False,False,False,False,False,True,False,,,,,,,
2026-07-30,00:00,40.85662,-73.8676134,WHITE PLAINS RD,10462,49,UNKNOWN,Street,0.558000312985918,False,BRONX,"(40.85662, -73.8676134)",trafficstat,True,False,False,False,False,False,False,True,True,,,,,,,
2026-07-23,00:00,40.85662,-73.8676134,WHITE PLAINS RD,10462,49,OTHER,Street,0.558000312985918,False,BRONX,"(40.85662, -73.8676134)",trafficstat,True,False,False,False,False,False,True,False,False,,,,,,,
2026-06-29,00:00,40.85662,-73.8676134,WHITE PLAINS RD,10462,49,OTHER,Street,0.558000312985918,False,BRONX,"(40.85662, -73.8676134)",trafficstat,False,False,False,False,False,False,False,False,False,,,,,,,
2026-06-14,00:00,40.85662,-73.8676134,WHITE PLAINS RD,10462,49,UNKNOWN,Street,0.558000312985918,False,BRONX,"(40.85662, -73.8676134)",trafficstat,True,False,False,False,False,False,False,False,False,,,,,,,
2026-09-06,00:00,40.8708245,-73.8513322,BURKE AVE,10469,49,UNKNOWN,Street,123.41641615759652,False,BRONX,"(40.8708245, -73.8513322)",trafficstat,False,False,False,False,False,False,False,False,False,,,,,,,
2026-09-06,00:00,40.8674654,-73.8442933,FENTON AVE,10469,49,OTHER,Street,0.19944668605743118,False,BRONX,"(40.8674654, -73.8442933)",trafficstat,True,False,False,False,False,False,False,True,False,,,,,,,
2026-09-06,00:00,40.8417598,-73.8689293,VAN NEST AVE,10460,49,UNKNOWN,Street,45.29212007216626,False,BRONX,"(40.8417598, -73.8689293)",trafficstat,False,False,False,False,False,False,False,False,False,,,,,,,
2026-09-06,00:00,40.8481521,-73.8671676,WHITE PLAINS RD,10462,49,OTHER,Street,0.8290169792504013,False,BRONX,"(40.8481521, -73.8671676)",trafficstat,True,False,False,False,False,False,False,False,False,,,,,,,
2026-08-18,00:00,40.8481521,-73.8671676,WHITE PLAINS RD,10462,49,UNKNOWN,Street,0.8290169792504013,False,BRONX,"(40.8481521, -73.8671676)",trafficstat,True,False,False,False,False,False,False,False,True,,,,,,,
2026-09-06,00:00,40.8430856,-73.8659507,UNIONPORT RD,10462,49,UNKNOWN,Street,34.7204174991192,False,BRONX,"(40.8430856, -73.8659507)",trafficstat,False,False,False,False,False,False,False,False,False,,,,,,,
2026-09-06,00:00,40.8450095,-73.868413,UNIONPORT RD,10462,49,OTHER,Street,29.624235765268487,False,BRONX,"(40.8450095, -73.868413)",trafficstat,False,False,False,False,False,False,False,False,False,,,,,,,
2026-09-05,00:00,40.8510798,-73.8486114,TENBROECK AVE,10461,49,OTHER,Street,0.8768333066204178,False,BRONX,"(40.8510798, -73.8486114)",trafficstat,True,False,False,False,False,False,False,True,False,,,,,,,
2026-09-05,00:00,40.8726966,-73.8522452,E  GUN HILL RD,10469,49,UNKNOWN,Street,57.16270702504833,False,BRONX,"(40.8726966, -73.8522452)",trafficstat,False,False,False,False,False,False,False,False,False,,,,,,,
2026-09-05,00:00,40.8694684,-73.8447138,E  GUN HILL RD,10469,49,UNKNOWN,Street,64.31686572094645,False,BRONX,"(40.8694684, -73.8447138)",trafficstat,True,False,False,False,False,False,False,True,False,,,,,,,
2026-09-05,00:00,40.8655314,-73.8623714,BOSTON RD,10467,49,UNKNOWN,Street,2.3249031908511038,False,BRONX,"(40.8655314, -73.8623714)",trafficstat,True,False,False,False,False,False,False,False,False,,,,,,,
2026-09-04,00:00,40.8679822,-73.844469,FENTON AVE,10469,49,UNKNOWN,Street,52.84623523090925,False,BRONX,"(40.8679822, -73.844469)",trafficstat,False,False,False,False,False,False,False,False,False,,,,,,,
2026-09-04,00:00,40.8565275,-73.8561202,WILLIAMSBRIDGE RD,10461,49,UNKNOWN,Street,59.74863227205328,False,BRONX,"(40.8565275, -73.8561202)",trafficstat,False,False,False,False,False,False,False,False,False,,,,,,,
2026-09-04,00:00,40.8460033,-73.8409187,WATERS PL,10461,49,UNKNOWN,Street,123.84308893995284,False,BRONX,"(40.8460033, -73.8409187)",trafficstat,True,False,False,False,False,True,False,False,False,,,,,,,
2026-09-03,00:00,40.8427525,-73.8508892,E  TREMONT AVE,10461,49,UNKNOWN,Street,3.1891366508812857,False,BRONX,"(40.8427525, -73.8508892)",trafficstat,True,False,False,False,False,False,False,True,False,,,,,,,
2026-09-03,00:00,40.8653623,-73.8704196,BRONX PARK E,10467,49,UNKNOWN,Street,0.7243241525328624,False,BRONX,"(40.8653623, -73.8704196)",trafficstat,True,False,False,False,False,False,False,True,False,,,,,,,
2026-07-21,00:00,40.8653623,-73.8704196,BRONX PARK E,10467,49,UNKNOWN,Street,0.7243241525328624,False,BRONX,"(40.8653623, -73.8704196)",trafficstat,True,False,False,False,False,False,False,False,False,,,,,,,
2026-06-28,00:00,40.8653623,-73.8704196,BRONX PARK E,10467,49,UNKNOWN,Street,0.7243241525328624,False,BRONX,"(40.8653623, -73.8704196)",trafficstat,False,False,False,False,False,False,False,False,False,,,,,,,
2026-09-02,00:00,40.8585,-73.86782,THWAITES PL,10467,49,UNKNOWN,Street,2.274601873254808,False,BRONX,"(40.8585, -73.86782)",trafficstat,True,False,True,False,False,False,False,False,False,,,,,,,
2026-09-02,00:00,40.8677336,-73.858603,PAULDING AVE,10469,49,OTHER,Street,0.025875180850145254,False,BRONX,"(40.8677336, -73.858603)",trafficstat,False,False,False,False,False,False,False,False,False,,,,,,,
2026-09-02,00:00,40.865249,-73.8453036,MORGAN AVE,10469,49,UNKNOWN,Street,0.8721885382584874,False,BRONX,"(40.865249, -73.8453036)",trafficstat,True,False,False,False,False,False,False,True,False,,,,,,,
2026-09-01,00:00,40.8585316,-73.8634977,PELHAM PKWY N,10467,49,UNKNOWN,Street,213.52103470017997,False,BRONX,"(40.8585316, -73.8634977)",trafficstat,False,False,False,False,False,False,False,False,False,,,,,,,
2026-08-31,00:00,40.8666104,-73.8671171,WHITE PLAINS RD,10467,49,UNKNOWN,Street,55.5531021342998,False,BRONX,"(40.8666104, -73.8671171)",trafficstat,False,False,False,False,False,False,False,False,False,,,,,,,
2026-08-30,00:00,40.8666104,-73.8671171,WHITE PLAINS RD,10467,49,UNKNOWN,Street,55.5531021342998,False,BRONX,"(40.8666104, -73.8671171)",trafficstat,True,False,False,False,False,False,False,False,False,,,,,,,
2026-08-31,00:00,40.871194,-73.8536421,BURKE AVE,10469,49,UNKNOWN,Street,3.437708300769841,False,BRONX,"(40.871194, -73.8536421)",trafficstat,True,False,False,False,False,False,False,True,False,,,,,,,
2026-08-31,00:00,40.8440197,-73.8558889,PIERCE AVE,10462,49,UNKNOWN,Street,55.10234891365787,False,BRONX,"(40.8440197, -73.8558889)",trafficstat,False,False,False,False,False,False,False,False,False,,,,,,,
2026-08-30,00:00,40.8493562,-73.8454446,SACKET AVE,10461,49,UNKNOWN,Street,25.861814672021524,False,BRONX,"(40.8493562, -73.8454446)",trafficstat,False,False,False,False,False,False,False,False,False,,,,,,,
2026-07-31,00:00,40.8493562,-73.8454446,SACKET AVE,10461,49,UNKNOWN,Street,25.861814672021524,False,BRONX,"(40.8493562, -73.8454446)",trafficstat,True,False,True,False,False,False,False,False,False,,,,,,,
2026-08-30,00:00,40.8462273,-73.8615713,MORRIS PARK AVE,10462,49,UNKNOWN,Street,17.86169893495857,False,BRONX,"(40.8462273, -73.8615713)",trafficstat,False,False,False,False,False,False,False,False,False,,,,,,,
2026-08-30,00:00,40.8430796,-73.8651404,WHITE PLAINS RD,10462,49,OTHER,Street,58.87943652023217,False,BRONX,"(40.8430796, -73.8651404)",trafficstat,False,False,False,False,False,False,False,False,False,,,,,,,
2026-08-29,00:00,40.8540146,-73.871866,BOSTON RD,10462,49,UNKNOWN,Street,2.6373808501895453,False,BRONX,"(40.8540146, -73.871866)",trafficstat,True,False,False,False,False,False,False,True,False,,,,,,,
2026-06-23,00:00,40.8540146,-73.871866,BOSTON RD,10462,49,UNKNOWN,Street,2.6373808501895453,False,BRONX,"(40.8540146, -73.871866)",trafficstat,True,False,False,False,False,False,False,True,False,,,,,,,
2026-08-29,00:00,40.8626923,-73.8485632,MACE AVE,10469,49,UNKNOWN,Street,65.15401279442645,False,BRONX,"(40.8626923, -73.8485632)",trafficstat,False,False,False,False,False,False,False,False,False,,,,,,,
2026-08-27,00:00,40.8655116,-73.8596128,COLDEN AVE,10469,49,UNKNOWN,Street,0.4358225096609173,False,BRONX,"(40.8655116, -73.8596128)",trafficstat,True,False,False,False,False,False,False,True,False,,,,,,,
2026-08-27,00:00,40.8685487,-73.8585796,PAULDING AVE,10469,49,UNKNOWN,Street,0.007570911010849898,False,BRONX,"(40.8685487, -73.8585796)",trafficstat,False,False,False,False,False,False,False,False,False,,,,,,,
2026-08-27,00:00,40.8414175,-73.8409303,WESTCHESTER AVE,10461,49,OTHER,Street,50.63430788581932,False,BRONX,"(40.8414175, -73.8409303)",trafficstat,True,False,False,False,False,False,True,False,False,,,,,,,
2026-07-15,00:00,40.8414175,-73.8409303,WESTCHESTER AVE,10461,49,OTHER,Street,50.63430788581932,False,BRONX,"(40.8414175, -73.8409303)",trafficstat,False,False,False,False,False,False,False,False,False,,,,,,,
2026-08-27,00:00,40.8452223,-73.8661181,WHITE PLAINS RD,10462,49,OTHER,Street,0.308309421703985,False,BRONX,"(40.8452223, -73.8661181)",trafficstat,False,False,False,False,False,False,False,False,False,,,,,,,
2026-08-26,00:00,40.861024,-73.8309575,ELY AVE,10469,49,UNKNOWN,Street,1.2019167540280506,False,BRONX,"(40.861024, -73.8309575)",trafficstat,False,False,False,False,False,False,False,False,False,,,,,,,
2026-08-25,00:00,40.8675505,-73.8615031,BRONXWOOD AVE,10469,49,UNKNOWN,Street,0.24669999402656495,False,BRONX,"(40.8675505, -73.8615031)",trafficstat,True,False,False,False,False,False,False,False,True,,,,,,,
2026-08-25,00:00,40.8447798,-73.8657529,WHITE PLAINS RD,10462,49,UNKNOWN,Street,54.60154895679299,False,BRONX,"(40.8447798, -73.8657529)",trafficstat,True,False,False,False,False,False,True,False,False,,,,,,,
2026-08-24,00:00,40.8554835,-73.8698171,BRONX PARK E,10462,49,UNKNOWN,Street,0.8412519095023203,False,BRONX,"(40.8554835, -73.8698171)",trafficstat,False,False,False,False,False,False,False,False,False,,,,,,,
2026-07-22,00:00,40.8554835,-73.8698171,BRONX PARK E,10462,49,OTHER,Street,0.8412519095023203,False,BRONX,"(40.8554835, -73.8698171)",trafficstat,False,False,False,False,False,False,False,False,False,,,,,,,
2026-07-19,00:00,40.8554835,-73.8698171,BRONX PARK E,10462,49,UNKNOWN,Street,0.8412519095023203,False,BRONX,"(40.8554835, -73.8698171)",trafficstat,False,False,False,False,False,False,False,False,False,,,,,,,
2026-06-26,00:00,40.8554835,-73.8698171,BRONX PARK E,10462,49,UNKNOWN,Street,0.8412519095023203,False,BRONX,"(40.8554835, -73.8698171)",trafficstat,True,False,False,False,False,False,False,True,False,,,,,,,
2026-08-24,00:00,40.8627028,-73.8398793,WESTERVELT AVE,10469,49,UNKNOWN,Street,0.24244063845628677,False,BRONX,"(40.8627028, -73.8398793)",trafficstat,False,False,False,False,False,False,False,False,False,,,,,,,
2026-08-21,00:00,40.8581165,-73.8566352,WILLIAMSBRIDGE RD,10469,49,OTHER,Street,0.159494514387296,False,BRONX,"(40.8581165, -73.8566352)",trafficstat,True,False,False,False,False,False,False,True,False,,,,,,,
2026-08-11,00:00,40.8581165,-73.8566352,WILLIAMSBRIDGE RD,10469,49,UNKNOWN,Street,0.159494514387296,False,BRONX,"(40.8581165, -73.8566352)",trafficstat,True,False,False,False,False,False,False,True,False,,,,,,,
2026-07-27,00:00,40.8581165,-73.8566352,WILLIAMSBRIDGE RD,10469,49,UNKNOWN,Street,0.159494514387296,False,BRONX,"(40.8581165, -73.8566352)",trafficstat,True,False,False,False,False,False,False,False,True,,,,,,,
2026-08-21,00:00,40.8523746,-73.8658181,HOLLAND AVE,10462,49,UNKNOWN,Street,0.7338117513157342,False,BRONX,"(40.8523746, -73.8658181)",trafficstat,True,False,False,False,False,False,False,True,False,,,,,,,
2026-08-20,00:00,40.8511893,-73.8443097,EASTCHESTER RD,10461,49,UNKNOWN,Street,1.6361379191420697,False,BRONX,"(40.8511893, -73.8443097)",trafficstat,True,False,False,False,False,False,False,True,False,,,,,,,
2026-08-20,00:00,40.8509868,-73.8451195,MORRIS PARK AVE,10461,49,OTHER,Street,54.76985834414546,False,BRONX,"(40.8509868, -73.8451195)",trafficstat,True,False,True,False,False,False,False,False,False,,,,,,,
2026-08-20,00:00,40.8482911,-73.8669555,CRUGER AVE,10462,49,OTHER,Street,45.52148419691044,False,BRONX,"(40.8482911, -73.8669555)",trafficstat,False,False,False,False,False,False,False,False,False,,,,,,,
2026-08-20,00:00,40.865532,-73.86237,BOSTON RD,10467,49,UNKNOWN,Street,2.4398947235615585,False,BRONX,"(40.865532, -73.86237)",trafficstat,False,False,False,False,False,False,False,False,False,,,,,,,
2026-08-16,00:00,40.865532,-73.86237,BOSTON RD,10467,49,UNKNOWN,Street,2.4398947235615585,False,BRONX,"(40.865532, -73.86237)",trafficstat,False,False,False,False,False,False,False,False,False,,,,,,,
2026-08-20,00:00,40.8652562,-73.868193,OLINVILLE AVE,10467,49,UNKNOWN,Street,50.39414232682132,False,BRONX,"(40.8652562, -73.868193)",trafficstat,True,False,True,False,False,False,False,False,False,,,,,,,
2026-08-19,00:00,40.84353,-73.856865,BRONXDALE AVE,10462,49,UNKNOWN,Street,2.6941114343180352,False,BRONX,"(40.84353, -73.856865)",trafficstat,True,False,False,False,True,False,False,False,False,,,,,,,
2026-08-18,00:00,40.8425494,-73.8645864,UNIONPORT RD,10462,49,UNKNOWN,Street,155.14048479070263,False,BRONX,"(40.8425494, -73.8645864)",trafficstat,True,False,False,False,True,False,False,False,False,,,,,,,
2026-08-18,00:00,40.8477786,-73.8673278,WHITE PLAINS RD,10462,49,UNKNOWN,Street,41.060579545862495,False,BRONX,"(40.8477786, -73.8673278)",trafficstat,True,False,False,False,False,False,False,False,False,,,,,,,
2026-08-18,00:00,40.8565883,-73.8406233,PELHAM PKWY S,10461,49,UNKNOWN,Street,23.799187272724474,False,BRONX,"(40.8565883, -73.8406233)",trafficstat,True,False,False,False,False,False,False,False,True,,,,,,,
2026-08-18,00:00,40.8590183,-73.8432903,EASTCHESTER RD,10469,49,UNKNOWN,Street,81.79611562810672,False,BRONX,"(40.8590183, -73.8432903)",trafficstat,False,False,False,False,False,False,False,False,False,,,,,,,
2026-08-17,00:00,40.8675635,-73.8571579,ARNOW AVE,10469,49,UNKNOWN,Street,54.63123073107428,False,BRONX,"(40.8675635, -73.8571579)",trafficstat,True,False,True,False,False,False,False,True,False,,,,,,,
2026-08-17,00:00,40.8578539,-73.8665843,PELHAM PKWY N,10467,49,UNKNOWN,Street,3.5442696609030895,False,BRONX,"(40.8578539, -73.8665843)",trafficstat,True,False,False,False,False,False,False,False,True,,,,,,,
2026-08-17,00:00,40.8553841,-73.8475688,JACOBI MEDICAL CENTER ACCESS RD,10461,49,UNKNOWN,Street,88.94017259908382,False,BRONX,"(40.8553841, -73.8475688)",trafficstat,False,False,False,False,False,False,False,False,False,,,,,,,
2026-08-16,00:00,40.853594,-73.8594862,PAULDING AVE,10462,49,UNKNOWN,Street,1.535552646526227,False,BRONX,"(40.853594, -73.8594862)",trafficstat,False,False,False,False,False,False,False,False,False,,,,,,,
2026-08-15,00:00,40.8462672,-73.8664198,WHITE PLAINS RD,10462,49,UNKNOWN,Street,20.478434113277338,False,BRONX,"(40.8462672, -73.8664198)",trafficstat,False,False,False,False,False,False,False,False,False,,,,,,,
2026-08-15,00:00,40.8694798,-73.8546149,YATES AVE,10469,49,OTHER,Street,0.49809061289479845,False,BRONX,"(40.8694798, -73.8546149)",trafficstat,True,False,False,True,False,False,False,False,False,,,,,,,
2026-08-15,00:00,40.8709881,-73.8472499,E  GUN HILL RD,10469,49,UNKNOWN,Street,1.736711562157627,False,BRONX,"(40.8709881, -73.8472499)",trafficstat,True,False,False,False,False,False,False,True,False,,,,,,,
2026-08-14,00:00,40.866574,-73.8387528,KINGSLAND AVE,10469,49,UNKNOWN,Street,0.3410606103897032,False,BRONX,"(40.866574, -73.8387528)",trafficstat,False,False,False,False,False,False,False,False,False,,,,,,,
2026-08-14,00:00,40.8573252,-73.8516265,NARRAGANSETT AVE,10461,49,UNKNOWN,Street,0.411544936377988,False,BRONX,"(40.8573252, -73.8516265)",trafficstat,False,False,False,False,False,False,False,False,False,,,,,,,
2026-08-14,00:00,40.8432141,-73.8389359,WATERS PL,10461,49,OTHER,Street,1.171364540516445,False,BRONX,"(40.8432141, -73.8389359)",trafficstat,False,False,False,False,False,False,False,False,False,,,,,,,
2026-06-15,00:00,40.8432141,-73.8389359,WATERS PL,10461,49,OTHER,Street,1.171364540516445,False,BRONX,"(40.8432141, -73.8389359)",trafficstat,True,False,True,False,False,False,False,False,False,,,,,,,
2026-08-14,00:00,40.8430503,-73.849629,E  TREMONT AVE,10461,49,OTHER,Street,53.995533202887145,False,BRONX,"(40.8430503, -73.849629)",trafficstat,True,False,False,False,False,False,False,False,False,,,,,,,
2026-08-14,00:00,40.8528749,-73.8531428,WILLIAMSBRIDGE RD,10461,49,UNKNOWN,Street,53.70196283506073,False,BRONX,"(40.8528749, -73.8531428)",trafficstat,False,False,False,False,False,False,False,False,False,,,,,,,
2026-06-22,00:00,40.8528749,-73.8531428,WILLIAMSBRIDGE RD,10461,49,OTHER,Street,53.70196283506073,False,BRONX,"(40.8528749, -73.8531428)",trafficstat,True,False,True,False,False,False,False,False,False,,,,,,,