crash_date,crash_time,latitude,longitude,on_street_name,zip_code,precinct,collision_type,roadway_type,geocode_dist_feet,time_is_known,borough,location,source,injury,fatality,injured_pedestrian,injured_cyclist,injured_ebike_rider,injured_motorcyclist,injured_moped_rider,injured_car_occupant,injured_suv_occupant,number_of_persons_injured,number_of_persons_killed,contributing_factor_vehicle_1,collision_id,cross_street_name,off_street_name,vehicle_type_code1
2026-08-13,00:00,40.845066,-73.866875,VICTOR ST,10462,49,UNKNOWN,Street,0.5582050878021146,False,BRONX,"(40.845066, -73.866875)",trafficstat,False,False,False,False,False,False,False,False,False,,,,,,,
2026-08-13,00:00,40.8563687,-73.8560444,WILLIAMSBRIDGE RD,10461,49,UNKNOWN,Street,60.46125524156013,False,BRONX,"(40.8563687, -73.8560444)",trafficstat,True,False,False,False,False,False,False,False,False,,,,,,,
2026-08-11,00:00,40.8647288,-73.8431081,EASTCHESTER RD,10469,49,UNKNOWN,Street,72.75096144405286,False,BRONX,"(40.8647288, -73.8431081)",trafficstat,False,False,False,False,False,False,False,False,False,,,,,,,
2026-08-11,00:00,40.8434647,-73.8478199,SILVER ST,10461,49,OTHER,Street,42.084322415310965,False,BRONX,"(40.8434647, -73.8478199)",trafficstat,False,False,False,False,False,False,False,False,False,,,,,,,
2026-08-11,00:00,40.854808,-73.8658681,HOLLAND AVE,10462,49,UNKNOWN,Street,34.42322936258729,False,BRONX,"(40.854808, -73.8658681)",trafficstat,True,False,True,False,False,False,False,False,False,,,,,,,
2026-08-09,00:00,40.8667262,-73.8607636,WILLIAMSBRIDGE RD,10469,49,UNKNOWN,Street,1.280916164309217,False,BRONX,"(40.8667262, -73.8607636)",trafficstat,True,False,True,True,False,False,False,False,False,,,,,,,
2026-08-09,00:00,40.8668217,-73.8392222,E  GUN HILL RD,10469,49,UNKNOWN,Street,2.2305108010916963,False,BRONX,"(40.8668217, -73.8392222)",trafficstat,True,False,False,False,False,False,False,False,False,,,,,,,
2026-08-09,00:00,40.8634638,-73.8584647,WILLIAMSBRIDGE RD,10469,49,UNKNOWN,Street,46.123276729495785,False,BRONX,"(40.8634638, -73.8584647)",trafficstat,True,False,True,False,False,False,False,False,False,,,,,,,
2026-08-08,00:00,40.859646,-73.8617545,BRONXWOOD AVE,10469,49,UNKNOWN,Street,0.8528354789921505,False,BRONX,"(40.859646, -73.8617545)",trafficstat,True,False,False,False,False,False,False,False,False,,,,,,,
2026-06-24,00:00,40.859646,-73.8617545,BRONXWOOD AVE,10469,49,UNKNOWN,Street,0.8528354789921505,False,BRONX,"(40.859646, -73.8617545)",trafficstat,True,False,False,False,False,False,False,True,False,,,,,,,
2026-08-08,00:00,40.8499516,-73.8621264,MULINER AVE,10462,49,UNKNOWN,Street,50.90560839155932,False,BRONX,"(40.8499516, -73.8621264)",trafficstat,True,False,False,True,False,False,False,False,False,,,,,,,
2026-08-07,00:00,40.8559692,-73.8417977,RHINELANDER AVE,10461,49,UNKNOWN,Street,45.18591354626189,False,BRONX,"(40.8559692, -73.8417977)",trafficstat,False,False,False,False,False,False,False,False,False,,,,,,,
2026-08-07,00:00,40.8609819,-73.8284103,NEW ENGLAND TRWY,10469,49,OTHER,Highway,5.050226426167362,False,BRONX,"(40.8609819, -73.8284103)",trafficstat,False,False,False,False,False,False,False,False,False,,,,,,,
2026-08-06,00:00,40.865494,-73.8586728,PAULDING AVE,10469,49,UNKNOWN,Street,0.47998277201675854,False,BRONX,"(40.865494, -73.8586728)",trafficstat,False,False,False,False,False,False,False,False,False,,,,,,,
2026-08-06,00:00,40.8438498,-73.8684565,FILLMORE ST,10460,49,UNKNOWN,Street,36.7263548676327,False,BRONX,"(40.8438498, -73.8684565)",trafficstat,False,False,False,False,False,False,False,False,False,,,,,,,
2026-08-05,00:00,40.8508959,-73.8617438,FOWLER AVE,10462,49,UNKNOWN,Street,1.0292416510391855,False,BRONX,"(40.8508959, -73.8617438)",trafficstat,False,False,False,False,False,False,False,False,False,,,,,,,
2026-08-05,00:00,40.8567572,-73.8628595,MATTHEWS AVE,10462,49,UNKNOWN,Street,0.08804754989368065,False,BRONX,"(40.8567572, -73.8628595)",trafficstat,False,False,False,False,False,False,False,False,False,,,,,,,
2026-08-05,00:00,40.8665774,-73.8673188,WHITE PLAINS RD,10467,49,UNKNOWN,Street,0.0854501732602725,False,BRONX,"(40.8665774, -73.8673188)",trafficstat,True,False,False,False,False,False,False,False,False,,,,,,,
2026-08-05,00:00,40.8660476,-73.8720597,SOUTHERN BLVD,10467,49,UNKNOWN,Street,16.711048035263307,False,BRONX,"(40.8660476, -73.8720597)",trafficstat,False,False,False,False,False,False,False,False,False,,,,,,,
2026-08-04,00:00,40.869335,-73.8574003,BOSTON RD,10469,49,OTHER,Street,59.19516703594705,False,BRONX,"(40.869335, -73.8574003)",trafficstat,True,False,True,False,False,False,False,False,False,,,,,,,
2026-06-15,00:00,40.869335,-73.8574003,BOSTON RD,10469,49,UNKNOWN,Street,59.19516703594705,False,BRONX,"(40.869335, -73.8574003)",trafficstat,False,False,False,False,False,False,False,False,False,,,,,,,
2026-08-04,00:00,40.8559878,-73.8442146,EASTCHESTER RD,10461,49,OTHER,Street,79.11830544751571,False,BRONX,"(40.8559878, -73.8442146)",trafficstat,False,False,False,False,False,False,False,False,False,,,,,,,
2026-07-16,00:00,40.8559878,-73.8442146,EASTCHESTER RD,10461,49,OTHER,Street,79.11830544751571,False,BRONX,"(40.8559878, -73.8442146)",trafficstat,False,False,False,False,False,False,False,False,False,,,,,,,
2026-08-04,00:00,40.8549832,-73.8363927,,,49,UNKNOWN,,300.4800016973494,False,BRONX,"(40.8549832, -73.8363927)",trafficstat,True,False,False,False,False,False,False,True,False,,,,,,,
2026-08-04,00:00,40.8425656,-73.8384062,HUTCHINSON RVR PY SB WESTCHESTER,10461,49,UNKNOWN,Ramp,0.5512840600613436,False,BRONX,"(40.8425656, -73.8384062)",trafficstat,True,False,False,False,False,True,False,True,False,,,,,,,
2026-08-03,00:00,40.8508399,-73.8678093,WHITE PLAINS RD,10462,49,OTHER,Street,0.07999416733450268,False,BRONX,"(40.8508399, -73.8678093)",trafficstat,True,False,False,False,False,False,False,False,False,,,,,,,
2026-08-03,00:00,40.8614046,-73.8705792,BRONX PARK E,10467,49,OTHER,Street,0.6724183190537566,False,BRONX,"(40.8614046, -73.8705792)",trafficstat,True,False,True,False,False,False,False,False,False,,,,,,,
2026-08-01,00:00,40.8677929,-73.8526271,TENBROECK AVE,10469,49,UNKNOWN,Street,51.764370901957975,False,BRONX,"(40.8677929, -73.8526271)",trafficstat,False,False,False,False,False,False,False,False,False,,,,,,,
2026-08-01,00:00,40.8527514,-73.8712337,BRONX RIVER PARKWAY EXIT 6 NB,10462,49,UNKNOWN,Ramp,1.5082968847772433,False,BRONX,"(40.8527514, -73.8712337)",trafficstat,False,False,False,False,False,False,False,False,False,,,,,,,
2026-06-23,00:00,40.8527514,-73.8712337,BRONX RIVER PARKWAY EXIT 6 NB,10462,49,UNKNOWN,Ramp,1.5082968847772433,False,BRONX,"(40.8527514, -73.8712337)",trafficstat,True,False,False,False,False,False,False,False,True,,,,,,,
2026-08-01,00:00,40.841315,-73.8700925,VAN BUREN ST,10460,49,UNKNOWN,Street,29.778868743315098,False,BRONX,"(40.841315, -73.8700925)",trafficstat,False,False,False,False,False,False,False,False,False,,,,,,,
2026-07-31,00:00,40.8554219,-73.8674757,WHITE PLAINS RD,10462,49,OTHER,Street,52.564262286436666,False,BRONX,"(40.8554219, -73.8674757)",trafficstat,False,False,False,False,False,False,False,False,False,,,,,,,
2026-07-13,00:00,40.8554219,-73.8674757,WHITE PLAINS RD,10462,49,UNKNOWN,Street,52.564262286436666,False,BRONX,"(40.8554219, -73.8674757)",trafficstat,True,False,True,False,False,False,False,False,False,,,,,,,
2026-07-30,00:00,40.8446812,-73.8611856,MATTHEWS AVE,10462,49,UNKNOWN,Street,0.6873512955499401,False,BRONX,"(40.8446812, -73.8611856)",trafficstat,False,False,False,False,False,False,False,False,False,,,,,,,
2026-07-30,00:00,40.8566878,-73.8692725,PELHAM PKWY S,10462,49,UNKNOWN,Street,1.9582944291436357,False,BRONX,"(40.8566878, -73.8692725)",trafficstat,True,False,False,False,False,False,False,True,False,,,,,,,
2026-07-24,00:00,40.8566878,-73.8692725,PELHAM PKWY S,10462,49,UNKNOWN,Street,1.9582944291436357,False,BRONX,"(40.8566878, -73.8692725)",trafficstat,True,False,False,False,False,False,False,True,False,,,,,,,
2026-07-10,00:00,40.8566878,-73.8692725,PELHAM PKWY S,10462,49,OTHER,Street,1.9582944291436357,False,BRONX,"(40.8566878, -73.8692725)",trafficstat,False,False,False,False,False,False,False,False,False,,,,,,,
2026-07-30,00:00,40.8567382,-73.8596664,PELHAM PKWY S,10461,49,UNKNOWN,Street,35.7277497997766,False,BRONX,"(40.8567382, -73.8596664)",trafficstat,False,False,False,False,False,False,False,False,False,,,,,,,
2026-07-30,00:00,40.8636401,-73.871679,BRONX RIVER PKWY,10467,49,UNKNOWN,Highway,7.9227249848217065,False,BRONX,"(40.8636401, -73.871679)",trafficstat,False,False,False,False,False,False,False,False,False,,,,,,,
2026-07-30,00:00,40.8641058,-73.8640016,BOSTON RD,10467,49,UNKNOWN,Street,58.66091462826636,False,BRONX,"(40.8641058, -73.8640016)",trafficstat,True,False,False,True,False,False,False,False,False,,,,,,,
2026-07-29,00:00,40.8613814,-73.8694368,BARKER AVE,10467,49,UNKNOWN,Street,0.18790823395151163,False,BRONX,"(40.8613814, -73.8694368)",trafficstat,True,False,True,False,False,False,False,False,False,,,,,,,
2026-07-29,00:00,40.8665115,-73.8720494,BRONX RIVER PKWY,10467,49,UNKNOWN,Highway,3.898591379958144,False,BRONX,"(40.8665115, -73.8720494)",trafficstat,True,False,False,False,False,False,False,True,False,,,,,,,
2026-07-29,00:00,40.8433678,-73.8568823,BRONXDALE AVE,10462,49,UNKNOWN,Street,58.47710007907772,False,BRONX,"(40.8433678, -73.8568823)",trafficstat,False,False,False,False,False,False,False,False,False,,,,,,,
2026-07-29,00:00,40.8544781,-73.8666923,CRUGER AVE,10462,49,UNKNOWN,Street,0.7704434021426705,False,BRONX,"(40.8544781, -73.8666923)",trafficstat,False,False,False,False,False,False,False,False,False,,,,,,,
2026-07-09,00:00,40.8544781,-73.8666923,CRUGER AVE,10462,49,UNKNOWN,Street,0.7704434021426705,False,BRONX,"(40.8544781, -73.8666923)",trafficstat,False,False,False,False,False,False,False,False,False,,,,,,,
2026-06-15,00:00,40.8544781,-73.8666923,CRUGER AVE,10462,49,UNKNOWN,Street,0.7704434021426705,False,BRONX,"(40.8544781, -73.8666923)",trafficstat,True,False,False,False,False,False,False,False,True,,,,,,,
2026-07-28,00:00,40.8483868,-73.8560146,MORRIS PARK AVE,10462,49,UNKNOWN,Street,52.016583863744856,False,BRONX,"(40.8483868, -73.8560146)",trafficstat,True,False,False,False,False,False,False,False,False,,,,,,,
2026-07-27,00:00,40.8414682,-73.8626091,E  TREMONT AVE,10462,49,OTHER,Street,2.454649253803401,False,BRONX,"(40.8414682, -73.8626091)",trafficstat,True,False,False,True,False,False,False,False,False,,,,,,,
2026-07-27,00:00,40.8550454,-73.8685755,BOLTON ST,10462,49,UNKNOWN,Street,29.29032192120325,False,BRONX,"(40.8550454, -73.8685755)",trafficstat,False,False,False,False,False,False,False,False,False,,,,,,,
2026-07-27,00:00,40.8593214,-73.867172,BOSTON RD,10467,49,UNKNOWN,Street,78.53640425282585,False,BRONX,"(40.8593214, -73.867172)",trafficstat,True,False,False,False,False,False,False,True,False,,,,,,,
2026-07-26,00:00,40.8696034,-73.8614337,BRONXWOOD AVE,10469,49,OTHER,Street,0.46913363719756745,False,BRONX,"(40.8696034, -73.8614337)",trafficstat,True,False,False,False,False,False,False,False,True,,,,,,,
2026-07-25,00:00,40.8545189,-73.8635025,LYDIG AVE,10462,49,UNKNOWN,Street,33.40335072591981,False,BRONX,"(40.8545189, -73.8635025)",trafficstat,False,False,False,False,False,False,False,False,False,,,,,,,
2026-07-25,00:00,40.8475,-73.86695,WHITE PLAINS RD,10462,49,OTHER,Street,1.4566653690773737,False,BRONX,"(40.8475, -73.86695)",trafficstat,True,False,False,False,False,False,False,True,True,,,,,,,
2026-07-24,00:00,40.8503039,-73.8513675,WILLIAMSBRIDGE RD,10461,49,UNKNOWN,Street,1.1060899174924574,False,BRONX,"(40.8503039, -73.8513675)",trafficstat,True,False,True,False,False,False,False,False,False,,,,,,,
2026-06-14,00:00,40.8503039,-73.8513675,WILLIAMSBRIDGE RD,10461,49,UNKNOWN,Street,1.1060899174924574,False,BRONX,"(40.8503039, -73.8513675)",trafficstat,True,False,False,False,False,False,False,False,True,,,,,,,
2026-07-24,00:00,40.8656481,-73.8573677,ALLERTON AVE,10469,49,UNKNOWN,Street,61.58766401172377,False,BRONX,"(40.8656481, -73.8573677)",trafficstat,False,False,False,False,False,False,False,False,False,,,,,,,
2026-07-24,00:00,40.8602659,-73.8620535,BRONXWOOD AVE,10469,49,UNKNOWN,Street,87.00481921528846,False,BRONX,"(40.8602659, -73.8620535)",trafficstat,True,False,False,False,False,False,False,False,False,,,,,,,
2026-07-24,00:00,40.8604565,-73.866491,BOSTON RD,10467,49,UNKNOWN,Street,167.4023340380938,False,BRONX,"(40.8604565, -73.866491)",trafficstat,True,False,False,False,True,False,False,False,False,,,,,,,
2026-07-23,00:00,40.8712633,-73.8499141,BOUCK AVE,10469,49,UNKNOWN,Street,0.31674017382352837,False,BRONX,"(40.8712633, -73.8499141)",trafficstat,True,False,False,False,False,True,False,False,False,,,,,,,
2026-07-23,00:00,40.8420551,-73.8686977,TAYLOR AVE,10460,49,UNKNOWN,Street,1.6895018238034674,False,BRONX,"(40.8420551, -73.8686977)",trafficstat,True,False,False,False,False,False,True,False,False,,,,,,,
2026-07-22,00:00,40.8685007,-73.8661177,CRUGER AVE,10467,49,OTHER,Street,34.91235433252722,False,BRONX,"(40.8685007, -73.8661177)",trafficstat,False,False,False,False,False,False,False,False,False,,,,,,,
2026-07-22,00:00,40.8653938,-73.8691253,BARKER AVE,10467,49,UNKNOWN,Street,1.0503067958497052,False,BRONX,"(40.8653938, -73.8691253)",trafficstat,False,False,False,False,False,False,False,False,False,,,,,,,
2026-07-16,00:00,40.8653938,-73.8691253,BARKER AVE,10467,49,OTHER,Street,1.0503067958497052,False,BRONX,"(40.8653938, -73.8691253)",trafficstat,True,False,True,False,False,False,False,False,False,,,,,,,
2026-07-21,00:00,40.8654482,-73.8663413,CRUGER AVE,10467,49,OTHER,Street,0.7156778067902854,False,BRONX,"(40.8654482, -73.8663413)",trafficstat,True,False,True,False,False,False,False,False,False,,,,,,,
2026-07-21,00:00,40.8510661,-73.8676102,WHITE PLAINS RD,10462,49,UNKNOWN,Street,54.476029717271864,False,BRONX,"(40.8510661, -73.8676102)",trafficstat,True,False,False,False,True,False,False,False,False,,,,,,,
2026-07-21,00:00,40.8493589,-73.8711932,BRONX RIVER PKWY,10462,49,UNKNOWN,Highway,14.88011424960399,False,BRONX,"(40.8493589, -73.8711932)",trafficstat,False,False,False,False,False,False,False,False,False,,,,,,,
2026-07-20,00:00,40.8439801,-73.8695939,GARFIELD ST,10460,49,UNKNOWN,Street,1.5863666241618133,False,BRONX,"(40.8439801, -73.8695939)",trafficstat,True,False,False,True,False,False,False,False,False,,,,,,,
2026-07-19,00:00,40.8499097,-73.8522431,TOMLINSON AVE,10461,49,OTHER,Street,1.8538384869820115,False,BRONX,"(40.8499097, -73.8522431)",trafficstat,True,False,False,False,False,False,False,True,False,,,,,,,
2026-07-18,00:00,40.867743,-73.8595466,COLDEN AVE,10469,49,OTHER,Street,0.25676779381850173,False,BRONX,"(40.867743, -73.8595466)",trafficstat,True,False,False,False,False,False,False,True,False,,,,,,,
2026-07-16,00:00,40.8474934,-73.8478232,YATES AVE,10461,49,OTHER,Street,40.02773805473737,False,BRONX,"(40.8474934, -73.8478232)",trafficstat,True,False,False,False,False,False,False,True,False,,,,,,,
2026-07-15,00:00,40.8539597,-73.8589629,LYDIG AVE,10461,49,UNKNOWN,Street,42.79286629373075,False,BRONX,"(40.8539597, -73.8589629)",trafficstat,False,False,False,False,False,False,False,False,False,,,,,,,
2026-07-15,00:00,40.8579039,-73.8646718,PELHAM PKWY N,10467,49,UNKNOWN,Street,3.497156069807455,False,BRONX,"(40.8579039, -73.8646718)",trafficstat,False,False,False,False,False,False,False,False,False,,,,,,,
2026-07-15,00:00,40.8687152,-73.8632895,BARNES AVE,10467,49,UNKNOWN,Street,35.48965461802667,False,BRONX,"(40.8687152, -73.8632895)",trafficstat,True,False,False,False,True,False,False,False,False,,,,,,,
2026-07-14,00:00,40.8552512,-73.8668116,CRUGER AVE,10462,49,UNKNOWN,Street,38.87399776987332,False,BRONX,"(40.8552512, -73.8668116)",trafficstat,False,False,False,False,False,False,False,False,False,,,,,,,
2026-07-13,00:00,40.8522277,-73.8682474,BRADY AVE,10462,49,OTHER,Street,72.57649379703307,False,BRONX,"(40.8522277, -73.8682474)",trafficstat,True,False,False,False,False,False,False,False,False,,,,,,,
2026-07-13,00:00,40.85126,-73.860937,BOGART AVE,10462,49,OTHER,Street,1.220472662378597,False,BRONX,"(40.85126, -73.860937)",trafficstat,False,False,False,False,False,False,False,False,False,,,,,,,
2026-07-13,00:00,40.866607,-73.869159,BARKER AVE,10467,49,UNKNOWN,Street,0.28747874010624097,False,BRONX,"(40.866607, -73.869159)",trafficstat,True,False,False,False,False,False,False,True,False,,,,,,,
2026-07-13,00:00,40.865925,-73.8488146,DEWITT PL,10469,49,OTHER,Street,57.13558953930933,False,BRONX,"(40.865925, -73.8488146)",trafficstat,True,False,True,False,False,False,False,False,False,,,,,,,
2026-07-13,00:00,40.8639957,-73.8371918,LODOVICK AVE,10469,49,OTHER,Street,45.54184471915691,False,BRONX,"(40.8639957, -73.8371918)",trafficstat,False,False,False,False,False,False,False,False,False,,,,,,,
2026-07-12,00:00,40.8630188,-73.8568705,LURTING AVE,10469,49,UNKNOWN,Street,0.4618058083896196,False,BRONX,"(40.8630188, -73.8568705)",trafficstat,True,False,False,False,True,False,False,False,False,,,,,,,
2026-07-12,00:00,40.8554333,-73.8553505,WILLIAMSBRIDGE RD,10461,49,UNKNOWN,Street,1.0991848151207415,False,BRONX,"(40.8554333, -73.8553505)",trafficstat,False,False,False,False,False,False,False,False,False,,,,,,,
2026-07-11,00:00,40.8617638,-73.8322631,ELY AVE,10469,49,UNKNOWN,Street,228.63947499695922,False,BRONX,"(40.8617638, -73.8322631)",trafficstat,True,False,True,False,False,False,False,False,False,,,,,,,
2026-07-11,00:00,40.8544429,-73.8648126,WALLACE AVE,10462,49,OTHER,Street,0.7600962859383006,False,BRONX,"(40.8544429, -73.8648126)",trafficstat,False,False,False,False,False,False,False,False,False,,,,,,,
2026-07-11,00:00,40.8652107,-73.8433549,EASTCHESTER RD,10469,49,UNKNOWN,Street,0.28427090314973136,False,BRONX,"(40.8652107, -73.8433549)",trafficstat,True,False,False,False,False,False,False,True,False,,,,,,,
2026-07-11,00:00,40.8656517,-73.8639617,ALLERTON AVE,10467,49,OTHER,Street,52.57395056652328,False,BRONX,"(40.8656517, -73.8639617)",trafficstat,True,False,False,False,False,False,True,False,False,,,,,,,
2026-07-11,00:00,40.8656517,-73.8639617,ALLERTON AVE,10467,49,UNKNOWN,Street,52.57395056652328,False,BRONX,"(40.8656517, -73.8639617)",trafficstat,True,False,False,False,False,False,True,False,False,,,,,,,
2026-07-11,00:00,40.8699149,-73.8451734,DEWITT PL,10469,49,UNKNOWN,Street,1.7151261982906933,False,BRONX,"(40.8699149, -73.8451734)",trafficstat,True,False,False,False,False,False,False,False,False,,,,,,,
2026-07-11,00:00,40.8676108,-73.8687541,ARNOW AVE,10467,49,UNKNOWN,Street,115.25293643061023,False,BRONX,"(40.8676108, -73.8687541)",trafficstat,True,False,True,False,False,False,False,False,False,,,,,,,
2026-07-10,00:00,40.8530577,-73.8687369,BRONX PARK E,10462,49,UNKNOWN,Street,55.34677667376559,False,BRONX,"(40.8530577, -73.8687369)",trafficstat,True,False,False,True,False,False,False,False,False,,,,,,,
2026-07-10,00:00,40.8545531,-73.865622,LYDIG AVE,10462,49,UNKNOWN,Street,31.624597356082656,False,BRONX,"(40.8545531, -73.865622)",trafficstat,False,False,False,False,False,False,False,False,False,,,,,,,
2026-07-10,00:00,40.8452885,-73.8486318,SACKET AVE,10461,49,UNKNOWN,Street,2.6477360718552516,False,BRONX,"(40.8452885, -73.8486318)",trafficstat,False,False,False,False,False,False,False,False,False,,,,,,,
2026-07-09,00:00,40.8445661,-73.8546151,RADCLIFF AVE,10462,49,OTHER,Street,1.41168933983719,False,BRONX,"(40.8445661, -73.8546151)",trafficstat,True,False,False,False,False,False,False,False,True,,,,,,,
2026-07-09,00:00,40.8682988,-73.869604,ARNOW AVE,10467,49,UNKNOWN,Street,129.6954319397716,False,BRONX,"(40.8682988, -73.869604)",trafficstat,False,False,False,False,False,False,False,False,False,,,,,,,
2026-07-06,00:00,40.8522383,-73.8714009,BRONX RIVER PKWY,10462,49,UNKNOWN,Highway,8.523037414247398,False,BRONX,"(40.8522383, -73.8714009)",trafficstat,True,False,False,False,False,False,False,True,False,,,,,,,
2026-07-05,00:00,40.8553602,-73.8695634,BRONX PARK E,10462,49,OTHER,Street,54.994202795393456,False,BRONX,"(40.8553602, -73.8695634)",trafficstat,True,False,False,False,False,False,False,True,False,,,,,,,
2026-07-05,00:00,40.8471826,-73.8656632,HUNT AVE,10462,49,UNKNOWN,Street,44.78654593546505,False,BRONX,"(40.8471826, -73.8656632)",trafficstat,False,False,False,False,False,False,False,False,False,,,,,,,
2026-07-03,00:00,40.869442,-73.860221,ADEE AVE,10469,49,OTHER,Street,53.69561968875497,False,BRONX,"(40.869442, -73.860221)",trafficstat,True,False,False,False,False,False,False,False,False,,,,,,,
2026-07-02,00:00,40.867781,-73.861499,BRONXWOOD AVE,10469,49,UNKNOWN,Street,0.19271194290255722,False,BRONX,"(40.867781, -73.861499)",trafficstat,True,False,False,False,False,False,False,True,False,,,,,,,
2026-07-02,00:00,40.863107,-73.8616461,BRONXWOOD AVE,10469,49,UNKNOWN,Street,0.12318627567333465,False,BRONX,"(40.863107, -73.8616461)",trafficstat,False,False,False,False,False,False,False,False,False,,,,,,,
2026-06-20,00:00,40.863107,-73.8616461,BRONXWOOD AVE,10469,49,UNKNOWN,Street,0.12318627567333465,False,BRONX,"(40.863107, -73.8616461)",trafficstat,False,False,False,False,False,False,False,False,False,,,,,,,
2026-07-02,00:00,40.8612935,-73.8645926,WALLACE AVE,10467,49,UNKNOWN,Street,0.7028575089367417,False,BRONX,"(40.8612935, -73.8645926)",trafficstat,True,False,True,False,False,False,False,False,False,,,,,,,
2026-07-01,00:00,40.865441,-73.8557806,LACONIA AVE,10469,49,UNKNOWN,Street,0.37194187512760457,False,BRONX,"(40.865441, -73.8557806)",trafficstat,True,False,False,False,False,False,False,False,False,,,,,,,
2026-07-01,00:00,40.8615667,-73.8416245,WOODHULL AVE,10469,49,UNKNOWN,Street,49.46647435293576,False,BRONX,"(40.8615667, -73.8416245)",trafficstat,False,False,False,False,False,False,False,False,False,,,,,,,
2026-06-30,00:00,40.8595526,-73.8429194,ASTOR AVE,10469,49,UNKNOWN,Street,17.887009108776454,False,BRONX,"(40.8595526, -73.8429194)",trafficstat,True,False,False,False,False,False,False,False,True,,,,,,,
2026-06-30,00:00,40.8688914,-73.8640557,WILLIAMSBRIDGE RD,10467,49,UNKNOWN,Street,70.84728039106747,False,BRONX,"(40.8688914, -73.8640557)",trafficstat,False,False,False,False,False,False,False,False,False,,,,,,,
2026-06-29,00:00,40.86701,-73.8675005,WHITE PLAINS RD,10467,49,UNKNOWN,Street,53.99125753023637,False,BRONX,"(40.86701, -73.8675005)",trafficstat,False,False,False,False,False,False,False,False,False,,,,,,,
2026-06-29,00:00,40.8655081,-73.8635211,BARNES AVE,10467,49,OTHER,Street,0.04390480979499016,False,BRONX,"(40.8655081, -73.8635211)",trafficstat,True,False,True,False,False,False,False,False,False,,,,,,,
2026-06-29,00:00,40.8490558,-73.8680835,SAGAMORE ST,10462,49,OTHER,Street,48.32520769262986,False,BRONX,"(40.8490558, -73.8680835)",trafficstat,True,False,False,False,False,False,False,False,True,,,,,,,
2026-06-29,00:00,40.8528948,-73.862839,MATTHEWS AVE,10462,49,UNKNOWN,Street,39.92202540860896,False,BRONX,"(40.8528948, -73.862839)",trafficstat,False,False,False,False,False,False,False,False,False,,,,,,,
2026-06-28,00:00,40.8566797,-73.8617691,PELHAM PKWY S,10462,49,OTHER,Street,42.20610408266454,False,BRONX,"(40.8566797, -73.8617691)",trafficstat,False,False,False,False,False,False,False,False,False,,,,,,,
2026-06-28,00:00,40.8422042,-73.8390866,WESTCHESTER AVE,10461,49,OTHER,Street,2.8890890777813367,False,BRONX,"(40.8422042, -73.8390866)",trafficstat,True,False,False,False,True,False,False,False,False,,,,,,,
2026-06-28,00:00,40.8440281,-73.8534926,SACKET AVE,10462,49,UNKNOWN,Street,77.57018738297695,False,BRONX,"(40.8440281, -73.8534926)",trafficstat,False,False,False,False,False,False,False,False,False,,,,,,,
2026-06-28,00:00,40.8411692,-73.8721188,BRONX RIVER PKWY,10460,49,OTHER,Highway,74.25152551745002,False,BRONX,"(40.8411692, -73.8721188)",trafficstat,False,False,False,False,False,False,False,False,False,,,,,,,
2026-06-28,00:00,40.8680505,-73.8587748,PAULDING AVE,10469,49,OTHER,Street,50.01235975255124,False,BRONX,"(40.8680505, -73.8587748)",trafficstat,True,False,False,False,True,False,False,False,False,,,,,,,
2026-06-28,00:00,40.8780917,-73.8655985,WHITE PLAINS RD,10467,49,OTHER,Street,51.13836485340534,False,BRONX,"(40.8780917, -73.8655985)",trafficstat,True,False,False,False,False,True,False,False,False,,,,,,,
2026-06-27,00:00,40.8477457,-73.8574381,MORRIS PARK AVE,10462,49,UNKNOWN,Street,52.19213929351413,False,BRONX,"(40.8477457, -73.8574381)",trafficstat,True,False,False,False,False,False,False,False,False,,,,,,,
2026-06-26,00:00,40.8541997,-73.8544097,WILLIAMSBRIDGE RD,10461,49,UNKNOWN,Street,1.6961038272439934,False,BRONX,"(40.8541997, -73.8544097)",trafficstat,True,False,False,False,False,False,False,True,False,,,,,,,
2026-06-25,00:00,40.8621201,-73.8567006,LURTING AVE,10469,49,UNKNOWN,Street,55.34500522241727,False,BRONX,"(40.8621201, -73.8567006)",trafficstat,True,False,False,False,False,False,False,False,False,,,,,,,
2026-06-25,00:00,40.8589357,-73.8426841,EASTCHESTER RD,10469,49,UNKNOWN,Street,86.74420716515222,False,BRONX,"(40.8589357, -73.8426841)",trafficstat,False,False,False,False,False,False,False,False,False,,,,,,,
2026-06-25,00:00,40.8433984,-73.8394115,WATERS PL,10461,49,UNKNOWN,Street,71.42325925962936,False,BRONX,"(40.8433984, -73.8394115)",trafficstat,True,False,True,False,False,False,False,False,False,,,,,,,
2026-06-25,00:00,40.865364,-73.87042,BRONX PARK E,10467,49,UNKNOWN,Street,0.6351502426277162,False,BRONX,"(40.865364, -73.87042)",trafficstat,True,False,False,True,False,False,False,False,False,,,,,,,
2026-06-19,00:00,40.865364,-73.87042,BRONX PARK E,10467,49,UNKNOWN,Street,0.6351502426277162,False,BRONX,"(40.865364, -73.87042)",trafficstat,True,False,True,False,False,False,False,False,False,,,,,,,