crash_date,crash_time,latitude,longitude,on_street_name,zip_code,precinct,collision_type,roadway_type,geocode_dist_feet,time_is_known,borough,location,source,injury,fatality,injured_pedestrian,injured_cyclist,injured_ebike_rider,injured_motorcyclist,injured_moped_rider,injured_car_occupant,injured_suv_occupant,number_of_persons_injured,number_of_persons_killed,contributing_factor_vehicle_1,collision_id,cross_street_name,off_street_name,vehicle_type_code1
2026-06-24,00:00,40.8444103,-73.8688919,FILLMORE ST,10460,49,UNKNOWN,Street,1.334826740463987,False,BRONX,"(40.8444103, -73.8688919)",trafficstat,True,False,False,False,False,False,True,False,False,,,,,,,
2026-06-24,00:00,40.8450667,-73.8668774,VICTOR ST,10462,49,UNKNOWN,Street,0.0050277584173803805,False,BRONX,"(40.8450667, -73.8668774)",trafficstat,True,False,False,False,False,False,False,False,False,,,,,,,
2026-06-24,00:00,40.8470803,-73.8683553,RHINELANDER AVE,10462,49,OTHER,Street,2.7902943145223222,False,BRONX,"(40.8470803, -73.8683553)",trafficstat,False,False,False,False,False,False,False,False,False,,,,,,,
2026-06-24,00:00,40.85366,-73.86773,WHITE PLAINS RD,10462,49,OTHER,Street,0.637570454436907,False,BRONX,"(40.85366, -73.86773)",trafficstat,False,False,False,False,False,False,False,False,False,,,,,,,
2026-06-14,00:00,40.85366,-73.86773,WHITE PLAINS RD,10462,49,UNKNOWN,Street,0.637570454436907,False,BRONX,"(40.85366, -73.86773)",trafficstat,True,False,False,False,False,False,False,True,False,,,,,,,
2026-06-23,00:00,40.8528982,-73.8675608,WHITE PLAINS RD,10462,49,UNKNOWN,Street,53.968027147774734,False,BRONX,"(40.8528982, -73.8675608)",trafficstat,True,False,False,False,False,False,False,True,False,,,,,,,
2026-06-23,00:00,40.8578803,-73.8656407,PELHAM PKWY N,10467,49,OTHER,Street,3.4850293890944073,False,BRONX,"(40.8578803, -73.8656407)",trafficstat,True,False,False,False,False,False,False,False,False,,,,,,,
2026-06-22,00:00,40.8444893,-73.8462337,WILLIAMSBRIDGE RD,10461,49,OTHER,Street,1.435115951951964,False,BRONX,"(40.8444893, -73.8462337)",trafficstat,True,False,False,False,False,False,False,False,True,,,,,,,
2026-06-20,00:00,40.8554321,-73.8438732,EASTCHESTER RD,10461,49,OTHER,Street,0.4559854664040546,False,BRONX,"(40.8554321, -73.8438732)",trafficstat,False,False,False,False,False,False,False,False,False,,,,,,,
2026-06-19,00:00,40.8563263,-73.8724291,BRONX RIVER PKWY,10462,49,UNKNOWN,Highway,13.855489657356193,False,BRONX,"(40.8563263, -73.8724291)",trafficstat,True,False,False,True,False,False,False,False,False,,,,,,,
2026-06-19,00:00,40.8400595,-73.8709532,VAN NEST AVE,10460,49,UNKNOWN,Street,2.030504967056082,False,BRONX,"(40.8400595, -73.8709532)",trafficstat,True,False,False,False,False,False,False,False,False,,,,,,,
2026-06-19,00:00,40.8410868,-73.8644784,WHITE PLAINS RD,10462,49,OTHER,Street,0.4734362288432547,False,BRONX,"(40.8410868, -73.8644784)",trafficstat,True,False,True,False,False,False,False,False,False,,,,,,,
2026-06-18,00:00,40.8472758,-73.8707119,RANAQUA LOOP,10462,49,OTHER,Street,38.88737117489043,False,BRONX,"(40.8472758, -73.8707119)",trafficstat,False,False,False,False,False,False,False,False,False,,,,,,,
2026-06-18,00:00,40.8607722,-73.8719448,BRONX RIVER PKWY,10462,49,OTHER,Highway,0.391982217910645,False,BRONX,"(40.8607722, -73.8719448)",trafficstat,False,False,False,False,False,False,False,False,False,,,,,,,
2026-06-18,00:00,40.854591,-73.8646822,WALLACE AVE,10462,49,UNKNOWN,Street,35.484077631570095,False,BRONX,"(40.854591, -73.8646822)",trafficstat,True,False,False,False,False,False,False,False,True,,,,,,,
2026-06-17,00:00,40.8509485,-73.8668042,CRUGER AVE,10462,49,OTHER,Street,0.598803254371116,False,BRONX,"(40.8509485, -73.8668042)",trafficstat,True,False,False,False,False,True,False,False,False,,,,,,,
2026-06-17,00:00,40.8518568,-73.8714545,BRONX RIVER PKWY,10462,49,UNKNOWN,Highway,18.491150495605165,False,BRONX,"(40.8518568, -73.8714545)",trafficstat,True,False,False,False,False,False,False,True,False,,,,,,,
2026-06-13,00:00,40.8524126,-73.86777,WHITE PLAINS RD,10462,49,UNKNOWN,Street,0.29098118133735956,False,BRONX,"(40.8524126, -73.86777)",trafficstat,False,False,False,False,False,False,False,False,False,,,,,,,
2026-06-13,00:00,40.8428394,-73.8378829,HUTCHINSON RIVER PKWY,10461,49,OTHER,Highway,0.7522594940927018,False,BRONX,"(40.8428394, -73.8378829)",trafficstat,True,False,False,False,False,True,False,False,False,,,,,,,
2026-06-13,00:00,40.8600489,-73.8705084,BRONX PARK E,10467,49,OTHER,Street,65.52008397314948,False,BRONX,"(40.8600489, -73.8705084)",trafficstat,True,False,False,False,False,False,True,False,False,,,,,,,
2026-06-13,00:00,40.8608543,-73.8408852,MICKLE AVE,10469,49,UNKNOWN,Street,0.0704002316270214,False,BRONX,"(40.8608543, -73.8408852)",trafficstat,True,False,False,False,False,False,False,True,False,,,,,,,
2026-06-12,00:00,40.8399207,-73.8714755,E  TREMONT AVE,10460,49,UNKNOWN,Street,81.69906142604003,False,BRONX,"(40.8399207, -73.8714755)",trafficstat,False,False,False,False,False,False,False,False,False,,,,,,,
2026-06-12,00:00,40.8524246,-73.8687242,BRONX PARK E,10462,49,UNKNOWN,Street,0.6086668309371646,False,BRONX,"(40.8524246, -73.8687242)",trafficstat,True,False,False,True,False,False,False,False,False,,,,,,,
2026-06-12,00:00,40.8489933,-73.8503439,WILLIAMSBRIDGE RD,10461,49,UNKNOWN,Street,0.7080456016686412,False,BRONX,"(40.8489933, -73.8503439)",trafficstat,True,False,False,False,False,True,False,False,False,,,,,,,
2026-06-12,00:00,40.8561698,-73.8382166,PELHAM PKWY S,10461,49,UNKNOWN,Street,40.48191182304668,False,BRONX,"(40.8561698, -73.8382166)",trafficstat,False,False,False,False,False,False,False,False,False,,,,,,,
2026-09-12,00:00,40.8764759,-73.9044863,W  230 ST,10463,50,OTHER,Street,3.107327264011272,False,BRONX,"(40.8764759, -73.9044863)",trafficstat,True,False,False,False,False,False,False,False,True,,,,,,,
2026-07-27,00:00,40.8764759,-73.9044863,W  230 ST,10463,50,OTHER,Street,3.107327264011272,False,BRONX,"(40.8764759, -73.9044863)",trafficstat,True,False,False,False,False,False,False,False,True,,,,,,,
2026-07-10,00:00,40.8764759,-73.9044863,W  230 ST,10463,50,OTHER,Street,3.107327264011272,False,BRONX,"(40.8764759, -73.9044863)",trafficstat,False,False,False,False,False,False,False,False,False,,,,,,,
2026-07-08,00:00,40.8764759,-73.9044863,W  230 ST,10463,50,UNKNOWN,Street,3.107327264011272,False,BRONX,"(40.8764759, -73.9044863)",trafficstat,True,False,False,False,False,False,False,False,True,,,,,,,
2026-07-06,00:00,40.8764759,-73.9044863,W  230 ST,10463,50,OTHER,Street,3.107327264011272,False,BRONX,"(40.8764759, -73.9044863)",trafficstat,False,False,False,False,False,False,False,False,False,,,,,,,
2026-06-26,00:00,40.8764759,-73.9044863,W  230 ST,10463,50,UNKNOWN,Street,3.107327264011272,False,BRONX,"(40.8764759, -73.9044863)",trafficstat,False,False,False,False,False,False,False,False,False,,,,,,,
2026-09-12,00:00,40.8891452,-73.8888381,MAJOR DEEGAN EXPY,10471,50,UNKNOWN,Highway,0.09184935643146167,False,BRONX,"(40.8891452, -73.8888381)",trafficstat,True,False,False,False,False,False,False,True,False,,,,,,,
2026-09-09,00:00,40.8751316,-73.9051694,MAJOR DEEGAN EXPY,10463,50,UNKNOWN,Highway,1.2238250132059898,False,BRONX,"(40.8751316, -73.9051694)",trafficstat,False,False,False,False,False,False,False,False,False,,,,,,,
2026-08-24,00:00,40.8751316,-73.9051694,MAJOR DEEGAN EXPY,10463,50,UNKNOWN,Highway,1.2238250132059898,False,BRONX,"(40.8751316, -73.9051694)",trafficstat,False,False,False,False,False,False,False,False,False,,,,,,,
2026-08-05,00:00,40.8751316,-73.9051694,MAJOR DEEGAN EXPY,10463,50,UNKNOWN,Highway,1.2238250132059898,False,BRONX,"(40.8751316, -73.9051694)",trafficstat,True,False,False,False,False,False,False,True,False,,,,,,,
2026-07-30,00:00,40.8751316,-73.9051694,MAJOR DEEGAN EXPY,10463,50,UNKNOWN,Highway,1.2238250132059898,False,BRONX,"(40.8751316, -73.9051694)",trafficstat,True,False,False,False,False,False,False,False,True,,,,,,,
2026-07-14,00:00,40.8751316,-73.9051694,MAJOR DEEGAN EXPY,10463,50,UNKNOWN,Highway,1.2238250132059898,False,BRONX,"(40.8751316, -73.9051694)",trafficstat,True,False,False,False,False,False,False,True,False,,,,,,,
2026-07-12,00:00,40.8751316,-73.9051694,MAJOR DEEGAN EXPY,10463,50,UNKNOWN,Highway,1.2238250132059898,False,BRONX,"(40.8751316, -73.9051694)",trafficstat,False,False,False,False,False,False,False,False,False,,,,,,,
2026-06-30,00:00,40.8751316,-73.9051694,MAJOR DEEGAN EXPY,10463,50,OTHER,Highway,1.2238250132059898,False,BRONX,"(40.8751316, -73.9051694)",trafficstat,True,False,False,False,False,False,False,False,True,,,,,,,
2026-06-13,00:00,40.8751316,-73.9051694,MAJOR DEEGAN EXPY,10463,50,UNKNOWN,Highway,1.2238250132059898,False,BRONX,"(40.8751316, -73.9051694)",trafficstat,True,False,False,False,False,False,False,True,False,,,,,,,
2026-09-09,00:00,40.8766744,-73.9055086,W  230 ST,10463,50,OTHER,Bridge,62.58794858939156,False,BRONX,"(40.8766744, -73.9055086)",trafficstat,False,False,False,False,False,False,False,False,False,,,,,,,
2026-09-08,00:00,40.8894584,-73.8982722,W  242 ST,10471,50,UNKNOWN,Street,2.503241756202323,False,BRONX,"(40.8894584, -73.8982722)",trafficstat,True,False,True,False,False,False,False,False,False,,,,,,,
2026-08-06,00:00,40.8894584,-73.8982722,W  242 ST,10471,50,UNKNOWN,Street,2.503241756202323,False,BRONX,"(40.8894584, -73.8982722)",trafficstat,True,False,False,False,False,False,False,True,False,,,,,,,
2026-07-08,00:00,40.8894584,-73.8982722,W  242 ST,10471,50,UNKNOWN,Street,2.503241756202323,False,BRONX,"(40.8894584, -73.8982722)",trafficstat,True,False,True,False,False,False,False,False,False,,,,,,,
2026-06-12,00:00,40.8894584,-73.8982722,W  242 ST,10471,50,OTHER,Street,2.503241756202323,False,BRONX,"(40.8894584, -73.8982722)",trafficstat,False,False,False,False,False,False,False,False,False,,,,,,,
2026-09-07,00:00,40.8780099,-73.9040805,MAJOR DEEGAN EXPY,10463,50,UNKNOWN,Highway,15.594604842415897,False,BRONX,"(40.8780099, -73.9040805)",trafficstat,False,False,False,False,False,False,False,False,False,,,,,,,
2026-08-21,00:00,40.8780099,-73.9040805,MAJOR DEEGAN EXPY,10463,50,UNKNOWN,Highway,15.594604842415897,False,BRONX,"(40.8780099, -73.9040805)",trafficstat,True,False,False,False,False,False,False,True,False,,,,,,,
2026-09-07,00:00,40.8842507,-73.8938372,VAN CORTLANDT AVE W,10463,50,OTHER,Street,60.777417591409616,False,BRONX,"(40.8842507, -73.8938372)",trafficstat,True,False,False,False,False,False,False,True,True,,,,,,,
2026-09-07,00:00,40.8813626,-73.9093829,W  231 ST,10463,50,UNKNOWN,Street,2.571006798946027,False,BRONX,"(40.8813626, -73.9093829)",trafficstat,False,False,False,False,False,False,False,False,False,,,,,,,
2026-09-06,00:00,40.8727888,-73.9029586,KINGSBRIDGE TER,10463,50,UNKNOWN,Street,51.323495874596325,False,BRONX,"(40.8727888, -73.9029586)",trafficstat,False,False,False,False,False,False,False,False,False,,,,,,,
2026-09-05,00:00,40.8886805,-73.8909184,MAJOR DEEGAN EXPY,10471,50,UNKNOWN,Highway,0.42169070781257134,False,BRONX,"(40.8886805, -73.8909184)",trafficstat,False,False,False,False,False,False,False,False,False,,,,,,,
2026-09-05,00:00,40.8946418,-73.8822857,MAJOR DEEGAN EXPY,10471,50,UNKNOWN,Highway,10.169471420670378,False,BRONX,"(40.8946418, -73.8822857)",trafficstat,False,False,False,False,False,False,False,False,False,,,,,,,
2026-06-29,00:00,40.8946418,-73.8822857,MAJOR DEEGAN EXPY,10471,50,UNKNOWN,Highway,10.169471420670378,False,BRONX,"(40.8946418, -73.8822857)",trafficstat,True,False,False,False,False,False,False,True,False,,,,,,,
2026-09-03,00:00,40.8830416,-73.9091286,W  232 ST,10463,50,UNKNOWN,Street,28.43573898399407,False,BRONX,"(40.8830416, -73.9091286)",trafficstat,True,False,False,False,True,False,False,False,False,,,,,,,
2026-09-03,00:00,40.8705839,-73.9044123,W  KINGSBRIDGE RD,10463,50,UNKNOWN,Street,20.618542928013756,False,BRONX,"(40.8705839, -73.9044123)",trafficstat,True,False,False,True,False,False,False,False,False,,,,,,,
2026-09-03,00:00,40.8742244,-73.9082328,W  225 ST,10463,50,UNKNOWN,Street,177.91484567879405,False,BRONX,"(40.8742244, -73.9082328)",trafficstat,True,False,False,False,False,False,False,False,True,,,,,,,
2026-09-03,00:00,40.8830593,-73.8998312,MAJOR DEEGAN EXPY,10463,50,UNKNOWN,Highway,12.608435147137014,False,BRONX,"(40.8830593, -73.8998312)",trafficstat,True,False,False,False,False,False,False,False,True,,,,,,,
2026-09-03,00:00,40.8743828,-73.9024095,KINGSBRIDGE TER,10463,50,UNKNOWN,Street,50.72189102564068,False,BRONX,"(40.8743828, -73.9024095)",trafficstat,True,False,False,False,False,False,False,True,False,,,,,,,
2026-09-01,00:00,40.8762586,-73.9039478,BAILEY AVE,10463,50,UNKNOWN,Street,1.3835121031029725,False,BRONX,"(40.8762586, -73.9039478)",trafficstat,True,False,False,True,False,False,False,False,False,,,,,,,
2026-08-11,00:00,40.8762586,-73.9039478,BAILEY AVE,10463,50,UNKNOWN,Street,1.3835121031029725,False,BRONX,"(40.8762586, -73.9039478)",trafficstat,True,False,False,False,False,False,False,True,False,,,,,,,
2026-08-09,00:00,40.8762586,-73.9039478,BAILEY AVE,10463,50,UNKNOWN,Street,1.3835121031029725,False,BRONX,"(40.8762586, -73.9039478)",trafficstat,True,False,False,False,False,False,False,True,False,,,,,,,
2026-07-21,00:00,40.8762586,-73.9039478,BAILEY AVE,10463,50,UNKNOWN,Street,1.3835121031029725,False,BRONX,"(40.8762586, -73.9039478)",trafficstat,False,False,False,False,False,False,False,False,False,,,,,,,
2026-09-01,00:00,40.8716628,-73.8993458,UNIVERSITY AVE,10468,50,UNKNOWN,Street,44.39262101725972,False,BRONX,"(40.8716628, -73.8993458)",trafficstat,False,False,False,False,False,False,False,False,False,,,,,,,
2026-08-31,00:00,40.875046,-73.91227,W  225 ST,10463,50,UNKNOWN,Street,2.416773373104218,False,BRONX,"(40.875046, -73.91227)",trafficstat,False,False,False,False,False,False,False,False,False,,,,,,,
2026-08-31,00:00,40.8963373,-73.9084953,HENRY HUDSON PKWY W,10471,50,UNKNOWN,Street,54.08964211673401,False,BRONX,"(40.8963373, -73.9084953)",trafficstat,False,False,False,False,False,False,False,False,False,,,,,,,
2026-08-29,00:00,40.8864399,-73.8957972,MAJOR DEEGAN EXPY,10471,50,UNKNOWN,Highway,9.830580095755497,False,BRONX,"(40.8864399, -73.8957972)",trafficstat,False,False,False,False,False,False,False,False,False,,,,,,,
2026-07-03,00:00,40.8864399,-73.8957972,MAJOR DEEGAN EXPY,10471,50,UNKNOWN,Highway,9.830580095755497,False,BRONX,"(40.8864399, -73.8957972)",trafficstat,False,False,False,False,False,False,False,False,False,,,,,,,
2026-08-29,00:00,40.8746179,-73.9047095,BAILEY AVE,10463,50,OTHER,Street,1.2605355784540118,False,BRONX,"(40.8746179, -73.9047095)",trafficstat,False,False,False,False,False,False,False,False,False,,,,,,,
2026-08-29,00:00,40.8680184,-73.8999645,W  KINGSBRIDGE RD,10468,50,UNKNOWN,Street,2.260377309769672,False,BRONX,"(40.8680184, -73.8999645)",trafficstat,True,False,False,False,False,False,False,False,True,,,,,,,
2026-08-28,00:00,40.8736601,-73.8983723,RESERVOIR AVE,10468,50,OTHER,Street,1.049918605484788,False,BRONX,"(40.8736601, -73.8983723)",trafficstat,True,False,False,False,False,False,False,False,True,,,,,,,
2026-08-28,00:00,40.8746384,-73.9097356,W  225 ST,10463,50,OTHER,Street,1.9348371889451257,False,BRONX,"(40.8746384, -73.9097356)",trafficstat,True,False,True,False,False,False,False,False,False,,,,,,,
2026-06-15,00:00,40.8746384,-73.9097356,W  225 ST,10463,50,UNKNOWN,Street,1.9348371889451257,False,BRONX,"(40.8746384, -73.9097356)",trafficstat,False,False,False,False,False,False,False,False,False,,,,,,,
2026-08-27,00:00,40.8773253,-73.9034311,ALBANY CRES,10463,50,UNKNOWN,Street,70.23444106261246,False,BRONX,"(40.8773253, -73.9034311)",trafficstat,False,False,False,False,False,False,False,False,False,,,,,,,
2026-08-27,00:00,40.8934547,-73.8836441,UNNAMED ST,10471,50,UNKNOWN,Street,1.767327394714218,False,BRONX,"(40.8934547, -73.8836441)",trafficstat,False,False,False,False,False,False,False,False,False,,,,,,,
2026-08-09,00:00,40.8934547,-73.8836441,UNNAMED ST,10471,50,UNKNOWN,Street,1.767327394714218,False,BRONX,"(40.8934547, -73.8836441)",trafficstat,True,False,False,False,False,True,False,False,False,,,,,,,
2026-08-27,00:00,40.8864813,-73.8960214,MAJOR DEEGAN EXPY,10471,50,UNKNOWN,Highway,9.934471921234225,False,BRONX,"(40.8864813, -73.8960214)",trafficstat,False,False,False,False,False,False,False,False,False,,,,,,,
2026-08-26,00:00,40.8859548,-73.8966139,VAN CORTLANDT PARK S,10463,50,UNKNOWN,Street,2.890367920871374,False,BRONX,"(40.8859548, -73.8966139)",trafficstat,False,False,False,False,False,False,False,False,False,,,,,,,
2026-07-13,00:00,40.8859548,-73.8966139,VAN CORTLANDT PARK S,10463,50,OTHER,Street,2.890367920871374,False,BRONX,"(40.8859548, -73.8966139)",trafficstat,True,False,True,False,False,False,False,False,False,,,,,,,
2026-07-03,00:00,40.8859548,-73.8966139,VAN CORTLANDT PARK S,10463,50,UNKNOWN,Street,2.890367920871374,False,BRONX,"(40.8859548, -73.8966139)",trafficstat,True,False,False,False,False,False,False,False,False,,,,,,,
2026-08-26,00:00,40.8782257,-73.8993793,KINGSBRIDGE TER,10463,50,OTHER,Street,30.821589433573486,False,BRONX,"(40.8782257, -73.8993793)",trafficstat,False,False,False,False,False,False,False,False,False,,,,,,,
2026-08-25,00:00,40.8896285,-73.9114694,BLACKSTONE AVE,10463,50,UNKNOWN,Street,0.927493651094305,False,BRONX,"(40.8896285, -73.9114694)",trafficstat,False,False,False,False,False,False,False,False,False,,,,,,,
2026-08-25,00:00,40.8814537,-73.9172172,HENRY HUDSON PKWY,10463,50,UNKNOWN,Highway,0.18973522069509408,False,BRONX,"(40.8814537, -73.9172172)",trafficstat,True,False,False,False,False,False,False,False,True,,,,,,,
2026-08-24,00:00,40.9002796,-73.8970329,BROADWAY,10471,50,OTHER,Street,1.0220223284307977,False,BRONX,"(40.9002796, -73.8970329)",trafficstat,False,False,False,False,False,False,False,False,False,,,,,,,
2026-08-24,00:00,40.8837907,-73.9116001,NETHERLAND AVE,10463,50,UNKNOWN,Street,1.1703489967135654,False,BRONX,"(40.8837907, -73.9116001)",trafficstat,False,False,False,False,False,False,False,False,False,,,,,,,
2026-08-22,00:00,40.8855193,-73.8946797,BAILEY AVE,10463,50,UNKNOWN,Street,2.2522158174857108,False,BRONX,"(40.8855193, -73.8946797)",trafficstat,True,False,False,False,False,False,False,False,True,,,,,,,
2026-08-15,00:00,40.8855193,-73.8946797,BAILEY AVE,10463,50,UNKNOWN,Street,2.2522158174857108,False,BRONX,"(40.8855193, -73.8946797)",trafficstat,False,False,False,False,False,False,False,False,False,,,,,,,
2026-08-21,00:00,40.903123,-73.8880753,MOSHOLU PKWY,10471,50,UNKNOWN,Highway,11.522283155747877,False,BRONX,"(40.903123, -73.8880753)",trafficstat,True,False,False,False,False,False,False,True,False,,,,,,,
2026-07-05,00:00,40.903123,-73.8880753,MOSHOLU PKWY,10471,50,UNKNOWN,Highway,11.522283155747877,False,BRONX,"(40.903123, -73.8880753)",trafficstat,True,False,False,False,False,False,False,False,True,,,,,,,
2026-08-21,00:00,40.8809855,-73.9089624,W  231 ST,10463,50,OTHER,Street,44.97937328893765,False,BRONX,"(40.8809855, -73.9089624)",trafficstat,True,False,False,True,False,False,False,False,False,,,,,,,
2026-08-20,00:00,40.8873834,-73.894417,MAJOR DEEGAN EXPY,10471,50,UNKNOWN,Highway,16.910427267014853,False,BRONX,"(40.8873834, -73.894417)",trafficstat,True,False,False,False,False,False,False,True,False,,,,,,,
2026-08-20,00:00,40.8691862,-73.9023948,WEBB AVE,10468,50,UNKNOWN,Street,51.62618668536606,False,BRONX,"(40.8691862, -73.9023948)",trafficstat,False,False,False,False,False,False,False,False,False,,,,,,,
2026-08-19,00:00,40.8750894,-73.9117114,JACOBUS PL,10463,50,UNKNOWN,Street,100.74913115107981,False,BRONX,"(40.8750894, -73.9117114)",trafficstat,False,False,False,False,False,False,False,False,False,,,,,,,
2026-08-19,00:00,40.8858279,-73.8959559,VAN CORTLANDT PARK S,10463,50,UNKNOWN,Street,2.89251461527632,False,BRONX,"(40.8858279, -73.8959559)",trafficstat,True,False,False,False,False,False,False,True,False,,,,,,,
2026-08-19,00:00,40.9017139,-73.8984173,SYLVAN AVE,10471,50,UNKNOWN,Street,85.09359781184104,False,BRONX,"(40.9017139, -73.8984173)",trafficstat,False,False,False,False,False,False,False,False,False,,,,,,,
2026-08-19,00:00,40.8880974,-73.8925324,MAJOR DEEGAN EXPY,10471,50,UNKNOWN,Highway,7.464864354115449,False,BRONX,"(40.8880974, -73.8925324)",trafficstat,False,False,False,False,False,False,False,False,False,,,,,,,
2026-08-03,00:00,40.8880974,-73.8925324,MAJOR DEEGAN EXPY,10471,50,UNKNOWN,Highway,7.464864354115449,False,BRONX,"(40.8880974, -73.8925324)",trafficstat,True,False,False,False,False,False,False,True,False,,,,,,,
2026-06-22,00:00,40.8880974,-73.8925324,MAJOR DEEGAN EXPY,10471,50,UNKNOWN,Highway,7.464864354115449,False,BRONX,"(40.8880974, -73.8925324)",trafficstat,True,False,False,False,False,False,False,False,True,,,,,,,
2026-08-18,00:00,40.885612,-73.901794,W  238 ST,10463,50,UNKNOWN,Street,1.1313537016500723,False,BRONX,"(40.885612, -73.901794)",trafficstat,False,False,False,False,False,False,False,False,False,,,,,,,
2026-08-18,00:00,40.8780221,-73.9024048,BAILEY AVE,10463,50,OTHER,Street,1.996478261602271,False,BRONX,"(40.8780221, -73.9024048)",trafficstat,True,False,False,False,False,False,False,False,False,,,,,,,
2026-07-10,00:00,40.8780221,-73.9024048,BAILEY AVE,10463,50,UNKNOWN,Street,1.996478261602271,False,BRONX,"(40.8780221, -73.9024048)",trafficstat,True,False,False,False,False,False,False,True,False,,,,,,,
2026-07-08,00:00,40.8780221,-73.9024048,BAILEY AVE,10463,50,UNKNOWN,Street,1.996478261602271,False,BRONX,"(40.8780221, -73.9024048)",trafficstat,True,False,False,True,False,False,False,False,False,,,,,,,
2026-08-18,00:00,40.8821402,-73.8993025,BAILEY AVE,10463,50,UNKNOWN,Street,56.148569639954545,False,BRONX,"(40.8821402, -73.8993025)",trafficstat,True,False,False,False,False,False,True,False,True,,,,,,,
2026-08-17,00:00,40.8741578,-73.8994346,CLAFLIN AVE,10468,50,UNKNOWN,Street,0.8149968340757412,False,BRONX,"(40.8741578, -73.8994346)",trafficstat,False,False,False,False,False,False,False,False,False,,,,,,,
2026-08-17,00:00,40.8839913,-73.901507,BROADWAY,10463,50,OTHER,Street,56.3196160977177,False,BRONX,"(40.8839913, -73.901507)",trafficstat,False,False,False,False,False,False,False,False,False,,,,,,,
2026-08-17,00:00,40.8861105,-73.9059707,GREYSTONE AVE,10463,50,OTHER,Street,30.775495583970567,False,BRONX,"(40.8861105, -73.9059707)",trafficstat,False,False,False,False,False,False,False,False,False,,,,,,,
2026-08-17,00:00,40.8944525,-73.8967784,BROADWAY,10471,50,UNKNOWN,Street,67.2011182099134,False,BRONX,"(40.8944525, -73.8967784)",trafficstat,False,False,False,False,False,False,False,False,False,,,,,,,
2026-08-16,00:00,40.8765692,-73.9043538,MAJOR DEEGAN EXPY,10463,50,UNKNOWN,Highway,9.870028720543138,False,BRONX,"(40.8765692, -73.9043538)",trafficstat,False,False,False,False,False,False,False,False,False,,,,,,,
2026-07-12,00:00,40.8765692,-73.9043538,MAJOR DEEGAN EXPY,10463,50,UNKNOWN,Highway,9.870028720543138,False,BRONX,"(40.8765692, -73.9043538)",trafficstat,True,False,False,False,False,False,False,True,True,,,,,,,
2026-08-15,00:00,40.8784302,-73.8981335,SEDGWICK AVE,10463,50,OTHER,Street,2.527797755051209,False,BRONX,"(40.8784302, -73.8981335)",trafficstat,False,False,False,False,False,False,False,False,False,,,,,,,
2026-08-15,00:00,40.8860058,-73.9118467,ARLINGTON AVE,10463,50,UNKNOWN,Street,1.4468324488816278,False,BRONX,"(40.8860058, -73.9118467)",trafficstat,False,False,False,False,False,False,False,False,False,,,,,,,
2026-08-14,00:00,40.8922391,-73.9119976,INDEPENDENCE AVE,10471,50,OTHER,Street,0.9520200312453063,False,BRONX,"(40.8922391, -73.9119976)",trafficstat,False,False,False,False,False,False,False,False,False,,,,,,,
2026-08-14,00:00,40.8844751,-73.9101666,JOHNSON AVE,10463,50,UNKNOWN,Street,58.65980550534472,False,BRONX,"(40.8844751, -73.9101666)",trafficstat,False,False,False,False,False,False,False,False,False,,,,,,,
2026-08-14,00:00,40.8726197,-73.9046762,W  KINGSBRIDGE RD,10463,50,UNKNOWN,Street,1.916773576757473,False,BRONX,"(40.8726197, -73.9046762)",trafficstat,False,False,False,False,False,False,False,False,False,,,,,,,
2026-08-13,00:00,40.8929957,-73.8839729,MAJOR DEEGAN EXPY,10471,50,UNKNOWN,Highway,13.81869283462045,False,BRONX,"(40.8929957, -73.8839729)",trafficstat,False,False,False,False,False,False,False,False,False,,,,,,,
2026-08-12,00:00,40.9032472,-73.907472,ARLINGTON AVE,10471,50,UNKNOWN,Street,1.1554969929637424,False,BRONX,"(40.9032472, -73.907472)",trafficstat,False,False,False,False,False,False,False,False,False,,,,,,,
2026-08-12,00:00,40.8922343,-73.8846373,MAJOR DEEGAN EXPY,10471,50,UNKNOWN,Highway,3.0847088724520018,False,BRONX,"(40.8922343, -73.8846373)",trafficstat,True,False,False,False,False,False,False,True,False,,,,,,,
2026-08-11,00:00,40.9096276,-73.8965952,BROADWAY,10471,50,OTHER,Street,0.47554098820606416,False,BRONX,"(40.9096276, -73.8965952)",trafficstat,True,False,False,True,False,False,False,False,False,,,,,,,
2026-08-11,00:00,40.8789244,-73.9047865,BROADWAY,10463,50,OTHER,Street,1.822824690188058,False,BRONX,"(40.8789244, -73.9047865)",trafficstat,True,False,False,True,False,False,False,False,False,,,,,,,
2026-07-20,00:00,40.8789244,-73.9047865,BROADWAY,10463,50,UNKNOWN,Street,1.822824690188058,False,BRONX,"(40.8789244, -73.9047865)",trafficstat,True,False,False,True,False,False,False,False,False,,,,,,,
2026-08-10,00:00,40.8803979,-73.9076376,W  231 ST,10463,50,UNKNOWN,Street,1.8225417858062885,False,BRONX,"(40.8803979, -73.9076376)",trafficstat,True,False,False,False,False,False,False,True,False,,,,,,,
2026-08-10,00:00,40.8779165,-73.9073418,W  230 ST,10463,50,UNKNOWN,Street,66.83855631440801,False,BRONX,"(40.8779165, -73.9073418)",trafficstat,True,False,False,False,False,False,False,False,True,,,,,,,
2026-08-10,00:00,40.8993789,-73.8794377,MAJOR DEEGAN EP SB EN JEROME AV,10471,50,UNKNOWN,Ramp,0.27151152907913834,False,BRONX,"(40.8993789, -73.8794377)",trafficstat,False,False,False,False,False,False,False,False,False,,,,,,,