crash_date,crash_time,latitude,longitude,on_street_name,zip_code,precinct,collision_type,roadway_type,geocode_dist_feet,time_is_known,borough,location,source,injury,fatality,injured_pedestrian,injured_cyclist,injured_ebike_rider,injured_motorcyclist,injured_moped_rider,injured_car_occupant,injured_suv_occupant,number_of_persons_injured,number_of_persons_killed,contributing_factor_vehicle_1,collision_id,cross_street_name,off_street_name,vehicle_type_code1
2026-08-10,00:00,40.9010398,-73.8968798,BROADWAY,10471,50,UNKNOWN,Street,0.5089718037843836,False,BRONX,"(40.9010398, -73.8968798)",trafficstat,True,False,False,True,False,False,False,False,False,,,,,,,
2026-08-10,00:00,40.88384,-73.902565,W  236 ST,10463,50,UNKNOWN,Street,1.8984050841680244,False,BRONX,"(40.88384, -73.902565)",trafficstat,False,False,False,False,False,False,False,False,False,,,,,,,
2026-08-09,00:00,40.8915472,-73.8975935,BROADWAY,10471,50,UNKNOWN,Street,40.98348841770288,False,BRONX,"(40.8915472, -73.8975935)",trafficstat,True,False,False,False,False,False,False,False,False,,,,,,,
2026-08-09,00:00,40.8958055,-73.8967071,BROADWAY,10471,50,OTHER,Street,0.17755869192780038,False,BRONX,"(40.8958055, -73.8967071)",trafficstat,True,False,False,True,False,False,False,False,False,,,,,,,
2026-08-08,00:00,40.8767439,-73.9066338,EXTERIOR ST,10463,50,UNKNOWN,Street,1.7998855181210518,False,BRONX,"(40.8767439, -73.9066338)",trafficstat,False,False,False,False,False,False,False,False,False,,,,,,,
2026-08-07,00:00,40.8737597,-73.9057174,MAJOR DEEGAN EXPY,10463,50,UNKNOWN,Highway,5.913901167562669,False,BRONX,"(40.8737597, -73.9057174)",trafficstat,False,False,False,False,False,False,False,False,False,,,,,,,
2026-07-13,00:00,40.8737597,-73.9057174,MAJOR DEEGAN EXPY,10463,50,UNKNOWN,Highway,5.913901167562669,False,BRONX,"(40.8737597, -73.9057174)",trafficstat,True,False,False,False,False,False,False,False,True,,,,,,,
2026-08-07,00:00,40.8934353,-73.8834597,MAJOR DEEGAN EXPY,10471,50,OTHER,Highway,6.19012253838327,False,BRONX,"(40.8934353, -73.8834597)",trafficstat,True,False,False,False,False,False,False,False,True,,,,,,,
2026-08-07,00:00,40.8996011,-73.8963011,HENRY HUDSON PKWY ET 23B NB,10471,50,UNKNOWN,Ramp,0.8883881951052983,False,BRONX,"(40.8996011, -73.8963011)",trafficstat,False,False,False,False,False,False,False,False,False,,,,,,,
2026-08-06,00:00,40.9094854,-73.8968431,W  261 ST,10471,50,OTHER,Street,54.065404119356096,False,BRONX,"(40.9094854, -73.8968431)",trafficstat,True,False,False,False,False,False,True,False,False,,,,,,,
2026-08-06,00:00,40.8716899,-73.9042452,W  KINGSBRIDGE RD,10463,50,OTHER,Street,57.71154983526191,False,BRONX,"(40.8716899, -73.9042452)",trafficstat,True,False,False,True,False,False,False,False,False,,,,,,,
2026-08-06,00:00,40.882864,-73.9022275,BROADWAY,10463,50,UNKNOWN,Street,51.01963473616011,False,BRONX,"(40.882864, -73.9022275)",trafficstat,True,False,False,False,False,False,False,False,True,,,,,,,
2026-08-06,00:00,40.8793476,-73.9123727,JOHNSON AVE,10463,50,UNKNOWN,Street,2.453319728202579,False,BRONX,"(40.8793476, -73.9123727)",trafficstat,False,False,False,False,False,False,False,False,False,,,,,,,
2026-08-05,00:00,40.8816005,-73.9048333,W  233 ST,10463,50,UNKNOWN,Street,2.284013752404308,False,BRONX,"(40.8816005, -73.9048333)",trafficstat,True,False,False,False,False,False,False,True,False,,,,,,,
2026-08-05,00:00,40.9053467,-73.8974556,POST RD,10471,50,OTHER,Street,0.5797190319902211,False,BRONX,"(40.9053467, -73.8974556)",trafficstat,True,False,False,False,False,False,False,False,False,,,,,,,
2026-08-05,00:00,40.8958786,-73.8813141,MAJOR DEEGAN EXPY,10471,50,UNKNOWN,Highway,4.97578510555091,False,BRONX,"(40.8958786, -73.8813141)",trafficstat,True,False,False,False,False,False,False,True,False,,,,,,,
2026-08-04,00:00,40.8971179,-73.8800748,MAJOR DEEGAN EXPY,10471,50,UNKNOWN,Highway,9.627777007479063,False,BRONX,"(40.8971179, -73.8800748)",trafficstat,True,False,False,False,False,False,False,False,True,,,,,,,
2026-08-03,00:00,40.8971179,-73.8800748,MAJOR DEEGAN EXPY,10471,50,UNKNOWN,Highway,9.627777007479063,False,BRONX,"(40.8971179, -73.8800748)",trafficstat,True,False,False,False,False,False,False,False,True,,,,,,,
2026-06-18,00:00,40.8971179,-73.8800748,MAJOR DEEGAN EXPY,10471,50,UNKNOWN,Highway,9.627777007479063,False,BRONX,"(40.8971179, -73.8800748)",trafficstat,False,False,False,False,False,False,False,False,False,,,,,,,
2026-08-03,00:00,40.8886062,-73.8906762,MAJOR DEEGAN EXPY,10471,50,UNKNOWN,Highway,7.167390175463841,False,BRONX,"(40.8886062, -73.8906762)",trafficstat,True,False,False,False,False,False,False,False,True,,,,,,,
2026-08-02,00:00,40.8748805,-73.902575,KINGSBRIDGE TER,10463,50,UNKNOWN,Street,42.35351996359427,False,BRONX,"(40.8748805, -73.902575)",trafficstat,False,False,False,False,False,False,False,False,False,,,,,,,
2026-08-01,00:00,40.872946,-73.9032263,KINGSBRIDGE TER,10463,50,UNKNOWN,Street,34.5865584594152,False,BRONX,"(40.872946, -73.9032263)",trafficstat,False,False,False,False,False,False,False,False,False,,,,,,,
2026-07-31,00:00,40.8691599,-73.9028944,W  KINGSBRIDGE RD,10468,50,UNKNOWN,Street,48.216287206235485,False,BRONX,"(40.8691599, -73.9028944)",trafficstat,True,False,False,False,False,False,False,False,True,,,,,,,
2026-07-31,00:00,40.8826099,-73.9173337,INDEPENDENCE AVE,10463,50,UNKNOWN,Street,43.32445366530869,False,BRONX,"(40.8826099, -73.9173337)",trafficstat,False,False,False,False,False,False,False,False,False,,,,,,,
2026-07-30,00:00,40.8708572,-73.8977908,RESERVOIR AVE,10468,50,UNKNOWN,Street,1.6579222416320556,False,BRONX,"(40.8708572, -73.8977908)",trafficstat,True,False,False,True,False,False,False,False,False,,,,,,,
2026-07-30,00:00,40.8742185,-73.9015128,SEDGWICK AVE,10468,50,UNKNOWN,Street,22.174724566367615,False,BRONX,"(40.8742185, -73.9015128)",trafficstat,False,False,False,False,False,False,False,False,False,,,,,,,
2026-07-30,00:00,40.8800704,-73.8987008,CANNON PL,10463,50,UNKNOWN,Street,44.858128034451994,False,BRONX,"(40.8800704, -73.8987008)",trafficstat,False,False,False,False,False,False,False,False,False,,,,,,,
2026-07-29,00:00,40.8844956,-73.8941257,VAN CORTLANDT AVE W,10463,50,UNKNOWN,Street,72.62979699791144,False,BRONX,"(40.8844956, -73.8941257)",trafficstat,False,False,False,False,False,False,False,False,False,,,,,,,
2026-07-28,00:00,40.8686956,-73.902357,WEBB AVE,10468,50,UNKNOWN,Street,2.112839955853997,False,BRONX,"(40.8686956, -73.902357)",trafficstat,True,False,True,False,False,False,False,False,False,,,,,,,
2026-07-27,00:00,40.8972309,-73.8974192,BROADWAY,10471,50,UNKNOWN,Street,141.30640363795214,False,BRONX,"(40.8972309, -73.8974192)",trafficstat,False,False,False,False,False,False,False,False,False,,,,,,,
2026-07-27,00:00,40.898517,-73.8793742,MAJOR DEEGAN EXPY,10470,50,OTHER,Highway,10.1809295888788,False,BRONX,"(40.898517, -73.8793742)",trafficstat,False,False,False,False,False,False,False,False,False,,,,,,,
2026-06-22,00:00,40.898517,-73.8793742,MAJOR DEEGAN EXPY,10470,50,UNKNOWN,Highway,10.1809295888788,False,BRONX,"(40.898517, -73.8793742)",trafficstat,False,False,False,False,False,False,False,False,False,,,,,,,
2026-07-27,00:00,40.8873689,-73.8942515,VAN CORTLANDT AVE W,10471,50,UNKNOWN,Street,10.350028183797498,False,BRONX,"(40.8873689, -73.8942515)",trafficstat,True,False,False,False,False,False,False,False,True,,,,,,,
2026-06-20,00:00,40.8873689,-73.8942515,VAN CORTLANDT AVE W,10471,50,UNKNOWN,Street,10.350028183797498,False,BRONX,"(40.8873689, -73.8942515)",trafficstat,True,False,False,False,False,False,False,True,False,,,,,,,
2026-07-25,00:00,40.8857497,-73.9030638,TIBBETT AVE,10463,50,UNKNOWN,Street,35.4780609348295,False,BRONX,"(40.8857497, -73.9030638)",trafficstat,False,False,False,False,False,False,False,False,False,,,,,,,
2026-07-25,00:00,40.8914677,-73.9081264,HENRY HUDSON PKWY,10471,50,UNKNOWN,Highway,7.09591671995492,False,BRONX,"(40.8914677, -73.9081264)",trafficstat,True,False,False,False,False,False,False,True,False,,,,,,,
2026-07-25,00:00,40.8971538,-73.880281,MAJOR DEEGAN EXPY,10471,50,OTHER,Highway,12.079131553015639,False,BRONX,"(40.8971538, -73.880281)",trafficstat,True,False,False,False,False,False,False,False,False,,,,,,,
2026-06-27,00:00,40.8971538,-73.880281,MAJOR DEEGAN EXPY,10471,50,UNKNOWN,Highway,12.079131553015639,False,BRONX,"(40.8971538, -73.880281)",trafficstat,True,False,False,False,False,False,False,True,True,,,,,,,
2026-07-25,00:00,40.8781327,-73.9067006,GODWIN TER,10463,50,UNKNOWN,Street,2.3270421512599238,False,BRONX,"(40.8781327, -73.9067006)",trafficstat,False,False,False,False,False,False,False,False,False,,,,,,,
2026-07-24,00:00,40.889192,-73.8890586,MAJOR DEEGAN EXPY,10471,50,UNKNOWN,Highway,0.07572576620480015,False,BRONX,"(40.889192, -73.8890586)",trafficstat,False,False,False,False,False,False,False,False,False,,,,,,,
2026-06-21,00:00,40.889192,-73.8890586,MAJOR DEEGAN EXPY,10471,50,UNKNOWN,Highway,0.07572576620480015,False,BRONX,"(40.889192, -73.8890586)",trafficstat,True,False,False,False,False,False,False,True,False,,,,,,,
2026-07-24,00:00,40.8765841,-73.9026456,HEATH AVE,10463,50,UNKNOWN,Street,1.665658134432141,False,BRONX,"(40.8765841, -73.9026456)",trafficstat,False,False,False,False,False,False,False,False,False,,,,,,,
2026-07-23,00:00,40.8856551,-73.8960257,VAN CORTLANDT PARK S,10463,50,OTHER,Street,68.69986956994565,False,BRONX,"(40.8856551, -73.8960257)",trafficstat,True,False,False,False,False,False,False,False,True,,,,,,,
2026-07-22,00:00,40.8854549,-73.9013584,W  238 ST,10463,50,UNKNOWN,Street,38.04288998960787,False,BRONX,"(40.8854549, -73.9013584)",trafficstat,False,False,False,False,False,False,False,False,False,,,,,,,
2026-07-22,00:00,40.8750438,-73.9122662,W  225 ST,10463,50,UNKNOWN,Street,3.0975616109884063,False,BRONX,"(40.8750438, -73.9122662)",trafficstat,False,False,False,False,False,False,False,False,False,,,,,,,
2026-07-22,00:00,40.9012292,-73.9032114,HENRY HUDSON PKWY,10471,50,UNKNOWN,Highway,0.527793625243408,False,BRONX,"(40.9012292, -73.9032114)",trafficstat,False,False,False,False,False,False,False,False,False,,,,,,,
2026-07-21,00:00,40.8771058,-73.9061524,BROADWAY,10463,50,UNKNOWN,Street,1.8041224047626572,False,BRONX,"(40.8771058, -73.9061524)",trafficstat,True,False,False,False,False,False,False,True,False,,,,,,,
2026-07-02,00:00,40.8771058,-73.9061524,BROADWAY,10463,50,OTHER,Street,1.8041224047626572,False,BRONX,"(40.8771058, -73.9061524)",trafficstat,True,False,False,False,False,False,False,False,True,,,,,,,
2026-07-21,00:00,40.8827095,-73.8812458,JEROME AVE,10467,50,UNKNOWN,Street,1.9534418876588786,False,BRONX,"(40.8827095, -73.8812458)",trafficstat,False,False,False,False,False,False,False,False,False,,,,,,,
2026-07-20,00:00,40.875263,-73.9081056,BROADWAY,10463,50,UNKNOWN,Street,142.5912548384043,False,BRONX,"(40.875263, -73.9081056)",trafficstat,False,False,False,False,False,False,False,False,False,,,,,,,
2026-07-18,00:00,40.9003301,-73.9073878,NETHERLAND AVE,10471,50,UNKNOWN,Street,49.02689661328146,False,BRONX,"(40.9003301, -73.9073878)",trafficstat,False,False,False,False,False,False,False,False,False,,,,,,,
2026-07-18,00:00,40.8863296,-73.8993482,VAN CORTLANDT PARK S,10463,50,UNKNOWN,Street,46.77042604004858,False,BRONX,"(40.8863296, -73.8993482)",trafficstat,False,False,False,False,False,False,False,False,False,,,,,,,
2026-07-16,00:00,40.8830298,-73.8909729,HILLMAN AVE,10463,50,UNKNOWN,Street,41.34726588730364,False,BRONX,"(40.8830298, -73.8909729)",trafficstat,False,False,False,False,False,False,False,False,False,,,,,,,
2026-07-15,00:00,40.9097394,-73.9001344,W  261 ST,10471,50,UNKNOWN,Street,42.63339201767751,False,BRONX,"(40.9097394, -73.9001344)",trafficstat,False,False,False,False,False,False,False,False,False,,,,,,,
2026-07-14,00:00,40.8751507,-73.904985,MAJOR DEEGAN EXPY,10463,50,UNKNOWN,Highway,4.879741855814522,False,BRONX,"(40.8751507, -73.904985)",trafficstat,False,False,False,False,False,False,False,False,False,,,,,,,
2026-07-13,00:00,40.8768784,-73.90339,BAILEY AVE,10463,50,UNKNOWN,Street,2.188009425079122,False,BRONX,"(40.8768784, -73.90339)",trafficstat,False,False,False,False,False,False,False,False,False,,,,,,,
2026-07-13,00:00,40.8843755,-73.8985512,W  238 ST,10463,50,OTHER,Street,2.046044745003265,False,BRONX,"(40.8843755, -73.8985512)",trafficstat,True,False,False,False,False,False,False,True,False,,,,,,,
2026-07-11,00:00,40.8843484,-73.8870509,MOSHOLU PKWY,10468,50,UNKNOWN,Highway,0.4263010370215285,False,BRONX,"(40.8843484, -73.8870509)",trafficstat,True,False,False,False,False,False,False,True,False,,,,,,,
2026-07-10,00:00,40.8843484,-73.8870509,MOSHOLU PKWY,10468,50,UNKNOWN,Highway,0.4263010370215285,False,BRONX,"(40.8843484, -73.8870509)",trafficstat,False,False,False,False,False,False,False,False,False,,,,,,,
2026-07-11,00:00,40.8867239,-73.9005078,CORLEAR AVE,10463,50,UNKNOWN,Street,2.2875234394282162,False,BRONX,"(40.8867239, -73.9005078)",trafficstat,False,False,False,False,False,False,False,False,False,,,,,,,
2026-06-26,00:00,40.8867239,-73.9005078,CORLEAR AVE,10463,50,UNKNOWN,Street,2.2875234394282162,False,BRONX,"(40.8867239, -73.9005078)",trafficstat,False,False,False,False,False,False,False,False,False,,,,,,,
2026-07-10,00:00,40.8839894,-73.9118947,W  232 ST,10463,50,UNKNOWN,Street,41.798816639766585,False,BRONX,"(40.8839894, -73.9118947)",trafficstat,False,False,False,False,False,False,False,False,False,,,,,,,
2026-07-10,00:00,40.8996261,-73.8935664,HENRY HUDSON PKWY,10471,50,UNKNOWN,Highway,2.3385052818932253,False,BRONX,"(40.8996261, -73.8935664)",trafficstat,False,False,False,False,False,False,False,False,False,,,,,,,
2026-07-08,00:00,40.8829381,-73.8894593,SEDGWICK AVE,10463,50,UNKNOWN,Street,84.75342117987059,False,BRONX,"(40.8829381, -73.8894593)",trafficstat,False,False,False,False,False,False,False,False,False,,,,,,,
2026-07-08,00:00,40.883472,-73.91517,HENRY HUDSON PKWY E,10463,50,UNKNOWN,Street,0.34409781268370754,False,BRONX,"(40.883472, -73.91517)",trafficstat,False,False,False,False,False,False,False,False,False,,,,,,,
2026-07-08,00:00,40.8733954,-73.9067,W  KINGSBRIDGE RD,10463,50,UNKNOWN,Bridge,1.2991415008797182,False,BRONX,"(40.8733954, -73.9067)",trafficstat,False,False,False,False,False,False,False,False,False,,,,,,,
2026-07-06,00:00,40.8758252,-73.9135898,TEUNISSEN PL,10463,50,UNKNOWN,Street,66.97971068222155,False,BRONX,"(40.8758252, -73.9135898)",trafficstat,False,False,False,False,False,False,False,False,False,,,,,,,
2026-07-06,00:00,40.8814588,-73.9164391,HENRY HUDSON PKWY E,10463,50,UNKNOWN,Street,88.29906141151262,False,BRONX,"(40.8814588, -73.9164391)",trafficstat,False,False,False,False,False,False,False,False,False,,,,,,,
2026-07-05,00:00,40.8796122,-73.9045388,BROADWAY,10463,50,UNKNOWN,Street,56.14711073929266,False,BRONX,"(40.8796122, -73.9045388)",trafficstat,True,False,False,False,False,False,False,True,False,,,,,,,
2026-07-05,00:00,40.8865739,-73.9136053,INDEPENDENCE AVE,10463,50,OTHER,Street,23.082495833852267,False,BRONX,"(40.8865739, -73.9136053)",trafficstat,False,False,False,False,False,False,False,False,False,,,,,,,
2026-07-05,00:00,40.8739774,-73.9068407,EXTERIOR ST,10463,50,UNKNOWN,Street,95.47604588742743,False,BRONX,"(40.8739774, -73.9068407)",trafficstat,False,False,False,False,False,False,False,False,False,,,,,,,
2026-07-03,00:00,40.8744742,-73.9003019,WEBB AVE,10468,50,UNKNOWN,Street,0.6518347778969948,False,BRONX,"(40.8744742, -73.9003019)",trafficstat,False,False,False,False,False,False,False,False,False,,,,,,,
2026-07-03,00:00,40.878029,-73.9039105,MAJOR DEEGAN EXPY,10463,50,UNKNOWN,Highway,10.106854933373935,False,BRONX,"(40.878029, -73.9039105)",trafficstat,True,False,False,False,False,False,False,True,False,,,,,,,
2026-07-03,00:00,40.9067463,-73.9003837,FIELDSTON RD,10471,50,OTHER,Street,0.8854710144865597,False,BRONX,"(40.9067463, -73.9003837)",trafficstat,True,False,False,False,False,False,False,False,True,,,,,,,
2026-07-02,00:00,40.8682828,-73.9010669,UNIVERSITY AVE,10468,50,UNKNOWN,Street,1.6969594121701865,False,BRONX,"(40.8682828, -73.9010669)",trafficstat,True,False,False,False,False,False,False,False,False,,,,,,,
2026-07-01,00:00,40.9083425,-73.9012142,TYNDALL AVE,10471,50,UNKNOWN,Street,96.40943951597963,False,BRONX,"(40.9083425, -73.9012142)",trafficstat,False,False,False,False,False,False,False,False,False,,,,,,,
2026-07-01,00:00,40.8853277,-73.9003178,BROADWAY,10463,50,UNKNOWN,Street,55.31260296174903,False,BRONX,"(40.8853277, -73.9003178)",trafficstat,True,False,False,False,False,False,True,False,False,,,,,,,
2026-06-30,00:00,40.8803046,-73.9038998,BROADWAY,10463,50,OTHER,Street,19.163260613225614,False,BRONX,"(40.8803046, -73.9038998)",trafficstat,True,False,False,True,False,False,False,False,False,,,,,,,
2026-06-30,00:00,40.8850868,-73.895723,BAILEY AVE,10463,50,OTHER,Street,70.97656498808672,False,BRONX,"(40.8850868, -73.895723)",trafficstat,True,False,False,False,False,False,True,False,False,,,,,,,
2026-06-30,00:00,40.8827344,-73.8904587,SAXON AVE,10463,50,OTHER,Street,47.367968009349944,False,BRONX,"(40.8827344, -73.8904587)",trafficstat,True,False,False,True,False,False,False,False,False,,,,,,,
2026-06-28,00:00,40.8801341,-73.9039386,BROADWAY,10463,50,OTHER,Street,1.3323997594577512,False,BRONX,"(40.8801341, -73.9039386)",trafficstat,False,False,False,False,False,False,False,False,False,,,,,,,
2026-06-28,00:00,40.876743,-73.90663,EXTERIOR ST,10463,50,UNKNOWN,Street,1.2230589985718447,False,BRONX,"(40.876743, -73.90663)",trafficstat,False,False,False,False,False,False,False,False,False,,,,,,,
2026-06-28,00:00,40.8935868,-73.9085018,HENRY HUDSON PKWY W,10471,50,UNKNOWN,Street,0.14533875185870576,False,BRONX,"(40.8935868, -73.9085018)",trafficstat,False,False,False,False,False,False,False,False,False,,,,,,,
2026-06-27,00:00,40.8827557,-73.8988859,BAILEY AVE,10463,50,UNKNOWN,Street,55.021424951813806,False,BRONX,"(40.8827557, -73.8988859)",trafficstat,False,False,False,False,False,False,False,False,False,,,,,,,
2026-06-26,00:00,40.8819785,-73.8994214,BAILEY AVE,10463,50,OTHER,Street,54.12439366910906,False,BRONX,"(40.8819785, -73.8994214)",trafficstat,True,False,False,False,False,False,False,True,False,,,,,,,
2026-06-25,00:00,40.8736863,-73.9051132,BAILEY AVE,10463,50,UNKNOWN,Street,57.79253055793321,False,BRONX,"(40.8736863, -73.9051132)",trafficstat,True,False,False,False,False,False,False,True,False,,,,,,,
2026-06-24,00:00,40.8696588,-73.8989171,W  195 ST,10468,50,UNKNOWN,Street,2.1104849343680923,False,BRONX,"(40.8696588, -73.8989171)",trafficstat,True,False,False,False,False,False,False,False,True,,,,,,,
2026-06-24,00:00,40.8737917,-73.9040934,HEATH AVE,10463,50,UNKNOWN,Street,40.7095705314748,False,BRONX,"(40.8737917, -73.9040934)",trafficstat,False,False,False,False,False,False,False,False,False,,,,,,,
2026-06-23,00:00,40.87197,-73.8990835,UNIVERSITY AVE,10468,50,OTHER,Street,1.3996682572787906,False,BRONX,"(40.87197, -73.8990835)",trafficstat,True,False,False,False,False,False,False,False,True,,,,,,,
2026-06-23,00:00,40.8838383,-73.9025662,W  236 ST,10463,50,UNKNOWN,Street,2.600866140450233,False,BRONX,"(40.8838383, -73.9025662)",trafficstat,False,False,False,False,False,False,False,False,False,,,,,,,
2026-06-22,00:00,40.880817,-73.9084,TIBBETT AVE,10463,50,UNKNOWN,Street,2.5224681448548236,False,BRONX,"(40.880817, -73.9084)",trafficstat,True,False,True,False,False,False,False,False,False,,,,,,,
2026-06-22,00:00,40.912224,-73.90167,W  263 ST,10471,50,OTHER,Street,1.911790519194299,False,BRONX,"(40.912224, -73.90167)",trafficstat,False,False,False,False,False,False,False,False,False,,,,,,,
2026-06-20,00:00,40.8768439,-73.9087653,W  228 ST,10463,50,UNKNOWN,Street,44.62099882573448,False,BRONX,"(40.8768439, -73.9087653)",trafficstat,False,False,False,False,False,False,False,False,False,,,,,,,
2026-06-18,00:00,40.8835354,-73.8935803,ORLOFF AVE,10463,50,UNKNOWN,Street,57.495510778137,False,BRONX,"(40.8835354, -73.8935803)",trafficstat,False,False,False,False,False,False,False,False,False,,,,,,,
2026-06-17,00:00,40.8808226,-73.9034349,BROADWAY,10463,50,OTHER,Street,1.5408156528334134,False,BRONX,"(40.8808226, -73.9034349)",trafficstat,True,False,False,False,False,False,False,False,False,,,,,,,
2026-06-17,00:00,40.883607,-73.9155748,HENRY HUDSON PKWY W,10463,50,OTHER,Street,8.716016449935433,False,BRONX,"(40.883607, -73.9155748)",trafficstat,False,False,False,False,False,False,False,False,False,,,,,,,
2026-06-17,00:00,40.8844212,-73.8949234,ORLOFF AVE,10463,50,UNKNOWN,Street,33.01055545884724,False,BRONX,"(40.8844212, -73.8949234)",trafficstat,False,False,False,False,False,False,False,False,False,,,,,,,
2026-06-15,00:00,40.8762914,-73.9013931,BERKWIT TER,10463,50,UNKNOWN,Street,65.33634799029328,False,BRONX,"(40.8762914, -73.9013931)",trafficstat,False,False,False,False,False,False,False,False,False,,,,,,,
2026-06-15,00:00,40.8794584,-73.9041892,BROADWAY,10463,50,UNKNOWN,Street,55.51667667489395,False,BRONX,"(40.8794584, -73.9041892)",trafficstat,True,False,False,False,False,False,False,True,False,,,,,,,
2026-06-15,00:00,40.8821542,-73.902051,BROADWAY,10463,50,UNKNOWN,Street,111.91460625668182,False,BRONX,"(40.8821542, -73.902051)",trafficstat,False,False,False,False,False,False,False,False,False,,,,,,,
2026-06-14,00:00,40.8805358,-73.9017878,MAJOR DEEGAN EXPY,10463,50,UNKNOWN,Highway,1.3837838262459228,False,BRONX,"(40.8805358, -73.9017878)",trafficstat,True,False,False,False,False,False,False,False,True,,,,,,,
2026-06-12,00:00,40.8780597,-73.9051751,BROADWAY,10463,50,UNKNOWN,Street,56.40326591553387,False,BRONX,"(40.8780597, -73.9051751)",trafficstat,False,False,False,False,False,False,False,False,False,,,,,,,
2026-06-12,00:00,40.8723368,-73.9005358,W  197 ST,10468,50,UNKNOWN,Street,38.18836390034067,False,BRONX,"(40.8723368, -73.9005358)",trafficstat,False,False,False,False,False,False,False,False,False,,,,,,,
2026-06-12,00:00,40.8937315,-73.8803989,JEROME AVE,10467,50,UNKNOWN,Street,20.248053318426123,False,BRONX,"(40.8937315, -73.8803989)",trafficstat,False,False,False,False,False,False,False,False,False,,,,,,,
2026-06-12,00:00,40.8904178,-73.9076669,MANHATTAN COLLEGE PKWY,10471,50,UNKNOWN,Street,54.01867904977369,False,BRONX,"(40.8904178, -73.9076669)",trafficstat,False,False,False,False,False,False,False,False,False,,,,,,,
2026-09-12,00:00,40.8537155,-73.8718608,BRONX RIVER PKWY,10462,52,UNKNOWN,Highway,4.577902965801959,False,BRONX,"(40.8537155, -73.8718608)",trafficstat,False,False,False,False,False,False,False,False,False,,,,,,,
2026-08-23,00:00,40.8537155,-73.8718608,BRONX RIVER PKWY,10462,52,UNKNOWN,Highway,4.577902965801959,False,BRONX,"(40.8537155, -73.8718608)",trafficstat,False,False,False,False,False,False,False,False,False,,,,,,,
2026-07-19,00:00,40.8537155,-73.8718608,BRONX RIVER PKWY,10462,52,OTHER,Highway,4.577902965801959,False,BRONX,"(40.8537155, -73.8718608)",trafficstat,False,False,False,False,False,False,False,False,False,,,,,,,
2026-09-12,00:00,40.8715992,-73.8891628,GRAND CONC,10468,52,OTHER,Street,53.07522369753822,False,BRONX,"(40.8715992, -73.8891628)",trafficstat,True,False,False,False,False,True,False,False,False,,,,,,,
2026-09-11,00:00,40.87481,-73.88149,E  MOSHOLU PKWY N,10467,52,UNKNOWN,Street,0.6009870622075574,False,BRONX,"(40.87481, -73.88149)",trafficstat,False,False,False,False,False,False,False,False,False,,,,,,,
2026-09-11,00:00,40.8648702,-73.895699,GRAND CONC,10468,52,UNKNOWN,Street,40.66576750031411,False,BRONX,"(40.8648702, -73.895699)",trafficstat,True,False,False,False,False,False,False,True,False,,,,,,,
2026-09-11,00:00,40.8680396,-73.8790954,SOUTHERN BLVD,10467,52,UNKNOWN,Street,2.517585354461883,False,BRONX,"(40.8680396, -73.8790954)",trafficstat,True,False,False,False,False,False,False,True,False,,,,,,,
2026-08-10,00:00,40.8680396,-73.8790954,SOUTHERN BLVD,10467,52,UNKNOWN,Street,2.517585354461883,False,BRONX,"(40.8680396, -73.8790954)",trafficstat,False,False,False,False,False,False,False,False,False,,,,,,,
2026-07-30,00:00,40.8680396,-73.8790954,SOUTHERN BLVD,10467,52,UNKNOWN,Street,2.517585354461883,False,BRONX,"(40.8680396, -73.8790954)",trafficstat,True,False,False,False,False,False,False,True,False,,,,,,,
2026-07-18,00:00,40.8680396,-73.8790954,SOUTHERN BLVD,10467,52,UNKNOWN,Street,2.517585354461883,False,BRONX,"(40.8680396, -73.8790954)",trafficstat,False,False,False,False,False,False,False,False,False,,,,,,,
2026-06-26,00:00,40.8680396,-73.8790954,SOUTHERN BLVD,10467,52,UNKNOWN,Street,2.517585354461883,False,BRONX,"(40.8680396, -73.8790954)",trafficstat,True,False,False,False,False,False,False,True,False,,,,,,,
2026-09-10,00:00,40.8638937,-73.9106808,MAJOR DEEGAN EXPY,10468,52,OTHER,Highway,5.772916433985207,False,BRONX,"(40.8638937, -73.9106808)",trafficstat,True,False,False,False,False,False,False,False,True,,,,,,,
2026-09-09,00:00,40.8600961,-73.909671,W  183 ST,10453,52,OTHER,Street,41.445009472260686,False,BRONX,"(40.8600961, -73.909671)",trafficstat,False,False,False,False,False,False,False,False,False,,,,,,,
2026-09-04,00:00,40.8600961,-73.909671,W  183 ST,10453,52,UNKNOWN,Street,41.445009472260686,False,BRONX,"(40.8600961, -73.909671)",trafficstat,False,False,False,False,False,False,False,False,False,,,,,,,
2026-06-29,00:00,40.8600961,-73.909671,W  183 ST,10453,52,UNKNOWN,Street,41.445009472260686,False,BRONX,"(40.8600961, -73.909671)",trafficstat,False,False,False,False,False,False,False,False,False,,,,,,,
2026-09-09,00:00,40.8631541,-73.9090643,SEDGWICK AVE,10468,52,UNKNOWN,Street,0.1581013686195551,False,BRONX,"(40.8631541, -73.9090643)",trafficstat,False,False,False,False,False,False,False,False,False,,,,,,,
2026-07-27,00:00,40.8631541,-73.9090643,SEDGWICK AVE,10468,52,UNKNOWN,Street,0.1581013686195551,False,BRONX,"(40.8631541, -73.9090643)",trafficstat,False,False,False,False,False,False,False,False,False,,,,,,,