crash_date,crash_time,latitude,longitude,on_street_name,zip_code,precinct,collision_type,roadway_type,geocode_dist_feet,time_is_known,borough,location,source,injury,fatality,injured_pedestrian,injured_cyclist,injured_ebike_rider,injured_motorcyclist,injured_moped_rider,injured_car_occupant,injured_suv_occupant,number_of_persons_injured,number_of_persons_killed,contributing_factor_vehicle_1,collision_id,cross_street_name,off_street_name,vehicle_type_code1
2026-06-26,00:00,40.8803282,-73.8786607,BAINBRIDGE AVE,10467,52,OTHER,Street,22.064622754505418,False,BRONX,"(40.8803282, -73.8786607)",trafficstat,False,False,False,False,False,False,False,False,False,,,,,,,
2026-06-26,00:00,40.8799365,-73.8776627,WAYNE AVE,10467,52,UNKNOWN,Street,53.1352699304733,False,BRONX,"(40.8799365, -73.8776627)",trafficstat,False,False,False,False,False,False,False,False,False,,,,,,,
2026-06-26,00:00,40.8794453,-73.8860693,W  MOSHOLU PKWY S,10468,52,UNKNOWN,Street,82.79864127757163,False,BRONX,"(40.8794453, -73.8860693)",trafficstat,False,False,False,False,False,False,False,False,False,,,,,,,
2026-06-26,00:00,40.8824676,-73.8811471,E  GUN HILL RD,10467,52,UNKNOWN,Street,53.28540581842174,False,BRONX,"(40.8824676, -73.8811471)",trafficstat,True,False,True,False,False,False,False,False,False,,,,,,,
2026-06-25,00:00,40.8700516,-73.8924252,E  197 ST,10468,52,OTHER,Street,35.858641293094095,False,BRONX,"(40.8700516, -73.8924252)",trafficstat,False,False,False,False,False,False,False,False,False,,,,,,,
2026-06-25,00:00,40.8675087,-73.8822072,BOTANICAL SQ S,10458,52,UNKNOWN,Street,34.678393755602734,False,BRONX,"(40.8675087, -73.8822072)",trafficstat,False,False,False,False,False,False,False,False,False,,,,,,,
2026-06-25,00:00,40.8623931,-73.9088911,SEDGWICK AVE,10468,52,OTHER,Street,52.05681259315499,False,BRONX,"(40.8623931, -73.9088911)",trafficstat,True,False,False,False,False,False,False,False,True,,,,,,,
2026-06-24,00:00,40.865242,-73.9002245,DAVIDSON AVE,10468,52,UNKNOWN,Street,38.35783115832334,False,BRONX,"(40.865242, -73.9002245)",trafficstat,False,False,False,False,False,False,False,False,False,,,,,,,
2026-06-24,00:00,40.8682506,-73.8967158,JEROME AVE,10468,52,UNKNOWN,Street,22.77415464340411,False,BRONX,"(40.8682506, -73.8967158)",trafficstat,True,False,False,False,False,False,False,True,False,,,,,,,
2026-06-24,00:00,40.86837,-73.8898,E  197 ST,10458,52,UNKNOWN,Street,0.6832118611050023,False,BRONX,"(40.86837, -73.8898)",trafficstat,True,False,False,False,False,False,False,True,False,,,,,,,
2026-06-23,00:00,40.8768644,-73.8797302,BAINBRIDGE AVE,10467,52,UNKNOWN,Street,0.0741485871368977,False,BRONX,"(40.8768644, -73.8797302)",trafficstat,True,False,True,False,False,False,False,False,False,,,,,,,
2026-06-23,00:00,40.86275,-73.9049326,UNIVERSITY AVE,10468,52,UNKNOWN,Street,2.1971067877287123,False,BRONX,"(40.86275, -73.9049326)",trafficstat,False,False,False,False,False,False,False,False,False,,,,,,,
2026-06-22,00:00,40.863946,-73.9070237,WEBB AVE,10468,52,OTHER,Street,45.6390326905336,False,BRONX,"(40.863946, -73.9070237)",trafficstat,True,False,True,False,False,False,False,False,False,,,,,,,
2026-06-22,00:00,40.8701843,-73.8855166,BEDFORD PARK BLVD,10458,52,UNKNOWN,Street,2.195038106547731,False,BRONX,"(40.8701843, -73.8855166)",trafficstat,True,False,False,True,False,False,False,False,True,,,,,,,
2026-06-20,00:00,40.8633746,-73.9042957,UNIVERSITY AVE,10468,52,UNKNOWN,Street,62.912885139505015,False,BRONX,"(40.8633746, -73.9042957)",trafficstat,True,False,False,True,False,False,False,False,False,,,,,,,
2026-06-19,00:00,40.8676967,-73.899292,W  KINGSBRIDGE RD,10468,52,OTHER,Street,56.2783010294776,False,BRONX,"(40.8676967, -73.899292)",trafficstat,True,False,False,False,False,False,True,False,False,,,,,,,
2026-06-19,00:00,40.8788559,-73.8734815,HULL AVE,10467,52,UNKNOWN,Street,1.512471305549564,False,BRONX,"(40.8788559, -73.8734815)",trafficstat,False,False,False,False,False,False,False,False,False,,,,,,,
2026-06-19,00:00,40.8757307,-73.8795587,BAINBRIDGE AVE,10467,52,OTHER,Street,0.329956229423199,False,BRONX,"(40.8757307, -73.8795587)",trafficstat,True,False,False,True,False,False,False,False,False,,,,,,,
2026-06-18,00:00,40.872452,-73.8780641,E  204 ST,10467,52,UNKNOWN,Street,1.2902130706947263,False,BRONX,"(40.872452, -73.8780641)",trafficstat,False,False,False,False,False,False,False,False,False,,,,,,,
2026-06-18,00:00,40.8650202,-73.8927599,BRIGGS AVE,10458,52,OTHER,Street,1.8058290101916987,False,BRONX,"(40.8650202, -73.8927599)",trafficstat,True,False,False,True,False,False,False,False,False,,,,,,,
2026-06-18,00:00,40.8645118,-73.8967979,CRESTON AVE,10468,52,UNKNOWN,Street,36.720863068703444,False,BRONX,"(40.8645118, -73.8967979)",trafficstat,True,False,False,True,False,False,False,False,False,,,,,,,
2026-06-18,00:00,40.862736,-73.90332,GRAND AVE,10468,52,UNKNOWN,Street,1.4210965234182509,False,BRONX,"(40.862736, -73.90332)",trafficstat,False,False,False,False,False,False,False,False,False,,,,,,,
2026-06-18,00:00,40.856546,-73.8725602,BRONX RIVER PKWY,10462,52,UNKNOWN,Highway,3.3503207484046706,False,BRONX,"(40.856546, -73.8725602)",trafficstat,True,False,False,False,False,False,False,False,True,,,,,,,
2026-06-16,00:00,40.8553412,-73.8726493,BRONX RIVER PKWY ET 7E SB,10462,52,UNKNOWN,Ramp,1.770964947416766,False,BRONX,"(40.8553412, -73.8726493)",trafficstat,True,False,False,False,False,False,False,True,False,,,,,,,
2026-06-16,00:00,40.8579789,-73.8727165,BRONX RIVER PKWY,10462,52,UNKNOWN,Highway,0.635613269108137,False,BRONX,"(40.8579789, -73.8727165)",trafficstat,True,False,False,False,False,False,False,False,True,,,,,,,
2026-06-16,00:00,40.8723615,-73.8872137,GRAND CONC,10458,52,UNKNOWN,Street,44.960117416751146,False,BRONX,"(40.8723615, -73.8872137)",trafficstat,False,False,False,False,False,False,False,False,False,,,,,,,
2026-06-15,00:00,40.8731393,-73.9057132,BAILEY AVE,10463,52,UNKNOWN,Street,1.5207044300974601,False,BRONX,"(40.8731393, -73.9057132)",trafficstat,False,False,False,False,False,False,False,False,False,,,,,,,
2026-06-15,00:00,40.8582886,-73.9102097,HALL OF FAME TER,10453,52,UNKNOWN,Street,1.2416191163082337,False,BRONX,"(40.8582886, -73.9102097)",trafficstat,False,False,False,False,False,False,False,False,False,,,,,,,
2026-06-15,00:00,40.8622793,-73.8721913,BRONX RIVER PKWY,10467,52,OTHER,Highway,9.774785628810195,False,BRONX,"(40.8622793, -73.8721913)",trafficstat,False,False,False,False,False,False,False,False,False,,,,,,,
2026-06-15,00:00,40.8649071,-73.8921267,BAINBRIDGE AVE,10458,52,OTHER,Street,34.46190473056053,False,BRONX,"(40.8649071, -73.8921267)",trafficstat,False,False,False,False,False,False,False,False,False,,,,,,,
2026-06-15,00:00,40.86502,-73.89276,BRIGGS AVE,10458,52,OTHER,Street,1.8129700287585027,False,BRONX,"(40.86502, -73.89276)",trafficstat,False,False,False,False,False,False,False,False,False,,,,,,,
2026-06-15,00:00,40.86463,-73.89213,BAINBRIDGE AVE,10458,52,UNKNOWN,Street,2.244727101443584,False,BRONX,"(40.86463, -73.89213)",trafficstat,True,False,False,False,False,False,False,False,False,,,,,,,
2026-06-15,00:00,40.8660702,-73.8943815,GRAND CONC,10468,52,OTHER,Bridge,1.4939982502423672,False,BRONX,"(40.8660702, -73.8943815)",trafficstat,True,False,True,False,False,False,False,False,False,,,,,,,
2026-06-14,00:00,40.8633298,-73.8991979,MORRIS AVE,10468,52,OTHER,Street,1.6424484510273716,False,BRONX,"(40.8633298, -73.8991979)",trafficstat,True,False,False,False,False,False,False,True,True,,,,,,,
2026-06-13,00:00,40.8596194,-73.9132843,HALL OF FAME TER,10453,52,UNKNOWN,Street,2.3144527153892454,False,BRONX,"(40.8596194, -73.9132843)",trafficstat,False,False,False,False,False,False,False,False,False,,,,,,,
2026-06-13,00:00,40.8606003,-73.9110127,W  183 ST,10453,52,UNKNOWN,Street,2.944250662009421,False,BRONX,"(40.8606003, -73.9110127)",trafficstat,True,False,False,False,False,True,False,False,False,,,,,,,
2026-06-13,00:00,40.8688506,-73.9072234,HEATH AVE,10463,52,UNKNOWN,Street,2.5900983864252813,False,BRONX,"(40.8688506, -73.9072234)",trafficstat,True,False,False,False,False,False,False,True,False,,,,,,,
2026-06-12,00:00,40.8618309,-73.8928518,MARION AVE,10458,52,UNKNOWN,Street,2.031984571587725,False,BRONX,"(40.8618309, -73.8928518)",trafficstat,False,False,False,False,False,False,False,False,False,,,,,,,
2026-09-13,00:00,40.8037313,-73.9206062,BRUCKNER BLVD,10454,40,UNKNOWN,Street,68.83963447704481,False,BRONX,"(40.8037313, -73.9206062)",trafficstat,False,False,False,False,False,False,False,False,False,,,,,,,
2026-07-28,00:00,40.8037313,-73.9206062,BRUCKNER BLVD,10454,40,UNKNOWN,Street,68.83963447704481,False,BRONX,"(40.8037313, -73.9206062)",trafficstat,False,False,False,False,False,False,False,False,False,,,,,,,
2026-09-13,00:00,40.8032745,-73.9188734,ST ANNS PL,10454,40,UNKNOWN,Street,1.4175985006558822,False,BRONX,"(40.8032745, -73.9188734)",trafficstat,True,False,False,False,False,False,False,False,True,,,,,,,
2026-09-01,00:00,40.8032745,-73.9188734,ST ANNS PL,10454,40,UNKNOWN,Street,1.4175985006558822,False,BRONX,"(40.8032745, -73.9188734)",trafficstat,False,False,False,False,False,False,False,False,False,,,,,,,
2026-09-13,00:00,40.8064615,-73.9184455,E  137 ST,10454,40,UNKNOWN,Street,38.31612937649876,False,BRONX,"(40.8064615, -73.9184455)",trafficstat,False,False,False,False,False,False,False,False,False,,,,,,,
2026-08-23,00:00,40.8064615,-73.9184455,E  137 ST,10454,40,UNKNOWN,Street,38.31612937649876,False,BRONX,"(40.8064615, -73.9184455)",trafficstat,True,False,False,False,False,False,False,True,True,,,,,,,
2026-09-13,00:00,40.8224311,-73.909456,ST ANNS AVE,10456,40,UNKNOWN,Street,1.7312535153309732,False,BRONX,"(40.8224311, -73.909456)",trafficstat,False,False,False,False,False,False,False,False,False,,,,,,,
2026-09-12,00:00,40.8132377,-73.93129,MAJOR DEEGAN EXPY,10451,40,UNKNOWN,Highway,0.31263804916287186,False,BRONX,"(40.8132377, -73.93129)",trafficstat,False,False,False,False,False,False,False,False,False,,,,,,,
2026-09-12,00:00,40.8137373,-73.9313819,EXTERIOR ST,10451,40,UNKNOWN,Street,1.2040607409354602,False,BRONX,"(40.8137373, -73.9313819)",trafficstat,False,False,False,False,False,False,False,False,False,,,,,,,
2026-08-26,00:00,40.8137373,-73.9313819,EXTERIOR ST,10451,40,UNKNOWN,Street,1.2040607409354602,False,BRONX,"(40.8137373, -73.9313819)",trafficstat,False,False,False,False,False,False,False,False,False,,,,,,,
2026-08-12,00:00,40.8137373,-73.9313819,EXTERIOR ST,10451,40,UNKNOWN,Street,1.2040607409354602,False,BRONX,"(40.8137373, -73.9313819)",trafficstat,False,False,False,False,False,False,False,False,False,,,,,,,
2026-07-04,00:00,40.8137373,-73.9313819,EXTERIOR ST,10451,40,UNKNOWN,Street,1.2040607409354602,False,BRONX,"(40.8137373, -73.9313819)",trafficstat,False,False,False,False,False,False,False,False,False,,,,,,,
2026-09-12,00:00,40.806965,-73.91167,JACKSON AVE,10454,40,UNKNOWN,Street,0.9086914029383267,False,BRONX,"(40.806965, -73.91167)",trafficstat,True,False,False,False,False,False,False,False,False,,,,,,,
2026-09-12,00:00,40.804587,-73.9121243,E  138 ST,10454,40,UNKNOWN,Street,2.338073756193246,False,BRONX,"(40.804587, -73.9121243)",trafficstat,False,False,False,False,False,False,False,False,False,,,,,,,
2026-08-25,00:00,40.804587,-73.9121243,E  138 ST,10454,40,UNKNOWN,Street,2.338073756193246,False,BRONX,"(40.804587, -73.9121243)",trafficstat,True,False,False,False,False,False,False,True,False,,,,,,,
2026-07-28,00:00,40.804587,-73.9121243,E  138 ST,10454,40,UNKNOWN,Street,2.338073756193246,False,BRONX,"(40.804587, -73.9121243)",trafficstat,False,False,False,False,False,False,False,False,False,,,,,,,
2026-07-22,00:00,40.804587,-73.9121243,E  138 ST,10454,40,UNKNOWN,Street,2.338073756193246,False,BRONX,"(40.804587, -73.9121243)",trafficstat,False,False,False,False,False,False,False,False,False,,,,,,,
2026-07-14,00:00,40.804587,-73.9121243,E  138 ST,10454,40,UNKNOWN,Street,2.338073756193246,False,BRONX,"(40.804587, -73.9121243)",trafficstat,False,False,False,False,False,False,False,False,False,,,,,,,
2026-09-12,00:00,40.8090448,-73.9285547,LINCOLN AVE,10454,40,UNKNOWN,Street,2.256361926048986,False,BRONX,"(40.8090448, -73.9285547)",trafficstat,True,False,False,False,False,False,False,False,True,,,,,,,
2026-09-03,00:00,40.8090448,-73.9285547,LINCOLN AVE,10454,40,UNKNOWN,Street,2.256361926048986,False,BRONX,"(40.8090448, -73.9285547)",trafficstat,False,False,False,False,False,False,False,False,False,,,,,,,
2026-08-31,00:00,40.8090448,-73.9285547,LINCOLN AVE,10454,40,UNKNOWN,Street,2.256361926048986,False,BRONX,"(40.8090448, -73.9285547)",trafficstat,True,False,False,False,False,False,False,True,False,,,,,,,
2026-08-22,00:00,40.8090448,-73.9285547,LINCOLN AVE,10454,40,OTHER,Street,2.256361926048986,False,BRONX,"(40.8090448, -73.9285547)",trafficstat,False,False,False,False,False,False,False,False,False,,,,,,,
2026-08-02,00:00,40.8090448,-73.9285547,LINCOLN AVE,10454,40,UNKNOWN,Street,2.256361926048986,False,BRONX,"(40.8090448, -73.9285547)",trafficstat,True,False,False,False,False,False,False,False,True,,,,,,,
2026-07-29,00:00,40.8090448,-73.9285547,LINCOLN AVE,10454,40,UNKNOWN,Street,2.256361926048986,False,BRONX,"(40.8090448, -73.9285547)",trafficstat,True,False,False,False,False,False,False,True,False,,,,,,,
2026-09-12,00:00,40.8131278,-73.907818,E  149 ST,10455,40,UNKNOWN,Street,51.52838235133184,False,BRONX,"(40.8131278, -73.907818)",trafficstat,True,False,False,False,False,False,False,False,False,,,,,,,
2026-09-12,00:00,40.8122752,-73.9052331,E  149 ST,10455,40,UNKNOWN,Street,60.51122798225993,False,BRONX,"(40.8122752, -73.9052331)",trafficstat,False,False,False,False,False,False,False,False,False,,,,,,,
2026-06-17,00:00,40.8122752,-73.9052331,E  149 ST,10455,40,UNKNOWN,Street,60.51122798225993,False,BRONX,"(40.8122752, -73.9052331)",trafficstat,False,False,False,False,False,False,False,False,False,,,,,,,
2026-09-11,00:00,40.809564,-73.9292188,3 AVE,10454,40,OTHER,Street,0.7650964311737809,False,BRONX,"(40.809564, -73.9292188)",trafficstat,False,False,False,False,False,False,False,False,False,,,,,,,
2026-09-03,00:00,40.809564,-73.9292188,3 AVE,10454,40,UNKNOWN,Street,0.7650964311737809,False,BRONX,"(40.809564, -73.9292188)",trafficstat,True,False,False,False,False,False,False,True,False,,,,,,,
2026-08-13,00:00,40.809564,-73.9292188,3 AVE,10454,40,UNKNOWN,Street,0.7650964311737809,False,BRONX,"(40.809564, -73.9292188)",trafficstat,True,False,False,False,False,False,False,False,True,,,,,,,
2026-06-28,00:00,40.809564,-73.9292188,3 AVE,10454,40,UNKNOWN,Street,0.7650964311737809,False,BRONX,"(40.809564, -73.9292188)",trafficstat,False,False,False,False,False,False,False,False,False,,,,,,,
2026-09-11,00:00,40.8066256,-73.9076605,BRUCKNER EXPY,10454,40,UNKNOWN,Highway,2.8530178008428657,False,BRONX,"(40.8066256, -73.9076605)",trafficstat,False,False,False,False,False,False,False,False,False,,,,,,,
2026-08-22,00:00,40.8066256,-73.9076605,BRUCKNER EXPY,10454,40,UNKNOWN,Highway,2.8530178008428657,False,BRONX,"(40.8066256, -73.9076605)",trafficstat,True,False,False,False,False,False,False,True,False,,,,,,,
2026-07-16,00:00,40.8066256,-73.9076605,BRUCKNER EXPY,10454,40,UNKNOWN,Highway,2.8530178008428657,False,BRONX,"(40.8066256, -73.9076605)",trafficstat,True,False,False,False,False,False,False,True,False,,,,,,,
2026-09-11,00:00,40.8054415,-73.9208625,MAJOR DEEGAN EXPY,10454,40,OTHER,Highway,1.3131154095383604,False,BRONX,"(40.8054415, -73.9208625)",trafficstat,False,False,False,False,False,False,False,False,False,,,,,,,
2026-09-09,00:00,40.8054415,-73.9208625,MAJOR DEEGAN EXPY,10454,40,UNKNOWN,Highway,1.3131154095383604,False,BRONX,"(40.8054415, -73.9208625)",trafficstat,False,False,False,False,False,False,False,False,False,,,,,,,
2026-08-22,00:00,40.8054415,-73.9208625,MAJOR DEEGAN EXPY,10454,40,UNKNOWN,Highway,1.3131154095383604,False,BRONX,"(40.8054415, -73.9208625)",trafficstat,True,False,False,False,False,False,False,True,False,,,,,,,
2026-07-31,00:00,40.8054415,-73.9208625,MAJOR DEEGAN EXPY,10454,40,OTHER,Highway,1.3131154095383604,False,BRONX,"(40.8054415, -73.9208625)",trafficstat,False,False,False,False,False,False,False,False,False,,,,,,,
2026-07-03,00:00,40.8054415,-73.9208625,MAJOR DEEGAN EXPY,10454,40,UNKNOWN,Highway,1.3131154095383604,False,BRONX,"(40.8054415, -73.9208625)",trafficstat,True,False,False,False,False,False,False,True,True,,,,,,,
2026-06-16,00:00,40.8054415,-73.9208625,MAJOR DEEGAN EXPY,10454,40,UNKNOWN,Highway,1.3131154095383604,False,BRONX,"(40.8054415, -73.9208625)",trafficstat,True,False,False,False,False,False,False,True,False,,,,,,,
2026-09-11,00:00,40.8136658,-73.9312375,E  138 ST,10451,40,UNKNOWN,Street,19.623973832483106,False,BRONX,"(40.8136658, -73.9312375)",trafficstat,False,False,False,False,False,False,False,False,False,,,,,,,
2026-09-11,00:00,40.8162619,-73.9141971,BROOK AVE,10455,40,UNKNOWN,Street,1.5653911954155286,False,BRONX,"(40.8162619, -73.9141971)",trafficstat,True,False,False,False,False,True,False,True,False,,,,,,,
2026-09-08,00:00,40.8162619,-73.9141971,BROOK AVE,10455,40,OTHER,Street,1.5653911954155286,False,BRONX,"(40.8162619, -73.9141971)",trafficstat,True,False,False,False,True,False,False,False,False,,,,,,,
2026-08-18,00:00,40.8162619,-73.9141971,BROOK AVE,10455,40,UNKNOWN,Street,1.5653911954155286,False,BRONX,"(40.8162619, -73.9141971)",trafficstat,True,False,False,True,False,False,False,False,False,,,,,,,
2026-09-10,00:00,40.8173878,-73.922758,MORRIS AVE,10451,40,UNKNOWN,Street,1.6459120646589334,False,BRONX,"(40.8173878, -73.922758)",trafficstat,False,False,False,False,False,False,False,False,False,,,,,,,
2026-09-03,00:00,40.8173878,-73.922758,MORRIS AVE,10451,40,UNKNOWN,Street,1.6459120646589334,False,BRONX,"(40.8173878, -73.922758)",trafficstat,True,False,False,True,False,False,False,False,False,,,,,,,
2026-07-17,00:00,40.8173878,-73.922758,MORRIS AVE,10451,40,UNKNOWN,Street,1.6459120646589334,False,BRONX,"(40.8173878, -73.922758)",trafficstat,False,False,False,False,False,False,False,False,False,,,,,,,
2026-07-05,00:00,40.8173878,-73.922758,MORRIS AVE,10451,40,UNKNOWN,Street,1.6459120646589334,False,BRONX,"(40.8173878, -73.922758)",trafficstat,True,False,False,True,False,False,False,False,False,,,,,,,
2026-07-03,00:00,40.8173878,-73.922758,MORRIS AVE,10451,40,UNKNOWN,Street,1.6459120646589334,False,BRONX,"(40.8173878, -73.922758)",trafficstat,True,False,False,False,False,False,False,False,False,,,,,,,
2026-06-19,00:00,40.8173878,-73.922758,MORRIS AVE,10451,40,UNKNOWN,Street,1.6459120646589334,False,BRONX,"(40.8173878, -73.922758)",trafficstat,True,False,False,False,True,False,False,True,False,,,,,,,
2026-09-10,00:00,40.8152712,-73.9051165,E  152 ST,10455,40,UNKNOWN,Street,56.36688935590378,False,BRONX,"(40.8152712, -73.9051165)",trafficstat,False,False,False,False,False,False,False,False,False,,,,,,,
2026-09-10,00:00,40.8154399,-73.9239994,MORRIS AVE,10451,40,UNKNOWN,Street,1.5424431030600991,False,BRONX,"(40.8154399, -73.9239994)",trafficstat,False,False,False,False,False,False,False,False,False,,,,,,,
2026-08-20,00:00,40.8154399,-73.9239994,MORRIS AVE,10451,40,OTHER,Street,1.5424431030600991,False,BRONX,"(40.8154399, -73.9239994)",trafficstat,True,False,True,False,False,False,False,False,False,,,,,,,
2026-09-09,00:00,40.8138334,-73.9078673,CONCORD AVE,10455,40,UNKNOWN,Street,1.3938973767989904,False,BRONX,"(40.8138334, -73.9078673)",trafficstat,False,False,False,False,False,False,False,False,False,,,,,,,
2026-09-09,00:00,40.8179121,-73.9217012,E  150 ST,10451,40,UNKNOWN,Street,18.13578148113623,False,BRONX,"(40.8179121, -73.9217012)",trafficstat,False,False,False,False,False,False,False,False,False,,,,,,,
2026-09-09,00:00,40.8169509,-73.9177496,E  150 ST,10455,40,UNKNOWN,Street,36.89240575692966,False,BRONX,"(40.8169509, -73.9177496)",trafficstat,False,False,False,False,False,False,False,False,False,,,,,,,
2026-09-09,00:00,40.8178244,-73.9152645,3 AVE,10455,40,UNKNOWN,Street,1.931855914506218,False,BRONX,"(40.8178244, -73.9152645)",trafficstat,True,False,False,False,False,False,False,False,False,,,,,,,
2026-09-09,00:00,40.8075314,-73.9168149,E  139 ST,10454,40,UNKNOWN,Street,32.394116209936406,False,BRONX,"(40.8075314, -73.9168149)",trafficstat,False,False,False,False,False,False,False,False,False,,,,,,,
2026-09-07,00:00,40.8102466,-73.9151111,ST ANNS AVE,10454,40,UNKNOWN,Street,45.276962914809275,False,BRONX,"(40.8102466, -73.9151111)",trafficstat,False,False,False,False,False,False,False,False,False,,,,,,,
2026-09-07,00:00,40.8193504,-73.9066969,JACKSON AVE,10456,40,UNKNOWN,Street,29.402991434854346,False,BRONX,"(40.8193504, -73.9066969)",trafficstat,False,False,False,False,False,False,False,False,False,,,,,,,
2026-09-06,00:00,40.8187237,-73.9034961,UNION AVE,10455,40,OTHER,Street,0.6296670364705392,False,BRONX,"(40.8187237, -73.9034961)",trafficstat,True,False,False,False,False,False,False,False,True,,,,,,,
2026-09-06,00:00,40.8078671,-73.9192097,BROOK AVE,10454,40,UNKNOWN,Street,43.245863759320656,False,BRONX,"(40.8078671, -73.9192097)",trafficstat,False,False,False,False,False,False,False,False,False,,,,,,,
2026-09-06,00:00,40.8071867,-73.9242798,WILLIS AVE  BRIDGE,10454,40,OTHER,Bridge,0.5502354576589387,False,BRONX,"(40.8071867, -73.9242798)",trafficstat,False,False,False,False,False,False,False,False,False,,,,,,,
2026-07-31,00:00,40.8071867,-73.9242798,WILLIS AVE  BRIDGE,10454,40,UNKNOWN,Bridge,0.5502354576589387,False,BRONX,"(40.8071867, -73.9242798)",trafficstat,False,False,False,False,False,False,False,False,False,,,,,,,
2026-07-25,00:00,40.8071867,-73.9242798,WILLIS AVE  BRIDGE,10454,40,UNKNOWN,Bridge,0.5502354576589387,False,BRONX,"(40.8071867, -73.9242798)",trafficstat,True,False,False,False,False,False,False,False,True,,,,,,,
2026-07-09,00:00,40.8071867,-73.9242798,WILLIS AVE  BRIDGE,10454,40,UNKNOWN,Bridge,0.5502354576589387,False,BRONX,"(40.8071867, -73.9242798)",trafficstat,False,False,False,False,False,False,False,False,False,,,,,,,
2026-06-14,00:00,40.8071867,-73.9242798,WILLIS AVE  BRIDGE,10454,40,UNKNOWN,Bridge,0.5502354576589387,False,BRONX,"(40.8071867, -73.9242798)",trafficstat,False,False,False,False,False,False,False,False,False,,,,,,,
2026-09-05,00:00,40.8142701,-73.9153412,BROOK AVE,10455,40,UNKNOWN,Street,1.2742025583307137,False,BRONX,"(40.8142701, -73.9153412)",trafficstat,False,False,False,False,False,False,False,False,False,,,,,,,
2026-09-05,00:00,40.8137711,-73.9320163,E  138 ST,10451,40,OTHER,Street,24.90070975426559,False,BRONX,"(40.8137711, -73.9320163)",trafficstat,False,False,False,False,False,False,False,False,False,,,,,,,
2026-09-05,00:00,40.8156984,-73.9167701,E  149 ST,10455,40,OTHER,Street,2.4566382830499287,False,BRONX,"(40.8156984, -73.9167701)",trafficstat,True,False,False,False,False,True,False,False,False,,,,,,,
2026-07-26,00:00,40.8156984,-73.9167701,E  149 ST,10455,40,UNKNOWN,Street,2.4566382830499287,False,BRONX,"(40.8156984, -73.9167701)",trafficstat,True,False,True,False,False,False,False,False,False,,,,,,,
2026-06-15,00:00,40.8156984,-73.9167701,E  149 ST,10455,40,UNKNOWN,Street,2.4566382830499287,False,BRONX,"(40.8156984, -73.9167701)",trafficstat,True,False,False,False,False,False,False,False,False,,,,,,,
2026-09-04,00:00,40.8165539,-73.9195436,COURTLANDT AVE,10451,40,UNKNOWN,Street,1.8158369636444625,False,BRONX,"(40.8165539, -73.9195436)",trafficstat,False,False,False,False,False,False,False,False,False,,,,,,,
2026-07-19,00:00,40.8165539,-73.9195436,COURTLANDT AVE,10451,40,UNKNOWN,Street,1.8158369636444625,False,BRONX,"(40.8165539, -73.9195436)",trafficstat,True,False,False,True,False,False,False,False,False,,,,,,,
2026-06-28,00:00,40.8165539,-73.9195436,COURTLANDT AVE,10451,40,UNKNOWN,Street,1.8158369636444625,False,BRONX,"(40.8165539, -73.9195436)",trafficstat,True,False,False,False,False,False,False,True,True,,,,,,,
2026-09-04,00:00,40.818229,-73.9167886,MELROSE AVE,10455,40,OTHER,Street,1.51041920847929,False,BRONX,"(40.818229, -73.9167886)",trafficstat,True,False,False,False,False,False,False,False,True,,,,,,,
2026-09-04,00:00,40.8174999,-73.9155211,E  152 ST,10455,40,UNKNOWN,Street,22.92984234126505,False,BRONX,"(40.8174999, -73.9155211)",trafficstat,False,False,False,False,False,False,False,False,False,,,,,,,
2026-09-04,00:00,40.8093255,-73.9299043,3 AVE,10451,40,OTHER,Street,28.597000244588706,False,BRONX,"(40.8093255, -73.9299043)",trafficstat,False,False,False,False,False,False,False,False,False,,,,,,,
2026-06-18,00:00,40.8093255,-73.9299043,3 AVE,10451,40,UNKNOWN,Street,28.597000244588706,False,BRONX,"(40.8093255, -73.9299043)",trafficstat,False,False,False,False,False,False,False,False,False,,,,,,,
2026-09-04,00:00,40.808254,-73.9278417,MAJOR DEEGAN EXPY,10454,40,OTHER,Highway,1.052698590383976,False,BRONX,"(40.808254, -73.9278417)",trafficstat,True,False,False,False,False,False,False,False,True,,,,,,,
2026-09-03,00:00,40.8105168,-73.9100466,JACKSON AVE,10455,40,UNKNOWN,Street,1.0099169974288271,False,BRONX,"(40.8105168, -73.9100466)",trafficstat,False,False,False,False,False,False,False,False,False,,,,,,,
2026-09-03,00:00,40.8091071,-73.9228868,WILLIS AVE,10454,40,UNKNOWN,Street,1.4215216668534882,False,BRONX,"(40.8091071, -73.9228868)",trafficstat,True,False,False,True,False,False,False,False,False,,,,,,,
2026-08-13,00:00,40.8091071,-73.9228868,WILLIS AVE,10454,40,UNKNOWN,Street,1.4215216668534882,False,BRONX,"(40.8091071, -73.9228868)",trafficstat,True,False,False,True,False,False,False,False,False,,,,,,,
2026-07-24,00:00,40.8091071,-73.9228868,WILLIS AVE,10454,40,OTHER,Street,1.4215216668534882,False,BRONX,"(40.8091071, -73.9228868)",trafficstat,False,False,False,False,False,False,False,False,False,,,,,,,
2026-09-03,00:00,40.816523,-73.9187727,E  149 ST,10455,40,UNKNOWN,Street,55.10048494320554,False,BRONX,"(40.816523, -73.9187727)",trafficstat,False,False,False,False,False,False,False,False,False,,,,,,,