crash_date,crash_time,latitude,longitude,on_street_name,zip_code,precinct,collision_type,roadway_type,geocode_dist_feet,time_is_known,borough,location,source,injury,fatality,injured_pedestrian,injured_cyclist,injured_ebike_rider,injured_motorcyclist,injured_moped_rider,injured_car_occupant,injured_suv_occupant,number_of_persons_injured,number_of_persons_killed,contributing_factor_vehicle_1,collision_id,cross_street_name,off_street_name,vehicle_type_code1
2026-06-29,00:00,40.816523,-73.9187727,E  149 ST,10455,40,UNKNOWN,Street,55.10048494320554,False,BRONX,"(40.816523, -73.9187727)",trafficstat,False,False,False,False,False,False,False,False,False,,,,,,,
2026-09-02,00:00,40.8166963,-73.9230912,MORRIS AVE,10451,40,UNKNOWN,Street,2.442368896275469,False,BRONX,"(40.8166963, -73.9230912)",trafficstat,False,False,False,False,False,False,False,False,False,,,,,,,
2026-08-05,00:00,40.8166963,-73.9230912,MORRIS AVE,10451,40,UNKNOWN,Street,2.442368896275469,False,BRONX,"(40.8166963, -73.9230912)",trafficstat,False,False,False,False,False,False,False,False,False,,,,,,,
2026-09-01,00:00,40.8050252,-73.9107381,BRUCKNER EXPWY EB EN E 138 ST,10454,40,OTHER,Ramp,1.2611753121513596,False,BRONX,"(40.8050252, -73.9107381)",trafficstat,False,False,False,False,False,False,False,False,False,,,,,,,
2026-07-08,00:00,40.8050252,-73.9107381,BRUCKNER EXPWY EB EN E 138 ST,10454,40,UNKNOWN,Ramp,1.2611753121513596,False,BRONX,"(40.8050252, -73.9107381)",trafficstat,False,False,False,False,False,False,False,False,False,,,,,,,
2026-09-01,00:00,40.8029348,-73.912289,WILLOW AVE,10454,40,UNKNOWN,Street,1.9774541583757446,False,BRONX,"(40.8029348, -73.912289)",trafficstat,False,False,False,False,False,False,False,False,False,,,,,,,
2026-08-24,00:00,40.8029348,-73.912289,WILLOW AVE,10454,40,UNKNOWN,Street,1.9774541583757446,False,BRONX,"(40.8029348, -73.912289)",trafficstat,False,False,False,False,False,False,False,False,False,,,,,,,
2026-07-27,00:00,40.8029348,-73.912289,WILLOW AVE,10454,40,OTHER,Street,1.9774541583757446,False,BRONX,"(40.8029348, -73.912289)",trafficstat,True,False,False,False,False,False,False,False,False,,,,,,,
2026-06-12,00:00,40.8029348,-73.912289,WILLOW AVE,10454,40,UNKNOWN,Street,1.9774541583757446,False,BRONX,"(40.8029348, -73.912289)",trafficstat,True,False,True,False,False,False,False,False,False,,,,,,,
2026-08-31,00:00,40.8042214,-73.9113374,WILLOW AVE,10454,40,UNKNOWN,Street,2.096666188519252,False,BRONX,"(40.8042214, -73.9113374)",trafficstat,True,False,False,False,False,False,True,False,False,,,,,,,
2026-08-31,00:00,40.8081972,-73.9294124,LINCOLN AVE,10454,40,UNKNOWN,Street,53.23169066770432,False,BRONX,"(40.8081972, -73.9294124)",trafficstat,False,False,False,False,False,False,False,False,False,,,,,,,
2026-08-31,00:00,40.8137633,-73.9245748,MORRIS AVE,10451,40,UNKNOWN,Street,154.7384084796543,False,BRONX,"(40.8137633, -73.9245748)",trafficstat,False,False,False,False,False,False,False,False,False,,,,,,,
2026-08-31,00:00,40.8185378,-73.9078246,E  156 ST,10455,40,UNKNOWN,Street,3.113701934163679,False,BRONX,"(40.8185378, -73.9078246)",trafficstat,True,False,False,False,False,False,False,True,False,,,,,,,
2026-08-31,00:00,40.8201338,-73.9130648,3 AVE,10455,40,UNKNOWN,Street,1.249239367487907,False,BRONX,"(40.8201338, -73.9130648)",trafficstat,True,False,False,True,False,False,False,False,False,,,,,,,
2026-06-14,00:00,40.8201338,-73.9130648,3 AVE,10455,40,OTHER,Street,1.249239367487907,False,BRONX,"(40.8201338, -73.9130648)",trafficstat,False,False,False,False,False,False,False,False,False,,,,,,,
2026-08-30,00:00,40.8184638,-73.9173618,E  152 ST,10455,40,UNKNOWN,Street,27.08552433263854,False,BRONX,"(40.8184638, -73.9173618)",trafficstat,False,False,False,False,False,False,False,False,False,,,,,,,
2026-08-30,00:00,40.8087895,-73.9161827,ST ANNS AVE,10454,40,UNKNOWN,Street,1.9058158563988894,False,BRONX,"(40.8087895, -73.9161827)",trafficstat,False,False,False,False,False,False,False,False,False,,,,,,,
2026-07-26,00:00,40.8087895,-73.9161827,ST ANNS AVE,10454,40,UNKNOWN,Street,1.9058158563988894,False,BRONX,"(40.8087895, -73.9161827)",trafficstat,True,False,False,False,True,False,False,False,False,,,,,,,
2026-06-25,00:00,40.8087895,-73.9161827,ST ANNS AVE,10454,40,UNKNOWN,Street,1.9058158563988894,False,BRONX,"(40.8087895, -73.9161827)",trafficstat,False,False,False,False,False,False,False,False,False,,,,,,,
2026-08-30,00:00,40.8081625,-73.9265219,E  135 ST,10454,40,OTHER,Street,1.8790762866971638,False,BRONX,"(40.8081625, -73.9265219)",trafficstat,False,False,False,False,False,False,False,False,False,,,,,,,
2026-08-30,00:00,40.8075258,-73.9299079,LINCOLN AVE,10454,40,OTHER,Street,53.85341894182256,False,BRONX,"(40.8075258, -73.9299079)",trafficstat,False,False,False,False,False,False,False,False,False,,,,,,,
2026-08-30,00:00,40.806913,-73.9255407,E  134 ST,10454,40,UNKNOWN,Street,2.4442274399543233,False,BRONX,"(40.806913, -73.9255407)",trafficstat,True,False,False,False,False,False,False,True,False,,,,,,,
2026-08-29,00:00,40.803969,-73.9205205,BRUCKNER BLVD,10454,40,UNKNOWN,Street,18.425958375859928,False,BRONX,"(40.803969, -73.9205205)",trafficstat,True,False,False,False,False,False,False,True,False,,,,,,,
2026-08-29,00:00,40.8147816,-73.9185608,BERGEN AVE,10455,40,OTHER,Street,18.227651406254513,False,BRONX,"(40.8147816, -73.9185608)",trafficstat,False,False,False,False,False,False,False,False,False,,,,,,,
2026-08-29,00:00,40.8159536,-73.905247,TINTON AVE,10455,40,OTHER,Street,20.387407243744075,False,BRONX,"(40.8159536, -73.905247)",trafficstat,False,False,False,False,False,False,False,False,False,,,,,,,
2026-08-28,00:00,40.8147666,-73.9187437,WILLIS AVE,10455,40,OTHER,Street,1.6111852220777971,False,BRONX,"(40.8147666, -73.9187437)",trafficstat,True,False,True,False,False,False,False,False,False,,,,,,,
2026-08-26,00:00,40.8147666,-73.9187437,WILLIS AVE,10455,40,UNKNOWN,Street,1.6111852220777971,False,BRONX,"(40.8147666, -73.9187437)",trafficstat,True,False,False,True,False,False,False,False,False,,,,,,,
2026-08-14,00:00,40.8147666,-73.9187437,WILLIS AVE,10455,40,OTHER,Street,1.6111852220777971,False,BRONX,"(40.8147666, -73.9187437)",trafficstat,True,False,False,True,False,False,False,False,False,,,,,,,
2026-08-28,00:00,40.81547,-73.9053253,TINTON AVE,10455,40,UNKNOWN,Street,1.5347209933499881,False,BRONX,"(40.81547, -73.9053253)",trafficstat,False,False,False,False,False,False,False,False,False,,,,,,,
2026-08-28,00:00,40.803593,-73.91978,BRUCKNER BLVD,10454,40,UNKNOWN,Street,0.8709082874504813,False,BRONX,"(40.803593, -73.91978)",trafficstat,False,False,False,False,False,False,False,False,False,,,,,,,
2026-08-28,00:00,40.808437,-73.90472,BRUCKNER BLVD,10454,40,UNKNOWN,Street,30.292251652831496,False,BRONX,"(40.808437, -73.90472)",trafficstat,True,False,False,False,False,False,False,True,True,,,,,,,
2026-08-28,00:00,40.8149368,-73.9149538,BROOK AVE,10455,40,UNKNOWN,Street,1.7734905841726443,False,BRONX,"(40.8149368, -73.9149538)",trafficstat,True,False,True,False,False,False,False,False,False,,,,,,,
2026-08-09,00:00,40.8149368,-73.9149538,BROOK AVE,10455,40,OTHER,Street,1.7734905841726443,False,BRONX,"(40.8149368, -73.9149538)",trafficstat,True,False,True,False,False,False,False,False,False,,,,,,,
2026-08-28,00:00,40.8074181,-73.9184952,E  138 ST,10454,40,OTHER,Street,52.77585506885067,False,BRONX,"(40.8074181, -73.9184952)",trafficstat,True,False,False,False,False,False,False,False,False,,,,,,,
2026-08-28,00:00,40.8075695,-73.9263528,MAJOR DEEGAN EXPY,10454,40,UNKNOWN,Highway,19.83172224565752,False,BRONX,"(40.8075695, -73.9263528)",trafficstat,False,False,False,False,False,False,False,False,False,,,,,,,
2026-06-30,00:00,40.8075695,-73.9263528,MAJOR DEEGAN EXPY,10454,40,UNKNOWN,Highway,19.83172224565752,False,BRONX,"(40.8075695, -73.9263528)",trafficstat,False,False,False,False,False,False,False,False,False,,,,,,,
2026-08-27,00:00,40.810184,-73.9239419,E  139 ST,10454,40,OTHER,Street,81.01263906604625,False,BRONX,"(40.810184, -73.9239419)",trafficstat,True,False,True,False,False,False,False,False,False,,,,,,,
2026-08-27,00:00,40.8092951,-73.9292639,MAJOR DEEGAN EXPY,10454,40,UNKNOWN,Highway,0.08614533018556159,False,BRONX,"(40.8092951, -73.9292639)",trafficstat,True,False,False,False,False,False,False,False,True,,,,,,,
2026-08-12,00:00,40.8092951,-73.9292639,MAJOR DEEGAN EXPY,10454,40,UNKNOWN,Highway,0.08614533018556159,False,BRONX,"(40.8092951, -73.9292639)",trafficstat,False,False,False,False,False,False,False,False,False,,,,,,,
2026-08-10,00:00,40.8092951,-73.9292639,MAJOR DEEGAN EXPY,10454,40,UNKNOWN,Highway,0.08614533018556159,False,BRONX,"(40.8092951, -73.9292639)",trafficstat,True,False,False,False,False,False,False,False,True,,,,,,,
2026-08-04,00:00,40.8092951,-73.9292639,MAJOR DEEGAN EXPY,10454,40,OTHER,Highway,0.08614533018556159,False,BRONX,"(40.8092951, -73.9292639)",trafficstat,False,False,False,False,False,False,False,False,False,,,,,,,
2026-06-21,00:00,40.8092951,-73.9292639,MAJOR DEEGAN EXPY,10454,40,UNKNOWN,Highway,0.08614533018556159,False,BRONX,"(40.8092951, -73.9292639)",trafficstat,False,False,False,False,False,False,False,False,False,,,,,,,
2026-08-27,00:00,40.8109488,-73.9271438,LINCOLN AVE,10454,40,UNKNOWN,Street,1.7847730444617969,False,BRONX,"(40.8109488, -73.9271438)",trafficstat,True,False,False,False,False,False,False,True,False,,,,,,,
2026-08-27,00:00,40.8068464,-73.9243466,MAJOR DEEGAN EXPY,10454,40,UNKNOWN,Highway,0.7787588117041588,False,BRONX,"(40.8068464, -73.9243466)",trafficstat,True,False,False,False,False,False,False,True,False,,,,,,,
2026-08-27,00:00,40.8132333,-73.9090747,JACKSON AVE,10455,40,UNKNOWN,Street,1.061113745031264,False,BRONX,"(40.8132333, -73.9090747)",trafficstat,True,False,False,False,False,False,False,True,False,,,,,,,
2026-06-14,00:00,40.8132333,-73.9090747,JACKSON AVE,10455,40,UNKNOWN,Street,1.061113745031264,False,BRONX,"(40.8132333, -73.9090747)",trafficstat,False,False,False,False,False,False,False,False,False,,,,,,,
2026-08-27,00:00,40.8124755,-73.9054126,UNION AVE,10455,40,UNKNOWN,Street,1.4598662248764065,False,BRONX,"(40.8124755, -73.9054126)",trafficstat,False,False,False,False,False,False,False,False,False,,,,,,,
2026-08-19,00:00,40.8124755,-73.9054126,UNION AVE,10455,40,UNKNOWN,Street,1.4598662248764065,False,BRONX,"(40.8124755, -73.9054126)",trafficstat,False,False,False,False,False,False,False,False,False,,,,,,,
2026-08-27,00:00,40.8123609,-73.9292741,E  138 ST,10451,40,OTHER,Street,59.180592288377305,False,BRONX,"(40.8123609, -73.9292741)",trafficstat,True,False,True,False,False,False,False,False,False,,,,,,,
2026-08-27,00:00,40.8216697,-73.9151801,MELROSE AVE,10451,40,UNKNOWN,Street,1.6699436108849932,False,BRONX,"(40.8216697, -73.9151801)",trafficstat,False,False,False,False,False,False,False,False,False,,,,,,,
2026-08-27,00:00,40.8176292,-73.9225675,MORRIS AVE,10451,40,UNKNOWN,Street,22.282694641108233,False,BRONX,"(40.8176292, -73.9225675)",trafficstat,False,False,False,False,False,False,False,False,False,,,,,,,
2026-08-26,00:00,40.8173423,-73.9072945,WESTCHESTER AVE,10455,40,UNKNOWN,Street,156.6789065968063,False,BRONX,"(40.8173423, -73.9072945)",trafficstat,False,False,False,False,False,False,False,False,False,,,,,,,
2026-08-26,00:00,40.8052883,-73.9258496,WILLIS AVENUE BRIDGE BIKE PATH,10454,40,UNKNOWN,Bridge,2.011064976256097,False,BRONX,"(40.8052883, -73.9258496)",trafficstat,False,False,False,False,False,False,False,False,False,,,,,,,
2026-08-26,00:00,40.8043441,-73.9215703,BROOK AVE,10454,40,UNKNOWN,Street,2.2630971110939053,False,BRONX,"(40.8043441, -73.9215703)",trafficstat,False,False,False,False,False,False,False,False,False,,,,,,,
2026-07-28,00:00,40.8043441,-73.9215703,BROOK AVE,10454,40,UNKNOWN,Street,2.2630971110939053,False,BRONX,"(40.8043441, -73.9215703)",trafficstat,False,False,False,False,False,False,False,False,False,,,,,,,
2026-08-26,00:00,40.8047639,-73.9158105,E  137 ST,10454,40,UNKNOWN,Street,145.90490736078115,False,BRONX,"(40.8047639, -73.9158105)",trafficstat,False,False,False,False,False,False,False,False,False,,,,,,,
2026-08-26,00:00,40.8090601,-73.9075379,SOUTHERN BLVD,10454,40,OTHER,Street,0.998615074134451,False,BRONX,"(40.8090601, -73.9075379)",trafficstat,True,False,True,False,False,False,False,False,False,,,,,,,
2026-08-25,00:00,40.822035,-73.9118158,3 AVE,10451,40,UNKNOWN,Street,1.7259881142941753,False,BRONX,"(40.822035, -73.9118158)",trafficstat,True,False,False,True,False,False,False,False,False,,,,,,,
2026-06-17,00:00,40.822035,-73.9118158,3 AVE,10451,40,UNKNOWN,Street,1.7259881142941753,False,BRONX,"(40.822035, -73.9118158)",trafficstat,True,False,True,False,False,False,False,False,False,,,,,,,
2026-08-25,00:00,40.8132463,-73.9102115,E  149 ST,10455,40,UNKNOWN,Street,82.03603801858587,False,BRONX,"(40.8132463, -73.9102115)",trafficstat,True,False,False,False,False,False,False,True,False,,,,,,,
2026-08-24,00:00,40.813374,-73.93057,E  138 ST,10451,40,UNKNOWN,Street,2.3161043288762895,False,BRONX,"(40.813374, -73.93057)",trafficstat,False,False,False,False,False,False,False,False,False,,,,,,,
2026-08-23,00:00,40.8149722,-73.9075467,E  151 ST,10455,40,UNKNOWN,Street,18.194177693596867,False,BRONX,"(40.8149722, -73.9075467)",trafficstat,False,False,False,False,False,False,False,False,False,,,,,,,
2026-08-22,00:00,40.8136218,-73.9109491,E  149 ST,10455,40,UNKNOWN,Street,2.6012768312487093,False,BRONX,"(40.8136218, -73.9109491)",trafficstat,False,False,False,False,False,False,False,False,False,,,,,,,
2026-08-22,00:00,40.8184609,-73.9148771,ELTON AVE,10455,40,UNKNOWN,Street,1.291181598955537,False,BRONX,"(40.8184609, -73.9148771)",trafficstat,False,False,False,False,False,False,False,False,False,,,,,,,
2026-08-14,00:00,40.8184609,-73.9148771,ELTON AVE,10455,40,UNKNOWN,Street,1.291181598955537,False,BRONX,"(40.8184609, -73.9148771)",trafficstat,True,False,False,False,False,True,False,False,False,,,,,,,
2026-08-22,00:00,40.8145798,-73.9311318,EXTERIOR ST,10451,40,OTHER,Street,0.5522355427100931,False,BRONX,"(40.8145798, -73.9311318)",trafficstat,True,False,True,False,False,False,False,False,False,,,,,,,
2026-08-21,00:00,40.8117762,-73.9095969,JACKSON AVE,10455,40,OTHER,Street,1.0381655704619959,False,BRONX,"(40.8117762, -73.9095969)",trafficstat,True,False,True,False,False,False,False,False,False,,,,,,,
2026-08-20,00:00,40.8175341,-73.9240953,E  149 ST,10451,40,UNKNOWN,Street,71.11665647225396,False,BRONX,"(40.8175341, -73.9240953)",trafficstat,False,False,False,False,False,False,False,False,False,,,,,,,
2026-07-20,00:00,40.8175341,-73.9240953,E  149 ST,10451,40,OTHER,Street,71.11665647225396,False,BRONX,"(40.8175341, -73.9240953)",trafficstat,False,False,False,False,False,False,False,False,False,,,,,,,
2026-06-19,00:00,40.8175341,-73.9240953,E  149 ST,10451,40,UNKNOWN,Street,71.11665647225396,False,BRONX,"(40.8175341, -73.9240953)",trafficstat,False,False,False,False,False,False,False,False,False,,,,,,,
2026-08-20,00:00,40.822308,-73.91484,E  158 ST,10451,40,OTHER,Street,1.414889305404432,False,BRONX,"(40.822308, -73.91484)",trafficstat,True,False,False,False,False,False,False,False,False,,,,,,,
2026-08-20,00:00,40.8216339,-73.9073453,CAULDWELL AVE,10456,40,UNKNOWN,Street,56.89672018998229,False,BRONX,"(40.8216339, -73.9073453)",trafficstat,False,False,False,False,False,False,False,False,False,,,,,,,
2026-08-20,00:00,40.8201744,-73.915901,MELROSE AVE,10455,40,UNKNOWN,Street,1.8186999478074113,False,BRONX,"(40.8201744, -73.915901)",trafficstat,False,False,False,False,False,False,False,False,False,,,,,,,
2026-08-20,00:00,40.8109925,-73.9148469,ST ANNS AVE,10454,40,OTHER,Street,1.829668726172634,False,BRONX,"(40.8109925, -73.9148469)",trafficstat,True,False,True,False,False,False,False,False,False,,,,,,,
2026-08-19,00:00,40.8103522,-73.9176004,BROOK AVE,10454,40,UNKNOWN,Street,1.07564009861391,False,BRONX,"(40.8103522, -73.9176004)",trafficstat,True,False,False,False,False,False,True,False,False,,,,,,,
2026-08-19,00:00,40.8071942,-73.9179499,E  138 ST,10454,40,UNKNOWN,Street,56.33435824929481,False,BRONX,"(40.8071942, -73.9179499)",trafficstat,False,False,False,False,False,False,False,False,False,,,,,,,
2026-08-19,00:00,40.8036896,-73.9158784,BRUCKNER BLVD,10454,40,OTHER,Street,2.6669335279686956,False,BRONX,"(40.8036896, -73.9158784)",trafficstat,True,False,False,False,False,False,False,True,False,,,,,,,
2026-07-30,00:00,40.8036896,-73.9158784,BRUCKNER BLVD,10454,40,UNKNOWN,Street,2.6669335279686956,False,BRONX,"(40.8036896, -73.9158784)",trafficstat,True,False,False,False,False,False,False,True,False,,,,,,,
2026-08-19,00:00,40.805557,-73.91452,CYPRESS AVE,10454,40,UNKNOWN,Street,2.0022255220764653,False,BRONX,"(40.805557, -73.91452)",trafficstat,True,False,False,True,False,False,False,False,False,,,,,,,
2026-08-19,00:00,40.8131253,-73.9314635,MAJOR DEEGAN EXPY,10451,40,UNKNOWN,Highway,3.975886125547119,False,BRONX,"(40.8131253, -73.9314635)",trafficstat,False,False,False,False,False,False,False,False,False,,,,,,,
2026-08-17,00:00,40.8125144,-73.928895,E  138 ST,10451,40,UNKNOWN,Street,54.189690896538714,False,BRONX,"(40.8125144, -73.928895)",trafficstat,False,False,False,False,False,False,False,False,False,,,,,,,
2026-08-17,00:00,40.8050857,-73.910915,BRUCKNER BLVD,10454,40,UNKNOWN,Street,6.307373604850068,False,BRONX,"(40.8050857, -73.910915)",trafficstat,True,False,False,False,False,False,False,True,False,,,,,,,
2026-06-26,00:00,40.8050857,-73.910915,BRUCKNER BLVD,10454,40,UNKNOWN,Street,6.307373604850068,False,BRONX,"(40.8050857, -73.910915)",trafficstat,True,False,False,False,False,False,False,True,False,,,,,,,
2026-08-17,00:00,40.8044522,-73.9191623,ST ANNS AVE,10454,40,UNKNOWN,Street,0.8147125348202058,False,BRONX,"(40.8044522, -73.9191623)",trafficstat,True,False,False,False,False,False,False,False,True,,,,,,,
2026-08-16,00:00,40.8057819,-73.9097076,BRUCKNER EXPY,10454,40,UNKNOWN,Highway,0.9448566204021095,False,BRONX,"(40.8057819, -73.9097076)",trafficstat,True,False,False,False,False,False,False,True,False,,,,,,,
2026-06-16,00:00,40.8057819,-73.9097076,BRUCKNER EXPY,10454,40,UNKNOWN,Highway,0.9448566204021095,False,BRONX,"(40.8057819, -73.9097076)",trafficstat,False,False,False,False,False,False,False,False,False,,,,,,,
2026-08-16,00:00,40.8096574,-73.9133025,BEEKMAN AVE,10454,40,UNKNOWN,Street,1.3809692914921796,False,BRONX,"(40.8096574, -73.9133025)",trafficstat,False,False,False,False,False,False,False,False,False,,,,,,,
2026-08-16,00:00,40.814518,-73.9132216,E  149 ST,10455,40,UNKNOWN,Street,50.62588337046136,False,BRONX,"(40.814518, -73.9132216)",trafficstat,False,False,False,False,False,False,False,False,False,,,,,,,
2026-08-15,00:00,40.8113504,-73.9241919,ALEXANDER AVE,10454,40,UNKNOWN,Street,1.2979870747228521,False,BRONX,"(40.8113504, -73.9241919)",trafficstat,True,False,True,False,False,False,False,False,False,,,,,,,
2026-07-12,00:00,40.8113504,-73.9241919,ALEXANDER AVE,10454,40,OTHER,Street,1.2979870747228521,False,BRONX,"(40.8113504, -73.9241919)",trafficstat,False,False,False,False,False,False,False,False,False,,,,,,,
2026-08-15,00:00,40.8121259,-73.9041812,E  149 ST,10455,40,UNKNOWN,Street,1.7021220730968545,False,BRONX,"(40.8121259, -73.9041812)",trafficstat,True,False,True,False,False,False,False,False,False,,,,,,,
2026-08-15,00:00,40.807153,-73.9082052,SOUTHERN BLVD,10454,40,UNKNOWN,Street,1.490366821507097,False,BRONX,"(40.807153, -73.9082052)",trafficstat,False,False,False,False,False,False,False,False,False,,,,,,,
2026-06-19,00:00,40.807153,-73.9082052,SOUTHERN BLVD,10454,40,OTHER,Street,1.490366821507097,False,BRONX,"(40.807153, -73.9082052)",trafficstat,True,False,False,False,False,False,False,False,False,,,,,,,
2026-08-15,00:00,40.8072526,-73.9288929,BRUCKNER BLVD,10454,40,OTHER,Street,58.83724764783021,False,BRONX,"(40.8072526, -73.9288929)",trafficstat,True,False,False,False,False,False,False,False,True,,,,,,,
2026-08-15,00:00,40.8039671,-73.9211343,BRUCKNER BLVD,10454,40,UNKNOWN,Street,64.43101143263831,False,BRONX,"(40.8039671, -73.9211343)",trafficstat,False,False,False,False,False,False,False,False,False,,,,,,,
2026-08-15,00:00,40.8050162,-73.9210819,BROOK AVE,10454,40,UNKNOWN,Street,1.8147246401612973,False,BRONX,"(40.8050162, -73.9210819)",trafficstat,True,False,True,False,False,False,False,False,False,,,,,,,
2026-08-15,00:00,40.8040211,-73.9228819,E  132 ST,10454,40,OTHER,Street,2.961860684662133,False,BRONX,"(40.8040211, -73.9228819)",trafficstat,False,False,False,False,False,False,False,False,False,,,,,,,
2026-08-14,00:00,40.8003425,-73.9141887,E  132 ST,10454,40,UNKNOWN,Street,2.1610346320365257,False,BRONX,"(40.8003425, -73.9141887)",trafficstat,False,False,False,False,False,False,False,False,False,,,,,,,
2026-07-31,00:00,40.8003425,-73.9141887,E  132 ST,10454,40,OTHER,Street,2.1610346320365257,False,BRONX,"(40.8003425, -73.9141887)",trafficstat,True,False,False,False,False,False,False,False,True,,,,,,,
2026-08-14,00:00,40.8128546,-73.9234231,3 AVE,10451,40,UNKNOWN,Street,56.6205421122216,False,BRONX,"(40.8128546, -73.9234231)",trafficstat,False,False,False,False,False,False,False,False,False,,,,,,,
2026-08-13,00:00,40.8056499,-73.9206151,BROOK AVE,10454,40,UNKNOWN,Street,1.9632749377901548,False,BRONX,"(40.8056499, -73.9206151)",trafficstat,False,False,False,False,False,False,False,False,False,,,,,,,
2026-08-09,00:00,40.8056499,-73.9206151,BROOK AVE,10454,40,OTHER,Street,1.9632749377901548,False,BRONX,"(40.8056499, -73.9206151)",trafficstat,True,False,False,False,False,False,False,False,True,,,,,,,
2026-08-13,00:00,40.8066464,-73.9249414,WILLIS AVE,10454,40,UNKNOWN,Street,1.8160095956005606,False,BRONX,"(40.8066464, -73.9249414)",trafficstat,False,False,False,False,False,False,False,False,False,,,,,,,
2026-07-28,00:00,40.8066464,-73.9249414,WILLIS AVE,10454,40,UNKNOWN,Street,1.8160095956005606,False,BRONX,"(40.8066464, -73.9249414)",trafficstat,False,False,False,False,False,False,False,False,False,,,,,,,
2026-08-12,00:00,40.8035935,-73.9197796,BRUCKNER BLVD,10454,40,UNKNOWN,Street,0.6903348579274813,False,BRONX,"(40.8035935, -73.9197796)",trafficstat,True,False,False,False,False,False,False,True,False,,,,,,,
2026-08-12,00:00,40.8151107,-73.9238521,MORRIS AVE,10451,40,UNKNOWN,Street,92.13310811401107,False,BRONX,"(40.8151107, -73.9238521)",trafficstat,True,False,False,True,False,False,False,False,False,,,,,,,
2026-08-12,00:00,40.8173083,-73.9218476,E  149 ST,10451,40,UNKNOWN,Street,50.83826280261684,False,BRONX,"(40.8173083, -73.9218476)",trafficstat,False,False,False,False,False,False,False,False,False,,,,,,,
2026-06-25,00:00,40.8173083,-73.9218476,E  149 ST,10451,40,UNKNOWN,Street,50.83826280261684,False,BRONX,"(40.8173083, -73.9218476)",trafficstat,True,False,False,False,False,False,False,True,False,,,,,,,
2026-08-11,00:00,40.814559,-73.9298866,WALTON AVE,10451,40,UNKNOWN,Street,37.87675561626259,False,BRONX,"(40.814559, -73.9298866)",trafficstat,True,False,True,False,False,False,False,False,False,,,,,,,
2026-08-11,00:00,40.8072536,-73.9064232,BRUCKNER BLVD,10454,40,UNKNOWN,Street,18.13237377008048,False,BRONX,"(40.8072536, -73.9064232)",trafficstat,False,False,False,False,False,False,False,False,False,,,,,,,
2026-08-11,00:00,40.8128558,-73.9072437,WALES AVE,10455,40,UNKNOWN,Street,1.4241431845254167,False,BRONX,"(40.8128558, -73.9072437)",trafficstat,True,False,False,True,False,False,False,False,False,,,,,,,
2026-08-10,00:00,40.8047157,-73.9191367,BRUCKNER EXPRESSWAY EB EXIT 47,10454,40,UNKNOWN,Highway,4.077772238386521,False,BRONX,"(40.8047157, -73.9191367)",trafficstat,True,False,False,False,False,False,False,True,False,,,,,,,
2026-06-30,00:00,40.8047157,-73.9191367,BRUCKNER EXPRESSWAY EB EXIT 47,10454,40,UNKNOWN,Highway,4.077772238386521,False,BRONX,"(40.8047157, -73.9191367)",trafficstat,True,False,False,False,False,False,False,True,False,,,,,,,
2026-08-10,00:00,40.8192852,-73.9240239,PARK AVE,10451,40,UNKNOWN,Street,2.4121759364678708,False,BRONX,"(40.8192852, -73.9240239)",trafficstat,True,False,False,True,False,False,False,False,False,,,,,,,
2026-08-10,00:00,40.8135893,-73.927289,CANAL PL,10451,40,UNKNOWN,Street,1.5026293704690938,False,BRONX,"(40.8135893, -73.927289)",trafficstat,False,False,False,False,False,False,False,False,False,,,,,,,
2026-08-09,00:00,40.8160461,-73.911943,ST ANNS AVE,10455,40,OTHER,Street,1.5342924730073346,False,BRONX,"(40.8160461, -73.911943)",trafficstat,False,False,False,False,False,False,False,False,False,,,,,,,
2026-07-21,00:00,40.8160461,-73.911943,ST ANNS AVE,10455,40,UNKNOWN,Street,1.5342924730073346,False,BRONX,"(40.8160461, -73.911943)",trafficstat,False,False,False,False,False,False,False,False,False,,,,,,,
2026-08-09,00:00,40.8167611,-73.9174588,MELROSE AVE,10455,40,OTHER,Street,1.8343285438075794,False,BRONX,"(40.8167611, -73.9174588)",trafficstat,True,False,False,False,False,False,False,True,False,,,,,,,
2026-08-09,00:00,40.8088564,-73.9301335,3 AVE  BRIDGE,10451,40,UNKNOWN,Bridge,2.106702911657841,False,BRONX,"(40.8088564, -73.9301335)",trafficstat,False,False,False,False,False,False,False,False,False,,,,,,,
2026-08-08,00:00,40.8074432,-73.9261882,MAJOR DEEGAN EXPY,10454,40,UNKNOWN,Highway,2.0708483397893636,False,BRONX,"(40.8074432, -73.9261882)",trafficstat,True,False,False,False,False,False,False,True,True,,,,,,,
2026-06-24,00:00,40.8074432,-73.9261882,MAJOR DEEGAN EXPY,10454,40,UNKNOWN,Highway,2.0708483397893636,False,BRONX,"(40.8074432, -73.9261882)",trafficstat,False,False,False,False,False,False,False,False,False,,,,,,,
2026-08-08,00:00,40.8189543,-73.914031,3 AVE,10455,40,UNKNOWN,Street,2.153964897377141,False,BRONX,"(40.8189543, -73.914031)",trafficstat,True,False,False,False,True,False,False,False,False,,,,,,,
2026-08-07,00:00,40.8198157,-73.9095592,EAGLE AVE,10456,40,OTHER,Street,40.43912308654146,False,BRONX,"(40.8198157, -73.9095592)",trafficstat,False,False,False,False,False,False,False,False,False,,,,,,,