crash_date,crash_time,latitude,longitude,on_street_name,zip_code,precinct,collision_type,roadway_type,geocode_dist_feet,time_is_known,borough,location,source,injury,fatality,injured_pedestrian,injured_cyclist,injured_ebike_rider,injured_motorcyclist,injured_moped_rider,injured_car_occupant,injured_suv_occupant,number_of_persons_injured,number_of_persons_killed,contributing_factor_vehicle_1,collision_id,cross_street_name,off_street_name,vehicle_type_code1
2026-08-07,00:00,40.8198878,-73.9072519,TRINITY AVE,10456,40,UNKNOWN,Street,1.3685005381932627,False,BRONX,"(40.8198878, -73.9072519)",trafficstat,False,False,False,False,False,False,False,False,False,,,,,,,
2026-07-05,00:00,40.8198878,-73.9072519,TRINITY AVE,10456,40,OTHER,Street,1.3685005381932627,False,BRONX,"(40.8198878, -73.9072519)",trafficstat,False,False,False,False,False,False,False,False,False,,,,,,,
2026-08-07,00:00,40.805351,-73.9209456,MAJOR DEEGAN EXPY,10454,40,UNKNOWN,Highway,0.7322371134696418,False,BRONX,"(40.805351, -73.9209456)",trafficstat,False,False,False,False,False,False,False,False,False,,,,,,,
2026-07-13,00:00,40.805351,-73.9209456,MAJOR DEEGAN EXPY,10454,40,UNKNOWN,Highway,0.7322371134696418,False,BRONX,"(40.805351, -73.9209456)",trafficstat,False,False,False,False,False,False,False,False,False,,,,,,,
2026-07-09,00:00,40.805351,-73.9209456,MAJOR DEEGAN EXPY,10454,40,UNKNOWN,Highway,0.7322371134696418,False,BRONX,"(40.805351, -73.9209456)",trafficstat,True,False,False,False,False,False,False,False,True,,,,,,,
2026-08-06,00:00,40.8036774,-73.9220804,E  132 ST,10454,40,UNKNOWN,Street,2.9573791692545526,False,BRONX,"(40.8036774, -73.9220804)",trafficstat,True,False,False,False,False,False,False,True,False,,,,,,,
2026-08-06,00:00,40.8185073,-73.9144724,3 AVE,10455,40,UNKNOWN,Street,1.9154080744138113,False,BRONX,"(40.8185073, -73.9144724)",trafficstat,False,False,False,False,False,False,False,False,False,,,,,,,
2026-08-05,00:00,40.805624,-73.9241962,BRUCKNER BLVD,10454,40,UNKNOWN,Street,50.60277791629418,False,BRONX,"(40.805624, -73.9241962)",trafficstat,False,False,False,False,False,False,False,False,False,,,,,,,
2026-08-05,00:00,40.8088147,-73.9234479,WILLIS AVE,10454,40,OTHER,Street,83.39421675650625,False,BRONX,"(40.8088147, -73.9234479)",trafficstat,True,False,False,True,False,False,False,False,False,,,,,,,
2026-08-04,00:00,40.8149107,-73.918062,BERGEN AVE,10455,40,UNKNOWN,Street,23.58128941490358,False,BRONX,"(40.8149107, -73.918062)",trafficstat,False,False,False,False,False,False,False,False,False,,,,,,,
2026-08-04,00:00,40.814703,-73.9249616,E  142 ST,10451,40,UNKNOWN,Street,19.488564309820646,False,BRONX,"(40.814703, -73.9249616)",trafficstat,False,False,False,False,False,False,False,False,False,,,,,,,
2026-08-04,00:00,40.8213724,-73.9059842,JACKSON AVE,10456,40,UNKNOWN,Street,63.8208839120833,False,BRONX,"(40.8213724, -73.9059842)",trafficstat,False,False,False,False,False,False,False,False,False,,,,,,,
2026-08-03,00:00,40.8170027,-73.9206475,E  149 ST,10451,40,UNKNOWN,Street,52.89181100277475,False,BRONX,"(40.8170027, -73.9206475)",trafficstat,False,False,False,False,False,False,False,False,False,,,,,,,
2026-08-03,00:00,40.8060668,-73.9090412,E  141 ST,10454,40,UNKNOWN,Street,1.5162352099825063,False,BRONX,"(40.8060668, -73.9090412)",trafficstat,False,False,False,False,False,False,False,False,False,,,,,,,
2026-08-03,00:00,40.8049048,-73.9188208,ST ANNS AVE,10454,40,UNKNOWN,Street,1.4751612041299043,False,BRONX,"(40.8049048, -73.9188208)",trafficstat,True,False,False,False,False,False,False,True,False,,,,,,,
2026-06-25,00:00,40.8049048,-73.9188208,ST ANNS AVE,10454,40,UNKNOWN,Street,1.4751612041299043,False,BRONX,"(40.8049048, -73.9188208)",trafficstat,False,False,False,False,False,False,False,False,False,,,,,,,
2026-06-12,00:00,40.8049048,-73.9188208,ST ANNS AVE,10454,40,UNKNOWN,Street,1.4751612041299043,False,BRONX,"(40.8049048, -73.9188208)",trafficstat,True,False,False,False,False,False,False,True,False,,,,,,,
2026-08-02,00:00,40.8046035,-73.9121712,E  138 ST,10454,40,UNKNOWN,Street,2.2548918939763207,False,BRONX,"(40.8046035, -73.9121712)",trafficstat,True,False,False,False,False,False,False,False,True,,,,,,,
2026-08-02,00:00,40.8066117,-73.9188031,E  137 ST,10454,40,UNKNOWN,Street,37.865427505012526,False,BRONX,"(40.8066117, -73.9188031)",trafficstat,False,False,False,False,False,False,False,False,False,,,,,,,
2026-08-02,00:00,40.811646,-73.9315987,MAJOR DEEGAN EXPY,10451,40,UNKNOWN,Highway,2.915928769442682,False,BRONX,"(40.811646, -73.9315987)",trafficstat,False,False,False,False,False,False,False,False,False,,,,,,,
2026-07-22,00:00,40.811646,-73.9315987,MAJOR DEEGAN EXPY,10451,40,UNKNOWN,Highway,2.915928769442682,False,BRONX,"(40.811646, -73.9315987)",trafficstat,False,False,False,False,False,False,False,False,False,,,,,,,
2026-08-02,00:00,40.8133419,-73.9267149,RIDER AVE,10451,40,OTHER,Street,1.4871987417588424,False,BRONX,"(40.8133419, -73.9267149)",trafficstat,False,False,False,False,False,False,False,False,False,,,,,,,
2026-08-01,00:00,40.8134316,-73.9100173,E  149 ST,10455,40,UNKNOWN,Street,2.9170760659221004,False,BRONX,"(40.8134316, -73.9100173)",trafficstat,False,False,False,False,False,False,False,False,False,,,,,,,
2026-08-01,00:00,40.8141892,-73.9212444,E  145 ST,10454,40,UNKNOWN,Street,2.153604084690802,False,BRONX,"(40.8141892, -73.9212444)",trafficstat,True,False,False,True,False,False,False,False,False,,,,,,,
2026-08-01,00:00,40.8209166,-73.9057265,JACKSON AVE,10456,40,UNKNOWN,Street,55.056305917915985,False,BRONX,"(40.8209166, -73.9057265)",trafficstat,False,False,False,False,False,False,False,False,False,,,,,,,
2026-08-01,00:00,40.8064418,-73.9226349,MAJOR DEEGAN EXPWY NB ET 2,10454,40,UNKNOWN,Ramp,6.558855235931347,False,BRONX,"(40.8064418, -73.9226349)",trafficstat,True,False,False,False,False,False,False,True,False,,,,,,,
2026-07-31,00:00,40.8188104,-73.9282768,WALTON AVE,10451,40,UNKNOWN,Street,0.9660989851814129,False,BRONX,"(40.8188104, -73.9282768)",trafficstat,True,False,False,False,False,False,False,False,True,,,,,,,
2026-07-31,00:00,40.8194573,-73.9155718,E  154 ST,10455,40,UNKNOWN,Street,30.044904038532657,False,BRONX,"(40.8194573, -73.9155718)",trafficstat,True,False,True,False,False,False,False,False,False,,,,,,,
2026-07-31,00:00,40.8137379,-73.930732,GERARD AVE,10451,40,UNKNOWN,Street,67.95507470458608,False,BRONX,"(40.8137379, -73.930732)",trafficstat,False,False,False,False,False,False,False,False,False,,,,,,,
2026-07-30,00:00,40.81856,-73.9273161,E  149 ST,10451,40,UNKNOWN,Street,2.6035866470057596,False,BRONX,"(40.81856, -73.9273161)",trafficstat,False,False,False,False,False,False,False,False,False,,,,,,,
2026-06-21,00:00,40.81856,-73.9273161,E  149 ST,10451,40,UNKNOWN,Street,2.6035866470057596,False,BRONX,"(40.81856, -73.9273161)",trafficstat,True,False,False,True,False,False,False,False,False,,,,,,,
2026-07-30,00:00,40.8180191,-73.9150258,3 AVE,10455,40,UNKNOWN,Street,1.8573579263230078,False,BRONX,"(40.8180191, -73.9150258)",trafficstat,True,False,True,False,False,False,False,False,False,,,,,,,
2026-07-30,00:00,40.8110806,-73.9272953,E  138 ST,10451,40,OTHER,Street,1.7033594820285525,False,BRONX,"(40.8110806, -73.9272953)",trafficstat,True,False,True,False,False,False,False,False,False,,,,,,,
2026-07-30,00:00,40.811717,-73.9267058,MORRIS AVE,10451,40,UNKNOWN,Street,0.06728305905950129,False,BRONX,"(40.811717, -73.9267058)",trafficstat,True,False,False,False,False,True,False,False,False,,,,,,,
2026-07-30,00:00,40.8084645,-73.9217765,E  138 ST,10454,40,UNKNOWN,Street,57.53726114740172,False,BRONX,"(40.8084645, -73.9217765)",trafficstat,False,False,False,False,False,False,False,False,False,,,,,,,
2026-07-29,00:00,40.8062283,-73.9120571,JACKSON AVE,10454,40,OTHER,Street,1.0533178023527994,False,BRONX,"(40.8062283, -73.9120571)",trafficstat,False,False,False,False,False,False,False,False,False,,,,,,,
2026-07-29,00:00,40.7992567,-73.9120591,E  132 ST,10454,40,OTHER,Street,2.243115320055141,False,BRONX,"(40.7992567, -73.9120591)",trafficstat,False,False,False,False,False,False,False,False,False,,,,,,,
2026-06-17,00:00,40.7992567,-73.9120591,E  132 ST,10454,40,UNKNOWN,Street,2.243115320055141,False,BRONX,"(40.7992567, -73.9120591)",trafficstat,False,False,False,False,False,False,False,False,False,,,,,,,
2026-07-29,00:00,40.8068142,-73.9174964,ST ANNS AVE,10454,40,UNKNOWN,Street,1.8494873923277693,False,BRONX,"(40.8068142, -73.9174964)",trafficstat,True,False,True,False,False,False,False,False,False,,,,,,,
2026-07-29,00:00,40.8197873,-73.9121584,BROOK AVE,10455,40,UNKNOWN,Street,1.3474850620713665,False,BRONX,"(40.8197873, -73.9121584)",trafficstat,True,False,True,False,False,False,False,False,False,,,,,,,
2026-07-28,00:00,40.8195413,-73.9135208,3 AVE,10455,40,OTHER,Street,1.8451530191465402,False,BRONX,"(40.8195413, -73.9135208)",trafficstat,False,False,False,False,False,False,False,False,False,,,,,,,
2026-07-28,00:00,40.8053591,-73.9208322,BROOK AVE,10454,40,UNKNOWN,Street,1.6087354936555462,False,BRONX,"(40.8053591, -73.9208322)",trafficstat,True,False,False,False,False,False,False,False,True,,,,,,,
2026-07-27,00:00,40.8055577,-73.9145215,CYPRESS AVE,10454,40,UNKNOWN,Street,1.5182706812142646,False,BRONX,"(40.8055577, -73.9145215)",trafficstat,True,False,False,False,False,False,False,False,False,,,,,,,
2026-07-27,00:00,40.8113247,-73.9314025,MAJOR DEEGAN EXPY,10451,40,UNKNOWN,Highway,21.259632806240653,False,BRONX,"(40.8113247, -73.9314025)",trafficstat,True,False,False,False,False,False,False,True,False,,,,,,,
2026-07-27,00:00,40.8117584,-73.9314396,MAJOR DEEGAN EXPY,10451,40,UNKNOWN,Highway,1.149597092194733,False,BRONX,"(40.8117584, -73.9314396)",trafficstat,True,False,False,False,False,False,False,True,False,,,,,,,
2026-07-27,00:00,40.8162236,-73.9188642,E  149 ST,10455,40,UNKNOWN,Street,56.32273124000812,False,BRONX,"(40.8162236, -73.9188642)",trafficstat,True,False,True,False,False,False,False,False,False,,,,,,,
2026-07-25,00:00,40.8064823,-73.917887,ST ANNS AVE,10454,40,UNKNOWN,Street,40.64222240561327,False,BRONX,"(40.8064823, -73.917887)",trafficstat,True,False,True,False,False,False,False,False,False,,,,,,,
2026-07-25,00:00,40.8069125,-73.924681,WILLIS AVENUE BRIDGE BIKE PATH,10454,40,UNKNOWN,Bridge,1.6893117674479456,False,BRONX,"(40.8069125, -73.924681)",trafficstat,False,False,False,False,False,False,False,False,False,,,,,,,
2026-07-02,00:00,40.8069125,-73.924681,WILLIS AVENUE BRIDGE BIKE PATH,10454,40,UNKNOWN,Bridge,1.6893117674479456,False,BRONX,"(40.8069125, -73.924681)",trafficstat,False,False,False,False,False,False,False,False,False,,,,,,,
2026-06-27,00:00,40.8069125,-73.924681,WILLIS AVENUE BRIDGE BIKE PATH,10454,40,UNKNOWN,Bridge,1.6893117674479456,False,BRONX,"(40.8069125, -73.924681)",trafficstat,False,False,False,False,False,False,False,False,False,,,,,,,
2026-07-24,00:00,40.804154,-73.9130315,BRUCKNER EP EB EN MJR DEEGAN EP,10454,40,UNKNOWN,Ramp,13.882983021711484,False,BRONX,"(40.804154, -73.9130315)",trafficstat,False,False,False,False,False,False,False,False,False,,,,,,,
2026-07-24,00:00,40.816499,-73.9283124,GRAND CONC,10451,40,UNKNOWN,Street,4.02393284497683,False,BRONX,"(40.816499, -73.9283124)",trafficstat,False,False,False,False,False,False,False,False,False,,,,,,,
2026-07-23,00:00,40.8155319,-73.9199297,COURTLANDT AVE,10451,40,UNKNOWN,Street,22.281387774819787,False,BRONX,"(40.8155319, -73.9199297)",trafficstat,True,False,False,True,False,False,False,False,False,,,,,,,
2026-07-23,00:00,40.8142683,-73.9129533,ST ANNS AVE,10455,40,UNKNOWN,Street,1.99905629851328,False,BRONX,"(40.8142683, -73.9129533)",trafficstat,True,False,True,False,False,False,False,False,False,,,,,,,
2026-06-28,00:00,40.8142683,-73.9129533,ST ANNS AVE,10455,40,OTHER,Street,1.99905629851328,False,BRONX,"(40.8142683, -73.9129533)",trafficstat,False,False,False,False,False,False,False,False,False,,,,,,,
2026-07-23,00:00,40.8125323,-73.9075012,WALES AVE,10455,40,UNKNOWN,Street,36.558042626710304,False,BRONX,"(40.8125323, -73.9075012)",trafficstat,False,False,False,False,False,False,False,False,False,,,,,,,
2026-07-23,00:00,40.8093801,-73.9291735,MAJOR DEEGAN EXPY,10454,40,OTHER,Highway,1.1269731728638763,False,BRONX,"(40.8093801, -73.9291735)",trafficstat,True,False,False,False,False,False,False,True,False,,,,,,,
2026-07-20,00:00,40.8093801,-73.9291735,MAJOR DEEGAN EXPY,10454,40,UNKNOWN,Highway,1.1269731728638763,False,BRONX,"(40.8093801, -73.9291735)",trafficstat,False,False,False,False,False,False,False,False,False,,,,,,,
2026-06-22,00:00,40.8093801,-73.9291735,MAJOR DEEGAN EXPY,10454,40,UNKNOWN,Highway,1.1269731728638763,False,BRONX,"(40.8093801, -73.9291735)",trafficstat,True,False,False,False,False,False,False,False,True,,,,,,,
2026-06-20,00:00,40.8093801,-73.9291735,MAJOR DEEGAN EXPY,10454,40,UNKNOWN,Highway,1.1269731728638763,False,BRONX,"(40.8093801, -73.9291735)",trafficstat,False,False,False,False,False,False,False,False,False,,,,,,,
2026-07-22,00:00,40.805586,-73.9256926,WILLIS AVENUE BRIDGE BIKE PATH,10454,40,UNKNOWN,Bridge,21.3809700826826,False,BRONX,"(40.805586, -73.9256926)",trafficstat,True,False,False,True,False,False,False,False,False,,,,,,,
2026-06-17,00:00,40.805586,-73.9256926,WILLIS AVENUE BRIDGE BIKE PATH,10454,40,UNKNOWN,Bridge,21.3809700826826,False,BRONX,"(40.805586, -73.9256926)",trafficstat,False,False,False,False,False,False,False,False,False,,,,,,,
2026-07-22,00:00,40.8146217,-73.9085779,JACKSON AVE,10455,40,OTHER,Street,1.5835933005312155,False,BRONX,"(40.8146217, -73.9085779)",trafficstat,True,False,False,True,False,False,False,False,False,,,,,,,
2026-07-22,00:00,40.8158475,-73.9077215,E  152 ST,10455,40,UNKNOWN,Street,42.13404146053823,False,BRONX,"(40.8158475, -73.9077215)",trafficstat,False,False,False,False,False,False,False,False,False,,,,,,,
2026-07-21,00:00,40.8178658,-73.9050075,TINTON AVE,10455,40,UNKNOWN,Street,0.6044454121216138,False,BRONX,"(40.8178658, -73.9050075)",trafficstat,True,False,False,False,False,False,False,False,True,,,,,,,
2026-07-21,00:00,40.8104671,-73.9256971,E  138 ST,10454,40,UNKNOWN,Street,49.15937875345288,False,BRONX,"(40.8104671, -73.9256971)",trafficstat,True,False,False,False,False,False,False,False,False,,,,,,,
2026-07-21,00:00,40.8108125,-73.9316887,E  135 ST,10451,40,UNKNOWN,Street,51.69896734844969,False,BRONX,"(40.8108125, -73.9316887)",trafficstat,True,False,False,False,False,False,False,False,True,,,,,,,
2026-07-20,00:00,40.8179731,-73.9132918,BROOK AVE,10455,40,OTHER,Street,19.36994859864485,False,BRONX,"(40.8179731, -73.9132918)",trafficstat,False,False,False,False,False,False,False,False,False,,,,,,,
2026-07-20,00:00,40.8193852,-73.9145454,ELTON AVE,10455,40,UNKNOWN,Street,29.22854023392095,False,BRONX,"(40.8193852, -73.9145454)",trafficstat,False,False,False,False,False,False,False,False,False,,,,,,,
2026-07-19,00:00,40.8195076,-73.9133803,3 AVE,10455,40,UNKNOWN,Street,41.45259285381857,False,BRONX,"(40.8195076, -73.9133803)",trafficstat,True,False,False,False,True,False,False,False,False,,,,,,,
2026-07-19,00:00,40.8188793,-73.9164987,MELROSE AVE,10455,40,UNKNOWN,Street,0.7661289231218698,False,BRONX,"(40.8188793, -73.9164987)",trafficstat,False,False,False,False,False,False,False,False,False,,,,,,,
2026-07-18,00:00,40.8133147,-73.9228747,ALEXANDER AVE,10454,40,UNKNOWN,Street,1.178071930865494,False,BRONX,"(40.8133147, -73.9228747)",trafficstat,True,False,False,False,False,False,False,True,False,,,,,,,
2026-07-09,00:00,40.8133147,-73.9228747,ALEXANDER AVE,10454,40,UNKNOWN,Street,1.178071930865494,False,BRONX,"(40.8133147, -73.9228747)",trafficstat,False,False,False,False,False,False,False,False,False,,,,,,,
2026-07-18,00:00,40.8070532,-73.918437,E  138 ST,10454,40,UNKNOWN,Street,54.89778276294528,False,BRONX,"(40.8070532, -73.918437)",trafficstat,True,False,False,False,False,False,True,False,False,,,,,,,
2026-07-17,00:00,40.8072985,-73.9190175,E  138 ST,10454,40,OTHER,Street,56.48355639058851,False,BRONX,"(40.8072985, -73.9190175)",trafficstat,True,False,True,False,False,False,False,False,False,,,,,,,
2026-07-17,00:00,40.8044618,-73.9142341,E  137 ST,10454,40,OTHER,Street,30.633142693576698,False,BRONX,"(40.8044618, -73.9142341)",trafficstat,False,False,False,False,False,False,False,False,False,,,,,,,
2026-07-17,00:00,40.8047544,-73.9119377,BRUCKNER EXPY,10454,40,UNKNOWN,Ramp,5.509217565366351,False,BRONX,"(40.8047544, -73.9119377)",trafficstat,False,False,False,False,False,False,False,False,False,,,,,,,
2026-07-09,00:00,40.8047544,-73.9119377,BRUCKNER EXPY,10454,40,UNKNOWN,Ramp,5.509217565366351,False,BRONX,"(40.8047544, -73.9119377)",trafficstat,False,False,False,False,False,False,False,False,False,,,,,,,
2026-07-16,00:00,40.8088282,-73.9047837,BRUCKNER BLVD,10454,40,UNKNOWN,Street,43.29136747668576,False,BRONX,"(40.8088282, -73.9047837)",trafficstat,True,False,False,False,False,False,False,False,True,,,,,,,
2026-07-16,00:00,40.8163066,-73.9080481,JACKSON AVE,10455,40,UNKNOWN,Street,0.3041635768947259,False,BRONX,"(40.8163066, -73.9080481)",trafficstat,True,False,True,False,False,False,False,False,False,,,,,,,
2026-07-15,00:00,40.8156849,-73.9253362,E  144 ST,10451,40,UNKNOWN,Street,39.73641851289082,False,BRONX,"(40.8156849, -73.9253362)",trafficstat,False,False,False,False,False,False,False,False,False,,,,,,,
2026-07-15,00:00,40.8059825,-73.9254334,BRUCKNER BLVD,10454,40,UNKNOWN,Street,2.651016435056532,False,BRONX,"(40.8059825, -73.9254334)",trafficstat,False,False,False,False,False,False,False,False,False,,,,,,,
2026-06-25,00:00,40.8059825,-73.9254334,BRUCKNER BLVD,10454,40,UNKNOWN,Street,2.651016435056532,False,BRONX,"(40.8059825, -73.9254334)",trafficstat,False,False,False,False,False,False,False,False,False,,,,,,,
2026-07-14,00:00,40.8129877,-73.9278632,CANAL PL,10451,40,UNKNOWN,Street,36.80011798074229,False,BRONX,"(40.8129877, -73.9278632)",trafficstat,True,False,False,True,False,False,False,False,False,,,,,,,
2026-07-13,00:00,40.817643,-73.923125,E  149 ST,10451,40,UNKNOWN,Street,52.635547234944575,False,BRONX,"(40.817643, -73.923125)",trafficstat,True,False,False,False,False,False,False,True,False,,,,,,,
2026-07-13,00:00,40.81544,-73.923996,MORRIS AVE,10451,40,OTHER,Street,2.365432330908169,False,BRONX,"(40.81544, -73.923996)",trafficstat,True,False,False,False,True,False,False,False,False,,,,,,,
2026-06-12,00:00,40.81544,-73.923996,MORRIS AVE,10451,40,UNKNOWN,Street,2.365432330908169,False,BRONX,"(40.81544, -73.923996)",trafficstat,True,False,False,False,False,True,False,True,False,,,,,,,
2026-07-13,00:00,40.8141214,-73.9221254,3 AVE,10451,40,UNKNOWN,Street,119.06511851671286,False,BRONX,"(40.8141214, -73.9221254)",trafficstat,False,False,False,False,False,False,False,False,False,,,,,,,
2026-07-12,00:00,40.8093008,-73.9031211,BRUCKNER BLVD,10454,40,UNKNOWN,Street,5.718746714153779,False,BRONX,"(40.8093008, -73.9031211)",trafficstat,False,False,False,False,False,False,False,False,False,,,,,,,
2026-07-12,00:00,40.8054914,-73.9103026,E  140 ST,10454,40,UNKNOWN,Street,2.5219306806747603,False,BRONX,"(40.8054914, -73.9103026)",trafficstat,True,False,False,False,False,False,False,False,True,,,,,,,
2026-06-29,00:00,40.8054914,-73.9103026,E  140 ST,10454,40,UNKNOWN,Street,2.5219306806747603,False,BRONX,"(40.8054914, -73.9103026)",trafficstat,False,False,False,False,False,False,False,False,False,,,,,,,
2026-06-27,00:00,40.8054914,-73.9103026,E  140 ST,10454,40,UNKNOWN,Street,2.5219306806747603,False,BRONX,"(40.8054914, -73.9103026)",trafficstat,False,False,False,False,False,False,False,False,False,,,,,,,
2026-06-25,00:00,40.8054914,-73.9103026,E  140 ST,10454,40,UNKNOWN,Street,2.5219306806747603,False,BRONX,"(40.8054914, -73.9103026)",trafficstat,True,False,False,False,False,False,False,True,False,,,,,,,
2026-07-12,00:00,40.819058,-73.9292195,GERARD AVE,10451,40,UNKNOWN,Street,1.3950181432358864,False,BRONX,"(40.819058, -73.9292195)",trafficstat,True,False,False,False,False,False,False,False,False,,,,,,,
2026-06-17,00:00,40.819058,-73.9292195,GERARD AVE,10451,40,OTHER,Street,1.3950181432358864,False,BRONX,"(40.819058, -73.9292195)",trafficstat,True,False,False,False,True,False,False,False,False,,,,,,,
2026-07-12,00:00,40.8126871,-73.9255566,MORRIS AVE,10451,40,UNKNOWN,Street,108.31400676933602,False,BRONX,"(40.8126871, -73.9255566)",trafficstat,False,False,False,False,False,False,False,False,False,,,,,,,
2026-07-12,00:00,40.8157205,-73.925054,RIDER AVE,10451,40,UNKNOWN,Street,2.2077327845851484,False,BRONX,"(40.8157205, -73.925054)",trafficstat,False,False,False,False,False,False,False,False,False,,,,,,,
2026-07-11,00:00,40.813303,-73.9303961,E  138 ST,10451,40,UNKNOWN,Street,2.60702599047643,False,BRONX,"(40.813303, -73.9303961)",trafficstat,True,False,False,False,False,False,False,True,False,,,,,,,
2026-07-03,00:00,40.813303,-73.9303961,E  138 ST,10451,40,UNKNOWN,Street,2.60702599047643,False,BRONX,"(40.813303, -73.9303961)",trafficstat,False,False,False,False,False,False,False,False,False,,,,,,,
2026-07-11,00:00,40.8165575,-73.9167618,WESTCHESTER AVE,10455,40,UNKNOWN,Street,2.758417881068384,False,BRONX,"(40.8165575, -73.9167618)",trafficstat,False,False,False,False,False,False,False,False,False,,,,,,,
2026-07-10,00:00,40.8165575,-73.9167618,WESTCHESTER AVE,10455,40,OTHER,Street,2.758417881068384,False,BRONX,"(40.8165575, -73.9167618)",trafficstat,False,False,False,False,False,False,False,False,False,,,,,,,
2026-07-11,00:00,40.8171529,-73.9281881,GRAND CONC,10451,40,OTHER,Street,38.464920002555765,False,BRONX,"(40.8171529, -73.9281881)",trafficstat,True,False,False,False,False,False,False,True,False,,,,,,,
2026-07-11,00:00,40.805329,-73.9208734,MAJOR DEEGAN EXPY,10454,40,UNKNOWN,Highway,1.4813593092714892,False,BRONX,"(40.805329, -73.9208734)",trafficstat,True,False,False,False,False,False,False,False,True,,,,,,,
2026-07-10,00:00,40.8065391,-73.9201589,BROOK AVE,10454,40,UNKNOWN,Street,43.80004395909264,False,BRONX,"(40.8065391, -73.9201589)",trafficstat,False,False,False,False,False,False,False,False,False,,,,,,,
2026-07-10,00:00,40.8063007,-73.9257243,BRUCKNER BLVD,10454,40,UNKNOWN,Street,60.35323931240753,False,BRONX,"(40.8063007, -73.9257243)",trafficstat,False,False,False,False,False,False,False,False,False,,,,,,,
2026-07-10,00:00,40.8078094,-73.9238383,WILLIS AVE,10454,40,UNKNOWN,Street,1.4399006931264227,False,BRONX,"(40.8078094, -73.9238383)",trafficstat,True,False,False,False,False,False,False,True,False,,,,,,,
2026-07-09,00:00,40.806292,-73.9245922,WILLIS AVE,10454,40,UNKNOWN,Street,22.74573471569282,False,BRONX,"(40.806292, -73.9245922)",trafficstat,False,False,False,False,False,False,False,False,False,,,,,,,
2026-07-09,00:00,40.8115496,-73.931171,E  135 ST,10451,40,UNKNOWN,Street,0.37820442293921147,False,BRONX,"(40.8115496, -73.931171)",trafficstat,False,False,False,False,False,False,False,False,False,,,,,,,
2026-07-09,00:00,40.820396,-73.91396,E  156 ST,10455,40,UNKNOWN,Street,1.783729752874799,False,BRONX,"(40.820396, -73.91396)",trafficstat,False,False,False,False,False,False,False,False,False,,,,,,,
2026-07-09,00:00,40.8157311,-73.9263214,E  144 ST,10451,40,UNKNOWN,Street,109.01393810894753,False,BRONX,"(40.8157311, -73.9263214)",trafficstat,False,False,False,False,False,False,False,False,False,,,,,,,
2026-07-09,00:00,40.8177094,-73.9060445,WESTCHESTER AVE,10455,40,UNKNOWN,Street,55.13103131528745,False,BRONX,"(40.8177094, -73.9060445)",trafficstat,False,False,False,False,False,False,False,False,False,,,,,,,
2026-07-08,00:00,40.8126217,-73.9293275,E  138 ST,10451,40,UNKNOWN,Street,1.6124318454760125,False,BRONX,"(40.8126217, -73.9293275)",trafficstat,True,False,True,False,False,False,False,False,False,,,,,,,
2026-07-08,00:00,40.8074562,-73.9285375,BRUCKNER BLVD,10454,40,UNKNOWN,Street,53.73459761583481,False,BRONX,"(40.8074562, -73.9285375)",trafficstat,True,False,True,False,False,False,False,False,False,,,,,,,
2026-07-08,00:00,40.8029159,-73.9202825,ST ANNS AVE,10454,40,UNKNOWN,Street,1.7075490445071972,False,BRONX,"(40.8029159, -73.9202825)",trafficstat,False,False,False,False,False,False,False,False,False,,,,,,,
2026-07-08,00:00,40.803596,-73.9155152,BRUCKNER EXPRESSWAY WB EXIT 47,10454,40,OTHER,Ramp,1.7170614230715913,False,BRONX,"(40.803596, -73.9155152)",trafficstat,True,True,True,False,False,False,False,False,False,,,,,,,
2026-07-08,00:00,40.8019859,-73.9169295,ROBERT F KENNEDY BRG,10454,40,UNKNOWN,Bridge,17.836382575026274,False,BRONX,"(40.8019859, -73.9169295)",trafficstat,False,False,False,False,False,False,False,False,False,,,,,,,
2026-07-08,00:00,40.8038449,-73.9144298,BRUCKNER BLVD,10454,40,UNKNOWN,Street,2.930588996441385,False,BRONX,"(40.8038449, -73.9144298)",trafficstat,True,False,False,False,False,False,False,False,True,,,,,,,
2026-07-06,00:00,40.8080222,-73.9140473,E  141 ST,10454,40,UNKNOWN,Street,40.861531993830404,False,BRONX,"(40.8080222, -73.9140473)",trafficstat,False,False,False,False,False,False,False,False,False,,,,,,,
2026-07-06,00:00,40.82025,-73.9166438,E  155 ST,10455,40,UNKNOWN,Street,43.37223135735826,False,BRONX,"(40.82025, -73.9166438)",trafficstat,False,False,False,False,False,False,False,False,False,,,,,,,
2026-07-06,00:00,40.822829,-73.9165696,COURTLANDT AVE,10451,40,UNKNOWN,Street,1.2814359024462738,False,BRONX,"(40.822829, -73.9165696)",trafficstat,False,False,False,False,False,False,False,False,False,,,,,,,
2026-07-05,00:00,40.8119414,-73.9255532,E  140 ST,10454,40,UNKNOWN,Street,2.2802836177216417,False,BRONX,"(40.8119414, -73.9255532)",trafficstat,False,False,False,False,False,False,False,False,False,,,,,,,
2026-07-05,00:00,40.8035575,-73.9118331,WILLOW AVE,10454,40,UNKNOWN,Street,1.9587165993592632,False,BRONX,"(40.8035575, -73.9118331)",trafficstat,True,False,False,False,False,False,False,False,True,,,,,,,