crash_date,crash_time,latitude,longitude,on_street_name,zip_code,precinct,collision_type,roadway_type,geocode_dist_feet,time_is_known,borough,location,source,injury,fatality,injured_pedestrian,injured_cyclist,injured_ebike_rider,injured_motorcyclist,injured_moped_rider,injured_car_occupant,injured_suv_occupant,number_of_persons_injured,number_of_persons_killed,contributing_factor_vehicle_1,collision_id,cross_street_name,off_street_name,vehicle_type_code1
2026-07-04,00:00,40.8192516,-73.9103603,E  156 ST,10455,40,UNKNOWN,Street,29.57288348417368,False,BRONX,"(40.8192516, -73.9103603)",trafficstat,False,False,False,False,False,False,False,False,False,,,,,,,
2026-07-04,00:00,40.8176701,-73.9307579,MAJOR DEEGAN EXPY,10451,40,OTHER,Highway,1.588989705690411,False,BRONX,"(40.8176701, -73.9307579)",trafficstat,True,False,False,False,False,True,False,False,False,,,,,,,
2026-06-25,00:00,40.8176701,-73.9307579,MAJOR DEEGAN EXPY,10451,40,OTHER,Highway,1.588989705690411,False,BRONX,"(40.8176701, -73.9307579)",trafficstat,True,False,False,False,False,False,False,False,True,,,,,,,
2026-07-04,00:00,40.809663,-73.9030469,E  149 ST,10455,40,UNKNOWN,Street,6.413372659650934,False,BRONX,"(40.809663, -73.9030469)",trafficstat,True,False,False,True,False,False,False,False,False,,,,,,,
2026-07-03,00:00,40.8156628,-73.9062354,WALES AVE,10455,40,OTHER,Street,1.7429351946375675,False,BRONX,"(40.8156628, -73.9062354)",trafficstat,False,False,False,False,False,False,False,False,False,,,,,,,
2026-07-03,00:00,40.8162783,-73.9190781,E  149 ST,10455,40,UNKNOWN,Street,56.544533525328845,False,BRONX,"(40.8162783, -73.9190781)",trafficstat,False,False,False,False,False,False,False,False,False,,,,,,,
2026-07-03,00:00,40.81464,-73.92033,E  146 ST,10455,40,UNKNOWN,Street,1.6208351707636464,False,BRONX,"(40.81464, -73.92033)",trafficstat,False,False,False,False,False,False,False,False,False,,,,,,,
2026-07-03,00:00,40.8075538,-73.9192149,BROOK AVE,10454,40,UNKNOWN,Street,1.6876124037378033,False,BRONX,"(40.8075538, -73.9192149)",trafficstat,False,False,False,False,False,False,False,False,False,,,,,,,
2026-07-02,00:00,40.8077033,-73.9295459,LINCOLN AVE,10454,40,UNKNOWN,Street,1.7211759833032891,False,BRONX,"(40.8077033, -73.9295459)",trafficstat,False,False,False,False,False,False,False,False,False,,,,,,,
2026-07-02,00:00,40.8181691,-73.9136455,BERGEN AVE,10455,40,UNKNOWN,Street,1.8985163510183705,False,BRONX,"(40.8181691, -73.9136455)",trafficstat,True,False,False,False,False,False,False,False,False,,,,,,,
2026-07-01,00:00,40.8083472,-73.9277441,MAJOR DEEGAN EXPY,10454,40,UNKNOWN,Highway,0.6106265360049167,False,BRONX,"(40.8083472, -73.9277441)",trafficstat,True,False,False,False,False,False,False,True,False,,,,,,,
2026-07-01,00:00,40.8130681,-73.9221901,E  143 ST,10454,40,OTHER,Street,42.28724770197632,False,BRONX,"(40.8130681, -73.9221901)",trafficstat,False,False,False,False,False,False,False,False,False,,,,,,,
2026-07-01,00:00,40.8010009,-73.9137075,WILLOW AVE,10454,40,UNKNOWN,Street,1.4566241030392697,False,BRONX,"(40.8010009, -73.9137075)",trafficstat,False,False,False,False,False,False,False,False,False,,,,,,,
2026-06-29,00:00,40.8191498,-73.9217897,MORRIS AVE,10451,40,UNKNOWN,Street,45.544259792587056,False,BRONX,"(40.8191498, -73.9217897)",trafficstat,False,False,False,False,False,False,False,False,False,,,,,,,
2026-06-29,00:00,40.8206076,-73.9115937,BROOK AVE,10451,40,UNKNOWN,Street,21.947150399141464,False,BRONX,"(40.8206076, -73.9115937)",trafficstat,False,False,False,False,False,False,False,False,False,,,,,,,
2026-06-29,00:00,40.8138769,-73.9191729,WILLIS AVE,10455,40,OTHER,Street,55.7499172544638,False,BRONX,"(40.8138769, -73.9191729)",trafficstat,False,False,False,False,False,False,False,False,False,,,,,,,
2026-06-27,00:00,40.8192724,-73.9084183,CAULDWELL AVE,10456,40,UNKNOWN,Street,32.35224230672201,False,BRONX,"(40.8192724, -73.9084183)",trafficstat,False,False,False,False,False,False,False,False,False,,,,,,,
2026-06-27,00:00,40.8042239,-73.9170134,E  135 ST,10454,40,UNKNOWN,Street,18.416327240508444,False,BRONX,"(40.8042239, -73.9170134)",trafficstat,False,False,False,False,False,False,False,False,False,,,,,,,
2026-06-27,00:00,40.8096101,-73.9182869,E  141 ST,10454,40,OTHER,Street,23.353082703620384,False,BRONX,"(40.8096101, -73.9182869)",trafficstat,False,False,False,False,False,False,False,False,False,,,,,,,
2026-06-26,00:00,40.80459,-73.912125,E  138 ST,10454,40,UNKNOWN,Street,1.4245366596467417,False,BRONX,"(40.80459, -73.912125)",trafficstat,True,False,False,False,False,False,False,True,False,,,,,,,
2026-06-26,00:00,40.8184699,-73.9165135,MELROSE AVE,10455,40,UNKNOWN,Street,45.14766643323772,False,BRONX,"(40.8184699, -73.9165135)",trafficstat,True,False,False,False,False,False,False,True,False,,,,,,,
2026-06-26,00:00,40.8180124,-73.9251851,PARK AVE,10451,40,UNKNOWN,Street,1.8964100955530105,False,BRONX,"(40.8180124, -73.9251851)",trafficstat,False,False,False,False,False,False,False,False,False,,,,,,,
2026-06-26,00:00,40.8155376,-73.9068322,E  152 ST,10455,40,UNKNOWN,Street,87.75962230891845,False,BRONX,"(40.8155376, -73.9068322)",trafficstat,True,False,False,False,False,False,False,False,False,,,,,,,
2026-06-26,00:00,40.8150503,-73.92426,MORRIS AVE,10451,40,OTHER,Street,1.491813602866193,False,BRONX,"(40.8150503, -73.92426)",trafficstat,False,False,False,False,False,False,False,False,False,,,,,,,
2026-06-25,00:00,40.8150631,-73.9144535,E  149 ST,10455,40,UNKNOWN,Street,95.41916960717457,False,BRONX,"(40.8150631, -73.9144535)",trafficstat,False,False,False,False,False,False,False,False,False,,,,,,,
2026-06-25,00:00,40.8169944,-73.9300202,GERARD AVE,10451,40,OTHER,Street,1.375718895670083,False,BRONX,"(40.8169944, -73.9300202)",trafficstat,False,False,False,False,False,False,False,False,False,,,,,,,
2026-06-25,00:00,40.8136065,-73.9193666,WILLIS AVE,10455,40,UNKNOWN,Street,56.83632382162292,False,BRONX,"(40.8136065, -73.9193666)",trafficstat,False,False,False,False,False,False,False,False,False,,,,,,,
2026-06-25,00:00,40.8164927,-73.9220671,E  148 ST,10451,40,UNKNOWN,Street,18.141598365391033,False,BRONX,"(40.8164927, -73.9220671)",trafficstat,False,False,False,False,False,False,False,False,False,,,,,,,
2026-06-25,00:00,40.8214057,-73.9140128,E  157 ST,10451,40,UNKNOWN,Street,29.53091466259279,False,BRONX,"(40.8214057, -73.9140128)",trafficstat,False,False,False,False,False,False,False,False,False,,,,,,,
2026-06-25,00:00,40.807186,-73.92428,WILLIS AVE  BRIDGE,10454,40,UNKNOWN,Bridge,0.5114288391097117,False,BRONX,"(40.807186, -73.92428)",trafficstat,True,False,False,False,False,False,False,True,False,,,,,,,
2026-06-24,00:00,40.8084079,-73.9088357,WALES AVE,10454,40,UNKNOWN,Street,1.6291828674010103,False,BRONX,"(40.8084079, -73.9088357)",trafficstat,False,False,False,False,False,False,False,False,False,,,,,,,
2026-06-24,00:00,40.8207498,-73.9221566,PARK AVE,10451,40,UNKNOWN,Street,33.88803544122792,False,BRONX,"(40.8207498, -73.9221566)",trafficstat,True,False,False,False,False,False,False,True,False,,,,,,,
2026-06-23,00:00,40.8190507,-73.9307456,MAJOR DEEGAN EXPY,10451,40,UNKNOWN,Highway,2.6163820045457213,False,BRONX,"(40.8190507, -73.9307456)",trafficstat,True,False,False,False,False,False,False,True,False,,,,,,,
2026-06-23,00:00,40.8093989,-73.9198715,E  140 ST,10454,40,OTHER,Street,44.29853730077393,False,BRONX,"(40.8093989, -73.9198715)",trafficstat,False,False,False,False,False,False,False,False,False,,,,,,,
2026-06-22,00:00,40.8133501,-73.9136718,ST ANNS AVE,10455,40,OTHER,Street,45.195433944493075,False,BRONX,"(40.8133501, -73.9136718)",trafficstat,False,False,False,False,False,False,False,False,False,,,,,,,
2026-06-20,00:00,40.8199106,-73.9021392,E  160 ST,10459,40,UNKNOWN,Street,27.423410039618812,False,BRONX,"(40.8199106, -73.9021392)",trafficstat,False,False,False,False,False,False,False,False,False,,,,,,,
2026-06-20,00:00,40.8070914,-73.9285124,BRUCKNER BLVD,10454,40,UNKNOWN,Street,59.149184610681196,False,BRONX,"(40.8070914, -73.9285124)",trafficstat,True,False,False,False,False,False,False,True,False,,,,,,,
2026-06-19,00:00,40.8150745,-73.9194659,E  147 ST,10455,40,UNKNOWN,Street,1.9980071458614435,False,BRONX,"(40.8150745, -73.9194659)",trafficstat,True,False,True,False,False,False,False,False,False,,,,,,,
2026-06-18,00:00,40.8161961,-73.9187317,E  149 ST,10455,40,OTHER,Street,53.98357194798164,False,BRONX,"(40.8161961, -73.9187317)",trafficstat,False,False,False,False,False,False,False,False,False,,,,,,,
2026-06-18,00:00,40.8061229,-73.9179524,ST ANNS AVE,10454,40,UNKNOWN,Street,1.9312568288868848,False,BRONX,"(40.8061229, -73.9179524)",trafficstat,False,False,False,False,False,False,False,False,False,,,,,,,
2026-06-17,00:00,40.81854,-73.90782,E  156 ST,10455,40,OTHER,Street,1.9490254746663311,False,BRONX,"(40.81854, -73.90782)",trafficstat,True,False,True,False,False,False,False,False,False,,,,,,,
2026-06-17,00:00,40.8179808,-73.9189168,COURTLANDT AVE,10451,40,UNKNOWN,Street,1.6190810837658978,False,BRONX,"(40.8179808, -73.9189168)",trafficstat,True,False,False,False,False,False,False,True,False,,,,,,,
2026-06-17,00:00,40.8160668,-73.9176439,E  149 ST,10455,40,OTHER,Street,2.030630066441945,False,BRONX,"(40.8160668, -73.9176439)",trafficstat,True,False,True,False,False,False,False,False,False,,,,,,,
2026-06-16,00:00,40.818794,-73.92213,MORRIS AVE,10451,40,UNKNOWN,Street,0.36358312092310496,False,BRONX,"(40.818794, -73.92213)",trafficstat,False,False,False,False,False,False,False,False,False,,,,,,,
2026-06-16,00:00,40.80607,-73.90904,E  141 ST,10454,40,UNKNOWN,Street,0.6302586098600235,False,BRONX,"(40.80607, -73.90904)",trafficstat,False,False,False,False,False,False,False,False,False,,,,,,,
2026-06-15,00:00,40.800446,-73.91086,WALNUT AVE,10454,40,UNKNOWN,Street,1.5311582204568364,False,BRONX,"(40.800446, -73.91086)",trafficstat,True,False,False,False,False,False,True,False,False,,,,,,,
2026-06-15,00:00,40.8076369,-73.9243122,WILLIS AVE,10454,40,UNKNOWN,Street,84.10925733643127,False,BRONX,"(40.8076369, -73.9243122)",trafficstat,True,False,False,True,False,False,False,False,False,,,,,,,
2026-06-14,00:00,40.8056047,-73.9081482,E  141 ST,10454,40,UNKNOWN,Street,31.897892969185996,False,BRONX,"(40.8056047, -73.9081482)",trafficstat,False,False,False,False,False,False,False,False,False,,,,,,,
2026-06-14,00:00,40.8141855,-73.9076237,CONCORD AVE,10455,40,OTHER,Street,33.49778406859623,False,BRONX,"(40.8141855, -73.9076237)",trafficstat,False,False,False,False,False,False,False,False,False,,,,,,,
2026-06-14,00:00,40.8127516,-73.9080036,CONCORD AVE,10455,40,UNKNOWN,Street,70.60575450461597,False,BRONX,"(40.8127516, -73.9080036)",trafficstat,False,False,False,False,False,False,False,False,False,,,,,,,
2026-06-14,00:00,40.8174163,-73.9287227,WALTON AVE,10451,40,OTHER,Street,1.487760057565976,False,BRONX,"(40.8174163, -73.9287227)",trafficstat,True,False,False,False,False,False,False,False,False,,,,,,,
2026-06-12,00:00,40.8203953,-73.9139641,ELTON AVE,10455,40,UNKNOWN,Street,0.8214987752637216,False,BRONX,"(40.8203953, -73.9139641)",trafficstat,True,False,False,False,False,False,False,True,False,,,,,,,
2026-06-12,00:00,40.8166589,-73.9044331,UNION AVE,10455,40,OTHER,Street,128.847681073951,False,BRONX,"(40.8166589, -73.9044331)",trafficstat,False,False,False,False,False,False,False,False,False,,,,,,,
2026-06-12,00:00,40.805492,-73.9103,E  140 ST,10454,40,UNKNOWN,Street,1.9648400423628152,False,BRONX,"(40.805492, -73.9103)",trafficstat,False,False,False,False,False,False,False,False,False,,,,,,,
2026-06-12,00:00,40.8078938,-73.9091622,WALES AVE,10454,40,UNKNOWN,Street,36.11032377847868,False,BRONX,"(40.8078938, -73.9091622)",trafficstat,False,False,False,False,False,False,False,False,False,,,,,,,
2026-09-12,00:00,40.8130732,-73.8982047,LEGGETT AVE,10455,41,UNKNOWN,Street,2.309812858207004,False,BRONX,"(40.8130732, -73.8982047)",trafficstat,True,False,False,False,False,False,False,False,True,,,,,,,
2026-07-13,00:00,40.8130732,-73.8982047,LEGGETT AVE,10455,41,UNKNOWN,Street,2.309812858207004,False,BRONX,"(40.8130732, -73.8982047)",trafficstat,True,False,False,False,False,False,False,False,True,,,,,,,
2026-07-10,00:00,40.8130732,-73.8982047,LEGGETT AVE,10455,41,UNKNOWN,Street,2.309812858207004,False,BRONX,"(40.8130732, -73.8982047)",trafficstat,True,False,False,False,False,False,False,False,True,,,,,,,
2026-07-04,00:00,40.8130732,-73.8982047,LEGGETT AVE,10455,41,UNKNOWN,Street,2.309812858207004,False,BRONX,"(40.8130732, -73.8982047)",trafficstat,True,False,False,False,False,False,False,True,False,,,,,,,
2026-09-11,00:00,40.8201889,-73.8906752,HUNTS POINT AVE,10459,41,UNKNOWN,Street,1.5438995376053555,False,BRONX,"(40.8201889, -73.8906752)",trafficstat,True,False,True,False,False,False,False,False,False,,,,,,,
2026-08-23,00:00,40.8201889,-73.8906752,HUNTS POINT AVE,10459,41,UNKNOWN,Street,1.5438995376053555,False,BRONX,"(40.8201889, -73.8906752)",trafficstat,False,False,False,False,False,False,False,False,False,,,,,,,
2026-08-08,00:00,40.8201889,-73.8906752,HUNTS POINT AVE,10459,41,UNKNOWN,Street,1.5438995376053555,False,BRONX,"(40.8201889, -73.8906752)",trafficstat,True,False,False,False,False,False,False,False,True,,,,,,,
2026-08-07,00:00,40.8201889,-73.8906752,HUNTS POINT AVE,10459,41,UNKNOWN,Street,1.5438995376053555,False,BRONX,"(40.8201889, -73.8906752)",trafficstat,False,False,False,False,False,False,False,False,False,,,,,,,
2026-08-03,00:00,40.8201889,-73.8906752,HUNTS POINT AVE,10459,41,UNKNOWN,Street,1.5438995376053555,False,BRONX,"(40.8201889, -73.8906752)",trafficstat,True,False,False,False,False,False,False,True,False,,,,,,,
2026-07-27,00:00,40.8201889,-73.8906752,HUNTS POINT AVE,10459,41,UNKNOWN,Street,1.5438995376053555,False,BRONX,"(40.8201889, -73.8906752)",trafficstat,True,False,False,False,True,False,False,False,False,,,,,,,
2026-07-25,00:00,40.8201889,-73.8906752,HUNTS POINT AVE,10459,41,OTHER,Street,1.5438995376053555,False,BRONX,"(40.8201889, -73.8906752)",trafficstat,True,False,False,False,False,False,False,True,False,,,,,,,
2026-07-20,00:00,40.8201889,-73.8906752,HUNTS POINT AVE,10459,41,UNKNOWN,Street,1.5438995376053555,False,BRONX,"(40.8201889, -73.8906752)",trafficstat,False,False,False,False,False,False,False,False,False,,,,,,,
2026-07-19,00:00,40.8201889,-73.8906752,HUNTS POINT AVE,10459,41,OTHER,Street,1.5438995376053555,False,BRONX,"(40.8201889, -73.8906752)",trafficstat,True,False,False,False,False,False,False,False,False,,,,,,,
2026-06-18,00:00,40.8201889,-73.8906752,HUNTS POINT AVE,10459,41,UNKNOWN,Street,1.5438995376053555,False,BRONX,"(40.8201889, -73.8906752)",trafficstat,True,False,False,False,False,False,False,True,True,,,,,,,
2026-09-09,00:00,40.8122999,-73.8989045,BRUCKNER EXPY,10455,41,UNKNOWN,Highway,2.120105416306436,False,BRONX,"(40.8122999, -73.8989045)",trafficstat,False,False,False,False,False,False,False,False,False,,,,,,,
2026-09-09,00:00,40.8110446,-73.8807198,OAK POINT AVE,10474,41,UNKNOWN,Street,3.4078302416607706,False,BRONX,"(40.8110446, -73.8807198)",trafficstat,True,False,False,False,False,False,False,False,True,,,,,,,
2026-09-09,00:00,40.8176847,-73.8985192,LONGWOOD AVE,10459,41,UNKNOWN,Street,2.2257954869338206,False,BRONX,"(40.8176847, -73.8985192)",trafficstat,True,False,True,False,False,False,False,False,False,,,,,,,
2026-09-08,00:00,40.811276,-73.8910683,RANDALL AVE,10474,41,OTHER,Street,58.311427388460885,False,BRONX,"(40.811276, -73.8910683)",trafficstat,False,False,False,False,False,False,False,False,False,,,,,,,
2026-09-07,00:00,40.8201447,-73.8902829,BRUCKNER EXPY,10459,41,UNKNOWN,Highway,3.6580154508954466,False,BRONX,"(40.8201447, -73.8902829)",trafficstat,False,False,False,False,False,False,False,False,False,,,,,,,
2026-08-28,00:00,40.8201447,-73.8902829,BRUCKNER EXPY,10459,41,UNKNOWN,Highway,3.6580154508954466,False,BRONX,"(40.8201447, -73.8902829)",trafficstat,False,False,False,False,False,False,False,False,False,,,,,,,
2026-07-25,00:00,40.8201447,-73.8902829,BRUCKNER EXPY,10459,41,UNKNOWN,Highway,3.6580154508954466,False,BRONX,"(40.8201447, -73.8902829)",trafficstat,True,False,False,False,False,True,False,False,False,,,,,,,
2026-06-19,00:00,40.8201447,-73.8902829,BRUCKNER EXPY,10459,41,UNKNOWN,Highway,3.6580154508954466,False,BRONX,"(40.8201447, -73.8902829)",trafficstat,True,False,False,False,False,False,False,False,False,,,,,,,
2026-09-04,00:00,40.8210574,-73.8920174,E  163 ST,10459,41,OTHER,Street,17.817842373386206,False,BRONX,"(40.8210574, -73.8920174)",trafficstat,True,False,False,False,False,False,False,True,False,,,,,,,
2026-09-03,00:00,40.8161388,-73.894869,LAFAYETTE AVE,10459,41,UNKNOWN,Street,2.7467300434215733,False,BRONX,"(40.8161388, -73.894869)",trafficstat,False,False,False,False,False,False,False,False,False,,,,,,,
2026-09-02,00:00,40.8168208,-73.8967373,LONGWOOD AVE,10459,41,UNKNOWN,Street,54.98528660525594,False,BRONX,"(40.8168208, -73.8967373)",trafficstat,True,False,False,False,False,False,False,False,False,,,,,,,
2026-09-01,00:00,40.8204513,-73.9004444,WESTCHESTER AVE,10459,41,UNKNOWN,Street,53.53671072426731,False,BRONX,"(40.8204513, -73.9004444)",trafficstat,True,False,True,False,False,False,False,False,False,,,,,,,
2026-07-15,00:00,40.8204513,-73.9004444,WESTCHESTER AVE,10459,41,OTHER,Street,53.53671072426731,False,BRONX,"(40.8204513, -73.9004444)",trafficstat,True,False,False,False,False,False,False,True,False,,,,,,,
2026-08-30,00:00,40.8192692,-73.8848563,WHITTIER ST,10474,41,UNKNOWN,Street,0.0011065359875594132,False,BRONX,"(40.8192692, -73.8848563)",trafficstat,True,False,False,False,False,False,True,False,False,,,,,,,
2026-06-15,00:00,40.8192692,-73.8848563,WHITTIER ST,10474,41,UNKNOWN,Street,0.0011065359875594132,False,BRONX,"(40.8192692, -73.8848563)",trafficstat,False,False,False,False,False,False,False,False,False,,,,,,,
2026-08-30,00:00,40.8258998,-73.8891494,WESTCHESTER AVE,10459,41,UNKNOWN,Street,58.470250678428435,False,BRONX,"(40.8258998, -73.8891494)",trafficstat,True,False,False,False,False,False,False,False,True,,,,,,,
2026-08-29,00:00,40.8144382,-73.8930726,BARRY ST,10474,41,UNKNOWN,Street,1.665266416376676,False,BRONX,"(40.8144382, -73.8930726)",trafficstat,True,False,False,False,False,False,True,False,False,,,,,,,
2026-08-29,00:00,40.823642,-73.8939033,FOX ST,10459,41,UNKNOWN,Street,0.1336168814856981,False,BRONX,"(40.823642, -73.8939033)",trafficstat,True,False,False,False,False,False,False,False,False,,,,,,,
2026-07-20,00:00,40.823642,-73.8939033,FOX ST,10459,41,UNKNOWN,Street,0.1336168814856981,False,BRONX,"(40.823642, -73.8939033)",trafficstat,True,False,False,False,False,False,False,False,False,,,,,,,
2026-08-28,00:00,40.8169358,-73.8979408,BECK ST,10455,41,UNKNOWN,Street,38.02392176327703,False,BRONX,"(40.8169358, -73.8979408)",trafficstat,False,False,False,False,False,False,False,False,False,,,,,,,
2026-08-27,00:00,40.8230774,-73.8917905,SOUTHERN BLVD,10459,41,UNKNOWN,Street,0.3873071331328022,False,BRONX,"(40.8230774, -73.8917905)",trafficstat,False,False,False,False,False,False,False,False,False,,,,,,,
2026-08-04,00:00,40.8230774,-73.8917905,SOUTHERN BLVD,10459,41,UNKNOWN,Street,0.3873071331328022,False,BRONX,"(40.8230774, -73.8917905)",trafficstat,True,False,False,False,False,True,False,True,False,,,,,,,
2026-08-01,00:00,40.8230774,-73.8917905,SOUTHERN BLVD,10459,41,UNKNOWN,Street,0.3873071331328022,False,BRONX,"(40.8230774, -73.8917905)",trafficstat,True,False,True,False,False,False,False,False,False,,,,,,,
2026-06-14,00:00,40.8230774,-73.8917905,SOUTHERN BLVD,10459,41,UNKNOWN,Street,0.3873071331328022,False,BRONX,"(40.8230774, -73.8917905)",trafficstat,False,False,False,False,False,False,False,False,False,,,,,,,
2026-08-25,00:00,40.8275022,-73.8863994,WESTCHESTER AVE,10459,41,UNKNOWN,Street,3.0818720638713164,False,BRONX,"(40.8275022, -73.8863994)",trafficstat,True,False,False,False,False,False,False,False,True,,,,,,,
2026-08-24,00:00,40.8204539,-73.8912909,HUNTS POINT AVE,10459,41,UNKNOWN,Street,62.91899502848794,False,BRONX,"(40.8204539, -73.8912909)",trafficstat,True,False,True,False,False,False,False,False,False,,,,,,,
2026-08-22,00:00,40.8204539,-73.8912909,HUNTS POINT AVE,10459,41,UNKNOWN,Street,62.91899502848794,False,BRONX,"(40.8204539, -73.8912909)",trafficstat,True,False,False,False,False,False,False,True,False,,,,,,,
2026-08-24,00:00,40.8096293,-73.8900351,TIFFANY ST,10474,41,UNKNOWN,Street,0.10126037910986249,False,BRONX,"(40.8096293, -73.8900351)",trafficstat,False,False,False,False,False,False,False,False,False,,,,,,,
2026-07-07,00:00,40.8096293,-73.8900351,TIFFANY ST,10474,41,OTHER,Street,0.10126037910986249,False,BRONX,"(40.8096293, -73.8900351)",trafficstat,True,False,False,False,False,False,False,False,True,,,,,,,
2026-08-23,00:00,40.8108864,-73.8816593,HUNTS POINT AVE,10474,41,UNKNOWN,Street,0.08401476862925089,False,BRONX,"(40.8108864, -73.8816593)",trafficstat,False,False,False,False,False,False,False,False,False,,,,,,,
2026-08-23,00:00,40.8165299,-73.8826233,EDGEWATER RD,10474,41,UNKNOWN,Street,61.34565012486741,False,BRONX,"(40.8165299, -73.8826233)",trafficstat,False,False,False,False,False,False,False,False,False,,,,,,,
2026-08-23,00:00,40.8210132,-73.8916168,E  163 ST,10459,41,OTHER,Street,2.8948828541149196,False,BRONX,"(40.8210132, -73.8916168)",trafficstat,True,False,False,False,False,False,False,True,False,,,,,,,
2026-07-30,00:00,40.8210132,-73.8916168,E  163 ST,10459,41,UNKNOWN,Street,2.8948828541149196,False,BRONX,"(40.8210132, -73.8916168)",trafficstat,True,False,False,False,False,False,False,False,False,,,,,,,
2026-07-03,00:00,40.8210132,-73.8916168,E  163 ST,10459,41,UNKNOWN,Street,2.8948828541149196,False,BRONX,"(40.8210132, -73.8916168)",trafficstat,True,False,False,False,False,False,False,False,False,,,,,,,
2026-08-22,00:00,40.8075798,-73.8809284,DRAKE ST,10474,41,UNKNOWN,Street,21.165815932756484,False,BRONX,"(40.8075798, -73.8809284)",trafficstat,False,False,False,False,False,False,False,False,False,,,,,,,
2026-08-22,00:00,40.8143702,-73.8966998,E  156 ST,10455,41,UNKNOWN,Street,2.098899930427109,False,BRONX,"(40.8143702, -73.8966998)",trafficstat,True,False,False,False,False,False,False,True,False,,,,,,,
2026-08-21,00:00,40.8143702,-73.8966998,E  156 ST,10455,41,UNKNOWN,Street,2.098899930427109,False,BRONX,"(40.8143702, -73.8966998)",trafficstat,True,False,False,False,False,False,False,False,True,,,,,,,
2026-07-01,00:00,40.8143702,-73.8966998,E  156 ST,10455,41,UNKNOWN,Street,2.098899930427109,False,BRONX,"(40.8143702, -73.8966998)",trafficstat,False,False,False,False,False,False,False,False,False,,,,,,,
2026-08-21,00:00,40.8163185,-73.8962127,LONGWOOD AVE,10459,41,UNKNOWN,Street,2.1115567784505984,False,BRONX,"(40.8163185, -73.8962127)",trafficstat,True,False,False,False,False,False,False,False,False,,,,,,,
2026-08-20,00:00,40.8143041,-73.8834241,WHITTIER ST,10474,41,UNKNOWN,Street,37.454041195004514,False,BRONX,"(40.8143041, -73.8834241)",trafficstat,True,False,False,False,False,False,False,True,False,,,,,,,
2026-08-19,00:00,40.815755,-73.8952779,LONGWOOD AVE,10474,41,OTHER,Street,2.180214410811832,False,BRONX,"(40.815755, -73.8952779)",trafficstat,True,True,False,False,True,False,False,True,False,,,,,,,
2026-08-05,00:00,40.815755,-73.8952779,LONGWOOD AVE,10474,41,OTHER,Street,2.180214410811832,False,BRONX,"(40.815755, -73.8952779)",trafficstat,False,False,False,False,False,False,False,False,False,,,,,,,
2026-06-22,00:00,40.815755,-73.8952779,LONGWOOD AVE,10474,41,UNKNOWN,Street,2.180214410811832,False,BRONX,"(40.815755, -73.8952779)",trafficstat,True,False,False,False,False,False,False,False,True,,,,,,,
2026-06-19,00:00,40.815755,-73.8952779,LONGWOOD AVE,10474,41,UNKNOWN,Street,2.180214410811832,False,BRONX,"(40.815755, -73.8952779)",trafficstat,True,False,False,False,False,False,False,True,False,,,,,,,
2026-08-18,00:00,40.8108117,-73.8832393,OAK POINT AVE,10474,41,UNKNOWN,Street,52.86998573561105,False,BRONX,"(40.8108117, -73.8832393)",trafficstat,True,False,False,True,False,False,False,False,False,,,,,,,
2026-08-18,00:00,40.8070669,-73.8891906,TIFFANY ST,10474,41,UNKNOWN,Street,45.454646609263435,False,BRONX,"(40.8070669, -73.8891906)",trafficstat,False,False,False,False,False,False,False,False,False,,,,,,,
2026-08-18,00:00,40.819365,-73.8930683,SOUTHERN BLVD,10459,41,UNKNOWN,Street,1.82116623385026,False,BRONX,"(40.819365, -73.8930683)",trafficstat,True,False,False,False,False,False,False,False,False,,,,,,,
2026-08-17,00:00,40.8230382,-73.8859332,BRUCKNER BOULEVARD BIKE PATH,10459,41,UNKNOWN,Street,72.67545586624404,False,BRONX,"(40.8230382, -73.8859332)",trafficstat,False,False,False,False,False,False,False,False,False,,,,,,,
2026-07-27,00:00,40.8230382,-73.8859332,BRUCKNER BOULEVARD BIKE PATH,10459,41,UNKNOWN,Street,72.67545586624404,False,BRONX,"(40.8230382, -73.8859332)",trafficstat,False,False,False,False,False,False,False,False,False,,,,,,,
2026-06-27,00:00,40.8230382,-73.8859332,BRUCKNER BOULEVARD BIKE PATH,10459,41,UNKNOWN,Street,72.67545586624404,False,BRONX,"(40.8230382, -73.8859332)",trafficstat,False,False,False,False,False,False,False,False,False,,,,,,,
2026-08-17,00:00,40.8211112,-73.8910903,E  163 ST,10459,41,UNKNOWN,Street,30.747539658457313,False,BRONX,"(40.8211112, -73.8910903)",trafficstat,True,False,False,True,False,False,False,False,False,,,,,,,
2026-08-17,00:00,40.8170169,-73.8845616,LAFAYETTE AVE,10474,41,OTHER,Street,58.83358407386316,False,BRONX,"(40.8170169, -73.8845616)",trafficstat,False,False,False,False,False,False,False,False,False,,,,,,,
2026-08-16,00:00,40.8166032,-73.8851948,LONGFELLOW AVE,10474,41,UNKNOWN,Street,21.182663579653127,False,BRONX,"(40.8166032, -73.8851948)",trafficstat,True,False,False,False,False,False,False,True,False,,,,,,,
2026-08-16,00:00,40.8276556,-73.8860956,WHITLOCK AVE,10459,41,UNKNOWN,Street,0.8841456619164667,False,BRONX,"(40.8276556, -73.8860956)",trafficstat,True,False,False,False,False,False,True,False,False,,,,,,,