crash_date,crash_time,latitude,longitude,on_street_name,zip_code,precinct,collision_type,roadway_type,geocode_dist_feet,time_is_known,borough,location,source,injury,fatality,injured_pedestrian,injured_cyclist,injured_ebike_rider,injured_motorcyclist,injured_moped_rider,injured_car_occupant,injured_suv_occupant,number_of_persons_injured,number_of_persons_killed,contributing_factor_vehicle_1,collision_id,cross_street_name,off_street_name,vehicle_type_code1
2026-08-16,00:00,40.8211475,-73.8965274,E  163 ST,10459,41,UNKNOWN,Street,51.999920504290905,False,BRONX,"(40.8211475, -73.8965274)",trafficstat,False,False,False,False,False,False,False,False,False,,,,,,,
2026-08-16,00:00,40.8156012,-73.8859645,BRYANT AVE,10474,41,UNKNOWN,Street,40.30237452389276,False,BRONX,"(40.8156012, -73.8859645)",trafficstat,False,False,False,False,False,False,False,False,False,,,,,,,
2026-08-15,00:00,40.8246557,-73.8919289,SOUTHERN BLVD,10459,41,UNKNOWN,Street,0.4404543763238916,False,BRONX,"(40.8246557, -73.8919289)",trafficstat,True,False,False,False,True,False,False,False,False,,,,,,,
2026-07-09,00:00,40.8246557,-73.8919289,SOUTHERN BLVD,10459,41,UNKNOWN,Street,0.4404543763238916,False,BRONX,"(40.8246557, -73.8919289)",trafficstat,True,False,True,False,False,False,False,False,False,,,,,,,
2026-06-28,00:00,40.8246557,-73.8919289,SOUTHERN BLVD,10459,41,UNKNOWN,Street,0.4404543763238916,False,BRONX,"(40.8246557, -73.8919289)",trafficstat,True,False,False,False,False,True,False,False,False,,,,,,,
2026-08-14,00:00,40.821358,-73.88911,BRUCKNER BLVD,10459,41,OTHER,Street,26.400411444053596,False,BRONX,"(40.821358, -73.88911)",trafficstat,False,False,False,False,False,False,False,False,False,,,,,,,
2026-08-14,00:00,40.8215826,-73.8918666,SOUTHERN BLVD,10459,41,OTHER,Street,47.8120689450132,False,BRONX,"(40.8215826, -73.8918666)",trafficstat,True,False,True,False,False,False,False,False,False,,,,,,,
2026-08-14,00:00,40.8132429,-73.8995231,SOUTHERN BLVD,10455,41,UNKNOWN,Street,69.58071084391061,False,BRONX,"(40.8132429, -73.8995231)",trafficstat,True,False,False,False,False,False,False,False,False,,,,,,,
2026-08-14,00:00,40.8123086,-73.8963598,LEGGETT AVE,10474,41,UNKNOWN,Street,2.9712805563908944,False,BRONX,"(40.8123086, -73.8963598)",trafficstat,False,False,False,False,False,False,False,False,False,,,,,,,
2026-08-14,00:00,40.814999,-73.8940146,GARRISON AVE,10474,41,UNKNOWN,Street,1.7149440706577543,False,BRONX,"(40.814999, -73.8940146)",trafficstat,False,False,False,False,False,False,False,False,False,,,,,,,
2026-08-14,00:00,40.8141309,-73.8973492,BRUCKNER BLVD,10455,41,UNKNOWN,Street,32.97371062204166,False,BRONX,"(40.8141309, -73.8973492)",trafficstat,True,False,False,False,False,False,False,False,True,,,,,,,
2026-08-13,00:00,40.8116825,-73.9006989,BRUCKNER BLVD,10455,41,UNKNOWN,Street,40.03856165031714,False,BRONX,"(40.8116825, -73.9006989)",trafficstat,True,False,False,False,False,False,False,True,False,,,,,,,
2026-08-13,00:00,40.8209796,-73.893875,FOX ST,10459,41,UNKNOWN,Street,0.061729480936277774,False,BRONX,"(40.8209796, -73.893875)",trafficstat,True,False,False,False,False,False,False,True,False,,,,,,,
2026-08-13,00:00,40.8211335,-73.894195,E  163 ST,10459,41,UNKNOWN,Street,52.22814490116529,False,BRONX,"(40.8211335, -73.894195)",trafficstat,True,False,True,False,False,False,False,False,False,,,,,,,
2026-08-13,00:00,40.8233062,-73.8871075,WHITLOCK AVE,10459,41,UNKNOWN,Street,0.5432370386876356,False,BRONX,"(40.8233062, -73.8871075)",trafficstat,False,False,False,False,False,False,False,False,False,,,,,,,
2026-08-12,00:00,40.8240521,-73.8945032,E  165 ST,10459,41,UNKNOWN,Street,32.310136547012206,False,BRONX,"(40.8240521, -73.8945032)",trafficstat,True,False,False,False,False,False,False,True,False,,,,,,,
2026-08-12,00:00,40.8186618,-73.8857853,LONGFELLOW AVE,10474,41,UNKNOWN,Street,35.366083404636875,False,BRONX,"(40.8186618, -73.8857853)",trafficstat,False,False,False,False,False,False,False,False,False,,,,,,,
2026-08-10,00:00,40.8278892,-73.8982037,PROSPECT AVE,10459,41,UNKNOWN,Street,1.4889011131188836,False,BRONX,"(40.8278892, -73.8982037)",trafficstat,True,False,False,True,True,False,False,False,False,,,,,,,
2026-08-09,00:00,40.8213594,-73.8891052,BRUCKNER BLVD,10459,41,UNKNOWN,Street,26.903866887751324,False,BRONX,"(40.8213594, -73.8891052)",trafficstat,True,False,False,True,False,False,False,False,False,,,,,,,
2026-08-08,00:00,40.8213594,-73.8891052,BRUCKNER BLVD,10459,41,UNKNOWN,Street,26.903866887751324,False,BRONX,"(40.8213594, -73.8891052)",trafficstat,True,False,False,False,True,False,False,False,False,,,,,,,
2026-08-05,00:00,40.8213594,-73.8891052,BRUCKNER BLVD,10459,41,UNKNOWN,Street,26.903866887751324,False,BRONX,"(40.8213594, -73.8891052)",trafficstat,True,False,False,True,False,False,False,False,False,,,,,,,
2026-08-09,00:00,40.8209732,-73.8928381,SIMPSON ST,10459,41,OTHER,Street,0.8854168790256172,False,BRONX,"(40.8209732, -73.8928381)",trafficstat,True,False,False,False,False,False,False,False,True,,,,,,,
2026-07-20,00:00,40.8209732,-73.8928381,SIMPSON ST,10459,41,UNKNOWN,Street,0.8854168790256172,False,BRONX,"(40.8209732, -73.8928381)",trafficstat,False,False,False,False,False,False,False,False,False,,,,,,,
2026-07-19,00:00,40.8209732,-73.8928381,SIMPSON ST,10459,41,UNKNOWN,Street,0.8854168790256172,False,BRONX,"(40.8209732, -73.8928381)",trafficstat,False,False,False,False,False,False,False,False,False,,,,,,,
2026-08-08,00:00,40.823379,-73.8871529,WHITLOCK AVE,10459,41,UNKNOWN,Street,20.280670187860597,False,BRONX,"(40.823379, -73.8871529)",trafficstat,False,False,False,False,False,False,False,False,False,,,,,,,
2026-08-07,00:00,40.814227,-73.9017623,AVE ST JOHN,10455,41,UNKNOWN,Street,84.15258351724816,False,BRONX,"(40.814227, -73.9017623)",trafficstat,False,False,False,False,False,False,False,False,False,,,,,,,
2026-08-07,00:00,40.8142564,-73.894174,WORTHEN ST,10474,41,UNKNOWN,Street,33.95289297577353,False,BRONX,"(40.8142564, -73.894174)",trafficstat,False,False,False,False,False,False,False,False,False,,,,,,,
2026-08-07,00:00,40.8140273,-73.9010224,FOX ST,10455,41,UNKNOWN,Street,32.5080195487116,False,BRONX,"(40.8140273, -73.9010224)",trafficstat,False,False,False,False,False,False,False,False,False,,,,,,,
2026-08-06,00:00,40.8116232,-73.8846888,BRYANT AVE,10474,41,UNKNOWN,Street,20.690355868326254,False,BRONX,"(40.8116232, -73.8846888)",trafficstat,False,False,False,False,False,False,False,False,False,,,,,,,
2026-08-06,00:00,40.8128976,-73.9014418,AVE ST JOHN,10455,41,UNKNOWN,Street,0.8422436529564805,False,BRONX,"(40.8128976, -73.9014418)",trafficstat,True,False,False,True,False,False,False,False,False,,,,,,,
2026-08-06,00:00,40.8211554,-73.8975657,E  163 ST,10459,41,UNKNOWN,Street,52.7542404320245,False,BRONX,"(40.8211554, -73.8975657)",trafficstat,True,False,True,False,False,False,False,False,False,,,,,,,
2026-08-05,00:00,40.8212964,-73.8970875,INTERVALE AVE,10459,41,UNKNOWN,Street,54.446979962241755,False,BRONX,"(40.8212964, -73.8970875)",trafficstat,True,False,True,False,False,False,False,False,False,,,,,,,
2026-08-04,00:00,40.816277,-73.8958115,LONGWOOD AVE,10459,41,UNKNOWN,Street,55.90583924222427,False,BRONX,"(40.816277, -73.8958115)",trafficstat,False,False,False,False,False,False,False,False,False,,,,,,,
2026-07-31,00:00,40.816277,-73.8958115,LONGWOOD AVE,10459,41,UNKNOWN,Street,55.90583924222427,False,BRONX,"(40.816277, -73.8958115)",trafficstat,True,False,False,False,False,False,False,True,False,,,,,,,
2026-08-04,00:00,40.8131651,-73.8999082,SOUTHERN BLVD,10455,41,UNKNOWN,Street,59.02706970025279,False,BRONX,"(40.8131651, -73.8999082)",trafficstat,False,False,False,False,False,False,False,False,False,,,,,,,
2026-08-03,00:00,40.8190565,-73.889214,HUNTS POINT AVE,10474,41,UNKNOWN,Street,60.11013739518717,False,BRONX,"(40.8190565, -73.889214)",trafficstat,True,False,True,False,False,False,False,False,False,,,,,,,
2026-08-03,00:00,40.8166869,-73.8938363,BRUCKNER EXPY,10474,41,OTHER,Highway,3.5653780562814936,False,BRONX,"(40.8166869, -73.8938363)",trafficstat,False,False,False,False,False,False,False,False,False,,,,,,,
2026-08-01,00:00,40.8225611,-73.8857192,BRUCKNER EXPY,10459,41,UNKNOWN,Highway,0.5411388125566334,False,BRONX,"(40.8225611, -73.8857192)",trafficstat,True,False,True,False,False,False,False,False,False,,,,,,,
2026-08-01,00:00,40.8149337,-73.8976455,SOUTHERN BLVD,10455,41,OTHER,Street,2.3459681652174367,False,BRONX,"(40.8149337, -73.8976455)",trafficstat,False,False,False,False,False,False,False,False,False,,,,,,,
2026-07-08,00:00,40.8149337,-73.8976455,SOUTHERN BLVD,10455,41,OTHER,Street,2.3459681652174367,False,BRONX,"(40.8149337, -73.8976455)",trafficstat,True,False,True,False,False,False,False,False,False,,,,,,,
2026-06-15,00:00,40.8149337,-73.8976455,SOUTHERN BLVD,10455,41,OTHER,Street,2.3459681652174367,False,BRONX,"(40.8149337, -73.8976455)",trafficstat,True,False,False,False,False,False,False,False,False,,,,,,,
2026-07-31,00:00,40.8142251,-73.8883259,MANIDA ST,10474,41,UNKNOWN,Street,0.30024213313811443,False,BRONX,"(40.8142251, -73.8883259)",trafficstat,False,False,False,False,False,False,False,False,False,,,,,,,
2026-07-23,00:00,40.8142251,-73.8883259,MANIDA ST,10474,41,OTHER,Street,0.30024213313811443,False,BRONX,"(40.8142251, -73.8883259)",trafficstat,True,False,True,False,False,False,False,True,False,,,,,,,
2026-07-31,00:00,40.817196,-73.8953153,SOUTHERN BLVD,10459,41,UNKNOWN,Street,2.4409182546231873,False,BRONX,"(40.817196, -73.8953153)",trafficstat,True,False,False,True,False,False,False,False,False,,,,,,,
2026-07-31,00:00,40.8177951,-73.8931828,TIFFANY ST,10459,41,OTHER,Street,2.0860898287538103,False,BRONX,"(40.8177951, -73.8931828)",trafficstat,False,False,False,False,False,False,False,False,False,,,,,,,
2026-07-30,00:00,40.820035,-73.890484,HUNTS POINT AVE,10474,41,UNKNOWN,Street,1.6228667648951345,False,BRONX,"(40.820035, -73.890484)",trafficstat,False,False,False,False,False,False,False,False,False,,,,,,,
2026-07-30,00:00,40.816578,-73.8890156,MANIDA ST,10474,41,UNKNOWN,Street,1.6735802272312028,False,BRONX,"(40.816578, -73.8890156)",trafficstat,True,False,False,False,False,False,False,False,True,,,,,,,
2026-07-30,00:00,40.8146139,-73.8875974,COSTER ST,10474,41,OTHER,Street,36.72333560004536,False,BRONX,"(40.8146139, -73.8875974)",trafficstat,False,False,False,False,False,False,False,False,False,,,,,,,
2026-07-30,00:00,40.8278227,-73.8857954,WESTCHESTER AVE,10459,41,UNKNOWN,Street,2.6463399994550767,False,BRONX,"(40.8278227, -73.8857954)",trafficstat,True,False,False,False,False,False,False,False,True,,,,,,,
2026-07-29,00:00,40.8225439,-73.8850277,EDGEWATER RD,10474,41,UNKNOWN,Street,0.7603744622419618,False,BRONX,"(40.8225439, -73.8850277)",trafficstat,True,False,False,False,False,False,False,False,True,,,,,,,
2026-07-28,00:00,40.8209988,-73.8968919,INTERVALE AVE,10459,41,UNKNOWN,Street,1.2407038791412028,False,BRONX,"(40.8209988, -73.8968919)",trafficstat,True,False,False,False,False,False,False,True,False,,,,,,,
2026-07-20,00:00,40.8209988,-73.8968919,INTERVALE AVE,10459,41,UNKNOWN,Street,1.2407038791412028,False,BRONX,"(40.8209988, -73.8968919)",trafficstat,True,False,False,False,False,False,False,True,False,,,,,,,
2026-07-26,00:00,40.8209924,-73.8958802,KELLY ST,10459,41,OTHER,Street,0.6309837019933454,False,BRONX,"(40.8209924, -73.8958802)",trafficstat,False,False,False,False,False,False,False,False,False,,,,,,,
2026-07-25,00:00,40.8173519,-73.883382,DRAKE ST,10474,41,UNKNOWN,Street,0.5378754357932779,False,BRONX,"(40.8173519, -73.883382)",trafficstat,False,False,False,False,False,False,False,False,False,,,,,,,
2026-07-24,00:00,40.8122742,-73.8844614,RANDALL AVE,10474,41,UNKNOWN,Street,58.64592323590976,False,BRONX,"(40.8122742, -73.8844614)",trafficstat,True,False,False,False,False,False,False,True,True,,,,,,,
2026-07-24,00:00,40.8267434,-73.8878966,LONGFELLOW AVE,10459,41,UNKNOWN,Street,0.2353927598120208,False,BRONX,"(40.8267434, -73.8878966)",trafficstat,True,False,False,False,False,False,False,True,False,,,,,,,
2026-07-23,00:00,40.8067079,-73.8769491,,,41,OTHER,,322.0535960343511,False,BRONX,"(40.8067079, -73.8769491)",trafficstat,True,False,False,False,False,False,False,True,True,,,,,,,
2026-07-23,00:00,40.816368,-73.882112,HALLECK ST,10474,41,UNKNOWN,Street,0.826037318487063,False,BRONX,"(40.816368, -73.882112)",trafficstat,True,False,False,False,False,False,False,True,True,,,,,,,
2026-07-23,00:00,40.8260589,-73.8877119,LOWELL ST,10459,41,UNKNOWN,Street,35.86403092649095,False,BRONX,"(40.8260589, -73.8877119)",trafficstat,False,False,False,False,False,False,False,False,False,,,,,,,
2026-07-22,00:00,40.8178087,-73.8929855,BRUCKNER BLVD,10474,41,UNKNOWN,Street,0.44198951187405416,False,BRONX,"(40.8178087, -73.8929855)",trafficstat,True,False,False,False,False,False,False,False,True,,,,,,,
2026-07-22,00:00,40.8171079,-73.8920314,TIFFANY ST,10474,41,UNKNOWN,Street,0.47293207231403395,False,BRONX,"(40.8171079, -73.8920314)",trafficstat,False,False,False,False,False,False,False,False,False,,,,,,,
2026-07-22,00:00,40.8169864,-73.8911592,LAFAYETTE AVE,10474,41,OTHER,Street,206.577551178352,False,BRONX,"(40.8169864, -73.8911592)",trafficstat,True,False,True,False,False,False,False,False,False,,,,,,,
2026-07-17,00:00,40.8208168,-73.8924446,E  163 ST,10459,41,UNKNOWN,Street,64.81108970424462,False,BRONX,"(40.8208168, -73.8924446)",trafficstat,False,False,False,False,False,False,False,False,False,,,,,,,
2026-07-17,00:00,40.8206963,-73.9009836,PROSPECT AVE,10459,41,OTHER,Street,58.35176870766871,False,BRONX,"(40.8206963, -73.9009836)",trafficstat,False,False,False,False,False,False,False,False,False,,,,,,,
2026-06-12,00:00,40.8206963,-73.9009836,PROSPECT AVE,10459,41,UNKNOWN,Street,58.35176870766871,False,BRONX,"(40.8206963, -73.9009836)",trafficstat,True,False,True,False,False,False,False,False,False,,,,,,,
2026-07-16,00:00,40.8253949,-73.8879107,LONGFELLOW AVE,10459,41,OTHER,Street,33.81122084581563,False,BRONX,"(40.8253949, -73.8879107)",trafficstat,True,False,True,False,False,False,False,False,False,,,,,,,
2026-07-16,00:00,40.8175152,-73.8855663,LONGFELLOW AVE,10474,41,UNKNOWN,Street,57.31102850342078,False,BRONX,"(40.8175152, -73.8855663)",trafficstat,False,False,False,False,False,False,False,False,False,,,,,,,
2026-07-16,00:00,40.818798,-73.89212,BARRETTO ST,10459,41,UNKNOWN,Street,2.304424386795243,False,BRONX,"(40.818798, -73.89212)",trafficstat,True,False,False,False,False,False,False,True,False,,,,,,,
2026-07-16,00:00,40.8083485,-73.8740256,HUNTS POINT CO OP MARKET DY,10474,41,OTHER,Driveway,120.388465751102,False,BRONX,"(40.8083485, -73.8740256)",trafficstat,True,False,False,False,True,False,False,False,False,,,,,,,
2026-07-08,00:00,40.8083485,-73.8740256,HUNTS POINT CO OP MARKET DY,10474,41,UNKNOWN,Driveway,120.388465751102,False,BRONX,"(40.8083485, -73.8740256)",trafficstat,True,False,False,False,False,False,False,False,False,,,,,,,
2026-07-16,00:00,40.8229904,-73.8891831,FAILE ST,10459,41,UNKNOWN,Street,78.55763721711477,False,BRONX,"(40.8229904, -73.8891831)",trafficstat,False,False,False,False,False,False,False,False,False,,,,,,,
2026-07-15,00:00,40.811367,-73.89148,WORTHEN ST,10474,41,OTHER,Street,0.13573203373761256,False,BRONX,"(40.811367, -73.89148)",trafficstat,True,False,False,False,False,False,False,True,False,,,,,,,
2026-07-14,00:00,40.8116573,-73.8895693,CASANOVA ST,10474,41,UNKNOWN,Street,0.2151226162654161,False,BRONX,"(40.8116573, -73.8895693)",trafficstat,False,False,False,False,False,False,False,False,False,,,,,,,
2026-07-14,00:00,40.8221187,-73.8968793,INTERVALE AVE,10459,41,OTHER,Street,0.12231816593379922,False,BRONX,"(40.8221187, -73.8968793)",trafficstat,False,False,False,False,False,False,False,False,False,,,,,,,
2026-07-14,00:00,40.8191274,-73.8857778,LONGFELLOW AVE,10474,41,OTHER,Street,0.27566826201163813,False,BRONX,"(40.8191274, -73.8857778)",trafficstat,False,False,False,False,False,False,False,False,False,,,,,,,
2026-07-14,00:00,40.8194529,-73.8888259,IRVINE ST,10474,41,UNKNOWN,Street,26.918787674084193,False,BRONX,"(40.8194529, -73.8888259)",trafficstat,False,False,False,False,False,False,False,False,False,,,,,,,
2026-07-14,00:00,40.8196937,-73.9016015,PROSPECT AVE,10455,41,UNKNOWN,Street,1.323465431667636,False,BRONX,"(40.8196937, -73.9016015)",trafficstat,True,False,False,False,False,False,False,False,False,,,,,,,
2026-06-18,00:00,40.8196937,-73.9016015,PROSPECT AVE,10455,41,UNKNOWN,Street,1.323465431667636,False,BRONX,"(40.8196937, -73.9016015)",trafficstat,False,False,False,False,False,False,False,False,False,,,,,,,
2026-07-14,00:00,40.8241379,-73.8929486,SIMPSON ST,10459,41,UNKNOWN,Street,0.21425474363686706,False,BRONX,"(40.8241379, -73.8929486)",trafficstat,True,False,True,False,False,False,False,False,False,,,,,,,
2026-07-13,00:00,40.8181763,-73.8886795,HUNTS POINT AVE,10474,41,UNKNOWN,Street,40.3811144211212,False,BRONX,"(40.8181763, -73.8886795)",trafficstat,False,False,False,False,False,False,False,False,False,,,,,,,
2026-07-10,00:00,40.8210253,-73.8841887,EDGEWATER RD,10474,41,UNKNOWN,Street,54.00450726086212,False,BRONX,"(40.8210253, -73.8841887)",trafficstat,True,False,False,False,False,False,False,True,False,,,,,,,
2026-07-10,00:00,40.8223188,-73.8927544,SIMPSON ST,10459,41,UNKNOWN,Street,35.02667222995452,False,BRONX,"(40.8223188, -73.8927544)",trafficstat,False,False,False,False,False,False,False,False,False,,,,,,,
2026-07-09,00:00,40.8094083,-73.8802965,FOOD CENTER DR,10474,41,UNKNOWN,Street,2.8022877513933917,False,BRONX,"(40.8094083, -73.8802965)",trafficstat,True,False,False,False,False,False,False,False,False,,,,,,,
2026-07-07,00:00,40.8222467,-73.8860025,WHITTIER ST,10474,41,OTHER,Street,53.96758998636074,False,BRONX,"(40.8222467, -73.8860025)",trafficstat,False,False,False,False,False,False,False,False,False,,,,,,,
2026-07-06,00:00,40.8218637,-73.8883348,BRYANT AVE PEDESTRIAN OPAS,10459,41,UNKNOWN,Bridge,1.8662481341688724,False,BRONX,"(40.8218637, -73.8883348)",trafficstat,True,False,False,False,False,False,False,False,True,,,,,,,
2026-07-05,00:00,40.8222361,-73.887449,BRUCKNER EXPY,10459,41,UNKNOWN,Highway,14.138974994468262,False,BRONX,"(40.8222361, -73.887449)",trafficstat,False,False,False,False,False,False,False,False,False,,,,,,,
2026-07-05,00:00,40.8187987,-73.892119,BARRETTO ST,10459,41,OTHER,Street,1.9322867146521643,False,BRONX,"(40.8187987, -73.892119)",trafficstat,True,False,False,False,False,False,False,True,False,,,,,,,
2026-07-05,00:00,40.8128364,-73.8891093,BARRETTO ST,10474,41,UNKNOWN,Street,50.80611496721481,False,BRONX,"(40.8128364, -73.8891093)",trafficstat,False,False,False,False,False,False,False,False,False,,,,,,,
2026-07-05,00:00,40.824059,-73.8997993,PROSPECT AVE,10459,41,UNKNOWN,Street,1.0988183349055218,False,BRONX,"(40.824059, -73.8997993)",trafficstat,True,False,True,False,False,False,False,False,False,,,,,,,
2026-07-03,00:00,40.8244231,-73.89275,WESTCHESTER AVE,10459,41,UNKNOWN,Street,52.91059165167089,False,BRONX,"(40.8244231, -73.89275)",trafficstat,True,False,False,False,False,False,False,False,False,,,,,,,
2026-07-03,00:00,40.8167902,-73.8870752,FAILE ST,10474,41,UNKNOWN,Street,0.6130540547621844,False,BRONX,"(40.8167902, -73.8870752)",trafficstat,False,False,False,False,False,False,False,False,False,,,,,,,
2026-07-02,00:00,40.8099157,-73.8881489,BARRETTO ST,10474,41,UNKNOWN,Street,0.19666695884594987,False,BRONX,"(40.8099157, -73.8881489)",trafficstat,True,False,False,False,False,False,False,False,True,,,,,,,
2026-07-02,00:00,40.8231447,-73.890421,HOE AVE,10459,41,UNKNOWN,Street,0.005330935106842209,False,BRONX,"(40.8231447, -73.890421)",trafficstat,True,False,True,False,False,False,False,False,False,,,,,,,
2026-07-01,00:00,40.806721,-73.8716824,FOOD CENTER DR,10474,41,UNKNOWN,Street,165.37995009700234,False,BRONX,"(40.806721, -73.8716824)",trafficstat,False,False,False,False,False,False,False,False,False,,,,,,,
2026-07-01,00:00,40.8131301,-73.8942705,BARRY ST,10474,41,OTHER,Street,1.4881918157285514,False,BRONX,"(40.8131301, -73.8942705)",trafficstat,True,False,False,False,False,True,False,False,False,,,,,,,
2026-06-13,00:00,40.8131301,-73.8942705,BARRY ST,10474,41,UNKNOWN,Street,1.4881918157285514,False,BRONX,"(40.8131301, -73.8942705)",trafficstat,False,False,False,False,False,False,False,False,False,,,,,,,
2026-07-01,00:00,40.821739,-73.8989429,REV JAMES A POLITE AVE,10459,41,UNKNOWN,Street,0.49063199767902604,False,BRONX,"(40.821739, -73.8989429)",trafficstat,True,False,False,True,False,False,False,False,False,,,,,,,
2026-06-30,00:00,40.819896,-73.8900142,HUNTS POINT AVE,10474,41,UNKNOWN,Bridge,58.79454198362886,False,BRONX,"(40.819896, -73.8900142)",trafficstat,True,False,False,False,False,False,False,True,False,,,,,,,
2026-06-30,00:00,40.8181307,-73.8910001,BARRETTO ST,10474,41,UNKNOWN,Street,1.5441758223770838,False,BRONX,"(40.8181307, -73.8910001)",trafficstat,True,False,False,False,False,False,False,True,False,,,,,,,
2026-06-30,00:00,40.8066907,-73.8853946,COSTER ST,10474,41,UNKNOWN,Street,0.1934722856452471,False,BRONX,"(40.8066907, -73.8853946)",trafficstat,True,False,False,False,False,False,False,False,True,,,,,,,
2026-06-29,00:00,40.8152122,-73.8818034,SPOFFORD AVE,10474,41,UNKNOWN,Street,3.010321478597179,False,BRONX,"(40.8152122, -73.8818034)",trafficstat,True,False,False,False,False,False,False,True,False,,,,,,,
2026-06-29,00:00,40.8136771,-73.8979295,BRUCKNER BLVD,10455,41,UNKNOWN,Street,38.645839219966696,False,BRONX,"(40.8136771, -73.8979295)",trafficstat,False,False,False,False,False,False,False,False,False,,,,,,,
2026-06-14,00:00,40.8136771,-73.8979295,BRUCKNER BLVD,10455,41,UNKNOWN,Street,38.645839219966696,False,BRONX,"(40.8136771, -73.8979295)",trafficstat,True,False,False,False,False,False,False,True,False,,,,,,,
2026-06-28,00:00,40.823739,-73.896059,E  165 ST,10459,41,UNKNOWN,Street,55.391371609610964,False,BRONX,"(40.823739, -73.896059)",trafficstat,False,False,False,False,False,False,False,False,False,,,,,,,
2026-06-27,00:00,40.8194461,-73.8879275,FAILE ST,10474,41,UNKNOWN,Street,36.718392687573164,False,BRONX,"(40.8194461, -73.8879275)",trafficstat,True,False,False,False,False,False,False,False,True,,,,,,,
2026-06-27,00:00,40.8222057,-73.885357,SHERIDAN BLVD NB EXIT RAMP,10474,41,UNKNOWN,Ramp,90.13684494563674,False,BRONX,"(40.8222057, -73.885357)",trafficstat,False,False,False,False,False,False,False,False,False,,,,,,,
2026-06-21,00:00,40.8222057,-73.885357,SHERIDAN BLVD NB EXIT RAMP,10474,41,UNKNOWN,Ramp,90.13684494563674,False,BRONX,"(40.8222057, -73.885357)",trafficstat,True,False,False,False,False,False,False,True,False,,,,,,,
2026-06-26,00:00,40.8194781,-73.8998677,HEWITT PL,10459,41,OTHER,Street,0.9134807529330324,False,BRONX,"(40.8194781, -73.8998677)",trafficstat,True,False,False,False,False,False,False,True,False,,,,,,,
2026-06-24,00:00,40.8133242,-73.8898747,CASANOVA ST,10474,41,UNKNOWN,Street,35.721225353970986,False,BRONX,"(40.8133242, -73.8898747)",trafficstat,False,False,False,False,False,False,False,False,False,,,,,,,
2026-06-24,00:00,40.8109542,-73.9017376,BRUCKNER BLVD,10455,41,UNKNOWN,Street,46.85523296534653,False,BRONX,"(40.8109542, -73.9017376)",trafficstat,True,False,False,False,False,False,False,False,True,,,,,,,
2026-06-23,00:00,40.818982,-73.8914446,BRUCKNER EXPY,10474,41,UNKNOWN,Highway,9.226263710281538,False,BRONX,"(40.818982, -73.8914446)",trafficstat,False,False,False,False,False,False,False,False,False,,,,,,,
2026-06-22,00:00,40.8064258,-73.8890233,TIFFANY ST,10474,41,UNKNOWN,Street,45.46315593202828,False,BRONX,"(40.8064258, -73.8890233)",trafficstat,False,False,False,False,False,False,False,False,False,,,,,,,
2026-06-21,00:00,40.8217417,-73.9005567,PROSPECT AVE,10459,41,OTHER,Street,55.704770804296615,False,BRONX,"(40.8217417, -73.9005567)",trafficstat,True,False,True,False,False,False,False,False,False,,,,,,,
2026-06-20,00:00,40.817352,-73.883385,DRAKE ST,10474,41,UNKNOWN,Street,1.3463325808216613,False,BRONX,"(40.817352, -73.883385)",trafficstat,True,False,False,False,False,False,False,True,False,,,,,,,
2026-06-20,00:00,40.8154257,-73.8984684,FOX ST,10455,41,UNKNOWN,Street,2.0384468905678808,False,BRONX,"(40.8154257, -73.8984684)",trafficstat,True,False,False,False,False,False,False,True,False,,,,,,,
2026-06-20,00:00,40.8117065,-73.9035602,E  149 ST,10455,41,UNKNOWN,Street,19.09639840219902,False,BRONX,"(40.8117065, -73.9035602)",trafficstat,True,False,False,False,False,False,False,False,True,,,,,,,
2026-06-17,00:00,40.809663,-73.9030469,E  149 ST,10455,41,UNKNOWN,Street,6.413372659650934,False,BRONX,"(40.809663, -73.9030469)",trafficstat,True,False,False,False,False,False,False,True,False,,,,,,,
2026-06-17,00:00,40.812917,-73.8812077,RANDALL AVE,10474,41,UNKNOWN,Street,3.189065460010474,False,BRONX,"(40.812917, -73.8812077)",trafficstat,False,False,False,False,False,False,False,False,False,,,,,,,
2026-06-17,00:00,40.8075386,-73.8797941,VIELE AVE,10474,41,UNKNOWN,Street,3.0963519614803316,False,BRONX,"(40.8075386, -73.8797941)",trafficstat,True,False,False,False,False,False,False,False,False,,,,,,,
2026-06-17,00:00,40.8162742,-73.8928601,GARRISON AVE,10474,41,UNKNOWN,Street,1.9358934657696283,False,BRONX,"(40.8162742, -73.8928601)",trafficstat,True,False,False,False,False,False,False,True,False,,,,,,,
2026-06-17,00:00,40.8189608,-73.8990916,REV JAMES A POLITE AVE,10459,41,UNKNOWN,Street,52.33196903064586,False,BRONX,"(40.8189608, -73.8990916)",trafficstat,True,False,True,False,False,False,False,False,False,,,,,,,
2026-06-17,00:00,40.8210529,-73.8963867,E  163 ST,10459,41,UNKNOWN,Street,17.847226635216508,False,BRONX,"(40.8210529, -73.8963867)",trafficstat,False,False,False,False,False,False,False,False,False,,,,,,,
2026-06-16,00:00,40.8231609,-73.8889327,ALDUS ST,10459,41,UNKNOWN,Street,23.9388467118875,False,BRONX,"(40.8231609, -73.8889327)",trafficstat,False,False,False,False,False,False,False,False,False,,,,,,,