crash_date,crash_time,latitude,longitude,on_street_name,zip_code,precinct,collision_type,roadway_type,geocode_dist_feet,time_is_known,borough,location,source,injury,fatality,injured_pedestrian,injured_cyclist,injured_ebike_rider,injured_motorcyclist,injured_moped_rider,injured_car_occupant,injured_suv_occupant,number_of_persons_injured,number_of_persons_killed,contributing_factor_vehicle_1,collision_id,cross_street_name,off_street_name,vehicle_type_code1
2026-06-16,00:00,40.8088948,-73.8848044,E  BAY AVE,10474,41,OTHER,Street,52.30919947971994,False,BRONX,"(40.8088948, -73.8848044)",trafficstat,False,False,False,False,False,False,False,False,False,,,,,,,
2026-06-16,00:00,40.8200224,-73.8946284,TIFFANY ST,10459,41,UNKNOWN,Street,80.53504275858397,False,BRONX,"(40.8200224, -73.8946284)",trafficstat,False,False,False,False,False,False,False,False,False,,,,,,,
2026-06-15,00:00,40.8275727,-73.8981349,PROSPECT AVE,10459,41,OTHER,Street,54.13245704729895,False,BRONX,"(40.8275727, -73.8981349)",trafficstat,False,False,False,False,False,False,False,False,False,,,,,,,
2026-06-15,00:00,40.8222675,-73.8990357,REV JAMES A POLITE AVE,10459,41,UNKNOWN,Street,30.63839194255261,False,BRONX,"(40.8222675, -73.8990357)",trafficstat,True,False,True,False,False,False,False,False,False,,,,,,,
2026-06-15,00:00,40.8168197,-73.8898194,BARRETTO ST,10474,41,UNKNOWN,Street,36.92621506249102,False,BRONX,"(40.8168197, -73.8898194)",trafficstat,True,False,True,False,False,False,False,False,False,,,,,,,
2026-06-15,00:00,40.8127726,-73.8822015,DRAKE ST,10474,41,UNKNOWN,Street,0.6146832866440007,False,BRONX,"(40.8127726, -73.8822015)",trafficstat,False,False,False,False,False,False,False,False,False,,,,,,,
2026-06-14,00:00,40.8213325,-73.8927231,SIMPSON ST,10459,41,UNKNOWN,Street,35.726734032948244,False,BRONX,"(40.8213325, -73.8927231)",trafficstat,False,False,False,False,False,False,False,False,False,,,,,,,
2026-06-12,00:00,40.8186144,-73.896113,INTERVALE AVE,10459,41,UNKNOWN,Street,46.22698882117916,False,BRONX,"(40.8186144, -73.896113)",trafficstat,False,False,False,False,False,False,False,False,False,,,,,,,
2026-09-11,00:00,40.8233367,-73.9057332,TRINITY AVE,10456,42,OTHER,Street,0.9686433481064675,False,BRONX,"(40.8233367, -73.9057332)",trafficstat,True,False,True,False,False,False,False,False,False,,,,,,,
2026-08-31,00:00,40.8233367,-73.9057332,TRINITY AVE,10456,42,UNKNOWN,Street,0.9686433481064675,False,BRONX,"(40.8233367, -73.9057332)",trafficstat,True,False,False,False,False,False,False,True,True,,,,,,,
2026-09-11,00:00,40.8317254,-73.8981334,JENNINGS ST,10459,42,UNKNOWN,Street,37.885491669394284,False,BRONX,"(40.8317254, -73.8981334)",trafficstat,False,False,False,False,False,False,False,False,False,,,,,,,
2026-09-11,00:00,40.8327367,-73.9050297,3 AVE,10456,42,UNKNOWN,Street,1.723124610044366,False,BRONX,"(40.8327367, -73.9050297)",trafficstat,True,False,True,False,False,False,False,False,False,,,,,,,
2026-06-26,00:00,40.8327367,-73.9050297,3 AVE,10456,42,UNKNOWN,Street,1.723124610044366,False,BRONX,"(40.8327367, -73.9050297)",trafficstat,True,False,False,False,False,False,False,False,False,,,,,,,
2026-09-09,00:00,40.8310053,-73.9094877,BROOK AVE,10456,42,UNKNOWN,Street,25.783238936628244,False,BRONX,"(40.8310053, -73.9094877)",trafficstat,False,False,False,False,False,False,False,False,False,,,,,,,
2026-09-07,00:00,40.8317516,-73.898841,UNION AVE,10459,42,OTHER,Street,0.4426070072856655,False,BRONX,"(40.8317516, -73.898841)",trafficstat,False,False,False,False,False,False,False,False,False,,,,,,,
2026-09-06,00:00,40.8329981,-73.8970054,BOSTON RD,10456,42,UNKNOWN,Street,66.72843000941339,False,BRONX,"(40.8329981, -73.8970054)",trafficstat,True,False,False,False,False,False,False,False,False,,,,,,,
2026-09-06,00:00,40.83543,-73.89514,CROTONA PARK E,10460,42,OTHER,Street,1.8914166617748727,False,BRONX,"(40.83543, -73.89514)",trafficstat,False,False,False,False,False,False,False,False,False,,,,,,,
2026-09-05,00:00,40.8368128,-73.9020428,3 AVE,10456,42,OTHER,Street,48.63661394638483,False,BRONX,"(40.8368128, -73.9020428)",trafficstat,True,False,False,False,True,False,False,False,False,,,,,,,
2026-09-05,00:00,40.8360967,-73.9025952,3 AVE,10456,42,OTHER,Street,48.38100099863065,False,BRONX,"(40.8360967, -73.9025952)",trafficstat,True,False,False,True,False,False,False,False,False,,,,,,,
2026-09-05,00:00,40.8361267,-73.8898612,E  173 ST,10460,42,UNKNOWN,Street,2.7159057580113988,False,BRONX,"(40.8361267, -73.8898612)",trafficstat,False,False,False,False,False,False,False,False,False,,,,,,,
2026-06-14,00:00,40.8361267,-73.8898612,E  173 ST,10460,42,UNKNOWN,Street,2.7159057580113988,False,BRONX,"(40.8361267, -73.8898612)",trafficstat,True,False,False,True,False,False,False,False,False,,,,,,,
2026-09-05,00:00,40.8324029,-73.8907166,SOUTHERN BLVD,10459,42,UNKNOWN,Street,1.7209705189471378,False,BRONX,"(40.8324029, -73.8907166)",trafficstat,True,False,False,False,False,False,False,True,False,,,,,,,
2026-07-20,00:00,40.8324029,-73.8907166,SOUTHERN BLVD,10459,42,UNKNOWN,Street,1.7209705189471378,False,BRONX,"(40.8324029, -73.8907166)",trafficstat,False,False,False,False,False,False,False,False,False,,,,,,,
2026-09-05,00:00,40.822056,-73.9010467,E  163 ST,10459,42,UNKNOWN,Street,57.530585934329046,False,BRONX,"(40.822056, -73.9010467)",trafficstat,False,False,False,False,False,False,False,False,False,,,,,,,
2026-09-04,00:00,40.8238984,-73.9015398,UNION AVE,10459,42,OTHER,Street,40.70733455430153,False,BRONX,"(40.8238984, -73.9015398)",trafficstat,True,False,True,False,False,False,False,False,False,,,,,,,
2026-09-03,00:00,40.826256,-73.90165,TINTON AVE,10456,42,UNKNOWN,Street,1.1215858671797452,False,BRONX,"(40.826256, -73.90165)",trafficstat,False,False,False,False,False,False,False,False,False,,,,,,,
2026-09-03,00:00,40.8308942,-73.899616,E  169 ST,10456,42,UNKNOWN,Street,43.34886669446173,False,BRONX,"(40.8308942, -73.899616)",trafficstat,True,False,False,True,False,False,False,False,False,,,,,,,
2026-09-03,00:00,40.8312204,-73.888499,BRYANT AVE,10459,42,OTHER,Street,61.44564704808043,False,BRONX,"(40.8312204, -73.888499)",trafficstat,True,False,False,False,False,False,False,True,False,,,,,,,
2026-09-03,00:00,40.8367707,-73.8859644,VYSE AVE,10460,42,UNKNOWN,Street,1.3216868113530822,False,BRONX,"(40.8367707, -73.8859644)",trafficstat,True,False,True,False,False,False,False,False,False,,,,,,,
2026-08-07,00:00,40.8367707,-73.8859644,VYSE AVE,10460,42,UNKNOWN,Street,1.3216868113530822,False,BRONX,"(40.8367707, -73.8859644)",trafficstat,False,False,False,False,False,False,False,False,False,,,,,,,
2026-09-02,00:00,40.839769,-73.9053847,WEBSTER AVE,10456,42,OTHER,Street,1.054197273268541,False,BRONX,"(40.839769, -73.9053847)",trafficstat,True,False,False,True,False,False,False,False,False,,,,,,,
2026-08-23,00:00,40.839769,-73.9053847,WEBSTER AVE,10456,42,UNKNOWN,Street,1.054197273268541,False,BRONX,"(40.839769, -73.9053847)",trafficstat,True,False,False,False,False,False,False,True,False,,,,,,,
2026-09-02,00:00,40.8327335,-73.898012,BOSTON RD,10456,42,UNKNOWN,Street,2.6723611538713614,False,BRONX,"(40.8327335, -73.898012)",trafficstat,True,False,False,False,True,False,False,False,True,,,,,,,
2026-06-25,00:00,40.8327335,-73.898012,BOSTON RD,10456,42,UNKNOWN,Street,2.6723611538713614,False,BRONX,"(40.8327335, -73.898012)",trafficstat,False,False,False,False,False,False,False,False,False,,,,,,,
2026-09-02,00:00,40.8273544,-73.9102339,E  165 ST,10456,42,UNKNOWN,Street,18.214086906996126,False,BRONX,"(40.8273544, -73.9102339)",trafficstat,True,False,False,True,False,False,False,False,False,,,,,,,
2026-07-25,00:00,40.8273544,-73.9102339,E  165 ST,10456,42,UNKNOWN,Street,18.214086906996126,False,BRONX,"(40.8273544, -73.9102339)",trafficstat,True,False,False,False,False,False,False,True,False,,,,,,,
2026-09-02,00:00,40.8220844,-73.9076546,E  161 ST,10456,42,UNKNOWN,Street,26.811913039184134,False,BRONX,"(40.8220844, -73.9076546)",trafficstat,False,False,False,False,False,False,False,False,False,,,,,,,
2026-09-01,00:00,40.8253149,-73.9082127,3 AVE,10456,42,OTHER,Street,0.7787796922409963,False,BRONX,"(40.8253149, -73.9082127)",trafficstat,False,False,False,False,False,False,False,False,False,,,,,,,
2026-09-01,00:00,40.8278594,-73.9120321,MELROSE AVE,10451,42,OTHER,Street,1.289502720243372,False,BRONX,"(40.8278594, -73.9120321)",trafficstat,False,False,False,False,False,False,False,False,False,,,,,,,
2026-08-31,00:00,40.82419,-73.91384,MELROSE AVE,10451,42,UNKNOWN,Street,1.1878662575462506,False,BRONX,"(40.82419, -73.91384)",trafficstat,True,False,False,False,False,False,False,False,True,,,,,,,
2026-07-07,00:00,40.82419,-73.91384,MELROSE AVE,10451,42,UNKNOWN,Street,1.1878662575462506,False,BRONX,"(40.82419, -73.91384)",trafficstat,True,False,True,False,False,False,False,False,False,,,,,,,
2026-08-31,00:00,40.8355002,-73.901224,CROTONA PARK S,10456,42,OTHER,Street,0.4892347418149273,False,BRONX,"(40.8355002, -73.901224)",trafficstat,True,False,False,True,False,False,False,False,False,,,,,,,
2026-08-31,00:00,40.8313004,-73.9007316,E  169 ST,10456,42,OTHER,Street,2.3468732622792157,False,BRONX,"(40.8313004, -73.9007316)",trafficstat,False,False,False,False,False,False,False,False,False,,,,,,,
2026-07-18,00:00,40.8313004,-73.9007316,E  169 ST,10456,42,OTHER,Street,2.3468732622792157,False,BRONX,"(40.8313004, -73.9007316)",trafficstat,True,False,True,False,False,False,False,False,False,,,,,,,
2026-08-31,00:00,40.8415236,-73.9010778,WASHINGTON AVE,10457,42,OTHER,Street,22.467338924698417,False,BRONX,"(40.8415236, -73.9010778)",trafficstat,False,False,False,False,False,False,False,False,False,,,,,,,
2026-08-30,00:00,40.8314238,-73.8931589,INTERVALE AVE,10459,42,OTHER,Street,50.211726717869105,False,BRONX,"(40.8314238, -73.8931589)",trafficstat,False,False,False,False,False,False,False,False,False,,,,,,,
2026-08-30,00:00,40.8255734,-73.9082612,3 AVE,10456,42,OTHER,Street,40.05183979748992,False,BRONX,"(40.8255734, -73.9082612)",trafficstat,False,False,False,False,False,False,False,False,False,,,,,,,
2026-08-30,00:00,40.8274855,-73.9068743,FRANKLIN AVE,10456,42,OTHER,Street,31.85430204430478,False,BRONX,"(40.8274855, -73.9068743)",trafficstat,False,False,False,False,False,False,False,False,False,,,,,,,
2026-08-29,00:00,40.8243489,-73.9135777,MELROSE AVE,10451,42,UNKNOWN,Street,46.80864733899964,False,BRONX,"(40.8243489, -73.9135777)",trafficstat,True,False,False,False,False,False,False,False,True,,,,,,,
2026-08-29,00:00,40.8245473,-73.9125588,E  162 ST,10451,42,UNKNOWN,Street,18.249726192944365,False,BRONX,"(40.8245473, -73.9125588)",trafficstat,False,False,False,False,False,False,False,False,False,,,,,,,
2026-08-29,00:00,40.8318775,-73.8922617,LOUIS NINE BLVD,10459,42,UNKNOWN,Street,58.2307801352791,False,BRONX,"(40.8318775, -73.8922617)",trafficstat,True,False,False,False,False,False,False,True,False,,,,,,,
2026-08-29,00:00,40.8358843,-73.8833965,BOONE AVE,10460,42,UNKNOWN,Street,1.3385197825870965,False,BRONX,"(40.8358843, -73.8833965)",trafficstat,False,False,False,False,False,False,False,False,False,,,,,,,
2026-08-28,00:00,40.8392777,-73.8843518,E  176 ST,10460,42,UNKNOWN,Street,1.86158559912203,False,BRONX,"(40.8392777, -73.8843518)",trafficstat,True,False,False,False,False,False,False,True,True,,,,,,,
2026-07-23,00:00,40.8392777,-73.8843518,E  176 ST,10460,42,UNKNOWN,Street,1.86158559912203,False,BRONX,"(40.8392777, -73.8843518)",trafficstat,False,False,False,False,False,False,False,False,False,,,,,,,
2026-08-28,00:00,40.8248057,-73.9135104,MELROSE AVE,10451,42,OTHER,Street,1.7417624091871493,False,BRONX,"(40.8248057, -73.9135104)",trafficstat,True,False,False,True,False,False,False,False,False,,,,,,,
2026-07-31,00:00,40.8248057,-73.9135104,MELROSE AVE,10451,42,OTHER,Street,1.7417624091871493,False,BRONX,"(40.8248057, -73.9135104)",trafficstat,True,False,False,False,False,False,False,True,False,,,,,,,
2026-08-27,00:00,40.8331975,-73.8951239,BRISTOW ST,10459,42,OTHER,Street,0.21723825743836764,False,BRONX,"(40.8331975, -73.8951239)",trafficstat,False,False,False,False,False,False,False,False,False,,,,,,,
2026-08-26,00:00,40.8239297,-73.9172336,E  159 ST,10451,42,UNKNOWN,Street,47.44331768130549,False,BRONX,"(40.8239297, -73.9172336)",trafficstat,True,False,True,False,False,False,False,False,False,,,,,,,
2026-08-26,00:00,40.8384471,-73.88262,CROSS BRONX EXPY,10460,42,UNKNOWN,Highway,3.718792823205546,False,BRONX,"(40.8384471, -73.88262)",trafficstat,False,False,False,False,False,False,False,False,False,,,,,,,
2026-08-25,00:00,40.8409641,-73.9016425,WASHINGTON AVE,10457,42,OTHER,Street,41.38098256742505,False,BRONX,"(40.8409641, -73.9016425)",trafficstat,False,False,False,False,False,False,False,False,False,,,,,,,
2026-08-25,00:00,40.8241713,-73.9163869,E  160 ST,10451,42,OTHER,Street,34.0820177208321,False,BRONX,"(40.8241713, -73.9163869)",trafficstat,False,False,False,False,False,False,False,False,False,,,,,,,
2026-08-25,00:00,40.8227142,-73.9031399,TINTON AVE,10456,42,OTHER,Street,1.2374297639679888,False,BRONX,"(40.8227142, -73.9031399)",trafficstat,True,False,False,False,True,False,False,False,False,,,,,,,
2026-08-25,00:00,40.8287203,-73.9034679,BOSTON RD,10456,42,UNKNOWN,Street,44.1615986825364,False,BRONX,"(40.8287203, -73.9034679)",trafficstat,False,False,False,False,False,False,False,False,False,,,,,,,
2026-08-24,00:00,40.8317263,-73.8913428,SOUTHERN BLVD,10459,42,UNKNOWN,Street,57.586951004784474,False,BRONX,"(40.8317263, -73.8913428)",trafficstat,True,False,False,False,False,False,False,False,False,,,,,,,
2026-08-24,00:00,40.8340571,-73.8897273,SOUTHERN BLVD,10460,42,UNKNOWN,Street,1.764496179773159,False,BRONX,"(40.8340571, -73.8897273)",trafficstat,True,False,False,False,False,False,True,False,True,,,,,,,
2026-07-10,00:00,40.8340571,-73.8897273,SOUTHERN BLVD,10460,42,UNKNOWN,Street,1.764496179773159,False,BRONX,"(40.8340571, -73.8897273)",trafficstat,True,False,False,False,False,False,False,True,False,,,,,,,
2026-08-23,00:00,40.8226183,-73.9107161,BROOK AVE,10451,42,OTHER,Street,50.35842100652045,False,BRONX,"(40.8226183, -73.9107161)",trafficstat,False,False,False,False,False,False,False,False,False,,,,,,,
2026-08-22,00:00,40.8323448,-73.9044514,E  169 ST,10456,42,UNKNOWN,Street,70.88559392675705,False,BRONX,"(40.8323448, -73.9044514)",trafficstat,True,False,False,False,False,False,False,True,False,,,,,,,
2026-08-22,00:00,40.8433646,-73.8968992,FULTON AVE,10457,42,UNKNOWN,Street,35.693717761333616,False,BRONX,"(40.8433646, -73.8968992)",trafficstat,False,False,False,False,False,False,False,False,False,,,,,,,
2026-08-21,00:00,40.8385658,-73.8854177,BOSTON RD,10460,42,OTHER,Street,57.05322297329385,False,BRONX,"(40.8385658, -73.8854177)",trafficstat,False,False,False,False,False,False,False,False,False,,,,,,,
2026-08-21,00:00,40.8305972,-73.8853354,JENNINGS ST,10459,42,UNKNOWN,Street,2.8397328896572205,False,BRONX,"(40.8305972, -73.8853354)",trafficstat,True,False,False,False,False,False,False,True,False,,,,,,,
2026-08-21,00:00,40.8242626,-73.9098954,ELTON AVE,10451,42,UNKNOWN,Street,66.16882760431338,False,BRONX,"(40.8242626, -73.9098954)",trafficstat,False,False,False,False,False,False,False,False,False,,,,,,,
2026-08-21,00:00,40.8244074,-73.9092376,E  163 ST,10451,42,OTHER,Street,53.45805306352618,False,BRONX,"(40.8244074, -73.9092376)",trafficstat,False,False,False,False,False,False,False,False,False,,,,,,,
2026-08-21,00:00,40.8282246,-73.9086062,WASHINGTON AVE,10456,42,UNKNOWN,Street,1.1431691385729401,False,BRONX,"(40.8282246, -73.9086062)",trafficstat,False,False,False,False,False,False,False,False,False,,,,,,,
2026-08-20,00:00,40.8252602,-73.9100853,WASHINGTON AVE,10456,42,UNKNOWN,Street,41.37168808811766,False,BRONX,"(40.8252602, -73.9100853)",trafficstat,False,False,False,False,False,False,False,False,False,,,,,,,
2026-08-20,00:00,40.82699,-73.9092872,WASHINGTON AVE,10456,42,UNKNOWN,Street,1.1841501268877974,False,BRONX,"(40.82699, -73.9092872)",trafficstat,False,False,False,False,False,False,False,False,False,,,,,,,
2026-08-20,00:00,40.8255653,-73.9068981,E  165 ST,10456,42,UNKNOWN,Street,75.38376445268364,False,BRONX,"(40.8255653, -73.9068981)",trafficstat,False,False,False,False,False,False,False,False,False,,,,,,,
2026-08-20,00:00,40.8360277,-73.8896626,MINFORD PL,10460,42,UNKNOWN,Street,1.7726100104314373,False,BRONX,"(40.8360277, -73.8896626)",trafficstat,True,False,True,False,False,False,False,False,False,,,,,,,
2026-08-19,00:00,40.837443,-73.9038705,WASHINGTON AVE,10456,42,OTHER,Street,105.37024876780828,False,BRONX,"(40.837443, -73.9038705)",trafficstat,False,False,False,False,False,False,False,False,False,,,,,,,
2026-08-19,00:00,40.8331515,-73.8870944,BRYANT AVE,10460,42,UNKNOWN,Street,1.7297557905711527,False,BRONX,"(40.8331515, -73.8870944)",trafficstat,False,False,False,False,False,False,False,False,False,,,,,,,
2026-08-16,00:00,40.8269757,-73.911964,BROOK AVE,10451,42,OTHER,Street,57.846907126032605,False,BRONX,"(40.8269757, -73.911964)",trafficstat,False,False,False,False,False,False,False,False,False,,,,,,,
2026-08-15,00:00,40.8272774,-73.9049074,BOSTON RD,10456,42,UNKNOWN,Street,2.479248594972538,False,BRONX,"(40.8272774, -73.9049074)",trafficstat,True,False,False,True,False,False,False,False,False,,,,,,,
2026-08-11,00:00,40.8272774,-73.9049074,BOSTON RD,10456,42,UNKNOWN,Street,2.479248594972538,False,BRONX,"(40.8272774, -73.9049074)",trafficstat,True,False,False,False,False,False,False,True,False,,,,,,,
2026-08-15,00:00,40.837066,-73.8886005,BOSTON RD,10460,42,UNKNOWN,Street,54.45635853111673,False,BRONX,"(40.837066, -73.8886005)",trafficstat,True,False,False,False,False,False,False,False,True,,,,,,,
2026-08-14,00:00,40.8373708,-73.8877667,SOUTHERN BLVD,10460,42,UNKNOWN,Street,1.07358563543778,False,BRONX,"(40.8373708, -73.8877667)",trafficstat,True,False,False,True,False,False,False,False,False,,,,,,,
2026-07-26,00:00,40.8373708,-73.8877667,SOUTHERN BLVD,10460,42,UNKNOWN,Street,1.07358563543778,False,BRONX,"(40.8373708, -73.8877667)",trafficstat,False,False,False,False,False,False,False,False,False,,,,,,,
2026-07-19,00:00,40.8373708,-73.8877667,SOUTHERN BLVD,10460,42,UNKNOWN,Street,1.07358563543778,False,BRONX,"(40.8373708, -73.8877667)",trafficstat,True,False,False,False,False,False,False,False,False,,,,,,,
2026-08-14,00:00,40.8349175,-73.8941238,BOSTON RD,10460,42,UNKNOWN,Street,2.088610851769843,False,BRONX,"(40.8349175, -73.8941238)",trafficstat,False,False,False,False,False,False,False,False,False,,,,,,,
2026-07-11,00:00,40.8349175,-73.8941238,BOSTON RD,10460,42,UNKNOWN,Street,2.088610851769843,False,BRONX,"(40.8349175, -73.8941238)",trafficstat,False,False,False,False,False,False,False,False,False,,,,,,,
2026-08-12,00:00,40.8304113,-73.8935389,FREEMAN ST,10459,42,UNKNOWN,Street,62.33364247426609,False,BRONX,"(40.8304113, -73.8935389)",trafficstat,False,False,False,False,False,False,False,False,False,,,,,,,
2026-08-12,00:00,40.8382,-73.90118,3 AVE,10457,42,UNKNOWN,Street,0.27189138449223565,False,BRONX,"(40.8382, -73.90118)",trafficstat,True,False,False,False,False,True,False,False,True,,,,,,,
2026-06-16,00:00,40.8382,-73.90118,3 AVE,10457,42,UNKNOWN,Street,0.27189138449223565,False,BRONX,"(40.8382, -73.90118)",trafficstat,True,False,False,False,False,False,True,False,False,,,,,,,
2026-08-11,00:00,40.8426538,-73.9022976,E  173 ST,10457,42,UNKNOWN,Street,3.2484279142526726,False,BRONX,"(40.8426538, -73.9022976)",trafficstat,True,False,False,False,True,False,False,False,False,,,,,,,
2026-06-23,00:00,40.8426538,-73.9022976,E  173 ST,10457,42,UNKNOWN,Street,3.2484279142526726,False,BRONX,"(40.8426538, -73.9022976)",trafficstat,False,False,False,False,False,False,False,False,False,,,,,,,
2026-08-11,00:00,40.833447,-73.88795,VYSE AVE,10460,42,UNKNOWN,Street,1.020295492957092,False,BRONX,"(40.833447, -73.88795)",trafficstat,False,False,False,False,False,False,False,False,False,,,,,,,
2026-08-11,00:00,40.8381982,-73.9011766,3 AVE,10457,42,OTHER,Street,1.4151710154840598,False,BRONX,"(40.8381982, -73.9011766)",trafficstat,True,False,False,False,False,True,False,False,False,,,,,,,
2026-07-19,00:00,40.8381982,-73.9011766,3 AVE,10457,42,UNKNOWN,Street,1.4151710154840598,False,BRONX,"(40.8381982, -73.9011766)",trafficstat,False,False,False,False,False,False,False,False,False,,,,,,,
2026-08-11,00:00,40.8258107,-73.9070305,E  165 ST,10456,42,UNKNOWN,Street,2.2114187568023618,False,BRONX,"(40.8258107, -73.9070305)",trafficstat,True,False,True,False,False,False,False,False,False,,,,,,,
2026-08-11,00:00,40.8233778,-73.9091114,3 AVE,10451,42,UNKNOWN,Street,1.4165001794186283,False,BRONX,"(40.8233778, -73.9091114)",trafficstat,False,False,False,False,False,False,False,False,False,,,,,,,
2026-08-10,00:00,40.8278892,-73.8982037,PROSPECT AVE,10459,42,OTHER,Street,1.4889011131188836,False,BRONX,"(40.8278892, -73.8982037)",trafficstat,True,False,False,True,True,False,False,False,False,,,,,,,
2026-08-10,00:00,40.8318611,-73.9064167,WASHINGTON AVE,10456,42,UNKNOWN,Street,41.704323974642755,False,BRONX,"(40.8318611, -73.9064167)",trafficstat,True,False,False,False,False,False,False,True,False,,,,,,,
2026-08-10,00:00,40.8357236,-73.9057843,PARK AVE,10456,42,UNKNOWN,Street,1.583506383146144,False,BRONX,"(40.8357236, -73.9057843)",trafficstat,False,False,False,False,False,False,False,False,False,,,,,,,
2026-08-09,00:00,40.8332068,-73.886919,E  172 ST,10460,42,UNKNOWN,Street,35.895111587494426,False,BRONX,"(40.8332068, -73.886919)",trafficstat,False,False,False,False,False,False,False,False,False,,,,,,,
2026-07-23,00:00,40.8332068,-73.886919,E  172 ST,10460,42,UNKNOWN,Street,35.895111587494426,False,BRONX,"(40.8332068, -73.886919)",trafficstat,False,False,False,False,False,False,False,False,False,,,,,,,
2026-08-09,00:00,40.82277,-73.9115,WASHINGTON AVE,10451,42,UNKNOWN,Street,0.2255588366575375,False,BRONX,"(40.82277, -73.9115)",trafficstat,False,False,False,False,False,False,False,False,False,,,,,,,
2026-08-08,00:00,40.8322167,-73.9034332,FULTON AVE,10456,42,UNKNOWN,Street,2.0792770824446567,False,BRONX,"(40.8322167, -73.9034332)",trafficstat,True,False,False,False,False,False,False,False,True,,,,,,,
2026-08-07,00:00,40.824059,-73.8997993,PROSPECT AVE,10459,42,OTHER,Street,1.0988183349055218,False,BRONX,"(40.824059, -73.8997993)",trafficstat,True,False,True,False,False,False,False,False,False,,,,,,,
2026-08-05,00:00,40.8439973,-73.8975176,3 AVE,10457,42,UNKNOWN,Street,1.5331534533091022,False,BRONX,"(40.8439973, -73.8975176)",trafficstat,True,False,False,False,False,False,False,True,False,,,,,,,
2026-08-04,00:00,40.8346868,-73.8959745,CROTONA PARK E,10460,42,OTHER,Street,33.09519534442604,False,BRONX,"(40.8346868, -73.8959745)",trafficstat,False,False,False,False,False,False,False,False,False,,,,,,,
2026-08-04,00:00,40.8330504,-73.9059182,WASHINGTON AVE,10456,42,OTHER,Street,1.2478095770231643,False,BRONX,"(40.8330504, -73.9059182)",trafficstat,True,False,True,False,False,False,False,False,False,,,,,,,
2026-08-03,00:00,40.8362042,-73.8847158,E  174 ST,10460,42,UNKNOWN,Street,47.57208245566868,False,BRONX,"(40.8362042, -73.8847158)",trafficstat,True,False,True,False,False,False,False,False,False,,,,,,,
2026-08-03,00:00,40.8281636,-73.9041039,BOSTON RD,10456,42,UNKNOWN,Street,42.592298032533584,False,BRONX,"(40.8281636, -73.9041039)",trafficstat,False,False,False,False,False,False,False,False,False,,,,,,,
2026-08-03,00:00,40.8224415,-73.9019877,UNION AVE,10459,42,UNKNOWN,Street,1.094642959770982,False,BRONX,"(40.8224415, -73.9019877)",trafficstat,True,False,True,False,False,False,False,False,False,,,,,,,
2026-08-02,00:00,40.8235537,-73.9088116,3 AVE,10451,42,UNKNOWN,Street,51.29723292586027,False,BRONX,"(40.8235537, -73.9088116)",trafficstat,True,False,True,False,False,False,False,False,False,,,,,,,
2026-08-02,00:00,40.829138,-73.9113909,WEBSTER AVE,10456,42,UNKNOWN,Street,1.4241801774299452,False,BRONX,"(40.829138, -73.9113909)",trafficstat,True,False,False,True,False,False,False,False,False,,,,,,,
2026-08-02,00:00,40.8336454,-73.8855628,LONGFELLOW AVE,10460,42,UNKNOWN,Street,53.821180820468975,False,BRONX,"(40.8336454, -73.8855628)",trafficstat,True,False,False,False,False,False,False,False,True,,,,,,,
2026-08-02,00:00,40.8361948,-73.8877164,HOE AVE,10460,42,UNKNOWN,Street,93.46834651534537,False,BRONX,"(40.8361948, -73.8877164)",trafficstat,False,False,False,False,False,False,False,False,False,,,,,,,
2026-08-02,00:00,40.8342976,-73.9080431,WEBSTER AVE,10456,42,OTHER,Street,115.09226293213307,False,BRONX,"(40.8342976, -73.9080431)",trafficstat,False,False,False,False,False,False,False,False,False,,,,,,,
2026-07-30,00:00,40.8338612,-73.900267,FRANKLIN AVE,10456,42,UNKNOWN,Street,35.13066278633681,False,BRONX,"(40.8338612, -73.900267)",trafficstat,False,False,False,False,False,False,False,False,False,,,,,,,
2026-07-29,00:00,40.832334,-73.8847289,W  FARMS RD,10460,42,UNKNOWN,Street,2.1102106446836375,False,BRONX,"(40.832334, -73.8847289)",trafficstat,True,False,False,False,False,False,False,True,False,,,,,,,
2026-06-27,00:00,40.832334,-73.8847289,W  FARMS RD,10460,42,UNKNOWN,Street,2.1102106446836375,False,BRONX,"(40.832334, -73.8847289)",trafficstat,True,False,False,False,False,False,False,False,True,,,,,,,
2026-07-29,00:00,40.8300886,-73.9076538,WASHINGTON AVE,10456,42,UNKNOWN,Street,19.419671225957302,False,BRONX,"(40.8300886, -73.9076538)",trafficstat,True,False,True,False,False,False,False,False,False,,,,,,,
2026-07-29,00:00,40.8420678,-73.8974917,FULTON AVE,10457,42,UNKNOWN,Street,1.2551509053026355,False,BRONX,"(40.8420678, -73.8974917)",trafficstat,False,False,False,False,False,False,False,False,False,,,,,,,
2026-07-28,00:00,40.8440571,-73.9016902,PARK AVE,10457,42,UNKNOWN,Street,33.91227234559271,False,BRONX,"(40.8440571, -73.9016902)",trafficstat,False,False,False,False,False,False,False,False,False,,,,,,,