crash_date,crash_time,latitude,longitude,on_street_name,zip_code,precinct,collision_type,roadway_type,geocode_dist_feet,time_is_known,borough,location,source,injury,fatality,injured_pedestrian,injured_cyclist,injured_ebike_rider,injured_motorcyclist,injured_moped_rider,injured_car_occupant,injured_suv_occupant,number_of_persons_injured,number_of_persons_killed,contributing_factor_vehicle_1,collision_id,cross_street_name,off_street_name,vehicle_type_code1
2026-07-28,00:00,40.8324,-73.89072,SOUTHERN BLVD,10459,42,UNKNOWN,Street,1.2854194511094625,False,BRONX,"(40.8324, -73.89072)",trafficstat,False,False,False,False,False,False,False,False,False,,,,,,,
2026-07-27,00:00,40.8313851,-73.9068384,WASHINGTON AVE,10456,42,UNKNOWN,Street,1.2225638833966739,False,BRONX,"(40.8313851, -73.9068384)",trafficstat,False,False,False,False,False,False,False,False,False,,,,,,,
2026-07-27,00:00,40.8437977,-73.9015044,PARK AVE,10457,42,UNKNOWN,Street,50.50237883016426,False,BRONX,"(40.8437977, -73.9015044)",trafficstat,False,False,False,False,False,False,False,False,False,,,,,,,
2026-07-27,00:00,40.8370277,-73.890129,CROTONA PARK E,10460,42,OTHER,Street,40.850870007272285,False,BRONX,"(40.8370277, -73.890129)",trafficstat,True,False,False,True,False,False,False,False,False,,,,,,,
2026-07-26,00:00,40.8272615,-73.9045438,BOSTON RD,10456,42,UNKNOWN,Street,82.1293142515038,False,BRONX,"(40.8272615, -73.9045438)",trafficstat,True,False,False,False,False,False,False,True,False,,,,,,,
2026-07-24,00:00,40.8287632,-73.8963956,REV JAMES A POLITE AVE,10459,42,OTHER,Street,1.9112731084989774,False,BRONX,"(40.8287632, -73.8963956)",trafficstat,True,False,False,False,False,False,False,False,True,,,,,,,
2026-07-24,00:00,40.8371724,-73.901966,E  171 ST,10457,42,UNKNOWN,Street,1.9233089675223762,False,BRONX,"(40.8371724, -73.901966)",trafficstat,False,False,False,False,False,False,False,False,False,,,,,,,
2026-06-25,00:00,40.8371724,-73.901966,E  171 ST,10457,42,UNKNOWN,Street,1.9233089675223762,False,BRONX,"(40.8371724, -73.901966)",trafficstat,True,False,True,False,False,False,False,False,False,,,,,,,
2026-07-24,00:00,40.83928,-73.8865998,SOUTHERN BLVD,10460,42,UNKNOWN,Street,0.9960093417304136,False,BRONX,"(40.83928, -73.8865998)",trafficstat,True,False,False,True,False,False,False,False,False,,,,,,,
2026-07-13,00:00,40.83928,-73.8865998,SOUTHERN BLVD,10460,42,OTHER,Street,0.9960093417304136,False,BRONX,"(40.83928, -73.8865998)",trafficstat,True,False,False,True,False,False,False,False,False,,,,,,,
2026-07-23,00:00,40.8315028,-73.8966043,PROSPECT AVE,10459,42,OTHER,Street,53.015344829982254,False,BRONX,"(40.8315028, -73.8966043)",trafficstat,True,False,True,False,False,False,False,False,False,,,,,,,
2026-07-21,00:00,40.8308091,-73.9061286,3 AVE,10456,42,UNKNOWN,Street,44.491027770180125,False,BRONX,"(40.8308091, -73.9061286)",trafficstat,True,False,False,False,True,False,False,False,False,,,,,,,
2026-07-21,00:00,40.8388747,-73.9026465,WASHINGTON AVE,10457,42,OTHER,Street,1.5871673370994297,False,BRONX,"(40.8388747, -73.9026465)",trafficstat,True,False,False,False,False,False,False,False,False,,,,,,,
2026-07-11,00:00,40.8388747,-73.9026465,WASHINGTON AVE,10457,42,UNKNOWN,Street,1.5871673370994297,False,BRONX,"(40.8388747, -73.9026465)",trafficstat,True,False,False,False,False,False,False,False,True,,,,,,,
2026-07-20,00:00,40.8234215,-73.9110482,E  161 ST,10451,42,OTHER,Street,18.167810778544084,False,BRONX,"(40.8234215, -73.9110482)",trafficstat,False,False,False,False,False,False,False,False,False,,,,,,,
2026-07-18,00:00,40.8261028,-73.8991736,PROSPECT AVE,10459,42,UNKNOWN,Street,58.50450125672603,False,BRONX,"(40.8261028, -73.8991736)",trafficstat,False,False,False,False,False,False,False,False,False,,,,,,,
2026-07-17,00:00,40.8285333,-73.9034602,BOSTON RD,10456,42,UNKNOWN,Street,2.2346667318562674,False,BRONX,"(40.8285333, -73.9034602)",trafficstat,True,False,False,True,False,False,False,False,False,,,,,,,
2026-07-17,00:00,40.8229428,-73.9145064,MELROSE AVE,10451,42,UNKNOWN,Street,1.1020271327847917,False,BRONX,"(40.8229428, -73.9145064)",trafficstat,True,False,False,False,False,False,False,False,False,,,,,,,
2026-07-17,00:00,40.8328497,-73.8949259,BRISTOW ST,10459,42,UNKNOWN,Street,37.84979832796012,False,BRONX,"(40.8328497, -73.8949259)",trafficstat,True,False,True,False,False,False,False,False,False,,,,,,,
2026-07-17,00:00,40.834211,-73.8843932,BOONE AVE,10460,42,OTHER,Street,1.9518094955770195,False,BRONX,"(40.834211, -73.8843932)",trafficstat,True,False,True,False,False,False,False,False,False,,,,,,,
2026-07-17,00:00,40.8398967,-73.8987934,FULTON AVE,10457,42,UNKNOWN,Street,19.40581181845663,False,BRONX,"(40.8398967, -73.8987934)",trafficstat,False,False,False,False,False,False,False,False,False,,,,,,,
2026-07-16,00:00,40.8409686,-73.8991739,3 AVE,10457,42,UNKNOWN,Street,1.838561456654521,False,BRONX,"(40.8409686, -73.8991739)",trafficstat,True,False,False,False,False,False,False,False,False,,,,,,,
2026-07-16,00:00,40.8335444,-73.8963015,PROSPECT AVE,10459,42,UNKNOWN,Street,1.1285536557384233,False,BRONX,"(40.8335444, -73.8963015)",trafficstat,True,False,True,False,False,False,False,False,False,,,,,,,
2026-07-04,00:00,40.8335444,-73.8963015,PROSPECT AVE,10459,42,UNKNOWN,Street,1.1285536557384233,False,BRONX,"(40.8335444, -73.8963015)",trafficstat,False,False,False,False,False,False,False,False,False,,,,,,,
2026-07-16,00:00,40.835271,-73.8887799,SOUTHERN BLVD,10460,42,UNKNOWN,Street,58.06060376031043,False,BRONX,"(40.835271, -73.8887799)",trafficstat,False,False,False,False,False,False,False,False,False,,,,,,,
2026-07-16,00:00,40.8315413,-73.9007131,CLINTON AVE,10456,42,UNKNOWN,Street,33.27588634007903,False,BRONX,"(40.8315413, -73.9007131)",trafficstat,False,False,False,False,False,False,False,False,False,,,,,,,
2026-07-15,00:00,40.8221082,-73.9006116,PROSPECT AVE,10459,42,OTHER,Street,1.25347170451577,False,BRONX,"(40.8221082, -73.9006116)",trafficstat,True,False,False,True,False,False,False,False,False,,,,,,,
2026-06-21,00:00,40.8221082,-73.9006116,PROSPECT AVE,10459,42,UNKNOWN,Street,1.25347170451577,False,BRONX,"(40.8221082, -73.9006116)",trafficstat,True,False,False,False,False,False,False,True,False,,,,,,,
2026-07-15,00:00,40.8382942,-73.8862328,HOE AVE,10460,42,OTHER,Street,0.9560277460935567,False,BRONX,"(40.8382942, -73.8862328)",trafficstat,True,False,False,False,False,False,False,False,True,,,,,,,
2026-06-25,00:00,40.8382942,-73.8862328,HOE AVE,10460,42,UNKNOWN,Street,0.9560277460935567,False,BRONX,"(40.8382942, -73.8862328)",trafficstat,True,False,False,True,False,False,False,False,False,,,,,,,
2026-07-14,00:00,40.8334301,-73.907074,PARK AVE,10456,42,UNKNOWN,Street,1.937298039862937,False,BRONX,"(40.8334301, -73.907074)",trafficstat,True,False,False,False,False,False,True,False,False,,,,,,,
2026-07-13,00:00,40.8306836,-73.9006999,BOSTON RD,10456,42,OTHER,Street,58.55039032186381,False,BRONX,"(40.8306836, -73.9006999)",trafficstat,False,False,False,False,False,False,False,False,False,,,,,,,
2026-07-13,00:00,40.82905,-73.91111,BROOK AVE,10456,42,UNKNOWN,Street,0.560297571780609,False,BRONX,"(40.82905, -73.91111)",trafficstat,False,False,False,False,False,False,False,False,False,,,,,,,
2026-07-13,00:00,40.8269201,-73.9042936,TRINITY AVE,10456,42,UNKNOWN,Street,0.9045419089934761,False,BRONX,"(40.8269201, -73.9042936)",trafficstat,True,False,False,False,False,False,False,False,False,,,,,,,
2026-07-13,00:00,40.8364874,-73.8859865,VYSE AVE,10460,42,UNKNOWN,Street,38.32999781251472,False,BRONX,"(40.8364874, -73.8859865)",trafficstat,False,False,False,False,False,False,False,False,False,,,,,,,
2026-07-13,00:00,40.8403188,-73.8987076,FULTON AVE,10457,42,UNKNOWN,Street,58.103916069909765,False,BRONX,"(40.8403188, -73.8987076)",trafficstat,False,False,False,False,False,False,False,False,False,,,,,,,
2026-07-12,00:00,40.8225523,-73.9099074,E  161 ST,10456,42,UNKNOWN,Street,2.1797312253606567,False,BRONX,"(40.8225523, -73.9099074)",trafficstat,False,False,False,False,False,False,False,False,False,,,,,,,
2026-07-12,00:00,40.8244157,-73.915848,COURTLANDT AVE,10451,42,UNKNOWN,Street,38.18823430746308,False,BRONX,"(40.8244157, -73.915848)",trafficstat,False,False,False,False,False,False,False,False,False,,,,,,,
2026-07-12,00:00,40.8322943,-73.8888498,VYSE AVE,10460,42,UNKNOWN,Street,51.57042148246223,False,BRONX,"(40.8322943, -73.8888498)",trafficstat,True,False,True,False,False,False,False,False,False,,,,,,,
2026-07-11,00:00,40.8322821,-73.9096196,WEBSTER AVE,10456,42,UNKNOWN,Street,1.845657928041831,False,BRONX,"(40.8322821, -73.9096196)",trafficstat,True,False,False,False,False,False,True,False,False,,,,,,,
2026-07-11,00:00,40.8364798,-73.897728,CROTONA AVE,10457,42,UNKNOWN,Street,0.7277102390855157,False,BRONX,"(40.8364798, -73.897728)",trafficstat,False,False,False,False,False,False,False,False,False,,,,,,,
2026-07-05,00:00,40.8364798,-73.897728,CROTONA AVE,10457,42,UNKNOWN,Street,0.7277102390855157,False,BRONX,"(40.8364798, -73.897728)",trafficstat,False,False,False,False,False,False,False,False,False,,,,,,,
2026-07-10,00:00,40.8427865,-73.9034886,WEBSTER AVE,10457,42,UNKNOWN,Street,54.679897883692476,False,BRONX,"(40.8427865, -73.9034886)",trafficstat,True,False,False,False,False,False,False,True,False,,,,,,,
2026-07-10,00:00,40.8327231,-73.9032866,FULTON AVE,10456,42,UNKNOWN,Street,43.9473611507668,False,BRONX,"(40.8327231, -73.9032866)",trafficstat,False,False,False,False,False,False,False,False,False,,,,,,,
2026-07-10,00:00,40.8357164,-73.9027276,ST PAULS PL,10456,42,OTHER,Street,59.8956739476532,False,BRONX,"(40.8357164, -73.9027276)",trafficstat,False,False,False,False,False,False,False,False,False,,,,,,,
2026-07-09,00:00,40.8294526,-73.9065701,3 AVE,10456,42,UNKNOWN,Street,1.3545580208258001,False,BRONX,"(40.8294526, -73.9065701)",trafficstat,True,False,True,False,False,False,False,False,False,,,,,,,
2026-06-26,00:00,40.8294526,-73.9065701,3 AVE,10456,42,UNKNOWN,Street,1.3545580208258001,False,BRONX,"(40.8294526, -73.9065701)",trafficstat,True,False,False,False,False,True,False,False,False,,,,,,,
2026-07-09,00:00,40.8248479,-73.9113099,E  163 ST,10451,42,OTHER,Street,2.915265588468235,False,BRONX,"(40.8248479, -73.9113099)",trafficstat,True,False,True,False,False,False,False,False,False,,,,,,,
2026-07-09,00:00,40.8238837,-73.9175656,PARK AVE,10451,42,UNKNOWN,Street,2.584892545906717,False,BRONX,"(40.8238837, -73.9175656)",trafficstat,False,False,False,False,False,False,False,False,False,,,,,,,
2026-07-09,00:00,40.8301369,-73.8918766,SOUTHERN BLVD,10459,42,UNKNOWN,Street,0.19355225225609113,False,BRONX,"(40.8301369, -73.8918766)",trafficstat,True,False,False,False,False,False,False,False,False,,,,,,,
2026-07-09,00:00,40.8384976,-73.901438,CLAREMONT PKWY,10457,42,UNKNOWN,Street,53.05363981293881,False,BRONX,"(40.8384976, -73.901438)",trafficstat,True,False,False,False,True,False,False,False,False,,,,,,,
2026-07-08,00:00,40.8243396,-73.9041962,E  165 ST,10456,42,UNKNOWN,Street,271.7209869067204,False,BRONX,"(40.8243396, -73.9041962)",trafficstat,False,False,False,False,False,False,False,False,False,,,,,,,
2026-07-06,00:00,40.8246793,-73.9137564,MELROSE AVE,10451,42,UNKNOWN,Street,44.136401832933686,False,BRONX,"(40.8246793, -73.9137564)",trafficstat,False,False,False,False,False,False,False,False,False,,,,,,,
2026-07-05,00:00,40.8262297,-73.9113515,E  164 ST,10456,42,UNKNOWN,Street,23.56026960633051,False,BRONX,"(40.8262297, -73.9113515)",trafficstat,False,False,False,False,False,False,False,False,False,,,,,,,
2026-07-05,00:00,40.8308055,-73.8997314,TINTON AVE,10456,42,UNKNOWN,Street,1.2426953785301318,False,BRONX,"(40.8308055, -73.8997314)",trafficstat,False,False,False,False,False,False,False,False,False,,,,,,,
2026-07-05,00:00,40.8355087,-73.8884627,E  173 ST,10460,42,UNKNOWN,Street,36.255383407368356,False,BRONX,"(40.8355087, -73.8884627)",trafficstat,False,False,False,False,False,False,False,False,False,,,,,,,
2026-07-04,00:00,40.8296274,-73.9022048,BOSTON RD,10456,42,OTHER,Street,1.8958085419138628,False,BRONX,"(40.8296274, -73.9022048)",trafficstat,False,False,False,False,False,False,False,False,False,,,,,,,
2026-06-23,00:00,40.8296274,-73.9022048,BOSTON RD,10456,42,UNKNOWN,Street,1.8958085419138628,False,BRONX,"(40.8296274, -73.9022048)",trafficstat,True,False,False,False,False,False,False,True,False,,,,,,,
2026-07-04,00:00,40.8307085,-73.898488,UNION AVE,10459,42,UNKNOWN,Street,48.07899307208108,False,BRONX,"(40.8307085, -73.898488)",trafficstat,False,False,False,False,False,False,False,False,False,,,,,,,
2026-07-03,00:00,40.826492,-73.9077377,3 AVE,10456,42,UNKNOWN,Street,1.5949442760178092,False,BRONX,"(40.826492, -73.9077377)",trafficstat,True,False,True,False,False,False,False,False,False,,,,,,,
2026-07-03,00:00,40.8247441,-73.9084122,3 AVE,10456,42,UNKNOWN,Street,1.4833217291822594,False,BRONX,"(40.8247441, -73.9084122)",trafficstat,True,False,False,True,False,False,False,False,False,,,,,,,
2026-07-02,00:00,40.829423,-73.897569,PROSPECT AVE,10459,42,OTHER,Street,1.3992999845792171,False,BRONX,"(40.829423, -73.897569)",trafficstat,True,False,True,False,False,False,False,False,False,,,,,,,
2026-06-12,00:00,40.829423,-73.897569,PROSPECT AVE,10459,42,UNKNOWN,Street,1.3992999845792171,False,BRONX,"(40.829423, -73.897569)",trafficstat,True,False,False,False,False,False,False,False,True,,,,,,,
2026-07-02,00:00,40.8318069,-73.8870464,LONGFELLOW AVE,10460,42,UNKNOWN,Street,43.616279233593744,False,BRONX,"(40.8318069, -73.8870464)",trafficstat,False,False,False,False,False,False,False,False,False,,,,,,,
2026-07-01,00:00,40.8247501,-73.9159659,E  161 ST,10451,42,OTHER,Street,23.681402107002945,False,BRONX,"(40.8247501, -73.9159659)",trafficstat,False,False,False,False,False,False,False,False,False,,,,,,,
2026-07-01,00:00,40.8346081,-73.8940666,BOSTON RD,10460,42,UNKNOWN,Street,83.08540375547692,False,BRONX,"(40.8346081, -73.8940666)",trafficstat,True,False,False,True,False,False,False,False,False,,,,,,,
2026-06-30,00:00,40.8402464,-73.9018783,WASHINGTON AVE,10457,42,OTHER,Street,1.0840095924799082,False,BRONX,"(40.8402464, -73.9018783)",trafficstat,False,False,False,False,False,False,False,False,False,,,,,,,
2026-06-30,00:00,40.8347021,-73.9025174,E  170 ST,10456,42,UNKNOWN,Street,28.58736418863851,False,BRONX,"(40.8347021, -73.9025174)",trafficstat,False,False,False,False,False,False,False,False,False,,,,,,,
2026-06-30,00:00,40.8375202,-73.8807193,SHERIDAN BLVD,10460,42,OTHER,Highway,10.718645870375656,False,BRONX,"(40.8375202, -73.8807193)",trafficstat,True,False,False,False,False,False,False,True,False,,,,,,,
2026-06-29,00:00,40.8362327,-73.9074026,WEBSTER AVE,10456,42,UNKNOWN,Street,1.2964071310871625,False,BRONX,"(40.8362327, -73.9074026)",trafficstat,True,False,True,False,False,False,False,False,False,,,,,,,
2026-06-29,00:00,40.8426788,-73.8993701,BATHGATE AVE,10457,42,UNKNOWN,Street,1.8584877177920465,False,BRONX,"(40.8426788, -73.8993701)",trafficstat,True,False,False,False,False,False,False,False,True,,,,,,,
2026-06-29,00:00,40.8396767,-73.9001047,3 AVE,10457,42,OTHER,Street,2.0054194577310285,False,BRONX,"(40.8396767, -73.9001047)",trafficstat,True,False,True,False,False,False,False,False,False,,,,,,,
2026-06-29,00:00,40.8256974,-73.909919,WASHINGTON AVE,10456,42,UNKNOWN,Street,22.44855713167808,False,BRONX,"(40.8256974, -73.909919)",trafficstat,False,False,False,False,False,False,False,False,False,,,,,,,
2026-06-27,00:00,40.8247084,-73.9155158,COURTLANDT AVE,10451,42,UNKNOWN,Street,1.2272681413117026,False,BRONX,"(40.8247084, -73.9155158)",trafficstat,True,False,False,False,False,False,False,True,False,,,,,,,
2026-06-27,00:00,40.8276863,-73.9029791,JACKSON AVE,10456,42,UNKNOWN,Street,37.40731139059125,False,BRONX,"(40.8276863, -73.9029791)",trafficstat,False,False,False,False,False,False,False,False,False,,,,,,,
2026-06-27,00:00,40.828196,-73.903851,BOSTON RD,10456,42,UNKNOWN,Street,2.3213085121842894,False,BRONX,"(40.828196, -73.903851)",trafficstat,False,False,False,False,False,False,False,False,False,,,,,,,
2026-06-27,00:00,40.8364761,-73.8851084,BRYANT AVE,10460,42,UNKNOWN,Street,1.1316574565180857,False,BRONX,"(40.8364761, -73.8851084)",trafficstat,False,False,False,False,False,False,False,False,False,,,,,,,
2026-06-26,00:00,40.8240664,-73.9087094,3 AVE,10451,42,OTHER,Street,1.3747897171733834,False,BRONX,"(40.8240664, -73.9087094)",trafficstat,True,False,False,False,False,False,False,False,True,,,,,,,
2026-06-18,00:00,40.8240664,-73.9087094,3 AVE,10451,42,OTHER,Street,1.3747897171733834,False,BRONX,"(40.8240664, -73.9087094)",trafficstat,True,False,False,False,False,False,False,True,False,,,,,,,
2026-06-17,00:00,40.8240664,-73.9087094,3 AVE,10451,42,UNKNOWN,Street,1.3747897171733834,False,BRONX,"(40.8240664, -73.9087094)",trafficstat,False,False,False,False,False,False,False,False,False,,,,,,,
2026-06-25,00:00,40.828854,-73.89932,UNION AVE,10459,42,UNKNOWN,Street,1.2198209331437564,False,BRONX,"(40.828854, -73.89932)",trafficstat,True,False,True,False,False,False,False,False,False,,,,,,,
2026-06-24,00:00,40.830353,-73.9034684,FRANKLIN AVE,10456,42,UNKNOWN,Street,2.0669667672055065,False,BRONX,"(40.830353, -73.9034684)",trafficstat,False,False,False,False,False,False,False,False,False,,,,,,,
2026-06-24,00:00,40.8257732,-73.9154097,E  162 ST,10451,42,UNKNOWN,Bridge,1.5845805462097033,False,BRONX,"(40.8257732, -73.9154097)",trafficstat,True,False,True,False,False,False,False,False,False,,,,,,,
2026-06-23,00:00,40.8303695,-73.8971736,PROSPECT AVE,10459,42,OTHER,Street,0.810854484034942,False,BRONX,"(40.8303695, -73.8971736)",trafficstat,True,False,False,True,False,False,False,False,False,,,,,,,
2026-06-22,00:00,40.83106,-73.90584,3 AVE,10456,42,UNKNOWN,Street,1.13464769540084,False,BRONX,"(40.83106, -73.90584)",trafficstat,False,False,False,False,False,False,False,False,False,,,,,,,
2026-06-22,00:00,40.8357057,-73.8887452,SOUTHERN BLVD,10460,42,UNKNOWN,Street,1.451162669863792,False,BRONX,"(40.8357057, -73.8887452)",trafficstat,False,False,False,False,False,False,False,False,False,,,,,,,
2026-06-19,00:00,40.8357057,-73.8887452,SOUTHERN BLVD,10460,42,OTHER,Street,1.451162669863792,False,BRONX,"(40.8357057, -73.8887452)",trafficstat,True,False,True,False,False,False,False,False,False,,,,,,,
2026-06-21,00:00,40.82693,-73.9056645,BOSTON RD,10456,42,UNKNOWN,Street,63.69965106861724,False,BRONX,"(40.82693, -73.9056645)",trafficstat,False,False,False,False,False,False,False,False,False,,,,,,,
2026-06-20,00:00,40.8238277,-73.9086608,3 AVE,10451,42,UNKNOWN,Street,48.948550896375,False,BRONX,"(40.8238277, -73.9086608)",trafficstat,False,False,False,False,False,False,False,False,False,,,,,,,
2026-06-17,00:00,40.8308906,-73.9069711,WASHINGTON AVE,10456,42,OTHER,Street,38.67796113925323,False,BRONX,"(40.8308906, -73.9069711)",trafficstat,True,False,True,False,False,False,False,False,False,,,,,,,
2026-06-17,00:00,40.8381093,-73.8870869,SOUTHERN BLVD,10460,42,UNKNOWN,Street,58.42828206244049,False,BRONX,"(40.8381093, -73.8870869)",trafficstat,True,False,False,False,False,False,False,False,False,,,,,,,
2026-06-16,00:00,40.839268,-73.90382,PARK AVE,10457,42,UNKNOWN,Street,0.48638883482419887,False,BRONX,"(40.839268, -73.90382)",trafficstat,True,False,False,True,False,False,False,False,False,,,,,,,
2026-06-16,00:00,40.8341207,-73.899069,CLINTON AVE,10456,42,OTHER,Street,53.08900741477268,False,BRONX,"(40.8341207, -73.899069)",trafficstat,True,False,True,False,False,False,False,False,False,,,,,,,
2026-06-16,00:00,40.8316484,-73.9035329,FULTON AVE,10456,42,UNKNOWN,Street,71.76946910611886,False,BRONX,"(40.8316484, -73.9035329)",trafficstat,False,False,False,False,False,False,False,False,False,,,,,,,
2026-06-15,00:00,40.8322655,-73.8990295,BOSTON RD,10456,42,OTHER,Street,68.93773024292229,False,BRONX,"(40.8322655, -73.8990295)",trafficstat,True,False,False,False,False,False,False,True,False,,,,,,,
2026-06-15,00:00,40.8302258,-73.9089611,PARK AVE,10456,42,UNKNOWN,Street,1.698657508924776,False,BRONX,"(40.8302258, -73.9089611)",trafficstat,True,False,False,True,False,False,False,False,False,,,,,,,
2026-06-15,00:00,40.8286456,-73.9082166,WASHINGTON AVE,10456,42,UNKNOWN,Street,41.65205069133455,False,BRONX,"(40.8286456, -73.9082166)",trafficstat,False,False,False,False,False,False,False,False,False,,,,,,,
2026-06-14,00:00,40.8229003,-73.9056039,TRINITY AVE,10456,42,UNKNOWN,Street,86.01085338301331,False,BRONX,"(40.8229003, -73.9056039)",trafficstat,False,False,False,False,False,False,False,False,False,,,,,,,
2026-06-13,00:00,40.8310576,-73.9058415,3 AVE,10456,42,UNKNOWN,Street,1.0279382474275383,False,BRONX,"(40.8310576, -73.9058415)",trafficstat,True,False,True,False,False,False,False,False,False,,,,,,,
2026-06-13,00:00,40.8323736,-73.9044497,E  169 ST,10456,42,OTHER,Street,61.06202456988604,False,BRONX,"(40.8323736, -73.9044497)",trafficstat,False,False,False,False,False,False,False,False,False,,,,,,,
2026-06-13,00:00,40.8387929,-73.8853465,BOSTON RD,10460,42,OTHER,Street,2.2972745029521824,False,BRONX,"(40.8387929, -73.8853465)",trafficstat,True,False,False,False,False,False,False,False,False,,,,,,,
2026-06-12,00:00,40.8308095,-73.904654,E  168 ST,10456,42,UNKNOWN,Street,43.06222892140487,False,BRONX,"(40.8308095, -73.904654)",trafficstat,False,False,False,False,False,False,False,False,False,,,,,,,
2026-06-12,00:00,40.8279035,-73.9121694,E  165 ST,10456,42,UNKNOWN,Bridge,2.1914327017832194,False,BRONX,"(40.8279035, -73.9121694)",trafficstat,True,False,False,True,False,False,False,False,False,,,,,,,
2026-06-12,00:00,40.8233038,-73.9031654,TINTON AVE,10456,42,UNKNOWN,Street,70.01005042584997,False,BRONX,"(40.8233038, -73.9031654)",trafficstat,True,False,False,False,False,False,False,True,False,,,,,,,
2026-06-12,00:00,40.8250095,-73.9138586,E  162 ST,10451,42,UNKNOWN,Street,28.90374094911607,False,BRONX,"(40.8250095, -73.9138586)",trafficstat,False,False,False,False,False,False,False,False,False,,,,,,,
2026-09-13,00:00,40.8283924,-73.8796676,WESTCHESTER AVE,10472,43,UNKNOWN,Street,58.34736196961597,False,BRONX,"(40.8283924, -73.8796676)",trafficstat,False,False,False,False,False,False,False,False,False,,,,,,,
2026-09-13,00:00,40.8310179,-73.8522525,E  177 ST,10462,43,UNKNOWN,Street,2.158617059585793,False,BRONX,"(40.8310179, -73.8522525)",trafficstat,False,False,False,False,False,False,False,False,False,,,,,,,
2026-09-13,00:00,40.8356833,-73.8755777,HARROD AVE,10472,43,UNKNOWN,Street,122.12742512021515,False,BRONX,"(40.8356833, -73.8755777)",trafficstat,True,False,False,False,False,False,False,True,False,,,,,,,
2026-07-22,00:00,40.8356833,-73.8755777,HARROD AVE,10472,43,UNKNOWN,Street,122.12742512021515,False,BRONX,"(40.8356833, -73.8755777)",trafficstat,True,False,True,False,False,False,False,False,False,,,,,,,
2026-09-12,00:00,40.8324171,-73.8650093,WESTCHESTER AVE,10472,43,OTHER,Street,50.07404095227222,False,BRONX,"(40.8324171, -73.8650093)",trafficstat,True,False,False,False,False,False,False,False,False,,,,,,,
2026-09-12,00:00,40.822156,-73.8572004,STICKBALL BLVD,10473,43,UNKNOWN,Street,0.30571385844713045,False,BRONX,"(40.822156, -73.8572004)",trafficstat,False,False,False,False,False,False,False,False,False,,,,,,,
2026-09-12,00:00,40.8172389,-73.8483681,LACOMBE AVE,10473,43,UNKNOWN,Street,156.3900216796776,False,BRONX,"(40.8172389, -73.8483681)",trafficstat,True,False,False,False,False,False,False,False,False,,,,,,,
2026-09-12,00:00,40.8232497,-73.882761,BRONX RIVER AVE,10472,43,UNKNOWN,Street,0.3225130670047834,False,BRONX,"(40.8232497, -73.882761)",trafficstat,False,False,False,False,False,False,False,False,False,,,,,,,
2026-08-12,00:00,40.8232497,-73.882761,BRONX RIVER AVE,10472,43,UNKNOWN,Street,0.3225130670047834,False,BRONX,"(40.8232497, -73.882761)",trafficstat,False,False,False,False,False,False,False,False,False,,,,,,,
2026-08-11,00:00,40.8232497,-73.882761,BRONX RIVER AVE,10472,43,OTHER,Street,0.3225130670047834,False,BRONX,"(40.8232497, -73.882761)",trafficstat,True,False,False,False,False,False,False,False,True,,,,,,,
2026-07-19,00:00,40.8232497,-73.882761,BRONX RIVER AVE,10472,43,UNKNOWN,Street,0.3225130670047834,False,BRONX,"(40.8232497, -73.882761)",trafficstat,False,False,False,False,False,False,False,False,False,,,,,,,
2026-09-12,00:00,40.8234286,-73.8546139,TURNBULL AVE,10473,43,OTHER,Street,47.835282756562805,False,BRONX,"(40.8234286, -73.8546139)",trafficstat,True,False,False,True,False,False,False,False,False,,,,,,,
2026-09-11,00:00,40.8337639,-73.8740638,BRONX RIVER PKWY,10472,43,UNKNOWN,Highway,0.7747183686377969,False,BRONX,"(40.8337639, -73.8740638)",trafficstat,True,False,False,False,False,False,False,False,True,,,,,,,
2026-09-11,00:00,40.8312879,-73.8817242,EVERGREEN AVE,10472,43,UNKNOWN,Street,0.1742707667394282,False,BRONX,"(40.8312879, -73.8817242)",trafficstat,True,False,False,True,False,False,False,False,False,,,,,,,
2026-09-01,00:00,40.8312879,-73.8817242,EVERGREEN AVE,10472,43,UNKNOWN,Street,0.1742707667394282,False,BRONX,"(40.8312879, -73.8817242)",trafficstat,False,False,False,False,False,False,False,False,False,,,,,,,
2026-09-11,00:00,40.8311572,-73.8538364,CROSS BRONX EXPY,10472,43,OTHER,Highway,18.63012733287465,False,BRONX,"(40.8311572, -73.8538364)",trafficstat,True,False,False,False,False,False,False,True,False,,,,,,,
2026-09-10,00:00,40.832922,-73.8627243,WHITE PLAINS RD,10472,43,UNKNOWN,Street,1.002497355278326,False,BRONX,"(40.832922, -73.8627243)",trafficstat,True,False,False,True,False,False,False,False,False,,,,,,,
2026-09-06,00:00,40.832922,-73.8627243,WHITE PLAINS RD,10472,43,UNKNOWN,Street,1.002497355278326,False,BRONX,"(40.832922, -73.8627243)",trafficstat,False,False,False,False,False,False,False,False,False,,,,,,,
2026-08-27,00:00,40.832922,-73.8627243,WHITE PLAINS RD,10472,43,UNKNOWN,Street,1.002497355278326,False,BRONX,"(40.832922, -73.8627243)",trafficstat,False,False,False,False,False,False,False,False,False,,,,,,,