crash_date,crash_time,latitude,longitude,on_street_name,zip_code,precinct,collision_type,roadway_type,geocode_dist_feet,time_is_known,borough,location,source,injury,fatality,injured_pedestrian,injured_cyclist,injured_ebike_rider,injured_motorcyclist,injured_moped_rider,injured_car_occupant,injured_suv_occupant,number_of_persons_injured,number_of_persons_killed,contributing_factor_vehicle_1,collision_id,cross_street_name,off_street_name,vehicle_type_code1
2026-08-02,00:00,40.832922,-73.8627243,WHITE PLAINS RD,10472,43,UNKNOWN,Street,1.002497355278326,False,BRONX,"(40.832922, -73.8627243)",trafficstat,True,False,False,False,False,False,False,True,False,,,,,,,
2026-09-10,00:00,40.8359895,-73.873863,BRONX RIVER PKWY ET 4 SB,10472,43,UNKNOWN,Ramp,2.870902456978039,False,BRONX,"(40.8359895, -73.873863)",trafficstat,False,False,False,False,False,False,False,False,False,,,,,,,
2026-07-11,00:00,40.8359895,-73.873863,BRONX RIVER PKWY ET 4 SB,10472,43,UNKNOWN,Ramp,2.870902456978039,False,BRONX,"(40.8359895, -73.873863)",trafficstat,False,False,False,False,False,False,False,False,False,,,,,,,
2026-09-10,00:00,40.8213318,-73.8826334,BRONX RIVER AVE,10473,43,UNKNOWN,Street,83.08263818113109,False,BRONX,"(40.8213318, -73.8826334)",trafficstat,True,False,False,False,False,False,True,False,False,,,,,,,
2026-09-09,00:00,40.8336141,-73.860851,HUGH J GRANT CIR,10462,43,UNKNOWN,Street,2.697816348609357,False,BRONX,"(40.8336141, -73.860851)",trafficstat,False,False,False,False,False,False,False,False,False,,,,,,,
2026-09-08,00:00,40.8355391,-73.8705594,E  177 ST,10472,43,UNKNOWN,Street,62.52887863953407,False,BRONX,"(40.8355391, -73.8705594)",trafficstat,False,False,False,False,False,False,False,False,False,,,,,,,
2026-07-01,00:00,40.8355391,-73.8705594,E  177 ST,10472,43,UNKNOWN,Street,62.52887863953407,False,BRONX,"(40.8355391, -73.8705594)",trafficstat,False,False,False,False,False,False,False,False,False,,,,,,,
2026-09-08,00:00,40.8227426,-73.8738291,STORY AVE,10473,43,OTHER,Street,195.98531671780378,False,BRONX,"(40.8227426, -73.8738291)",trafficstat,False,False,False,False,False,False,False,False,False,,,,,,,
2026-09-07,00:00,40.8175895,-73.8518692,CAESAR PL,10473,43,UNKNOWN,Street,60.256427575004956,False,BRONX,"(40.8175895, -73.8518692)",trafficstat,False,False,False,False,False,False,False,False,False,,,,,,,
2026-09-07,00:00,40.8300253,-73.8638849,THIERIOT AVE,10472,43,UNKNOWN,Street,37.9358730663115,False,BRONX,"(40.8300253, -73.8638849)",trafficstat,False,False,False,False,False,False,False,False,False,,,,,,,
2026-09-05,00:00,40.8325473,-73.8594183,E  177 ST,10462,43,UNKNOWN,Street,38.164979538664355,False,BRONX,"(40.8325473, -73.8594183)",trafficstat,False,False,False,False,False,False,False,False,False,,,,,,,
2026-09-05,00:00,40.8263026,-73.8606557,BRUCKNER BLVD,10472,43,UNKNOWN,Street,49.20008322525621,False,BRONX,"(40.8263026, -73.8606557)",trafficstat,True,False,False,False,False,False,False,False,False,,,,,,,
2026-09-04,00:00,40.8270524,-73.8710362,WATSON AVE,10472,43,UNKNOWN,Street,3.180215154782524,False,BRONX,"(40.8270524, -73.8710362)",trafficstat,True,False,False,False,False,False,False,True,False,,,,,,,
2026-09-04,00:00,40.82765,-73.8479001,BRUCKNER EXPY,10473,43,UNKNOWN,Highway,4.653102799575501,False,BRONX,"(40.82765, -73.8479001)",trafficstat,True,False,False,False,False,False,False,False,False,,,,,,,
2026-09-04,00:00,40.8299312,-73.865914,BEACH AVE,10472,43,UNKNOWN,Street,0.3911153157617726,False,BRONX,"(40.8299312, -73.865914)",trafficstat,False,False,False,False,False,False,False,False,False,,,,,,,
2026-09-04,00:00,40.8358809,-73.8699003,CROSS BRONX EXPY,10460,43,UNKNOWN,Highway,6.898981314584918,False,BRONX,"(40.8358809, -73.8699003)",trafficstat,True,False,False,False,False,False,False,True,False,,,,,,,
2026-08-06,00:00,40.8358809,-73.8699003,CROSS BRONX EXPY,10460,43,UNKNOWN,Highway,6.898981314584918,False,BRONX,"(40.8358809, -73.8699003)",trafficstat,False,False,False,False,False,False,False,False,False,,,,,,,
2026-06-20,00:00,40.8358809,-73.8699003,CROSS BRONX EXPY,10460,43,UNKNOWN,Highway,6.898981314584918,False,BRONX,"(40.8358809, -73.8699003)",trafficstat,False,False,False,False,False,False,False,False,False,,,,,,,
2026-09-03,00:00,40.8194284,-73.8449657,HAVEMEYER AVE,10473,43,UNKNOWN,Street,0.28577480580934117,False,BRONX,"(40.8194284, -73.8449657)",trafficstat,True,False,False,False,False,False,False,False,True,,,,,,,
2026-09-02,00:00,40.8217885,-73.864922,LAFAYETTE AVE,10473,43,OTHER,Street,234.95373347212757,False,BRONX,"(40.8217885, -73.864922)",trafficstat,True,False,False,False,False,False,False,False,False,,,,,,,
2026-09-02,00:00,40.8219085,-73.8673121,ROSEDALE AVE,10473,43,UNKNOWN,Street,102.85199416132734,False,BRONX,"(40.8219085, -73.8673121)",trafficstat,True,False,False,False,False,False,False,True,False,,,,,,,
2026-09-02,00:00,40.8301206,-73.8502577,CROSS BRONX EXPY,10462,43,UNKNOWN,Highway,4.561550312716794,False,BRONX,"(40.8301206, -73.8502577)",trafficstat,True,False,False,False,False,False,False,True,False,,,,,,,
2026-09-01,00:00,40.8326469,-73.8512082,CASTLE HILL AVE,10462,43,UNKNOWN,Street,0.13594440574514494,False,BRONX,"(40.8326469, -73.8512082)",trafficstat,False,False,False,False,False,False,False,False,False,,,,,,,
2026-08-31,00:00,40.8278847,-73.883417,BRONX RIVER AVE,10472,43,UNKNOWN,Street,83.475638965841,False,BRONX,"(40.8278847, -73.883417)",trafficstat,False,False,False,False,False,False,False,False,False,,,,,,,
2026-08-31,00:00,40.8191635,-73.8504031,RANDALL AVE,10473,43,UNKNOWN,Street,135.94585481969563,False,BRONX,"(40.8191635, -73.8504031)",trafficstat,True,False,False,False,False,False,False,True,False,,,,,,,
2026-08-30,00:00,40.8315939,-73.8541267,E  177 ST,10462,43,UNKNOWN,Street,3.019109570016149,False,BRONX,"(40.8315939, -73.8541267)",trafficstat,True,False,False,False,False,False,False,True,False,,,,,,,
2026-07-02,00:00,40.8315939,-73.8541267,E  177 ST,10462,43,OTHER,Street,3.019109570016149,False,BRONX,"(40.8315939, -73.8541267)",trafficstat,False,False,False,False,False,False,False,False,False,,,,,,,
2026-08-29,00:00,40.829776,-73.8704682,CROES AVE,10472,43,OTHER,Street,67.55464043647153,False,BRONX,"(40.829776, -73.8704682)",trafficstat,True,False,False,False,False,False,False,False,False,,,,,,,
2026-08-29,00:00,40.835968,-73.869995,ROSEDALE AVE,10460,43,UNKNOWN,Street,0.3310640933509311,False,BRONX,"(40.835968, -73.869995)",trafficstat,False,False,False,False,False,False,False,False,False,,,,,,,
2026-08-29,00:00,40.8235744,-73.863506,TAYLOR AVE,10473,43,OTHER,Street,0.26804331606673665,False,BRONX,"(40.8235744, -73.863506)",trafficstat,False,False,False,False,False,False,False,False,False,,,,,,,
2026-08-28,00:00,40.8270625,-73.8648673,BEACH AVE,10472,43,UNKNOWN,Street,103.85624329863154,False,BRONX,"(40.8270625, -73.8648673)",trafficstat,True,False,True,False,False,False,False,False,False,,,,,,,
2026-08-28,00:00,40.8190272,-73.8670917,NOBLE AVE,10473,43,UNKNOWN,Street,45.443871549182596,False,BRONX,"(40.8190272, -73.8670917)",trafficstat,False,False,False,False,False,False,False,False,False,,,,,,,
2026-08-28,00:00,40.8358468,-73.8659278,TAYLOR AVE,10460,43,OTHER,Street,43.86082065603994,False,BRONX,"(40.8358468, -73.8659278)",trafficstat,True,False,False,False,False,False,False,False,False,,,,,,,
2026-08-27,00:00,40.8312278,-73.8463434,HAVILAND AVE,10462,43,UNKNOWN,Street,53.239835655303594,False,BRONX,"(40.8312278, -73.8463434)",trafficstat,False,False,False,False,False,False,False,False,False,,,,,,,
2026-08-27,00:00,40.834201,-73.8516853,CASTLE HILL AVE,10462,43,UNKNOWN,Street,0.6624702056475734,False,BRONX,"(40.834201, -73.8516853)",trafficstat,True,False,False,False,False,False,False,True,False,,,,,,,
2026-08-27,00:00,40.8264231,-73.8586727,BRUCKNER BLVD,10472,43,UNKNOWN,Street,3.335811542935331,False,BRONX,"(40.8264231, -73.8586727)",trafficstat,False,False,False,False,False,False,False,False,False,,,,,,,
2026-08-26,00:00,40.8259548,-73.8595554,WHITE PLAINS RD,10473,43,UNKNOWN,Street,0.6252152308413623,False,BRONX,"(40.8259548, -73.8595554)",trafficstat,True,False,False,False,False,False,False,True,False,,,,,,,
2026-08-26,00:00,40.8262761,-73.8597028,WHITE PLAINS RD,10473,43,UNKNOWN,Street,0.673340580990789,False,BRONX,"(40.8262761, -73.8597028)",trafficstat,True,False,False,False,False,False,False,True,False,,,,,,,
2026-08-04,00:00,40.8262761,-73.8597028,WHITE PLAINS RD,10473,43,OTHER,Street,0.673340580990789,False,BRONX,"(40.8262761, -73.8597028)",trafficstat,False,False,False,False,False,False,False,False,False,,,,,,,
2026-07-13,00:00,40.8262761,-73.8597028,WHITE PLAINS RD,10473,43,OTHER,Street,0.673340580990789,False,BRONX,"(40.8262761, -73.8597028)",trafficstat,True,False,False,True,False,False,False,False,False,,,,,,,
2026-08-26,00:00,40.8217731,-73.8823518,BRONX RIVER AVE,10473,43,UNKNOWN,Street,20.793975064809874,False,BRONX,"(40.8217731, -73.8823518)",trafficstat,False,False,False,False,False,False,False,False,False,,,,,,,
2026-08-26,00:00,40.8364998,-73.8761496,BRONX RIVER AVE,10460,43,UNKNOWN,Street,2.702964582057217,False,BRONX,"(40.8364998, -73.8761496)",trafficstat,True,False,False,False,False,False,False,True,False,,,,,,,
2026-08-26,00:00,40.8355141,-73.8774897,BRONX RIVER AVE,10472,43,UNKNOWN,Street,85.11204602348573,False,BRONX,"(40.8355141, -73.8774897)",trafficstat,True,False,False,False,False,False,False,True,False,,,,,,,
2026-07-07,00:00,40.8355141,-73.8774897,BRONX RIVER AVE,10472,43,OTHER,Street,85.11204602348573,False,BRONX,"(40.8355141, -73.8774897)",trafficstat,False,False,False,False,False,False,False,False,False,,,,,,,
2026-08-26,00:00,40.8351082,-73.8521786,CASTLE HILL AVE,10462,43,UNKNOWN,Street,64.79145363911479,False,BRONX,"(40.8351082, -73.8521786)",trafficstat,True,False,True,False,False,False,False,False,False,,,,,,,
2026-08-26,00:00,40.8306467,-73.8605717,VIRGINIA AVE,10472,43,UNKNOWN,Street,0.9275659083521947,False,BRONX,"(40.8306467, -73.8605717)",trafficstat,True,False,False,False,False,True,False,False,False,,,,,,,
2026-08-25,00:00,40.8330433,-73.8645007,THIERIOT AVE,10472,43,UNKNOWN,Street,48.37489702133108,False,BRONX,"(40.8330433, -73.8645007)",trafficstat,False,False,False,False,False,False,False,False,False,,,,,,,
2026-08-25,00:00,40.80976,-73.8521877,PUGSLEY AVE,10473,43,UNKNOWN,Street,0.21005749531258863,False,BRONX,"(40.80976, -73.8521877)",trafficstat,True,False,False,True,False,False,False,False,False,,,,,,,
2026-08-25,00:00,40.8242755,-73.869986,BANYER PL,10473,43,UNKNOWN,Street,57.31145970192211,False,BRONX,"(40.8242755, -73.869986)",trafficstat,False,False,False,False,False,False,False,False,False,,,,,,,
2026-08-24,00:00,40.8113253,-73.8578971,UNDERHILL AVE,10473,43,UNKNOWN,Street,39.14788929758415,False,BRONX,"(40.8113253, -73.8578971)",trafficstat,False,False,False,False,False,False,False,False,False,,,,,,,
2026-08-24,00:00,40.8191352,-73.8781845,LAFAYETTE AVE,10473,43,UNKNOWN,Street,89.89009083332347,False,BRONX,"(40.8191352, -73.8781845)",trafficstat,False,False,False,False,False,False,False,False,False,,,,,,,
2026-08-24,00:00,40.8353792,-73.8658636,TAYLOR AVE,10460,43,UNKNOWN,Street,39.55915137142374,False,BRONX,"(40.8353792, -73.8658636)",trafficstat,False,False,False,False,False,False,False,False,False,,,,,,,
2026-08-23,00:00,40.8304264,-73.8622091,UNDERHILL AVE,10472,43,OTHER,Street,0.49560997148980435,False,BRONX,"(40.8304264, -73.8622091)",trafficstat,False,False,False,False,False,False,False,False,False,,,,,,,
2026-08-23,00:00,40.8344208,-73.8629597,WHITE PLAINS RD,10462,43,UNKNOWN,Street,0.9628712130317668,False,BRONX,"(40.8344208, -73.8629597)",trafficstat,True,False,False,False,False,True,False,False,False,,,,,,,
2026-08-23,00:00,40.8240142,-73.8566384,STORY AVE,10473,43,UNKNOWN,Street,176.92602643664384,False,BRONX,"(40.8240142, -73.8566384)",trafficstat,False,False,False,False,False,False,False,False,False,,,,,,,
2026-08-22,00:00,40.834007,-73.87567,MORRISON AVE,10472,43,UNKNOWN,Street,0.18174133976656803,False,BRONX,"(40.834007, -73.87567)",trafficstat,False,False,False,False,False,False,False,False,False,,,,,,,
2026-08-22,00:00,40.828907,-73.8772043,WARD AVE,10472,43,UNKNOWN,Street,36.21347452856131,False,BRONX,"(40.828907, -73.8772043)",trafficstat,True,False,False,False,False,False,False,False,False,,,,,,,
2026-08-22,00:00,40.8352048,-73.8740502,BRONX RIVER PKWY,10472,43,UNKNOWN,Highway,0.987244061401441,False,BRONX,"(40.8352048, -73.8740502)",trafficstat,False,False,False,False,False,False,False,False,False,,,,,,,
2026-08-21,00:00,40.8236646,-73.8778897,ELDER AVE PEDESTRIAN OPAS,10473,43,UNKNOWN,Bridge,0.054264109712647834,False,BRONX,"(40.8236646, -73.8778897)",trafficstat,True,False,False,False,False,False,False,True,False,,,,,,,
2026-06-17,00:00,40.8236646,-73.8778897,ELDER AVE PEDESTRIAN OPAS,10473,43,UNKNOWN,Bridge,0.054264109712647834,False,BRONX,"(40.8236646, -73.8778897)",trafficstat,False,False,False,False,False,False,False,False,False,,,,,,,
2026-08-21,00:00,40.8250079,-73.8710707,BRUCKNER BLVD,10472,43,UNKNOWN,Street,82.39369975394588,False,BRONX,"(40.8250079, -73.8710707)",trafficstat,False,False,False,False,False,False,False,False,False,,,,,,,
2026-08-18,00:00,40.8198583,-73.8489001,CASTLE HILL AVE,10473,43,OTHER,Street,184.50207995089337,False,BRONX,"(40.8198583, -73.8489001)",trafficstat,True,False,False,False,False,False,False,False,False,,,,,,,
2026-06-18,00:00,40.8198583,-73.8489001,CASTLE HILL AVE,10473,43,UNKNOWN,Street,184.50207995089337,False,BRONX,"(40.8198583, -73.8489001)",trafficstat,True,False,False,False,False,False,False,False,True,,,,,,,
2026-08-18,00:00,40.8338223,-73.8627419,CROSS BRONX EXPY,10472,43,UNKNOWN,Highway,10.431544999125384,False,BRONX,"(40.8338223, -73.8627419)",trafficstat,True,False,False,False,False,False,False,False,True,,,,,,,
2026-07-08,00:00,40.8338223,-73.8627419,CROSS BRONX EXPY,10472,43,UNKNOWN,Highway,10.431544999125384,False,BRONX,"(40.8338223, -73.8627419)",trafficstat,True,False,False,False,False,False,False,True,False,,,,,,,
2026-08-17,00:00,40.8334782,-73.8802681,BRONX RIVER AVE,10472,43,OTHER,Street,58.13197049525237,False,BRONX,"(40.8334782, -73.8802681)",trafficstat,False,False,False,False,False,False,False,False,False,,,,,,,
2026-08-17,00:00,40.8288124,-73.8468567,CROSS BRONX EXPY,10472,43,UNKNOWN,Highway,1.3327186665544644,False,BRONX,"(40.8288124, -73.8468567)",trafficstat,True,False,False,False,False,False,False,True,False,,,,,,,
2026-08-16,00:00,40.8325586,-73.8573407,E  177 ST,10462,43,UNKNOWN,Street,2.213798672199608,False,BRONX,"(40.8325586, -73.8573407)",trafficstat,True,False,False,False,False,False,False,True,False,,,,,,,
2026-08-16,00:00,40.8183873,-73.8486724,RANDALL AVE,10473,43,UNKNOWN,Street,163.10249937313284,False,BRONX,"(40.8183873, -73.8486724)",trafficstat,False,False,False,False,False,False,False,False,False,,,,,,,
2026-08-15,00:00,40.8286397,-73.8534285,OLMSTEAD AVE,10472,43,OTHER,Street,0.04158886435068029,False,BRONX,"(40.8286397, -73.8534285)",trafficstat,True,False,False,False,True,False,False,False,False,,,,,,,
2026-08-15,00:00,40.836642,-73.8663522,TAYLOR AVE,10460,43,UNKNOWN,Street,35.32393163340685,False,BRONX,"(40.836642, -73.8663522)",trafficstat,False,False,False,False,False,False,False,False,False,,,,,,,
2026-08-14,00:00,40.8288911,-73.8761345,WESTCHESTER AVE,10472,43,UNKNOWN,Street,58.432430155912364,False,BRONX,"(40.8288911, -73.8761345)",trafficstat,False,False,False,False,False,False,False,False,False,,,,,,,
2026-08-14,00:00,40.8321779,-73.8658537,WESTCHESTER AVE,10472,43,OTHER,Street,51.32259801629407,False,BRONX,"(40.8321779, -73.8658537)",trafficstat,True,False,False,False,True,False,False,False,False,,,,,,,
2026-08-14,00:00,40.8302805,-73.8712657,WESTCHESTER AVE,10472,43,UNKNOWN,Street,63.57877558741083,False,BRONX,"(40.8302805, -73.8712657)",trafficstat,False,False,False,False,False,False,False,False,False,,,,,,,
2026-08-14,00:00,40.8267762,-73.8583146,BRUCKNER BLVD,10472,43,UNKNOWN,Street,107.34981421929743,False,BRONX,"(40.8267762, -73.8583146)",trafficstat,False,False,False,False,False,False,False,False,False,,,,,,,
2026-08-13,00:00,40.82414,-73.8693224,CROES AVE,10473,43,UNKNOWN,Street,20.77831982151428,False,BRONX,"(40.82414, -73.8693224)",trafficstat,False,False,False,False,False,False,False,False,False,,,,,,,
2026-08-13,00:00,40.829666,-73.85683,HAVILAND AVE,10472,43,UNKNOWN,Street,2.1944257745179683,False,BRONX,"(40.829666, -73.85683)",trafficstat,False,False,False,False,False,False,False,False,False,,,,,,,
2026-08-13,00:00,40.8342766,-73.8736314,METCALF AVE,10472,43,UNKNOWN,Street,0.35010572697989867,False,BRONX,"(40.8342766, -73.8736314)",trafficstat,True,False,False,False,False,False,False,True,False,,,,,,,
2026-08-13,00:00,40.8310849,-73.8690807,ROSEDALE AVE,10472,43,UNKNOWN,Street,0.6176849563321464,False,BRONX,"(40.8310849, -73.8690807)",trafficstat,True,False,False,False,False,False,False,True,False,,,,,,,
2026-08-12,00:00,40.835701,-73.8685635,CROSS BRONX EXPY,10460,43,UNKNOWN,Highway,7.321205566686661,False,BRONX,"(40.835701, -73.8685635)",trafficstat,True,False,False,False,False,False,False,True,False,,,,,,,
2026-06-19,00:00,40.835701,-73.8685635,CROSS BRONX EXPY,10460,43,UNKNOWN,Highway,7.321205566686661,False,BRONX,"(40.835701, -73.8685635)",trafficstat,False,False,False,False,False,False,False,False,False,,,,,,,
2026-08-12,00:00,40.8281404,-73.8451708,CROSS BRONX EXPY,10472,43,UNKNOWN,Highway,1.3325086834369821,False,BRONX,"(40.8281404, -73.8451708)",trafficstat,True,False,False,False,False,False,False,False,True,,,,,,,
2026-08-12,00:00,40.83521,-73.85497,OLMSTEAD AVE,10462,43,UNKNOWN,Street,0.5256486604675703,False,BRONX,"(40.83521, -73.85497)",trafficstat,True,False,True,False,False,False,False,False,False,,,,,,,
2026-08-12,00:00,40.8364742,-73.8609389,YANKEE MALL,10462,43,OTHER,Street,2.6568927742708857,False,BRONX,"(40.8364742, -73.8609389)",trafficstat,True,False,False,False,False,False,False,True,False,,,,,,,
2026-08-12,00:00,40.8367102,-73.8752602,BRONX RIVER AVE,10460,43,UNKNOWN,Street,2.7237199895986977,False,BRONX,"(40.8367102, -73.8752602)",trafficstat,True,False,False,False,False,False,False,False,True,,,,,,,
2026-08-11,00:00,40.8364114,-73.8755911,CROSS BRONX EXPY,10460,43,UNKNOWN,Highway,5.93346740155174,False,BRONX,"(40.8364114, -73.8755911)",trafficstat,False,False,False,False,False,False,False,False,False,,,,,,,
2026-08-11,00:00,40.8344253,-73.8792541,BRONX RIVER AVE,10472,43,UNKNOWN,Street,1.3713365370415311,False,BRONX,"(40.8344253, -73.8792541)",trafficstat,True,False,False,False,False,False,True,False,False,,,,,,,
2026-07-04,00:00,40.8344253,-73.8792541,BRONX RIVER AVE,10472,43,UNKNOWN,Street,1.3713365370415311,False,BRONX,"(40.8344253, -73.8792541)",trafficstat,True,False,False,False,False,False,False,True,False,,,,,,,
2026-08-11,00:00,40.8133625,-73.8577214,SOUNDVIEW AVE,10473,43,UNKNOWN,Street,1.7348448775557446,False,BRONX,"(40.8133625, -73.8577214)",trafficstat,True,False,False,False,False,False,False,False,True,,,,,,,
2026-08-11,00:00,40.8260658,-73.8646145,BEACH AVE PEDESTRIAN OPAS,10473,43,UNKNOWN,Bridge,99.4590019789981,False,BRONX,"(40.8260658, -73.8646145)",trafficstat,False,False,False,False,False,False,False,False,False,,,,,,,
2026-08-11,00:00,40.825308,-73.8499172,STORY AVE,10473,43,UNKNOWN,Street,37.23948898678042,False,BRONX,"(40.825308, -73.8499172)",trafficstat,False,False,False,False,False,False,False,False,False,,,,,,,
2026-08-10,00:00,40.8240945,-73.8743386,BRUCKNER EXPY,10473,43,UNKNOWN,Highway,0.303773370166965,False,BRONX,"(40.8240945, -73.8743386)",trafficstat,False,False,False,False,False,False,False,False,False,,,,,,,
2026-07-15,00:00,40.8240945,-73.8743386,BRUCKNER EXPY,10473,43,UNKNOWN,Highway,0.303773370166965,False,BRONX,"(40.8240945, -73.8743386)",trafficstat,False,False,False,False,False,False,False,False,False,,,,,,,
2026-08-10,00:00,40.8265564,-73.8555086,BRUCKNER EXPY,10473,43,OTHER,Highway,12.074363197288433,False,BRONX,"(40.8265564, -73.8555086)",trafficstat,False,False,False,False,False,False,False,False,False,,,,,,,
2026-08-10,00:00,40.8277322,-73.8437431,ZEREGA AVE,10473,43,OTHER,Street,0.45902250264254374,False,BRONX,"(40.8277322, -73.8437431)",trafficstat,True,False,False,False,False,False,False,True,False,,,,,,,
2026-07-21,00:00,40.8277322,-73.8437431,ZEREGA AVE,10473,43,UNKNOWN,Street,0.45902250264254374,False,BRONX,"(40.8277322, -73.8437431)",trafficstat,True,False,False,False,False,False,False,True,False,,,,,,,
2026-08-10,00:00,40.8274252,-73.8682243,ROSEDALE AVE,10472,43,OTHER,Street,1.509510403497218,False,BRONX,"(40.8274252, -73.8682243)",trafficstat,True,False,True,False,False,False,False,False,False,,,,,,,
2026-08-10,00:00,40.8168586,-73.8652215,RANDALL AVE,10473,43,OTHER,Street,55.264016464875,False,BRONX,"(40.8168586, -73.8652215)",trafficstat,True,False,True,False,False,False,False,False,False,,,,,,,
2026-08-10,00:00,40.8222495,-73.8626387,THIERIOT AVE,10473,43,OTHER,Street,118.56397864648372,False,BRONX,"(40.8222495, -73.8626387)",trafficstat,True,False,False,False,True,False,False,False,False,,,,,,,
2026-08-10,00:00,40.8333663,-73.85138,CASTLE HILL AVE,10462,43,UNKNOWN,Street,0.24457782797707395,False,BRONX,"(40.8333663, -73.85138)",trafficstat,False,False,False,False,False,False,False,False,False,,,,,,,
2026-08-10,00:00,40.8352482,-73.8576973,MCGRAW AVE,10462,43,UNKNOWN,Street,39.957532649432814,False,BRONX,"(40.8352482, -73.8576973)",trafficstat,False,False,False,False,False,False,False,False,False,,,,,,,
2026-08-09,00:00,40.8351802,-73.8667938,CROSS BRONX EXPY,10460,43,UNKNOWN,Highway,1.6045224413919232,False,BRONX,"(40.8351802, -73.8667938)",trafficstat,False,False,False,False,False,False,False,False,False,,,,,,,
2026-08-08,00:00,40.8351802,-73.8667938,CROSS BRONX EXPY,10460,43,UNKNOWN,Highway,1.6045224413919232,False,BRONX,"(40.8351802, -73.8667938)",trafficstat,False,False,False,False,False,False,False,False,False,,,,,,,
2026-08-09,00:00,40.8294151,-73.8730675,BRONX RIVER PKWY,10472,43,UNKNOWN,Highway,9.218304984213939,False,BRONX,"(40.8294151, -73.8730675)",trafficstat,True,False,False,False,False,True,False,False,False,,,,,,,
2026-08-09,00:00,40.8309143,-73.8735922,BRONX RIVER PKWY,10472,43,UNKNOWN,Highway,2.33453443588626,False,BRONX,"(40.8309143, -73.8735922)",trafficstat,True,False,False,False,False,False,False,True,False,,,,,,,
2026-07-27,00:00,40.8309143,-73.8735922,BRONX RIVER PKWY,10472,43,UNKNOWN,Highway,2.33453443588626,False,BRONX,"(40.8309143, -73.8735922)",trafficstat,False,False,False,False,False,False,False,False,False,,,,,,,
2026-08-08,00:00,40.8309881,-73.8589169,GLEASON AVE,10472,43,UNKNOWN,Street,40.475768845734464,False,BRONX,"(40.8309881, -73.8589169)",trafficstat,False,False,False,False,False,False,False,False,False,,,,,,,
2026-08-08,00:00,40.8285699,-73.8774221,WARD AVE,10472,43,UNKNOWN,Street,44.616791415761284,False,BRONX,"(40.8285699, -73.8774221)",trafficstat,True,False,True,False,False,False,False,False,False,,,,,,,
2026-08-08,00:00,40.834427,-73.87926,BRONX RIVER AVE,10472,43,UNKNOWN,Street,0.3446529919675422,False,BRONX,"(40.834427, -73.87926)",trafficstat,False,False,False,False,False,False,False,False,False,,,,,,,
2026-08-07,00:00,40.8286835,-73.8595289,VIRGINIA AVE,10472,43,UNKNOWN,Street,39.310234351564034,False,BRONX,"(40.8286835, -73.8595289)",trafficstat,False,False,False,False,False,False,False,False,False,,,,,,,
2026-08-06,00:00,40.8244202,-73.873567,BRUCKNER BLVD,10472,43,UNKNOWN,Street,2.952840206239836,False,BRONX,"(40.8244202, -73.873567)",trafficstat,False,False,False,False,False,False,False,False,False,,,,,,,
2026-08-03,00:00,40.8244202,-73.873567,BRUCKNER BLVD,10472,43,UNKNOWN,Street,2.952840206239836,False,BRONX,"(40.8244202, -73.873567)",trafficstat,False,False,False,False,False,False,False,False,False,,,,,,,
2026-07-26,00:00,40.8244202,-73.873567,BRUCKNER BLVD,10472,43,UNKNOWN,Street,2.952840206239836,False,BRONX,"(40.8244202, -73.873567)",trafficstat,True,False,False,False,False,False,False,False,False,,,,,,,
2026-08-06,00:00,40.8217562,-73.8602001,LAFAYETTE AVE,10473,43,UNKNOWN,Street,2.8035819516513554,False,BRONX,"(40.8217562, -73.8602001)",trafficstat,True,False,False,False,False,False,False,False,False,,,,,,,
2026-08-06,00:00,40.8173663,-73.850093,OLMSTEAD AVE,10473,43,UNKNOWN,Street,191.97397731028633,False,BRONX,"(40.8173663, -73.850093)",trafficstat,True,False,False,False,False,False,False,False,False,,,,,,,
2026-08-01,00:00,40.8173663,-73.850093,OLMSTEAD AVE,10473,43,UNKNOWN,Street,191.97397731028633,False,BRONX,"(40.8173663, -73.850093)",trafficstat,False,False,False,False,False,False,False,False,False,,,,,,,
2026-08-06,00:00,40.8210107,-73.8657477,COMMONWEALTH AVE,10473,43,UNKNOWN,Street,0.508612070789425,False,BRONX,"(40.8210107, -73.8657477)",trafficstat,False,False,False,False,False,False,False,False,False,,,,,,,
2026-06-22,00:00,40.8210107,-73.8657477,COMMONWEALTH AVE,10473,43,OTHER,Street,0.508612070789425,False,BRONX,"(40.8210107, -73.8657477)",trafficstat,False,False,False,False,False,False,False,False,False,,,,,,,
2026-08-06,00:00,40.8389026,-73.866737,TAYLOR AVE,10460,43,UNKNOWN,Street,33.678587701920456,False,BRONX,"(40.8389026, -73.866737)",trafficstat,True,False,False,True,False,False,False,False,False,,,,,,,
2026-08-05,00:00,40.8331158,-73.8631958,WESTCHESTER AVE,10472,43,UNKNOWN,Street,104.12672970634507,False,BRONX,"(40.8331158, -73.8631958)",trafficstat,False,False,False,False,False,False,False,False,False,,,,,,,
2026-08-05,00:00,40.8216615,-73.8656945,SOUNDVIEW AVE,10473,43,UNKNOWN,Street,156.3488782199911,False,BRONX,"(40.8216615, -73.8656945)",trafficstat,True,False,False,False,False,False,False,False,False,,,,,,,
2026-08-04,00:00,40.8210372,-73.868522,CLASON POINT LN,10473,43,UNKNOWN,Street,125.99487531278633,False,BRONX,"(40.8210372, -73.868522)",trafficstat,False,False,False,False,False,False,False,False,False,,,,,,,