crash_date,crash_time,latitude,longitude,on_street_name,zip_code,precinct,collision_type,roadway_type,geocode_dist_feet,time_is_known,borough,location,source,injury,fatality,injured_pedestrian,injured_cyclist,injured_ebike_rider,injured_motorcyclist,injured_moped_rider,injured_car_occupant,injured_suv_occupant,number_of_persons_injured,number_of_persons_killed,contributing_factor_vehicle_1,collision_id,cross_street_name,off_street_name,vehicle_type_code1
2026-08-03,00:00,40.8284654,-73.8754576,STRATFORD AVE,10472,43,UNKNOWN,Street,35.66304712246326,False,BRONX,"(40.8284654, -73.8754576)",trafficstat,False,False,False,False,False,False,False,False,False,,,,,,,
2026-08-03,00:00,40.8359688,-73.8699926,ROSEDALE AVE,10460,43,OTHER,Street,0.3315094676498323,False,BRONX,"(40.8359688, -73.8699926)",trafficstat,True,False,False,False,False,True,False,False,False,,,,,,,
2026-07-24,00:00,40.8359688,-73.8699926,ROSEDALE AVE,10460,43,UNKNOWN,Street,0.3315094676498323,False,BRONX,"(40.8359688, -73.8699926)",trafficstat,False,False,False,False,False,False,False,False,False,,,,,,,
2026-07-09,00:00,40.8359688,-73.8699926,ROSEDALE AVE,10460,43,UNKNOWN,Street,0.3315094676498323,False,BRONX,"(40.8359688, -73.8699926)",trafficstat,True,False,False,False,False,False,False,False,False,,,,,,,
2026-07-01,00:00,40.8359688,-73.8699926,ROSEDALE AVE,10460,43,UNKNOWN,Street,0.3315094676498323,False,BRONX,"(40.8359688, -73.8699926)",trafficstat,False,False,False,False,False,False,False,False,False,,,,,,,
2026-08-02,00:00,40.8253089,-73.8829645,WATSON AVE,10472,43,UNKNOWN,Street,49.858665496138094,False,BRONX,"(40.8253089, -73.8829645)",trafficstat,True,False,False,False,False,False,False,False,False,,,,,,,
2026-08-02,00:00,40.8261889,-73.8822969,CLOSE AVE,10472,43,UNKNOWN,Street,37.44388603961792,False,BRONX,"(40.8261889, -73.8822969)",trafficstat,False,False,False,False,False,False,False,False,False,,,,,,,
2026-08-02,00:00,40.8255328,-73.8601163,BOLTON AVE,10473,43,UNKNOWN,Street,0.0041234193833443065,False,BRONX,"(40.8255328, -73.8601163)",trafficstat,False,False,False,False,False,False,False,False,False,,,,,,,
2026-08-02,00:00,40.8365811,-73.8669638,BEACH AVE,10460,43,UNKNOWN,Street,34.92548117924699,False,BRONX,"(40.8365811, -73.8669638)",trafficstat,False,False,False,False,False,False,False,False,False,,,,,,,
2026-08-01,00:00,40.8367105,-73.8681843,ST LAWRENCE AVE,10460,43,UNKNOWN,Street,0.264215916813522,False,BRONX,"(40.8367105, -73.8681843)",trafficstat,False,False,False,False,False,False,False,False,False,,,,,,,
2026-08-01,00:00,40.8377174,-73.8539922,ST RAYMOND AVE,10462,43,UNKNOWN,Street,31.773102223794247,False,BRONX,"(40.8377174, -73.8539922)",trafficstat,True,False,True,False,False,False,False,False,False,,,,,,,
2026-08-01,00:00,40.8271846,-73.8530921,BRUCKNER BLVD,10472,43,OTHER,Street,3.31390751117687,False,BRONX,"(40.8271846, -73.8530921)",trafficstat,True,False,True,False,False,False,False,False,False,,,,,,,
2026-07-28,00:00,40.8271846,-73.8530921,BRUCKNER BLVD,10472,43,UNKNOWN,Street,3.31390751117687,False,BRONX,"(40.8271846, -73.8530921)",trafficstat,True,False,False,False,False,False,False,True,False,,,,,,,
2026-08-01,00:00,40.828304,-73.88295,CLOSE AVE,10472,43,UNKNOWN,Street,0.08976118885886779,False,BRONX,"(40.828304, -73.88295)",trafficstat,True,False,False,False,False,False,False,False,False,,,,,,,
2026-07-31,00:00,40.8239498,-73.8607014,UNDERHILL AVE,10473,43,UNKNOWN,Street,0.415416373292159,False,BRONX,"(40.8239498, -73.8607014)",trafficstat,True,False,False,False,False,True,False,False,False,,,,,,,
2026-07-31,00:00,40.8339651,-73.862892,CROSS BRONX EXPY,10460,43,UNKNOWN,Highway,14.653897721527727,False,BRONX,"(40.8339651, -73.862892)",trafficstat,True,False,False,False,False,False,False,True,False,,,,,,,
2026-07-08,00:00,40.8339651,-73.862892,CROSS BRONX EXPY,10460,43,OTHER,Highway,14.653897721527727,False,BRONX,"(40.8339651, -73.862892)",trafficstat,True,False,True,False,False,False,False,False,False,,,,,,,
2026-07-07,00:00,40.8339651,-73.862892,CROSS BRONX EXPY,10460,43,UNKNOWN,Highway,14.653897721527727,False,BRONX,"(40.8339651, -73.862892)",trafficstat,False,False,False,False,False,False,False,False,False,,,,,,,
2026-06-25,00:00,40.8339651,-73.862892,CROSS BRONX EXPY,10460,43,UNKNOWN,Highway,14.653897721527727,False,BRONX,"(40.8339651, -73.862892)",trafficstat,False,False,False,False,False,False,False,False,False,,,,,,,
2026-07-31,00:00,40.832022,-73.8562014,CROSS BRONX EXPY,10472,43,OTHER,Highway,4.790030170965443,False,BRONX,"(40.832022, -73.8562014)",trafficstat,True,False,False,False,False,False,False,True,False,,,,,,,
2026-07-30,00:00,40.8306334,-73.8520488,CROSS BRONX EXPY,10472,43,UNKNOWN,Highway,14.056381759650028,False,BRONX,"(40.8306334, -73.8520488)",trafficstat,True,False,False,False,False,False,False,False,True,,,,,,,
2026-07-29,00:00,40.8307178,-73.8848408,EDGEWATER RD,10459,43,UNKNOWN,Street,45.89152458962527,False,BRONX,"(40.8307178, -73.8848408)",trafficstat,False,False,False,False,False,False,False,False,False,,,,,,,
2026-07-29,00:00,40.835835,-73.8730719,FTELEY AVE,10472,43,UNKNOWN,Street,0.08629257629410948,False,BRONX,"(40.835835, -73.8730719)",trafficstat,False,False,False,False,False,False,False,False,False,,,,,,,
2026-06-20,00:00,40.835835,-73.8730719,FTELEY AVE,10472,43,UNKNOWN,Street,0.08629257629410948,False,BRONX,"(40.835835, -73.8730719)",trafficstat,False,False,False,False,False,False,False,False,False,,,,,,,
2026-07-29,00:00,40.8370786,-73.8712305,NOBLE AVE,10460,43,UNKNOWN,Street,64.18201777250584,False,BRONX,"(40.8370786, -73.8712305)",trafficstat,False,False,False,False,False,False,False,False,False,,,,,,,
2026-07-22,00:00,40.8370786,-73.8712305,NOBLE AVE,10460,43,UNKNOWN,Street,64.18201777250584,False,BRONX,"(40.8370786, -73.8712305)",trafficstat,False,False,False,False,False,False,False,False,False,,,,,,,
2026-07-27,00:00,40.837251,-73.8701649,ROSEDALE AVE,10460,43,OTHER,Street,42.211296984222514,False,BRONX,"(40.837251, -73.8701649)",trafficstat,False,False,False,False,False,False,False,False,False,,,,,,,
2026-07-27,00:00,40.8297534,-73.8737303,HARROD PL,10472,43,UNKNOWN,Street,0.5123048795617899,False,BRONX,"(40.8297534, -73.8737303)",trafficstat,False,False,False,False,False,False,False,False,False,,,,,,,
2026-07-27,00:00,40.8237823,-73.8724423,BRONX RIVER PARKWAY EXIT 1 SB,10473,43,UNKNOWN,Ramp,0.6926271979781523,False,BRONX,"(40.8237823, -73.8724423)",trafficstat,True,False,False,False,False,False,False,True,False,,,,,,,
2026-07-26,00:00,40.8362826,-73.8758117,CROSS BRONX EXPWY EB ET 4 B,10472,43,UNKNOWN,Ramp,5.847800506345874,False,BRONX,"(40.8362826, -73.8758117)",trafficstat,False,False,False,False,False,False,False,False,False,,,,,,,
2026-07-25,00:00,40.8221347,-73.8669919,ROSEDALE AVE,10473,43,UNKNOWN,Street,0.28537741357364443,False,BRONX,"(40.8221347, -73.8669919)",trafficstat,False,False,False,False,False,False,False,False,False,,,,,,,
2026-07-25,00:00,40.8267637,-73.8727168,BRONX RIVER PKWY,10472,43,UNKNOWN,Highway,10.379522909803935,False,BRONX,"(40.8267637, -73.8727168)",trafficstat,True,False,False,False,False,False,False,False,False,,,,,,,
2026-07-25,00:00,40.8286604,-73.8782347,BOYNTON AVE,10472,43,OTHER,Street,0.06707939160956405,False,BRONX,"(40.8286604, -73.8782347)",trafficstat,True,False,False,False,False,False,False,False,False,,,,,,,
2026-07-25,00:00,40.8282264,-73.85649,PUGSLEY AVE,10472,43,UNKNOWN,Street,0.27858654595640464,False,BRONX,"(40.8282264, -73.85649)",trafficstat,True,False,True,False,False,False,False,False,False,,,,,,,
2026-07-25,00:00,40.8326953,-73.8636643,LELAND AVE,10472,43,UNKNOWN,Street,0.20025257081206632,False,BRONX,"(40.8326953, -73.8636643)",trafficstat,True,False,False,False,False,False,False,True,True,,,,,,,
2026-07-25,00:00,40.8319596,-73.8666062,WESTCHESTER AVE,10472,43,UNKNOWN,Street,49.99686465566686,False,BRONX,"(40.8319596, -73.8666062)",trafficstat,True,False,False,False,False,False,False,False,False,,,,,,,
2026-07-24,00:00,40.8147828,-73.8633289,ST LAWRENCE AVE,10473,43,UNKNOWN,Street,0.07484945052558395,False,BRONX,"(40.8147828, -73.8633289)",trafficstat,True,False,False,False,False,False,False,True,False,,,,,,,
2026-07-05,00:00,40.8147828,-73.8633289,ST LAWRENCE AVE,10473,43,UNKNOWN,Street,0.07484945052558395,False,BRONX,"(40.8147828, -73.8633289)",trafficstat,True,False,False,True,False,False,False,False,False,,,,,,,
2026-07-24,00:00,40.8393337,-73.8612142,UNIONPORT RD,10462,43,UNKNOWN,Street,38.229918803415345,False,BRONX,"(40.8393337, -73.8612142)",trafficstat,True,False,False,False,False,False,False,True,False,,,,,,,
2026-07-23,00:00,40.8275951,-73.8500307,CASTLE HILL AVE,10473,43,UNKNOWN,Street,0.379624168941794,False,BRONX,"(40.8275951, -73.8500307)",trafficstat,False,False,False,False,False,False,False,False,False,,,,,,,
2026-07-11,00:00,40.8275951,-73.8500307,CASTLE HILL AVE,10473,43,UNKNOWN,Street,0.379624168941794,False,BRONX,"(40.8275951, -73.8500307)",trafficstat,True,False,False,False,False,False,False,True,False,,,,,,,
2026-06-15,00:00,40.8275951,-73.8500307,CASTLE HILL AVE,10473,43,UNKNOWN,Street,0.379624168941794,False,BRONX,"(40.8275951, -73.8500307)",trafficstat,True,False,False,False,False,False,False,False,False,,,,,,,
2026-07-22,00:00,40.8282569,-73.8610877,WATSON AVE,10472,43,UNKNOWN,Street,43.841687907710195,False,BRONX,"(40.8282569, -73.8610877)",trafficstat,True,False,False,True,False,False,False,False,False,,,,,,,
2026-07-22,00:00,40.8267713,-73.8561499,BRUCKNER BLVD,10472,43,UNKNOWN,Street,2.6363539829302804,False,BRONX,"(40.8267713, -73.8561499)",trafficstat,False,False,False,False,False,False,False,False,False,,,,,,,
2026-07-22,00:00,40.8227952,-73.8838183,BRUCKNER EXPY,10473,43,OTHER,Bridge,1.5906478318727126,False,BRONX,"(40.8227952, -73.8838183)",trafficstat,True,False,False,False,False,False,False,False,True,,,,,,,
2026-07-22,00:00,40.8171606,-73.8524181,CICERO AVE,10473,43,UNKNOWN,Street,53.41203744312312,False,BRONX,"(40.8171606, -73.8524181)",trafficstat,False,False,False,False,False,False,False,False,False,,,,,,,
2026-07-22,00:00,40.8410868,-73.8644784,WHITE PLAINS RD,10462,43,UNKNOWN,Street,0.4734362288432547,False,BRONX,"(40.8410868, -73.8644784)",trafficstat,True,False,False,False,False,False,False,False,False,,,,,,,
2026-07-21,00:00,40.8150583,-73.8595747,LELAND AVE,10473,43,OTHER,Street,0.5326886976188696,False,BRONX,"(40.8150583, -73.8595747)",trafficstat,True,False,False,True,False,False,False,False,False,,,,,,,
2026-07-21,00:00,40.8315818,-73.8560013,E  177 ST,10462,43,OTHER,Street,23.566953770761565,False,BRONX,"(40.8315818, -73.8560013)",trafficstat,True,False,True,False,False,False,False,False,False,,,,,,,
2026-07-21,00:00,40.8287567,-73.8441721,CROSS BRONX EXPY,10462,43,UNKNOWN,Highway,4.787930588580793,False,BRONX,"(40.8287567, -73.8441721)",trafficstat,True,False,False,False,False,False,False,False,True,,,,,,,
2026-07-20,00:00,40.8191624,-73.8701439,METCALF AVE,10473,43,OTHER,Street,20.780952432017205,False,BRONX,"(40.8191624, -73.8701439)",trafficstat,False,False,False,False,False,False,False,False,False,,,,,,,
2026-07-19,00:00,40.8175921,-73.8657234,ROSEDALE AVE,10473,43,UNKNOWN,Street,56.1167602644262,False,BRONX,"(40.8175921, -73.8657234)",trafficstat,False,False,False,False,False,False,False,False,False,,,,,,,
2026-07-19,00:00,40.8071846,-73.8515432,SOUNDVIEW AVE,10473,43,UNKNOWN,Street,2.7499920533887736,False,BRONX,"(40.8071846, -73.8515432)",trafficstat,False,False,False,False,False,False,False,False,False,,,,,,,
2026-07-19,00:00,40.8341387,-73.8657934,TAYLOR AVE,10472,43,UNKNOWN,Street,0.00895854090641433,False,BRONX,"(40.8341387, -73.8657934)",trafficstat,True,False,False,False,False,False,False,False,False,,,,,,,
2026-07-18,00:00,40.8316213,-73.8523019,GLEASON AVE,10462,43,UNKNOWN,Street,50.01279984627893,False,BRONX,"(40.8316213, -73.8523019)",trafficstat,False,False,False,False,False,False,False,False,False,,,,,,,
2026-07-18,00:00,40.8242082,-73.8587894,WHITE PLAINS RD,10473,43,UNKNOWN,Street,0.485771476457711,False,BRONX,"(40.8242082, -73.8587894)",trafficstat,False,False,False,False,False,False,False,False,False,,,,,,,
2026-07-18,00:00,40.8234942,-73.854192,TURNBULL AVE,10473,43,OTHER,Street,50.913742100330104,False,BRONX,"(40.8234942, -73.854192)",trafficstat,True,False,True,False,False,False,False,False,False,,,,,,,
2026-07-18,00:00,40.8236703,-73.8459566,HAVEMEYER AVE,10473,43,UNKNOWN,Street,0.49414995412624846,False,BRONX,"(40.8236703, -73.8459566)",trafficstat,True,False,False,True,False,False,False,False,False,,,,,,,
2026-07-18,00:00,40.8248292,-73.8686428,BRUCKNER EXPY,10473,43,UNKNOWN,Highway,0.7166287267918777,False,BRONX,"(40.8248292, -73.8686428)",trafficstat,True,False,False,False,False,False,False,False,True,,,,,,,
2026-07-17,00:00,40.8280353,-73.8623155,WATSON AVE,10472,43,OTHER,Street,67.35384155621857,False,BRONX,"(40.8280353, -73.8623155)",trafficstat,False,False,False,False,False,False,False,False,False,,,,,,,
2026-07-17,00:00,40.8305025,-73.8616199,WHITE PLAINS RD,10472,43,UNKNOWN,Street,0.9944831398482195,False,BRONX,"(40.8305025, -73.8616199)",trafficstat,False,False,False,False,False,False,False,False,False,,,,,,,
2026-07-17,00:00,40.8280756,-73.8729689,BRONX RIVER PKWY,10472,43,UNKNOWN,Highway,0.48922607857793265,False,BRONX,"(40.8280756, -73.8729689)",trafficstat,False,False,False,False,False,False,False,False,False,,,,,,,
2026-07-17,00:00,40.8326663,-73.8618864,WESTCHESTER AVE,10472,43,UNKNOWN,Street,106.04950254726317,False,BRONX,"(40.8326663, -73.8618864)",trafficstat,True,False,False,True,False,False,False,False,False,,,,,,,
2026-07-16,00:00,40.8283568,-73.8819824,COLGATE AVE,10472,43,UNKNOWN,Street,0.5181296835359555,False,BRONX,"(40.8283568, -73.8819824)",trafficstat,True,False,False,True,False,False,False,False,False,,,,,,,
2026-07-16,00:00,40.8169067,-73.8475439,CASTLE HILL AVE,10473,43,OTHER,Street,0.08091349212683245,False,BRONX,"(40.8169067, -73.8475439)",trafficstat,False,False,False,False,False,False,False,False,False,,,,,,,
2026-07-15,00:00,40.8235881,-73.8781334,BRUCKNER EXPY,10473,43,UNKNOWN,Highway,0.04224984634637246,False,BRONX,"(40.8235881, -73.8781334)",trafficstat,False,False,False,False,False,False,False,False,False,,,,,,,
2026-07-15,00:00,40.8261757,-73.8496978,CASTLE HILL AVE,10473,43,UNKNOWN,Street,0.03944040145100313,False,BRONX,"(40.8261757, -73.8496978)",trafficstat,False,False,False,False,False,False,False,False,False,,,,,,,
2026-07-15,00:00,40.8295157,-73.8825187,BRONX RIVER AVE,10472,43,OTHER,Street,0.829678012753081,False,BRONX,"(40.8295157, -73.8825187)",trafficstat,False,False,False,False,False,False,False,False,False,,,,,,,
2026-07-13,00:00,40.8298457,-73.8673695,GLEASON AVE,10472,43,UNKNOWN,Street,34.97240041545022,False,BRONX,"(40.8298457, -73.8673695)",trafficstat,False,False,False,False,False,False,False,False,False,,,,,,,
2026-07-12,00:00,40.8339902,-73.8609044,METROPOLITAN AVE,10462,43,UNKNOWN,Street,22.2051702097407,False,BRONX,"(40.8339902, -73.8609044)",trafficstat,False,False,False,False,False,False,False,False,False,,,,,,,
2026-07-12,00:00,40.826504,-73.858498,BRUCKNER BLVD,10472,43,UNKNOWN,Street,17.820268942103148,False,BRONX,"(40.826504, -73.858498)",trafficstat,True,False,False,False,False,False,False,True,False,,,,,,,
2026-07-12,00:00,40.8243109,-73.8764885,WARD AVE,10472,43,UNKNOWN,Street,60.85162015427694,False,BRONX,"(40.8243109, -73.8764885)",trafficstat,False,False,False,False,False,False,False,False,False,,,,,,,
2026-07-12,00:00,40.8212614,-73.8624933,LAFAYETTE AVE,10473,43,UNKNOWN,Street,69.88321386904657,False,BRONX,"(40.8212614, -73.8624933)",trafficstat,False,False,False,False,False,False,False,False,False,,,,,,,
2026-07-12,00:00,40.8094826,-73.8542257,NEWMAN AVE,10473,43,UNKNOWN,Street,0.27497010833812496,False,BRONX,"(40.8094826, -73.8542257)",trafficstat,True,False,False,False,False,False,True,False,False,,,,,,,
2026-07-12,00:00,40.8145912,-73.8669218,BRONX RIVER AVE,10473,43,UNKNOWN,Street,40.03362662317135,False,BRONX,"(40.8145912, -73.8669218)",trafficstat,False,False,False,False,False,False,False,False,False,,,,,,,
2026-07-11,00:00,40.8163875,-73.869601,RANDALL AVE,10473,43,UNKNOWN,Street,0.17657641205569846,False,BRONX,"(40.8163875, -73.869601)",trafficstat,False,False,False,False,False,False,False,False,False,,,,,,,
2026-07-11,00:00,40.8254563,-73.8495296,CASTLE HILL AVE,10473,43,OTHER,Street,0.07443500841098048,False,BRONX,"(40.8254563, -73.8495296)",trafficstat,True,False,True,False,False,False,False,False,False,,,,,,,
2026-07-11,00:00,40.8284049,-73.8439077,ZEREGA AVE,10473,43,UNKNOWN,Street,0.6309743204983123,False,BRONX,"(40.8284049, -73.8439077)",trafficstat,True,False,False,False,False,False,False,False,True,,,,,,,
2026-07-10,00:00,40.8350677,-73.8544929,UNIONPORT RD,10462,43,UNKNOWN,Street,54.696370386111084,False,BRONX,"(40.8350677, -73.8544929)",trafficstat,False,False,False,False,False,False,False,False,False,,,,,,,
2026-07-09,00:00,40.8336969,-73.8605869,HUGH J GRANT CIR,10462,43,OTHER,Street,49.371610049733114,False,BRONX,"(40.8336969, -73.8605869)",trafficstat,True,False,True,False,False,False,False,False,False,,,,,,,
2026-07-09,00:00,40.8261772,-73.8765396,WARD AVE,10472,43,OTHER,Street,43.97644203804085,False,BRONX,"(40.8261772, -73.8765396)",trafficstat,True,False,True,False,False,False,False,False,False,,,,,,,
2026-07-09,00:00,40.8264628,-73.8763158,WATSON AVE,10472,43,UNKNOWN,Street,43.57843210124004,False,BRONX,"(40.8264628, -73.8763158)",trafficstat,True,False,False,False,False,False,False,True,False,,,,,,,
2026-07-09,00:00,40.8173903,-73.8438794,ZEREGA AVE,10473,43,OTHER,Street,2.3618987264124773,False,BRONX,"(40.8173903, -73.8438794)",trafficstat,False,False,False,False,False,False,False,False,False,,,,,,,
2026-07-09,00:00,40.8214552,-73.8802015,COLGATE AVE,10473,43,UNKNOWN,Street,44.74979964104787,False,BRONX,"(40.8214552, -73.8802015)",trafficstat,False,False,False,False,False,False,False,False,False,,,,,,,
2026-07-08,00:00,40.8223007,-73.8729929,MORRISON AVE,10473,43,UNKNOWN,Street,0.6598551482474481,False,BRONX,"(40.8223007, -73.8729929)",trafficstat,True,False,False,False,False,False,False,True,False,,,,,,,
2026-07-07,00:00,40.8237463,-73.877279,BRUCKNER EXPY,10473,43,UNKNOWN,Highway,14.988326540799264,False,BRONX,"(40.8237463, -73.877279)",trafficstat,False,False,False,False,False,False,False,False,False,,,,,,,
2026-07-07,00:00,40.8326747,-73.8641223,WESTCHESTER AVE,10472,43,UNKNOWN,Street,41.903694261806116,False,BRONX,"(40.8326747, -73.8641223)",trafficstat,True,False,False,False,False,False,False,True,False,,,,,,,
2026-07-06,00:00,40.8341221,-73.8632653,CROSS BRONX EXPY,10460,43,OTHER,Highway,2.163025055572167,False,BRONX,"(40.8341221, -73.8632653)",trafficstat,True,False,False,False,False,False,False,True,False,,,,,,,
2026-06-21,00:00,40.8341221,-73.8632653,CROSS BRONX EXPY,10460,43,UNKNOWN,Highway,2.163025055572167,False,BRONX,"(40.8341221, -73.8632653)",trafficstat,False,False,False,False,False,False,False,False,False,,,,,,,
2026-07-06,00:00,40.8335485,-73.8592181,WESTCHESTER AVE,10462,43,OTHER,Street,51.286238896815775,False,BRONX,"(40.8335485, -73.8592181)",trafficstat,False,False,False,False,False,False,False,False,False,,,,,,,
2026-07-06,00:00,40.8258007,-73.8661808,BRUCKNER BLVD,10472,43,UNKNOWN,Street,134.63212103358376,False,BRONX,"(40.8258007, -73.8661808)",trafficstat,True,False,False,False,False,False,False,True,False,,,,,,,
2026-07-06,00:00,40.8270972,-73.8656587,BEACH AVE,10472,43,UNKNOWN,Street,109.66642548939303,False,BRONX,"(40.8270972, -73.8656587)",trafficstat,True,False,False,False,False,False,False,True,False,,,,,,,
2026-07-05,00:00,40.8145298,-73.8652188,SOUNDVIEW PARK PATH,10473,43,UNKNOWN,Street,0.5019788868710485,False,BRONX,"(40.8145298, -73.8652188)",trafficstat,True,False,False,False,False,False,True,False,False,,,,,,,
2026-07-04,00:00,40.8213829,-73.8508623,HOMER AVE,10473,43,UNKNOWN,Street,67.006361558605,False,BRONX,"(40.8213829, -73.8508623)",trafficstat,True,False,False,True,False,False,False,False,False,,,,,,,
2026-07-04,00:00,40.832331,-73.8739436,BRONX RIVER PKWY,10472,43,UNKNOWN,Highway,2.7986031243052016,False,BRONX,"(40.832331, -73.8739436)",trafficstat,True,False,False,False,False,False,False,False,True,,,,,,,
2026-07-04,00:00,40.8330601,-73.8481465,HAVEMEYER AVE,10462,43,UNKNOWN,Street,0.057342604640558924,False,BRONX,"(40.8330601, -73.8481465)",trafficstat,True,False,False,False,False,False,False,True,False,,,,,,,
2026-07-03,00:00,40.8332877,-73.8609615,CROSS BRONX EXPY,10472,43,OTHER,Highway,11.133114010229185,False,BRONX,"(40.8332877, -73.8609615)",trafficstat,True,False,False,False,False,False,False,False,True,,,,,,,
2026-07-03,00:00,40.8315135,-73.8769936,MANOR AVE,10472,43,OTHER,Street,0.31603804163023247,False,BRONX,"(40.8315135, -73.8769936)",trafficstat,True,False,False,False,False,False,False,False,True,,,,,,,
2026-07-03,00:00,40.820151,-73.8724695,LAFAYETTE AVE,10473,43,UNKNOWN,Street,2.63977083640583,False,BRONX,"(40.820151, -73.8724695)",trafficstat,False,False,False,False,False,False,False,False,False,,,,,,,
2026-07-03,00:00,40.8191129,-73.8651616,COMMONWEALTH AVE,10473,43,UNKNOWN,Street,35.79476220379941,False,BRONX,"(40.8191129, -73.8651616)",trafficstat,True,False,False,False,False,False,False,True,False,,,,,,,
2026-07-02,00:00,40.8168058,-73.8657453,ROSEDALE AVE,10473,43,UNKNOWN,Street,0.21131301724691529,False,BRONX,"(40.8168058, -73.8657453)",trafficstat,False,False,False,False,False,False,False,False,False,,,,,,,
2026-07-02,00:00,40.8246283,-73.8833055,BRONX RIVER AVE,10472,43,UNKNOWN,Street,58.02420785902179,False,BRONX,"(40.8246283, -73.8833055)",trafficstat,False,False,False,False,False,False,False,False,False,,,,,,,
2026-07-02,00:00,40.8354739,-73.8668894,E  177 ST,10460,43,UNKNOWN,Street,2.6210689083606296,False,BRONX,"(40.8354739, -73.8668894)",trafficstat,False,False,False,False,False,False,False,False,False,,,,,,,
2026-07-01,00:00,40.8292323,-73.876078,WESTCHESTER AVE,10472,43,OTHER,Street,52.315792750734374,False,BRONX,"(40.8292323, -73.876078)",trafficstat,True,False,True,False,False,False,False,False,False,,,,,,,
2026-06-30,00:00,40.8279159,-73.8633882,THIERIOT AVE,10472,43,UNKNOWN,Street,41.32036416552024,False,BRONX,"(40.8279159, -73.8633882)",trafficstat,True,False,True,False,False,False,False,False,False,,,,,,,
2026-06-30,00:00,40.8333701,-73.8580183,WESTCHESTER AVE,10462,43,UNKNOWN,Street,59.32685934613804,False,BRONX,"(40.8333701, -73.8580183)",trafficstat,True,False,False,True,False,False,False,False,False,,,,,,,
2026-06-30,00:00,40.8226981,-73.8700005,CLASON POINT LN,10473,43,OTHER,Street,0.13464674193695053,False,BRONX,"(40.8226981, -73.8700005)",trafficstat,True,False,False,False,False,False,False,True,False,,,,,,,
2026-06-30,00:00,40.8226981,-73.8700005,CLASON POINT LN,10473,43,UNKNOWN,Street,0.13464674193695053,False,BRONX,"(40.8226981, -73.8700005)",trafficstat,True,False,False,False,False,False,False,True,False,,,,,,,
2026-06-30,00:00,40.8231099,-73.8699099,FTELEY AVE,10473,43,UNKNOWN,Street,52.233733166012975,False,BRONX,"(40.8231099, -73.8699099)",trafficstat,False,False,False,False,False,False,False,False,False,,,,,,,
2026-06-30,00:00,40.8211238,-73.8485206,CASTLE HILL AVE,10473,43,UNKNOWN,Street,0.21899514290255515,False,BRONX,"(40.8211238, -73.8485206)",trafficstat,False,False,False,False,False,False,False,False,False,,,,,,,
2026-06-29,00:00,40.826424,-73.85867,BRUCKNER BLVD,10472,43,UNKNOWN,Street,3.1439291930991717,False,BRONX,"(40.826424, -73.85867)",trafficstat,False,False,False,False,False,False,False,False,False,,,,,,,
2026-06-29,00:00,40.8362561,-73.8532238,PURDY ST,10462,43,UNKNOWN,Street,0.3867562533982434,False,BRONX,"(40.8362561, -73.8532238)",trafficstat,True,False,False,False,False,False,False,False,False,,,,,,,
2026-06-28,00:00,40.822562,-73.8710016,METCALF AVE,10473,43,UNKNOWN,Street,0.21738150342380042,False,BRONX,"(40.822562, -73.8710016)",trafficstat,False,False,False,False,False,False,False,False,False,,,,,,,
2026-06-27,00:00,40.8229893,-73.8678032,SOUNDVIEW AVE,10473,43,OTHER,Street,1.4666046144490041,False,BRONX,"(40.8229893, -73.8678032)",trafficstat,True,False,False,True,False,False,False,False,False,,,,,,,
2026-06-26,00:00,40.8262791,-73.8767251,WARD AVE,10472,43,UNKNOWN,Street,0.08876689654448343,False,BRONX,"(40.8262791, -73.8767251)",trafficstat,False,False,False,False,False,False,False,False,False,,,,,,,
2026-06-26,00:00,40.8283006,-73.8495857,CHATTERTON AVE,10472,43,UNKNOWN,Street,45.20721761981389,False,BRONX,"(40.8283006, -73.8495857)",trafficstat,False,False,False,False,False,False,False,False,False,,,,,,,
2026-06-26,00:00,40.8180551,-73.8688605,SEWARD AVE,10473,43,OTHER,Street,122.49111011115616,False,BRONX,"(40.8180551, -73.8688605)",trafficstat,True,False,False,False,False,False,True,False,False,,,,,,,
2026-06-26,00:00,40.83353,-73.8516244,CASTLE HILL AVE,10462,43,UNKNOWN,Street,49.78835432855334,False,BRONX,"(40.83353, -73.8516244)",trafficstat,True,False,True,False,False,False,False,False,False,,,,,,,
2026-06-26,00:00,40.8332658,-73.8697708,ROSEDALE AVE,10472,43,UNKNOWN,Street,50.279039681923926,False,BRONX,"(40.8332658, -73.8697708)",trafficstat,True,False,False,True,False,False,False,False,False,,,,,,,
2026-06-25,00:00,40.8180004,-73.8453311,HAVEMEYER AVE,10473,43,UNKNOWN,Street,188.0658044689539,False,BRONX,"(40.8180004, -73.8453311)",trafficstat,False,False,False,False,False,False,False,False,False,,,,,,,
2026-06-24,00:00,40.8230191,-73.8827036,BRONX RIVER AVE,10472,43,UNKNOWN,Street,0.09258989500794913,False,BRONX,"(40.8230191, -73.8827036)",trafficstat,True,False,False,False,False,False,False,True,False,,,,,,,