crash_date,crash_time,latitude,longitude,on_street_name,zip_code,precinct,collision_type,roadway_type,geocode_dist_feet,time_is_known,borough,location,source,injury,fatality,injured_pedestrian,injured_cyclist,injured_ebike_rider,injured_motorcyclist,injured_moped_rider,injured_car_occupant,injured_suv_occupant,number_of_persons_injured,number_of_persons_killed,contributing_factor_vehicle_1,collision_id,cross_street_name,off_street_name,vehicle_type_code1
2026-06-24,00:00,40.8240177,-73.8491932,CASTLE HILL AVE,10473,43,OTHER,Street,0.018725929212559837,False,BRONX,"(40.8240177, -73.8491932)",trafficstat,True,False,True,False,False,False,False,False,False,,,,,,,
2026-06-22,00:00,40.8140071,-73.8633455,ST LAWRENCE AVE,10473,43,OTHER,Street,52.97792723962435,False,BRONX,"(40.8140071, -73.8633455)",trafficstat,False,False,False,False,False,False,False,False,False,,,,,,,
2026-06-21,00:00,40.8277271,-73.8497513,BRUCKNER BLVD,10472,43,UNKNOWN,Street,30.574661127252227,False,BRONX,"(40.8277271, -73.8497513)",trafficstat,True,False,False,False,False,False,False,True,False,,,,,,,
2026-06-21,00:00,40.8261945,-73.8764116,WATSON AVE,10472,43,UNKNOWN,Street,48.09193010980399,False,BRONX,"(40.8261945, -73.8764116)",trafficstat,False,False,False,False,False,False,False,False,False,,,,,,,
2026-06-21,00:00,40.8330029,-73.8615425,HUGH J GRANT CIR,10472,43,UNKNOWN,Street,0.9632994178909747,False,BRONX,"(40.8330029, -73.8615425)",trafficstat,False,False,False,False,False,False,False,False,False,,,,,,,
2026-06-13,00:00,40.8330029,-73.8615425,HUGH J GRANT CIR,10472,43,UNKNOWN,Street,0.9632994178909747,False,BRONX,"(40.8330029, -73.8615425)",trafficstat,True,False,False,True,False,False,False,False,False,,,,,,,
2026-06-21,00:00,40.8285482,-73.8814771,WESTCHESTER AVE,10472,43,OTHER,Street,51.81407187149363,False,BRONX,"(40.8285482, -73.8814771)",trafficstat,False,False,False,False,False,False,False,False,False,,,,,,,
2026-06-20,00:00,40.8222549,-73.8729039,MORRISON AVE,10473,43,OTHER,Street,20.532359985412924,False,BRONX,"(40.8222549, -73.8729039)",trafficstat,False,False,False,False,False,False,False,False,False,,,,,,,
2026-06-19,00:00,40.8273423,-73.8497942,BRUCKNER EXPY,10473,43,OTHER,Highway,1.8806296060617886,False,BRONX,"(40.8273423, -73.8497942)",trafficstat,True,False,False,False,False,False,False,False,False,,,,,,,
2026-06-19,00:00,40.8240214,-73.853819,HERMANY AVE,10473,43,UNKNOWN,Street,44.18661762278825,False,BRONX,"(40.8240214, -73.853819)",trafficstat,False,False,False,False,False,False,False,False,False,,,,,,,
2026-06-18,00:00,40.8112319,-73.8598353,THIERIOT AVE,10473,43,UNKNOWN,Street,51.603995501011234,False,BRONX,"(40.8112319, -73.8598353)",trafficstat,False,False,False,False,False,False,False,False,False,,,,,,,
2026-06-18,00:00,40.8305627,-73.870903,CROES AVE,10472,43,UNKNOWN,Street,0.12604719394057884,False,BRONX,"(40.8305627, -73.870903)",trafficstat,True,False,True,False,False,False,False,False,False,,,,,,,
2026-06-17,00:00,40.8320418,-73.8612048,VIRGINIA AVE,10472,43,UNKNOWN,Street,0.7347430414239676,False,BRONX,"(40.8320418, -73.8612048)",trafficstat,True,False,False,False,False,False,False,False,False,,,,,,,
2026-06-17,00:00,40.8184992,-73.8680939,SEWARD AVE,10473,43,UNKNOWN,Street,2.6389566143387877,False,BRONX,"(40.8184992, -73.8680939)",trafficstat,False,False,False,False,False,False,False,False,False,,,,,,,
2026-06-17,00:00,40.8263288,-73.8616179,UNDERHILL AVE,10472,43,UNKNOWN,Street,97.03616246135175,False,BRONX,"(40.8263288, -73.8616179)",trafficstat,False,False,False,False,False,False,False,False,False,,,,,,,
2026-06-16,00:00,40.8252014,-73.8677048,BRUCKNER BLVD,10472,43,UNKNOWN,Street,2.8648890783145924,False,BRONX,"(40.8252014, -73.8677048)",trafficstat,True,False,False,False,False,False,False,False,False,,,,,,,
2026-06-16,00:00,40.8319276,-73.8510399,CASTLE HILL AVE,10462,43,UNKNOWN,Street,0.029209647812593564,False,BRONX,"(40.8319276, -73.8510399)",trafficstat,True,False,False,False,False,False,False,True,False,,,,,,,
2026-06-16,00:00,40.8324446,-73.8649126,WESTCHESTER AVE,10472,43,OTHER,Street,49.960886837639435,False,BRONX,"(40.8324446, -73.8649126)",trafficstat,False,False,False,False,False,False,False,False,False,,,,,,,
2026-06-16,00:00,40.8308197,-73.8700063,NOBLE AVE,10472,43,OTHER,Street,0.11415545065850724,False,BRONX,"(40.8308197, -73.8700063)",trafficstat,False,False,False,False,False,False,False,False,False,,,,,,,
2026-06-15,00:00,40.8415149,-73.8549287,PURDY ST,10462,43,OTHER,Street,39.14161785565179,False,BRONX,"(40.8415149, -73.8549287)",trafficstat,False,False,False,False,False,False,False,False,False,,,,,,,
2026-06-14,00:00,40.8325619,-73.8694211,ROSEDALE AVE,10472,43,UNKNOWN,Street,0.0005281190559395863,False,BRONX,"(40.8325619, -73.8694211)",trafficstat,True,False,False,False,False,False,False,False,False,,,,,,,
2026-06-14,00:00,40.8300157,-73.8551734,ALLEY,10472,43,UNKNOWN,Alley,34.80578152153252,False,BRONX,"(40.8300157, -73.8551734)",trafficstat,True,False,False,False,False,False,False,True,False,,,,,,,
2026-06-14,00:00,40.8280001,-73.8469981,BRUCKNER BLVD,10472,43,UNKNOWN,Street,2.9551319979730626,False,BRONX,"(40.8280001, -73.8469981)",trafficstat,True,False,False,False,False,False,False,False,True,,,,,,,
2026-06-14,00:00,40.8303659,-73.8634281,GLEASON AVE,10472,43,UNKNOWN,Street,33.02766227084385,False,BRONX,"(40.8303659, -73.8634281)",trafficstat,False,False,False,False,False,False,False,False,False,,,,,,,
2026-06-14,00:00,40.8267091,-73.8769595,WARD AVE,10472,43,UNKNOWN,Street,36.67094918613516,False,BRONX,"(40.8267091, -73.8769595)",trafficstat,False,False,False,False,False,False,False,False,False,,,,,,,
2026-06-14,00:00,40.8417377,-73.8583658,E  TREMONT AVE,10462,43,UNKNOWN,Street,41.77334633906287,False,BRONX,"(40.8417377, -73.8583658)",trafficstat,False,False,False,False,False,False,False,False,False,,,,,,,
2026-06-12,00:00,40.8379555,-73.8671868,BEACH AVE,10460,43,OTHER,Street,33.76363432605796,False,BRONX,"(40.8379555, -73.8671868)",trafficstat,False,False,False,False,False,False,False,False,False,,,,,,,
2026-06-12,00:00,40.823305,-73.8834689,BRUCKNER BOULEVARD BIKE PATH,10472,43,UNKNOWN,Street,33.43362515940751,False,BRONX,"(40.823305, -73.8834689)",trafficstat,False,False,False,False,False,False,False,False,False,,,,,,,
2026-09-12,00:00,40.8323164,-73.9316013,SEDGWICK AVE,10452,44,OTHER,Street,1.49251995626916,False,BRONX,"(40.8323164, -73.9316013)",trafficstat,False,False,False,False,False,False,False,False,False,,,,,,,
2026-09-12,00:00,40.8376743,-73.9192145,GERARD AVE,10452,44,OTHER,Street,0.30090851009844144,False,BRONX,"(40.8376743, -73.9192145)",trafficstat,False,False,False,False,False,False,False,False,False,,,,,,,
2026-08-22,00:00,40.8376743,-73.9192145,GERARD AVE,10452,44,UNKNOWN,Street,0.30090851009844144,False,BRONX,"(40.8376743, -73.9192145)",trafficstat,True,False,False,False,False,False,False,False,True,,,,,,,
2026-07-24,00:00,40.8376743,-73.9192145,GERARD AVE,10452,44,UNKNOWN,Street,0.30090851009844144,False,BRONX,"(40.8376743, -73.9192145)",trafficstat,False,False,False,False,False,False,False,False,False,,,,,,,
2026-07-22,00:00,40.8376743,-73.9192145,GERARD AVE,10452,44,OTHER,Street,0.30090851009844144,False,BRONX,"(40.8376743, -73.9192145)",trafficstat,False,False,False,False,False,False,False,False,False,,,,,,,
2026-09-11,00:00,40.8438335,-73.9274887,MAJOR DEEGAN EXPY,10452,44,UNKNOWN,Highway,1.333827338711561,False,BRONX,"(40.8438335, -73.9274887)",trafficstat,True,False,False,False,False,False,False,True,False,,,,,,,
2026-09-10,00:00,40.8438335,-73.9274887,MAJOR DEEGAN EXPY,10452,44,OTHER,Highway,1.333827338711561,False,BRONX,"(40.8438335, -73.9274887)",trafficstat,True,False,False,False,False,True,False,False,False,,,,,,,
2026-08-22,00:00,40.8438335,-73.9274887,MAJOR DEEGAN EXPY,10452,44,UNKNOWN,Highway,1.333827338711561,False,BRONX,"(40.8438335, -73.9274887)",trafficstat,False,False,False,False,False,False,False,False,False,,,,,,,
2026-06-19,00:00,40.8438335,-73.9274887,MAJOR DEEGAN EXPY,10452,44,OTHER,Highway,1.333827338711561,False,BRONX,"(40.8438335, -73.9274887)",trafficstat,False,False,False,False,False,False,False,False,False,,,,,,,
2026-06-16,00:00,40.8438335,-73.9274887,MAJOR DEEGAN EXPY,10452,44,UNKNOWN,Highway,1.333827338711561,False,BRONX,"(40.8438335, -73.9274887)",trafficstat,False,False,False,False,False,False,False,False,False,,,,,,,
2026-06-12,00:00,40.8438335,-73.9274887,MAJOR DEEGAN EXPY,10452,44,UNKNOWN,Highway,1.333827338711561,False,BRONX,"(40.8438335, -73.9274887)",trafficstat,True,False,False,False,False,False,False,False,True,,,,,,,
2026-09-11,00:00,40.8291857,-73.9287571,E  161 ST,10452,44,OTHER,Street,2.2930368931496345,False,BRONX,"(40.8291857, -73.9287571)",trafficstat,True,False,True,False,False,False,False,False,False,,,,,,,
2026-08-26,00:00,40.8291857,-73.9287571,E  161 ST,10452,44,UNKNOWN,Street,2.2930368931496345,False,BRONX,"(40.8291857, -73.9287571)",trafficstat,False,False,False,False,False,False,False,False,False,,,,,,,
2026-08-16,00:00,40.8291857,-73.9287571,E  161 ST,10452,44,UNKNOWN,Street,2.2930368931496345,False,BRONX,"(40.8291857, -73.9287571)",trafficstat,False,False,False,False,False,False,False,False,False,,,,,,,
2026-08-02,00:00,40.8291857,-73.9287571,E  161 ST,10452,44,UNKNOWN,Street,2.2930368931496345,False,BRONX,"(40.8291857, -73.9287571)",trafficstat,True,False,False,False,False,False,False,True,False,,,,,,,
2026-07-23,00:00,40.8291857,-73.9287571,E  161 ST,10452,44,UNKNOWN,Street,2.2930368931496345,False,BRONX,"(40.8291857, -73.9287571)",trafficstat,True,False,False,False,False,False,True,False,False,,,,,,,
2026-09-11,00:00,40.835397,-73.920305,GERARD AVE,10452,44,UNKNOWN,Street,1.201589926827384,False,BRONX,"(40.835397, -73.920305)",trafficstat,False,False,False,False,False,False,False,False,False,,,,,,,
2026-09-10,00:00,40.8402888,-73.9214629,W  170 ST,10452,44,UNKNOWN,Street,3.280066901729855,False,BRONX,"(40.8402888, -73.9214629)",trafficstat,False,False,False,False,False,False,False,False,False,,,,,,,
2026-06-23,00:00,40.8402888,-73.9214629,W  170 ST,10452,44,UNKNOWN,Street,3.280066901729855,False,BRONX,"(40.8402888, -73.9214629)",trafficstat,False,False,False,False,False,False,False,False,False,,,,,,,
2026-09-10,00:00,40.8309365,-73.9123967,TELLER AVE,10456,44,OTHER,Street,1.1214821240805872,False,BRONX,"(40.8309365, -73.9123967)",trafficstat,True,False,True,False,False,False,False,False,False,,,,,,,
2026-09-08,00:00,40.8235112,-73.91995,CONCOURSE VLG E,10451,44,UNKNOWN,Street,89.45928367884359,False,BRONX,"(40.8235112, -73.91995)",trafficstat,False,False,False,False,False,False,False,False,False,,,,,,,
2026-09-08,00:00,40.8224573,-73.9269144,WALTON AVE,10451,44,UNKNOWN,Street,1.4865044555143057,False,BRONX,"(40.8224573, -73.9269144)",trafficstat,True,False,False,False,False,False,False,False,False,,,,,,,
2026-09-07,00:00,40.8261527,-73.9202583,E  161 ST,10451,44,UNKNOWN,Street,2.62080425857585,False,BRONX,"(40.8261527, -73.9202583)",trafficstat,True,False,False,False,False,False,False,True,False,,,,,,,
2026-08-19,00:00,40.8261527,-73.9202583,E  161 ST,10451,44,UNKNOWN,Street,2.62080425857585,False,BRONX,"(40.8261527, -73.9202583)",trafficstat,True,False,False,False,False,False,False,True,False,,,,,,,
2026-07-30,00:00,40.8261527,-73.9202583,E  161 ST,10451,44,OTHER,Street,2.62080425857585,False,BRONX,"(40.8261527, -73.9202583)",trafficstat,False,False,False,False,False,False,False,False,False,,,,,,,
2026-09-07,00:00,40.8270597,-73.9306853,MAJOR DEEGAN EP SR,10451,44,UNKNOWN,Ramp,0.9782346006850886,False,BRONX,"(40.8270597, -73.9306853)",trafficstat,True,False,False,False,False,False,False,False,True,,,,,,,
2026-09-06,00:00,40.829701,-73.9193145,SHERIDAN AVE,10456,44,UNKNOWN,Street,1.2840784841575625,False,BRONX,"(40.829701, -73.9193145)",trafficstat,False,False,False,False,False,False,False,False,False,,,,,,,
2026-09-05,00:00,40.8277631,-73.9152879,E  164 ST,10456,44,OTHER,Street,2.3317949268697715,False,BRONX,"(40.8277631, -73.9152879)",trafficstat,False,False,False,False,False,False,False,False,False,,,,,,,
2026-09-05,00:00,40.8193167,-73.930314,MAJOR DEEGAN EXPWY NB ET 4,10451,44,UNKNOWN,Ramp,0.7969852138550547,False,BRONX,"(40.8193167, -73.930314)",trafficstat,False,False,False,False,False,False,False,False,False,,,,,,,
2026-09-05,00:00,40.8369385,-73.9271153,OGDEN AVE,10452,44,OTHER,Street,2.115020093297233,False,BRONX,"(40.8369385, -73.9271153)",trafficstat,True,False,True,False,False,False,False,False,False,,,,,,,
2026-09-05,00:00,40.8341695,-73.9277833,NELSON AVE,10452,44,OTHER,Street,1.4781318046620588,False,BRONX,"(40.8341695, -73.9277833)",trafficstat,True,False,True,False,False,False,False,False,False,,,,,,,
2026-08-28,00:00,40.8341695,-73.9277833,NELSON AVE,10452,44,UNKNOWN,Street,1.4781318046620588,False,BRONX,"(40.8341695, -73.9277833)",trafficstat,False,False,False,False,False,False,False,False,False,,,,,,,
2026-09-03,00:00,40.8398022,-73.928659,W  167 ST,10452,44,UNKNOWN,Street,0.6818015195514526,False,BRONX,"(40.8398022, -73.928659)",trafficstat,False,False,False,False,False,False,False,False,False,,,,,,,
2026-09-03,00:00,40.8402092,-73.9101437,MORRIS AVE,10457,44,UNKNOWN,Street,0.7051113638140104,False,BRONX,"(40.8402092, -73.9101437)",trafficstat,False,False,False,False,False,False,False,False,False,,,,,,,
2026-09-02,00:00,40.8373062,-73.9078456,CLAY AVE,10456,44,UNKNOWN,Street,1.3904378940068944,False,BRONX,"(40.8373062, -73.9078456)",trafficstat,True,False,True,False,False,False,False,False,False,,,,,,,
2026-06-28,00:00,40.8373062,-73.9078456,CLAY AVE,10456,44,UNKNOWN,Street,1.3904378940068944,False,BRONX,"(40.8373062, -73.9078456)",trafficstat,False,False,False,False,False,False,False,False,False,,,,,,,
2026-09-02,00:00,40.8401796,-73.9264612,MERRIAM AVE,10452,44,UNKNOWN,Street,0.5845356622328559,False,BRONX,"(40.8401796, -73.9264612)",trafficstat,False,False,False,False,False,False,False,False,False,,,,,,,
2026-09-02,00:00,40.8205467,-73.9308452,MAJOR DEEGAN EXPY,10451,44,UNKNOWN,Highway,1.1078600816106814,False,BRONX,"(40.8205467, -73.9308452)",trafficstat,True,False,False,False,False,False,False,False,True,,,,,,,
2026-08-05,00:00,40.8205467,-73.9308452,MAJOR DEEGAN EXPY,10451,44,UNKNOWN,Highway,1.1078600816106814,False,BRONX,"(40.8205467, -73.9308452)",trafficstat,True,False,False,False,False,False,False,False,True,,,,,,,
2026-07-27,00:00,40.8205467,-73.9308452,MAJOR DEEGAN EXPY,10451,44,OTHER,Highway,1.1078600816106814,False,BRONX,"(40.8205467, -73.9308452)",trafficstat,False,False,False,False,False,False,False,False,False,,,,,,,
2026-08-31,00:00,40.8281222,-73.9310614,MAJOR DEEGAN EXPY,10451,44,UNKNOWN,Highway,8.219802093229765,False,BRONX,"(40.8281222, -73.9310614)",trafficstat,False,False,False,False,False,False,False,False,False,,,,,,,
2026-08-25,00:00,40.8281222,-73.9310614,MAJOR DEEGAN EXPY,10451,44,UNKNOWN,Highway,8.219802093229765,False,BRONX,"(40.8281222, -73.9310614)",trafficstat,False,False,False,False,False,False,False,False,False,,,,,,,
2026-07-16,00:00,40.8281222,-73.9310614,MAJOR DEEGAN EXPY,10451,44,OTHER,Highway,8.219802093229765,False,BRONX,"(40.8281222, -73.9310614)",trafficstat,False,False,False,False,False,False,False,False,False,,,,,,,
2026-07-15,00:00,40.8281222,-73.9310614,MAJOR DEEGAN EXPY,10451,44,OTHER,Highway,8.219802093229765,False,BRONX,"(40.8281222, -73.9310614)",trafficstat,True,False,False,False,False,False,False,False,True,,,,,,,
2026-07-13,00:00,40.8281222,-73.9310614,MAJOR DEEGAN EXPY,10451,44,UNKNOWN,Highway,8.219802093229765,False,BRONX,"(40.8281222, -73.9310614)",trafficstat,False,False,False,False,False,False,False,False,False,,,,,,,
2026-08-31,00:00,40.8296282,-73.9211755,GRAND CONC,10451,44,UNKNOWN,Street,12.869866422471112,False,BRONX,"(40.8296282, -73.9211755)",trafficstat,True,False,False,True,False,False,False,False,False,,,,,,,
2026-08-31,00:00,40.8303348,-73.9189452,SHERIDAN AVE,10456,44,UNKNOWN,Street,1.140322361386775,False,BRONX,"(40.8303348, -73.9189452)",trafficstat,True,False,False,False,False,False,False,False,True,,,,,,,
2026-07-23,00:00,40.8303348,-73.9189452,SHERIDAN AVE,10456,44,UNKNOWN,Street,1.140322361386775,False,BRONX,"(40.8303348, -73.9189452)",trafficstat,False,False,False,False,False,False,False,False,False,,,,,,,
2026-08-31,00:00,40.8402258,-73.9176826,JEROME AVE,10452,44,OTHER,Street,1.9673025570553258,False,BRONX,"(40.8402258, -73.9176826)",trafficstat,True,False,False,True,False,False,False,False,False,,,,,,,
2026-08-30,00:00,40.84424,-73.92362,OGDEN AVE,10452,44,UNKNOWN,Street,1.045714456205489,False,BRONX,"(40.84424, -73.92362)",trafficstat,True,False,False,False,False,False,False,False,True,,,,,,,
2026-08-30,00:00,40.8429651,-73.9104436,SELWYN AVE,10457,44,UNKNOWN,Street,0.6009126903007329,False,BRONX,"(40.8429651, -73.9104436)",trafficstat,True,False,True,False,False,False,False,False,False,,,,,,,
2026-08-28,00:00,40.8429651,-73.9104436,SELWYN AVE,10457,44,UNKNOWN,Street,0.6009126903007329,False,BRONX,"(40.8429651, -73.9104436)",trafficstat,True,False,False,False,False,False,False,True,False,,,,,,,
2026-07-31,00:00,40.8429651,-73.9104436,SELWYN AVE,10457,44,UNKNOWN,Street,0.6009126903007329,False,BRONX,"(40.8429651, -73.9104436)",trafficstat,False,False,False,False,False,False,False,False,False,,,,,,,
2026-06-20,00:00,40.8429651,-73.9104436,SELWYN AVE,10457,44,UNKNOWN,Street,0.6009126903007329,False,BRONX,"(40.8429651, -73.9104436)",trafficstat,True,False,True,False,False,False,False,False,False,,,,,,,
2026-08-30,00:00,40.8433669,-73.9154452,JEROME AVE,10452,44,OTHER,Street,2.2772571320667248,False,BRONX,"(40.8433669, -73.9154452)",trafficstat,False,False,False,False,False,False,False,False,False,,,,,,,
2026-08-28,00:00,40.8406494,-73.9190121,INWOOD AVE,10452,44,OTHER,Street,0.8934083026840052,False,BRONX,"(40.8406494, -73.9190121)",trafficstat,False,False,False,False,False,False,False,False,False,,,,,,,
2026-07-09,00:00,40.8406494,-73.9190121,INWOOD AVE,10452,44,OTHER,Street,0.8934083026840052,False,BRONX,"(40.8406494, -73.9190121)",trafficstat,True,False,False,True,False,False,False,False,False,,,,,,,
2026-08-27,00:00,40.8383823,-73.9190149,E  CLARKE PL,10452,44,OTHER,Street,1.9024856452472787,False,BRONX,"(40.8383823, -73.9190149)",trafficstat,False,False,False,False,False,False,False,False,False,,,,,,,
2026-08-27,00:00,40.8350999,-73.9194561,E  167 ST,10452,44,OTHER,Street,0.7916440150574274,False,BRONX,"(40.8350999, -73.9194561)",trafficstat,False,False,False,False,False,False,False,False,False,,,,,,,
2026-08-26,00:00,40.8374253,-73.920364,RIVER AVE,10452,44,UNKNOWN,Street,1.5324653889678297,False,BRONX,"(40.8374253, -73.920364)",trafficstat,False,False,False,False,False,False,False,False,False,,,,,,,
2026-07-02,00:00,40.8374253,-73.920364,RIVER AVE,10452,44,UNKNOWN,Street,1.5324653889678297,False,BRONX,"(40.8374253, -73.920364)",trafficstat,False,False,False,False,False,False,False,False,False,,,,,,,
2026-08-26,00:00,40.8254138,-73.9234749,E  158 ST,10451,44,OTHER,Street,2.4884720466025674,False,BRONX,"(40.8254138, -73.9234749)",trafficstat,False,False,False,False,False,False,False,False,False,,,,,,,
2026-08-26,00:00,40.8449252,-73.9263743,ALEXANDER HAMILTON BRG,10452,44,OTHER,Bridge,1.4416557391997362,False,BRONX,"(40.8449252, -73.9263743)",trafficstat,False,False,False,False,False,False,False,False,False,,,,,,,
2026-08-25,00:00,40.8454752,-73.928123,ALEXANDER HAMILTON BRG,10033,44,UNKNOWN,Bridge,5.720292889068396,False,BRONX,"(40.8454752, -73.928123)",trafficstat,True,False,False,False,False,False,False,True,False,,,,,,,
2026-08-25,00:00,40.8431749,-73.9119468,GRAND CONC,10452,44,OTHER,Street,1.0758365775998153,False,BRONX,"(40.8431749, -73.9119468)",trafficstat,True,False,True,False,False,False,False,False,False,,,,,,,
2026-08-25,00:00,40.8281593,-73.9129604,CLAY AVE,10456,44,UNKNOWN,Street,1.9716418501145108,False,BRONX,"(40.8281593, -73.9129604)",trafficstat,False,False,False,False,False,False,False,False,False,,,,,,,
2026-08-25,00:00,40.826835,-73.9226206,E  161 ST,10451,44,UNKNOWN,Street,2.9037442678842345,False,BRONX,"(40.826835, -73.9226206)",trafficstat,True,False,False,False,False,False,False,True,False,,,,,,,
2026-08-21,00:00,40.826835,-73.9226206,E  161 ST,10451,44,UNKNOWN,Street,2.9037442678842345,False,BRONX,"(40.826835, -73.9226206)",trafficstat,True,False,True,False,False,False,False,False,False,,,,,,,
2026-08-06,00:00,40.826835,-73.9226206,E  161 ST,10451,44,OTHER,Street,2.9037442678842345,False,BRONX,"(40.826835, -73.9226206)",trafficstat,True,False,False,False,False,False,False,False,True,,,,,,,
2026-08-25,00:00,40.838253,-73.91917,JEROME AVE,10452,44,OTHER,Street,0.8813608967817899,False,BRONX,"(40.838253, -73.91917)",trafficstat,False,False,False,False,False,False,False,False,False,,,,,,,
2026-08-24,00:00,40.8436583,-73.9200421,SHAKESPEARE AVE,10452,44,UNKNOWN,Street,1.8407543435859937,False,BRONX,"(40.8436583, -73.9200421)",trafficstat,True,False,False,False,False,False,False,False,True,,,,,,,
2026-08-23,00:00,40.838214,-73.9301908,MAJOR DEEGAN EXPY,10452,44,UNKNOWN,Highway,8.281792856365556,False,BRONX,"(40.838214, -73.9301908)",trafficstat,True,False,False,False,False,False,False,False,True,,,,,,,
2026-08-23,00:00,40.84196,-73.9153,TOWNSEND AVE,10452,44,UNKNOWN,Street,1.0747481207680118,False,BRONX,"(40.84196, -73.9153)",trafficstat,True,False,False,False,False,False,False,True,False,,,,,,,
2026-08-23,00:00,40.8245497,-73.928473,E  153 ST,10451,44,UNKNOWN,Street,0.894118536920271,False,BRONX,"(40.8245497, -73.928473)",trafficstat,True,False,False,False,False,False,False,False,True,,,,,,,
2026-08-22,00:00,40.8211747,-73.9257343,E  153 ST,10451,44,UNKNOWN,Street,1.767201482840714,False,BRONX,"(40.8211747, -73.9257343)",trafficstat,False,False,False,False,False,False,False,False,False,,,,,,,
2026-06-18,00:00,40.8211747,-73.9257343,E  153 ST,10451,44,OTHER,Street,1.767201482840714,False,BRONX,"(40.8211747, -73.9257343)",trafficstat,True,False,True,False,False,False,False,False,False,,,,,,,
2026-08-22,00:00,40.8308381,-73.9165921,GRANT AVE,10456,44,UNKNOWN,Street,1.3593014322504564,False,BRONX,"(40.8308381, -73.9165921)",trafficstat,False,False,False,False,False,False,False,False,False,,,,,,,
2026-08-22,00:00,40.8300048,-73.9181108,SHERMAN AVE,10456,44,OTHER,Street,1.2375101408711697,False,BRONX,"(40.8300048, -73.9181108)",trafficstat,True,False,False,False,False,False,False,False,True,,,,,,,
2026-07-26,00:00,40.8300048,-73.9181108,SHERMAN AVE,10456,44,UNKNOWN,Street,1.2375101408711697,False,BRONX,"(40.8300048, -73.9181108)",trafficstat,True,False,True,False,False,False,False,False,False,,,,,,,
2026-08-22,00:00,40.8427517,-73.9228189,PLIMPTON AVE,10452,44,UNKNOWN,Street,1.635989954194875,False,BRONX,"(40.8427517, -73.9228189)",trafficstat,True,False,False,False,False,False,False,True,False,,,,,,,
2026-07-03,00:00,40.8427517,-73.9228189,PLIMPTON AVE,10452,44,UNKNOWN,Street,1.635989954194875,False,BRONX,"(40.8427517, -73.9228189)",trafficstat,False,False,False,False,False,False,False,False,False,,,,,,,
2026-08-22,00:00,40.8450614,-73.9130865,TOWNSEND AVE,10452,44,UNKNOWN,Street,1.1939727697740252,False,BRONX,"(40.8450614, -73.9130865)",trafficstat,False,False,False,False,False,False,False,False,False,,,,,,,
2026-07-27,00:00,40.8450614,-73.9130865,TOWNSEND AVE,10452,44,UNKNOWN,Street,1.1939727697740252,False,BRONX,"(40.8450614, -73.9130865)",trafficstat,True,False,True,False,False,False,False,False,False,,,,,,,
2026-08-22,00:00,40.8434776,-73.9246613,MERRIAM AVE,10452,44,UNKNOWN,Street,0.8563393947308229,False,BRONX,"(40.8434776, -73.9246613)",trafficstat,False,False,False,False,False,False,False,False,False,,,,,,,
2026-08-21,00:00,40.82111,-73.92748,WALTON AVE,10451,44,UNKNOWN,Street,1.1554917862281586,False,BRONX,"(40.82111, -73.92748)",trafficstat,True,False,False,True,False,False,False,False,False,,,,,,,
2026-08-20,00:00,40.8279035,-73.9121694,E  165 ST,10456,44,OTHER,Bridge,2.1914327017832194,False,BRONX,"(40.8279035, -73.9121694)",trafficstat,False,False,False,False,False,False,False,False,False,,,,,,,
2026-08-20,00:00,40.8305355,-73.9157,MORRIS AVE,10456,44,UNKNOWN,Street,1.4295805162669577,False,BRONX,"(40.8305355, -73.9157)",trafficstat,True,False,False,True,False,False,False,False,False,,,,,,,
2026-08-19,00:00,40.8412742,-73.9176091,MACOMBS RD,10452,44,UNKNOWN,Street,0.8501352503442061,False,BRONX,"(40.8412742, -73.9176091)",trafficstat,True,False,False,False,False,False,False,False,False,,,,,,,
2026-08-18,00:00,40.8375282,-73.9171088,E  CLARKE PL,10452,44,UNKNOWN,Street,38.53976046326151,False,BRONX,"(40.8375282, -73.9171088)",trafficstat,True,False,False,False,False,False,False,True,False,,,,,,,
2026-08-17,00:00,40.8387216,-73.9137706,GRAND CONC,10452,44,UNKNOWN,Street,1.885622569733751,False,BRONX,"(40.8387216, -73.9137706)",trafficstat,False,False,False,False,False,False,False,False,False,,,,,,,
2026-08-17,00:00,40.8272449,-73.9240474,WALTON AVE,10451,44,UNKNOWN,Street,1.3093401556089281,False,BRONX,"(40.8272449, -73.9240474)",trafficstat,True,False,False,False,False,False,False,False,False,,,,,,,
2026-08-17,00:00,40.8452876,-73.9264896,MAJOR DEEGAN EXPY,10452,44,UNKNOWN,Highway,2.359432955630974,False,BRONX,"(40.8452876, -73.9264896)",trafficstat,False,False,False,False,False,False,False,False,False,,,,,,,
2026-08-16,00:00,40.8454712,-73.9260918,CROSS BRONX EXPWY ET 1 D NB,10452,44,UNKNOWN,Ramp,2.002736192219848,False,BRONX,"(40.8454712, -73.9260918)",trafficstat,False,False,False,False,False,False,False,False,False,,,,,,,
2026-08-16,00:00,40.8398321,-73.9239101,NELSON AVE,10452,44,OTHER,Street,1.5771069683594892,False,BRONX,"(40.8398321, -73.9239101)",trafficstat,False,False,False,False,False,False,False,False,False,,,,,,,
2026-08-02,00:00,40.8398321,-73.9239101,NELSON AVE,10452,44,OTHER,Street,1.5771069683594892,False,BRONX,"(40.8398321, -73.9239101)",trafficstat,True,False,False,False,False,False,False,False,False,,,,,,,