crash_date,crash_time,latitude,longitude,on_street_name,zip_code,precinct,collision_type,roadway_type,geocode_dist_feet,time_is_known,borough,location,source,injury,fatality,injured_pedestrian,injured_cyclist,injured_ebike_rider,injured_motorcyclist,injured_moped_rider,injured_car_occupant,injured_suv_occupant,number_of_persons_injured,number_of_persons_killed,contributing_factor_vehicle_1,collision_id,cross_street_name,off_street_name,vehicle_type_code1
2026-08-15,00:00,40.8234685,-73.9244599,E  156 ST,10451,44,UNKNOWN,Street,2.3762952586044386,False,BRONX,"(40.8234685, -73.9244599)",trafficstat,True,False,False,True,False,False,False,False,False,,,,,,,
2026-08-15,00:00,40.837875,-73.9196985,JEROME AVE,10452,44,UNKNOWN,Street,1.8524508084034108,False,BRONX,"(40.837875, -73.9196985)",trafficstat,True,False,False,False,False,False,False,False,False,,,,,,,
2026-08-14,00:00,40.8408773,-73.9047651,WEBSTER AVE,10457,44,UNKNOWN,Street,1.4533044090171336,False,BRONX,"(40.8408773, -73.9047651)",trafficstat,False,False,False,False,False,False,False,False,False,,,,,,,
2026-07-18,00:00,40.8408773,-73.9047651,WEBSTER AVE,10457,44,UNKNOWN,Street,1.4533044090171336,False,BRONX,"(40.8408773, -73.9047651)",trafficstat,False,False,False,False,False,False,False,False,False,,,,,,,
2026-08-13,00:00,40.8326282,-73.9253746,JEROME AVE,10452,44,UNKNOWN,Street,2.119497408570349,False,BRONX,"(40.8326282, -73.9253746)",trafficstat,True,False,True,False,False,False,False,False,False,,,,,,,
2026-08-05,00:00,40.8326282,-73.9253746,JEROME AVE,10452,44,UNKNOWN,Street,2.119497408570349,False,BRONX,"(40.8326282, -73.9253746)",trafficstat,False,False,False,False,False,False,False,False,False,,,,,,,
2026-07-16,00:00,40.8326282,-73.9253746,JEROME AVE,10452,44,UNKNOWN,Street,2.119497408570349,False,BRONX,"(40.8326282, -73.9253746)",trafficstat,False,False,False,False,False,False,False,False,False,,,,,,,
2026-08-13,00:00,40.831187,-73.913278,FINDLAY AVE,10456,44,OTHER,Street,1.9953757533267573,False,BRONX,"(40.831187, -73.913278)",trafficstat,False,False,False,False,False,False,False,False,False,,,,,,,
2026-08-13,00:00,40.8751917,-73.8866985,GRAND CONC,10468,44,UNKNOWN,Street,56.2845971930399,False,BRONX,"(40.8751917, -73.8866985)",trafficstat,True,False,True,False,False,False,False,False,False,,,,,,,
2026-06-29,00:00,40.8751917,-73.8866985,GRAND CONC,10468,44,UNKNOWN,Street,56.2845971930399,False,BRONX,"(40.8751917, -73.8866985)",trafficstat,False,False,False,False,False,False,False,False,False,,,,,,,
2026-08-12,00:00,40.8446069,-73.9041287,CROSS BRONX EXPWY EB ET 2 B,10457,44,UNKNOWN,Ramp,7.166510904443406,False,BRONX,"(40.8446069, -73.9041287)",trafficstat,True,False,False,False,False,False,False,True,False,,,,,,,
2026-08-12,00:00,40.8379904,-73.915727,MARCY PL,10452,44,UNKNOWN,Street,33.90708614917686,False,BRONX,"(40.8379904, -73.915727)",trafficstat,True,False,True,False,False,False,False,False,False,,,,,,,
2026-08-11,00:00,40.8302604,-73.9148511,COLLEGE AVE,10456,44,UNKNOWN,Street,1.5860813414124568,False,BRONX,"(40.8302604, -73.9148511)",trafficstat,True,False,True,False,False,False,False,False,False,,,,,,,
2026-08-11,00:00,40.8193498,-73.9305777,E  149 ST,10451,44,UNKNOWN,Street,3.2487127792040926,False,BRONX,"(40.8193498, -73.9305777)",trafficstat,False,False,False,False,False,False,False,False,False,,,,,,,
2026-08-11,00:00,40.8265331,-73.9311534,MAJOR DEEGAN EXPY,10451,44,UNKNOWN,Highway,1.1010052043093892,False,BRONX,"(40.8265331, -73.9311534)",trafficstat,False,False,False,False,False,False,False,False,False,,,,,,,
2026-07-19,00:00,40.8265331,-73.9311534,MAJOR DEEGAN EXPY,10451,44,OTHER,Highway,1.1010052043093892,False,BRONX,"(40.8265331, -73.9311534)",trafficstat,True,False,False,False,False,False,False,False,True,,,,,,,
2026-08-10,00:00,40.8345141,-73.9177042,GRAND CONC,10452,44,OTHER,Street,2.0094401272455076,False,BRONX,"(40.8345141, -73.9177042)",trafficstat,True,False,True,False,False,False,False,False,False,,,,,,,
2026-06-29,00:00,40.8345141,-73.9177042,GRAND CONC,10452,44,OTHER,Street,2.0094401272455076,False,BRONX,"(40.8345141, -73.9177042)",trafficstat,False,False,False,False,False,False,False,False,False,,,,,,,
2026-08-10,00:00,40.836306,-73.9251681,WOODYCREST AVE,10452,44,UNKNOWN,Street,1.4564261312875495,False,BRONX,"(40.836306, -73.9251681)",trafficstat,False,False,False,False,False,False,False,False,False,,,,,,,
2026-08-09,00:00,40.83878,-73.9144382,E  170 ST,10452,44,UNKNOWN,Street,31.770742168469102,False,BRONX,"(40.83878, -73.9144382)",trafficstat,False,False,False,False,False,False,False,False,False,,,,,,,
2026-08-09,00:00,40.8386798,-73.9107283,MORRIS AVE,10456,44,UNKNOWN,Street,47.9112872034166,False,BRONX,"(40.8386798, -73.9107283)",trafficstat,True,False,False,False,False,False,False,True,False,,,,,,,
2026-08-09,00:00,40.8282979,-73.9312007,MACOMBS DAM BRG,10451,44,OTHER,Bridge,3.1671132423707125,False,BRONX,"(40.8282979, -73.9312007)",trafficstat,True,False,True,False,False,False,False,False,True,,,,,,,
2026-08-07,00:00,40.8282979,-73.9312007,MACOMBS DAM BRG,10451,44,UNKNOWN,Bridge,3.1671132423707125,False,BRONX,"(40.8282979, -73.9312007)",trafficstat,True,False,False,False,False,False,False,True,False,,,,,,,
2026-08-09,00:00,40.8442109,-73.9138366,TOWNSEND AVE,10452,44,UNKNOWN,Street,33.389287740460304,False,BRONX,"(40.8442109, -73.9138366)",trafficstat,False,False,False,False,False,False,False,False,False,,,,,,,
2026-08-08,00:00,40.842464,-73.92413,OGDEN AVE,10452,44,UNKNOWN,Street,3.602609624790586,False,BRONX,"(40.842464, -73.92413)",trafficstat,False,False,False,False,False,False,False,False,False,,,,,,,
2026-08-06,00:00,40.8371265,-73.9096347,FINDLAY AVE,10456,44,UNKNOWN,Street,0.1709234067475444,False,BRONX,"(40.8371265, -73.9096347)",trafficstat,True,False,False,False,False,False,True,False,False,,,,,,,
2026-08-06,00:00,40.8375033,-73.9105955,COLLEGE AVE,10456,44,OTHER,Street,1.4327936285020877,False,BRONX,"(40.8375033, -73.9105955)",trafficstat,True,False,True,False,False,False,False,False,False,,,,,,,
2026-08-05,00:00,40.8326092,-73.9176089,SHERIDAN AVE,10456,44,UNKNOWN,Street,1.6023890640107683,False,BRONX,"(40.8326092, -73.9176089)",trafficstat,True,False,True,False,False,False,False,False,False,,,,,,,
2026-08-05,00:00,40.8406759,-73.9214274,EDWARD L GRANT HWY,10452,44,OTHER,Street,47.44752039431926,False,BRONX,"(40.8406759, -73.9214274)",trafficstat,True,False,False,False,False,False,False,True,False,,,,,,,
2026-08-04,00:00,40.8341631,-73.9222181,RIVER AVE,10452,44,UNKNOWN,Street,1.3284809530276356,False,BRONX,"(40.8341631, -73.9222181)",trafficstat,True,False,True,False,False,False,False,False,True,,,,,,,
2026-07-26,00:00,40.8341631,-73.9222181,RIVER AVE,10452,44,OTHER,Street,1.3284809530276356,False,BRONX,"(40.8341631, -73.9222181)",trafficstat,False,False,False,False,False,False,False,False,False,,,,,,,
2026-08-04,00:00,40.8339391,-73.9086923,WEBSTER AVE,10456,44,OTHER,Street,1.1470094199313694,False,BRONX,"(40.8339391, -73.9086923)",trafficstat,True,False,True,True,False,False,False,False,False,,,,,,,
2026-08-04,00:00,40.8440178,-73.9182111,JESUP AVE,10452,44,UNKNOWN,Street,101.95013400836618,False,BRONX,"(40.8440178, -73.9182111)",trafficstat,True,False,False,False,False,False,False,True,False,,,,,,,
2026-08-04,00:00,40.8443435,-73.9147427,JEROME AVE,10452,44,UNKNOWN,Street,1.9451641185086255,False,BRONX,"(40.8443435, -73.9147427)",trafficstat,False,False,False,False,False,False,False,False,False,,,,,,,
2026-07-29,00:00,40.8443435,-73.9147427,JEROME AVE,10452,44,UNKNOWN,Street,1.9451641185086255,False,BRONX,"(40.8443435, -73.9147427)",trafficstat,False,False,False,False,False,False,False,False,False,,,,,,,
2026-07-01,00:00,40.8443435,-73.9147427,JEROME AVE,10452,44,OTHER,Street,1.9451641185086255,False,BRONX,"(40.8443435, -73.9147427)",trafficstat,False,False,False,False,False,False,False,False,False,,,,,,,
2026-08-04,00:00,40.8389486,-73.9164302,WALTON AVE,10452,44,UNKNOWN,Street,1.5461275998793647,False,BRONX,"(40.8389486, -73.9164302)",trafficstat,False,False,False,False,False,False,False,False,False,,,,,,,
2026-08-03,00:00,40.8319183,-73.9199609,GRAND CONC,10452,44,UNKNOWN,Street,19.521518955345268,False,BRONX,"(40.8319183, -73.9199609)",trafficstat,False,False,False,False,False,False,False,False,False,,,,,,,
2026-08-03,00:00,40.8250132,-73.9323726,MAJOR DEEGAN EXPWY SB ET 6,10451,44,UNKNOWN,Ramp,1.360339593030277,False,BRONX,"(40.8250132, -73.9323726)",trafficstat,False,False,False,False,False,False,False,False,False,,,,,,,
2026-08-03,00:00,40.8259738,-73.9156299,TELLER AVE,10451,44,UNKNOWN,Street,1.519122998898914,False,BRONX,"(40.8259738, -73.9156299)",trafficstat,False,False,False,False,False,False,False,False,False,,,,,,,
2026-08-02,00:00,40.8309122,-73.9204621,GRAND CONC,10452,44,UNKNOWN,Street,1.5776917568735132,False,BRONX,"(40.8309122, -73.9204621)",trafficstat,True,False,False,False,False,False,False,True,False,,,,,,,
2026-08-02,00:00,40.8394531,-73.9120783,SHERIDAN AVE,10456,44,UNKNOWN,Street,1.6693536214932896,False,BRONX,"(40.8394531, -73.9120783)",trafficstat,True,False,False,False,False,False,False,True,False,,,,,,,
2026-08-01,00:00,40.8335871,-73.9149697,GRANT AVE,10456,44,OTHER,Street,1.81375704119176,False,BRONX,"(40.8335871, -73.9149697)",trafficstat,True,False,False,True,False,False,False,False,False,,,,,,,
2026-08-01,00:00,40.8335416,-73.920365,WALTON AVE,10452,44,OTHER,Street,1.6570254310543004,False,BRONX,"(40.8335416, -73.920365)",trafficstat,True,False,True,False,False,False,False,False,False,,,,,,,
2026-08-01,00:00,40.8363667,-73.9277817,OGDEN AVE,10452,44,UNKNOWN,Street,85.62937733246179,False,BRONX,"(40.8363667, -73.9277817)",trafficstat,False,False,False,False,False,False,False,False,False,,,,,,,
2026-07-31,00:00,40.8333794,-73.9227546,RIVER AVE,10452,44,UNKNOWN,Street,19.393923241883414,False,BRONX,"(40.8333794, -73.9227546)",trafficstat,False,False,False,False,False,False,False,False,False,,,,,,,
2026-07-31,00:00,40.8266318,-73.9309798,MAJOR DEEGAN EXPY,10451,44,UNKNOWN,Highway,4.235990182473554,False,BRONX,"(40.8266318, -73.9309798)",trafficstat,True,False,False,False,False,False,False,False,True,,,,,,,
2026-07-02,00:00,40.8266318,-73.9309798,MAJOR DEEGAN EXPY,10451,44,UNKNOWN,Highway,4.235990182473554,False,BRONX,"(40.8266318, -73.9309798)",trafficstat,False,False,False,False,False,False,False,False,False,,,,,,,
2026-07-30,00:00,40.8363929,-73.9158696,GRAND CONC,10452,44,UNKNOWN,Street,2.4742129673027446,False,BRONX,"(40.8363929, -73.9158696)",trafficstat,True,False,False,False,False,False,False,True,False,,,,,,,
2026-07-30,00:00,40.8379994,-73.9210283,W  169 ST,10452,44,UNKNOWN,Street,1.5083871929352957,False,BRONX,"(40.8379994, -73.9210283)",trafficstat,True,False,True,False,False,False,False,False,False,,,,,,,
2026-07-30,00:00,40.8385815,-73.9276019,W  168 ST,10452,44,UNKNOWN,Street,43.95904167791411,False,BRONX,"(40.8385815, -73.9276019)",trafficstat,False,False,False,False,False,False,False,False,False,,,,,,,
2026-07-29,00:00,40.8439778,-73.9138577,TOWNSEND AVE,10452,44,UNKNOWN,Street,1.9894559091486026,False,BRONX,"(40.8439778, -73.9138577)",trafficstat,False,False,False,False,False,False,False,False,False,,,,,,,
2026-07-28,00:00,40.8349679,-73.9280489,OGDEN AVE,10452,44,UNKNOWN,Street,46.7699717932808,False,BRONX,"(40.8349679, -73.9280489)",trafficstat,False,False,False,False,False,False,False,False,False,,,,,,,
2026-07-28,00:00,40.8357785,-73.9164739,GRAND CONC,10452,44,OTHER,Street,2.2477475738050723,False,BRONX,"(40.8357785, -73.9164739)",trafficstat,False,False,False,False,False,False,False,False,False,,,,,,,
2026-07-26,00:00,40.8332873,-73.9140775,E  167 ST,10456,44,OTHER,Street,0.052071269945833526,False,BRONX,"(40.8332873, -73.9140775)",trafficstat,True,False,False,False,False,False,False,False,False,,,,,,,
2026-07-26,00:00,40.83261,-73.91761,SHERIDAN AVE,10456,44,UNKNOWN,Street,1.205583251875336,False,BRONX,"(40.83261, -73.91761)",trafficstat,False,False,False,False,False,False,False,False,False,,,,,,,
2026-07-26,00:00,40.832821,-73.9182411,CARROLL PL,10456,44,UNKNOWN,Street,1.3325482288891872,False,BRONX,"(40.832821, -73.9182411)",trafficstat,True,False,False,False,False,False,False,True,False,,,,,,,
2026-07-25,00:00,40.8410439,-73.9219463,SHAKESPEARE AVE,10452,44,OTHER,Street,1.639121962294076,False,BRONX,"(40.8410439, -73.9219463)",trafficstat,True,False,True,False,False,False,False,True,False,,,,,,,
2026-07-24,00:00,40.8450637,-73.9124229,CROSS BRONX EP NB EN JEROME AV,10452,44,UNKNOWN,Ramp,8.772623712977575,False,BRONX,"(40.8450637, -73.9124229)",trafficstat,False,False,False,False,False,False,False,False,False,,,,,,,
2026-07-24,00:00,40.8398108,-73.9131331,GRAND CONC,10452,44,UNKNOWN,Street,1.1128188541818365,False,BRONX,"(40.8398108, -73.9131331)",trafficstat,True,False,False,False,True,False,False,False,False,,,,,,,
2026-07-24,00:00,40.8329162,-73.9293855,OGDEN AVE,10452,44,OTHER,Street,1.6002090601940857,False,BRONX,"(40.8329162, -73.9293855)",trafficstat,True,False,True,False,False,False,False,False,False,,,,,,,
2026-07-24,00:00,40.8275118,-73.9249432,GERARD AVE,10451,44,OTHER,Street,1.4552273106889493,False,BRONX,"(40.8275118, -73.9249432)",trafficstat,True,False,False,True,False,False,False,False,False,,,,,,,
2026-07-24,00:00,40.8278116,-73.9259293,RIVER AVE,10451,44,OTHER,Street,1.1718915063105368,False,BRONX,"(40.8278116, -73.9259293)",trafficstat,True,False,True,False,False,False,False,False,False,,,,,,,
2026-06-20,00:00,40.8278116,-73.9259293,RIVER AVE,10451,44,UNKNOWN,Street,1.1718915063105368,False,BRONX,"(40.8278116, -73.9259293)",trafficstat,False,False,False,False,False,False,False,False,False,,,,,,,
2026-07-23,00:00,40.8272514,-73.9175325,MORRIS AVE,10451,44,UNKNOWN,Street,1.4522807726896052,False,BRONX,"(40.8272514, -73.9175325)",trafficstat,True,False,False,False,True,False,False,False,False,,,,,,,
2026-07-23,00:00,40.8406027,-73.9115129,SHERIDAN AVE,10457,44,UNKNOWN,Street,1.8908712597037198,False,BRONX,"(40.8406027, -73.9115129)",trafficstat,True,False,False,False,False,False,False,False,True,,,,,,,
2026-07-23,00:00,40.836308,-73.92517,WOODYCREST AVE,10452,44,UNKNOWN,Street,0.6340703087797503,False,BRONX,"(40.836308, -73.92517)",trafficstat,True,False,True,False,False,False,False,False,False,,,,,,,
2026-07-22,00:00,40.8255778,-73.9184559,CONCOURSE VLG E,10451,44,UNKNOWN,Street,1.4999863841019254,False,BRONX,"(40.8255778, -73.9184559)",trafficstat,False,False,False,False,False,False,False,False,False,,,,,,,
2026-07-18,00:00,40.8255778,-73.9184559,CONCOURSE VLG E,10451,44,UNKNOWN,Street,1.4999863841019254,False,BRONX,"(40.8255778, -73.9184559)",trafficstat,True,False,True,False,False,False,False,False,False,,,,,,,
2026-07-10,00:00,40.8255778,-73.9184559,CONCOURSE VLG E,10451,44,OTHER,Street,1.4999863841019254,False,BRONX,"(40.8255778, -73.9184559)",trafficstat,True,False,False,False,True,False,False,False,False,,,,,,,
2026-06-25,00:00,40.8255778,-73.9184559,CONCOURSE VLG E,10451,44,UNKNOWN,Street,1.4999863841019254,False,BRONX,"(40.8255778, -73.9184559)",trafficstat,True,False,True,False,False,False,False,False,False,,,,,,,
2026-07-22,00:00,40.8291076,-73.918625,SHERMAN AVE,10456,44,UNKNOWN,Street,1.7605536649148166,False,BRONX,"(40.8291076, -73.918625)",trafficstat,False,False,False,False,False,False,False,False,False,,,,,,,
2026-07-21,00:00,40.8280987,-73.9202017,SHERIDAN AVE,10451,44,OTHER,Street,1.582283105366217,False,BRONX,"(40.8280987, -73.9202017)",trafficstat,False,False,False,False,False,False,False,False,False,,,,,,,
2026-07-21,00:00,40.8354457,-73.9233803,JEROME AVE,10452,44,UNKNOWN,Street,2.606965709258769,False,BRONX,"(40.8354457, -73.9233803)",trafficstat,False,False,False,False,False,False,False,False,False,,,,,,,
2026-06-25,00:00,40.8354457,-73.9233803,JEROME AVE,10452,44,UNKNOWN,Street,2.606965709258769,False,BRONX,"(40.8354457, -73.9233803)",trafficstat,False,False,False,False,False,False,False,False,False,,,,,,,
2026-06-23,00:00,40.8354457,-73.9233803,JEROME AVE,10452,44,OTHER,Street,2.606965709258769,False,BRONX,"(40.8354457, -73.9233803)",trafficstat,True,False,False,False,False,False,False,True,False,,,,,,,
2026-07-20,00:00,40.8419692,-73.9041563,WEBSTER AVE,10457,44,UNKNOWN,Street,1.273039985393488,False,BRONX,"(40.8419692, -73.9041563)",trafficstat,True,False,False,True,False,False,False,False,False,,,,,,,
2026-07-19,00:00,40.8270641,-73.931091,MAJOR DEEGAN EXPY,10451,44,UNKNOWN,Highway,0.8670413075771891,False,BRONX,"(40.8270641, -73.931091)",trafficstat,False,False,False,False,False,False,False,False,False,,,,,,,
2026-07-18,00:00,40.8256437,-73.9192021,E  161 ST,10451,44,UNKNOWN,Street,61.25504770880753,False,BRONX,"(40.8256437, -73.9192021)",trafficstat,True,False,False,False,False,False,False,True,False,,,,,,,
2026-07-18,00:00,40.819786,-73.92801,WALTON AVE,10451,44,UNKNOWN,Street,1.6834710250260323,False,BRONX,"(40.819786, -73.92801)",trafficstat,False,False,False,False,False,False,False,False,False,,,,,,,
2026-07-17,00:00,40.830346,-73.9232741,GERARD AVE,10452,44,UNKNOWN,Street,1.036947579243624,False,BRONX,"(40.830346, -73.9232741)",trafficstat,True,False,False,False,False,False,False,False,False,,,,,,,
2026-07-16,00:00,40.8387719,-73.9227333,SHAKESPEARE AVE,10452,44,OTHER,Street,45.76465792912406,False,BRONX,"(40.8387719, -73.9227333)",trafficstat,False,False,False,False,False,False,False,False,False,,,,,,,
2026-07-15,00:00,40.8341345,-73.9166422,SHERIDAN AVE,10456,44,OTHER,Street,2.3427226268227854,False,BRONX,"(40.8341345, -73.9166422)",trafficstat,True,False,False,False,False,False,False,False,True,,,,,,,
2026-07-15,00:00,40.829594,-73.9321042,MAJOR DEEGAN EXPWY SB ET 5,10452,44,UNKNOWN,Ramp,4.245285418419528,False,BRONX,"(40.829594, -73.9321042)",trafficstat,False,False,False,False,False,False,False,False,False,,,,,,,
2026-07-15,00:00,40.843913,-73.927279,MAJOR DEEGAN EXPY,10452,44,UNKNOWN,Highway,0.17754845000006575,False,BRONX,"(40.843913, -73.927279)",trafficstat,True,False,False,False,False,True,False,False,False,,,,,,,
2026-06-25,00:00,40.843913,-73.927279,MAJOR DEEGAN EXPY,10452,44,UNKNOWN,Highway,0.17754845000006575,False,BRONX,"(40.843913, -73.927279)",trafficstat,False,False,False,False,False,False,False,False,False,,,,,,,
2026-06-14,00:00,40.843913,-73.927279,MAJOR DEEGAN EXPY,10452,44,UNKNOWN,Highway,0.17754845000006575,False,BRONX,"(40.843913, -73.927279)",trafficstat,True,False,False,False,False,False,False,False,True,,,,,,,
2026-07-15,00:00,40.831635,-73.922516,GERARD AVE,10452,44,OTHER,Street,1.2534315851710212,False,BRONX,"(40.831635, -73.922516)",trafficstat,False,False,False,False,False,False,False,False,False,,,,,,,
2026-07-14,00:00,40.8403606,-73.9180619,PLAZA DR,10452,44,OTHER,Street,1.5338080043111966,False,BRONX,"(40.8403606, -73.9180619)",trafficstat,True,False,True,False,False,False,False,False,False,,,,,,,
2026-07-14,00:00,40.8408818,-73.928086,SEDGWICK AVE,10452,44,OTHER,Street,45.6674528837863,False,BRONX,"(40.8408818, -73.928086)",trafficstat,False,False,False,False,False,False,False,False,False,,,,,,,
2026-07-14,00:00,40.844581,-73.9026888,WEBSTER AVE,10457,44,UNKNOWN,Street,1.5381015224663093,False,BRONX,"(40.844581, -73.9026888)",trafficstat,True,False,False,True,False,False,False,False,False,,,,,,,
2026-07-13,00:00,40.8357242,-73.9212839,RIVER AVE,10452,44,UNKNOWN,Street,1.7104457179711738,False,BRONX,"(40.8357242, -73.9212839)",trafficstat,False,False,False,False,False,False,False,False,False,,,,,,,
2026-07-02,00:00,40.8357242,-73.9212839,RIVER AVE,10452,44,UNKNOWN,Street,1.7104457179711738,False,BRONX,"(40.8357242, -73.9212839)",trafficstat,False,False,False,False,False,False,False,False,False,,,,,,,
2026-07-13,00:00,40.8338092,-73.9183916,GRAND CONC,10452,44,UNKNOWN,Street,2.444091908688349,False,BRONX,"(40.8338092, -73.9183916)",trafficstat,False,False,False,False,False,False,False,False,False,,,,,,,
2026-07-12,00:00,40.830067,-73.9291464,E  161 ST,10451,44,UNKNOWN,Street,2.354854966475053,False,BRONX,"(40.830067, -73.9291464)",trafficstat,False,False,False,False,False,False,False,False,False,,,,,,,
2026-07-12,00:00,40.8259993,-73.9248184,WALTON AVE,10451,44,OTHER,Street,1.5522975554495553,False,BRONX,"(40.8259993, -73.9248184)",trafficstat,False,False,False,False,False,False,False,False,False,,,,,,,
2026-07-12,00:00,40.8436423,-73.9130305,E  MOUNT EDEN AVE,10452,44,UNKNOWN,Street,1.0686333619768456,False,BRONX,"(40.8436423, -73.9130305)",trafficstat,True,False,False,False,False,False,False,True,False,,,,,,,
2026-07-11,00:00,40.8308896,-73.9322691,MAJOR DEEGAN EXPY,10452,44,UNKNOWN,Highway,9.741798932317332,False,BRONX,"(40.8308896, -73.9322691)",trafficstat,True,False,False,False,False,False,False,False,True,,,,,,,
2026-07-11,00:00,40.8193581,-73.9306969,E  149 ST,10451,44,UNKNOWN,Street,2.697241933162907,False,BRONX,"(40.8193581, -73.9306969)",trafficstat,True,False,False,False,False,False,False,True,False,,,,,,,
2026-07-11,00:00,40.83562,-73.92786,OGDEN AVE,10452,44,UNKNOWN,Street,1.3122005624832067,False,BRONX,"(40.83562, -73.92786)",trafficstat,False,False,False,False,False,False,False,False,False,,,,,,,
2026-07-10,00:00,40.84036,-73.91806,PLAZA DR,10452,44,UNKNOWN,Street,2.1031544329995575,False,BRONX,"(40.84036, -73.91806)",trafficstat,True,False,False,True,False,False,False,False,False,,,,,,,
2026-07-10,00:00,40.8314212,-73.9264239,JEROME AVE,10452,44,UNKNOWN,Street,2.2736672205072397,False,BRONX,"(40.8314212, -73.9264239)",trafficstat,True,False,False,False,False,False,False,False,True,,,,,,,
2026-07-10,00:00,40.838158,-73.921196,CROMWELL AVE,10452,44,UNKNOWN,Street,0.4426530966970072,False,BRONX,"(40.838158, -73.921196)",trafficstat,False,False,False,False,False,False,False,False,False,,,,,,,
2026-07-10,00:00,40.840875,-73.9197852,CROMWELL AVE,10452,44,OTHER,Street,1.2295553588285084,False,BRONX,"(40.840875, -73.9197852)",trafficstat,False,False,False,False,False,False,False,False,False,,,,,,,
2026-07-01,00:00,40.840875,-73.9197852,CROMWELL AVE,10452,44,UNKNOWN,Street,1.2295553588285084,False,BRONX,"(40.840875, -73.9197852)",trafficstat,False,False,False,False,False,False,False,False,False,,,,,,,
2026-07-09,00:00,40.8356215,-73.9278576,OGDEN AVE,10452,44,UNKNOWN,Street,1.7076171288344435,False,BRONX,"(40.8356215, -73.9278576)",trafficstat,False,False,False,False,False,False,False,False,False,,,,,,,
2026-07-07,00:00,40.838997,-73.91072,E  171 ST,10457,44,UNKNOWN,Street,2.325156069733705,False,BRONX,"(40.838997, -73.91072)",trafficstat,True,False,True,False,False,False,False,False,False,,,,,,,
2026-07-07,00:00,40.8293393,-73.928522,MACOMBS DAM BRG,10452,44,OTHER,Bridge,2.2929401341883304,False,BRONX,"(40.8293393, -73.928522)",trafficstat,True,False,False,False,False,False,False,False,False,,,,,,,
2026-07-07,00:00,40.8448334,-73.9093749,MORRIS AVE,10457,44,UNKNOWN,Street,0.40493920375621845,False,BRONX,"(40.8448334, -73.9093749)",trafficstat,False,False,False,False,False,False,False,False,False,,,,,,,
2026-07-06,00:00,40.8450697,-73.9168504,CROSS BRONX EXPY,10452,44,UNKNOWN,Highway,3.3428690480448595,False,BRONX,"(40.8450697, -73.9168504)",trafficstat,False,False,False,False,False,False,False,False,False,,,,,,,
2026-07-06,00:00,40.84442,-73.92504,BOSCOBEL PL,10452,44,UNKNOWN,Street,2.7524267679267322,False,BRONX,"(40.84442, -73.92504)",trafficstat,True,False,False,False,False,False,False,True,False,,,,,,,
2026-07-06,00:00,40.839769,-73.9053847,WEBSTER AVE,10456,44,UNKNOWN,Street,1.054197273268541,False,BRONX,"(40.839769, -73.9053847)",trafficstat,False,False,False,False,False,False,False,False,False,,,,,,,
2026-07-06,00:00,40.8205438,-73.9307752,EXTERIOR ST,10451,44,UNKNOWN,Street,13.751399227869806,False,BRONX,"(40.8205438, -73.9307752)",trafficstat,False,False,False,False,False,False,False,False,False,,,,,,,
2026-07-04,00:00,40.8297,-73.913124,TELLER AVE,10456,44,UNKNOWN,Street,1.5145041299681907,False,BRONX,"(40.8297, -73.913124)",trafficstat,True,False,True,False,False,False,False,False,False,,,,,,,
2026-07-03,00:00,40.837673,-73.91921,GERARD AVE,10452,44,OTHER,Street,1.5751949541559884,False,BRONX,"(40.837673, -73.91921)",trafficstat,False,False,False,False,False,False,False,False,False,,,,,,,
2026-07-02,00:00,40.8359914,-73.9148185,SHERIDAN AVE,10456,44,UNKNOWN,Street,1.6550786988504418,False,BRONX,"(40.8359914, -73.9148185)",trafficstat,False,False,False,False,False,False,False,False,False,,,,,,,
2026-07-02,00:00,40.8249919,-73.9166139,E  161 ST,10451,44,UNKNOWN,Street,2.8410298904875124,False,BRONX,"(40.8249919, -73.9166139)",trafficstat,False,False,False,False,False,False,False,False,False,,,,,,,
2026-06-23,00:00,40.8249919,-73.9166139,E  161 ST,10451,44,UNKNOWN,Street,2.8410298904875124,False,BRONX,"(40.8249919, -73.9166139)",trafficstat,True,False,True,False,False,False,False,False,False,,,,,,,
2026-07-01,00:00,40.8374709,-73.916158,E  CLARKE PL,10452,44,UNKNOWN,Street,62.28394250689293,False,BRONX,"(40.8374709, -73.916158)",trafficstat,False,False,False,False,False,False,False,False,False,,,,,,,
2026-06-30,00:00,40.8421322,-73.9281866,HIGH BRG,10452,44,OTHER,Bridge,2.954739214005314,False,BRONX,"(40.8421322, -73.9281866)",trafficstat,False,False,False,False,False,False,False,False,False,,,,,,,
2026-06-30,00:00,40.8430035,-73.9035766,WEBSTER AVE,10457,44,UNKNOWN,Street,1.319132975547285,False,BRONX,"(40.8430035, -73.9035766)",trafficstat,True,False,False,False,False,False,False,True,False,,,,,,,
2026-06-30,00:00,40.8447176,-73.9122665,WALTON AVE,10452,44,UNKNOWN,Street,1.4161703956876524,False,BRONX,"(40.8447176, -73.9122665)",trafficstat,False,False,False,False,False,False,False,False,False,,,,,,,
2026-06-29,00:00,40.8339165,-73.9270066,WOODYCREST AVE,10452,44,OTHER,Street,2.225728154363872,False,BRONX,"(40.8339165, -73.9270066)",trafficstat,False,False,False,False,False,False,False,False,False,,,,,,,