crash_date,crash_time,latitude,longitude,on_street_name,zip_code,precinct,collision_type,roadway_type,geocode_dist_feet,time_is_known,borough,location,source,injury,fatality,injured_pedestrian,injured_cyclist,injured_ebike_rider,injured_motorcyclist,injured_moped_rider,injured_car_occupant,injured_suv_occupant,number_of_persons_injured,number_of_persons_killed,contributing_factor_vehicle_1,collision_id,cross_street_name,off_street_name,vehicle_type_code1
2026-06-28,00:00,40.8311297,-73.9174446,SHERMAN AVE,10456,44,UNKNOWN,Street,1.9189133296019802,False,BRONX,"(40.8311297, -73.9174446)",trafficstat,False,False,False,False,False,False,False,False,False,,,,,,,
2026-06-28,00:00,40.8438993,-73.9116929,GRAND CONC,10452,44,UNKNOWN,Street,1.4095622671598216,False,BRONX,"(40.8438993, -73.9116929)",trafficstat,True,False,False,False,False,False,False,False,True,,,,,,,
2026-06-28,00:00,40.8443976,-73.9254135,MAJOR DEEGAN EXPWY NB ET 7 S,10452,44,UNKNOWN,Ramp,2.3962183532510672,False,BRONX,"(40.8443976, -73.9254135)",trafficstat,True,False,False,False,False,False,False,True,False,,,,,,,
2026-06-27,00:00,40.8335225,-73.9299055,SUMMIT AVE,10452,44,UNKNOWN,Street,31.93212538301882,False,BRONX,"(40.8335225, -73.9299055)",trafficstat,False,False,False,False,False,False,False,False,False,,,,,,,
2026-06-26,00:00,40.8323688,-73.9319604,MAJOR DEEGAN EXPY,10452,44,UNKNOWN,Highway,5.6796725915449064,False,BRONX,"(40.8323688, -73.9319604)",trafficstat,False,False,False,False,False,False,False,False,False,,,,,,,
2026-06-26,00:00,40.8361092,-73.9223713,E  167 ST,10452,44,UNKNOWN,Street,2.3203270691724627,False,BRONX,"(40.8361092, -73.9223713)",trafficstat,False,False,False,False,False,False,False,False,False,,,,,,,
2026-06-25,00:00,40.8361092,-73.9223713,E  167 ST,10452,44,UNKNOWN,Street,2.3203270691724627,False,BRONX,"(40.8361092, -73.9223713)",trafficstat,False,False,False,False,False,False,False,False,False,,,,,,,
2026-06-25,00:00,40.836625,-73.9261074,NELSON AVE,10452,44,OTHER,Street,1.823326779139891,False,BRONX,"(40.836625, -73.9261074)",trafficstat,False,False,False,False,False,False,False,False,False,,,,,,,
2026-06-25,00:00,40.8420242,-73.9111939,SHERIDAN AVE,10457,44,UNKNOWN,Street,33.68962986294326,False,BRONX,"(40.8420242, -73.9111939)",trafficstat,False,False,False,False,False,False,False,False,False,,,,,,,
2026-06-25,00:00,40.8383017,-73.93001,MAJOR DEEGAN EXPY,10452,44,UNKNOWN,Highway,0.8202398624334525,False,BRONX,"(40.8383017, -73.93001)",trafficstat,False,False,False,False,False,False,False,False,False,,,,,,,
2026-06-24,00:00,40.835896,-73.92869,SUMMIT AVE,10452,44,UNKNOWN,Street,0.3507800122950799,False,BRONX,"(40.835896, -73.92869)",trafficstat,False,False,False,False,False,False,False,False,False,,,,,,,
2026-06-24,00:00,40.8388864,-73.9216416,EDWARD L GRANT HWY,10452,44,UNKNOWN,Street,22.023464853609408,False,BRONX,"(40.8388864, -73.9216416)",trafficstat,False,False,False,False,False,False,False,False,False,,,,,,,
2026-06-23,00:00,40.8265161,-73.9179381,MORRIS AVE,10451,44,UNKNOWN,Street,1.7158243443066825,False,BRONX,"(40.8265161, -73.9179381)",trafficstat,False,False,False,False,False,False,False,False,False,,,,,,,
2026-06-21,00:00,40.8340549,-73.9289003,OGDEN AVE,10452,44,UNKNOWN,Street,38.71698592625442,False,BRONX,"(40.8340549, -73.9289003)",trafficstat,False,False,False,False,False,False,False,False,False,,,,,,,
2026-06-20,00:00,40.8333736,-73.9092258,WEBSTER AVE,10456,44,UNKNOWN,Street,53.86147750298016,False,BRONX,"(40.8333736, -73.9092258)",trafficstat,False,False,False,False,False,False,False,False,False,,,,,,,
2026-06-19,00:00,40.8442668,-73.9228569,WASHINGTON BRG,10452,44,UNKNOWN,Ramp,2.295178882143499,False,BRONX,"(40.8442668, -73.9228569)",trafficstat,False,False,False,False,False,False,False,False,False,,,,,,,
2026-06-18,00:00,40.82929,-73.9164098,MORRIS AVE,10456,44,UNKNOWN,Street,1.4281640695830418,False,BRONX,"(40.82929, -73.9164098)",trafficstat,False,False,False,False,False,False,False,False,False,,,,,,,
2026-06-17,00:00,40.825577,-73.91846,CONCOURSE VLG E,10451,44,OTHER,Street,0.5655766950702585,False,BRONX,"(40.825577, -73.91846)",trafficstat,True,False,False,False,False,False,True,False,False,,,,,,,
2026-06-17,00:00,40.81856,-73.9273161,E  149 ST,10451,44,UNKNOWN,Street,2.6035866470057596,False,BRONX,"(40.81856, -73.9273161)",trafficstat,False,False,False,False,False,False,False,False,False,,,,,,,
2026-06-16,00:00,40.8360199,-73.9242975,ANDERSON AVE,10452,44,UNKNOWN,Street,1.75040965439693,False,BRONX,"(40.8360199, -73.9242975)",trafficstat,False,False,False,False,False,False,False,False,False,,,,,,,
2026-06-16,00:00,40.8441804,-73.9029171,WEBSTER AVE,10457,44,UNKNOWN,Street,1.396157760211155,False,BRONX,"(40.8441804, -73.9029171)",trafficstat,True,False,False,False,False,False,False,True,False,,,,,,,
2026-06-15,00:00,40.8345228,-73.9142559,ALLEY,10456,44,UNKNOWN,Alley,28.37511401803915,False,BRONX,"(40.8345228, -73.9142559)",trafficstat,False,False,False,False,False,False,False,False,False,,,,,,,
2026-06-13,00:00,40.8308479,-73.9315341,W  161 ST,10452,44,OTHER,Street,3.065042865348838,False,BRONX,"(40.8308479, -73.9315341)",trafficstat,False,False,False,False,False,False,False,False,False,,,,,,,
2026-06-12,00:00,40.8263976,-73.9211541,CONCOURSE VLG W,10451,44,UNKNOWN,Street,1.4948555359640883,False,BRONX,"(40.8263976, -73.9211541)",trafficstat,False,False,False,False,False,False,False,False,False,,,,,,,
2026-06-12,00:00,40.8414567,-73.9184668,INWOOD AVE,10452,44,UNKNOWN,Street,33.02728279683237,False,BRONX,"(40.8414567, -73.9184668)",trafficstat,False,False,False,False,False,False,False,False,False,,,,,,,
2026-09-12,00:00,40.8499682,-73.788768,HUNTER AVE,10464,45,OTHER,Street,48.92544769749365,False,BRONX,"(40.8499682, -73.788768)",trafficstat,False,False,False,False,False,False,False,False,False,,,,,,,
2026-09-11,00:00,40.8366414,-73.8338057,E  TREMONT AVE,10461,45,UNKNOWN,Street,0.5926342307780266,False,BRONX,"(40.8366414, -73.8338057)",trafficstat,True,False,False,False,False,False,False,False,True,,,,,,,
2026-07-07,00:00,40.8366414,-73.8338057,E  TREMONT AVE,10461,45,OTHER,Street,0.5926342307780266,False,BRONX,"(40.8366414, -73.8338057)",trafficstat,True,False,False,False,False,False,False,True,False,,,,,,,
2026-09-11,00:00,40.8666595,-73.8313423,NEW ENGLAND THRUWAY NB EXIT 11,10475,45,UNKNOWN,Ramp,1.5609353617294857,False,BRONX,"(40.8666595, -73.8313423)",trafficstat,True,False,False,False,False,False,False,True,True,,,,,,,
2026-08-20,00:00,40.8666595,-73.8313423,NEW ENGLAND THRUWAY NB EXIT 11,10475,45,UNKNOWN,Ramp,1.5609353617294857,False,BRONX,"(40.8666595, -73.8313423)",trafficstat,False,False,False,False,False,False,False,False,False,,,,,,,
2026-09-10,00:00,40.8375832,-73.8494736,PARKER ST,10462,45,UNKNOWN,Street,46.02642036586582,False,BRONX,"(40.8375832, -73.8494736)",trafficstat,False,False,False,False,False,False,False,False,False,,,,,,,
2026-09-10,00:00,40.8173926,-73.8369546,HUTCHINSON RIVER PKWY,10465,45,OTHER,Street,70.91899390702984,False,BRONX,"(40.8173926, -73.8369546)",trafficstat,True,False,False,False,False,False,False,False,True,,,,,,,
2026-07-18,00:00,40.8173926,-73.8369546,HUTCHINSON RIVER PKWY,10465,45,UNKNOWN,Street,70.91899390702984,False,BRONX,"(40.8173926, -73.8369546)",trafficstat,True,False,False,False,False,False,False,False,True,,,,,,,
2026-09-10,00:00,40.8406575,-73.8420177,WESTCHESTER AVE,10461,45,UNKNOWN,Street,2.752857807948432,False,BRONX,"(40.8406575, -73.8420177)",trafficstat,True,False,False,False,False,False,False,False,False,,,,,,,
2026-08-15,00:00,40.8406575,-73.8420177,WESTCHESTER AVE,10461,45,UNKNOWN,Street,2.752857807948432,False,BRONX,"(40.8406575, -73.8420177)",trafficstat,True,False,False,True,False,False,False,False,False,,,,,,,
2026-06-23,00:00,40.8406575,-73.8420177,WESTCHESTER AVE,10461,45,OTHER,Street,2.752857807948432,False,BRONX,"(40.8406575, -73.8420177)",trafficstat,False,False,False,False,False,False,False,False,False,,,,,,,
2026-09-09,00:00,40.8406609,-73.8385026,HUTCHINSON RIVER PKWY,10461,45,UNKNOWN,Highway,0.14205951092064553,False,BRONX,"(40.8406609, -73.8385026)",trafficstat,False,False,False,False,False,False,False,False,False,,,,,,,
2026-09-08,00:00,40.834267,-73.8261614,LOGAN AVE,10461,45,UNKNOWN,Street,1.1938302432043666,False,BRONX,"(40.834267, -73.8261614)",trafficstat,False,False,False,False,False,False,False,False,False,,,,,,,
2026-09-08,00:00,40.8608912,-73.828344,NEW ENGLAND TRWY,10469,45,OTHER,Highway,2.2603206133868015,False,BRONX,"(40.8608912, -73.828344)",trafficstat,True,False,False,False,False,False,False,True,False,,,,,,,
2026-07-17,00:00,40.8608912,-73.828344,NEW ENGLAND TRWY,10469,45,OTHER,Highway,2.2603206133868015,False,BRONX,"(40.8608912, -73.828344)",trafficstat,True,False,False,False,False,False,False,True,True,,,,,,,
2026-06-29,00:00,40.8608912,-73.828344,NEW ENGLAND TRWY,10469,45,UNKNOWN,Highway,2.2603206133868015,False,BRONX,"(40.8608912, -73.828344)",trafficstat,True,False,False,False,False,True,False,False,False,,,,,,,
2026-09-08,00:00,40.8563896,-73.8263038,BRUCKNER EXPY,10465,45,UNKNOWN,Highway,0.3076394075505581,False,BRONX,"(40.8563896, -73.8263038)",trafficstat,True,False,False,False,False,False,False,False,True,,,,,,,
2026-08-25,00:00,40.8563896,-73.8263038,BRUCKNER EXPY,10465,45,UNKNOWN,Highway,0.3076394075505581,False,BRONX,"(40.8563896, -73.8263038)",trafficstat,False,False,False,False,False,False,False,False,False,,,,,,,
2026-08-08,00:00,40.8563896,-73.8263038,BRUCKNER EXPY,10465,45,OTHER,Highway,0.3076394075505581,False,BRONX,"(40.8563896, -73.8263038)",trafficstat,True,False,False,False,False,False,False,True,False,,,,,,,
2026-07-13,00:00,40.8563896,-73.8263038,BRUCKNER EXPY,10465,45,OTHER,Highway,0.3076394075505581,False,BRONX,"(40.8563896, -73.8263038)",trafficstat,True,False,False,False,False,True,False,False,False,,,,,,,
2026-09-08,00:00,40.8606274,-73.8281292,NEW ENGLAND TRWY,10469,45,OTHER,Highway,27.065328449386566,False,BRONX,"(40.8606274, -73.8281292)",trafficstat,False,False,False,False,False,False,False,False,False,,,,,,,
2026-09-07,00:00,40.8682184,-73.8094717,ORCHARD BEACH RD,10464,45,UNKNOWN,Street,0.0434963896777383,False,BRONX,"(40.8682184, -73.8094717)",trafficstat,False,False,False,False,False,False,False,False,False,,,,,,,
2026-09-06,00:00,40.8425889,-73.8270497,HOLLYWOOD AVE,10461,45,UNKNOWN,Street,49.24906765188211,False,BRONX,"(40.8425889, -73.8270497)",trafficstat,False,False,False,False,False,False,False,False,False,,,,,,,
2026-09-06,00:00,40.8425254,-73.8270476,HOLLYWOOD AVE,10461,45,UNKNOWN,Street,47.11484875036744,False,BRONX,"(40.8425254, -73.8270476)",trafficstat,False,False,False,False,False,False,False,False,False,,,,,,,
2026-09-05,00:00,40.8249007,-73.8365377,HUTCHINSON RIVER PKWY,10465,45,UNKNOWN,Street,0.3861314849267634,False,BRONX,"(40.8249007, -73.8365377)",trafficstat,True,False,False,False,False,False,False,True,False,,,,,,,
2026-07-01,00:00,40.8249007,-73.8365377,HUTCHINSON RIVER PKWY,10465,45,UNKNOWN,Street,0.3861314849267634,False,BRONX,"(40.8249007, -73.8365377)",trafficstat,False,False,False,False,False,False,False,False,False,,,,,,,
2026-09-05,00:00,40.8550745,-73.8283631,BURR AVE,10461,45,UNKNOWN,Street,36.52414519959504,False,BRONX,"(40.8550745, -73.8283631)",trafficstat,False,False,False,False,False,False,False,False,False,,,,,,,
2026-09-05,00:00,40.8713522,-73.8199082,HUTCHINSON RIVER PKWY SB EN SHR,10464,45,UNKNOWN,Ramp,2.0590628397898847,False,BRONX,"(40.8713522, -73.8199082)",trafficstat,True,False,False,False,False,False,False,True,False,,,,,,,
2026-09-04,00:00,40.8223167,-73.8191723,E  TREMONT AVE,10465,45,UNKNOWN,Street,1.3214891467600802,False,BRONX,"(40.8223167, -73.8191723)",trafficstat,False,False,False,False,False,False,False,False,False,,,,,,,
2026-09-04,00:00,40.8284566,-73.8395043,CROSS BRONX EP ET TO BRUCKNER EP,10465,45,UNKNOWN,Ramp,9.376771085035136,False,BRONX,"(40.8284566, -73.8395043)",trafficstat,False,False,False,False,False,False,False,False,False,,,,,,,
2026-09-04,00:00,40.8504836,-73.8361076,HUTCHINSON RIVER PKWY,10461,45,UNKNOWN,Highway,1.4218991503814797,False,BRONX,"(40.8504836, -73.8361076)",trafficstat,True,False,False,False,False,False,False,True,False,,,,,,,
2026-09-04,00:00,40.8426684,-73.8270598,HOLLYWOOD AVE,10461,45,UNKNOWN,Street,49.86819275115224,False,BRONX,"(40.8426684, -73.8270598)",trafficstat,False,False,False,False,False,False,False,False,False,,,,,,,
2026-09-04,00:00,40.8622865,-73.8289745,NEW ENGLAND TRWY,10469,45,UNKNOWN,Highway,2.299154256085775,False,BRONX,"(40.8622865, -73.8289745)",trafficstat,True,False,False,False,False,False,False,False,True,,,,,,,
2026-06-18,00:00,40.8622865,-73.8289745,NEW ENGLAND TRWY,10469,45,OTHER,Highway,2.299154256085775,False,BRONX,"(40.8622865, -73.8289745)",trafficstat,False,False,False,False,False,False,False,False,False,,,,,,,
2026-09-03,00:00,40.8530826,-73.8010064,RODMANS NECK PATH,10464,45,OTHER,Street,15.02635344498667,False,BRONX,"(40.8530826, -73.8010064)",trafficstat,False,False,False,False,False,False,False,False,False,,,,,,,
2026-09-03,00:00,40.853681,-73.8305839,CONTINENTAL AVE,10461,45,UNKNOWN,Street,34.95090716364131,False,BRONX,"(40.853681, -73.8305839)",trafficstat,False,False,False,False,False,False,False,False,False,,,,,,,
2026-09-03,00:00,40.8370932,-73.8256061,BRUCKNER EXPY EXIT 7B SB,10465,45,OTHER,Ramp,5.276031444104123,False,BRONX,"(40.8370932, -73.8256061)",trafficstat,False,False,False,False,False,False,False,False,False,,,,,,,
2026-09-03,00:00,40.8186378,-73.8100237,PENNYFIELD AVE,10465,45,UNKNOWN,Street,1.7032033241046116,False,BRONX,"(40.8186378, -73.8100237)",trafficstat,False,False,False,False,False,False,False,False,False,,,,,,,
2026-09-03,00:00,40.8365223,-73.8520393,STARLING AVE,10462,45,UNKNOWN,Street,53.49748615471801,False,BRONX,"(40.8365223, -73.8520393)",trafficstat,False,False,False,False,False,False,False,False,False,,,,,,,
2026-09-02,00:00,40.8304801,-73.8397626,,,45,OTHER,,314.6532281933268,False,BRONX,"(40.8304801, -73.8397626)",trafficstat,True,False,True,False,False,False,False,False,False,,,,,,,
2026-06-15,00:00,40.8304801,-73.8397626,,,45,UNKNOWN,,314.6532281933268,False,BRONX,"(40.8304801, -73.8397626)",trafficstat,True,False,True,False,False,False,False,False,False,,,,,,,
2026-09-02,00:00,40.8290317,-73.8366938,CROSS BRONX EXPY,10465,45,OTHER,Highway,2.811627251187782,False,BRONX,"(40.8290317, -73.8366938)",trafficstat,True,False,False,False,False,False,False,False,True,,,,,,,
2026-07-22,00:00,40.8290317,-73.8366938,CROSS BRONX EXPY,10465,45,UNKNOWN,Highway,2.811627251187782,False,BRONX,"(40.8290317, -73.8366938)",trafficstat,True,False,False,False,False,False,False,True,False,,,,,,,
2026-09-02,00:00,40.8592452,-73.8181284,CHARLES J CRIMI RD,10465,45,OTHER,Ramp,2.2364656126487468,False,BRONX,"(40.8592452, -73.8181284)",trafficstat,False,False,False,False,False,False,False,False,False,,,,,,,
2026-09-02,00:00,40.8520699,-73.8266295,BRUCKNER EXPY,10465,45,UNKNOWN,Highway,0.4808786253829775,False,BRONX,"(40.8520699, -73.8266295)",trafficstat,True,False,False,False,False,False,False,False,True,,,,,,,
2026-07-01,00:00,40.8520699,-73.8266295,BRUCKNER EXPY,10465,45,UNKNOWN,Highway,0.4808786253829775,False,BRONX,"(40.8520699, -73.8266295)",trafficstat,True,False,False,False,False,False,False,True,False,,,,,,,
2026-09-01,00:00,40.8648015,-73.8136717,SHORE RD,10464,45,OTHER,Street,27.432802135061685,False,BRONX,"(40.8648015, -73.8136717)",trafficstat,True,False,False,False,False,False,False,True,False,,,,,,,
2026-09-01,00:00,40.8465848,-73.8349375,MULFORD AVE,10461,45,UNKNOWN,Street,72.66716912768607,False,BRONX,"(40.8465848, -73.8349375)",trafficstat,False,False,False,False,False,False,False,False,False,,,,,,,
2026-09-01,00:00,40.8619557,-73.8280282,HUTCHINSON RVR PKWY ET 2B SB,10475,45,UNKNOWN,Ramp,2.381366747351767,False,BRONX,"(40.8619557, -73.8280282)",trafficstat,False,False,False,False,False,False,False,False,False,,,,,,,
2026-08-31,00:00,40.8377278,-73.8515948,ST RAYMOND AVE,10462,45,UNKNOWN,Street,57.307805135041065,False,BRONX,"(40.8377278, -73.8515948)",trafficstat,False,False,False,False,False,False,False,False,False,,,,,,,
2026-08-30,00:00,40.8276286,-73.8235745,E  TREMONT AVE,10465,45,OTHER,Street,57.76874424406824,False,BRONX,"(40.8276286, -73.8235745)",trafficstat,True,False,False,False,False,False,False,False,True,,,,,,,
2026-08-30,00:00,40.8307549,-73.8272476,BARKLEY AVE,10465,45,OTHER,Street,31.298103249181537,False,BRONX,"(40.8307549, -73.8272476)",trafficstat,False,False,False,False,False,False,False,False,False,,,,,,,
2026-08-30,00:00,40.8695823,-73.8202203,HUTCHINSON RIVER PKWY,10464,45,OTHER,Highway,0.32859787991404826,False,BRONX,"(40.8695823, -73.8202203)",trafficstat,True,False,False,False,False,False,False,False,True,,,,,,,
2026-08-29,00:00,40.8566187,-73.8308363,HUTCHINSON RVR PKWY ET 1D NB,10469,45,UNKNOWN,Ramp,0.3868835160065487,False,BRONX,"(40.8566187, -73.8308363)",trafficstat,True,False,False,False,False,False,False,True,False,,,,,,,
2026-08-29,00:00,40.8365107,-73.8251595,BRUCKNER EXPY,10465,45,UNKNOWN,Highway,1.006570318815503,False,BRONX,"(40.8365107, -73.8251595)",trafficstat,True,False,False,False,False,True,False,False,False,,,,,,,
2026-08-21,00:00,40.8365107,-73.8251595,BRUCKNER EXPY,10465,45,UNKNOWN,Highway,1.006570318815503,False,BRONX,"(40.8365107, -73.8251595)",trafficstat,True,False,False,False,False,False,False,True,False,,,,,,,
2026-08-29,00:00,40.8132519,-73.8257353,HARDING AVE,10465,45,UNKNOWN,Street,74.99989372776682,False,BRONX,"(40.8132519, -73.8257353)",trafficstat,False,False,False,False,False,False,False,False,False,,,,,,,
2026-08-29,00:00,40.8443027,-73.8250798,MACDONOUGH PL,10465,45,UNKNOWN,Street,0.42506843786747184,False,BRONX,"(40.8443027, -73.8250798)",trafficstat,False,False,False,False,False,False,False,False,False,,,,,,,
2026-08-29,00:00,40.8471866,-73.8311276,HOBART AVE,10461,45,UNKNOWN,Street,34.0716338357224,False,BRONX,"(40.8471866, -73.8311276)",trafficstat,False,False,False,False,False,False,False,False,False,,,,,,,
2026-08-28,00:00,40.8289244,-73.8384046,BRUCKNER EXPY,10462,45,UNKNOWN,Highway,9.108125946511542,False,BRONX,"(40.8289244, -73.8384046)",trafficstat,True,False,False,False,False,False,False,True,False,,,,,,,
2026-08-27,00:00,40.8263134,-73.8403125,BRUSH AVE,10465,45,OTHER,Street,51.10475744668125,False,BRONX,"(40.8263134, -73.8403125)",trafficstat,True,False,True,False,False,False,False,False,False,,,,,,,
2026-08-27,00:00,40.8673536,-73.8272772,CO-OP CITY BLVD,10475,45,UNKNOWN,Street,88.15210245749168,False,BRONX,"(40.8673536, -73.8272772)",trafficstat,False,False,False,False,False,False,False,False,False,,,,,,,
2026-08-26,00:00,40.8476937,-73.8275637,BRUCKNER BLVD,10461,45,UNKNOWN,Street,43.03334724954056,False,BRONX,"(40.8476937, -73.8275637)",trafficstat,True,False,False,False,False,False,False,True,False,,,,,,,
2026-08-26,00:00,40.8420933,-73.8470924,OVERING ST,10461,45,OTHER,Street,42.953452534796995,False,BRONX,"(40.8420933, -73.8470924)",trafficstat,False,False,False,False,False,False,False,False,False,,,,,,,
2026-08-25,00:00,40.8295702,-73.8205577,PHILIP AVE,10465,45,UNKNOWN,Street,63.53755658409267,False,BRONX,"(40.8295702, -73.8205577)",trafficstat,False,False,False,False,False,False,False,False,False,,,,,,,
2026-08-25,00:00,40.8825393,-73.8269682,MERRITT AVE,10475,45,UNKNOWN,Street,1.207470506820092,False,BRONX,"(40.8825393, -73.8269682)",trafficstat,True,False,False,False,False,False,False,True,False,,,,,,,
2026-08-25,00:00,40.8729378,-73.8265954,BELLAMY LOOP,10475,45,OTHER,Street,3.038914943435869,False,BRONX,"(40.8729378, -73.8265954)",trafficstat,True,False,False,True,False,False,False,False,False,,,,,,,
2026-08-24,00:00,40.8245694,-73.8390967,BRUSH AVE,10465,45,UNKNOWN,Street,0.7992070925751484,False,BRONX,"(40.8245694, -73.8390967)",trafficstat,False,False,False,False,False,False,False,False,False,,,,,,,
2026-08-24,00:00,40.8282266,-73.8223847,EDISON AVE,10465,45,OTHER,Street,42.2515594992419,False,BRONX,"(40.8282266, -73.8223847)",trafficstat,False,False,False,False,False,False,False,False,False,,,,,,,
2026-08-24,00:00,40.8322971,-73.8195536,VINCENT AVE,10465,45,OTHER,Street,1.1159842989739865,False,BRONX,"(40.8322971, -73.8195536)",trafficstat,True,False,False,False,False,False,False,True,False,,,,,,,
2026-08-24,00:00,40.8685268,-73.8257247,CO-OP CITY BLVD,10475,45,OTHER,Street,240.43746341123975,False,BRONX,"(40.8685268, -73.8257247)",trafficstat,True,False,True,False,False,False,False,False,False,,,,,,,
2026-08-23,00:00,40.8464533,-73.8259972,BRUCKNER EXPY,10465,45,UNKNOWN,Highway,0.664621187611833,False,BRONX,"(40.8464533, -73.8259972)",trafficstat,False,False,False,False,False,False,False,False,False,,,,,,,
2026-07-27,00:00,40.8464533,-73.8259972,BRUCKNER EXPY,10465,45,UNKNOWN,Highway,0.664621187611833,False,BRONX,"(40.8464533, -73.8259972)",trafficstat,True,False,False,False,False,False,False,False,True,,,,,,,
2026-06-29,00:00,40.8464533,-73.8259972,BRUCKNER EXPY,10465,45,OTHER,Highway,0.664621187611833,False,BRONX,"(40.8464533, -73.8259972)",trafficstat,False,False,False,False,False,False,False,False,False,,,,,,,
2026-08-23,00:00,40.8458377,-73.8254914,BRUCKNER BLVD,10465,45,UNKNOWN,Street,0.11651620034295183,False,BRONX,"(40.8458377, -73.8254914)",trafficstat,False,False,False,False,False,False,False,False,False,,,,,,,
2026-08-23,00:00,40.8420599,-73.8379101,HUTCHINSON RIVER PKWY,10461,45,UNKNOWN,Highway,0.08893524575521417,False,BRONX,"(40.8420599, -73.8379101)",trafficstat,False,False,False,False,False,False,False,False,False,,,,,,,
2026-08-23,00:00,40.834245,-73.8279466,MEYERS ST,10461,45,UNKNOWN,Street,61.05208026107202,False,BRONX,"(40.834245, -73.8279466)",trafficstat,False,False,False,False,False,False,False,False,False,,,,,,,
2026-08-23,00:00,40.8290071,-73.8227113,EDISON AVE,10465,45,UNKNOWN,Street,34.66936649252054,False,BRONX,"(40.8290071, -73.8227113)",trafficstat,True,False,False,False,False,False,False,False,True,,,,,,,
2026-08-22,00:00,40.8281034,-73.8179403,THROGS NECK EXPY,10465,45,UNKNOWN,Highway,5.378153374795156,False,BRONX,"(40.8281034, -73.8179403)",trafficstat,False,False,False,False,False,False,False,False,False,,,,,,,
2026-06-30,00:00,40.8281034,-73.8179403,THROGS NECK EXPY,10465,45,UNKNOWN,Highway,5.378153374795156,False,BRONX,"(40.8281034, -73.8179403)",trafficstat,True,False,False,False,False,False,False,False,True,,,,,,,
2026-06-17,00:00,40.8281034,-73.8179403,THROGS NECK EXPY,10465,45,OTHER,Highway,5.378153374795156,False,BRONX,"(40.8281034, -73.8179403)",trafficstat,True,False,False,False,False,False,False,True,False,,,,,,,
2026-06-12,00:00,40.8281034,-73.8179403,THROGS NECK EXPY,10465,45,OTHER,Highway,5.378153374795156,False,BRONX,"(40.8281034, -73.8179403)",trafficstat,False,False,False,False,False,False,False,False,False,,,,,,,
2026-08-22,00:00,40.8251582,-73.8250072,CROSS BRONX EXPY,10465,45,OTHER,Street,2.5912375801708363,False,BRONX,"(40.8251582, -73.8250072)",trafficstat,True,False,False,False,False,False,False,False,True,,,,,,,
2026-07-17,00:00,40.8251582,-73.8250072,CROSS BRONX EXPY,10465,45,UNKNOWN,Street,2.5912375801708363,False,BRONX,"(40.8251582, -73.8250072)",trafficstat,False,False,False,False,False,False,False,False,False,,,,,,,
2026-08-22,00:00,40.8799314,-73.8322054,NEW ENGLAND TRWY,10475,45,OTHER,Highway,1.2334168849598823,False,BRONX,"(40.8799314, -73.8322054)",trafficstat,True,False,False,False,False,False,False,True,False,,,,,,,
2026-08-21,00:00,40.8601762,-73.827429,NEW ENGLAND TRWY,10475,45,UNKNOWN,Highway,5.414766487078461,False,BRONX,"(40.8601762, -73.827429)",trafficstat,False,False,False,False,False,False,False,False,False,,,,,,,
2026-07-18,00:00,40.8601762,-73.827429,NEW ENGLAND TRWY,10475,45,UNKNOWN,Highway,5.414766487078461,False,BRONX,"(40.8601762, -73.827429)",trafficstat,True,False,False,False,False,False,False,True,False,,,,,,,
2026-08-21,00:00,40.8601134,-73.8276208,NEW ENGLAND TRWY,10469,45,UNKNOWN,Highway,1.9600993004858198,False,BRONX,"(40.8601134, -73.8276208)",trafficstat,True,False,False,False,False,False,False,False,True,,,,,,,
2026-08-09,00:00,40.8601134,-73.8276208,NEW ENGLAND TRWY,10469,45,UNKNOWN,Highway,1.9600993004858198,False,BRONX,"(40.8601134, -73.8276208)",trafficstat,True,False,False,False,False,False,False,True,False,,,,,,,
2026-08-20,00:00,40.81637,-73.83896,SCHLEY AVE,10465,45,UNKNOWN,Street,2.791796120535362,False,BRONX,"(40.81637, -73.83896)",trafficstat,True,False,True,False,False,False,False,False,False,,,,,,,
2026-08-20,00:00,40.8278678,-73.82358,E  TREMONT AVE,10465,45,UNKNOWN,Street,1.955130776629767,False,BRONX,"(40.8278678, -73.82358)",trafficstat,True,False,False,False,True,False,False,False,False,,,,,,,
2026-08-20,00:00,40.8363944,-73.8245165,BRUCKNER EXPY,10465,45,UNKNOWN,Highway,14.868907285876231,False,BRONX,"(40.8363944, -73.8245165)",trafficstat,True,False,False,False,False,False,False,True,False,,,,,,,
2026-08-20,00:00,40.8327158,-73.8350213,BALCOM AVE,10465,45,OTHER,Street,21.29724312243002,False,BRONX,"(40.8327158, -73.8350213)",trafficstat,False,False,False,False,False,False,False,False,False,,,,,,,
2026-08-20,00:00,40.8382013,-73.8325881,MAYFLOWER AVE,10461,45,OTHER,Street,37.53893686237561,False,BRONX,"(40.8382013, -73.8325881)",trafficstat,False,False,False,False,False,False,False,False,False,,,,,,,
2026-08-19,00:00,40.8376058,-73.8345152,E  TREMONT AVE,10461,45,UNKNOWN,Street,0.795935819328493,False,BRONX,"(40.8376058, -73.8345152)",trafficstat,True,False,False,False,False,False,False,False,False,,,,,,,
2026-08-19,00:00,40.8838495,-73.8257764,NEW ENGLAND TRWY,10475,45,UNKNOWN,Highway,8.39144755912628,False,BRONX,"(40.8838495, -73.8257764)",trafficstat,True,False,False,False,False,False,False,False,True,,,,,,,