crash_date,crash_time,latitude,longitude,on_street_name,zip_code,precinct,collision_type,roadway_type,geocode_dist_feet,time_is_known,borough,location,source,injury,fatality,injured_pedestrian,injured_cyclist,injured_ebike_rider,injured_motorcyclist,injured_moped_rider,injured_car_occupant,injured_suv_occupant,number_of_persons_injured,number_of_persons_killed,contributing_factor_vehicle_1,collision_id,cross_street_name,off_street_name,vehicle_type_code1
2026-08-18,00:00,40.8532546,-73.8352838,HUTCHINSON RIVER PKWY,10461,45,UNKNOWN,Highway,2.289424702592778,False,BRONX,"(40.8532546, -73.8352838)",trafficstat,True,True,False,False,False,True,False,False,False,,,,,,,
2026-08-18,00:00,40.835337,-73.8317578,E  TREMONT AVE,10461,45,UNKNOWN,Street,55.84892078604863,False,BRONX,"(40.835337, -73.8317578)",trafficstat,True,False,True,False,False,False,False,False,False,,,,,,,
2026-08-17,00:00,40.8307245,-73.8232147,LOGAN AVE,10465,45,OTHER,Street,1.411663267319233,False,BRONX,"(40.8307245, -73.8232147)",trafficstat,False,False,False,False,False,False,False,False,False,,,,,,,
2026-08-17,00:00,40.8243981,-73.8362947,HUTCHINSON RIVER PKWY,10465,45,UNKNOWN,Highway,3.420860801309312,False,BRONX,"(40.8243981, -73.8362947)",trafficstat,False,False,False,False,False,False,False,False,False,,,,,,,
2026-07-24,00:00,40.8243981,-73.8362947,HUTCHINSON RIVER PKWY,10465,45,UNKNOWN,Highway,3.420860801309312,False,BRONX,"(40.8243981, -73.8362947)",trafficstat,False,False,False,False,False,False,False,False,False,,,,,,,
2026-08-17,00:00,40.842191,-73.7848605,CITY ISLAND AVE,10464,45,UNKNOWN,Street,68.87335409754677,False,BRONX,"(40.842191, -73.7848605)",trafficstat,False,False,False,False,False,False,False,False,False,,,,,,,
2026-08-16,00:00,40.834361,-73.8230113,THROGS NECK EXPY,10465,45,OTHER,Highway,5.4110577663750865,False,BRONX,"(40.834361, -73.8230113)",trafficstat,False,False,False,False,False,False,False,False,False,,,,,,,
2026-08-16,00:00,40.8426529,-73.8264123,BRUCKNER BLVD,10461,45,UNKNOWN,Street,56.18240187582176,False,BRONX,"(40.8426529, -73.8264123)",trafficstat,False,False,False,False,False,False,False,False,False,,,,,,,
2026-08-16,00:00,40.8231333,-73.8219635,CALHOUN AVE,10465,45,UNKNOWN,Street,49.63263768786213,False,BRONX,"(40.8231333, -73.8219635)",trafficstat,False,False,False,False,False,False,False,False,False,,,,,,,
2026-08-15,00:00,40.8169478,-73.8067201,HARDING AVE,10465,45,UNKNOWN,Street,71.00175710935554,False,BRONX,"(40.8169478, -73.8067201)",trafficstat,False,False,False,False,False,False,False,False,False,,,,,,,
2026-08-15,00:00,40.8193424,-73.8127856,THROGS NECK EXPY,10465,45,UNKNOWN,Street,57.59800569621515,False,BRONX,"(40.8193424, -73.8127856)",trafficstat,False,False,False,False,False,False,False,False,False,,,,,,,
2026-08-15,00:00,40.828853,-73.8403416,CONNECTOR RD TO BRUCKNER BLVD EB,10465,45,UNKNOWN,Street,7.398019390030413,False,BRONX,"(40.828853, -73.8403416)",trafficstat,False,False,False,False,False,False,False,False,False,,,,,,,
2026-08-15,00:00,40.8434636,-73.8368246,HUTCHINSON RIVER PKWY E,10461,45,OTHER,Street,1.8292578016031538,False,BRONX,"(40.8434636, -73.8368246)",trafficstat,True,False,True,False,False,False,False,False,False,,,,,,,
2026-08-14,00:00,40.8434636,-73.8368246,HUTCHINSON RIVER PKWY E,10461,45,UNKNOWN,Street,1.8292578016031538,False,BRONX,"(40.8434636, -73.8368246)",trafficstat,True,False,False,False,False,False,False,True,False,,,,,,,
2026-08-01,00:00,40.8434636,-73.8368246,HUTCHINSON RIVER PKWY E,10461,45,OTHER,Street,1.8292578016031538,False,BRONX,"(40.8434636, -73.8368246)",trafficstat,True,False,False,False,False,False,False,False,True,,,,,,,
2026-06-28,00:00,40.8434636,-73.8368246,HUTCHINSON RIVER PKWY E,10461,45,UNKNOWN,Street,1.8292578016031538,False,BRONX,"(40.8434636, -73.8368246)",trafficstat,True,False,False,False,False,False,True,False,False,,,,,,,
2026-08-15,00:00,40.8416669,-73.8435369,E  TREMONT AVE,10461,45,UNKNOWN,Street,17.27156922378534,False,BRONX,"(40.8416669, -73.8435369)",trafficstat,True,False,False,True,False,False,False,False,False,,,,,,,
2026-08-15,00:00,40.8378655,-73.8246221,BRUCKNER BLVD,10465,45,OTHER,Street,51.29818422388917,False,BRONX,"(40.8378655, -73.8246221)",trafficstat,False,False,False,False,False,False,False,False,False,,,,,,,
2026-08-15,00:00,40.8404304,-73.8452543,OVERING ST,10461,45,UNKNOWN,Street,36.831435875107104,False,BRONX,"(40.8404304, -73.8452543)",trafficstat,False,False,False,False,False,False,False,False,False,,,,,,,
2026-08-14,00:00,40.8429925,-73.8262397,BRUCKNER BLVD,10461,45,UNKNOWN,Street,0.5437863749742358,False,BRONX,"(40.8429925, -73.8262397)",trafficstat,False,False,False,False,False,False,False,False,False,,,,,,,
2026-08-14,00:00,40.8565603,-73.8266959,PELHAM PKWY,10461,45,UNKNOWN,Street,22.646481836479786,False,BRONX,"(40.8565603, -73.8266959)",trafficstat,True,False,False,True,False,False,False,False,False,,,,,,,
2026-08-14,00:00,40.8382186,-73.8428366,SEABURY AVE,10461,45,OTHER,Street,0.05953980529810392,False,BRONX,"(40.8382186, -73.8428366)",trafficstat,True,False,True,False,False,False,False,False,False,,,,,,,
2026-08-14,00:00,40.8247758,-73.8365977,HUTCHINSON RIVER PKWY,10465,45,UNKNOWN,Street,20.918711774599558,False,BRONX,"(40.8247758, -73.8365977)",trafficstat,True,False,True,False,False,False,False,False,False,,,,,,,
2026-08-13,00:00,40.816677,-73.8169108,REVERE AVE,10465,45,UNKNOWN,Street,53.32099189036573,False,BRONX,"(40.816677, -73.8169108)",trafficstat,False,False,False,False,False,False,False,False,False,,,,,,,
2026-08-13,00:00,40.8315035,-73.8252587,BARKLEY AVE,10465,45,OTHER,Street,38.04649197001408,False,BRONX,"(40.8315035, -73.8252587)",trafficstat,False,False,False,False,False,False,False,False,False,,,,,,,
2026-08-12,00:00,40.8300187,-73.8289603,QUINCY AVE,10465,45,UNKNOWN,Street,38.10870888819508,False,BRONX,"(40.8300187, -73.8289603)",trafficstat,False,False,False,False,False,False,False,False,False,,,,,,,
2026-08-12,00:00,40.8486328,-73.8279997,BRUCKNER BLVD,10461,45,UNKNOWN,Street,0.8787311664234629,False,BRONX,"(40.8486328, -73.8279997)",trafficstat,True,False,False,False,False,False,False,False,True,,,,,,,
2026-08-12,00:00,40.837776,-73.834405,LA SALLE AVE,10461,45,UNKNOWN,Street,38.409177900440035,False,BRONX,"(40.837776, -73.834405)",trafficstat,True,False,False,False,False,True,False,True,False,,,,,,,
2026-08-12,00:00,40.8736975,-73.8243841,BELLAMY LOOP,10475,45,UNKNOWN,Street,2.786567012009772,False,BRONX,"(40.8736975, -73.8243841)",trafficstat,True,False,False,False,False,False,False,True,False,,,,,,,
2026-06-21,00:00,40.8736975,-73.8243841,BELLAMY LOOP,10475,45,OTHER,Street,2.786567012009772,False,BRONX,"(40.8736975, -73.8243841)",trafficstat,True,False,False,False,False,False,False,True,False,,,,,,,
2026-08-11,00:00,40.8686138,-73.8294571,BARTOW AVE,10475,45,UNKNOWN,Street,235.55865105059468,False,BRONX,"(40.8686138, -73.8294571)",trafficstat,True,False,False,False,False,False,False,False,True,,,,,,,
2026-08-11,00:00,40.8394892,-73.8386753,HUTCHINSON RIVER PKWY,10461,45,UNKNOWN,Highway,4.258591977120717,False,BRONX,"(40.8394892, -73.8386753)",trafficstat,False,False,False,False,False,False,False,False,False,,,,,,,
2026-08-11,00:00,40.8262016,-73.8216766,E  TREMONT AVE,10465,45,UNKNOWN,Street,1.9424786112433248,False,BRONX,"(40.8262016, -73.8216766)",trafficstat,False,False,False,False,False,False,False,False,False,,,,,,,
2026-06-22,00:00,40.8262016,-73.8216766,E  TREMONT AVE,10465,45,UNKNOWN,Street,1.9424786112433248,False,BRONX,"(40.8262016, -73.8216766)",trafficstat,True,False,False,False,False,False,False,True,False,,,,,,,
2026-08-11,00:00,40.8311884,-73.8381173,HUTCHINSON RVR PKWY ET 1A SB,10465,45,UNKNOWN,Ramp,9.666592081704168,False,BRONX,"(40.8311884, -73.8381173)",trafficstat,True,False,False,False,False,False,False,False,True,,,,,,,
2026-08-10,00:00,40.8321323,-73.8379307,HUTCHINSON RIVER PKWY,10465,45,UNKNOWN,Highway,1.6073998485756715,False,BRONX,"(40.8321323, -73.8379307)",trafficstat,False,False,False,False,False,False,False,False,False,,,,,,,
2026-08-10,00:00,40.8289608,-73.8369953,HUTCHINSON RIVER PKWY,10465,45,OTHER,Highway,3.025262351430472,False,BRONX,"(40.8289608, -73.8369953)",trafficstat,False,False,False,False,False,False,False,False,False,,,,,,,
2026-08-09,00:00,40.8181377,-73.8090122,THROGS NECK EXPY,10465,45,UNKNOWN,Street,59.26906074687712,False,BRONX,"(40.8181377, -73.8090122)",trafficstat,False,False,False,False,False,False,False,False,False,,,,,,,
2026-08-09,00:00,40.832014,-73.816111,DEAN AVE,10465,45,UNKNOWN,Street,22.253614719346157,False,BRONX,"(40.832014, -73.816111)",trafficstat,False,False,False,False,False,False,False,False,False,,,,,,,
2026-08-09,00:00,40.842026,-73.83702,ERICSON PL,10461,45,UNKNOWN,Street,0.9977503406964149,False,BRONX,"(40.842026, -73.83702)",trafficstat,True,False,False,False,False,False,False,True,False,,,,,,,
2026-08-08,00:00,40.837232,-73.8324373,WATERBURY AVE,10461,45,UNKNOWN,Street,57.12440019458809,False,BRONX,"(40.837232, -73.8324373)",trafficstat,False,False,False,False,False,False,False,False,False,,,,,,,
2026-08-08,00:00,40.8376475,-73.8510091,GLEBE AVE,10462,45,UNKNOWN,Street,0.48359564473465777,False,BRONX,"(40.8376475, -73.8510091)",trafficstat,True,False,False,False,False,False,False,True,False,,,,,,,
2026-07-09,00:00,40.8376475,-73.8510091,GLEBE AVE,10462,45,UNKNOWN,Street,0.48359564473465777,False,BRONX,"(40.8376475, -73.8510091)",trafficstat,True,False,False,False,False,False,False,True,False,,,,,,,
2026-08-08,00:00,40.8198524,-73.8359699,HUTCHINSON RIVER PKWY,10465,45,UNKNOWN,Highway,0.59403879563154,False,BRONX,"(40.8198524, -73.8359699)",trafficstat,True,False,False,False,False,False,False,True,False,,,,,,,
2026-08-08,00:00,40.8691174,-73.8304741,ASCH LOOP,10475,45,OTHER,Street,0.6027071468231197,False,BRONX,"(40.8691174, -73.8304741)",trafficstat,True,False,False,False,False,False,False,False,True,,,,,,,
2026-08-08,00:00,40.856368,-73.8265099,BRUCKNER EXPY,10465,45,UNKNOWN,Highway,0.41220479209658717,False,BRONX,"(40.856368, -73.8265099)",trafficstat,False,False,False,False,False,False,False,False,False,,,,,,,
2026-07-29,00:00,40.856368,-73.8265099,BRUCKNER EXPY,10465,45,UNKNOWN,Highway,0.41220479209658717,False,BRONX,"(40.856368, -73.8265099)",trafficstat,False,False,False,False,False,False,False,False,False,,,,,,,
2026-08-08,00:00,40.8735732,-73.8185209,HUTCHINSON RIVER PKWY,10464,45,UNKNOWN,Highway,0.5571993183150316,False,BRONX,"(40.8735732, -73.8185209)",trafficstat,True,False,False,False,False,False,False,False,True,,,,,,,
2026-06-24,00:00,40.8735732,-73.8185209,HUTCHINSON RIVER PKWY,10464,45,OTHER,Highway,0.5571993183150316,False,BRONX,"(40.8735732, -73.8185209)",trafficstat,False,False,False,False,False,False,False,False,False,,,,,,,
2026-06-24,00:00,40.8735732,-73.8185209,HUTCHINSON RIVER PKWY,10464,45,UNKNOWN,Highway,0.5571993183150316,False,BRONX,"(40.8735732, -73.8185209)",trafficstat,False,False,False,False,False,False,False,False,False,,,,,,,
2026-06-20,00:00,40.8735732,-73.8185209,HUTCHINSON RIVER PKWY,10464,45,OTHER,Highway,0.5571993183150316,False,BRONX,"(40.8735732, -73.8185209)",trafficstat,False,False,False,False,False,False,False,False,False,,,,,,,
2026-06-13,00:00,40.8735732,-73.8185209,HUTCHINSON RIVER PKWY,10464,45,OTHER,Highway,0.5571993183150316,False,BRONX,"(40.8735732, -73.8185209)",trafficstat,True,False,False,False,False,False,False,False,True,,,,,,,
2026-08-07,00:00,40.8520895,-73.8268428,BRUCKNER EXPY,10465,45,UNKNOWN,Highway,2.7338306688007137,False,BRONX,"(40.8520895, -73.8268428)",trafficstat,False,False,False,False,False,False,False,False,False,,,,,,,
2026-08-06,00:00,40.8350975,-73.8253728,BRUCKNER EXPY,10465,45,UNKNOWN,Highway,2.705370948323052,False,BRONX,"(40.8350975, -73.8253728)",trafficstat,False,False,False,False,False,False,False,False,False,,,,,,,
2026-08-05,00:00,40.855411,-73.8303064,PELHAM PKWY S,10461,45,UNKNOWN,Street,49.78928658717261,False,BRONX,"(40.855411, -73.8303064)",trafficstat,False,False,False,False,False,False,False,False,False,,,,,,,
2026-08-05,00:00,40.876905,-73.8333342,BAYCHESTER AVE,10475,45,OTHER,Street,84.05011823959931,False,BRONX,"(40.876905, -73.8333342)",trafficstat,True,False,True,False,False,False,False,False,False,,,,,,,
2026-08-05,00:00,40.8238143,-73.8253182,RANDALL AVE,10465,45,UNKNOWN,Street,192.07347221600543,False,BRONX,"(40.8238143, -73.8253182)",trafficstat,False,False,False,False,False,False,False,False,False,,,,,,,
2026-07-26,00:00,40.8238143,-73.8253182,RANDALL AVE,10465,45,OTHER,Street,192.07347221600543,False,BRONX,"(40.8238143, -73.8253182)",trafficstat,False,False,False,False,False,False,False,False,False,,,,,,,
2026-08-05,00:00,40.8682171,-73.8251208,BAY PLZ  DRIVEWAY,10475,45,OTHER,Driveway,257.5627437180467,False,BRONX,"(40.8682171, -73.8251208)",trafficstat,False,False,False,False,False,False,False,False,False,,,,,,,
2026-08-05,00:00,40.8602057,-73.8287919,HUTCHINSON RIVER PKWY,10469,45,UNKNOWN,Bridge,0.5634599604746352,False,BRONX,"(40.8602057, -73.8287919)",trafficstat,True,False,False,False,False,False,False,True,False,,,,,,,
2026-07-05,00:00,40.8602057,-73.8287919,HUTCHINSON RIVER PKWY,10469,45,UNKNOWN,Bridge,0.5634599604746352,False,BRONX,"(40.8602057, -73.8287919)",trafficstat,False,False,False,False,False,False,False,False,False,,,,,,,
2026-08-05,00:00,40.8626181,-73.8267864,HUTCHINSON RIVER PKWY,10475,45,UNKNOWN,Highway,1.0893611993698085,False,BRONX,"(40.8626181, -73.8267864)",trafficstat,False,False,False,False,False,False,False,False,False,,,,,,,
2026-07-13,00:00,40.8626181,-73.8267864,HUTCHINSON RIVER PKWY,10475,45,UNKNOWN,Highway,1.0893611993698085,False,BRONX,"(40.8626181, -73.8267864)",trafficstat,True,False,False,False,False,True,False,False,False,,,,,,,
2026-08-04,00:00,40.8381299,-73.8250721,BRUCKNER EXPY,10465,45,OTHER,Highway,1.3572094338980591,False,BRONX,"(40.8381299, -73.8250721)",trafficstat,False,False,False,False,False,False,False,False,False,,,,,,,
2026-07-22,00:00,40.8381299,-73.8250721,BRUCKNER EXPY,10465,45,UNKNOWN,Highway,1.3572094338980591,False,BRONX,"(40.8381299, -73.8250721)",trafficstat,True,False,False,False,False,False,False,False,False,,,,,,,
2026-08-04,00:00,40.8529479,-73.8264559,WESTCHESTER AVE PEDESTRIAN OPAS,10465,45,UNKNOWN,Bridge,2.3858637169011208,False,BRONX,"(40.8529479, -73.8264559)",trafficstat,False,False,False,False,False,False,False,False,False,,,,,,,
2026-08-04,00:00,40.8516195,-73.8264919,BRUCKNER BLVD,10465,45,OTHER,Street,1.5253501639646585,False,BRONX,"(40.8516195, -73.8264919)",trafficstat,True,False,False,False,False,False,False,False,False,,,,,,,
2026-08-01,00:00,40.8516195,-73.8264919,BRUCKNER BLVD,10465,45,UNKNOWN,Street,1.5253501639646585,False,BRONX,"(40.8516195, -73.8264919)",trafficstat,True,False,False,False,False,False,False,True,False,,,,,,,
2026-07-12,00:00,40.8516195,-73.8264919,BRUCKNER BLVD,10465,45,OTHER,Street,1.5253501639646585,False,BRONX,"(40.8516195, -73.8264919)",trafficstat,False,False,False,False,False,False,False,False,False,,,,,,,
2026-08-04,00:00,40.8429718,-73.8475386,E  TREMONT AVE,10461,45,UNKNOWN,Street,40.45241894679922,False,BRONX,"(40.8429718, -73.8475386)",trafficstat,True,False,False,False,False,True,False,False,False,,,,,,,
2026-08-04,00:00,40.8393881,-73.8261384,BRUCKNER BLVD,10461,45,OTHER,Street,55.634610378665585,False,BRONX,"(40.8393881, -73.8261384)",trafficstat,False,False,False,False,False,False,False,False,False,,,,,,,
2026-08-04,00:00,40.8421187,-73.8255604,BRUCKNER EXPY,10465,45,UNKNOWN,Highway,0.670090911014281,False,BRONX,"(40.8421187, -73.8255604)",trafficstat,False,False,False,False,False,False,False,False,False,,,,,,,
2026-07-29,00:00,40.8421187,-73.8255604,BRUCKNER EXPY,10465,45,UNKNOWN,Highway,0.670090911014281,False,BRONX,"(40.8421187, -73.8255604)",trafficstat,True,False,False,False,False,False,False,True,False,,,,,,,
2026-07-24,00:00,40.8421187,-73.8255604,BRUCKNER EXPY,10465,45,UNKNOWN,Highway,0.670090911014281,False,BRONX,"(40.8421187, -73.8255604)",trafficstat,True,False,False,False,False,False,False,True,False,,,,,,,
2026-07-16,00:00,40.8421187,-73.8255604,BRUCKNER EXPY,10465,45,UNKNOWN,Highway,0.670090911014281,False,BRONX,"(40.8421187, -73.8255604)",trafficstat,False,False,False,False,False,False,False,False,False,,,,,,,
2026-07-06,00:00,40.8421187,-73.8255604,BRUCKNER EXPY,10465,45,UNKNOWN,Highway,0.670090911014281,False,BRONX,"(40.8421187, -73.8255604)",trafficstat,True,False,False,False,False,False,False,True,False,,,,,,,
2026-08-03,00:00,40.8357657,-73.8244242,THROGS NECK EXPY,10465,45,UNKNOWN,Highway,3.5596257388466137,False,BRONX,"(40.8357657, -73.8244242)",trafficstat,True,False,False,False,False,False,False,False,True,,,,,,,
2026-08-03,00:00,40.8352565,-73.8480146,WESTCHESTER AVE,10462,45,UNKNOWN,Street,105.19245104177682,False,BRONX,"(40.8352565, -73.8480146)",trafficstat,False,False,False,False,False,False,False,False,False,,,,,,,
2026-08-03,00:00,40.8816985,-73.8299805,TILLOTSON AVE PEDESTRIAN OPAS,10475,45,OTHER,Bridge,6.728980351726382,False,BRONX,"(40.8816985, -73.8299805)",trafficstat,False,False,False,False,False,False,False,False,False,,,,,,,
2026-07-27,00:00,40.8816985,-73.8299805,TILLOTSON AVE PEDESTRIAN OPAS,10475,45,OTHER,Bridge,6.728980351726382,False,BRONX,"(40.8816985, -73.8299805)",trafficstat,True,False,False,False,False,False,False,False,True,,,,,,,
2026-08-03,00:00,40.8377172,-73.8455591,WESTCHESTER AVE,10461,45,UNKNOWN,Street,2.456098540042783,False,BRONX,"(40.8377172, -73.8455591)",trafficstat,False,False,False,False,False,False,False,False,False,,,,,,,
2026-08-03,00:00,40.829439,-73.8236217,SULLIVAN PL,10465,45,UNKNOWN,Street,46.947509359097715,False,BRONX,"(40.829439, -73.8236217)",trafficstat,False,False,False,False,False,False,False,False,False,,,,,,,
2026-08-03,00:00,40.8750003,-73.8184556,HUTCHINSON RIVER PKWY,10464,45,OTHER,Highway,0.10322281678896589,False,BRONX,"(40.8750003, -73.8184556)",trafficstat,True,False,False,False,False,False,False,True,False,,,,,,,
2026-08-02,00:00,40.8687707,-73.8317332,BAYCHESTER AVE,10475,45,UNKNOWN,Street,18.73001011531573,False,BRONX,"(40.8687707, -73.8317332)",trafficstat,False,False,False,False,False,False,False,False,False,,,,,,,
2026-07-29,00:00,40.8687707,-73.8317332,BAYCHESTER AVE,10475,45,OTHER,Street,18.73001011531573,False,BRONX,"(40.8687707, -73.8317332)",trafficstat,True,False,False,False,False,False,False,False,False,,,,,,,
2026-07-27,00:00,40.8687707,-73.8317332,BAYCHESTER AVE,10475,45,UNKNOWN,Street,18.73001011531573,False,BRONX,"(40.8687707, -73.8317332)",trafficstat,True,False,False,False,False,False,False,True,False,,,,,,,
2026-07-03,00:00,40.8687707,-73.8317332,BAYCHESTER AVE,10475,45,UNKNOWN,Street,18.73001011531573,False,BRONX,"(40.8687707, -73.8317332)",trafficstat,True,False,False,False,False,False,False,True,False,,,,,,,
2026-08-02,00:00,40.831775,-73.8209643,LAFAYETTE AVE,10465,45,OTHER,Street,2.3555282069356864,False,BRONX,"(40.831775, -73.8209643)",trafficstat,True,False,False,False,False,False,False,True,False,,,,,,,
2026-08-02,00:00,40.8447096,-73.8184211,GRISWOLD AVE,10465,45,UNKNOWN,Street,2.9964311246722652,False,BRONX,"(40.8447096, -73.8184211)",trafficstat,False,False,False,False,False,False,False,False,False,,,,,,,
2026-08-02,00:00,40.8436925,-73.7849165,CITY ISLAND AVE,10464,45,UNKNOWN,Street,65.53179835631323,False,BRONX,"(40.8436925, -73.7849165)",trafficstat,True,False,False,False,False,False,False,True,False,,,,,,,
2026-08-01,00:00,40.8385894,-73.8216693,RAWLINS AVE,10465,45,UNKNOWN,Street,51.624626660654094,False,BRONX,"(40.8385894, -73.8216693)",trafficstat,False,False,False,False,False,False,False,False,False,,,,,,,
2026-08-01,00:00,40.8355837,-73.8257236,BRUCKNER BLVD,10461,45,UNKNOWN,Street,21.495825335820513,False,BRONX,"(40.8355837, -73.8257236)",trafficstat,False,False,False,False,False,False,False,False,False,,,,,,,
2026-08-01,00:00,40.8283059,-73.8457905,CONNECTOR ROAD TO BRUCKNER EXPWY,10473,45,UNKNOWN,Ramp,3.075144500896766,False,BRONX,"(40.8283059, -73.8457905)",trafficstat,True,False,False,False,False,False,False,False,True,,,,,,,
2026-08-01,00:00,40.8234086,-73.8365195,HUTCHINSON RIVER PKWY,10465,45,UNKNOWN,Street,34.88536074303015,False,BRONX,"(40.8234086, -73.8365195)",trafficstat,False,False,False,False,False,False,False,False,False,,,,,,,
2026-06-27,00:00,40.8234086,-73.8365195,HUTCHINSON RIVER PKWY,10465,45,OTHER,Street,34.88536074303015,False,BRONX,"(40.8234086, -73.8365195)",trafficstat,False,False,False,False,False,False,False,False,False,,,,,,,
2026-08-01,00:00,40.879765,-73.83195,CO-OP CITY BLVD,10475,45,OTHER,Street,3.123878701082801,False,BRONX,"(40.879765, -73.83195)",trafficstat,False,False,False,False,False,False,False,False,False,,,,,,,
2026-07-31,00:00,40.8828508,-73.8260199,PROVOST AVE,10475,45,UNKNOWN,Street,0.2010615230165963,False,BRONX,"(40.8828508, -73.8260199)",trafficstat,False,False,False,False,False,False,False,False,False,,,,,,,
2026-07-21,00:00,40.8828508,-73.8260199,PROVOST AVE,10475,45,UNKNOWN,Street,0.2010615230165963,False,BRONX,"(40.8828508, -73.8260199)",trafficstat,True,False,False,False,False,False,False,True,False,,,,,,,
2026-07-31,00:00,40.8307347,-73.8375547,HUTCHINSON RIVER PKWY,10465,45,UNKNOWN,Highway,0.3766236040350251,False,BRONX,"(40.8307347, -73.8375547)",trafficstat,True,False,False,False,False,False,False,True,False,,,,,,,
2026-07-31,00:00,40.8310013,-73.8265168,E  TREMONT AVE,10465,45,UNKNOWN,Street,1.0786521623822691,False,BRONX,"(40.8310013, -73.8265168)",trafficstat,False,False,False,False,False,False,False,False,False,,,,,,,
2026-07-31,00:00,40.8631064,-73.8266044,HUTCHINSON RIVER PKWY,10475,45,UNKNOWN,Highway,5.219137628772761,False,BRONX,"(40.8631064, -73.8266044)",trafficstat,True,False,False,False,False,True,False,False,False,,,,,,,
2026-07-30,00:00,40.8690921,-73.8209195,HUTCHINSON RIVER PKWY  BRIDGE,10464,45,OTHER,Bridge,1.2324863417445049,False,BRONX,"(40.8690921, -73.8209195)",trafficstat,False,False,False,False,False,False,False,False,False,,,,,,,
2026-07-30,00:00,40.8492107,-73.8271611,BRUCKNER EXPY,10465,45,UNKNOWN,Highway,4.102371162183897,False,BRONX,"(40.8492107, -73.8271611)",trafficstat,True,False,False,False,False,False,False,True,False,,,,,,,
2026-07-30,00:00,40.84177,-73.84368,E  TREMONT AVE,10461,45,OTHER,Street,15.965217792699818,False,BRONX,"(40.84177, -73.84368)",trafficstat,True,False,False,True,False,False,False,False,False,,,,,,,
2026-07-30,00:00,40.8374496,-73.8420728,HALSEY ST,10461,45,UNKNOWN,Street,53.645792903564036,False,BRONX,"(40.8374496, -73.8420728)",trafficstat,True,False,False,False,False,False,False,False,True,,,,,,,
2026-07-30,00:00,40.8282259,-73.8413946,CROSS BRONX EP ET TO BRUCKNER EP,10465,45,UNKNOWN,Ramp,0.5713956429214101,False,BRONX,"(40.8282259, -73.8413946)",trafficstat,False,False,False,False,False,False,False,False,False,,,,,,,
2026-07-29,00:00,40.8321122,-73.8379368,HUTCHINSON RIVER PKWY,10465,45,UNKNOWN,Highway,4.340151397020102,False,BRONX,"(40.8321122, -73.8379368)",trafficstat,False,False,False,False,False,False,False,False,False,,,,,,,
2026-07-29,00:00,40.8399975,-73.8425441,FERRIS PL,10461,45,OTHER,Street,31.91438619009926,False,BRONX,"(40.8399975, -73.8425441)",trafficstat,False,False,False,False,False,False,False,False,False,,,,,,,
2026-07-29,00:00,40.8390829,-73.8228573,RAWLINS AVE,10465,45,UNKNOWN,Street,47.274278876951065,False,BRONX,"(40.8390829, -73.8228573)",trafficstat,False,False,False,False,False,False,False,False,False,,,,,,,
2026-07-29,00:00,40.8643925,-73.8279431,,,45,UNKNOWN,,460.1118661537754,False,BRONX,"(40.8643925, -73.8279431)",trafficstat,False,False,False,False,False,False,False,False,False,,,,,,,
2026-07-14,00:00,40.8643925,-73.8279431,,,45,UNKNOWN,,460.1118661537754,False,BRONX,"(40.8643925, -73.8279431)",trafficstat,True,False,False,False,False,False,False,True,False,,,,,,,
2026-07-27,00:00,40.8628199,-73.8259855,BOLLER AVE,10475,45,UNKNOWN,Street,0.47590772582059987,False,BRONX,"(40.8628199, -73.8259855)",trafficstat,False,False,False,False,False,False,False,False,False,,,,,,,
2026-07-07,00:00,40.8628199,-73.8259855,BOLLER AVE,10475,45,UNKNOWN,Street,0.47590772582059987,False,BRONX,"(40.8628199, -73.8259855)",trafficstat,True,False,False,False,False,False,False,True,False,,,,,,,
2026-06-29,00:00,40.8628199,-73.8259855,BOLLER AVE,10475,45,UNKNOWN,Street,0.47590772582059987,False,BRONX,"(40.8628199, -73.8259855)",trafficstat,False,False,False,False,False,False,False,False,False,,,,,,,
2026-07-27,00:00,40.847006,-73.8322798,CROSBY AVE,10461,45,UNKNOWN,Street,1.6575776500694066,False,BRONX,"(40.847006, -73.8322798)",trafficstat,True,False,False,False,False,False,False,False,True,,,,,,,
2026-07-27,00:00,40.853797,-73.8308312,HOBART AVE,10461,45,OTHER,Street,0.8930687856247175,False,BRONX,"(40.853797, -73.8308312)",trafficstat,True,False,False,False,False,False,False,True,False,,,,,,,
2026-07-27,00:00,40.8464559,-73.8342125,MAYFLOWER AVE,10461,45,UNKNOWN,Street,42.50447044094578,False,BRONX,"(40.8464559, -73.8342125)",trafficstat,False,False,False,False,False,False,False,False,False,,,,,,,
2026-07-27,00:00,40.844828,-73.8369926,HUTCHINSON RIVER PKWY,10461,45,UNKNOWN,Highway,5.56217704812872,False,BRONX,"(40.844828, -73.8369926)",trafficstat,False,False,False,False,False,False,False,False,False,,,,,,,
2026-06-27,00:00,40.844828,-73.8369926,HUTCHINSON RIVER PKWY,10461,45,OTHER,Highway,5.56217704812872,False,BRONX,"(40.844828, -73.8369926)",trafficstat,False,False,False,False,False,False,False,False,False,,,,,,,
2026-06-18,00:00,40.844828,-73.8369926,HUTCHINSON RIVER PKWY,10461,45,OTHER,Highway,5.56217704812872,False,BRONX,"(40.844828, -73.8369926)",trafficstat,False,False,False,False,False,False,False,False,False,,,,,,,
2026-06-13,00:00,40.844828,-73.8369926,HUTCHINSON RIVER PKWY,10461,45,OTHER,Highway,5.56217704812872,False,BRONX,"(40.844828, -73.8369926)",trafficstat,False,False,False,False,False,False,False,False,False,,,,,,,