crash_date,crash_time,latitude,longitude,on_street_name,zip_code,precinct,collision_type,roadway_type,geocode_dist_feet,time_is_known,borough,location,source,injury,fatality,injured_pedestrian,injured_cyclist,injured_ebike_rider,injured_motorcyclist,injured_moped_rider,injured_car_occupant,injured_suv_occupant,number_of_persons_injured,number_of_persons_killed,contributing_factor_vehicle_1,collision_id,cross_street_name,off_street_name,vehicle_type_code1
2026-07-27,00:00,40.8422316,-73.8257842,BRUCKNER EXPY,10465,45,UNKNOWN,Highway,0.11455650598703712,False,BRONX,"(40.8422316, -73.8257842)",trafficstat,True,False,False,False,False,False,False,True,False,,,,,,,
2026-07-27,00:00,40.8667018,-73.7947069,ORCHARD BEACH MALL,10464,45,UNKNOWN,Street,220.0194735449602,False,BRONX,"(40.8667018, -73.7947069)",trafficstat,False,False,False,False,False,False,False,False,False,,,,,,,
2026-07-25,00:00,40.8667018,-73.7947069,ORCHARD BEACH MALL,10464,45,OTHER,Street,220.0194735449602,False,BRONX,"(40.8667018, -73.7947069)",trafficstat,True,False,False,False,False,False,False,False,True,,,,,,,
2026-06-21,00:00,40.8667018,-73.7947069,ORCHARD BEACH MALL,10464,45,OTHER,Street,220.0194735449602,False,BRONX,"(40.8667018, -73.7947069)",trafficstat,False,False,False,False,False,False,False,False,False,,,,,,,
2026-07-26,00:00,40.8577934,-73.830808,HUTCHINSON RIVER PKWY,10469,45,UNKNOWN,Highway,0.09865683210301707,False,BRONX,"(40.8577934, -73.830808)",trafficstat,True,False,True,False,False,False,False,False,False,,,,,,,
2026-07-26,00:00,40.8387824,-73.8358061,E  TREMONT AVE,10461,45,UNKNOWN,Street,2.01872831086913,False,BRONX,"(40.8387824, -73.8358061)",trafficstat,True,False,False,False,False,False,False,True,False,,,,,,,
2026-07-25,00:00,40.8244998,-73.8251788,CROSS BRONX EXPY,10465,45,UNKNOWN,Street,2.8572907764129543,False,BRONX,"(40.8244998, -73.8251788)",trafficstat,True,False,False,False,False,False,False,False,True,,,,,,,
2026-07-25,00:00,40.8264752,-73.8301253,CROSS BRONX EXPY,10465,45,UNKNOWN,Highway,13.992993191141093,False,BRONX,"(40.8264752, -73.8301253)",trafficstat,False,False,False,False,False,False,False,False,False,,,,,,,
2026-07-25,00:00,40.8412226,-73.7842447,CITY ISLAND AVE,10464,45,UNKNOWN,Street,0.8948092247503153,False,BRONX,"(40.8412226, -73.7842447)",trafficstat,False,False,False,False,False,False,False,False,False,,,,,,,
2026-07-24,00:00,40.840167,-73.8426116,FERRIS PL,10461,45,UNKNOWN,Street,1.6257317196997596,False,BRONX,"(40.840167, -73.8426116)",trafficstat,True,False,False,True,False,False,False,False,False,,,,,,,
2026-07-23,00:00,40.840167,-73.8426116,FERRIS PL,10461,45,UNKNOWN,Street,1.6257317196997596,False,BRONX,"(40.840167, -73.8426116)",trafficstat,True,False,False,False,False,False,False,False,True,,,,,,,
2026-07-24,00:00,40.839479,-73.8370783,E  TREMONT AVE,10461,45,OTHER,Street,88.87811631096889,False,BRONX,"(40.839479, -73.8370783)",trafficstat,True,False,False,False,False,False,False,True,True,,,,,,,
2026-07-24,00:00,40.8146446,-73.7958098,THROGS NECK BRG,10465,45,UNKNOWN,Bridge,17.82155392649792,False,BRONX,"(40.8146446, -73.7958098)",trafficstat,True,False,False,False,False,False,False,True,False,,,,,,,
2026-07-24,00:00,40.8565512,-73.7913634,CITY ISLAND AVE,10464,45,OTHER,Street,0.5853929804417107,False,BRONX,"(40.8565512, -73.7913634)",trafficstat,True,False,False,True,False,False,False,False,False,,,,,,,
2026-07-24,00:00,40.865687,-73.8234183,HUTCHINSON RIVER PKWY E,10475,45,OTHER,Street,1.7010072286563207,False,BRONX,"(40.865687, -73.8234183)",trafficstat,True,False,False,False,False,False,False,False,True,,,,,,,
2026-07-23,00:00,40.819542,-73.8141417,THROGS NECK BLVD,10465,45,UNKNOWN,Street,91.83943728502601,False,BRONX,"(40.819542, -73.8141417)",trafficstat,False,False,False,False,False,False,False,False,False,,,,,,,
2026-07-23,00:00,40.8195689,-73.8134811,THROGS NECK EXPY,10465,45,UNKNOWN,Street,54.51466217049756,False,BRONX,"(40.8195689, -73.8134811)",trafficstat,False,False,False,False,False,False,False,False,False,,,,,,,
2026-07-22,00:00,40.8231336,-73.8071236,1 AVE,10465,45,OTHER,Street,14.42544159262226,False,BRONX,"(40.8231336, -73.8071236)",trafficstat,False,False,False,False,False,False,False,False,False,,,,,,,
2026-07-22,00:00,40.8323757,-73.8297091,BRUCKNER EXPY,10465,45,UNKNOWN,Highway,0.4743287877313143,False,BRONX,"(40.8323757, -73.8297091)",trafficstat,True,False,False,False,False,False,False,False,True,,,,,,,
2026-07-07,00:00,40.8323757,-73.8297091,BRUCKNER EXPY,10465,45,OTHER,Highway,0.4743287877313143,False,BRONX,"(40.8323757, -73.8297091)",trafficstat,True,False,False,False,False,False,False,True,False,,,,,,,
2026-07-22,00:00,40.8286277,-73.8421669,BRUCKNER EXPY,10465,45,UNKNOWN,Highway,0.8313779753393351,False,BRONX,"(40.8286277, -73.8421669)",trafficstat,False,False,False,False,False,False,False,False,False,,,,,,,
2026-07-22,00:00,40.8695008,-73.8261813,CO-OP CITY BLVD,10475,45,OTHER,Street,21.889893852950816,False,BRONX,"(40.8695008, -73.8261813)",trafficstat,True,False,True,False,False,False,False,False,False,,,,,,,
2026-07-16,00:00,40.8695008,-73.8261813,CO-OP CITY BLVD,10475,45,UNKNOWN,Street,21.889893852950816,False,BRONX,"(40.8695008, -73.8261813)",trafficstat,False,False,False,False,False,False,False,False,False,,,,,,,
2026-07-22,00:00,40.8789379,-73.8267569,CARVER LOOP,10475,45,OTHER,Street,0.9413173705646916,False,BRONX,"(40.8789379, -73.8267569)",trafficstat,True,False,False,False,False,False,False,True,False,,,,,,,
2026-07-21,00:00,40.834201,-73.8516853,CASTLE HILL AVE,10462,45,UNKNOWN,Street,0.6624702056475734,False,BRONX,"(40.834201, -73.8516853)",trafficstat,True,False,False,False,False,False,False,False,False,,,,,,,
2026-07-21,00:00,40.8285192,-73.8411793,BRUSH AVE,10465,45,UNKNOWN,Street,0.3888999866284886,False,BRONX,"(40.8285192, -73.8411793)",trafficstat,False,False,False,False,False,False,False,False,False,,,,,,,
2026-06-18,00:00,40.8285192,-73.8411793,BRUSH AVE,10465,45,UNKNOWN,Street,0.3888999866284886,False,BRONX,"(40.8285192, -73.8411793)",trafficstat,False,False,False,False,False,False,False,False,False,,,,,,,
2026-07-20,00:00,40.8290525,-73.8247043,E  TREMONT AVE,10465,45,UNKNOWN,Street,1.9036555171303333,False,BRONX,"(40.8290525, -73.8247043)",trafficstat,False,False,False,False,False,False,False,False,False,,,,,,,
2026-07-20,00:00,40.8818525,-73.8229522,CONNER ST,10475,45,UNKNOWN,Street,2.0818709671344857,False,BRONX,"(40.8818525, -73.8229522)",trafficstat,True,False,True,False,False,False,False,False,False,,,,,,,
2026-07-19,00:00,40.8284698,-73.8241566,E  TREMONT AVE,10465,45,OTHER,Street,1.4058871710096508,False,BRONX,"(40.8284698, -73.8241566)",trafficstat,True,False,False,False,False,True,False,False,False,,,,,,,
2026-07-18,00:00,40.8261923,-73.8213597,RANDALL AVE,10465,45,OTHER,Street,51.94335538961355,False,BRONX,"(40.8261923, -73.8213597)",trafficstat,True,False,False,False,False,False,False,True,False,,,,,,,
2026-07-18,00:00,40.8428462,-73.8256763,COUNTRY CLUB RD,10465,45,OTHER,Street,2.832373114362016,False,BRONX,"(40.8428462, -73.8256763)",trafficstat,True,False,False,False,False,False,False,True,False,,,,,,,
2026-07-18,00:00,40.8472374,-73.8327496,BUHRE AVE,10461,45,UNKNOWN,Street,42.79833383597865,False,BRONX,"(40.8472374, -73.8327496)",trafficstat,False,False,False,False,False,False,False,False,False,,,,,,,
2026-07-18,00:00,40.8689831,-73.8258773,CO-OP CITY BLVD,10475,45,UNKNOWN,Street,114.8416479952945,False,BRONX,"(40.8689831, -73.8258773)",trafficstat,True,False,False,False,False,False,False,False,True,,,,,,,
2026-07-08,00:00,40.8689831,-73.8258773,CO-OP CITY BLVD,10475,45,UNKNOWN,Street,114.8416479952945,False,BRONX,"(40.8689831, -73.8258773)",trafficstat,False,False,False,False,False,False,False,False,False,,,,,,,
2026-07-17,00:00,40.8857951,-73.8149542,HUTCHINSON RIVER PKWY,10464,45,UNKNOWN,Highway,125.80212414300713,False,BRONX,"(40.8857951, -73.8149542)",trafficstat,True,False,False,False,False,False,False,False,True,,,,,,,
2026-07-17,00:00,40.8437397,-73.7890263,CENTRE ST,10464,45,UNKNOWN,Street,17.877208646184105,False,BRONX,"(40.8437397, -73.7890263)",trafficstat,False,False,False,False,False,False,False,False,False,,,,,,,
2026-07-17,00:00,40.849255,-73.8273851,BRUCKNER EXPY,10465,45,UNKNOWN,Highway,1.830931941608265,False,BRONX,"(40.849255, -73.8273851)",trafficstat,True,False,False,False,False,False,False,True,False,,,,,,,
2026-07-09,00:00,40.849255,-73.8273851,BRUCKNER EXPY,10465,45,UNKNOWN,Highway,1.830931941608265,False,BRONX,"(40.849255, -73.8273851)",trafficstat,True,False,False,False,False,False,False,True,False,,,,,,,
2026-07-17,00:00,40.8344783,-73.8225796,ELLSWORTH AVE,10465,45,OTHER,Street,1.765620253137546,False,BRONX,"(40.8344783, -73.8225796)",trafficstat,True,False,False,False,False,False,False,True,False,,,,,,,
2026-07-16,00:00,40.8403672,-73.8371715,ERICSON PL,10461,45,UNKNOWN,Street,44.069365491995654,False,BRONX,"(40.8403672, -73.8371715)",trafficstat,False,False,False,False,False,False,False,False,False,,,,,,,
2026-07-16,00:00,40.834497,-73.8168793,SHORE DR,10465,45,OTHER,Street,43.840054072394224,False,BRONX,"(40.834497, -73.8168793)",trafficstat,False,False,False,False,False,False,False,False,False,,,,,,,
2026-07-16,00:00,40.8313262,-73.8165316,CLARENCE AVE,10465,45,UNKNOWN,Street,0.9363460930069046,False,BRONX,"(40.8313262, -73.8165316)",trafficstat,False,False,False,False,False,False,False,False,False,,,,,,,
2026-07-16,00:00,40.868773,-73.8102384,BARTOW CIR,10464,45,OTHER,Street,2.617398433406321,False,BRONX,"(40.868773, -73.8102384)",trafficstat,True,False,False,False,False,False,False,False,True,,,,,,,
2026-07-15,00:00,40.8467014,-73.8318572,CROSBY AVE,10461,45,UNKNOWN,Street,51.84915366694135,False,BRONX,"(40.8467014, -73.8318572)",trafficstat,False,False,False,False,False,False,False,False,False,,,,,,,
2026-07-15,00:00,40.8332849,-73.8283574,E  TREMONT AVE,10461,45,UNKNOWN,Street,1.0555560650471825,False,BRONX,"(40.8332849, -73.8283574)",trafficstat,True,False,False,True,False,False,False,False,False,,,,,,,
2026-06-30,00:00,40.8332849,-73.8283574,E  TREMONT AVE,10461,45,UNKNOWN,Street,1.0555560650471825,False,BRONX,"(40.8332849, -73.8283574)",trafficstat,True,False,False,False,False,False,False,False,True,,,,,,,
2026-07-14,00:00,40.8430376,-73.8264447,JARVIS AVE,10461,45,UNKNOWN,Street,23.123884070896715,False,BRONX,"(40.8430376, -73.8264447)",trafficstat,False,False,False,False,False,False,False,False,False,,,,,,,
2026-07-13,00:00,40.8414424,-73.8268844,CODDINGTON AVE,10461,45,OTHER,Street,39.09661854776018,False,BRONX,"(40.8414424, -73.8268844)",trafficstat,False,False,False,False,False,False,False,False,False,,,,,,,
2026-07-13,00:00,40.8566039,-73.8264572,PELHAM PKWY,10465,45,OTHER,Street,18.83519480645741,False,BRONX,"(40.8566039, -73.8264572)",trafficstat,True,False,False,False,False,False,False,False,False,,,,,,,
2026-07-12,00:00,40.8395965,-73.8501146,DORSEY ST,10461,45,OTHER,Street,34.074103099890834,False,BRONX,"(40.8395965, -73.8501146)",trafficstat,False,False,False,False,False,False,False,False,False,,,,,,,
2026-07-12,00:00,40.8267889,-73.8243768,REVERE AVE,10465,45,UNKNOWN,Street,55.02859474023227,False,BRONX,"(40.8267889, -73.8243768)",trafficstat,False,False,False,False,False,False,False,False,False,,,,,,,
2026-07-11,00:00,40.8218177,-73.8267178,BALCOM AVE,10465,45,UNKNOWN,Street,1.7754159707018133,False,BRONX,"(40.8218177, -73.8267178)",trafficstat,True,False,False,False,False,False,False,False,False,,,,,,,
2026-07-11,00:00,40.8332435,-73.8281927,BRUCKNER EXPY,10461,45,OTHER,Highway,1.2901089919456734,False,BRONX,"(40.8332435, -73.8281927)",trafficstat,False,False,False,False,False,False,False,False,False,,,,,,,
2026-07-11,00:00,40.8697862,-73.830964,ASCH LOOP,10475,45,UNKNOWN,Street,53.6059207235963,False,BRONX,"(40.8697862, -73.830964)",trafficstat,True,False,False,False,False,False,False,False,False,,,,,,,
2026-07-11,00:00,40.8819689,-73.8165958,HUTCHINSON RIVER PKWY,10464,45,UNKNOWN,Highway,3.732409215993181,False,BRONX,"(40.8819689, -73.8165958)",trafficstat,False,False,False,False,False,False,False,False,False,,,,,,,
2026-07-10,00:00,40.8447318,-73.815228,OUTLOOK AVE,10465,45,OTHER,Street,28.329321423383774,False,BRONX,"(40.8447318, -73.815228)",trafficstat,True,False,False,False,False,False,False,False,False,,,,,,,
2026-07-09,00:00,40.8363277,-73.8276087,CROSBY AVE,10461,45,UNKNOWN,Street,0.8478881510283754,False,BRONX,"(40.8363277, -73.8276087)",trafficstat,False,False,False,False,False,False,False,False,False,,,,,,,
2026-07-08,00:00,40.8160702,-73.8014725,GLENNON PL,10465,45,UNKNOWN,Street,47.49326243433119,False,BRONX,"(40.8160702, -73.8014725)",trafficstat,False,False,False,False,False,False,False,False,False,,,,,,,
2026-07-07,00:00,40.8730218,-73.8187249,HUTCHINSON RIVER PKWY,10464,45,OTHER,Highway,2.391500471015402,False,BRONX,"(40.8730218, -73.8187249)",trafficstat,True,False,False,False,False,False,False,True,False,,,,,,,
2026-06-26,00:00,40.8730218,-73.8187249,HUTCHINSON RIVER PKWY,10464,45,UNKNOWN,Highway,2.391500471015402,False,BRONX,"(40.8730218, -73.8187249)",trafficstat,True,False,False,False,False,False,False,False,True,,,,,,,
2026-07-06,00:00,40.8480228,-73.8203371,STADIUM AVE,10465,45,UNKNOWN,Street,48.56504317630641,False,BRONX,"(40.8480228, -73.8203371)",trafficstat,False,False,False,False,False,False,False,False,False,,,,,,,
2026-07-05,00:00,40.8352695,-73.8322407,WHITTEMORE AVE,10465,45,OTHER,Street,2.0076124966596725,False,BRONX,"(40.8352695, -73.8322407)",trafficstat,True,False,False,False,False,False,False,True,False,,,,,,,
2026-07-04,00:00,40.8847424,-73.8157021,HUTCHINSON RIVER PKWY,10464,45,OTHER,Highway,1.1775547244740834,False,BRONX,"(40.8847424, -73.8157021)",trafficstat,False,False,False,False,False,False,False,False,False,,,,,,,
2026-07-03,00:00,40.8485006,-73.8204855,STADIUM AVE,10465,45,OTHER,Street,1.5597018121642463,False,BRONX,"(40.8485006, -73.8204855)",trafficstat,True,False,True,True,False,False,False,False,False,,,,,,,
2026-07-03,00:00,40.8433829,-73.8328261,EDISON AVE,10461,45,OTHER,Street,31.513606731645986,False,BRONX,"(40.8433829, -73.8328261)",trafficstat,False,False,False,False,False,False,False,False,False,,,,,,,
2026-07-02,00:00,40.8435018,-73.8347463,MAYFLOWER AVE,10461,45,UNKNOWN,Street,0.8072958377426062,False,BRONX,"(40.8435018, -73.8347463)",trafficstat,True,False,True,False,False,False,False,False,False,,,,,,,
2026-07-02,00:00,40.8250032,-73.8258979,CROSS BRONX EXPY,10465,45,UNKNOWN,Highway,0.9640235008920576,False,BRONX,"(40.8250032, -73.8258979)",trafficstat,False,False,False,False,False,False,False,False,False,,,,,,,
2026-07-02,00:00,40.8220025,-73.8201415,REVERE AVE,10465,45,OTHER,Street,0.43598319706535454,False,BRONX,"(40.8220025, -73.8201415)",trafficstat,True,False,True,False,False,False,False,False,False,,,,,,,
2026-07-01,00:00,40.832337,-73.8294887,BRUCKNER EXPY,10465,45,UNKNOWN,Highway,0.8538987976398912,False,BRONX,"(40.832337, -73.8294887)",trafficstat,False,False,False,False,False,False,False,False,False,,,,,,,
2026-07-01,00:00,40.8345783,-73.8291684,E  TREMONT AVE,10461,45,OTHER,Street,52.987886215352816,False,BRONX,"(40.8345783, -73.8291684)",trafficstat,True,False,False,True,False,False,False,False,False,,,,,,,
2026-07-01,00:00,40.8359722,-73.8500996,DORIS ST,10462,45,UNKNOWN,Street,38.30492865594575,False,BRONX,"(40.8359722, -73.8500996)",trafficstat,False,False,False,False,False,False,False,False,False,,,,,,,
2026-07-01,00:00,40.8841518,-73.8260635,CONNER ST,10475,45,UNKNOWN,Street,17.63436772890409,False,BRONX,"(40.8841518, -73.8260635)",trafficstat,True,False,False,False,False,False,False,True,False,,,,,,,
2026-06-30,00:00,40.8566339,-73.8318955,HUTCHINSON RIVER PKWY,10469,45,OTHER,Highway,1.8949986777198307,False,BRONX,"(40.8566339, -73.8318955)",trafficstat,True,False,False,False,False,True,False,False,False,,,,,,,
2026-06-29,00:00,40.8634974,-73.8291168,BAYCHESTER AVE,10475,45,UNKNOWN,Street,45.7024912742301,False,BRONX,"(40.8634974, -73.8291168)",trafficstat,True,False,False,False,False,False,False,True,False,,,,,,,
2026-06-29,00:00,40.8817624,-73.8232381,PEARTREE AVE,10475,45,UNKNOWN,Street,0.3354327677569084,False,BRONX,"(40.8817624, -73.8232381)",trafficstat,True,False,False,False,False,False,False,True,False,,,,,,,
2026-06-27,00:00,40.8416733,-73.8432667,E  TREMONT AVE,10461,45,OTHER,Street,40.756437639779136,False,BRONX,"(40.8416733, -73.8432667)",trafficstat,True,False,False,False,False,False,False,True,False,,,,,,,
2026-06-26,00:00,40.8444505,-73.8284515,JARVIS AVE,10461,45,OTHER,Street,0.6022610535776112,False,BRONX,"(40.8444505, -73.8284515)",trafficstat,False,False,False,False,False,False,False,False,False,,,,,,,
2026-06-25,00:00,40.8444505,-73.8284515,JARVIS AVE,10461,45,UNKNOWN,Street,0.6022610535776112,False,BRONX,"(40.8444505, -73.8284515)",trafficstat,False,False,False,False,False,False,False,False,False,,,,,,,
2026-06-25,00:00,40.8424149,-73.8236306,COUNTRY CLUB RD,10465,45,UNKNOWN,Street,45.42001832917067,False,BRONX,"(40.8424149, -73.8236306)",trafficstat,True,False,False,False,False,False,False,False,True,,,,,,,
2026-06-25,00:00,40.8534941,-73.826427,BRUCKNER EXPY,10465,45,UNKNOWN,Highway,0.3589235160637097,False,BRONX,"(40.8534941, -73.826427)",trafficstat,False,False,False,False,False,False,False,False,False,,,,,,,
2026-06-25,00:00,40.8373745,-73.8345687,E  TREMONT AVE,10461,45,UNKNOWN,Street,54.90610790413911,False,BRONX,"(40.8373745, -73.8345687)",trafficstat,False,False,False,False,False,False,False,False,False,,,,,,,
2026-06-25,00:00,40.8301691,-73.8374896,BRUCKNER BLVD,10465,45,UNKNOWN,Bridge,2.60674413716244,False,BRONX,"(40.8301691, -73.8374896)",trafficstat,True,False,False,False,False,False,False,True,False,,,,,,,
2026-06-24,00:00,40.8549322,-73.8263582,BRUCKNER EXPY,10465,45,UNKNOWN,Highway,4.544907286791952,False,BRONX,"(40.8549322, -73.8263582)",trafficstat,False,False,False,False,False,False,False,False,False,,,,,,,
2026-06-19,00:00,40.8549322,-73.8263582,BRUCKNER EXPY,10465,45,UNKNOWN,Highway,4.544907286791952,False,BRONX,"(40.8549322, -73.8263582)",trafficstat,True,False,False,False,False,False,False,True,False,,,,,,,
2026-06-23,00:00,40.8294224,-73.8297441,SWINTON AVE,10465,45,UNKNOWN,Street,1.8869315084594882,False,BRONX,"(40.8294224, -73.8297441)",trafficstat,True,False,False,False,False,False,False,True,False,,,,,,,
2026-06-23,00:00,40.8246729,-73.8235054,CROSS BRONX EXPY,10465,45,UNKNOWN,Street,2.7725175259953194,False,BRONX,"(40.8246729, -73.8235054)",trafficstat,True,False,False,False,False,False,False,False,True,,,,,,,
2026-06-23,00:00,40.8343555,-73.8501636,WESTCHESTER AVE,10462,45,UNKNOWN,Street,3.0840047076315957,False,BRONX,"(40.8343555, -73.8501636)",trafficstat,False,False,False,False,False,False,False,False,False,,,,,,,
2026-06-23,00:00,40.8265351,-73.8316955,CROSS BRONX EXPY,10465,45,UNKNOWN,Street,2.501762474597424,False,BRONX,"(40.8265351, -73.8316955)",trafficstat,True,False,False,False,False,False,False,False,True,,,,,,,
2026-06-23,00:00,40.8532055,-73.7899172,CITY ISLAND AVE,10464,45,OTHER,Street,1.1491740899214884,False,BRONX,"(40.8532055, -73.7899172)",trafficstat,True,False,True,False,False,False,False,False,False,,,,,,,
2026-06-21,00:00,40.864326,-73.8016862,PARK DR,10464,45,OTHER,Street,0.8341616905568693,False,BRONX,"(40.864326, -73.8016862)",trafficstat,True,False,False,False,False,False,False,True,False,,,,,,,
2026-06-21,00:00,40.8702682,-73.8309557,ASCH LOOP,10475,45,UNKNOWN,Street,0.8000639443779554,False,BRONX,"(40.8702682, -73.8309557)",trafficstat,False,False,False,False,False,False,False,False,False,,,,,,,
2026-06-21,00:00,40.8661641,-73.826413,BAY PLZ  DRIVEWAY,10475,45,OTHER,Driveway,54.00773679163559,False,BRONX,"(40.8661641, -73.826413)",trafficstat,True,False,False,False,False,False,False,True,False,,,,,,,
2026-06-20,00:00,40.884315,-73.8213089,TILLOTSON AVE,10475,45,UNKNOWN,Street,23.810323271787436,False,BRONX,"(40.884315, -73.8213089)",trafficstat,True,False,False,False,False,False,False,False,False,,,,,,,
2026-06-20,00:00,40.8239522,-73.8253136,RANDALL AVE,10465,45,UNKNOWN,Street,150.54903735190126,False,BRONX,"(40.8239522, -73.8253136)",trafficstat,True,False,False,False,False,False,False,True,False,,,,,,,
2026-06-15,00:00,40.8239522,-73.8253136,RANDALL AVE,10465,45,UNKNOWN,Street,150.54903735190126,False,BRONX,"(40.8239522, -73.8253136)",trafficstat,True,False,False,False,False,False,False,False,False,,,,,,,
2026-06-19,00:00,40.8345272,-73.8268714,CROSBY AVE,10461,45,OTHER,Street,122.56591795410779,False,BRONX,"(40.8345272, -73.8268714)",trafficstat,False,False,False,False,False,False,False,False,False,,,,,,,
2026-06-19,00:00,40.8674686,-73.8252523,,,45,OTHER,,342.42535315037696,False,BRONX,"(40.8674686, -73.8252523)",trafficstat,False,False,False,False,False,False,False,False,False,,,,,,,
2026-06-19,00:00,40.8691583,-73.8283248,BARTOW AVE,10475,45,OTHER,Street,101.2372538469932,False,BRONX,"(40.8691583, -73.8283248)",trafficstat,True,False,False,False,False,False,True,False,False,,,,,,,
2026-06-19,00:00,40.8528175,-73.827378,BRUCKNER BLVD,10461,45,UNKNOWN,Street,0.1815852243567025,False,BRONX,"(40.8528175, -73.827378)",trafficstat,True,False,False,False,False,False,False,False,False,,,,,,,
2026-06-19,00:00,40.8405577,-73.8294976,CODDINGTON AVE,10461,45,UNKNOWN,Street,41.87676988286463,False,BRONX,"(40.8405577, -73.8294976)",trafficstat,False,False,False,False,False,False,False,False,False,,,,,,,
2026-06-19,00:00,40.8428971,-73.8334279,ROEBLING AVE,10461,45,UNKNOWN,Street,34.79421602164765,False,BRONX,"(40.8428971, -73.8334279)",trafficstat,False,False,False,False,False,False,False,False,False,,,,,,,
2026-06-19,00:00,40.8417555,-73.8262921,BRUCKNER BLVD,10461,45,UNKNOWN,Street,47.059759388629814,False,BRONX,"(40.8417555, -73.8262921)",trafficstat,False,False,False,False,False,False,False,False,False,,,,,,,
2026-06-19,00:00,40.8808929,-73.8217959,CONNER ST,10475,45,OTHER,Street,47.826749051507285,False,BRONX,"(40.8808929, -73.8217959)",trafficstat,False,False,False,False,False,False,False,False,False,,,,,,,
2026-06-18,00:00,40.885996,-73.8052685,NEW ENGLAND TRWY,10464,45,UNKNOWN,Highway,1.5016755243910622,False,BRONX,"(40.885996, -73.8052685)",trafficstat,False,False,False,False,False,False,False,False,False,,,,,,,
2026-06-18,00:00,40.8405967,-73.8387706,E  TREMONT AVE,10461,45,UNKNOWN,Street,59.65228378885012,False,BRONX,"(40.8405967, -73.8387706)",trafficstat,False,False,False,False,False,False,False,False,False,,,,,,,
2026-06-18,00:00,40.8435735,-73.8256108,BRUCKNER EXPY,10465,45,UNKNOWN,Highway,1.2155642230576122,False,BRONX,"(40.8435735, -73.8256108)",trafficstat,False,False,False,False,False,False,False,False,False,,,,,,,
2026-06-17,00:00,40.8382648,-73.8327934,MAYFLOWER AVE,10461,45,OTHER,Street,1.56888244383135,False,BRONX,"(40.8382648, -73.8327934)",trafficstat,True,False,False,False,False,False,False,False,True,,,,,,,
2026-06-17,00:00,40.828045,-73.823516,PHILIP AVE,10465,45,OTHER,Street,42.2074929097363,False,BRONX,"(40.828045, -73.823516)",trafficstat,False,False,False,False,False,False,False,False,False,,,,,,,
2026-06-17,00:00,40.8299609,-73.8192758,THROGS NECK EXPY,10465,45,OTHER,Highway,3.3566917436402277,False,BRONX,"(40.8299609, -73.8192758)",trafficstat,False,False,False,False,False,False,False,False,False,,,,,,,
2026-06-16,00:00,40.8549971,-73.8331214,HUTCHINSON PY NB EN PELHAM PY,10461,45,OTHER,Ramp,2.2617661382473515,False,BRONX,"(40.8549971, -73.8331214)",trafficstat,False,False,False,False,False,False,False,False,False,,,,,,,
2026-06-15,00:00,40.8390927,-73.8500409,ZEREGA AVE,10462,45,UNKNOWN,Street,2.1600989077649158,False,BRONX,"(40.8390927, -73.8500409)",trafficstat,False,False,False,False,False,False,False,False,False,,,,,,,
2026-06-15,00:00,40.8167089,-73.8025011,HATTING PL,10465,45,UNKNOWN,Street,46.45322471399786,False,BRONX,"(40.8167089, -73.8025011)",trafficstat,False,False,False,False,False,False,False,False,False,,,,,,,
2026-06-14,00:00,40.8314556,-73.8311713,BRUCKNER EXPY,10465,45,UNKNOWN,Highway,0.07376900342285726,False,BRONX,"(40.8314556, -73.8311713)",trafficstat,True,False,False,False,False,False,False,False,True,,,,,,,
2026-06-14,00:00,40.8292392,-73.825131,E  TREMONT AVE,10465,45,UNKNOWN,Street,59.051160577414244,False,BRONX,"(40.8292392, -73.825131)",trafficstat,False,False,False,False,False,False,False,False,False,,,,,,,
2026-06-14,00:00,40.8420271,-73.8505187,SEDDON ST,10461,45,UNKNOWN,Street,61.94271791533252,False,BRONX,"(40.8420271, -73.8505187)",trafficstat,False,False,False,False,False,False,False,False,False,,,,,,,
2026-06-14,00:00,40.8794263,-73.8176841,HUTCHINSON RIVER PKWY,10464,45,UNKNOWN,Highway,9.629542392928743,False,BRONX,"(40.8794263, -73.8176841)",trafficstat,True,False,False,False,False,False,False,True,False,,,,,,,
2026-06-13,00:00,40.8714615,-73.8305368,ASCH LOOP,10475,45,UNKNOWN,Street,1.2164070644965648,False,BRONX,"(40.8714615, -73.8305368)",trafficstat,True,False,False,False,False,False,False,True,False,,,,,,,
2026-06-13,00:00,40.8449507,-73.834833,WESTCHESTER AVE,10461,45,UNKNOWN,Street,23.27431365511457,False,BRONX,"(40.8449507, -73.834833)",trafficstat,False,False,False,False,False,False,False,False,False,,,,,,,
2026-06-13,00:00,40.8187027,-73.8232647,HUNTINGTON AVE,10465,45,UNKNOWN,Street,1.204558505859374,False,BRONX,"(40.8187027, -73.8232647)",trafficstat,False,False,False,False,False,False,False,False,False,,,,,,,
2026-06-13,00:00,40.8287101,-73.8422643,BRUCKNER EXPY,10465,45,OTHER,Highway,0.4344855421680981,False,BRONX,"(40.8287101, -73.8422643)",trafficstat,False,False,False,False,False,False,False,False,False,,,,,,,
2026-06-12,00:00,40.8323589,-73.8276768,E  TREMONT AVE,10465,45,UNKNOWN,Street,1.264371276227158,False,BRONX,"(40.8323589, -73.8276768)",trafficstat,False,False,False,False,False,False,False,False,False,,,,,,,